{"type": "FeatureCollection", "features": [{"type": "Feature", "properties": {"sigla": "PI", "nome": "Piau\u00ed"}, "geometry": {"type": "MultiPolygon", "coordinates": [[[[-45.9526, -9.0081], [-45.9681, -8.9771], [-45.9697, -8.9759], [-45.9741, -8.9732], [-45.981, -8.9674], [-45.988, -8.9579], [-45.9884, -8.9569], [-45.989, -8.9533], [-45.9917, -8.9506], [-45.9904, -8.9471], [-45.9907, -8.9436], [-45.9909, -8.9429], [-45.9915, -8.9415], [-45.9943, -8.9381], [-45.9954, -8.9292], [-45.9861, -8.9195], [-45.9855, -8.9166], [-45.9866, -8.911], [-45.985, -8.9091], [-45.9839, -8.9072], [-45.9796, -8.9035], [-45.9813, -8.8969], [-45.9822, -8.8944], [-45.9839, -8.8908], [-45.9837, -8.8892], [-45.9811, -8.8853], [-45.9789, -8.8829], [-45.9676, -8.877], [-45.9679, -8.8746], [-45.974, -8.8677], [-45.9728, -8.8666], [-45.9723, -8.8629], [-45.9602, -8.852], [-45.9598, -8.8439], [-45.958, -8.8406], [-45.9521, -8.845], [-45.9559, -8.8412], [-45.9571, -8.8406], [-45.958, -8.8406], [-45.9586, -8.8411], [-45.9598, -8.8439], [-45.9596, -8.8501], [-45.9602, -8.852], [-45.9674, -8.8599], [-45.9723, -8.8629], [-45.9727, -8.8636], [-45.9728, -8.8666], [-45.9728, -8.8666], [-45.9728, -8.8666], [-45.9728, -8.8666], [-45.9728, -8.8666], [-45.974, -8.8677], [-45.974, -8.8689], [-45.9676, -8.877], [-45.9837, -8.8892], [-45.9954, -8.9292], [-45.9943, -8.9334], [-45.9943, -8.9381], [-45.9907, -8.9436], [-45.9917, -8.9506], [-45.9879, -8.9581], [-45.9526, -9.0081]]], [[[-45.901, -8.7599], [-45.9094, -8.7598], [-45.9132, -8.7627], [-45.9177, -8.7681], [-45.9177, -8.7681], [-45.9177, -8.7681], [-45.9177, -8.7681], [-45.9189, -8.769], [-45.9211, -8.7702], [-45.9248, -8.7711], [-45.9252, -8.7717], [-45.927, -8.7765], [-45.927, -8.7765], [-45.927, -8.7765], [-45.9279, -8.7772], [-45.9279, -8.7772], [-45.9289, -8.7778], [-45.9318, -8.7782], [-45.9336, -8.7787], [-45.9349, -8.7796], [-45.9371, -8.7807], [-45.9386, -8.7852], [-45.9384, -8.7884], [-45.9378, -8.791], [-45.9378, -8.791], [-45.9378, -8.7922], [-45.9381, -8.7944], [-45.9405, -8.7983], [-45.9599, -8.8164], [-45.9464, -8.8312], [-45.9465, -8.8422], [-45.9599, -8.8164], [-45.9371, -8.7807], [-45.9336, -8.7787], [-45.9289, -8.7778], [-45.9279, -8.7772], [-45.927, -8.7765], [-45.9248, -8.7711], [-45.9094, -8.7598], [-45.9067, -8.7589], [-45.901, -8.7599]]], [[[-45.9272, -10.2511], [-45.9458, -10.2589], [-45.9458, -10.2589], [-45.9458, -10.2589], [-45.9452, -10.259], [-45.9308, -10.2532], [-45.9306, -10.2531], [-45.9272, -10.2511]]], [[[-45.9455, -9.0276], [-45.9455, -9.0276], [-45.9455, -9.0276], [-45.9455, -9.0276], [-45.9455, -9.0276], [-45.9455, -9.0276], [-45.9455, -9.0276], [-45.9455, -9.0276]]], [[[-45.9369, -9.0438], [-45.9412, -9.0495], [-45.9375, -9.0455], [-45.9369, -9.0438]]], [[[-45.9391, -9.0639], [-45.9392, -9.0616], [-45.9392, -9.0616], [-45.9392, -9.0616], [-45.9391, -9.0623], [-45.9391, -9.0623], [-45.9391, -9.0638], [-45.9391, -9.0639]]], [[[-45.9329, -9.0875], [-45.9332, -9.0857], [-45.9306, -9.0832], [-45.9324, -9.0843], [-45.9332, -9.0857], [-45.9323, -9.0881], [-45.9329, -9.0875]]], [[[-45.9304, -9.0774], [-45.9305, -9.0726], [-45.9298, -9.0716], [-45.9304, -9.0774]]], [[[-45.9272, -9.1172], [-45.9277, -9.1235], [-45.9276, -9.1207], [-45.9272, -9.1172]]], [[[-45.9255, -9.1001], [-45.9278, -9.1019], [-45.9257, -9.1002], [-45.9255, -9.1001]]], [[[-45.9272, -9.1171], [-45.9261, -9.1138], [-45.9261, -9.1138], [-45.9261, -9.1138], [-45.9266, -9.1145], [-45.9272, -9.1171]]], [[[-45.9039, -9.2905], [-45.9049, -9.3014], [-45.9081, -9.2967], [-45.9039, -9.2905]]], [[[-45.9029, -9.232], [-45.9037, -9.2291], [-45.9034, -9.2287], [-45.9029, -9.232]]], [[[-45.903, -9.2652], [-45.9041, -9.2674], [-45.9041, -9.2658], [-45.903, -9.2652]]], [[[-45.9017, -9.1912], [-45.9059, -9.1939], [-45.905, -9.1897], [-45.9036, -9.19], [-45.9017, -9.1912]]], [[[-45.9019, -9.2209], [-45.9028, -9.2181], [-45.9022, -9.2172], [-45.9019, -9.2209]]], [[[-45.9002, -9.2479], [-45.9021, -9.2509], [-45.9011, -9.2486], [-45.9002, -9.2479]]], [[[-45.8151, -8.6597], [-45.8222, -8.6663], [-45.83, -8.6846], [-45.8303, -8.6864], [-45.8304, -8.6898], [-45.831, -8.6925], [-45.831, -8.6925], [-45.8315, -8.6936], [-45.8325, -8.6975], [-45.8357, -8.7031], [-45.8377, -8.7061], [-45.8377, -8.7061], [-45.8383, -8.7069], [-45.8403, -8.7157], [-45.8469, -8.7115], [-45.8518, -8.7108], [-45.8542, -8.7114], [-45.8587, -8.7143], [-45.8647, -8.7166], [-45.8652, -8.718], [-45.8638, -8.7218], [-45.8638, -8.7218], [-45.8637, -8.7224], [-45.8642, -8.7244], [-45.8636, -8.7261], [-45.8636, -8.7261], [-45.8634, -8.7276], [-45.8643, -8.7308], [-45.8674, -8.7319], [-45.8681, -8.7324], [-45.8681, -8.7324], [-45.8681, -8.7324], [-45.8687, -8.7325], [-45.8759, -8.7323], [-45.883, -8.735], [-45.8899, -8.7394], [-45.8907, -8.7411], [-45.8899, -8.7455], [-45.89, -8.7517], [-45.89, -8.7517], [-45.8901, -8.7525], [-45.8916, -8.7552], [-45.8915, -8.7572], [-45.8915, -8.7572], [-45.8915, -8.7582], [-45.8912, -8.7604], [-45.8916, -8.7552], [-45.89, -8.7517], [-45.8907, -8.7411], [-45.8903, -8.7402], [-45.8899, -8.7394], [-45.8759, -8.7323], [-45.8643, -8.7308], [-45.8639, -8.7302], [-45.8634, -8.7276], [-45.8642, -8.7244], [-45.8638, -8.7218], [-45.8642, -8.7202], [-45.8652, -8.718], [-45.8651, -8.7173], [-45.8647, -8.7166], [-45.8403, -8.7157], [-45.8151, -8.6597]]], [[[-45.8382, -10.2606], [-45.8196, -10.2638], [-45.8244, -10.2633], [-45.8382, -10.2606]]], [[[-45.8202, -8.6544], [-45.8169, -8.634], [-45.7986, -8.6208], [-45.7992, -8.6146], [-45.7984, -8.6136], [-45.796, -8.6132], [-45.7896, -8.6172], [-45.7779, -8.6176], [-45.7772, -8.6175], [-45.7716, -8.6121], [-45.7677, -8.6107], [-45.7673, -8.6104], [-45.7716, -8.6121], [-45.7779, -8.6176], [-45.7811, -8.6177], [-45.7896, -8.6172], [-45.7984, -8.6136], [-45.8169, -8.634], [-45.8224, -8.6489], [-45.8202, -8.6544]]], [[[-45.7978, -9.4876], [-45.7986, -9.495], [-45.7979, -9.4935], [-45.7978, -9.4876], [-45.7967, -9.4871], [-45.7951, -9.4868], [-45.7942, -9.4864], [-45.7967, -9.4871], [-45.7978, -9.4876]]], [[[-45.7935, -8.5936], [-45.7942, -8.5832], [-45.7848, -8.5816], [-45.7812, -8.5793], [-45.7783, -8.5767], [-45.7775, -8.5762], [-45.7722, -8.5745], [-45.771, -8.5735], [-45.7693, -8.5706], [-45.7656, -8.566], [-45.765, -8.5653], [-45.7624, -8.5626], [-45.7616, -8.5602], [-45.762, -8.5519], [-45.7619, -8.5505], [-45.7613, -8.5494], [-45.759, -8.5487], [-45.7541, -8.5424], [-45.7556, -8.5355], [-45.7556, -8.5318], [-45.7576, -8.5274], [-45.7556, -8.5251], [-45.7552, -8.5242], [-45.7539, -8.5195], [-45.7531, -8.5179], [-45.7457, -8.5096], [-45.7443, -8.5069], [-45.7401, -8.5035], [-45.7392, -8.5019], [-45.7443, -8.5069], [-45.7531, -8.5179], [-45.7539, -8.5195], [-45.7556, -8.5251], [-45.7572, -8.5267], [-45.7576, -8.5274], [-45.7541, -8.5424], [-45.7624, -8.5626], [-45.7942, -8.5832], [-45.7954, -8.5904], [-45.7935, -8.5936]]], [[[-45.789, -10.2653], [-45.7606, -10.2506], [-45.7463, -10.2415], [-45.7463, -10.2414], [-45.789, -10.2653]]], [[[-45.747, -8.4973], [-45.7479, -8.4904], [-45.7451, -8.4844], [-45.7442, -8.4797], [-45.7438, -8.478], [-45.7433, -8.4762], [-45.7431, -8.4741], [-45.7434, -8.4666], [-45.7454, -8.4557], [-45.7454, -8.4509], [-45.7383, -8.4418], [-45.7373, -8.4378], [-45.7372, -8.4366], [-45.7367, -8.435], [-45.7359, -8.4341], [-45.7315, -8.4309], [-45.7308, -8.4291], [-45.747, -8.4973]]], [[[-45.7441, -10.24], [-45.7385, -10.2344], [-45.7338, -10.2285], [-45.7338, -10.2286], [-45.7385, -10.2344], [-45.744, -10.24], [-45.7441, -10.24]]], [[[-45.7349, -10.1724], [-45.7349, -10.1724], [-45.7349, -10.1722], [-45.7349, -10.1722], [-45.7349, -10.1722], [-45.7349, -10.1722], [-45.7349, -10.1722], [-45.7349, -10.1724]]], [[[-45.7346, -8.4244], [-45.7326, -8.4109], [-45.73, -8.4084], [-45.7227, -8.4052], [-45.7221, -8.4023], [-45.7215, -8.4008], [-45.7227, -8.4052], [-45.7326, -8.4109], [-45.7356, -8.4195], [-45.7346, -8.4244]]], [[[-45.7334, -10.2278], [-45.7278, -10.2132], [-45.727, -10.2053], [-45.7268, -10.2071], [-45.7278, -10.2132], [-45.7331, -10.2272], [-45.7334, -10.2278]]], [[[-45.7325, -8.4268], [-45.7333, -8.426], [-45.7331, -8.4263], [-45.7326, -8.4268], [-45.7325, -8.4268]]], [[[-45.7239, -8.3984], [-45.7215, -8.3911], [-45.7033, -8.3815], [-45.7072, -8.388], [-45.7215, -8.3911], [-45.7252, -8.3946], [-45.7239, -8.3984]]], [[[-45.7048, -8.3778], [-45.7064, -8.3683], [-45.6889, -8.3426], [-45.694, -8.362], [-45.7064, -8.3683], [-45.7063, -8.3718], [-45.7048, -8.3778]]], [[[-45.6895, -8.3402], [-45.6811, -8.3225], [-45.6813, -8.3145], [-45.6792, -8.3051], [-45.6769, -8.3024], [-45.6734, -8.2949], [-45.6679, -8.2908], [-45.6647, -8.2707], [-45.6641, -8.269], [-45.6679, -8.2908], [-45.6702, -8.2934], [-45.6734, -8.2949], [-45.6792, -8.3051], [-45.6895, -8.3402]]], [[[-45.665, -8.2596], [-45.6627, -8.2492], [-45.6103, -8.2016], [-45.6482, -8.2439], [-45.6627, -8.2492], [-45.6647, -8.2622], [-45.665, -8.2596]]], [[[-45.6641, -8.2664], [-45.6646, -8.2631], [-45.6646, -8.2631], [-45.6646, -8.2631], [-45.6646, -8.2631], [-45.6645, -8.2646], [-45.6641, -8.2664]]], [[[-45.6117, -8.2002], [-45.6135, -8.1872], [-45.6095, -8.1854], [-45.6085, -8.1832], [-45.6076, -8.1818], [-45.6023, -8.1752], [-45.5991, -8.1743], [-45.5973, -8.1742], [-45.5951, -8.1743], [-45.5933, -8.173], [-45.5917, -8.1703], [-45.5909, -8.1674], [-45.5874, -8.163], [-45.5837, -8.1562], [-45.5766, -8.1145], [-45.5798, -8.1084], [-45.5866, -8.1012], [-45.5869, -8.1006], [-45.5866, -8.0961], [-45.5859, -8.0949], [-45.5807, -8.0916], [-45.5811, -8.0894], [-45.5807, -8.0883], [-45.5804, -8.0864], [-45.5691, -8.0717], [-45.5692, -8.0524], [-45.5676, -8.0501], [-45.5649, -8.0496], [-45.5643, -8.0492], [-45.5633, -8.048], [-45.563, -8.0453], [-45.5643, -8.0492], [-45.5676, -8.0501], [-45.5685, -8.0508], [-45.5692, -8.0524], [-45.5688, -8.0623], [-45.5691, -8.0717], [-45.5807, -8.0916], [-45.5866, -8.0961], [-45.5866, -8.1012], [-45.5766, -8.1145], [-45.5881, -8.1302], [-45.5837, -8.1562], [-45.5909, -8.1674], [-45.5933, -8.173], [-45.5945, -8.174], [-45.5951, -8.1743], [-45.6023, -8.1752], [-45.6135, -8.1872], [-45.6148, -8.1967], [-45.6117, -8.2002]]], [[[-45.5673, -7.9973], [-45.5681, -7.9958], [-45.5681, -7.9958], [-45.5681, -7.9958], [-45.5681, -7.9958], [-45.5681, -7.9962], [-45.5673, -7.9973]]], [[[-45.5649, -7.9993], [-45.5669, -7.9979], [-45.5669, -7.9979], [-45.5666, -7.9984], [-45.5649, -7.9993]]], [[[-45.5568, -7.9533], [-45.5565, -7.9523], [-45.5562, -7.9543], [-45.5562, -7.9543], [-45.5568, -7.9533]]], [[[-45.5429, -7.8974], [-45.5434, -7.8954], [-45.543, -7.895], [-45.5429, -7.8974]]], [[[-45.2251, -7.5565], [-45.2309, -7.5489], [-45.2344, -7.5497], [-45.2321, -7.5488], [-45.2309, -7.5489], [-45.2267, -7.5541], [-45.2251, -7.5565]]], [[[-44.747, -7.3634], [-44.7366, -7.3742], [-44.7395, -7.3673], [-44.7398, -7.3643], [-44.7401, -7.3635], [-44.747, -7.3634]]], [[[-44.116, -6.8381], [-44.113, -6.8314], [-44.113, -6.8314], [-44.113, -6.8314], [-44.1135, -6.8349], [-44.116, -6.8381]]]]}}, {"type": "Feature", "properties": {"sigla": "RO", "nome": "Rond\u00f4nia"}, "geometry": {"type": "Polygon", "coordinates": [[[-64.8222, -12.0974], [-64.8104, -12.0538], [-64.8422, -12.0095], [-64.9194, -12.0267], [-64.9472, -11.9925], [-64.9781, -12.0187], [-65.0037, -11.9934], [-65.0346, -11.9952], [-65.0272, -11.9688], [-65.0429, -11.9626], [-65.0196, -11.9022], [-65.0733, -11.8676], [-65.0602, -11.7894], [-65.0843, -11.7126], [-65.0993, -11.7025], [-65.134, -11.7232], [-65.1885, -11.7223], [-65.1941, -11.7349], [-65.1744, -11.7486], [-65.1845, -11.756], [-65.2565, -11.7147], [-65.259, -11.6971], [-65.2168, -11.6536], [-65.2338, -11.6063], [-65.2295, -11.5553], [-65.2119, -11.5317], [-65.225, -11.5154], [-65.31, -11.4925], [-65.3337, -11.3432], [-65.297, -11.334], [-65.2908, -11.3189], [-65.3493, -11.2976], [-65.3603, -11.2202], [-65.3136, -11.1941], [-65.3279, -11.1799], [-65.3541, -11.1836], [-65.3624, -11.1409], [-65.3376, -11.1104], [-65.2824, -11.0878], [-65.3013, -11.0309], [-65.2507, -10.9835], [-65.2737, -10.9537], [-65.276, -10.868], [-65.354, -10.7894], [-65.3472, -10.6783], [-65.3716, -10.6476], [-65.4055, -10.6403], [-65.4097, -10.6005], [-65.395, -10.5783], [-65.4206, -10.5352], [-65.4119, -10.5024], [-65.4304, -10.4815], [-65.3811, -10.4298], [-65.3912, -10.375], [-65.3268, -10.3058], [-65.2898, -10.2184], [-65.3068, -10.1701], [-65.302, -10.0984], [-65.33, -10.0537], [-65.3205, -9.9921], [-65.3321, -9.929], [-65.2864, -9.8425], [-65.3197, -9.8142], [-65.3623, -9.7125], [-65.4453, -9.6648], [-65.4469, -9.6968], [-65.4868, -9.7084], [-65.482, -9.7274], [-65.5006, -9.729], [-65.5008, -9.785], [-65.5318, -9.7812], [-65.5386, -9.802], [-65.5652, -9.8102], [-65.5589, -9.8454], [-65.5977, -9.8424], [-65.5997, -9.8248], [-65.6281, -9.8374], [-65.635, -9.8055], [-65.6491, -9.8175], [-65.6439, -9.7936], [-65.669, -9.7811], [-65.6887, -9.8128], [-65.7105, -9.8084], [-65.7001, -9.7906], [-65.71, -9.771], [-65.6813, -9.7674], [-65.6845, -9.7496], [-65.7284, -9.7594], [-65.7443, -9.7826], [-65.7717, -9.7597], [-65.7707, -9.7342], [-65.7956, -9.793], [-65.8137, -9.7737], [-65.7997, -9.7568], [-65.8169, -9.7553], [-65.8416, -9.7905], [-65.8679, -9.7943], [-65.8624, -9.7677], [-65.8842, -9.752], [-65.9036, -9.7671], [-65.9212, -9.7529], [-65.9359, -9.7694], [-65.9683, -9.7709], [-65.9769, -9.7876], [-65.965, -9.8042], [-65.9828, -9.8098], [-66.0022, -9.7944], [-66.0261, -9.8127], [-66.037, -9.7854], [-66.0709, -9.7825], [-66.0936, -9.8137], [-66.1036, -9.7818], [-66.1523, -9.7842], [-66.1945, -9.8039], [-66.1865, -9.8217], [-66.2037, -9.8348], [-66.2367, -9.8128], [-66.2544, -9.8332], [-66.2837, -9.8302], [-66.2848, -9.8443], [-66.3145, -9.8302], [-66.3474, -9.8379], [-66.3595, -9.8655], [-66.4048, -9.8633], [-66.424, -9.8983], [-66.437, -9.865], [-66.456, -9.8796], [-66.4819, -9.8668], [-66.4956, -9.8841], [-66.5622, -9.8798], [-66.5809, -9.9042], [-66.6282, -9.8985], [-66.8102, -9.8181], [-66.7805, -9.7914], [-66.7821, -9.7586], [-66.7253, -9.7561], [-66.6094, -9.6649], [-66.5862, -9.6736], [-66.5005, -9.6336], [-66.4948, -9.6016], [-66.3923, -9.5005], [-66.39, -9.4556], [-66.4146, -9.422], [-66.4088, -9.407], [-66.3747, -9.4264], [-66.3188, -9.42], [-66.3074, -9.4369], [-66.2841, -9.4322], [-66.2904, -9.4125], [-66.2677, -9.4098], [-66.2433, -9.4294], [-66.1736, -9.4344], [-66.1238, -9.4088], [-66.0597, -9.4182], [-66.0344, -9.4006], [-65.9702, -9.4132], [-65.9126, -9.4838], [-65.8808, -9.4875], [-65.8465, -9.5164], [-65.8482, -9.5323], [-65.825, -9.5301], [-65.8179, -9.5623], [-65.7914, -9.5857], [-65.7502, -9.5536], [-65.7235, -9.5591], [-65.6809, -9.5004], [-65.6794, -9.4514], [-65.5967, -9.4139], [-65.5065, -9.4477], [-65.4927, -9.4737], [-65.4678, -9.4593], [-65.4346, -9.4663], [-65.4565, -9.4012], [-65.4469, -9.3164], [-65.3851, -9.338], [-65.2466, -9.2577], [-65.2079, -9.2856], [-65.1882, -9.3449], [-65.1961, -9.3753], [-65.1735, -9.3855], [-65.1854, -9.427], [-65.1428, -9.4468], [-65.0978, -9.4325], [-65.0922, -9.4094], [-65.0535, -9.4022], [-65.0392, -9.3596], [-65.0058, -9.3435], [-65.0004, -9.3046], [-64.9628, -9.2928], [-64.936, -9.2558], [-64.9196, -9.2203], [-64.9399, -9.1246], [-64.9172, -9.0432], [-64.894, -9.0437], [-64.8392, -8.9941], [-64.7915, -8.9864], [-64.7535, -9.0208], [-64.6992, -8.9883], [-64.6713, -9.0148], [-64.611, -9.0165], [-64.55, -8.9783], [-64.4465, -8.9769], [-64.3233, -8.9289], [-64.3095, -8.9345], [-64.326, -8.9798], [-64.3112, -8.9965], [-64.2331, -8.9923], [-64.1434, -8.9535], [-64.1581, -8.8432], [-64.1294, -8.8052], [-64.143, -8.743], [-64.1245, -8.7167], [-64.0947, -8.7284], [-64.0673, -8.7107], [-64.0278, -8.7157], [-64.0354, -8.6936], [-63.9861, -8.5856], [-63.9459, -8.6095], [-63.9245, -8.5755], [-63.9744, -8.4873], [-63.9408, -8.4523], [-63.9439, -8.4353], [-63.9778, -8.4201], [-63.9453, -8.3878], [-63.944, -8.3312], [-63.9108, -8.3285], [-63.8707, -8.2888], [-63.7912, -8.3332], [-63.7734, -8.3207], [-63.7227, -8.2495], [-63.747, -8.1986], [-63.6933, -8.1584], [-63.6604, -8.1032], [-63.6678, -8.0846], [-63.6234, -8.0392], [-63.6199, -7.9694], [-62.8665, -7.9759], [-62.8102, -8.0255], [-62.7447, -8.0433], [-62.6807, -8.1023], [-62.6721, -8.1448], [-62.6857, -8.1798], [-62.6605, -8.1968], [-62.6469, -8.2412], [-62.62, -8.2444], [-62.6, -8.2759], [-62.5583, -8.2855], [-62.549, -8.3653], [-62.5368, -8.3594], [-62.5184, -8.3848], [-62.4654, -8.3398], [-62.4322, -8.372], [-62.3705, -8.3847], [-62.366, -8.4936], [-62.3373, -8.5167], [-62.3257, -8.5637], [-62.341, -8.6028], [-62.2812, -8.6386], [-62.2932, -8.596], [-62.2688, -8.5758], [-62.1883, -8.5906], [-62.1746, -8.6282], [-62.2005, -8.6443], [-62.165, -8.6794], [-62.1717, -8.6951], [-62.1487, -8.7183], [-62.155, -8.7397], [-62.1249, -8.8017], [-62.031, -8.7997], [-61.9852, -8.8786], [-61.9139, -8.8774], [-61.8597, -8.853], [-61.861, -8.8036], [-61.8364, -8.7327], [-61.7745, -8.7482], [-61.7418, -8.6952], [-61.7132, -8.6879], [-61.7053, -8.7075], [-61.6305, -8.722], [-61.606, -8.7947], [-61.5235, -8.8186], [-61.5114, -8.8637], [-61.4684, -8.9174], [-61.511, -8.9762], [-61.5557, -9.0924], [-61.5553, -9.1315], [-61.5195, -9.1952], [-61.5261, -9.2459], [-61.5769, -9.2375], [-61.6333, -9.2706], [-61.6119, -9.2807], [-61.6258, -9.363], [-61.6122, -9.3559], [-61.5526, -9.3874], [-61.5505, -9.4178], [-61.5786, -9.4716], [-61.5257, -9.5018], [-61.5495, -9.5152], [-61.5134, -9.5285], [-61.4951, -9.5788], [-61.5029, -9.6154], [-61.4767, -9.6287], [-61.5068, -9.662], [-61.5052, -9.6914], [-61.5746, -9.7178], [-61.5314, -9.7399], [-61.5473, -9.7876], [-61.5248, -9.7957], [-61.532, -9.8198], [-61.5162, -9.8279], [-61.5083, -9.8888], [-61.5393, -9.9641], [-61.5311, -9.9899], [-61.5558, -10.039], [-61.5843, -10.0596], [-61.6018, -10.1544], [-61.5606, -10.1734], [-61.5516, -10.1978], [-61.5729, -10.2075], [-61.5779, -10.2353], [-61.544, -10.301], [-61.5527, -10.3082], [-61.5161, -10.3344], [-61.497, -10.3896], [-61.4617, -10.4199], [-61.4807, -10.4878], [-61.4662, -10.5412], [-61.4895, -10.6298], [-61.4816, -10.6692], [-61.4992, -10.6952], [-61.4723, -10.715], [-61.4883, -10.7365], [-61.4738, -10.7975], [-61.4977, -10.7821], [-61.5108, -10.7937], [-61.5268, -10.8857], [-61.5142, -10.9074], [-61.5194, -10.9497], [-61.53, -10.979], [-61.5502, -10.9861], [-60.4599, -10.9875], [-60.4378, -11.0193], [-60.4463, -11.0434], [-60.4156, -11.0434], [-60.3912, -11.0944], [-60.349, -11.1091], [-60.3481, -11.0752], [-60.333, -11.0833], [-60.2999, -11.0585], [-60.2817, -11.0665], [-60.2777, -11.0957], [-60.2019, -11.1139], [-60.1604, -11.0964], [-60.0986, -11.1104], [-60.0843, -11.0976], [-60.0658, -11.1255], [-60.038, -11.1182], [-60.0245, -11.131], [-60.0167, -11.1161], [-59.9932, -11.126], [-59.9834, -11.1148], [-59.98, -11.1366], [-59.9969, -11.1521], [-59.9637, -11.1887], [-59.9838, -11.2068], [-59.984, -11.2323], [-59.9598, -11.2933], [-59.9202, -11.3215], [-59.9204, -11.3976], [-59.9404, -11.4323], [-59.9749, -11.4387], [-59.9847, -11.4697], [-60.031, -11.4936], [-60.0265, -11.5071], [-60.0577, -11.5432], [-60.0906, -11.5561], [-60.0948, -11.5856], [-60.114, -11.5887], [-60.1205, -11.7135], [-60.0947, -11.7989], [-60.1079, -11.8382], [-60.0752, -11.885], [-60.0104, -11.893], [-59.9827, -11.9117], [-59.9653, -12.0047], [-59.9756, -12.0314], [-59.8983, -12.1174], [-59.91, -12.1822], [-59.8945, -12.2433], [-59.772, -12.343], [-59.7909, -12.3455], [-59.8298, -12.3978], [-59.8442, -12.4702], [-59.8691, -12.4836], [-59.9037, -12.4693], [-59.941, -12.5019], [-59.9563, -12.4973], [-59.973, -12.5305], [-60.0228, -12.5572], [-60.0338, -12.5945], [-60.0684, -12.6139], [-60.0621, -12.6368], [-60.0905, -12.728], [-60.0741, -12.781], [-60.0812, -12.8893], [-60.1175, -12.9589], [-60.1874, -12.9682], [-60.2158, -13.0266], [-60.284, -13.0814], [-60.2702, -13.1478], [-60.3048, -13.1767], [-60.326, -13.2521], [-60.3664, -13.3009], [-60.3888, -13.4537], [-60.4333, -13.4884], [-60.511, -13.5033], [-60.5677, -13.5608], [-60.6344, -13.5747], [-60.641, -13.5967], [-60.6858, -13.6248], [-60.7176, -13.6921], [-60.7667, -13.684], [-60.7734, -13.6599], [-60.8776, -13.6198], [-60.9228, -13.5664], [-60.9211, -13.5418], [-60.9561, -13.5516], [-60.9698, -13.535], [-61.0076, -13.5508], [-61.013, -13.5269], [-60.9984, -13.528], [-61.0092, -13.506], [-60.9888, -13.5005], [-61.0154, -13.488], [-61.0489, -13.4858], [-61.0366, -13.5015], [-61.0562, -13.5124], [-61.0951, -13.4915], [-61.1042, -13.5317], [-61.127, -13.5196], [-61.1489, -13.5318], [-61.1831, -13.5058], [-61.1945, -13.5368], [-61.2343, -13.5257], [-61.2439, -13.4973], [-61.2787, -13.5064], [-61.2999, -13.4778], [-61.3081, -13.504], [-61.4676, -13.5539], [-61.5709, -13.5185], [-61.5785, -13.4873], [-61.6254, -13.5166], [-61.6949, -13.4988], [-61.7323, -13.5273], [-61.7549, -13.5195], [-61.7587, -13.5406], [-61.7734, -13.5159], [-61.7866, -13.5375], [-61.8256, -13.5215], [-61.8561, -13.538], [-61.8833, -13.4953], [-61.8947, -13.4296], [-61.9687, -13.4078], [-61.9605, -13.3863], [-61.9744, -13.3683], [-61.9964, -13.3497], [-62.0131, -13.3573], [-62.017, -13.3277], [-62.0581, -13.3115], [-62.0581, -13.2877], [-62.0725, -13.2966], [-62.0711, -13.2825], [-62.1148, -13.2594], [-62.1166, -13.1585], [-62.1316, -13.1479], [-62.1503, -13.1619], [-62.1675, -13.1135], [-62.1943, -13.153], [-62.2157, -13.1103], [-62.2425, -13.1159], [-62.2444, -13.1435], [-62.2758, -13.1448], [-62.274, -13.1573], [-62.3143, -13.1336], [-62.3217, -13.1515], [-62.3397, -13.1368], [-62.3926, -13.1345], [-62.3982, -13.1124], [-62.4159, -13.1274], [-62.4363, -13.0808], [-62.4591, -13.0855], [-62.4582, -13.0616], [-62.481, -13.0569], [-62.4836, -13.0755], [-62.5043, -13.0819], [-62.6104, -13.0426], [-62.6156, -13.0269], [-62.6006, -13.0141], [-62.6299, -13.0157], [-62.6322, -12.9887], [-62.654, -12.9879], [-62.6492, -12.9642], [-62.7015, -13.0025], [-62.7328, -13.0119], [-62.7492, -12.9974], [-62.7595, -13.0181], [-62.781, -13.0086], [-62.8088, -12.9634], [-62.8058, -12.9405], [-62.8491, -12.9465], [-62.8441, -12.9233], [-62.8714, -12.9099], [-62.8936, -12.8566], [-62.9289, -12.8394], [-62.9458, -12.8587], [-62.9588, -12.8455], [-62.9747, -12.8596], [-62.986, -12.837], [-63.0118, -12.8356], [-63.0103, -12.8086], [-63.0482, -12.7389], [-63.0821, -12.723], [-63.0621, -12.686], [-63.0992, -12.6811], [-63.0845, -12.6557], [-63.093, -12.6334], [-63.115, -12.6244], [-63.1238, -12.6391], [-63.1474, -12.6376], [-63.162, -12.6132], [-63.1666, -12.6421], [-63.1947, -12.6233], [-63.1988, -12.6571], [-63.247, -12.6618], [-63.2374, -12.6898], [-63.2979, -12.6818], [-63.3762, -12.6577], [-63.4128, -12.6097], [-63.4419, -12.6064], [-63.4274, -12.5955], [-63.4374, -12.5643], [-63.5064, -12.5648], [-63.5571, -12.5042], [-63.7842, -12.4277], [-63.8346, -12.4621], [-63.8881, -12.4457], [-63.902, -12.5037], [-63.9503, -12.5294], [-63.9961, -12.5007], [-64.0091, -12.5183], [-64.0382, -12.5171], [-64.0575, -12.4919], [-64.0817, -12.5009], [-64.0933, -12.4837], [-64.1241, -12.5054], [-64.134, -12.4766], [-64.1452, -12.5054], [-64.1695, -12.5136], [-64.1734, -12.4671], [-64.2297, -12.4532], [-64.2931, -12.5016], [-64.2953, -12.4572], [-64.3649, -12.4602], [-64.4123, -12.4437], [-64.4561, -12.3866], [-64.5108, -12.3585], [-64.4934, -12.2922], [-64.5121, -12.2253], [-64.5529, -12.241], [-64.5796, -12.2129], [-64.7018, -12.1839], [-64.7178, -12.1516], [-64.699, -12.0978], [-64.7117, -12.0846], [-64.7384, -12.0989], [-64.7543, -12.1574], [-64.7706, -12.1422], [-64.7618, -12.0963], [-64.7921, -12.0843], [-64.8222, -12.0974]]]}}, {"type": "Feature", "properties": {"sigla": "AC", "nome": "Acre"}, "geometry": {"type": "Polygon", "coordinates": [[[-68.3756, -11.0146], [-68.4023, -11.0566], [-68.4293, -11.0357], [-68.4838, -11.0505], [-68.5448, -11.1088], [-68.7155, -11.1475], [-68.7228, -11.105], [-68.7631, -11.0707], [-68.7476, -11.0105], [-68.7631, -11.0176], [-68.7578, -10.9996], [-68.7809, -10.9984], [-68.7879, -11.0146], [-68.7928, -10.9898], [-68.8274, -11.0066], [-68.8473, -10.9916], [-68.8596, -11.016], [-68.8831, -11.0085], [-68.88, -11.0213], [-68.8959, -11.0061], [-68.9103, -11.0224], [-68.9353, -11.0041], [-68.9476, -11.0119], [-68.9533, -10.9893], [-68.9718, -10.988], [-68.9925, -11.0113], [-69.0387, -10.9765], [-69.061, -10.9854], [-69.0721, -10.9671], [-69.1213, -10.9811], [-69.1229, -10.9662], [-69.1514, -10.9711], [-69.1519, -10.9546], [-69.1625, -10.9659], [-69.1863, -10.9478], [-69.216, -10.9581], [-69.2329, -10.9399], [-69.2406, -10.9515], [-69.271, -10.9413], [-69.2745, -10.955], [-69.3247, -10.9355], [-69.3425, -10.9522], [-69.3543, -10.9363], [-69.3737, -10.9408], [-69.3747, -10.9566], [-69.3872, -10.9339], [-69.3937, -10.9458], [-69.4175, -10.9256], [-69.4784, -10.9552], [-69.5007, -10.9366], [-69.5341, -10.9362], [-69.546, -10.9534], [-69.5869, -10.9402], [-69.6104, -10.9576], [-69.6599, -10.9518], [-69.7389, -10.9733], [-69.7696, -10.9299], [-69.8582, -10.9343], [-69.9013, -10.9206], [-69.9206, -10.9338], [-69.9336, -10.9223], [-70.0647, -10.9939], [-70.0923, -10.9868], [-70.1585, -11.042], [-70.2412, -11.047], [-70.3084, -11.0706], [-70.4378, -11.0388], [-70.4516, -10.9969], [-70.5225, -10.934], [-70.6177, -10.9994], [-70.6234, -9.8205], [-70.5778, -9.7778], [-70.5596, -9.7895], [-70.5366, -9.7658], [-70.5252, -9.715], [-70.5847, -9.6408], [-70.5982, -9.6078], [-70.5856, -9.5756], [-70.6006, -9.5627], [-70.59, -9.5486], [-70.5869, -9.5676], [-70.5555, -9.5724], [-70.5709, -9.5334], [-70.5428, -9.538], [-70.5445, -9.5144], [-70.515, -9.4937], [-70.5059, -9.5049], [-70.525, -9.4605], [-70.5054, -9.4642], [-70.4967, -9.4248], [-70.5965, -9.443], [-70.5961, -9.4589], [-70.6118, -9.4577], [-70.6632, -9.526], [-70.7145, -9.547], [-70.7299, -9.5703], [-70.7506, -9.5603], [-70.7573, -9.6043], [-70.7859, -9.614], [-70.7935, -9.6386], [-70.8361, -9.6432], [-70.9238, -9.7413], [-70.9634, -9.7489], [-70.9939, -9.8172], [-71.0516, -9.8154], [-71.1568, -9.8717], [-71.2144, -9.968], [-71.2527, -9.9626], [-71.2551, -9.9776], [-71.2976, -9.992], [-71.3437, -9.9667], [-71.3751, -9.9998], [-72.1775, -9.9998], [-72.1496, -9.963], [-72.1738, -9.9297], [-72.1362, -9.8751], [-72.1643, -9.8305], [-72.1503, -9.7978], [-72.2636, -9.7496], [-72.2454, -9.6587], [-72.2596, -9.6457], [-72.2531, -9.6165], [-72.2882, -9.6032], [-72.2827, -9.5402], [-72.3188, -9.5432], [-72.3573, -9.4946], [-72.4077, -9.4771], [-72.5187, -9.4916], [-72.5771, -9.4559], [-72.6947, -9.4397], [-72.7157, -9.4122], [-73.2053, -9.4122], [-73.1889, -9.3972], [-73.1888, -9.3632], [-73.1496, -9.3541], [-73.1321, -9.3185], [-73.1014, -9.3081], [-73.1098, -9.2807], [-73.0759, -9.2377], [-73.0105, -9.2224], [-72.9996, -9.1938], [-73.0253, -9.1779], [-72.9582, -9.1437], [-72.9396, -9.0634], [-72.9632, -9.0117], [-72.9404, -8.9857], [-72.968, -8.9811], [-72.9996, -8.9155], [-73.0587, -8.9065], [-73.0776, -8.8432], [-73.1112, -8.821], [-73.1143, -8.7841], [-73.1656, -8.6985], [-73.1831, -8.6857], [-73.2547, -8.6906], [-73.3202, -8.6101], [-73.3416, -8.6161], [-73.3331, -8.4734], [-73.392, -8.4715], [-73.4133, -8.4112], [-73.4509, -8.4181], [-73.5423, -8.3461], [-73.5272, -8.3234], [-73.53, -8.2725], [-73.595, -8.2065], [-73.5851, -8.1324], [-73.6277, -8.0604], [-73.6164, -8.034], [-73.64, -8.0067], [-73.6739, -8.0091], [-73.695, -7.9593], [-73.7275, -7.9653], [-73.7457, -7.9504], [-73.7405, -7.9291], [-73.7749, -7.909], [-73.7482, -7.8953], [-73.7658, -7.8603], [-73.7073, -7.8763], [-73.6807, -7.8519], [-73.6894, -7.7672], [-73.7131, -7.7597], [-73.7161, -7.7415], [-73.821, -7.7176], [-73.8376, -7.6683], [-73.8559, -7.6786], [-73.8839, -7.6681], [-73.8871, -7.6281], [-73.9823, -7.5584], [-73.9812, -7.534], [-73.9407, -7.5342], [-73.9261, -7.4795], [-73.9089, -7.4689], [-73.9577, -7.3532], [-73.9207, -7.3587], [-73.8961, -7.3843], [-73.861, -7.3848], [-73.8502, -7.3523], [-73.7634, -7.3367], [-73.7537, -7.3533], [-73.6959, -7.3107], [-73.7177, -7.2741], [-73.7183, -7.2296], [-73.743, -7.2208], [-73.7558, -7.1751], [-73.7907, -7.1452], [-73.7822, -7.1301], [-73.7994, -7.1144], [-72.5847, -7.552], [-70.0549, -7.8452], [-68.6471, -9.0494], [-67.5173, -9.5607], [-67.3257, -9.5924], [-66.6239, -9.9037], [-66.6372, -9.9499], [-66.6636, -9.9372], [-66.6755, -9.9674], [-66.7641, -9.9996], [-66.7714, -10.021], [-66.836, -10.0617], [-66.8379, -10.0829], [-66.8743, -10.0809], [-66.8734, -10.1015], [-66.9187, -10.13], [-66.9115, -10.1474], [-66.9457, -10.1579], [-66.9537, -10.1889], [-66.9967, -10.1988], [-67.0008, -10.2179], [-66.9888, -10.2211], [-67.0157, -10.2585], [-67.0793, -10.2892], [-67.1261, -10.2904], [-67.1409, -10.3074], [-67.1285, -10.3162], [-67.1769, -10.3389], [-67.2241, -10.3152], [-67.2656, -10.3331], [-67.3154, -10.3183], [-67.3278, -10.3347], [-67.3115, -10.3764], [-67.3446, -10.3758], [-67.3525, -10.3924], [-67.3638, -10.3773], [-67.4075, -10.3732], [-67.4237, -10.3918], [-67.4136, -10.4258], [-67.4368, -10.4483], [-67.5063, -10.4717], [-67.523, -10.4919], [-67.5623, -10.4959], [-67.597, -10.5233], [-67.6411, -10.5995], [-67.6613, -10.6159], [-67.6756, -10.6051], [-67.7082, -10.7107], [-67.7359, -10.7127], [-67.7597, -10.685], [-67.8641, -10.6404], [-67.9767, -10.6627], [-68.0017, -10.6483], [-68.0326, -10.6555], [-68.1056, -10.7161], [-68.1041, -10.7753], [-68.1961, -10.8598], [-68.2363, -10.9605], [-68.3313, -11.0154], [-68.3756, -11.0146]]]}}, {"type": "Feature", "properties": {"sigla": "AM", "nome": "Amazonas"}, "geometry": {"type": "Polygon", "coordinates": [[[-58.136, -7.3477], [-58.2141, -7.4328], [-58.2197, -7.5503], [-58.198, -7.6168], [-58.2743, -7.6934], [-58.2945, -7.7714], [-58.3734, -7.8193], [-58.3858, -7.8447], [-58.3745, -7.9066], [-58.3315, -7.9701], [-58.3237, -8.019], [-58.2873, -8.0613], [-58.2855, -8.0901], [-58.288, -8.1314], [-58.3224, -8.1725], [-58.3136, -8.209], [-58.3266, -8.2925], [-58.3135, -8.3228], [-58.349, -8.3455], [-58.3543, -8.3931], [-58.4163, -8.4886], [-58.4023, -8.5346], [-58.4098, -8.5706], [-58.3888, -8.5999], [-58.4395, -8.6962], [-58.4153, -8.72], [-58.3568, -8.6985], [-58.3252, -8.7181], [-58.4165, -8.7931], [-61.5831, -8.7987], [-61.606, -8.7947], [-61.6305, -8.722], [-61.7053, -8.7075], [-61.7132, -8.6879], [-61.7418, -8.6952], [-61.7745, -8.7482], [-61.8364, -8.7327], [-61.861, -8.8036], [-61.8597, -8.853], [-61.9139, -8.8774], [-61.9852, -8.8786], [-62.031, -8.7997], [-62.1249, -8.8017], [-62.155, -8.7397], [-62.1487, -8.7183], [-62.1717, -8.6951], [-62.165, -8.6794], [-62.2005, -8.6443], [-62.1746, -8.6282], [-62.1883, -8.5906], [-62.2688, -8.5758], [-62.2932, -8.596], [-62.2812, -8.6386], [-62.3357, -8.6095], [-62.3257, -8.5637], [-62.3373, -8.5167], [-62.366, -8.4936], [-62.365, -8.391], [-62.4322, -8.372], [-62.4654, -8.3398], [-62.5184, -8.3848], [-62.5368, -8.3594], [-62.549, -8.3653], [-62.5583, -8.2855], [-62.6, -8.2759], [-62.62, -8.2444], [-62.6469, -8.2412], [-62.6605, -8.1968], [-62.6857, -8.1798], [-62.6721, -8.1448], [-62.6807, -8.1023], [-62.7447, -8.0433], [-62.8102, -8.0255], [-62.8453, -7.9851], [-63.6199, -7.9694], [-63.6234, -8.0392], [-63.6678, -8.0846], [-63.6604, -8.1032], [-63.6933, -8.1584], [-63.747, -8.1986], [-63.7227, -8.2495], [-63.7734, -8.3207], [-63.7912, -8.3332], [-63.8707, -8.2888], [-63.9108, -8.3285], [-63.944, -8.3312], [-63.9453, -8.3878], [-63.9778, -8.4201], [-63.9439, -8.4353], [-63.9408, -8.4523], [-63.9744, -8.4873], [-63.9245, -8.5755], [-63.9459, -8.6095], [-63.9861, -8.5856], [-64.0354, -8.6936], [-64.0278, -8.7157], [-64.0673, -8.7107], [-64.0947, -8.7284], [-64.1245, -8.7167], [-64.143, -8.743], [-64.1294, -8.8052], [-64.1581, -8.8432], [-64.1494, -8.959], [-64.2331, -8.9923], [-64.3112, -8.9965], [-64.326, -8.9798], [-64.3095, -8.9345], [-64.3233, -8.9289], [-64.4465, -8.9769], [-64.55, -8.9783], [-64.611, -9.0165], [-64.6713, -9.0148], [-64.6992, -8.9883], [-64.7535, -9.0208], [-64.7915, -8.9864], [-64.8392, -8.9941], [-64.894, -9.0437], [-64.9172, -9.0432], [-64.9399, -9.1246], [-64.9196, -9.2203], [-64.936, -9.2558], [-64.9628, -9.2928], [-65.0004, -9.3046], [-65.0058, -9.3435], [-65.0392, -9.3596], [-65.0535, -9.4022], [-65.0922, -9.4094], [-65.0978, -9.4325], [-65.1428, -9.4468], [-65.1854, -9.427], [-65.1735, -9.3855], [-65.1961, -9.3753], [-65.1882, -9.3449], [-65.2079, -9.2856], [-65.2466, -9.2577], [-65.3851, -9.338], [-65.4469, -9.3164], [-65.4565, -9.4012], [-65.4346, -9.4663], [-65.4678, -9.4593], [-65.4927, -9.4737], [-65.5065, -9.4477], [-65.5967, -9.4139], [-65.6794, -9.4514], [-65.6809, -9.5004], [-65.7235, -9.5591], [-65.7502, -9.5536], [-65.7914, -9.5857], [-65.8179, -9.5623], [-65.825, -9.5301], [-65.8482, -9.5323], [-65.8465, -9.5164], [-65.8808, -9.4875], [-65.9126, -9.4838], [-65.9702, -9.4132], [-66.0344, -9.4006], [-66.0597, -9.4182], [-66.1238, -9.4088], [-66.1736, -9.4344], [-66.2433, -9.4294], [-66.2677, -9.4098], [-66.2904, -9.4125], [-66.2841, -9.4322], [-66.3074, -9.4369], [-66.3188, -9.42], [-66.3747, -9.4264], [-66.4088, -9.407], [-66.4146, -9.422], [-66.39, -9.4556], [-66.3923, -9.5005], [-66.4948, -9.6016], [-66.5005, -9.6336], [-66.5862, -9.6736], [-66.6094, -9.6649], [-66.7253, -9.7561], [-66.7753, -9.7531], [-66.7805, -9.7914], [-66.8102, -9.8181], [-67.3257, -9.5924], [-67.5173, -9.5607], [-68.6471, -9.0494], [-70.0549, -7.8452], [-72.5847, -7.552], [-73.7983, -7.113], [-73.7571, -7.0468], [-73.7613, -6.9777], [-73.7439, -6.9644], [-73.7608, -6.9358], [-73.7223, -6.8847], [-73.7101, -6.8399], [-73.6664, -6.8056], [-73.6383, -6.7542], [-73.5618, -6.7221], [-73.5219, -6.6761], [-73.38, -6.6359], [-73.3528, -6.5933], [-73.2276, -6.5889], [-73.2216, -6.5643], [-73.2069, -6.5772], [-73.1995, -6.5466], [-73.1817, -6.5458], [-73.1878, -6.5229], [-73.1705, -6.5179], [-73.1633, -6.5313], [-73.1351, -6.5103], [-73.1426, -6.4909], [-73.1111, -6.4535], [-73.1212, -6.4317], [-73.1038, -6.4108], [-73.1357, -6.38], [-73.1608, -6.2765], [-73.2201, -6.2198], [-73.2161, -6.1837], [-73.2468, -6.1494], [-73.2483, -6.1082], [-73.2274, -6.0764], [-73.2366, -6.0361], [-73.1868, -6.0051], [-73.187, -5.9448], [-73.1521, -5.868], [-73.1164, -5.8639], [-73.114, -5.833], [-73.0891, -5.8302], [-73.0796, -5.801], [-73.053, -5.7952], [-73.0464, -5.7592], [-73.0191, -5.7403], [-73.0274, -5.7333], [-73.0003, -5.7283], [-72.9855, -5.6613], [-72.9591, -5.6569], [-72.9737, -5.6129], [-72.9385, -5.5412], [-72.9529, -5.5448], [-72.9606, -5.5221], [-72.949, -5.4805], [-72.9589, -5.4661], [-72.9206, -5.3764], [-72.8905, -5.3512], [-72.9045, -5.3343], [-72.8606, -5.2712], [-72.8712, -5.2639], [-72.8624, -5.2476], [-72.8735, -5.2496], [-72.8693, -5.179], [-72.8805, -5.1869], [-72.8881, -5.1651], [-72.851, -5.1361], [-72.8157, -5.1393], [-72.8179, -5.1025], [-72.7859, -5.1135], [-72.7844, -5.0934], [-72.7687, -5.0997], [-72.7566, -5.0768], [-72.7398, -5.0885], [-72.7277, -5.0521], [-72.6921, -5.061], [-72.6707, -5.0472], [-72.6575, -5.0637], [-72.6422, -5.045], [-72.6414, -5.063], [-72.6292, -5.0384], [-72.6208, -5.0516], [-72.6049, -5.038], [-72.6086, -4.9937], [-72.594, -4.983], [-72.5839, -4.9976], [-72.5493, -4.9544], [-72.5221, -4.96], [-72.5211, -4.9329], [-72.4969, -4.95], [-72.4875, -4.9335], [-72.4823, -4.951], [-72.4739, -4.9247], [-72.4513, -4.9151], [-72.4702, -4.8911], [-72.4329, -4.911], [-72.4152, -4.9007], [-72.4222, -4.8762], [-72.4057, -4.8887], [-72.3816, -4.8724], [-72.3753, -4.8377], [-72.3892, -4.8335], [-72.3589, -4.8235], [-72.3704, -4.8045], [-72.345, -4.8068], [-72.3389, -4.7932], [-72.3227, -4.8116], [-72.3266, -4.7799], [-72.3099, -4.7748], [-72.3062, -4.7904], [-72.2784, -4.7709], [-72.2839, -4.7954], [-72.2709, -4.7984], [-72.2541, -4.7914], [-72.2561, -4.7658], [-72.2427, -4.7811], [-72.2089, -4.7473], [-72.1928, -4.7632], [-72.1934, -4.7459], [-72.1408, -4.7116], [-72.1251, -4.7336], [-72.0803, -4.6688], [-72.06, -4.6738], [-72.0683, -4.6594], [-72.038, -4.6429], [-72.0427, -4.6228], [-72.0057, -4.6452], [-72.0016, -4.6286], [-71.9815, -4.6268], [-71.9936, -4.609], [-71.9463, -4.6076], [-71.9503, -4.5811], [-71.9191, -4.5634], [-71.9183, -4.529], [-71.8847, -4.5374], [-71.9061, -4.515], [-71.8646, -4.5264], [-71.8393, -4.5046], [-71.8307, -4.5149], [-71.8316, -4.4957], [-71.8069, -4.5046], [-71.7939, -4.4837], [-71.7836, -4.4967], [-71.7859, -4.4825], [-71.767, -4.5036], [-71.7498, -4.4932], [-71.7509, -4.4674], [-71.7373, -4.4952], [-71.7068, -4.51], [-71.6578, -4.5009], [-71.6533, -4.4715], [-71.6482, -4.5028], [-71.6153, -4.4671], [-71.6336, -4.5117], [-71.6033, -4.5286], [-71.567, -4.5058], [-71.5584, -4.4778], [-71.5367, -4.4821], [-71.5366, -4.4628], [-71.5167, -4.4616], [-71.4941, -4.4855], [-71.5072, -4.4374], [-71.4827, -4.4567], [-71.4778, -4.4336], [-71.4509, -4.4316], [-71.4377, -4.4491], [-71.4364, -4.4278], [-71.4126, -4.4353], [-71.4311, -4.447], [-71.4333, -4.4761], [-71.3891, -4.4263], [-71.3457, -4.4257], [-71.3077, -4.4622], [-71.3009, -4.4443], [-71.3187, -4.4173], [-71.2757, -4.4392], [-71.2609, -4.4252], [-71.2601, -4.3951], [-71.2796, -4.3962], [-71.2671, -4.3833], [-71.229, -4.3839], [-71.2234, -4.4063], [-71.2155, -4.3788], [-71.2018, -4.3778], [-71.194, -4.4231], [-71.1814, -4.3936], [-71.1508, -4.4032], [-71.1473, -4.3808], [-71.1148, -4.4083], [-71.0954, -4.3733], [-71.0777, -4.3739], [-71.0772, -4.3946], [-71.0472, -4.3684], [-71.0386, -4.3994], [-71.019, -4.3793], [-70.9949, -4.3852], [-70.9938, -4.3447], [-70.9698, -4.3771], [-70.938, -4.3832], [-70.9326, -4.3556], [-70.9155, -4.3601], [-70.9002, -4.3261], [-70.8763, -4.3216], [-70.8781, -4.2934], [-70.8456, -4.2785], [-70.8638, -4.2506], [-70.8327, -4.2533], [-70.8164, -4.229], [-70.8254, -4.2193], [-70.8447, -4.2307], [-70.8452, -4.2192], [-70.7595, -4.1587], [-70.7227, -4.1866], [-70.691, -4.188], [-70.683, -4.2074], [-70.6695, -4.1438], [-70.6511, -4.1648], [-70.6461, -4.1278], [-70.6204, -4.1271], [-70.6324, -4.1816], [-70.6157, -4.1934], [-70.5654, -4.1735], [-70.5665, -4.2111], [-70.5578, -4.1659], [-70.5409, -4.1544], [-70.5516, -4.1366], [-70.5098, -4.1488], [-70.5042, -4.1994], [-70.4848, -4.1607], [-70.4654, -4.1759], [-70.4533, -4.1586], [-70.435, -4.1627], [-70.4339, -4.1317], [-70.3747, -4.136], [-70.339, -4.1792], [-70.3202, -4.1431], [-70.2857, -4.17], [-70.2788, -4.2312], [-70.3094, -4.2522], [-70.2845, -4.272], [-70.2913, -4.2864], [-70.2523, -4.2713], [-70.2614, -4.3076], [-70.2242, -4.3169], [-70.214, -4.2983], [-70.194, -4.361], [-70.152, -4.3287], [-70.1707, -4.3049], [-70.1563, -4.2748], [-70.1213, -4.2855], [-70.1108, -4.2567], [-70.0952, -4.2885], [-70.0405, -4.2945], [-70.0793, -4.3132], [-70.0428, -4.3331], [-70.0514, -4.3632], [-70.0405, -4.3753], [-69.9548, -4.295], [-69.4517, -1.5389], [-69.4562, -1.4887], [-69.4327, -1.4528], [-69.4303, -1.3922], [-69.3975, -1.3609], [-69.43, -1.2269], [-69.3955, -1.122], [-69.4331, -1.0713], [-69.4204, -1.0699], [-69.4306, -1.0608], [-69.4186, -1.0436], [-69.4334, -1.0409], [-69.4451, -1.0238], [-69.4186, -0.9981], [-69.4591, -0.9938], [-69.4713, -0.9577], [-69.5283, -0.9245], [-69.5257, -0.8688], [-69.5733, -0.8386], [-69.5644, -0.8069], [-69.5834, -0.8005], [-69.5862, -0.7814], [-69.5948, -0.7848], [-69.6016, -0.7842], [-69.6062, -0.755], [-69.6256, -0.7456], [-69.562, -0.6367], [-69.6033, -0.596], [-69.5916, -0.561], [-69.6143, -0.5345], [-69.6085, -0.5007], [-69.7268, -0.446], [-69.7746, -0.3913], [-69.8289, -0.3756], [-69.8448, -0.3376], [-69.8892, -0.3418], [-69.9205, -0.3258], [-70.0652, -0.1644], [-70.0427, -0.1233], [-70.0465, 0.5623], [-70.0054, 0.5444], [-69.9917, 0.5628], [-70.0004, 0.5737], [-69.9784, 0.578], [-69.9361, 0.5528], [-69.9162, 0.5902], [-69.884, 0.5768], [-69.8235, 0.5911], [-69.8027, 0.5716], [-69.7484, 0.6192], [-69.7253, 0.6142], [-69.7156, 0.6403], [-69.6718, 0.668], [-69.6485, 0.6632], [-69.6056, 0.6131], [-69.6075, 0.6329], [-69.5874, 0.6396], [-69.5973, 0.6545], [-69.563, 0.684], [-69.5358, 0.6791], [-69.5315, 0.7034], [-69.4641, 0.7364], [-69.3533, 0.6138], [-69.336, 0.6431], [-69.3195, 0.6257], [-69.2882, 0.6498], [-69.2958, 0.6041], [-69.2312, 0.5983], [-69.1997, 0.6071], [-69.2043, 0.6326], [-69.1833, 0.6543], [-69.1251, 0.6341], [-69.1158, 0.6432], [-69.1456, 0.6985], [-69.1878, 0.733], [-69.1762, 0.7596], [-69.1476, 0.7687], [-69.1674, 0.8437], [-69.1406, 0.8513], [-69.1384, 0.8826], [-69.1908, 0.9155], [-69.189, 0.9331], [-69.1648, 0.9409], [-69.2181, 0.9733], [-69.198, 1.0003], [-69.2449, 1.0571], [-69.2881, 1.0531], [-69.3219, 1.0884], [-69.358, 1.0789], [-69.3752, 1.0895], [-69.4045, 1.0487], [-69.4272, 1.0439], [-69.4357, 1.0678], [-69.461, 1.0781], [-69.562, 1.072], [-69.6073, 1.0989], [-69.6774, 1.0708], [-69.7048, 1.076], [-69.7049, 1.1189], [-69.7719, 1.1033], [-69.811, 1.0633], [-69.8466, 1.0778], [-69.8456, 1.714], [-69.7827, 1.6928], [-69.7211, 1.7352], [-69.6539, 1.7181], [-69.5344, 1.777], [-69.5344, 1.7638], [-69.5136, 1.7713], [-69.4762, 1.7433], [-69.4667, 1.7571], [-69.3933, 1.7267], [-68.1633, 1.7278], [-68.17, 1.7434], [-68.1929, 1.7376], [-68.1776, 1.7656], [-68.1923, 1.78], [-68.2398, 1.7711], [-68.2266, 1.8292], [-68.275, 1.8192], [-68.2853, 1.8298], [-68.2042, 1.9846], [-68.199, 2.0387], [-68.1747, 1.9685], [-68.1393, 1.9707], [-68.0942, 1.8965], [-68.0619, 1.8932], [-68.031, 1.811], [-68.0047, 1.8379], [-67.9823, 1.8137], [-67.9485, 1.8274], [-67.9077, 1.8048], [-67.9219, 1.8204], [-67.9225, 1.8584], [-67.9088, 1.8622], [-67.9217, 1.8927], [-67.8712, 1.9008], [-67.8693, 1.9237], [-67.8324, 1.9394], [-67.8087, 1.9859], [-67.7834, 1.9999], [-67.7755, 2.0349], [-67.7434, 2.0345], [-67.7307, 2.0117], [-67.6909, 1.9997], [-67.6772, 2.0091], [-67.6584, 1.9905], [-67.6248, 2.0404], [-67.6017, 2.0438], [-67.5739, 2.1035], [-67.5866, 2.1216], [-67.5739, 2.1623], [-67.5509, 2.1494], [-67.4504, 2.1688], [-67.4458, 2.1991], [-67.4165, 2.1936], [-67.4161, 2.2287], [-67.3946, 2.2327], [-67.3686, 2.2162], [-67.3617, 2.171], [-67.3273, 2.1549], [-67.3585, 2.1158], [-67.3585, 2.0945], [-67.3417, 2.0849], [-67.3584, 2.0416], [-67.3415, 2.0267], [-67.3473, 1.985], [-67.3031, 1.9006], [-67.2755, 1.9234], [-67.2202, 1.9179], [-67.2085, 1.8583], [-67.1566, 1.8278], [-67.1631, 1.8013], [-67.1366, 1.7989], [-67.1276, 1.7768], [-67.149, 1.7315], [-67.1289, 1.6879], [-67.1431, 1.6042], [-67.1008, 1.5817], [-67.0749, 1.3701], [-67.1121, 1.335], [-67.1514, 1.3456], [-67.1561, 1.3172], [-67.1267, 1.2706], [-67.1006, 1.2597], [-67.0821, 1.2007], [-67.0892, 1.1656], [-66.8569, 1.228], [-66.8428, 1.2208], [-66.3097, 0.7446], [-66.1964, 0.7821], [-66.1305, 0.7463], [-66.1079, 0.7646], [-66.0768, 0.7617], [-66.0656, 0.8072], [-66.0375, 0.8175], [-66.0115, 0.8029], [-65.9791, 0.8217], [-65.9528, 0.8036], [-65.936, 0.8385], [-65.9424, 0.8923], [-65.8896, 0.9032], [-65.8795, 0.9373], [-65.8187, 0.9461], [-65.7501, 0.9785], [-65.7381, 1.0015], [-65.6935, 0.9999], [-65.6854, 0.9818], [-65.6535, 1.0107], [-65.6276, 0.9888], [-65.6055, 1.0171], [-65.6062, 0.9981], [-65.5474, 0.9841], [-65.4908, 0.8494], [-65.5263, 0.8259], [-65.5923, 0.7275], [-65.5423, 0.6469], [-65.5289, 0.6689], [-65.4329, 0.7005], [-65.3974, 0.7532], [-65.3988, 0.8327], [-65.3394, 0.8951], [-65.3309, 0.9285], [-65.2994, 0.9438], [-65.2688, 0.9181], [-65.2204, 0.9438], [-65.2026, 0.9192], [-65.1869, 0.9259], [-65.1486, 1.0033], [-65.1719, 1.0134], [-65.155, 1.0587], [-65.1703, 1.1103], [-65.1031, 1.1584], [-65.0943, 1.1323], [-65.0727, 1.152], [-65.0142, 1.1075], [-64.9668, 1.1799], [-64.9735, 1.1948], [-64.9167, 1.2162], [-64.9089, 1.2364], [-64.8783, 1.2174], [-64.8366, 1.2866], [-64.8018, 1.3134], [-64.7843, 1.2982], [-64.7866, 1.2632], [-64.7424, 1.2276], [-64.6994, 1.2766], [-64.6529, 1.295], [-64.6058, 1.3402], [-64.5766, 1.341], [-64.5784, 1.376], [-64.5581, 1.4089], [-64.5235, 1.4244], [-64.5256, 1.4413], [-64.4716, 1.4696], [-64.4348, 1.4706], [-64.4086, 1.5071], [-64.3714, 1.5242], [-64.3459, 1.5172], [-64.3466, 1.4949], [-64.4013, 1.422], [-64.3816, 1.4154], [-64.3886, 1.3772], [-64.3682, 1.3838], [-64.3441, 1.3551], [-64.3127, 1.4438], [-64.297, 1.443], [-64.2613, 1.4988], [-64.1949, 1.5197], [-64.1696, 1.5769], [-64.1258, 1.5784], [-64.0862, 1.6466], [-64.0539, 1.6711], [-64.0817, 1.7547], [-64.0533, 1.8165], [-64.1125, 1.8747], [-64.0886, 1.9167], [-64.0598, 1.9124], [-64.0573, 1.9294], [-63.9725, 1.9908], [-63.8922, 1.9888], [-63.8481, 1.9676], [-63.8207, 2.0059], [-63.7913, 1.981], [-63.754, 1.9858], [-63.7385, 2.0189], [-63.6975, 2.0494], [-63.6895, 2.0211], [-63.6632, 2.0195], [-63.6605, 2.0685], [-63.631, 2.0725], [-63.6005, 2.119], [-63.5456, 2.1347], [-63.4941, 2.1121], [-63.4713, 2.1422], [-63.4355, 2.1237], [-63.3933, 2.1481], [-63.3984, 2.1965], [-63.3716, 2.2115], [-63.2826, 2.1539], [-63.194, 2.1812], [-63.1414, 2.1725], [-63.1197, 2.0965], [-63.0534, 2.0289], [-63.0236, 2.0147], [-62.9483, 2.0311], [-62.8387, 2.0165], [-62.7195, 1.9535], [-62.6927, 1.9211], [-62.7156, 1.8264], [-62.7627, 1.7791], [-62.7227, 1.7768], [-62.7236, 1.7124], [-62.7962, 1.6307], [-62.8051, 1.5914], [-62.7362, 1.5296], [-62.7206, 1.4886], [-62.6398, 1.4382], [-62.5997, 1.3082], [-62.5259, 1.194], [-62.4709, 1.1514], [-62.484, 1.1109], [-62.4632, 1.0922], [-62.4794, 1.048], [-62.4617, 1.0201], [-62.4624, 0.9588], [-62.5069, 0.8973], [-62.4659, 0.8291], [-62.4576, 0.7852], [-62.5353, 0.6904], [-62.5182, 0.5838], [-62.5329, 0.5088], [-62.5185, 0.4437], [-62.4835, 0.4571], [-62.4442, 0.3852], [-62.4655, 0.3369], [-62.4676, 0.2805], [-62.4225, 0.1566], [-62.4245, 0.0963], [-62.3444, 0.0308], [-62.314, -0.0462], [-62.3315, -0.056], [-62.3161, -0.0684], [-62.3196, -0.0977], [-62.2794, -0.1505], [-62.2419, -0.1715], [-62.2481, -0.2964], [-62.2305, -0.3162], [-62.2182, -0.3068], [-62.1872, -0.3258], [-62.2076, -0.3689], [-62.2001, -0.388], [-62.2259, -0.4223], [-62.2805, -0.445], [-62.2671, -0.4722], [-62.2856, -0.4748], [-62.2851, -0.494], [-62.308, -0.5084], [-62.3, -0.5315], [-62.318, -0.5459], [-62.2895, -0.599], [-62.3024, -0.6154], [-62.2886, -0.6231], [-62.2922, -0.649], [-62.3269, -0.6544], [-62.3411, -0.6736], [-62.3686, -0.6682], [-62.357, -0.7035], [-62.3897, -0.7079], [-62.401, -0.726], [-62.4262, -0.6905], [-62.4865, -0.6789], [-62.5074, -0.7104], [-62.4961, -0.7333], [-62.5094, -0.7553], [-62.4809, -0.792], [-62.4669, -0.7852], [-62.4485, -0.8083], [-62.3988, -0.8139], [-62.3747, -0.8342], [-62.377, -0.8634], [-62.3513, -0.8745], [-62.3085, -0.9334], [-62.273, -0.9465], [-62.2603, -0.9741], [-62.2041, -0.9776], [-62.2005, -0.9982], [-62.1394, -1.0283], [-62.1008, -1.0976], [-62.0618, -1.0986], [-62.0165, -1.1399], [-61.9584, -1.2602], [-61.9614, -1.2878], [-61.9192, -1.329], [-61.9043, -1.3851], [-61.8347, -1.4026], [-61.7654, -1.382], [-61.6093, -1.4505], [-61.548, -1.5349], [-61.472, -1.5918], [-61.4712, -1.5225], [-61.5149, -1.5013], [-61.5392, -1.4312], [-61.5721, -1.4292], [-61.6176, -1.3954], [-61.5817, -1.3497], [-61.6282, -1.2958], [-61.6063, -1.276], [-61.5889, -1.1996], [-61.5707, -1.1828], [-61.5817, -1.162], [-61.5663, -1.1003], [-61.5789, -1.0827], [-61.5445, -1.0667], [-61.5584, -1.0124], [-61.5438, -0.9891], [-61.5808, -0.9786], [-61.577, -0.9117], [-61.5387, -0.8472], [-61.5511, -0.805], [-61.5385, -0.7585], [-61.4817, -0.7144], [-61.4618, -0.6565], [-61.4302, -0.6531], [-61.4304, -0.6318], [-61.3577, -0.5955], [-61.2312, -0.5601], [-61.2194, -0.4968], [-61.168, -0.5147], [-61.1577, -0.4968], [-61.0967, -0.4974], [-61.0661, -0.5119], [-61.0597, -0.54], [-60.9925, -0.5598], [-60.9325, -0.5464], [-60.9201, -0.6168], [-60.8928, -0.6434], [-60.8614, -0.6437], [-60.8549, -0.6838], [-60.808, -0.6929], [-60.8067, -0.7376], [-60.771, -0.7554], [-60.7872, -0.7815], [-60.7561, -0.7903], [-60.7695, -0.8002], [-60.7633, -0.8602], [-60.7311, -0.8503], [-60.7359, -0.8644], [-60.6839, -0.8642], [-60.6686, -0.886], [-60.6198, -0.8502], [-60.5949, -0.8637], [-60.587, -0.8418], [-60.5302, -0.8654], [-60.503, -0.8386], [-60.5188, -0.824], [-60.4935, -0.8101], [-60.4976, -0.7795], [-60.4747, -0.76], [-60.4263, -0.7699], [-60.3844, -0.752], [-60.3736, -0.7314], [-60.3629, -0.7422], [-60.3109, -0.7181], [-60.3025, -0.6893], [-60.3159, -0.6344], [-60.3536, -0.6156], [-60.3672, -0.5816], [-60.3824, -0.5864], [-60.3892, -0.5732], [-60.3771, -0.5681], [-60.4058, -0.513], [-60.3838, -0.4589], [-60.3457, -0.4351], [-60.3526, -0.4051], [-60.3248, -0.3763], [-60.3246, -0.3312], [-60.3042, -0.3235], [-60.2928, -0.2923], [-60.3103, -0.2602], [-60.2972, -0.2491], [-60.303, -0.2084], [-60.2798, -0.2072], [-60.2688, -0.1749], [-60.2216, -0.1401], [-60.2401, -0.1116], [-60.2132, -0.0394], [-60.1366, 0.0293], [-60.1433, 0.0468], [-60.1186, 0.0848], [-60.1362, 0.1073], [-60.0555, 0.1649], [-60.0383, 0.2635], [-58.8954, 0.2635], [-58.895, -0.0189], [-58.8612, -0.0951], [-58.862, -0.1604], [-58.8819, -0.2023], [-58.8648, -0.2706], [-58.8724, -0.3455], [-58.7849, -0.3886], [-58.7255, -0.4389], [-58.7373, -0.4718], [-58.7096, -0.5452], [-58.7298, -0.5638], [-58.7379, -0.6167], [-58.7067, -0.6803], [-58.6645, -0.7174], [-58.6349, -0.7193], [-58.5346, -0.8305], [-58.4918, -0.8326], [-58.489, -0.8602], [-58.4407, -0.8748], [-58.4494, -0.9329], [-58.4109, -0.9806], [-58.4291, -1.0292], [-58.3655, -1.0691], [-58.3592, -1.1062], [-58.3206, -1.1456], [-58.2569, -1.1307], [-58.1573, -1.2315], [-58.1185, -1.1865], [-58.1243, -1.164], [-58.0864, -1.1546], [-58.059, -1.1057], [-58.0199, -1.1028], [-58.0128, -1.1366], [-57.9672, -1.17], [-57.9767, -1.1919], [-57.9617, -1.2222], [-57.9748, -1.2289], [-58.0012, -1.3307], [-57.9919, -1.3534], [-57.972, -1.358], [-57.9758, -1.3746], [-57.9567, -1.3798], [-57.9611, -1.4027], [-57.9143, -1.4042], [-57.913, -1.4284], [-57.8251, -1.4383], [-57.7971, -1.4869], [-57.7742, -1.4858], [-57.7821, -1.5098], [-57.7142, -1.503], [-57.7078, -1.5739], [-57.6795, -1.5951], [-57.6609, -1.5804], [-57.6222, -1.5887], [-57.603, -1.5718], [-57.5902, -1.5801], [-57.5971, -1.5997], [-57.5239, -1.6283], [-57.5294, -1.6543], [-57.507, -1.6411], [-57.4741, -1.6784], [-57.4415, -1.6644], [-57.4371, -1.6906], [-57.4029, -1.6765], [-57.3868, -1.6969], [-57.3946, -1.7238], [-57.3729, -1.714], [-57.3527, -1.7363], [-57.3328, -1.7147], [-57.305, -1.7319], [-57.2935, -1.7078], [-57.2654, -1.7219], [-57.2604, -1.6962], [-57.2316, -1.7272], [-57.2054, -1.7103], [-57.2018, -1.7351], [-57.1676, -1.7183], [-57.1645, -1.769], [-57.128, -1.7652], [-57.1174, -1.7919], [-57.086, -1.7797], [-57.061, -1.8106], [-57.0735, -1.8369], [-57.0332, -1.9149], [-56.9806, -1.9157], [-56.9572, -1.9545], [-56.889, -1.9765], [-56.8535, -2.0195], [-56.769, -2.0097], [-56.7355, -2.0214], [-56.7238, -2.066], [-56.7583, -2.1174], [-56.7661, -2.1718], [-56.7122, -2.1824], [-56.6363, -2.2375], [-56.5982, -2.2104], [-56.6117, -2.2138], [-56.6005, -2.1736], [-56.5763, -2.1777], [-56.5285, -2.1391], [-56.4781, -2.1727], [-56.4525, -2.1689], [-56.4628, -2.1545], [-56.4513, -2.1508], [-56.3941, -2.1783], [-56.379, -2.1384], [-56.3522, -2.1566], [-56.324, -2.1459], [-56.2991, -2.1015], [-56.2569, -2.0879], [-56.2279, -2.0556], [-56.1299, -2.0352], [-56.1039, -2.0081], [-56.0747, -2.0137], [-56.0773, -2.0667], [-56.152, -2.1475], [-56.2932, -2.239], [-56.377, -2.2581], [-56.4031, -2.2944], [-56.4644, -2.4316], [-56.4021, -2.4566], [-58.2575, -6.4608], [-58.3274, -6.5173], [-58.3469, -6.5593], [-58.4213, -6.6015], [-58.469, -6.6733], [-58.4802, -6.7849], [-58.4335, -6.905], [-58.3803, -6.9697], [-58.336, -6.984], [-58.2825, -7.0745], [-58.2466, -7.0849], [-58.2134, -7.1308], [-58.1751, -7.2147], [-58.1714, -7.311], [-58.136, -7.3477]]]}}, {"type": "Feature", "properties": {"sigla": "RR", "nome": "Roraima"}, "geometry": {"type": "Polygon", "coordinates": [[[-60.0377, 0.2623], [-60.0555, 0.1649], [-60.1362, 0.1073], [-60.1186, 0.0848], [-60.1433, 0.0468], [-60.1366, 0.0293], [-60.2132, -0.0394], [-60.2401, -0.1116], [-60.2216, -0.1401], [-60.2688, -0.1749], [-60.2798, -0.2072], [-60.303, -0.2084], [-60.2972, -0.2491], [-60.3103, -0.2602], [-60.2928, -0.2923], [-60.3042, -0.3235], [-60.3246, -0.3312], [-60.3248, -0.3763], [-60.3526, -0.4051], [-60.3457, -0.4351], [-60.3838, -0.4589], [-60.4058, -0.513], [-60.3771, -0.5681], [-60.3892, -0.5732], [-60.3824, -0.5864], [-60.3672, -0.5816], [-60.3536, -0.6156], [-60.3159, -0.6344], [-60.3025, -0.6893], [-60.3109, -0.7181], [-60.3629, -0.7422], [-60.3736, -0.7314], [-60.3844, -0.752], [-60.4263, -0.7699], [-60.4747, -0.76], [-60.4976, -0.7795], [-60.4935, -0.8101], [-60.5188, -0.824], [-60.503, -0.8386], [-60.5302, -0.8654], [-60.587, -0.8418], [-60.5949, -0.8637], [-60.6198, -0.8502], [-60.6686, -0.886], [-60.6839, -0.8642], [-60.7359, -0.8644], [-60.7311, -0.8503], [-60.7633, -0.8602], [-60.7695, -0.8002], [-60.7561, -0.7903], [-60.7872, -0.7815], [-60.771, -0.7554], [-60.8067, -0.7376], [-60.808, -0.6929], [-60.8549, -0.6838], [-60.8614, -0.6437], [-60.8928, -0.6434], [-60.9201, -0.6168], [-60.9325, -0.5464], [-60.9925, -0.5598], [-61.0597, -0.54], [-61.0661, -0.5119], [-61.0967, -0.4974], [-61.1577, -0.4968], [-61.168, -0.5147], [-61.2194, -0.4968], [-61.2312, -0.5601], [-61.3577, -0.5955], [-61.4304, -0.6318], [-61.4302, -0.6531], [-61.4618, -0.6565], [-61.4817, -0.7144], [-61.5385, -0.7585], [-61.5511, -0.805], [-61.5387, -0.8472], [-61.577, -0.9117], [-61.5808, -0.9786], [-61.5438, -0.9891], [-61.5584, -1.0124], [-61.5445, -1.0667], [-61.5789, -1.0827], [-61.5663, -1.1003], [-61.5817, -1.162], [-61.5707, -1.1828], [-61.5889, -1.1996], [-61.6063, -1.276], [-61.6282, -1.2958], [-61.5817, -1.3497], [-61.6176, -1.3954], [-61.5721, -1.4292], [-61.5392, -1.4312], [-61.5149, -1.5013], [-61.4712, -1.5225], [-61.472, -1.5918], [-61.548, -1.5349], [-61.6093, -1.4505], [-61.7654, -1.382], [-61.8347, -1.4026], [-61.9043, -1.3851], [-61.9192, -1.329], [-61.9614, -1.2878], [-61.9584, -1.2602], [-62.0165, -1.1399], [-62.0618, -1.0986], [-62.1008, -1.0976], [-62.1394, -1.0283], [-62.2005, -0.9982], [-62.2041, -0.9776], [-62.2603, -0.9741], [-62.273, -0.9465], [-62.3085, -0.9334], [-62.3513, -0.8745], [-62.377, -0.8634], [-62.3747, -0.8342], [-62.3988, -0.8139], [-62.4485, -0.8083], [-62.4669, -0.7852], [-62.4809, -0.792], [-62.5094, -0.7553], [-62.4961, -0.7333], [-62.5074, -0.7104], [-62.4865, -0.6789], [-62.4262, -0.6905], [-62.401, -0.726], [-62.3897, -0.7079], [-62.357, -0.7035], [-62.3686, -0.6682], [-62.3411, -0.6736], [-62.3269, -0.6544], [-62.2922, -0.649], [-62.2886, -0.6231], [-62.3024, -0.6154], [-62.2895, -0.599], [-62.318, -0.5459], [-62.3, -0.5315], [-62.308, -0.5084], [-62.2851, -0.494], [-62.2856, -0.4748], [-62.2671, -0.4722], [-62.2805, -0.445], [-62.2259, -0.4223], [-62.2001, -0.388], [-62.2076, -0.3689], [-62.1872, -0.3258], [-62.2182, -0.3068], [-62.2305, -0.3162], [-62.2481, -0.2964], [-62.2419, -0.1715], [-62.2794, -0.1505], [-62.3196, -0.0977], [-62.3161, -0.0684], [-62.3315, -0.056], [-62.314, -0.0462], [-62.3444, 0.0308], [-62.4245, 0.0963], [-62.4225, 0.1566], [-62.4676, 0.2805], [-62.4655, 0.3369], [-62.4442, 0.3852], [-62.4835, 0.4571], [-62.5185, 0.4437], [-62.5329, 0.5088], [-62.5182, 0.5838], [-62.5353, 0.6904], [-62.4576, 0.7852], [-62.4659, 0.8291], [-62.5069, 0.8973], [-62.4624, 0.9588], [-62.4617, 1.0201], [-62.4794, 1.048], [-62.4632, 1.0922], [-62.484, 1.1109], [-62.4709, 1.1514], [-62.5259, 1.194], [-62.5997, 1.3082], [-62.6398, 1.4382], [-62.7206, 1.4886], [-62.7362, 1.5296], [-62.8051, 1.5914], [-62.7962, 1.6307], [-62.7236, 1.7124], [-62.7227, 1.7768], [-62.7627, 1.7791], [-62.7156, 1.8264], [-62.6927, 1.9211], [-62.7195, 1.9535], [-62.8387, 2.0165], [-62.9483, 2.0311], [-63.0236, 2.0147], [-63.0534, 2.0289], [-63.1197, 2.0965], [-63.1414, 2.1725], [-63.194, 2.1812], [-63.2826, 2.1539], [-63.3596, 2.1971], [-63.3856, 2.2353], [-63.3668, 2.2426], [-63.359, 2.2704], [-63.3612, 2.3287], [-63.3764, 2.3509], [-63.355, 2.3872], [-63.3691, 2.4008], [-63.3624, 2.4188], [-63.4001, 2.4295], [-63.4139, 2.4546], [-63.4637, 2.4019], [-63.4859, 2.4374], [-63.5183, 2.4192], [-63.5538, 2.4215], [-63.5567, 2.4506], [-63.5923, 2.4572], [-63.6348, 2.4396], [-63.6842, 2.4418], [-63.6984, 2.4597], [-63.7192, 2.4433], [-63.7319, 2.4539], [-63.7669, 2.4414], [-63.797, 2.4792], [-63.8156, 2.4724], [-63.8223, 2.4922], [-63.8488, 2.4937], [-63.8799, 2.4689], [-63.9251, 2.4724], [-63.9351, 2.4562], [-64.0032, 2.4802], [-64.0191, 2.4631], [-64.0602, 2.4999], [-64.0436, 2.5276], [-64.0444, 2.5778], [-64.0269, 2.5782], [-63.9854, 2.6481], [-63.9863, 2.6878], [-64.0064, 2.7061], [-63.9827, 2.7206], [-64.0023, 2.7407], [-63.9974, 2.7704], [-64.0161, 2.7757], [-64.02, 2.8198], [-64.0809, 2.877], [-64.0662, 2.8924], [-64.0705, 2.9249], [-64.0945, 2.9352], [-64.1077, 2.9798], [-64.1612, 2.9845], [-64.1434, 3.0339], [-64.2205, 3.0928], [-64.231, 3.1385], [-64.1806, 3.1657], [-64.1553, 3.2141], [-64.1574, 3.2454], [-64.1165, 3.2786], [-64.1138, 3.3339], [-64.1486, 3.3753], [-64.12, 3.4043], [-64.129, 3.4447], [-64.1174, 3.4689], [-64.1752, 3.5046], [-64.189, 3.5271], [-64.1693, 3.5503], [-64.1971, 3.5781], [-64.1967, 3.607], [-64.2198, 3.6002], [-64.2217, 3.6302], [-64.2492, 3.6333], [-64.2423, 3.6616], [-64.2664, 3.6509], [-64.3025, 3.6625], [-64.3173, 3.7135], [-64.3342, 3.7091], [-64.4149, 3.7819], [-64.4566, 3.7815], [-64.4767, 3.8359], [-64.5114, 3.8379], [-64.5327, 3.873], [-64.554, 3.8671], [-64.5511, 3.8872], [-64.5664, 3.8984], [-64.5512, 3.9256], [-64.6157, 3.941], [-64.616, 3.9707], [-64.668, 3.9693], [-64.6875, 4.0612], [-64.7712, 4.0592], [-64.7675, 4.1331], [-64.7841, 4.1533], [-64.8133, 4.153], [-64.7925, 4.1848], [-64.8052, 4.2007], [-64.8302, 4.1953], [-64.8223, 4.2623], [-64.805, 4.2772], [-64.7523, 4.2741], [-64.72, 4.2467], [-64.6754, 4.2503], [-64.6777, 4.1844], [-64.6382, 4.1598], [-64.6324, 4.1181], [-64.6122, 4.111], [-64.56, 4.1019], [-64.4939, 4.1506], [-64.4432, 4.1163], [-64.4207, 4.1441], [-64.4082, 4.1337], [-64.3416, 4.1455], [-64.3452, 4.1315], [-64.3284, 4.1271], [-64.3003, 4.1687], [-64.177, 4.0942], [-64.1313, 4.1096], [-64.1235, 4.0743], [-64.0992, 4.0616], [-64.0471, 3.9613], [-64.023, 3.9753], [-63.9963, 3.904], [-63.9763, 3.8982], [-63.9662, 3.8695], [-63.9178, 3.9336], [-63.8816, 3.929], [-63.8608, 3.9474], [-63.8005, 3.9339], [-63.7612, 3.9428], [-63.7364, 3.9142], [-63.666, 3.9099], [-63.6378, 3.9565], [-63.6411, 3.9812], [-63.5861, 3.9174], [-63.5958, 3.9047], [-63.4986, 3.8403], [-63.5046, 3.8648], [-63.4843, 3.8847], [-63.4512, 3.8587], [-63.4151, 3.9016], [-63.4179, 3.9347], [-63.4507, 3.9609], [-63.3923, 3.9791], [-63.3038, 3.9211], [-63.2169, 3.9167], [-63.2319, 3.8841], [-63.2278, 3.8379], [-63.1993, 3.8138], [-63.1231, 3.8066], [-63.0933, 3.7888], [-63.0612, 3.7354], [-63.0751, 3.6909], [-63.0329, 3.6706], [-62.9914, 3.6183], [-62.9513, 3.6116], [-62.9299, 3.6332], [-62.9217, 3.6756], [-62.899, 3.6733], [-62.8382, 3.7367], [-62.7972, 3.7254], [-62.7512, 3.6743], [-62.7365, 3.6824], [-62.7269, 3.8042], [-62.7741, 3.8353], [-62.7532, 3.8562], [-62.7891, 3.8937], [-62.7836, 3.9334], [-62.747, 3.9718], [-62.767, 4.0011], [-62.7505, 4.0335], [-62.6595, 4.0348], [-62.6441, 4.0499], [-62.5571, 4.0162], [-62.5621, 4.0378], [-62.5332, 4.0492], [-62.5399, 4.079], [-62.5569, 4.0794], [-62.5481, 4.1123], [-62.5342, 4.1126], [-62.5384, 4.1357], [-62.5102, 4.1303], [-62.5049, 4.1463], [-62.4705, 4.1363], [-62.4632, 4.1787], [-62.363, 4.1717], [-62.3357, 4.1376], [-62.293, 4.1416], [-62.1977, 4.1136], [-62.1451, 4.0754], [-62.1108, 4.0919], [-62.1162, 4.1181], [-62.0703, 4.1238], [-62.0694, 4.1567], [-62.0245, 4.1517], [-61.9866, 4.1793], [-61.9311, 4.1171], [-61.9223, 4.1582], [-61.8735, 4.1495], [-61.8666, 4.1759], [-61.8164, 4.1663], [-61.8211, 4.1987], [-61.7996, 4.2253], [-61.7687, 4.2276], [-61.7751, 4.2474], [-61.7276, 4.2672], [-61.724, 4.244], [-61.6714, 4.2629], [-61.6462, 4.2589], [-61.6407, 4.2381], [-61.6079, 4.2606], [-61.5888, 4.243], [-61.5577, 4.2519], [-61.5059, 4.3198], [-61.5239, 4.3387], [-61.5115, 4.4061], [-61.4514, 4.439], [-61.4404, 4.4244], [-61.4211, 4.4333], [-61.3445, 4.4175], [-61.3198, 4.4299], [-61.3086, 4.4593], [-61.2878, 4.4561], [-61.2793, 4.4747], [-61.3228, 4.5029], [-61.3221, 4.5339], [-61.2595, 4.537], [-61.221, 4.5216], [-61.2177, 4.5333], [-61.1456, 4.4801], [-61.093, 4.5233], [-60.9978, 4.5156], [-60.9849, 4.5427], [-60.9578, 4.5452], [-60.9569, 4.5816], [-60.9314, 4.5843], [-60.9331, 4.6208], [-60.9515, 4.6438], [-60.9196, 4.6633], [-60.9023, 4.7156], [-60.8511, 4.7029], [-60.8073, 4.7479], [-60.7509, 4.7537], [-60.6565, 4.8466], [-60.6543, 4.8846], [-60.6265, 4.8852], [-60.6114, 4.9178], [-60.5876, 4.9259], [-60.5818, 4.9573], [-60.6166, 5.0436], [-60.6412, 5.0556], [-60.6402, 5.1155], [-60.6543, 5.1156], [-60.6566, 5.1564], [-60.6828, 5.194], [-60.7359, 5.2023], [-60.7227, 5.2202], [-60.6819, 5.2323], [-60.5692, 5.1957], [-60.4555, 5.2022], [-60.4444, 5.1806], [-60.4133, 5.2135], [-60.3384, 5.2003], [-60.2096, 5.2696], [-60.1888, 5.2322], [-60.0963, 5.2416], [-60.0656, 5.173], [-60.0781, 5.1381], [-60.0186, 5.0891], [-59.9731, 5.0774], [-59.9708, 5.0632], [-60.0089, 4.862], [-60.0343, 4.8016], [-60.0212, 4.7816], [-60.0394, 4.7249], [-60.0253, 4.7064], [-60.0756, 4.6556], [-60.0706, 4.6167], [-60.1242, 4.6047], [-60.136, 4.5653], [-60.1571, 4.5732], [-60.1614, 4.5181], [-60.1184, 4.5018], [-60.088, 4.5333], [-60.0864, 4.5173], [-60.0645, 4.521], [-60.0704, 4.4932], [-60.0029, 4.4951], [-59.9728, 4.4805], [-59.9712, 4.5091], [-59.9357, 4.4996], [-59.9099, 4.4606], [-59.8744, 4.487], [-59.8614, 4.4524], [-59.8128, 4.4466], [-59.7953, 4.4656], [-59.7939, 4.4476], [-59.6708, 4.3768], [-59.6795, 4.3414], [-59.7329, 4.2848], [-59.7304, 4.2686], [-59.7097, 4.2681], [-59.7397, 4.2347], [-59.7311, 4.1813], [-59.6846, 4.147], [-59.6218, 4.134], [-59.6541, 4.0694], [-59.6182, 4.0522], [-59.6016, 4.0295], [-59.6076, 4.0076], [-59.5953, 4.0182], [-59.597, 4.0009], [-59.5802, 4.0017], [-59.5844, 3.9687], [-59.5446, 3.9793], [-59.5153, 3.9456], [-59.5265, 3.9244], [-59.539, 3.9326], [-59.5649, 3.9182], [-59.5678, 3.89], [-59.5777, 3.9017], [-59.5939, 3.8842], [-59.5775, 3.8177], [-59.5982, 3.8147], [-59.5959, 3.7945], [-59.6096, 3.8046], [-59.6287, 3.7846], [-59.6285, 3.7993], [-59.6655, 3.7817], [-59.6796, 3.7572], [-59.6635, 3.7338], [-59.6688, 3.7027], [-59.752, 3.653], [-59.7645, 3.6264], [-59.8507, 3.6046], [-59.867, 3.578], [-59.8702, 3.5591], [-59.8425, 3.5527], [-59.8338, 3.5227], [-59.803, 3.5039], [-59.8258, 3.4812], [-59.8104, 3.4698], [-59.8236, 3.4693], [-59.8413, 3.427], [-59.8131, 3.4268], [-59.8045, 3.3578], [-59.8339, 3.3528], [-59.8276, 3.3305], [-59.8875, 3.2411], [-59.8746, 3.2249], [-59.9078, 3.2114], [-59.8996, 3.1537], [-59.9207, 3.1454], [-59.9075, 3.143], [-59.9189, 3.1318], [-59.9076, 3.1133], [-59.9214, 3.1209], [-59.9554, 3.0815], [-59.9625, 3.0165], [-59.9466, 2.9996], [-59.9866, 2.9092], [-59.9916, 2.6859], [-59.9576, 2.6095], [-59.9719, 2.5938], [-59.9293, 2.5697], [-59.9384, 2.5527], [-59.897, 2.4808], [-59.9049, 2.3755], [-59.7872, 2.2835], [-59.7407, 2.2927], [-59.7233, 2.2763], [-59.7421, 2.162], [-59.7222, 2.1036], [-59.7428, 2.0694], [-59.7207, 2.0271], [-59.7596, 1.9093], [-59.7519, 1.8572], [-59.6668, 1.8449], [-59.6562, 1.8672], [-59.6544, 1.812], [-59.6784, 1.8039], [-59.6858, 1.7756], [-59.6758, 1.758], [-59.6535, 1.7577], [-59.663, 1.7376], [-59.6317, 1.7413], [-59.6169, 1.7159], [-59.5667, 1.7353], [-59.5314, 1.7162], [-59.5109, 1.669], [-59.4914, 1.6741], [-59.4852, 1.63], [-59.442, 1.6111], [-59.4314, 1.5638], [-59.3965, 1.5541], [-59.3796, 1.5073], [-59.3281, 1.5134], [-59.3268, 1.4618], [-59.2863, 1.4543], [-59.2765, 1.4076], [-59.2523, 1.3868], [-59.1948, 1.3787], [-59.1487, 1.3468], [-59.0876, 1.3465], [-59.0489, 1.3208], [-58.9945, 1.3273], [-58.9802, 1.3013], [-58.9247, 1.3193], [-58.9244, 1.2886], [-58.8879, 1.2602], [-58.9127, 1.2376], [-58.8954, 1.2287], [-58.8954, 0.2635], [-60.0377, 0.2623]]]}}, {"type": "Feature", "properties": {"sigla": "PA", "nome": "Par\u00e1"}, "geometry": {"type": "MultiPolygon", "coordinates": [[[[-54.7323, -9.5264], [-56.6718, -9.3674], [-56.7572, -9.4058], [-56.7754, -9.3249], [-56.8159, -9.2496], [-56.8622, -9.2317], [-56.8781, -9.2401], [-56.9662, -9.2173], [-56.9932, -9.2333], [-57.0236, -9.2196], [-57.0606, -9.1773], [-57.04, -9.0938], [-57.0944, -9.0187], [-57.1341, -9.0004], [-57.1974, -8.9236], [-57.2483, -8.9091], [-57.3024, -8.9152], [-57.3155, -8.8849], [-57.3877, -8.8808], [-57.4198, -8.8554], [-57.4241, -8.7842], [-57.4663, -8.7843], [-57.5255, -8.7465], [-57.5836, -8.7607], [-57.5993, -8.7409], [-57.5973, -8.6907], [-57.6259, -8.6355], [-57.6207, -8.5938], [-57.649, -8.5722], [-57.6327, -8.5195], [-57.6571, -8.502], [-57.6553, -8.465], [-57.6889, -8.4074], [-57.6666, -8.3668], [-57.6782, -8.3114], [-57.6402, -8.2096], [-57.669, -8.1756], [-57.7156, -8.1581], [-57.7245, -8.0968], [-57.782, -8.0474], [-57.8253, -7.9812], [-57.8978, -7.6743], [-57.9418, -7.65], [-57.9739, -7.5359], [-58.0571, -7.4105], [-58.1681, -7.3183], [-58.1751, -7.2147], [-58.2132, -7.1311], [-58.2466, -7.0849], [-58.2825, -7.0745], [-58.336, -6.984], [-58.3803, -6.9697], [-58.4339, -6.9041], [-58.4802, -6.7849], [-58.469, -6.6733], [-58.4213, -6.6015], [-58.3469, -6.5593], [-58.3274, -6.5173], [-58.2575, -6.4608], [-56.4021, -2.4566], [-56.4644, -2.4316], [-56.4031, -2.2944], [-56.377, -2.2581], [-56.2932, -2.239], [-56.152, -2.1475], [-56.0817, -2.074], [-56.0725, -2.0294], [-56.0867, -2.0043], [-56.1299, -2.0352], [-56.2279, -2.0556], [-56.2569, -2.0879], [-56.2991, -2.1015], [-56.324, -2.1459], [-56.3522, -2.1566], [-56.379, -2.1384], [-56.3941, -2.1783], [-56.4513, -2.1508], [-56.4628, -2.1545], [-56.4525, -2.1689], [-56.4781, -2.1727], [-56.5285, -2.1391], [-56.5763, -2.1777], [-56.6005, -2.1736], [-56.6117, -2.2138], [-56.5982, -2.2104], [-56.6363, -2.2375], [-56.7122, -2.1824], [-56.7661, -2.1718], [-56.7583, -2.1174], [-56.7238, -2.066], [-56.7355, -2.0214], [-56.769, -2.0097], [-56.8535, -2.0195], [-56.889, -1.9765], [-56.9572, -1.9545], [-56.9806, -1.9157], [-57.0332, -1.9149], [-57.0735, -1.8369], [-57.061, -1.8106], [-57.086, -1.7797], [-57.1174, -1.7919], [-57.128, -1.7652], [-57.1645, -1.769], [-57.1676, -1.7183], [-57.2018, -1.7351], [-57.2054, -1.7103], [-57.2316, -1.7272], [-57.2604, -1.6962], [-57.2654, -1.7219], [-57.2935, -1.7078], [-57.305, -1.7319], [-57.3328, -1.7147], [-57.3527, -1.7363], [-57.3729, -1.714], [-57.3946, -1.7238], [-57.3868, -1.6969], [-57.4029, -1.6765], [-57.4371, -1.6906], [-57.4415, -1.6644], [-57.4741, -1.6784], [-57.507, -1.6411], [-57.5294, -1.6543], [-57.5239, -1.6283], [-57.5971, -1.5997], [-57.5902, -1.5801], [-57.603, -1.5718], [-57.6222, -1.5887], [-57.6609, -1.5804], [-57.6795, -1.5951], [-57.7078, -1.5739], [-57.7142, -1.503], [-57.7821, -1.5098], [-57.7742, -1.4858], [-57.7971, -1.4869], [-57.8251, -1.4383], [-57.913, -1.4284], [-57.9143, -1.4042], [-57.9607, -1.403], [-57.9567, -1.3798], [-57.9758, -1.3746], [-57.972, -1.358], [-57.9919, -1.3534], [-58.0012, -1.3307], [-57.9748, -1.2289], [-57.9617, -1.2222], [-57.9767, -1.1919], [-57.9672, -1.17], [-58.0128, -1.1366], [-58.0195, -1.1031], [-58.059, -1.1057], [-58.0864, -1.1546], [-58.1243, -1.164], [-58.1185, -1.1865], [-58.1573, -1.2315], [-58.2569, -1.1307], [-58.3206, -1.1456], [-58.3592, -1.1062], [-58.3655, -1.0691], [-58.4291, -1.0292], [-58.4109, -0.9806], [-58.4494, -0.9329], [-58.4407, -0.8748], [-58.489, -0.8602], [-58.4918, -0.8326], [-58.5346, -0.8305], [-58.6349, -0.7193], [-58.6645, -0.7174], [-58.7067, -0.6803], [-58.7379, -0.6167], [-58.7298, -0.5638], [-58.7096, -0.5452], [-58.7373, -0.4718], [-58.7253, -0.4393], [-58.7849, -0.3886], [-58.8448, -0.3698], [-58.8751, -0.3367], [-58.8648, -0.2706], [-58.8819, -0.2023], [-58.862, -0.1604], [-58.8618, -0.0842], [-58.8857, -0.0644], [-58.8951, -0.0174], [-58.8949, 1.2313], [-58.8609, 1.2048], [-58.8565, 1.1825], [-58.8305, 1.1877], [-58.8235, 1.1693], [-58.7315, 1.2085], [-58.7087, 1.2945], [-58.6826, 1.2978], [-58.6634, 1.2788], [-58.6352, 1.2907], [-58.5885, 1.261], [-58.566, 1.2964], [-58.5436, 1.2911], [-58.5216, 1.2559], [-58.513, 1.2772], [-58.4978, 1.2663], [-58.4569, 1.3726], [-58.5068, 1.4024], [-58.5115, 1.4616], [-58.4469, 1.4559], [-58.3726, 1.4758], [-58.3955, 1.5257], [-58.3412, 1.5511], [-58.3284, 1.6011], [-58.3135, 1.5914], [-58.3199, 1.565], [-58.2604, 1.5695], [-58.2335, 1.5455], [-58.1919, 1.5728], [-58.16, 1.5601], [-58.1491, 1.5075], [-58.1301, 1.4978], [-58.0975, 1.5136], [-58.0696, 1.5067], [-58.0641, 1.5252], [-58.0072, 1.5033], [-57.9777, 1.5698], [-57.9777, 1.6256], [-58.0037, 1.6439], [-57.9939, 1.6606], [-57.9262, 1.6398], [-57.894, 1.6748], [-57.8575, 1.6753], [-57.8497, 1.6886], [-57.8013, 1.6817], [-57.795, 1.7238], [-57.7769, 1.7275], [-57.716, 1.7093], [-57.7044, 1.7216], [-57.6533, 1.6795], [-57.5965, 1.7029], [-57.5566, 1.6898], [-57.5417, 1.7214], [-57.5147, 1.7241], [-57.4999, 1.7927], [-57.446, 1.8095], [-57.4357, 1.9066], [-57.3679, 1.9242], [-57.3574, 1.9738], [-57.317, 1.9792], [-57.3073, 1.9996], [-57.2685, 1.9831], [-57.2762, 1.9683], [-57.2336, 1.9377], [-57.199, 1.9926], [-57.1534, 1.9928], [-57.1178, 2.0326], [-57.0988, 2.0206], [-57.087, 2.0296], [-57.0649, 1.9524], [-57.0373, 1.9553], [-57.006, 1.9081], [-56.9748, 1.9017], [-56.9204, 1.9348], [-56.9055, 1.8983], [-56.8302, 1.8886], [-56.7965, 1.8698], [-56.7944, 1.8498], [-56.7202, 1.9238], [-56.6661, 1.9115], [-56.6194, 1.9453], [-56.5831, 1.905], [-56.562, 1.9062], [-56.4966, 1.9338], [-56.4864, 1.9538], [-56.45, 1.9564], [-56.3933, 1.9214], [-56.3616, 1.944], [-56.3376, 1.9389], [-56.2471, 1.8784], [-56.2334, 1.9007], [-56.17, 1.9024], [-56.1161, 1.8553], [-55.9802, 1.8388], [-55.8953, 1.895], [-55.9342, 1.986], [-55.9261, 1.9988], [-55.9081, 1.9921], [-55.8998, 2.0418], [-55.9322, 2.057], [-55.9274, 2.0792], [-55.9653, 2.0881], [-55.9997, 2.1675], [-56.0529, 2.1842], [-56.0333, 2.2168], [-56.0469, 2.2352], [-56.0759, 2.2363], [-56.0856, 2.2511], [-56.0986, 2.2402], [-56.1389, 2.2672], [-56.0927, 2.3222], [-56.0903, 2.3678], [-56.0493, 2.3353], [-56.0208, 2.3451], [-56.0392, 2.3624], [-55.9874, 2.4152], [-55.986, 2.4312], [-56.0125, 2.4463], [-55.9768, 2.4844], [-55.9939, 2.5011], [-55.9784, 2.525], [-55.9218, 2.5282], [-55.9221, 2.5134], [-55.8996, 2.5156], [-55.8457, 2.4635], [-55.7648, 2.4553], [-55.7495, 2.4101], [-55.7184, 2.4003], [-55.6946, 2.4201], [-55.6392, 2.4153], [-55.5862, 2.4359], [-55.5692, 2.4239], [-55.4598, 2.4462], [-55.429, 2.4336], [-55.4034, 2.4451], [-55.4015, 2.4166], [-55.3773, 2.41], [-55.3451, 2.4486], [-55.3681, 2.4665], [-55.3648, 2.4848], [-55.3489, 2.4779], [-55.3518, 2.5054], [-55.3154, 2.5302], [-55.292, 2.5131], [-55.2784, 2.5224], [-55.2633, 2.4856], [-55.2484, 2.4859], [-55.2256, 2.5171], [-55.214, 2.5004], [-55.1983, 2.5068], [-55.2071, 2.5235], [-55.184, 2.5349], [-55.1915, 2.558], [-55.1537, 2.577], [-55.1474, 2.5627], [-55.123, 2.5681], [-55.1183, 2.5163], [-55.0939, 2.5367], [-55.0742, 2.5259], [-55.0096, 2.5935], [-54.971, 2.6003], [-54.9388, 2.6324], [-54.9332, 2.5896], [-54.9538, 2.5896], [-54.9717, 2.5665], [-54.9106, 2.4879], [-54.8739, 2.4734], [-54.8756, 2.4163], [-54.8098, 2.3464], [-54.7958, 2.3169], [-54.813, 2.2685], [-54.7613, 2.2045], [-54.8074, 2.1429], [-54.8132, 2.0697], [-54.8035, 2.0262], [-54.7538, 1.974], [-54.7743, 1.9411], [-54.7524, 1.8496], [-54.7348, 1.8343], [-54.7558, 1.7989], [-54.7451, 1.7778], [-54.6691, 1.7677], [-54.572, 1.7874], [-54.4967, 1.7471], [-54.4243, 1.7631], [-54.3862, 1.7476], [-54.3754, 1.7663], [-54.3439, 1.7409], [-54.3084, 1.7418], [-54.3151, 1.7334], [-54.2801, 1.7252], [-54.2916, 1.7087], [-54.2688, 1.7139], [-54.2636, 1.6847], [-54.2272, 1.6772], [-54.1903, 1.6271], [-54.1814, 1.6586], [-54.1453, 1.6445], [-54.1207, 1.6061], [-54.1335, 1.5958], [-54.1192, 1.5833], [-54.1014, 1.5933], [-54.1167, 1.5593], [-54.0852, 1.5296], [-54.086, 1.4895], [-54.0277, 1.5008], [-54.0274, 1.5173], [-54.0082, 1.521], [-53.9907, 1.5014], [-53.9937, 1.4707], [-53.9631, 1.4791], [-53.9512, 1.4628], [-53.9255, 1.4642], [-53.9393, 1.432], [-53.8986, 1.4511], [-53.8803, 1.4343], [-53.8914, 1.4003], [-53.8501, 1.4032], [-53.8569, 1.3888], [-53.8144, 1.3882], [-53.8289, 1.4104], [-53.8127, 1.4192], [-53.7415, 1.383], [-53.7231, 1.4014], [-53.7282, 1.4284], [-53.7029, 1.4173], [-53.7208, 1.3802], [-53.6906, 1.3836], [-53.684, 1.3695], [-53.6546, 1.4043], [-53.6613, 1.3365], [-53.6018, 1.355], [-53.5794, 1.3344], [-53.5672, 1.348], [-53.5465, 1.339], [-53.5401, 1.3192], [-53.5706, 1.3011], [-53.5309, 1.262], [-53.5537, 1.2268], [-53.5446, 1.211], [-53.4361, 1.2486], [-53.4073, 1.1661], [-53.4194, 1.1532], [-53.4487, 1.1591], [-53.467, 1.1377], [-53.4623, 1.0837], [-53.4281, 1.0397], [-53.436, 1.0066], [-53.4208, 0.9912], [-53.4189, 0.9338], [-53.3018, 0.8521], [-53.2708, 0.8004], [-53.2031, 0.7698], [-53.1519, 0.6945], [-53.1115, 0.6793], [-53.1566, 0.5848], [-53.1592, 0.4779], [-53.183, 0.4493], [-53.1664, 0.3934], [-53.181, 0.3732], [-53.1397, 0.3248], [-53.1404, 0.294], [-53.0946, 0.2589], [-53.1095, 0.2355], [-53.0973, 0.1952], [-53.0138, 0.0956], [-53.016, 0.0514], [-52.9848, 0.0404], [-52.9359, -0.1439], [-52.8437, -0.1465], [-52.8297, -0.1846], [-52.7584, -0.2338], [-52.7416, -0.2791], [-52.7003, -0.2896], [-52.6707, -0.3224], [-52.6853, -0.3295], [-52.679, -0.3673], [-52.6956, -0.3789], [-52.6788, -0.4234], [-52.7037, -0.4573], [-52.6951, -0.5071], [-52.6415, -0.5918], [-52.5504, -0.5713], [-52.5149, -0.6179], [-52.5105, -0.6529], [-52.5241, -0.6638], [-52.497, -0.7308], [-52.5271, -0.7769], [-52.5177, -0.815], [-52.5476, -0.8489], [-52.4914, -0.8493], [-52.4548, -0.8237], [-52.4009, -0.8722], [-52.3996, -0.911], [-52.4368, -0.9351], [-52.4141, -0.9848], [-52.4257, -1.0486], [-52.3968, -1.0425], [-52.3455, -1.0699], [-52.327, -1.1183], [-52.1224, -1.1474], [-52.1095, -1.2238], [-52.06, -1.2331], [-52.0639, -1.177], [-51.988, -1.1668], [-51.9796, -1.1527], [-51.9949, -1.1278], [-51.9836, -1.1163], [-51.9628, -1.1261], [-51.9559, -1.1668], [-51.9254, -1.1304], [-51.8875, -1.1671], [-51.8063, -1.1536], [-51.7649, -1.0894], [-51.6955, -1.0417], [-51.681, -1.0059], [-51.6993, -0.763], [-51.5502, -0.592], [-51.4698, -0.5342], [-51.4322, -0.4805], [-51.4238, -0.4231], [-51.3719, -0.367], [-51.3396, -0.272], [-51.207, -0.1244], [-51.1114, -0.0934], [-51.0568, -0.0962], [-51.0248, -0.0003], [-50.9388, 0.0897], [-50.8028, 0.1161], [-50.6139, 0.2591], [-50.5327, 0.358], [-50.4515, 0.6016], [-50.3257, 0.7056], [-50.226, 0.6962], [-50.2135, 0.656], [-50.1389, 0.6206], [-50.0699, 0.6409], [-50.0393, 0.6005], [-50.0449, 0.5218], [-50.0774, 0.4634], [-50.1727, 0.3976], [-50.1678, 0.3403], [-49.9929, 0.3384], [-49.9805, 0.3605], [-49.9385, 0.3653], [-49.9098, 0.3449], [-49.9189, 0.3211], [-49.8575, 0.3378], [-49.8343, 0.3132], [-49.8091, 0.3343], [-49.6357, 0.3871], [-49.6279, 0.3712], [-49.6184, 0.3864], [-49.5769, 0.3912], [-49.5688, 0.3631], [-49.546, 0.3732], [-49.5131, 0.3056], [-49.6333, 0.2414], [-49.6927, 0.1781], [-49.6996, 0.1505], [-49.6657, 0.0966], [-49.6322, 0.0749], [-49.5769, 0.0907], [-49.3852, 0.0548], [-49.3762, 0.033], [-49.3936, 0.0313], [-49.3614, 0.0135], [-49.3571, -0.0224], [-49.391, -0.0629], [-49.4053, -0.0446], [-49.4057, -0.0526], [-49.4158, -0.0433], [-49.4226, -0.0481], [-49.3972, -0.0582], [-49.4359, -0.0933], [-49.4386, -0.1265], [-49.4222, -0.1684], [-49.3942, -0.1909], [-49.3688, -0.1925], [-49.3308, -0.1643], [-49.247, -0.1699], [-49.2012, -0.1513], [-49.1976, -0.1368], [-49.1604, -0.1571], [-49.1838, -0.1659], [-49.1505, -0.1625], [-49.1229, -0.1785], [-49.114, -0.1651], [-49.0987, -0.1799], [-49.0969, -0.1671], [-49.0624, -0.165], [-49.0298, -0.1855], [-49.0353, -0.1695], [-49.0151, -0.1641], [-48.9774, -0.2002], [-48.986, -0.2144], [-48.9818, -0.2205], [-48.9728, -0.2016], [-48.9148, -0.2361], [-48.8087, -0.2168], [-48.7419, -0.2537], [-48.6236, -0.235], [-48.4999, -0.2488], [-48.4716, -0.235], [-48.4035, -0.2563], [-48.3698, -0.3059], [-48.3923, -0.3665], [-48.4433, -0.4205], [-48.4745, -0.5033], [-48.4772, -0.6131], [-48.4942, -0.6236], [-48.477, -0.6339], [-48.4986, -0.6547], [-48.4795, -0.6612], [-48.4854, -0.7331], [-48.5122, -0.7597], [-48.501, -0.829], [-48.4747, -0.8739], [-48.4096, -0.9058], [-48.3373, -0.9213], [-48.2685, -0.9029], [-48.2318, -0.8305], [-48.1627, -0.8119], [-48.1594, -0.7896], [-48.0608, -0.6693], [-48.0429, -0.6633], [-48.0183, -0.6881], [-48.0051, -0.6861], [-47.9917, -0.6949], [-47.9839, -0.6928], [-47.9651, -0.6738], [-47.9592, -0.6505], [-47.9615, -0.6407], [-47.9402, -0.6376], [-47.9208, -0.6006], [-47.906, -0.6028], [-47.9176, -0.5617], [-47.8604, -0.5681], [-47.8677, -0.588], [-47.8464, -0.6255], [-47.8661, -0.6667], [-47.8339, -0.6738], [-47.8206, -0.6369], [-47.822, -0.5617], [-47.7973, -0.563], [-47.807, -0.5908], [-47.7975, -0.599], [-47.7859, -0.5875], [-47.7618, -0.6341], [-47.7733, -0.5613], [-47.7473, -0.5705], [-47.7481, -0.5459], [-47.7177, -0.5355], [-47.7045, -0.5464], [-47.72, -0.5503], [-47.6361, -0.602], [-47.634, -0.7009], [-47.6148, -0.6956], [-47.5848, -0.6464], [-47.5908, -0.5929], [-47.5786, -0.5792], [-47.5316, -0.6128], [-47.541, -0.6401], [-47.5274, -0.6554], [-47.5331, -0.6427], [-47.5218, -0.6445], [-47.5098, -0.6998], [-47.4816, -0.7391], [-47.47, -0.6938], [-47.483, -0.6012], [-47.4438, -0.5856], [-47.4163, -0.5948], [-47.4203, -0.6459], [-47.4049, -0.655], [-47.3897, -0.6281], [-47.3668, -0.625], [-47.3836, -0.6068], [-47.3219, -0.5914], [-47.2865, -0.6001], [-47.2931, -0.6314], [-47.2747, -0.6458], [-47.2578, -0.6466], [-47.2603, -0.6263], [-47.2197, -0.6328], [-47.2088, -0.6777], [-47.2335, -0.6743], [-47.2385, -0.6769], [-47.2393, -0.6782], [-47.2353, -0.6791], [-47.2457, -0.6843], [-47.2478, -0.6922], [-47.2527, -0.6912], [-47.2545, -0.6946], [-47.2443, -0.7057], [-47.234, -0.7046], [-47.2225, -0.6943], [-47.1982, -0.6978], [-47.174, -0.6754], [-47.1557, -0.7418], [-47.1196, -0.6989], [-47.1257, -0.6863], [-47.0918, -0.678], [-47.0758, -0.7077], [-47.0868, -0.7056], [-47.0971, -0.7486], [-47.0492, -0.8004], [-47.0302, -0.7676], [-47.0093, -0.774], [-46.9825, -0.7218], [-46.9934, -0.7137], [-46.9643, -0.7076], [-46.9486, -0.7309], [-46.9679, -0.766], [-46.9413, -0.8083], [-46.9332, -0.8682], [-46.9235, -0.8671], [-46.9152, -0.8591], [-46.9135, -0.8223], [-46.8845, -0.8094], [-46.8805, -0.7667], [-46.8536, -0.7693], [-46.8717, -0.7475], [-46.8483, -0.7392], [-46.8278, -0.7683], [-46.8324, -0.8358], [-46.809, -0.8325], [-46.8065, -0.8718], [-46.822, -0.8954], [-46.8159, -0.91], [-46.8069, -0.9168], [-46.8152, -0.8912], [-46.7637, -0.8176], [-46.743, -0.8196], [-46.7384, -0.8436], [-46.7002, -0.8457], [-46.6593, -0.8167], [-46.6704, -0.7926], [-46.6439, -0.7927], [-46.6327, -0.8228], [-46.6226, -0.8038], [-46.5978, -0.8483], [-46.6447, -0.8992], [-46.6206, -0.9311], [-46.6403, -0.9746], [-46.6084, -0.9575], [-46.5724, -0.9699], [-46.5571, -0.9192], [-46.5334, -0.899], [-46.5319, -0.9806], [-46.5104, -0.9485], [-46.504, -0.8829], [-46.4899, -0.8745], [-46.4645, -0.8893], [-46.4666, -0.8743], [-46.4397, -0.8824], [-46.4271, -0.8659], [-46.414, -0.8849], [-46.4429, -0.909], [-46.46, -0.9035], [-46.4814, -0.9188], [-46.488, -0.9373], [-46.4688, -0.935], [-46.4667, -0.9522], [-46.4817, -0.9494], [-46.476, -0.9636], [-46.4973, -0.9769], [-46.469, -0.9825], [-46.4699, -1.0257], [-46.4335, -1.026], [-46.3951, -0.9965], [-46.3926, -1.0276], [-46.3852, -1.0401], [-46.3464, -1.0094], [-46.3331, -1.0439], [-46.3502, -1.0893], [-46.3459, -1.1068], [-46.3172, -1.0208], [-46.2661, -0.9627], [-46.2542, -0.9097], [-46.2022, -0.8909], [-46.18, -0.9257], [-46.1845, -0.9467], [-46.2034, -0.9386], [-46.2176, -0.9594], [-46.1985, -0.9566], [-46.219, -0.9925], [-46.2128, -1.0307], [-46.1859, -1.036], [-46.1694, -1.0014], [-46.1367, -1.0535], [-46.0838, -1.0211], [-46.0712, -1.0342], [-46.0805, -1.0678], [-46.0513, -1.1066], [-46.0918, -1.1657], [-46.0928, -1.1973], [-46.1516, -1.227], [-46.1407, -1.2497], [-46.1607, -1.2853], [-46.15, -1.3077], [-46.13, -1.3108], [-46.1275, -1.3349], [-46.104, -1.3365], [-46.1535, -1.4196], [-46.1399, -1.444], [-46.1762, -1.4759], [-46.1449, -1.5154], [-46.133, -1.5802], [-46.1547, -1.5935], [-46.1475, -1.6111], [-46.1646, -1.6283], [-46.1563, -1.6803], [-46.2203, -1.731], [-46.2455, -1.7205], [-46.3062, -1.7295], [-46.3218, -1.7601], [-46.3116, -1.8055], [-46.2546, -1.7953], [-46.2272, -1.8045], [-46.2104, -1.8332], [-46.2443, -1.8818], [-46.2222, -1.9129], [-46.2517, -2.0231], [-46.2745, -2.0558], [-46.2713, -2.1172], [-46.2985, -2.1427], [-46.2826, -2.1544], [-46.3751, -2.2447], [-46.3913, -2.2498], [-46.4105, -2.2286], [-46.4313, -2.2365], [-46.4154, -2.2721], [-46.4319, -2.335], [-46.467, -2.3763], [-46.455, -2.3857], [-46.4295, -2.3631], [-46.4093, -2.3692], [-46.4417, -2.4213], [-46.4368, -2.5149], [-46.4193, -2.5316], [-46.492, -2.5384], [-46.5025, -2.555], [-46.4873, -2.574], [-46.5105, -2.5907], [-46.5072, -2.6173], [-46.5787, -2.6316], [-46.595, -2.6663], [-46.6068, -2.6395], [-46.6222, -2.6449], [-46.6348, -2.6863], [-46.6503, -2.6808], [-46.6709, -2.7052], [-46.6745, -2.7331], [-46.6538, -2.7293], [-46.6517, -2.7581], [-46.6362, -2.7554], [-46.6377, -2.7927], [-46.6257, -2.8066], [-46.6024, -2.7897], [-46.5961, -2.8265], [-46.5761, -2.8419], [-46.6146, -2.8295], [-46.6125, -2.8582], [-46.641, -2.8522], [-46.6394, -2.8837], [-46.6809, -2.883], [-46.6541, -2.9312], [-46.6727, -2.9467], [-46.6477, -2.9701], [-46.6634, -2.9752], [-46.6505, -2.997], [-46.6742, -2.9988], [-46.6585, -3.0113], [-46.677, -3.0347], [-46.6767, -3.0951], [-46.7064, -3.1002], [-46.7093, -3.128], [-46.7192, -3.1093], [-46.7484, -3.1223], [-46.7201, -3.1537], [-46.7495, -3.1661], [-46.7522, -3.1898], [-46.7729, -3.1785], [-46.7582, -3.1942], [-46.7721, -3.2035], [-46.755, -3.2159], [-46.7793, -3.2175], [-46.7858, -3.2475], [-46.8065, -3.2451], [-46.8024, -3.2668], [-46.8206, -3.2752], [-46.8112, -3.2904], [-46.8272, -3.2977], [-46.8151, -3.3116], [-46.8503, -3.3188], [-46.859, -3.3433], [-46.8695, -3.327], [-46.8758, -3.3467], [-46.8903, -3.3356], [-46.9055, -3.3677], [-46.9448, -3.3774], [-46.9403, -3.4214], [-46.9569, -3.4263], [-46.9421, -3.4476], [-46.9564, -3.4611], [-46.9487, -3.4775], [-46.9699, -3.474], [-46.9609, -3.4969], [-46.9828, -3.4955], [-46.976, -3.53], [-47.0043, -3.5346], [-47.0186, -3.5656], [-47.0394, -3.5628], [-47.0273, -3.5994], [-47.0572, -3.6553], [-47.0376, -3.6685], [-47.0552, -3.6849], [-47.0471, -3.7073], [-47.0666, -3.7611], [-47.056, -3.7691], [-47.0888, -3.8276], [-47.0857, -3.8565], [-47.1088, -3.8819], [-47.133, -3.8795], [-47.1328, -3.9001], [-47.1485, -3.896], [-47.1489, -3.9146], [-47.1731, -3.9233], [-47.1886, -3.9833], [-47.2024, -3.9744], [-47.2224, -4.0004], [-47.2408, -3.9987], [-47.3062, -4.06], [-47.321, -4.0489], [-47.3511, -4.1162], [-47.3409, -4.1765], [-47.3662, -4.1816], [-47.3725, -4.2456], [-47.475, -4.3151], [-47.4763, -4.356], [-47.503, -4.4053], [-47.6118, -4.5568], [-47.6783, -4.6078], [-47.7942, -4.586], [-47.8155, -4.6237], [-48.4182, -5.0825], [-48.4373, -5.0736], [-48.4532, -5.1101], [-48.7634, -5.3494], [-48.7467, -5.3712], [-48.6941, -5.3772], [-48.6044, -5.4188], [-48.5047, -5.4298], [-48.4255, -5.3997], [-48.3698, -5.4062], [-48.3113, -5.5259], [-48.2283, -5.556], [-48.1553, -5.6081], [-48.14, -5.6475], [-48.1797, -5.7138], [-48.2755, -5.7267], [-48.2973, -5.764], [-48.2889, -5.8464], [-48.2386, -5.9058], [-48.2299, -5.9429], [-48.3088, -5.9739], [-48.3348, -6.0033], [-48.3362, -6.0353], [-48.3052, -6.0443], [-48.2848, -6.0703], [-48.294, -6.1072], [-48.3595, -6.1485], [-48.4174, -6.1522], [-48.4339, -6.1785], [-48.4184, -6.2954], [-48.3753, -6.3451], [-48.3839, -6.3795], [-48.4476, -6.3466], [-48.5069, -6.3487], [-48.5344, -6.3938], [-48.6115, -6.4512], [-48.6655, -6.5358], [-48.6507, -6.631], [-48.6747, -6.6697], [-48.7297, -6.6888], [-48.7977, -6.7456], [-49.0101, -6.7847], [-49.1079, -6.8644], [-49.1974, -6.9139], [-49.2053, -6.9934], [-49.1862, -7.0621], [-49.1848, -7.2524], [-49.2273, -7.3232], [-49.3708, -7.4881], [-49.3828, -7.5609], [-49.3347, -7.6725], [-49.1953, -7.7848], [-49.1477, -7.803], [-49.1649, -7.8398], [-49.1652, -7.9515], [-49.181, -7.972], [-49.1711, -8.0366], [-49.2189, -8.1057], [-49.2089, -8.1819], [-49.2536, -8.2623], [-49.2794, -8.375], [-49.3339, -8.4034], [-49.3848, -8.4631], [-49.4065, -8.5785], [-49.4571, -8.6205], [-49.5632, -8.7995], [-49.6085, -8.8444], [-49.6755, -8.8541], [-49.7397, -8.8861], [-49.7848, -8.9766], [-49.8447, -9.0304], [-49.8576, -9.0905], [-49.8892, -9.1212], [-49.9108, -9.1835], [-49.9651, -9.231], [-49.9869, -9.2272], [-50.0411, -9.2918], [-50.0577, -9.3845], [-50.0921, -9.4352], [-50.1028, -9.5724], [-50.1347, -9.6096], [-50.1548, -9.7071], [-50.1875, -9.7444], [-50.2091, -9.8446], [-54.7323, -9.5264]], [[-49.535, 0.3522], [-49.535, 0.3522], [-49.535, 0.3522], [-49.535, 0.3522]]], [[[-49.6283, 0.2115], [-49.6024, 0.2431], [-49.5782, 0.2468], [-49.5948, 0.2219], [-49.6283, 0.2115]]], [[[-49.6171, 0.1666], [-49.6565, 0.1569], [-49.6782, 0.1751], [-49.6354, 0.2012], [-49.6067, 0.1856], [-49.6171, 0.1666]]], [[[-49.5777, 0.1957], [-49.5933, 0.1887], [-49.5967, 0.1975], [-49.5777, 0.1957]]], [[[-49.4939, 0.1385], [-49.4531, 0.1227], [-49.4532, 0.1156], [-49.495, 0.1261], [-49.4939, 0.1385]]], [[[-49.3618, 0.1137], [-49.3667, 0.1139], [-49.3607, 0.1181], [-49.3618, 0.1137]]], [[[-49.1646, 0.0525], [-49.1747, 0.0539], [-49.1627, 0.0623], [-49.1646, 0.0525]]], [[[-49.171, -0.1342], [-49.1667, -0.1446], [-49.1752, -0.1395], [-49.171, -0.1342]]], [[[-49.1514, -0.1427], [-49.1279, -0.1446], [-49.1216, -0.1603], [-49.1428, -0.1621], [-49.1514, -0.1427]]], [[[-49.0306, -0.1323], [-49.0303, -0.1346], [-49.033, -0.1373], [-49.0306, -0.1323]]], [[[-48.9685, -0.1935], [-48.985, -0.1851], [-48.9859, -0.1741], [-48.9721, -0.1831], [-48.9685, -0.1935]]], [[[-48.9443, -0.1747], [-48.9405, -0.1817], [-48.9475, -0.1854], [-48.9443, -0.1747]]], [[[-48.8743, -0.1692], [-48.8794, -0.1802], [-48.8872, -0.1666], [-48.8803, -0.1839], [-48.864, -0.1899], [-48.8721, -0.2039], [-48.947, -0.2111], [-48.9315, -0.1645], [-48.9042, -0.1543], [-48.8743, -0.1692]]], [[[-48.7555, -0.1673], [-48.7649, -0.1918], [-48.7704, -0.1809], [-48.7555, -0.1673]]], [[[-48.7225, -0.1758], [-48.7255, -0.1767], [-48.7262, -0.1743], [-48.7225, -0.1758]]], [[[-48.4256, -0.8023], [-48.4302, -0.8087], [-48.4273, -0.8009], [-48.4256, -0.8023]]], [[[-48.0157, -0.6671], [-48.0071, -0.6785], [-48.0114, -0.6852], [-48.0157, -0.6671]]], [[[-47.9923, -0.6845], [-47.9964, -0.6816], [-47.9951, -0.6785], [-47.9923, -0.6845]]], [[[-47.9815, -0.6735], [-47.9848, -0.6575], [-47.9724, -0.6527], [-47.9736, -0.6639], [-47.9815, -0.6735]]], [[[-47.9606, -0.6483], [-47.9659, -0.6461], [-47.9623, -0.6438], [-47.9606, -0.6483]]], [[[-47.9178, -0.5926], [-47.9212, -0.5952], [-47.9211, -0.5916], [-47.9178, -0.5926]]], [[[-47.8484, -0.5881], [-47.8552, -0.5969], [-47.8622, -0.59], [-47.8484, -0.5881]]], [[[-47.8401, -0.6614], [-47.8469, -0.665], [-47.8419, -0.6562], [-47.8401, -0.6614]]], [[[-47.8353, -0.6568], [-47.8387, -0.6566], [-47.8375, -0.6559], [-47.8353, -0.6568]]], [[[-47.8302, -0.6345], [-47.8237, -0.6358], [-47.8279, -0.6486], [-47.8302, -0.6345]]], [[[-47.8006, -0.5866], [-47.8034, -0.5893], [-47.8021, -0.586], [-47.8006, -0.5866]]], [[[-47.7972, -0.5861], [-47.7955, -0.5967], [-47.797, -0.5962], [-47.7972, -0.5861]]], [[[-47.7747, -0.5878], [-47.7842, -0.586], [-47.7791, -0.5816], [-47.7747, -0.5878]]], [[[-47.2442, -0.6956], [-47.2498, -0.6977], [-47.2524, -0.6938], [-47.2447, -0.6941], [-47.2412, -0.6866], [-47.2442, -0.6956]]], [[[-47.2343, -0.6879], [-47.2375, -0.6878], [-47.2342, -0.6866], [-47.2343, -0.6879]]], [[[-47.2336, -0.6751], [-47.2367, -0.6772], [-47.2372, -0.6766], [-47.2336, -0.6751]]], [[[-47.2335, -0.7037], [-47.2315, -0.6975], [-47.2285, -0.6965], [-47.2335, -0.7037]]], [[[-47.2129, -0.6907], [-47.2162, -0.6897], [-47.2119, -0.689], [-47.2129, -0.6907]]], [[[-47.1529, -0.7314], [-47.1554, -0.7304], [-47.1548, -0.7298], [-47.1529, -0.7314]]], [[[-47.1315, -0.697], [-47.1409, -0.6966], [-47.1308, -0.6941], [-47.1315, -0.697]]], [[[-47.1144, -0.6791], [-47.1298, -0.6854], [-47.1228, -0.6782], [-47.1144, -0.6791]]], [[[-46.9225, -0.8567], [-46.9214, -0.8632], [-46.9248, -0.862], [-46.9225, -0.8567]]], [[[-46.7572, -0.8144], [-46.7582, -0.8115], [-46.7565, -0.8131], [-46.7572, -0.8144]]], [[[-46.7607, -0.803], [-46.763, -0.8007], [-46.7568, -0.7994], [-46.7607, -0.803]]], [[[-46.7591, -0.8077], [-46.7644, -0.814], [-46.7659, -0.8117], [-46.7591, -0.8077]]], [[[-46.7351, -0.7832], [-46.7126, -0.796], [-46.7193, -0.7999], [-46.7351, -0.7832]]], [[[-46.6099, -0.9509], [-46.6224, -0.9579], [-46.6272, -0.9592], [-46.6215, -0.9472], [-46.6099, -0.9509]]], [[[-46.5306, -0.9477], [-46.5192, -0.9526], [-46.5301, -0.9655], [-46.5306, -0.9477]]], [[[-46.525, -0.9366], [-46.5115, -0.9474], [-46.5173, -0.9512], [-46.525, -0.9366]]], [[[-46.5072, -0.8941], [-46.5104, -0.8917], [-46.5066, -0.8912], [-46.5072, -0.8941]]], [[[-46.4797, -0.9729], [-46.4835, -0.9716], [-46.4796, -0.972], [-46.4797, -0.9729]]], [[[-46.4689, -0.9663], [-46.4756, -0.9682], [-46.4693, -0.9645], [-46.4689, -0.9663]]], [[[-46.4575, -0.9068], [-46.4609, -0.9149], [-46.4619, -0.9149], [-46.4616, -0.9093], [-46.4575, -0.9068]]], [[[-46.4352, -1.0161], [-46.4471, -1.0135], [-46.4336, -1.0085], [-46.4352, -1.0161]]], [[[-46.4158, -0.9434], [-46.4084, -0.9655], [-46.4362, -0.9901], [-46.4158, -0.9434]]], [[[-46.3843, -1.0369], [-46.3897, -1.027], [-46.387, -1.0229], [-46.3829, -1.0263], [-46.3843, -1.0369]]], [[[-46.3782, -1.0032], [-46.3807, -1.022], [-46.3841, -1.007], [-46.3782, -1.0032]]], [[[-46.3123, -0.937], [-46.3084, -0.9986], [-46.3139, -1.0069], [-46.3369, -0.9604], [-46.3123, -0.937]]], [[[-46.1973, -0.9423], [-46.2054, -0.951], [-46.2096, -0.9513], [-46.1973, -0.9423]]], [[[-46.1965, -0.9497], [-46.1968, -0.9467], [-46.1942, -0.9478], [-46.1965, -0.9497]]], [[[-46.1452, -0.9425], [-46.1529, -0.934], [-46.1462, -0.9275], [-46.1452, -0.9425]]]]}}, {"type": "Feature", "properties": {"sigla": "AP", "nome": "Amap\u00e1"}, "geometry": {"type": "MultiPolygon", "coordinates": [[[[-50.8238, 2.5228], [-50.8321, 2.5209], [-50.8243, 2.5258], [-50.8238, 2.5228]]], [[[-50.6616, 0.2221], [-50.8028, 0.1161], [-50.9388, 0.0897], [-51.0248, -0.0003], [-51.0568, -0.0962], [-51.1114, -0.0934], [-51.207, -0.1244], [-51.3396, -0.272], [-51.3719, -0.367], [-51.4238, -0.4231], [-51.4322, -0.4805], [-51.4698, -0.5342], [-51.5502, -0.592], [-51.6993, -0.763], [-51.6824, -1.0165], [-51.6977, -1.044], [-51.774, -1.0992], [-51.7959, -1.1472], [-51.8875, -1.1671], [-51.9254, -1.1304], [-51.9559, -1.1668], [-51.9628, -1.1261], [-51.9836, -1.1163], [-51.9949, -1.1278], [-51.9796, -1.1527], [-51.988, -1.1668], [-52.0621, -1.1743], [-52.0518, -1.2201], [-52.0703, -1.2362], [-52.1133, -1.2192], [-52.1232, -1.147], [-52.33, -1.1172], [-52.3455, -1.0699], [-52.3953, -1.0429], [-52.4265, -1.0472], [-52.4141, -0.9848], [-52.4368, -0.9351], [-52.3954, -0.8936], [-52.4168, -0.8505], [-52.4548, -0.8237], [-52.4914, -0.8493], [-52.5476, -0.8489], [-52.5177, -0.815], [-52.5271, -0.7769], [-52.497, -0.7308], [-52.524, -0.6644], [-52.5108, -0.643], [-52.531, -0.5863], [-52.5738, -0.5694], [-52.6395, -0.5927], [-52.6813, -0.5435], [-52.7037, -0.4573], [-52.6788, -0.4247], [-52.6956, -0.3789], [-52.679, -0.3673], [-52.6853, -0.3295], [-52.6707, -0.3224], [-52.7003, -0.2896], [-52.7416, -0.2791], [-52.7584, -0.2338], [-52.8297, -0.1846], [-52.8437, -0.1465], [-52.9359, -0.1439], [-52.9848, 0.0404], [-53.016, 0.0514], [-53.0138, 0.0956], [-53.0973, 0.1952], [-53.1095, 0.2355], [-53.0946, 0.2589], [-53.1404, 0.294], [-53.1397, 0.3248], [-53.1798, 0.37], [-53.1647, 0.4156], [-53.183, 0.4493], [-53.1592, 0.4779], [-53.1566, 0.5848], [-53.1115, 0.6793], [-53.1519, 0.6945], [-53.2031, 0.7698], [-53.2708, 0.8004], [-53.3018, 0.8521], [-53.4189, 0.9338], [-53.4208, 0.9912], [-53.436, 1.0066], [-53.4281, 1.0397], [-53.4623, 1.0837], [-53.467, 1.1377], [-53.4487, 1.1591], [-53.4194, 1.1532], [-53.4073, 1.1661], [-53.4361, 1.2486], [-53.5446, 1.211], [-53.5537, 1.2268], [-53.5309, 1.262], [-53.5706, 1.3011], [-53.5401, 1.3192], [-53.5465, 1.339], [-53.5672, 1.348], [-53.5794, 1.3344], [-53.6018, 1.355], [-53.6613, 1.3365], [-53.6546, 1.4043], [-53.684, 1.3695], [-53.6906, 1.3836], [-53.7208, 1.3802], [-53.7029, 1.4173], [-53.7282, 1.4284], [-53.7231, 1.4014], [-53.7415, 1.383], [-53.8127, 1.4192], [-53.8289, 1.4104], [-53.8144, 1.3882], [-53.8569, 1.3888], [-53.8501, 1.4032], [-53.8914, 1.4003], [-53.8803, 1.4343], [-53.8986, 1.4511], [-53.9393, 1.432], [-53.9255, 1.4642], [-53.9512, 1.4628], [-53.9631, 1.4791], [-53.9937, 1.4707], [-53.9907, 1.5014], [-54.0082, 1.521], [-54.0274, 1.5173], [-54.0277, 1.5008], [-54.086, 1.4895], [-54.0852, 1.5296], [-54.1167, 1.5593], [-54.1014, 1.5933], [-54.1192, 1.5833], [-54.1335, 1.5958], [-54.1207, 1.6061], [-54.1453, 1.6445], [-54.1814, 1.6586], [-54.1903, 1.6271], [-54.2272, 1.6772], [-54.2636, 1.6847], [-54.2688, 1.7139], [-54.2916, 1.7087], [-54.2801, 1.7252], [-54.3151, 1.7334], [-54.3084, 1.7418], [-54.3439, 1.7409], [-54.3754, 1.7663], [-54.3862, 1.7476], [-54.4243, 1.7631], [-54.4967, 1.7471], [-54.572, 1.7874], [-54.6691, 1.7677], [-54.7451, 1.7778], [-54.7558, 1.7989], [-54.7348, 1.8343], [-54.7524, 1.8496], [-54.7743, 1.9411], [-54.7538, 1.974], [-54.8035, 2.0262], [-54.8132, 2.0697], [-54.8074, 2.1429], [-54.7613, 2.2045], [-54.813, 2.2685], [-54.7958, 2.3169], [-54.8098, 2.3464], [-54.8769, 2.4253], [-54.8376, 2.4359], [-54.8134, 2.4239], [-54.7954, 2.4484], [-54.7716, 2.452], [-54.7682, 2.4774], [-54.7599, 2.4658], [-54.693, 2.4661], [-54.6837, 2.4494], [-54.7001, 2.4366], [-54.6801, 2.4234], [-54.7083, 2.4085], [-54.7175, 2.3813], [-54.6921, 2.3642], [-54.7056, 2.345], [-54.697, 2.3325], [-54.6185, 2.3175], [-54.6063, 2.338], [-54.5877, 2.3216], [-54.5428, 2.3268], [-54.5337, 2.2925], [-54.5138, 2.28], [-54.5489, 2.27], [-54.4995, 2.2523], [-54.4772, 2.2133], [-54.4489, 2.2035], [-54.4199, 2.2143], [-54.4156, 2.1948], [-54.3623, 2.2118], [-54.3649, 2.185], [-54.3392, 2.1693], [-54.3427, 2.1518], [-54.2338, 2.148], [-54.1839, 2.1787], [-54.1738, 2.1362], [-54.142, 2.113], [-54.1246, 2.1242], [-54.1011, 2.112], [-54.0656, 2.1968], [-54.0232, 2.1812], [-54.0041, 2.2042], [-53.9439, 2.2156], [-53.9344, 2.2811], [-53.9055, 2.2607], [-53.8855, 2.2739], [-53.8828, 2.3088], [-53.8133, 2.3114], [-53.8349, 2.3319], [-53.7685, 2.3755], [-53.7375, 2.3737], [-53.7509, 2.358], [-53.7208, 2.3508], [-53.7477, 2.3198], [-53.7396, 2.3058], [-53.699, 2.3112], [-53.6854, 2.2923], [-53.6692, 2.3037], [-53.6519, 2.2961], [-53.6569, 2.2795], [-53.6045, 2.2807], [-53.5427, 2.252], [-53.4624, 2.2528], [-53.4308, 2.2886], [-53.3721, 2.313], [-53.3564, 2.3479], [-53.3401, 2.352], [-53.3319, 2.3341], [-53.3192, 2.3451], [-53.3009, 2.3071], [-53.2267, 2.2636], [-53.2599, 2.2487], [-53.2583, 2.2257], [-53.2791, 2.2185], [-53.2742, 2.2099], [-53.2833, 2.1965], [-53.2806, 2.1882], [-53.2447, 2.2111], [-53.2225, 2.2011], [-53.1023, 2.2261], [-52.9876, 2.168], [-52.9439, 2.1771], [-52.9342, 2.1944], [-52.9031, 2.1862], [-52.8877, 2.2384], [-52.854, 2.2637], [-52.8585, 2.2814], [-52.661, 2.3736], [-52.6461, 2.4332], [-52.6104, 2.4522], [-52.6189, 2.4743], [-52.5955, 2.4759], [-52.5518, 2.5204], [-52.5612, 2.5503], [-52.5369, 2.5586], [-52.5272, 2.5833], [-52.5555, 2.6395], [-52.5293, 2.6516], [-52.4222, 2.891], [-52.3772, 2.9162], [-52.3951, 2.9278], [-52.3935, 2.9463], [-52.3259, 3.0778], [-52.3529, 3.1265], [-52.3315, 3.1372], [-52.3313, 3.1709], [-52.301, 3.1733], [-52.2925, 3.2264], [-52.2605, 3.253], [-52.2343, 3.2401], [-52.1908, 3.2967], [-52.0731, 3.5156], [-51.9883, 3.6277], [-51.9726, 3.7055], [-51.9227, 3.7231], [-51.9206, 3.7801], [-51.8971, 3.7844], [-51.9037, 3.7998], [-51.8727, 3.8042], [-51.7986, 3.887], [-51.7776, 3.9746], [-51.6561, 4.0539], [-51.6191, 4.2011], [-51.6375, 4.3724], [-51.6182, 4.4644], [-51.6051, 4.4768], [-51.5097, 4.4452], [-51.3904, 4.3664], [-51.22, 4.162], [-51.1786, 4.0512], [-51.1758, 3.8965], [-51.1087, 3.9136], [-51.0764, 3.898], [-51.0795, 3.4889], [-51.1032, 3.4444], [-51.0306, 3.2069], [-51.0428, 3.135], [-51.0111, 3.0834], [-51.0177, 3.0396], [-50.9975, 3.0104], [-50.9851, 2.9389], [-50.9468, 2.8803], [-50.9478, 2.8024], [-50.9274, 2.8065], [-50.9039, 2.7863], [-50.9043, 2.7537], [-50.8828, 2.7414], [-50.8845, 2.685], [-50.8449, 2.6379], [-50.8335, 2.5053], [-50.7946, 2.4983], [-50.7694, 2.4507], [-50.7717, 2.4062], [-50.7234, 2.285], [-50.7268, 2.237], [-50.68, 2.1744], [-50.6819, 2.1334], [-50.6037, 2.073], [-50.5827, 1.9896], [-50.4448, 1.815], [-50.4005, 1.8003], [-50.3246, 1.8154], [-50.1609, 1.8143], [-49.9303, 1.704], [-49.9016, 1.6273], [-49.8671, 1.389], [-49.8819, 1.3832], [-49.8705, 1.3788], [-49.8718, 1.3421], [-49.9135, 1.2584], [-49.8769, 1.1666], [-49.9092, 1.1309], [-49.9056, 1.0236], [-49.9276, 0.9757], [-49.9739, 0.9507], [-50.0139, 0.8759], [-50.0513, 0.8486], [-50.0329, 0.8509], [-50.0357, 0.8342], [-50.0932, 0.769], [-50.2204, 0.7431], [-50.226, 0.6962], [-50.3257, 0.7056], [-50.4515, 0.6016], [-50.5327, 0.358], [-50.6616, 0.2221]]], [[[-50.416, 2.1182], [-50.4548, 2.1159], [-50.5003, 2.0974], [-50.5533, 2.1527], [-50.5115, 2.1924], [-50.4649, 2.1898], [-50.4153, 2.1483], [-50.416, 2.1182]]], [[[-50.3097, 1.955], [-50.3739, 1.8826], [-50.4364, 1.8701], [-50.4969, 1.9935], [-50.5211, 2.0024], [-50.5077, 2.0889], [-50.3996, 2.1218], [-50.3594, 2.0713], [-50.3434, 1.9995], [-50.3248, 1.9938], [-50.3097, 1.955]]], [[[-49.9832, 0.8864], [-49.9897, 0.8759], [-49.994, 0.896], [-49.9832, 0.8864]]]]}}, {"type": "Feature", "properties": {"sigla": "TO", "nome": "Tocantins"}, "geometry": {"type": "Polygon", "coordinates": [[[-50.5084, -12.8529], [-50.5162, -12.8301], [-50.5382, -12.8452], [-50.5935, -12.8286], [-50.6005, -12.8155], [-50.5796, -12.7985], [-50.6254, -12.8185], [-50.6124, -12.7736], [-50.6366, -12.7736], [-50.6239, -12.7349], [-50.6379, -12.7189], [-50.6299, -12.7011], [-50.6442, -12.7022], [-50.6538, -12.6791], [-50.6451, -12.6521], [-50.6999, -12.6469], [-50.7071, -12.6063], [-50.6802, -12.5885], [-50.6886, -12.5684], [-50.6411, -12.4783], [-50.6503, -12.4546], [-50.6193, -12.4518], [-50.6504, -12.3042], [-50.6289, -12.2768], [-50.654, -12.2487], [-50.646, -12.221], [-50.6864, -12.2084], [-50.6684, -12.0714], [-50.6897, -12.045], [-50.6761, -12.0141], [-50.6852, -11.9896], [-50.6579, -11.9744], [-50.667, -11.9225], [-50.6366, -11.8878], [-50.6875, -11.8537], [-50.6855, -11.8193], [-50.7067, -11.799], [-50.7217, -11.7452], [-50.7196, -11.7268], [-50.6588, -11.6746], [-50.6573, -11.5941], [-50.7239, -11.5719], [-50.7411, -11.4427], [-50.7274, -11.3743], [-50.7032, -11.3525], [-50.7082, -11.3208], [-50.6596, -11.2555], [-50.6507, -11.2106], [-50.6672, -11.1522], [-50.6445, -11.1028], [-50.6063, -11.0733], [-50.6299, -10.932], [-50.6011, -10.8941], [-50.6222, -10.8428], [-50.5709, -10.7507], [-50.6054, -10.665], [-50.5678, -10.6154], [-50.5343, -10.5998], [-50.5135, -10.505], [-50.4824, -10.4893], [-50.4899, -10.4613], [-50.474, -10.4077], [-50.4416, -10.3859], [-50.418, -10.3408], [-50.3818, -10.2202], [-50.3917, -10.1338], [-50.2873, -10.0138], [-50.2589, -9.8882], [-50.2119, -9.8543], [-50.1875, -9.7444], [-50.1548, -9.7071], [-50.1347, -9.6096], [-50.1028, -9.5724], [-50.0921, -9.4352], [-50.0577, -9.3845], [-50.0411, -9.2918], [-49.9869, -9.2272], [-49.9651, -9.231], [-49.9108, -9.1835], [-49.8892, -9.1212], [-49.8576, -9.0905], [-49.8447, -9.0304], [-49.7848, -8.9766], [-49.7397, -8.8861], [-49.5812, -8.8234], [-49.493, -8.6987], [-49.4571, -8.6205], [-49.4065, -8.5785], [-49.3848, -8.4631], [-49.3339, -8.4034], [-49.2958, -8.392], [-49.277, -8.3689], [-49.2536, -8.2623], [-49.2089, -8.1819], [-49.2185, -8.1041], [-49.1711, -8.0366], [-49.181, -7.972], [-49.1652, -7.9515], [-49.1649, -7.8398], [-49.1477, -7.803], [-49.1953, -7.7848], [-49.3347, -7.6725], [-49.3827, -7.5549], [-49.3708, -7.4881], [-49.2273, -7.3232], [-49.1848, -7.2524], [-49.1862, -7.0621], [-49.2053, -6.9934], [-49.1974, -6.9139], [-49.1079, -6.8644], [-49.0101, -6.7847], [-48.7977, -6.7456], [-48.7297, -6.6888], [-48.6747, -6.6697], [-48.6507, -6.631], [-48.6655, -6.5358], [-48.6115, -6.4512], [-48.5344, -6.3938], [-48.5069, -6.3487], [-48.4476, -6.3466], [-48.3839, -6.3795], [-48.3753, -6.3451], [-48.4184, -6.2954], [-48.4339, -6.1785], [-48.4174, -6.1522], [-48.3595, -6.1485], [-48.294, -6.1072], [-48.2848, -6.0703], [-48.3052, -6.0443], [-48.3362, -6.0353], [-48.3348, -6.0033], [-48.3088, -5.9739], [-48.2299, -5.9429], [-48.2386, -5.9058], [-48.2889, -5.8464], [-48.2973, -5.764], [-48.2755, -5.7267], [-48.1797, -5.7138], [-48.14, -5.6475], [-48.1553, -5.6081], [-48.2283, -5.556], [-48.3113, -5.5259], [-48.3698, -5.4062], [-48.4255, -5.3997], [-48.5047, -5.4298], [-48.6044, -5.4188], [-48.6941, -5.3772], [-48.7467, -5.3712], [-48.7634, -5.3494], [-48.7096, -5.3524], [-48.7034, -5.3201], [-48.6773, -5.3061], [-48.6097, -5.3367], [-48.5796, -5.3019], [-48.5642, -5.2276], [-48.5327, -5.1985], [-48.419, -5.1724], [-48.3573, -5.1729], [-48.1737, -5.2604], [-48.0692, -5.2715], [-48.0066, -5.2357], [-47.9106, -5.244], [-47.8729, -5.2784], [-47.871, -5.3438], [-47.842, -5.3775], [-47.7482, -5.3801], [-47.6206, -5.4589], [-47.5579, -5.4657], [-47.4942, -5.5378], [-47.4657, -5.6645], [-47.4947, -5.7208], [-47.4379, -5.8355], [-47.4235, -5.9274], [-47.4456, -5.9859], [-47.4282, -6.04], [-47.4333, -6.1141], [-47.3782, -6.2679], [-47.4131, -6.3338], [-47.4338, -6.433], [-47.4167, -6.4884], [-47.4586, -6.5379], [-47.4663, -6.6185], [-47.4968, -6.6619], [-47.4952, -6.7579], [-47.53, -6.833], [-47.503, -6.906], [-47.5294, -6.9445], [-47.5333, -6.9879], [-47.6453, -7.1458], [-47.7167, -7.1421], [-47.7452, -7.1652], [-47.7468, -7.205], [-47.6847, -7.2441], [-47.6401, -7.3089], [-47.5914, -7.267], [-47.5343, -7.2675], [-47.4984, -7.2959], [-47.4795, -7.3307], [-47.4849, -7.3687], [-47.575, -7.4146], [-47.5907, -7.4413], [-47.5625, -7.4517], [-47.5279, -7.4345], [-47.5017, -7.4402], [-47.4744, -7.5353], [-47.4618, -7.5194], [-47.4241, -7.5311], [-47.4399, -7.5573], [-47.399, -7.57], [-47.3818, -7.6557], [-47.354, -7.6495], [-47.3744, -7.6241], [-47.3576, -7.6171], [-47.3154, -7.6607], [-47.3389, -7.6678], [-47.3318, -7.6864], [-47.3034, -7.6903], [-47.3175, -7.7034], [-47.3143, -7.7314], [-47.2753, -7.7311], [-47.2742, -7.7461], [-47.2611, -7.7424], [-47.2666, -7.7614], [-47.2472, -7.7582], [-47.2455, -7.8166], [-47.1756, -7.8564], [-47.1762, -7.8722], [-47.1432, -7.8956], [-47.1435, -7.9245], [-47.1085, -7.9369], [-47.1074, -7.9907], [-47.0622, -8.0042], [-47.0453, -8.053], [-46.9964, -8.0659], [-46.9898, -8.0479], [-46.9635, -8.0402], [-46.9534, -8.0061], [-46.9182, -7.9818], [-46.8972, -7.9867], [-46.8729, -7.9554], [-46.8671, -7.9693], [-46.831, -7.9644], [-46.7855, -7.9532], [-46.7564, -7.9236], [-46.6172, -7.8965], [-46.5636, -7.9199], [-46.4753, -8.0169], [-46.4658, -8.08], [-46.4868, -8.0968], [-46.5157, -8.1692], [-46.4886, -8.2066], [-46.5097, -8.2431], [-46.5071, -8.2702], [-46.5446, -8.3199], [-46.6442, -8.3238], [-46.7038, -8.3499], [-46.728, -8.3839], [-46.7767, -8.3643], [-46.7885, -8.4004], [-46.8022, -8.3849], [-46.8093, -8.3933], [-46.7964, -8.4168], [-46.8277, -8.403], [-46.8003, -8.4332], [-46.8169, -8.4685], [-46.8303, -8.4458], [-46.8275, -8.4613], [-46.8472, -8.4717], [-46.879, -8.4415], [-46.8674, -8.4045], [-46.8891, -8.4302], [-46.9141, -8.4243], [-46.8837, -8.4388], [-46.845, -8.4917], [-46.8463, -8.5349], [-46.9086, -8.5902], [-46.9018, -8.6172], [-46.9174, -8.6109], [-46.9137, -8.65], [-46.8835, -8.6833], [-46.9318, -8.7241], [-46.9324, -8.7476], [-46.9015, -8.7706], [-46.92, -8.8404], [-46.9096, -8.8452], [-47.0013, -8.8797], [-46.9988, -8.9048], [-46.9886, -8.8792], [-46.9668, -8.9112], [-47.044, -9.0069], [-47.0674, -9.0104], [-47.0434, -9.0266], [-47.0705, -9.062], [-47.0102, -9.0703], [-47.0073, -9.0822], [-46.9216, -9.0668], [-46.9121, -9.0827], [-46.9315, -9.0859], [-46.9318, -9.1281], [-46.8899, -9.1244], [-46.8916, -9.1405], [-46.8524, -9.1545], [-46.8507, -9.1919], [-46.8227, -9.1991], [-46.8189, -9.2601], [-46.8451, -9.2998], [-46.811, -9.3068], [-46.7586, -9.3812], [-46.7633, -9.409], [-46.6659, -9.3919], [-46.6327, -9.4116], [-46.6479, -9.4272], [-46.6446, -9.4518], [-46.5696, -9.4792], [-46.5745, -9.5207], [-46.5367, -9.5571], [-46.5923, -9.5872], [-46.613, -9.6658], [-46.6533, -9.6935], [-46.6474, -9.7304], [-46.6322, -9.7489], [-46.575, -9.7586], [-46.577, -9.8052], [-46.5094, -9.8014], [-46.4803, -9.8553], [-46.4916, -9.8701], [-46.4728, -9.8775], [-46.4775, -9.9883], [-46.4565, -10.0499], [-46.4451, -10.0774], [-46.4206, -10.0809], [-46.3839, -10.1202], [-46.3678, -10.1688], [-46.3275, -10.1837], [-46.2108, -10.1697], [-46.1633, -10.2136], [-46.0997, -10.2129], [-46.0312, -10.1761], [-46.004, -10.2617], [-45.8782, -10.2398], [-45.7941, -10.2681], [-45.7336, -10.2284], [-45.724, -10.156], [-45.6996, -10.1673], [-45.6965, -10.2585], [-45.7387, -10.3428], [-45.8273, -10.3683], [-45.8311, -10.4363], [-45.8876, -10.4493], [-45.9714, -10.5287], [-46.0194, -10.5386], [-46.0281, -10.5673], [-46.0602, -10.5749], [-46.0665, -10.6038], [-46.1563, -10.63], [-46.1674, -10.6194], [-46.2113, -10.6501], [-46.1931, -10.7016], [-46.2705, -10.7499], [-46.2637, -10.7747], [-46.2289, -10.7807], [-46.2298, -10.7943], [-46.2852, -10.8213], [-46.3035, -10.854], [-46.2899, -10.911], [-46.3132, -10.9246], [-46.3606, -10.9199], [-46.3822, -10.9512], [-46.4736, -10.9981], [-46.5129, -11.0589], [-46.4843, -11.1378], [-46.5443, -11.1935], [-46.5613, -11.1897], [-46.5606, -11.2126], [-46.6118, -11.2568], [-46.628, -11.2915], [-46.5943, -11.359], [-46.5497, -11.3812], [-46.5204, -11.484], [-46.4797, -11.5168], [-46.4459, -11.5151], [-46.4117, -11.5424], [-46.3138, -11.5399], [-46.2348, -11.5673], [-46.2031, -11.603], [-46.1274, -11.6047], [-46.0877, -11.6249], [-46.0871, -11.6427], [-46.154, -11.657], [-46.2041, -11.6506], [-46.2562, -11.6212], [-46.3149, -11.6307], [-46.2958, -11.6953], [-46.3297, -11.7375], [-46.3738, -11.7516], [-46.3231, -11.7712], [-46.352, -11.8397], [-46.3738, -11.8371], [-46.3732, -11.8723], [-46.3183, -11.8989], [-46.2854, -11.8864], [-46.2385, -11.903], [-46.1897, -11.8843], [-46.1716, -11.9014], [-46.1925, -11.9295], [-46.3257, -11.9585], [-46.3982, -12.0408], [-46.3814, -12.0568], [-46.3858, -12.0929], [-46.3683, -12.1], [-46.3914, -12.1943], [-46.369, -12.2002], [-46.3608, -12.2238], [-46.381, -12.2483], [-46.3747, -12.2902], [-46.3239, -12.3039], [-46.3496, -12.317], [-46.3528, -12.3378], [-46.2864, -12.3791], [-46.3014, -12.4162], [-46.2568, -12.4248], [-46.2552, -12.4947], [-46.1543, -12.4837], [-46.1605, -12.5282], [-46.2588, -12.5476], [-46.2803, -12.5853], [-46.2907, -12.6329], [-46.2572, -12.6566], [-46.2936, -12.6933], [-46.2653, -12.7174], [-46.2836, -12.784], [-46.2627, -12.8322], [-46.2931, -12.8599], [-46.2866, -12.8957], [-46.3052, -12.9503], [-46.2668, -12.9328], [-46.2209, -12.941], [-46.1393, -12.9098], [-46.1149, -12.9183], [-46.1947, -12.9569], [-46.3643, -12.9908], [-46.3764, -12.9635], [-46.3598, -12.9086], [-46.3652, -12.8642], [-46.4077, -12.846], [-46.4171, -12.8228], [-46.4693, -12.9566], [-46.613, -12.9476], [-46.7506, -12.9692], [-46.8194, -13.0018], [-46.8556, -13.0674], [-46.8926, -13.0527], [-46.9795, -13.1306], [-47.0015, -13.1218], [-47.0192, -13.1455], [-47.0803, -13.1614], [-47.0819, -13.1788], [-47.1326, -13.1782], [-47.136, -13.2031], [-47.1676, -13.2112], [-47.1842, -13.2046], [-47.1827, -13.1868], [-47.229, -13.194], [-47.2823, -13.2648], [-47.2964, -13.2485], [-47.3524, -13.249], [-47.374, -13.2281], [-47.4312, -13.2884], [-47.4542, -13.2495], [-47.4325, -13.2313], [-47.4844, -13.2217], [-47.4789, -13.1853], [-47.5613, -13.184], [-47.563, -13.1206], [-47.634, -13.099], [-47.6449, -13.1502], [-47.6704, -13.1687], [-47.6557, -13.1783], [-47.6693, -13.2098], [-47.6409, -13.2636], [-47.6626, -13.3043], [-47.6505, -13.3517], [-47.6231, -13.3681], [-47.6792, -13.4674], [-47.821, -13.3119], [-47.8838, -13.3202], [-47.9358, -13.2902], [-47.9657, -13.3146], [-47.9867, -13.2768], [-48.0237, -13.2793], [-48.0624, -13.2355], [-48.0795, -13.2434], [-48.0832, -13.2889], [-48.158, -13.3103], [-48.1697, -13.2996], [-48.1531, -13.2771], [-48.1685, -13.2433], [-48.1533, -13.2198], [-48.1647, -13.1888], [-48.1437, -13.1518], [-48.1888, -13.1538], [-48.1961, -13.1731], [-48.2319, -13.1683], [-48.2508, -13.1969], [-48.2879, -13.2041], [-48.308, -13.2354], [-48.3421, -13.2285], [-48.3395, -13.2467], [-48.4307, -13.2714], [-48.4418, -13.2923], [-48.475, -13.2332], [-48.4736, -13.1375], [-48.5087, -13.1289], [-48.5308, -13.1926], [-48.555, -13.2054], [-48.554, -13.3023], [-48.5857, -13.3166], [-48.5999, -13.2951], [-48.587, -13.2538], [-48.5998, -13.2385], [-48.5826, -13.2227], [-48.5778, -13.1729], [-48.5957, -13.1526], [-48.5764, -13.1231], [-48.5958, -13.1069], [-48.6021, -13.0582], [-48.6262, -13.0522], [-48.6394, -13.0146], [-48.6689, -12.9954], [-48.7181, -13.0004], [-48.7337, -12.9804], [-48.7371, -12.9202], [-48.8196, -12.8449], [-48.8427, -12.8419], [-48.8468, -12.8099], [-48.8693, -12.8025], [-48.9748, -12.9545], [-49.0218, -12.9063], [-49.0788, -12.9037], [-49.0868, -12.8881], [-49.0673, -12.8473], [-49.0998, -12.8352], [-49.117, -12.7898], [-49.1966, -12.867], [-49.2378, -12.8844], [-49.2791, -12.988], [-49.3548, -13.1034], [-49.3423, -13.1276], [-49.3552, -13.1542], [-49.3408, -13.2455], [-49.3695, -13.2746], [-49.7452, -13.0609], [-49.9455, -12.9268], [-49.9773, -12.9277], [-49.9901, -12.9445], [-50.0171, -12.9293], [-50.0394, -12.9354], [-50.0794, -12.9055], [-50.1946, -12.8915], [-50.2308, -12.8548], [-50.2925, -12.8386], [-50.3102, -12.7988], [-50.2834, -12.7179], [-50.2992, -12.681], [-50.2662, -12.6846], [-50.2684, -12.6518], [-50.2543, -12.6248], [-50.2362, -12.6239], [-50.2369, -12.5791], [-50.226, -12.5869], [-50.193, -12.5648], [-50.2295, -12.5314], [-50.218, -12.4884], [-50.1427, -12.3952], [-50.171, -12.4051], [-50.1771, -12.4235], [-50.1938, -12.4122], [-50.1851, -12.4327], [-50.3097, -12.4936], [-50.3249, -12.5069], [-50.3144, -12.5205], [-50.3287, -12.514], [-50.3332, -12.5362], [-50.3673, -12.5453], [-50.3684, -12.5744], [-50.3988, -12.6001], [-50.3918, -12.6123], [-50.418, -12.6236], [-50.413, -12.6494], [-50.4262, -12.6414], [-50.4407, -12.6523], [-50.427, -12.6526], [-50.4332, -12.6915], [-50.478, -12.7106], [-50.4663, -12.7321], [-50.4869, -12.7481], [-50.4682, -12.755], [-50.493, -12.7838], [-50.4841, -12.8102], [-50.5084, -12.8529]]]}}, {"type": "Feature", "properties": {"sigla": "MS", "nome": "Mato Grosso do Sul"}, "geometry": {"type": "MultiPolygon", "coordinates": [[[[-57.7469, -17.5464], [-57.7553, -17.5538], [-57.7571, -17.5599], [-57.7572, -17.5599], [-57.7553, -17.5538], [-57.7489, -17.5474], [-57.7469, -17.5464]]], [[[-57.6846, -17.709], [-57.6845, -17.7113], [-57.676, -17.7177], [-57.6846, -17.709]]], [[[-57.6839, -17.7082], [-57.6812, -17.7046], [-57.6821, -17.6877], [-57.671, -17.6839], [-57.6712, -17.6829], [-57.6738, -17.6813], [-57.6821, -17.6877], [-57.6839, -17.7082]]], [[[-57.6784, -17.6572], [-57.6768, -17.6555], [-57.6785, -17.6536], [-57.677, -17.6544], [-57.6768, -17.6555], [-57.6777, -17.6568], [-57.6784, -17.6572]]], [[[-57.6736, -17.6735], [-57.673, -17.6755], [-57.673, -17.6755], [-57.673, -17.6755], [-57.673, -17.6755], [-57.673, -17.6755], [-57.673, -17.6755], [-57.6719, -17.6752], [-57.6689, -17.6759], [-57.6681, -17.6751], [-57.6697, -17.6742], [-57.6736, -17.6735]]], [[[-57.6726, -17.6667], [-57.6719, -17.6705], [-57.6719, -17.6705], [-57.6719, -17.6705], [-57.6719, -17.6705], [-57.6719, -17.6705], [-57.6719, -17.6705], [-57.6719, -17.6705], [-57.6719, -17.6705], [-57.6719, -17.6705], [-57.6718, -17.6688], [-57.6726, -17.6667]]], [[[-57.6417, -17.7187], [-57.6448, -17.7186], [-57.6458, -17.7197], [-57.6458, -17.7197], [-57.6458, -17.7197], [-57.6458, -17.7197], [-57.6448, -17.7186], [-57.6434, -17.7183], [-57.6417, -17.7187]]], [[[-57.622, -17.7429], [-57.6212, -17.7457], [-57.6215, -17.7445], [-57.622, -17.7429]]], [[[-57.6131, -17.7514], [-57.6197, -17.7536], [-57.6209, -17.7578], [-57.621, -17.7549], [-57.6197, -17.7536], [-57.6136, -17.7539], [-57.6131, -17.7514]]], [[[-57.6144, -17.7809], [-57.6136, -17.7794], [-57.6136, -17.7794], [-57.6136, -17.7794], [-57.6136, -17.7794], [-57.6136, -17.7794], [-57.6123, -17.7794], [-57.6081, -17.7813], [-57.6041, -17.7807], [-57.6028, -17.7749], [-57.6026, -17.7791], [-57.6041, -17.7807], [-57.6061, -17.7815], [-57.6081, -17.7813], [-57.6136, -17.7794], [-57.6144, -17.7802], [-57.6144, -17.7809]]], [[[-57.6068, -17.8034], [-57.6068, -17.8034], [-57.6068, -17.8034], [-57.6068, -17.8034], [-57.6068, -17.8034], [-57.6068, -17.8034], [-57.6077, -17.802], [-57.6077, -17.802], [-57.6077, -17.802], [-57.6068, -17.8034]]], [[[-57.5754, -17.8127], [-57.5765, -17.8028], [-57.5782, -17.8015], [-57.5778, -17.8016], [-57.5765, -17.8028], [-57.5765, -17.8084], [-57.5754, -17.8127]]], [[[-57.5605, -17.8156], [-57.5591, -17.817], [-57.5591, -17.817], [-57.5594, -17.8164], [-57.5605, -17.8156]]], [[[-57.5572, -17.8207], [-57.5547, -17.8259], [-57.5547, -17.8259], [-57.5547, -17.8259], [-57.5553, -17.8241], [-57.5572, -17.8207]]], [[[-57.5416, -17.8335], [-57.5315, -17.8434], [-57.5312, -17.8417], [-57.5416, -17.8335]]], [[[-57.4792, -17.8612], [-57.4774, -17.8646], [-57.4802, -17.8743], [-57.4792, -17.8685], [-57.4774, -17.8646], [-57.4775, -17.8618], [-57.4792, -17.8612]]], [[[-57.4731, -17.8858], [-57.469, -17.8916], [-57.469, -17.8916], [-57.4692, -17.8911], [-57.4731, -17.8858]]], [[[-57.4493, -17.8777], [-57.4489, -17.8769], [-57.4493, -17.8773], [-57.4493, -17.8777]]], [[[-57.3674, -17.8312], [-57.3684, -17.8282], [-57.3715, -17.8264], [-57.3698, -17.8269], [-57.3684, -17.8282], [-57.3677, -17.8301], [-57.3674, -17.8312]]], [[[-57.3038, -17.8155], [-57.305, -17.8136], [-57.3068, -17.8117], [-57.3068, -17.8117], [-57.3068, -17.8117], [-57.305, -17.8136], [-57.3039, -17.8153], [-57.3038, -17.8155]]], [[[-57.2933, -17.8125], [-57.2893, -17.8133], [-57.2893, -17.8133], [-57.2893, -17.8133], [-57.2893, -17.8133], [-57.2893, -17.8133], [-57.2893, -17.8133], [-57.2909, -17.8124], [-57.2933, -17.8125]]], [[[-57.2846, -17.8135], [-57.2746, -17.8175], [-57.2773, -17.816], [-57.2846, -17.8135]]], [[[-57.2746, -17.8175], [-57.272, -17.8186], [-57.272, -17.8186], [-57.2738, -17.8179], [-57.2738, -17.8179], [-57.2746, -17.8175]]], [[[-57.2542, -17.7939], [-57.2505, -17.7949], [-57.2505, -17.7949], [-57.252, -17.7939], [-57.2542, -17.7939]]], [[[-57.24, -17.8119], [-57.2435, -17.8117], [-57.2462, -17.8118], [-57.2462, -17.8118], [-57.2462, -17.8118], [-57.2462, -17.8118], [-57.2435, -17.8117], [-57.2404, -17.8118], [-57.24, -17.8119]]], [[[-57.2453, -17.8076], [-57.242, -17.8094], [-57.2369, -17.8092], [-57.2391, -17.8097], [-57.242, -17.8094], [-57.2446, -17.808], [-57.2453, -17.8076]]], [[[-57.2202, -17.7868], [-57.2236, -17.7845], [-57.2273, -17.7836], [-57.2262, -17.7834], [-57.2236, -17.7845], [-57.2209, -17.7864], [-57.2202, -17.7868]]], [[[-57.1236, -17.7797], [-57.1294, -17.7756], [-57.1336, -17.7748], [-57.1327, -17.7747], [-57.1294, -17.7756], [-57.1261, -17.7779], [-57.1236, -17.7797]]], [[[-57.0552, -17.7311], [-57.0593, -17.7294], [-57.0613, -17.7308], [-57.0609, -17.7301], [-57.0593, -17.7294], [-57.0568, -17.7298], [-57.0552, -17.7311]]], [[[-57.0285, -17.6944], [-57.0329, -17.6945], [-57.0333, -17.6948], [-57.0333, -17.6948], [-57.0333, -17.6948], [-57.0333, -17.6948], [-57.0333, -17.6948], [-57.0333, -17.6948], [-57.0329, -17.6945], [-57.0298, -17.6944], [-57.0285, -17.6944]]], [[[-57.0123, -17.672], [-57.0086, -17.6719], [-57.0086, -17.6719], [-57.0086, -17.6719], [-57.0117, -17.6718], [-57.0123, -17.672]]], [[[-56.9834, -17.6086], [-56.974, -17.6153], [-56.9718, -17.6143], [-56.9653, -17.607], [-56.9613, -17.6056], [-56.9834, -17.6086]]], [[[-56.9824, -17.5822], [-56.9836, -17.5812], [-56.9832, -17.5802], [-56.9824, -17.5822]]], [[[-56.9479, -17.5598], [-56.9478, -17.5598], [-56.9478, -17.5635], [-56.948, -17.5653], [-56.9479, -17.5598]]], [[[-56.9101, -17.5329], [-56.908, -17.5334], [-56.9083, -17.5331], [-56.9101, -17.5329]]], [[[-56.8711, -17.5182], [-56.8701, -17.5199], [-56.8701, -17.5199], [-56.8699, -17.5204], [-56.8711, -17.5182]]], [[[-56.8636, -17.5035], [-56.8655, -17.5016], [-56.8655, -17.5016], [-56.8655, -17.5017], [-56.8636, -17.5035]]], [[[-56.8607, -17.4834], [-56.8607, -17.4834], [-56.8607, -17.4834], [-56.8607, -17.4834], [-56.8607, -17.4834], [-56.8607, -17.4834], [-56.8607, -17.4834], [-56.8607, -17.4834], [-56.8607, -17.4834]]], [[[-56.8594, -17.4832], [-56.8573, -17.4839], [-56.8581, -17.4833], [-56.8594, -17.4832]]], [[[-56.8482, -17.4645], [-56.8406, -17.4635], [-56.8433, -17.4633], [-56.8482, -17.4645]]], [[[-56.8433, -17.4173], [-56.8293, -17.4218], [-56.8363, -17.4232], [-56.8433, -17.4173]]], [[[-56.838, -17.4472], [-56.8354, -17.4478], [-56.8328, -17.4482], [-56.8331, -17.4481], [-56.8354, -17.4478], [-56.8378, -17.4473], [-56.838, -17.4472]]], [[[-56.8295, -17.4389], [-56.8324, -17.4367], [-56.8371, -17.4366], [-56.8351, -17.4363], [-56.8324, -17.4367], [-56.8309, -17.4378], [-56.8295, -17.4389]]], [[[-56.8318, -17.3954], [-56.8321, -17.3933], [-56.8318, -17.3927], [-56.8318, -17.3954]]], [[[-56.7987, -17.3907], [-56.8024, -17.3882], [-56.8072, -17.388], [-56.8046, -17.3879], [-56.8024, -17.3882], [-56.7994, -17.3904], [-56.7987, -17.3907]]], [[[-56.7672, -17.3637], [-56.7708, -17.366], [-56.7819, -17.3683], [-56.7741, -17.3668], [-56.7708, -17.366], [-56.7677, -17.3645], [-56.7672, -17.3637]]], [[[-56.7622, -17.3421], [-56.77, -17.3429], [-56.7708, -17.3449], [-56.7708, -17.344], [-56.77, -17.3429], [-56.7627, -17.3425], [-56.7622, -17.3421]]], [[[-56.7402, -17.326], [-56.7571, -17.3269], [-56.7608, -17.33], [-56.7588, -17.3274], [-56.7571, -17.3269], [-56.7459, -17.3293], [-56.7402, -17.326]]], [[[-56.6949, -17.3241], [-56.6943, -17.3176], [-56.6953, -17.3176], [-56.7023, -17.3208], [-56.7023, -17.3208], [-56.7037, -17.3208], [-56.7047, -17.3208], [-56.7047, -17.3208], [-56.7047, -17.3208], [-56.7064, -17.32], [-56.7097, -17.3177], [-56.7114, -17.318], [-56.7149, -17.3193], [-56.7171, -17.3191], [-56.7171, -17.3191], [-56.7171, -17.3191], [-56.7178, -17.3182], [-56.718, -17.3113], [-56.7183, -17.31], [-56.7209, -17.3079], [-56.7246, -17.3097], [-56.7246, -17.3097], [-56.7246, -17.3097], [-56.7274, -17.3102], [-56.7347, -17.3107], [-56.7368, -17.3132], [-56.7357, -17.3114], [-56.7347, -17.3107], [-56.7209, -17.3079], [-56.7196, -17.3085], [-56.7183, -17.31], [-56.7178, -17.3182], [-56.7171, -17.3191], [-56.6949, -17.3241]]], [[[-56.697, -17.3271], [-56.6908, -17.3244], [-56.6908, -17.3244], [-56.6941, -17.3271], [-56.697, -17.3271]]], [[[-56.664, -17.3409], [-56.6668, -17.3376], [-56.6678, -17.3371], [-56.6708, -17.3365], [-56.6736, -17.3352], [-56.6751, -17.3332], [-56.6743, -17.3281], [-56.6747, -17.3263], [-56.6853, -17.3182], [-56.687, -17.3203], [-56.6747, -17.3263], [-56.6751, -17.3332], [-56.6746, -17.3341], [-56.6736, -17.3352], [-56.664, -17.3409]]], [[[-56.6533, -17.3257], [-56.6586, -17.322], [-56.663, -17.3257], [-56.6608, -17.3227], [-56.6586, -17.322], [-56.6565, -17.3223], [-56.6533, -17.3257]]], [[[-56.6574, -17.336], [-56.6602, -17.3366], [-56.6625, -17.3391], [-56.6617, -17.3376], [-56.6602, -17.3366], [-56.6584, -17.3363], [-56.6574, -17.336]]], [[[-56.6308, -17.3346], [-56.6444, -17.3252], [-56.6459, -17.3187], [-56.6467, -17.3179], [-56.6493, -17.319], [-56.6505, -17.3207], [-56.6467, -17.3179], [-56.6444, -17.3252], [-56.6337, -17.3336], [-56.6308, -17.3346]]], [[[-56.6294, -17.3264], [-56.6181, -17.3248], [-56.6153, -17.3277], [-56.6129, -17.3341], [-56.6126, -17.3344], [-56.6294, -17.3264]]], [[[-56.5786, -17.3326], [-56.597, -17.3333], [-56.6042, -17.331], [-56.6077, -17.3305], [-56.6108, -17.3331], [-56.6091, -17.3309], [-56.6077, -17.3305], [-56.5786, -17.3326]]], [[[-56.5473, -17.3226], [-56.5537, -17.3236], [-56.5701, -17.3171], [-56.5789, -17.3204], [-56.5741, -17.3173], [-56.5701, -17.3171], [-56.5473, -17.3226]]], [[[-56.5385, -17.3178], [-56.5424, -17.3186], [-56.5469, -17.3223], [-56.5439, -17.3195], [-56.5424, -17.3186], [-56.5392, -17.3181], [-56.5385, -17.3178]]], [[[-56.5372, -17.3167], [-56.5317, -17.3202], [-56.5321, -17.3141], [-56.5372, -17.3167]]], [[[-56.5246, -17.3137], [-56.517, -17.3134], [-56.5196, -17.3118], [-56.5213, -17.3116], [-56.5246, -17.3137]]], [[[-56.516, -17.2948], [-56.5137, -17.2928], [-56.5069, -17.2957], [-56.5103, -17.2961], [-56.5137, -17.2928], [-56.5158, -17.2933], [-56.516, -17.2948]]], [[[-56.5139, -17.3087], [-56.5131, -17.3072], [-56.512, -17.3066], [-56.512, -17.3066], [-56.512, -17.3066], [-56.512, -17.3066], [-56.512, -17.3066], [-56.512, -17.3066], [-56.512, -17.3066], [-56.512, -17.3066], [-56.512, -17.3066], [-56.5131, -17.3072], [-56.5138, -17.3089], [-56.5139, -17.3087]]], [[[-56.4901, -17.2981], [-56.4761, -17.3075], [-56.4792, -17.3047], [-56.4813, -17.3037], [-56.4862, -17.3003], [-56.49, -17.2981], [-56.4918, -17.2977], [-56.4933, -17.2979], [-56.4967, -17.2992], [-56.4967, -17.2992], [-56.4975, -17.2992], [-56.4988, -17.2988], [-56.499, -17.2986], [-56.4994, -17.2981], [-56.4996, -17.2979], [-56.4996, -17.2979], [-56.4996, -17.2979], [-56.4996, -17.2979], [-56.4998, -17.2958], [-56.4993, -17.2877], [-56.5021, -17.2869], [-56.5026, -17.2888], [-56.4993, -17.2877], [-56.499, -17.2986], [-56.4967, -17.2992], [-56.4901, -17.2981]]], [[[-56.4623, -17.3163], [-56.4665, -17.3144], [-56.4647, -17.3066], [-56.4651, -17.305], [-56.471, -17.3023], [-56.4724, -17.3041], [-56.4725, -17.3045], [-56.4651, -17.305], [-56.4665, -17.3144], [-56.4644, -17.3163], [-56.4623, -17.3163]]], [[[-56.4419, -17.3319], [-56.4514, -17.326], [-56.4514, -17.326], [-56.4514, -17.326], [-56.4519, -17.3229], [-56.451, -17.318], [-56.4507, -17.3134], [-56.452, -17.3101], [-56.4579, -17.3109], [-56.4589, -17.3122], [-56.452, -17.3101], [-56.4419, -17.3319]]], [[[-56.4233, -17.315], [-56.4319, -17.3181], [-56.4352, -17.3209], [-56.4335, -17.3193], [-56.4319, -17.3181], [-56.4269, -17.317], [-56.4233, -17.315]]], [[[-56.4102, -17.318], [-56.4177, -17.3117], [-56.4231, -17.3148], [-56.4198, -17.3116], [-56.4177, -17.3117], [-56.4152, -17.3169], [-56.4102, -17.318]]], [[[-56.3925, -17.3042], [-56.4016, -17.3062], [-56.4058, -17.309], [-56.4056, -17.3084], [-56.4016, -17.3062], [-56.3962, -17.3058], [-56.3925, -17.3042]]], [[[-56.364, -17.283], [-56.368, -17.2844], [-56.3743, -17.2847], [-56.3814, -17.2865], [-56.3836, -17.2884], [-56.3831, -17.2877], [-56.3814, -17.2865], [-56.368, -17.2844], [-56.3662, -17.2839], [-56.364, -17.283]]], [[[-56.34, -17.2884], [-56.3432, -17.2738], [-56.3609, -17.269], [-56.3545, -17.2675], [-56.3432, -17.2738], [-56.3478, -17.2829], [-56.34, -17.2884]]], [[[-56.3365, -17.2845], [-56.3273, -17.2869], [-56.3317, -17.2822], [-56.3365, -17.2845]]], [[[-56.3152, -17.2711], [-56.3218, -17.2745], [-56.3229, -17.2755], [-56.3229, -17.2755], [-56.3229, -17.2755], [-56.3218, -17.2745], [-56.3181, -17.2727], [-56.3152, -17.2711]]], [[[-56.3123, -17.2689], [-56.3037, -17.2744], [-56.3067, -17.2676], [-56.3123, -17.2689]]], [[[-56.2905, -17.2719], [-56.2949, -17.2709], [-56.2978, -17.2731], [-56.2974, -17.2719], [-56.2949, -17.2709], [-56.2932, -17.2711], [-56.2905, -17.2719]]], [[[-56.2721, -17.2487], [-56.2757, -17.2488], [-56.2813, -17.2471], [-56.2855, -17.2467], [-56.2886, -17.2487], [-56.2873, -17.2472], [-56.2855, -17.2467], [-56.2757, -17.2488], [-56.2734, -17.2488], [-56.2721, -17.2487]]], [[[-56.2847, -17.2651], [-56.287, -17.2656], [-56.2878, -17.2672], [-56.2877, -17.2667], [-56.287, -17.2656], [-56.2861, -17.2652], [-56.2847, -17.2651]]], [[[-56.2736, -17.2422], [-56.2659, -17.2411], [-56.2704, -17.2395], [-56.2736, -17.2422]]], [[[-56.2636, -17.2309], [-56.2602, -17.2292], [-56.2595, -17.2299], [-56.2592, -17.2329], [-56.2586, -17.2342], [-56.2549, -17.2357], [-56.2576, -17.2351], [-56.2586, -17.2342], [-56.2595, -17.2299], [-56.2602, -17.2292], [-56.2622, -17.2291], [-56.2636, -17.2309]]], [[[-56.2243, -17.2298], [-56.2353, -17.2283], [-56.237, -17.2268], [-56.2379, -17.2227], [-56.2394, -17.222], [-56.2434, -17.2222], [-56.2434, -17.2222], [-56.2454, -17.2219], [-56.2492, -17.2195], [-56.2506, -17.2192], [-56.2551, -17.2215], [-56.2523, -17.2194], [-56.2506, -17.2192], [-56.2454, -17.2219], [-56.2394, -17.222], [-56.2379, -17.2227], [-56.2353, -17.2283], [-56.229, -17.2283], [-56.2243, -17.2298]]], [[[-56.222, -17.2195], [-56.2115, -17.2277], [-56.2115, -17.2277], [-56.2115, -17.2277], [-56.2115, -17.2277], [-56.2115, -17.2277], [-56.2115, -17.2277], [-56.2115, -17.2277], [-56.2115, -17.2277], [-56.2117, -17.2276], [-56.2146, -17.2255], [-56.216, -17.2247], [-56.222, -17.2195], [-56.2246, -17.2211], [-56.2247, -17.2217], [-56.222, -17.2195]]], [[[-56.2076, -17.2153], [-56.2123, -17.2108], [-56.2144, -17.2114], [-56.2148, -17.2129], [-56.2123, -17.2108], [-56.2103, -17.2142], [-56.2076, -17.2153]]], [[[-56.2027, -17.2079], [-56.1944, -17.211], [-56.1981, -17.2061], [-56.2027, -17.2079]]], [[[-56.1772, -17.1952], [-56.1836, -17.1888], [-56.1875, -17.1904], [-56.1864, -17.189], [-56.1836, -17.1888], [-56.1815, -17.1937], [-56.1772, -17.1952]]], [[[-56.1733, -17.1919], [-56.1713, -17.1887], [-56.1728, -17.1891], [-56.1733, -17.1919]]], [[[-56.1407, -17.1918], [-56.1415, -17.1918], [-56.1415, -17.1918], [-56.1428, -17.1917], [-56.1444, -17.1905], [-56.1444, -17.1905], [-56.1447, -17.1898], [-56.1457, -17.1856], [-56.1464, -17.1847], [-56.1485, -17.185], [-56.1502, -17.186], [-56.1502, -17.186], [-56.1502, -17.186], [-56.152, -17.1866], [-56.1562, -17.1862], [-56.1595, -17.1882], [-56.1578, -17.1868], [-56.1562, -17.1862], [-56.1549, -17.1862], [-56.152, -17.1866], [-56.1485, -17.185], [-56.1475, -17.1848], [-56.1464, -17.1847], [-56.1407, -17.1918]]], [[[-56.132, -17.181], [-56.1405, -17.1801], [-56.1389, -17.18], [-56.132, -17.181]]], [[[-56.1221, -17.1762], [-56.1277, -17.1748], [-56.1265, -17.1748], [-56.1221, -17.1762]]], [[[-56.0848, -17.1789], [-56.1117, -17.1683], [-56.118, -17.1698], [-56.1159, -17.1679], [-56.1117, -17.1683], [-56.1045, -17.1747], [-56.0848, -17.1789]]], [[[-56.0695, -17.1737], [-56.0725, -17.1704], [-56.0771, -17.1724], [-56.0755, -17.1708], [-56.0725, -17.1704], [-56.071, -17.1711], [-56.0695, -17.1737]]], [[[-56.0509, -17.1875], [-56.0551, -17.1859], [-56.0598, -17.1738], [-56.0618, -17.1717], [-56.0663, -17.1718], [-56.0671, -17.173], [-56.0618, -17.1717], [-56.0551, -17.1859], [-56.0537, -17.1873], [-56.0509, -17.1875]]], [[[-56.0102, -17.2088], [-56.0164, -17.1915], [-56.0193, -17.1896], [-56.0309, -17.1877], [-56.0327, -17.187], [-56.0343, -17.186], [-56.0368, -17.1829], [-56.0386, -17.1783], [-56.0409, -17.1761], [-56.0455, -17.1721], [-56.0515, -17.1727], [-56.0102, -17.2088]]], [[[-56.0186, -17.2106], [-56.0214, -17.2147], [-56.0201, -17.2182], [-56.0189, -17.2191], [-56.0155, -17.2195], [-56.0134, -17.2213], [-56.0122, -17.2367], [-56.0136, -17.2316], [-56.0134, -17.2213], [-56.0141, -17.2203], [-56.0155, -17.2195], [-56.0201, -17.2182], [-56.0207, -17.2161], [-56.0214, -17.2147], [-56.018, -17.2098], [-56.0186, -17.2106]]], [[[-56.0023, -17.2476], [-56.0054, -17.2446], [-56.0028, -17.2378], [-56.003, -17.2352], [-56.0063, -17.2334], [-56.009, -17.2352], [-56.0076, -17.234], [-56.0063, -17.2334], [-56.0034, -17.2341], [-56.003, -17.2352], [-56.0028, -17.2378], [-56.0048, -17.2416], [-56.0054, -17.2446], [-56.0038, -17.247], [-56.0023, -17.2476]]], [[[-55.9879, -17.2433], [-55.9925, -17.2548], [-55.9922, -17.2507], [-55.9879, -17.2433], [-55.9947, -17.24], [-55.9967, -17.2417], [-55.9879, -17.2433]]], [[[-55.9676, -17.2547], [-55.9748, -17.254], [-55.9821, -17.2479], [-55.979, -17.2469], [-55.9748, -17.254], [-55.9715, -17.255], [-55.9676, -17.2547]]], [[[-55.9543, -17.2528], [-55.9513, -17.2504], [-55.9628, -17.2519], [-55.9579, -17.2498], [-55.9513, -17.2504], [-55.9514, -17.2515], [-55.9543, -17.2528]]], [[[-55.9399, -17.2792], [-55.9555, -17.2581], [-55.9481, -17.2708], [-55.9399, -17.2792]]], [[[-55.938, -17.2783], [-55.9365, -17.2775], [-55.9376, -17.278], [-55.938, -17.2783]]], [[[-55.8904, -17.2683], [-55.8873, -17.2642], [-55.8882, -17.264], [-55.8966, -17.2643], [-55.906, -17.264], [-55.916, -17.2652], [-55.9198, -17.2651], [-55.9258, -17.2587], [-55.9291, -17.2603], [-55.9198, -17.2651], [-55.906, -17.264], [-55.9016, -17.2641], [-55.8966, -17.2643], [-55.8873, -17.2642], [-55.8865, -17.2662], [-55.8904, -17.2683]]], [[[-55.9024, -17.2766], [-55.9023, -17.2766], [-55.8993, -17.2778], [-55.9024, -17.2766]]], [[[-55.8783, -17.2839], [-55.8819, -17.2849], [-55.8868, -17.2855], [-55.889, -17.2843], [-55.891, -17.2816], [-55.8935, -17.2818], [-55.8947, -17.2806], [-55.8945, -17.2792], [-55.8935, -17.2778], [-55.8901, -17.2756], [-55.8894, -17.2736], [-55.8945, -17.2737], [-55.8918, -17.2722], [-55.8894, -17.2736], [-55.8895, -17.2749], [-55.8901, -17.2756], [-55.8944, -17.2792], [-55.8935, -17.2818], [-55.8921, -17.2816], [-55.891, -17.2816], [-55.8868, -17.2855], [-55.8783, -17.2839]]], [[[-55.8598, -17.2846], [-55.8609, -17.2839], [-55.8623, -17.2795], [-55.8691, -17.2764], [-55.8718, -17.2732], [-55.8737, -17.2699], [-55.8782, -17.2713], [-55.8747, -17.2697], [-55.8737, -17.2699], [-55.8623, -17.2795], [-55.8598, -17.2846]]], [[[-55.8411, -17.3019], [-55.849, -17.2954], [-55.8513, -17.2801], [-55.8536, -17.2788], [-55.849, -17.2954], [-55.8441, -17.3008], [-55.8411, -17.3019]]], [[[-55.8366, -17.2926], [-55.8331, -17.2909], [-55.8331, -17.2909], [-55.8331, -17.2909], [-55.8345, -17.2912], [-55.8366, -17.2926]]], [[[-55.8279, -17.3071], [-55.8323, -17.3015], [-55.826, -17.2913], [-55.8296, -17.2889], [-55.8323, -17.3015], [-55.831, -17.3044], [-55.8279, -17.3071]]], [[[-55.7865, -17.3303], [-55.8026, -17.3008], [-55.823, -17.2997], [-55.8079, -17.2977], [-55.8026, -17.3008], [-55.8058, -17.309], [-55.7865, -17.3303]]], [[[-55.784, -17.3224], [-55.7759, -17.3299], [-55.7756, -17.3269], [-55.7791, -17.3226], [-55.784, -17.3224]]], [[[-55.7226, -17.3497], [-55.7251, -17.3491], [-55.7292, -17.3417], [-55.7335, -17.3381], [-55.7404, -17.3379], [-55.7424, -17.3372], [-55.7424, -17.3372], [-55.7424, -17.3372], [-55.7432, -17.3364], [-55.7435, -17.3336], [-55.7435, -17.3318], [-55.7595, -17.3249], [-55.7693, -17.3265], [-55.7435, -17.3318], [-55.7424, -17.3372], [-55.7335, -17.3381], [-55.7251, -17.3491], [-55.7235, -17.3498], [-55.7226, -17.3497]]], [[[-55.701, -17.351], [-55.7022, -17.3546], [-55.7033, -17.3545], [-55.7083, -17.3382], [-55.7126, -17.3392], [-55.7033, -17.3545], [-55.701, -17.351]]], [[[-55.687, -17.3523], [-55.6894, -17.341], [-55.694, -17.3408], [-55.6947, -17.3415], [-55.6894, -17.341], [-55.6903, -17.3481], [-55.687, -17.3523]]], [[[-55.67, -17.3513], [-55.6742, -17.3495], [-55.6748, -17.3466], [-55.6745, -17.3432], [-55.6761, -17.3413], [-55.6835, -17.3409], [-55.6795, -17.3393], [-55.6761, -17.3413], [-55.6742, -17.3495], [-55.6719, -17.3511], [-55.67, -17.3513]]], [[[-55.6473, -17.3601], [-55.6498, -17.359], [-55.6512, -17.3552], [-55.6559, -17.3497], [-55.656, -17.34], [-55.6591, -17.339], [-55.6559, -17.3497], [-55.6498, -17.359], [-55.6485, -17.36], [-55.6473, -17.3601]]], [[[-55.6415, -17.3506], [-55.639, -17.3496], [-55.6269, -17.3652], [-55.6162, -17.3693], [-55.6215, -17.3657], [-55.6269, -17.3652], [-55.6415, -17.3506]]], [[[-55.5946, -17.3752], [-55.5952, -17.3726], [-55.5958, -17.3717], [-55.5973, -17.3713], [-55.5989, -17.3722], [-55.5989, -17.3722], [-55.5989, -17.3722], [-55.5989, -17.3722], [-55.5994, -17.3722], [-55.5994, -17.3722], [-55.5994, -17.3722], [-55.5994, -17.3722], [-55.5994, -17.3722], [-55.5994, -17.3722], [-55.5999, -17.3714], [-55.601, -17.3697], [-55.6037, -17.3683], [-55.6085, -17.365], [-55.6129, -17.3609], [-55.6166, -17.3614], [-55.6157, -17.3605], [-55.6129, -17.3609], [-55.5958, -17.3717], [-55.5946, -17.3752]]], [[[-55.5892, -17.3767], [-55.5858, -17.3745], [-55.5917, -17.3731], [-55.5923, -17.3745], [-55.5858, -17.3745], [-55.5858, -17.3757], [-55.5892, -17.3767]]], [[[-55.5863, -17.3973], [-55.5898, -17.3791], [-55.5823, -17.3792], [-55.5851, -17.3813], [-55.5871, -17.3885], [-55.5863, -17.3973]]], [[[-55.5876, -17.3988], [-55.5901, -17.414], [-55.5876, -17.4162], [-55.5897, -17.4207], [-55.5878, -17.4231], [-55.5876, -17.4162], [-55.5884, -17.4152], [-55.5901, -17.414], [-55.5853, -17.4075], [-55.5876, -17.3988]]], [[[-55.5571, -17.4484], [-55.5759, -17.4355], [-55.5761, -17.4205], [-55.5838, -17.4189], [-55.5759, -17.4355], [-55.5692, -17.4347], [-55.5571, -17.4484]]], [[[-55.5452, -17.4565], [-55.5568, -17.4546], [-55.5541, -17.4549], [-55.5524, -17.4543], [-55.5507, -17.4541], [-55.5452, -17.4565], [-55.5445, -17.4574], [-55.5459, -17.4612], [-55.5375, -17.4647], [-55.5399, -17.4664], [-55.5403, -17.4682], [-55.539, -17.4687], [-55.5382, -17.4688], [-55.5318, -17.4677], [-55.5316, -17.4683], [-55.5328, -17.4701], [-55.5314, -17.4712], [-55.5311, -17.4712], [-55.5295, -17.4705], [-55.529, -17.4709], [-55.5285, -17.4739], [-55.5403, -17.4682], [-55.5375, -17.4647], [-55.5452, -17.4565]]], [[[-55.5266, -17.4723], [-55.5214, -17.4748], [-55.521, -17.4737], [-55.5266, -17.4723]]], [[[-55.525, -17.4826], [-55.526, -17.4804], [-55.526, -17.4814], [-55.525, -17.4826]]], [[[-55.5213, -17.48], [-55.5174, -17.4839], [-55.5202, -17.4805], [-55.5213, -17.48], [-55.5229, -17.4822], [-55.5218, -17.4802], [-55.5213, -17.48]]], [[[-55.5093, -17.4812], [-55.5053, -17.481], [-55.5041, -17.4827], [-55.5066, -17.4845], [-55.5068, -17.4864], [-55.5046, -17.487], [-55.5014, -17.4862], [-55.502, -17.4881], [-55.5014, -17.4893], [-55.5068, -17.4864], [-55.5041, -17.4827], [-55.5049, -17.4818], [-55.5053, -17.481], [-55.5077, -17.4802], [-55.5093, -17.4812]]], [[[-55.4994, -17.4885], [-55.4994, -17.4879], [-55.4981, -17.4876], [-55.4991, -17.4877], [-55.4994, -17.4879], [-55.4993, -17.4889], [-55.4994, -17.4885]]], [[[-55.4952, -17.4858], [-55.4913, -17.4855], [-55.4913, -17.4855], [-55.4913, -17.4855], [-55.4913, -17.4855], [-55.4913, -17.4855], [-55.4913, -17.4855], [-55.4913, -17.4855], [-55.4913, -17.4855], [-55.4922, -17.4851], [-55.4942, -17.4831], [-55.4954, -17.4835], [-55.4955, -17.4849], [-55.4952, -17.4858]]], [[[-55.4885, -17.4814], [-55.4885, -17.4807], [-55.4864, -17.4802], [-55.4869, -17.4801], [-55.4885, -17.4807], [-55.4884, -17.4816], [-55.4885, -17.4814]]], [[[-55.4764, -17.4833], [-55.4788, -17.4825], [-55.4786, -17.4811], [-55.4788, -17.4805], [-55.4816, -17.4786], [-55.4849, -17.4799], [-55.4838, -17.4787], [-55.4816, -17.4786], [-55.4788, -17.4825], [-55.4778, -17.4831], [-55.4764, -17.4833]]], [[[-55.4473, -17.5099], [-55.4533, -17.5089], [-55.4533, -17.5089], [-55.4533, -17.5089], [-55.4533, -17.5089], [-55.4533, -17.5089], [-55.4533, -17.5089], [-55.4535, -17.5077], [-55.4526, -17.5055], [-55.4529, -17.5051], [-55.4539, -17.5043], [-55.4517, -17.5025], [-55.4519, -17.5017], [-55.4589, -17.4996], [-55.4596, -17.4968], [-55.4596, -17.4968], [-55.4596, -17.4968], [-55.4595, -17.4963], [-55.4576, -17.4947], [-55.4579, -17.4934], [-55.4624, -17.4924], [-55.472, -17.4838], [-55.4718, -17.4801], [-55.4732, -17.4796], [-55.4752, -17.4834], [-55.4734, -17.4823], [-55.4732, -17.4796], [-55.4721, -17.4795], [-55.4579, -17.4934], [-55.4576, -17.4941], [-55.4576, -17.4947], [-55.4596, -17.4968], [-55.4594, -17.499], [-55.4589, -17.4996], [-55.4535, -17.5001], [-55.4519, -17.5017], [-55.4539, -17.5043], [-55.4526, -17.5055], [-55.4533, -17.5089], [-55.4517, -17.51], [-55.4473, -17.5099]]], [[[-55.4452, -17.5064], [-55.4397, -17.5073], [-55.4365, -17.512], [-55.4353, -17.5126], [-55.4397, -17.5073], [-55.444, -17.5052], [-55.4452, -17.5064]]], [[[-55.4315, -17.511], [-55.4329, -17.5112], [-55.4344, -17.5124], [-55.4344, -17.5124], [-55.4344, -17.5124], [-55.4344, -17.5124], [-55.4345, -17.5124], [-55.4329, -17.5112], [-55.4322, -17.511], [-55.4315, -17.511]]], [[[-55.4298, -17.5104], [-55.4232, -17.5131], [-55.4224, -17.5121], [-55.4223, -17.5109], [-55.4231, -17.5105], [-55.4247, -17.5109], [-55.4247, -17.5109], [-55.4247, -17.5109], [-55.4255, -17.5108], [-55.4279, -17.5091], [-55.4298, -17.5104]]], [[[-55.4163, -17.5155], [-55.4174, -17.5119], [-55.4203, -17.5132], [-55.419, -17.5118], [-55.4174, -17.5119], [-55.4174, -17.5144], [-55.4163, -17.5155]]], [[[-55.4143, -17.5145], [-55.4116, -17.5129], [-55.4123, -17.5126], [-55.4143, -17.5145]]], [[[-55.4093, -17.5144], [-55.3926, -17.519], [-55.3901, -17.5182], [-55.3898, -17.5173], [-55.3912, -17.516], [-55.4046, -17.5124], [-55.4074, -17.5129], [-55.4089, -17.5144], [-55.4089, -17.5144], [-55.4089, -17.5144], [-55.4089, -17.5144], [-55.4089, -17.5144], [-55.4093, -17.5144]]], [[[-55.383, -17.5255], [-55.3837, -17.5249], [-55.385, -17.5202], [-55.3864, -17.5186], [-55.3894, -17.5191], [-55.3897, -17.5198], [-55.3864, -17.5186], [-55.385, -17.5202], [-55.383, -17.5255]]], [[[-55.3542, -17.5415], [-55.3509, -17.5437], [-55.3515, -17.5428], [-55.3542, -17.5415], [-55.3548, -17.5287], [-55.3581, -17.5274], [-55.3586, -17.5263], [-55.3584, -17.5247], [-55.3592, -17.5243], [-55.3602, -17.5243], [-55.3633, -17.5256], [-55.3643, -17.5232], [-55.3656, -17.5222], [-55.3705, -17.5213], [-55.3719, -17.5223], [-55.3726, -17.5196], [-55.3736, -17.518], [-55.3741, -17.5177], [-55.375, -17.5163], [-55.3754, -17.516], [-55.3755, -17.5146], [-55.3772, -17.5141], [-55.3719, -17.5223], [-55.3633, -17.5256], [-55.3592, -17.5243], [-55.3584, -17.5247], [-55.3581, -17.5274], [-55.3566, -17.5282], [-55.3548, -17.5287], [-55.3528, -17.5364], [-55.3542, -17.5415]]], [[[-55.3488, -17.5467], [-55.3475, -17.5453], [-55.3461, -17.5457], [-55.3421, -17.5489], [-55.34, -17.5482], [-55.339, -17.5484], [-55.3376, -17.5491], [-55.3421, -17.5489], [-55.3475, -17.5453], [-55.3482, -17.5454], [-55.3488, -17.5467]]], [[[-55.3313, -17.5489], [-55.3334, -17.5476], [-55.3358, -17.5484], [-55.3356, -17.5479], [-55.3334, -17.5476], [-55.3321, -17.5479], [-55.3313, -17.5489]]], [[[-55.3285, -17.5471], [-55.3273, -17.5465], [-55.3281, -17.5467], [-55.3285, -17.5471]]], [[[-55.3206, -17.5413], [-55.3198, -17.5457], [-55.3198, -17.5457], [-55.3198, -17.5457], [-55.3198, -17.5457], [-55.3198, -17.5457], [-55.3198, -17.5457], [-55.3205, -17.5454], [-55.3206, -17.5413], [-55.322, -17.5411], [-55.323, -17.5428], [-55.3206, -17.5413]]], [[[-55.316, -17.5446], [-55.3172, -17.5442], [-55.3188, -17.5456], [-55.3177, -17.5448], [-55.3172, -17.5442], [-55.3166, -17.5441], [-55.316, -17.5446]]], [[[-55.3135, -17.5457], [-55.3102, -17.546], [-55.3102, -17.546], [-55.3102, -17.546], [-55.3102, -17.546], [-55.3102, -17.546], [-55.3102, -17.546], [-55.3109, -17.5458], [-55.3115, -17.5439], [-55.312, -17.5433], [-55.3137, -17.5432], [-55.3138, -17.5441], [-55.3139, -17.5443], [-55.3135, -17.5457]]], [[[-55.304, -17.5419], [-55.3068, -17.5415], [-55.308, -17.5428], [-55.3077, -17.5418], [-55.3068, -17.5415], [-55.3056, -17.5418], [-55.304, -17.5419]]], [[[-55.2772, -17.5648], [-55.2832, -17.5512], [-55.284, -17.5506], [-55.2888, -17.5512], [-55.2888, -17.5512], [-55.2888, -17.5512], [-55.2903, -17.551], [-55.2942, -17.5482], [-55.2913, -17.5447], [-55.2915, -17.543], [-55.3034, -17.5419], [-55.2772, -17.5648]]], [[[-55.2629, -17.567], [-55.2629, -17.564], [-55.2645, -17.5633], [-55.2645, -17.5633], [-55.2645, -17.5633], [-55.2658, -17.5622], [-55.268, -17.5613], [-55.2629, -17.567]]], [[[-55.2335, -17.5914], [-55.2331, -17.5945], [-55.2331, -17.5945], [-55.2331, -17.5945], [-55.2331, -17.5945], [-55.2331, -17.5945], [-55.2331, -17.5945], [-55.2331, -17.5945], [-55.2331, -17.5935], [-55.2328, -17.5918], [-55.2335, -17.5914]]], [[[-55.2254, -17.5981], [-55.2251, -17.5964], [-55.2261, -17.5964], [-55.2268, -17.5975], [-55.2269, -17.5975], [-55.2254, -17.5981]]], [[[-55.2182, -17.6095], [-55.2184, -17.607], [-55.2189, -17.6064], [-55.2209, -17.6062], [-55.2209, -17.6062], [-55.2209, -17.6062], [-55.2209, -17.6062], [-55.2218, -17.6056], [-55.2213, -17.6044], [-55.2212, -17.6047], [-55.2218, -17.6056], [-55.2189, -17.6064], [-55.2184, -17.607], [-55.2182, -17.6078], [-55.2182, -17.6095]]], [[[-55.2044, -17.6139], [-55.2064, -17.6137], [-55.2082, -17.6157], [-55.2068, -17.6146], [-55.2064, -17.6137], [-55.2051, -17.6131], [-55.2044, -17.6139]]], [[[-55.1626, -17.64], [-55.1625, -17.6391], [-55.1637, -17.638], [-55.1632, -17.6383], [-55.1625, -17.6391], [-55.1624, -17.6397], [-55.1626, -17.64]]], [[[-55.0435, -17.6368], [-55.0435, -17.6368], [-55.0435, -17.6368], [-55.0435, -17.6368], [-55.0442, -17.6358], [-55.0442, -17.6358], [-55.0442, -17.6358], [-55.0442, -17.6358], [-55.0442, -17.6358], [-55.0442, -17.6358], [-55.0442, -17.6358], [-55.0442, -17.6358], [-55.0442, -17.6358], [-55.0435, -17.6368]]], [[[-55.0033, -17.6346], [-55.001, -17.6368], [-55.001, -17.6368], [-55.001, -17.6368], [-55.001, -17.6368], [-55.001, -17.6368], [-55.001, -17.6368], [-55.001, -17.6368], [-55.001, -17.6368], [-55.0009, -17.6365], [-54.999, -17.6352], [-54.9997, -17.6342], [-55.0016, -17.6348], [-55.0033, -17.6346]]], [[[-54.9008, -17.6141], [-54.9, -17.6148], [-54.9, -17.6148], [-54.9, -17.6148], [-54.9003, -17.6143], [-54.9008, -17.6141]]], [[[-54.8997, -17.6152], [-54.8997, -17.6152], [-54.8997, -17.6152], [-54.8997, -17.6152], [-54.8997, -17.6152], [-54.8999, -17.6149], [-54.8999, -17.6149], [-54.8999, -17.6149], [-54.8997, -17.6152]]], [[[-54.7609, -17.5554], [-54.7604, -17.5522], [-54.7604, -17.5522], [-54.7604, -17.5522], [-54.7604, -17.5522], [-54.7604, -17.5522], [-54.7604, -17.5522], [-54.7604, -17.5522], [-54.7604, -17.5522], [-54.7606, -17.5528], [-54.7609, -17.5554]]], [[[-54.7598, -17.5382], [-54.7597, -17.537], [-54.7592, -17.5401], [-54.7592, -17.5401], [-54.7598, -17.5382]]], [[[-54.6576, -17.4922], [-54.6583, -17.4927], [-54.6584, -17.4934], [-54.6584, -17.4934], [-54.6584, -17.4934], [-54.6584, -17.4934], [-54.6584, -17.4934], [-54.6584, -17.4934], [-54.6583, -17.4927], [-54.6578, -17.4923], [-54.6576, -17.4922]]], [[[-54.5717, -17.4751], [-54.5703, -17.4752], [-54.5716, -17.475], [-54.5717, -17.4751]]], [[[-54.4823, -17.4895], [-54.482, -17.4887], [-54.4831, -17.4884], [-54.4826, -17.4884], [-54.482, -17.4887], [-54.4822, -17.4892], [-54.4823, -17.4895]]], [[[-54.4768, -17.4979], [-54.4747, -17.5001], [-54.4753, -17.4975], [-54.476, -17.4975], [-54.4768, -17.4979]]], [[[-54.3867, -17.5842], [-54.3875, -17.585], [-54.3875, -17.5849], [-54.3867, -17.5842], [-54.3867, -17.5834], [-54.3877, -17.5823], [-54.3855, -17.5789], [-54.3855, -17.5789], [-54.3855, -17.5789], [-54.3855, -17.5789], [-54.3855, -17.5789], [-54.3855, -17.5789], [-54.3855, -17.5789], [-54.3855, -17.5789], [-54.3855, -17.5789], [-54.385, -17.5791], [-54.3846, -17.5801], [-54.3843, -17.5802], [-54.3835, -17.5788], [-54.3835, -17.5788], [-54.3828, -17.5777], [-54.3822, -17.576], [-54.383, -17.5753], [-54.383, -17.5737], [-54.3844, -17.5725], [-54.3851, -17.5725], [-54.3864, -17.5742], [-54.3898, -17.5717], [-54.3844, -17.5725], [-54.3838, -17.573], [-54.383, -17.5737], [-54.3822, -17.576], [-54.3843, -17.5802], [-54.3877, -17.5823], [-54.3871, -17.5828], [-54.3867, -17.5834], [-54.3867, -17.5842]]], [[[-54.3874, -17.6311], [-54.3856, -17.6298], [-54.3859, -17.6285], [-54.3833, -17.6242], [-54.3856, -17.6298], [-54.3868, -17.6304], [-54.3874, -17.6311]]], [[[-54.382, -17.6026], [-54.3828, -17.602], [-54.3839, -17.6021], [-54.3837, -17.602], [-54.3828, -17.602], [-54.3825, -17.6021], [-54.382, -17.6026]]], [[[-54.3828, -17.5962], [-54.3815, -17.5959], [-54.382, -17.5937], [-54.3814, -17.5951], [-54.3815, -17.5959], [-54.3827, -17.5962], [-54.3828, -17.5962]]], [[[-54.3808, -17.6177], [-54.3793, -17.6163], [-54.3787, -17.6137], [-54.3787, -17.6151], [-54.3793, -17.6163], [-54.3807, -17.6177], [-54.3808, -17.6177]]], [[[-54.3764, -17.6079], [-54.3764, -17.6096], [-54.3764, -17.6096], [-54.3764, -17.6096], [-54.3764, -17.6096], [-54.376, -17.6092], [-54.3764, -17.6079]]], [[[-54.2666, -17.6483], [-54.2681, -17.6486], [-54.2687, -17.6493], [-54.2687, -17.6493], [-54.2687, -17.6493], [-54.2687, -17.6493], [-54.2687, -17.6493], [-54.2687, -17.6493], [-54.2687, -17.6493], [-54.2687, -17.6493], [-54.2681, -17.6486], [-54.2669, -17.6482], [-54.2666, -17.6483]]], [[[-54.2553, -17.6422], [-54.2573, -17.6425], [-54.258, -17.6434], [-54.258, -17.6434], [-54.258, -17.6434], [-54.258, -17.6434], [-54.258, -17.6434], [-54.258, -17.6434], [-54.2573, -17.6425], [-54.256, -17.642], [-54.2553, -17.6422]]], [[[-54.2504, -17.6364], [-54.2473, -17.6343], [-54.2473, -17.6343], [-54.2473, -17.6343], [-54.2473, -17.6343], [-54.2473, -17.6343], [-54.2473, -17.6343], [-54.2484, -17.6345], [-54.2504, -17.6364]]], [[[-54.2457, -17.6311], [-54.2448, -17.6298], [-54.2423, -17.6295], [-54.2457, -17.6311]]], [[[-54.2302, -17.6238], [-54.2298, -17.6234], [-54.2288, -17.6235], [-54.2302, -17.6238]]], [[[-54.2089, -17.6151], [-54.2085, -17.6147], [-54.2085, -17.6147], [-54.2085, -17.6147], [-54.2085, -17.6147], [-54.2085, -17.6147], [-54.2088, -17.6148], [-54.2089, -17.6151]]], [[[-54.1973, -17.6088], [-54.1984, -17.6111], [-54.1998, -17.612], [-54.1996, -17.6114], [-54.1984, -17.6111], [-54.1983, -17.6099], [-54.1973, -17.6088]]], [[[-54.1907, -17.6068], [-54.1885, -17.606], [-54.1895, -17.606], [-54.1907, -17.6068]]], [[[-54.0841, -17.6171], [-54.0826, -17.6167], [-54.0826, -17.6167], [-54.0826, -17.6167], [-54.0826, -17.6167], [-54.0826, -17.6167], [-54.0826, -17.6167], [-54.0826, -17.6167], [-54.0826, -17.6167], [-54.0827, -17.6167], [-54.0834, -17.6167], [-54.0841, -17.6171]]], [[[-54.078, -17.6169], [-54.0794, -17.6182], [-54.0813, -17.6173], [-54.08, -17.6181], [-54.0794, -17.6182], [-54.0784, -17.6176], [-54.078, -17.6169]]], [[[-54.077, -17.615], [-54.0811, -17.6076], [-54.0805, -17.6109], [-54.08, -17.6122], [-54.0781, -17.6143], [-54.077, -17.615]]], [[[-54.0741, -17.5975], [-54.075, -17.5885], [-54.0728, -17.5866], [-54.0719, -17.5862], [-54.0719, -17.5841], [-54.0695, -17.5832], [-54.0683, -17.5807], [-54.0649, -17.5798], [-54.0741, -17.5975]]], [[[-54.0621, -17.5771], [-54.0607, -17.5765], [-54.0607, -17.5765], [-54.0607, -17.5765], [-54.0607, -17.5765], [-54.0607, -17.5765], [-54.0607, -17.5765], [-54.0613, -17.5763], [-54.0621, -17.5771]]], [[[-54.0564, -17.5677], [-54.0565, -17.5709], [-54.0596, -17.5716], [-54.0598, -17.5725], [-54.0596, -17.5753], [-54.0596, -17.5716], [-54.0564, -17.5677]]], [[[-54.051, -17.5077], [-54.0586, -17.5155], [-54.0572, -17.5179], [-54.0583, -17.5209], [-54.0573, -17.5222], [-54.0541, -17.5247], [-54.0565, -17.5311], [-54.0472, -17.5378], [-54.0479, -17.5391], [-54.0479, -17.5391], [-54.0479, -17.5391], [-54.0479, -17.5391], [-54.0479, -17.5391], [-54.0486, -17.5391], [-54.0497, -17.5391], [-54.0516, -17.5412], [-54.0518, -17.5439], [-54.0533, -17.5453], [-54.0521, -17.5467], [-54.0539, -17.5473], [-54.0553, -17.5662], [-54.0472, -17.5378], [-54.0503, -17.5303], [-54.0565, -17.5311], [-54.0565, -17.5293], [-54.0541, -17.5247], [-54.0583, -17.5209], [-54.0586, -17.5155], [-54.0536, -17.5063], [-54.051, -17.5077]]], [[[-54.0499, -17.5057], [-54.0503, -17.5052], [-54.0497, -17.5048], [-54.0499, -17.5057]]], [[[-54.0437, -17.5008], [-54.0459, -17.5001], [-54.0445, -17.4998], [-54.0437, -17.5008]]], [[[-54.0419, -17.4996], [-54.0423, -17.4985], [-54.0416, -17.4982], [-54.0416, -17.4982], [-54.0416, -17.4982], [-54.0416, -17.4982], [-54.0416, -17.4982], [-54.0416, -17.4982], [-54.0416, -17.4982], [-54.0416, -17.4982], [-54.0423, -17.4985], [-54.0418, -17.4997], [-54.0419, -17.4996]]], [[[-54.0297, -17.4858], [-54.0316, -17.4865], [-54.0317, -17.4871], [-54.0331, -17.4889], [-54.0334, -17.4905], [-54.035, -17.4929], [-54.0378, -17.4958], [-54.0382, -17.4976], [-54.0297, -17.4858]]], [[[-54.002, -17.4759], [-53.9968, -17.4733], [-53.9968, -17.4733], [-53.9968, -17.4733], [-53.9971, -17.4733], [-53.9982, -17.4735], [-53.9995, -17.4743], [-53.9995, -17.4743], [-53.9995, -17.4743], [-53.9995, -17.4743], [-53.9995, -17.4743], [-54.0005, -17.4737], [-54.0005, -17.4748], [-54.002, -17.4759]]], [[[-53.9952, -17.4719], [-53.9949, -17.4714], [-53.9955, -17.4706], [-53.9941, -17.4705], [-53.9931, -17.4702], [-53.9927, -17.4707], [-53.9918, -17.4703], [-53.9952, -17.4719]]], [[[-53.9713, -17.4655], [-53.9712, -17.4649], [-53.9707, -17.4648], [-53.9708, -17.4648], [-53.9712, -17.4649], [-53.9712, -17.4655], [-53.9713, -17.4655]]], [[[-53.9448, -17.4495], [-53.9473, -17.4531], [-53.9491, -17.4534], [-53.9503, -17.456], [-53.9487, -17.4549], [-53.9491, -17.4534], [-53.9448, -17.4495]]], [[[-53.9423, -17.9179], [-53.9423, -17.9179], [-53.9423, -17.9179], [-53.9423, -17.9179], [-53.9423, -17.9179], [-53.9423, -17.9179], [-53.9423, -17.9179], [-53.9429, -17.9174], [-53.9429, -17.9174], [-53.9429, -17.9174], [-53.9429, -17.9174], [-53.9429, -17.9174], [-53.9429, -17.9174], [-53.9429, -17.9174], [-53.9423, -17.9179]]], [[[-53.9419, -17.4471], [-53.9396, -17.4473], [-53.9396, -17.4473], [-53.9396, -17.4473], [-53.9396, -17.4473], [-53.9397, -17.4472], [-53.9406, -17.4467], [-53.9419, -17.4471]]], [[[-53.933, -17.4432], [-53.9355, -17.4433], [-53.9356, -17.444], [-53.9357, -17.4444], [-53.9365, -17.4451], [-53.9375, -17.4452], [-53.938, -17.4461], [-53.933, -17.4432]]], [[[-53.9361, -17.9167], [-53.9335, -17.9136], [-53.9349, -17.9155], [-53.9349, -17.9155], [-53.9361, -17.9167]]], [[[-53.924, -17.43], [-53.9285, -17.4312], [-53.9286, -17.4317], [-53.9283, -17.4339], [-53.9308, -17.4349], [-53.93, -17.4397], [-53.9317, -17.4412], [-53.9311, -17.4403], [-53.93, -17.4397], [-53.9298, -17.4364], [-53.9308, -17.4349], [-53.9285, -17.4312], [-53.9272, -17.43], [-53.924, -17.43]]], [[[-53.9228, -17.4273], [-53.9236, -17.4282], [-53.9234, -17.4277], [-53.9228, -17.4273]]], [[[-53.9227, -17.4273], [-53.9223, -17.4271], [-53.9225, -17.4271], [-53.9227, -17.4273]]], [[[-53.9175, -17.9176], [-53.9175, -17.9176], [-53.9176, -17.9176], [-53.9176, -17.9176], [-53.9176, -17.9176], [-53.9176, -17.9176], [-53.9182, -17.9176], [-53.9203, -17.9158], [-53.9211, -17.9153], [-53.9225, -17.9156], [-53.9223, -17.9153], [-53.9211, -17.9153], [-53.9182, -17.9176], [-53.9175, -17.9176]]], [[[-53.9216, -17.4271], [-53.9029, -17.4057], [-53.9029, -17.4057], [-53.9039, -17.4063], [-53.9052, -17.4062], [-53.9063, -17.407], [-53.9077, -17.4095], [-53.91, -17.4116], [-53.9113, -17.4118], [-53.915, -17.4156], [-53.9155, -17.4163], [-53.9155, -17.4177], [-53.9158, -17.4188], [-53.9184, -17.4196], [-53.9197, -17.4207], [-53.9216, -17.4271]]], [[[-53.9132, -17.9138], [-53.9098, -17.9136], [-53.9098, -17.9136], [-53.9098, -17.9136], [-53.9104, -17.914], [-53.9104, -17.914], [-53.9104, -17.914], [-53.9113, -17.914], [-53.9132, -17.9138]]], [[[-53.9071, -17.9109], [-53.9057, -17.9097], [-53.9027, -17.911], [-53.8991, -17.9084], [-53.901, -17.9084], [-53.9027, -17.911], [-53.9071, -17.9109]]], [[[-53.9025, -17.4051], [-53.9013, -17.4038], [-53.9008, -17.4039], [-53.9025, -17.4051]]], [[[-53.8919, -17.3941], [-53.8943, -17.3957], [-53.8963, -17.3962], [-53.8963, -17.3968], [-53.8977, -17.3986], [-53.8975, -17.4003], [-53.8975, -17.4003], [-53.8975, -17.4003], [-53.898, -17.4014], [-53.8994, -17.4031], [-53.8919, -17.3941]]], [[[-53.8974, -17.9093], [-53.8963, -17.9097], [-53.8963, -17.9097], [-53.8963, -17.9097], [-53.8963, -17.9097], [-53.897, -17.9094], [-53.8974, -17.9093]]], [[[-53.8891, -17.9123], [-53.8861, -17.9139], [-53.8861, -17.9139], [-53.8861, -17.9139], [-53.8861, -17.9139], [-53.8861, -17.9139], [-53.8861, -17.9139], [-53.8861, -17.9139], [-53.8861, -17.9131], [-53.8891, -17.9123]]], [[[-53.8761, -17.3737], [-53.8785, -17.3749], [-53.8814, -17.3803], [-53.8814, -17.3803], [-53.8814, -17.3803], [-53.8814, -17.3803], [-53.8826, -17.3815], [-53.8826, -17.3826], [-53.8821, -17.3848], [-53.8836, -17.3871], [-53.8848, -17.3894], [-53.8826, -17.3815], [-53.8785, -17.3749], [-53.8762, -17.3737], [-53.8761, -17.3737]]], [[[-53.8721, -17.9201], [-53.8729, -17.9169], [-53.8724, -17.9172], [-53.8721, -17.9201]]], [[[-53.8702, -17.3704], [-53.8667, -17.3677], [-53.8683, -17.3675], [-53.8702, -17.3704]]], [[[-53.8628, -17.7216], [-53.8673, -17.7253], [-53.8673, -17.7253], [-53.866, -17.7247], [-53.8635, -17.723], [-53.8628, -17.7216]]], [[[-53.8602, -17.9217], [-53.862, -17.9205], [-53.8637, -17.9212], [-53.863, -17.9207], [-53.862, -17.9205], [-53.8608, -17.9208], [-53.8602, -17.9217]]], [[[-53.8578, -17.9248], [-53.8541, -17.9274], [-53.8541, -17.9274], [-53.8541, -17.9274], [-53.8541, -17.9274], [-53.8541, -17.9274], [-53.8543, -17.927], [-53.8566, -17.9256], [-53.8566, -17.9256], [-53.8575, -17.9249], [-53.8578, -17.9248]]], [[[-53.8454, -17.9336], [-53.8469, -17.9333], [-53.8487, -17.9337], [-53.8483, -17.9335], [-53.8469, -17.9333], [-53.8461, -17.9334], [-53.8454, -17.9336]]], [[[-53.8487, -17.6979], [-53.846, -17.697], [-53.8418, -17.6943], [-53.8403, -17.6923], [-53.8396, -17.6916], [-53.8396, -17.6916], [-53.8396, -17.6916], [-53.8391, -17.6913], [-53.838, -17.6912], [-53.8371, -17.691], [-53.836, -17.6888], [-53.836, -17.6888], [-53.836, -17.6888], [-53.836, -17.6888], [-53.836, -17.6888], [-53.8354, -17.6885], [-53.8371, -17.691], [-53.8391, -17.6913], [-53.8418, -17.6943], [-53.8487, -17.6979]]], [[[-53.8309, -17.3249], [-53.8303, -17.3536], [-53.8303, -17.3536], [-53.8303, -17.3536], [-53.8305, -17.354], [-53.8324, -17.3566], [-53.8358, -17.3586], [-53.8435, -17.361], [-53.8303, -17.3536], [-53.8354, -17.3373], [-53.8309, -17.3249]]], [[[-53.834, -17.6893], [-53.8304, -17.6905], [-53.8303, -17.688], [-53.8306, -17.6888], [-53.8304, -17.6905], [-53.8327, -17.6904], [-53.834, -17.6893]]], [[[-53.8301, -17.9464], [-53.8311, -17.9438], [-53.8325, -17.9426], [-53.8315, -17.9432], [-53.8311, -17.9438], [-53.8314, -17.9451], [-53.8301, -17.9464]]], [[[-53.8303, -17.324], [-53.8045, -17.2869], [-53.8075, -17.2879], [-53.8143, -17.2921], [-53.8192, -17.2942], [-53.8224, -17.3046], [-53.8224, -17.3046], [-53.8224, -17.3046], [-53.8224, -17.3046], [-53.8236, -17.3068], [-53.825, -17.3082], [-53.8254, -17.3094], [-53.8255, -17.3116], [-53.826, -17.3135], [-53.8319, -17.3188], [-53.8302, -17.3215], [-53.8303, -17.324]]], [[[-53.8258, -17.6868], [-53.8297, -17.6873], [-53.8297, -17.6873], [-53.8297, -17.6873], [-53.8286, -17.6871], [-53.8258, -17.6868], [-53.8252, -17.6853], [-53.8224, -17.6842], [-53.8258, -17.6868]]], [[[-53.754, -17.672], [-53.7959, -17.6736], [-53.7959, -17.6736], [-53.7959, -17.6736], [-53.7955, -17.6748], [-53.7953, -17.6763], [-53.7951, -17.6766], [-53.7947, -17.6772], [-53.7926, -17.678], [-53.7914, -17.6766], [-53.7914, -17.6766], [-53.7914, -17.6766], [-53.7914, -17.6766], [-53.7914, -17.6766], [-53.7914, -17.6766], [-53.7907, -17.6764], [-53.7907, -17.6764], [-53.7907, -17.6764], [-53.7907, -17.6764], [-53.7899, -17.6766], [-53.7885, -17.6766], [-53.7869, -17.6786], [-53.7863, -17.6789], [-53.78, -17.673], [-53.754, -17.672]]], [[[-53.7889, -17.287], [-53.7924, -17.2871], [-53.7947, -17.2882], [-53.7934, -17.2878], [-53.7924, -17.2871], [-53.7908, -17.2869], [-53.7889, -17.287]]], [[[-53.7685, -17.2614], [-53.775, -17.274], [-53.778, -17.2779], [-53.7804, -17.2793], [-53.7817, -17.2803], [-53.7685, -17.2614]]], [[[-53.7672, -17.2599], [-53.7647, -17.2489], [-53.7647, -17.2537], [-53.7672, -17.2599]]], [[[-53.7354, -17.2316], [-53.7378, -17.2315], [-53.7394, -17.2331], [-53.7406, -17.2332], [-53.741, -17.2343], [-53.7402, -17.2361], [-53.7434, -17.2372], [-53.7445, -17.2385], [-53.7406, -17.2332], [-53.7378, -17.2315], [-53.7361, -17.2316], [-53.7354, -17.2316]]], [[[-53.723, -17.6682], [-53.7282, -17.6659], [-53.7282, -17.6659], [-53.7282, -17.6659], [-53.7274, -17.6671], [-53.723, -17.6682]]], [[[-53.7061, -17.6626], [-53.7152, -17.6671], [-53.7152, -17.6671], [-53.7142, -17.6671], [-53.7107, -17.6661], [-53.7093, -17.666], [-53.7061, -17.6626]]], [[[-53.7032, -17.2274], [-53.7057, -17.227], [-53.7091, -17.2279], [-53.7081, -17.2274], [-53.7057, -17.227], [-53.7043, -17.2271], [-53.7032, -17.2274]]], [[[-53.4356, -17.9834], [-53.4344, -17.9841], [-53.4344, -17.9841], [-53.4344, -17.9841], [-53.4345, -17.9836], [-53.4356, -17.9834]]], [[[-53.431, -17.9845], [-53.4319, -17.9843], [-53.4321, -17.9848], [-53.4321, -17.9848], [-53.4321, -17.9848], [-53.4321, -17.9848], [-53.4321, -17.9848], [-53.4321, -17.9848], [-53.4321, -17.9848], [-53.4321, -17.9848], [-53.4321, -17.9848], [-53.4319, -17.9843], [-53.431, -17.9843], [-53.431, -17.9845]]], [[[-53.4308, -17.9849], [-53.4308, -17.9849], [-53.4308, -17.9849], [-53.4308, -17.9849], [-53.4308, -17.9849], [-53.4308, -17.9849], [-53.4308, -17.9848], [-53.4308, -17.9848], [-53.4308, -17.9848], [-53.4308, -17.9848], [-53.4308, -17.9849]]], [[[-53.4251, -17.9855], [-53.4251, -17.9842], [-53.4275, -17.9851], [-53.4269, -17.9841], [-53.4251, -17.9842], [-53.4245, -17.9846], [-53.4251, -17.9855]]], [[[-53.4199, -17.9857], [-53.4167, -17.9883], [-53.4169, -17.987], [-53.4167, -17.9856], [-53.4199, -17.9857]]], [[[-53.4097, -17.9901], [-53.408, -17.9889], [-53.409, -17.9883], [-53.4097, -17.9901]]], [[[-53.3931, -18.0003], [-53.3938, -17.9995], [-53.3939, -17.9993], [-53.3952, -17.9988], [-53.3952, -17.9988], [-53.3952, -17.9988], [-53.3955, -17.9982], [-53.3946, -17.9973], [-53.3945, -17.9967], [-53.395, -17.9961], [-53.3967, -17.9954], [-53.3981, -17.9928], [-53.4041, -17.9932], [-53.3931, -18.0003]]], [[[-53.3528, -18.0061], [-53.3536, -18.0056], [-53.3543, -18.0059], [-53.3541, -18.0058], [-53.3536, -18.0056], [-53.3531, -18.0057], [-53.3528, -18.0061]]], [[[-53.351, -18.0064], [-53.3495, -18.0065], [-53.3495, -18.0065], [-53.3495, -18.0065], [-53.3495, -18.0065], [-53.3495, -18.0065], [-53.3498, -18.0062], [-53.3501, -18.0053], [-53.3506, -18.0052], [-53.3508, -18.0061], [-53.3508, -18.0061], [-53.3508, -18.0061], [-53.3508, -18.0061], [-53.351, -18.0064]]], [[[-53.343, -18.0076], [-53.3378, -18.0064], [-53.3397, -18.0062], [-53.3406, -18.0053], [-53.343, -18.0076]]], [[[-53.3344, -18.0054], [-53.3344, -18.0043], [-53.3336, -18.0043], [-53.3344, -18.0054]]], [[[-53.3278, -18.0011], [-53.3272, -18.001], [-53.3272, -18.001], [-53.3272, -18.001], [-53.3275, -18.0009], [-53.3278, -18.0011]]], [[[-53.3238, -18.0004], [-53.3105, -17.9979], [-53.3105, -17.9979], [-53.3117, -17.9977], [-53.3133, -17.9982], [-53.3161, -17.9983], [-53.3208, -17.9975], [-53.3245, -17.9991], [-53.3238, -18.0004]]], [[[-53.3018, -17.9963], [-53.3026, -17.9941], [-53.3031, -17.9942], [-53.3045, -17.9965], [-53.3089, -17.9976], [-53.3018, -17.9963]]], [[[-53.2845, -17.9984], [-53.2865, -17.9945], [-53.2924, -17.9955], [-53.2953, -17.9951], [-53.2973, -17.9959], [-53.2845, -17.9984]]], [[[-53.2784, -17.9996], [-53.2804, -17.9988], [-53.2816, -17.999], [-53.2816, -17.999], [-53.2816, -17.999], [-53.2816, -17.999], [-53.2804, -17.9988], [-53.2788, -17.9993], [-53.2784, -17.9996]]], [[[-53.2621, -18.0028], [-53.2403, -18.0061], [-53.2403, -18.0061], [-53.2403, -18.0061], [-53.2415, -18.0047], [-53.2621, -18.0028]]], [[[-53.221, -18.0131], [-53.2156, -18.0149], [-53.2156, -18.0149], [-53.2156, -18.0149], [-53.2156, -18.0149], [-53.2157, -18.0147], [-53.2167, -18.0137], [-53.2179, -18.0128], [-53.2199, -18.0127], [-53.2204, -18.0128], [-53.221, -18.0131]]], [[[-53.2009, -18.0197], [-53.1943, -18.0282], [-53.1946, -18.0273], [-53.1944, -18.0242], [-53.1947, -18.0238], [-53.196, -18.0232], [-53.1971, -18.021], [-53.1979, -18.0197], [-53.1983, -18.0194], [-53.2009, -18.0197]]], [[[-53.0722, -18.034], [-53.1171, -18.0376], [-53.1292, -18.0384], [-53.0722, -18.034]]]]}}, {"type": "Feature", "properties": {"sigla": "MT", "nome": "Mato Grosso"}, "geometry": {"type": "Polygon", "coordinates": [[[-60.4226, -13.9681], [-60.4341, -13.9365], [-60.4513, -13.9363], [-60.4513, -13.8827], [-60.4763, -13.8862], [-60.456, -13.8553], [-60.4933, -13.8546], [-60.469, -13.8325], [-60.4903, -13.8222], [-60.4658, -13.8184], [-60.4791, -13.8057], [-60.4677, -13.7946], [-60.5274, -13.7934], [-60.5201, -13.7702], [-60.5473, -13.768], [-60.5494, -13.782], [-60.575, -13.7456], [-60.607, -13.7458], [-60.6192, -13.7176], [-60.6556, -13.7366], [-60.7154, -13.6817], [-60.6858, -13.6248], [-60.641, -13.5967], [-60.6344, -13.5747], [-60.5677, -13.5608], [-60.511, -13.5033], [-60.4333, -13.4884], [-60.3888, -13.4537], [-60.3664, -13.3009], [-60.326, -13.2521], [-60.3048, -13.1767], [-60.2702, -13.1478], [-60.284, -13.0814], [-60.2158, -13.0266], [-60.1874, -12.9682], [-60.1175, -12.9589], [-60.0812, -12.8893], [-60.0741, -12.781], [-60.0905, -12.728], [-60.0621, -12.6368], [-60.0684, -12.6139], [-60.0338, -12.5945], [-60.0228, -12.5572], [-59.973, -12.5305], [-59.9563, -12.4973], [-59.941, -12.5019], [-59.9037, -12.4693], [-59.8691, -12.4836], [-59.8442, -12.4702], [-59.8298, -12.3978], [-59.7909, -12.3455], [-59.772, -12.343], [-59.8945, -12.2433], [-59.91, -12.1822], [-59.8983, -12.1174], [-59.9756, -12.0314], [-59.9653, -12.0047], [-59.9827, -11.9117], [-60.0104, -11.893], [-60.0752, -11.885], [-60.1079, -11.8382], [-60.0947, -11.7989], [-60.1205, -11.7135], [-60.114, -11.5887], [-60.0948, -11.5856], [-60.0906, -11.5561], [-60.0577, -11.5432], [-60.0265, -11.5071], [-60.031, -11.4936], [-59.9847, -11.4697], [-59.9749, -11.4387], [-59.924, -11.4147], [-59.9182, -11.3289], [-59.9598, -11.2933], [-59.984, -11.2323], [-59.9838, -11.2068], [-59.9637, -11.1887], [-59.9969, -11.1521], [-59.98, -11.1366], [-59.9834, -11.1148], [-59.9932, -11.126], [-60.0167, -11.1161], [-60.0245, -11.131], [-60.038, -11.1182], [-60.0658, -11.1255], [-60.0843, -11.0976], [-60.0986, -11.1104], [-60.1604, -11.0964], [-60.2019, -11.1139], [-60.2777, -11.0957], [-60.2817, -11.0665], [-60.2999, -11.0585], [-60.333, -11.0833], [-60.3481, -11.0752], [-60.349, -11.1091], [-60.3912, -11.0944], [-60.4156, -11.0434], [-60.4463, -11.0434], [-60.4378, -11.0193], [-60.4599, -10.9875], [-61.5502, -10.9861], [-61.53, -10.979], [-61.5194, -10.9497], [-61.5142, -10.9074], [-61.5268, -10.8857], [-61.5108, -10.7937], [-61.4977, -10.7821], [-61.4738, -10.7975], [-61.4883, -10.7365], [-61.4723, -10.715], [-61.4992, -10.6952], [-61.4816, -10.6692], [-61.4895, -10.6298], [-61.4662, -10.5412], [-61.4807, -10.4878], [-61.4617, -10.4199], [-61.497, -10.3896], [-61.5161, -10.3344], [-61.5527, -10.3082], [-61.544, -10.301], [-61.5779, -10.2353], [-61.5729, -10.2075], [-61.5516, -10.1978], [-61.5606, -10.1734], [-61.6018, -10.1544], [-61.5843, -10.0596], [-61.5558, -10.039], [-61.5311, -9.9899], [-61.5393, -9.9641], [-61.5083, -9.8888], [-61.5162, -9.8279], [-61.532, -9.8198], [-61.5248, -9.7957], [-61.5473, -9.7876], [-61.5314, -9.7399], [-61.5746, -9.7178], [-61.5052, -9.6914], [-61.5068, -9.662], [-61.4767, -9.6287], [-61.5029, -9.6154], [-61.4951, -9.5788], [-61.5134, -9.5285], [-61.5495, -9.5152], [-61.5257, -9.5018], [-61.5786, -9.4716], [-61.5505, -9.4178], [-61.5526, -9.3874], [-61.6122, -9.3559], [-61.6258, -9.363], [-61.6119, -9.2807], [-61.6333, -9.2706], [-61.5769, -9.2375], [-61.5261, -9.2459], [-61.5195, -9.1952], [-61.5553, -9.1315], [-61.5557, -9.0924], [-61.511, -8.9762], [-61.4684, -8.9174], [-61.5114, -8.8637], [-61.5235, -8.8186], [-61.5831, -8.7987], [-58.4162, -8.793], [-58.3252, -8.7181], [-58.3568, -8.6985], [-58.4153, -8.72], [-58.4395, -8.6962], [-58.3888, -8.5999], [-58.4098, -8.5706], [-58.4023, -8.5346], [-58.4163, -8.4886], [-58.3543, -8.3931], [-58.349, -8.3455], [-58.3135, -8.3228], [-58.3266, -8.2925], [-58.3136, -8.209], [-58.3224, -8.1725], [-58.288, -8.1314], [-58.2855, -8.0901], [-58.2873, -8.0613], [-58.3237, -8.019], [-58.3315, -7.9701], [-58.3745, -7.9066], [-58.3858, -7.8447], [-58.3734, -7.8193], [-58.2945, -7.7714], [-58.2743, -7.6934], [-58.198, -7.6168], [-58.2197, -7.5503], [-58.2141, -7.4328], [-58.1352, -7.3481], [-58.097, -7.3662], [-57.9927, -7.4999], [-57.9492, -7.5907], [-57.9422, -7.6493], [-57.8967, -7.677], [-57.8253, -7.9812], [-57.782, -8.0474], [-57.7245, -8.0968], [-57.7156, -8.1581], [-57.669, -8.1756], [-57.64, -8.2101], [-57.6782, -8.3114], [-57.6666, -8.3668], [-57.6889, -8.4074], [-57.6553, -8.465], [-57.6571, -8.502], [-57.6327, -8.5195], [-57.649, -8.5722], [-57.6207, -8.5938], [-57.6259, -8.6355], [-57.5973, -8.6907], [-57.5991, -8.7412], [-57.5836, -8.7607], [-57.5255, -8.7465], [-57.4663, -8.7843], [-57.4241, -8.7842], [-57.4198, -8.8554], [-57.3866, -8.8813], [-57.3155, -8.8849], [-57.3024, -8.9152], [-57.2483, -8.9091], [-57.1974, -8.9236], [-57.1341, -9.0004], [-57.0944, -9.0187], [-57.04, -9.0938], [-57.0577, -9.1846], [-56.9949, -9.2331], [-56.9662, -9.2173], [-56.8159, -9.2496], [-56.7754, -9.3249], [-56.7596, -9.4053], [-56.6718, -9.3674], [-53.1333, -9.6453], [-50.2091, -9.8446], [-50.2589, -9.8882], [-50.2873, -10.0138], [-50.3917, -10.1338], [-50.3818, -10.2202], [-50.418, -10.3408], [-50.4416, -10.3859], [-50.474, -10.4077], [-50.4899, -10.4613], [-50.4824, -10.4893], [-50.5135, -10.505], [-50.5343, -10.5998], [-50.5678, -10.6154], [-50.6054, -10.665], [-50.5709, -10.7507], [-50.6222, -10.8428], [-50.6011, -10.8941], [-50.6299, -10.932], [-50.6063, -11.0733], [-50.6445, -11.1028], [-50.6672, -11.1522], [-50.6507, -11.2106], [-50.6596, -11.2555], [-50.7082, -11.3208], [-50.7032, -11.3525], [-50.7274, -11.3743], [-50.7406, -11.4381], [-50.7239, -11.5719], [-50.6573, -11.5941], [-50.6588, -11.6746], [-50.7196, -11.7268], [-50.7216, -11.7465], [-50.6855, -11.8193], [-50.6875, -11.8537], [-50.6364, -11.8909], [-50.667, -11.9225], [-50.6579, -11.9744], [-50.6852, -11.9896], [-50.6761, -12.0141], [-50.6897, -12.045], [-50.6684, -12.0714], [-50.6864, -12.2084], [-50.646, -12.221], [-50.654, -12.2487], [-50.6289, -12.2768], [-50.6504, -12.3042], [-50.6193, -12.4534], [-50.6503, -12.4546], [-50.6411, -12.4783], [-50.6886, -12.5684], [-50.6802, -12.5885], [-50.7061, -12.6005], [-50.7019, -12.6444], [-50.6451, -12.6521], [-50.6538, -12.6791], [-50.6442, -12.7022], [-50.6299, -12.7011], [-50.6379, -12.7189], [-50.6239, -12.7349], [-50.6366, -12.7736], [-50.6124, -12.7736], [-50.623, -12.8213], [-50.5796, -12.7985], [-50.5985, -12.8242], [-50.5382, -12.8452], [-50.5141, -12.8307], [-50.5005, -12.878], [-50.5272, -12.9355], [-50.5247, -12.9744], [-50.5905, -13.0004], [-50.5722, -13.0453], [-50.6131, -13.0638], [-50.594, -13.1039], [-50.6053, -13.191], [-50.5869, -13.2148], [-50.6106, -13.3103], [-50.6652, -13.3755], [-50.668, -13.4369], [-50.7587, -13.5184], [-50.7685, -13.5942], [-50.8065, -13.6921], [-50.8725, -13.732], [-50.8547, -13.7606], [-50.8583, -13.8251], [-50.8406, -13.8709], [-50.8416, -13.9316], [-50.8673, -13.9687], [-50.8311, -14.0826], [-50.8567, -14.1196], [-50.8874, -14.1308], [-50.9043, -14.1081], [-50.9182, -14.1163], [-50.9135, -14.1681], [-50.9791, -14.2959], [-50.9656, -14.3254], [-50.989, -14.3599], [-50.9979, -14.4153], [-50.9616, -14.5197], [-50.9968, -14.574], [-50.9937, -14.6146], [-51.0259, -14.6584], [-51.0288, -14.7059], [-51.055, -14.7435], [-51.0425, -14.7892], [-51.0922, -14.8511], [-51.0844, -14.917], [-51.1493, -14.9455], [-51.1486, -14.9766], [-51.1674, -14.9924], [-51.2645, -15.0396], [-51.2878, -15.0358], [-51.3031, -14.984], [-51.3285, -14.9688], [-51.3699, -15.0095], [-51.4126, -15.0014], [-51.4591, -15.0462], [-51.5307, -15.0612], [-51.6031, -15.1595], [-51.6516, -15.1781], [-51.6717, -15.2482], [-51.6465, -15.2664], [-51.6894, -15.3143], [-51.6712, -15.373], [-51.7009, -15.4223], [-51.7006, -15.4883], [-51.7357, -15.5073], [-51.7379, -15.5549], [-51.757, -15.5539], [-51.7615, -15.5295], [-51.779, -15.5348], [-51.7585, -15.631], [-51.8063, -15.7226], [-51.877, -15.7974], [-51.885, -15.8289], [-51.9546, -15.8116], [-51.9561, -15.838], [-51.9826, -15.8413], [-52.0108, -15.8851], [-52.2516, -15.8906], [-52.3302, -16.0722], [-52.4984, -16.1415], [-52.5246, -16.1385], [-52.5273, -16.1555], [-52.5497, -16.1637], [-52.5471, -16.2221], [-52.5709, -16.2303], [-52.548, -16.2607], [-52.5793, -16.2489], [-52.589, -16.2695], [-52.6249, -16.2863], [-52.6582, -16.2797], [-52.6843, -16.3036], [-52.6888, -16.4001], [-52.6427, -16.4127], [-52.6462, -16.4286], [-52.618, -16.449], [-52.6229, -16.4652], [-52.6064, -16.4616], [-52.614, -16.501], [-52.6378, -16.5018], [-52.6291, -16.5374], [-52.6511, -16.561], [-52.6698, -16.5522], [-52.6616, -16.5715], [-52.6732, -16.569], [-52.674, -16.5848], [-52.7057, -16.5711], [-52.7054, -16.5992], [-52.7405, -16.5899], [-52.7415, -16.6115], [-52.7161, -16.6397], [-52.7473, -16.6312], [-52.7409, -16.6571], [-52.7717, -16.669], [-52.7556, -16.6727], [-52.7622, -16.7055], [-52.7862, -16.7154], [-52.7865, -16.7416], [-52.8074, -16.7416], [-52.8322, -16.7716], [-52.885, -16.7768], [-52.9248, -16.8176], [-52.933, -16.8025], [-52.9449, -16.8126], [-52.9303, -16.8384], [-52.9524, -16.8409], [-52.9453, -16.8556], [-52.9575, -16.8505], [-52.9646, -16.8674], [-53.0148, -16.8618], [-53.0194, -16.899], [-53.04, -16.9124], [-53.035, -16.9419], [-53.0562, -16.9634], [-53.0513, -16.9938], [-53.073, -17.051], [-53.0565, -17.0706], [-53.1195, -17.1137], [-53.1287, -17.1548], [-53.1578, -17.1711], [-53.1664, -17.2208], [-53.2192, -17.2979], [-53.1964, -17.3658], [-53.2339, -17.4414], [-53.2244, -17.4585], [-53.2468, -17.5272], [-53.2473, -17.6911], [-53.1601, -17.7872], [-53.1368, -17.8375], [-53.1318, -17.9173], [-53.0705, -17.987], [-53.0734, -18.0345], [-53.1941, -18.0291], [-53.2865, -17.9945], [-53.343, -18.0076], [-53.4174, -17.9853], [-53.4496, -17.9922], [-53.8165, -17.9392], [-53.8203, -17.9557], [-53.8339, -17.9329], [-53.8926, -17.9063], [-53.9429, -17.9174], [-53.9423, -17.8481], [-53.8527, -17.7013], [-53.798, -17.6714], [-53.7039, -17.6615], [-53.6725, -17.2533], [-53.7002, -17.2264], [-53.7571, -17.2413], [-53.778, -17.2779], [-53.8192, -17.2942], [-53.8324, -17.3566], [-53.8749, -17.3718], [-53.933, -17.4432], [-54.0536, -17.5063], [-54.0526, -17.5638], [-54.0794, -17.6182], [-54.1744, -17.5997], [-54.2687, -17.6493], [-54.3341, -17.6587], [-54.3873, -17.6313], [-54.3743, -17.6047], [-54.3823, -17.5755], [-54.4233, -17.5311], [-54.4642, -17.5245], [-54.494, -17.4802], [-54.555, -17.48], [-54.5823, -17.465], [-54.7518, -17.5177], [-54.7622, -17.5607], [-54.8623, -17.6176], [-54.9384, -17.6042], [-55.0009, -17.6368], [-55.112, -17.6217], [-55.1289, -17.6443], [-55.2109, -17.6146], [-55.2944, -17.541], [-55.3509, -17.5482], [-55.3759, -17.5141], [-55.383, -17.5255], [-55.4517, -17.51], [-55.4721, -17.4795], [-55.525, -17.4826], [-55.5773, -17.4189], [-55.5897, -17.422], [-55.5865, -17.3735], [-55.6269, -17.3652], [-55.6439, -17.3417], [-55.6473, -17.3601], [-55.6578, -17.3389], [-55.687, -17.3523], [-55.6929, -17.3402], [-55.7024, -17.3548], [-55.7088, -17.3375], [-55.7235, -17.3498], [-55.7595, -17.3249], [-55.7865, -17.3303], [-55.8039, -17.2998], [-55.83, -17.3056], [-55.8268, -17.2889], [-55.8424, -17.3018], [-55.8517, -17.279], [-55.9023, -17.2766], [-55.8882, -17.264], [-55.9277, -17.2585], [-55.9403, -17.2791], [-55.9513, -17.2504], [-55.9809, -17.2465], [-55.9879, -17.2587], [-55.9888, -17.242], [-56.0048, -17.246], [-56.0214, -17.2147], [-56.0064, -17.2046], [-56.0455, -17.1721], [-56.052, -17.1876], [-56.0618, -17.1717], [-56.1159, -17.1679], [-56.1407, -17.1917], [-56.1864, -17.189], [-56.1924, -17.2121], [-56.2172, -17.2132], [-56.2115, -17.2277], [-56.254, -17.2203], [-56.2606, -17.2442], [-56.2909, -17.2496], [-56.2846, -17.2649], [-56.3001, -17.2773], [-56.3096, -17.2669], [-56.34, -17.2884], [-56.3592, -17.2678], [-56.4423, -17.3321], [-56.452, -17.3101], [-56.4644, -17.3163], [-56.5013, -17.2866], [-56.5281, -17.3226], [-56.5728, -17.317], [-56.5786, -17.3326], [-56.6239, -17.3235], [-56.6319, -17.3344], [-56.6478, -17.3178], [-56.664, -17.3409], [-56.6826, -17.3182], [-56.6963, -17.3277], [-56.6943, -17.3176], [-56.7347, -17.3107], [-56.7623, -17.3311], [-56.7889, -17.388], [-56.8315, -17.3914], [-56.8433, -17.4173], [-56.8227, -17.4335], [-56.8422, -17.4439], [-56.8284, -17.4585], [-56.865, -17.4853], [-56.8765, -17.5327], [-56.9122, -17.5328], [-56.9834, -17.5786], [-56.9848, -17.607], [-56.9613, -17.6056], [-56.9643, -17.6185], [-56.9919, -17.6618], [-57.0401, -17.6958], [-57.0533, -17.7304], [-57.0814, -17.7369], [-57.1215, -17.7799], [-57.1511, -17.7688], [-57.257, -17.7944], [-57.2384, -17.8117], [-57.3122, -17.8099], [-57.3467, -17.8342], [-57.3824, -17.8254], [-57.4302, -17.8576], [-57.4581, -17.9001], [-57.4809, -17.8592], [-57.5185, -17.8616], [-57.579, -17.8001], [-57.6068, -17.8034], [-57.6144, -17.7802], [-57.603, -17.7742], [-57.6406, -17.7186], [-57.6722, -17.7261], [-57.6845, -17.7113], [-57.6681, -17.6751], [-57.7156, -17.5383], [-57.74, -17.537], [-57.7572, -17.5599], [-57.8834, -17.4496], [-57.9958, -17.5152], [-58.0417, -17.4926], [-58.0559, -17.4559], [-58.1169, -17.4493], [-58.1222, -17.4142], [-58.1482, -17.4124], [-58.1517, -17.3861], [-58.1953, -17.3888], [-58.203, -17.3542], [-58.2633, -17.345], [-58.2778, -17.2999], [-58.2947, -17.3011], [-58.3034, -17.2704], [-58.3655, -17.1987], [-58.3955, -17.1846], [-58.3787, -17.0449], [-58.4134, -16.9892], [-58.4744, -16.9351], [-58.4602, -16.9005], [-58.4629, -16.8217], [-58.4774, -16.8192], [-58.4586, -16.7861], [-58.4704, -16.7038], [-58.4355, -16.5938], [-58.3441, -16.5184], [-58.3342, -16.4902], [-58.3564, -16.4262], [-58.3447, -16.3895], [-58.3073, -16.3707], [-58.3035, -16.3082], [-58.3216, -16.2655], [-58.3942, -16.2598], [-58.4076, -16.3031], [-58.4645, -16.3181], [-60.1741, -16.2669], [-60.2396, -15.4745], [-60.5757, -15.0975], [-60.245, -15.0975], [-60.2736, -14.621], [-60.3284, -14.577], [-60.339, -14.5114], [-60.4077, -14.4129], [-60.3957, -14.3641], [-60.4101, -14.3696], [-60.4051, -14.3576], [-60.4537, -14.3138], [-60.4667, -14.2645], [-60.4499, -14.2405], [-60.4661, -14.2334], [-60.4733, -14.1911], [-60.4932, -14.1885], [-60.4755, -14.1598], [-60.4796, -14.094], [-60.4406, -14.0779], [-60.4054, -14.03], [-60.4045, -13.9978], [-60.3826, -13.993], [-60.4226, -13.9681]]]}}, {"type": "Feature", "properties": {"sigla": "BA", "nome": "Bahia"}, "geometry": {"type": "MultiPolygon", "coordinates": [[[[-46.6024, -11.345], [-46.606, -11.3284], [-46.606, -11.3282], [-46.6024, -11.345]]], [[[-46.6003, -11.3498], [-46.5943, -11.359], [-46.5913, -11.3621], [-46.5913, -11.3621], [-46.5913, -11.3621], [-46.5913, -11.3621], [-46.5943, -11.359], [-46.5995, -11.3515], [-46.6003, -11.3498]]], [[[-46.591, -11.3625], [-46.591, -11.3625], [-46.591, -11.3625], [-46.5886, -11.3645], [-46.5886, -11.3645], [-46.5886, -11.3645], [-46.591, -11.3625]]], [[[-46.5842, -11.3677], [-46.579, -11.3703], [-46.5737, -11.3712], [-46.5746, -11.3711], [-46.579, -11.3703], [-46.5815, -11.3693], [-46.5842, -11.3677]]], [[[-46.5363, -11.4188], [-46.5445, -11.4144], [-46.543, -11.4158], [-46.5363, -11.4188]]], [[[-46.5273, -11.4581], [-46.5266, -11.4539], [-46.527, -11.4625], [-46.527, -11.4625], [-46.5273, -11.4581]]], [[[-46.5005, -11.5004], [-46.5005, -11.5004], [-46.5005, -11.5004], [-46.5005, -11.5004], [-46.5004, -11.5005], [-46.5004, -11.5005], [-46.5004, -11.5005], [-46.5004, -11.5005], [-46.5004, -11.5005], [-46.5004, -11.5005], [-46.5004, -11.5005], [-46.5005, -11.5004]]], [[[-46.4611, -11.5159], [-46.467, -11.5183], [-46.4642, -11.5176], [-46.4611, -11.5159]]], [[[-46.4091, -11.5422], [-46.4039, -11.5418], [-46.4034, -11.5416], [-46.4034, -11.5416], [-46.4034, -11.5416], [-46.4039, -11.5418], [-46.408, -11.5422], [-46.4091, -11.5422]]], [[[-46.3969, -12.0418], [-46.3952, -12.0437], [-46.3935, -12.0445], [-46.3935, -12.0445], [-46.3935, -12.0445], [-46.3952, -12.0437], [-46.3967, -12.0422], [-46.3969, -12.0418]]], [[[-46.3954, -12.0264], [-46.3937, -12.0255], [-46.3954, -12.0263], [-46.3954, -12.0264]]], [[[-46.3897, -12.1671], [-46.3868, -12.1647], [-46.389, -12.1661], [-46.3897, -12.1671]]], [[[-46.3894, -12.1948], [-46.3844, -12.1965], [-46.3831, -12.1965], [-46.3831, -12.1965], [-46.3831, -12.1965], [-46.3844, -12.1965], [-46.389, -12.1951], [-46.3894, -12.1948]]], [[[-46.3881, -12.072], [-46.3881, -12.072], [-46.3881, -12.072], [-46.3881, -12.072], [-46.3881, -12.072], [-46.3881, -12.072], [-46.3883, -12.0723], [-46.3883, -12.0723], [-46.3883, -12.0723], [-46.3881, -12.072]]], [[[-46.3859, -12.0917], [-46.3861, -12.0898], [-46.3831, -12.0862], [-46.3859, -12.0917]]], [[[-46.3858, -12.092], [-46.3858, -12.092], [-46.3858, -12.092], [-46.3858, -12.092], [-46.3858, -12.092], [-46.3856, -12.0923], [-46.3856, -12.0923], [-46.3856, -12.0923], [-46.3856, -12.0923], [-46.3856, -12.0923], [-46.3856, -12.0923], [-46.3858, -12.092]]], [[[-46.3753, -12.0967], [-46.3845, -12.0934], [-46.3845, -12.0934], [-46.384, -12.0939], [-46.3753, -12.0967]]], [[[-46.3763, -12.2555], [-46.3808, -12.2511], [-46.381, -12.2484], [-46.3763, -12.2555]]], [[[-46.3809, -12.2483], [-46.3726, -12.2444], [-46.3793, -12.2461], [-46.3809, -12.2483]]], [[[-46.3751, -12.2871], [-46.3745, -12.2858], [-46.3749, -12.2879], [-46.3751, -12.2871]]], [[[-46.3748, -12.2882], [-46.3748, -12.2882], [-46.3748, -12.2882], [-46.3748, -12.2882], [-46.3748, -12.2882], [-46.3748, -12.2882], [-46.3744, -12.2896], [-46.3744, -12.2896], [-46.3744, -12.2896], [-46.3744, -12.2896], [-46.3744, -12.2896], [-46.3744, -12.2896], [-46.3748, -12.2882]]], [[[-46.374, -12.0157], [-46.374, -12.0157], [-46.374, -12.0157], [-46.374, -12.0157], [-46.374, -12.0157], [-46.374, -12.0157], [-46.3745, -12.016], [-46.3745, -12.016], [-46.3745, -12.016], [-46.374, -12.0157]]], [[[-46.3744, -12.1475], [-46.3735, -12.1404], [-46.3741, -12.1422], [-46.3744, -12.1475]]], [[[-46.3736, -11.8434], [-46.3739, -11.8391], [-46.3737, -11.838], [-46.3736, -11.8434]]], [[[-46.3735, -11.8716], [-46.3718, -11.8747], [-46.3713, -11.8753], [-46.3713, -11.8753], [-46.3713, -11.8753], [-46.3718, -11.8747], [-46.3732, -11.8723], [-46.3735, -11.8716]]], [[[-46.3734, -11.8368], [-46.3734, -11.8368], [-46.3734, -11.837], [-46.3734, -11.837], [-46.3734, -11.837], [-46.3734, -11.837], [-46.3734, -11.837], [-46.3734, -11.837], [-46.3734, -11.837], [-46.3734, -11.8368]]], [[[-46.3734, -11.7511], [-46.3661, -11.7458], [-46.3517, -11.7428], [-46.3547, -11.7431], [-46.3661, -11.7458], [-46.3715, -11.7482], [-46.3734, -11.7511]]], [[[-46.3734, -11.8367], [-46.3638, -11.8378], [-46.3638, -11.8378], [-46.3685, -11.8347], [-46.3734, -11.8367]]], [[[-46.3655, -11.9938], [-46.3693, -11.9966], [-46.3732, -12.0039], [-46.3707, -12.0004], [-46.3693, -11.9966], [-46.3665, -11.9942], [-46.3655, -11.9938]]], [[[-46.3697, -11.7609], [-46.3728, -11.7539], [-46.3717, -11.7586], [-46.3697, -11.7609]]], [[[-46.3693, -11.7611], [-46.3693, -11.7611], [-46.369, -11.7613], [-46.369, -11.7613], [-46.369, -11.7613], [-46.369, -11.7613], [-46.369, -11.7613], [-46.3693, -11.7611]]], [[[-46.3688, -11.7614], [-46.3568, -11.7592], [-46.3553, -11.7577], [-46.3509, -11.7554], [-46.3688, -11.7614]]], [[[-46.3667, -12.2416], [-46.3682, -12.2424], [-46.3683, -12.2424], [-46.3667, -12.2416]]], [[[-46.3631, -11.8845], [-46.3647, -11.8847], [-46.3647, -11.8847], [-46.3639, -11.885], [-46.3631, -11.8845]]], [[[-46.3564, -11.9818], [-46.3528, -11.9793], [-46.3561, -11.9815], [-46.3564, -11.9818]]], [[[-46.3531, -12.3356], [-46.3531, -12.3347], [-46.3529, -12.336], [-46.3531, -12.3356]]], [[[-46.3418, -12.3135], [-46.3496, -12.317], [-46.3515, -12.3207], [-46.3506, -12.3182], [-46.3496, -12.317], [-46.3462, -12.3149], [-46.3418, -12.3135]]], [[[-46.3512, -11.8234], [-46.3512, -11.8232], [-46.3511, -11.8254], [-46.3511, -11.8254], [-46.3512, -11.8234]]], [[[-46.3509, -11.8224], [-46.3509, -11.8224], [-46.351, -11.8225], [-46.351, -11.8225], [-46.351, -11.8225], [-46.351, -11.8225], [-46.351, -11.8225], [-46.351, -11.8225], [-46.3509, -11.8224]]], [[[-46.3509, -11.8223], [-46.3449, -11.8197], [-46.3449, -11.8197], [-46.3483, -11.82], [-46.3509, -11.8223]]], [[[-46.3403, -11.5443], [-46.3446, -11.545], [-46.3421, -11.5451], [-46.3403, -11.5443]]], [[[-46.3381, -11.8166], [-46.3381, -11.8166], [-46.3381, -11.8166], [-46.3381, -11.8166], [-46.3389, -11.817], [-46.3389, -11.817], [-46.3389, -11.817], [-46.3381, -11.8166]]], [[[-46.3349, -11.7681], [-46.3366, -11.7677], [-46.3357, -11.7681], [-46.3349, -11.7681]]], [[[-46.3341, -11.7947], [-46.336, -11.7895], [-46.3357, -11.788], [-46.3341, -11.7947]]], [[[-46.3355, -11.7869], [-46.3334, -11.7842], [-46.3334, -11.7842], [-46.3346, -11.7849], [-46.3355, -11.7869]]], [[[-46.3346, -11.9672], [-46.3285, -11.9613], [-46.3314, -11.9632], [-46.3346, -11.9672]]], [[[-46.3296, -11.7374], [-46.3296, -11.7374], [-46.3296, -11.7374], [-46.3296, -11.7374], [-46.3297, -11.7375], [-46.3297, -11.7375], [-46.3297, -11.7375], [-46.3296, -11.7374]]], [[[-46.3281, -12.3533], [-46.3295, -12.3512], [-46.3289, -12.3527], [-46.3281, -12.3533]]], [[[-46.3269, -12.3543], [-46.3269, -12.3543], [-46.3269, -12.3543], [-46.3269, -12.3543], [-46.3263, -12.3548], [-46.3263, -12.3548], [-46.3263, -12.3548], [-46.3269, -12.3543]]], [[[-46.3146, -11.713], [-46.3242, -11.7257], [-46.3269, -11.7331], [-46.3269, -11.7331], [-46.3269, -11.7331], [-46.3242, -11.7257], [-46.3167, -11.7165], [-46.3146, -11.713]]], [[[-46.3145, -11.9537], [-46.3212, -11.9559], [-46.326, -11.9589], [-46.3257, -11.9585], [-46.3212, -11.9559], [-46.3161, -11.9541], [-46.3145, -11.9537]]], [[[-46.3165, -11.8982], [-46.3053, -11.8957], [-46.2946, -11.8899], [-46.3018, -11.8934], [-46.3053, -11.8957], [-46.3095, -11.8969], [-46.3165, -11.8982]]], [[[-46.3154, -11.6426], [-46.3115, -11.6272], [-46.3008, -11.6261], [-46.3154, -11.6426]]], [[[-46.3132, -10.9246], [-46.3069, -10.9208], [-46.3069, -10.9208], [-46.3069, -10.9208], [-46.3108, -10.9229], [-46.3132, -10.9246]]], [[[-46.3131, -11.9534], [-46.2649, -11.9486], [-46.2794, -11.9475], [-46.2954, -11.9493], [-46.3052, -11.951], [-46.3131, -11.9534]]], [[[-46.3091, -11.7044], [-46.3054, -11.7018], [-46.3061, -11.7021], [-46.3091, -11.7044]]], [[[-46.3007, -12.9393], [-46.3047, -12.9468], [-46.3031, -12.9444], [-46.3007, -12.9393]]], [[[-46.3025, -12.4131], [-46.305, -12.4078], [-46.3048, -12.4066], [-46.3025, -12.4131]]], [[[-46.3047, -12.4056], [-46.3044, -12.4053], [-46.3046, -12.4055], [-46.3047, -12.4056]]], [[[-46.3041, -12.95], [-46.3006, -12.9498], [-46.2967, -12.948], [-46.2967, -12.948], [-46.2967, -12.948], [-46.3006, -12.9498], [-46.3033, -12.9502], [-46.3041, -12.95]]], [[[-46.3004, -11.6675], [-46.3015, -11.6632], [-46.3015, -11.6632], [-46.3015, -11.6645], [-46.3004, -11.6675]]], [[[-46.294, -12.4179], [-46.2997, -12.4166], [-46.2997, -12.4166], [-46.2976, -12.418], [-46.294, -12.4179]]], [[[-46.2989, -12.935], [-46.2936, -12.922], [-46.2983, -12.9288], [-46.2989, -12.935]]], [[[-46.2977, -12.9083], [-46.2977, -12.9082], [-46.2977, -12.9082], [-46.2977, -12.9082], [-46.2977, -12.9082], [-46.2977, -12.9082], [-46.2977, -12.9082], [-46.2977, -12.9083], [-46.2977, -12.9083], [-46.2977, -12.9083]]], [[[-46.2943, -12.3847], [-46.2938, -12.3845], [-46.2943, -12.3849], [-46.2943, -12.3847]]], [[[-46.293, -12.6921], [-46.293, -12.6922], [-46.2931, -12.6924], [-46.2931, -12.6924], [-46.293, -12.6921]]], [[[-46.2906, -12.8657], [-46.293, -12.8604], [-46.2929, -12.8602], [-46.2906, -12.8657]]], [[[-46.2924, -12.6899], [-46.2921, -12.6909], [-46.2929, -12.6917], [-46.2924, -12.6899]]], [[[-46.2928, -12.8596], [-46.2924, -12.8592], [-46.2927, -12.8594], [-46.2928, -12.8596]]], [[[-46.2915, -12.6954], [-46.2917, -12.6948], [-46.2914, -12.6954], [-46.2915, -12.6954]]], [[[-46.2867, -12.6342], [-46.2907, -12.6329], [-46.2908, -12.6312], [-46.2867, -12.6342]]], [[[-46.2864, -12.8939], [-46.2866, -12.8845], [-46.2851, -12.881], [-46.2864, -12.8939]]], [[[-46.2792, -12.6749], [-46.2739, -12.6732], [-46.2849, -12.6797], [-46.2792, -12.6749]]], [[[-46.2832, -12.7835], [-46.2818, -12.7819], [-46.2812, -12.7814], [-46.2812, -12.7814], [-46.2832, -12.7835]]], [[[-46.2803, -12.7508], [-46.2792, -12.7491], [-46.2773, -12.7479], [-46.2803, -12.7508]]], [[[-46.2799, -12.5849], [-46.2788, -12.5829], [-46.2744, -12.5799], [-46.2744, -12.5799], [-46.2744, -12.5799], [-46.2788, -12.5829], [-46.2799, -12.585], [-46.2799, -12.5849]]], [[[-46.2799, -12.5859], [-46.2798, -12.586], [-46.2798, -12.5861], [-46.2799, -12.5859]]], [[[-46.2799, -12.6079], [-46.2748, -12.5972], [-46.2791, -12.6028], [-46.2799, -12.6079]]], [[[-46.2799, -12.943], [-46.277, -12.9414], [-46.2766, -12.9373], [-46.2766, -12.9373], [-46.2766, -12.9373], [-46.2766, -12.9373], [-46.2766, -12.9373], [-46.2766, -12.9373], [-46.2766, -12.9373], [-46.277, -12.9414], [-46.2796, -12.943], [-46.2799, -12.943]]], [[[-46.2715, -11.6229], [-46.2773, -11.6233], [-46.2779, -11.6236], [-46.2779, -11.6236], [-46.2779, -11.6236], [-46.2779, -11.6236], [-46.2773, -11.6233], [-46.2727, -11.6228], [-46.2715, -11.6229]]], [[[-46.271, -12.4142], [-46.2684, -12.414], [-46.2667, -12.4134], [-46.2667, -12.4134], [-46.2667, -12.4134], [-46.2684, -12.414], [-46.2711, -12.4142], [-46.271, -12.4142]]], [[[-46.2704, -12.9345], [-46.2706, -12.9346], [-46.2706, -12.9346], [-46.2705, -12.9346], [-46.2704, -12.9345]]], [[[-46.2557, -12.5472], [-46.2611, -12.5497], [-46.2654, -12.5684], [-46.2646, -12.5603], [-46.2611, -12.5497], [-46.2588, -12.5476], [-46.2557, -12.5472]]], [[[-46.2602, -12.934], [-46.2558, -12.9356], [-46.2537, -12.9352], [-46.2537, -12.9352], [-46.2537, -12.9352], [-46.2537, -12.9352], [-46.2558, -12.9356], [-46.2589, -12.9349], [-46.2602, -12.934]]], [[[-46.2564, -11.6213], [-46.2444, -11.6279], [-46.2482, -11.6249], [-46.2564, -11.6213]]], [[[-46.2556, -11.9482], [-46.248, -11.9476], [-46.2504, -11.9479], [-46.2556, -11.9482]]], [[[-46.2551, -12.4939], [-46.2566, -12.4878], [-46.2548, -12.4839], [-46.2551, -12.4939]]], [[[-46.2537, -12.495], [-46.2459, -12.4975], [-46.2299, -12.4985], [-46.2335, -12.4988], [-46.2459, -12.4975], [-46.2523, -12.4959], [-46.2537, -12.495]]], [[[-46.2482, -11.9014], [-46.2504, -11.9005], [-46.2437, -11.9019], [-46.2482, -11.9014]]], [[[-46.2374, -12.9382], [-46.2304, -12.9407], [-46.2234, -12.9412], [-46.2261, -12.9415], [-46.2304, -12.9407], [-46.2353, -12.9391], [-46.2374, -12.9382]]], [[[-46.2107, -12.5328], [-46.2207, -12.5345], [-46.2269, -12.5363], [-46.2313, -12.5389], [-46.2314, -12.5389], [-46.2269, -12.5363], [-46.2107, -12.5328]]], [[[-46.2265, -12.498], [-46.2244, -12.4974], [-46.2243, -12.4974], [-46.2265, -12.498]]], [[[-46.219, -12.4953], [-46.222, -12.4967], [-46.2204, -12.4962], [-46.219, -12.4953]]], [[[-46.2218, -12.9409], [-46.2218, -12.9408], [-46.2218, -12.9408], [-46.2218, -12.9408], [-46.2218, -12.9408], [-46.2218, -12.9408], [-46.2218, -12.9408], [-46.2218, -12.9409]]], [[[-46.2201, -12.9404], [-46.2129, -12.9373], [-46.2024, -12.9284], [-46.2023, -12.9284], [-46.2129, -12.9373], [-46.2167, -12.9394], [-46.2201, -12.9404]]], [[[-46.2171, -11.8996], [-46.216, -11.8994], [-46.2166, -11.8996], [-46.2171, -11.8996]]], [[[-46.2129, -11.8984], [-46.2091, -11.8961], [-46.2101, -11.8972], [-46.2129, -11.8984]]], [[[-46.2044, -11.9289], [-46.1926, -11.9296], [-46.2093, -11.9301], [-46.2044, -11.9289]]], [[[-46.2064, -12.5317], [-46.1995, -12.5303], [-46.2017, -12.5303], [-46.2064, -12.5317]]], [[[-46.2049, -10.6657], [-46.1983, -10.6758], [-46.1968, -10.6783], [-46.1957, -10.6802], [-46.1957, -10.6802], [-46.1949, -10.6815], [-46.194, -10.6833], [-46.194, -10.6833], [-46.1936, -10.6843], [-46.1931, -10.6852], [-46.1928, -10.6877], [-46.1933, -10.6919], [-46.193, -10.6989], [-46.1932, -10.7018], [-46.2049, -10.6657]]], [[[-46.1988, -11.6521], [-46.193, -11.6529], [-46.193, -11.6529], [-46.193, -11.6529], [-46.193, -11.6529], [-46.1933, -11.6525], [-46.1988, -11.6521]]], [[[-46.1809, -11.6048], [-46.1773, -11.6033], [-46.1769, -11.6033], [-46.1809, -11.6048]]], [[[-46.1754, -11.6521], [-46.1758, -11.6526], [-46.1795, -11.654], [-46.1754, -11.6521]]], [[[-46.1601, -12.9164], [-46.1553, -12.9158], [-46.1442, -12.9114], [-46.1506, -12.9143], [-46.1553, -12.9158], [-46.1574, -12.9163], [-46.1601, -12.9164]]], [[[-46.1579, -11.6561], [-46.1575, -11.6567], [-46.1597, -11.6562], [-46.1579, -11.6561]]], [[[-46.1325, -11.6464], [-46.1266, -11.6463], [-46.1325, -11.6468], [-46.1525, -11.6565], [-46.154, -11.6571], [-46.1554, -11.6569], [-46.141, -11.6487], [-46.1325, -11.6464]]], [[[-46.1331, -10.622], [-46.1411, -10.6234], [-46.1469, -10.6264], [-46.1434, -10.6245], [-46.1411, -10.6234], [-46.1373, -10.6223], [-46.1331, -10.622]]], [[[-46.1023, -11.6433], [-46.1179, -11.6434], [-46.1213, -11.6443], [-46.1203, -11.6438], [-46.1179, -11.6434], [-46.1073, -11.6429], [-46.1023, -11.6433]]], [[[-46.0949, -10.6045], [-46.098, -10.606], [-46.1023, -10.6097], [-46.1023, -10.6097], [-46.1023, -10.6097], [-46.098, -10.606], [-46.0954, -10.6045], [-46.0949, -10.6045]]], [[[-46.0875, -11.6293], [-46.088, -11.6266], [-46.0877, -11.6258], [-46.0877, -11.6258], [-46.0877, -11.6258], [-46.0877, -11.6258], [-46.0877, -11.6258], [-46.088, -11.6266], [-46.0874, -11.6295], [-46.0875, -11.6293]]], [[[-46.0871, -11.6427], [-46.0871, -11.6427], [-46.0871, -11.6427], [-46.0871, -11.6427], [-46.0871, -11.6427], [-46.0873, -11.6427], [-46.0873, -11.6427], [-46.0873, -11.6427], [-46.0871, -11.6427]]], [[[-45.8238, -10.3648], [-45.8305, -10.3806], [-45.831, -10.3884], [-45.8314, -10.3932], [-45.831, -10.4031], [-45.8309, -10.4164], [-45.8311, -10.4363], [-45.8238, -10.3648]]], [[[-45.7557, -10.3521], [-45.7974, -10.3527], [-45.8238, -10.3647], [-45.8182, -10.3605], [-45.7974, -10.3527], [-45.7808, -10.351], [-45.7557, -10.3521]]], [[[-45.7517, -10.3521], [-45.7505, -10.3516], [-45.7511, -10.352], [-45.7511, -10.352], [-45.7511, -10.352], [-45.7517, -10.3521]]], [[[-45.7177, -10.1649], [-45.7225, -10.1569], [-45.722, -10.1586], [-45.7177, -10.1649]]], [[[-45.7203, -10.2986], [-45.7151, -10.2859], [-45.7186, -10.2929], [-45.7203, -10.2986]]], [[[-45.7116, -10.1673], [-45.7145, -10.1673], [-45.7145, -10.1673], [-45.7134, -10.1677], [-45.7116, -10.1673]]], [[[-45.7125, -10.2811], [-45.7062, -10.271], [-45.7078, -10.273], [-45.7125, -10.2811]]], [[[-45.7058, -10.188], [-45.7049, -10.1851], [-45.7049, -10.1851], [-45.7057, -10.186], [-45.7058, -10.188]]], [[[-45.7058, -10.2704], [-45.7033, -10.2684], [-45.7056, -10.2702], [-45.7058, -10.2704]]]]}}, {"type": "Feature", "properties": {"sigla": "GO", "nome": "Goi\u00e1s"}, "geometry": {"type": "MultiPolygon", "coordinates": [[[[-53.2474, -17.6049], [-53.2465, -17.6043], [-53.2465, -17.6043], [-53.2465, -17.6043], [-53.2473, -17.6043], [-53.2474, -17.6049]]], [[[-53.2447, -17.6031], [-53.246, -17.6032], [-53.2462, -17.6041], [-53.246, -17.6036], [-53.246, -17.6032], [-53.2451, -17.6029], [-53.2447, -17.6031]]], [[[-53.2455, -17.5557], [-53.2453, -17.5546], [-53.243, -17.5545], [-53.2421, -17.5526], [-53.2453, -17.5546], [-53.2449, -17.5563], [-53.2455, -17.5557]]], [[[-53.2432, -17.6881], [-53.2432, -17.6881], [-53.2432, -17.6881], [-53.2432, -17.6881], [-53.2432, -17.6881], [-53.2434, -17.6883], [-53.2434, -17.6883], [-53.2434, -17.6883], [-53.2432, -17.6881], [-53.2432, -17.6881]]], [[[-53.242, -17.5191], [-53.2418, -17.5189], [-53.242, -17.5194], [-53.242, -17.5194], [-53.242, -17.5191]]], [[[-53.2407, -17.6683], [-53.2413, -17.6684], [-53.2418, -17.6693], [-53.2418, -17.6692], [-53.2413, -17.6684], [-53.241, -17.6683], [-53.2407, -17.6683]]], [[[-53.2404, -17.5165], [-53.2403, -17.5165], [-53.2404, -17.5167], [-53.2404, -17.5167], [-53.2404, -17.5165]]], [[[-53.235, -17.4813], [-53.2349, -17.4807], [-53.2345, -17.4805], [-53.2346, -17.4805], [-53.2349, -17.4807], [-53.2349, -17.4814], [-53.235, -17.4813]]], [[[-53.2282, -17.467], [-53.2286, -17.4658], [-53.2281, -17.4657], [-53.2282, -17.467]]], [[[-53.2262, -17.4635], [-53.228, -17.4629], [-53.2277, -17.462], [-53.2271, -17.462], [-53.2262, -17.4635]]], [[[-53.2259, -17.4622], [-53.2266, -17.4612], [-53.2252, -17.4606], [-53.2261, -17.4607], [-53.2266, -17.4612], [-53.2266, -17.4618], [-53.2259, -17.4622]]], [[[-53.2232, -17.4192], [-53.2229, -17.4186], [-53.2225, -17.4186], [-53.2225, -17.4186], [-53.2225, -17.4186], [-53.2225, -17.4186], [-53.2225, -17.4186], [-53.2225, -17.4186], [-53.2229, -17.4186], [-53.2232, -17.4193], [-53.2232, -17.4192]]], [[[-53.2218, -17.4165], [-53.2219, -17.4161], [-53.2215, -17.4158], [-53.2215, -17.4158], [-53.2215, -17.4158], [-53.2215, -17.4158], [-53.2215, -17.4158], [-53.2219, -17.4161], [-53.2217, -17.4166], [-53.2218, -17.4165]]], [[[-53.2172, -17.413], [-53.2191, -17.4124], [-53.2182, -17.4125], [-53.2172, -17.413]]], [[[-53.2159, -17.4118], [-53.2167, -17.4108], [-53.2163, -17.4106], [-53.216, -17.411], [-53.2159, -17.4118]]], [[[-53.217, -17.3262], [-53.2165, -17.3256], [-53.2165, -17.3256], [-53.2168, -17.3258], [-53.217, -17.3262]]], [[[-53.2146, -17.4068], [-53.2152, -17.4064], [-53.2152, -17.4062], [-53.2146, -17.4068]]], [[[-53.2149, -17.4107], [-53.2142, -17.4087], [-53.2132, -17.408], [-53.2149, -17.4107]]], [[[-53.2103, -17.4036], [-53.2106, -17.4019], [-53.2126, -17.404], [-53.2142, -17.4036], [-53.2148, -17.4039], [-53.2145, -17.4051], [-53.2145, -17.4051], [-53.2145, -17.4051], [-53.2145, -17.4051], [-53.2145, -17.4051], [-53.2145, -17.4051], [-53.2145, -17.4051], [-53.2145, -17.4051], [-53.2145, -17.4051], [-53.2145, -17.4051], [-53.2145, -17.4051], [-53.2145, -17.4051], [-53.2148, -17.4039], [-53.2146, -17.4037], [-53.2106, -17.4019], [-53.2102, -17.402], [-53.2103, -17.4036]]], [[[-53.2081, -17.3931], [-53.2124, -17.3947], [-53.2125, -17.3928], [-53.2081, -17.3931]]], [[[-53.2072, -17.4018], [-53.2082, -17.402], [-53.2091, -17.4031], [-53.2084, -17.4024], [-53.2082, -17.402], [-53.2079, -17.4019], [-53.2072, -17.4018]]], [[[-53.208, -17.2846], [-53.2079, -17.2844], [-53.2076, -17.2844], [-53.2076, -17.2844], [-53.2076, -17.2844], [-53.2076, -17.2844], [-53.2076, -17.2844], [-53.2079, -17.2844], [-53.208, -17.2847], [-53.208, -17.2846]]], [[[-53.2081, -17.3849], [-53.2042, -17.383], [-53.2036, -17.3848], [-53.2037, -17.3884], [-53.2028, -17.3891], [-53.2034, -17.389], [-53.2037, -17.3884], [-53.2042, -17.383], [-53.2069, -17.3827], [-53.2081, -17.3849]]], [[[-53.1966, -17.3673], [-53.2048, -17.3679], [-53.2064, -17.3706], [-53.2059, -17.3688], [-53.2048, -17.3679], [-53.2023, -17.3672], [-53.1966, -17.3673]]], [[[-53.2062, -17.3613], [-53.2062, -17.3613], [-53.2062, -17.3613], [-53.2062, -17.3613], [-53.2062, -17.3613], [-53.2062, -17.3613], [-53.2062, -17.3613], [-53.2062, -17.3613], [-53.2061, -17.3615], [-53.2061, -17.3615], [-53.2061, -17.3615], [-53.2061, -17.3615], [-53.2061, -17.3615], [-53.2061, -17.3615], [-53.2061, -17.3615], [-53.2061, -17.3615], [-53.2061, -17.3615], [-53.2062, -17.3613]]], [[[-53.2061, -17.3425], [-53.206, -17.3413], [-53.204, -17.3407], [-53.2061, -17.3425]]], [[[-53.2, -17.3846], [-53.2001, -17.3818], [-53.1989, -17.38], [-53.1986, -17.3801], [-53.2001, -17.3818], [-53.1999, -17.3848], [-53.2, -17.3846]]], [[[-53.1966, -17.3638], [-53.1978, -17.3633], [-53.1972, -17.3623], [-53.1978, -17.3629], [-53.1978, -17.3633], [-53.1963, -17.3642], [-53.1966, -17.3638]]], [[[-53.1965, -17.3658], [-53.1964, -17.3658], [-53.1964, -17.3658], [-53.1964, -17.3658], [-53.1964, -17.3658], [-53.1965, -17.3658]]], [[[-53.196, -17.2598], [-53.1883, -17.2583], [-53.1883, -17.2583], [-53.1883, -17.2583], [-53.1883, -17.2583], [-53.19, -17.2581], [-53.1921, -17.258], [-53.1949, -17.2593], [-53.1949, -17.2593], [-53.1949, -17.2593], [-53.1956, -17.2594], [-53.196, -17.2598]]], [[[-53.1863, -17.2579], [-53.1861, -17.2574], [-53.1862, -17.2575], [-53.1863, -17.2579]]], [[[-53.18, -17.2438], [-53.1789, -17.2419], [-53.177, -17.2418], [-53.1777, -17.2418], [-53.1789, -17.2419], [-53.1795, -17.2425], [-53.18, -17.2438]]], [[[-53.1664, -17.2208], [-53.1693, -17.22], [-53.1711, -17.2223], [-53.1707, -17.2212], [-53.1693, -17.22], [-53.1683, -17.2206], [-53.1664, -17.2208]]], [[[-53.1666, -17.2188], [-53.167, -17.2168], [-53.167, -17.2163], [-53.1666, -17.2188]]], [[[-53.1655, -17.2085], [-53.1642, -17.2074], [-53.1646, -17.2077], [-53.1655, -17.2085]]], [[[-53.1566, -17.1706], [-53.1547, -17.1699], [-53.1561, -17.17], [-53.1566, -17.1706]]], [[[-53.1426, -17.1706], [-53.1439, -17.1706], [-53.146, -17.1681], [-53.1472, -17.1677], [-53.1511, -17.1686], [-53.1504, -17.168], [-53.1472, -17.1677], [-53.1439, -17.1706], [-53.1431, -17.1707], [-53.1426, -17.1706]]], [[[-53.1389, -17.1611], [-53.1382, -17.1607], [-53.1382, -17.1607], [-53.1388, -17.1608], [-53.1389, -17.1611]]], [[[-53.1287, -17.1548], [-53.1312, -17.155], [-53.1328, -17.1563], [-53.1325, -17.1556], [-53.1312, -17.155], [-53.1298, -17.1549], [-53.1287, -17.1548]]], [[[-53.1308, -17.144], [-53.1304, -17.1435], [-53.1304, -17.1435], [-53.1305, -17.1435], [-53.1308, -17.144]]], [[[-53.1168, -17.1122], [-53.1174, -17.1123], [-53.1177, -17.1127], [-53.1177, -17.1127], [-53.1177, -17.1127], [-53.1177, -17.1127], [-53.1177, -17.1127], [-53.1174, -17.1123], [-53.1171, -17.1122], [-53.1168, -17.1122]]], [[[-53.1123, -17.1099], [-53.1036, -17.1073], [-53.1086, -17.108], [-53.1106, -17.1074], [-53.1123, -17.1099]]], [[[-53.1007, -17.1014], [-53.0989, -17.1007], [-53.0997, -17.1007], [-53.1007, -17.1014]]], [[[-53.0901, -17.0995], [-53.0928, -17.0983], [-53.0939, -17.1002], [-53.0934, -17.0987], [-53.0928, -17.0983], [-53.0915, -17.0984], [-53.0901, -17.0995]]], [[[-53.0861, -17.094], [-53.0886, -17.0918], [-53.0872, -17.0926], [-53.0861, -17.094]]], [[[-53.089, -17.0855], [-53.0859, -17.084], [-53.0853, -17.0847], [-53.0845, -17.0862], [-53.0825, -17.0881], [-53.089, -17.0855]]], [[[-53.0816, -17.0884], [-53.0802, -17.0885], [-53.0802, -17.0885], [-53.0802, -17.0885], [-53.0802, -17.0885], [-53.0802, -17.0885], [-53.0802, -17.0885], [-53.0802, -17.0885], [-53.0802, -17.0885], [-53.0804, -17.0885], [-53.0804, -17.0885], [-53.0804, -17.0885], [-53.0816, -17.0884]]], [[[-53.0732, -17.0827], [-53.0801, -17.0792], [-53.0792, -17.0791], [-53.0767, -17.0796], [-53.0732, -17.0827]]], [[[-53.0725, -17.0777], [-53.0702, -17.0761], [-53.0685, -17.0772], [-53.0725, -17.0777]]], [[[-53.0722, -18.034], [-53.0722, -18.0335], [-53.0722, -18.0335], [-53.0722, -18.0335], [-53.0722, -18.034]]], [[[-53.0723, -18.0251], [-53.0733, -18.0235], [-53.0717, -18.021], [-53.0714, -18.0123], [-53.0733, -18.0235], [-53.0719, -18.026], [-53.0723, -18.0251]]], [[[-53.0684, -17.0491], [-53.0691, -17.0504], [-53.0711, -17.0503], [-53.0684, -17.0491]]], [[[-53.0691, -17.0413], [-53.069, -17.0413], [-53.069, -17.0413], [-53.069, -17.0413], [-53.0691, -17.0413]]], [[[-53.0663, -17.0745], [-53.0649, -17.0733], [-53.0627, -17.0771], [-53.0619, -17.0775], [-53.0649, -17.0733], [-53.0662, -17.0731], [-53.0663, -17.0745]]], [[[-53.0628, -17.0518], [-53.0649, -17.0515], [-53.0641, -17.0515], [-53.063, -17.0517], [-53.0628, -17.0518]]], [[[-53.0637, -17.0157], [-53.0635, -17.0152], [-53.0636, -17.0154], [-53.0637, -17.0157]]], [[[-53.0632, -17.0133], [-53.0626, -17.0128], [-53.0632, -17.0137], [-53.0632, -17.0133]]], [[[-53.0577, -17.0143], [-53.0595, -17.0122], [-53.0618, -17.0124], [-53.0601, -17.0121], [-53.0595, -17.0122], [-53.0579, -17.0142], [-53.0577, -17.0143]]], [[[-53.0565, -17.0706], [-53.0593, -17.0699], [-53.0573, -17.0703], [-53.0565, -17.0706]]], [[[-53.0572, -17.068], [-53.0576, -17.0672], [-53.0575, -17.0659], [-53.0576, -17.0661], [-53.0576, -17.0672], [-53.057, -17.068], [-53.0572, -17.068]]], [[[-53.0532, -16.9624], [-53.0562, -16.9634], [-53.0539, -16.9611], [-53.0532, -16.9624]]], [[[-53.0547, -16.9995], [-53.0513, -16.9938], [-53.0517, -16.9925], [-53.0549, -16.9887], [-53.0546, -16.9848], [-53.0552, -16.9868], [-53.0549, -16.9887], [-53.0513, -16.9938], [-53.0556, -16.9964], [-53.0547, -16.9995]]], [[[-53.0492, -16.9667], [-53.0492, -16.9667], [-53.0493, -16.9669], [-53.0493, -16.9669], [-53.0493, -16.9669], [-53.0493, -16.9669], [-53.0493, -16.9669], [-53.0493, -16.9669], [-53.0493, -16.9669], [-53.0493, -16.9669], [-53.0493, -16.9669], [-53.0493, -16.9669], [-53.0492, -16.9667]]], [[[-53.0468, -16.9518], [-53.047, -16.9502], [-53.0469, -16.9493], [-53.0468, -16.9518]]], [[[-53.0453, -16.9481], [-53.0463, -16.9485], [-53.0467, -16.949], [-53.0467, -16.949], [-53.0467, -16.949], [-53.0467, -16.949], [-53.0463, -16.9485], [-53.0454, -16.9481], [-53.0453, -16.9481]]], [[[-53.0392, -16.9315], [-53.0392, -16.9304], [-53.0369, -16.9265], [-53.0392, -16.9315]]], [[[-53.0389, -16.932], [-53.0376, -16.9322], [-53.0364, -16.9314], [-53.0369, -16.9318], [-53.0376, -16.9322], [-53.0386, -16.9322], [-53.0389, -16.932]]], [[[-53.037, -16.9394], [-53.0371, -16.9378], [-53.0353, -16.9351], [-53.0362, -16.9359], [-53.0371, -16.9378], [-53.0369, -16.9396], [-53.037, -16.9394]]], [[[-53.0369, -16.9397], [-53.036, -16.941], [-53.035, -16.9419], [-53.0354, -16.9413], [-53.036, -16.941], [-53.0367, -16.94], [-53.0369, -16.9397]]], [[[-53.0312, -16.9097], [-53.0318, -16.9083], [-53.0332, -16.9089], [-53.0326, -16.9083], [-53.0318, -16.9083], [-53.0313, -16.9088], [-53.0312, -16.9097]]], [[[-53.0313, -16.9044], [-53.0293, -16.9028], [-53.028, -16.9029], [-53.0313, -16.9044]]], [[[-53.0146, -16.8837], [-53.0202, -16.8958], [-53.0202, -16.8949], [-53.0171, -16.8845], [-53.0146, -16.8837]]], [[[-53.0145, -16.8639], [-53.0119, -16.8584], [-53.0067, -16.8619], [-53.0084, -16.8588], [-53.0119, -16.8584], [-53.0144, -16.8651], [-53.0145, -16.8639]]], [[[-53.0025, -16.8607], [-53.0016, -16.8599], [-53.0016, -16.8599], [-53.0016, -16.8599], [-53.0016, -16.8599], [-53.0016, -16.8599], [-53.0016, -16.8599], [-53.0018, -16.8598], [-53.0025, -16.8607]]], [[[-53.0014, -16.8599], [-52.9981, -16.8633], [-52.9986, -16.8623], [-53.0014, -16.8599]]], [[[-52.9901, -16.8649], [-52.9913, -16.8632], [-52.9931, -16.8642], [-52.9921, -16.8633], [-52.9913, -16.8632], [-52.9906, -16.8635], [-52.9901, -16.8649]]], [[[-52.9762, -16.8637], [-52.9746, -16.8651], [-52.9746, -16.8651], [-52.975, -16.8644], [-52.9762, -16.8637]]], [[[-52.9699, -16.8691], [-52.9654, -16.8678], [-52.9698, -16.8691], [-52.9698, -16.8691], [-52.9699, -16.8691]]], [[[-52.9655, -16.8605], [-52.9652, -16.8582], [-52.9607, -16.8593], [-52.9628, -16.8582], [-52.9652, -16.8582], [-52.965, -16.8613], [-52.9655, -16.8605]]], [[[-52.9571, -16.854], [-52.9563, -16.85], [-52.9494, -16.8551], [-52.9507, -16.852], [-52.9563, -16.85], [-52.9586, -16.852], [-52.9571, -16.854]]], [[[-52.9547, -16.8599], [-52.9547, -16.8599], [-52.9547, -16.8599], [-52.9547, -16.8599], [-52.9547, -16.8599], [-52.9547, -16.8599], [-52.955, -16.8603], [-52.955, -16.8603], [-52.955, -16.8603], [-52.955, -16.8603], [-52.955, -16.8603], [-52.955, -16.8603], [-52.955, -16.8603], [-52.955, -16.8603], [-52.9547, -16.8599]]], [[[-52.9522, -16.8434], [-52.9529, -16.8427], [-52.9529, -16.8427], [-52.9529, -16.8427], [-52.9529, -16.8427], [-52.9528, -16.8432], [-52.9522, -16.8434]]], [[[-52.9529, -16.8422], [-52.9529, -16.8422], [-52.9529, -16.8422], [-52.9529, -16.8422], [-52.9529, -16.8422], [-52.9529, -16.8424], [-52.9529, -16.8424], [-52.9529, -16.8424], [-52.9529, -16.8424], [-52.9529, -16.8424], [-52.9529, -16.8424], [-52.9529, -16.8424], [-52.9529, -16.8424], [-52.9529, -16.8424], [-52.9529, -16.8422]]], [[[-52.9472, -16.8411], [-52.9512, -16.8403], [-52.9528, -16.842], [-52.9524, -16.8409], [-52.9512, -16.8403], [-52.9474, -16.841], [-52.9472, -16.8411]]], [[[-52.9453, -16.8556], [-52.9488, -16.8588], [-52.9505, -16.8597], [-52.9499, -16.8596], [-52.9488, -16.8588], [-52.9458, -16.8562], [-52.9453, -16.8556]]], [[[-52.9448, -16.8134], [-52.9449, -16.8126], [-52.943, -16.8111], [-52.9439, -16.8117], [-52.9449, -16.8126], [-52.9445, -16.8135], [-52.9448, -16.8134]]], [[[-52.9337, -16.8037], [-52.9259, -16.8055], [-52.9264, -16.8128], [-52.9254, -16.8089], [-52.9259, -16.8055], [-52.933, -16.8025], [-52.9337, -16.8037]]], [[[-52.9319, -16.8344], [-52.9311, -16.8323], [-52.9311, -16.8323], [-52.9313, -16.8325], [-52.9319, -16.8344]]], [[[-52.9154, -16.8127], [-52.9179, -16.8134], [-52.9188, -16.8145], [-52.9188, -16.8145], [-52.9188, -16.8145], [-52.9188, -16.8145], [-52.9179, -16.8134], [-52.9168, -16.813], [-52.9154, -16.8127]]], [[[-52.8987, -16.7945], [-52.9065, -16.7983], [-52.9036, -16.7972], [-52.8987, -16.7945]]], [[[-52.8918, -16.7868], [-52.8939, -16.7862], [-52.8939, -16.7859], [-52.8918, -16.7868]]], [[[-52.8919, -16.7835], [-52.8934, -16.7841], [-52.8939, -16.785], [-52.8939, -16.785], [-52.8939, -16.785], [-52.8939, -16.785], [-52.8934, -16.7841], [-52.8921, -16.7835], [-52.8919, -16.7835]]], [[[-52.8894, -16.7813], [-52.8892, -16.7801], [-52.8876, -16.7802], [-52.8882, -16.7804], [-52.8892, -16.7801], [-52.8894, -16.7816], [-52.8894, -16.7813]]], [[[-52.8787, -16.7775], [-52.8811, -16.7757], [-52.8856, -16.7788], [-52.885, -16.7768], [-52.8811, -16.7757], [-52.8795, -16.7758], [-52.8787, -16.7775]]], [[[-52.8673, -16.7809], [-52.8673, -16.7809], [-52.8673, -16.7809], [-52.8673, -16.7809], [-52.8673, -16.7809], [-52.8673, -16.7809], [-52.8673, -16.7809], [-52.868, -16.7809], [-52.8685, -16.7809], [-52.8685, -16.7809], [-52.8685, -16.7809], [-52.8686, -16.7809], [-52.868, -16.7809], [-52.8673, -16.7809]]], [[[-52.866, -16.7769], [-52.8652, -16.7763], [-52.866, -16.7781], [-52.866, -16.7781], [-52.866, -16.7769]]], [[[-52.8597, -16.7689], [-52.8623, -16.7695], [-52.8629, -16.771], [-52.8629, -16.7709], [-52.8623, -16.7695], [-52.8614, -16.769], [-52.8597, -16.7689]]], [[[-52.848, -16.7663], [-52.8506, -16.7673], [-52.8519, -16.7688], [-52.8538, -16.7725], [-52.8538, -16.7725], [-52.8538, -16.7725], [-52.8545, -16.7733], [-52.848, -16.7663]]], [[[-52.8434, -16.7681], [-52.8459, -16.7666], [-52.8479, -16.7663], [-52.8476, -16.7663], [-52.8459, -16.7666], [-52.844, -16.7676], [-52.8434, -16.7681]]], [[[-52.831, -16.7619], [-52.8307, -16.761], [-52.8307, -16.7629], [-52.8307, -16.7629], [-52.831, -16.7619]]], [[[-52.8274, -16.7581], [-52.8299, -16.7592], [-52.8306, -16.7608], [-52.8306, -16.7607], [-52.8299, -16.7592], [-52.8282, -16.7581], [-52.8274, -16.7581]]], [[[-52.8072, -16.7418], [-52.8039, -16.7432], [-52.8044, -16.7423], [-52.8072, -16.7418]]], [[[-52.7931, -16.7403], [-52.7939, -16.7409], [-52.7942, -16.7414], [-52.7942, -16.7414], [-52.7942, -16.7414], [-52.7942, -16.7414], [-52.7939, -16.7409], [-52.7933, -16.7404], [-52.7931, -16.7403]]], [[[-52.7924, -16.7403], [-52.7919, -16.7404], [-52.7921, -16.7403], [-52.7924, -16.7403]]], [[[-52.7889, -16.7241], [-52.7887, -16.7318], [-52.7891, -16.7264], [-52.7889, -16.7241]]], [[[-52.7834, -16.7129], [-52.7862, -16.7154], [-52.7877, -16.7191], [-52.7877, -16.7191], [-52.7877, -16.7191], [-52.7862, -16.7154], [-52.7848, -16.7137], [-52.7834, -16.7129]]], [[[-52.7696, -16.6728], [-52.771, -16.6706], [-52.771, -16.6703], [-52.7696, -16.6728]]], [[[-52.7681, -16.6728], [-52.7696, -16.6729], [-52.7696, -16.6729], [-52.7696, -16.6729], [-52.7696, -16.6729], [-52.7683, -16.6729], [-52.7681, -16.6728]]], [[[-52.7577, -16.6635], [-52.763, -16.6641], [-52.7694, -16.668], [-52.7679, -16.6665], [-52.763, -16.6641], [-52.7613, -16.6637], [-52.7577, -16.6635]]], [[[-52.7624, -16.7014], [-52.7641, -16.6962], [-52.763, -16.6855], [-52.7634, -16.6888], [-52.7641, -16.6962], [-52.7635, -16.6994], [-52.7624, -16.7014]]], [[[-52.7597, -16.678], [-52.7621, -16.6802], [-52.7625, -16.6817], [-52.7625, -16.6817], [-52.7625, -16.6817], [-52.7625, -16.6817], [-52.7621, -16.6802], [-52.7604, -16.6785], [-52.7597, -16.678]]], [[[-52.7444, -16.6564], [-52.7489, -16.6563], [-52.7515, -16.6598], [-52.7507, -16.6578], [-52.7489, -16.6563], [-52.7469, -16.6555], [-52.7444, -16.6564]]], [[[-52.7482, -16.6377], [-52.7476, -16.6326], [-52.7475, -16.6324], [-52.7482, -16.6377]]], [[[-52.7449, -16.6477], [-52.7479, -16.6405], [-52.7469, -16.6441], [-52.7449, -16.6477]]], [[[-52.7289, -16.6414], [-52.7362, -16.6319], [-52.7462, -16.6308], [-52.7428, -16.6294], [-52.7362, -16.6319], [-52.7326, -16.6349], [-52.7289, -16.6414]]], [[[-52.7418, -16.6069], [-52.732, -16.5992], [-52.732, -16.5992], [-52.732, -16.5992], [-52.732, -16.5992], [-52.732, -16.5992], [-52.7328, -16.5997], [-52.7367, -16.6008], [-52.739, -16.6026], [-52.7418, -16.6069]]], [[[-52.7394, -16.5927], [-52.7394, -16.5927], [-52.7394, -16.5927], [-52.7394, -16.5927], [-52.7394, -16.5927], [-52.7385, -16.5932], [-52.7385, -16.5932], [-52.7385, -16.5932], [-52.7385, -16.5932], [-52.7394, -16.5927], [-52.7394, -16.5927]]], [[[-52.734, -16.5864], [-52.7142, -16.5929], [-52.7263, -16.5863], [-52.734, -16.5864]]], [[[-52.7245, -16.6468], [-52.7245, -16.6468], [-52.7245, -16.6468], [-52.7245, -16.6468], [-52.7245, -16.6468], [-52.7245, -16.6468], [-52.7245, -16.6468], [-52.7246, -16.6468], [-52.7246, -16.6468], [-52.7246, -16.6468], [-52.7246, -16.6468], [-52.7245, -16.6468]]], [[[-52.6718, -16.5837], [-52.689, -16.5845], [-52.6952, -16.5811], [-52.7025, -16.5711], [-52.7074, -16.573], [-52.7078, -16.5748], [-52.7025, -16.5711], [-52.689, -16.5845], [-52.6751, -16.5853], [-52.6718, -16.5837]]], [[[-52.704, -16.5965], [-52.7054, -16.5992], [-52.7077, -16.5994], [-52.7074, -16.5995], [-52.7054, -16.5992], [-52.704, -16.597], [-52.704, -16.5965]]], [[[-52.705, -16.593], [-52.7054, -16.5919], [-52.7053, -16.5925], [-52.705, -16.593]]], [[[-52.6918, -16.3685], [-52.6925, -16.3681], [-52.6925, -16.3681], [-52.6925, -16.3681], [-52.6925, -16.3681], [-52.6925, -16.3682], [-52.6918, -16.3685]]], [[[-52.6837, -16.3446], [-52.6854, -16.3456], [-52.6854, -16.3456], [-52.6874, -16.3465], [-52.6837, -16.3446]]], [[[-52.6815, -16.3884], [-52.6836, -16.3887], [-52.6866, -16.3888], [-52.6856, -16.3886], [-52.6836, -16.3887], [-52.6826, -16.3886], [-52.6815, -16.3884]]], [[[-52.6832, -16.3229], [-52.6859, -16.3262], [-52.6859, -16.3266], [-52.6859, -16.3266], [-52.6859, -16.3266], [-52.6859, -16.3266], [-52.6859, -16.3266], [-52.6859, -16.3266], [-52.6859, -16.3262], [-52.6837, -16.3236], [-52.6832, -16.3229]]], [[[-52.6778, -16.3012], [-52.6822, -16.3014], [-52.683, -16.3028], [-52.683, -16.3028], [-52.683, -16.3028], [-52.683, -16.3028], [-52.683, -16.3028], [-52.683, -16.3028], [-52.683, -16.3028], [-52.683, -16.3028], [-52.683, -16.3028], [-52.6822, -16.3014], [-52.6789, -16.3016], [-52.6778, -16.3012]]], [[[-52.6803, -16.3771], [-52.6823, -16.3757], [-52.6821, -16.3758], [-52.6803, -16.3771]]], [[[-52.6762, -16.2975], [-52.6762, -16.2975], [-52.6773, -16.2996], [-52.6775, -16.3007], [-52.6776, -16.3007], [-52.6773, -16.2996], [-52.6762, -16.2975]]], [[[-52.6741, -16.2932], [-52.6739, -16.2931], [-52.6739, -16.2931], [-52.674, -16.2931], [-52.6741, -16.2932]]], [[[-52.6734, -16.5696], [-52.6656, -16.5714], [-52.6723, -16.5685], [-52.6734, -16.5696]]], [[[-52.6549, -16.5597], [-52.6637, -16.5507], [-52.6694, -16.5519], [-52.6668, -16.5498], [-52.6637, -16.5507], [-52.6597, -16.5536], [-52.6549, -16.5597]]], [[[-52.6563, -16.4088], [-52.6615, -16.4101], [-52.6606, -16.4101], [-52.6581, -16.4093], [-52.6563, -16.4088]]], [[[-52.6235, -16.286], [-52.653, -16.2789], [-52.6603, -16.2808], [-52.6563, -16.2791], [-52.653, -16.2789], [-52.6492, -16.2844], [-52.6235, -16.286]]], [[[-52.6498, -16.4089], [-52.6477, -16.4102], [-52.6447, -16.4115], [-52.6427, -16.4126], [-52.6423, -16.4133], [-52.6447, -16.4115], [-52.6498, -16.4089]]], [[[-52.638, -16.5514], [-52.6409, -16.5508], [-52.6462, -16.5459], [-52.6489, -16.5475], [-52.6474, -16.5465], [-52.6462, -16.5459], [-52.638, -16.5514]]], [[[-52.6391, -16.435], [-52.6349, -16.438], [-52.6377, -16.4378], [-52.6385, -16.4374], [-52.6391, -16.435]]], [[[-52.6369, -16.5013], [-52.6218, -16.5044], [-52.6223, -16.5042], [-52.6251, -16.5036], [-52.632, -16.5], [-52.6369, -16.5013]]], [[[-52.6294, -16.5376], [-52.6341, -16.538], [-52.6329, -16.5378], [-52.6322, -16.5377], [-52.6294, -16.5376]]], [[[-52.6268, -16.4422], [-52.6198, -16.4461], [-52.6186, -16.4486], [-52.618, -16.449], [-52.6198, -16.4461], [-52.6255, -16.4444], [-52.6268, -16.4422]]], [[[-52.6198, -16.5046], [-52.6198, -16.5046], [-52.6199, -16.5046], [-52.6199, -16.5046], [-52.6199, -16.5046], [-52.6198, -16.5046]]], [[[-52.6197, -16.4653], [-52.6188, -16.4646], [-52.6174, -16.4601], [-52.6174, -16.4601], [-52.6174, -16.4601], [-52.6164, -16.459], [-52.6122, -16.4571], [-52.6144, -16.4575], [-52.6164, -16.459], [-52.6188, -16.4646], [-52.6195, -16.4653], [-52.6197, -16.4653]]], [[[-52.6107, -16.4738], [-52.6135, -16.4684], [-52.6077, -16.4667], [-52.6121, -16.467], [-52.6135, -16.4684], [-52.6132, -16.4717], [-52.6107, -16.4738]]], [[[-52.6095, -16.4586], [-52.6095, -16.4587], [-52.6067, -16.4611], [-52.6095, -16.4586]]], [[[-52.6066, -16.4613], [-52.6066, -16.4613], [-52.6064, -16.4616], [-52.6064, -16.4616], [-52.6064, -16.4616], [-52.6064, -16.4616], [-52.6066, -16.4613]]], [[[-52.5955, -16.27], [-52.5853, -16.2586], [-52.586, -16.2625], [-52.586, -16.2625], [-52.587, -16.2648], [-52.5877, -16.2679], [-52.5955, -16.27]]], [[[-52.5643, -16.2642], [-52.5721, -16.2516], [-52.5771, -16.2493], [-52.5735, -16.2501], [-52.5721, -16.2516], [-52.5706, -16.2538], [-52.5643, -16.2642]]], [[[-52.552, -16.2247], [-52.5656, -16.2234], [-52.5695, -16.227], [-52.5676, -16.2241], [-52.5656, -16.2234], [-52.5591, -16.2242], [-52.552, -16.2247]]], [[[-52.5559, -16.2506], [-52.5522, -16.2547], [-52.5472, -16.2576], [-52.5484, -16.2572], [-52.5522, -16.2547], [-52.5552, -16.2519], [-52.5559, -16.2506]]], [[[-52.5505, -16.1911], [-52.5504, -16.1845], [-52.545, -16.1818], [-52.5505, -16.1911]]], [[[-52.5481, -16.1682], [-52.5488, -16.1678], [-52.5497, -16.1659], [-52.5497, -16.1659], [-52.5497, -16.1659], [-52.5497, -16.1659], [-52.5497, -16.1659], [-52.5497, -16.1659], [-52.5497, -16.1659], [-52.5497, -16.1659], [-52.5488, -16.1678], [-52.5479, -16.1683], [-52.5481, -16.1682]]], [[[-52.5287, -16.1563], [-52.5415, -16.1608], [-52.5449, -16.1623], [-52.548, -16.1631], [-52.5475, -16.1627], [-52.5449, -16.1623], [-52.5287, -16.1563]]], [[[-52.5467, -16.2196], [-52.5474, -16.2173], [-52.5471, -16.219], [-52.5467, -16.2196]]], [[[-52.5268, -16.1441], [-52.5267, -16.1415], [-52.5255, -16.1399], [-52.5268, -16.1441]]], [[[-52.5114, -16.1348], [-52.5137, -16.133], [-52.5157, -16.133], [-52.5145, -16.1328], [-52.5137, -16.133], [-52.5125, -16.1339], [-52.5114, -16.1348]]], [[[-52.4849, -16.1295], [-52.4898, -16.1312], [-52.4922, -16.1375], [-52.4945, -16.1399], [-52.505, -16.1398], [-52.5005, -16.142], [-52.4945, -16.1399], [-52.4898, -16.1312], [-52.4885, -16.13], [-52.4849, -16.1295]]], [[[-52.476, -16.1264], [-52.478, -16.1266], [-52.4789, -16.1272], [-52.4789, -16.1272], [-52.4789, -16.1272], [-52.478, -16.1266], [-52.4765, -16.1263], [-52.476, -16.1264]]], [[[-52.3218, -16.0456], [-52.3229, -16.0472], [-52.3262, -16.0495], [-52.3286, -16.0688], [-52.3302, -16.0722], [-52.3302, -16.0722], [-52.3302, -16.0722], [-52.3322, -16.0737], [-52.3424, -16.0777], [-52.3516, -16.0841], [-52.3582, -16.0811], [-52.3674, -16.0829], [-52.3701, -16.0867], [-52.3713, -16.0949], [-52.3735, -16.0978], [-52.381, -16.0985], [-52.381, -16.0985], [-52.3821, -16.0983], [-52.3867, -16.0957], [-52.3929, -16.0932], [-52.4001, -16.0934], [-52.4364, -16.1079], [-52.4492, -16.1163], [-52.4596, -16.1267], [-52.4642, -16.1276], [-52.4613, -16.1275], [-52.4596, -16.1267], [-52.4364, -16.1079], [-52.4094, -16.0994], [-52.4001, -16.0934], [-52.3972, -16.0927], [-52.3929, -16.0932], [-52.3821, -16.0983], [-52.381, -16.0985], [-52.3755, -16.0984], [-52.3735, -16.0978], [-52.3701, -16.0867], [-52.3692, -16.0847], [-52.3674, -16.0829], [-52.3302, -16.0722], [-52.3262, -16.0495], [-52.3218, -16.0456]]], [[[-52.3249, -16.0392], [-52.3213, -16.0317], [-52.3164, -16.0266], [-52.316, -16.0254], [-52.3155, -16.0213], [-52.3146, -16.0184], [-52.3141, -16.0133], [-52.3119, -16.0079], [-52.3096, -16.005], [-52.3032, -16.0004], [-52.299, -15.9963], [-52.297, -15.9941], [-52.2931, -15.9871], [-52.2955, -15.9919], [-52.297, -15.9941], [-52.3096, -16.005], [-52.3119, -16.0079], [-52.3249, -16.0392]]], [[[-52.2912, -15.9709], [-52.2908, -15.9651], [-52.287, -15.9622], [-52.2884, -15.9629], [-52.2908, -15.9651], [-52.2909, -15.9729], [-52.2912, -15.9709]]], [[[-52.2789, -15.9551], [-52.2759, -15.9525], [-52.2769, -15.9531], [-52.2789, -15.9551]]], [[[-52.2667, -15.9407], [-52.2648, -15.9356], [-52.2605, -15.9334], [-52.264, -15.9348], [-52.2648, -15.9356], [-52.2665, -15.9417], [-52.2667, -15.9407]]], [[[-52.2563, -15.9168], [-52.2562, -15.9161], [-52.2563, -15.9163], [-52.2563, -15.9167], [-52.2563, -15.9167], [-52.2563, -15.9168]]], [[[-52.2557, -15.8952], [-52.2555, -15.8948], [-52.2556, -15.8958], [-52.2556, -15.8958], [-52.2557, -15.8952]]], [[[-52.2556, -15.8958], [-52.2551, -15.8987], [-52.2546, -15.8993], [-52.2546, -15.8993], [-52.2546, -15.8993], [-52.2546, -15.8993], [-52.2546, -15.8993], [-52.2551, -15.8987], [-52.2556, -15.8969], [-52.2556, -15.8958]]], [[[-52.2502, -15.8903], [-52.2452, -15.8893], [-52.2467, -15.8893], [-52.2502, -15.8903]]], [[[-52.1942, -15.8804], [-52.1978, -15.8812], [-52.2049, -15.8868], [-52.2081, -15.8887], [-52.2149, -15.8907], [-52.2112, -15.8898], [-52.2081, -15.8887], [-52.1978, -15.8812], [-52.1957, -15.8805], [-52.1942, -15.8804]]], [[[-52.1189, -15.8881], [-52.1141, -15.8838], [-52.1149, -15.8843], [-52.1189, -15.8881]]], [[[-52.1135, -15.8834], [-52.1106, -15.8824], [-52.1106, -15.8824], [-52.1106, -15.8824], [-52.1131, -15.8831], [-52.1135, -15.8834]]], [[[-52.0641, -15.8856], [-52.067, -15.8844], [-52.0724, -15.8818], [-52.0722, -15.8818], [-52.067, -15.8844], [-52.0648, -15.8852], [-52.0641, -15.8856]]], [[[-52.0344, -15.8869], [-52.0389, -15.886], [-52.044, -15.8867], [-52.0433, -15.8864], [-52.0389, -15.886], [-52.0359, -15.8864], [-52.0344, -15.8869]]], [[[-52.006, -15.8787], [-52.0037, -15.8776], [-52.0054, -15.8782], [-52.006, -15.8787]]], [[[-51.8958, -15.828], [-51.9039, -15.8189], [-51.9143, -15.8126], [-51.9106, -15.8139], [-51.9039, -15.8189], [-51.9003, -15.8232], [-51.8958, -15.828]]], [[[-51.8259, -15.7326], [-51.8212, -15.7301], [-51.8226, -15.7306], [-51.8259, -15.7326]]], [[[-51.7781, -15.5582], [-51.7762, -15.5641], [-51.7712, -15.5728], [-51.7712, -15.5728], [-51.7698, -15.5758], [-51.768, -15.5812], [-51.7656, -15.5859], [-51.7656, -15.5859], [-51.7628, -15.5939], [-51.7579, -15.6048], [-51.7608, -15.5984], [-51.7628, -15.5939], [-51.7656, -15.5859], [-51.7698, -15.5758], [-51.7762, -15.5641], [-51.7776, -15.5606], [-51.7781, -15.5582]]], [[[-51.7578, -15.5529], [-51.7554, -15.5403], [-51.7589, -15.5342], [-51.7559, -15.5374], [-51.7554, -15.5403], [-51.7576, -15.5491], [-51.7578, -15.5529]]], [[[-51.7304, -15.5369], [-51.7374, -15.5104], [-51.7138, -15.4996], [-51.7292, -15.501], [-51.7374, -15.5104], [-51.7364, -15.5294], [-51.7304, -15.5369]]], [[[-51.7003, -15.4733], [-51.7099, -15.4591], [-51.7093, -15.4569], [-51.703, -15.4426], [-51.6941, -15.3996], [-51.68, -15.3854], [-51.6877, -15.3915], [-51.6941, -15.3996], [-51.7099, -15.4591], [-51.6992, -15.479], [-51.7003, -15.4733]]], [[[-51.6991, -15.4811], [-51.6991, -15.4801], [-51.6991, -15.4801], [-51.6991, -15.4811], [-51.6991, -15.4811], [-51.6991, -15.4811]]], [[[-51.6864, -15.3386], [-51.6813, -15.2927], [-51.6765, -15.2869], [-51.6474, -15.2681], [-51.6813, -15.2927], [-51.6912, -15.3242], [-51.6864, -15.3386]]], [[[-51.6765, -15.3502], [-51.6747, -15.3559], [-51.6725, -15.3574], [-51.6737, -15.357], [-51.6747, -15.3559], [-51.6754, -15.3542], [-51.6765, -15.3502]]], [[[-51.661, -15.2553], [-51.6719, -15.2439], [-51.6578, -15.2147], [-51.6684, -15.2304], [-51.6719, -15.2439], [-51.6692, -15.2543], [-51.661, -15.2553]]], [[[-51.639, -15.1709], [-51.6489, -15.1739], [-51.644, -15.1716], [-51.639, -15.1709]]], [[[-51.6269, -15.1666], [-51.6131, -15.1627], [-51.6131, -15.1627], [-51.6159, -15.163], [-51.6224, -15.165], [-51.6265, -15.1664], [-51.6269, -15.1666]]], [[[-51.5774, -15.1224], [-51.5847, -15.1299], [-51.5888, -15.1433], [-51.5879, -15.1359], [-51.5847, -15.1299], [-51.5812, -15.1256], [-51.5774, -15.1224]]], [[[-51.552, -15.104], [-51.5601, -15.1057], [-51.5654, -15.1102], [-51.564, -15.1087], [-51.5601, -15.1057], [-51.5575, -15.1049], [-51.552, -15.104]]], [[[-51.5161, -15.057], [-51.5307, -15.0612], [-51.5372, -15.0766], [-51.536, -15.0686], [-51.5307, -15.0612], [-51.5239, -15.0569], [-51.5161, -15.057]]], [[[-51.4877, -15.0514], [-51.4682, -15.0501], [-51.4682, -15.0501], [-51.4682, -15.0501], [-51.4704, -15.0508], [-51.4877, -15.0514], [-51.4927, -15.0561], [-51.4927, -15.0561], [-51.4927, -15.0561], [-51.4927, -15.0561], [-51.4936, -15.0564], [-51.4877, -15.0514]]], [[[-51.4631, -15.0482], [-51.4586, -15.0459], [-51.4591, -15.0462], [-51.4591, -15.0462], [-51.4631, -15.0482]]], [[[-51.4548, -15.0431], [-51.4548, -15.0431], [-51.4575, -15.0451], [-51.4575, -15.0451], [-51.4575, -15.0451], [-51.4548, -15.0431]]], [[[-51.4516, -15.0406], [-51.4446, -15.0352], [-51.4462, -15.0367], [-51.4516, -15.0406]]], [[[-51.4188, -15.0048], [-51.431, -15.0083], [-51.436, -15.0206], [-51.4327, -15.011], [-51.431, -15.0083], [-51.4209, -15.0047], [-51.4188, -15.0048]]], [[[-51.3919, -15.0038], [-51.3757, -15.0064], [-51.3799, -15.0044], [-51.3828, -15.0038], [-51.3919, -15.0038]]], [[[-51.3576, -14.9995], [-51.3423, -14.9843], [-51.35, -14.9888], [-51.3576, -14.9995]]], [[[-51.3365, -14.9742], [-51.3148, -14.9758], [-51.321, -14.9726], [-51.326, -14.969], [-51.3331, -14.9701], [-51.3349, -14.971], [-51.3361, -14.9731], [-51.3365, -14.9742]]], [[[-51.3008, -14.9931], [-51.301, -14.9901], [-51.3024, -14.9868], [-51.3019, -14.9875], [-51.301, -14.9901], [-51.3009, -14.9927], [-51.3008, -14.9931]]], [[[-51.2515, -15.0337], [-51.2515, -15.0337], [-51.2516, -15.0337], [-51.2516, -15.0337], [-51.2516, -15.0337], [-51.2515, -15.0337]]], [[[-51.2512, -15.0335], [-51.2347, -15.0281], [-51.2397, -15.0291], [-51.2512, -15.0335]]], [[[-51.178, -14.996], [-51.1894, -14.9977], [-51.2083, -15.0093], [-51.1953, -15.0004], [-51.1894, -14.9977], [-51.1831, -14.9957], [-51.178, -14.996]]], [[[-51.1742, -14.9959], [-51.1742, -14.9959], [-51.1747, -14.996], [-51.1747, -14.996], [-51.1747, -14.996], [-51.1742, -14.9959]]], [[[-51.1674, -14.9924], [-51.1727, -14.9956], [-51.1727, -14.9956], [-51.1727, -14.9956], [-51.1731, -14.9956], [-51.1674, -14.9924]]], [[[-51.1624, -14.9885], [-51.1499, -14.9794], [-51.1499, -14.9794], [-51.1509, -14.981], [-51.1624, -14.9885]]], [[[-51.1243, -14.9381], [-51.1476, -14.9443], [-51.1434, -14.9423], [-51.1243, -14.9381]]], [[[-51.1486, -14.9766], [-51.1486, -14.9766], [-51.1486, -14.9766], [-51.1486, -14.9766], [-51.1486, -14.9766], [-51.1486, -14.9766], [-51.1486, -14.9766]]], [[[-51.1483, -14.9578], [-51.1483, -14.9574], [-51.1483, -14.9574], [-51.1483, -14.9574], [-51.1483, -14.9578], [-51.1483, -14.9578], [-51.1483, -14.9578]]], [[[-51.1483, -14.9573], [-51.1483, -14.9568], [-51.1483, -14.9568], [-51.1483, -14.9573], [-51.1483, -14.9573], [-51.1483, -14.9573]]], [[[-51.0888, -14.9222], [-51.1095, -14.9245], [-51.1142, -14.9309], [-51.1116, -14.9261], [-51.1095, -14.9245], [-51.1059, -14.9254], [-51.0888, -14.9222]]], [[[-51.0922, -14.8561], [-51.0922, -14.8511], [-51.0897, -14.8461], [-51.0908, -14.8478], [-51.0922, -14.8511], [-51.0924, -14.8536], [-51.0922, -14.8561]]], [[[-51.0793, -14.8196], [-51.073, -14.8137], [-51.0741, -14.8151], [-51.0793, -14.8196], [-51.0809, -14.8236], [-51.0807, -14.8225], [-51.0793, -14.8196]]], [[[-51.051, -14.8024], [-51.0549, -14.8042], [-51.0659, -14.8045], [-51.0684, -14.8078], [-51.0677, -14.806], [-51.0659, -14.8045], [-51.051, -14.8024]]], [[[-51.0533, -14.7407], [-51.055, -14.7435], [-51.0556, -14.7457], [-51.0555, -14.7454], [-51.055, -14.7435], [-51.0542, -14.7421], [-51.0533, -14.7407]]], [[[-51.0531, -14.7405], [-51.0407, -14.7229], [-51.0442, -14.7263], [-51.0479, -14.7293], [-51.0499, -14.7327], [-51.0531, -14.7405]]], [[[-51.0425, -14.7892], [-51.0468, -14.7942], [-51.0474, -14.7963], [-51.0474, -14.796], [-51.0468, -14.7942], [-51.0451, -14.7922], [-51.0425, -14.7892]]], [[[-51.0319, -14.6773], [-51.0246, -14.656], [-51.0123, -14.6481], [-51.0192, -14.6508], [-51.0246, -14.656], [-51.0319, -14.6781], [-51.0319, -14.6773]]], [[[-51.0288, -14.7059], [-51.0283, -14.6992], [-51.0285, -14.7039], [-51.0288, -14.7059]]], [[[-50.9937, -14.6146], [-50.9968, -14.6191], [-51.0003, -14.6281], [-51.0, -14.6266], [-50.9968, -14.6191], [-50.9939, -14.6149], [-50.9937, -14.6146]]], [[[-50.9971, -14.4169], [-50.9976, -14.4123], [-50.9958, -14.4089], [-50.9971, -14.4169]]], [[[-50.9848, -14.3725], [-50.9891, -14.3836], [-50.9935, -14.3986], [-50.9957, -14.4086], [-50.9848, -14.3725]]], [[[-50.9938, -14.5956], [-50.9985, -14.5787], [-50.9819, -14.5592], [-50.9941, -14.5692], [-50.9985, -14.5787], [-50.9926, -14.5979], [-50.9938, -14.5956]]], [[[-50.9848, -14.461], [-50.9893, -14.4505], [-50.9878, -14.4443], [-50.9848, -14.461]]], [[[-50.9665, -14.3185], [-50.9676, -14.3324], [-50.9711, -14.3385], [-50.9852, -14.3565], [-50.9665, -14.3185]]], [[[-50.9773, -14.5516], [-50.9755, -14.539], [-50.9616, -14.5197], [-50.9658, -14.5302], [-50.9755, -14.539], [-50.977, -14.5436], [-50.9773, -14.5516]]], [[[-50.9759, -14.4653], [-50.9756, -14.4655], [-50.9756, -14.4655], [-50.9756, -14.4655], [-50.9726, -14.469], [-50.9703, -14.4713], [-50.9703, -14.4713], [-50.9703, -14.4713], [-50.9703, -14.4713], [-50.9726, -14.469], [-50.9759, -14.4653]]], [[[-50.9713, -14.3123], [-50.9793, -14.3001], [-50.9739, -14.2874], [-50.9791, -14.2959], [-50.9793, -14.3001], [-50.9704, -14.3133], [-50.9713, -14.3123]]], [[[-50.9671, -14.4814], [-50.9678, -14.4766], [-50.9678, -14.4766], [-50.9678, -14.4766], [-50.9673, -14.4792], [-50.9673, -14.4792], [-50.9671, -14.4814]]], [[[-50.9521, -14.2303], [-50.96, -14.238], [-50.9603, -14.2554], [-50.9677, -14.2752], [-50.96, -14.238], [-50.9567, -14.2344], [-50.9521, -14.2303]]], [[[-50.9668, -14.5145], [-50.9749, -14.5037], [-50.9674, -14.4823], [-50.9722, -14.4931], [-50.9749, -14.5037], [-50.974, -14.5088], [-50.9668, -14.5145]]], [[[-50.9443, -14.2235], [-50.9481, -14.2271], [-50.9481, -14.2271], [-50.9489, -14.2277], [-50.9443, -14.2235]]], [[[-50.9387, -14.2163], [-50.9406, -14.2196], [-50.9408, -14.2199], [-50.9408, -14.2199], [-50.9387, -14.2163]]], [[[-50.9281, -14.1897], [-50.9346, -14.2022], [-50.9371, -14.2124], [-50.936, -14.2084], [-50.9346, -14.2022], [-50.9296, -14.1936], [-50.9281, -14.1897]]], [[[-50.9111, -14.1587], [-50.9135, -14.1681], [-50.916, -14.173], [-50.9152, -14.1717], [-50.9135, -14.1681], [-50.9134, -14.1652], [-50.9111, -14.1587]]], [[[-50.9154, -14.1348], [-50.9209, -14.1238], [-50.9155, -14.1141], [-50.9182, -14.1163], [-50.9209, -14.1238], [-50.9145, -14.1361], [-50.9154, -14.1348]]], [[[-50.914, -14.1368], [-50.914, -14.1368], [-50.914, -14.1368], [-50.914, -14.1368], [-50.914, -14.1368], [-50.914, -14.1369], [-50.914, -14.1369], [-50.914, -14.1369], [-50.914, -14.1368]]], [[[-50.8985, -14.1191], [-50.8994, -14.1126], [-50.9012, -14.1118], [-50.9012, -14.1118], [-50.9012, -14.1118], [-50.9012, -14.1118], [-50.9012, -14.1118], [-50.8994, -14.1126], [-50.8985, -14.1156], [-50.8985, -14.1191]]], [[[-50.883, -14.1296], [-50.8794, -14.1274], [-50.8794, -14.1274], [-50.8814, -14.128], [-50.883, -14.1296]]], [[[-50.8714, -13.7387], [-50.8725, -13.732], [-50.8685, -13.725], [-50.8712, -13.7281], [-50.8725, -13.732], [-50.8706, -13.7403], [-50.8714, -13.7387]]], [[[-50.8653, -13.973], [-50.866, -13.9558], [-50.8554, -13.9479], [-50.8627, -13.9528], [-50.866, -13.9558], [-50.8675, -13.9639], [-50.8653, -13.973]]], [[[-50.851, -13.7133], [-50.8564, -13.7137], [-50.8623, -13.7183], [-50.86, -13.7159], [-50.8564, -13.7137], [-50.853, -13.7136], [-50.851, -13.7133]]], [[[-50.8539, -13.7708], [-50.8604, -13.7782], [-50.8577, -13.7748], [-50.8539, -13.7708]]], [[[-50.8568, -13.9893], [-50.8557, -13.9924], [-50.8516, -13.9959], [-50.8532, -13.9949], [-50.8557, -13.9924], [-50.8568, -13.9902], [-50.8568, -13.9893]]], [[[-50.8555, -13.8351], [-50.8582, -13.8206], [-50.8568, -13.8126], [-50.8547, -13.8057], [-50.8555, -13.8351]]], [[[-50.855, -14.0277], [-50.8562, -14.0174], [-50.8487, -14.0076], [-50.8472, -14.0025], [-50.8562, -14.0174], [-50.857, -14.0247], [-50.855, -14.0277]]], [[[-50.8427, -13.857], [-50.849, -13.8463], [-50.8454, -13.8515], [-50.8454, -13.8515], [-50.8427, -13.857]]], [[[-50.8485, -14.1147], [-50.8429, -14.1062], [-50.8445, -14.1079], [-50.8485, -14.1147]]], [[[-50.847, -14.0395], [-50.8458, -14.0412], [-50.8458, -14.0413], [-50.847, -14.0395]]], [[[-50.8455, -14.0417], [-50.8455, -14.0418], [-50.8451, -14.0422], [-50.8455, -14.0417]]], [[[-50.8448, -14.0428], [-50.8374, -14.0644], [-50.8335, -14.0692], [-50.8335, -14.0692], [-50.8335, -14.0692], [-50.8324, -14.0718], [-50.8308, -14.0803], [-50.8355, -14.0909], [-50.8362, -14.0984], [-50.8448, -14.0428]]], [[[-50.8412, -13.8916], [-50.841, -13.8838], [-50.8409, -13.8826], [-50.8412, -13.8916]]], [[[-50.8354, -13.7106], [-50.8193, -13.7027], [-50.822, -13.7037], [-50.8354, -13.7106]]], [[[-50.8065, -13.6921], [-50.8088, -13.6944], [-50.8098, -13.6965], [-50.8098, -13.6965], [-50.8098, -13.6965], [-50.8098, -13.6965], [-50.8088, -13.6944], [-50.8071, -13.6925], [-50.8065, -13.6921]]], [[[-50.8, -13.6765], [-50.795, -13.6647], [-50.795, -13.6647], [-50.7976, -13.6697], [-50.8, -13.6765]]], [[[-50.7854, -13.6311], [-50.7855, -13.6224], [-50.7758, -13.6075], [-50.772, -13.6006], [-50.7698, -13.5976], [-50.7854, -13.6311]]], [[[-50.7677, -13.5763], [-50.7689, -13.5629], [-50.7662, -13.552], [-50.7686, -13.5586], [-50.7689, -13.5629], [-50.7674, -13.5772], [-50.7677, -13.5763]]], [[[-50.7617, -13.5275], [-50.7595, -13.5205], [-50.76, -13.5213], [-50.7617, -13.5275]]], [[[-50.7111, -13.4871], [-50.7147, -13.4884], [-50.7188, -13.4923], [-50.717, -13.4905], [-50.7147, -13.4884], [-50.7122, -13.4872], [-50.7111, -13.4871]]], [[[-50.6981, -13.4713], [-50.7017, -13.4749], [-50.7052, -13.4819], [-50.704, -13.4785], [-50.7017, -13.4749], [-50.6988, -13.4718], [-50.6981, -13.4713]]], [[[-50.6762, -13.4421], [-50.682, -13.4409], [-50.6848, -13.4451], [-50.6848, -13.4448], [-50.682, -13.4409], [-50.6797, -13.4405], [-50.6762, -13.4421]]], [[[-50.6684, -13.4046], [-50.669, -13.4018], [-50.6687, -13.3992], [-50.6687, -13.3992], [-50.6687, -13.3992], [-50.669, -13.4018], [-50.6683, -13.4049], [-50.6684, -13.4046]]], [[[-50.6586, -13.3704], [-50.6521, -13.3642], [-50.6521, -13.3642], [-50.6521, -13.3642], [-50.6521, -13.3642], [-50.6555, -13.367], [-50.6586, -13.3704]]], [[[-50.5869, -13.0543], [-50.5969, -13.0508], [-50.6007, -13.0508], [-50.6092, -13.06], [-50.5869, -13.0543]]], [[[-50.6069, -13.2865], [-50.6063, -13.2773], [-50.6047, -13.2763], [-50.6069, -13.2865]]], [[[-50.6053, -13.191], [-50.6032, -13.1765], [-50.5993, -13.1717], [-50.6001, -13.1725], [-50.6032, -13.1765], [-50.6045, -13.1922], [-50.6053, -13.191]]], [[[-50.5988, -13.1485], [-50.6007, -13.1339], [-50.5983, -13.1275], [-50.5988, -13.1485]]], [[[-50.596, -13.0969], [-50.5944, -13.1033], [-50.594, -13.1039], [-50.594, -13.1039], [-50.594, -13.1039], [-50.594, -13.1039], [-50.594, -13.1039], [-50.5944, -13.1033], [-50.5954, -13.0992], [-50.596, -13.0969]]], [[[-50.5939, -13.0057], [-50.589, -12.9989], [-50.5823, -12.9971], [-50.5863, -12.9978], [-50.589, -12.9989], [-50.5939, -13.007], [-50.5939, -13.0057]]], [[[-50.5812, -12.9969], [-50.5743, -12.9965], [-50.5754, -12.9965], [-50.5773, -12.9966], [-50.5773, -12.9966], [-50.5797, -12.9966], [-50.5812, -12.9969]]], [[[-50.5563, -12.9919], [-50.5509, -12.9937], [-50.5509, -12.9937], [-50.5509, -12.9937], [-50.5509, -12.9937], [-50.5509, -12.9937], [-50.5527, -12.9935], [-50.5563, -12.9919], [-50.5574, -12.9919], [-50.5593, -12.9919], [-50.5603, -12.9919], [-50.5647, -12.9949], [-50.5679, -12.9959], [-50.5729, -12.9964], [-50.5603, -12.9919], [-50.5593, -12.9919], [-50.5574, -12.9919], [-50.5563, -12.9919]]], [[[-50.5406, -12.9816], [-50.528, -12.9768], [-50.5294, -12.9771], [-50.5375, -12.9772], [-50.5406, -12.9816]]], [[[-50.5277, -12.9391], [-50.5227, -12.9248], [-50.5243, -12.929], [-50.5243, -12.929], [-50.5262, -12.9321], [-50.5277, -12.9391]]], [[[-50.5242, -12.9712], [-50.5242, -12.9712], [-50.5242, -12.9717], [-50.5242, -12.9717], [-50.5242, -12.9717], [-50.5242, -12.9712]]], [[[-50.5197, -12.9205], [-50.5194, -12.9202], [-50.5194, -12.9202], [-50.5194, -12.9202], [-50.5195, -12.9203], [-50.5197, -12.9205]]], [[[-50.5009, -12.8807], [-50.5102, -12.8866], [-50.5027, -12.8825], [-50.5009, -12.8807]]], [[[-50.5085, -12.8629], [-50.5093, -12.8626], [-50.5082, -12.8596], [-50.5089, -12.8605], [-50.5093, -12.8626], [-50.5078, -12.8632], [-50.5085, -12.8629]]], [[[-50.5058, -12.8503], [-50.507, -12.8505], [-50.5076, -12.8519], [-50.5076, -12.8516], [-50.507, -12.8505], [-50.506, -12.8502], [-50.5058, -12.8503]]], [[[-50.4977, -12.8461], [-50.5015, -12.8477], [-50.5021, -12.8485], [-50.5021, -12.8485], [-50.5021, -12.8485], [-50.5021, -12.8485], [-50.5021, -12.8485], [-50.5021, -12.8485], [-50.5015, -12.8477], [-50.4986, -12.8463], [-50.4977, -12.8461]]], [[[-50.494, -12.8346], [-50.4934, -12.8335], [-50.4929, -12.8332], [-50.4929, -12.8332], [-50.4929, -12.8332], [-50.4929, -12.8332], [-50.4934, -12.8335], [-50.494, -12.8347], [-50.494, -12.8346]]], [[[-50.4936, -12.8194], [-50.4939, -12.8183], [-50.4935, -12.8172], [-50.4935, -12.8173], [-50.4939, -12.8183], [-50.4935, -12.8195], [-50.4936, -12.8194]]], [[[-50.4931, -12.791], [-50.4932, -12.7848], [-50.4914, -12.7811], [-50.493, -12.7838], [-50.4932, -12.7848], [-50.4926, -12.7915], [-50.4931, -12.791]]], [[[-50.4914, -12.8322], [-50.4904, -12.8311], [-50.4904, -12.8311], [-50.4904, -12.8312], [-50.4914, -12.8322]]], [[[-50.4912, -12.7958], [-50.4923, -12.7981], [-50.4926, -12.7973], [-50.4912, -12.7958]]], [[[-50.4912, -12.823], [-50.4912, -12.823], [-50.4912, -12.823], [-50.4912, -12.823], [-50.4901, -12.8254], [-50.4901, -12.8254], [-50.4901, -12.8254], [-50.4901, -12.8254], [-50.4912, -12.823]]], [[[-50.485, -12.7757], [-50.4869, -12.776], [-50.4878, -12.7771], [-50.4875, -12.7765], [-50.4869, -12.776], [-50.4858, -12.7757], [-50.485, -12.7757]]], [[[-50.487, -12.7457], [-50.484, -12.7395], [-50.4745, -12.7372], [-50.478, -12.7371], [-50.484, -12.7395], [-50.4874, -12.7442], [-50.487, -12.7457]]], [[[-50.4753, -12.7712], [-50.478, -12.7721], [-50.4794, -12.7733], [-50.4822, -12.7739], [-50.4831, -12.7744], [-50.4842, -12.7755], [-50.4822, -12.7739], [-50.4803, -12.7736], [-50.4794, -12.7733], [-50.4753, -12.7712]]], [[[-50.4785, -12.7132], [-50.478, -12.7106], [-50.4759, -12.7076], [-50.4785, -12.7132]]], [[[-50.4771, -12.7597], [-50.4773, -12.7599], [-50.4774, -12.7607], [-50.4774, -12.7607], [-50.4774, -12.7607], [-50.4773, -12.7599], [-50.4771, -12.7596], [-50.4771, -12.7597]]], [[[-50.4711, -12.7562], [-50.4751, -12.7574], [-50.4769, -12.7593], [-50.4763, -12.7585], [-50.4751, -12.7574], [-50.4728, -12.7565], [-50.4711, -12.7562]]], [[[-50.4719, -12.7045], [-50.4735, -12.7053], [-50.4754, -12.7071], [-50.4743, -12.7059], [-50.4735, -12.7053], [-50.4726, -12.7048], [-50.4719, -12.7045]]], [[[-50.4722, -12.7373], [-50.4705, -12.7372], [-50.4705, -12.7372], [-50.4705, -12.7372], [-50.4707, -12.7373], [-50.4707, -12.7373], [-50.4707, -12.7373], [-50.4707, -12.7373], [-50.4721, -12.7373], [-50.4721, -12.7373], [-50.4722, -12.7373]]], [[[-50.4652, -12.7039], [-50.4664, -12.704], [-50.469, -12.7037], [-50.4709, -12.7043], [-50.4702, -12.7041], [-50.469, -12.7037], [-50.4652, -12.7039]]], [[[-50.4698, -12.7559], [-50.4682, -12.755], [-50.4682, -12.755], [-50.4682, -12.755], [-50.4682, -12.755], [-50.4686, -12.7554], [-50.4686, -12.7554], [-50.4686, -12.7554], [-50.4698, -12.7559]]], [[[-50.4696, -12.7354], [-50.4693, -12.7348], [-50.4688, -12.7345], [-50.4696, -12.7354]]], [[[-50.4414, -12.6969], [-50.4435, -12.6966], [-50.4479, -12.698], [-50.45, -12.6973], [-50.4523, -12.6951], [-50.4545, -12.6938], [-50.4615, -12.6934], [-50.459, -12.6928], [-50.4545, -12.6938], [-50.45, -12.6973], [-50.4491, -12.6976], [-50.4479, -12.698], [-50.4414, -12.6969]]], [[[-50.441, -12.6545], [-50.4394, -12.6512], [-50.4367, -12.6496], [-50.441, -12.6545]]], [[[-50.4364, -12.6571], [-50.4366, -12.6574], [-50.4366, -12.6574], [-50.4366, -12.6574], [-50.4365, -12.6573], [-50.4364, -12.6571]]], [[[-50.4356, -12.6793], [-50.4359, -12.6766], [-50.4343, -12.6739], [-50.4346, -12.6746], [-50.4359, -12.6766], [-50.4351, -12.6799], [-50.4356, -12.6793]]], [[[-50.4271, -12.6543], [-50.4351, -12.6586], [-50.4302, -12.6563], [-50.4271, -12.6543]]], [[[-50.4275, -12.6421], [-50.4198, -12.6496], [-50.4206, -12.6447], [-50.4209, -12.6442], [-50.4275, -12.6421]]], [[[-50.4121, -12.6175], [-50.4128, -12.6184], [-50.4128, -12.6184], [-50.4157, -12.6213], [-50.4121, -12.6175]]], [[[-50.415, -12.6507], [-50.413, -12.6494], [-50.413, -12.6494], [-50.413, -12.6494], [-50.4137, -12.65], [-50.415, -12.6507]]], [[[-50.4071, -12.6144], [-50.3942, -12.613], [-50.3974, -12.6125], [-50.4021, -12.6134], [-50.405, -12.6128], [-50.4071, -12.6144]]], [[[-50.3881, -12.5911], [-50.3904, -12.593], [-50.3913, -12.5941], [-50.391, -12.5938], [-50.3904, -12.593], [-50.3893, -12.592], [-50.3881, -12.5911]]], [[[-50.3726, -12.5749], [-50.3689, -12.5747], [-50.3689, -12.5747], [-50.3696, -12.5748], [-50.3726, -12.5749], [-50.3738, -12.5752], [-50.3778, -12.5754], [-50.3794, -12.576], [-50.3794, -12.576], [-50.3794, -12.576], [-50.3794, -12.576], [-50.3794, -12.576], [-50.3778, -12.5754], [-50.3758, -12.5752], [-50.3738, -12.5752], [-50.3726, -12.5749]]], [[[-50.3688, -12.5558], [-50.3641, -12.5535], [-50.3652, -12.5535], [-50.3688, -12.5558]]], [[[-50.352, -12.5404], [-50.3491, -12.5436], [-50.3506, -12.5414], [-50.352, -12.5404], [-50.3571, -12.5399], [-50.3618, -12.5424], [-50.3596, -12.5407], [-50.3571, -12.5399], [-50.3547, -12.5405], [-50.352, -12.5404]]], [[[-50.3439, -12.5325], [-50.3463, -12.5328], [-50.3471, -12.5343], [-50.3467, -12.5333], [-50.3463, -12.5328], [-50.3456, -12.5325], [-50.3439, -12.5325]]], [[[-50.3332, -12.5362], [-50.3351, -12.536], [-50.338, -12.533], [-50.3425, -12.5325], [-50.3395, -12.5325], [-50.338, -12.533], [-50.3332, -12.5362]]], [[[-50.3334, -12.5207], [-50.3329, -12.5185], [-50.3326, -12.5181], [-50.3334, -12.5207]]], [[[-50.3301, -12.5153], [-50.3207, -12.5185], [-50.3231, -12.5157], [-50.3264, -12.5136], [-50.3301, -12.5153]]], [[[-50.3181, -12.5094], [-50.319, -12.5084], [-50.3247, -12.5075], [-50.3238, -12.5082], [-50.319, -12.5084], [-50.3179, -12.5096], [-50.3181, -12.5094]]], [[[-50.3182, -12.502], [-50.3176, -12.5016], [-50.3181, -12.5019], [-50.3182, -12.502]]], [[[-50.3102, -12.7969], [-50.3091, -12.7948], [-50.3095, -12.7934], [-50.3091, -12.7941], [-50.3091, -12.7948], [-50.3097, -12.7963], [-50.3102, -12.7969]]], [[[-50.3094, -12.7906], [-50.3094, -12.7906], [-50.3093, -12.7905], [-50.3093, -12.7905], [-50.3093, -12.7905], [-50.3093, -12.7905], [-50.3093, -12.7905], [-50.3093, -12.7905], [-50.3093, -12.7905], [-50.3093, -12.7905], [-50.3094, -12.7906]]], [[[-50.3057, -12.8139], [-50.3053, -12.8051], [-50.3089, -12.8027], [-50.3075, -12.8033], [-50.3053, -12.8051], [-50.3051, -12.8117], [-50.3057, -12.8139]]], [[[-50.3044, -12.7851], [-50.3056, -12.7863], [-50.3042, -12.7855], [-50.3044, -12.7851]]], [[[-50.3066, -12.817], [-50.3054, -12.8208], [-50.3038, -12.821], [-50.3029, -12.8192], [-50.3023, -12.819], [-50.3013, -12.8199], [-50.3001, -12.8237], [-50.2994, -12.8251], [-50.3013, -12.8199], [-50.3023, -12.819], [-50.3038, -12.821], [-50.3048, -12.8211], [-50.3054, -12.8208], [-50.3065, -12.8189], [-50.3066, -12.817]]], [[[-50.3051, -12.7643], [-50.3022, -12.7632], [-50.304, -12.7635], [-50.3051, -12.7643], [-50.3054, -12.7681], [-50.3059, -12.7661], [-50.3051, -12.7643]]], [[[-50.3052, -12.7747], [-50.3052, -12.7747], [-50.3052, -12.7747], [-50.3052, -12.7747], [-50.3052, -12.7747], [-50.3051, -12.7743], [-50.3051, -12.7743], [-50.3051, -12.7743], [-50.3051, -12.7743], [-50.3052, -12.7747], [-50.3052, -12.7747]]], [[[-50.3047, -12.7718], [-50.3026, -12.7699], [-50.3032, -12.769], [-50.3042, -12.7691], [-50.3026, -12.7699], [-50.3036, -12.7708], [-50.3047, -12.7718]]], [[[-50.3044, -12.7826], [-50.3037, -12.7819], [-50.3034, -12.781], [-50.3034, -12.781], [-50.3034, -12.781], [-50.3034, -12.781], [-50.3034, -12.781], [-50.3034, -12.781], [-50.3037, -12.7819], [-50.3044, -12.7825], [-50.3044, -12.7826]]], [[[-50.3027, -12.7596], [-50.3015, -12.7589], [-50.3008, -12.7578], [-50.3011, -12.7583], [-50.3015, -12.7589], [-50.3024, -12.7594], [-50.3027, -12.7596]]], [[[-50.2999, -12.7447], [-50.3021, -12.7453], [-50.3021, -12.7453], [-50.3021, -12.7453], [-50.3021, -12.7453], [-50.3021, -12.7453], [-50.3021, -12.7453], [-50.3021, -12.7453], [-50.3006, -12.7453], [-50.2999, -12.7447]]], [[[-50.3002, -12.7571], [-50.2997, -12.7565], [-50.2997, -12.7565], [-50.2997, -12.7565], [-50.2991, -12.7561], [-50.3002, -12.7571]]], [[[-50.2935, -12.696], [-50.2962, -12.6944], [-50.2962, -12.6944], [-50.2962, -12.6944], [-50.2962, -12.6944], [-50.2962, -12.6944], [-50.2965, -12.6936], [-50.2965, -12.6936], [-50.2965, -12.6936], [-50.2965, -12.6927], [-50.2965, -12.6927], [-50.2965, -12.692], [-50.2971, -12.6886], [-50.2976, -12.6881], [-50.298, -12.6841], [-50.2992, -12.681], [-50.2987, -12.6828], [-50.298, -12.6841], [-50.2979, -12.6862], [-50.2976, -12.6881], [-50.2971, -12.6886], [-50.2965, -12.6936], [-50.2962, -12.6944], [-50.2937, -12.6949], [-50.2935, -12.696]]], [[[-50.297, -12.7415], [-50.2989, -12.7438], [-50.2989, -12.7438], [-50.2974, -12.7432], [-50.297, -12.7415]]], [[[-50.2944, -12.7536], [-50.2975, -12.7557], [-50.2954, -12.7546], [-50.2944, -12.7536]]], [[[-50.2966, -12.8286], [-50.2972, -12.8283], [-50.2983, -12.8269], [-50.298, -12.8273], [-50.2972, -12.8283], [-50.2968, -12.8284], [-50.2966, -12.8286]]], [[[-50.2971, -12.7394], [-50.2963, -12.7401], [-50.2945, -12.7383], [-50.2945, -12.7383], [-50.2939, -12.7378], [-50.2909, -12.7359], [-50.2909, -12.7359], [-50.2901, -12.7355], [-50.2887, -12.7349], [-50.2885, -12.7345], [-50.2971, -12.7394]]], [[[-50.2961, -12.7085], [-50.2954, -12.7078], [-50.2965, -12.7073], [-50.2958, -12.7073], [-50.2954, -12.7078], [-50.2959, -12.7084], [-50.2961, -12.7085]]], [[[-50.2954, -12.7048], [-50.2961, -12.7049], [-50.2961, -12.7049], [-50.2961, -12.7049], [-50.2961, -12.7049], [-50.2961, -12.7049], [-50.2956, -12.705], [-50.2954, -12.7048]]], [[[-50.2889, -12.7143], [-50.2897, -12.7114], [-50.2957, -12.7106], [-50.2924, -12.7119], [-50.2897, -12.7114], [-50.2891, -12.7122], [-50.2889, -12.7143]]], [[[-50.2949, -12.7046], [-50.2945, -12.7041], [-50.2949, -12.7038], [-50.2949, -12.7038], [-50.2949, -12.7038], [-50.2949, -12.7038], [-50.2949, -12.7038], [-50.2949, -12.7038], [-50.2945, -12.7041], [-50.2946, -12.7045], [-50.2949, -12.7046]]], [[[-50.2917, -12.8386], [-50.2931, -12.8375], [-50.2931, -12.8375], [-50.2931, -12.8375], [-50.2931, -12.8375], [-50.2931, -12.8353], [-50.2935, -12.8342], [-50.294, -12.8332], [-50.2931, -12.8375], [-50.2925, -12.8386], [-50.2917, -12.8386]]], [[[-50.2939, -12.4874], [-50.2932, -12.4872], [-50.2934, -12.4872], [-50.2939, -12.4874]]], [[[-50.291, -12.838], [-50.2864, -12.837], [-50.2902, -12.8358], [-50.2905, -12.8364], [-50.291, -12.838]]], [[[-50.2896, -12.6857], [-50.2898, -12.687], [-50.2898, -12.687], [-50.2895, -12.6864], [-50.2896, -12.6857]]], [[[-50.2884, -12.7149], [-50.2884, -12.7149], [-50.2884, -12.7149], [-50.2884, -12.7149], [-50.2887, -12.7147], [-50.2887, -12.7147], [-50.2887, -12.7147], [-50.2887, -12.7147], [-50.2887, -12.7147], [-50.2887, -12.7147], [-50.2884, -12.7149]]], [[[-50.2854, -12.7148], [-50.2871, -12.7141], [-50.2876, -12.7148], [-50.2875, -12.7144], [-50.2871, -12.7141], [-50.2852, -12.7142], [-50.2854, -12.7148]]], [[[-50.2871, -12.4845], [-50.2868, -12.4843], [-50.2868, -12.4843], [-50.2871, -12.4844], [-50.2871, -12.4845]]], [[[-50.2861, -12.7278], [-50.2861, -12.7284], [-50.2859, -12.7278], [-50.2861, -12.7278]]], [[[-50.2856, -12.7261], [-50.286, -12.7264], [-50.286, -12.7264], [-50.286, -12.7264], [-50.286, -12.7264], [-50.2858, -12.7262], [-50.2856, -12.7261]]], [[[-50.2854, -12.7244], [-50.2853, -12.7259], [-50.2853, -12.7259], [-50.2853, -12.7259], [-50.2853, -12.7259], [-50.2853, -12.7259], [-50.2853, -12.7258], [-50.2851, -12.7249], [-50.2854, -12.7244]]], [[[-50.2837, -12.7184], [-50.2834, -12.7179], [-50.2837, -12.7172], [-50.2834, -12.7173], [-50.2834, -12.7179], [-50.2837, -12.7183], [-50.2837, -12.7184]]], [[[-50.2832, -12.8418], [-50.2816, -12.8404], [-50.2744, -12.8431], [-50.273, -12.8414], [-50.2709, -12.8404], [-50.2634, -12.8438], [-50.2639, -12.842], [-50.2709, -12.8404], [-50.2744, -12.8431], [-50.2832, -12.8418]]], [[[-50.2793, -12.4798], [-50.2805, -12.4784], [-50.2816, -12.4783], [-50.2812, -12.4781], [-50.2805, -12.4784], [-50.2797, -12.4792], [-50.2793, -12.4798]]], [[[-50.2807, -12.6807], [-50.2793, -12.6878], [-50.2793, -12.6867], [-50.2793, -12.6859], [-50.2807, -12.6807]]], [[[-50.2685, -12.6529], [-50.2634, -12.6619], [-50.2647, -12.6676], [-50.2632, -12.6646], [-50.2634, -12.6619], [-50.2679, -12.6601], [-50.2685, -12.6529]]], [[[-50.2675, -12.6722], [-50.27, -12.6777], [-50.2688, -12.6795], [-50.2651, -12.6811], [-50.2665, -12.683], [-50.27, -12.6777], [-50.2671, -12.6718], [-50.2675, -12.6722]]], [[[-50.2493, -12.8534], [-50.2494, -12.8534], [-50.2494, -12.8531], [-50.2494, -12.8531], [-50.2494, -12.8531], [-50.2493, -12.8524], [-50.2494, -12.8502], [-50.2502, -12.8493], [-50.2597, -12.8456], [-50.2633, -12.8464], [-50.2502, -12.8493], [-50.2497, -12.8497], [-50.2494, -12.8502], [-50.2494, -12.8531], [-50.2493, -12.8534]]], [[[-50.2594, -12.6465], [-50.2585, -12.6439], [-50.2612, -12.6373], [-50.2602, -12.6411], [-50.2585, -12.6439], [-50.2585, -12.6458], [-50.2594, -12.6465]]], [[[-50.2563, -12.6346], [-50.2554, -12.6336], [-50.2547, -12.6276], [-50.2548, -12.6305], [-50.2554, -12.6336], [-50.2563, -12.6347], [-50.2563, -12.6346]]], [[[-50.2551, -12.4678], [-50.2547, -12.4645], [-50.2538, -12.4628], [-50.2541, -12.4635], [-50.2547, -12.4645], [-50.2551, -12.4679], [-50.2551, -12.4678]]], [[[-50.2449, -12.6291], [-50.2454, -12.6299], [-50.2454, -12.6299], [-50.2454, -12.6299], [-50.2454, -12.6299], [-50.2454, -12.6299], [-50.2452, -12.6299], [-50.2449, -12.6291]]], [[[-50.2398, -12.5842], [-50.2427, -12.5906], [-50.2413, -12.5872], [-50.2413, -12.5872], [-50.2398, -12.5842]]], [[[-50.2442, -12.8526], [-50.2393, -12.8548], [-50.2393, -12.8548], [-50.2393, -12.8548], [-50.2393, -12.8548], [-50.2393, -12.8548], [-50.2395, -12.8546], [-50.2405, -12.8528], [-50.241, -12.8523], [-50.2442, -12.8526]]], [[[-50.241, -12.6042], [-50.2406, -12.6014], [-50.2419, -12.6], [-50.2415, -12.6], [-50.2406, -12.6014], [-50.2407, -12.6035], [-50.241, -12.6042]]], [[[-50.2374, -12.6244], [-50.236, -12.6228], [-50.2374, -12.6202], [-50.2374, -12.6202], [-50.2378, -12.619], [-50.238, -12.6173], [-50.2404, -12.6133], [-50.2374, -12.6244]]], [[[-50.2392, -12.5832], [-50.2383, -12.5819], [-50.2383, -12.5815], [-50.2382, -12.5815], [-50.2383, -12.5819], [-50.2392, -12.5833], [-50.2392, -12.5832]]], [[[-50.2332, -12.8573], [-50.2365, -12.8571], [-50.2389, -12.8554], [-50.2381, -12.8562], [-50.2365, -12.8571], [-50.2354, -12.8574], [-50.2332, -12.8573]]], [[[-50.2311, -12.8576], [-50.2311, -12.8576], [-50.2311, -12.8576], [-50.2311, -12.8576], [-50.2311, -12.8576], [-50.2311, -12.8576], [-50.2311, -12.8576], [-50.2311, -12.8576], [-50.2311, -12.8576], [-50.2311, -12.8576], [-50.2311, -12.8576], [-50.2311, -12.8576]]], [[[-50.2307, -12.8579], [-50.2307, -12.8579], [-50.2307, -12.8579], [-50.2309, -12.8578], [-50.2309, -12.8578], [-50.2309, -12.8578], [-50.2307, -12.8579]]], [[[-50.2291, -12.8594], [-50.2297, -12.8589], [-50.2297, -12.8588], [-50.2291, -12.8594]]], [[[-50.214, -12.549], [-50.2225, -12.5431], [-50.224, -12.5407], [-50.2256, -12.5349], [-50.2295, -12.5313], [-50.2283, -12.5329], [-50.2256, -12.5349], [-50.2225, -12.5431], [-50.2173, -12.5434], [-50.214, -12.549]]], [[[-50.2293, -12.5302], [-50.2293, -12.5302], [-50.2293, -12.5302], [-50.2292, -12.53], [-50.2292, -12.53], [-50.2292, -12.53], [-50.2293, -12.5302]]], [[[-50.2237, -12.5233], [-50.227, -12.5281], [-50.2248, -12.5258], [-50.2237, -12.5233]]], [[[-50.2267, -12.4489], [-50.2256, -12.4464], [-50.2204, -12.4466], [-50.2219, -12.4459], [-50.2256, -12.4464], [-50.2264, -12.4497], [-50.2267, -12.4489]]], [[[-50.2251, -12.8654], [-50.225, -12.8658], [-50.225, -12.8657], [-50.2251, -12.8654]]], [[[-50.2249, -12.8726], [-50.2249, -12.8726], [-50.2249, -12.8726], [-50.2249, -12.8726], [-50.2249, -12.8722], [-50.2249, -12.8722], [-50.2249, -12.8722], [-50.2249, -12.8722], [-50.2249, -12.8722], [-50.2249, -12.8722], [-50.2249, -12.8722], [-50.2249, -12.8722], [-50.2249, -12.8726]]], [[[-50.2215, -12.8751], [-50.2217, -12.8741], [-50.2233, -12.8735], [-50.2226, -12.8736], [-50.2217, -12.8741], [-50.2215, -12.8747], [-50.2215, -12.8751]]], [[[-50.2222, -12.521], [-50.2185, -12.5144], [-50.2162, -12.4839], [-50.2186, -12.4935], [-50.2185, -12.5144], [-50.2212, -12.5196], [-50.2222, -12.521]]], [[[-50.2208, -12.583], [-50.2213, -12.5835], [-50.2208, -12.5831], [-50.2208, -12.5831], [-50.2208, -12.583]]], [[[-50.2169, -12.5788], [-50.2195, -12.5819], [-50.2187, -12.581], [-50.2169, -12.5788]]], [[[-50.216, -12.4837], [-50.216, -12.4837], [-50.2141, -12.481], [-50.2141, -12.481], [-50.2141, -12.481], [-50.2141, -12.481], [-50.2141, -12.481], [-50.2141, -12.481], [-50.2141, -12.481], [-50.2141, -12.481], [-50.216, -12.4837]]], [[[-50.2139, -12.5503], [-50.2123, -12.5537], [-50.2136, -12.5508], [-50.2139, -12.5503]]], [[[-50.2136, -12.4421], [-50.216, -12.4416], [-50.2136, -12.4387], [-50.216, -12.4411], [-50.216, -12.4416], [-50.2158, -12.4419], [-50.2136, -12.4421]]], [[[-50.2127, -12.8765], [-50.213, -12.8756], [-50.2123, -12.8756], [-50.212, -12.8756], [-50.2127, -12.8765]]], [[[-50.2122, -12.4365], [-50.212, -12.4355], [-50.2111, -12.4352], [-50.2122, -12.4365]]], [[[-50.2046, -12.5603], [-50.2077, -12.5622], [-50.2106, -12.5611], [-50.2091, -12.5618], [-50.2077, -12.5622], [-50.2052, -12.5612], [-50.2046, -12.5603]]], [[[-50.2099, -12.8783], [-50.2101, -12.8767], [-50.2105, -12.8763], [-50.2105, -12.8763], [-50.2105, -12.8763], [-50.2101, -12.8767], [-50.2099, -12.8776], [-50.2099, -12.8783]]], [[[-50.2088, -12.5727], [-50.207, -12.5715], [-50.207, -12.5709], [-50.207, -12.57], [-50.207, -12.5689], [-50.207, -12.5689], [-50.207, -12.5668], [-50.2088, -12.5727]]], [[[-50.2085, -12.8795], [-50.2072, -12.8784], [-50.2064, -12.88], [-50.2065, -12.8789], [-50.2072, -12.8784], [-50.2078, -12.8785], [-50.2085, -12.8795]]], [[[-50.2083, -12.442], [-50.2071, -12.4436], [-50.2064, -12.4443], [-50.2064, -12.4443], [-50.2064, -12.4443], [-50.2064, -12.4443], [-50.2064, -12.4443], [-50.2064, -12.4443], [-50.2064, -12.4443], [-50.2064, -12.4443], [-50.2071, -12.4436], [-50.2078, -12.4425], [-50.2083, -12.442]]], [[[-50.2057, -12.5548], [-50.2041, -12.5529], [-50.2004, -12.5545], [-50.1996, -12.5541], [-50.1989, -12.5533], [-50.1977, -12.5534], [-50.1949, -12.5571], [-50.1947, -12.5585], [-50.1952, -12.5596], [-50.1948, -12.5602], [-50.192, -12.5619], [-50.2057, -12.5548]]], [[[-50.2047, -12.4759], [-50.2035, -12.4748], [-50.2028, -12.4627], [-50.1969, -12.4574], [-50.2006, -12.4596], [-50.2028, -12.4627], [-50.2047, -12.4759]]], [[[-50.202, -12.8853], [-50.201, -12.8855], [-50.201, -12.8855], [-50.201, -12.8855], [-50.2012, -12.8853], [-50.2019, -12.8853], [-50.202, -12.8853]]], [[[-50.202, -12.4334], [-50.1971, -12.4309], [-50.1983, -12.4315], [-50.2008, -12.4327], [-50.202, -12.4334]]], [[[-50.2, -12.8887], [-50.1969, -12.8902], [-50.1969, -12.8902], [-50.1969, -12.8902], [-50.1969, -12.8902], [-50.197, -12.8898], [-50.197, -12.8885], [-50.2, -12.8887]]], [[[-50.1945, -12.8915], [-50.1931, -12.8916], [-50.1931, -12.8916], [-50.1931, -12.8916], [-50.1931, -12.8916], [-50.1931, -12.8916], [-50.1931, -12.8916], [-50.1938, -12.8916], [-50.1938, -12.8916], [-50.1945, -12.8915]]], [[[-50.1883, -12.893], [-50.189, -12.8925], [-50.1896, -12.8919], [-50.1883, -12.893]]], [[[-50.1888, -12.4325], [-50.1857, -12.433], [-50.1857, -12.433], [-50.1857, -12.433], [-50.1864, -12.4331], [-50.1864, -12.4331], [-50.1864, -12.4331], [-50.1874, -12.4329], [-50.1888, -12.4325]]], [[[-50.183, -12.4236], [-50.1848, -12.4211], [-50.1836, -12.4233], [-50.183, -12.4236]]], [[[-50.1835, -12.4549], [-50.1809, -12.4518], [-50.1787, -12.4388], [-50.1812, -12.4428], [-50.1809, -12.4518], [-50.1826, -12.4544], [-50.1835, -12.4549]]], [[[-50.183, -12.8951], [-50.1825, -12.8919], [-50.1837, -12.8933], [-50.183, -12.8951]]], [[[-50.1806, -12.4236], [-50.1801, -12.4236], [-50.1804, -12.4235], [-50.1806, -12.4236]]], [[[-50.1741, -12.4225], [-50.1756, -12.4227], [-50.1771, -12.4235], [-50.1761, -12.4229], [-50.1756, -12.4227], [-50.1751, -12.4226], [-50.1741, -12.4225]]], [[[-50.1716, -12.4085], [-50.171, -12.4051], [-50.1679, -12.4045], [-50.1703, -12.4047], [-50.171, -12.4051], [-50.1714, -12.4093], [-50.1716, -12.4085]]], [[[-50.1691, -12.8951], [-50.1645, -12.8934], [-50.1645, -12.8934], [-50.1656, -12.8935], [-50.1678, -12.8936], [-50.1691, -12.8951]]], [[[-50.1629, -12.4347], [-50.1642, -12.4362], [-50.1642, -12.4362], [-50.1632, -12.4353], [-50.1629, -12.4347]]], [[[-50.1558, -12.8955], [-50.1579, -12.8939], [-50.16, -12.893], [-50.1592, -12.8933], [-50.1579, -12.8939], [-50.157, -12.8945], [-50.1558, -12.8955]]], [[[-50.1598, -12.4313], [-50.1581, -12.4294], [-50.1593, -12.4185], [-50.1593, -12.4185], [-50.1593, -12.4185], [-50.1589, -12.4155], [-50.1568, -12.4096], [-50.1531, -12.4049], [-50.1589, -12.4155], [-50.1581, -12.4294], [-50.1586, -12.4305], [-50.1598, -12.4313]]], [[[-50.1516, -12.3995], [-50.1555, -12.3997], [-50.1523, -12.3996], [-50.1516, -12.3995]]], [[[-50.1527, -12.9001], [-50.1527, -12.9001], [-50.1527, -12.9001], [-50.1527, -12.9001], [-50.1527, -12.9001], [-50.1532, -12.8995], [-50.1532, -12.8995], [-50.1532, -12.8995], [-50.1532, -12.8995], [-50.1527, -12.9001]]], [[[-50.1489, -12.9028], [-50.151, -12.9016], [-50.151, -12.9016], [-50.1512, -12.9014], [-50.1489, -12.9028]]], [[[-50.1464, -12.3953], [-50.1437, -12.3958], [-50.1437, -12.3958], [-50.1431, -12.3956], [-50.1427, -12.3952], [-50.1464, -12.3953]]], [[[-50.13, -12.9058], [-50.1361, -12.9034], [-50.141, -12.9042], [-50.1377, -12.9034], [-50.1361, -12.9034], [-50.1313, -12.9058], [-50.13, -12.9058]]], [[[-50.1282, -12.9055], [-50.1164, -12.9066], [-50.1248, -12.9042], [-50.126, -12.9042], [-50.1282, -12.9055]]], [[[-50.1076, -12.9097], [-50.1087, -12.9099], [-50.1088, -12.9104], [-50.1088, -12.9103], [-50.1087, -12.9099], [-50.1083, -12.9097], [-50.1076, -12.9097]]], [[[-50.0997, -12.9078], [-50.1043, -12.9074], [-50.1064, -12.9092], [-50.1053, -12.9079], [-50.1043, -12.9074], [-50.1026, -12.9073], [-50.0997, -12.9078]]], [[[-50.0986, -12.9079], [-50.0972, -12.9081], [-50.0974, -12.9081], [-50.0986, -12.9079]]], [[[-50.0933, -12.908], [-50.0809, -12.9053], [-50.0869, -12.9056], [-50.0933, -12.908]]], [[[-50.0745, -12.9134], [-50.0745, -12.9134], [-50.0745, -12.9134], [-50.0746, -12.9133], [-50.0746, -12.9133], [-50.0746, -12.9133], [-50.0746, -12.9133], [-50.0746, -12.9133], [-50.0745, -12.9134]]], [[[-50.0741, -12.9138], [-50.0717, -12.9169], [-50.0717, -12.9169], [-50.0717, -12.9169], [-50.0725, -12.9159], [-50.0741, -12.9138], [-50.0742, -12.9137], [-50.0742, -12.9137], [-50.0742, -12.9137], [-50.0742, -12.9137], [-50.0741, -12.9138]]], [[[-50.054, -12.9203], [-50.0527, -12.921], [-50.0527, -12.921], [-50.0527, -12.921], [-50.0527, -12.921], [-50.0535, -12.9203], [-50.054, -12.9203]]], [[[-50.0506, -12.9218], [-50.0492, -12.9217], [-50.0478, -12.9245], [-50.048, -12.9239], [-50.0492, -12.9217], [-50.0506, -12.9224], [-50.0506, -12.9218]]], [[[-50.0401, -12.9351], [-50.0383, -12.9355], [-50.0394, -12.9354], [-50.0394, -12.9354], [-50.0401, -12.9351]]], [[[-50.022, -12.929], [-50.0229, -12.9284], [-50.0273, -12.9314], [-50.029, -12.9318], [-50.031, -12.9309], [-50.0347, -12.933], [-50.038, -12.9354], [-50.031, -12.9309], [-50.03, -12.9314], [-50.029, -12.9318], [-50.0229, -12.9284], [-50.0222, -12.9288], [-50.022, -12.929]]], [[[-50.0162, -12.9296], [-50.0176, -12.9293], [-50.0185, -12.9298], [-50.0185, -12.9298], [-50.0185, -12.9298], [-50.0185, -12.9298], [-50.0185, -12.9298], [-50.0176, -12.9293], [-50.0171, -12.9293], [-50.0162, -12.9296]]], [[[-50.0008, -12.9351], [-49.9938, -12.9429], [-49.9938, -12.9429], [-49.9939, -12.9424], [-49.9946, -12.9413], [-49.9961, -12.9392], [-49.9976, -12.9366], [-50.0008, -12.9351]]], [[[-49.9926, -12.944], [-49.9902, -12.9445], [-49.9902, -12.9445], [-49.9902, -12.9445], [-49.9902, -12.9445], [-49.9914, -12.9444], [-49.9926, -12.944]]], [[[-49.9889, -12.9436], [-49.9868, -12.9433], [-49.9868, -12.9433], [-49.9868, -12.9433], [-49.9876, -12.9427], [-49.9889, -12.9436]]], [[[-49.986, -12.9433], [-49.9831, -12.9418], [-49.9859, -12.9415], [-49.986, -12.9433]]], [[[-49.981, -12.9405], [-49.9817, -12.9397], [-49.9802, -12.9388], [-49.9814, -12.9392], [-49.9817, -12.9397], [-49.9816, -12.9404], [-49.981, -12.9405]]], [[[-49.7452, -13.0609], [-49.5577, -13.1699], [-49.6476, -13.1177], [-49.7307, -13.0694], [-49.7452, -13.0609]]], [[[-49.3803, -13.2687], [-49.3695, -13.2746], [-49.3802, -13.2688], [-49.3803, -13.2687]]], [[[-49.3545, -13.1095], [-49.3545, -13.1091], [-49.3545, -13.1091], [-49.3545, -13.1091], [-49.3545, -13.1094], [-49.3545, -13.1095], [-49.3545, -13.1095], [-49.3545, -13.1095], [-49.3545, -13.1095], [-49.3545, -13.1095], [-49.3545, -13.1095]]], [[[-49.3483, -13.0893], [-49.3511, -13.0934], [-49.3505, -13.0919], [-49.3483, -13.0893]]], [[[-49.346, -13.1759], [-49.346, -13.1805], [-49.3457, -13.1784], [-49.346, -13.1759]]], [[[-49.3467, -13.1932], [-49.3477, -13.189], [-49.3477, -13.1913], [-49.3467, -13.1932]]], [[[-49.3477, -13.2192], [-49.3477, -13.2189], [-49.3475, -13.2195], [-49.3475, -13.2195], [-49.3477, -13.2192]]], [[[-49.3371, -13.066], [-49.3363, -13.0645], [-49.3346, -13.0633], [-49.3346, -13.0633], [-49.3346, -13.0633], [-49.3363, -13.0645], [-49.3371, -13.066]]], [[[-49.3263, -13.0543], [-49.3302, -13.057], [-49.3312, -13.0581], [-49.3331, -13.0615], [-49.3331, -13.0615], [-49.3341, -13.0627], [-49.3263, -13.0543]]], [[[-49.3103, -13.0363], [-49.3125, -13.0384], [-49.3132, -13.04], [-49.3132, -13.0394], [-49.3125, -13.0384], [-49.3114, -13.0372], [-49.3103, -13.0363]]], [[[-49.2994, -13.0208], [-49.2973, -13.0124], [-49.2985, -13.0176], [-49.2994, -13.0208]]], [[[-49.2891, -13.0012], [-49.2864, -12.9958], [-49.2864, -12.9958], [-49.2864, -12.9958], [-49.2876, -12.9966], [-49.2891, -13.0012]]], [[[-49.2791, -12.988], [-49.2791, -12.988], [-49.2791, -12.988], [-49.2791, -12.988], [-49.2802, -12.9896], [-49.2829, -12.9913], [-49.2829, -12.9914], [-49.283, -12.9914], [-49.2829, -12.9913], [-49.2814, -12.9904], [-49.2802, -12.9896], [-49.2791, -12.988]]], [[[-49.2803, -12.9768], [-49.28, -12.9759], [-49.2801, -12.9771], [-49.2803, -12.9768]]], [[[-49.2796, -12.978], [-49.2796, -12.9779], [-49.2793, -12.9781], [-49.2796, -12.978]]], [[[-49.2742, -12.9586], [-49.2801, -12.9669], [-49.2771, -12.9633], [-49.2742, -12.9586]]], [[[-49.2633, -12.9407], [-49.2623, -12.9402], [-49.2623, -12.9402], [-49.2623, -12.9402], [-49.2623, -12.9402], [-49.263, -12.9402], [-49.2633, -12.9407]]], [[[-49.2531, -12.932], [-49.2551, -12.933], [-49.2563, -12.9345], [-49.2563, -12.9345], [-49.2563, -12.9345], [-49.2551, -12.933], [-49.2532, -12.932], [-49.2531, -12.932]]], [[[-49.2508, -12.9243], [-49.2509, -12.9225], [-49.2507, -12.9222], [-49.2507, -12.9222], [-49.2507, -12.9222], [-49.2507, -12.9222], [-49.2509, -12.9225], [-49.2508, -12.9243]]], [[[-49.2472, -12.9014], [-49.2469, -12.9012], [-49.2472, -12.9013], [-49.2472, -12.9014]]], [[[-49.2359, -12.8933], [-49.2413, -12.8958], [-49.244, -12.8993], [-49.2424, -12.8974], [-49.2413, -12.8958], [-49.2381, -12.8944], [-49.2359, -12.8933]]], [[[-49.2292, -12.8781], [-49.2289, -12.8774], [-49.228, -12.8782], [-49.2281, -12.8782], [-49.2289, -12.8774], [-49.2291, -12.8786], [-49.2292, -12.8781]]], [[[-49.2064, -12.8725], [-49.2089, -12.8736], [-49.2089, -12.8738], [-49.2089, -12.8738], [-49.2089, -12.8738], [-49.2089, -12.8738], [-49.2089, -12.8738], [-49.2089, -12.8738], [-49.2089, -12.8738], [-49.2089, -12.8736], [-49.2069, -12.8727], [-49.2064, -12.8725]]], [[[-49.2052, -12.8719], [-49.2016, -12.8692], [-49.2032, -12.8703], [-49.2052, -12.8719]]], [[[-49.1937, -12.8582], [-49.1908, -12.8548], [-49.1908, -12.8548], [-49.1908, -12.8548], [-49.193, -12.8563], [-49.1937, -12.8582]]], [[[-49.1451, -12.8177], [-49.1516, -12.8209], [-49.1531, -12.8234], [-49.1525, -12.8219], [-49.1516, -12.8209], [-49.1473, -12.8203], [-49.1451, -12.8177]]], [[[-49.1384, -12.8036], [-49.1373, -12.8013], [-49.1373, -12.8013], [-49.1373, -12.8013], [-49.1382, -12.8018], [-49.1384, -12.8036]]], [[[-49.1277, -12.7956], [-49.1168, -12.7962], [-49.1167, -12.794], [-49.117, -12.7898], [-49.1277, -12.7956]]], [[[-49.09, -12.8408], [-49.0998, -12.8352], [-49.1042, -12.8106], [-49.1085, -12.8068], [-49.1156, -12.8027], [-49.1042, -12.8106], [-49.09, -12.8408]]], [[[-49.0867, -12.8878], [-49.087, -12.8894], [-49.087, -12.8894], [-49.087, -12.8894], [-49.0868, -12.8881], [-49.0868, -12.8881], [-49.0867, -12.8878]]], [[[-49.0793, -12.9028], [-49.0784, -12.8976], [-49.0853, -12.8923], [-49.0828, -12.8926], [-49.0784, -12.8976], [-49.0796, -12.8997], [-49.0793, -12.9028]]], [[[-49.0801, -12.8845], [-49.0827, -12.8829], [-49.0802, -12.8835], [-49.0801, -12.8845]]], [[[-49.0822, -12.8769], [-49.0825, -12.8776], [-49.0825, -12.8776], [-49.0825, -12.8776], [-49.0825, -12.8776], [-49.0821, -12.8775], [-49.0822, -12.8769]]], [[[-49.0791, -12.8741], [-49.0798, -12.8747], [-49.0798, -12.8747], [-49.0798, -12.8747], [-49.0798, -12.8747], [-49.0798, -12.8747], [-49.0789, -12.8749], [-49.0791, -12.8741]]], [[[-49.0729, -12.8658], [-49.0764, -12.8733], [-49.0732, -12.8698], [-49.0729, -12.8658]]], [[[-49.0746, -12.9049], [-49.0713, -12.9047], [-49.0734, -12.9031], [-49.0746, -12.9049]]], [[[-49.0715, -12.8581], [-49.0702, -12.8613], [-49.0696, -12.8602], [-49.0715, -12.8581]]], [[[-49.0681, -12.9062], [-49.0609, -12.9077], [-49.0609, -12.9077], [-49.0609, -12.9077], [-49.0624, -12.9063], [-49.0668, -12.9056], [-49.0681, -12.9062]]], [[[-49.0548, -12.9089], [-49.0493, -12.9101], [-49.052, -12.9072], [-49.0533, -12.9075], [-49.0548, -12.9089]]], [[[-49.0409, -12.9071], [-49.0384, -12.904], [-49.0361, -12.9051], [-49.0375, -12.9046], [-49.0384, -12.904], [-49.0403, -12.9075], [-49.0409, -12.9071]]], [[[-49.0308, -12.9045], [-49.034, -12.9028], [-49.0354, -12.9047], [-49.0353, -12.9041], [-49.034, -12.9028], [-49.0321, -12.9029], [-49.0308, -12.9045]]], [[[-49.0215, -12.9088], [-49.0218, -12.9063], [-49.0239, -12.9056], [-49.0284, -12.9053], [-49.0284, -12.9053], [-49.0288, -12.9052], [-49.0215, -12.9088]]], [[[-49.0186, -12.9119], [-49.0051, -12.9262], [-49.0051, -12.9262], [-49.0051, -12.9262], [-49.0055, -12.9247], [-49.0081, -12.9217], [-49.0091, -12.9165], [-49.0119, -12.9132], [-49.0139, -12.9123], [-49.0186, -12.9119]]], [[[-48.8712, -12.8161], [-48.9748, -12.9545], [-48.9962, -12.9356], [-48.9792, -12.947], [-48.9748, -12.9545], [-48.8789, -12.8159], [-48.8712, -12.8161]]], [[[-48.8676, -12.8051], [-48.8693, -12.8025], [-48.8734, -12.8071], [-48.8718, -12.8041], [-48.8693, -12.8025], [-48.8689, -12.8039], [-48.8676, -12.8051]]], [[[-48.8733, -12.8096], [-48.8733, -12.8096], [-48.8733, -12.8096], [-48.8733, -12.8096], [-48.8733, -12.8096], [-48.8733, -12.8096], [-48.8733, -12.8096], [-48.8733, -12.8096]]], [[[-48.87, -12.8162], [-48.8693, -12.8158], [-48.8693, -12.8158], [-48.8693, -12.8158], [-48.8693, -12.8158], [-48.8693, -12.8158], [-48.8693, -12.8158], [-48.8695, -12.8161], [-48.8695, -12.8161], [-48.8695, -12.8161], [-48.8695, -12.8161], [-48.87, -12.8162]]], [[[-48.8618, -12.8066], [-48.8619, -12.8047], [-48.8639, -12.8047], [-48.8643, -12.8053], [-48.8619, -12.8047], [-48.8618, -12.8057], [-48.8618, -12.8066]]], [[[-48.8502, -12.8067], [-48.8578, -12.8059], [-48.8573, -12.8044], [-48.8502, -12.8067]]], [[[-48.8461, -12.8147], [-48.8454, -12.8132], [-48.8467, -12.8103], [-48.8458, -12.8119], [-48.8454, -12.8132], [-48.8461, -12.8143], [-48.8461, -12.8147]]], [[[-48.8457, -12.8179], [-48.8456, -12.8194], [-48.8456, -12.8194], [-48.8453, -12.8185], [-48.8457, -12.8179]]], [[[-48.8445, -12.8265], [-48.8429, -12.8344], [-48.8417, -12.8315], [-48.8445, -12.8265]]], [[[-48.8317, -12.8432], [-48.833, -12.8428], [-48.8343, -12.8434], [-48.8357, -12.8428], [-48.8369, -12.8434], [-48.8369, -12.8434], [-48.8369, -12.8434], [-48.8369, -12.8434], [-48.8369, -12.8434], [-48.8369, -12.8434], [-48.8369, -12.8434], [-48.8369, -12.8434], [-48.8375, -12.8427], [-48.8387, -12.8433], [-48.8427, -12.8419], [-48.8404, -12.8417], [-48.8387, -12.8433], [-48.8375, -12.8427], [-48.8369, -12.8434], [-48.8359, -12.8429], [-48.8357, -12.8428], [-48.8351, -12.8433], [-48.8343, -12.8434], [-48.8317, -12.8432]]], [[[-48.8313, -12.8426], [-48.8281, -12.8441], [-48.8264, -12.8444], [-48.8294, -12.8425], [-48.8315, -12.842], [-48.8313, -12.8426], [-48.8313, -12.8426], [-48.8313, -12.8426], [-48.8313, -12.8426], [-48.8313, -12.8426], [-48.8313, -12.8426], [-48.8313, -12.8426], [-48.8313, -12.8426], [-48.8313, -12.8426], [-48.8313, -12.8426]]], [[[-48.8225, -12.8444], [-48.8225, -12.8444], [-48.8228, -12.8444], [-48.8228, -12.8444], [-48.8228, -12.8444], [-48.8228, -12.8444], [-48.8228, -12.8444], [-48.8228, -12.8444], [-48.8228, -12.8444], [-48.8225, -12.8444]]], [[[-48.8209, -12.8446], [-48.8118, -12.8646], [-48.8118, -12.8646], [-48.8118, -12.8646], [-48.8126, -12.8635], [-48.8209, -12.8446]]], [[[-48.7901, -12.8835], [-48.7929, -12.8768], [-48.7955, -12.8755], [-48.7989, -12.8755], [-48.7989, -12.8755], [-48.7989, -12.8755], [-48.7989, -12.8755], [-48.7989, -12.8755], [-48.7989, -12.8755], [-48.7992, -12.8746], [-48.7991, -12.8721], [-48.8058, -12.8679], [-48.7989, -12.8755], [-48.7929, -12.8768], [-48.79, -12.8815], [-48.7901, -12.8835]]], [[[-48.7769, -12.8877], [-48.77, -12.8945], [-48.77, -12.8945], [-48.7704, -12.8932], [-48.7746, -12.8877], [-48.7769, -12.8877]]], [[[-48.7652, -12.8998], [-48.7617, -12.9037], [-48.7617, -12.9037], [-48.7617, -12.9037], [-48.7617, -12.9037], [-48.7617, -12.9022], [-48.7652, -12.8998]]], [[[-48.7598, -12.9057], [-48.7553, -12.9084], [-48.7553, -12.9084], [-48.7553, -12.9084], [-48.756, -12.9076], [-48.7598, -12.9057]]], [[[-48.7527, -12.9123], [-48.7458, -12.9185], [-48.7498, -12.914], [-48.7527, -12.9123]]], [[[-48.7357, -12.9381], [-48.7344, -12.9295], [-48.7363, -12.9255], [-48.735, -12.9274], [-48.7344, -12.9295], [-48.7346, -12.9359], [-48.7357, -12.9381]]], [[[-48.735, -12.9535], [-48.732, -12.9652], [-48.7303, -12.9611], [-48.7326, -12.9582], [-48.7337, -12.9546], [-48.735, -12.9535]]], [[[-48.7339, -12.9763], [-48.7338, -12.9762], [-48.7339, -12.976], [-48.7339, -12.976], [-48.7339, -12.976], [-48.7338, -12.9762], [-48.7339, -12.9764], [-48.7339, -12.9763]]], [[[-48.7161, -13.0018], [-48.7181, -13.0004], [-48.7274, -12.9893], [-48.7241, -12.9924], [-48.7181, -13.0004], [-48.7165, -13.0018], [-48.7161, -13.0018]]], [[[-48.7133, -13.0004], [-48.7118, -12.9993], [-48.7106, -13.0016], [-48.7086, -13.0022], [-48.7071, -13.0042], [-48.7133, -13.0004]]], [[[-48.7059, -13.0028], [-48.7041, -13.0008], [-48.7057, -13.002], [-48.7059, -13.0028]]], [[[-48.6916, -12.9987], [-48.6955, -12.9957], [-48.7021, -12.9986], [-48.7009, -12.9976], [-48.6955, -12.9957], [-48.6922, -12.9965], [-48.6916, -12.9987]]], [[[-48.6865, -13.0017], [-48.6865, -13.0017], [-48.6865, -13.0017], [-48.6865, -13.0017], [-48.6865, -13.0017], [-48.6865, -13.0017], [-48.6874, -13.0019], [-48.6874, -13.0019], [-48.6874, -13.0019], [-48.6874, -13.0019], [-48.6874, -13.0019], [-48.6874, -13.0019], [-48.6874, -13.0019], [-48.6865, -13.0017]]], [[[-48.6834, -12.9941], [-48.6859, -12.9965], [-48.6859, -13.0], [-48.6859, -13.0], [-48.6859, -13.0], [-48.6859, -13.0], [-48.6859, -12.9965], [-48.6846, -12.9941], [-48.6834, -12.9941]]], [[[-48.6833, -12.9941], [-48.6689, -12.9988], [-48.6689, -12.9954], [-48.676, -12.9931], [-48.6833, -12.9941]]], [[[-48.6659, -13.0018], [-48.6614, -13.0037], [-48.6618, -13.0034], [-48.6622, -13.0017], [-48.6632, -13.0012], [-48.6659, -13.0018]]], [[[-48.6602, -13.0042], [-48.6572, -13.0055], [-48.6572, -13.0055], [-48.6572, -13.0055], [-48.6572, -13.0055], [-48.6577, -13.0044], [-48.6602, -13.0042]]], [[[-48.6394, -13.0156], [-48.6474, -13.0105], [-48.6492, -13.0106], [-48.6536, -13.012], [-48.6567, -13.0111], [-48.6562, -13.0116], [-48.6536, -13.012], [-48.6474, -13.0105], [-48.6401, -13.0138], [-48.6394, -13.0156]]], [[[-48.6381, -13.0177], [-48.6365, -13.0207], [-48.6376, -13.0184], [-48.6381, -13.0177]]], [[[-48.6306, -13.0427], [-48.6307, -13.041], [-48.6313, -13.0404], [-48.6313, -13.0404], [-48.6313, -13.0404], [-48.6313, -13.0404], [-48.6313, -13.0404], [-48.6307, -13.041], [-48.6306, -13.0426], [-48.6306, -13.0427]]], [[[-48.6288, -13.0488], [-48.6238, -13.0527], [-48.6262, -13.0522], [-48.6262, -13.0522], [-48.6262, -13.0522], [-48.6262, -13.0522], [-48.6275, -13.0509], [-48.6288, -13.0488]]], [[[-48.6164, -13.0554], [-48.6188, -13.0529], [-48.6237, -13.0527], [-48.6212, -13.0521], [-48.6188, -13.0529], [-48.6169, -13.0545], [-48.6164, -13.0554]]], [[[-48.6018, -13.0752], [-48.6013, -13.0784], [-48.6013, -13.0784], [-48.6013, -13.0784], [-48.6015, -13.0782], [-48.6019, -13.0769], [-48.6019, -13.0766], [-48.6019, -13.0758], [-48.6018, -13.0752], [-48.6006, -13.0724], [-48.6006, -13.0724], [-48.6, -13.0715], [-48.5999, -13.0699], [-48.6009, -13.0679], [-48.6009, -13.0679], [-48.6009, -13.0679], [-48.6012, -13.0663], [-48.6012, -13.0663], [-48.6012, -13.0663], [-48.601, -13.0654], [-48.6002, -13.0638], [-48.6021, -13.0582], [-48.6036, -13.0576], [-48.6002, -13.0638], [-48.6012, -13.0663], [-48.5999, -13.0699], [-48.6018, -13.0752]]], [[[-48.5976, -13.2425], [-48.5997, -13.2392], [-48.5997, -13.2392], [-48.5997, -13.2392], [-48.5998, -13.2385], [-48.5976, -13.2425]]], [[[-48.5999, -13.2951], [-48.5994, -13.297], [-48.5998, -13.293], [-48.5998, -13.293], [-48.5999, -13.2951]]], [[[-48.596, -13.0801], [-48.5948, -13.0781], [-48.5984, -13.0773], [-48.599, -13.0783], [-48.5948, -13.0781], [-48.5947, -13.0793], [-48.596, -13.0801]]], [[[-48.5959, -13.1063], [-48.5954, -13.1069], [-48.5958, -13.1069], [-48.5958, -13.1069], [-48.5958, -13.1069], [-48.5958, -13.1069], [-48.5958, -13.1069], [-48.5958, -13.1069], [-48.5958, -13.1069], [-48.5958, -13.1069], [-48.5959, -13.1063]]], [[[-48.5777, -13.3147], [-48.5857, -13.3166], [-48.5958, -13.3028], [-48.5901, -13.3062], [-48.5857, -13.3166], [-48.5782, -13.3148], [-48.5777, -13.3147]]], [[[-48.5863, -13.1647], [-48.5842, -13.1604], [-48.5841, -13.1591], [-48.5879, -13.1591], [-48.589, -13.1582], [-48.5919, -13.1578], [-48.5919, -13.1578], [-48.5919, -13.1578], [-48.5924, -13.1573], [-48.5926, -13.1552], [-48.594, -13.1545], [-48.5957, -13.1526], [-48.5841, -13.1591], [-48.5863, -13.1647]]], [[[-48.5956, -13.2799], [-48.5929, -13.2749], [-48.5934, -13.2729], [-48.5934, -13.2735], [-48.5929, -13.2749], [-48.5944, -13.2764], [-48.5956, -13.2799]]], [[[-48.5948, -13.1069], [-48.5807, -13.1139], [-48.5808, -13.1126], [-48.5841, -13.1044], [-48.5948, -13.1069]]], [[[-48.5913, -13.0932], [-48.5914, -13.0905], [-48.5926, -13.0894], [-48.5921, -13.0898], [-48.5914, -13.0905], [-48.5913, -13.0923], [-48.5913, -13.0932]]], [[[-48.5909, -13.2666], [-48.589, -13.2639], [-48.5895, -13.2607], [-48.5891, -13.2619], [-48.589, -13.2639], [-48.59, -13.2659], [-48.5909, -13.2666]]], [[[-48.5908, -13.1502], [-48.5894, -13.1486], [-48.5889, -13.147], [-48.5889, -13.147], [-48.5889, -13.147], [-48.5889, -13.147], [-48.5889, -13.147], [-48.5894, -13.1486], [-48.5904, -13.1499], [-48.5908, -13.1502]]], [[[-48.5879, -13.2545], [-48.5871, -13.2529], [-48.5904, -13.2514], [-48.5886, -13.2517], [-48.5871, -13.2529], [-48.587, -13.2538], [-48.5879, -13.2545]]], [[[-48.5902, -13.0963], [-48.5893, -13.0987], [-48.5893, -13.0987], [-48.5893, -13.0987], [-48.5893, -13.0987], [-48.5893, -13.0987], [-48.5886, -13.0979], [-48.5902, -13.0963]]], [[[-48.5878, -13.2283], [-48.5891, -13.2295], [-48.5891, -13.2295], [-48.5891, -13.2295], [-48.5891, -13.2295], [-48.5883, -13.2294], [-48.5878, -13.2283]]], [[[-48.5857, -13.2265], [-48.5826, -13.2227], [-48.5819, -13.2148], [-48.5815, -13.2167], [-48.5826, -13.2227], [-48.584, -13.2253], [-48.5857, -13.2265]]], [[[-48.5832, -13.1682], [-48.5778, -13.1729], [-48.5796, -13.17], [-48.5832, -13.1682]]], [[[-48.5829, -13.1801], [-48.5799, -13.1853], [-48.5799, -13.1853], [-48.5799, -13.1853], [-48.58, -13.1846], [-48.5798, -13.1817], [-48.5802, -13.181], [-48.5829, -13.1801]]], [[[-48.5797, -13.1763], [-48.5813, -13.1782], [-48.5813, -13.1782], [-48.5813, -13.1782], [-48.5802, -13.1779], [-48.5797, -13.1763]]], [[[-48.5807, -13.1168], [-48.5764, -13.1231], [-48.5784, -13.118], [-48.5793, -13.1173], [-48.5807, -13.1168]]], [[[-48.5781, -13.1896], [-48.5771, -13.1873], [-48.5796, -13.1857], [-48.5777, -13.1862], [-48.5771, -13.1873], [-48.5775, -13.189], [-48.5781, -13.1896]]], [[[-48.5795, -13.2053], [-48.5796, -13.206], [-48.5796, -13.206], [-48.5794, -13.2056], [-48.5795, -13.2053]]], [[[-48.5785, -13.1935], [-48.578, -13.1949], [-48.5779, -13.1942], [-48.5785, -13.1935]]], [[[-48.5557, -13.2386], [-48.5556, -13.2384], [-48.5555, -13.2555], [-48.5555, -13.2555], [-48.5557, -13.2386]]], [[[-48.5546, -13.205], [-48.5469, -13.1957], [-48.5308, -13.1926], [-48.5308, -13.1926], [-48.5308, -13.1926], [-48.5308, -13.1926], [-48.5308, -13.1926], [-48.5308, -13.1926], [-48.5308, -13.1926], [-48.5308, -13.1926], [-48.5308, -13.1926], [-48.5469, -13.1957], [-48.5546, -13.205]]], [[[-48.554, -13.3023], [-48.554, -13.3023], [-48.554, -13.3023], [-48.554, -13.3023], [-48.554, -13.3023], [-48.554, -13.3023], [-48.5541, -13.3024], [-48.5541, -13.3024], [-48.5541, -13.3024], [-48.554, -13.3023]]], [[[-48.522, -13.141], [-48.5176, -13.1369], [-48.5177, -13.137], [-48.522, -13.141]]], [[[-48.5092, -13.1293], [-48.5086, -13.1291], [-48.5086, -13.1291], [-48.5086, -13.1291], [-48.5087, -13.1289], [-48.5092, -13.1293]]], [[[-48.4991, -13.1355], [-48.4875, -13.1427], [-48.488, -13.1428], [-48.4991, -13.1355]]], [[[-48.4796, -13.1332], [-48.475, -13.1366], [-48.475, -13.1366], [-48.475, -13.1366], [-48.4759, -13.1346], [-48.4796, -13.1332]]], [[[-48.4757, -13.1911], [-48.4746, -13.187], [-48.4774, -13.1824], [-48.4752, -13.1851], [-48.4746, -13.187], [-48.4746, -13.189], [-48.4757, -13.1911]]], [[[-48.4722, -13.2119], [-48.4731, -13.2031], [-48.4746, -13.2012], [-48.4763, -13.1976], [-48.4768, -13.1975], [-48.4722, -13.2119]]], [[[-48.4736, -13.1748], [-48.4755, -13.1767], [-48.4746, -13.1762], [-48.4736, -13.1748]]], [[[-48.4753, -13.2178], [-48.4753, -13.2178], [-48.4753, -13.2178], [-48.4754, -13.2161], [-48.4754, -13.2161], [-48.4754, -13.2161], [-48.4754, -13.2161], [-48.4754, -13.2161], [-48.4754, -13.2161], [-48.4753, -13.2178]]], [[[-48.475, -13.2332], [-48.47, -13.2391], [-48.4702, -13.2363], [-48.475, -13.2332]]], [[[-48.4729, -13.1409], [-48.4707, -13.1477], [-48.4713, -13.1444], [-48.4729, -13.1409]]], [[[-48.4724, -13.1734], [-48.472, -13.1716], [-48.4722, -13.1691], [-48.472, -13.1704], [-48.472, -13.1716], [-48.4723, -13.1732], [-48.4724, -13.1734]]], [[[-48.4689, -13.161], [-48.4694, -13.1567], [-48.4701, -13.1549], [-48.4701, -13.1549], [-48.4701, -13.1549], [-48.4694, -13.1567], [-48.469, -13.159], [-48.4689, -13.161]]], [[[-48.46, -13.2789], [-48.4587, -13.2812], [-48.4587, -13.2812], [-48.4593, -13.2808], [-48.4593, -13.2808], [-48.4593, -13.2808], [-48.4593, -13.2808], [-48.46, -13.2789]]], [[[-48.4522, -13.2827], [-48.4463, -13.2847], [-48.4463, -13.2847], [-48.4463, -13.2847], [-48.4463, -13.2847], [-48.4463, -13.2847], [-48.4463, -13.2847], [-48.4458, -13.2838], [-48.4503, -13.2827], [-48.4522, -13.2827]]], [[[-48.4454, -13.2863], [-48.4429, -13.2891], [-48.4429, -13.2891], [-48.443, -13.2876], [-48.4454, -13.2863]]], [[[-48.4415, -13.2922], [-48.4415, -13.2922], [-48.4415, -13.2922], [-48.4415, -13.2922], [-48.4418, -13.2923], [-48.4418, -13.2923], [-48.4418, -13.2923], [-48.4418, -13.2923], [-48.4418, -13.2923], [-48.4418, -13.2923], [-48.4418, -13.2923], [-48.4418, -13.2923], [-48.4418, -13.2923], [-48.4415, -13.2922]]], [[[-48.4363, -13.2831], [-48.4371, -13.2837], [-48.4372, -13.2845], [-48.4372, -13.2845], [-48.4372, -13.2845], [-48.4372, -13.2845], [-48.4371, -13.2837], [-48.4364, -13.2831], [-48.4363, -13.2831]]], [[[-48.4178, -13.2745], [-48.4095, -13.268], [-48.4161, -13.2723], [-48.4178, -13.2745], [-48.4323, -13.2749], [-48.4269, -13.2706], [-48.4178, -13.2745]]], [[[-48.3885, -13.2614], [-48.3913, -13.2678], [-48.3962, -13.2679], [-48.3944, -13.2674], [-48.3913, -13.2678], [-48.3907, -13.2626], [-48.3885, -13.2614]]], [[[-48.3873, -13.2633], [-48.3877, -13.2616], [-48.3883, -13.2615], [-48.3883, -13.2615], [-48.3883, -13.2615], [-48.3883, -13.2615], [-48.3883, -13.2615], [-48.3883, -13.2615], [-48.3877, -13.2616], [-48.3874, -13.2631], [-48.3873, -13.2633]]], [[[-48.3864, -13.2649], [-48.3849, -13.2646], [-48.3856, -13.2653], [-48.3856, -13.2653], [-48.3856, -13.2653], [-48.3856, -13.2653], [-48.3856, -13.2653], [-48.3856, -13.2653], [-48.3856, -13.2653], [-48.3864, -13.2649]]], [[[-48.3843, -13.2637], [-48.3835, -13.2623], [-48.384, -13.263], [-48.3843, -13.2637]]], [[[-48.3803, -13.2571], [-48.3788, -13.2552], [-48.3743, -13.2552], [-48.3723, -13.2518], [-48.3738, -13.2534], [-48.3743, -13.2552], [-48.3803, -13.2571]]], [[[-48.3661, -13.2477], [-48.3689, -13.248], [-48.3706, -13.2497], [-48.3702, -13.249], [-48.3689, -13.248], [-48.3675, -13.2477], [-48.3661, -13.2477]]], [[[-48.3642, -13.2453], [-48.3636, -13.2439], [-48.3611, -13.243], [-48.3614, -13.243], [-48.3636, -13.2439], [-48.3642, -13.2459], [-48.3642, -13.2453]]], [[[-48.3597, -13.243], [-48.3504, -13.2418], [-48.3541, -13.2414], [-48.3597, -13.243]]], [[[-48.3391, -13.2461], [-48.3391, -13.2461], [-48.3391, -13.2461], [-48.3391, -13.2461], [-48.3391, -13.2461], [-48.3391, -13.2461], [-48.3391, -13.2461], [-48.3391, -13.2461], [-48.3391, -13.2461], [-48.3395, -13.2467], [-48.3395, -13.2467], [-48.3395, -13.2467], [-48.3395, -13.2467], [-48.3395, -13.2467], [-48.3395, -13.2467], [-48.3395, -13.2467], [-48.3395, -13.2467], [-48.3391, -13.2461]]], [[[-48.3334, -13.2303], [-48.3346, -13.2286], [-48.3372, -13.2295], [-48.3356, -13.2284], [-48.3346, -13.2286], [-48.3339, -13.2298], [-48.3334, -13.2303]]], [[[-48.3173, -13.2335], [-48.3173, -13.2335], [-48.3173, -13.2335], [-48.3173, -13.2335], [-48.3173, -13.2335], [-48.3173, -13.2335], [-48.3173, -13.2334], [-48.3173, -13.2334], [-48.3173, -13.2334], [-48.3173, -13.2335]]], [[[-48.3102, -13.232], [-48.3092, -13.2309], [-48.3092, -13.2309], [-48.3102, -13.2313], [-48.3102, -13.232]]], [[[-48.3089, -13.2279], [-48.3089, -13.2277], [-48.3087, -13.2281], [-48.3087, -13.2281], [-48.3089, -13.2279]]], [[[-48.3087, -13.2269], [-48.3071, -13.226], [-48.3071, -13.226], [-48.3077, -13.226], [-48.3087, -13.2269]]], [[[-48.3083, -13.2299], [-48.3083, -13.23], [-48.3085, -13.2302], [-48.3083, -13.2299]]], [[[-48.2889, -13.2127], [-48.2895, -13.2085], [-48.288, -13.2052], [-48.2889, -13.2127]]], [[[-48.2781, -13.2031], [-48.2792, -13.2056], [-48.279, -13.2066], [-48.2792, -13.2065], [-48.2792, -13.2056], [-48.2782, -13.2026], [-48.2781, -13.2031]]], [[[-48.2729, -13.2045], [-48.2698, -13.2035], [-48.2708, -13.2036], [-48.2729, -13.2045]]], [[[-48.2681, -13.2039], [-48.2681, -13.2039], [-48.2681, -13.2039], [-48.2681, -13.2039], [-48.2681, -13.2039], [-48.2681, -13.2039], [-48.2681, -13.2039], [-48.2681, -13.2039], [-48.2681, -13.2039], [-48.2681, -13.2039], [-48.2681, -13.2039], [-48.2681, -13.2039]]], [[[-48.2508, -13.1969], [-48.2557, -13.1961], [-48.26, -13.1973], [-48.2598, -13.1971], [-48.2557, -13.1961], [-48.2534, -13.1966], [-48.2508, -13.1969]]], [[[-48.2505, -13.1965], [-48.2505, -13.1944], [-48.2503, -13.1959], [-48.2503, -13.1959], [-48.2503, -13.1959], [-48.2503, -13.1959], [-48.2503, -13.1959], [-48.2505, -13.1965]]], [[[-48.2391, -13.1793], [-48.243, -13.1821], [-48.2452, -13.1845], [-48.2446, -13.1836], [-48.243, -13.1821], [-48.2406, -13.1802], [-48.2391, -13.1793]]], [[[-48.2195, -13.1703], [-48.2218, -13.1713], [-48.2221, -13.1719], [-48.2221, -13.1719], [-48.2221, -13.1719], [-48.2221, -13.1719], [-48.2221, -13.1719], [-48.2218, -13.1713], [-48.2202, -13.1704], [-48.2195, -13.1703]]], [[[-48.1964, -13.1635], [-48.1961, -13.1616], [-48.1931, -13.1614], [-48.1964, -13.1635]]], [[[-48.1899, -13.1551], [-48.1889, -13.1541], [-48.1889, -13.1541], [-48.1889, -13.1541], [-48.1889, -13.1541], [-48.1899, -13.1551]]], [[[-48.1721, -13.1503], [-48.1724, -13.1483], [-48.1736, -13.1484], [-48.1737, -13.1485], [-48.1724, -13.1483], [-48.1721, -13.1491], [-48.1721, -13.1503]]], [[[-48.1697, -13.2996], [-48.1697, -13.2996], [-48.1697, -13.2996], [-48.1697, -13.2996], [-48.1697, -13.2996], [-48.1697, -13.2996], [-48.1697, -13.2996], [-48.1697, -13.2996], [-48.1693, -13.2989], [-48.1693, -13.2989], [-48.1693, -13.2989], [-48.1697, -13.2996]]], [[[-48.1685, -13.2429], [-48.1677, -13.2443], [-48.1677, -13.2443], [-48.1685, -13.2433], [-48.1685, -13.2433], [-48.1685, -13.2433], [-48.1685, -13.2433], [-48.1685, -13.2429]]], [[[-48.1663, -13.3027], [-48.1668, -13.3015], [-48.1679, -13.3012], [-48.1674, -13.3014], [-48.1668, -13.3015], [-48.1663, -13.3021], [-48.1663, -13.3027]]], [[[-48.1653, -13.1578], [-48.1653, -13.1578], [-48.1653, -13.1578], [-48.1653, -13.1578], [-48.1653, -13.1578], [-48.1653, -13.1578], [-48.1653, -13.1578], [-48.1653, -13.1578], [-48.1653, -13.1578], [-48.1653, -13.1578], [-48.1653, -13.1578], [-48.1653, -13.1578]]], [[[-48.1571, -13.2501], [-48.1602, -13.2466], [-48.164, -13.2459], [-48.1633, -13.2459], [-48.1602, -13.2466], [-48.1575, -13.2487], [-48.1571, -13.2501]]], [[[-48.1637, -13.1557], [-48.1634, -13.1552], [-48.1634, -13.1552], [-48.1637, -13.1554], [-48.1637, -13.1557]]], [[[-48.1612, -13.3035], [-48.1579, -13.3089], [-48.1579, -13.3089], [-48.1579, -13.3081], [-48.1579, -13.3072], [-48.1612, -13.3035]]], [[[-48.1603, -13.1802], [-48.1553, -13.1765], [-48.1556, -13.1706], [-48.1549, -13.1744], [-48.1553, -13.1765], [-48.1573, -13.1786], [-48.1603, -13.1802]]], [[[-48.1584, -13.2851], [-48.1535, -13.2802], [-48.1543, -13.2733], [-48.1531, -13.2771], [-48.1535, -13.2802], [-48.1562, -13.2834], [-48.1584, -13.2851]]], [[[-48.1537, -13.219], [-48.1537, -13.2153], [-48.1563, -13.2125], [-48.1547, -13.2139], [-48.1537, -13.2153], [-48.1532, -13.2169], [-48.1537, -13.219]]], [[[-48.1562, -13.2529], [-48.1557, -13.2584], [-48.1557, -13.2584], [-48.1555, -13.2575], [-48.1562, -13.2529]]], [[[-48.147, -13.1523], [-48.1492, -13.1527], [-48.1497, -13.1531], [-48.1497, -13.1531], [-48.1497, -13.1531], [-48.1497, -13.1531], [-48.1492, -13.1527], [-48.147, -13.1522], [-48.147, -13.1523]]], [[[-48.1437, -13.1518], [-48.1456, -13.1547], [-48.1456, -13.1547], [-48.1456, -13.1547], [-48.1456, -13.1547], [-48.1456, -13.1547], [-48.1456, -13.1547], [-48.1456, -13.1547], [-48.1452, -13.1544], [-48.1437, -13.1518]]], [[[-48.1414, -13.3038], [-48.1384, -13.3021], [-48.1385, -13.3021], [-48.1396, -13.3026], [-48.1411, -13.3034], [-48.1414, -13.3038]]], [[[-48.1107, -13.2904], [-48.1118, -13.2903], [-48.112, -13.2905], [-48.112, -13.2905], [-48.112, -13.2905], [-48.112, -13.2905], [-48.112, -13.2905], [-48.112, -13.2905], [-48.112, -13.2905], [-48.1118, -13.2903], [-48.111, -13.2903], [-48.1107, -13.2904]]], [[[-48.1066, -13.2879], [-48.1038, -13.2897], [-48.1038, -13.2897], [-48.1038, -13.2897], [-48.1042, -13.2891], [-48.1055, -13.2878], [-48.1066, -13.2879]]], [[[-48.095, -13.2885], [-48.0954, -13.2874], [-48.094, -13.2872], [-48.095, -13.2885]]], [[[-48.0835, -13.2889], [-48.086, -13.2872], [-48.088, -13.2881], [-48.087, -13.2872], [-48.086, -13.2872], [-48.0846, -13.2879], [-48.0835, -13.2889]]], [[[-48.0823, -13.2861], [-48.0828, -13.2874], [-48.0828, -13.2862], [-48.0823, -13.2861]]], [[[-48.0751, -13.2397], [-48.0733, -13.2392], [-48.074, -13.2388], [-48.0751, -13.2397]]], [[[-48.062, -13.2357], [-48.0616, -13.2359], [-48.0616, -13.2359], [-48.0618, -13.2357], [-48.062, -13.2357]]], [[[-48.0551, -13.239], [-48.0538, -13.2424], [-48.0539, -13.2413], [-48.0551, -13.239]]], [[[-48.0516, -13.2559], [-48.0515, -13.2532], [-48.0531, -13.2517], [-48.0519, -13.2523], [-48.0515, -13.2532], [-48.0515, -13.2554], [-48.0516, -13.2559]]], [[[-48.0346, -13.2542], [-48.0415, -13.254], [-48.0433, -13.2551], [-48.0428, -13.2547], [-48.0415, -13.254], [-48.0388, -13.254], [-48.0346, -13.2542]]], [[[-48.0331, -13.2547], [-48.0293, -13.263], [-48.0305, -13.258], [-48.0331, -13.2547]]], [[[-48.0328, -13.2718], [-48.0312, -13.2704], [-48.0328, -13.2679], [-48.0312, -13.2697], [-48.0312, -13.2704], [-48.0321, -13.2713], [-48.0328, -13.2718]]], [[[-48.0287, -13.2729], [-48.0283, -13.2734], [-48.0283, -13.2734], [-48.0284, -13.2731], [-48.0287, -13.2729]]], [[[-48.0249, -13.2733], [-48.0245, -13.2765], [-48.024, -13.2743], [-48.0249, -13.2733]]], [[[-48.0172, -13.2789], [-48.008, -13.2766], [-48.0141, -13.2776], [-48.0152, -13.2782], [-48.0172, -13.2789]]], [[[-47.9791, -13.2914], [-47.9867, -13.2768], [-47.9879, -13.2764], [-47.9892, -13.2766], [-47.9903, -13.2771], [-47.9903, -13.2771], [-47.992, -13.2771], [-47.994, -13.2746], [-47.9974, -13.2755], [-48.0004, -13.2745], [-48.0019, -13.2758], [-47.9791, -13.2914]]], [[[-47.9745, -13.2949], [-47.97, -13.3084], [-47.97, -13.3084], [-47.97, -13.3084], [-47.97, -13.3079], [-47.971, -13.3045], [-47.9699, -13.303], [-47.9699, -13.3026], [-47.9709, -13.3014], [-47.9712, -13.2993], [-47.9729, -13.2956], [-47.9745, -13.2949]]], [[[-47.9517, -13.3096], [-47.9567, -13.3085], [-47.9629, -13.3109], [-47.9647, -13.3138], [-47.9657, -13.3146], [-47.9657, -13.3146], [-47.9657, -13.3146], [-47.9657, -13.3146], [-47.9657, -13.3146], [-47.9657, -13.3146], [-47.9664, -13.3143], [-47.9676, -13.3129], [-47.9657, -13.3146], [-47.9567, -13.3085], [-47.9531, -13.3087], [-47.9517, -13.3096]]], [[[-47.9439, -13.307], [-47.9476, -13.3049], [-47.9462, -13.3048], [-47.9439, -13.307]]], [[[-47.9351, -13.2904], [-47.9429, -13.3012], [-47.9375, -13.2914], [-47.9351, -13.2904]]], [[[-47.9215, -13.2951], [-47.9245, -13.2914], [-47.9275, -13.2933], [-47.9263, -13.2921], [-47.9245, -13.2914], [-47.923, -13.2922], [-47.9215, -13.2951]]], [[[-47.9162, -13.2967], [-47.9148, -13.2971], [-47.9159, -13.2965], [-47.9162, -13.2967]]], [[[-47.9118, -13.298], [-47.9068, -13.2984], [-47.9089, -13.2978], [-47.9102, -13.2981], [-47.9118, -13.298]]], [[[-47.9029, -13.3101], [-47.9015, -13.3116], [-47.9015, -13.3116], [-47.9015, -13.3116], [-47.9017, -13.3116], [-47.9029, -13.3101]]], [[[-47.8952, -13.3084], [-47.891, -13.3101], [-47.8919, -13.3067], [-47.8952, -13.3084]]], [[[-47.8838, -13.3202], [-47.875, -13.3195], [-47.8768, -13.3195], [-47.8807, -13.3193], [-47.8828, -13.32], [-47.8838, -13.3202]]], [[[-47.8481, -13.3161], [-47.8595, -13.3139], [-47.8653, -13.3147], [-47.8665, -13.3155], [-47.8481, -13.3161]]], [[[-47.6792, -13.4674], [-47.8006, -13.3274], [-47.807, -13.3246], [-47.807, -13.3246], [-47.808, -13.3236], [-47.8099, -13.3201], [-47.816, -13.3176], [-47.8191, -13.3131], [-47.821, -13.3119], [-47.8365, -13.3147], [-47.8006, -13.3274], [-47.8008, -13.3337], [-47.6792, -13.4674]]], [[[-47.6677, -13.1661], [-47.6686, -13.1664], [-47.6687, -13.1671], [-47.6687, -13.1671], [-47.6687, -13.1671], [-47.6687, -13.1671], [-47.6687, -13.1671], [-47.6686, -13.1664], [-47.6683, -13.1663], [-47.6677, -13.1661]]], [[[-47.6664, -13.2085], [-47.6647, -13.2079], [-47.6647, -13.2079], [-47.6655, -13.2078], [-47.6664, -13.2085]]], [[[-47.6658, -13.1717], [-47.6657, -13.1726], [-47.6642, -13.1728], [-47.6652, -13.173], [-47.6657, -13.1726], [-47.6657, -13.1722], [-47.6658, -13.1717]]], [[[-47.6642, -13.1956], [-47.6631, -13.1936], [-47.6585, -13.1917], [-47.6603, -13.1917], [-47.6631, -13.1936], [-47.6642, -13.196], [-47.6642, -13.1956]]], [[[-47.6639, -13.2017], [-47.6638, -13.2016], [-47.6639, -13.2018], [-47.6639, -13.2017]]], [[[-47.6605, -13.1601], [-47.6593, -13.1583], [-47.6601, -13.1591], [-47.6605, -13.1601]]], [[[-47.6582, -13.4291], [-47.6592, -13.4294], [-47.6599, -13.4307], [-47.6598, -13.4302], [-47.6592, -13.4294], [-47.6585, -13.4291], [-47.6582, -13.4291]]], [[[-47.6568, -13.1847], [-47.6569, -13.1839], [-47.6567, -13.1836], [-47.6568, -13.1847]]], [[[-47.6554, -13.2758], [-47.6549, -13.2754], [-47.6549, -13.2754], [-47.6549, -13.2754], [-47.6549, -13.2754], [-47.655, -13.2754], [-47.6554, -13.2758]]], [[[-47.6539, -13.1558], [-47.6542, -13.1542], [-47.6527, -13.152], [-47.6539, -13.1558]]], [[[-47.652, -13.1505], [-47.6491, -13.1501], [-47.6511, -13.1494], [-47.652, -13.1505]]], [[[-47.6513, -13.4116], [-47.6476, -13.4063], [-47.651, -13.4109], [-47.6513, -13.4116]]], [[[-47.6484, -13.2416], [-47.6477, -13.242], [-47.6477, -13.2421], [-47.6484, -13.2416]]], [[[-47.6485, -13.1397], [-47.6485, -13.1393], [-47.6485, -13.1393], [-47.6485, -13.1393], [-47.6485, -13.1393], [-47.6485, -13.1397]]], [[[-47.6363, -13.1145], [-47.6428, -13.1169], [-47.6462, -13.1204], [-47.6453, -13.1192], [-47.6428, -13.1169], [-47.6387, -13.1152], [-47.6363, -13.1145]]], [[[-47.6438, -13.2661], [-47.6434, -13.2658], [-47.6435, -13.2659], [-47.6438, -13.2661]]], [[[-47.6413, -13.3614], [-47.6429, -13.3604], [-47.6427, -13.3599], [-47.6427, -13.3599], [-47.6427, -13.3599], [-47.6427, -13.3599], [-47.6427, -13.3599], [-47.6427, -13.3599], [-47.6427, -13.3599], [-47.6429, -13.3604], [-47.642, -13.3612], [-47.6413, -13.3614]]], [[[-47.636, -13.3896], [-47.6372, -13.3891], [-47.6367, -13.3891], [-47.636, -13.3896]]], [[[-47.6343, -13.1035], [-47.634, -13.099], [-47.6248, -13.109], [-47.6295, -13.1079], [-47.634, -13.099], [-47.6342, -13.1051], [-47.6343, -13.1035]]], [[[-47.6272, -13.3673], [-47.6258, -13.3687], [-47.6248, -13.3678], [-47.6251, -13.3681], [-47.6258, -13.3687], [-47.6271, -13.3674], [-47.6272, -13.3673]]], [[[-47.6243, -13.3725], [-47.6252, -13.3736], [-47.625, -13.3729], [-47.6243, -13.3725]]], [[[-47.6196, -13.1059], [-47.6039, -13.1081], [-47.6099, -13.1061], [-47.6148, -13.1035], [-47.6196, -13.1059]]], [[[-47.564, -13.1331], [-47.5662, -13.1177], [-47.5878, -13.1144], [-47.5757, -13.1147], [-47.5662, -13.1177], [-47.5612, -13.1252], [-47.564, -13.1331]]], [[[-47.5682, -13.1513], [-47.5658, -13.1669], [-47.5658, -13.1669], [-47.5655, -13.166], [-47.5655, -13.1561], [-47.5682, -13.1513]]], [[[-47.5413, -13.1923], [-47.5613, -13.184], [-47.5624, -13.182], [-47.5638, -13.1797], [-47.5413, -13.1923]]], [[[-47.5367, -13.1876], [-47.5386, -13.1883], [-47.5394, -13.1904], [-47.539, -13.1889], [-47.5386, -13.1883], [-47.5374, -13.1878], [-47.5367, -13.1876]]], [[[-47.5169, -13.1828], [-47.5084, -13.1898], [-47.5093, -13.1898], [-47.5093, -13.1898], [-47.5093, -13.1898], [-47.5114, -13.1888], [-47.5169, -13.1828], [-47.525, -13.1825], [-47.5217, -13.1819], [-47.5169, -13.1828]]], [[[-47.4983, -13.188], [-47.4983, -13.188], [-47.4995, -13.1884], [-47.4995, -13.1884], [-47.4995, -13.1884], [-47.4983, -13.188]]], [[[-47.484, -13.1849], [-47.4882, -13.1827], [-47.4981, -13.1879], [-47.4914, -13.1835], [-47.4882, -13.1827], [-47.4858, -13.1829], [-47.484, -13.1849]]], [[[-47.4834, -13.2001], [-47.4877, -13.2101], [-47.4877, -13.2099], [-47.4834, -13.2], [-47.4831, -13.1962], [-47.4834, -13.2001]]], [[[-47.486, -13.2199], [-47.4844, -13.2217], [-47.4844, -13.2217], [-47.4854, -13.2207], [-47.4854, -13.2207], [-47.486, -13.2199]]], [[[-47.4775, -13.224], [-47.4609, -13.2266], [-47.4658, -13.227], [-47.4775, -13.224]]], [[[-47.4314, -13.2372], [-47.4405, -13.2224], [-47.4584, -13.2261], [-47.4498, -13.2224], [-47.4405, -13.2224], [-47.4325, -13.2313], [-47.4314, -13.2372]]], [[[-47.4542, -13.2495], [-47.454, -13.2505], [-47.4539, -13.2479], [-47.4542, -13.2495]]], [[[-47.4437, -13.2404], [-47.4486, -13.2416], [-47.4486, -13.2416], [-47.4442, -13.2406], [-47.4437, -13.2404]]], [[[-47.4466, -13.2574], [-47.4391, -13.2634], [-47.4445, -13.2583], [-47.4466, -13.2574]]], [[[-47.436, -13.2392], [-47.4346, -13.239], [-47.4343, -13.2389], [-47.436, -13.2392]]], [[[-47.3986, -13.2615], [-47.3928, -13.262], [-47.3928, -13.262], [-47.3928, -13.262], [-47.3928, -13.262], [-47.3931, -13.2624], [-47.3986, -13.2615], [-47.4014, -13.2623], [-47.415, -13.2692], [-47.4199, -13.2776], [-47.4186, -13.2725], [-47.415, -13.2692], [-47.4063, -13.2651], [-47.4014, -13.2623], [-47.3986, -13.2615]]], [[[-47.3943, -13.2473], [-47.3943, -13.2472], [-47.3943, -13.2472], [-47.3943, -13.2472], [-47.3943, -13.2472], [-47.3943, -13.2473]]], [[[-47.387, -13.24], [-47.3901, -13.2409], [-47.3938, -13.246], [-47.3938, -13.2459], [-47.3901, -13.2409], [-47.3883, -13.2395], [-47.387, -13.24]]], [[[-47.3937, -13.2532], [-47.3938, -13.2515], [-47.3936, -13.2534], [-47.3937, -13.2532]]], [[[-47.3697, -13.2308], [-47.378, -13.2294], [-47.3812, -13.2358], [-47.3797, -13.2306], [-47.378, -13.2294], [-47.374, -13.2281], [-47.3697, -13.2308]]], [[[-47.3604, -13.2405], [-47.3539, -13.2474], [-47.3539, -13.2474], [-47.3539, -13.2474], [-47.3539, -13.2474], [-47.3539, -13.2461], [-47.355, -13.2432], [-47.3589, -13.2411], [-47.3604, -13.2405]]], [[[-47.3488, -13.2483], [-47.3477, -13.2481], [-47.3486, -13.2482], [-47.3488, -13.2483]]], [[[-47.3383, -13.2466], [-47.3393, -13.2464], [-47.3405, -13.2469], [-47.3405, -13.2469], [-47.3405, -13.2469], [-47.3393, -13.2464], [-47.3385, -13.2464], [-47.3383, -13.2466]]], [[[-47.3246, -13.2571], [-47.3285, -13.2512], [-47.3343, -13.2492], [-47.3324, -13.2493], [-47.3285, -13.2512], [-47.3269, -13.2529], [-47.3246, -13.2571]]], [[[-47.3234, -13.2581], [-47.2991, -13.2497], [-47.3049, -13.249], [-47.316, -13.2515], [-47.3217, -13.256], [-47.3234, -13.2581]]], [[[-47.2864, -13.2568], [-47.2865, -13.2558], [-47.289, -13.2564], [-47.2879, -13.2562], [-47.2865, -13.2558], [-47.2863, -13.2562], [-47.2864, -13.2568]]], [[[-47.2764, -13.2521], [-47.2748, -13.2504], [-47.2726, -13.25], [-47.2726, -13.25], [-47.2726, -13.25], [-47.2726, -13.25], [-47.2726, -13.25], [-47.2726, -13.25], [-47.2748, -13.2504], [-47.2762, -13.2524], [-47.2764, -13.2521]]], [[[-47.2683, -13.2426], [-47.2682, -13.2395], [-47.268, -13.2433], [-47.2683, -13.2426]]], [[[-47.2517, -13.2324], [-47.2543, -13.2353], [-47.268, -13.2388], [-47.2648, -13.2357], [-47.2543, -13.2353], [-47.2529, -13.2339], [-47.2517, -13.2324]]], [[[-47.2463, -13.2104], [-47.2514, -13.2192], [-47.2526, -13.2179], [-47.2522, -13.2164], [-47.2518, -13.2121], [-47.2463, -13.2104]]], [[[-47.2433, -13.2092], [-47.2403, -13.2065], [-47.2403, -13.2065], [-47.2403, -13.2065], [-47.2416, -13.2062], [-47.2433, -13.2092]]], [[[-47.2302, -13.1983], [-47.2326, -13.2039], [-47.2361, -13.2062], [-47.2337, -13.205], [-47.2326, -13.2039], [-47.2329, -13.1997], [-47.2302, -13.1983]]], [[[-47.2303, -13.197], [-47.2305, -13.1947], [-47.2261, -13.1939], [-47.229, -13.194], [-47.2305, -13.1947], [-47.2301, -13.198], [-47.2303, -13.197]]], [[[-47.1826, -13.1885], [-47.1827, -13.1868], [-47.186, -13.1886], [-47.1854, -13.188], [-47.1827, -13.1868], [-47.1826, -13.1881], [-47.1826, -13.1885]]], [[[-47.1831, -13.2053], [-47.1831, -13.2053], [-47.1842, -13.2046], [-47.1842, -13.2046], [-47.1842, -13.2046], [-47.1842, -13.2046], [-47.1842, -13.2046], [-47.1842, -13.2046], [-47.1842, -13.2046], [-47.1842, -13.2046], [-47.1842, -13.2046], [-47.1831, -13.2053]]], [[[-47.1758, -13.1958], [-47.1799, -13.2011], [-47.1773, -13.199], [-47.1758, -13.1958]]], [[[-47.1758, -13.1947], [-47.1768, -13.1932], [-47.1776, -13.193], [-47.1774, -13.1931], [-47.1768, -13.1932], [-47.176, -13.1943], [-47.1758, -13.1947]]], [[[-47.1739, -13.2067], [-47.1735, -13.2068], [-47.1735, -13.2068], [-47.1735, -13.2068], [-47.1735, -13.2068], [-47.1737, -13.2065], [-47.1739, -13.2067]]], [[[-47.1676, -13.2112], [-47.1676, -13.2112], [-47.1676, -13.2112], [-47.1676, -13.2112], [-47.1676, -13.2112], [-47.1676, -13.2112], [-47.1689, -13.2108], [-47.1689, -13.2108], [-47.1689, -13.2108], [-47.1689, -13.2108], [-47.1689, -13.2108], [-47.1689, -13.2108], [-47.1689, -13.2108], [-47.1676, -13.2112]]], [[[-47.165, -13.2086], [-47.1638, -13.2075], [-47.1638, -13.2075], [-47.1638, -13.2075], [-47.1645, -13.2077], [-47.165, -13.2086]]], [[[-47.163, -13.2064], [-47.1573, -13.206], [-47.1618, -13.2054], [-47.163, -13.2064]]], [[[-47.1397, -13.2047], [-47.1462, -13.2048], [-47.15, -13.2073], [-47.1482, -13.2056], [-47.1462, -13.2048], [-47.1432, -13.2046], [-47.1397, -13.2047]]], [[[-47.1391, -13.1886], [-47.1414, -13.1872], [-47.1343, -13.1805], [-47.1365, -13.1813], [-47.1414, -13.1872], [-47.1411, -13.1879], [-47.1391, -13.1886]]], [[[-47.1291, -13.1775], [-47.1326, -13.1782], [-47.1337, -13.1798], [-47.1334, -13.1793], [-47.1326, -13.1782], [-47.1315, -13.1779], [-47.1291, -13.1775]]], [[[-47.1078, -13.1754], [-47.1073, -13.1737], [-47.1085, -13.1726], [-47.1079, -13.1728], [-47.1073, -13.1737], [-47.1071, -13.1747], [-47.1078, -13.1754]]], [[[-47.1054, -13.1812], [-47.1054, -13.1812], [-47.1054, -13.1812], [-47.1054, -13.1812], [-47.1054, -13.1812], [-47.1062, -13.1815], [-47.1062, -13.1815], [-47.1062, -13.1815], [-47.1062, -13.1815], [-47.1062, -13.1815], [-47.1062, -13.1815], [-47.1062, -13.1815], [-47.1062, -13.1815], [-47.1062, -13.1815], [-47.1062, -13.1815], [-47.1054, -13.1812]]], [[[-47.1043, -13.1784], [-47.1046, -13.1752], [-47.1047, -13.1764], [-47.1043, -13.1784]]], [[[-47.091, -13.1743], [-47.0968, -13.1713], [-47.0954, -13.1728], [-47.091, -13.1743]]], [[[-47.0881, -13.1817], [-47.0852, -13.1784], [-47.0872, -13.1812], [-47.0872, -13.1812], [-47.0872, -13.1812], [-47.0872, -13.1812], [-47.0872, -13.1812], [-47.0881, -13.1817]]], [[[-47.0854, -13.1717], [-47.0851, -13.1712], [-47.0837, -13.1735], [-47.0837, -13.1735], [-47.0854, -13.1717]]], [[[-47.0846, -13.1705], [-47.0823, -13.1684], [-47.0823, -13.1684], [-47.0835, -13.1689], [-47.0846, -13.1705]]], [[[-47.0811, -13.1622], [-47.0811, -13.1622], [-47.0811, -13.1622], [-47.0811, -13.1622], [-47.0811, -13.1622], [-47.0811, -13.1622], [-47.0811, -13.1622], [-47.0811, -13.1622], [-47.0811, -13.1622], [-47.0811, -13.1622], [-47.0811, -13.1622], [-47.0811, -13.1622], [-47.0811, -13.1622], [-47.0811, -13.1622], [-47.0811, -13.1622]]], [[[-47.0809, -13.162], [-47.0798, -13.1614], [-47.0798, -13.1614], [-47.0798, -13.1614], [-47.0803, -13.1614], [-47.0809, -13.162]]], [[[-47.0692, -13.1556], [-47.0694, -13.1558], [-47.0695, -13.1558], [-47.0692, -13.1556]]], [[[-47.0689, -13.1558], [-47.0663, -13.1579], [-47.0672, -13.1567], [-47.0689, -13.1558]]], [[[-47.0588, -13.1599], [-47.06, -13.16], [-47.0618, -13.1615], [-47.0607, -13.1608], [-47.06, -13.16], [-47.0589, -13.1599], [-47.0588, -13.1599]]], [[[-47.053, -13.1561], [-47.0523, -13.1556], [-47.0526, -13.1555], [-47.053, -13.1561]]], [[[-47.0428, -13.1494], [-47.0421, -13.1489], [-47.0421, -13.1489], [-47.0426, -13.149], [-47.0428, -13.1494]]], [[[-47.0351, -13.1479], [-47.0361, -13.1468], [-47.0371, -13.1481], [-47.0369, -13.1475], [-47.0361, -13.1468], [-47.0355, -13.1474], [-47.0351, -13.1479]]], [[[-47.0224, -13.1434], [-47.0236, -13.1416], [-47.0258, -13.1431], [-47.0283, -13.144], [-47.0288, -13.145], [-47.0224, -13.1434]]], [[[-47.0206, -13.1453], [-47.0071, -13.1339], [-47.0071, -13.1353], [-47.009, -13.1384], [-47.0101, -13.1396], [-47.0101, -13.1396], [-47.0122, -13.1415], [-47.016, -13.1422], [-47.0192, -13.1455], [-47.0206, -13.1453]]], [[[-47.0003, -13.1222], [-47.0015, -13.1218], [-47.0045, -13.1246], [-47.0037, -13.1235], [-47.0015, -13.1218], [-47.0004, -13.122], [-47.0003, -13.1222]]], [[[-46.9792, -13.1302], [-46.9846, -13.1295], [-46.9883, -13.1274], [-46.9875, -13.1283], [-46.9846, -13.1295], [-46.981, -13.1306], [-46.9792, -13.1302]]], [[[-46.9875, -13.1228], [-46.9879, -13.1254], [-46.9879, -13.1254], [-46.9866, -13.1237], [-46.9875, -13.1228]]], [[[-46.979, -13.1246], [-46.9792, -13.1217], [-46.9761, -13.1202], [-46.979, -13.1246]]], [[[-46.9705, -13.1167], [-46.9689, -13.1146], [-46.9647, -13.113], [-46.9705, -13.1167]]], [[[-46.9619, -13.112], [-46.9619, -13.112], [-46.9633, -13.1125], [-46.9633, -13.1125], [-46.9633, -13.1125], [-46.9619, -13.112]]], [[[-46.9519, -13.1062], [-46.9494, -13.104], [-46.9494, -13.104], [-46.9494, -13.104], [-46.9494, -13.104], [-46.9494, -13.104], [-46.9496, -13.104], [-46.9519, -13.1062]]], [[[-46.9318, -13.0942], [-46.946, -13.0985], [-46.9356, -13.0936], [-46.9318, -13.0942]]], [[[-46.9298, -13.0844], [-46.9296, -13.0829], [-46.9257, -13.0808], [-46.9278, -13.0814], [-46.9296, -13.0829], [-46.9293, -13.085], [-46.9298, -13.0844]]], [[[-46.9225, -13.0783], [-46.9215, -13.0775], [-46.9221, -13.0778], [-46.9225, -13.0783]]], [[[-46.8877, -13.0514], [-46.9031, -13.0676], [-46.9101, -13.0693], [-46.9081, -13.0682], [-46.9031, -13.0676], [-46.8926, -13.0527], [-46.8877, -13.0514]]], [[[-46.88, -13.0574], [-46.8791, -13.0596], [-46.8791, -13.0596], [-46.8791, -13.0596], [-46.8791, -13.0596], [-46.8791, -13.0596], [-46.8797, -13.0587], [-46.8797, -13.0587], [-46.88, -13.0574]]], [[[-46.8792, -13.0501], [-46.8796, -13.054], [-46.8796, -13.054], [-46.8796, -13.054], [-46.8787, -13.0531], [-46.8792, -13.0501]]], [[[-46.8733, -13.0604], [-46.8717, -13.0606], [-46.8717, -13.0606], [-46.8717, -13.0606], [-46.8717, -13.0606], [-46.8717, -13.0606], [-46.872, -13.06], [-46.8733, -13.0604]]], [[[-46.8643, -13.0682], [-46.8682, -13.0683], [-46.8682, -13.0683], [-46.8682, -13.0683], [-46.8682, -13.0683], [-46.869, -13.0679], [-46.8643, -13.0682]]], [[[-46.863, -13.0681], [-46.855, -13.0669], [-46.855, -13.0669], [-46.855, -13.0669], [-46.855, -13.0669], [-46.855, -13.0669], [-46.8556, -13.0674], [-46.863, -13.0681]]], [[[-46.8551, -13.0641], [-46.8559, -13.0593], [-46.8552, -13.059], [-46.8552, -13.059], [-46.8552, -13.059], [-46.8552, -13.059], [-46.8552, -13.059], [-46.8552, -13.059], [-46.8552, -13.059], [-46.8552, -13.059], [-46.8559, -13.0593], [-46.855, -13.0645], [-46.8551, -13.0641]]], [[[-46.847, -13.053], [-46.8487, -13.0512], [-46.8528, -13.0541], [-46.8497, -13.0514], [-46.8487, -13.0512], [-46.8479, -13.0526], [-46.847, -13.053]]], [[[-46.8467, -13.0525], [-46.8456, -13.0496], [-46.8456, -13.0496], [-46.8456, -13.0496], [-46.8456, -13.0496], [-46.8456, -13.0496], [-46.8463, -13.0509], [-46.8467, -13.0525]]], [[[-46.8368, -13.0337], [-46.8407, -13.0341], [-46.8427, -13.0382], [-46.8425, -13.0368], [-46.8407, -13.0341], [-46.839, -13.0336], [-46.8368, -13.0337]]], [[[-46.8332, -13.027], [-46.8296, -13.0201], [-46.8296, -13.0201], [-46.8323, -13.0228], [-46.8332, -13.027]]], [[[-46.8267, -13.0164], [-46.8229, -13.0153], [-46.8258, -13.0158], [-46.8267, -13.0164]]], [[[-46.8226, -13.007], [-46.8222, -13.0064], [-46.8222, -13.0064], [-46.8225, -13.0066], [-46.8226, -13.007]]], [[[-46.8226, -13.0152], [-46.8199, -13.0135], [-46.8199, -13.0135], [-46.8199, -13.0135], [-46.8199, -13.0135], [-46.8199, -13.0135], [-46.8199, -13.0135], [-46.8206, -13.0146], [-46.8225, -13.0152], [-46.8226, -13.0152]]], [[[-46.8199, -13.0027], [-46.8194, -13.0018], [-46.8179, -13.0019], [-46.8179, -13.0019], [-46.8179, -13.0019], [-46.8179, -13.0019], [-46.8179, -13.0019], [-46.8194, -13.0018], [-46.8199, -13.0028], [-46.8199, -13.0027]]], [[[-46.6955, -12.9696], [-46.7506, -12.9692], [-46.7749, -12.9811], [-46.775, -12.9812], [-46.6955, -12.9696]]], [[[-46.4173, -12.8241], [-46.4146, -12.8247], [-46.4171, -12.8228], [-46.4173, -12.8241]]], [[[-46.4123, -12.8281], [-46.4104, -12.8293], [-46.4101, -12.828], [-46.4109, -12.8276], [-46.4123, -12.8281]]], [[[-46.4117, -12.8331], [-46.4102, -12.8399], [-46.4102, -12.8389], [-46.4117, -12.8331]]], [[[-46.4074, -12.838], [-46.4062, -12.8412], [-46.4057, -12.8404], [-46.4074, -12.838]]], [[[-46.4011, -12.8469], [-46.4029, -12.8453], [-46.4055, -12.8463], [-46.4039, -12.8453], [-46.4029, -12.8453], [-46.4019, -12.8458], [-46.4011, -12.8469]]], [[[-46.3817, -12.8495], [-46.3827, -12.8491], [-46.3833, -12.8493], [-46.3833, -12.8493], [-46.3833, -12.8493], [-46.3833, -12.8493], [-46.3827, -12.8491], [-46.3818, -12.8495], [-46.3817, -12.8495]]], [[[-46.3716, -12.9453], [-46.3758, -12.9627], [-46.3721, -12.9622], [-46.3707, -12.9589], [-46.369, -12.9515], [-46.3706, -12.9492], [-46.3716, -12.9453]]], [[[-46.374, -12.8534], [-46.3734, -12.8519], [-46.3749, -12.85], [-46.3756, -12.8511], [-46.3734, -12.8519], [-46.3739, -12.853], [-46.374, -12.8534]]], [[[-46.3742, -12.9662], [-46.372, -12.9686], [-46.372, -12.9686], [-46.372, -12.9686], [-46.372, -12.9686], [-46.372, -12.9686], [-46.372, -12.9686], [-46.372, -12.9686], [-46.372, -12.9686], [-46.372, -12.9686], [-46.3706, -12.9676], [-46.3718, -12.9673], [-46.3742, -12.9662]]], [[[-46.3707, -12.9789], [-46.3716, -12.9811], [-46.3706, -12.984], [-46.3726, -12.9854], [-46.3726, -12.9839], [-46.3706, -12.984], [-46.3707, -12.9789]]], [[[-46.3701, -12.9772], [-46.3691, -12.9758], [-46.3691, -12.9751], [-46.3691, -12.9747], [-46.3701, -12.9772]]], [[[-46.3676, -12.9731], [-46.3688, -12.972], [-46.3674, -12.9724], [-46.3676, -12.9731]]], [[[-46.3678, -12.9407], [-46.3658, -12.9402], [-46.3666, -12.9382], [-46.3658, -12.9392], [-46.3658, -12.9402], [-46.3666, -12.9408], [-46.3678, -12.9407]]], [[[-46.3674, -12.8632], [-46.3658, -12.8702], [-46.366, -12.8684], [-46.3652, -12.8642], [-46.3674, -12.8632]]], [[[-46.3671, -12.8787], [-46.3647, -12.8856], [-46.3634, -12.8821], [-46.3642, -12.881], [-46.3649, -12.881], [-46.3671, -12.8787]]], [[[-46.3629, -12.8891], [-46.3605, -12.8905], [-46.3646, -12.9008], [-46.3675, -12.9019], [-46.3669, -12.9038], [-46.3675, -12.903], [-46.3675, -12.9019], [-46.3605, -12.8905], [-46.3654, -12.8891], [-46.3629, -12.8891]]], [[[-46.3621, -12.9078], [-46.3645, -12.905], [-46.3663, -12.9043], [-46.3656, -12.9045], [-46.3645, -12.905], [-46.3636, -12.9058], [-46.3621, -12.9078]]], [[[-46.3537, -12.9887], [-46.3565, -12.989], [-46.3565, -12.989], [-46.3565, -12.989], [-46.3565, -12.989], [-46.3577, -12.9884], [-46.3589, -12.9887], [-46.3601, -12.989], [-46.3601, -12.989], [-46.3601, -12.989], [-46.3601, -12.989], [-46.3601, -12.989], [-46.3613, -12.9885], [-46.3624, -12.9887], [-46.3643, -12.9908], [-46.3662, -12.9901], [-46.3657, -12.9903], [-46.3643, -12.9908], [-46.3613, -12.9885], [-46.3601, -12.989], [-46.3589, -12.9887], [-46.3577, -12.9884], [-46.3537, -12.9887]]], [[[-46.3661, -12.9361], [-46.3632, -12.9289], [-46.3653, -12.9257], [-46.3638, -12.9265], [-46.3632, -12.9289], [-46.3648, -12.935], [-46.3661, -12.9361]]], [[[-46.3652, -12.9239], [-46.3629, -12.923], [-46.3643, -12.9211], [-46.3633, -12.922], [-46.3629, -12.923], [-46.3632, -12.9238], [-46.3652, -12.9239]]], [[[-46.3612, -12.9107], [-46.3598, -12.9086], [-46.362, -12.9079], [-46.3602, -12.908], [-46.3598, -12.9086], [-46.3601, -12.9096], [-46.3612, -12.9107]]], [[[-46.3531, -12.9885], [-46.3521, -12.9883], [-46.3526, -12.9883], [-46.3531, -12.9885]]], [[[-46.3515, -12.9881], [-46.3484, -12.987], [-46.3501, -12.9866], [-46.351, -12.9868], [-46.3515, -12.9881]]], [[[-46.3356, -12.9835], [-46.3388, -12.983], [-46.3402, -12.984], [-46.3402, -12.984], [-46.3402, -12.984], [-46.3402, -12.984], [-46.3402, -12.984], [-46.3416, -12.984], [-46.3439, -12.9852], [-46.3456, -12.9854], [-46.3468, -12.9869], [-46.3356, -12.9835]]], [[[-46.3251, -12.9813], [-46.3238, -12.9811], [-46.3241, -12.9811], [-46.3251, -12.9813]]], [[[-46.3201, -12.9802], [-46.3207, -12.98], [-46.3216, -12.9805], [-46.3208, -12.98], [-46.3201, -12.9802]]], [[[-46.2799, -12.9697], [-46.2783, -12.9701], [-46.2783, -12.9701], [-46.2783, -12.9701], [-46.2793, -12.9697], [-46.2799, -12.9697]]], [[[-46.2655, -12.9671], [-46.2621, -12.9662], [-46.2621, -12.9662], [-46.2621, -12.9662], [-46.2631, -12.9659], [-46.2655, -12.9671]]], [[[-46.2604, -12.9658], [-46.259, -12.9655], [-46.2599, -12.9656], [-46.2604, -12.9658]]], [[[-46.2425, -12.9612], [-46.2408, -12.9611], [-46.2408, -12.9611], [-46.2408, -12.9611], [-46.2408, -12.9611], [-46.2408, -12.9611], [-46.2409, -12.9611], [-46.2422, -12.9611], [-46.2425, -12.9612]]], [[[-46.178, -12.9407], [-46.1777, -12.9404], [-46.1777, -12.9404], [-46.1777, -12.9404], [-46.1779, -12.9405], [-46.178, -12.9407]]], [[[-46.1697, -12.9373], [-46.1656, -12.9359], [-46.1669, -12.9362], [-46.1697, -12.9373]]], [[[-46.1623, -12.9347], [-46.1623, -12.9347], [-46.163, -12.9348], [-46.1638, -12.9352], [-46.1639, -12.9352], [-46.163, -12.9348], [-46.1623, -12.9347]]], [[[-46.1614, -12.9345], [-46.1562, -12.9358], [-46.1562, -12.9358], [-46.1562, -12.9358], [-46.1562, -12.9358], [-46.1562, -12.9358], [-46.1567, -12.9347], [-46.1614, -12.9345]]]]}}, {"type": "Feature", "properties": {"sigla": "MA", "nome": "Maranh\u00e3o"}, "geometry": {"type": "MultiPolygon", "coordinates": [[[[-46.0918, -1.1657], [-46.0175, -1.0811], [-46.0029, -1.0845], [-45.9952, -1.0524], [-45.9709, -1.0521], [-45.9815, -1.114], [-45.9613, -1.1086], [-45.9567, -1.1936], [-45.9454, -1.1986], [-45.8784, -1.0577], [-45.8585, -1.0507], [-45.8443, -1.0723], [-45.8493, -1.1005], [-45.8931, -1.1466], [-45.8702, -1.1539], [-45.8836, -1.1743], [-45.8671, -1.1717], [-45.8724, -1.2026], [-45.8614, -1.2157], [-45.8251, -1.2019], [-45.8286, -1.1772], [-45.7999, -1.1618], [-45.8135, -1.203], [-45.8036, -1.2249], [-45.8184, -1.2485], [-45.8001, -1.2558], [-45.7947, -1.252], [-45.7754, -1.2186], [-45.7737, -1.1977], [-45.7665, -1.1981], [-45.7495, -1.1723], [-45.7421, -1.1411], [-45.7191, -1.1303], [-45.7322, -1.112], [-45.7207, -1.1093], [-45.6906, -1.148], [-45.7349, -1.2058], [-45.7039, -1.2758], [-45.712, -1.3023], [-45.7025, -1.3354], [-45.6865, -1.3476], [-45.7123, -1.3587], [-45.7094, -1.3948], [-45.6982, -1.3711], [-45.6538, -1.3765], [-45.6392, -1.373], [-45.6223, -1.338], [-45.6223, -1.2815], [-45.5932, -1.2664], [-45.5842, -1.2779], [-45.6018, -1.3045], [-45.6002, -1.3381], [-45.5726, -1.2866], [-45.5627, -1.3314], [-45.5423, -1.3381], [-45.5175, -1.3011], [-45.5139, -1.3076], [-45.5269, -1.3403], [-45.5283, -1.3636], [-45.5073, -1.3948], [-45.4886, -1.3771], [-45.4713, -1.3511], [-45.4766, -1.3242], [-45.4503, -1.314], [-45.4618, -1.3013], [-45.4163, -1.2953], [-45.418, -1.3463], [-45.4741, -1.3728], [-45.4951, -1.4818], [-45.4677, -1.4805], [-45.4374, -1.4284], [-45.4244, -1.4179], [-45.416, -1.4357], [-45.3706, -1.3949], [-45.3695, -1.3907], [-45.3781, -1.3683], [-45.3545, -1.3368], [-45.3635, -1.3187], [-45.3256, -1.3214], [-45.3046, -1.3394], [-45.3136, -1.3799], [-45.3008, -1.437], [-45.3777, -1.4625], [-45.3947, -1.4883], [-45.3574, -1.4707], [-45.316, -1.4862], [-45.3092, -1.51], [-45.331, -1.5634], [-45.2541, -1.5914], [-45.1955, -1.4867], [-45.17, -1.4914], [-45.1527, -1.4693], [-45.1032, -1.4728], [-45.0941, -1.4547], [-45.0683, -1.4839], [-45.0081, -1.4843], [-45.0012, -1.4998], [-44.9608, -1.5131], [-44.9536, -1.5056], [-44.9625, -1.4877], [-44.9367, -1.4861], [-44.8876, -1.4414], [-44.8857, -1.419], [-44.8619, -1.4096], [-44.8289, -1.4334], [-44.8431, -1.4862], [-44.8699, -1.4839], [-44.8954, -1.531], [-44.9176, -1.5373], [-44.9093, -1.6018], [-44.8716, -1.6009], [-44.8552, -1.6155], [-44.8343, -1.5718], [-44.8036, -1.5835], [-44.7805, -1.5786], [-44.7676, -1.5704], [-44.7597, -1.5922], [-44.7084, -1.5499], [-44.6548, -1.5898], [-44.639, -1.6178], [-44.6585, -1.6584], [-44.6869, -1.6398], [-44.7375, -1.6491], [-44.7625, -1.6737], [-44.7615, -1.7082], [-44.7086, -1.716], [-44.6938, -1.7701], [-44.6688, -1.7671], [-44.6473, -1.7409], [-44.6534, -1.7189], [-44.6019, -1.7403], [-44.6034, -1.7653], [-44.5776, -1.7748], [-44.607, -1.7929], [-44.6085, -1.8266], [-44.59, -1.7937], [-44.5632, -1.8024], [-44.5614, -1.8476], [-44.5452, -1.818], [-44.5346, -1.823], [-44.5464, -1.8685], [-44.5559, -1.8703], [-44.5744, -1.8816], [-44.5773, -1.889], [-44.5623, -1.8969], [-44.5183, -1.8798], [-44.4812, -1.9874], [-44.5085, -2.0075], [-44.4857, -2.0445], [-44.5521, -2.0876], [-44.5944, -2.1802], [-44.6383, -2.2314], [-44.6864, -2.2576], [-44.6826, -2.2722], [-44.6381, -2.3003], [-44.6243, -2.2605], [-44.5461, -2.1922], [-44.5337, -2.1608], [-44.4638, -2.1442], [-44.3993, -2.2129], [-44.3579, -2.3377], [-44.38, -2.3564], [-44.3726, -2.38], [-44.3884, -2.4086], [-44.4772, -2.4117], [-44.5104, -2.4383], [-44.5054, -2.4714], [-44.5421, -2.5419], [-44.5573, -2.6035], [-44.6275, -2.7038], [-44.652, -2.8085], [-44.6359, -2.8619], [-44.681, -2.9188], [-44.6776, -2.9963], [-44.6616, -3.0153], [-44.5661, -3.0441], [-44.5233, -3.0437], [-44.4459, -2.9776], [-44.4081, -2.9015], [-44.4106, -2.7894], [-44.387, -2.7501], [-44.3805, -2.6675], [-44.3598, -2.6275], [-44.362, -2.5813], [-44.3771, -2.5663], [-44.3045, -2.4863], [-44.1768, -2.4589], [-44.1196, -2.4091], [-44.0812, -2.425], [-44.0801, -2.4133], [-44.0854, -2.4096], [-44.0961, -2.4071], [-44.0263, -2.4007], [-44.0253, -2.4511], [-44.0401, -2.4488], [-44.0439, -2.4372], [-44.0511, -2.4301], [-44.0536, -2.4299], [-44.0444, -2.4392], [-44.0445, -2.4445], [-44.0731, -2.4385], [-44.0673, -2.4505], [-44.0946, -2.4535], [-44.1238, -2.4755], [-44.0564, -2.4606], [-44.0771, -2.4667], [-44.062, -2.4689], [-44.0627, -2.4917], [-44.0538, -2.4675], [-44.024, -2.5072], [-44.0361, -2.5561], [-44.0921, -2.5719], [-44.1369, -2.6814], [-44.2696, -2.7389], [-44.3081, -2.7684], [-44.3082, -2.7759], [-44.2964, -2.7846], [-44.1226, -2.759], [-44.0601, -2.7195], [-44.001, -2.6372], [-44.0004, -6.7504], [-44.0639, -6.7601], [-44.0802, -6.8131], [-44.1245, -6.7952], [-44.1135, -6.8349], [-44.1356, -6.8273], [-44.1842, -6.881], [-44.1865, -6.9197], [-44.2096, -6.9218], [-44.2184, -6.9583], [-44.2464, -6.9905], [-44.2725, -6.9905], [-44.2865, -7.0662], [-44.3163, -7.1091], [-44.395, -7.1124], [-44.5104, -7.1754], [-44.5401, -7.2137], [-44.5739, -7.219], [-44.6271, -7.2993], [-44.6745, -7.3249], [-44.6993, -7.386], [-44.7332, -7.3849], [-44.7523, -7.353], [-44.7909, -7.3705], [-44.8266, -7.3532], [-44.8802, -7.4149], [-44.9113, -7.4173], [-44.9344, -7.4619], [-44.9982, -7.4728], [-45.0567, -7.5031], [-45.0954, -7.4931], [-45.1463, -7.5128], [-45.1659, -7.5035], [-45.2251, -7.5565], [-45.242, -7.54], [-45.2729, -7.5625], [-45.3445, -7.5689], [-45.382, -7.6096], [-45.4044, -7.6044], [-45.4093, -7.632], [-45.4458, -7.6689], [-45.4664, -7.6616], [-45.4604, -7.6788], [-45.4793, -7.6811], [-45.4936, -7.7431], [-45.5063, -7.7392], [-45.4993, -7.7767], [-45.5483, -7.8526], [-45.533, -7.8776], [-45.5526, -7.8893], [-45.5345, -7.9032], [-45.5536, -7.9112], [-45.5562, -7.9543], [-45.5774, -7.9869], [-45.5592, -8.0043], [-45.5868, -8.0193], [-45.563, -8.0453], [-45.5866, -8.0961], [-45.5837, -8.1562], [-45.614, -8.188], [-45.6117, -8.2074], [-45.6647, -8.252], [-45.6914, -8.3573], [-45.7335, -8.413], [-45.7393, -8.5022], [-45.7624, -8.5626], [-45.7952, -8.5854], [-45.7673, -8.6104], [-45.7984, -8.6136], [-45.8164, -8.6332], [-45.8403, -8.7157], [-45.864, -8.716], [-45.8912, -8.7604], [-45.9371, -8.7807], [-45.9611, -8.8199], [-45.9465, -8.8422], [-45.9723, -8.8629], [-45.9952, -8.927], [-45.9455, -9.0156], [-45.9255, -9.0938], [-45.9305, -9.1437], [-45.9017, -9.1905], [-45.9108, -9.3082], [-45.8972, -9.3582], [-45.829, -9.3936], [-45.7926, -9.4783], [-45.8301, -9.5084], [-45.8529, -9.5545], [-45.8317, -9.617], [-45.8488, -9.689], [-45.8337, -9.7691], [-45.8774, -9.8619], [-45.8585, -9.9197], [-45.9016, -10.1185], [-45.9652, -10.2068], [-45.9469, -10.2583], [-45.9892, -10.2493], [-46.0029, -10.2618], [-46.0312, -10.1761], [-46.0997, -10.2129], [-46.1633, -10.2136], [-46.2108, -10.1697], [-46.3275, -10.1837], [-46.3701, -10.1663], [-46.3839, -10.1202], [-46.4206, -10.0809], [-46.4451, -10.0774], [-46.4565, -10.0499], [-46.4775, -9.9883], [-46.4728, -9.8775], [-46.4916, -9.8701], [-46.4803, -9.8553], [-46.5094, -9.8014], [-46.577, -9.8052], [-46.575, -9.7586], [-46.6322, -9.7489], [-46.6474, -9.7304], [-46.6533, -9.6935], [-46.613, -9.6658], [-46.5923, -9.5872], [-46.5367, -9.5571], [-46.5745, -9.5207], [-46.5696, -9.4792], [-46.6446, -9.4518], [-46.6479, -9.4272], [-46.6327, -9.4116], [-46.6659, -9.3919], [-46.7633, -9.409], [-46.7586, -9.3812], [-46.811, -9.3068], [-46.8451, -9.2998], [-46.8189, -9.2601], [-46.8227, -9.1991], [-46.8507, -9.1919], [-46.8524, -9.1545], [-46.8916, -9.1405], [-46.8899, -9.1244], [-46.9318, -9.1281], [-46.9315, -9.0859], [-46.9121, -9.0827], [-46.9216, -9.0668], [-47.0073, -9.0822], [-47.0102, -9.0703], [-47.0705, -9.062], [-47.0434, -9.0266], [-47.0674, -9.0104], [-47.044, -9.0069], [-46.9668, -8.9112], [-46.9886, -8.8792], [-46.9988, -8.9048], [-47.0013, -8.8797], [-46.9096, -8.8452], [-46.92, -8.8404], [-46.9015, -8.7706], [-46.9324, -8.7476], [-46.9318, -8.7241], [-46.8835, -8.6833], [-46.9137, -8.65], [-46.9174, -8.6109], [-46.9018, -8.6172], [-46.9086, -8.5902], [-46.8463, -8.5349], [-46.845, -8.4917], [-46.8837, -8.4388], [-46.9141, -8.4243], [-46.8891, -8.4302], [-46.8674, -8.4045], [-46.879, -8.4415], [-46.8472, -8.4717], [-46.8275, -8.4613], [-46.8303, -8.4458], [-46.8169, -8.4685], [-46.8003, -8.4332], [-46.8277, -8.403], [-46.7964, -8.4168], [-46.8093, -8.3933], [-46.8022, -8.3849], [-46.7885, -8.4004], [-46.7767, -8.3643], [-46.728, -8.3839], [-46.7038, -8.3499], [-46.6442, -8.3238], [-46.5446, -8.3199], [-46.5071, -8.2702], [-46.5097, -8.2431], [-46.4886, -8.2066], [-46.5157, -8.1692], [-46.4868, -8.0968], [-46.4658, -8.08], [-46.4764, -8.0141], [-46.5018, -7.9743], [-46.5505, -7.9488], [-46.5636, -7.9199], [-46.6172, -7.8965], [-46.7564, -7.9236], [-46.7855, -7.9532], [-46.831, -7.9644], [-46.8671, -7.9693], [-46.8729, -7.9554], [-46.8972, -7.9867], [-46.9182, -7.9818], [-46.9534, -8.0061], [-46.9635, -8.0402], [-46.9898, -8.0479], [-46.9964, -8.0659], [-47.0453, -8.053], [-47.0622, -8.0042], [-47.1074, -7.9907], [-47.1085, -7.9369], [-47.1435, -7.9245], [-47.1432, -7.8956], [-47.1762, -7.8722], [-47.1756, -7.8564], [-47.2455, -7.8166], [-47.2472, -7.7582], [-47.2666, -7.7614], [-47.2611, -7.7424], [-47.2742, -7.7461], [-47.2753, -7.7311], [-47.3143, -7.7314], [-47.3175, -7.7034], [-47.3034, -7.6903], [-47.3318, -7.6864], [-47.3389, -7.6678], [-47.3154, -7.6607], [-47.3576, -7.6171], [-47.3744, -7.6241], [-47.354, -7.6495], [-47.3818, -7.6557], [-47.399, -7.57], [-47.4399, -7.5573], [-47.4241, -7.5311], [-47.4618, -7.5194], [-47.4744, -7.5353], [-47.5017, -7.4402], [-47.5279, -7.4345], [-47.5625, -7.4517], [-47.5907, -7.4413], [-47.575, -7.4146], [-47.4849, -7.3687], [-47.4795, -7.3307], [-47.4984, -7.2959], [-47.5343, -7.2675], [-47.5914, -7.267], [-47.633, -7.3075], [-47.649, -7.3055], [-47.6847, -7.2441], [-47.7345, -7.2213], [-47.7494, -7.1981], [-47.7452, -7.1652], [-47.7098, -7.1385], [-47.6453, -7.1458], [-47.6165, -7.0887], [-47.5383, -7.0004], [-47.5294, -6.9445], [-47.503, -6.906], [-47.53, -6.833], [-47.4952, -6.7579], [-47.4968, -6.6619], [-47.4663, -6.6185], [-47.4586, -6.5379], [-47.4167, -6.4884], [-47.4338, -6.433], [-47.4131, -6.3338], [-47.3784, -6.2717], [-47.4333, -6.1141], [-47.4282, -6.04], [-47.4456, -5.9859], [-47.4235, -5.9274], [-47.4379, -5.8355], [-47.4947, -5.7208], [-47.4657, -5.6645], [-47.4942, -5.5378], [-47.5579, -5.4657], [-47.6206, -5.4589], [-47.7482, -5.3801], [-47.842, -5.3775], [-47.871, -5.3438], [-47.8729, -5.2784], [-47.9106, -5.244], [-48.0066, -5.2357], [-48.0692, -5.2715], [-48.1737, -5.2604], [-48.3676, -5.1707], [-48.5327, -5.1985], [-48.5642, -5.2276], [-48.5796, -5.3019], [-48.6097, -5.3367], [-48.6773, -5.3061], [-48.7034, -5.3201], [-48.7096, -5.3524], [-48.7575, -5.3494], [-48.4532, -5.1101], [-48.4373, -5.0736], [-48.4182, -5.0825], [-47.8155, -4.6237], [-47.7942, -4.586], [-47.6783, -4.6078], [-47.6118, -4.5568], [-47.503, -4.4053], [-47.4763, -4.356], [-47.475, -4.3151], [-47.3725, -4.2456], [-47.3662, -4.1816], [-47.3409, -4.1765], [-47.3511, -4.1162], [-47.321, -4.0489], [-47.3062, -4.06], [-47.2408, -3.9987], [-47.2224, -4.0004], [-47.2024, -3.9744], [-47.1886, -3.9833], [-47.1731, -3.9233], [-47.1489, -3.9146], [-47.1485, -3.896], [-47.1328, -3.9001], [-47.133, -3.8795], [-47.1088, -3.8819], [-47.0857, -3.8565], [-47.0888, -3.8276], [-47.056, -3.7691], [-47.0666, -3.7611], [-47.0471, -3.7073], [-47.0552, -3.6849], [-47.0376, -3.6685], [-47.0572, -3.6553], [-47.0273, -3.5994], [-47.0394, -3.5628], [-47.0186, -3.5656], [-47.0043, -3.5346], [-46.976, -3.53], [-46.9828, -3.4955], [-46.9609, -3.4969], [-46.9699, -3.474], [-46.9487, -3.4775], [-46.9564, -3.4611], [-46.9421, -3.4476], [-46.9569, -3.4263], [-46.9403, -3.4214], [-46.9448, -3.3774], [-46.9055, -3.3677], [-46.8903, -3.3356], [-46.8758, -3.3467], [-46.8695, -3.327], [-46.859, -3.3433], [-46.8503, -3.3188], [-46.8151, -3.3116], [-46.8272, -3.2977], [-46.8112, -3.2904], [-46.8206, -3.2752], [-46.8024, -3.2668], [-46.8065, -3.2451], [-46.7858, -3.2475], [-46.7793, -3.2175], [-46.755, -3.2159], [-46.7721, -3.2035], [-46.7582, -3.1942], [-46.7729, -3.1785], [-46.7522, -3.1898], [-46.7495, -3.1661], [-46.7201, -3.1537], [-46.7484, -3.1223], [-46.7192, -3.1093], [-46.7093, -3.128], [-46.7064, -3.1002], [-46.6767, -3.0951], [-46.677, -3.0347], [-46.6585, -3.0113], [-46.6742, -2.9988], [-46.6505, -2.997], [-46.6634, -2.9752], [-46.6477, -2.9701], [-46.6727, -2.9467], [-46.6541, -2.9312], [-46.6809, -2.883], [-46.6394, -2.8837], [-46.641, -2.8522], [-46.6125, -2.8582], [-46.6146, -2.8295], [-46.5761, -2.8419], [-46.5961, -2.8265], [-46.6024, -2.7897], [-46.6257, -2.8066], [-46.6377, -2.7927], [-46.6362, -2.7554], [-46.6517, -2.7581], [-46.6538, -2.7293], [-46.6745, -2.7331], [-46.6709, -2.7052], [-46.6503, -2.6808], [-46.6348, -2.6863], [-46.6222, -2.6449], [-46.6068, -2.6395], [-46.595, -2.6663], [-46.5787, -2.6316], [-46.5072, -2.6173], [-46.5105, -2.5907], [-46.4873, -2.574], [-46.5025, -2.555], [-46.492, -2.5384], [-46.4193, -2.5316], [-46.4368, -2.5149], [-46.4417, -2.4213], [-46.4093, -2.3692], [-46.4295, -2.3631], [-46.455, -2.3857], [-46.467, -2.3763], [-46.4319, -2.335], [-46.4154, -2.2721], [-46.4313, -2.2365], [-46.4105, -2.2286], [-46.3913, -2.2498], [-46.3751, -2.2447], [-46.2826, -2.1544], [-46.2985, -2.1427], [-46.2713, -2.1172], [-46.2745, -2.0558], [-46.2517, -2.0231], [-46.2222, -1.9129], [-46.2443, -1.8818], [-46.2104, -1.8332], [-46.2272, -1.8045], [-46.2546, -1.7953], [-46.3116, -1.8055], [-46.3218, -1.7601], [-46.3062, -1.7295], [-46.2455, -1.7205], [-46.2203, -1.731], [-46.1563, -1.6803], [-46.1646, -1.6283], [-46.1475, -1.6111], [-46.1547, -1.5935], [-46.133, -1.5802], [-46.1449, -1.5154], [-46.1762, -1.4759], [-46.1399, -1.444], [-46.1535, -1.4196], [-46.104, -1.3365], [-46.1301, -1.3323], [-46.1289, -1.3126], [-46.15, -1.3077], [-46.1602, -1.2756], [-46.1407, -1.2497], [-46.1516, -1.227], [-46.0928, -1.1973], [-46.0918, -1.1657]]], [[[-45.9529, -1.1872], [-45.9557, -1.1877], [-45.953, -1.1828], [-45.9529, -1.1872]]], [[[-45.8659, -1.1872], [-45.8693, -1.1861], [-45.866, -1.1816], [-45.8659, -1.1872]]], [[[-45.8646, -1.1976], [-45.8666, -1.1922], [-45.8631, -1.1913], [-45.8646, -1.1976]]], [[[-45.8614, -1.1861], [-45.8647, -1.1849], [-45.8623, -1.1811], [-45.8614, -1.1861]]], [[[-45.827, -1.1281], [-45.8035, -1.1468], [-45.821, -1.1542], [-45.827, -1.1281]]], [[[-45.7978, -1.2389], [-45.8091, -1.2481], [-45.8039, -1.239], [-45.7978, -1.2389]]], [[[-45.7925, -1.1877], [-45.7808, -1.2067], [-45.7945, -1.2302], [-45.8086, -1.1967], [-45.7925, -1.1877]]], [[[-45.7682, -1.1906], [-45.773, -1.1933], [-45.7719, -1.1895], [-45.7682, -1.1906]]], [[[-45.751, -1.172], [-45.7591, -1.1761], [-45.7552, -1.1661], [-45.751, -1.172]]], [[[-45.7033, -1.3037], [-45.6868, -1.304], [-45.686, -1.3194], [-45.7033, -1.3037]]], [[[-45.6899, -1.1922], [-45.6674, -1.2284], [-45.6699, -1.2517], [-45.6912, -1.2655], [-45.71, -1.2288], [-45.7002, -1.2032], [-45.6915, -1.2186], [-45.6899, -1.1922]]], [[[-45.6852, -1.1863], [-45.6892, -1.1859], [-45.6869, -1.184], [-45.6852, -1.1863]]], [[[-45.6784, -1.199], [-45.6832, -1.2], [-45.6828, -1.1956], [-45.6784, -1.199]]], [[[-45.6593, -1.2725], [-45.6541, -1.2761], [-45.6601, -1.2761], [-45.6593, -1.2725]]], [[[-45.6585, -1.3705], [-45.6599, -1.373], [-45.6607, -1.3725], [-45.6585, -1.3705]]], [[[-45.6575, -1.2449], [-45.6471, -1.2511], [-45.6571, -1.258], [-45.6575, -1.2449]]], [[[-45.6482, -1.2311], [-45.6518, -1.2343], [-45.6506, -1.2305], [-45.6482, -1.2311]]], [[[-45.6539, -1.3639], [-45.6496, -1.3689], [-45.6616, -1.3673], [-45.6539, -1.3639]]], [[[-45.636, -1.3456], [-45.6419, -1.3263], [-45.6389, -1.3162], [-45.6305, -1.3317], [-45.636, -1.3456]]], [[[-45.6265, -1.333], [-45.6303, -1.3355], [-45.6266, -1.3282], [-45.6265, -1.333]]], [[[-45.6117, -1.1547], [-45.642, -1.2213], [-45.6319, -1.2479], [-45.6457, -1.2996], [-45.6448, -1.3284], [-45.6375, -1.3498], [-45.7029, -1.3658], [-45.6807, -1.3476], [-45.695, -1.3346], [-45.6802, -1.3162], [-45.6905, -1.2739], [-45.6625, -1.2538], [-45.6627, -1.2747], [-45.6593, -1.2778], [-45.6484, -1.2785], [-45.6573, -1.2927], [-45.6468, -1.2811], [-45.6473, -1.2771], [-45.6571, -1.2671], [-45.6467, -1.2533], [-45.6436, -1.2444], [-45.6468, -1.2045], [-45.6279, -1.1277], [-45.6117, -1.1547]]], [[[-45.6048, -1.1509], [-45.6084, -1.1602], [-45.6067, -1.15], [-45.6048, -1.1509]]], [[[-45.5684, -1.2695], [-45.5751, -1.2628], [-45.5706, -1.2613], [-45.5684, -1.2695]]], [[[-45.5555, -1.308], [-45.5608, -1.295], [-45.5541, -1.2913], [-45.546, -1.2977], [-45.5555, -1.308]]], [[[-45.5475, -1.2026], [-45.5397, -1.2292], [-45.5935, -1.2389], [-45.5652, -1.2143], [-45.5767, -1.1959], [-45.5475, -1.2026]]], [[[-45.5449, -1.2872], [-45.5623, -1.2928], [-45.5683, -1.288], [-45.5484, -1.2748], [-45.5449, -1.2872]]], [[[-45.5387, -1.308], [-45.5397, -1.3321], [-45.5612, -1.3292], [-45.5567, -1.3116], [-45.5387, -1.308]]], [[[-45.5406, -1.3038], [-45.539, -1.3072], [-45.5432, -1.3061], [-45.5406, -1.3038]]], [[[-45.5236, -1.34], [-45.5254, -1.3395], [-45.5233, -1.3395], [-45.5236, -1.34]]], [[[-45.4951, -1.3502], [-45.4978, -1.349], [-45.4951, -1.3467], [-45.4951, -1.3502]]], [[[-45.4971, -1.3568], [-45.4987, -1.3554], [-45.4967, -1.3533], [-45.4971, -1.3568]]], [[[-45.4867, -1.3419], [-45.4913, -1.3443], [-45.4872, -1.3403], [-45.4867, -1.3419]]], [[[-45.4772, -1.3423], [-45.4894, -1.3763], [-45.5043, -1.3902], [-45.4941, -1.3533], [-45.4772, -1.3423]]], [[[-45.4144, -1.4196], [-45.4215, -1.4076], [-45.4079, -1.3993], [-45.4051, -1.4077], [-45.4144, -1.4196]]], [[[-45.3784, -1.3936], [-45.3705, -1.3914], [-45.372, -1.3954], [-45.3784, -1.3936]]], [[[-45.1103, -1.4201], [-45.1041, -1.4657], [-45.1324, -1.4672], [-45.1103, -1.4201]]], [[[-45.0858, -1.3956], [-45.0948, -1.4105], [-45.1004, -1.4326], [-45.1031, -1.4214], [-45.0858, -1.3956]]], [[[-45.1106, -1.3643], [-45.098, -1.3818], [-45.1108, -1.4116], [-45.1226, -1.3737], [-45.1106, -1.3643]]], [[[-45.0895, -1.4434], [-45.0968, -1.435], [-45.0896, -1.4217], [-45.086, -1.4239], [-45.0895, -1.4434]]], [[[-45.0701, -1.3744], [-45.0873, -1.3917], [-45.0731, -1.3714], [-45.0701, -1.3744]]], [[[-45.0746, -1.4593], [-45.0846, -1.442], [-45.0797, -1.428], [-45.0703, -1.4401], [-45.0746, -1.4593]]], [[[-45.0461, -1.3984], [-45.0494, -1.372], [-45.0483, -1.3654], [-45.0404, -1.3738], [-45.0461, -1.3984]]], [[[-45.0273, -1.3138], [-44.9906, -1.3232], [-44.9955, -1.3464], [-45.032, -1.3402], [-45.0273, -1.3138]]], [[[-44.9858, -1.381], [-44.9742, -1.3771], [-44.9778, -1.3803], [-44.9776, -1.3853], [-44.9833, -1.3876], [-44.9819, -1.3942], [-44.9895, -1.4008], [-45.0204, -1.386], [-45.0125, -1.3481], [-44.999, -1.3486], [-44.9911, -1.3757], [-44.9858, -1.381]]], [[[-44.9878, -1.322], [-44.9591, -1.339], [-44.9654, -1.3421], [-44.9687, -1.3474], [-44.9667, -1.3595], [-44.9617, -1.3728], [-44.9537, -1.3756], [-44.9795, -1.3937], [-44.9732, -1.3768], [-44.9881, -1.3782], [-44.9963, -1.3508], [-44.9878, -1.322]]], [[[-44.9831, -1.2648], [-44.9732, -1.2894], [-44.9768, -1.2839], [-44.9798, -1.2863], [-44.9832, -1.2907], [-44.9844, -1.2983], [-44.9892, -1.3017], [-44.9909, -1.3058], [-45.0015, -1.2944], [-44.9831, -1.2648]]], [[[-44.9511, -1.4838], [-44.9644, -1.4862], [-44.9645, -1.5115], [-44.9703, -1.4798], [-44.9511, -1.4838]]], [[[-44.9411, -1.2909], [-44.9539, -1.2981], [-44.9558, -1.3086], [-44.9609, -1.3018], [-44.9745, -1.2997], [-44.9772, -1.2999], [-44.979, -1.3021], [-44.9751, -1.3128], [-44.9904, -1.3059], [-44.9839, -1.2992], [-44.9788, -1.2863], [-44.973, -1.2902], [-44.9628, -1.2779], [-44.9411, -1.2909]]], [[[-44.9531, -1.2682], [-44.8724, -1.2948], [-44.8841, -1.3131], [-44.8982, -1.2932], [-44.8957, -1.3384], [-44.9074, -1.3231], [-44.9287, -1.3176], [-44.9177, -1.3033], [-44.9531, -1.2682]]], [[[-44.9264, -1.2979], [-44.9313, -1.3181], [-44.9073, -1.3304], [-44.9441, -1.3409], [-44.9044, -1.3379], [-44.9485, -1.3787], [-44.9659, -1.3593], [-44.9579, -1.3357], [-44.9778, -1.3014], [-44.9572, -1.3095], [-44.9264, -1.2979]]], [[[-44.8657, -1.3277], [-44.8788, -1.3303], [-44.8937, -1.3477], [-44.8852, -1.3174], [-44.8712, -1.3111], [-44.8657, -1.3277]]], [[[-44.8377, -1.5564], [-44.8279, -1.5669], [-44.8387, -1.5578], [-44.8377, -1.5564]]], [[[-44.7753, -1.4806], [-44.8176, -1.5271], [-44.8188, -1.5292], [-44.8179, -1.5337], [-44.7973, -1.5275], [-44.7974, -1.5488], [-44.828, -1.5551], [-44.8339, -1.5338], [-44.7753, -1.4806]]], [[[-44.7905, -1.5658], [-44.7773, -1.5544], [-44.7739, -1.5518], [-44.7741, -1.5549], [-44.7905, -1.5658]]], [[[-44.7808, -1.5724], [-44.7807, -1.5753], [-44.7851, -1.575], [-44.7808, -1.5724]]], [[[-44.7672, -1.5684], [-44.7714, -1.5634], [-44.7674, -1.5604], [-44.7672, -1.5684]]], [[[-44.7498, -1.5154], [-44.7937, -1.523], [-44.7712, -1.4852], [-44.7748, -1.4779], [-44.7902, -1.4699], [-44.7892, -1.4671], [-44.7564, -1.462], [-44.7498, -1.5154]]], [[[-44.7448, -1.6764], [-44.748, -1.6792], [-44.7496, -1.679], [-44.7448, -1.6764]]], [[[-44.7389, -1.6788], [-44.7422, -1.6975], [-44.7574, -1.6889], [-44.7389, -1.6788]]], [[[-44.7312, -1.5485], [-44.7471, -1.5679], [-44.7622, -1.579], [-44.7522, -1.5357], [-44.7312, -1.5485]]], [[[-44.7281, -1.6575], [-44.7277, -1.6712], [-44.7415, -1.6651], [-44.7281, -1.6575]]], [[[-44.6612, -2.971], [-44.6691, -2.9773], [-44.6645, -2.9611], [-44.6612, -2.971]]], [[[-44.6606, -2.9443], [-44.6646, -2.9289], [-44.6424, -2.9164], [-44.6417, -2.9245], [-44.6606, -2.9443]]], [[[-44.6227, -2.9361], [-44.6292, -2.9343], [-44.6219, -2.928], [-44.6227, -2.9361]]], [[[-44.587, -2.8717], [-44.5923, -2.8765], [-44.5891, -2.8671], [-44.587, -2.8717]]], [[[-44.5726, -1.8841], [-44.5531, -1.8854], [-44.5749, -1.8855], [-44.5726, -1.8841]]], [[[-44.5546, -1.8802], [-44.5519, -1.8776], [-44.5502, -1.8779], [-44.5546, -1.8802]]], [[[-44.5524, -1.8758], [-44.5533, -1.8711], [-44.5485, -1.8716], [-44.5524, -1.8758]]], [[[-44.4765, -2.7321], [-44.4775, -2.8901], [-44.4921, -2.9328], [-44.4802, -2.9576], [-44.583, -3.0321], [-44.6416, -2.9723], [-44.607, -2.9345], [-44.5873, -2.9329], [-44.6064, -2.9327], [-44.5991, -2.9072], [-44.5853, -2.9182], [-44.599, -2.9064], [-44.5812, -2.8648], [-44.5888, -2.818], [-44.5264, -2.741], [-44.4765, -2.7321]]], [[[-44.4733, -2.4278], [-44.4745, -2.4428], [-44.482, -2.4441], [-44.4741, -2.4549], [-44.4661, -2.4366], [-44.4507, -2.4386], [-44.4454, -2.4594], [-44.5139, -2.5345], [-44.5167, -2.4988], [-44.4954, -2.4696], [-44.5039, -2.4405], [-44.4733, -2.4278]]], [[[-44.4664, -2.0653], [-44.4857, -2.081], [-44.4866, -2.0796], [-44.4664, -2.0653]]], [[[-44.441, -2.4256], [-44.4423, -2.4386], [-44.454, -2.427], [-44.441, -2.4256]]], [[[-44.4192, -2.4243], [-44.4296, -2.422], [-44.4239, -2.4122], [-44.4192, -2.4243]]], [[[-44.4036, -2.7068], [-44.4118, -2.7066], [-44.4016, -2.6947], [-44.4036, -2.7068]]], [[[-44.3721, -2.527], [-44.3589, -2.5228], [-44.364, -2.5288], [-44.3721, -2.527]]], [[[-44.298, -2.7687], [-44.3062, -2.7679], [-44.2981, -2.766], [-44.298, -2.7687]]], [[[-44.0847, -2.4111], [-44.0856, -2.4169], [-44.091, -2.4119], [-44.0847, -2.4111]]]]}}]}