{"type": "FeatureCollection", "columns": {}, "version": 1566850254549599, "id": "USDOS/LSIB_SIMPLE/2017", "properties": {"date_range": [1490832000000, 1490832000000], "period": 0, "thumb": "https://mw1.google.com/ges/dd/images/LSIB_thumb.png", "description": "<p>The United States Office of the Geographer provides\nthe Large Scale International Boundary (LSIB) dataset. The detailed\nversion (2013) is derived from two other datasets: a LSIB line\nvector file and the World Vector Shorelines (WVS) from the National\nGeospatial-Intelligence Agency (NGA). The interior boundaries\nreflect U.S. government policies on boundaries, boundary disputes,\nand sovereignty. The exterior boundaries are derived from the\nWVS; however, the WVS coastline data is outdated and generally\nshifted from between several hundred meters to over a kilometer.\nEach feature is the polygonal area enclosed by interior boundaries\nand exterior coastlines where applicable, and many countries\nconsist of multiple features, one per disjoint region.</p><p>Compared with the detailed LSIB, in this simplified dataset some disjointed\nregions of each country have been reduced to a single feature.\nFurthermore, it excludes medium and smaller islands. The resulting\nsimplified boundary lines are rarely shifted by more than 100\nmeters from the detailed LSIB lines. Each of the 312 features\nis a part of the geometry of one of the 284 countries described\nin this dataset.</p><p><b>Table Schema</b><table class=\"eecat\"><tr><th scope=\"col\">Name</th><th scope=\"col\">Type</th><th scope=\"col\">Description</th></tr><tr><td>abbreviati</td><td>STRING</td><td><p>Country abbreviation</p></td></tr><tr><td>country_co</td><td>STRING</td><td><p><a href=\"https://en.wikipedia.org/wiki/List_of_FIPS_country_codes\">Two-letter FIPS country code</a></p></td></tr><tr><td>country_na</td><td>STRING</td><td><p>US-recognized country name</p></td></tr><tr><td>wld_rgn</td><td>STRING</td><td><p>Continental region, e.g. South America</p></td></tr></table><p><b>Terms of Use</b><br><p>There are no restrictions on use of this US public domain data.</p><style>\n  table.eecat {\n  border: 1px solid black;\n  border-collapse: collapse;\n  font-size: 13px;\n  }\n  table.eecat td, tr, th {\n  text-align: left; vertical-align: top;\n  border: 1px solid gray; padding: 3px;\n  }\n  td.nobreak { white-space: nowrap; }\n</style>", "source_tags": ["dos", "usdos"], "provider_url": "http://geonode.state.gov/", "title": "LSIB: Large Scale International Boundary Polygons, Simplified", "sample": "https://mw1.google.com/ges/dd/images/LSIB_sample.png", "tags": ["dos", "usdos", "boundaries", "borders", "countries", "political"], "product_tags": ["boundaries", "borders", "countries", "political"], "provider": "United States Department of State, Office of the Geographer", "system:asset_size": 34698386}, "features": [{"type": "Feature", "geometry": {"type": "GeometryCollection", "geometries": [{"type": "LineString", "coordinates": [[33.014074259554036, -14.02729474142301], [33.20844453326568, -14.001882378950018]]}, {"type": "Polygon", "coordinates": [[[24.762278369707822, -17.518034962426015], [25.573632838712093, -17.840392481784306], [25.918004592840482, -17.99638643481729], [26.30854061354201, -17.936993006375506], [26.771837007479704, -18.019192990776006], [27.14910389301002, -17.84074471843233], [28.02597192331526, -16.8736134546126], [28.84437203617578, -16.393624651164746], [28.91975072204689, -15.960645090148105], [29.88592772291311, -15.616721165042065], [30.421881233245767, -15.62116535142698], [30.219860840240752, -14.997155242897287], [33.014074259554036, -14.02729474142301], [32.69602637600898, -13.568774104652942], [32.97089294565167, -13.259801575930084], [32.995656756160614, -12.726919281069723], [33.53466479486025, -12.337620492426645], [33.33030256426297, -12.260458996853574], [33.232454355127686, -11.420372440999925], [33.374273498221974, -11.115079140662582], [33.32609271997842, -10.8364876452828], [33.70867268802293, -10.56995920578196], [33.439143161525536, -10.160394843550947], [33.35421858368555, -9.964004746992597], [33.1946588320442, -9.602061755697118], [33.00663298536945, -9.594986270942423], [32.81270512157343, -9.337431788313733], [31.96445372356611, -9.057672785938449], [31.757028035991972, -8.906260836786789], [31.25263156602401, -8.599061676461563], [30.950046147886898, -8.500346049222111], [30.663884785042427, -8.219116453171067], [28.950223058268676, -8.468066010342751], [28.74768039997307, -8.976967557875888], [28.41807594155056, -9.289372665882853], [28.658095690014026, -9.867666386333646], [28.674804385129555, -10.5663145438568], [28.433888865097597, -11.651347419382057], [28.586024288770737, -11.909574527151165], [29.042327219565422, -12.38418813214956], [29.528395717591206, -12.395591332514106], [29.5300149638355, -12.23194931677286], [29.8147520318145, -12.21450238818158], [29.7264198540277, -13.459040665527825], [29.656587695870407, -13.310591532752461], [29.531358525234257, -13.227926413227063], [29.04866618943685, -13.402558307053432], [28.698058779555932, -12.860265838751534], [28.49658962158906, -12.777841905876747], [28.374529887272285, -12.466078051071387], [27.81222137061985, -12.221682954465212], [27.554528258730315, -12.190332564737709], [27.120411746138906, -11.588922291413452], [26.893965652985045, -11.970242615583317], [25.932473954885687, -11.887991011979668], [25.44657766237495, -11.67701334604405], [25.280041815437862, -11.356722789922756], [25.352388767075876, -11.196129664900877], [24.422902020072677, -11.439629053650542], [24.285683867629846, -11.379064293573432], [24.379287088047317, -11.085128742895332], [24.132480498493457, -10.924742289884922], [24.022121911853617, -10.971989319619832], [24.024288464527356, -11.546292932661943], [24.04620750408197, -12.432646360241236], [23.899034484608777, -12.761026298116436], [24.040163991610854, -12.986464906222006], [22.028347163132516, -12.9999988894292], [22.06920599998031, -16.26042697392495], [22.34787601577923, -16.673474961149243], [23.46364342487872, -17.631959443024652], [24.762278369707822, -17.518034962426015]]]}]}, "id": "00000000000000000015", "properties": {"name": "Zambia"}}, {"type": "Feature", "geometry": {"type": "MultiPolygon", "coordinates": [[[[12.203962988520649, -5.770813987932876], [12.528415003987035, -5.742116977309545], [12.52209096737961, -5.046816030615769], [13.097084975411578, -4.691583989186581], [12.74329845518017, -4.442395398288117], [12.390748589797486, -4.675026867111787], [12.348983139370372, -4.7609632623201845], [12.24387993280872, -4.800447888829538], [12.013794228244175, -5.033007951459295], [12.213268436543594, -5.556653244253995], [12.203962988520649, -5.770813987932876]]], [[[14.102119449021414, -17.438728824089623], [18.389879305829044, -17.389753559409584], [18.99467178373247, -17.824545062843548], [20.46490074767189, -17.937027488440837], [20.990381124261106, -17.9630723378606], [22.13067132570192, -17.891581487466105], [23.434159651160506, -17.63692517007898], [22.14722003910894, -16.49423901884667], [21.99920655932497, -15.759988106195205], [22.028347163132516, -12.9999988894292], [24.040163991610854, -12.986464906222006], [23.899034484608777, -12.761026298116436], [24.063916382545937, -12.303054892800237], [24.02155450134389, -11.454430173416013], [23.944870437483104, -10.9490904494802], [23.330010334429264, -11.016697980617609], [22.537613022399814, -11.040513158459143], [22.26915058746834, -11.189899559931842], [22.169559679545873, -10.856486479455999], [22.309714936186705, -10.628588340689635], [22.093783989894117, -9.8778975358054], [21.792502669063992, -9.41722016646942], [21.894602139852353, -8.297433076034793], [21.782021136000196, -7.803808549182147], [21.81000378518795, -7.3077709595462785], [20.554357149700465, -7.277504500120171], [20.541048657749524, -6.916798128454807], [19.59551879535338, -7.000003356229519], [19.471404105744295, -7.568616402872978], [19.35916287315686, -7.858056135831462], [19.366058643061777, -7.964408152201977], [18.13577497441062, -8.025005425011853], [17.546663703291987, -8.117764607686818], [16.955554187333448, -7.0814454178578075], [16.712192621041407, -6.243047041256922], [16.500939416628217, -5.847153893796872], [14.275235000556497, -5.861284969405089], [14.167005022557706, -5.842975960786324], [12.933285715216671, -5.9749417485526495], [12.673975901396393, -6.029207729787004], [12.590884239020099, -6.066399548787327], [12.502429019760717, -6.089060818369579], [12.32578185505049, -6.096854658306537], [12.299982089048983, -6.183333398503482], [12.781900421832438, -6.922089127838472], [12.831810920275311, -7.0011720949254705], [13.41223344099836, -8.691815233068214], [13.335528143891041, -8.768678728735104], [13.16987010898515, -8.900592633956952], [13.023842411960887, -9.133129449982162], [13.662561141524467, -10.532609405547467], [13.835214804477873, -11.187341927526933], [13.615638136926163, -12.289413060487984], [13.543161375341857, -12.345472357836979], [13.25284887234919, -12.61417336758881], [12.94618394119967, -12.88607435045229], [12.550622047150235, -13.503439418132201], [12.134954031363467, -15.079166101731783], [12.154256197353018, -15.175807955618371], [11.8934705363395, -15.764456873709134], [11.800790529610746, -15.793605265317524], [11.77849495017633, -16.768054046423586], [11.782777991216745, -16.859615622650033], [11.794835652994017, -17.273777660682224], [12.194397828293347, -17.19750323268706], [12.71529622364721, -17.15964163135167], [13.169394288090997, -16.963512366056477], [13.555176025200348, -17.15678224504695], [14.102119449021414, -17.438728824089623]]]]}, "id": "00000000000000000019", "properties": {"name": "Angola"}}, {"type": "Feature", "geometry": {"type": "Polygon", "coordinates": [[[29.409970006664285, -4.427574034091682], [29.874392988676682, -4.377572018779834], [30.420575984855137, -3.6474269972412734], [30.819837026233134, -3.2129349849725997], [30.830533960504976, -3.0069470280492907], [30.41266596412919, -2.8654100248418612], [30.4604460339305, -2.7375399880899067], [30.433896089901943, -2.640505847696127], [30.463166099912176, -2.325874789539641], [29.95903068054503, -2.4054127185108967], [29.792666996363447, -2.7607569618013517], [29.356627424945057, -2.8069046173431436], [29.22921474843394, -2.6267953170196083], [29.053006671800752, -2.6279561667386084], [29.106281957644427, -2.9222490301394015], [29.230531986839818, -3.1385140164490233], [29.303425001125294, -3.9608980302865557], [29.409970006664285, -4.427574034091682]]]}, "id": "0000000000000000001a", "properties": {"name": "Burundi"}}, {"type": "Feature", "geometry": {"type": "Polygon", "coordinates": [[[30.463166099912176, -2.325874789539641], [30.779942033455853, -2.385062982801103], [30.828188230210255, -1.9708281548275073], [30.684505984640616, -1.3979959898062921], [30.355734830962138, -1.0619715226131774], [29.934455941285467, -1.472080667543156], [29.75365127781789, -1.3436207275856928], [29.244859994179013, -1.698082032446043], [29.10822197283828, -2.266579002381927], [28.87374002136706, -2.5438389894509563], [29.04706866415906, -2.7201619712928906], [29.13989975179107, -2.6039305479469865], [29.351314241331462, -2.7064067382387784], [29.356627424945057, -2.8069046173431436], [29.88980984616195, -2.751140828592043], [29.95903068054503, -2.4054127185108967], [30.463166099912176, -2.325874789539641]]]}, "id": "0000000000000000001b", "properties": {"name": "Rwanda"}}, {"type": "Feature", "geometry": {"type": "GeometryCollection", "geometries": [{"type": "LineString", "coordinates": [[30.82488851569686, 3.5827098433441193], [30.86605798246074, 3.4936639722384126]]}, {"type": "Polygon", "coordinates": [[[33.290994654313664, 12.212708458598389], [32.735548666133404, 12.236393506386255], [32.74598051187736, 11.955635447050458], [32.16578962012515, 11.89352053072203], [32.391094362512995, 11.616227745306535], [32.445745974671894, 11.025259347641976], [31.180008984182965, 9.74999919503215], [30.757000218651427, 9.774829659066587], [29.969994827524022, 10.288062678139436], [29.53749076493541, 9.991951387441448], [29.53749076493541, 9.749999219921754], [28.99998697509685, 9.673552483937101], [28.63992931593357, 9.347215859454888], [28.01193145510038, 9.400826350461609], [27.822281119732878, 9.605821966893014], [26.403024677561035, 9.56158869444109], [25.932932947235667, 10.29916990449189], [25.853719107327144, 10.410699626165375], [25.756498488805097, 10.437106244142273], [25.054732501198217, 10.218549381000873], [24.948382405581782, 9.897053056903914], [24.857741946441944, 9.818625523868688], [23.635235310977304, 9.568231161548743], [23.602865925365418, 9.226086329876033], [23.47687877227987, 8.981949599214854], [23.58567490283066, 8.926259644000407], [23.53734018069362, 8.724463179756833], [24.229873319040202, 8.628413925839867], [24.22618706611263, 8.289020325803351], [24.8814054928649, 8.140105939453923], [25.282074362554127, 7.703250768682673], [25.202079291645575, 7.493186001993185], [26.151372018896506, 6.818411024358729], [26.403039537172813, 6.658163765049625], [26.323770044769073, 6.376179932720716], [26.47345727238198, 6.240308155008889], [26.551419833268444, 6.058269299654738], [27.26696616084869, 5.6044985964176295], [27.341793634881004, 5.2023697749101165], [27.858461854093918, 4.569134082931848], [28.489630556472864, 4.322940281678933], [28.787872438283895, 4.5640797599877345], [29.19945797667334, 4.3664518498209945], [29.519128396484724, 4.674856769977821], [29.809825599870283, 4.500517688856054], [30.046331380328862, 4.156800537043709], [30.57877087306865, 3.7414770262604136], [30.66327912088019, 3.6288052276349014], [30.82488851569686, 3.5827098433441193], [31.290544393453253, 3.793713497779148], [31.6331637303265, 3.6896760497848744], [31.87660679003322, 3.7725824598015048], [32.10059497911382, 3.5299119932876497], [32.720028014819626, 3.765069027512189], [33.02862897075328, 3.8907230286065473], [33.51246600631081, 3.7490659865454314], [34.68457932431837, 4.770579136609682], [35.4082779939824, 5.0334223061742644], [35.41757351938675, 4.921617705989964], [35.538571476775246, 4.915513931221442], [35.70228247693432, 4.587868123107118], [35.87612198319734, 4.626177542960132], [35.8577251142486, 5.323154862226867], [35.301921036842735, 5.349527038115919], [34.95014915649338, 6.246957170721418], [34.9389870900942, 6.5580148317637486], [34.550383735215625, 6.73469656680985], [34.50824334804502, 6.883404117782256], [34.41843659669608, 6.922109788168736], [34.327306905001464, 6.928913815181018], [34.276636456164276, 7.003724066666068], [33.68724953966617, 7.671142474747663], [33.48518779676448, 7.741956347821086], [33.29919396928561, 7.736099684764381], [33.02889182818841, 7.828703851393753], [33.26894601916319, 8.456486425970153], [33.811093870574794, 8.39723075937895], [34.14551610404309, 8.643750369964364], [34.111628869380546, 9.440212342721399], [33.886237038373814, 9.596365383435373], [33.99079003535413, 10.070134680165454], [33.24869375002706, 10.77644555228742], [33.2072991502846, 11.897542198607102], [33.290994654313664, 12.212708458598389]]]}]}, "id": "000000000000000000c4", "properties": {"name": "South Sudan"}}, {"type": "Feature", "geometry": {"type": "GeometryCollection", "geometries": [{"type": "LineString", "coordinates": [[34.15316428028936, 3.804281124461926], [34.21582360797944, 3.8789363493970694], [34.24590626487246, 3.781457352658412]]}, {"type": "Polygon", "coordinates": [[[31.170037017481512, 3.790815031564643], [30.878873113297068, 3.4825264769991175], [30.821615706258918, 3.0075339278060325], [30.798946946992494, 2.657701677949422], [30.835706117517514, 2.418164207211926], [31.049878089397303, 2.3608720076218277], [31.124887457825416, 2.2642373445706823], [31.25402906701087, 2.193713442296694], [31.068421460521268, 1.7966911343859473], [30.22974824312733, 1.0712007583832917], [29.97274415102293, 0.6924642184602984], [29.769104549842798, 0.16336643723762787], [29.716429061189785, 0.0729843463064713], [29.639291296728263, -1.3894181833233419], [29.84089454365544, -1.3192844635756638], [29.934455941285467, -1.472080667543156], [30.39130167082056, -1.0690191793745838], [30.483203935922887, -1.0572998228108457], [33.92531250158354, -1.0000044426351138], [33.95758273206546, 0.16615615619893248], [34.672511343644565, 1.205264634378444], [34.80884347270642, 1.3358600429522438], [34.98614354192264, 1.981687821326666], [34.8329057352219, 2.61777305398478], [34.40057430341288, 3.381694102775856], [34.41878113950088, 3.687475187342041], [34.24590626487246, 3.781457352658412], [34.15316428028936, 3.804281124461926], [34.01603681832504, 4.200595846485652], [33.54189997602593, 3.7778842101244727], [33.02862897075328, 3.8907230286065473], [32.19663956831218, 3.5983806040164157], [32.10059497911382, 3.5299119932876497], [31.80317573016353, 3.8366553912937302], [31.541477600709147, 3.652992704489554], [31.170037017481512, 3.790815031564643]]]}]}, "id": "000000000000000000c7", "properties": {"name": "Uganda"}}, {"type": "Feature", "geometry": {"type": "GeometryCollection", "geometries": [{"type": "LineString", "coordinates": [[39.8417053054042, -7.739835289422351], [39.897964451752685, -7.642130834729902]]}, {"type": "LineString", "coordinates": [[39.87110139340461, -5.012190353067773], [39.85674670821938, -4.917106615302072], [39.76347352224077, -4.9265389165150495]]}, {"type": "LineString", "coordinates": [[39.35779193194136, -5.8023805594325495], [39.30909726647837, -5.7252722070351165]]}, {"type": "LineString", "coordinates": [[39.58834473972359, -9.12875115194171], [39.56955761562603, -9.03939865432909]]}, {"type": "LineString", "coordinates": [[39.49191399205011, -8.817052436724927], [39.52138981487551, -8.902750744308676]]}, {"type": "Polygon", "coordinates": [[[39.642606030458424, -7.992679878722106], [39.867933424093415, -7.83443668812252], [39.8417053054042, -7.739835289422351], [39.779407528160554, -7.806157604891999], [39.669954305452976, -7.902609431559152], [39.642606030458424, -7.992679878722106]]]}, {"type": "Polygon", "coordinates": [[[39.65026851933808, -5.437580111520063], [39.83776858389503, -5.259363628662556], [39.87110139340461, -5.012190353067773], [39.76347352224077, -4.9265389165150495], [39.67775728281654, -4.873124115913652], [39.74528504161823, -5.183222300103258], [39.65625759259309, -5.206031325932654], [39.65026851933808, -5.437580111520063]]]}, {"type": "Polygon", "coordinates": [[[39.457946757062054, -6.433763526002481], [39.56875232546542, -6.424205296354026], [39.48104479730084, -6.198050038693633], [39.42858885806817, -6.112716676412981], [39.35779193194136, -5.8023805594325495], [39.20447542452574, -6.040134918426395], [39.21260833155315, -6.248889923621073], [39.29881666306379, -6.320665360957928], [39.42451093850431, -6.300324470174787], [39.457946757062054, -6.433763526002481]]]}, {"type": "Polygon", "coordinates": [[[31.757028035991972, -8.906260836786789], [33.623721941046234, -9.59715754866119], [33.94007399301593, -9.718476986474279], [34.063398983428, -9.523735026614824], [34.568514001745015, -10.220500031695108], [34.636543988643645, -11.057878004388696], [34.96221099935725, -11.542048035587028], [35.6770230366799, -11.535437161649526], [35.747826641583345, -11.474390050833511], [35.937031274887346, -11.428828637769168], [36.009033727534415, -11.487171358699475], [36.325155729368575, -11.708243110157346], [37.056411661614916, -11.60265096173621], [37.56934501351394, -11.623648832159212], [37.808916964778355, -11.404230665505093], [38.09242081269693, -11.266995329593797], [38.510862115569026, -11.392190090028514], [39.10771800285224, -11.148518461914284], [40.352403434299895, -10.564970972369794], [40.42389757733312, -10.372573210504678], [40.32791516941603, -10.354574185398828], [40.290599809816875, -10.266268701505007], [40.203037271462534, -10.240179040373254], [39.986255616294976, -10.12867165792361], [39.785881003287116, -9.926773067472453], [39.58398545036191, -9.431326997370181], [39.58834473972359, -9.12875115194171], [39.47874848099006, -9.09307282062877], [39.48798053442827, -8.99877972906744], [39.52138981487551, -8.902750744308676], [39.39201930167225, -8.892715621983799], [39.49191399205011, -8.817052436724927], [39.27984354537877, -8.344652040162167], [39.29741290417727, -8.255696284596143], [39.36688392076591, -8.188643351968164], [39.40857672142872, -8.103577378871888], [39.44862743966144, -7.990822313053916], [39.44533031768914, -7.832135551990135], [39.30327713553818, -7.73994503900951], [39.428379096027705, -7.238923047993035], [39.5417557096877, -7.095503339653055], [39.5089111292073, -6.943440937158422], [39.390155776457235, -6.850283654162729], [39.260524728061164, -6.7602491604897], [38.84135817286898, -6.3121633789224925], [38.89569472596728, -5.667055105407141], [39.12873856005147, -5.069930693435204], [39.12487941249932, -4.97811543862116], [39.21002416646813, -4.8261813098052695], [39.20070798582902, -4.667708216125905], [37.6020459180893, -3.513118892151199], [37.661121190963435, -3.0529681055258417], [33.92531250158354, -1.0000044426351138], [30.483203935922887, -1.0572998228108457], [30.831187973739873, -1.8118280252038346], [30.849531968116704, -2.3231529816787755], [30.485059969196126, -2.5568649858890056], [30.433896089901943, -2.640505847696127], [30.4604460339305, -2.7375399880899067], [30.41266596412919, -2.8654100248418612], [30.830533960504976, -3.0069470280492907], [30.742139030106106, -3.2666370023286673], [29.874392988676682, -4.377572018779834], [29.41462300206257, -4.444442970909108], [29.403338733484485, -5.101394023733849], [29.59722872457616, -5.823331040560448], [29.533046587620095, -6.167220471509794], [29.909457731383174, -6.764444967022405], [30.406963988258955, -7.356381323497354], [31.013473010649886, -8.578460042165823], [31.55190701080596, -8.6882207537444], [31.757028035991972, -8.906260836786789]]]}]}, "id": "000000000000000000c8", "properties": {"name": "Tanzania"}}, {"type": "Feature", "geometry": {"type": "GeometryCollection", "geometries": [{"type": "LineString", "coordinates": [[9.373351620513798, 3.896053276307894], [9.32617868818434, 3.9927167908667958]]}, {"type": "LineString", "coordinates": [[10.61530386059684, 7.057519287068916], [10.568088804185102, 7.155428860291344]]}, {"type": "Polygon", "coordinates": [[[9.373351620513798, 3.896053276307894], [9.471623360058263, 3.9059280627214124], [9.422582586001454, 4.0152384123712785], [9.373351620513798, 3.896053276307894]]]}, {"type": "Polygon", "coordinates": [[[13.246943381765519, 2.2741075520297898], [13.721093724112961, 2.1722076006255726], [14.73589703810725, 2.117820984232263], [14.837653019974303, 2.0837909636486116], [14.987090031344822, 2.034555964375772], [15.86865602954012, 1.8282029955713273], [16.12253400123082, 1.70313397181406], [16.082810961473097, 2.1664260279999463], [16.19069602930111, 2.2099219651998667], [16.03202744485435, 2.980817195313537], [15.073464059790117, 4.019513490289158], [15.179021768286757, 4.058184713224147], [14.910614390292649, 4.463896319228942], [14.703185212093638, 4.840428093929052], [14.60868627851631, 5.221093850978514], [14.548638247125261, 5.902723272920234], [14.416449934843525, 6.043403737998383], [14.802812699142521, 6.3941547621773225], [15.488046869355745, 7.515062396511397], [15.529614953346691, 7.792002689664941], [14.986027562726928, 8.714437922474705], [14.380276381127327, 9.177941087443756], [13.998904333997137, 9.696738009386364], [14.339365310987166, 10.00494283206597], [15.689688345200022, 9.998717812601893], [15.141780284437093, 10.541854426868278], [15.081422237508649, 12.00457305408397], [15.03494795751725, 12.083327869935735], [14.892114230686932, 12.252137559968878], [14.843879394828207, 12.585948776826232], [14.564864680242504, 12.845796442343653], [14.406679423020238, 13.083335791106325], [14.102601746502202, 12.995881992582248], [14.182562421202299, 12.450144474500613], [14.55022294098745, 12.235790635982719], [14.633284231626154, 12.194880075508376], [14.564933583190923, 11.735407739197276], [14.612510347368085, 11.51421531902211], [14.147732479533799, 11.247633830818856], [13.96087051591591, 11.26642687720178], [13.524273565356445, 10.403740533967609], [13.441212326189028, 10.159087032891552], [13.237538266599449, 9.90063597746258], [13.123057719850115, 9.526722586799385], [12.923758981214716, 9.340394550715155], [12.692489702319836, 8.664656292719506], [12.474105055136922, 8.630946060638525], [12.247887524483719, 8.277790158428525], [11.797695061153414, 7.076053895235096], [11.564599882140024, 6.873551184530235], [11.427278374495494, 6.530505769605404], [11.094516633807652, 6.580804152024699], [10.61530386059684, 7.057519287068916], [10.282336387809604, 6.89709265752157], [10.118934470903294, 7.005756676421871], [9.749861407524913, 6.678007557003752], [9.585203046074769, 6.486839165567469], [8.874807160463543, 5.769001855680283], [8.755038359361302, 5.103805594266878], [8.541965230245475, 4.592725587783896], [8.629183073882734, 4.485224562022411], [8.712202459255877, 4.526127475640113], [8.834320392797066, 4.550134297411462], [8.890791912953945, 4.474569810530466], [9.113494883590224, 4.010354019448497], [9.32617868818434, 3.9927167908667958], [9.422582586001454, 4.0152384123712785], [9.528479566438062, 4.02872418659687], [9.624342945569206, 4.019201729827324], [9.678640353494174, 3.9391136009466896], [9.65841391610975, 3.846340889067424], [9.582999191451131, 3.76538991822662], [9.645000471614008, 3.698474176595875], [9.634723747132751, 3.5737747056964935], [9.696436865252444, 3.5074949270790197], [9.963910223856542, 3.052672725632434], [9.862240392470698, 2.2423265435071493], [11.359651172785112, 2.240672872315824], [13.246943381765519, 2.2741075520297898]], [[8.765078015529655, 4.608609521467766], [8.641746633317107, 4.6737255120500585], [8.712202459255877, 4.526127475640113], [8.765078015529655, 4.608609521467766]]]}]}, "id": "000000000000000000f6", "properties": {"name": "Cameroon"}}, {"type": "Feature", "geometry": {"type": "GeometryCollection", "geometries": [{"type": "Point", "coordinates": [5.6491470500641165, -1.433422188866272]}, {"type": "Polygon", "coordinates": [[[8.697090190651613, 3.241685622788409], [8.836578386983506, 3.489338905305398], [8.918875243773485, 3.7323999560878085], [8.63817187719017, 3.6943405513575063], [8.435389521890198, 3.3018498602825366], [8.697090190651613, 3.241685622788409]]]}, {"type": "Polygon", "coordinates": [[[9.838395471734083, 1.0058410366677013], [11.333296170420994, 1.072564347282654], [11.247207988604643, 2.172218839851473], [9.862240392470698, 2.2423265435071493], [9.783328999907441, 2.2911219023070384], [9.724204283546085, 1.7743970581921222], [9.543168932257855, 1.4759888468561448], [9.455366784741308, 1.3960032710334926], [9.365560329288224, 1.1842241986256403], [9.615075440925734, 1.0416016338404244], [9.838395471734083, 1.0058410366677013]]]}]}, "id": "000000000000000000f7", "properties": {"name": "Equatorial Guinea"}}, {"type": "Feature", "geometry": {"type": "GeometryCollection", "geometries": [{"type": "LineString", "coordinates": [[8.8142814453362, -0.8003536722955448], [8.738623646426964, -0.7360098169579343], [8.699592572636831, -0.6487311963589414]]}, {"type": "Polygon", "coordinates": [[[11.273296188640169, 1.0000078676186404], [9.838395471734083, 1.0058410366677013], [9.657901727101432, 1.0270391737177207], [9.567958139005441, 0.9162514421299923], [9.618183748722176, 0.5765358219567039], [9.309706711521054, 0.5950035924763836], [9.691226936824293, 0.13010783964371692], [9.495487212271058, 0.08341600740747798], [9.309850658767317, 0.3125481962024052], [9.190731074934522, -0.5471923636932939], [9.104896584112117, -0.6538420581164812], [8.963658373346645, -0.6600228604141183], [8.994465853943288, -0.7453085284307884], [8.94431018461548, -0.8217653656040514], [8.895137815237883, -0.7450420603777063], [8.8142814453362, -0.8003536722955448], [8.821853562723762, -0.9079370170530835], [8.919696985152084, -1.0072081277630223], [9.032083217997087, -1.2400881915901005], [9.015129518064048, -1.337616286125038], [9.91586343544163, -2.716473706500767], [10.657337267676567, -3.37032979471725], [10.680322844942326, -3.4654130379704453], [11.178982966337077, -3.924419001302242], [11.440744002057878, -3.5094959623619757], [11.708078011034614, -3.714517970072168], [11.835288015314141, -3.5894629977921335], [11.936613040132737, -3.2949600053470944], [11.713936992895329, -3.103327033858699], [11.791497963770396, -3.0484279812434294], [11.547402960816612, -2.8615789709624724], [11.584572025825576, -2.369286984958915], [11.640294017949621, -2.46139096604906], [11.72362296208513, -2.551048981182874], [11.987409006246862, -2.3425339954856454], [12.460436980996022, -2.4230537413374966], [12.507422994809676, -2.3438869852633113], [12.456768972416176, -1.9598480103268299], [12.719684011758847, -1.8474499979824306], [13.036952987681424, -2.3238509878336324], [13.315333962146983, -2.3950290045751097], [13.404891967468055, -2.419448019736794], [13.72821301029892, -2.1611139691587935], [13.918408966750242, -2.4948269675310555], [14.258003987496444, -2.348643034972504], [14.229105001486337, -2.195520989311669], [14.484437035778148, -1.5665660247669975], [14.434001961284626, -0.5019380104648633], [14.205352006289925, -0.44110199656985816], [14.151078036509098, -0.29134102624993385], [13.91520696788711, -0.22315200872763666], [13.827113025873468, -0.14331396536367544], [14.054640040486026, 0.4137699916411711], [14.481306022927846, 0.8566620221630175], [14.191009963978727, 1.3868210063576454], [13.856476976073406, 1.4314360304075295], [13.696625002566769, 1.3465609918956745], [13.151900975426187, 1.2373040218669222], [13.230586034208015, 1.4141719817728653], [13.125295024977188, 1.5838470152541033], [13.139128018084072, 1.6728399751772756], [13.246943381765519, 2.2741075520297898], [11.359651172785112, 2.240672872315824], [11.273296188640169, 1.0000078676186404]], [[9.766655800572588, 0.07645103785054234], [9.792948902975935, 0.1709156393838317], [9.691226936824293, 0.13010783964371692], [9.766655800572588, 0.07645103785054234]]]}]}, "id": "000000000000000000f9", "properties": {"name": "Gabon"}}, {"type": "Feature", "geometry": {"type": "GeometryCollection", "geometries": [{"type": "LineString", "coordinates": [[-64.27802578423085, -22.750647893540002], [-64.33787442383269, -22.86643394246061]]}, {"type": "LineString", "coordinates": [[-57.56027299019754, -18.241447001045994], [-57.464112996515745, -18.223690977174716]]}, {"type": "Polygon", "coordinates": [[[-69.5749573686373, -10.950511634857861], [-68.69762938250032, -12.589033474965364], [-68.87626167088894, -12.978371817550277], [-68.86865765947381, -13.184621546842616], [-68.99913034604442, -13.742795988939989], [-68.82866698592031, -14.219803841864076], [-69.0052901624432, -14.333147544407495], [-69.35753048776019, -14.8106721911735], [-69.1194055201631, -15.258396838164671], [-69.38650848045236, -15.713497510132099], [-69.20451349502196, -16.162250362722194], [-68.82176390075664, -16.357959915063912], [-69.04022345215175, -16.573320890882606], [-69.60680729900521, -17.233971053498365], [-69.23112304745266, -17.98873835885896], [-69.10443999440417, -18.021811230293046], [-68.8523003024577, -19.064262680027422], [-68.42579819782613, -19.39462265703325], [-68.65719766444165, -19.76775810174766], [-68.53381997327764, -19.964344479461115], [-68.77369704364439, -20.12969978440147], [-68.6249515861698, -20.52802175180469], [-68.44373957640391, -20.645113651657617], [-68.54295837118761, -20.903674934197166], [-68.17957549834104, -21.39434139554137], [-67.85542755005153, -22.842671142823615], [-67.18069864507973, -22.813801272520983], [-66.63823463986238, -22.225574489179213], [-66.2836794259541, -22.030103871044613], [-66.23772572339433, -21.815904104743883], [-65.58238919040112, -22.094210039467033], [-64.61968754230242, -22.20479117811036], [-64.27802578423085, -22.750647893540002], [-63.931412382921565, -21.999343064026732], [-62.81337239417185, -21.99874966026256], [-62.72730264945424, -22.196409483117087], [-62.26377832377867, -20.79058253497604], [-62.07633892117954, -20.301473445737432], [-61.616689510945164, -19.61544329645651], [-59.46371558494731, -19.28963839098697], [-58.91371305533791, -19.378650116375393], [-58.20123639533536, -19.86304939787232], [-58.16651599182961, -20.1681049625082], [-57.865921005666024, -19.98841301212754], [-58.131153000607945, -19.758446030383805], [-57.71983799918867, -18.899065019055055], [-57.56027299019754, -18.241447001045994], [-57.8834420134851, -17.4495420066557], [-58.18539697660632, -17.39148503371894], [-58.45675196928011, -16.93995699989407], [-58.30708099457222, -16.304169029629914], [-60.173672041328864, -16.26665703065856], [-60.23909897861657, -15.474511997452709], [-60.57497700325551, -15.097745008997112], [-60.245063034183, -15.097173008910952], [-60.39548500153582, -14.364309982800599], [-60.43121301441465, -14.067758035812794], [-60.57887695851349, -13.755656023014836], [-61.139619032402166, -13.52898397267275], [-61.805803994318886, -13.529554973872434], [-62.235767020072835, -13.117049985602488], [-62.850263976287245, -12.940932969356568], [-63.153516984331105, -12.6294109660574], [-63.51443995548655, -12.554936989679849], [-63.88516200612048, -12.446381021186056], [-64.43196800041726, -12.421446994454588], [-64.61621902796806, -12.21471699359861], [-65.02708196179455, -11.974924987068587], [-65.08813903179093, -11.709379963152706], [-65.25947495480229, -11.710081012076824], [-65.29486099959652, -11.023615035812181], [-65.39041096694889, -10.381559798969178], [-65.3205210358821, -9.814532003500746], [-65.44680102294033, -9.669694998917784], [-65.55474002142539, -9.841906023809457], [-65.64735501382637, -9.791470003739203], [-65.73602702706636, -9.76670499369954], [-66.51674996033123, -9.883179976539862], [-66.60911004289372, -9.895181037244646], [-67.0893659684919, -10.289135000367908], [-67.17098296839396, -10.337823957876134], [-67.65383300073994, -10.611121963848937], [-67.84856698435624, -10.647767017119396], [-68.15373398540018, -10.820340986739678], [-68.71064196540426, -11.131208980173602], [-68.9516790244615, -10.988817029597442], [-69.5749573686373, -10.950511634857861]]]}]}, "id": "00000000000000000028", "properties": {"name": "Bolivia"}}, {"type": "Feature", "geometry": {"type": "GeometryCollection", "geometries": [{"type": "Point", "coordinates": [-80.10211180789321, -26.295028647497183]}, {"type": "Point", "coordinates": [-79.8759689476641, -26.342193588681955]}, {"type": "Point", "coordinates": [-105.462499978575, -26.45361102664768]}, {"type": "LineString", "coordinates": [[-74.7133864786889, -44.66374971107669], [-74.81044773810756, -44.60169598682162]]}, {"type": "LineString", "coordinates": [[-75.12833407349781, -44.92627718973142], [-75.16877742366148, -44.780860930732196]]}, {"type": "LineString", "coordinates": [[-74.46002964184464, -47.18041609772627], [-74.32839201696098, -47.10625074885435]]}, {"type": "LineString", "coordinates": [[-67.09083555227724, -55.912528954952236], [-67.07252506714275, -55.82252886410851]]}, {"type": "LineString", "coordinates": [[-74.13669583587901, -53.34461212609254], [-74.05088800045684, -53.269973754229156]]}, {"type": "LineString", "coordinates": [[-66.66085820071754, -55.23333359219516], [-66.52835853199632, -55.17958447339893]]}, {"type": "LineString", "coordinates": [[-78.93919368426185, -33.67874908757231], [-78.83419802277592, -33.65130617601922]]}, {"type": "LineString", "coordinates": [[-74.20169062309479, -52.23714068762263], [-74.28416447675014, -52.161666865926534], [-74.42839056092916, -52.14374921092081]]}, {"type": "LineString", "coordinates": [[-109.33166499775216, -27.14544491006759], [-109.23374934730093, -27.098361949313563]]}, {"type": "LineString", "coordinates": [[-72.4992218662354, -54.35502624251205], [-72.33919524192225, -54.37666698573888]]}, {"type": "LineString", "coordinates": [[-75.0283356151923, -51.73544309118674], [-74.88088988531335, -51.71505741234461], [-74.82174682948866, -51.63124846312231]]}, {"type": "LineString", "coordinates": [[-73.87335970836875, -53.54372403044233], [-73.54083253082848, -53.57919309041855]]}, {"type": "LineString", "coordinates": [[-74.4225005893307, -44.83127594249564], [-74.2767257480718, -44.80211255827636]]}, {"type": "LineString", "coordinates": [[-74.6816940380965, -52.33041762118217], [-74.72672269497481, -52.23374937529184], [-74.8649978381217, -52.19877623365103]]}, {"type": "LineString", "coordinates": [[-74.10166934094262, -44.47791672974402], [-74.23002626156283, -44.49041747766307]]}, {"type": "LineString", "coordinates": [[-67.69419095629851, -55.880001098500635], [-67.57089227749252, -55.807529443093415], [-67.53672027030905, -55.89961240398852], [-67.69419095629851, -55.880001098500635], [-67.85089116546035, -55.833332032558815]]}, {"type": "LineString", "coordinates": [[-74.03258510471015, -44.33294298339484], [-73.99749759453258, -44.23213956856724]]}, {"type": "LineString", "coordinates": [[-75.36499786331088, -47.789585137964174], [-75.09333034031327, -47.76377870505729], [-75.10839084665135, -47.672084788628474]]}, {"type": "LineString", "coordinates": [[-74.80213930048706, -48.054222077414664], [-74.81791687436022, -47.952499376686504]]}, {"type": "LineString", "coordinates": [[-73.91005702616118, -43.85544587374047], [-73.79419708852677, -43.82208253075459]]}, {"type": "LineString", "coordinates": [[-73.94335942928342, -44.54211042565593], [-73.80208586404673, -44.62252807051862], [-73.9433059722202, -44.69961168397636]]}, {"type": "LineString", "coordinates": [[-67.45172127048541, -55.74627683002873], [-67.49508662872555, -55.65547182060044]]}, {"type": "LineString", "coordinates": [[-75.45658111551808, -48.597110762478344], [-75.55330655599968, -48.70041656226831], [-75.63385773798855, -48.627445237005105]]}, {"type": "LineString", "coordinates": [[-74.08127597527005, -45.56752775255011], [-73.95458224095363, -45.46163940309283]]}, {"type": "LineString", "coordinates": [[-73.82669066515402, -47.93208311344554], [-73.84088890922932, -47.83711245096754]]}, {"type": "LineString", "coordinates": [[-74.37633518035683, -45.45916748209781], [-74.26044468503255, -45.500026693523836]]}, {"type": "LineString", "coordinates": [[-73.8725815455183, -52.56916806507299], [-74.02424625280382, -52.566696149761746], [-73.97836306207962, -52.66547390242529]]}, {"type": "LineString", "coordinates": [[-75.47533411024547, -48.98752596376147], [-75.37333682200345, -49.06127929427732]]}, {"type": "LineString", "coordinates": [[-75.22422024135003, -49.14752963373838], [-75.40589139198104, -49.1700553513649]]}, {"type": "LineString", "coordinates": [[-70.9999999854887, -54.979583719173284], [-71.09175114648514, -54.905445119549306], [-70.93583676696532, -54.88169476185144]]}, {"type": "LineString", "coordinates": [[-71.09175114648514, -54.905445119549306], [-71.18003077517643, -54.82544325763685], [-71.42580414756826, -54.93752669245893]]}, {"type": "LineString", "coordinates": [[-75.21669773474396, -51.472888967735464], [-75.0766143966198, -51.41374969556018]]}, {"type": "LineString", "coordinates": [[-75.09586334499689, -51.324195825681876], [-74.91921997398362, -51.289196037905654]]}, {"type": "LineString", "coordinates": [[-74.72922512715104, -50.84585955053219], [-74.60669709505638, -50.798805206209174], [-74.6416931237049, -50.711250309807184]]}, {"type": "LineString", "coordinates": [[-74.80666350431093, -50.66291811947879], [-74.95419313143256, -50.74172214248881]]}, {"type": "LineString", "coordinates": [[-74.99999997909909, -48.48714068153423], [-75.04988862970725, -48.401248933280066]]}, {"type": "LineString", "coordinates": [[-74.80547335078276, -48.27752684633248], [-74.86047364229186, -48.16249846219958], [-74.96966550447185, -48.21669385141659]]}, {"type": "LineString", "coordinates": [[-75.15372465372899, -48.15580370331662], [-75.26875304595899, -48.25669475486673]]}, {"type": "LineString", "coordinates": [[-74.56671911042925, -51.21127698703389], [-74.5092239449058, -51.295028663982436]]}, {"type": "LineString", "coordinates": [[-74.50505822606435, -50.50875093763515], [-74.6142807259413, -50.447498328524226]]}, {"type": "LineString", "coordinates": [[-71.79421997708927, -54.34336086209668], [-71.93258668123715, -54.28669356635049]]}, {"type": "LineString", "coordinates": [[-71.7608336675687, -54.20663834745032], [-71.79421997708927, -54.34336086209668], [-71.74083704204565, -54.47166823168736], [-71.89758298377139, -54.48586274639985], [-71.91166683512488, -54.5762481862958]]}, {"type": "LineString", "coordinates": [[-71.26088714140104, -54.02166745896794], [-71.49172209900289, -54.00214002931489]]}, {"type": "LineString", "coordinates": [[-71.10671993009814, -54.337112399600336], [-71.19838715983887, -54.452945740237716]]}, {"type": "LineString", "coordinates": [[-74.8125534219908, -50.98830412258486], [-74.89752960467453, -51.061668375515005], [-74.6275558596832, -51.09836196726433]]}, {"type": "LineString", "coordinates": [[-73.08833307063783, -53.392917649005476], [-73.1875000390992, -53.32500077193536]]}, {"type": "LineString", "coordinates": [[-73.39663697848964, -53.19127652986966], [-73.57675170383393, -53.12294386798167]]}, {"type": "LineString", "coordinates": [[-73.5008926247836, -53.25999833545655], [-73.64841466234223, -53.21544265216699]]}, {"type": "LineString", "coordinates": [[-74.65091711973464, -52.82669447744974], [-74.67919155184862, -52.73749926910333]]}, {"type": "LineString", "coordinates": [[-72.59757992261216, -52.805831896898056], [-72.38166802839956, -52.81458285559089]]}, {"type": "LineString", "coordinates": [[-72.6325301760693, -54.02999874669683], [-72.54172514078326, -54.102890038011566]]}, {"type": "LineString", "coordinates": [[-72.65416725740761, -53.58577725374589], [-72.58663945437068, -53.50291825761196]]}, {"type": "LineString", "coordinates": [[-73.46749871821288, -53.70252610268706], [-73.57255550016056, -53.77086260328969]]}, {"type": "LineString", "coordinates": [[-68.40841680124858, -55.327110291624756], [-68.15838619103732, -55.383750912805205]]}, {"type": "LineString", "coordinates": [[-74.93252562351921, -48.82130430622629], [-75.01658627072348, -48.89294433034889]]}, {"type": "LineString", "coordinates": [[-74.79257964133028, -49.00500108481447], [-74.96710963149086, -48.98086169324792]]}, {"type": "LineString", "coordinates": [[-75.13080600007152, -49.84585954575951], [-75.00497431802386, -49.91291808828204], [-74.94836426246935, -49.81294635614018]]}, {"type": "LineString", "coordinates": [[-70.27922061035703, -52.80511090853752], [-70.42082981294229, -52.77677919618565]]}, {"type": "LineString", "coordinates": [[-69.71849827450097, -54.31044387146432], [-69.98850248142766, -54.26205444241899]]}, {"type": "LineString", "coordinates": [[-71.40752411997875, -54.4058609269387], [-71.34341426500916, -54.32127758353131]]}, {"type": "LineString", "coordinates": [[-71.57924649680426, -54.47586058828351], [-71.74083704204565, -54.47166823168736], [-71.67833708020423, -54.563777916409435]]}, {"type": "LineString", "coordinates": [[-71.47338867872708, -54.69127652509564], [-71.32917027948396, -54.618331915724944], [-71.13755791115842, -54.68169403939818]]}, {"type": "LineString", "coordinates": [[-71.03755189064678, -54.59500120934903], [-71.13755791115842, -54.68169403939818], [-71.19000243241625, -54.5745849655854]]}, {"type": "LineString", "coordinates": [[-70.91838834632784, -54.69127657923663], [-71.0325851936129, -54.75336074965328]]}, {"type": "LineString", "coordinates": [[-69.21633787211887, -52.15061391269042], [-68.41857293958226, -52.38288194461684]]}, {"type": "LineString", "coordinates": [[-73.14169308817556, -41.76958462275732], [-73.26505278777218, -41.792110421203525]]}, {"type": "LineString", "coordinates": [[-72.89424892290941, -43.58050155983421], [-72.98889156593495, -43.68844604198073]]}, {"type": "LineString", "coordinates": [[-73.5408630283088, -46.243751489160054], [-73.7263031380397, -46.27169416966146]]}, {"type": "LineString", "coordinates": [[-73.91672516908372, -46.502944947313615], [-73.77541348106867, -46.52666856212204]]}, {"type": "LineString", "coordinates": [[-74.00588993357213, -46.156250009891025], [-73.9512481326793, -46.06999967385536], [-74.06710814513285, -46.01836013259349]]}, {"type": "LineString", "coordinates": [[-74.83999637754982, -45.92297363498268], [-74.80419161622737, -45.82877730685161]]}, {"type": "LineString", "coordinates": [[-74.96169283619403, -45.881278984287626], [-75.05124669555876, -45.98419570232968]]}, {"type": "LineString", "coordinates": [[-74.79250339436184, -46.18044282863408], [-74.88586428226499, -46.115417489027685]]}, {"type": "LineString", "coordinates": [[-75.56830595373974, -46.609638246780875], [-75.47463986138807, -46.53669354553523]]}, {"type": "LineString", "coordinates": [[-73.71755217983365, -48.13627625053541], [-73.56842047541123, -48.11544416445515]]}, {"type": "LineString", "coordinates": [[-74.38922116824504, -49.76502605019985], [-74.25008392585632, -49.74211122932378]]}, {"type": "LineString", "coordinates": [[-74.48505401853664, -50.073776228323474], [-74.62836451467773, -50.06377792249303]]}, {"type": "LineString", "coordinates": [[-73.58171845235115, -51.920444503799715], [-73.54252625270583, -51.81085964582506]]}, {"type": "LineString", "coordinates": [[-72.89600373958162, -51.78913880485278], [-73.04419703939175, -51.805862450369425]]}, {"type": "LineString", "coordinates": [[-73.37422173403777, -52.841693888542316], [-73.5225295360899, -52.855834978410776]]}, {"type": "Polygon", "coordinates": [[[-109.4504699625072, -27.19083402147747], [-109.33166499775216, -27.14544491006759], [-109.40547178746326, -27.070028307806695], [-109.4504699625072, -27.19083402147747]]]}, {"type": "Polygon", "coordinates": [[[-75.28169256490796, -51.65124890006964], [-75.17086023041591, -51.59252930884945], [-75.21669773474396, -51.472888967735464], [-75.28169256490796, -51.65124890006964]]]}, {"type": "Polygon", "coordinates": [[[-74.70339196911198, -51.30544282269099], [-74.58174897255796, -51.40044406435542], [-74.5092239449058, -51.295028663982436], [-74.70339196911198, -51.30544282269099]]]}, {"type": "Polygon", "coordinates": [[[-74.76758582694875, -50.75416562258788], [-74.6416931237049, -50.711250309807184], [-74.80666350431093, -50.66291811947879], [-74.76758582694875, -50.75416562258788]]]}, {"type": "Polygon", "coordinates": [[[-74.88008121928294, -48.90797039702708], [-75.01658627072348, -48.89294433034889], [-74.96710963149086, -48.98086169324792], [-74.88008121928294, -48.90797039702708]]]}, {"type": "Polygon", "coordinates": [[[-75.01916501913082, -47.93127819805572], [-75.15416720887562, -47.93877794048264], [-75.12750241481874, -48.04630662080731], [-75.01916501913082, -47.93127819805572]]]}, {"type": "Polygon", "coordinates": [[[-72.47422022808085, -53.97000120333888], [-72.54172514078326, -54.102890038011566], [-72.33249668606422, -54.004196178092386], [-72.47422022808085, -53.97000120333888]]]}, {"type": "Polygon", "coordinates": [[[-71.48752598499223, -54.601696014936856], [-71.66500090038333, -54.65877913667009], [-71.47338867872708, -54.69127652509564], [-71.48752598499223, -54.601696014936856]]]}, {"type": "Polygon", "coordinates": [[[-74.71422580673132, -45.89963911444976], [-74.6559142846755, -45.758804328487834], [-74.80419161622737, -45.82877730685161], [-74.71422580673132, -45.89963911444976]]]}, {"type": "Polygon", "coordinates": [[[-74.40586089143184, -45.81624981928111], [-74.39833068538296, -45.7020836129501], [-74.54544068171218, -45.70750049082621], [-74.40586089143184, -45.81624981928111]]]}, {"type": "Polygon", "coordinates": [[[-74.4225005893307, -44.83127594249564], [-74.31255338563906, -44.71211242600199], [-74.53463741094585, -44.7508621439697], [-74.4225005893307, -44.83127594249564]]]}, {"type": "Polygon", "coordinates": [[[-74.80249784319872, -43.682918516632064], [-74.61088558725741, -43.64708330694833], [-74.8300857456909, -43.57044599248009], [-74.80249784319872, -43.682918516632064]]]}, {"type": "Polygon", "coordinates": [[[-70.4933853056325, -54.89877704614648], [-70.47416693914609, -54.98838804128979], [-70.3441696549726, -54.9267234788544], [-70.4933853056325, -54.89877704614648]]]}, {"type": "Polygon", "coordinates": [[[-73.95458224095363, -45.46163940309283], [-73.88758087093278, -45.58544537814699], [-73.75538634290173, -45.525833144376755], [-73.95458224095363, -45.46163940309283]]]}, {"type": "Polygon", "coordinates": [[[-73.93541714100594, -43.953334809057], [-73.91005702616118, -43.85544587374047], [-74.14588926754517, -43.83877946543261], [-73.93541714100594, -43.953334809057]]]}, {"type": "Polygon", "coordinates": [[[-67.25247184952757, -55.78836061714031], [-67.30758667593288, -55.699195854754926], [-67.45172127048541, -55.74627683002873], [-67.25247184952757, -55.78836061714031]]]}, {"type": "Polygon", "coordinates": [[[-67.30758667593288, -55.699195854754926], [-67.3608856332463, -55.60586168360648], [-67.49508662872555, -55.65547182060044], [-67.30758667593288, -55.699195854754926]]]}, {"type": "Polygon", "coordinates": [[[-66.99336250308176, -55.339584332800555], [-66.85919189296284, -55.25005721584553], [-67.08914179347074, -55.20002745106821], [-66.99336250308176, -55.339584332800555]]]}, {"type": "Polygon", "coordinates": [[[-75.45749669511393, -49.26255414015282], [-75.40589139198104, -49.1700553513649], [-75.37333682200345, -49.06127929427732], [-75.57419585362386, -49.14088824822028], [-75.45749669511393, -49.26255414015282]]]}, {"type": "Polygon", "coordinates": [[[-75.29953002690881, -48.97922135631613], [-75.36264033954306, -48.83794406218945], [-75.608833328822, -48.87333296228464], [-75.47533411024547, -48.98752596376147], [-75.29953002690881, -48.97922135631613]]]}, {"type": "Polygon", "coordinates": [[[-74.16752629365168, -52.41166683927178], [-74.02755740935855, -52.38336184806613], [-74.05755612413304, -52.21916581659787], [-74.20169062309479, -52.23714068762263], [-74.16752629365168, -52.41166683927178]]]}, {"type": "Polygon", "coordinates": [[[-72.4950027398284, -54.26047131013349], [-72.32336429745536, -54.2671127436124], [-72.29924773615659, -54.09422301005936], [-72.41172026045388, -54.15630719060098], [-72.4950027398284, -54.26047131013349]]]}, {"type": "Polygon", "coordinates": [[[-71.56758121046533, -54.086692823147466], [-71.7608336675687, -54.20663834745032], [-71.62010952631005, -54.24963757241901], [-71.47919462666965, -54.210029635794236], [-71.56758121046533, -54.086692823147466]]]}, {"type": "Polygon", "coordinates": [[[-74.6559142846755, -45.758804328487834], [-74.54544068171218, -45.70750049082621], [-74.48377991601915, -45.627498649416566], [-74.67539216718548, -45.66666795124487], [-74.6559142846755, -45.758804328487834]]]}, {"type": "Polygon", "coordinates": [[[-74.53463741094585, -44.7508621439697], [-74.4100265127295, -44.62880708720506], [-74.55416867951703, -44.62127685762032], [-74.7133864786889, -44.66374971107669], [-74.53463741094585, -44.7508621439697]]]}, {"type": "Polygon", "coordinates": [[[-74.35585788965463, -44.507945993383956], [-74.23002626156283, -44.49041747766307], [-74.43755340777605, -44.43627927853118], [-74.5596389322074, -44.48083495434752], [-74.35585788965463, -44.507945993383956]]]}, {"type": "Polygon", "coordinates": [[[-73.72255706285888, -44.729583733441316], [-73.62838743605789, -44.659610769796856], [-73.7346419844418, -44.543361664611375], [-73.80208586404673, -44.62252807051862], [-73.72255706285888, -44.729583733441316]]]}, {"type": "Polygon", "coordinates": [[[-68.12999721371392, -55.667137107875654], [-68.04750060225341, -55.4683609244878], [-68.15838619103732, -55.383750912805205], [-68.37999723414481, -55.45964048797419], [-68.12999721371392, -55.667137107875654]]]}, {"type": "Polygon", "coordinates": [[[-73.64841466234223, -53.21544265216699], [-73.57675170383393, -53.12294386798167], [-73.72174834150569, -53.09455490774802], [-73.86916344691876, -53.070888548276926], [-73.7875518656186, -53.17916490161687], [-73.64841466234223, -53.21544265216699]]]}, {"type": "Polygon", "coordinates": [[[-74.99172211329531, -48.11711119927189], [-74.86047364229186, -48.16249846219958], [-74.80213930048706, -48.054222077414664], [-74.97538756016834, -48.022499049943164], [-75.12750241481874, -48.04630662080731], [-74.99172211329531, -48.11711119927189]]]}, {"type": "Polygon", "coordinates": [[[-74.81791687436022, -47.952499376686504], [-74.79547117204211, -47.86333464551984], [-74.93005370571323, -47.862915006907215], [-75.01916501913082, -47.93127819805572], [-74.97538756016834, -48.022499049943164], [-74.81791687436022, -47.952499376686504]]]}, {"type": "Polygon", "coordinates": [[[-71.67833708020423, -54.563777916409435], [-71.91166683512488, -54.5762481862958], [-71.97589112977828, -54.668388384221814], [-71.82174684911459, -54.652942653723834], [-71.66500090038333, -54.65877913667009], [-71.67833708020423, -54.563777916409435]]]}, {"type": "Polygon", "coordinates": [[[-70.72422029634487, -55.02669524408383], [-70.780891445358, -54.924194339427636], [-70.93583676696532, -54.88169476185144], [-70.9999999854887, -54.979583719173284], [-70.92841334552496, -55.08705522777114], [-70.72422029634487, -55.02669524408383]]]}, {"type": "Polygon", "coordinates": [[[-73.99749759453258, -44.23213956856724], [-73.83586122085126, -44.19961166020863], [-73.87335972064636, -44.11291501681502], [-73.99671937933462, -44.138748136822215], [-74.10710909140347, -44.18669513530162], [-73.99749759453258, -44.23213956856724]]]}, {"type": "Polygon", "coordinates": [[[-73.90919494037664, -51.77750015867558], [-73.98422239702708, -51.679164849618616], [-73.92749785531808, -51.587528259137514], [-74.15005491022455, -51.602111816092574], [-74.17255405150996, -51.69586185834732], [-74.06002810485901, -51.787918075901594], [-73.90919494037664, -51.77750015867558]]]}, {"type": "Polygon", "coordinates": [[[-75.41672514798172, -46.67297365515075], [-75.56830595373974, -46.609638246780875], [-75.51916500524474, -46.7595825137992], [-75.56297307907339, -46.84583280216769], [-75.30752566126807, -46.946304310913995], [-75.35289002184324, -46.765026103560174], [-75.41672514798172, -46.67297365515075]]]}, {"type": "Polygon", "coordinates": [[[-73.68211361149027, -45.61333463207768], [-73.88758087093278, -45.58544537814699], [-74.08127597527005, -45.56752775255011], [-74.07041935225686, -45.658332831797736], [-73.99005889102118, -45.7304458424689], [-73.88583371882882, -45.6771126058466], [-73.68211361149027, -45.61333463207768]]]}, {"type": "Polygon", "coordinates": [[[-70.48752596663424, -55.2000008081815], [-70.36672211005126, -55.136249508883964], [-70.27255251762988, -55.063304868611645], [-70.47416693914609, -54.98838804128979], [-70.72422029634487, -55.02669524408383], [-70.68675238629118, -55.125389100405904], [-70.57338711358157, -55.06208421985521], [-70.48752596663424, -55.2000008081815]]]}, {"type": "Polygon", "coordinates": [[[-75.27419277881572, -50.797527290729406], [-75.2683639991904, -50.657916998234285], [-75.06253055984877, -50.50083159396172], [-75.29505916448993, -50.52880479861837], [-75.41583252051545, -50.46913909873215], [-75.38333131522522, -50.600444794078804], [-75.40502926847354, -50.692081488112805], [-75.44002531220765, -50.78047176125342], [-75.27419277881572, -50.797527290729406]]]}, {"type": "Polygon", "coordinates": [[[-74.8866424312637, -51.47211072733198], [-74.75083160812085, -51.42919537899447], [-74.70339196911198, -51.30544282269099], [-74.56671911042925, -51.21127698703389], [-74.91921997398362, -51.289196037905654], [-74.87416838836302, -51.38169479745978], [-75.09586334499689, -51.324195825681876], [-75.0766143966198, -51.41374969556018], [-74.8866424312637, -51.47211072733198]]]}, {"type": "Polygon", "coordinates": [[[-74.39833068538296, -45.7020836129501], [-74.26672364734456, -45.693748497956335], [-74.19628141860102, -45.616695433410484], [-74.26044468503255, -45.500026693523836], [-74.31838995097947, -45.58211133526871], [-74.37633518035683, -45.45916748209781], [-74.45791624722371, -45.538333879496435], [-74.48377991601915, -45.627498649416566], [-74.39833068538296, -45.7020836129501]]]}, {"type": "Polygon", "coordinates": [[[-67.34502405710974, -55.29958341214589], [-67.08914179347074, -55.20002745106821], [-67.22663870956293, -54.95461275748048], [-68.36941529214359, -54.93341823676376], [-68.02674867705304, -55.230415352524595], [-67.86497505444794, -55.25377653877854], [-67.69999692695714, -55.26377868914882], [-67.48166652602694, -55.17958451662455], [-67.34502405710974, -55.29958341214589]]]}, {"type": "Polygon", "coordinates": [[[-73.46086121017485, -52.69749828228009], [-73.72922515616493, -52.65002822810147], [-73.54000095805571, -52.58711241253734], [-73.72330470793702, -52.5595817864206], [-73.68255614030868, -52.45330432672054], [-73.8458862191745, -52.45413966708465], [-73.8725815455183, -52.56916806507299], [-73.97836306207962, -52.66547390242529], [-73.72086330231129, -52.74333190959767], [-73.46086121017485, -52.69749828228009]]]}, {"type": "Polygon", "coordinates": [[[-74.2767257480718, -44.80211255827636], [-74.18839258391795, -44.72958376607546], [-74.06833648510512, -44.75960919807746], [-73.9433059722202, -44.69961168397636], [-73.94335942928342, -44.54211042565593], [-74.10166934094262, -44.47791672974402], [-74.04922484598058, -44.59960939587428], [-74.4100265127295, -44.62880708720506], [-74.31255338563906, -44.71211242600199], [-74.2767257480718, -44.80211255827636]]]}, {"type": "Polygon", "coordinates": [[[-74.93922419777039, -52.07916643987494], [-74.88092037102567, -51.98669431972995], [-74.80416868869247, -51.89752958239122], [-74.75588992845287, -51.79916765911142], [-74.88088988531335, -51.71505741234461], [-74.96424863553945, -51.83499904967116], [-75.0283356151923, -51.73544309118674], [-75.12419132213662, -51.82249828701366], [-75.05586239016623, -51.919166537043374], [-75.05416870506103, -52.011665351505854], [-74.93922419777039, -52.07916643987494]]]}, {"type": "Polygon", "coordinates": [[[-74.14669807089602, -51.97127912319543], [-74.0467223984326, -52.04711153268301], [-73.85422520735725, -52.11836244303096], [-73.67836001717149, -52.16544341240967], [-73.72174831988166, -52.07708355074275], [-73.83758545475162, -52.01588822624878], [-74.05588537777783, -51.88083264647674], [-74.35588836845311, -51.745887771361716], [-74.49669647779471, -51.712944059412536], [-74.2959137278858, -51.9058609199313], [-74.14669807089602, -51.97127912319543]]]}, {"type": "Polygon", "coordinates": [[[-73.86916344691876, -53.070888548276926], [-73.95588679731512, -52.99666594414416], [-74.10671993750603, -52.992942831426056], [-74.2559203767529, -52.97666550861044], [-74.35749821346064, -52.9008903290259], [-74.4934158993371, -52.85297390531084], [-74.65091711973464, -52.82669447744974], [-74.59255221654014, -52.92080691166875], [-74.47333529107752, -52.977943447406446], [-74.3491973971301, -53.05005643486361], [-74.05171967805808, -53.11125187467535], [-73.86916344691876, -53.070888548276926]]]}, {"type": "Polygon", "coordinates": [[[-71.10671993009814, -54.337112399600336], [-70.97919464055768, -54.285831433674254], [-70.88588710491369, -54.21250154129186], [-71.02583308108308, -54.16588974064584], [-71.05088802843049, -54.074165355175836], [-71.22083278358546, -54.15583417724575], [-71.26088714140104, -54.02166745896794], [-71.39091486315073, -54.08416749813803], [-71.47919462666965, -54.210029635794236], [-71.32752993114562, -54.226696022149774], [-71.34341426500916, -54.32127758353131], [-71.10671993009814, -54.337112399600336]]]}, {"type": "Polygon", "coordinates": [[[-75.30425259956073, -50.413360618197885], [-75.16083522305647, -50.390861544380925], [-74.86502843160429, -50.23291777302653], [-74.76169587650887, -50.15458296228063], [-74.77672581316546, -50.05710985221142], [-74.93585969131097, -50.127498664392846], [-75.0791702120971, -50.06997295277649], [-75.21755220337063, -50.03919603048664], [-75.34085844262883, -50.08419415570422], [-75.17671972994239, -50.153778052341956], [-75.39416508600276, -50.1675262457226], [-75.45749663041624, -50.365001657783765], [-75.29922484562154, -50.32336044313443], [-75.30425259956073, -50.413360618197885]]]}, {"type": "Polygon", "coordinates": [[[-71.39091486315073, -54.08416749813803], [-71.49172209900289, -54.00214002931489], [-71.64424903703089, -53.98002621597094], [-71.86419674096814, -53.87502667608104], [-72.08330529636446, -53.96963883517558], [-72.33249668606422, -54.004196178092386], [-72.29924773615659, -54.09422301005936], [-72.14002993622044, -54.08458326666658], [-72.00755306620347, -54.13999934649693], [-71.93258668123715, -54.28669356635049], [-71.7608336675687, -54.20663834745032], [-71.82919316209656, -54.11249925903522], [-71.56758121046533, -54.086692823147466], [-71.39091486315073, -54.08416749813803]]]}, {"type": "Polygon", "coordinates": [[[-74.6683578613845, -51.009582487763], [-74.6275558596832, -51.09836196726433], [-74.35591890243852, -51.03586200112115], [-74.2916641463821, -50.84711076687055], [-74.48413854310941, -50.84833142760494], [-74.37249752151278, -50.73916627899536], [-74.60669709505638, -50.798805206209174], [-74.6183624463864, -50.9037208956043], [-74.72922512715104, -50.84585955053219], [-74.76758582694875, -50.75416562258788], [-74.95419313143256, -50.74172214248881], [-74.86833184446031, -50.87294390582057], [-74.95083613359611, -50.94666674660668], [-74.8125534219908, -50.98830412258486], [-74.6683578613845, -51.009582487763]]]}, {"type": "Polygon", "coordinates": [[[-74.18839265902484, -45.181278257151995], [-74.40628053487431, -45.243362411818964], [-74.50836183692562, -45.302112558942575], [-74.37633518035683, -45.45916748209781], [-74.2283859140597, -45.360443141479365], [-74.27216341759771, -45.26586148964281], [-73.94088744979338, -45.36875152269237], [-73.69758607940936, -45.288722973953696], [-73.70207974842728, -45.10502620834382], [-73.776695290521, -45.024612405643076], [-73.74669652014458, -44.89714047525388], [-73.92461400109906, -44.80919264594557], [-73.9004134930396, -44.899166087263346], [-74.33669280742888, -44.97211075444012], [-74.18669128040565, -45.00297165272984], [-74.1554412675244, -45.09169386413991], [-74.18839265902484, -45.181278257151995]]]}, {"type": "Polygon", "coordinates": [[[-72.80921933095047, -54.12919614954401], [-72.6325301760693, -54.02999874669683], [-72.47422022808085, -53.97000120333888], [-72.3507766302159, -53.87508394470044], [-72.22911070964531, -53.72919461747244], [-72.40080260259468, -53.68336103832833], [-72.45747371193163, -53.58086014064081], [-72.65416725740761, -53.58577725374589], [-72.81083678575, -53.54166795189064], [-72.73078155438498, -53.463306448950206], [-72.89913945667791, -53.46741483987936], [-73.08833307063783, -53.392917649005476], [-73.22086334108278, -53.51502610929712], [-73.40422063409176, -53.49586106139769], [-73.54083253082848, -53.57919309041855], [-73.66833500961125, -53.685417194601186], [-73.46749871821288, -53.70252610268706], [-73.2925567993463, -53.7916679100745], [-73.30496974575337, -53.98541640758675], [-73.35919182292524, -54.1216659828974], [-73.19921880423279, -54.110889408465916], [-73.1500854322116, -54.01047132162796], [-73.02666477582504, -53.88377758674934], [-72.82669064858386, -53.863750471113875], [-72.88586433718137, -54.045860262889995], [-73.02339169382533, -54.09458160966816], [-72.80921933095047, -54.12919614954401]]]}, {"type": "Polygon", "coordinates": [[[-69.81339261972914, -54.868778241805785], [-69.92427829887687, -54.94005585908863], [-69.84002690580702, -55.045417810420155], [-70.01833346153833, -55.157917014570614], [-69.85250090815605, -55.16002650855299], [-69.89255527146989, -55.25749972027436], [-69.72000121268297, -55.31791689860761], [-69.58499913461249, -55.37125016850227], [-69.44169621497983, -55.41294482208379], [-69.33674613614308, -55.480445884165135], [-69.12086487763901, -55.45750045195314], [-69.23002624068711, -55.390415201669214], [-69.33505246254964, -55.31877894358179], [-69.4059142494851, -55.23002624603593], [-69.27505494133626, -55.177082055524934], [-69.11750036345872, -55.20336152441901], [-68.89258580296693, -55.26836012073349], [-68.77841954449379, -55.34374998823457], [-68.97586061278449, -55.3858871611698], [-68.89669808540083, -55.49044416309947], [-68.77088925298796, -55.43419265928984], [-68.61172491248236, -55.44461058074535], [-68.37999723414481, -55.45964048797419], [-68.40841680124858, -55.327110291624756], [-68.29833218171322, -55.24625014470852], [-68.40916441953185, -55.18080517064522], [-68.36941529214359, -54.93341823676376], [-68.52852639250804, -54.9280013807225], [-68.72180172475132, -54.85052871568234], [-68.62674711842902, -52.64611054695863], [-68.79264066137208, -52.575748415642614], [-69.15161132294693, -52.698028592326395], [-69.4066924531172, -52.47039031835917], [-69.53672025546989, -52.51622388747517], [-69.95505526484187, -52.85794451889783], [-70.27922061035703, -52.80511090853752], [-70.12916568014539, -53.00749973064706], [-70.43419651854028, -53.059192659904156], [-70.38677975372224, -53.39291759940105], [-69.95166784975719, -53.40288922742721], [-69.36583713022662, -53.37752914396233], [-69.56424707724739, -53.59833146894351], [-70.16425325982306, -53.842498754870526], [-70.04419708583461, -54.044193254358134], [-69.95772556116214, -54.119972263679784], [-69.15008540464856, -54.38969424507271], [-69.26086428920193, -54.49839018783187], [-69.71849827450097, -54.31044387146432], [-69.89761353949277, -54.426693002733046], [-70.03505708199907, -54.35961148435053], [-69.98850248142766, -54.26205444241899], [-70.13838959347461, -54.28625104174959], [-70.53925328581954, -54.08255387290723], [-70.54252620743415, -53.99252701107708], [-70.39252474229599, -54.0491676727074], [-70.43585973205869, -53.88499830363721], [-70.44755561221993, -53.711692795034985], [-70.45088957443929, -53.61836240594828], [-70.76836398511081, -53.82872388180519], [-70.85839082816743, -54.08380512105545], [-70.88588710491369, -54.21250154129186], [-70.8400268483544, -54.3262787075372], [-70.90914155220003, -54.41002659479856], [-70.93250272776702, -54.500862126126506], [-71.19838715983887, -54.452945740237716], [-71.40752411997875, -54.4058609269387], [-71.57924649680426, -54.47586058828351], [-71.67833708020423, -54.563777916409435], [-71.48752598499223, -54.601696014936856], [-71.32917027948396, -54.618331915724944], [-71.19000243241625, -54.5745849655854], [-71.03755189064678, -54.59500120934903], [-70.91838834632784, -54.69127657923663], [-70.8099745853817, -54.7571106234076], [-70.48755653397254, -54.80252835360359], [-70.30750276600072, -54.83752825808718], [-70.14497371372222, -54.84880446088394], [-69.9633864910746, -54.83880613357028], [-69.81339261972914, -54.868778241805785]], [[-70.64247127625812, -54.400028237012584], [-70.6300811570308, -54.28211208351491], [-70.8400268483544, -54.3262787075372], [-70.64247127625812, -54.400028237012584]], [[-70.64247127625812, -54.400028237012584], [-70.42247007184174, -54.42833327709352], [-70.49416347432502, -54.33002853492499], [-70.64247127625812, -54.400028237012584]], [[-70.18583675820643, -54.37916568655369], [-70.13838959347461, -54.28625104174959], [-70.29422000078895, -54.31255721729349], [-70.18583675820643, -54.37916568655369]], [[-69.77252958712198, -54.780860863596416], [-69.81339261972914, -54.868778241805785], [-69.63664251832395, -54.83541487638634], [-69.77252958712198, -54.780860863596416]], [[-68.606720009994, -55.07877729028598], [-68.57997137097621, -55.173751828472554], [-68.40916441953185, -55.18080517064522], [-68.606720009994, -55.07877729028598]]]}, {"type": "Polygon", "coordinates": [[[-73.54963685779414, -48.02505490314416], [-73.53091437336295, -47.929611185025124], [-73.67047124808335, -47.960029595356104], [-73.54963685779414, -48.02505490314416]]]}, {"type": "Polygon", "coordinates": [[[-71.60341646172542, -53.81124881328928], [-71.11172487897765, -53.85294340391414], [-70.81580354830967, -53.01002884733217], [-70.86672207851797, -52.91550061682171], [-70.7925796675012, -52.82677839293731], [-70.72914120626778, -52.724277520789904], [-70.58425138257323, -52.695972407590645], [-70.42082981294229, -52.77677919618565], [-69.84933471440932, -52.49994273696706], [-69.53672025546989, -52.51622388747517], [-69.21633787211887, -52.15061391269042], [-70.89694725133477, -52.00030787212301], [-72.02127827781014, -51.95489936987948], [-72.31851724422614, -51.61498318815068], [-72.4312998117566, -51.55586088017847], [-72.3119341784013, -51.39614621514743], [-72.30216381244885, -51.29113971645772], [-72.4155901290492, -50.62003508151092], [-73.1984674825038, -50.74102684175931], [-73.5580527489362, -49.919233768449324], [-73.41663848779518, -49.3204761655398], [-73.08896851068086, -49.25366892340939], [-72.74713240176112, -48.90782266307257], [-72.54092270479732, -48.63979420262373], [-72.50301292331675, -48.51880242692718], [-72.27789664044585, -48.27057645714296], [-72.4728201085775, -47.76012350851167], [-72.12708408267113, -47.32817748747436], [-71.88414970728671, -47.19623027952794], [-71.93404849554317, -46.854642194834206], [-71.64905648248627, -46.64049503815313], [-71.81523398745914, -46.1093026986521], [-71.61547356702364, -45.96977633897789], [-71.65980513320667, -45.88495809815114], [-71.69099013652308, -45.52559327226709], [-71.31978801173042, -45.293393852013665], [-71.71263924788704, -44.95576189364805], [-72.06860016632193, -44.78455323726487], [-71.25322877431508, -44.8014755136193], [-71.13937521270613, -44.466405514880115], [-71.83405807010462, -44.35494983551358], [-71.68212933066877, -43.904882512237414], [-71.61216634529497, -43.67661054141281], [-71.91982718175863, -43.41988199091672], [-71.72940980628861, -43.202055489556166], [-72.14330364514292, -42.75070664445176], [-72.02305603309827, -42.47582935835025], [-72.12909605770781, -42.37461247637215], [-72.14942208425362, -42.28021685580972], [-72.16413952306176, -42.13951913522851], [-71.72872082862327, -42.105343782372685], [-71.89748912344935, -40.67969435901616], [-71.8469151875636, -40.474532082156735], [-71.6643526144481, -40.366466322209114], [-71.75728755978483, -40.30076148218702], [-71.80973571587788, -40.14956312743186], [-71.6189186899537, -39.96975667137029], [-71.66670909682198, -39.57244071436122], [-71.56455515366001, -39.62887139897859], [-71.41607152499172, -39.118680303196655], [-71.2935088251044, -38.85843776272502], [-70.86547637445473, -38.63381753745903], [-71.1137575162257, -37.920379605372865], [-71.17006412186663, -37.785428345401535], [-71.1430821491352, -37.035954688085056], [-71.14490114911756, -36.92250080925925], [-71.01951345867265, -36.47350841242871], [-70.68805390957601, -36.406742494589004], [-70.58001570472386, -36.14098782017163], [-70.4420051998651, -36.163725458439586], [-70.39537238114772, -35.4862818099586], [-70.49643770404431, -35.203467031818285], [-69.89722536267762, -34.26575339208133], [-69.79697310713834, -34.20890932389227], [-69.85560861419432, -34.114307048781676], [-69.85948094500779, -33.28310196388944], [-70.02791848144568, -33.23280357383667], [-70.03913577982922, -32.87069642090012], [-70.3387212179897, -32.044590098197446], [-70.26653956523603, -31.905546079426767], [-70.55548668217273, -31.605933002039162], [-70.41350733444334, -31.13760674654289], [-70.27275454272885, -30.780171182599627], [-70.06742687239301, -30.39319049773491], [-69.85447863907254, -30.217904029346958], [-69.9507070484772, -29.265982798759417], [-69.70560916377443, -28.80569048981799], [-69.49916527161552, -28.28224264083994], [-69.07248330427905, -27.709419746093754], [-68.72425307879205, -27.104640126901987], [-68.5678319675462, -27.161139677860017], [-68.29097024494097, -26.94816393175814], [-68.5649484783281, -26.31569009971092], [-68.40576220265393, -26.05784436280085], [-68.53180999900717, -25.28793101511068], [-68.37020253542957, -25.124608720997415], [-68.52690414562313, -24.713702532271547], [-68.0209875435381, -24.307805736285868], [-67.3074945879078, -23.98677342374637], [-66.99050184020487, -23.000015582702748], [-67.26863697931405, -22.83295493493036], [-67.85542755005153, -22.842671142823615], [-68.13792531052947, -21.65704844053717], [-68.42352374010459, -20.942949055539113], [-68.52724866352874, -20.697933899182186], [-68.54045031880803, -20.572739054138054], [-68.70909465310001, -20.3667912690614], [-68.69495593929864, -20.06906609293591], [-68.53320580947913, -19.861405097363896], [-68.65719766444165, -19.76775810174766], [-68.42579819782613, -19.39462265703325], [-68.91998960925272, -18.9767572351261], [-69.10443999440417, -18.021811230293046], [-69.308541207971, -17.809731169977784], [-69.50780247696676, -17.535178260519345], [-69.79879340039304, -17.651652309727577], [-69.85999080752192, -18.17005372950477], [-70.35385898846211, -18.375110643851905], [-70.16880801971496, -20.39497185080163], [-70.09791566556937, -21.59166715172737], [-70.39252474160246, -23.070417400636867], [-70.48794556580947, -23.090833633291368], [-70.58961483983484, -23.4208335461473], [-70.62169648293677, -23.51958275652553], [-70.43005374329739, -23.498777400328052], [-70.51210787020167, -24.197526964840403], [-70.53211215241753, -24.286666860355464], [-70.52380371446807, -25.40752790881243], [-70.7062759595027, -25.85083390590557], [-70.72791288073718, -26.643362080242046], [-70.95544435541596, -27.377555812313414], [-70.90047458062212, -27.61916734025783], [-71.08961486601844, -27.815000544839165], [-71.12458035101164, -27.905000647270064], [-71.39588927411047, -28.80544471126841], [-71.47753139995658, -29.213806109859565], [-71.30544283719495, -29.633361804002707], [-71.38249965525833, -30.066249844235312], [-71.47335812425605, -30.197916015362843], [-71.56253048545341, -30.2979449808458], [-71.66627500921649, -30.31172178772592], [-71.69127653471175, -30.407472594833056], [-71.47883609897352, -32.3141937130954], [-71.60416408708221, -33.032943742846875], [-71.72374723932484, -33.14169312574745], [-71.6688080087806, -33.713333099916156], [-71.98130798504621, -34.257526383062896], [-72.1887511769892, -34.938362125194445], [-72.18797304019827, -35.04083251686601], [-72.61211390933042, -35.6450271763339], [-72.69210813228727, -35.9100570480974], [-73.04335788418003, -36.73458478573488], [-73.14125064629654, -36.681667369952336], [-73.21800236034042, -36.771694179973025], [-73.09419249911001, -36.82877731801452], [-73.34422303786192, -37.237110168032416], [-73.5637512047113, -37.18086242424715], [-73.65208436445215, -37.69419480879665], [-73.50294496980689, -38.31169508690024], [-73.46538542040501, -38.70249940692587], [-73.37002565466608, -38.82377627074401], [-73.28297423658162, -39.54169466399349], [-73.40544132027858, -39.8325271836964], [-73.70085906291403, -39.99377825575361], [-73.74130250310301, -40.19419477114935], [-73.76130674983742, -40.28339000629716], [-73.87377933812284, -41.25752642958897], [-73.84883116649229, -41.35252763191262], [-73.79467012722624, -41.53586196208903], [-73.63666531899752, -41.609584833545696], [-73.69916538113313, -41.8146095184795], [-73.90086362555796, -41.875446303548244], [-73.88838955208594, -41.78289034311903], [-74.03041841833961, -41.86166762575559], [-74.19544217236286, -42.54083248896454], [-74.35044100409391, -43.323360481292426], [-73.79750061652122, -43.38460922863154], [-73.83338932666477, -43.28630449607962], [-73.70085906291403, -43.32125091436126], [-73.74791717724979, -43.122501354800356], [-73.49089049122259, -43.15044403471382], [-73.60839076992104, -42.86461254707784], [-73.49214171662577, -42.79583355403818], [-73.75672150090693, -42.6470832925467], [-73.5683593877434, -42.353748349160504], [-73.45375057091168, -42.320861780449114], [-73.52705383601933, -41.96752930680444], [-73.48747252890549, -41.85297391604096], [-73.26505278777218, -41.792110421203525], [-73.2358627134589, -41.7029457334456], [-73.14169308817556, -41.76958462275732], [-72.87919618447118, -41.49375155527145], [-72.62589264521087, -41.7371406699537], [-72.884613050509, -41.91413882002517], [-72.71419526224112, -42.02041623984293], [-72.59586330412932, -42.04452893491534], [-72.45877834278122, -42.045806902486646], [-72.45422365916545, -42.16958238784274], [-72.38999941719199, -42.247055055505655], [-72.54374695589343, -42.27750016181898], [-72.72833255936558, -42.26619343044434], [-72.71041871729415, -42.45255662765424], [-72.79421995405572, -42.88122175979125], [-72.68252560377793, -42.922084811660156], [-72.79597473326885, -43.033832530873575], [-73.05960845425517, -43.51833341277253], [-72.89424892290941, -43.58050155983421], [-72.82636258686156, -43.6900558560276], [-72.98889156593495, -43.68844604198073], [-72.9938354712403, -43.792583458888636], [-73.00502772723598, -43.88541795308265], [-73.10502622973888, -43.95791625738806], [-73.16330718401485, -44.06460952881745], [-73.27169802517537, -44.11624910896587], [-73.22335811986763, -44.201278674382095], [-73.09711451054264, -44.19250109594488], [-73.0425033694533, -44.274581897775704], [-72.92749786775457, -44.3162765476193], [-72.92916867055474, -44.4137763672226], [-73.24919123535327, -44.50624848197214], [-73.34085845698789, -44.60291671844373], [-73.39463805763462, -44.837501546168156], [-73.37711337688604, -44.972499846341734], [-73.36666873505054, -45.191249864085194], [-73.51127622276587, -45.21002962553478], [-73.41750332521681, -45.27958299100661], [-73.29125209949191, -45.26416778584959], [-73.49874875887203, -45.468334191274764], [-73.75538634290173, -45.525833144376755], [-73.68211361149027, -45.61333463207768], [-73.66547395374998, -45.741664897691436], [-73.54711152792204, -45.69086071476926], [-73.5483627634523, -45.7812767272901], [-73.53289034934332, -46.150054950945425], [-73.5408630283088, -46.243751489160054], [-73.65877535922044, -46.3741950996388], [-73.7263031380397, -46.27169416966146], [-74.00588993357213, -46.156250009891025], [-74.06710814513285, -46.01836013259349], [-74.12755584831832, -45.93541715588015], [-74.06586455105499, -45.853748325039476], [-74.26921844130858, -45.83380506268685], [-74.40586089143184, -45.81624981928111], [-74.46294401095109, -45.91585921106092], [-74.58008578764394, -45.87544629607366], [-74.71422580673132, -45.89963911444976], [-74.83999637754982, -45.92297363498268], [-74.96169283619403, -45.881278984287626], [-74.89675139893593, -46.01211168332845], [-75.05124669555876, -45.98419570232968], [-74.88586428226499, -46.115417489027685], [-74.76508328985223, -46.072944670278815], [-74.79250339436184, -46.18044282863408], [-74.99086002972265, -46.21961212130199], [-75.08797458433651, -46.31419371521327], [-75.13461305997214, -46.39916609797612], [-75.26924897024591, -46.41461183147943], [-75.35208126479417, -46.50169371897948], [-75.47463986138807, -46.53669354553523], [-75.41672514798172, -46.67297365515075], [-75.03833012379935, -46.58874891668987], [-74.86466981515282, -46.78250122374897], [-74.73841862004726, -46.80877685037327], [-74.65341946936692, -46.87958146469694], [-74.50672148910344, -46.84458160668203], [-74.50050357160026, -46.7241668921041], [-74.12921904019993, -46.87966533600225], [-73.9953918251517, -47.09502789946712], [-74.05046843488338, -47.1800536810371], [-74.11211391165409, -47.26252745639332], [-74.2566376333248, -47.20375058326351], [-74.4587478368541, -47.420860294442456], [-74.48294061940156, -47.53919602434412], [-74.61922450574923, -47.573776274646214], [-74.57377620494229, -47.66919326900882], [-74.73046874129189, -47.708362573174675], [-74.61583712534848, -47.75711056665404], [-74.44255833262683, -47.77377697564911], [-74.33838650613247, -47.84788893710256], [-74.49841310590371, -47.906307246499956], [-74.59838864866263, -48.09711072044646], [-74.48377989502339, -48.1483344702181], [-74.26752476710313, -48.29130554590107], [-74.12919615337569, -48.31627652150018], [-74.05503078853727, -48.398777034846354], [-74.12088775616574, -48.50544353387646], [-74.3716965240251, -48.668804160640015], [-74.27172092395494, -48.777942645917044], [-74.4395828122721, -48.83922198082133], [-74.5012512372623, -48.75500106689856], [-74.51674651032565, -48.64377590416652], [-74.59796901234832, -48.51169588123773], [-74.592163076864, -48.410831436934785], [-74.72669218747521, -48.13877869132388], [-74.80547335078276, -48.27752684633248], [-74.96966550447185, -48.21669385141659], [-74.99172211329531, -48.11711119927189], [-75.15372465372899, -48.15580370331662], [-75.12750241481874, -48.04630662080731], [-75.37755588897686, -48.07872391895314], [-75.56372068646769, -48.146694209314454], [-75.47169498223953, -48.23875045965002], [-75.52586366595219, -48.36624908976493], [-75.55041503094814, -48.45833207124455], [-75.63385773798855, -48.627445237005105], [-75.45658111551808, -48.597110762478344], [-75.2542189966749, -48.61875153737913], [-75.23007962499263, -48.71208190374326], [-75.05625149069975, -48.57749939328685], [-74.69794466099549, -48.65835950336805], [-74.88127893984755, -48.73083498731481], [-74.93252562351921, -48.82130430622629], [-74.88008121928294, -48.90797039702708], [-74.79257964133028, -49.00500108481447], [-74.81505584900492, -49.100444777971795], [-74.96710963149086, -48.98086169324792], [-75.05085748813427, -49.059192670016095], [-75.17422486670476, -49.019195548872226], [-75.29953002690881, -48.97922135631613], [-75.37333682200345, -49.06127929427732], [-75.22422024135003, -49.14752963373838], [-75.07585904178583, -49.21749875533246], [-75.26169581057114, -49.25294495884068], [-75.34252924989083, -49.33086013203686], [-75.45749669511393, -49.26255414015282], [-75.44750217735188, -49.3900261141175], [-75.40752405465129, -49.48749926619434], [-75.26830293314661, -49.50630567082597], [-75.20085902950788, -49.63499830106201], [-75.55416867417713, -49.63836284484307], [-75.54758459738073, -49.85166548099326], [-75.35255428813221, -49.80336001540662], [-75.29421998558335, -49.88919451161188], [-75.13080600007152, -49.84585954575951], [-74.94836426246935, -49.81294635614018], [-74.83002476545172, -49.86125181417041], [-75.00497431802386, -49.91291808828204], [-74.8242187342399, -49.972499841427634], [-74.77672581316546, -50.05710985221142], [-74.62836451467773, -50.06377792249303], [-74.52252958497853, -49.98086165790949], [-74.30921938598878, -49.8592224414353], [-74.33591461964916, -50.01333237948539], [-74.48505401853664, -50.073776228323474], [-74.54005434322816, -50.15797044646591], [-74.76169587650887, -50.15458296228063], [-74.62000271520458, -50.242942781207745], [-74.48175047629465, -50.272914917688915], [-74.3591918828392, -50.37419508750559], [-74.26425174706674, -50.44499971058478], [-74.50505822606435, -50.50875093763515], [-74.52755737962707, -50.605834953439256], [-74.6416931237049, -50.711250309807184], [-74.37249752151278, -50.73916627899536], [-74.2916641463821, -50.84711076687055], [-74.15005493752457, -50.87710955856156], [-74.24919129512287, -50.94749833657875], [-74.16921995218779, -51.037528985130514], [-74.12255859764919, -51.12422182802975], [-73.76416782682499, -51.25249863814722], [-73.67919156674803, -51.40752795625576], [-73.88508601079093, -51.38127901363656], [-73.89591978850173, -51.473304775316315], [-73.92749785531808, -51.587528259137514], [-73.6875534477211, -51.77419283528028], [-73.54252625270583, -51.81085964582506], [-73.42166895713945, -51.90294266380511], [-73.58171845235115, -51.920444503799715], [-73.57258605791172, -52.01250075167012], [-73.42419435619544, -52.03499987937265], [-73.51672365031958, -52.13708496107737], [-73.67836001717149, -52.16544341240967], [-73.5958633934516, -52.252529131057806], [-73.68255614030868, -52.45330432672054], [-73.51255799153355, -52.45916750172404], [-73.54000095805571, -52.58711241253734], [-73.46086121017485, -52.69749828228009], [-73.38671867840914, -52.56958390947042], [-73.26255798094537, -52.72666549898765], [-73.23000331905669, -52.81541823968856], [-73.37422173403777, -52.841693888542316], [-73.29758457524868, -52.92083359032966], [-73.31755831187571, -53.07747266831457], [-72.94171905683338, -53.11038970421922], [-72.92416389324154, -53.203304265219465], [-73.2408370733784, -53.229194668414294], [-73.39663697848964, -53.19127652986966], [-73.5008926247836, -53.25999833545655], [-73.48838811632015, -53.352943388492854], [-73.33505246422276, -53.35294341072941], [-73.1875000390992, -53.32500077193536], [-72.81008155021165, -53.38122175224713], [-72.73078155438498, -53.463306448950206], [-72.58663945437068, -53.50291825761196], [-72.45747371193163, -53.58086014064081], [-72.42414091516912, -53.482498130788464], [-71.60341646172542, -53.81124881328928]], [[-75.20085902950788, -49.63499830106201], [-75.34757992335852, -49.71250151449891], [-75.20417023623045, -49.72833252577691], [-75.20085902950788, -49.63499830106201]], [[-75.14336397500759, -49.432109806367855], [-75.00499728152006, -49.41544343140194], [-75.20502477374716, -49.351249693116735], [-75.14336397500759, -49.432109806367855]], [[-75.00499728152006, -49.41544343140194], [-75.09500117219275, -49.54877853214506], [-74.87589267186556, -49.47419358938714], [-75.00499728152006, -49.41544343140194]], [[-74.86335749911625, -49.66044617200119], [-75.00255581038283, -49.7008056366155], [-74.94836426246935, -49.81294635614018], [-74.86335749911625, -49.66044617200119]], [[-75.27796934037482, -48.456638359211624], [-75.13583377272593, -48.48955535552146], [-75.21097567373656, -48.37038805031511], [-75.27796934037482, -48.456638359211624]], [[-74.10083006810557, -50.59589004932791], [-74.15752412735836, -50.50672148568103], [-74.31255340038119, -50.55500028386106], [-74.10083006810557, -50.59589004932791]], [[-74.17502596011161, -50.350418059545085], [-74.27749633089992, -50.27249908896568], [-74.3591918828392, -50.37419508750559], [-74.17502596011161, -50.350418059545085]], [[-73.99999996902885, -50.83294298437784], [-74.11252590130313, -50.718360915067336], [-74.15005493752457, -50.87710955856156], [-73.99999996902885, -50.83294298437784]], [[-74.15752412735836, -50.50672148568103], [-74.08252718449252, -50.420887014121185], [-74.26425174706674, -50.44499971058478], [-74.15752412735836, -50.50672148568103]], [[-74.31336211432041, -50.18375012766119], [-74.17258450339698, -50.18752669465752], [-74.2275848453684, -50.070861800301294], [-74.31336211432041, -50.18375012766119]], [[-73.79088594637821, -51.55416487270838], [-73.57913968288304, -51.545055367147334], [-73.67919156674803, -51.40752795625576], [-73.79088594637821, -51.55416487270838]], [[-74.36666870222018, -48.91794587944028], [-74.50669098435267, -49.01788710304142], [-74.38749699429246, -49.063362100165904], [-74.36666870222018, -48.91794587944028]], [[-73.04836274752064, -52.517112757526505], [-73.26752469562616, -52.50836177791746], [-73.13413995550563, -52.59749986072516], [-73.04836274752064, -52.517112757526505]], [[-74.4395828122721, -48.83922198082133], [-74.52291873173998, -48.91086194303003], [-74.36666870222018, -48.91794587944028], [-74.4395828122721, -48.83922198082133]], [[-72.71508031582762, -53.25622178617219], [-72.70664216685734, -53.16533281802936], [-72.92416389324154, -53.203304265219465], [-72.71508031582762, -53.25622178617219]], [[-73.97569273237853, -50.07166674843046], [-73.96260829380948, -49.95925142825662], [-74.1091919281946, -50.01250075765812], [-73.97569273237853, -50.07166674843046]], [[-74.10086059989045, -49.41249847331851], [-74.275001569252, -49.487915035375615], [-74.08333592101782, -49.51124955631218], [-74.10086059989045, -49.41249847331851]], [[-73.6591110671262, -50.609165180363235], [-73.76914216695575, -50.540832485070496], [-73.76750179096813, -50.675804124859305], [-73.6591110671262, -50.609165180363235]], [[-73.10919191488256, -52.11914064269649], [-73.14330291478653, -52.27375031752517], [-72.9683914499341, -52.15711210485351], [-73.10919191488256, -52.11914064269649]], [[-73.40841674275224, -51.435443842728205], [-73.35922239433265, -51.58672336013892], [-73.14916989406079, -51.48166656121806], [-73.40841674275224, -51.435443842728205]], [[-72.8908920184684, -52.50166700323049], [-72.96419529474115, -52.60166550256656], [-72.75419621796554, -52.64080426086688], [-72.8908920184684, -52.50166700323049]], [[-74.03925318461938, -49.64836122810532], [-73.85600285224965, -49.543334936724825], [-74.08333592101782, -49.51124955631218], [-74.03925318461938, -49.64836122810532]], [[-74.44836423627639, -48.03461070744196], [-74.35591892995457, -47.967918363667096], [-74.49841310590371, -47.906307246499956], [-74.44836423627639, -48.03461070744196]], [[-72.56919098281529, -53.22497173744532], [-72.51422113105433, -53.313304901501354], [-72.3516083410364, -53.28788756636898], [-72.56919098281529, -53.22497173744532]], [[-74.30464174395927, -48.05586240483069], [-74.18916324121795, -48.00541689052504], [-74.35591892995457, -47.967918363667096], [-74.30464174395927, -48.05586240483069]], [[-74.24591824952334, -48.202110257231496], [-74.15716555436146, -48.09500121716963], [-74.30464174395927, -48.05586240483069], [-74.24591824952334, -48.202110257231496]], [[-72.16583252162233, -53.269027749871015], [-72.35166932944975, -53.1903610029593], [-72.3516083410364, -53.28788756636898], [-72.16583252162233, -53.269027749871015]], [[-72.74627688845565, -44.58839035785973], [-72.84586330655135, -44.66461184619066], [-72.75755305670691, -44.74791716911161], [-72.74627688845565, -44.58839035785973]], [[-75.26875304595899, -48.25669475486673], [-75.13333126312878, -48.263805364813884], [-75.15372465372899, -48.15580370331662], [-75.31625360442584, -48.162498490038125], [-75.26875304595899, -48.25669475486673]], [[-75.13583377272593, -48.48955535552146], [-74.99999997909909, -48.48714068153423], [-74.8588028313808, -48.362499243833675], [-75.04988862970725, -48.401248933280066], [-75.13583377272593, -48.48955535552146]], [[-74.25008392585632, -49.74211122932378], [-74.4058914624074, -49.67080690659878], [-74.38922116824504, -49.76502605019985], [-74.30921938598878, -49.8592224414353], [-74.25008392585632, -49.74211122932378]], [[-73.96091462648441, -49.32252881102739], [-74.03252414243671, -49.19586182907057], [-74.1725540480443, -49.214195238441505], [-74.13588718422251, -49.31252668980256], [-73.96091462648441, -49.32252881102739]], [[-74.41919704050649, -47.65127945782832], [-74.30880734082078, -47.71672056571576], [-74.20005803520094, -47.620418521300905], [-74.32380680174236, -47.58497237940961], [-74.41919704050649, -47.65127945782832]], [[-73.91672516908372, -46.502944947313615], [-73.87255859580316, -46.58961105097348], [-73.77541348106867, -46.52666856212204], [-73.8233871588428, -46.428749092249895], [-73.91672516908372, -46.502944947313615]], [[-74.16249843459826, -49.58666612196351], [-74.275001569252, -49.487915035375615], [-74.37664035264892, -49.41705704769262], [-74.55919643153841, -49.64002610653129], [-74.4058914624074, -49.67080690659878], [-74.16249843459826, -49.58666612196351]], [[-71.89255524239773, -53.23255537692682], [-71.75753020751493, -53.360000598517374], [-71.13188936838986, -52.9229430998091], [-71.37930294560304, -52.786750802616346], [-72.12836462322977, -53.14875029414001], [-72.16583252162233, -53.269027749871015], [-71.89255524239773, -53.23255537692682]], [[-72.94255828619967, -52.05919264289182], [-72.88169093578414, -51.97458264301859], [-72.75080866359176, -52.02919390744479], [-72.58997346103591, -51.98791506563794], [-72.56339267544578, -51.763748142951655], [-72.89600373958162, -51.78913880485278], [-72.99877929611702, -51.72000119118743], [-73.04419703939175, -51.805862450369425], [-72.93424988646447, -51.879196193931364], [-73.15174860420481, -51.91208270321584], [-73.10919191488256, -52.11914064269649], [-72.94255828619967, -52.05919264289182]], [[-72.0691681279691, -52.54338838157747], [-72.33502961059509, -52.532081635032434], [-72.40341943587785, -52.64711000985205], [-72.47499843423577, -52.566276564774], [-72.75419621796554, -52.64080426086688], [-72.71588899813119, -52.730861674352376], [-72.59757992261216, -52.805831896898056], [-72.39749911064138, -52.90416720396001], [-72.38166802839956, -52.81458285559089], [-72.11505885879562, -52.65044401052707], [-71.5292740104094, -52.606861138888334], [-72.0691681279691, -52.54338838157747]], [[-73.98258206338811, -48.067111977025505], [-73.86386105438271, -48.11252593316432], [-73.71755217983365, -48.13627625053541], [-73.66422268659707, -48.27708433450131], [-73.46344760563112, -48.17961120809171], [-73.56842047541123, -48.11544416445515], [-73.54963685779414, -48.02505490314416], [-73.4250259571128, -47.98625182782616], [-73.53091437336295, -47.929611185025124], [-73.78546903068644, -47.742473583751995], [-73.84088890922932, -47.83711245096754], [-73.97257997730111, -47.85458375238145], [-73.82669066515402, -47.93208311344554], [-73.94999696352683, -47.97208408309821], [-73.98258206338811, -48.067111977025505]]]}]}, "id": "00000000000000000029", "properties": {"name": "Chile"}}, {"type": "Feature", "geometry": {"type": "Polygon", "coordinates": [[[-55.74584801519478, -22.40369714930615], [-56.471192200301566, -22.079968404110172], [-56.697438438528614, -22.21839233651347], [-56.788333838250765, -22.253532270043387], [-58.009578872034446, -22.04526939141841], [-57.82871132868569, -20.93388158451999], [-57.86798548656638, -20.749403588217735], [-57.95824697426651, -20.704893000801246], [-58.266450678438446, -19.757531977741973], [-59.19371876813131, -19.288324972157273], [-60.574935644947516, -19.449265649102617], [-61.75659650581165, -19.68641253982656], [-62.264797002943496, -20.700588302312084], [-62.63895237974473, -22.233403711117365], [-62.57488639375712, -22.308085111326584], [-62.506973318639226, -22.376902985827016], [-62.3986816117514, -22.449946414850533], [-62.15801323214638, -22.76075771041432], [-62.073565394012896, -22.820738185949377], [-61.332735646978065, -23.469474740571727], [-60.79200082759573, -23.878603889662045], [-59.76294139648357, -24.166675415692787], [-58.32606913682653, -24.998818036275413], [-57.908150286768716, -25.077477104199016], [-57.571361379998606, -25.534747121201082], [-57.838614847528646, -25.902538750090848], [-58.16831167194516, -26.284691314556035], [-58.245999611629806, -26.75026945948927], [-58.474007076157434, -27.004018962449557], [-58.55733884760027, -27.088862747780517], [-58.601718690254756, -27.216848839065733], [-56.67103484087784, -27.461266028457594], [-56.351316094016475, -27.558179582843092], [-56.01764777529483, -27.33067796559397], [-55.69839446058756, -27.39711394791676], [-55.57632075998107, -27.242350336853296], [-55.52653419746077, -27.10086679458569], [-54.78448384131954, -26.605852685605377], [-54.59638501437666, -25.860963510340405], [-54.518188195019924, -25.315491823516396], [-54.324387766897026, -24.246726720127157], [-54.43443796660767, -23.92915786201961], [-54.69157986808276, -23.833825108577503], [-55.4052658221823, -23.964876549977944], [-55.74584801519478, -22.40369714930615]]]}, "id": "0000000000000000002a", "properties": {"name": "Paraguay"}}, {"type": "Feature", "geometry": {"type": "GeometryCollection", "geometries": [{"type": "LineString", "coordinates": [[-68.60642521815045, -53.29179212731224], [-68.51577760703894, -53.131668094344576]]}, {"type": "LineString", "coordinates": [[-68.2791137828586, -52.965000172776385], [-68.20905301686284, -53.150859834717295]]}, {"type": "LineString", "coordinates": [[-68.60626740866094, -52.75179219524502], [-68.60624107744552, -52.66179220382085]]}, {"type": "LineString", "coordinates": [[-68.4442519295726, -52.25561144437729], [-68.35250096912988, -52.34063720805575]]}, {"type": "LineString", "coordinates": [[-67.64416499531795, -49.388362874276766], [-67.72499851683024, -49.31544492571048]]}, {"type": "LineString", "coordinates": [[-64.42919159204997, -42.94961166890234], [-64.30627442378919, -42.97755433035456]]}, {"type": "LineString", "coordinates": [[-64.07585904738129, -42.17877961191853], [-64.19255829645566, -42.20541763042451], [-64.35839079585031, -42.23377605826158], [-64.55041504690396, -42.30419539713184]]}, {"type": "LineString", "coordinates": [[-64.71002962413944, -40.83124922471923], [-64.91835783278263, -40.763778667309396]]}, {"type": "Polygon", "coordinates": [[[-68.51577760703894, -53.131668094344576], [-68.2791137828586, -52.965000172776385], [-68.60626740866094, -52.75179219524502], [-68.51577760703894, -53.131668094344576]]]}, {"type": "Polygon", "coordinates": [[[-63.96500016927977, -54.74044417040136], [-63.79419321975931, -54.77249909717315], [-63.84175109407958, -54.68544384027224], [-63.96500016927977, -54.74044417040136]]]}, {"type": "Polygon", "coordinates": [[[-64.74591821770605, -54.805000302428205], [-64.55258176043917, -54.857528725023094], [-64.40088661269158, -54.77580642688779], [-64.55664067912663, -54.75958251667986], [-64.74591821770605, -54.805000302428205]]]}, {"type": "Polygon", "coordinates": [[[-64.40088661269158, -54.77580642688779], [-64.09502413499727, -54.81211094990954], [-63.96500016927977, -54.74044417040136], [-64.303390494025, -54.69791797545265], [-64.40088661269158, -54.77580642688779]]]}, {"type": "Polygon", "coordinates": [[[-61.888305654410395, -39.23872378328811], [-61.87127687461795, -39.14083478508207], [-61.970859563072885, -39.09375000986753], [-62.07544331046625, -39.14088824188349], [-61.888305654410395, -39.23872378328811]]]}, {"type": "Polygon", "coordinates": [[[-68.5685577653927, -54.85469434449932], [-67.40335849214406, -54.88463970863772], [-67.23503114242673, -54.8921127437884], [-66.24172210345114, -54.99625015273162], [-65.23249815132058, -54.81416698825717], [-65.264999435978, -54.608749358167046], [-66.35255427724603, -54.49252700238941], [-67.98247530221754, -53.59333417024421], [-68.30494688252149, -53.32288745419241], [-68.60642521815045, -53.29179212731224], [-68.5685577653927, -54.85469434449932]]]}, {"type": "Polygon", "coordinates": [[[-57.80803400206138, -30.450212988586063], [-55.81934470582969, -28.36475295758506], [-55.7053680744359, -28.427625694105128], [-55.675306174204344, -28.20365314811703], [-54.93125519612098, -27.764927121067345], [-54.78583767179868, -27.577376159518035], [-54.21134735507928, -27.373591866023293], [-53.89838110119268, -27.170992706692413], [-53.7022173345724, -26.958320060310335], [-53.74514319276828, -26.728091173646902], [-53.75197832814198, -26.635211431463592], [-53.74200818765408, -26.544839645395925], [-53.69913056870525, -26.462060971654537], [-53.733967335719306, -26.119783790737216], [-53.78035208773273, -26.021777683413017], [-53.84294950863759, -25.93354193674411], [-53.9212220379143, -25.62968450649579], [-54.127100958384325, -25.50738359458462], [-54.42968372507438, -25.69545828940568], [-54.59670500415996, -25.608857975584094], [-54.78448384131954, -26.605852685605377], [-55.27710511223446, -26.94343660207087], [-55.52653419746077, -27.10086679458569], [-55.57632075998107, -27.242350336853296], [-55.795187122211466, -27.433825512697666], [-56.20418958491129, -27.373731691344172], [-56.46970050678474, -27.569267227547602], [-56.67103484087784, -27.461266028457594], [-58.601718690254756, -27.216848839065733], [-58.55733884760027, -27.088862747780517], [-58.474007076157434, -27.004018962449557], [-58.18161252868224, -26.4534624813421], [-58.071713682950296, -26.108079815466354], [-57.838614847528646, -25.902538750090848], [-57.571361379998606, -25.534747121201082], [-57.908150286768716, -25.077477104199016], [-59.30575318006249, -24.501198058023824], [-60.07321049094526, -24.011099352509795], [-60.97331067952214, -23.805550334087034], [-62.073565394012896, -22.820738185949377], [-62.15801323214638, -22.76075771041432], [-62.3986816117514, -22.449946414850533], [-62.506973318639226, -22.376902985827016], [-62.57488639375712, -22.308085111326584], [-62.63479198911962, -22.234750044937226], [-62.81337239417185, -21.99874966026256], [-63.931412382921565, -21.999343064026732], [-64.27802578423085, -22.750647893540002], [-64.61968754230242, -22.20479117811036], [-65.7622551551141, -22.101092309204038], [-66.23772572339433, -21.815904104743883], [-66.33147087051134, -22.118215367518246], [-66.76157180065975, -22.34587317577006], [-67.15926226837277, -22.83478886486144], [-67.03637967653165, -23.142827439068018], [-67.37856811571086, -24.056017637666223], [-68.50344996386617, -24.61838358661931], [-68.48333065533062, -24.897091884601355], [-68.37020253542957, -25.124608720997415], [-68.58290767249345, -25.455569393538095], [-68.38155964340902, -26.175378298910783], [-68.58285099630413, -26.467904894316533], [-68.31059354361433, -27.03914202172457], [-68.5678319675462, -27.161139677860017], [-68.72425307879205, -27.104640126901987], [-69.35284512515459, -28.174686808812723], [-69.69492933920026, -28.607873057761534], [-69.88916381126553, -29.152267123840947], [-69.95048659014962, -29.520410017157566], [-69.93476317182655, -30.05171258610316], [-69.85447863907254, -30.217904029346958], [-70.19496434041217, -30.491541042103584], [-70.3416426950153, -31.069945013802297], [-70.53867461366718, -31.29576419966212], [-70.45100382389651, -31.810392501814174], [-70.25045793888567, -31.994677571415433], [-70.3387212179897, -32.044590098197446], [-70.03913577982922, -32.87069642090012], [-70.00388553342238, -33.32175592917762], [-69.77000487708351, -33.35735066007135], [-69.85560861419432, -34.114307048781676], [-69.79697310713834, -34.20890932389227], [-70.02363282664163, -34.36166485646005], [-70.49643770404431, -35.203467031818285], [-70.37923556156365, -35.785481469340546], [-70.4420051998651, -36.163725458439586], [-70.68918390281488, -36.30031656026351], [-70.90155342915217, -36.4746108430413], [-71.04841089069929, -36.57874919279016], [-71.14490114911756, -36.92250080925925], [-71.1430821491352, -37.035954688085056], [-71.17006412186663, -37.785428345401535], [-71.1137575162257, -37.920379605372865], [-70.86547637445473, -38.63381753745903], [-71.43565339676005, -38.977197069970934], [-71.51896962629405, -39.50625351170978], [-71.56455515366001, -39.62887139897859], [-71.66670909682198, -39.57244071436122], [-71.66731546058388, -40.08117106507666], [-71.80973571587788, -40.14956312743186], [-71.75728755978483, -40.30076148218702], [-71.6643526144481, -40.366466322209114], [-71.8469151875636, -40.474532082156735], [-71.90471097600964, -40.9792030038768], [-71.82908330273084, -42.15929402240694], [-72.16413952306176, -42.13951913522851], [-72.14942208425362, -42.28021685580972], [-72.12909605770781, -42.37461247637215], [-72.1084392811832, -42.648842051941585], [-72.04717165836162, -42.9880461393648], [-71.76266192535162, -43.31064492320932], [-71.91982718175863, -43.41988199091672], [-71.61216634529497, -43.67661054141281], [-71.83405807010462, -44.35494983551358], [-71.13937521270613, -44.466405514880115], [-71.25322877431508, -44.8014755136193], [-72.06860016632193, -44.78455323726487], [-71.71263924788704, -44.95576189364805], [-71.31978801173042, -45.293393852013665], [-71.77936373739857, -45.70615763052594], [-71.65980513320667, -45.88495809815114], [-71.61547356702364, -45.96977633897789], [-71.86000646548052, -46.19487886337668], [-71.71534005719211, -46.719084549046194], [-71.95582151593844, -46.96003452774235], [-71.88414970728671, -47.19623027952794], [-72.40247128240695, -47.65132744795263], [-72.52215386498237, -47.94677877183153], [-72.27789664044585, -48.27057645714296], [-72.50301292331675, -48.51880242692718], [-72.59884164028036, -48.82985326782701], [-73.05648811113724, -49.11108328894382], [-73.08896851068086, -49.25366892340939], [-73.41663848779518, -49.3204761655398], [-73.49018440888354, -50.16289846497379], [-73.1984674825038, -50.74102684175931], [-72.4155901290492, -50.62003508151092], [-72.3741525467226, -51.023207709376976], [-72.30216381244885, -51.29113971645772], [-72.3119341784013, -51.39614621514743], [-72.4312998117566, -51.55586088017847], [-72.31851724422614, -51.61498318815068], [-71.82694712186884, -51.99984099641274], [-69.76530967502771, -52.06897727283066], [-68.4442519295726, -52.25561144437729], [-68.9658356351529, -51.580860139251584], [-69.1766967385635, -50.982971204495826], [-68.91755679321739, -50.395000486241436], [-68.39419553412125, -50.18505473508144], [-68.4941940159587, -50.090000155451335], [-67.87919617272242, -49.983360306550765], [-67.64416499531795, -49.388362874276766], [-67.80169682072138, -49.39541624468639], [-67.72499851683024, -49.31544492571048], [-67.66919711087742, -49.23002628563225], [-66.61755372405172, -48.43291852603806], [-65.84925075874891, -47.94458390833055], [-65.96416474928301, -47.747112317001836], [-65.76044460453781, -47.23002624448634], [-66.07505798411549, -47.08208468777042], [-66.86211393834844, -46.94338986122231], [-67.6020584209206, -46.282527933063015], [-67.29296880876647, -45.586692796518264], [-66.75997167456919, -45.22877882972021], [-66.52752685670441, -45.227943421635004], [-66.59752654325983, -45.142944315728904], [-66.46038821717812, -45.15002823767079], [-65.98835751025496, -45.016277287958545], [-65.85416413064844, -45.0046119601708], [-65.58499908344562, -45.00880430159137], [-65.66796877029685, -44.700832370361326], [-65.46749874695554, -44.60208508747597], [-65.31874853900354, -44.51752852487396], [-65.3029708264711, -43.90586091817693], [-65.17127990447165, -43.50999830008349], [-64.69255825230046, -43.13041688342872], [-64.42919159204997, -42.94961166890234], [-64.99294284199613, -42.69169616556092], [-64.58755494576799, -42.49460983395834], [-64.24380492843463, -42.67505643781996], [-64.0042190605119, -42.856277441231306], [-63.61627961795948, -42.65922162084768], [-63.60797117150329, -42.47499848317186], [-63.632915537009545, -42.267555220178444], [-63.845859492858544, -42.079582237718796], [-64.07585904738129, -42.17877961191853], [-64.09666442372824, -42.40797039374374], [-64.60419468008982, -42.389636996507534], [-64.55041504690396, -42.30419539713184], [-65.06964112403311, -41.99419400334215], [-65.09799955812666, -41.27999874157492], [-65.0917205789472, -40.81713866361295], [-64.91835783278263, -40.763778667309396], [-64.8067245521688, -40.7278899804002], [-64.71002962413944, -40.83124922471923], [-63.440860731545605, -41.16461182432394], [-62.898303995284856, -41.08458328442304], [-62.283748639594194, -40.81249996788989], [-62.26502608124887, -40.557083126564265], [-62.449974096267255, -40.256279004268926], [-62.260860479624974, -39.861251849826374], [-62.115444140547176, -39.75083162507592], [-62.107917784822185, -39.632526363816], [-62.07666779262548, -39.433750157371165], [-62.075889550919584, -39.31877901036952], [-62.18500134282239, -39.286251067400244], [-62.282554630732086, -39.235443150007306], [-62.380474070834644, -38.81833265863476], [-62.26505659521637, -38.79627605357489], [-61.40839003187191, -38.99630739353456], [-58.5099983449706, -38.54377750018773], [-57.555862429743975, -38.10544587094032], [-57.54458234835909, -37.98169325256788], [-56.67377856181809, -36.7633628875339], [-56.71874999006922, -36.3574981811294], [-56.828361481076094, -36.33211138195402], [-56.943389898272464, -36.33464047490175], [-57.372081799401315, -35.950000808054995], [-57.121250140076825, -35.45333484104475], [-57.78088756783896, -34.891277320954394], [-58.5566406651811, -34.4254722565204], [-58.48836136380265, -34.34627917636357], [-58.546665173380795, -34.262916587242984], [-58.323181153851145, -34.242431670972096], [-58.33056640033869, -34.15075687064079], [-58.41994170784528, -33.94756583642027], [-58.54166789998128, -33.90216822681885], [-58.47833254189299, -33.793834668952854], [-58.44252776290698, -33.07044598843565], [-58.118534997488986, -32.99245000735105], [-58.1801000020957, -31.84875500346434], [-58.00666596160399, -31.52765099339189], [-57.812011997110666, -30.688075983461072], [-57.80803400206138, -30.450212988586063]], [[-69.27833560281417, -51.597915689975856], [-69.21172336166163, -51.68297196668016], [-69.10839077291176, -51.600418083049924], [-69.27833560281417, -51.597915689975856]], [[-62.18500134282239, -39.286251067400244], [-62.28211209229199, -39.33666610414106], [-62.1733894317199, -39.37794492463652], [-62.18500134282239, -39.286251067400244]]]}]}, "id": "0000000000000000002b", "properties": {"name": "Argentina"}}, {"type": "Feature", "geometry": {"type": "GeometryCollection", "geometries": [{"type": "LineString", "coordinates": [[-57.576654425089636, -30.20102305185288], [-57.62689895764349, -30.282486964808115]]}, {"type": "Polygon", "coordinates": [[[-57.62689895764349, -30.282486964808115], [-57.88819801282975, -30.549386024482914], [-57.90519995692618, -31.201902982048008], [-58.00666596160399, -31.52765099339189], [-58.17231602058299, -32.103248976590386], [-58.16975696050243, -33.07242497935868], [-58.35803399318984, -33.207704533727195], [-58.32861697828077, -33.38658903288579], [-58.43056911422738, -33.50675868268794], [-58.32268486535029, -33.97805801190833], [-58.21126701264519, -34.16441397760787], [-58.09922411196449, -34.1787490541225], [-58.010028820973375, -34.25624844540438], [-57.82330705363124, -34.47458270213935], [-57.10666659875875, -34.477943422598585], [-56.434165989931635, -34.75960919784993], [-56.20416640572848, -34.902111028495284], [-55.47750094512839, -34.79377747548989], [-54.91172405451165, -34.94544596947269], [-53.779582952420014, -34.38083264605], [-53.401748696297126, -33.764610277510975], [-53.53222258685026, -33.68897555872637], [-53.424346345740595, -33.038179552732686], [-53.080188249630915, -32.77224706886124], [-53.64309953300646, -32.296812448625715], [-53.9660082888812, -31.95023585504208], [-54.75033942710601, -31.42729788763541], [-55.247101538061976, -31.224450726932318], [-55.65296823609731, -30.883083106976304], [-55.756334890349514, -30.99776339900258], [-56.01653334778499, -31.006236405455343], [-56.17036640738611, -30.616501537060604], [-56.95741915783126, -30.10083964943979], [-57.39242449112676, -30.304679078729322], [-57.62689895764349, -30.282486964808115]]]}]}, "id": "0000000000000000002c", "properties": {"name": "Uruguay"}}, {"type": "Feature", "geometry": {"type": "GeometryCollection", "geometries": [{"type": "Point", "coordinates": [-90.75283051318243, 0.6225000332147949]}, {"type": "Point", "coordinates": [-89.66127773997674, -1.3425277520398349]}, {"type": "LineString", "coordinates": [[-90.51225280506888, 0.3008055839492727], [-90.40969085657503, 0.30544444277957233]]}, {"type": "LineString", "coordinates": [[-90.5054703018262, -1.298361030947489], [-90.35208128782729, -1.2733333195988674]]}, {"type": "LineString", "coordinates": [[-79.92163847038417, -2.5895833660667678], [-79.93794253433764, -2.499999973851547]]}, {"type": "LineString", "coordinates": [[-75.36460459252442, -0.14578733719807205], [-75.27639749809208, -0.12421295026376566]]}, {"type": "LineString", "coordinates": [[-80.88333131647605, -2.2054166677647373], [-80.98625179691892, -2.1824998632275716]]}, {"type": "LineString", "coordinates": [[-80.29582977696882, -2.7196111407843175], [-80.22541806126476, -2.7775277985828812]]}, {"type": "Polygon", "coordinates": [[[-91.54166412891671, -0.4904166865307672], [-91.38625332034682, -0.3316944618894614], [-91.66213988729378, -0.3108333357494368], [-91.54166412891671, -0.4904166865307672]]]}, {"type": "Polygon", "coordinates": [[[-90.71086118313502, -0.3545833026596422], [-90.55339048818402, -0.29627780797321235], [-90.8400573509892, -0.2120833567049083], [-90.71086118313502, -0.3545833026596422]]]}, {"type": "Polygon", "coordinates": [[[-90.5496139374846, -0.6566944567976793], [-90.30708309847881, -0.7642222183023301], [-90.18211367973295, -0.6083610974971911], [-90.3366927747583, -0.49125001847073224], [-90.5496139374846, -0.6566944567976793]]]}, {"type": "Polygon", "coordinates": [[[-89.62752532169306, -0.9154444011551752], [-89.33836368255128, -0.8170833899355223], [-89.27333067161194, -0.7512777933959116], [-89.53961178830332, -0.8267221939623197], [-89.62752532169306, -0.9154444011551752]]]}, {"type": "Polygon", "coordinates": [[[-80.26219180494253, -3.0041665986533364], [-80.1025314411198, -2.9379444089098903], [-80.10500334951134, -2.8470556524907042], [-79.92422484126915, -2.7254166955232337], [-80.22541806126476, -2.7775277985828812], [-80.26219180494253, -3.0041665986533364]]]}, {"type": "Polygon", "coordinates": [[[-91.50880431009924, -0.9108611482350625], [-91.03961179965845, -0.9900277957510061], [-90.82878113041377, -0.811694418386236], [-91.36660767439568, 0.15786112747374614], [-91.59344483805634, 0.001666633715693056], [-91.40458678288074, -0.11836107348240463], [-91.38625332034682, -0.3316944618894614], [-91.29669192947418, -0.3479444075281664], [-91.22544098175148, -0.45588890845860097], [-91.07749940961642, -0.5970833603974162], [-91.50880431009924, -0.9108611482350625]]]}, {"type": "Polygon", "coordinates": [[[-79.7516937083975, -2.524583332820008], [-80.05341341138595, -3.4104165790435164], [-80.20922089393243, -3.4379444379038753], [-80.18534183151834, -3.931448484722032], [-80.45721805409144, -4.03459936077539], [-80.46373103562235, -4.129034377066322], [-80.32094865552811, -4.215022611219541], [-80.45157984141474, -4.426612471099303], [-80.0475884838304, -4.331627192465512], [-79.71878380607748, -4.467986865225804], [-79.4695849065563, -4.640710374506426], [-79.13563260763762, -4.970229589576121], [-78.92093309601574, -4.892919164014001], [-78.76950304804393, -4.640059995156483], [-78.54049818602442, -4.0673195766388], [-78.34680103570854, -3.38096488555158], [-78.24689647964614, -3.402196272820366], [-78.21835955103182, -3.5090682588452236], [-78.15326436546565, -3.4314182644858295], [-77.84495151431695, -2.9991389265580257], [-76.63357142348966, -2.590188780167354], [-75.56142771205009, -1.564241401465585], [-75.31555100644884, -0.9762442194983252], [-75.20455773633607, -0.9571912148925605], [-75.27698453825411, -0.7184478255949958], [-75.22755803380527, -0.5731190132636281], [-75.46038217059564, -0.15167073478876755], [-75.36460459252442, -0.14578733719807205], [-76.26231484880809, 0.4091050887691076], [-76.58077948221585, 0.22129569324413037], [-76.85859197893595, 0.2457042302126434], [-76.99922079775392, 0.28742433473654594], [-77.52505244108717, 0.4045669388240782], [-77.55869052328875, 0.6487976029616949], [-77.70888291001839, 0.8483375081984712], [-78.1234794636952, 0.9361874874041769], [-78.34548142579389, 1.1833213923351342], [-78.81330886152126, 1.4280190226821015], [-78.88491817134268, 1.2396111277153257], [-78.93519591073245, 1.1173054986334714], [-79.11219789945724, 1.137305471082756], [-80.1026687333499, 0.7457222334030306], [-80.09919741404174, 0.6508888530477236], [-80.0195541276445, 0.592749980290393], [-80.04652406127904, 0.3273610928234232], [-79.980636620872, 0.2604443990077143], [-80.04088595100846, 0.18466668890919932], [-80.49211120974908, -0.429222259759177], [-80.45419314768233, -0.6195833303126563], [-80.63586428028562, -0.9412778132725879], [-80.91124722356086, -1.0541944575453457], [-80.75044249609061, -1.4183611005992645], [-80.8099975700735, -1.6837777892023882], [-80.75291446620407, -2.110833425248091], [-80.88333131647605, -2.2054166677647373], [-80.80958554803215, -2.369194512021884], [-80.29582977696882, -2.7196111407843175], [-80.17585752746942, -2.5962777287578316], [-80.1037521497031, -2.526722204910952], [-79.99544524543715, -2.4200277134320394], [-79.93794253433764, -2.499999973851547], [-79.89624783222779, -2.420000092336326], [-79.82538600632122, -2.3483610491228077], [-79.79711147552406, -2.4408888534665323], [-79.7516937083975, -2.524583332820008]]]}]}, "id": "00000000000000000066", "properties": {"name": "Ecuador"}}, {"type": "Feature", "geometry": {"type": "GeometryCollection", "geometries": [{"type": "Point", "coordinates": [-66.62458040677723, 11.791639326258972]}, {"type": "Point", "coordinates": [-66.1274184848405, 11.773278212584234]}, {"type": "Point", "coordinates": [-64.64172365753893, 11.859555248948965]}, {"type": "Point", "coordinates": [-63.96377943029826, 10.752471883780343]}, {"type": "LineString", "coordinates": [[-65.38083645719234, 10.961222647137237], [-65.21878052723434, 10.954972264294181]]}, {"type": "LineString", "coordinates": [[-62.21586226423032, 10.698778164620881], [-62.12416843088887, 10.702888487246387]]}, {"type": "LineString", "coordinates": [[-63.86752696861298, 10.637916566829293], [-63.99333188966634, 10.577083567959113], [-64.06835939753783, 10.650416358094386], [-64.16500087787259, 10.572028119938397]]}, {"type": "LineString", "coordinates": [[-69.66038511048379, 11.511666323275165], [-69.76380916484945, 11.721638694704891]]}, {"type": "LineString", "coordinates": [[-71.68922420324664, 11.047027580658977], [-71.61460876991514, 10.994111056073383]]}, {"type": "LineString", "coordinates": [[-71.96461484041244, 11.484972022087954], [-71.95877840447862, 11.578277616309238], [-71.38294216036641, 11.777500179714005]]}, {"type": "LineString", "coordinates": [[-67.81202937912032, 2.906073963592793], [-67.85680401389817, 2.788811649284152]]}, {"type": "Polygon", "coordinates": [[[-64.12503047302417, 10.996222499316664], [-64.35588833361821, 11.054611196002062], [-64.38669589101326, 10.96952821825263], [-64.12503047302417, 10.996222499316664]]]}, {"type": "Polygon", "coordinates": [[[-64.16500087787259, 10.572028119938397], [-64.26338957629437, 10.666222561989844], [-64.2595825200048, 10.573333763001804], [-64.16500087787259, 10.572028119938397]]]}, {"type": "Polygon", "coordinates": [[[-64.12503047302417, 10.996222499316664], [-63.93669506453496, 10.897889129812505], [-63.82569503993362, 11.080750444105405], [-63.94922259445251, 11.11586093569793], [-64.12503047302417, 10.996222499316664]]]}, {"type": "Polygon", "coordinates": [[[-62.12416843088887, 10.702888487246387], [-61.98160938589512, 10.637861258361578], [-61.895832105772044, 10.669500323364312], [-62.026279445179306, 10.717472039117748], [-62.12416843088887, 10.702888487246387]]]}, {"type": "Polygon", "coordinates": [[[-69.76380916484945, 11.721638694704891], [-69.96086123305078, 12.180305500852134], [-70.14302823951898, 12.11716653152229], [-70.24091337272505, 12.013194095102168], [-70.24461368161765, 11.779138605459437], [-70.21546937897787, 11.68666652479156], [-69.76380916484945, 11.721638694704891]]]}, {"type": "Polygon", "coordinates": [[[-66.86416191341463, 1.3104631497133787], [-66.31031996715728, 0.7449440178476954], [-65.59328097618875, 0.9983619746844028], [-65.56835599445476, 0.6807050142897862], [-65.14903998268274, 1.0031390319907625], [-65.05104499911776, 1.1158560055036921], [-64.45197098633356, 1.4789219883683948], [-64.33571997118133, 1.3669389954660793], [-64.30554998775729, 1.4601899952021669], [-64.05120095624618, 1.8309640294181195], [-63.97218902641425, 1.9919419832806564], [-63.37520504224094, 2.216090973085002], [-63.44747396722757, 2.410119994995626], [-63.95751996701126, 2.4687379695250025], [-64.05972499866174, 2.5065240301783627], [-64.01371700606876, 2.785949968855386], [-64.18083099033946, 3.170568984466336], [-64.17709901668371, 3.5549799986566306], [-64.80939498140819, 4.1937459804362796], [-64.70768867665667, 4.236540352285855], [-64.43629600476123, 4.116303972056544], [-64.09922299590689, 4.061569026237798], [-63.99631103668109, 3.903959989924717], [-63.756329936530044, 3.9412096470506963], [-63.612863031569496, 3.9448030678483437], [-63.49542900185251, 3.875796990701077], [-63.30989596464229, 3.9250289792568527], [-62.914259037234615, 3.6755260300979913], [-62.73593703577037, 3.692098996659275], [-62.73360299334741, 4.039293992092033], [-62.54790296353711, 4.044965002914757], [-62.35408995710307, 4.164756009130082], [-62.11796098275611, 4.10542298436734], [-61.51496297726921, 4.307697979978913], [-61.305760034652074, 4.539635983443488], [-61.13497637257505, 4.490140938785274], [-60.5970536537466, 4.9998223518360305], [-61.379111649970106, 5.929791509365675], [-61.13841461929974, 6.2219629996495245], [-61.178846218857174, 6.471301821445532], [-61.222254485969, 6.58671254197126], [-61.14157034526055, 6.743343809556062], [-60.38025936771444, 6.929947354668736], [-60.32841753190458, 7.156376268198857], [-60.49339627727652, 7.186710314612298], [-60.63795246640602, 7.246000408452403], [-60.71156724058123, 7.5535785247328615], [-60.40988719374898, 7.824225293341897], [-59.82742507664576, 8.331335489766866], [-60.24666592693798, 8.646972686952024], [-60.55922317282028, 8.551194203716927], [-60.87805556247439, 8.618000013567165], [-60.80547330677228, 8.672472003655683], [-60.86622236069597, 8.813888516289412], [-60.881694767715175, 9.048694622175843], [-60.85208510507118, 9.1433611062771], [-60.90669634238763, 9.238721865566097], [-60.82291797148735, 9.395833052872037], [-61.64419555222049, 9.872916218889879], [-61.6096381866969, 9.789166442195501], [-61.887554134357664, 9.82958315543579], [-62.17422103994471, 10.019583685800557], [-62.320445989767606, 9.827472673133608], [-62.618751506584026, 10.2016668127201], [-62.82747267288829, 10.382055254898578], [-62.88588711987551, 10.52922247895398], [-62.28713990993945, 10.588333162078309], [-62.21586226423032, 10.698778164620881], [-63.39669417413797, 10.6803884709576], [-63.492916128027886, 10.646638873379695], [-63.86752696861298, 10.637916566829293], [-63.724193588408426, 10.497860884696887], [-64.32669067033757, 10.403750386614503], [-64.44752501513885, 10.266222008078069], [-64.5383911051546, 10.244555454950818], [-64.71791840259685, 10.133333219556379], [-65.48339080953127, 10.157055855987362], [-65.72505186542868, 10.238750445306032], [-65.82166286132392, 10.279555327379223], [-65.92166903567627, 10.290389050564368], [-66.13416292933388, 10.603750224286426], [-68.09085850176781, 10.49622247911429], [-68.2062759193047, 10.548333182637963], [-68.31461334751519, 10.859972019642697], [-68.27877803369866, 10.950833354749879], [-68.6179428069959, 11.305805187017572], [-69.3666687258037, 11.48955538876742], [-69.66038511048379, 11.511666323275165], [-69.7774963315034, 11.453722031220249], [-69.96627808273371, 11.499166463536959], [-70.09833522566399, 11.542888678682086], [-70.04374698018175, 11.443305980882538], [-71.38419338505182, 10.973750122998597], [-71.47922513457857, 10.939611393659261], [-71.5250015214794, 10.664555554260334], [-71.60297394832916, 10.612444870428744], [-71.68922420324664, 11.047027580658977], [-71.96461484041244, 11.484972022087954], [-72.34574562010822, 11.151410667077293], [-72.8955777391563, 10.421791400787201], [-73.08160192789968, 9.578261145654796], [-73.36518353507611, 9.17103840221773], [-72.96906303574303, 9.206328171361802], [-72.83518235688055, 9.122148645229329], [-72.36983321660755, 8.112398597587505], [-72.47207275992302, 7.513079392618444], [-72.17071015169437, 7.287348513492508], [-71.96121709499045, 7.01165497791982], [-70.89825246899301, 7.034323872089018], [-70.50404532926419, 7.010593484397638], [-70.40369055644489, 6.988348916785526], [-70.148663893317, 6.984443136569425], [-69.32045627350537, 6.108364980258209], [-68.88873078137094, 6.171124882423986], [-67.96799592095563, 6.2132657931623205], [-67.64614307797909, 6.307897636948843], [-67.40616347864749, 5.9928037800956], [-67.6344329100022, 5.6905531251737855], [-67.73786018429405, 5.39021610497103], [-67.85487348994543, 5.140202584387845], [-67.68366086834453, 3.924090817530765], [-67.35147001086312, 3.316557007567793], [-67.81202937912032, 2.906073963592793], [-67.21760792595492, 2.3045661416417094], [-66.86416191341463, 1.3104631497133787]], [[-71.86044310654734, 10.193333596428229], [-71.96416469807473, 10.098694798174385], [-72.10533146296436, 9.850861591403966], [-71.9999999820638, 9.58213898160057], [-71.93347169348648, 9.513833054907401], [-71.89830782321617, 9.42691704739167], [-71.7250518985253, 9.37874988780899], [-71.76063538288732, 9.291250239894907], [-71.74771877278054, 9.174555803111968], [-71.71441652071462, 9.07549955680791], [-71.53794101987098, 9.040666610647614], [-71.15866848896383, 9.258222574880444], [-71.02911372488629, 9.714221922411614], [-71.50250245051018, 10.518694918852505], [-71.60297394832916, 10.612444870428744], [-71.86044310654734, 10.193333596428229]]]}]}, "id": "0000000000000000007b", "properties": {"name": "Venezuela"}}, {"type": "Feature", "geometry": {"type": "GeometryCollection", "geometries": [{"type": "LineString", "coordinates": [[-57.29663703286407, 5.275698682496741], [-57.29603067955132, 5.176014829565734]]}, {"type": "Polygon", "coordinates": [[[-54.00262965544852, 5.559901825028686], [-54.01549910707159, 5.828222283910536], [-55.045028692476265, 6.015694651408576], [-55.15247341775267, 5.952861276704761], [-55.35916515166415, 5.965416460212244], [-55.47669602079955, 5.98458335780761], [-55.81422042932007, 5.958777918927002], [-55.947944681670535, 5.884139036751355], [-55.84755708033674, 5.86619423492262], [-55.91669460612319, 5.796194564462912], [-57.07638934213703, 5.931722132366755], [-57.299729266601744, 5.368025430828296], [-57.29663703286407, 5.275698682496741], [-57.18162598898271, 5.17537750137962], [-57.29603067955132, 5.176014829565734], [-57.30257640015895, 5.01521496490918], [-57.81081063295361, 4.924557276236996], [-57.866690090803274, 4.7340607252294875], [-58.034645389721085, 3.9774833143387207], [-57.54414644677478, 3.3581412840941725], [-57.2961409880161, 3.3541449572131783], [-57.27453331533257, 3.160840668132649], [-57.22481371397912, 3.0852897336136613], [-56.8106167180708, 2.2268063599288253], [-56.491931599470014, 1.9617062588708678], [-55.90160071982173, 1.8958188417204531], [-56.142254432977076, 2.260585505313101], [-55.89090030599297, 2.500260802438965], [-55.346940400724975, 2.439644391002941], [-55.261729348632535, 2.483431510212762], [-55.06075632703525, 2.5484404633266986], [-54.96253661506877, 2.5476653279035313], [-54.684427804436105, 2.4514438172543778], [-54.62095542117179, 2.3167061348816853], [-54.20940428978234, 2.7758684413977925], [-54.165389763936716, 3.2284678535393363], [-53.996807461351914, 3.571961117815132], [-54.38579321551339, 4.2465280355685175], [-54.436518750179985, 5.017402622648197], [-54.00262965544852, 5.559901825028686]]]}]}, "id": "00000000000000000082", "properties": {"name": "Suriname"}}, {"type": "Feature", "geometry": {"type": "Polygon", "coordinates": [[[-53.74581846048626, 2.309729818256192], [-53.26861758867398, 2.2932622905010076], [-53.260418286932854, 2.1894443147210945], [-52.7981897946783, 2.3006692217320173], [-52.425478756490016, 2.880823284060508], [-52.36913766032934, 2.9804382524343733], [-51.647888194007116, 4.21955538324106], [-51.84647372366821, 4.5530557753647605], [-51.954944634282256, 4.517305374748524], [-52.105056756636436, 4.676222335800885], [-52.27585982674533, 4.864555354420959], [-52.33499909411684, 4.949555393274418], [-52.62666706114507, 5.167055623831555], [-53.77208327154885, 5.654139047077005], [-53.91344991535512, 5.741263970524863], [-54.46420356093867, 4.823891578863187], [-54.24523332794016, 3.905515284560223], [-53.996807461351914, 3.571961117815132], [-54.182174241393945, 3.0407446183671767], [-54.43775904691669, 2.4301703707201616], [-54.52845461775645, 2.3321057323166317], [-54.174539938320244, 2.1386808072022285], [-54.083989049118834, 2.1481548517013733], [-54.00604028716338, 2.1970924087535977], [-53.74581846048626, 2.309729818256192]]]}, "id": "00000000000000000083", "properties": {"name": "French Guiana"}}, {"type": "Feature", "geometry": {"type": "Polygon", "coordinates": [[[-57.08728000800737, 2.007402972249426], [-56.73936100203912, 1.9039470227330773], [-56.491931599470014, 1.9617062588708678], [-56.87756184452585, 2.2982404256260445], [-57.22481371397912, 3.0852897336136613], [-57.27453331533257, 3.160840668132649], [-57.3954975261441, 3.3653415379054787], [-57.68884052508142, 3.454569523438593], [-58.06246798483273, 4.163415138226498], [-57.866690090803274, 4.7340607252294875], [-57.81081063295361, 4.924557276236996], [-57.30257640015895, 5.01521496490918], [-57.29603067955132, 5.176014829565734], [-57.18162598898271, 5.17537750137962], [-57.29663703286407, 5.275698682496741], [-57.299729266601744, 5.368025430828296], [-57.14255198494577, 5.965408007327227], [-57.40597154799332, 6.314972376373886], [-57.51008220443466, 6.2908053684634595], [-58.08502958877212, 6.83208321724867], [-58.19544598356903, 6.78330566845863], [-58.44919589324264, 6.852027887855003], [-58.565418209506646, 6.671638962419359], [-58.57377621075153, 6.894138791550688], [-58.51213833527067, 7.388333301435889], [-59.53761287652129, 8.286250107424458], [-59.62169266496604, 8.335389174205824], [-59.80710986883275, 8.404166192969491], [-60.1346929118172, 7.996480054347612], [-60.58266560167635, 7.728210415019862], [-60.6779431169118, 7.459768602152867], [-60.63795246640602, 7.246000408452403], [-60.49339627727652, 7.186710314612298], [-60.28940528425735, 7.07178196378081], [-60.80273826758225, 6.7929876223649766], [-61.14157034526055, 6.743343809556062], [-61.222254485969, 6.58671254197126], [-61.178846218857174, 6.471301821445532], [-61.192433737176486, 6.139625214915802], [-61.36353088475389, 5.967094880020223], [-60.68509409167441, 5.226531720014502], [-60.099477831863624, 5.186675792578111], [-59.975127428374286, 5.044788737466493], [-60.11860872457092, 4.501685506138518], [-59.9730017817475, 4.485743150775015], [-59.877539432436436, 4.48517304346742], [-59.680916953752764, 4.358696939933679], [-59.695796463791865, 4.1530403870279144], [-59.566131865659614, 3.9117793255742046], [-59.82227256595914, 3.470707222434376], [-59.96878171612444, 2.6287102297230414], [-59.831677336746424, 2.3295252132883473], [-59.729114791240335, 2.0319343569699515], [-59.615392636639854, 1.71414990650899], [-59.0106729058846, 1.3168394123702543], [-58.740376030057256, 1.1972709711494258], [-58.487990959147005, 1.383832001101667], [-58.25683597758849, 1.5622900078427806], [-57.99249302770539, 1.564019021605236], [-57.4933629718295, 1.7860109694934856], [-57.08728000800737, 2.007402972249426]], [[-58.69419475801392, 6.402111035975234], [-58.58541488716575, 6.381666654394026], [-58.58961101669204, 6.479972346950626], [-58.69419475801392, 6.402111035975234]]]}, "id": "00000000000000000084", "properties": {"name": "Guyana"}}, {"type": "Feature", "geometry": {"type": "GeometryCollection", "geometries": [{"type": "Point", "coordinates": [-81.38316342493542, 13.320944798662994]}, {"type": "Point", "coordinates": [-81.73513790234337, 12.541777581247636]}, {"type": "LineString", "coordinates": [[-68.2417742698566, 1.7800119243260637], [-68.16252332613335, 1.7275086881070891]]}, {"type": "LineString", "coordinates": [[-71.89755244837019, 12.320388796312457], [-71.9563065004672, 12.249166477168227]]}, {"type": "LineString", "coordinates": [[-74.50133517302636, 10.941194499720833], [-74.31752773313106, 10.981555922346772]]}, {"type": "LineString", "coordinates": [[-75.57655330958495, 10.289305660777272], [-75.7025299243576, 10.147666918941571]]}, {"type": "Polygon", "coordinates": [[[-75.44256127253873, -0.0758782271064653], [-74.97402832212454, -0.15227324396540656], [-74.36180729346061, -0.63532728558538], [-74.20590983517414, -1.0106876919008272], [-73.89612685323243, -1.155536700550485], [-73.59904939529838, -1.326809658212364], [-73.49437357008902, -1.7311948978681921], [-73.1446826545853, -1.8107594010007506], [-73.07575314143975, -2.1084500914736286], [-73.1692116570014, -2.209529232164736], [-72.82795431260239, -2.4193182867928726], [-72.16666139393391, -2.4570765324457517], [-71.7253997403902, -2.141919203862456], [-71.52014094570694, -2.296862362436691], [-71.4220797146321, -2.328626175483872], [-70.9942126485665, -2.302770730150635], [-70.97492014185875, -2.213353284357481], [-70.63045195531689, -2.3976486883694745], [-70.55868366552224, -2.471528708614618], [-70.23433481720161, -2.5578455706736865], [-70.16070631560643, -2.689448214270014], [-70.07085818803475, -2.717215699957856], [-70.71693763807016, -3.79875177593053], [-70.22162303440206, -3.908613616829482], [-69.94187384902686, -4.225151211491441], [-69.42023099977158, -1.0836175254311065], [-69.43799414532648, -0.9905510690593081], [-69.52788355917272, -0.9231133603465057], [-69.56407085054832, -0.8110099249458713], [-69.74207202813061, -0.4272779486784694], [-70.05327439078299, -0.18925634215901918], [-70.04368328677532, 0.5632731408489429], [-69.40656111066808, 0.6750664812012243], [-69.19940064424712, 0.6104192657893259], [-69.15402178044738, 0.7081910267259179], [-69.29026847546986, 1.0608482319187138], [-69.81819484143149, 1.0635699108524375], [-69.77179632815525, 1.7073721106672894], [-68.2417742698566, 1.7800119243260637], [-68.19169641621015, 2.0311938775396188], [-67.90437540899454, 1.8088129126236419], [-67.6926812011849, 2.000980386482204], [-67.37814399800841, 2.2226895117233556], [-67.08572431026305, 1.4462683432543033], [-67.06036012579744, 1.175579508682189], [-66.86416191341463, 1.3104631497133787], [-67.35270741586756, 2.529548004470209], [-67.81202937912032, 2.906073963592793], [-67.31726252428967, 3.400310752856224], [-67.77920171257927, 4.200068638819447], [-67.81674493706899, 5.3354621728289136], [-67.62580746293274, 5.579405094580299], [-67.50108927561406, 5.917383173000343], [-67.4622151903545, 6.06763023184747], [-67.64614307797909, 6.307897636948843], [-68.88873078137094, 6.171124882423986], [-69.15897190809056, 6.15689589814321], [-69.4118389326635, 6.12035958626619], [-70.148663893317, 6.984443136569425], [-70.40369055644489, 6.988348916785526], [-70.50404532926419, 7.010593484397638], [-70.89825246899301, 7.034323872089018], [-72.0486202681255, 7.039765716053171], [-72.19418361544088, 7.378165659465779], [-72.47207275992302, 7.513079392618444], [-72.48445198986386, 7.947131478833012], [-72.36983321660755, 8.112398597587505], [-72.42844100605954, 8.381199024475643], [-72.83518235688055, 9.122148645229329], [-72.96906303574303, 9.206328171361802], [-73.16893113579958, 9.1846536522871], [-73.36518353507611, 9.17103840221773], [-72.94597799172676, 9.843320986518231], [-72.80096146232009, 10.58328956606843], [-72.34574562010822, 11.151410667077293], [-71.97235805270847, 11.643960261079082], [-71.22377776549293, 11.965805990002707], [-71.13964076768549, 12.136583347367674], [-71.48844148463529, 12.429471997166171], [-71.66674802435851, 12.394499740345012], [-71.89755244837019, 12.320388796312457], [-71.85214237606861, 12.226694144287107], [-71.95666503180315, 12.15538879214586], [-71.9563065004672, 12.249166477168227], [-72.14013672142214, 12.163971907964248], [-72.43952943176362, 11.78905579081366], [-72.58166503537583, 11.751111018604387], [-73.04958345414582, 11.475805299556296], [-73.15586085712914, 11.392055513710211], [-73.79086307631755, 11.262027725875976], [-74.0083312967837, 11.343722317560518], [-74.10877987843374, 11.347472155777487], [-74.19333647610529, 11.29622272017792], [-74.22628023717496, 11.210805896186848], [-74.24044796184944, 11.030805573244086], [-74.31752773313106, 10.981555922346772], [-74.40422059724928, 10.737500179664636], [-74.50133517302636, 10.941194499720833], [-74.78172303203183, 11.012027734302508], [-74.87493001906346, 11.062090009082851], [-74.95583340986047, 11.008722279567207], [-75.02574925069904, 10.946639058179631], [-75.51327517548823, 10.562833786215384], [-75.57655330958495, 10.289305660777272], [-75.54120003455081, 10.041839996460308], [-75.6679458405307, 9.745805702516256], [-75.6087493620018, 9.469166795168011], [-76.10128022144217, 9.285805725306647], [-76.73252868255248, 8.652055763029614], [-76.93624880457622, 8.542499544561464], [-76.80294796280113, 8.465833645932033], [-76.75878141337965, 8.386638606525972], [-76.76496889937701, 7.916638855390286], [-76.92185976630468, 7.9246110995554755], [-76.8425293266587, 8.022027955640814], [-76.83752440091817, 8.126250293391156], [-76.92588803367758, 8.096221882308122], [-77.39388296970989, 8.595947981578984], [-77.17674196060204, 7.916898975406846], [-77.43670799948481, 7.683337988541944], [-77.56990004017877, 7.509154960937403], [-77.71009996892245, 7.692489020436056], [-77.78638399915896, 7.471999961358634], [-77.88190999381797, 7.191069964955717], [-77.67459000022713, 6.945979968165734], [-77.5179300167909, 6.643729983194057], [-77.39275001602552, 6.581809995411826], [-77.42174995782737, 6.0924799857653325], [-77.3513599644358, 5.998360011187323], [-77.25985004319755, 5.749519997958033], [-77.5084899838577, 5.48026997921325], [-77.37543997780686, 5.341520002767014], [-77.39521998968227, 5.194149993795652], [-77.38171997685994, 5.104189980372606], [-77.37234996023449, 4.937649971076394], [-77.32501002353449, 4.69977000334111], [-77.43942997368003, 4.30655002006224], [-77.52748002488919, 4.2013200150275445], [-77.42127000395867, 4.17920999774899], [-77.43830998746336, 4.040880029217094], [-77.37967999998124, 3.9652399909561216], [-77.2879299863718, 3.9687400163159], [-77.30453996684989, 3.8765599859477664], [-77.13730996574182, 3.790259999436814], [-77.10195998355091, 3.6480999676579837], [-77.2858299792111, 3.581310013738689], [-77.28872004361344, 3.4816400284177287], [-77.36714002855244, 3.413909992918229], [-77.48533002831655, 3.168080010451574], [-77.55322997437274, 3.1058300052698042], [-77.62583996276638, 3.0274500189432096], [-77.57898999664793, 2.9265900123411703], [-77.72773002078344, 2.8023599694532666], [-77.79255000428553, 2.736389971337119], [-78.02937998516592, 2.624189972771167], [-78.072719994402, 2.544670018024593], [-78.16521002326607, 2.5377199648166577], [-78.20141998204784, 2.6242400146422677], [-78.27069000859578, 2.5412200071711095], [-78.39612002549136, 2.495229994543058], [-78.438949974678, 2.4128099939165066], [-78.5286399729316, 2.486039969603787], [-78.58733997522009, 2.409679993617733], [-78.62194001463169, 2.323670023347716], [-78.66576998828722, 2.243290000382538], [-78.53931999293941, 1.7933699769624771], [-78.75195004211079, 1.7271799681395805], [-78.86915997849916, 1.785709995416263], [-78.96623998931189, 1.5789700202912322], [-78.43341407027148, 1.1440472735704583], [-78.34548142579389, 1.1833213923351342], [-77.9191722453239, 0.8127636804784844], [-77.70888291001839, 0.8483375081984712], [-77.48787319120355, 0.5902654178608087], [-77.52505244108717, 0.4045669388240782], [-76.99922079775392, 0.28742433473654594], [-76.85859197893595, 0.2457042302126434], [-76.4445604065868, 0.2555571892709561], [-76.26231484880809, 0.4091050887691076], [-75.44256127253873, -0.0758782271064653]], [[-78.34579001353845, 2.3740499701699522], [-78.27449002676371, 2.4512099834245458], [-78.39612002549136, 2.495229994543058], [-78.34579001353845, 2.3740499701699522]], [[-77.77045998215706, 2.644410005655717], [-77.69418002587845, 2.717120005359649], [-77.79255000428553, 2.736389971337119], [-77.77045998215706, 2.644410005655717]], [[-77.21782001554196, 4.040130031158498], [-77.27293998224967, 4.114879971391101], [-77.34993998738861, 4.0672100244998175], [-77.2879299863718, 3.9687400163159], [-77.21782001554196, 4.040130031158498]]]}]}, "id": "00000000000000000085", "properties": {"name": "Colombia"}}, {"type": "Feature", "geometry": {"type": "GeometryCollection", "geometries": [{"type": "LineString", "coordinates": [[-75.46038217059564, -0.15167073478876755], [-75.57279677098626, -0.12462930912788293]]}, {"type": "LineString", "coordinates": [[-78.15326436546565, -3.4314182644858295], [-78.24689647964614, -3.402196272820366]]}, {"type": "Polygon", "coordinates": [[[-80.22138697272912, -3.4381549798928885], [-80.79296872150725, -3.7608888011501245], [-81.2975310988567, -4.45708320860563], [-81.2645569018458, -4.755027794911921], [-81.10416411053033, -5.081277829356484], [-81.17502592203186, -5.229639030044749], [-80.85291292141439, -5.644166494436083], [-80.8612747571763, -5.736722010534459], [-80.8537750293627, -5.8291945660944195], [-81.09791568143292, -5.828333417662136], [-81.0658645452532, -6.097083529401494], [-79.8974991171048, -6.903749976005435], [-79.1287765733999, -8.062527618897787], [-78.65547179482392, -8.909193985466246], [-78.63544462012307, -9.029194847002671], [-78.59796901321366, -9.184166945667329], [-78.52544401645689, -9.272527674483694], [-77.59541320417424, -11.189999593228306], [-77.56999973676724, -11.33961106308391], [-77.20211028854251, -11.690889393338717], [-77.13541409428599, -12.001694659554538], [-77.09085843473781, -12.087944017633248], [-76.54502872228187, -12.827111233857279], [-76.19291688505875, -13.602555315283192], [-76.23708344353737, -13.76249984670813], [-76.39708713762344, -13.896721826048262], [-76.27002717223016, -13.860444071897474], [-76.25377655791215, -14.161694484765281], [-75.62249760026748, -14.842082966221687], [-74.9583892888527, -15.493778219273159], [-72.98672482750828, -16.517139390591694], [-72.18666836847284, -16.923749919647104], [-71.53128055532054, -17.268362066640904], [-71.43374629612862, -17.355028178148224], [-71.278335568415, -17.729583696705337], [-70.3859482077535, -18.34383396160696], [-69.85999080752192, -18.17005372950477], [-69.79879340039304, -17.651652309727577], [-69.4688526740268, -17.438330324373737], [-69.60680729900521, -17.233971053498365], [-69.04022345215175, -16.573320890882606], [-68.82176390075664, -16.357959915063912], [-69.29137840463581, -16.060700965937656], [-69.39088098428427, -15.600099027946888], [-69.1194055201631, -15.258396838164671], [-69.35753048776019, -14.8106721911735], [-68.93241934700958, -14.219803878244003], [-68.85617260931093, -14.129714626942679], [-69.00291996229336, -13.62207980509844], [-68.86865765947381, -13.184621546842616], [-68.87626167088894, -12.978371817550277], [-68.69556471455442, -12.419188072457155], [-69.66072646703674, -10.953250454913947], [-70.43846363834277, -11.038017042413081], [-70.62087666768959, -10.90989702152253], [-70.58727795711987, -9.585254703139828], [-70.50575324822252, -9.504984032619634], [-70.5655049546822, -9.431603442861507], [-71.40625998713304, -10.000169952653936], [-72.15855846540894, -9.979838692527522], [-72.41200730678797, -9.482143002801713], [-72.5991448743437, -9.457338329235727], [-72.69165258997137, -9.435496450458034], [-73.19396123970975, -9.399667423242958], [-73.13379608264627, -9.331041112449968], [-72.97479808446334, -8.962846569905343], [-73.583753165409, -8.231366608397014], [-73.74072545732123, -7.929042309700555], [-73.76197485837378, -7.727641979614449], [-73.91737616242031, -7.498250301614352], [-73.9464666212341, -7.35746650364875], [-73.69888824818668, -7.291475733423742], [-73.73601260044185, -6.899423852196041], [-73.68517678943934, -6.82202978486776], [-73.12893161721033, -6.470940102092244], [-73.12855956349618, -6.377371304830527], [-73.15764995226917, -6.2911750150842565], [-73.16944599456791, -5.923376605058353], [-73.04663516548706, -5.759441697277522], [-72.77957141953742, -5.102151954933531], [-72.51340336448646, -4.935684945775342], [-72.41448774533224, -4.898891339674574], [-71.7541732052046, -4.470063055204547], [-71.61981442135992, -4.467720373504798], [-71.3785337563042, -4.42415717189863], [-70.87677625260304, -4.295551775357621], [-70.67596850502918, -4.201397277968374], [-70.58515583591337, -4.182845450724328], [-70.37340642652643, -4.136629469544297], [-70.21857005891754, -4.31215713315944], [-70.0390392850091, -4.375409064014107], [-69.96219986492522, -4.324990105103677], [-70.37620385600033, -3.8017661850708215], [-70.71693763807016, -3.79875177593053], [-70.07085818803475, -2.717215699957856], [-70.16070631560643, -2.689448214270014], [-70.44669053236377, -2.509924334352061], [-70.55868366552224, -2.471528708614618], [-70.63045195531689, -2.3976486883694745], [-70.97492014185875, -2.213353284357481], [-71.29032552415794, -2.383127564164127], [-71.4220797146321, -2.328626175483872], [-71.52014094570694, -2.296862362436691], [-71.82718159676088, -2.1872394564623305], [-71.93685970669351, -2.3778049152384133], [-72.44950366605136, -2.431789534084817], [-72.91661726560827, -2.446500123913958], [-73.1692116570014, -2.209529232164736], [-73.11774200781379, -1.9072393199733206], [-73.2120962369995, -1.74997068547124], [-73.49437357008902, -1.7311948978681921], [-73.66168120260363, -1.2509486570416375], [-74.27784340291478, -0.8987048338182723], [-74.58821895726904, -0.38354250065125767], [-75.16399092912785, -0.04981607196868232], [-75.46038217059564, -0.15167073478876755], [-75.22755803380527, -0.5731190132636281], [-75.27698453825411, -0.7184478255949958], [-75.20455773633607, -0.9571912148925605], [-75.31555100644884, -0.9762442194983252], [-75.56142771205009, -1.564241401465585], [-76.63357142348966, -2.590188780167354], [-77.9843693512126, -3.1293590167834924], [-78.15326436546565, -3.4314182644858295], [-78.21835955103182, -3.5090682588452236], [-78.24689647964614, -3.402196272820366], [-78.36112602944698, -3.5046814148606544], [-78.68207871346144, -4.600280357857521], [-78.90349006671069, -4.794707504135443], [-79.02096068486415, -5.01284735604325], [-79.39626959356417, -4.825221731058643], [-79.6166877524843, -4.446014835834435], [-79.91938850645566, -4.38586072984143], [-80.14377716808619, -4.286350257106122], [-80.45157984141474, -4.426612471099303], [-80.32094865552811, -4.215022611219541], [-80.46373103562235, -4.129034377066322], [-80.45721805409144, -4.03459936077539], [-80.18534183151834, -3.931448484722032], [-80.22138697272912, -3.4381549798928885]]]}]}, "id": "00000000000000000093", "properties": {"name": "Peru"}}, {"type": "Feature", "geometry": {"type": "GeometryCollection", "geometries": [{"type": "Point", "coordinates": [-29.343778609847, -20.49755478380988]}, {"type": "Point", "coordinates": [-28.85041622580736, -20.47252841454681]}, {"type": "Point", "coordinates": [-32.4000549084361, -3.858750110117572]}, {"type": "LineString", "coordinates": [[-43.99252704030392, -23.058750161915007], [-43.632499675445814, -23.00797273338833]]}, {"type": "LineString", "coordinates": [[-51.44625093734683, -0.47252777848645466], [-51.35250090881912, -0.44294445919793096]]}, {"type": "LineString", "coordinates": [[-38.736278548726816, -13.085805885785044], [-38.689193763005555, -12.992917022618096]]}, {"type": "LineString", "coordinates": [[-44.35669329190885, -23.159584028505865], [-44.26252749245201, -23.193777046102497]]}, {"type": "LineString", "coordinates": [[-52.106304198162384, -32.13252637762856], [-52.01583480076689, -32.07794567951387], [-52.1975288741474, -32.07125091502274]]}, {"type": "LineString", "coordinates": [[-51.3458595386929, -30.631250396483452], [-51.30044554762058, -30.816667565407318]]}, {"type": "LineString", "coordinates": [[-51.20458219693458, -30.353361119530348], [-51.04419328406551, -30.3921394250375]]}, {"type": "LineString", "coordinates": [[-50.612472502266954, -30.4879169076734], [-50.676692937114424, -30.37291714287118], [-50.563804623083584, -30.390861486702025]]}, {"type": "LineString", "coordinates": [[-51.59794619112742, -31.70836069711735], [-51.706665017353075, -31.78541758096108]]}, {"type": "LineString", "coordinates": [[-48.74288943848048, -28.333389323512574], [-48.75127788673603, -28.43419455189766]]}, {"type": "LineString", "coordinates": [[-44.42377855788787, -22.95336150490007], [-44.360889459182204, -23.024583811232812]]}, {"type": "LineString", "coordinates": [[-37.399639166678874, -11.513333295685028], [-37.3312759034648, -11.427527400337544]]}, {"type": "LineString", "coordinates": [[-43.632915460261465, -2.573333256472587], [-43.65583420408953, -2.4854166769384247]]}, {"type": "LineString", "coordinates": [[-44.35586168935272, -2.8763055881558333], [-44.37294390547043, -2.76416660595034]]}, {"type": "LineString", "coordinates": [[-44.55380627232991, -2.107527708958672], [-44.48294445671316, -2.050861135418857], [-44.51336290590976, -1.9653888733005236], [-44.52627944374033, -1.8425277737928465], [-44.58666614005324, -1.9129722228225732]]}, {"type": "LineString", "coordinates": [[-44.86669539377086, -1.661277772429428], [-44.81999971823618, -1.5837778015172932]]}, {"type": "LineString", "coordinates": [[-44.90833281569175, -1.5204166316368135], [-44.8458328131099, -1.4095833127678474]]}, {"type": "LineString", "coordinates": [[-45.352943448290794, -1.47747216226028], [-45.29964069118899, -1.4016666397079707], [-45.412109358286095, -1.298361063310992]]}, {"type": "LineString", "coordinates": [[-45.731723760044964, -1.2154444689147053], [-45.68377689105639, -1.1391667219084183]]}, {"type": "LineString", "coordinates": [[-45.91125106263515, -1.1683332660176189], [-45.81999971629358, -1.1679721906185743]]}, {"type": "LineString", "coordinates": [[-46.18210982415883, -1.1241945166231697], [-46.264583565136526, -1.0650000305250575]]}, {"type": "LineString", "coordinates": [[-46.26419451984805, -0.9620555578768323], [-46.19833371910938, -0.8879166724516596]]}, {"type": "LineString", "coordinates": [[-46.63336184033704, -0.8779444912276929], [-46.619167298726516, -1.0054444043908486]]}, {"type": "LineString", "coordinates": [[-46.96002961520358, -0.7971110774793256], [-46.98166656344049, -0.7088055743208118]]}, {"type": "LineString", "coordinates": [[-47.11505510466826, -0.6837221815431497], [-47.05916594738896, -0.8104722756740036]]}, {"type": "LineString", "coordinates": [[-48.63291546800669, -1.4833611485984155], [-48.65250014001519, -1.3946388899786824]]}, {"type": "LineString", "coordinates": [[-50.62916563676449, -0.4995833131158233], [-50.72874833435775, -0.5258610792818333]]}, {"type": "LineString", "coordinates": [[-64.45197098633356, 1.4789219883683948], [-64.30554998775729, 1.4601899952021669]]}, {"type": "Polygon", "coordinates": [[[-51.8908615420742, -31.872083697205316], [-52.097526549158246, -31.834583267143593], [-52.01583480076689, -32.07794567951387], [-51.8908615420742, -31.872083697205316]]]}, {"type": "Polygon", "coordinates": [[[-51.706665017353075, -31.78541758096108], [-51.8908615420742, -31.872083697205316], [-51.76336287663026, -31.87797166059675], [-51.706665017353075, -31.78541758096108]]]}, {"type": "Polygon", "coordinates": [[[-49.3846397168361, -1.808333259081373], [-49.29297257992009, -1.8225555244676028], [-49.27919386888809, -1.7304166558671472], [-49.3846397168361, -1.808333259081373]]]}, {"type": "Polygon", "coordinates": [[[-44.26252749245201, -23.193777046102497], [-44.17294313587025, -23.132528273694646], [-44.20922088536797, -23.047082869676366], [-44.26252749245201, -23.193777046102497]]]}, {"type": "Polygon", "coordinates": [[[-43.54583361739854, -2.526249900824044], [-43.45166782136548, -2.461250086498746], [-43.53958508231382, -2.4349999672311458], [-43.54583361739854, -2.526249900824044]]]}, {"type": "Polygon", "coordinates": [[[-38.689193763005555, -12.992917022618096], [-38.525417344420156, -12.92836093992031], [-38.65330508679641, -12.898777953172123], [-38.689193763005555, -12.992917022618096]]]}, {"type": "Polygon", "coordinates": [[[-51.267501799219346, -31.483804727221887], [-51.423778560735315, -31.492500279582526], [-51.48255539859975, -31.569639191440498], [-51.59794619112742, -31.70836069711735], [-51.267501799219346, -31.483804727221887]]]}, {"type": "Polygon", "coordinates": [[[-49.7591933969739, -0.12463890142661503], [-49.3675269842651, 0.001250020503503002], [-49.52252962816197, 0.07874998636021391], [-49.689166994278565, 0.03791665216911337], [-49.7591933969739, -0.12463890142661503]]]}, {"type": "Polygon", "coordinates": [[[-48.570026364574886, -27.695417366853093], [-48.43964000791526, -27.62002752562995], [-48.417057065414994, -27.523361228001477], [-48.40041732231591, -27.430055648876635], [-48.56085971615769, -27.597972891041103], [-48.570026364574886, -27.695417366853093]]]}, {"type": "Polygon", "coordinates": [[[-50.94836043594631, -0.25124997636501545], [-50.759193449353525, -0.1896111337102711], [-50.68002700091599, -0.14541666756774763], [-50.69619368896285, 0.004138894437965743], [-51.00249859368645, -0.11794442957755559], [-50.94836043594631, -0.25124997636501545]]]}, {"type": "Polygon", "coordinates": [[[-44.37294390547043, -2.76416660595034], [-44.27999874534197, -2.8204167093501766], [-44.2541961814292, -2.7321112010194866], [-44.164970405126475, -2.69461105836234], [-44.10708237565197, -2.569222228731274], [-44.02877808150396, -2.516666672774138], [-44.102085131428616, -2.463361040772479], [-44.2483329427448, -2.482111191731072], [-44.287082688952104, -2.5658888951734737], [-44.37294390547043, -2.76416660595034]]]}, {"type": "Polygon", "coordinates": [[[-49.94086070957659, -0.03958332673981282], [-49.64922329967319, 0.34374999872901485], [-49.82419585329541, 0.32958335205193956], [-49.98252868398668, 0.32708331600242696], [-50.0701369901232, 0.28094442807549774], [-50.335723843960196, 0.21905554833858998], [-50.300083180893694, 0.34991666043518227], [-50.04905702851491, 0.5260555975721718], [-50.22355655734262, 0.6000278202684108], [-50.29088974275438, 0.5366667148651441], [-50.41847230407677, 0.5418333525413805], [-50.567276033733975, 0.1732777990279062], [-50.65502932456795, 0.12386108925024758], [-50.43413921952834, 0.0337222322828212], [-50.386722585118434, 0.11213888443764036], [-49.94086070957659, -0.03958332673981282]]]}, {"type": "Polygon", "coordinates": [[[-56.16996679820021, -30.653529478030645], [-55.756334890349514, -30.99776339900258], [-55.65296823609731, -30.883083106976304], [-55.09193439029902, -31.317674973792975], [-54.46396243473442, -31.588390554466308], [-53.715225997427204, -32.182945112955856], [-53.317937573509326, -32.59814808052245], [-53.080188249630915, -32.77224706886124], [-53.521257886939466, -33.22320061926675], [-53.53222258685026, -33.68897555872637], [-53.23091505775886, -33.645362851069414], [-52.5279159620562, -32.93169404195663], [-52.106304198162384, -32.13252637762856], [-52.1975288741474, -32.07125091502274], [-52.227943443989346, -31.97752763219963], [-52.13502880408065, -31.920415857638986], [-52.21961209710942, -31.809999479703567], [-52.13997271478186, -31.695417400020496], [-52.03297043439438, -31.69499972770405], [-52.01297379863425, -31.592500675952493], [-51.88336181199079, -31.325445194918878], [-51.55669401259481, -31.117111191415667], [-51.3458595386929, -30.631250396483452], [-51.20458219693458, -30.353361119530348], [-51.24416730014266, -30.192083328571176], [-51.1575851117087, -30.242944700814654], [-51.05877687470973, -30.27333263657734], [-51.04419328406551, -30.3921394250375], [-50.944973002698504, -30.430416125471872], [-50.59749983979257, -30.202083588676775], [-50.563804623083584, -30.390861486702025], [-50.612472502266954, -30.4879169076734], [-51.06005474821533, -31.067943535524748], [-51.160415635440174, -31.25416755140503], [-51.267501799219346, -31.483804727221887], [-51.06044391369601, -31.38083269412811], [-50.16961289646576, -30.09166715463409], [-49.37708284245874, -28.912500354689296], [-48.78833390017507, -28.564638123793934], [-48.75127788673603, -28.43419455189766], [-48.84255597869872, -28.484611522651093], [-48.860027347732235, -28.31127739709184], [-48.74288943848048, -28.333389323512574], [-48.598751105425315, -28.03252795477401], [-48.61163708737247, -27.928777672534242], [-48.56330488837156, -27.84044455203284], [-48.570026364574886, -27.695417366853093], [-48.62919615884368, -27.771278362120537], [-48.66041564723759, -27.65166662473512], [-48.56085971615769, -27.597972891041103], [-48.60958483129742, -27.300861356199437], [-48.578777313428034, -27.210027700479348], [-48.511665319430335, -27.112083448589054], [-48.682083138811784, -26.650028202609015], [-48.66041564723759, -26.561666512118826], [-48.598777778223905, -26.433361044995127], [-48.584583317573475, -26.17250060995497], [-48.51463699439846, -25.77666663960463], [-48.407501238286436, -25.556278250194683], [-48.730861653156076, -25.48627856291898], [-48.64630511229346, -25.434165952174947], [-48.45836259621851, -25.476249680925783], [-48.43627932047672, -25.349222219267713], [-48.466720608078965, -25.25627712262101], [-48.3337784099179, -25.32419399494585], [-48.23500060297771, -25.292972588604584], [-48.25547405930267, -25.445028319688745], [-48.108360321888874, -25.322916033482137], [-48.04377749287957, -25.01922223953065], [-47.942943563827164, -24.972499842350953], [-47.44499969864074, -24.67377851752106], [-47.33835984586709, -24.628778452185387], [-47.14500044914215, -24.492082577231923], [-47.0275268270829, -24.384611103959774], [-46.35419461134366, -23.90877723280278], [-46.293777432668605, -23.99169346301898], [-45.78913878940901, -23.767110805894216], [-45.46877668437506, -23.822500254444297], [-45.237140634538555, -23.93833348597887], [-45.3075294424238, -23.73047252726924], [-45.3663063258333, -23.80666732673439], [-45.43214034975227, -23.690000518350605], [-45.213333160914075, -23.58377840749778], [-45.14416501265348, -23.50127794136091], [-45.06627651926846, -23.425832730657703], [-44.68294522488479, -23.34166720865311], [-44.56499862209863, -23.273777035155], [-44.62586213297552, -23.202917127101117], [-44.66086197695336, -23.057111727951572], [-44.42377855788787, -22.95336150490007], [-44.32294461044657, -22.940000555462436], [-44.360889459182204, -23.024583811232812], [-44.20922088536797, -23.047082869676366], [-43.8083038623113, -22.91544532541116], [-43.632499675445814, -23.00797273338833], [-43.55752944034474, -23.077917095993673], [-43.173332221456455, -22.96463968174091], [-42.03419493747327, -22.983777986017557], [-41.86877825030675, -22.73919483222469], [-41.998943296566246, -22.616056444803988], [-41.445861793719615, -22.202138914540164], [-40.9764175114327, -21.971555698208874], [-41.016277316287045, -21.641694992142305], [-41.07041548555373, -21.548360863721054], [-40.83708189467505, -21.072526937723676], [-40.79211042348381, -20.922527334045366], [-40.298362747712076, -20.36130522921961], [-40.26916504249827, -20.272083281878327], [-39.98500060217533, -19.73374937478404], [-39.72380446142982, -19.30502700096743], [-39.617111195037495, -18.183361080465595], [-39.267944315501346, -17.83836172994988], [-39.20502851219621, -17.746250144504298], [-39.022140504617425, -16.28669356042295], [-38.896720902522, -15.775444064032039], [-38.981304165453196, -15.50502776918287], [-38.96213915275087, -15.413332918614346], [-39.07047269956268, -14.809166902570245], [-39.05963896018844, -14.70416639397541], [-38.987915035091795, -14.325055140850687], [-38.988750478575405, -14.219668191705837], [-38.97294619924687, -14.130000087124786], [-38.94877626883562, -14.040833484474303], [-38.93047334902782, -13.916666997160677], [-39.01672361961662, -13.966305757062145], [-38.98544310275754, -13.710833582003893], [-38.94622039878899, -13.584166528806762], [-38.9175567586239, -13.378777471923918], [-39.01666642064031, -13.365471854518336], [-38.96044542568341, -13.267499913913444], [-38.89088817633803, -13.197889364961053], [-38.818389909485816, -13.13630577834166], [-38.736278548726816, -13.085805885785044], [-38.823387138600275, -13.021305117979724], [-38.689193763005555, -12.992917022618096], [-38.776248954965595, -12.804166764853612], [-38.69541547494218, -12.585805909599522], [-38.643775926350564, -12.687499968783952], [-38.4996376254194, -12.79419423111835], [-38.525417344420156, -12.92836093992031], [-38.348331443775, -12.953777345239716], [-37.70791623993502, -12.133360887469168], [-37.66210938634811, -12.052555054655015], [-37.399639166678874, -11.513333295685028], [-37.42586135524242, -11.422082869421581], [-37.3312759034648, -11.427527400337544], [-37.080417614359874, -11.024999591975403], [-37.04705428394851, -10.896638888798241], [-36.5091934217381, -10.532917044172864], [-36.3975295679152, -10.504583362651454], [-36.188777962189455, -10.197500202171051], [-36.11711120226218, -10.131667165747334], [-35.97666552701681, -9.838749866503486], [-35.87708280218934, -9.827500351243344], [-35.88958361033593, -9.735027318805361], [-35.797084794269516, -9.689166993220834], [-35.692974118446266, -9.63166715166829], [-35.092109646039034, -8.72502801667763], [-35.05002591132271, -8.615444169041274], [-34.9037780731137, -8.148361184649872], [-34.86375046864645, -8.039972330585606], [-34.90794375124804, -7.755027740919742], [-34.83127594140883, -7.675833220588074], [-34.824584945222, -7.127527694587497], [-34.855415338231616, -7.033360968642679], [-34.8645820255371, -6.943305514887595], [-34.9658317902945, -6.793749828973057], [-34.937915827183986, -6.707527640990275], [-35.09958264474231, -6.135833266179693], [-35.200443256128764, -5.719194408818431], [-35.54416653077141, -5.140444311766843], [-36.134166686936446, -5.092111110192852], [-36.21836092445833, -5.129611033466884], [-36.34749985571812, -5.082110875710301], [-36.4883613965856, -5.064610928820082], [-36.70544431796876, -5.08252762295517], [-37.04833224811847, -4.951305367797882], [-37.79000089585132, -4.501305561714317], [-37.808361045914765, -4.398749831706097], [-38.146720857923036, -4.104639084016854], [-38.21877671474969, -4.0149998749906075], [-38.39627841140058, -3.8383610500002336], [-38.48044588532399, -3.7041666480800157], [-40.211666139910896, -2.817944515820691], [-41.04502871644812, -2.892972241123262], [-41.13830564348344, -2.890444491419901], [-41.28080364320531, -2.886250016471586], [-41.841667138910424, -2.757083421581666], [-42.023777000854146, -2.738333250917153], [-42.07294467882232, -2.8141944497306652], [-42.33752820844663, -2.76961112530113], [-42.66833495103653, -2.602111121979842], [-42.75169370592554, -2.5654165569598657], [-43.320056912345855, -2.341249936516655], [-43.473751057928254, -2.3716943345429264], [-43.45166782136548, -2.461250086498746], [-43.457916286925425, -2.5858332887389195], [-43.54583361739854, -2.526249900824044], [-43.632915460261465, -2.573333256472587], [-43.75086209246288, -2.487944362453404], [-43.84336092244139, -2.5862500894119393], [-43.95380401207802, -2.5842223092895815], [-44.023361176795795, -2.6462500116163117], [-44.078777320535075, -2.720833323080453], [-44.164970405126475, -2.69461105836234], [-44.17252732107624, -2.8362500495365914], [-44.24711225666202, -2.9124722589686867], [-44.27999874534197, -2.8204167093501766], [-44.35586168935272, -2.8763055881558333], [-44.62458418416866, -3.1450555316769373], [-44.69755551478939, -2.7470834412514407], [-44.62710949263334, -2.5791945234919376], [-44.54047393266412, -2.553361187289626], [-44.4758605707151, -2.412083406032432], [-44.419612894321176, -2.2291943990550593], [-44.55380627232991, -2.107527708958672], [-44.51336290590976, -1.9653888733005236], [-44.58666614005324, -1.9129722228225732], [-44.601276379406904, -1.7816943988536278], [-44.692943553644895, -1.8108611246023185], [-44.780834231199364, -1.7112499298813], [-44.86669539377086, -1.661277772429428], [-44.96335986650798, -1.612972246230332], [-44.90833281569175, -1.5204166316368135], [-44.9999999644261, -1.5187499349743117], [-45.1483611823354, -1.463777756543648], [-45.24377823931404, -1.6341667268118174], [-45.25627896388951, -1.742499947588829], [-45.343776698236944, -1.6091666228033625], [-45.352943448290794, -1.47747216226028], [-45.45541764630174, -1.4516667135545769], [-45.52047345568804, -1.3891667323738284], [-45.412109358286095, -1.298361063310992], [-45.50630569549962, -1.2975277700987662], [-45.620445234238844, -1.2875000436360453], [-45.696277628744575, -1.4249999680353882], [-45.731723760044964, -1.2154444689147053], [-45.81211093390166, -1.2600000003565692], [-45.81999971629358, -1.1679721906185743], [-45.905029273607234, -1.2587499672738764], [-45.91125106263515, -1.1683332660176189], [-45.96749877619889, -1.0471111457469777], [-46.092945063680354, -1.0883889164118692], [-46.164138793197715, -1.0312500242170082], [-46.26419451984805, -0.9620555578768323], [-46.34416579591048, -1.010444427721718], [-46.485832200132435, -0.9979166613087789], [-46.619167298726516, -1.0054444043908486], [-46.72544480122546, -0.9850555903554078], [-46.63336184033704, -0.8779444912276929], [-46.716693869317176, -0.8338055701039871], [-46.83005523563936, -0.8462777526533154], [-46.859611514570815, -0.7591944458847032], [-46.96002961520358, -0.7971110774793256], [-47.05916594738896, -0.8104722756740036], [-47.14794538644026, -0.7958333290701441], [-47.11505510466826, -0.6837221815431497], [-47.20705411238117, -0.6433333338931919], [-47.29088974724772, -0.5962777852661667], [-47.38041685177949, -0.6108888773818463], [-47.443748473092626, -0.7033610672062433], [-47.531249986243736, -0.6733611471905696], [-47.64666746760284, -0.7321388710531339], [-47.69461063206404, -0.6066667102605382], [-47.7654457268259, -0.6700278026843404], [-47.86211010193582, -0.6666388938598381], [-47.94919582644542, -0.6379722613157327], [-48.015415186040556, -0.7492222019882729], [-48.03833390657148, -0.6604166656780839], [-48.136695859168356, -0.8512500076647913], [-48.32041550435064, -1.0050277684066746], [-48.319610614325704, -1.1891944261628853], [-48.48377608794163, -1.4249999325012404], [-48.40002826156029, -1.5062777806014653], [-48.47377776052875, -1.5766667001622685], [-48.63291546800669, -1.4833611485984155], [-48.735416397307574, -1.5225000168407306], [-48.99750135586703, -1.8504444623553251], [-49.447109231779045, -2.150861035289299], [-49.3846397168361, -1.808333259081373], [-49.83250048472636, -1.904611111822972], [-50.26205448016968, -1.896194454804718], [-50.47419361046853, -1.9204167081811758], [-50.04211044414655, -1.7358332963883765], [-49.69335939305499, -1.7912499782061613], [-49.557498956070305, -1.7295556356621622], [-49.54336166088196, -1.638749971656093], [-49.502109549552195, -1.5391944801462087], [-49.26502606416363, -1.618777739337897], [-49.191276535161784, -1.558361046478262], [-49.10963822343031, -1.4975556070013354], [-49.02836223932708, -1.541222208543927], [-48.84336089344838, -1.4346111010882632], [-48.982139566246545, -1.2633611099087527], [-48.841693889845715, -1.262083272315696], [-48.48875049374152, -0.69333331086874], [-48.398777026134866, -0.2624999837303361], [-49.28502655222016, -0.16291664234328482], [-49.81333161408865, -0.20124999870167623], [-50.407943689764785, -0.17419444322114636], [-50.692916891550794, -0.42250002100654066], [-50.62916563676449, -0.4995833131158233], [-50.549610174129114, -0.6725000395043902], [-50.79044345791928, -0.7341666856929218], [-50.83211136292558, -0.6000277789362258], [-51.06624981620261, -0.6725000401977207], [-51.114582048496416, -0.8249722073717517], [-51.185417180742554, -0.8808333072214438], [-51.20875163956956, -0.7649999729859432], [-51.15789031059893, -0.667500042685895], [-51.44625093734683, -0.47252777848645466], [-51.373779321028366, -0.35336111104748735], [-51.35250090881912, -0.44294445919793096], [-51.15047070068209, -0.25755552667152165], [-51.18169403927929, -0.1679166867150447], [-51.28794482643392, -0.19172223155764528], [-51.282527960484835, -0.08955555076535043], [-51.194194762492764, -0.057972196428841695], [-50.59066769315743, 0.401861095430237], [-50.32605744696512, 0.7674166337045717], [-50.06041716139933, 0.7970277936272113], [-50.01730726970771, 0.9125833287996066], [-50.202999145766135, 0.9035000267680768], [-49.95330426856638, 1.2283055750473317], [-49.93724822110484, 1.7153888939632675], [-50.37010957992108, 1.8840556226870266], [-50.42750165036756, 2.184888853258455], [-50.51766588175029, 2.070749991941514], [-50.49497223015759, 1.9796666914982022], [-50.67850110953893, 2.137611179515695], [-51.087528243703154, 3.64766666610045], [-51.07844543279116, 3.834388974468323], [-51.180332199467976, 3.952027773227804], [-51.52669525630373, 4.435805346190511], [-51.55522154457664, 4.248305300712514], [-51.60488888812576, 4.17116690405932], [-52.36913766032934, 2.9804382524343733], [-52.425478756490016, 2.880823284060508], [-52.7981897946783, 2.3006692217320173], [-53.260418286932854, 2.1894443147210945], [-53.356660453904176, 2.346678439186882], [-53.86118781102209, 2.312416996053704], [-54.00604028716338, 2.1970924087535977], [-54.083989049118834, 2.1481548517013733], [-54.7044644794699, 2.360303832352322], [-54.77466181157653, 2.4761796040112896], [-54.96253661506877, 2.5476653279035313], [-55.06075632703525, 2.5484404633266986], [-55.261729348632535, 2.483431510212762], [-55.76062740742184, 2.4263807786096274], [-55.994873255511635, 2.502310668593982], [-56.142254432977076, 2.260585505313101], [-55.90160071982173, 1.8958188417204531], [-57.02077401696895, 1.915831983098371], [-57.27620699309067, 1.9625280169578785], [-57.63979402024828, 1.6816889884395327], [-58.13925201851032, 1.5015649979590628], [-58.370834998259745, 1.546493009809197], [-58.56238902565569, 1.2868219719117204], [-58.82589702101987, 1.1647239910402103], [-59.615392636639854, 1.71414990650899], [-59.729114791240335, 2.0319343569699515], [-59.831677336746424, 2.3295252132883473], [-59.98897541648794, 2.8832566487744766], [-59.82227256595914, 3.470707222434376], [-59.740435105223185, 3.6609527740044268], [-59.566131865659614, 3.9117793255742046], [-59.72927542928846, 4.269951077393332], [-59.780822379516664, 4.4479741415726535], [-59.877539432436436, 4.48517304346742], [-59.9730017817475, 4.485743150775015], [-60.11860872457092, 4.501685506138518], [-60.04580526535259, 5.105901109549365], [-60.17865829241574, 5.23290863850184], [-60.68509409167441, 5.226531720014502], [-60.635014524067984, 4.888341825086657], [-61.13497637257505, 4.490140938785274], [-61.305760034652074, 4.539635983443488], [-61.70160395969617, 4.254902018702861], [-62.26930103853013, 4.131870010222346], [-62.53836704037518, 4.135712009442739], [-62.63905898401324, 4.0486500074698455], [-62.78264401920981, 3.916003027274435], [-62.73593703577037, 3.692098996659275], [-63.06013695759924, 3.6822199993671982], [-63.30989596464229, 3.9250289792568527], [-63.49542900185251, 3.875796990701077], [-63.612863031569496, 3.9448030678483437], [-63.756329936530044, 3.9412096470506963], [-63.99631103668109, 3.903959989924717], [-64.22751001465548, 4.1230740099254435], [-64.63188000470343, 4.134978033940725], [-64.78621085413404, 4.283653721963414], [-64.65687798999596, 3.968473025650566], [-64.12110903678517, 3.4658420188126553], [-64.15407798972642, 2.9839599816724918], [-64.0188859984484, 2.5930769706443013], [-64.05972499866174, 2.5065240301783627], [-63.95751996701126, 2.4687379695250025], [-63.44747396722757, 2.410119994995626], [-63.37520504224094, 2.216090973085002], [-64.0545479785032, 1.9298589757168851], [-64.21400904359515, 1.5105010059098658], [-64.30554998775729, 1.4601899952021669], [-64.33571997118133, 1.3669389954660793], [-64.45197098633356, 1.4789219883683948], [-64.7014200422942, 1.277631968124331], [-65.15594103440431, 1.0943170019940938], [-65.22313201666869, 0.9266909778234865], [-65.56835599445476, 0.6807050142897862], [-65.59328097618875, 0.9983619746844028], [-66.31031996715728, 0.7449440178476954], [-66.9446254212728, 1.2072886057870196], [-67.10267411796539, 1.2403549590276002], [-67.20135542864604, 1.8495339488396827], [-67.37814399800841, 2.2226895117233556], [-67.86937324681864, 1.9235518654867985], [-67.90437540899454, 1.8088129126236419], [-68.19169641621015, 2.0311938775396188], [-68.2417742698566, 1.7800119243260637], [-69.77179632815525, 1.7073721106672894], [-69.81819484143149, 1.0635699108524375], [-69.2107969871065, 1.0159241932671688], [-69.15402178044738, 0.7081910267259179], [-69.19940064424712, 0.6104192657893259], [-69.574323502619, 0.6682107316288474], [-70.043685103991, 0.4732731352335382], [-70.05327439078299, -0.18925634215901918], [-69.573289969144, -0.6595979594732042], [-69.56407085054832, -0.8110099249458713], [-69.52788355917272, -0.9231133603465057], [-69.43799414532648, -0.9905510690593081], [-69.42023099977158, -1.0836175254311065], [-69.96219986492522, -4.324990105103677], [-70.0390392850091, -4.375409064014107], [-70.37340642652643, -4.136629469544297], [-70.58515583591337, -4.182845450724328], [-70.67596850502918, -4.201397277968374], [-71.28282899166062, -4.441778854555927], [-71.3785337563042, -4.42415717189863], [-71.61981442135992, -4.467720373504798], [-72.35947642756506, -4.824305032597901], [-72.41448774533224, -4.898891339674574], [-72.51340336448646, -4.935684945775342], [-72.88770604299641, -5.164232595903375], [-73.04663516548706, -5.759441697277522], [-73.16944599456791, -5.923376605058353], [-73.15764995226917, -6.2911750150842565], [-73.12855956349618, -6.377371304830527], [-73.34294099465366, -6.591294509825398], [-73.68517678943934, -6.82202978486776], [-73.73601260044185, -6.899423852196041], [-73.69888824818668, -7.291475733423742], [-73.9464666212341, -7.35746650364875], [-73.91070651083142, -7.596797244232893], [-73.67805226371483, -7.857763229543529], [-73.74072545732123, -7.929042309700555], [-73.4553200225371, -8.410511608397297], [-72.94289647592609, -9.058516855721436], [-73.13379608264627, -9.331041112449968], [-73.19396123970975, -9.399667423242958], [-72.69165258997137, -9.435496450458034], [-72.5991448743437, -9.457338329235727], [-72.28120386688639, -9.609439257783313], [-72.15855846540894, -9.979838692527522], [-71.19255371428991, -9.941735981776631], [-70.5655049546822, -9.431603442861507], [-70.50575324822252, -9.504984032619634], [-70.62087875535194, -10.819897085712322], [-70.62087458002723, -10.999897088410412], [-70.03817110358287, -10.970424222989282], [-69.52659203321153, -10.935167020744222], [-69.42830001924243, -10.937103029318534], [-68.75059500413165, -11.03440902801719], [-68.57849202243905, -11.113350000644227], [-68.10140601993263, -10.740872002280579], [-67.65383300073994, -10.611121963848937], [-67.17098296839396, -10.337823957876134], [-67.0893659684919, -10.289135000367908], [-66.60911004289372, -9.895181037244646], [-66.51674996033123, -9.883179976539862], [-65.73602702706636, -9.76670499369954], [-65.64735501382637, -9.791470003739203], [-65.50427398733048, -9.74872597366736], [-65.3546009789244, -9.72368200116658], [-65.33169200835023, -10.309673006110302], [-65.35833696116207, -10.657390969776936], [-65.29486099959652, -11.023615035812181], [-65.25947495480229, -11.710081012076824], [-65.06133601913406, -11.824292030149849], [-64.91702596331233, -12.028383026858616], [-64.5236390017214, -12.225836010200965], [-64.29397497888003, -12.499973017125864], [-63.58546300524718, -12.493551961219884], [-63.23168499486044, -12.682814036296966], [-63.08285102993147, -12.711977965406597], [-62.72915798233069, -13.020766969679084], [-62.11442798960511, -13.188278029565382], [-61.805803994318886, -13.529554973872434], [-60.920755960708256, -13.56894598673253], [-60.45282101637908, -13.911910991795478], [-60.36334702603226, -14.475572982665634], [-60.245063034183, -15.097173008910952], [-60.57497700325551, -15.097745008997112], [-60.23909897861657, -15.474511997452709], [-60.173672041328864, -16.26665703065856], [-58.30708099457222, -16.304169029629914], [-58.45675196928011, -16.93995699989407], [-58.18539697660632, -17.39148503371894], [-57.7522949973421, -17.564462991053915], [-57.56027299019754, -18.241447001045994], [-57.69966196182866, -19.01555899443881], [-58.131153000607945, -19.758446030383805], [-57.865921005666024, -19.98841301212754], [-58.15938542900443, -20.263851840691895], [-57.95824697426651, -20.704893000801246], [-57.95153590998364, -20.80034965943825], [-57.86798548656638, -20.749403588217735], [-57.929721590512294, -22.120276012126578], [-56.788333838250765, -22.253532270043387], [-56.697438438528614, -22.21839233651347], [-56.373806245915716, -22.149766036262765], [-55.74584801519478, -22.40369714930615], [-55.4052658221823, -23.964876549977944], [-54.5685899209314, -23.874477279164132], [-54.28409397982898, -24.06760934481815], [-54.518188195019924, -25.315491823516396], [-54.524341122875214, -25.628416697238936], [-54.22372212727551, -25.564544641025737], [-54.127100958384325, -25.50738359458462], [-53.842329407986355, -25.789233820260968], [-53.84294950863759, -25.93354193674411], [-53.78035208773273, -26.021777683413017], [-53.690400653051746, -26.36084405163659], [-53.69913056870525, -26.462060971654537], [-53.74200818765408, -26.544839645395925], [-53.75197832814198, -26.635211431463592], [-53.74514319276828, -26.728091173646902], [-53.7022173345724, -26.958320060310335], [-53.89838110119268, -27.170992706692413], [-54.35080483513089, -27.466926414596216], [-54.879530473653254, -27.62646182302834], [-55.13784370821336, -27.895592678906315], [-55.780974164127215, -28.25098880305012], [-55.7053680744359, -28.427625694105128], [-55.89512399359697, -28.42723989095145], [-57.54800500771805, -30.164091645116205], [-57.39242449112676, -30.304679078729322], [-56.85223350467291, -30.08850622186594], [-56.29210232600625, -30.520314499287906], [-56.16996679820021, -30.653529478030645]], [[-51.712112450380204, -0.7858611631297053], [-51.671276077301904, -0.8783611000321621], [-51.627971636960815, -0.6483333101026107], [-51.712112450380204, -0.7858611631297053]], [[-51.23125077050742, -0.9591944278524219], [-51.12377926469725, -0.9575277498370343], [-51.185417180742554, -0.8808333072214438], [-51.23125077050742, -0.9591944278524219]], [[-49.51127621835682, -2.2600278896441437], [-49.464611031116874, -2.337500116031123], [-49.447109231779045, -2.150861035289299], [-49.51127621835682, -2.2600278896441437]], [[-43.03461072036386, -22.708389290447197], [-43.272083302766845, -22.77083393847742], [-43.173332221456455, -22.96463968174091], [-43.03461072036386, -22.708389290447197]], [[-44.83750153481706, -3.2571389894979954], [-44.73877714536426, -3.3075554545848482], [-44.74755478449815, -3.215388773936733], [-44.83750153481706, -3.2571389894979954]], [[-44.7550277807797, -2.4312777474298066], [-44.657943703587016, -2.4183332846664225], [-44.70211030535526, -2.338388938815327], [-44.7550277807797, -2.4312777474298066]], [[-44.68916704312806, -2.2487499745157677], [-44.70211030535526, -2.338388938815327], [-44.599224124269924, -2.257055497723171], [-44.68916704312806, -2.2487499745157677]], [[-48.76627734139187, -26.16997148957162], [-48.81166841899868, -26.313722581781782], [-48.67874911872195, -26.353361132866535], [-48.64374919966491, -26.25002861784525], [-48.76627734139187, -26.16997148957162]], [[-50.89836119556621, -0.7212499743867188], [-50.88499832248202, -0.8237500265662668], [-50.791221597014214, -0.8291944330082306], [-50.79044345791928, -0.7341666856929218], [-50.89836119556621, -0.7212499743867188]], [[-46.264583565136526, -1.0650000305250575], [-46.27380368927797, -1.2225277642372827], [-46.18210982415883, -1.1241945166231697], [-46.164138793197715, -1.0312500242170082], [-46.264583565136526, -1.0650000305250575]]]}]}, "id": "000000000000000000da", "properties": {"name": "Brazil"}}]}