lon,lat,cls,w,sep,res,x,uv,yy,blk,cls_m,cnt_202012,cnt_202101,cnt_202102,cnt_202103,cnt_202104,cnt_202105,cnt_202106,cnt_202107,cnt_202108,cnt_202109,cnt_202110,cnt_202111,cnt_202112,cnt_202201,nbr_202012,nbr_202101,nbr_202102,nbr_202103,nbr_202104,nbr_202105,nbr_202106,nbr_202107,nbr_202108,nbr_202109,nbr_202110,nbr_202111,nbr_202112,nbr_202201,ndvi_202012,ndvi_202101,ndvi_202102,ndvi_202103,ndvi_202104,ndvi_202105,ndvi_202106,ndvi_202107,ndvi_202108,ndvi_202109,ndvi_202110,ndvi_202111,ndvi_202112,ndvi_202201,b_ndvi,drop_ndvi,b_nbr,drop_nbr,unresolved,n_clear_2021,m_indep,obs_tercile
-55.11824529807093,-7.150454914298775,1,0.9894069490933114,0.8961524436435963,0.5991879620024781,0.6320043528640173,0.6246192542098895,0.7785666886763601,-552_-72,1,4,10,0,6,0,12,8,8,10,8,4,2,0,10,0.4200681746006012,-0.0303100142627954,-9.0,0.2686234414577484,-9.0,0.61327064037323,0.6167261004447937,0.4832670390605926,0.3299659490585327,0.3420994877815246,0.5835943818092346,0.6903196573257446,-9.0,0.5582786202430725,0.572783350944519,0.2775584459304809,-9.0,0.3892787992954254,-9.0,0.8722199201583862,0.8769574761390686,0.800823986530304,0.5907538533210754,0.6778082251548767,0.7647345066070557,0.9191763401031494,-9.0,0.727638304233551,,-0.10441858271757753,,-0.10557738896459345,True,9,,low
-54.97640131470845,-6.7433384275358055,1,0.7650523284101507,1.0220952852823988,0.4060960916710975,0.7095362981232929,0.5215793943151135,0.8614266776109091,-550_-68,1,1,2,0,2,1,4,4,5,4,2,3,3,0,2,0.4044444561004638,0.3812927305698395,-9.0,0.4061807692050934,0.4789436161518097,0.5727344155311584,0.5803911685943604,0.5900081396102905,0.5816923975944519,0.0286419074982404,0.17543326318264,-0.0281343888491392,-9.0,0.1164398342370987,0.6031035780906677,0.4474112689495086,-9.0,0.6294594407081604,0.7714448571205139,0.8354160189628601,0.8389241695404053,0.8420886993408203,0.7882069945335388,0.351215124130249,0.3442280888557434,0.3985849022865295,-9.0,0.2689993977546692,9.0,0.3787500001490116,9.0,0.4263658076524735,False,10,9.0,mid
-55.09560775291111,-6.850597272459678,1,1.1000434856867003,0.5733131237030358,0.2834809637878357,0.8076329732701217,0.840108490021213,0.958970821650384,-551_-69,1,2,3,0,2,0,5,4,6,6,2,0,3,0,2,0.6411023736000061,0.3487162888050079,-9.0,0.4303451776504516,-9.0,0.6463165283203125,0.4409569799900055,0.1868797689676284,0.1304347813129425,0.3466091454029083,-9.0,0.3822894096374511,-9.0,0.5608682632446289,0.836785078048706,0.3914501368999481,-9.0,0.5265017747879028,-9.0,0.8844426870346069,0.6726114749908447,0.4512709081172943,0.3785988390445709,0.6232300996780396,-9.0,0.4542149603366852,-9.0,0.6801981329917908,7.0,0.1448556423187256,7.0,0.1800711959600449,False,8,7.0,low
-55.29979481699148,-6.63949318069159,1,1.0666380645001483,0.6065618517065077,0.3101696049663676,0.7979066472673914,0.8216127727764482,0.9502018125995074,-553_-67,1,2,2,0,0,1,3,4,5,4,3,1,3,1,2,0.3566551208496094,0.090979628264904,-9.0,-9.0,0.4432518184185028,0.3941408693790436,0.3381490707397461,0.2646121084690094,0.1565017253160476,0.1972091048955917,0.2523569464683532,0.4075881838798523,0.5329341292381287,0.3839923739433288,0.5753231048583984,0.3469045758247375,-9.0,-9.0,0.5667621493339539,0.6724825501441956,0.6608628034591675,0.5769944190979004,0.461995393037796,0.4875063598155975,0.5517522692680359,0.6872340440750122,0.6699923276901245,0.5622479319572449,,-0.0035664538542429236,,0.011036076928888139,True,10,,mid
-55.054375081370026,-7.097813638649368,1,1.7434554005097498,0.4187768844796277,0.4944899436420813,0.745095159064749,0.9135869953309592,0.8627078769721698,-551_-71,1,3,4,0,1,1,4,3,5,5,2,3,3,1,4,0.4821720719337463,0.3438963592052459,-9.0,0.3793644607067108,0.5080432891845703,0.3267813324928283,0.100599318742752,0.1245112195611,0.1531424075365066,0.1481703668832779,0.2410012781620025,0.5106660723686218,0.3883450031280517,0.5829662084579468,0.6685693264007568,0.6216931343078613,-9.0,0.4668335318565368,0.6198554635047913,0.4826678931713104,0.1782768070697784,0.1867940872907638,0.1825412958860397,0.2575558423995971,0.3066564202308655,0.5034661889076233,0.4437621235847473,0.7548596858978271,2.0,0.24665219946341083,5.0,0.14212646666500306,False,11,2.0,high
-55.09605691055317,-6.850058283289206,1,1.1251676643381128,0.7197721303911057,0.2770884741020288,0.6895966929585686,0.7519559633483175,0.9596178977682998,-551_-69,1,2,2,0,2,0,5,5,6,6,2,0,2,0,2,0.6403375267982483,0.2971213161945343,-9.0,0.3869693875312805,-9.0,0.5532358884811401,0.4126914739608764,0.2193511724472046,0.2080195248126983,0.3932112753391266,-9.0,0.4388796687126159,-9.0,0.6111479997634888,0.8168053030967712,0.4578719437122345,-9.0,0.4957416653633117,-9.0,0.8521284461021423,0.7312952280044556,0.5846154093742371,0.4882383644580841,0.6726190447807312,-9.0,0.5786458253860474,-9.0,0.7293447256088257,,0.06007584333419802,6.0,0.08886584391196567,True,8,,low
-55.09578741596793,-6.849429462590324,1,1.1911617971758823,0.610653873828874,0.2802563060826624,0.7469140105667222,0.8192732596119464,0.9576731010357268,-551_-69,1,2,2,0,1,0,5,5,6,6,2,0,3,0,2,0.6362431645393372,0.4827586114406585,-9.0,0.4468870162963867,-9.0,0.6328024864196777,0.4322282969951629,0.2014982998371124,0.1507878601551056,0.3678547441959381,-9.0,0.3860689997673034,-9.0,0.5712221264839172,0.802554726600647,0.5982844829559326,-9.0,0.67413729429245,-9.0,0.8782901763916016,0.7112058401107788,0.4456521868705749,0.3849051892757416,0.6079051494598389,-9.0,0.3698154091835022,-9.0,0.729969322681427,7.0,0.22524505257606509,6.0,0.19806276510159176,False,8,7.0,low
-54.79736707858344,-7.423273266085873,1,0.8897191916224461,1.0371763013107107,0.5168402274201906,0.6035935601617749,0.5086534055676987,0.8297018751105844,-548_-75,1,1,2,0,2,2,4,3,5,3,1,1,1,0,2,0.4819983243942261,0.27169930934906,-9.0,0.3766500353813171,0.332820326089859,0.2387023717164993,0.2779724895954132,0.4264545738697052,0.3341279327869415,0.3388816714286804,0.3092324733734131,0.5182926654815674,-9.0,0.2896907329559326,0.5645256042480469,0.4090487360954284,-9.0,0.3819199204444885,0.5636473298072815,0.5426958203315735,0.0253082420676946,0.007541942410171,0.0070475335232913,-0.0145482392981648,0.0685428977012634,-0.0867970660328865,-9.0,0.0601694919168949,6.0,0.48275822471561175,,0.036096418897310856,False,10,6.0,mid
-55.097045057365705,-6.8510464301017375,1,1.3779244605423009,0.5365733083344807,0.3063333597925047,0.7389016454056575,0.8594654277382149,0.94185521559522,-551_-69,1,2,3,0,2,0,5,5,6,6,2,0,2,0,2,0.6538295149803162,0.104970671236515,-9.0,0.3715044260025024,-9.0,0.57600998878479,0.4097948968410492,0.2173181027173996,0.1742633283138275,0.371590793132782,-9.0,0.4523274600505829,-9.0,0.5269742012023926,0.8146424889564514,0.3554251194000244,-9.0,0.4865983128547668,-9.0,0.8373391628265381,0.6739562749862671,0.5195916295051575,0.4314543306827545,0.6207020282745361,-9.0,0.5530381202697754,-9.0,0.730040967464447,,0.06262685656547551,7.0,0.07472712248563762,True,8,,low
-55.00362026781727,-7.350599559600605,1,1.2418975047154774,0.6211458766023217,0.3407929132478745,0.7169357157015738,0.813212127887996,0.9369523917471188,-551_-74,1,2,4,0,0,1,5,3,5,3,3,2,3,1,3,0.6097802519798279,0.516413152217865,-9.0,-9.0,0.3455163538455963,0.4281870126724243,0.3928688168525696,0.4324879944324493,0.418009489774704,0.4425400495529175,0.476969450712204,0.5213537216186523,0.5227483510971069,0.5642392039299011,0.6682075262069702,0.6803193688392639,-9.0,-9.0,0.5376396179199219,0.7451705932617188,0.7245848774909973,0.7237113118171692,0.7241644263267517,0.6943894624710083,0.6406455636024475,0.7850614786148071,0.7263157963752747,0.8283737301826477,,-0.03874223828315737,2.0,0.10860465764999389,True,10,,mid
-55.38594325273854,-6.598530003735741,1,0.9901554375168152,0.9097359090405234,0.4175451521182719,0.6209988179213006,0.6139542288839607,0.9048646779304858,-554_-66,1,1,2,0,1,2,5,3,4,5,5,2,3,0,2,0.0123796425759792,0.0261282660067081,-9.0,0.2356344014406204,0.330393373966217,0.6161749958992004,0.6630933880805969,0.5975390672683716,0.5287704467773438,0.4838447570800781,0.5377700924873352,0.5925074219703674,-9.0,0.401227205991745,0.3156282007694244,0.3249766528606415,-9.0,0.5614035129547119,0.5111200213432312,0.8410421013832092,0.8767281174659729,0.8301886916160583,0.7177858352661133,0.723389208316803,0.6474066376686096,0.8570607304573059,-9.0,0.6353690028190613,,-0.07969408565097391,,-0.09369447082281113,True,10,,mid
-55.099290845576,-6.849698957175557,1,1.0593487668931991,0.4940436106468033,0.2135283639465257,0.8661425229494291,0.8804226225355315,0.9768521722857904,-551_-69,1,2,2,0,2,0,5,4,6,6,2,2,2,0,2,0.2743105888366699,0.2000754624605178,-9.0,0.4155463576316833,-9.0,0.6571072340011597,0.526017963886261,0.3218346834182739,0.2512784004211426,0.4261387884616852,0.3965406715869903,0.5777940154075623,-9.0,0.6476606726646423,0.4310550987720489,0.3675158619880676,-9.0,0.5634875297546387,-9.0,0.8705137372016907,0.7427774667739868,0.5678132772445679,0.4697583317756653,0.6633564829826355,0.444186806678772,0.6941176652908325,-9.0,0.8263971209526062,,-0.015868341922759988,,-0.022263017296791088,True,9,,low
-54.9376839259629,-7.462260149416659,1,1.1731818107224932,0.676040005291766,0.4313069041315342,0.7016271321428589,0.7800566325228179,0.9021987962220192,-550_-75,1,2,0,0,1,0,5,3,5,3,2,2,0,0,1,0.4724132120609283,-9.0,-9.0,0.5662650465965271,-9.0,0.1971831023693084,0.3017751574516296,0.1582848131656646,-0.1730185449123382,0.1818549185991287,0.0991241037845611,-9.0,-9.0,0.29454305768013,0.074400395154953,-9.0,-9.0,-0.3141486942768097,-9.0,-0.3381995260715484,-0.0713381171226501,-0.2439530044794082,-0.0451713390648365,0.0501840375363826,0.1146877780556678,-9.0,-9.0,-0.0899006202816963,,-0.030775465071201324,4.0,0.3679467567375728,True,7,,low
-55.09408061692811,-6.851315924686974,1,1.3351034666175572,0.4267350276077733,0.2623027612948359,0.8420437244067099,0.910321974114295,0.9616181500593995,-551_-69,1,2,2,0,1,0,4,5,6,6,2,0,3,0,2,0.6682111620903015,0.3408195972442627,-9.0,0.2951155304908752,-9.0,0.614342451095581,0.5734122395515442,0.3790119886398315,0.3432941138744354,0.5000471472740173,-9.0,0.5203014016151428,-9.0,0.637444257736206,0.8287023305892944,0.420142114162445,-9.0,0.5226960182189941,-9.0,0.874423623085022,0.7953246831893921,0.6350099444389343,0.5564340353012085,0.7128393054008484,-9.0,0.4764227569103241,-9.0,0.8161509037017822,,0.04888636469841001,,0.022360414266586304,True,8,,low
-55.09938067710441,-6.852034576914269,1,1.2373877944331553,0.633285791534017,0.3533924309325388,0.7083629372135433,0.8060873430368147,0.9325972478275224,-551_-69,1,2,3,0,2,0,4,5,6,6,2,1,2,0,2,0.2462874799966812,0.1480704694986343,-9.0,0.3885604739189148,-9.0,0.6523674130439758,0.5118672251701355,0.1947527676820755,0.0919044092297554,0.3442039787769317,0.2755051851272583,0.4024413824081421,-9.0,0.5454617142677307,0.4354560971260071,0.3070678114891052,-9.0,0.4711807072162628,-9.0,0.8755429983139038,0.7336223721504211,0.4985234141349792,0.3770578801631927,0.6133317351341248,0.3839572072029114,0.4899135529994964,-9.0,0.6778432130813599,,0.057802830139795924,7.0,0.08038570607701939,True,9,,low
-55.34174614075986,-7.123235961189954,1,0.9242954376472988,0.7643598221924065,0.3846660695132806,0.7606423472118568,0.7218255564025371,0.9109575239523556,-554_-72,1,0,4,0,1,1,6,3,5,4,2,1,3,0,2,-9.0,0.0174029450863599,-9.0,0.5268402695655823,0.4410796463489532,0.5847854018211365,-0.0373408161103725,0.0141306575387716,0.0307185966521501,0.201006606221199,0.3161331415176391,0.1876106262207031,-9.0,0.412602037191391,-9.0,0.2427777200937271,-9.0,0.7527675032615662,0.6372475624084473,0.816145122051239,0.2116272747516632,0.2346048355102539,0.221584141254425,0.3697679936885834,0.44173064827919,0.3115074634552002,-9.0,0.545396089553833,6.0,0.27848898459758076,6.0,0.23183265867243916,False,10,6.0,mid
-55.31524583987833,-6.504296730431603,1,0.9408985030438872,0.6351788257191765,0.3270871475378691,0.8266665432113547,0.804965608205876,0.937096723778052,-554_-66,1,1,3,0,2,0,6,4,5,4,3,1,2,0,1,0.4957101941108703,0.4244170188903808,-9.0,0.4668754637241363,-9.0,0.4872838258743286,0.5101233124732971,0.5325394868850708,0.2954671084880829,0.04328578338027,0.0045128748752176,0.1064475327730178,-9.0,0.5319148898124695,0.645948052406311,0.6513994932174683,-9.0,0.5927281975746155,-9.0,0.7982779741287231,0.6666238307952881,0.7979207038879395,0.4524326026439667,0.3398610353469848,0.4279245138168335,0.2908554673194885,-9.0,0.6941176652908325,8.0,0.2511114517847697,8.0,0.2898325791272025,False,9,8.0,low
-55.02607814992026,-7.382399920658434,1,1.080160859435702,0.8989775734553422,0.3220548086572315,0.564441023880887,0.6224105374548369,0.946203975787268,-551_-74,1,1,3,0,0,0,5,3,5,4,6,2,1,0,2,0.6292858719825745,0.5738535523414612,-9.0,-9.0,-9.0,0.2418835908174514,0.2224549651145935,-0.1920679956674575,-0.1122934743762016,0.1569120287895202,0.3301559686660766,0.2917890846729278,-9.0,0.3810713291168213,0.8517433404922485,0.7342267036437988,-9.0,-9.0,-9.0,0.0221473276615142,0.0879940316081047,-0.109862670302391,-0.1882202327251434,0.0207508318126201,0.1190085634589195,0.309814989566803,-9.0,0.2909586131572723,2.0,0.7239110902883112,2.0,0.43658152502030134,False,8,2.0,low
-55.02491034005091,-7.381142279260667,1,1.1666475630285214,0.9150154422612264,0.3151380903541433,0.4823152582162748,0.6097783364012395,0.94191361516088,-551_-74,1,1,2,0,1,1,5,3,5,4,4,1,4,2,2,0.5043103694915771,0.4503896236419678,-9.0,0.2244548946619033,0.2247729152441024,0.392070472240448,0.3238366544246673,0.2876559197902679,0.2952926754951477,0.315170019865036,0.4271119832992553,0.3325977921485901,0.3819459080696106,0.3057324886322021,0.0951166898012161,-0.0232069976627826,-9.0,0.1970741897821426,0.368265688419342,0.1307742297649383,0.234502300620079,0.2625045776367187,0.2964186370372772,0.369651585817337,0.3178519606590271,0.3338018357753753,0.3642286658287048,0.4061964154243469,,-0.14095295262005597,2.0,0.1582007489421151,True,11,,high
-55.107285851604665,-7.147041316219118,1,0.9706170170763594,0.7602468872975555,0.5204135698592057,0.7398771713065144,0.7246659026982347,0.8299432496388504,-552_-72,1,4,8,0,4,0,12,8,9,10,8,6,4,0,6,0.4690307974815368,0.0395996533334255,-9.0,0.2826704680919647,-9.0,0.5130526423454285,0.4390476047992706,0.3042469322681427,0.2490202337503433,0.3684102892875671,0.5894904136657715,0.6138648986816406,-9.0,0.655189037322998,0.537621796131134,0.3985072374343872,-9.0,0.4316290020942688,-9.0,0.7882558107376099,0.7698389291763306,0.682634711265564,0.5760492086410522,0.6887316703796387,0.7084912657737732,0.7983126640319824,-9.0,0.7828422784805298,,-0.10947083632151278,,-0.11469006761908529,True,9,,low
-55.09587724749635,-6.848980304948261,1,1.319863186542528,0.525554104066672,0.2607764799171934,0.7689114388766867,0.8650460846322231,0.9580096790028854,-551_-69,1,2,3,0,2,0,5,5,5,6,2,0,2,0,2,0.6341463327407837,0.3407213389873504,-9.0,0.425914853811264,-9.0,0.6391117572784424,0.4073285162448883,0.1875837445259094,0.1633441150188446,0.390923261642456,-9.0,0.3755626380443573,-9.0,0.5720874667167664,0.7715254426002502,0.3836556375026703,-9.0,0.5345634818077087,-9.0,0.8753202557563782,0.6519129872322083,0.4458945095539093,0.4004271924495697,0.623138964176178,-9.0,0.4704846739768982,-9.0,0.7261558771133423,7.0,0.11017531752586374,6.0,0.16050194700558978,False,8,7.0,low
-55.1142927108208,-6.692583613983056,1,0.9564526302564328,1.0195233249700693,0.5916811727485972,0.5610639525418388,0.5237720703937696,0.7870071155018161,-552_-67,1,2,7,0,0,2,12,2,9,8,4,2,6,0,5,0.4864337742328644,0.6338256597518921,-9.0,-9.0,0.1949532628059387,0.1575988382101059,0.1238222122192382,-0.0441306270658969,-0.0314004607498645,0.009320905432105,0.1384439319372177,0.1186943650245666,-9.0,0.1015467420220375,0.4848538637161255,0.8172955513000488,-9.0,-9.0,0.1929584890604019,0.1392111331224441,-0.0703094229102134,-0.0297872349619865,-0.0137482685968279,0.0548532977700233,0.0911583304405212,0.0395903103053569,-9.0,0.0930930897593498,2.0,0.5958502937315239,2.0,0.4747020314551062,False,9,2.0,low
-55.18912237398796,-6.885182410898279,1,1.0406092450929334,0.6545632271376255,0.304147292461054,0.7768525272789385,0.7933139166744639,0.9519611406667738,-552_-69,1,0,3,0,0,2,10,8,10,12,4,6,6,0,2,-9.0,0.6376879811286926,-9.0,-9.0,0.3631111085414886,0.5131363868713379,0.4497912228107452,0.507317066192627,0.45954230427742,0.5591939687728882,0.6167576909065247,0.4849019646644592,-9.0,0.6694300770759583,-9.0,0.8547099232673645,-9.0,-9.0,0.671161949634552,0.8044722080230713,0.6231077313423157,0.794276237487793,0.7004719972610474,0.7368474006652832,0.829214334487915,0.5573962330818176,-9.0,0.8791868090629578,,0.04528125410988215,,-0.030631168967201527,True,9,,low
-54.9189091365248,-7.457499078410825,1,1.1264530147045977,0.5014384356475684,0.2479508474435141,0.8446705961286296,0.8768920314414901,0.9687212900252334,-550_-75,1,2,1,0,0,1,4,4,5,5,2,2,1,0,2,0.5100104212760925,0.1546165943145752,-9.0,-9.0,0.4403001666069031,0.5798277854919434,0.5637542009353638,0.6011533141136169,0.5863667726516724,0.5768494606018066,0.5292737483978271,0.6415210962295532,-9.0,0.3786348402500152,0.6166521906852722,0.4163947105407715,-9.0,-9.0,0.5420604944229126,0.7772243022918701,0.7655502557754517,0.824254035949707,0.8038492202758789,0.7433088421821594,0.6083415746688843,0.8541908264160156,-9.0,0.5421136617660522,,0.017946402231852177,,-0.005394361085361954,True,9,,low
-55.31488651376469,-6.665813818516293,1,1.3222067632553909,0.5641568853468698,0.3329683846134849,0.7344556800012295,0.8450397171052273,0.9368466231823714,-554_-67,1,1,2,1,2,0,3,5,5,4,5,2,4,1,1,0.1614621132612228,0.249840423464775,0.3205251395702362,0.3254105448722839,-9.0,0.2694497108459472,0.0889867842197418,-0.0065130260773003,-0.1479812562465667,0.1647523939609527,0.4770859479904175,0.460657000541687,0.4643939435482025,0.4287523627281189,0.3771527111530304,0.4715166091918945,0.3446364402770996,0.3428196012973785,-9.0,0.4402583539485931,0.3557586967945099,0.2935420870780945,0.2260407209396362,0.4655295014381408,0.6944710612297058,0.5807251930236816,0.4022488296031952,0.5526496767997742,,-0.002818081866611144,,0.024070817569736336,True,11,,high
-55.01170510537435,-7.002322723947463,1,0.942164251521212,0.5267187661792586,0.2115918372602016,0.8793715703642804,0.8644611959349028,0.974602984892836,-551_-71,1,2,1,0,2,0,5,2,6,5,3,1,1,1,2,0.4440004825592041,0.4644115567207336,-9.0,0.5823565721511841,-9.0,0.3600525557994842,0.3888287544250488,0.3493421077728271,0.2642229795455932,0.0873827785253524,0.3121542036533355,0.2360450625419616,0.3879941403865814,0.3653889298439026,0.2255677729845047,0.6821370720863342,-9.0,0.7443046569824219,-9.0,0.5765422582626343,0.6398261785507202,0.5434591770172119,0.443959891796112,0.3035258054733276,0.4130309522151947,0.4383920729160309,0.44036465883255,0.6270869374275208,8.0,0.12424613287051517,4.0,0.19121048019991982,False,10,8.0,mid
-55.10620787326372,-6.643625430998538,1,1.101510876544931,0.9588271138032228,0.4566286932948017,0.492219624753204,0.5744804098503505,0.8893639014125376,-552_-67,1,2,3,0,0,0,5,4,6,8,2,1,1,2,1,0.5068436861038208,0.541731059551239,-9.0,-9.0,-9.0,0.3101463317871094,0.0389780551195144,0.1332662850618362,0.0880841985344886,0.2246650606393814,0.2209618836641311,0.1640654802322387,0.4797021448612213,0.2212737947702407,0.7153233289718628,0.7912458181381226,-9.0,-9.0,-9.0,-0.0666438788175582,-0.029771614819765,-0.1223834082484245,-0.0869519487023353,-0.1427197307348251,-0.0648132041096687,-0.2075667232275009,0.0628019347786903,0.1238670721650123,2.0,0.8126380737457011,2.0,0.3152714578641786,False,9,2.0,low
-55.09390095387128,-6.845656538397021,1,1.035185365614285,0.3132793462309719,0.1690853519925974,0.9478733110812227,0.9513280580429172,0.9849735186877672,-551_-69,1,1,2,0,1,0,5,5,6,6,2,2,2,0,2,0.6751543283462524,0.4770150482654571,-9.0,0.482087641954422,-9.0,0.6304928660392761,0.6123393177986145,0.4969158768653869,0.4930833280086517,0.5029868483543396,0.6000691056251526,0.5871514678001404,-9.0,0.5720983147621155,0.7971854209899902,0.6791656613349915,-9.0,0.6322851777076721,-9.0,0.8854576349258423,0.8414562344551086,0.7776150107383728,0.6845092177391052,0.7258667945861816,0.6684087514877319,0.6739062666893005,-9.0,0.6784604787826538,,0.08263055483500159,,0.033367016911506675,True,9,,low
-54.98062339654381,-6.7509741074508245,1,0.5770389934909014,0.9509307657848288,0.2493188373106337,0.8531907079183603,0.5809257382892246,0.8685584705613326,-550_-68,1,1,1,0,2,1,4,5,5,4,5,2,3,0,3,0.5980551242828369,0.6087795495986938,-9.0,0.3913604021072387,0.5001749992370605,0.5025938153266907,0.5404401421546936,0.5294848084449768,0.5031529664993286,0.1193181797862052,0.2417259067296981,0.2314774245023727,-9.0,0.2891986072063446,0.7565320730209351,0.8563874363899231,-9.0,0.636336088180542,0.7401542663574219,0.8129602074623108,0.8154260516166687,0.8340156078338623,0.7381719350814819,0.5116847157478333,0.4886113107204437,0.4569502174854278,-9.0,0.6340693831443787,9.0,0.25091905146837234,9.0,0.3013251964002848,False,10,9.0,mid
-55.114382542349205,-6.692853108568288,1,1.0605467602364749,1.0508128204482214,0.5273665908557933,0.4406837165665883,0.4968658242674534,0.8493656442136751,-552_-67,1,2,5,0,0,0,6,6,7,8,4,2,6,0,6,0.4506766200065613,0.6352126598358154,-9.0,-9.0,-9.0,0.0430314689874649,0.1161740869283676,0.0310973431915044,0.0571629367768764,0.0537922643125057,0.1827012002468109,0.1958016604185104,-9.0,0.3029585778713226,0.4432683289051056,0.8311918377876282,-9.0,-9.0,-9.0,0.0722617581486702,0.0710707977414131,0.0542087964713573,0.0748526155948638,0.0854668691754341,0.1095682382583618,0.1306356340646743,-9.0,0.3040195405483246,2.0,0.5244695520959795,2.0,0.42010469757951796,False,8,2.0,low
-54.973796200384506,-7.329039992781736,1,0.8054307883059831,0.8714980927606818,0.4167874118789673,0.7635965221432447,0.6436807884348155,0.8689262557609153,-550_-74,1,3,2,0,2,1,5,3,5,4,4,2,2,2,2,0.6036625504493713,0.3819044530391693,-9.0,0.5272923111915588,0.5825545191764832,0.6218711733818054,0.534238338470459,0.5022081732749939,0.4675640761852264,0.5142305493354797,0.5408255457878113,0.4010899662971496,0.5628939867019653,0.324329137802124,0.6321278214454651,0.6285942196846008,-9.0,0.7769435048103333,0.8097612857818604,0.8492657542228699,0.8157801032066345,0.8051553964614868,0.7197516560554504,0.7678544521331787,0.633083164691925,0.5586045384407043,0.7062448859214783,0.4995472431182861,10.0,0.15676717460155487,11.0,0.09819747209548946,False,11,10.0,high
-55.01619668179495,-7.341796069816231,1,1.300941411429401,0.7515131346216606,0.4396607095819779,0.5589523123407568,0.730656620431529,0.8884020246552911,-551_-74,1,1,2,0,2,1,5,4,5,4,5,2,3,1,3,0.4787111580371856,0.215898334980011,-9.0,0.2490244209766388,0.2482160031795501,0.4085714221000671,0.451269656419754,0.4230968356132507,0.3251833617687225,0.3564424216747284,0.4933233857154846,0.5852346420288086,0.6118172407150269,0.6135693192481995,0.7687543034553528,0.4145957827568054,-9.0,0.4662368595600128,0.6087496876716614,0.7654431462287903,0.7533966302871704,0.7408932447433472,0.646665632724762,0.6403750777244568,0.6512132287025452,0.7770846486091614,0.7833523154258728,0.8756965398788452,,-0.08362605174382531,,-0.08594513616778632,True,11,,high
-55.11743681431521,-7.150904071940834,1,0.8774121083257241,0.7927739255494872,0.4209470773691856,0.7676760986702391,0.7018721431632259,0.8829913671448935,-552_-72,1,4,8,0,4,0,12,8,10,10,8,2,2,0,8,0.5519982576370239,0.241805225610733,-9.0,0.4128077030181885,-9.0,0.6389974355697632,0.6413454413414001,0.5303558707237244,0.4870722889900207,0.4703615009784698,0.6446552872657776,0.6916417479515076,-9.0,0.5748390555381775,0.6391693949699402,0.453029453754425,-9.0,0.6423637866973877,-9.0,0.883061408996582,0.8818426728248596,0.8176543712615967,0.6933099627494812,0.7508993744850159,0.8659605979919434,0.9175662398338318,-9.0,0.753391444683075,,-0.0767053425312042,,-0.06909681260585787,True,9,,low
-55.31533567140674,-6.504476393488426,1,0.9789811471839156,0.5876143116889312,0.2892836004549554,0.8390490637011375,0.8322656171782629,0.9537536209788888,-554_-66,1,1,3,0,2,0,6,4,5,4,3,2,2,0,1,0.4978196024894714,0.4760749638080597,-9.0,0.5023308396339417,-9.0,0.4992232620716095,0.5136721134185791,0.5393288731575012,0.3362709879875183,0.1659938246011734,0.1073910295963287,0.1342916786670684,-9.0,0.5411844849586487,0.6563451886177063,0.682755172252655,-9.0,0.6113513708114624,-9.0,0.7794166803359985,0.7018076181411743,0.8151313662528992,0.5449768900871277,0.4556774497032165,0.3216888606548309,0.3059838712215423,-9.0,0.6733185648918152,8.0,0.24747210542360937,8.0,0.24771520793437957,False,9,8.0,low
-55.114023216235566,-6.692763277039878,1,0.9688256695750556,1.0366763926648457,0.454263151880697,0.5366294652886145,0.5090837490268214,0.8852516040247733,-552_-67,1,2,7,0,0,2,12,6,8,8,4,2,4,0,5,0.4528092741966247,0.6518675088882446,-9.0,-9.0,0.0910979807376861,0.0542345717549324,0.0106864906847476,0.0076205641962587,0.017603138461709,0.0442587845027446,0.1380635648965835,0.1232518181204795,-9.0,0.2114875167608261,0.5076977610588074,0.826612114906311,-9.0,-9.0,0.0814776644110679,0.0768915861845016,0.07725640386343,0.0621028654277324,0.0799305960536003,0.081985980272293,0.0900467187166214,0.0797169804573059,-9.0,0.1791044771671295,2.0,0.577320129921039,2.0,0.4747490104184383,False,9,2.0,low
-55.09623657361,-6.849968451760793,1,1.1774642796028656,0.6825427639581406,0.3178531244340315,0.6940695252661377,0.7759713344806756,0.9460156690688128,-551_-69,1,2,2,0,2,0,5,4,6,6,2,0,2,0,2,0.6276665925979614,0.1460451781749725,-9.0,0.3908036649227142,-9.0,0.5844864845275879,0.4119382798671722,0.1975029557943344,0.1523111313581466,0.3534338474273681,-9.0,0.3926728069782257,-9.0,0.566219687461853,0.799293577671051,0.3206138610839844,-9.0,0.5062806010246277,-9.0,0.8663911819458008,0.6743372082710266,0.5024983286857605,0.4274183511734009,0.6344597935676575,-9.0,0.5378840565681458,-9.0,0.676194965839386,,0.07769218683242796,7.0,0.09975995421409606,True,8,,low
-55.17861208516376,-7.106617128433742,1,0.999307385900397,0.7720779565071879,0.2971418502026742,0.7168355362094934,0.7164625819691095,0.9536175457905832,-552_-72,1,2,4,0,4,0,10,8,10,10,8,7,4,2,8,0.5613415837287903,0.4476085007190704,-9.0,0.319357305765152,-9.0,0.3377982378005981,0.3771167695522308,0.4163943827152252,0.4435782730579376,0.3492462337017059,0.3894878625869751,0.4105453789234161,0.4948950111865997,0.4243388473987579,0.7569211721420288,0.5852255821228027,-9.0,0.6073825359344482,-9.0,0.680042028427124,0.7087520360946655,0.7378420829772949,0.6342592835426331,0.5638246536254883,0.6805216073989868,0.6267842650413513,0.6402451992034912,0.5680115818977356,,0.06041980783144629,2.0,0.10819921195507048,True,10,,mid
-54.99158284301007,-6.746572362558636,1,0.8946314915674755,0.8178192487301238,0.320984221649308,0.7440751551949455,0.6838140310095737,0.9363411318599404,-550_-68,1,0,3,0,2,1,4,4,6,4,4,3,2,0,2,-9.0,0.2951612770557403,-9.0,0.4721414744853973,0.4732196629047394,0.5672889947891235,0.5691974759101868,0.4699011743068695,0.3941271007061004,-0.0474843867123127,0.2252658754587173,0.1225530877709388,-9.0,0.2338828891515731,-9.0,0.5186761021614075,-9.0,0.6972489953041077,0.7296279072761536,0.8010002374649048,0.7772329449653625,0.7430745959281921,0.6386679410934448,0.3315763473510742,0.3590705990791321,0.4536795318126678,-9.0,0.5080600380897522,9.0,0.28769318865878246,9.0,0.3294509421767934,False,10,9.0,mid
-55.09785354112141,-6.848531147306202,1,1.0529483410553744,0.586666501910044,0.2039552923166645,0.8151955864725968,0.8327906872833492,0.9789801899455756,-551_-69,1,1,2,0,2,0,5,5,5,6,2,2,1,0,2,0.2945638298988342,0.3588401079177856,-9.0,0.436103343963623,-9.0,0.5737003087997437,0.5337620377540588,0.5285345315933228,0.4064949750900268,0.522452712059021,0.4059145152568817,0.5922449231147766,-9.0,0.6054832339286804,0.3688009679317474,0.4742637276649475,-9.0,0.5872648358345032,-9.0,0.8699128031730652,0.7848456501960754,0.8360316753387451,0.6410256624221802,0.7152028679847717,0.375,0.8374941349029541,-9.0,0.8048071265220642,,-0.012765229990085003,,-0.05226737856864927,True,9,,low
-55.07279054469447,-7.316733073389296,1,1.0362083673268738,0.6023382299941327,0.2156906945765312,0.8114613783093806,0.8240130959597503,0.9763856379729146,-551_-74,1,2,4,0,4,0,9,8,10,10,8,2,8,0,6,0.301915168762207,0.3348543047904968,-9.0,0.3850500881671905,-9.0,0.6596412658691406,0.610315203666687,0.5964343547821045,0.4997425377368927,0.1297649145126342,0.35103639960289,0.3180091977119446,-9.0,0.4108476042747497,0.482022613286972,0.5256607532501221,-9.0,0.5488318800926208,-9.0,0.8839399218559265,0.828066885471344,0.8655303120613098,0.7228630781173706,0.4899281859397888,0.4502204358577728,0.6257396340370178,-9.0,0.72529536485672,9.0,0.12104915827512741,9.0,0.1815787457994053,False,9,9.0,low
-55.43283531056958,-7.460822844962069,2,0.6585482408565739,1.0233021333928225,0.320550822980986,0.7813977223736589,0.5205493286008798,0.8639067538717624,-555_-75,2,1,1,0,1,1,6,6,5,4,3,1,3,1,3,0.4556335210800171,0.4965066611766815,-9.0,0.4681081175804138,0.5165585279464722,0.565200686454773,0.5584415793418884,0.6437873840332031,0.4887788891792297,0.2827496826648712,0.2680538594722748,0.3167773485183716,0.3336918652057647,0.2825768589973449,0.6759325265884399,0.7473683953285217,-9.0,0.7076390981674194,0.7954729199409485,0.8434743285179138,0.7941051125526428,0.8657611012458801,0.6156876683235168,0.5477308034896851,0.6162246465682983,0.5988779664039612,0.5582783818244934,0.5314685106277466,8.0,0.1976344060330164,9.0,0.2273569978773594,False,11,8.0,high
-54.99814054458415,-7.497923266196205,2,0.9037181489721452,1.1059560891920124,0.2653334150200784,0.5407460311083144,0.4482799966475497,0.9559496270399064,-550_-75,2,1,2,0,0,0,5,3,5,5,2,2,2,1,2,0.6431552767753601,0.2837157249450683,-9.0,-9.0,-9.0,0.3429697751998901,0.2428439557552337,0.2834526002407074,0.2595945596694946,0.2121730893850326,0.3203277289867401,0.3917149603366852,0.3911529183387756,0.4192343652248382,0.8583903908729553,0.3099214732646942,-9.0,-9.0,-9.0,0.0782865583896637,0.0581761002540588,0.0991827622056007,0.1418376415967941,0.1163075864315033,0.1350943446159362,0.1095140278339386,0.12538743019104,0.059528786689043,2.0,0.4815653500457605,2.0,0.1452728394005034,False,9,2.0,low
-55.07485666984795,-7.313858464480115,2,0.7942486484113842,0.6016858257775376,0.2583988929629916,0.8879681506580515,0.8243825537186554,0.947373000151806,-551_-74,2,4,8,0,4,0,9,8,10,10,8,4,8,2,8,0.3618669807910919,0.3465381264686584,-9.0,0.3832157254219055,-9.0,0.570135772228241,0.5058941841125488,0.3822444677352905,0.3166897892951965,0.1293466538190841,0.3304241895675659,0.4520153403282165,0.4187279045581817,0.4380862116813659,0.4974028766155243,0.4965906739234924,-9.0,0.5704218745231628,-9.0,0.8031178116798401,0.6615470051765442,0.6651856303215027,0.5140882730484009,0.4415604472160339,0.5387324094772339,0.653190553188324,0.362171322107315,0.6580802202224731,,0.08774044116338098,7.0,0.08102522109236032,True,10,,mid
-54.89070203660345,-6.561699077086841,2,1.0743424004861322,0.8878239560363508,0.5607102082045605,0.5785659614252407,0.6311014773396977,0.8246113613475786,-549_-66,2,1,0,0,3,0,5,2,5,4,3,2,4,0,2,0.6634030342102051,-9.0,-9.0,0.3383119106292724,-9.0,0.463195264339447,0.5252197980880737,0.5504018664360046,0.1059311032295227,0.1182108595967292,0.0828611925244331,0.1167026534676551,-9.0,0.350480705499649,0.7578299641609192,-9.0,-9.0,0.3782865405082702,-9.0,0.7718544006347656,0.8060274124145508,0.8209277391433716,0.4501613080501556,0.5521064400672913,0.507394015789032,0.3586931824684143,-9.0,0.5877862572669983,8.0,0.21575697064399718,8.0,0.3532690718770028,False,8,8.0,low
-55.06973627272847,-7.003400702288408,2,0.9423065866526302,0.8448971745174881,0.3536426632946723,0.6994618073284149,0.6638081894684285,0.9287856856876828,-551_-71,2,1,3,0,1,1,4,3,6,5,3,3,3,0,1,0.6839128136634827,0.5047951340675354,-9.0,0.3049139082431793,0.4002329111099243,0.6060860753059387,0.6427893042564392,0.5936697125434875,0.5322615504264832,-0.2485768496990203,-0.0184729062020778,0.1856220215559005,-9.0,0.543169379234314,0.8178879022598267,0.5197006464004517,-9.0,0.5974293351173401,0.7030217051506042,0.8611141443252563,0.8482257127761841,0.8059858083724976,0.700689971446991,0.3096320927143097,0.4077126979827881,0.5573589205741882,-9.0,0.7814787030220032,9.0,0.21771129965782166,9.0,0.4181472649797797,False,10,9.0,mid
-55.10486040033754,-6.6414694743166525,2,1.016438838805266,0.5884976339806445,0.3314557617898194,0.8263664853121142,0.8317755989215992,0.9400680216301038,-552_-67,2,0,0,0,0,0,4,6,8,8,8,5,4,2,8,-9.0,-9.0,-9.0,-9.0,-9.0,0.1419188380241394,0.2265752553939819,0.018080148845911,0.0953723639249801,0.2534837424755096,0.4644732177257538,0.4290211498737335,0.3495587706565857,0.4389491975307464,-9.0,-9.0,-9.0,-9.0,-9.0,-0.0510721243917942,0.1801476329565048,0.1996485888957977,0.2355472445487976,0.3124891519546509,0.5289603471755981,0.5612639784812927,0.2639296054840088,0.5916975736618042,,-0.14681575819849968,,-0.10845846629568501,True,8,,low
-55.49778350561142,-7.276219054075506,2,0.9165376812893106,0.9774919512129964,0.4564498542883547,0.6248099675974153,0.5591037205842074,0.8745301960429557,-555_-73,2,0,8,0,0,0,10,8,10,8,6,4,2,0,4,-9.0,0.4626606404781341,-9.0,-9.0,-9.0,0.5270018577575684,0.5382381677627563,0.5708166360855103,0.0409395955502986,-0.1639419347047805,-0.0549521818757057,-0.1065608039498329,-9.0,0.334335595369339,-9.0,0.5237922668457031,-9.0,-9.0,-9.0,0.7973360419273376,0.7095212340354919,0.8350282311439514,0.3022670149803161,0.2896535396575928,0.3193030059337616,0.356025367975235,-9.0,0.7169643044471741,8.0,0.3195767968893051,8.0,0.5147152714431286,False,8,8.0,low
-55.02634764450549,-7.382399920658434,2,1.0674220146257196,0.6904806397039223,0.2190177032096781,0.7404650872605263,0.7709399808815733,0.9755501378303468,-551_-74,2,1,3,0,0,0,6,3,5,3,5,2,3,2,2,0.6343590021133423,0.5962647795677185,-9.0,-9.0,-9.0,0.3678394854068756,0.4213640689849853,0.3107049465179443,0.3689001202583313,0.3385500609874725,0.5198761224746704,0.4662998616695404,0.5360824465751648,0.4992828071117401,0.8686602115631104,0.7185097336769104,-9.0,-9.0,-9.0,0.7015735507011414,0.6941351294517517,0.6702402830123901,0.6622658967971802,0.4920471906661987,0.5081967115402222,0.7756801843643188,0.7180646657943726,0.7340480089187622,2.0,0.13177923692597282,2.0,0.18987856639756096,False,9,2.0,low
-55.11483169999127,-6.69339209773876,2,0.99106886659264,1.2084837731301086,0.7156881116311107,0.3645091969920775,0.3544376010114111,0.6862738019461654,-552_-67,2,2,5,0,0,0,5,2,7,7,4,0,3,0,0,0.4409178495407104,0.5982691645622253,-9.0,-9.0,-9.0,0.4614845812320709,0.4953101277351379,0.4810896515846252,0.4905756413936615,0.5076060891151428,-9.0,0.1818181872367859,-9.0,-9.0,0.3849324882030487,0.8439306616783142,-9.0,-9.0,-9.0,-0.159315213561058,-0.1125875413417816,-0.1032826229929924,-0.0847669690847396,-0.105675607919693,-9.0,-0.0166551005095243,-9.0,-9.0,2.0,0.7114787508423129,9.0,0.14989569783210754,False,7,2.0,low
-55.10692652549102,-6.641828800430302,2,1.0802367555760206,1.0577792754403987,0.5517457461635888,0.415183294391401,0.4908081360479903,0.8339852806147222,-552_-67,2,2,3,0,0,2,6,4,8,8,8,5,4,2,8,0.6217228174209595,0.620855450630188,-9.0,-9.0,0.2971383333206177,0.0897651016712188,0.0650329887866973,0.0751465633511543,0.079233817756176,0.1521418094635009,0.1908140331506729,0.2835702896118164,0.2691761255264282,0.280936449766159,0.7606738209724426,0.8265830278396606,-9.0,-9.0,0.4272557497024536,0.1569806337356567,0.1549468487501144,0.1532012224197387,0.1505937427282333,0.2283464521169662,0.2720382809638977,0.3863708972930908,0.2516196668148041,0.3369792997837066,2.0,0.5417951449751854,2.0,0.44299358278512957,False,10,2.0,mid
-55.11474186846286,-6.693032771625115,2,1.0183448789714664,1.1762585209748424,0.6204931990756343,0.3643730536904964,0.3843815440812476,0.7811298744856213,-552_-67,2,2,5,0,0,0,6,2,8,8,4,0,2,0,0,0.5198378562927246,0.616084635257721,-9.0,-9.0,-9.0,0.2536524832248688,0.0175565052777528,0.0661615878343582,0.0518703237175941,0.0454937480390071,-9.0,0.0984372496604919,-9.0,-9.0,0.5050697326660156,0.8009433746337891,-9.0,-9.0,-9.0,0.0526753552258014,0.056898396462202,0.0427853614091873,0.0606517791748046,0.0636687651276588,-9.0,0.0349643267691135,-9.0,-9.0,2.0,0.6010658896217744,2.0,0.4790992628162106,False,7,2.0,low
-54.798085730810726,-7.423902086784755,2,0.9297396257292952,1.0793455323567274,0.371998321959978,0.5373451579635256,0.4719054760383321,0.9208846100507584,-548_-75,2,1,2,0,2,2,4,6,4,3,1,2,2,0,1,0.5407323241233826,0.482722520828247,-9.0,0.3152255117893219,0.3585119843482971,0.4138153791427612,0.457500010728836,0.18849977850914,0.0645491778850555,0.1366120278835296,0.3341853022575378,0.2766318023204803,-9.0,0.2747252881526947,0.5579793453216553,0.5871897339820862,-9.0,0.3802301287651062,0.4975739419460296,0.60322105884552,0.3885675370693207,-0.1691098660230636,-0.2211394309997558,-0.2229140698909759,-0.0120652941986918,-0.0452240072190761,-9.0,0.2631579041481018,7.0,0.57034275168553,2.0,0.2297017961740494,False,10,7.0,mid
-54.8076977043508,-7.408720558483138,2,0.8395265817612529,1.1818132090167095,0.4138851807299627,0.5468797488795972,0.3792476951386958,0.8807874334554141,-549_-75,2,2,3,0,0,1,3,4,5,3,3,0,2,0,2,0.3666784167289734,0.379797101020813,-9.0,-9.0,0.5751227736473083,0.3788223266601562,0.3324158489704132,0.2012803554534912,0.1578947305679321,0.241303950548172,-9.0,0.3335978984832763,-9.0,0.4132334589958191,0.5081627368927002,0.5616574883460999,-9.0,-9.0,0.6719944477081299,0.644364058971405,0.6177377700805664,0.2233940511941909,0.1870884895324707,0.1515458673238754,-9.0,0.1234677955508232,-9.0,-0.0304068513214588,7.0,0.46976542994379994,5.0,0.1464543967019944,False,8,7.0,low
-55.44109981118348,-7.453187165047053,2,1.4579974560082474,0.6980093339411084,0.3434014257551898,0.5253279592431918,0.7661230932828158,0.9028211131642656,-555_-75,2,2,1,0,0,1,6,6,5,4,1,2,3,0,2,0.2054071873426437,0.430073618888855,-9.0,-9.0,0.2264574021100998,0.2616459727287292,0.2081362307071685,0.2301216125488281,0.2243058085441589,0.3463256061077118,0.434144526720047,0.5151680707931519,-9.0,0.579541802406311,0.3390306532382965,0.2121212184429168,-9.0,-9.0,0.1588983088731765,0.110921211540699,0.1203392297029495,0.065424345433712,0.1846811473369598,0.2168807387351989,0.344011127948761,0.3767072260379791,-9.0,0.5342422723770142,,0.04089753495322329,,-0.018464822736051323,True,9,,low
-55.10575871562166,-6.64272711571442,2,1.0349142279760306,1.1200910157042314,0.6010419656830027,0.4000745589672798,0.4356005211966356,0.7970557383882608,-552_-67,2,2,3,0,0,0,3,4,7,7,2,1,2,2,2,0.5446808338165283,0.5609652996063232,-9.0,-9.0,-9.0,0.2323976010084152,0.0941134989261627,0.1486076712608337,0.2225338965654373,0.3679498732089996,0.4109396934509277,0.46600142121315,0.3858179748058319,0.4114914536476135,0.7628114819526672,0.836155354976654,-9.0,-9.0,-9.0,-0.2447828501462936,-0.0020896962378174,-0.0238987822085618,-0.0117157977074384,-0.0258829537779092,0.0369352363049984,0.0701352730393409,-0.0276199802756309,0.1920518577098846,2.0,0.8035798288312637,2.0,0.24839494625727337,False,9,2.0,low
-55.48314096648028,-7.212169174317784,2,0.960651849918966,1.1772040224229452,0.478193381473834,0.4258608449918931,0.3835085097397697,0.8726878984379031,-555_-73,2,0,4,0,0,0,5,3,5,3,1,0,0,0,4,-9.0,0.5022820830345154,-9.0,-9.0,-9.0,0.3340243697166443,0.3059171736240387,0.2949308753013611,0.262474000453949,0.5948062539100647,-9.0,-9.0,-9.0,0.4825808405876159,-9.0,0.664264976978302,-9.0,-9.0,-9.0,-0.0279456190764904,0.1297670900821685,0.1376518160104751,0.0537960939109325,0.005718742031604,-9.0,-9.0,-9.0,0.3300630748271942,6.0,0.18676031557843092,,0.03001139760017396,False,6,6.0,low
-54.88180871529066,-6.562687223899372,2,1.308186454982124,0.772066316072079,0.5429821873328257,0.531855050101246,0.7164707025851856,0.8344026863355576,-549_-66,2,1,1,0,2,0,5,3,5,4,4,2,3,0,1,0.6246185302734375,0.2189990431070327,-9.0,0.4333609938621521,-9.0,0.411419540643692,0.515434980392456,0.5058598518371582,0.2389214485883712,0.260515034198761,0.3628613352775574,0.4179802536964416,-9.0,0.4479025602340698,0.6358514428138733,0.4082121253013611,-9.0,0.5615224838256836,-9.0,0.7587176561355591,0.8130945563316345,0.8091953992843628,0.5619272589683533,0.611301600933075,0.697546660900116,0.7547695636749268,-9.0,0.6845971941947937,,0.002403821547826146,8.0,0.10597936362028126,True,9,,low
-55.07961774085378,-6.855088848880277,2,0.9312141280875832,0.459157794955809,0.2421157966413735,0.9099743088195016,0.896426075027187,0.9649214244484386,-551_-69,2,2,4,0,3,0,5,4,6,6,2,2,2,0,2,0.4237641096115112,0.641332745552063,-9.0,0.3723588585853576,-9.0,0.6743661761283875,0.6216958165168762,0.561234712600708,0.4055785238742828,0.4447696506977081,0.5764358639717102,0.5328046083450317,-9.0,0.4813273251056671,0.5136286020278931,0.8538925051689148,-9.0,0.4357673525810241,-9.0,0.8822039365768433,0.8454927206039429,0.7393925786018372,0.6078941226005554,0.5919732451438904,0.7430928349494934,0.6458747982978821,-9.0,0.7229693531990051,,0.04936874508857725,8.0,0.060942208766937234,True,9,,low
-55.24311112256353,-7.499809728292854,2,0.8771436805816699,1.0587726517004254,0.6130963688252792,0.5988789938392075,0.4899423973951402,0.7425660753021233,-553_-75,2,0,2,0,0,1,5,6,5,5,3,3,0,0,1,-9.0,0.5106756091117859,-9.0,-9.0,0.5464895367622375,0.3884892165660858,0.2671578824520111,0.1507047414779663,0.122778408229351,0.1450381726026535,0.2963418364524841,-9.0,-9.0,0.2106751501560211,-9.0,0.5216623544692993,-9.0,-9.0,0.3825275599956512,0.3554050624370575,0.2717092633247375,0.2215614765882492,0.2112576961517334,0.2180680036544799,0.1349751055240631,-9.0,-9.0,0.2946512997150421,5.0,0.20814811331885202,5.0,0.30269894323178703,False,8,5.0,low
-54.7979060677539,-7.42318343455746,2,0.9215306973170216,0.7895336215079112,0.2767184401389126,0.7467863965608708,0.7041765325819587,0.9552655010841512,-548_-75,2,1,2,0,2,2,4,5,5,3,2,2,2,0,3,0.4714111983776092,0.4463589489459991,-9.0,0.4051333665847778,0.4325226545333862,0.3263917863368988,0.4289820492267608,0.3396663665771484,0.3116106390953064,0.3350334763526916,0.3560956716537475,0.5302922129631042,-9.0,0.5386250615119934,0.5626614689826965,0.6272817254066467,-9.0,0.4754921495914459,0.6631141901016235,0.6141240000724792,0.6810368895530701,0.425542414188385,0.4180602133274078,0.4406604766845703,0.3959491550922394,0.6269260048866272,-9.0,0.6366377472877502,7.0,0.1133224020401637,2.0,0.0584497451782226,False,10,7.0,mid
-55.114382542349205,-6.6932124346819375,2,1.0882421525446384,1.086877902311823,0.6865212207260567,0.378347074920612,0.4652512441832843,0.7256519142594583,-552_-67,2,0,5,0,0,0,6,2,7,7,4,0,2,0,1,-9.0,0.5341506004333496,-9.0,-9.0,-9.0,0.270877480506897,0.1247380375862121,0.1729711145162582,0.1192719116806984,0.2097705006599426,-9.0,0.0844075605273246,-9.0,0.0393109545111656,-9.0,0.7398212552070618,-9.0,-9.0,-9.0,-0.1127552539110183,-0.0525750257074832,-0.0560398511588573,-0.050135500729084,-0.0702423900365829,-9.0,-0.0929768830537796,-9.0,-0.0475612208247184,6.0,0.375121479233106,6.0,0.27743569388985634,False,7,6.0,low
-55.07683296347301,-6.86029907752817,2,0.837841244507933,0.6679421698822146,0.3301694185210414,0.8474518579418409,0.7850978890353737,0.9228107059051164,-551_-69,2,1,3,0,2,0,5,3,5,4,3,1,2,0,3,0.5180343389511108,0.6209630370140076,-9.0,0.3894093334674835,-9.0,0.6487152576446533,0.5891385674476624,0.3190693855285644,0.1600411534309387,0.4534664154052734,0.5720148682594299,0.5161414742469788,-9.0,0.5670533776283264,0.610359251499176,0.8639092445373535,-9.0,0.4783338606357574,-9.0,0.8754754662513733,0.8352076411247253,0.563269317150116,0.4167237877845764,0.537232518196106,0.666114330291748,0.7064839005470276,-9.0,0.7398248314857483,7.0,0.1277156452337901,7.0,0.12195432782173155,False,9,7.0,low
-55.07844993098443,-6.859310930715639,2,0.9786301941065102,0.4820651618549251,0.2364293020692446,0.8907682268716035,0.886039383249663,0.969189655828408,-551_-69,2,2,3,0,3,0,5,4,6,6,2,2,3,0,3,0.3595303297042846,0.6629306674003601,-9.0,0.3149824440479278,-9.0,0.6639654040336609,0.5844471454620361,0.4656574726104736,0.3071881234645843,0.4124547839164734,0.3547512888908386,0.4853090047836303,-9.0,0.4487905204296112,0.38799649477005,0.8887317180633545,-9.0,0.4452791810035705,-9.0,0.8977202773094177,0.82292640209198,0.7556157112121582,0.5635698437690735,0.6141213178634644,0.5078970789909363,0.6092206239700317,-9.0,0.7355117201805115,,0.09364751378695169,8.0,0.10688683291276302,True,9,,low
-55.07844993098443,-6.859131267658812,2,0.9442142655349416,0.5152222687086062,0.212061726825359,0.8839838910920759,0.8701832257164276,0.9745261947427728,-551_-69,2,1,3,0,2,0,5,3,6,6,2,2,3,0,3,0.4992819428443908,0.6556659936904907,-9.0,0.3587630689144134,-9.0,0.6606863141059875,0.5906321406364441,0.4558426141738891,0.2877237796783447,0.3604354858398437,0.331207275390625,0.4712248742580414,-9.0,0.4474439918994903,0.5593726634979248,0.8871515989303589,-9.0,0.4920699596405029,-9.0,0.8897918462753296,0.8523281812667847,0.7340028285980225,0.5319472551345825,0.5254545211791992,0.4634390771389007,0.6091694831848145,-9.0,0.6617210507392883,8.0,0.17743990222613015,7.0,0.16069288849830632,False,9,8.0,low
-55.36573115884585,-6.5502904729785225,2,0.7078973913538982,0.3707835443048843,0.1545328903453819,0.9657503024669928,0.9320437177254598,0.9756477441542388,-554_-66,2,0,3,0,3,0,5,4,5,4,2,3,3,0,1,-9.0,0.572519063949585,-9.0,0.5664191246032715,-9.0,0.6480308175086975,0.6226363182067871,0.6489514708518982,0.6298089027404785,0.6116011142730713,0.617466926574707,0.5770243406295776,-9.0,0.6010898947715759,-9.0,0.8297557234764099,-9.0,0.6704795360565186,-9.0,0.8670826554298401,0.8426332473754883,0.8101544976234436,0.741628110408783,0.7599999904632568,0.8022897243499756,0.8465985655784607,-9.0,0.7221571207046509,,0.029486429691314653,,0.02562209963798523,True,9,,low
-54.88405450350096,-6.570592398399624,2,1.1732998535140444,0.9225589627377656,0.481239812877627,0.4691764911641207,0.6037822604236002,0.8735379521170178,-549_-66,2,2,3,0,2,0,5,3,5,3,5,2,3,1,2,0.5601317882537842,0.3948718011379242,-9.0,0.2050078213214874,-9.0,0.3624067306518554,0.4252710938453674,0.4256609380245209,0.385823130607605,0.0099904853850603,0.150214597582817,0.2432844340801239,0.3148804306983948,0.3123872876167297,0.5286521315574646,0.6850799918174744,-9.0,0.4360648095607757,-9.0,0.6705747842788696,0.719078779220581,0.7272994518280029,0.665371835231781,0.4017827808856964,0.5261501669883728,0.6022588014602661,0.5663413405418396,0.4436671137809753,9.0,0.12512021405356266,2.0,0.194009099714458,False,10,9.0,mid
-55.092733144001926,-7.37431508310136,2,0.8962307971972927,1.230980904890262,0.4929213996611729,0.4507035578100341,0.3333130746004443,0.8519079457358324,-551_-74,2,3,5,0,1,1,3,4,5,4,3,1,1,0,3,0.6180344223976135,0.583457887172699,-9.0,0.5950215458869934,0.3924986720085144,0.2369103133678436,0.2273906916379928,0.1823035776615142,0.1822594106197357,0.3314487636089325,0.3596889078617096,0.4242160320281982,-9.0,0.3463392257690429,0.6908417344093323,0.7783995270729065,-9.0,-0.1052631586790084,-0.0003792188072111,-0.0791200324892997,0.0438030548393726,0.0336778908967971,0.060024008154869,0.1105216592550277,0.1988571435213089,0.0544985495507717,-9.0,0.1186117455363273,2.0,0.6910974665632239,4.0,0.30072066353427035,False,10,2.0,mid
-55.1151011945765,-6.693122603153524,2,0.9754499368336712,1.1142784591557728,0.5191039685531816,0.4652114546781388,0.4408252483850812,0.8486638504310517,-552_-67,2,2,5,0,0,2,12,4,10,8,4,2,6,0,6,0.5032955408096313,0.5719482898712158,-9.0,-9.0,0.3251743912696838,0.3710857331752777,0.3065944910049438,0.1602487713098526,0.1462529748678207,0.166687786579132,0.3153624832630157,0.3441483080387115,-9.0,0.3716965019702911,0.5189131498336792,0.7713505029678345,-9.0,-9.0,0.2885874211788177,0.2788317203521728,0.1189548000693321,0.1334022730588913,0.1358789950609207,0.2301523685455322,0.3085134029388428,0.2571605443954468,-9.0,0.2793532907962799,2.0,0.4194835134678417,2.0,0.259038421842787,False,9,2.0,low
-55.11824529807093,-6.700937946125366,2,0.9228597763000072,1.1639485281285966,0.6511149097392017,0.4764698071794171,0.3957164029272745,0.7311069778414565,-552_-68,2,0,4,0,2,2,9,4,6,7,1,0,2,0,4,-9.0,0.485453188419342,-9.0,0.4250102043151855,0.268654853105545,0.508816123008728,0.4021721482276916,0.29576376080513,0.2320527732372284,0.2490761280059814,-9.0,0.2468786835670471,-9.0,0.1177996918559074,-9.0,0.6740226745605469,-9.0,0.411169558763504,0.5079270005226135,0.7463557124137878,0.1145470961928367,-0.0098805483430624,-0.0461168698966503,-0.0756608918309211,-9.0,-0.0155305499210953,-9.0,0.1020721420645713,6.0,0.5732970068541666,7.0,0.1897070959210395,False,9,6.0,low
-55.09237381788828,-7.374584577686596,2,0.8279673244498917,1.223810085611114,0.5322716033994151,0.5290847015484095,0.3400652117209821,0.8014117715645108,-551_-74,2,3,5,0,1,1,4,3,5,3,1,0,1,0,2,0.6372369527816772,0.5990273952484131,-9.0,0.4781971275806427,0.2917748987674713,0.1525054425001144,0.0802971348166465,0.1649667471647262,0.1662159413099289,0.1851554661989212,-9.0,0.2703625559806824,-9.0,0.501441240310669,0.7120305895805359,0.8272290825843811,-9.0,-0.0951099172234535,0.1785150021314621,-0.006172839552164,0.0607849955558776,0.0495405495166778,0.055942740291357,0.0942767187952995,-9.0,0.2988696694374084,-9.0,0.1892440319061279,2.0,0.6778641748759482,2.0,0.3635858901672893,False,9,2.0,low
-55.48053585215632,-7.271278320012849,2,1.061779920260543,0.8881565062262596,0.4543340085338659,0.5873410552620684,0.6308434831721926,0.8902127366208334,-555_-73,2,0,6,0,0,0,8,8,10,8,6,6,4,2,8,-9.0,0.6068271398544312,-9.0,-9.0,-9.0,0.3990105986595154,0.4535873532295227,0.4615793526172638,0.0929671004414558,0.0275043435394763,0.1063476726412773,0.1277931630611419,0.0664006844162941,0.2931654751300812,-9.0,0.6904792785644531,-9.0,-9.0,-9.0,0.7596444487571716,0.7694078683853149,0.770370364189148,0.4478208720684051,0.4653179049491882,0.4905906319618225,0.3299216032028198,0.1860538870096206,0.5967639684677124,8.0,0.32806401203076047,8.0,0.3612213712185622,False,9,8.0,low
-55.48269180883821,-7.212618331959844,2,1.0286300261241992,0.9779711527311012,0.4173558428414936,0.535268709621488,0.5587063515186025,0.9081204546620272,-555_-73,2,0,3,0,0,0,5,3,4,4,3,0,0,0,1,-9.0,0.5300127863883972,-9.0,-9.0,-9.0,0.1375708729028701,0.1089134663343429,0.0592076890170574,0.0618954375386238,0.2113011181354522,-9.0,-9.0,-9.0,0.2149532735347747,-9.0,0.5709415078163147,-9.0,-9.0,-9.0,0.0418147034943103,0.1067532449960708,0.0903786420822143,0.1083994060754776,0.0940102040767669,-9.0,-9.0,-9.0,0.1079545468091964,6.0,0.20487889684736726,6.0,0.20253763273358344,False,6,6.0,low
-54.88369517738732,-6.569873746172329,2,1.0686456475859862,0.9156213753620198,0.3988012464894987,0.5582885749588223,0.6092979788774942,0.9170372014076154,-549_-66,2,2,2,0,2,0,5,3,5,3,5,3,3,1,2,0.4646214842796325,0.5795345902442932,-9.0,0.2623614370822906,-9.0,0.3634218275547027,0.4343933165073395,0.4543178975582123,0.4458239376544952,0.1552734375,0.2413344830274582,0.263506531715393,0.379442423582077,0.3660137057304382,0.4598060250282287,0.4859799146652221,-9.0,0.404051274061203,-9.0,0.7239835858345032,0.7726058959960938,0.7890685200691223,0.7529935240745544,0.5555555820465088,0.6287663578987122,0.616525411605835,0.6443429589271545,0.5077217817306519,,0.04290123879909513,2.0,0.1854891374707222,True,10,,mid
-55.26224523811528,-7.021367007970797,2,1.3108891777292755,0.6961075046617832,0.3539705854311661,0.6117544160476533,0.7673440010429846,0.9230573138033886,-553_-71,2,1,1,0,1,0,6,5,5,5,4,3,2,2,0,0.6136919260025024,0.2561983466148376,-9.0,0.0039823008701205,-9.0,0.1798398643732071,0.1944950371980667,0.17644764482975,0.1827485412359237,0.1218787729740142,0.2274934649467468,0.2635613083839416,0.4038794040679931,-9.0,0.7872968912124634,0.5222551822662354,-9.0,0.1185605153441429,-9.0,0.4163894057273865,0.4273276925086975,0.4383790194988251,0.3726405203342438,0.3425905406475067,0.4765221178531647,0.4758953154087066,0.4965707957744598,-9.0,2.0,0.25867871195077896,2.0,0.24001998754425186,False,10,2.0,mid
-54.79880438303802,-7.425698717352995,2,0.9166948107008626,0.4583496174218058,0.1945409959287144,0.9130209475224756,0.8967839610973862,0.977422556639485,-548_-75,2,1,4,0,1,2,4,4,5,3,2,1,3,0,1,0.2806573808193207,0.2535885274410248,-9.0,0.1047875434160232,0.2968591749668121,0.1773720979690551,0.2170725911855697,0.1927686333656311,0.1532242894172668,0.2088223397731781,0.3998948931694031,0.381014883518219,-9.0,0.4485260844230652,0.3592754006385803,0.3495492935180664,-9.0,0.2426470518112182,0.4163208901882171,0.3230340778827667,0.4173206686973572,0.3040195405483246,0.3015064597129822,0.3468605577945709,0.4013676941394806,0.4707663655281067,-9.0,0.5216770172119141,,-0.02013968527317045,,0.009088701009750344,True,10,,mid
-55.49796316866825,-7.276219054075506,2,0.906468224644388,1.0301475425544022,0.4796678746123402,0.5947867217544612,0.5146923512841673,0.8592204129337768,-555_-73,2,0,8,0,0,0,10,8,10,8,6,4,2,0,6,-9.0,0.5386124849319458,-9.0,-9.0,-9.0,0.4459134638309479,0.4827207326889038,0.5443376302719116,-0.0335864499211311,-0.1314384639263153,-0.1118838861584663,-0.0852039605379104,-9.0,0.3378075957298279,-9.0,0.6165513396263123,-9.0,-9.0,-9.0,0.7632832527160645,0.6828829050064087,0.7853944897651672,0.2407199144363403,0.2474098652601242,0.2664941847324371,0.3157438039779663,-9.0,0.7081647515296936,8.0,0.35632149279117586,8.0,0.5077571108937263,False,8,8.0,low
-54.88180871529066,-6.562777055427782,2,1.3317317385812142,0.8114756829576013,0.5487818361718085,0.4707391799888872,0.6884288643604232,0.8251305510065408,-549_-66,2,1,1,0,3,0,5,3,5,4,4,2,3,0,1,0.6526668667793274,0.1957539767026901,-9.0,0.4035021662712097,-9.0,0.3438499271869659,0.4718049168586731,0.4641873240470886,0.1352257430553436,0.1918452680110931,0.3333333432674408,0.3704793155193329,-9.0,0.4372736811637878,0.6746736168861389,0.3610518872737884,-9.0,0.5464730262756348,-9.0,0.6620089411735535,0.7558441758155823,0.7435757517814636,0.4313090145587921,0.5748031735420227,0.685599148273468,0.7545413970947266,-9.0,0.726272702217102,,-0.010567187269528766,8.0,0.1283293927709262,True,9,,low
-55.07665330041619,-6.86029907752817,2,0.7933288450936513,0.621521117980993,0.3016416519929356,0.8808835829120232,0.8129936923973139,0.9285477546639044,-551_-69,2,2,3,0,2,0,5,3,5,4,3,1,2,0,3,0.2745025753974914,0.648595929145813,-9.0,0.368900716304779,-9.0,0.6435788869857788,0.6049061417579651,0.3497887551784515,0.207551047205925,0.3686287403106689,0.6040343642234802,0.5213901400566101,-9.0,0.5007331371307373,0.3631527125835418,0.8887399435043335,-9.0,0.4411353170871734,-9.0,0.873115599155426,0.8464828133583069,0.628655731678009,0.4821810722351074,0.4758865237236023,0.6783271431922913,0.7354303598403931,-9.0,0.644176721572876,,0.07508235176404321,7.0,0.08274248590071992,True,9,,low
-54.9872709296463,-6.752231748848589,2,0.5198544417430384,0.8836611306775466,0.2208151749978736,0.8963297174466803,0.6343251046051698,0.8658018846742322,-550_-68,2,2,2,0,1,1,4,5,5,5,4,2,2,0,2,0.6271752715110779,0.4262915551662445,-9.0,0.4789302945137024,0.507056474685669,0.5273023843765259,0.5233672261238098,0.5662801861763,0.5835214257240295,0.3182404637336731,0.3540058434009552,0.3550548255443573,-9.0,0.3572631478309631,0.6711466908454895,0.5915524959564209,-9.0,0.6731606721878052,0.7765894532203674,0.8190642595291138,0.8046767711639404,0.8334556221961975,0.7737041711807251,0.5814804434776306,0.6359543204307556,0.5766164660453796,-9.0,0.623929500579834,9.0,0.1384235844016075,9.0,0.1838495321571827,False,10,9.0,mid
-55.07108374565465,-6.999627778095105,2,1.0479167889073997,0.7477105881075513,0.3951566059041576,0.708420553476534,0.7332475018554511,0.917089595652812,-551_-70,2,1,4,0,0,1,6,3,6,5,3,3,3,0,2,0.7064091563224792,0.4860448539257049,-9.0,-9.0,0.2250887602567672,0.3973385989665985,0.4396551847457886,0.4786760807037353,0.4718649387359619,-0.2041884809732437,-0.0109235355630517,0.048244621604681,-9.0,0.4513436257839203,0.7844289541244507,0.6314206123352051,-9.0,-9.0,0.5377302169799805,0.721680223941803,0.7376779913902283,0.7342497110366821,0.6717644333839417,0.2618868052959442,0.3192052841186523,0.4222495257854461,-9.0,0.653249979019165,9.0,0.274273836186954,9.0,0.3867491670950715,False,9,9.0,low
-55.115370689161736,-6.692853108568288,3,0.7949440324584909,1.0343711800886035,0.4564468188024892,0.680561803736504,0.5110665302627372,0.8404516333513226,-552_-67,3,2,5,0,0,2,12,6,10,8,4,2,6,0,6,0.4778280556201935,0.4718614816665649,-9.0,-9.0,0.4566401243209839,0.4689108431339264,0.2567629516124725,0.2761077582836151,0.2255484908819198,0.2512472569942474,0.3773465454578399,0.3759590685367584,-9.0,0.4746463894844055,0.4756024181842804,0.7652148604393005,-9.0,-9.0,0.701076328754425,0.6433240175247192,0.4508402943611145,0.4453972280025482,0.3700859546661377,0.4405514001846313,0.5264142155647278,0.5585988759994507,-9.0,0.6611749529838562,6.0,0.15300970311675754,6.0,0.14915034600666593,False,9,6.0,low
-55.48359012412233,-7.213426815715552,3,1.0189210122846446,1.03606283163655,0.5718576880640855,0.4926481026653903,0.5096117555708988,0.8154456643638527,-555_-73,3,0,4,0,0,0,4,3,4,3,2,0,0,0,1,-9.0,0.569934070110321,-9.0,-9.0,-9.0,0.6226645112037659,0.4365156590938568,0.414213627576828,0.4144989252090454,0.3940262794494629,-9.0,-9.0,-9.0,0.2962052822113037,-9.0,0.7002463340759277,-9.0,-9.0,-9.0,-0.1058138906955719,-0.0930518060922622,-0.1320730298757553,-0.1301953643560409,-0.1087687164545059,-9.0,-9.0,-9.0,0.2262396663427353,6.0,0.3447860717773437,6.0,0.20520733594894408,False,6,6.0,low
-55.3306968627652,-7.152880365565897,3,0.936857053875808,0.6767057813361498,0.1524061016444041,0.8056783417373706,0.7796398776621716,0.986599068497743,-554_-72,3,2,2,0,2,1,6,5,5,4,3,2,2,0,4,0.6277937889099121,0.6422426700592041,-9.0,0.3380597829818725,0.3694117665290832,0.4985296130180359,0.5583062171936035,0.5723738670349121,0.4219821393489837,0.1725974380970001,0.4771642088890075,0.5405930876731873,-9.0,0.4160118401050567,0.6731820106506348,0.8100376129150391,-9.0,0.4478966891765594,0.5941565632820129,0.7917749285697937,0.8306122422218323,0.8278846144676208,0.6011229157447815,0.5038807988166809,0.5900319814682007,0.7547065615653992,-9.0,0.5028901696205139,8.0,0.12026560902595518,2.0,0.19851523339748384,False,10,8.0,mid
-54.8812697261202,-6.560621098745896,3,1.1978821155865302,0.8668652733229051,0.5847498713514385,0.507597381127331,0.6472193374298857,0.8108986377788333,-549_-66,3,1,2,0,3,0,5,3,5,4,4,2,3,0,1,0.6424883008003235,0.3651894330978393,-9.0,0.4877581298351288,-9.0,0.3317950963973999,0.4624829590320587,0.4465579688549042,-0.04901609942317,-0.1686923950910568,-0.1245806813240051,-0.1397159844636917,-9.0,0.3309726119041443,0.689428448677063,0.4004858434200287,-9.0,0.4925245642662048,-9.0,0.598449170589447,0.6979936361312866,0.6779616475105286,0.1012291088700294,0.1605444699525833,0.2579787373542785,0.2650724053382873,-9.0,0.529156506061554,8.0,0.33001097291708,8.0,0.4862518243491649,False,9,8.0,low
-54.88324601974526,-6.567717789490439,3,1.1696519340778528,0.8962156286573218,0.4663360354327544,0.499079312735867,0.6245699099258101,0.8821116349979846,-549_-66,3,1,2,0,2,0,5,3,5,3,4,2,4,1,2,0.6467424035072327,0.5386503338813782,-9.0,0.2948781847953796,-9.0,0.3645833432674408,0.451884925365448,0.4793138206005096,0.4539426863193512,-0.1693789809942245,-0.0703371316194534,0.0259618386626243,0.1190888807177543,0.2611770331859588,0.7117117047309875,0.7593826651573181,-9.0,0.5020766258239746,-9.0,0.6713244318962097,0.736061692237854,0.7614899277687073,0.716522216796875,0.2588792443275451,0.3295178711414337,0.3886536955833435,0.3726085722446441,0.4270988702774048,9.0,0.33872967277254373,9.0,0.4281256288290024,False,10,9.0,mid
-55.49194445626465,-7.2671460697059,3,0.9180648036423228,1.0447931223954807,0.4909579335980695,0.5741851501529665,0.5020808490982012,0.8549077716981357,-555_-73,3,0,8,0,0,0,12,8,10,8,8,4,4,2,8,-9.0,0.5261813402175903,-9.0,-9.0,-9.0,0.4176165759563446,0.4565800130367279,0.4828711152076721,-0.0448709093034267,-0.0234573427587747,-0.0821684300899505,-0.0462294146418571,0.0570147335529327,0.2346141189336776,-9.0,0.5843552947044373,-9.0,-9.0,-9.0,0.7316455841064453,0.752840518951416,0.759192705154419,0.2870697677135467,0.2833300530910492,0.2628616094589233,0.2305684983730316,0.2651757299900055,0.6038329601287842,8.0,0.3848687559366226,8.0,0.45499513515581685,False,9,8.0,low
-55.0211374158576,-7.37431508310136,3,1.0108180985611546,1.048380356164327,0.448935012196871,0.4891147189270503,0.4989753113322132,0.8921229507297715,-551_-74,3,1,4,0,0,0,4,3,5,3,2,1,2,0,2,0.6642089486122131,0.6310262680053711,-9.0,-9.0,-9.0,0.289745032787323,0.2116414457559585,0.2364597022533416,0.2397558838129043,0.2521668076515198,0.2905276417732239,0.3723614513874054,-9.0,0.3603535592556,0.8693800568580627,0.7974750399589539,-9.0,-9.0,-9.0,0.0947388634085655,0.1303214579820633,0.0583104491233825,0.0566205978393554,0.1868557631969452,0.3394919037818908,0.3405789732933044,-9.0,0.2259568721055984,2.0,0.6543181883171201,2.0,0.36599116772413254,False,8,2.0,low
-54.886929112410144,-6.548583673938696,3,1.122420109044469,1.053863293046705,0.6731322513277412,0.3782628339350153,0.4942162329840606,0.7393743401859014,-549_-66,3,0,2,0,1,0,5,2,5,5,3,3,3,0,0,-9.0,0.4679531455039978,-9.0,0.3281835317611694,-9.0,0.3181045055389404,0.3918319642543793,0.4090457260608673,-0.1492652744054794,-0.1278160959482193,-0.2056022435426712,0.0289544239640235,-9.0,-9.0,-9.0,0.7024434804916382,-9.0,0.6851797103881836,-9.0,0.6531545519828796,0.6967282891273499,0.7037259340286255,0.2079062908887863,0.2234762907028198,0.1078125014901161,0.3225361704826355,-9.0,-9.0,8.0,0.47281357981264593,8.0,0.4964560721069574,False,9,8.0,low
-55.09192466024622,-7.415188428528795,3,0.9458142585108078,1.010730708486237,0.4529896619727436,0.5768219588449773,0.5312417922246506,0.882340325320711,-551_-75,3,1,4,0,2,1,5,4,5,4,2,1,1,0,2,0.6825477480888367,0.5164892077445984,-9.0,0.2515642046928406,0.0728046000003814,0.1099275648593902,0.1844419091939926,0.2097701132297516,0.206370398402214,-0.2370814383029937,-0.138965830206871,-0.1272926330566406,-9.0,0.2584535479545593,0.8519349694252014,0.7267888784408569,-9.0,0.4871371388435364,0.3962878584861755,0.4585666358470917,0.5280928611755371,0.5301142334938049,0.4908662438392639,0.2340354323387146,0.2217490971088409,0.320082813501358,-9.0,0.4422764182090759,2.0,0.37844105064868927,2.0,0.5205192342400551,False,10,2.0,mid
-54.800241687492615,-7.433154734211188,3,1.23009660363124,0.5038580997699234,0.3758388417404732,0.8139980529181615,0.875726363547809,0.9266707117201692,-549_-75,3,2,4,0,1,1,4,4,5,3,3,2,2,0,3,0.4323106110095978,0.2872580587863922,-9.0,0.3071050941944122,0.393216073513031,0.4276194870471954,0.4274274408817291,0.4069997668266296,0.3383612036705017,0.3486897647380829,0.4457360804080963,0.4954273104667663,-9.0,0.5271577835083008,0.4170622825622558,0.393137127161026,-9.0,0.4361290335655212,0.6037599444389343,0.720099687576294,0.6925815939903259,0.6598286032676697,0.5999025106430054,0.6128380298614502,0.6457759737968445,0.6878448128700256,-9.0,0.762881875038147,,-0.10147745864731927,,-0.04790585736433667,True,10,,mid
-54.87785612804053,-6.551458282847877,3,1.0322384527074786,0.8310692890482612,0.5140660280727104,0.6540564874864765,0.6740863124687647,0.8507902901332867,-549_-66,3,1,2,0,4,0,5,2,5,5,4,2,4,0,1,0.6826666593551636,0.4040350615978241,-9.0,0.4458857774734497,-9.0,0.452854573726654,0.5087719559669495,0.5317197442054749,0.1453149020671844,0.0113995326682925,0.1287773102521896,0.1607359200716018,-9.0,0.2362797856330871,0.5309340953826904,0.5624779462814331,-9.0,0.5953856110572815,-9.0,0.7730138897895813,0.7871986627578735,0.8119348883628845,0.374631255865097,0.3997339010238647,0.3524578809738159,0.4492434561252594,-9.0,0.3810750544071197,8.0,0.28539587259292604,8.0,0.3678208052491149,False,9,8.0,low
-55.31955775324211,-6.622515021821732,3,0.9228469533710588,0.4431471915743049,0.2305117903104158,0.9175360592538198,0.9034066716421288,0.967844982462458,-554_-67,3,1,2,0,1,2,4,3,5,4,4,1,3,0,2,0.3676169216632843,0.3881027698516845,-9.0,0.2849566042423248,0.241235613822937,0.4073207676410675,0.3775354325771332,0.3862282633781433,0.1379999965429306,0.1307487338781356,0.2882587015628814,0.3007790148258209,-9.0,0.3034529089927673,0.6811726689338684,0.673678994178772,-9.0,0.4100528955459595,0.308441549539566,0.7402747869491577,0.7191072106361389,0.6829621195793152,0.4346949160099029,0.460095465183258,0.6000859141349792,0.4843885600566864,-9.0,0.5479154586791992,2.0,0.13862394392490385,8.0,0.11818018215043208,False,10,2.0,mid
-55.1060282102069,-6.642188126543948,3,1.0289123633877135,1.1430197023937927,0.6439564958361443,0.3845582488384307,0.4148488014472889,0.7613247135746595,-552_-67,3,2,3,0,0,0,3,2,7,8,4,1,2,0,2,0.6216958165168762,0.5716965794563293,-9.0,-9.0,-9.0,-0.031607262790203,-0.0349786914885044,-0.0223868582397699,-0.0084511367604136,0.0330188684165477,0.1828825175762176,0.104845330119133,-9.0,0.2646685838699341,0.7739391922950745,0.8182945847511292,-9.0,-9.0,-9.0,-0.130259707570076,0.0197954773902893,0.013186446391046,0.0100962668657302,0.0242908876389265,0.0136070111766457,0.0177783388644456,-9.0,0.1753868758678436,2.0,0.7781316889449954,2.0,0.5356972791487351,False,8,2.0,low
-54.882886693631605,-6.56762795796203,3,1.3303809808670013,0.697412525677884,0.4415808401033851,0.5995766024394548,0.7665065218313544,0.8882520543587692,-549_-66,3,2,2,0,2,0,5,3,5,3,4,2,4,1,2,0.3343056142330169,0.4837261438369751,-9.0,0.3741854429244995,-9.0,0.4721170961856842,0.5349875688552856,0.5750256776809692,0.5398622155189514,0.3188735842704773,0.3741511702537536,0.4263300597667694,0.4447349607944488,0.418475866317749,0.5290622115135193,0.6766011118888855,-9.0,0.5679624080657959,-9.0,0.7721749544143677,0.796167254447937,0.8282135128974915,0.8008633255958557,0.6595295667648315,0.6874914765357971,0.6889039278030396,0.6462621688842773,0.5351234674453735,12.0,0.11000415682792664,9.0,0.07694540875298633,False,10,12.0,mid
-55.07359902845018,-6.857154974033749,3,0.8601932420555153,0.8308852628106705,0.326100388687953,0.7552755470827844,0.6742222325101651,0.929093357137504,-551_-69,3,2,2,0,3,0,5,4,5,4,2,2,2,0,3,0.6696562170982361,0.6408509016036987,-9.0,0.373030424118042,-9.0,0.6329957842826843,0.6194810271263123,0.5433918237686157,0.3009139895439148,0.3757062256336212,0.3773682713508606,0.3276129364967346,-9.0,0.31302210688591,0.7602100968360901,0.7718774676322937,-9.0,0.502104640007019,-9.0,0.8784090876579285,0.8667422533035278,0.7988004088401794,0.5277280807495117,0.4800824820995331,0.5738791227340698,0.4894455969333648,-9.0,0.4525686204433441,8.0,0.25828321178754177,8.0,0.24097632368405664,False,9,8.0,low
-55.10593837867849,-6.642637284186007,3,1.0352003854262626,1.092790548368524,0.6588462738025783,0.4255224468866483,0.4600093940741744,0.7465747648296038,-552_-67,3,2,3,0,0,0,3,2,7,7,2,1,2,2,2,0.6249187588691711,0.6221620440483093,-9.0,-9.0,-9.0,0.205690860748291,0.2201606780290603,0.1863183230161667,0.2045976966619491,0.3921428620815277,0.4039993584156036,0.4179586470127105,0.4178313314914703,0.3518535494804382,0.7861140966415405,0.8481252789497375,-9.0,-9.0,-9.0,-0.0458015277981758,0.0599867068231105,0.0441754907369613,0.0717207491397857,0.0709771960973739,0.1111682951450347,0.1228578761219978,0.0331870056688785,0.2062710374593734,2.0,0.7421704845296013,2.0,0.3123678117990494,False,9,2.0,low
-55.09219415483146,-7.374764240743419,3,0.9572490410915914,1.1859360318362888,0.5501335273566723,0.4219183615682668,0.3754296546695361,0.826336772787682,-551_-74,3,3,4,0,1,1,4,2,5,3,1,0,1,0,2,0.6336014270782471,0.6250144243240356,-9.0,0.4900678992271423,0.1753393709659576,0.2785477638244629,0.2960571646690368,0.1854642182588577,0.1921796947717666,0.1521226465702057,-9.0,0.2179019153118133,-9.0,0.4730179905891418,0.727380096912384,0.8376826643943787,-9.0,0.007823129184544,-0.1657968759536743,0.0231645070016384,0.0290139615535736,0.0037523452192544,0.014513274654746,0.0801547840237617,-9.0,0.2607195675373077,-9.0,0.35824716091156,2.0,0.7145767301941912,2.0,0.35589696301354307,False,9,2.0,low
-54.87974259013719,-6.557207500666243,3,1.2892455500582551,0.6536771197789709,0.467591826653391,0.6654122987328831,0.7938530786594518,0.8820864293019526,-549_-66,3,1,2,0,3,0,5,3,5,5,4,3,4,0,1,0.6298862099647522,0.1442187875509262,-9.0,0.4978798627853393,-9.0,0.5514018535614014,0.4900721907615661,0.6058502793312073,0.1261574029922485,0.0857953801751136,0.040878377854824,0.2194473892450332,-9.0,0.3323232233524322,0.475145548582077,0.1358078569173813,-9.0,0.6725192070007324,-9.0,0.8334328532218933,0.7315154671669006,0.8392958641052246,0.4388169944286346,0.4991093575954437,0.1813650280237198,0.5287260413169861,-9.0,0.6575557589530945,8.0,0.1535048301021258,8.0,0.32563117593526847,False,9,8.0,low
-55.09111617649052,-7.4175240482675076,3,0.811792825369652,0.9382617788847704,0.3272943806446719,0.723681616673326,0.5911908478698563,0.917873015628065,-551_-75,3,2,5,0,2,1,4,5,5,4,2,1,1,0,3,0.6574527025222778,0.6083188652992249,-9.0,0.3393258452415466,0.3424657583236694,0.2824767231941223,0.2933780252933502,0.3698630034923553,0.3669222295284271,0.3142638206481933,0.3388429880142212,0.3881931900978088,-9.0,0.559820830821991,0.7374345064163208,0.7294994592666626,-9.0,0.528205156326294,0.5508216619491577,0.5649382472038269,0.5484194755554199,0.6525023579597473,0.5650304555892944,0.5211350917816162,0.5712509155273438,0.6996245384216309,-9.0,0.7662400603294373,2.0,0.13665018677711482,2.0,0.2733305424451828,False,10,2.0,mid
-54.99571509331702,-7.3287704981965,3,1.1821685483688351,0.6077402310712113,0.3815554782294032,0.7528259590808906,0.8209404720421467,0.924287034664602,-550_-74,3,1,3,0,2,2,5,3,5,4,5,1,4,2,2,0.4979463517665863,0.4387096762657165,-9.0,0.1485148519277572,0.2932746708393097,0.4404578506946563,0.4915730357170105,0.4421026408672333,0.3650230467319488,0.4298720955848694,0.5192108154296875,0.6188403367996216,0.6037330627441406,0.6420493721961975,0.7425519824028015,0.6167788505554199,-9.0,0.4849277436733246,0.3980160355567932,0.7643569707870483,0.781879186630249,0.7454981803894043,0.6500857472419739,0.7145828008651733,0.7679758071899414,0.8333662152290344,0.7461640238761902,0.8782830238342285,,-0.026256014000285766,,0.014268761331384827,True,11,,high
-54.88378500891573,-6.570682229928034,3,1.057714781618819,1.001777577567704,0.4770876356902188,0.4892253878635683,0.5388056730908662,0.8786555598274167,-549_-66,3,2,3,0,2,0,5,3,5,3,5,2,3,1,2,0.579977810382843,0.391279399394989,-9.0,0.2203721851110458,-9.0,0.3505535125732422,0.3039820492267608,0.3093023300170898,0.2727272808551788,-0.078947365283966,0.0092341117560863,0.0698122307658195,0.1588623970746994,0.2859030961990356,0.5623744130134583,0.3888888955116272,-9.0,0.3499458432197571,-9.0,0.6683029532432556,0.612343966960907,0.5655196309089661,0.5333966612815857,0.3024544715881347,0.3985698223114013,0.4461438357830047,0.4438081681728363,0.3515453040599823,9.0,0.13732030306543624,2.0,0.2954484220594168,False,10,9.0,mid
-54.999308354453504,-7.338023145622929,3,1.4738834243259218,0.3650373996496978,0.3336374750697152,0.8587236703831861,0.9341104107328077,0.940990631083984,-550_-74,3,1,3,0,2,1,5,4,5,4,4,2,3,2,3,0.6118956208229065,0.5786954164505005,-9.0,0.4049656391143799,0.3719787001609802,0.4129329025745392,0.4649216830730438,0.5681369304656982,0.5270655155181885,0.4951390326023102,0.3676003515720367,0.5425678491592407,0.3934248685836792,0.5465824604034424,0.8371129035949707,0.5230947136878967,-9.0,0.6635110378265381,0.5394162535667419,0.7148736119270325,0.7312373518943787,0.8173957467079163,0.7569339275360107,0.7757787108421326,0.521524965763092,0.7820308208465576,0.5009242296218872,0.8420203924179077,,0.04496981534692979,2.0,0.13208497925238177,True,11,,high
-54.88647995476809,-6.575263637877045,3,1.073414561563314,0.915709705697551,0.49410279820863,0.554581699139464,0.6092279357257825,0.8688191552032231,-549_-66,3,2,2,0,2,0,5,2,5,5,3,3,4,1,1,0.625838041305542,0.6421989798545837,-9.0,0.4357219636440277,-9.0,0.4636614620685577,0.5062422752380371,0.5176470875740051,0.1604734361171722,-0.054912582039833,0.056721057742834,0.0354339554905891,0.2126829326152801,0.1649694442749023,0.675302267074585,0.8469958305358887,-9.0,0.6032751202583313,-9.0,0.7531680464744568,0.7983080148696899,0.7926625609397888,0.405801922082901,0.3790873289108276,0.4010989069938659,0.3123933970928192,0.4886227548122406,0.3609326779842376,8.0,0.3536291420459747,8.0,0.43599026091396814,False,10,8.0,mid
-55.14986599607193,-7.1584499203274365,3,0.8946966204543022,0.8262520911706904,0.2815097917455012,0.7389774668335797,0.6776367131737847,0.9508935331854887,-552_-72,3,4,8,0,2,2,12,9,10,12,8,6,2,0,4,0.3398390710353851,0.6054560542106628,-9.0,0.1663920879364013,0.314531147480011,0.3951766788959503,0.3880634605884552,0.4334579110145569,0.3111654818058014,0.3283631205558777,0.4997642934322357,0.4942461550235748,-9.0,0.331525057554245,0.4301900565624237,0.7205648422241211,-9.0,0.3942497074604034,0.3649472296237945,0.6774106621742249,0.704390823841095,0.6983360052108765,0.5187427401542664,0.6034939289093018,0.7399103045463562,0.7460968494415283,-9.0,0.5143795609474182,,-0.020818331837654136,2.0,0.10637902319431303,True,10,,mid
-55.45619150795669,-6.835775070271707,3,1.3096850022866005,0.3124352353111873,0.2184368262083321,0.9174427024415092,0.9515878572122248,0.9752430869681478,-555_-69,3,0,3,0,0,1,5,6,5,4,3,2,2,1,2,-9.0,0.5764647722244263,-9.0,-9.0,0.3221657276153564,0.3702664673328399,0.4334359765052795,0.4410187602043152,0.4359737932682037,0.4557311236858368,0.5129851698875427,0.5063613057136536,0.251943290233612,0.6091890931129456,-9.0,0.7083669900894165,-9.0,-9.0,0.5723941922187805,0.7006092071533203,0.7185667753219604,0.7444218993186951,0.6340223550796509,0.6649454832077026,0.7212750315666199,0.7263203263282776,0.4365162551403045,0.7747047543525696,,0.08226974639627671,,0.019923041264216124,True,10,,mid
-54.79727724705502,-7.423902086784755,3,0.8862258841723548,1.0460898992925578,0.3008175248575058,0.6001786027052264,0.5009589477681446,0.9421035338935236,-548_-75,3,1,3,0,2,2,4,4,5,3,1,1,2,0,2,0.556919276714325,0.3725212514400482,-9.0,0.31539386510849,0.2228980362415313,0.0965790972113609,0.0090961875393986,0.4534421563148498,0.4175357222557068,0.3857729136943817,0.3721854388713836,0.3863570392131805,-9.0,0.1605166047811508,0.420095145702362,0.4522292912006378,-9.0,0.3020833432674408,0.3050782680511474,-0.0286288298666477,-0.0277829580008983,0.0459268167614936,0.0561151094734668,0.022027913480997,0.2213380485773086,-0.0136307310312986,-9.0,0.1425976455211639,2.0,0.3336497558280826,2.0,0.18274255795404315,False,10,2.0,mid
-55.29287778930376,-6.835775070271707,3,0.914113057789943,1.009145373595281,0.4616171759887399,0.6038508126513907,0.5325842519091452,0.8715991758411908,-553_-69,3,0,2,0,1,1,5,3,5,5,2,1,2,0,1,-9.0,0.1838705837726593,-9.0,0.3737881481647491,0.3341085314750671,0.4612989425659179,0.4653733372688293,0.4672597050666809,0.4482433497905731,0.4458527565002441,0.5548660159111023,0.6364341378211975,-9.0,0.5775938034057617,-9.0,0.5167827010154724,-9.0,0.5954962372779846,0.6786149740219116,0.7694586515426636,0.7666575908660889,0.7511058449745178,0.6103827953338623,0.7324399948120117,0.7503969669342041,0.6507233381271362,-9.0,0.8262642621994019,,-0.03435547153155005,,-0.15164813796679183,True,10,,mid
-55.16944926926574,-7.140483614645047,3,1.0289718768958664,0.67117307359407,0.3550028256875324,0.7708523493684815,0.7830926644751575,0.9325887639406424,-552_-72,3,2,6,0,4,0,8,10,10,10,10,8,4,0,4,0.3063610792160034,0.0771297439932823,-9.0,0.256951093673706,-9.0,0.0195796657353639,-0.0202056001871824,0.0274821277707815,0.0236599389463663,0.0627635195851326,0.2583979368209839,0.2587030827999115,-9.0,0.3949050307273865,0.105700708925724,0.2605790793895721,-9.0,0.2259497344493866,-9.0,0.3236940205097198,0.2897806763648987,0.3352601230144501,0.2866263389587402,0.4050008058547973,0.379045307636261,0.4099399149417877,-9.0,0.4565278589725494,,-0.1306006548305353,4.0,0.08531992618615428,True,9,,low
-54.8827968621032,-6.566999137263144,3,1.1329736189617472,0.8949793307447081,0.4950372510069365,0.5284793599480639,0.6255349425981581,0.8686618702977191,-549_-66,3,1,2,0,2,0,5,3,5,3,5,3,4,1,2,0.6220994591712952,0.4536516964435577,-9.0,0.3176413476467132,-9.0,0.3481359779834747,0.3702422082424164,0.4309173226356506,0.3220055699348449,0.1061481907963752,0.2056921124458313,0.2903390824794769,0.348978042602539,0.3550335466861725,0.7154542803764343,0.6491395831108093,-9.0,0.5492154359817505,-9.0,0.6220316886901855,0.6374045610427856,0.7034041285514832,0.6292482018470764,0.527022123336792,0.5466312766075134,0.6227872371673584,0.5728155374526978,0.5373096466064453,,0.08750994801521306,2.0,0.22836223766207697,True,10,,mid
-55.082043192120906,-7.404408645119362,3,0.960402633857351,0.990883357660922,0.4857159918137401,0.5803426167529984,0.5479511366476769,0.8647998021640452,-551_-75,3,1,4,0,1,1,5,5,5,4,2,3,3,1,4,0.6116504669189453,0.5917030572891235,-9.0,0.2003534287214279,0.2647140920162201,0.237427607178688,0.3151364624500274,0.3352468311786651,0.3516120910644531,-0.0149964289739727,0.003564154729247,0.1059972122311592,0.2872109115123749,0.3186241388320923,0.8138405680656433,0.7958122491836548,-9.0,0.3571428656578064,0.4759114682674408,0.5846994519233704,0.5933859348297119,0.6046912670135498,0.5663430690765381,0.3065993189811706,0.1655824929475784,0.3973568379878998,0.5105543732643127,0.5032952427864075,2.0,0.34432074292139575,2.0,0.383050352927636,False,11,2.0,high
-55.48350029259392,-7.21288782654508,3,1.075802284105995,1.1147503673283474,0.585970019309925,0.3630557580772545,0.4404016178676731,0.8103033353184925,-555_-73,3,0,3,0,0,0,6,2,5,4,2,0,0,0,3,-9.0,0.4980100691318512,-9.0,-9.0,-9.0,0.2940099537372589,0.2083043754100799,0.1941331624984741,0.2009223699569702,0.3193210959434509,-9.0,-9.0,-9.0,0.3357254862785339,-9.0,0.7047101259231567,-9.0,-9.0,-9.0,0.053398460149765,0.1668484210968017,0.197685956954956,0.2011070102453231,0.190773069858551,-9.0,-9.0,-9.0,0.3324384689331054,6.0,0.1612837076187134,6.0,0.14432871341705328,False,6,6.0,low
-55.10737568313308,-6.642277958072361,3,1.116659137822862,0.6825143275049269,0.3367058581629268,0.7233629184410042,0.7759892709765757,0.9415394954266696,-552_-67,3,2,3,0,0,2,4,4,8,8,8,7,4,2,8,0.6325122117996216,0.6209150552749634,-9.0,-9.0,0.3539546728134155,0.3546415269374847,0.3457053303718567,0.3153882920742035,0.2960869669914245,0.2957283556461334,0.3593875765800476,0.3297851085662842,0.3864430487155914,0.437367707490921,0.7841071486473083,0.8347718715667725,-9.0,-9.0,0.5472868084907532,0.5764670968055725,0.6063463687896729,0.5519955158233643,0.4686537683010101,0.5082873106002808,0.5332878828048706,0.5817009210586548,0.422222226858139,0.6879448890686035,2.0,0.2610202312469483,2.0,0.2792647749185562,False,10,2.0,mid
-55.09246364941669,-7.413212134903732,3,0.7780876395952026,0.9482003199961464,0.442683257779567,0.7399616733930003,0.5831460343011242,0.8429264724580985,-551_-75,3,1,4,0,2,1,5,4,5,4,1,1,2,0,2,0.6822074055671692,0.6382189393043518,-9.0,0.3657612204551697,0.4894227385520935,0.4145263731479645,0.511182963848114,0.4577215313911438,0.4391119182109833,0.0305393114686012,0.1650893837213516,0.1023727282881736,-9.0,0.2546545565128326,0.8576306700706482,0.7901672720909119,-9.0,0.5737943649291992,0.7564482092857361,0.6559973955154419,0.7696434259414673,0.6816588640213013,0.6715290546417236,0.3532423079013824,0.3127962052822113,0.3930180072784424,-9.0,0.5379102230072021,9.0,0.3203669711947441,9.0,0.361605141311884,False,10,9.0,mid
-55.25056713942173,-7.456151605484647,3,1.0373597687557592,0.851994803696341,0.3474682057657125,0.6341983117426963,0.6584831768339183,0.9374221576565132,-553_-75,3,1,4,0,1,1,6,3,5,5,4,1,3,0,3,0.5826893448829651,0.5601641535758972,-9.0,0.4097042679786682,0.2179757952690124,0.2967413365840912,0.2433790862560272,0.2170940190553665,0.2443962395191192,0.2495196312665939,0.5034120678901672,0.5352404713630676,-9.0,0.528863251209259,0.5753846168518066,0.7565365433692932,-9.0,0.349642664194107,0.2937576472759247,0.4439278841018677,0.4473447203636169,0.4061882793903351,0.3759744167327881,0.4084158539772033,0.6491363048553467,0.6605381369590759,-9.0,0.7108074426651001,2.0,0.1913872450590134,2.0,0.2267941325902939,False,10,2.0,mid
-55.28075053296814,-7.490018091695953,3,1.1173387925786913,0.6820478216276918,0.263861002178217,0.7234025300948193,0.7762834332934084,0.9637613569796376,-553_-75,3,1,2,0,0,1,4,4,5,5,3,1,2,0,1,0.1024250164628028,0.2236892729997635,-9.0,-9.0,0.1687700599431991,0.1632830053567886,0.179362878203392,0.0892531871795654,0.0731194093823432,0.1229146718978881,0.2011907696723938,0.1988493353128433,-9.0,0.3095281422138214,0.298872172832489,0.2214971184730529,-9.0,-9.0,0.2064473330974578,0.1446132808923721,0.2269452512264251,0.2660550475120544,0.2222888022661209,0.1912123709917068,0.1867647022008896,0.2368762791156768,-9.0,0.3412950038909912,,0.035462637742360414,,0.0016967939833799905,True,9,,low
-55.4826019773098,-7.211720016675725,3,0.8517977367035866,1.130068053824748,0.4660720775875149,0.5713968423998046,0.4265982582335691,0.854695038802247,-555_-73,3,0,4,0,0,1,6,4,5,5,3,0,1,0,2,-9.0,0.4599013924598694,-9.0,-9.0,0.341694712638855,0.2575289607048034,0.2623412013053894,0.2468854188919067,0.2850224077701568,0.1363018304109573,-9.0,0.1643554121255874,-9.0,0.0940888971090316,-9.0,0.5251852869987488,-9.0,-9.0,0.275741696357727,0.2968345582485199,0.3151536583900451,0.3517215251922607,0.3671755790710449,0.0937346667051315,-9.0,0.1159241944551467,-9.0,0.1421509981155395,9.0,0.2380320976177852,5.0,0.19415174850395747,False,8,9.0,low
-55.3728278495904,-7.418871521193688,3,0.9103018993043523,0.4403844436110578,0.1906301834670169,0.9207168584052416,0.9045878466582148,0.9780203111777466,-554_-75,3,1,3,0,1,1,5,5,5,4,2,1,3,0,1,0.4086102843284607,0.5080073475837708,-9.0,0.4128440320491791,0.4399172663688659,0.4358239471912384,0.421765923500061,0.2943013310432434,0.231449082493782,0.1451922208070755,0.3028788268566131,0.4495645761489868,-9.0,0.4085429012775421,0.4274779856204986,0.6044692993164062,-9.0,0.6281094551086426,0.7139340043067932,0.6946122050285339,0.5837145447731018,0.4630487561225891,0.3926080167293548,0.33165243268013,0.4520653188228607,0.5526622533798218,-9.0,0.4724522829055786,7.0,0.1646380722522735,7.0,0.13250664373238885,False,10,7.0,mid
-54.883874840444136,-6.571041556041683,3,1.0492070158792657,0.8966850795874692,0.4567726878215239,0.5891351021795213,0.624203214538637,0.8884841541293451,-549_-66,3,2,3,0,2,0,5,3,5,3,5,2,3,1,2,0.2603931725025177,0.3306887745857239,-9.0,0.2227778285741806,-9.0,0.3135760724544525,0.4117315411567688,0.4246575236320495,0.3943444788455963,0.212815836071968,0.2451845407485962,0.2995545566082001,0.3650707304477691,0.2759219408035278,0.4273722767829895,0.4499017596244812,-9.0,0.3723513782024383,-9.0,0.5943816304206848,0.6620185971260071,0.6741130352020264,0.6239520907402039,0.5102173089981079,0.5707791447639465,0.6293193697929382,0.6067883372306824,0.3319825232028961,,0.08205522894859318,9.0,0.05717182074274341,True,10,,mid
-55.48350029259392,-7.213157321130316,3,1.0380916005941436,1.154224912963697,0.5981183915860067,0.3640430448703593,0.4046274584302817,0.8001975275531354,-555_-73,3,0,3,0,0,0,4,2,4,3,2,0,0,0,2,-9.0,0.516495406627655,-9.0,-9.0,-9.0,0.5102868676185608,0.3864549398422241,0.3619234561920166,0.2790194749832153,0.4268724918365478,-9.0,-9.0,-9.0,0.2861241400241852,-9.0,0.7107992768287659,-9.0,-9.0,-9.0,-0.0885456129908561,-0.1084455922245979,-0.0878738090395927,-0.0631106421351432,-0.0585483610630035,-9.0,-9.0,-9.0,0.1318719089031219,6.0,0.348348131030798,6.0,0.16531223654747007,False,6,6.0,low
-55.09237381788828,-7.415727417699268,3,0.8904821455771371,1.079672853067721,0.5169311684321831,0.5723484491887234,0.4716168687375291,0.8312436796482472,-551_-75,3,1,4,0,2,1,5,4,5,4,2,1,1,0,1,0.6824828386306763,0.6280547976493835,-9.0,0.2974064648151397,0.1658031046390533,0.1722118705511093,0.2064173817634582,0.207741305232048,0.2391327172517776,-0.1921314448118209,-0.0699658691883087,-0.1134751737117767,-9.0,0.3557301461696625,0.8454991579055786,0.7551984786987305,-9.0,0.5423300266265869,0.4861294627189636,0.5328924655914307,0.5428109765052795,0.5517784357070923,0.4997464418411255,0.2387317866086959,0.2192393690347671,0.2765121757984161,-9.0,0.6569536328315735,2.0,0.3456363409757614,2.0,0.5283817678689957,False,10,2.0,mid
-54.87731713887007,-6.549571820751227,4,1.1571489888774538,0.5888475152370785,0.4535251319558011,0.7767015314992121,0.8315813247233896,0.8886528707129325,-549_-66,4,1,2,0,3,0,5,2,5,5,5,2,3,0,1,0.4542713463306427,0.4960795640945434,-9.0,0.4995274245738983,-9.0,0.5280128121376038,0.5589373707771301,0.5887336730957031,0.3991416394710541,0.3826600015163421,0.2623712420463562,0.3460876941680908,-9.0,0.4256541132926941,0.3748218417167663,0.6881024837493896,-9.0,0.6508845090866089,-9.0,0.8015637397766113,0.8286877274513245,0.842762291431427,0.6993918418884277,0.6773127913475037,0.469896525144577,0.6685318350791931,-9.0,0.7083864212036133,,0.07983597616354621,8.0,0.15774409373601284,True,9,,low
-55.00442875157298,-7.364972604146514,4,1.1281702016928652,0.5631371098257215,0.4455602434916144,0.8048850983141521,0.8455845551965123,0.8898452465787787,-551_-74,4,1,2,0,2,1,6,2,5,3,4,2,3,2,2,0.454216867685318,0.378836452960968,-9.0,0.4602114558219909,0.3778319060802459,0.2577477395534515,0.3434423506259918,0.3741496503353119,0.3403004705905914,0.3046953082084656,0.3064693510532379,0.3442012071609497,0.410869300365448,0.4692564010620117,0.7454808354377747,0.5571650266647339,-9.0,0.7426531910896301,0.619702160358429,0.6106483936309814,0.6681185960769653,0.6847372651100159,0.6615384817123413,0.5830302834510803,0.5674183964729309,0.5310344696044922,0.5755643844604492,0.7550796270370483,,0.058830061554908775,4.0,0.07819189031918844,True,11,,high
-55.09381112234287,-7.427315684864409,4,1.0089283381395684,1.0380017142902904,0.5949570245504306,0.499937823813365,0.5079425754238491,0.7960608039879377,-551_-75,4,1,3,0,2,1,5,4,5,5,2,0,1,0,2,0.682155191898346,0.6195999979972839,-9.0,0.5898045301437378,0.641497015953064,0.100883312523365,0.1792419850826263,0.2539576292037964,0.3105717897415161,-0.2327742278575897,-9.0,-0.1961317658424377,-9.0,0.1386537700891494,0.8310465216636658,0.7809544801712036,-9.0,0.8224588632583618,0.8768768906593323,0.4095238149166107,0.4501649141311645,0.5361922979354858,0.523672878742218,0.2057652175426483,-9.0,0.2727272808551788,-9.0,0.3183992505073547,5.0,0.4397705239909036,5.0,0.5540638278637614,False,9,5.0,low
-55.26583849925176,-7.377818512709426,4,1.0048641623088022,0.9044731162658304,0.4409375519668175,0.6146354297529372,0.6180998487997622,0.8940640996180304,-553_-74,4,1,2,0,0,1,4,3,5,4,4,1,3,1,1,0.4219484627246856,0.4329330027103424,-9.0,-9.0,0.651760995388031,-0.0413680113852024,-0.0817086547613143,-0.097731240093708,-0.0579536370933055,-0.0990196093916893,0.0075599164701998,0.1233464404940605,0.2102230042219162,0.0587772764265537,0.6417742967605591,0.5147128701210022,-9.0,-9.0,0.8806037306785583,0.2350923418998718,0.2380389869213104,0.1998839527368545,0.2017845809459686,0.2024074345827102,0.1523178815841674,0.2674465477466583,0.1524695754051208,0.1174273863434791,5.0,0.48271155605713534,5.0,0.499755766397963,False,10,5.0,mid
-54.87408320384724,-6.539959847211149,4,1.142012476211232,0.8346634951728762,0.5698262692600489,0.5790803453142043,0.6714270945090914,0.8209020523706538,-549_-66,4,1,2,0,2,0,5,3,5,5,5,2,2,0,2,0.6186463236808777,0.4450893998146057,-9.0,0.6016552448272705,-9.0,0.364323079586029,0.480434238910675,0.5234899520874023,0.0167169086635112,-0.1713569313287735,0.0178963895887136,-0.0462427735328674,-9.0,0.1208431795239448,0.7732256054878235,0.5528942346572876,-9.0,0.8465787768363953,-9.0,0.6699857711791992,0.756214439868927,0.8054450750350952,0.244548812508583,0.2178542166948318,0.2585403621196747,0.3257271349430084,-9.0,0.3593388497829437,8.0,0.45285544196764627,8.0,0.5180350185682376,False,9,8.0,low
-55.09875185640553,-7.43189709281342,4,0.738990576780005,0.9559884423441976,0.2656326121824142,0.7606604237183787,0.5768015967596528,0.9226015603084076,-551_-75,4,1,4,0,2,1,5,4,5,5,1,1,1,0,2,0.5875527262687683,0.5705945491790771,-9.0,0.3697553277015686,0.4994096755981445,0.5224171280860901,0.6365430951118469,0.5787897109985352,0.5592121481895447,0.4083843529224396,0.3391828835010528,0.3977340459823608,-9.0,0.365263283252716,0.7393816709518433,0.7059661149978638,-9.0,0.5293472409248352,0.7054610848426819,0.8297539949417114,0.8525375127792358,0.8426573276519775,0.7621865272521973,0.7139581441879272,0.3634840846061706,0.7076250314712524,-9.0,0.561018705368042,10.0,0.19831846157709754,9.0,0.1628931537270546,False,10,10.0,mid
-55.02095775280078,-7.373686262402474,4,0.9751545203814982,1.0914505412348938,0.3698030232940656,0.4850876501673786,0.4611987918762502,0.9268370897479618,-551_-74,4,1,4,0,1,0,4,3,5,3,3,0,3,0,2,0.635174036026001,0.5810337066650391,-9.0,0.5909490585327148,-9.0,0.4275233745574951,0.3408038914203644,0.2391944974660873,0.2417084276676178,0.2213172018527984,-9.0,0.4932402968406677,-9.0,0.4207083284854889,0.8645180463790894,0.688100278377533,-9.0,0.785062849521637,-9.0,-0.005277045071125,0.0451955944299697,0.0643324181437492,0.0871109217405319,0.1144616678357124,-9.0,0.3918699324131012,-9.0,0.3438600301742553,4.0,0.6304336981404395,4.0,0.26174331208070123,False,8,4.0,low
-55.0556327227678,-7.08856099122294,4,1.2869149895227454,0.2119519008959634,0.2396153588893784,0.9630299490584242,0.9776221588094722,0.9673793601106606,-551_-71,4,2,3,0,2,1,4,3,5,5,3,1,3,0,2,0.6513828635215759,0.6564286947250366,-9.0,0.5551115870475769,0.5382286310195923,0.4070532023906708,0.3429728150367737,0.409090906381607,0.4409237504005432,0.4402358829975128,0.5612780451774597,0.4161490797996521,-9.0,0.5159562826156616,0.7767671942710876,0.8735026121139526,-9.0,0.7347156405448914,0.7389816045761108,0.5948509573936462,0.5402985215187073,0.6154353618621826,0.5379765033721924,0.619071900844574,0.3357813060283661,0.4559968113899231,-9.0,0.6799802184104919,2.0,0.23982602059841152,2.0,0.19120576083660124,False,10,2.0,mid
-55.34444108661222,-7.158000762685377,4,0.9644403393743002,1.2455849494730915,0.4283754419640536,0.3611529115542911,0.3195090905946476,0.9002646100241514,-554_-72,4,1,2,0,1,0,4,5,5,4,3,2,2,0,2,0.6599864959716797,0.3926119208335876,-9.0,0.6350752711296082,-9.0,0.3511182963848114,0.4165611565113067,0.4093582332134247,-0.16336190700531,-0.2926406860351562,-0.004291845485568,-0.1553888022899627,-9.0,0.4928951263427734,0.8384039998054504,0.4394034743309021,-9.0,0.8423153758049011,-9.0,0.71712327003479,0.7039293050765991,0.7295262217521667,0.2000000029802322,0.1870686560869217,0.0827322900295257,0.2670807540416717,-9.0,0.678878128528595,8.0,0.42863164146741234,8.0,0.5020095185687145,False,9,8.0,low
-55.09165516566098,-7.425519054296172,4,0.9076450572582924,1.1436227317080332,0.5890080901605842,0.5079410201707238,0.4143000354904459,0.7825016758556029,-551_-75,4,1,3,0,2,1,5,5,5,5,2,0,1,0,3,0.6541240811347961,0.6355352997779846,-9.0,0.6202531456947327,0.6192353367805481,0.0737991258502006,0.1277387291193008,0.1677796393632888,0.211082324385643,-0.2313142865896225,-9.0,-0.1304585188627243,-9.0,0.0250757783651351,0.8101990818977356,0.7978602051734924,-9.0,0.8540488481521606,0.8168951869010925,0.3748951554298401,0.369134247303009,0.429009199142456,0.4074588716030121,0.2193618565797805,-9.0,0.2877930402755737,-9.0,0.2894280850887298,5.0,0.4801679083279201,5.0,0.5974722813282695,False,9,5.0,low
-54.87498151913135,-6.541846309307799,4,1.1048393535914127,0.8481410108964095,0.6221663895464075,0.5921600430201557,0.6613786267695522,0.7757503636625135,-549_-66,4,0,2,0,3,0,5,3,5,5,5,2,3,0,1,-9.0,0.6068042516708374,-9.0,0.5336887836456299,-9.0,0.4202100932598114,0.4912400543689728,0.503039538860321,0.0494880564510822,-0.1735817044973373,-0.0240478664636611,-0.0288273151963949,-9.0,0.2881555557250976,-9.0,0.7745611071586609,-9.0,0.7641482949256897,-9.0,0.7906023263931274,0.8080000281333923,0.812461793422699,0.3061946928501129,0.2349219769239425,0.3085467517375946,0.4054273068904876,-9.0,0.4989714324474334,8.0,0.43914227783679965,8.0,0.4887591991573572,False,9,8.0,low
-55.09111617649052,-7.425159728182523,4,0.848018040226477,1.1594035739524855,0.6330627868212917,0.5543661471107805,0.399886263601037,0.7168911317786419,-551_-75,4,1,3,0,2,1,5,5,5,5,2,0,1,0,3,0.6378109455108643,0.6330715417861938,-9.0,0.6263844966888428,0.5910245776176453,0.1674020290374755,0.1835724860429763,0.1879844963550567,0.2114743143320083,-0.2054352164268493,-9.0,-0.1636589914560318,-9.0,0.0492390319705009,0.7917271256446838,0.7926245331764221,-9.0,0.8276054263114929,0.795508861541748,0.4575502276420593,0.4656862616539001,0.4322429895401001,0.3969230651855469,0.2217625081539154,-9.0,0.2537313401699066,-9.0,0.2804078757762909,5.0,0.4435373055083411,5.0,0.5605617261358671,False,9,5.0,low
-55.02679680214756,-7.497204613968909,4,0.8540181436547775,1.1210839245166613,0.262639786747759,0.5756266730286358,0.4347065495910617,0.9476195058801654,-551_-75,4,1,5,0,0,0,3,2,5,5,3,1,1,0,3,0.6370013356208801,0.4380680322647095,-9.0,-9.0,-9.0,0.2091275155544281,0.2532021701335907,0.1505503207445144,0.0906298011541366,0.1342620700597763,0.292661964893341,0.219812586903572,-9.0,0.2091554850339889,0.7908872961997986,0.4455755650997162,-9.0,-9.0,-9.0,0.053320862352848,0.0897264555096626,0.0929798334836959,0.0889570564031601,0.1383991837501526,0.3263974487781524,0.0558516792953014,-9.0,0.0475213676691055,2.0,0.5065871947444975,2.0,0.3426094446331263,False,8,2.0,low
-55.24948916108079,-7.456870257711943,4,0.9367420937605704,0.6718245630754568,0.3165570150474137,0.8084242035676396,0.7826873337244523,0.9416030110561384,-553_-75,4,2,3,0,0,0,6,3,5,4,4,2,2,0,3,0.2825797796249389,0.6332849264144897,-9.0,-9.0,-9.0,0.2399646341800689,0.2133249938488006,0.1314890682697296,0.1488145291805267,0.1337099820375442,0.2585899233818054,0.3678547441959381,-9.0,0.1983542591333389,0.4495585262775421,0.8255227208137512,-9.0,-9.0,-9.0,0.2073002755641937,0.220003142952919,0.2075815498828888,0.203664556145668,0.1928665786981582,0.2873117327690124,0.2679217159748077,-9.0,0.3302884697914123,2.0,0.3979233708232641,2.0,0.2464195862412453,False,8,2.0,low
-54.8986072111037,-6.574814480234986,4,1.072066754568079,0.9050616318667168,0.553916600954281,0.5650631894602984,0.6176371099099642,0.8298926490432433,-549_-66,4,1,3,0,2,0,4,3,5,4,3,2,3,0,0,0.6309662461280823,0.6176470518112183,-9.0,0.609947919845581,-9.0,0.3292369544506073,0.3919597864151001,0.4352231025695801,0.2950342893600464,0.1817192584276199,0.1998195797204971,0.2777501344680786,-9.0,-9.0,0.6121979355812073,0.6854201555252075,-9.0,0.7984235882759094,-9.0,0.670129120349884,0.6954858303070068,0.7248704433441162,0.6435069441795349,0.5826289653778076,0.4607358574867248,0.5724349021911621,-9.0,-9.0,10.0,0.15999749302864075,4.0,0.3179856765837896,False,9,10.0,low
-54.87390354079041,-6.539780184154322,4,1.1231807973636734,0.8331570911703965,0.6140575371674768,0.5931857911095325,0.6725426840089452,0.7842452773243549,-549_-66,4,1,2,0,2,0,5,3,5,5,5,2,2,0,2,0.6401207447052002,0.4063916802406311,-9.0,0.5922077894210815,-9.0,0.3913043439388275,0.4350666403770447,0.5151679515838623,0.0060096154920756,-0.1599045395851135,0.0542973279953002,-0.0095571093261241,-9.0,0.1309653967618942,0.7924384474754333,0.5297089219093323,-9.0,0.8438223004341125,-9.0,0.7066666483879089,0.7462639212608337,0.8033526539802551,0.2956656217575073,0.246569275856018,0.2747059762477875,0.3359534740447998,-9.0,0.3805447518825531,8.0,0.4303543289502462,8.0,0.49234772011016803,False,9,8.0,low
-54.882886693631605,-6.554961712455944,4,1.079844977858569,0.996277458639048,0.6484183132868382,0.4750062345228177,0.5434309656135865,0.7575360223591285,-549_-66,4,1,3,0,3,0,5,1,5,5,4,2,4,0,2,0.5869776606559753,0.3974208533763885,-9.0,0.511269748210907,-9.0,0.2668416500091553,0.3938271701335907,0.4151451587677002,-0.0330470986664295,-0.0889588072896003,-0.1155378520488739,-0.0538569800555706,-9.0,0.3553671538829803,0.6595528721809387,0.4128802716732025,-9.0,0.6921135783195496,-9.0,0.6257485151290894,0.7342550158500671,0.7465829253196716,0.2813793122768402,0.2957689166069031,0.3276023268699646,0.3783078789710998,-9.0,0.4971428513526916,8.0,0.28914860586325325,8.0,0.4157870903611183,False,9,8.0,low
-55.07836009945602,-7.30029390368991,4,0.7249456912422864,0.931829762681723,0.4274447017493086,0.7803781650242178,0.5963662080697972,0.8317491369140396,-551_-74,4,4,8,0,4,0,9,8,10,10,6,4,6,0,4,0.3176034688949585,0.5490676164627075,-9.0,0.6157480478286743,-9.0,0.2990460395812988,0.4331614375114441,0.4687629342079162,0.435506522655487,0.501350462436676,0.6260433793067932,0.6533355712890625,-9.0,0.669401228427887,0.4754461050033569,0.6916589736938477,-9.0,0.7693468332290649,-9.0,0.6312500238418579,0.7206810116767883,0.7442574501037598,0.6634123921394348,0.7222222089767456,0.7024664878845215,0.875143826007843,-9.0,0.8554708957672119,,-0.09163642923037207,,-0.016686235864957155,True,9,,low
-55.34641738023728,-7.158090594213791,4,0.9061108169353254,1.1830153035446722,0.34779381920038,0.4784189555934847,0.3781351291114631,0.9273597039910566,-554_-72,4,1,2,0,1,0,4,5,5,4,3,2,1,0,3,0.6083294153213501,0.4887336790561676,-9.0,0.5942213535308838,-9.0,0.2665305137634277,0.3225885331630707,0.331845223903656,-0.2033337354660034,-0.3233276009559631,-0.1363149434328079,-0.2769926488399505,-9.0,0.4522066116333008,0.8075203895568848,0.6279538869857788,-9.0,0.7969348430633545,-9.0,0.6300312280654907,0.6452004909515381,0.6477447152137756,0.191567376255989,0.1749813854694366,0.2029093652963638,0.2411450743675232,-9.0,0.4975510239601135,8.0,0.43093341390291845,8.0,0.5329272498687108,False,9,8.0,low
-55.09030769273481,-6.988847994685672,4,0.8039257860039739,0.6410752153565398,0.27076551799404,0.870107025881419,0.8014531806519867,0.9436450584099424,-551_-70,4,1,3,0,2,0,5,4,6,6,4,3,2,0,1,0.5948305726051331,0.4255765080451965,-9.0,0.4072939157485962,-9.0,0.3748006522655487,0.4131303131580353,0.4599712491035461,0.4557483792304992,0.2107881009578704,0.3080492317676544,0.4262346029281616,-9.0,0.4501574039459228,0.526579737663269,0.7122302055358887,-9.0,0.4947916567325592,-9.0,0.6911435127258301,0.7138964533805847,0.747776210308075,0.6883018612861633,0.5454288721084595,0.5601540207862854,0.7051615118980408,-9.0,0.6850233674049377,,0.029589433755193406,2.0,0.12062866820229423,True,9,,low
-55.0210475843292,-7.373237104760415,4,1.0151855338859723,0.5194037015335492,0.2273669177198315,0.8641733303119893,0.8681153142382615,0.9730178943685488,-551_-74,4,1,4,0,1,0,5,4,5,4,4,0,4,2,1,0.6574328541755676,0.5652965903282166,-9.0,0.6147659420967102,-9.0,0.5726969838142395,0.5792481303215027,0.514447033405304,0.5064288973808289,0.38028484582901,-9.0,0.5494828820228577,0.5663642287254333,0.5230638980865479,0.8886746764183044,0.7315108180046082,-9.0,0.8171269297599792,-9.0,0.7397176027297974,0.7570687532424927,0.7188088893890381,0.6703970432281494,0.4548463225364685,-9.0,0.7245749235153198,0.7051216959953308,0.7129938006401062,4.0,0.12699634581804276,7.0,0.09120946923891704,False,9,4.0,low
-54.894654623853576,-6.577689089144167,4,0.8822326122247004,1.026927535153869,0.4868107625353283,0.6169075334790496,0.5174504318792598,0.8484071958246325,-549_-66,4,2,2,0,2,0,5,2,5,4,3,2,3,0,0,0.4628533720970154,0.658703088760376,-9.0,0.3528697490692138,-9.0,0.476931482553482,0.5132972002029419,0.5274102091789246,0.2962765991687774,-0.1519299149513244,-0.0273684207350015,-0.1226944699883461,-9.0,-9.0,0.4725347459316253,0.848578155040741,-9.0,0.3807005882263183,-9.0,0.790797770023346,0.7975770831108093,0.8024219274520874,0.6168518662452698,0.2681129872798919,0.2552642226219177,0.2956967949867248,-9.0,-9.0,9.0,0.39975563685099286,9.0,0.5704273687054713,False,9,9.0,low
-55.19612923320409,-6.807028981179881,4,0.9920577562497936,0.9639115448522824,0.3721793291447048,0.5765830742353406,0.5703113022066898,0.9262959827505494,-552_-69,4,1,4,0,2,1,4,4,6,4,2,3,2,0,1,0.415609747171402,0.3795364499092102,-9.0,0.4781923294067383,0.4594816863536834,0.2440623641014099,0.2704572379589081,0.2953900098800659,0.2245584577322006,-0.1370402872562408,-0.0122191561385989,0.0522431544959545,-9.0,0.1438611000776291,0.6985660195350647,0.5267767906188965,-9.0,0.6323806643486023,0.5903182625770569,0.6524094939231873,0.5723533034324646,0.6401917338371277,0.509925901889801,0.2451042383909225,0.311355322599411,0.2837341427803039,-9.0,0.5514438152313232,9.0,0.2549558915197849,9.0,0.33419983251951635,False,10,9.0,mid
-54.87731713887007,-6.550020978393286,4,1.0638941382965128,0.5702235646941869,0.4028023426613333,0.8215582405312125,0.8417803114497262,0.9093756990812248,-549_-66,4,0,3,0,3,0,5,2,5,5,5,2,3,0,1,-9.0,0.414582222700119,-9.0,0.4790908992290497,-9.0,0.491265207529068,0.5813701748847961,0.5967957377433777,0.580910861492157,0.5093770027160645,0.3523828089237213,0.4901882112026214,-9.0,0.5004408955574036,-9.0,0.6177723407745361,-9.0,0.6903896331787109,-9.0,0.800000011920929,0.8341708779335022,0.8571428656578064,0.8497732281684875,0.7659521102905273,0.5439615845680237,0.6859990954399109,-9.0,0.6896722912788391,10.0,0.13372249546505155,10.0,0.07424251948084148,False,9,10.0,low
-55.09210432330305,-7.419590173420984,4,0.9033648664804838,1.1761794339988287,0.4564175968879991,0.4866729147589259,0.3844545539445169,0.8747265325597864,-551_-75,4,2,3,0,2,1,4,5,5,4,2,2,1,0,2,0.1332858204841613,0.5304822325706482,-9.0,0.2222064435482025,0.1745697259902954,0.1342503428459167,0.1751963198184967,0.1562675684690475,0.1875,-0.0688985958695411,0.0059993686154484,-0.0395215824246406,-9.0,0.1354685127735138,0.1227227821946144,0.652259349822998,-9.0,0.4409106075763702,0.4763796925544739,0.4520162045955658,0.4607876241207123,0.4379587471485138,0.4137413799762726,0.29727903008461,0.2268001586198806,0.3007042109966278,-9.0,0.3780696094036102,9.0,0.131383796222508,2.0,0.2235802161507308,False,10,9.0,mid
-55.19217664595397,-6.806579823537822,4,0.8778314670122013,0.929529622079536,0.3635234531460508,0.6851619208357594,0.5982109804571955,0.9156702436483408,-552_-69,4,1,3,0,2,1,5,2,6,4,2,1,3,0,2,0.3057442903518677,0.2994652390480041,-9.0,0.4027010500431061,0.4196321964263916,0.3051856160163879,0.2939234673976898,0.2806242704391479,0.1033608093857765,0.0796946585178375,0.0778181850910186,0.1012433394789695,-9.0,0.1756591349840164,0.596676766872406,0.5682477951049805,-9.0,0.605480432510376,0.6289394497871399,0.6736918687820435,0.6345716714859009,0.5811670422554016,0.3877811431884765,0.2367960810661316,0.2580645084381103,0.2854180932044983,-9.0,0.3462420403957367,8.0,0.30982177342687334,8.0,0.22205565018313278,False,10,8.0,mid
-54.8767781496996,-6.547505695597751,4,1.611761638504757,0.4612988432177568,0.5419615832168149,0.7361014745903334,0.8954751228825277,0.8396544015174124,-549_-66,4,2,2,0,3,0,5,2,5,5,5,2,1,0,2,0.6222136616706848,0.6144437789916992,-9.0,0.4479927122592926,-9.0,0.4291084706783294,0.5621464252471924,0.5406844019889832,0.0690476223826408,-0.0595595613121986,0.1197759136557579,0.1020188406109809,-9.0,0.2750748991966247,0.671352207660675,0.8224852085113525,-9.0,0.6509752869606018,-9.0,0.7628353834152222,0.8129725456237793,0.8219424486160278,0.3746651411056518,0.3715328574180603,0.4536727368831634,0.4892688393592834,-9.0,0.5123744010925293,8.0,0.31679105162620547,8.0,0.4348266988992691,False,9,8.0,low
-55.03856473236952,-7.398030606602115,4,0.9249882134738702,0.9430530064198602,0.347195772931936,0.6430569957049317,0.5873198001360197,0.930139894912213,-551_-74,4,1,2,0,1,1,5,5,5,4,3,2,3,0,2,0.2123802155256271,0.4461036026477813,-9.0,0.2000925242900848,0.3210679888725281,0.2832254767417907,0.3670288026332855,0.3139002621173858,0.2772116661071777,0.1993090063333511,0.3572477400302887,0.3507201373577118,-9.0,0.4961869716644287,0.2939875721931457,0.6065318584442139,-9.0,0.4467373192310333,0.4974567592144012,0.6589446663856506,0.6401246786117554,0.6432660222053528,0.5285476446151733,0.5376522541046143,0.4702874720096588,0.5262810587882996,-9.0,0.7482035160064697,,-0.021187406778335527,,0.012642851471900862,True,10,,mid
-55.35378356556706,-6.842063277260541,4,1.3747738517923014,0.6675779821795378,0.3727995548382795,0.6075938301315806,0.7853234045226445,0.9113350796229114,-554_-69,4,1,2,0,1,1,4,4,5,5,1,1,3,0,2,0.3316872417926788,0.2544007301330566,-9.0,0.4846273958683014,0.4702154695987701,0.4634404182434082,0.4560339152812958,0.3459613919258117,0.3148811459541321,0.4577581584453583,0.4701216220855713,0.5432682633399963,-9.0,0.4025363028049469,0.1208867356181144,0.4647813439369201,-9.0,0.5589603185653687,0.7228941321372986,0.7338507771492004,0.6542291045188904,0.6183927655220032,0.5301250219345093,0.7128027677536011,0.6567342281341553,0.6296939253807068,-9.0,0.541765034198761,,-0.008363760262727782,,-0.012353618939717592,True,10,,mid
-55.091744997189394,-7.425968211938231,4,0.9768347808775164,1.000997642451595,0.5116689395302468,0.558840568728113,0.5394625499523222,0.850972474225082,-551_-75,4,1,4,0,2,1,5,5,5,5,2,0,1,0,2,0.6529569029808044,0.5488854050636292,-9.0,0.6305906176567078,0.6541945934295654,0.1346858888864517,0.1434454321861267,0.2064935117959976,0.2590424418449402,-0.0830512270331382,-9.0,-0.0365923382341861,-9.0,0.1762071400880813,0.8184738755226135,0.6500364542007446,-9.0,0.8598130941390991,0.8412976861000061,0.4402730464935303,0.3902642428874969,0.4183205962181091,0.4403252899646759,0.2716744840145111,-9.0,0.3399602472782135,-9.0,0.4395340979099273,5.0,0.40092641966683523,5.0,0.5073381869920662,False,9,5.0,low
-54.99814054458415,-7.331465444048858,4,1.026838088823755,0.6189833751031277,0.2414378628375675,0.8047181943005094,0.8144687307886342,0.9700895003119642,-550_-74,4,1,2,0,2,1,5,4,5,4,5,1,4,2,2,0.5494679808616638,0.5584070682525635,-9.0,0.3158649802207947,0.4749737381935119,0.5574750900268555,0.5338115692138672,0.48956498503685,0.3864687383174896,0.4546652138233185,0.4547983407974243,0.5741220712661743,0.6125369668006897,0.5701546669006348,0.763463020324707,0.750787079334259,-9.0,0.5221238732337952,0.6289138197898865,0.8418020009994507,0.8164345622062683,0.8006079196929932,0.6870002746582031,0.7436842322349548,0.5362988114356995,0.8045482635498047,0.7809961438179016,0.7762223482131958,,0.03543120893565088,2.0,0.060806946320967226,True,11,,high
-55.09956034016123,-7.429920799188357,4,0.7648223420938343,0.7698865685375311,0.3431110413338694,0.8315930250705039,0.7179896286303983,0.9010585686367636,-551_-75,4,2,6,0,2,2,10,8,10,10,3,4,2,0,4,0.5243098139762878,0.4543182849884033,-9.0,0.6399596929550171,0.4953981637954712,0.3417100012302398,0.3388499319553375,0.3055743873119354,0.3825008273124695,-0.1167420819401741,0.1451247185468673,-0.064393937587738,-9.0,0.1005053371191024,0.7156875133514404,0.6501860618591309,-9.0,0.8589175939559937,0.7280924916267395,0.6912434101104736,0.6682978272438049,0.5889732837677002,0.6270384192466736,0.3236889839172363,0.158921405673027,0.2961019575595855,-9.0,0.4242115914821625,9.0,0.3903235904872418,9.0,0.41920412890613085,False,10,9.0,mid
-55.480625683684735,-7.271996972240144,4,1.021551574666454,1.0449202057155886,0.5403049805870727,0.4823683903552904,0.5019709407599271,0.8384608601577397,-555_-73,4,0,4,0,2,0,8,10,10,8,6,6,4,0,8,-9.0,0.6032546162605286,-9.0,0.2791016101837158,-9.0,0.3540173172950744,0.3537530303001404,0.3989573121070862,-0.0826457440853118,-0.2117828726768493,-0.1796202361583709,0.0577634461224079,-9.0,0.2128056287765503,-9.0,0.8060934543609619,-9.0,0.4355978965759277,-9.0,0.7147777080535889,0.6968133449554443,0.7216621041297913,0.2932875752449035,0.2966002225875854,0.2658780813217163,0.3608297705650329,-9.0,0.4652647376060486,8.0,0.3386168241500855,8.0,0.43851273283362385,False,9,8.0,low
-55.07728212111508,-6.860568572113403,4,0.8478557620714839,0.6454737708441202,0.2845021672578688,0.8539489789586443,0.7988148469794173,0.9442508692350756,-551_-69,4,1,3,0,2,0,5,4,5,4,3,2,2,0,2,0.6320395469665527,0.5711052417755127,-9.0,0.3969328701496124,-9.0,0.6423396468162537,0.579936146736145,0.3267692327499389,0.2671390473842621,0.3910242617130279,0.4008912742137909,0.4774632751941681,-9.0,0.4396551847457886,0.7488277554512024,0.8077256679534912,-9.0,0.4842873811721802,-9.0,0.8719033002853394,0.8219237327575684,0.5741056203842163,0.5321837663650513,0.6142536997795105,0.5177674889564514,0.707317054271698,-9.0,0.6793509125709534,7.0,0.14277047713597624,7.0,0.18064697782198585,False,9,7.0,low
-55.078899088626486,-7.301641376616088,4,0.6885127275236295,1.0549194824203962,0.4384792678083655,0.7476197851918959,0.4932977708718484,0.8026848540937661,-551_-74,4,4,6,0,4,0,9,8,10,10,8,4,6,0,6,0.4381880164146423,0.6338921785354614,-9.0,0.6826328039169312,-9.0,0.3195342719554901,0.3744957447052002,0.3907488882541656,0.3523910641670227,0.3375321924686432,0.1863434910774231,0.4297360181808471,-9.0,0.583476185798645,0.4596121609210968,0.8467684388160706,-9.0,0.8513384461402893,-9.0,0.6416308879852295,0.6855847239494324,0.6868821978569031,0.5812624096870422,0.6020116806030273,0.4338513314723968,0.691195011138916,-9.0,0.8024347424507141,,0.07863305881619453,4.0,0.2131221008797487,True,9,,low
-55.09866202487712,-7.432346250455479,4,0.7617386078519145,1.1719272251381756,0.3512986776509216,0.6273099177984512,0.3883764671589211,0.8841062944323457,-551_-75,4,1,2,0,2,1,5,4,5,5,1,1,1,0,2,0.5269650816917419,0.6116915941238403,-9.0,0.350433200597763,0.3697685897350311,0.2652733027935028,0.2261651307344436,0.3498811721801758,0.3321033120155334,0.1111111119389534,0.1272926330566406,0.1156151890754699,-9.0,0.1958762854337692,0.7252090573310852,0.7841874361038208,-9.0,0.5368448495864868,0.6034582257270813,0.58085036277771,0.5250846147537231,0.623372495174408,0.5883092284202576,0.5096890330314636,0.2709876596927643,0.4565784633159637,-9.0,0.3558441698551178,2.0,0.2495963364839554,2.0,0.32497634515166285,False,10,2.0,mid
-55.15292026803794,-6.821312194197381,4,0.9714244696994276,1.1745085905900257,0.4572737061311208,0.4167344001752496,0.3859964455158095,0.885612861702114,-552_-69,4,2,6,0,0,0,6,8,12,12,4,2,4,0,6,0.6589295268058777,0.6355674266815186,-9.0,-9.0,-9.0,0.1712355017662048,0.2127307206392288,0.0497333481907844,-0.0258283987641334,-0.0540790148079395,-0.1228809133172035,0.1263391971588134,-9.0,0.4361873865127563,0.8357964158058167,0.7282776236534119,-9.0,-9.0,-9.0,0.5488113164901733,0.559172511100769,0.3943986892700195,0.3065224885940552,0.2921222448348999,0.2725328505039215,0.2853517830371856,-9.0,0.7289412617683411,2.0,0.3585553765296936,2.0,0.5480687483213842,False,8,2.0,low
-54.94684674186093,-6.634372783572109,4,0.8289515555802617,0.9967042636386934,0.3308443598590677,0.6776606436379347,0.543072633023025,0.9194809505881644,-550_-67,4,0,1,0,1,0,4,3,4,5,4,0,4,1,3,-9.0,0.217209443449974,-9.0,0.6053867936134338,-9.0,0.5232952237129211,0.4969629943370819,0.4446523785591125,0.2809607088565826,-0.0591458082199096,-9.0,0.4452875256538391,0.5608441829681396,0.5975086092948914,-9.0,0.620525062084198,-9.0,0.8235503435134888,-9.0,0.7951753735542297,0.7835526466369629,0.7475187182426453,0.583178699016571,0.3577717840671539,-9.0,0.7092927098274231,0.6643524169921875,0.7897016406059265,8.0,0.13320497870445258,8.0,0.09241032302379609,False,9,8.0,low
-54.87713747581324,-6.549392157694401,4,1.1604658365098148,0.7618197235767679,0.464053929954745,0.6340122451941931,0.7235811647281432,0.8857505375523951,-549_-66,4,1,3,0,4,0,5,2,5,5,5,2,3,0,1,0.5256481170654297,0.4363819062709808,-9.0,0.4499034583568573,-9.0,0.398632138967514,0.4888917803764343,0.5569853186607361,0.156091034412384,0.1012531295418739,0.127218097448349,0.2401746660470962,-9.0,0.3273167610168457,0.4557894766330719,0.6130925416946411,-9.0,0.546807050704956,-9.0,0.7288647294044495,0.7911847233772278,0.8229755163192749,0.4274380207061767,0.4593158364295959,0.3434038162231445,0.5542718172073364,-9.0,0.6183574795722961,8.0,0.17922827899456023,8.0,0.28566304892301564,False,9,8.0,low
-55.1827443354707,-6.835864901800116,4,0.6801234056807578,0.9491293948003188,0.2208138742589684,0.7987839576089462,0.5823910326980676,0.9201325259663384,-552_-69,4,2,6,0,2,0,12,10,10,8,6,4,4,0,2,0.6465175747871399,0.5763607025146484,-9.0,0.3279774487018585,-9.0,0.4278577864170074,0.4086458683013916,0.4697844684123993,0.4096132516860962,0.2103586494922638,0.2050149589776992,0.237817570567131,-9.0,0.4093731045722961,0.8225959539413452,0.7876549959182739,-9.0,0.5241022109985352,-9.0,0.6668953895568848,0.6664291024208069,0.7263401746749878,0.6497469544410706,0.4988546669483185,0.4470487534999847,0.5002524256706238,-9.0,0.7457780241966248,2.0,0.2022979524400499,2.0,0.2662787934144338,False,9,2.0,low
-54.89968518944464,-6.546787043370456,5,1.0945456981843509,0.8914525633766068,0.5421590649106127,0.5605590704548173,0.6282826169983714,0.8391840604292468,-549_-66,5,1,1,0,2,0,5,2,5,5,5,3,3,0,0,0.663353443145752,0.3821755647659302,-9.0,0.4494518935680389,-9.0,0.469212144613266,0.5128869414329529,0.4996070265769958,0.0218365062028169,-0.1041417270898819,-0.0814930647611618,0.0754458159208297,-9.0,-9.0,0.7871148586273193,0.4800286889076233,-9.0,0.5944617986679077,-9.0,0.7711507081985474,0.7988269925117493,0.787074625492096,0.3316307961940765,0.3011126518249511,0.3766842484474182,0.4947569072246551,-9.0,-9.0,8.0,0.32706346114476526,8.0,0.5182026197823386,False,9,8.0,low
-55.33725456433926,-7.404588308176185,5,0.9993677425714124,0.5915227250128032,0.3766813542129352,0.8303010221869239,0.8300925312344748,0.9182685759077962,-554_-75,5,2,3,0,1,1,5,3,5,4,2,2,1,0,3,0.3935284912586212,0.5868508219718933,-9.0,0.5959122776985168,0.7214640378952026,0.3232810497283935,0.2792291343212127,0.2473528236150741,-0.2277142852544784,-0.0784520432353019,0.2541221976280212,0.0640918016433715,-9.0,0.2162503153085708,0.5108586549758911,0.7045549750328064,-9.0,0.7542710304260254,0.8190757036209106,0.6116552352905273,0.5651034712791443,0.5278858542442322,0.1234413981437683,0.3304347693920135,0.5081648230552673,0.3671341240406036,-9.0,0.5419065952301025,8.0,0.2676986472947257,5.0,0.43966878298670053,False,10,8.0,mid
-54.900763167785584,-6.570233072285975,5,1.017779192107541,0.8066553136042403,0.4966048385596204,0.6814919207869803,0.6919170852129894,0.8596295164031342,-550_-66,5,0,3,0,1,0,5,3,5,5,3,3,3,0,2,-9.0,0.5227686762809753,-9.0,0.408580482006073,-9.0,0.3677248656749725,0.4203954339027405,0.4690223932266235,0.2323395162820816,0.0091906310990452,0.2065585404634475,0.1577893495559692,-9.0,0.2627423703670501,-9.0,0.7730646729469299,-9.0,0.6845729947090149,-9.0,0.6939711570739746,0.7333333492279053,0.7615818977355957,0.4780927896499634,0.3770226538181305,0.3274509906768799,0.5284165740013123,-9.0,0.4293599724769592,8.0,0.30123621821403507,8.0,0.26397428866475825,False,9,8.0,low
-55.100189160860126,-6.863083854908938,5,0.9691345267967726,0.4590390741719429,0.1846136550395958,0.902666352234028,0.8964786849644231,0.9814624382631052,-552_-69,5,2,3,0,1,0,5,4,5,6,2,3,1,0,3,0.5638803243637085,0.4988340735435486,-9.0,0.2393696159124374,-9.0,0.4630957543849945,0.2553238272666931,0.0369181372225284,-0.0388665534555912,0.135564237833023,0.4490106403827667,0.5468391180038452,-9.0,0.4246575236320495,0.6994430422782898,0.5534486174583435,-9.0,0.513984739780426,-9.0,0.7708014249801636,0.585910439491272,0.4197802245616913,0.3148245215415954,0.4221474528312683,0.5204631686210632,0.7938543558120728,-9.0,0.6448821425437927,6.0,0.10558198392391205,2.0,0.25225583215554553,False,9,6.0,low
-54.89178001494439,-6.573017849666746,5,1.0963755174449832,0.8780672434683621,0.6286598525909695,0.5713131160478455,0.6386396038196057,0.7708737558573648,-549_-66,5,2,3,0,1,0,5,2,5,4,3,2,3,1,0,0.688757598400116,0.5996131300926208,-9.0,0.6532652378082275,-9.0,0.3006201088428497,0.4072847664356231,0.4362694323062897,0.2021780312061309,-0.2213703840970993,-0.1933525055646896,0.0025337836705148,-0.0212056227028369,-9.0,0.6773010492324829,0.805282711982727,-9.0,0.8611111044883728,-9.0,0.6112224459648132,0.6566716432571411,0.676950991153717,0.4312288761138916,0.1944138258695602,0.2273279875516891,0.3352080881595611,0.2906063497066498,-9.0,8.0,0.41899963219960534,9.0,0.5780612971866503,False,10,8.0,mid
-55.07404818609224,-6.995315864731333,5,0.980887385278202,1.0114153226932938,0.4310071581207736,0.5469459474153098,0.5306616487521953,0.8985479965488088,-551_-70,5,2,6,0,0,1,6,4,6,5,3,2,3,0,2,0.5425907373428345,0.575925350189209,-9.0,-9.0,0.2193110138177871,0.2519283592700958,0.3214572668075561,0.36909019947052,0.3430072665214538,-0.295473963022232,-0.2069503217935562,0.0781831741333007,-9.0,0.6547748446464539,0.6298761963844299,0.6493185758590698,-9.0,-9.0,0.4141812026500702,0.6013377904891968,0.6364239454269409,0.6861849427223206,0.6301245093345642,0.1398963779211044,0.1756935268640518,0.2509719133377075,-9.0,0.865323007106781,9.0,0.24880695981638767,2.0,0.36644383933809066,False,9,9.0,low
-55.06048362530204,-7.085866045370581,5,1.1429887633674147,0.6482744470154648,0.4201660763606423,0.7378138763948034,0.7971268940568064,0.9071195035890288,-551_-71,5,2,3,0,1,1,6,3,5,5,3,3,3,0,1,0.604747474193573,0.475745290517807,-9.0,0.5028228163719177,0.6445024013519287,0.2693065106868744,0.053336214274168,0.0582815930247306,0.1267952471971511,0.1028109341859817,0.1860418766736984,0.1984476000070572,-9.0,0.1744749546051025,0.6840783953666687,0.7735849022865295,-9.0,0.6813365817070007,0.8751238584518433,0.4642271399497986,0.1988203525543213,0.1954751163721084,0.1897746920585632,0.1567043662071228,0.2013734579086303,0.1840490847826004,-9.0,0.2172457128763198,5.0,0.5275721941143274,5.0,0.41076762927696114,False,10,5.0,mid
-54.93094656133201,-6.619101423742078,5,0.8321617338969938,0.933903861946577,0.4651867469642701,0.712908643157831,0.594700021122802,0.8458383301250032,-550_-67,5,1,3,0,0,0,5,2,5,3,3,1,4,0,1,0.6384223699569702,0.6472049951553345,-9.0,-9.0,-9.0,0.3979057669639587,0.3562767207622528,0.3841446340084076,0.4019607901573181,0.0344243794679641,0.0723465010523796,0.1230974644422531,-9.0,0.116069883108139,0.6933879256248474,0.7808219194412231,-9.0,-9.0,-9.0,0.6501854062080383,0.5033282041549683,0.6455026268959045,0.6260265111923218,0.3369803130626678,0.3834817409515381,0.4588969945907593,-9.0,0.2567199170589447,9.0,0.29085569083690643,2.0,0.4070354150608182,False,8,9.0,low
-55.07620414277413,-6.8558973326359816,5,0.9749754060766148,0.4928768645443573,0.340721546688902,0.8867441286075609,0.8809752823012945,0.929015496095386,-551_-69,5,1,3,0,2,0,5,4,4,5,1,2,2,0,3,0.4315917789936065,0.5835261344909668,-9.0,0.4576967656612396,-9.0,0.6686877608299255,0.639626681804657,0.5648106932640076,0.3647321462631225,0.3162629902362823,0.6305220723152161,0.5422903299331665,-9.0,0.6502453088760376,0.6019108295440674,0.6318550109863281,-9.0,0.622836709022522,-9.0,0.8873377442359924,0.8623179793357849,0.8178524971008301,0.6183165907859802,0.5191693305969238,0.753951907157898,0.6619583964347839,-9.0,0.8659564852714539,,0.05348125298817952,8.0,0.05684606631596889,True,9,,low
-55.06057345683045,-7.085506719256932,5,1.0257620663807387,0.2221740907194913,0.192167042970894,0.974143507872124,0.9754206923341968,0.97638001862768,-551_-71,5,2,2,0,1,1,6,3,5,5,3,3,3,1,1,0.6153365969657898,0.5524051785469055,-9.0,0.5339013338088989,0.6633333563804626,0.6307185292243958,0.6391857266426086,0.6435406804084778,0.6015992760658264,0.6233593225479126,0.5498416423797607,0.6183265447616577,0.3839432001113891,0.6091535091400146,0.6924514174461365,0.7479084134101868,-9.0,0.6508118510246277,0.8715424537658691,0.856854259967804,0.8490241169929504,0.875511884689331,0.7633350491523743,0.7842358350753784,0.6906504034996033,0.7736170291900635,0.4192103147506714,0.8342567086219788,12.0,0.15107946233315905,12.0,0.10995602607727051,False,11,12.0,high
-55.03056972634086,-6.906472483131912,5,1.4576013312341505,0.3482056175093471,0.3003618829164499,0.8739403653490859,0.9399864900392468,0.9518738307997056,-551_-70,5,1,4,0,2,0,5,3,5,6,2,1,3,0,3,0.6392106413841248,0.4876703023910522,-9.0,0.5755026936531067,-9.0,0.3051643073558807,0.3579250574111938,0.3729411661624908,0.3831194043159485,0.4036596119403839,0.3500094711780548,0.3144424259662628,-9.0,0.4730408191680908,0.8147708177566528,0.6975459456443787,-9.0,0.7496013045310974,-9.0,0.6169505715370178,0.6609094142913818,0.687635600566864,0.6354438066482544,0.6750854849815369,0.4377396702766418,0.4474081397056579,-9.0,0.7875496745109558,4.0,0.13538239399592078,4.0,0.19742342953880632,False,9,4.0,low
-55.304196561883664,-6.829666526339691,5,0.9689605850428228,1.0846420672468051,0.6491098758690045,0.4967247162648974,0.4672291931607057,0.7414579744785113,-554_-69,5,0,3,0,2,1,3,2,5,4,0,1,1,0,0,-9.0,0.3594202995300293,-9.0,0.555323600769043,0.5623155236244202,0.3903530538082123,0.2983392775058746,0.2205468118190765,0.2466877996921539,-9.0,0.3268817067146301,0.2747864127159118,-9.0,-9.0,-9.0,0.6631205677986145,-9.0,0.7854030728340149,0.8401069641113281,0.048565536737442,0.1102282330393791,0.0878747627139091,0.0904308259487152,-9.0,0.1329762786626815,0.1041128858923912,-9.0,-9.0,5.0,0.6671787810822328,5.0,0.19942063093185425,False,9,5.0,low
-55.02607814992026,-7.497474108554146,5,0.4858940478465728,1.0352509608853917,0.2724610891548875,0.8761295979232548,0.5103101247693899,0.7891123227824272,-551_-75,5,1,4,0,1,1,5,4,5,5,3,1,2,0,3,0.642402172088623,0.6075932383537292,-9.0,0.2093269675970077,0.5312610268592834,0.4936405122280121,0.2644780576229095,0.3138595521450043,0.3218884170055389,0.3215515315532684,0.3824362754821777,0.3359784483909607,-9.0,0.3539325892925262,0.8204740285873413,0.657254695892334,-9.0,0.3382202088832855,0.6470364928245544,0.4815520048141479,0.3245749473571777,0.4274139106273651,0.4031890630722046,0.3541862666606903,0.4816742539405823,0.3876950144767761,-9.0,0.1704711019992828,2.0,0.33726303577423095,2.0,0.27216236740350724,False,10,2.0,mid
-55.484218944821215,-7.213875973357611,5,1.0617807389490357,1.0636761335996447,0.6870789919552815,0.4272106684782907,0.4856618904892848,0.7212325016802902,-555_-73,5,0,3,0,0,1,4,3,5,3,3,0,0,0,1,-9.0,0.5809524059295654,-9.0,-9.0,0.10691399872303,0.6193967461585999,0.4668419957160949,0.3349005281925201,0.2741795480251312,0.2328089028596878,-9.0,-9.0,-9.0,0.3089542090892792,-9.0,0.8236870169639587,-9.0,-9.0,0.3018643260002136,-0.0266288947314023,-0.0494278073310852,-0.0600967667996883,-0.0352353416383266,0.0305896252393722,-9.0,-9.0,-9.0,0.1117561683058738,5.0,0.5676161743079623,7.0,0.155815489590168,False,7,5.0,low
-54.96526220518537,-7.45121087142199,5,1.3748232896861163,0.4528079749445296,0.3224476908914206,0.8124052807300182,0.8992221817504017,0.9430771677589476,-550_-75,5,2,5,0,2,0,5,4,5,4,2,2,2,0,2,0.4345528781414032,0.462050586938858,-9.0,0.4666252732276916,-9.0,0.5188875794410706,0.3415488302707672,0.2076238840818405,0.1747388392686844,0.203002393245697,0.4728476703166961,0.2412538528442382,-9.0,0.5495942831039429,0.6576431393623352,0.655276358127594,-9.0,0.6829355359077454,-9.0,0.8040187358856201,0.6447200775146484,0.5324088931083679,0.4726190567016601,0.5083416700363159,0.5539407730102539,0.3482291996479034,-9.0,0.7629992365837097,7.0,0.15916229784488678,6.0,0.15758482898984638,False,9,7.0,low
-54.88845624839316,-6.579216225127171,5,1.114652447961961,0.8964903155301022,0.5539305448407051,0.5409121253307922,0.624355364459977,0.8321129526232851,-549_-66,5,2,3,0,1,0,5,2,5,4,4,3,3,0,0,0.327093094587326,0.2373783737421035,-9.0,0.2416666597127914,-9.0,0.4188156723976135,0.7021530866622925,0.5121123790740967,0.2461944967508316,-0.179153099656105,-0.0617003142833709,-0.0121012097224593,-9.0,-9.0,0.4892623722553253,0.4479054808616638,-9.0,0.3882924914360046,-9.0,0.6996567249298096,0.1216500252485275,0.7798688411712646,0.5796523690223694,0.2341417968273162,0.3017751574516296,0.4437299072742462,-9.0,-9.0,9.0,0.17434937542393097,9.0,0.46794874544831966,False,9,9.0,low
-54.881988378347486,-6.563226213069841,5,1.2445360772273648,0.8331056664539765,0.528427432173653,0.5089514806138059,0.6725807404096347,0.8451639557198671,-549_-66,5,1,1,0,2,0,5,3,5,4,5,3,3,0,1,0.6653038859367371,0.1522090137004852,-9.0,0.3631007671356201,-9.0,0.3592379093170166,0.4667637050151825,0.4779175817966461,0.0579727925360202,-0.0217336993664503,0.0421882234513759,0.1171960532665252,-9.0,0.3535977303981781,0.7220969796180725,0.3246709406375885,-9.0,0.5747805833816528,-9.0,0.6890965700149536,0.7693883776664734,0.7372390031814575,0.313850849866867,0.3461670577526092,0.4245880842208862,0.5274034142494202,-9.0,0.5179760456085205,8.0,0.21021498541037237,8.0,0.3042445904264848,False,9,8.0,low
-55.07359902845018,-7.003310870759995,5,1.022326001347283,0.7084638803775629,0.3812116985047415,0.7489759924058427,0.7593622755037139,0.921375354849028,-551_-71,5,1,3,0,1,1,5,4,6,5,3,2,3,0,2,0.4859371781349182,0.4473404288291931,-9.0,0.2960731387138366,0.2729682028293609,0.3902651071548462,0.507265031337738,0.4387806057929992,0.3389452695846557,-0.1538116633892059,0.0929062962532043,0.104062907397747,-9.0,0.3013790845870971,0.7139474153518677,0.5982378721237183,-9.0,0.5780419707298279,0.5883163213729858,0.7152814865112305,0.7942752242088318,0.7496201992034912,0.6104824542999268,0.2771573662757873,0.3172754943370819,0.4574394524097442,-9.0,0.436554342508316,9.0,0.2964187040925026,9.0,0.31106271408498287,False,10,9.0,mid
-55.18256467241388,-6.835864901800116,5,0.6749295844013419,0.9670665181415028,0.2494860161693986,0.7944458003834628,0.5677168826765088,0.9068608396409804,-552_-69,5,2,4,0,2,0,12,10,10,8,6,4,4,0,2,0.6387527585029602,0.6256576776504517,-9.0,0.4375850558280945,-9.0,0.4779374003410339,0.5431969165802002,0.529495894908905,0.4710558652877807,0.1681034415960312,0.1812280267477035,0.2089598625898361,-9.0,0.4735326766967773,0.8246632814407349,0.8435952663421631,-9.0,0.6517412662506104,-9.0,0.7394323945045471,0.7903422117233276,0.7822524905204773,0.7011523842811584,0.4536398351192474,0.4310994446277618,0.4201486110687256,-9.0,0.7612177133560181,9.0,0.24535635539463585,9.0,0.27399850796375963,False,9,9.0,low
-55.18301383005594,-6.833259787476171,5,0.6503169693343831,0.8484879178556461,0.2313589069348832,0.8515895956380308,0.661118388648024,0.9159276702052164,-552_-69,5,2,8,0,2,0,12,8,12,8,6,4,4,0,6,0.645677924156189,0.6361225247383118,-9.0,0.4862033724784851,-9.0,0.3618812561035156,0.3945249617099762,0.4882396757602691,0.3916666805744171,0.3359403610229492,0.3802622556686401,0.3413640856742859,-9.0,0.5186646580696106,0.8140350580215454,0.8098159432411194,-9.0,0.6729939579963684,-9.0,0.6750580072402954,0.6938875317573547,0.7385393977165222,0.6200839281082153,0.5543864369392395,0.4426544904708862,0.5125311017036438,-9.0,0.7506705522537231,2.0,0.18294712238841582,2.0,0.22992830144034493,False,9,2.0,low
-55.40040612881286,-6.691775130227347,5,1.4685103437997438,0.3382623866445897,0.3937509562245825,0.8791399587388463,0.9433327136326032,0.9184109667103758,-555_-67,5,2,3,0,0,1,4,2,4,6,3,1,4,0,1,0.2410533428192138,0.50322425365448,-9.0,-9.0,0.413168728351593,0.4760984480381012,0.4752919971942901,0.5591384768486023,0.5458300709724426,0.4544979035854339,0.5397962927818298,0.4051159918308258,-9.0,0.5861935019493103,0.3090002536773681,0.7840136289596558,-9.0,-9.0,0.7260618209838867,0.7772262096405029,0.7740392088890076,0.8274668455123901,0.8089887499809265,0.6652694344520569,0.7899583578109741,0.5470264554023743,-9.0,0.8398560285568237,,0.024561481343375324,,-0.02808813419606948,True,9,,low
-55.293147283889,-6.833978439703467,5,1.4485926267246558,0.4681674733548909,0.3991095439404793,0.7787133554790165,0.892396716904642,0.9133555388524304,-553_-69,5,0,2,0,1,1,5,3,5,6,2,2,4,0,1,-9.0,0.2275487780570984,-9.0,0.3662591576576233,0.3406649529933929,0.4492681622505188,0.4746376872062683,0.4958917498588562,0.4785046875476837,0.3946125507354736,0.467620849609375,0.5162399411201477,-9.0,0.6238881945610046,-9.0,0.565589964389801,-9.0,0.6660703420639038,0.6510236263275146,0.764954686164856,0.796413779258728,0.8078271150588989,0.694596529006958,0.4518872797489166,0.5573260188102722,0.6135000586509705,-9.0,0.8516371846199036,,0.08805179915257866,,-0.09590821606772287,True,10,,mid
-55.25739433558104,-7.022265323254919,5,1.780602197865887,0.3108835784646977,0.3481662667305951,0.8506583660707198,0.952063654930578,0.930376229058087,-553_-71,5,1,3,0,2,0,6,5,4,5,4,3,2,1,1,0.6554199457168579,0.5901679396629333,-9.0,0.3237710893154144,-9.0,0.3579223752021789,0.375774085521698,0.3688338100910187,0.3340802192687988,0.3746286630630493,0.4243323504924774,0.4337223768234253,0.3722084462642669,0.5224427580833435,0.8319761753082275,0.5672823190689087,-9.0,0.3624480962753296,-9.0,0.5665338635444641,0.6028860211372375,0.575484037399292,0.5181030035018921,0.5821197628974915,0.6512578129768372,0.6492032408714294,0.497485488653183,0.5878980755805969,2.0,0.14028730690479274,2.0,0.23402232527732847,False,10,2.0,mid
-55.08312117046185,-6.5911638184059615,5,1.3564576319081734,0.3011641292279946,0.294833464724232,0.9177111974056648,0.95499181815884,0.9553796021729436,-551_-66,5,0,3,0,1,0,3,2,5,4,3,2,0,0,2,-9.0,0.4461146593093872,-9.0,0.4469073116779327,-9.0,0.3739703595638275,0.3413783013820648,0.4160282909870147,0.3878579139709472,0.419559895992279,0.4900200664997101,-9.0,-9.0,0.4984556436538696,-9.0,0.6912991404533386,-9.0,0.547178328037262,-9.0,0.6944331526756287,0.4283944964408874,0.7030474543571472,0.5982292890548706,0.7001464366912842,0.7115723490715027,-9.0,-9.0,0.690954327583313,,0.005579481522242191,,0.028329489486558113,True,8,,low
-55.093272133172405,-7.415278260057208,5,0.9252331860007016,1.1133887438515797,0.5249028073203271,0.5146952044735996,0.4416236759853846,0.835525295286866,-551_-75,5,1,5,0,2,1,5,4,5,4,2,2,1,0,1,0.6388676166534424,0.5799003839492798,-9.0,0.2381360530853271,0.1600343585014343,0.1891235709190368,0.2819905281066894,0.2956888377666473,0.2968166768550873,-0.3080117106437683,-0.1347907334566116,-0.1843539625406265,-9.0,0.3524563014507293,0.8402062058448792,0.7688798904418945,-9.0,0.5181925892829895,0.5035250186920166,0.5230099558830261,0.5970479846000671,0.6122449040412903,0.5733120441436768,0.1895864009857177,0.2061255723237991,0.302611380815506,-9.0,0.6825266480445862,2.0,0.3337247982621193,2.0,0.4906750082969666,False,10,2.0,mid
-54.88737827005221,-6.57966538276923,5,1.0449409244518582,0.8887225112965436,0.5439161722751121,0.5989055958573883,0.6304042130898992,0.8338149406647343,-549_-66,5,2,2,0,1,0,5,3,5,5,3,3,3,0,1,0.4494532346725464,0.4971625506877899,-9.0,0.1771318465471267,-9.0,0.2960725128650665,0.4143753051757812,0.3689095079898834,0.2556531131267547,-0.0400906018912792,0.0860704854130745,0.1676767617464065,-9.0,0.1127026006579399,0.4929318428039551,0.6626153588294983,-9.0,0.3221500813961029,-9.0,0.6193771362304688,0.6056954860687256,0.6547210812568665,0.3649508357048034,0.3899639248847961,0.4050868451595306,0.283588707447052,-9.0,0.2885203063488006,11.0,0.21588911447260117,9.0,0.269661341527743,False,9,11.0,low
-55.0797075723822,-7.2989464307637295,5,0.8143639757054904,1.0105832461334223,0.4953667024033243,0.6800374677411654,0.531366719540188,0.8192456396787027,-551_-73,5,4,6,0,4,0,9,9,10,10,6,4,8,0,2,0.4295178651809692,0.6339249014854431,-9.0,0.5953344702720642,-9.0,0.0181999504566192,0.0417827293276786,0.0737868919968605,0.0732362791895866,-0.069572128355503,-0.0234062206000089,0.0878417715430259,-9.0,0.2925726175308227,0.5025144815444946,0.7341217398643494,-9.0,0.7715692520141602,-9.0,0.3307266235351562,0.3510673344135284,0.3615604043006897,0.3400447368621826,0.2498856484889984,0.2861488461494446,0.4509246051311493,-9.0,0.6603731513023376,4.0,0.29056040570139885,4.0,0.4911205092600236,False,9,4.0,low
-55.02697646520439,-7.383208404414143,5,0.9804058084929244,0.986694344792178,0.3966762071480156,0.5674745432101722,0.5514504713163735,0.9148486613184146,-551_-74,5,1,3,0,1,1,6,4,5,3,3,2,4,2,2,0.6264517903327942,0.3674242496490478,-9.0,0.3884337246417999,0.2123053520917892,0.186282992362976,0.2678485810756683,0.1380459517240524,0.1222864314913749,0.139751061797142,0.1442347019910812,0.28435879945755,0.308523416519165,0.3079891800880432,0.864673912525177,0.6381168365478516,-9.0,0.4005833864212036,0.355126291513443,0.1621449738740921,0.1590013206005096,0.1096288710832595,0.1021472364664077,0.1368851214647293,0.1416224986314773,0.2098037451505661,0.2323346585035324,0.3393933475017547,2.0,0.5378797880627892,2.0,0.2696598206054081,False,11,2.0,high
-55.11483169999127,-6.507261170869198,5,0.901663874818196,0.9735812988713214,0.4960507164714645,0.6388120779855616,0.5623417500233918,0.845527305988396,-552_-66,5,4,6,0,0,0,12,4,10,10,4,4,8,0,4,0.5346451997756958,0.6430560946464539,-9.0,-9.0,-9.0,0.2924159467220306,0.3437318205833435,0.4031753838062286,0.003339517628774,-0.1078680232167244,-0.1484581530094146,0.0872727259993553,-9.0,0.3240144848823547,0.6529875993728638,0.8804508447647095,-9.0,-9.0,-9.0,0.6705406904220581,0.6944077610969543,0.7302296757698059,0.2462743818759918,0.1962563842535019,0.295359343290329,0.2642706036567688,-9.0,0.6615346074104309,8.0,0.39298425018787386,2.0,0.43914768428658135,False,8,8.0,low
-55.08222285517773,-7.404498476647776,5,0.886220331388052,1.0255774173216032,0.4964816247826951,0.6146236461562635,0.5186052735461962,0.8428529176886244,-551_-75,5,1,4,0,1,1,5,5,5,4,2,3,3,1,4,0.639765202999115,0.6013538241386414,-9.0,0.1511086225509643,0.1742738634347915,0.075303129851818,0.1935761421918869,0.1876513361930847,0.2029498517513275,-0.0920997634530067,-0.0139534883201122,0.0824088752269744,0.3114340007305145,0.2818619906902313,0.8237454295158386,0.8152918815612793,-9.0,0.2878882586956024,0.4560823142528534,0.5508513450622559,0.5825095176696777,0.5708566904067993,0.5403210520744324,0.3179611563682556,0.1761442422866821,0.3822413384914398,0.5362604856491089,0.5102681517601013,2.0,0.37302915074608545,2.0,0.4792400080371987,False,11,2.0,high
-55.43364379432529,-7.458217730638124,5,0.9443699869931118,1.0799437508833063,0.5943213474397325,0.5234797319990938,0.4713779727756795,0.7852053793523651,-555_-75,5,1,1,0,1,1,6,6,5,4,2,2,3,1,1,0.6376460194587708,0.6405718326568604,-9.0,0.6268962621688843,0.6042666435241699,0.1952789723873138,0.2427616864442825,0.26756352186203,0.0722360089421272,-0.1971512883901596,-0.1797636300325393,-0.1743375211954116,-0.1310176700353622,-0.2078637033700943,0.8318540453910828,0.8648439645767212,-9.0,0.7674832940101624,0.868903398513794,0.5069326758384705,0.5317294001579285,0.5583460927009583,0.3445116579532623,0.1766802370548248,0.1897744387388229,0.1534339934587478,0.2008421123027801,0.2772611975669861,5.0,0.5066587527592976,5.0,0.639822258717484,False,11,5.0,high
-55.07036509342736,-7.001334577134932,5,1.1631373129284377,0.7841858205494924,0.4407851802092867,0.6120739543437067,0.7079635171815296,0.8970224181070158,-551_-71,5,1,4,0,1,1,6,3,6,5,3,3,3,0,2,0.6599124670028687,0.4602863788604736,-9.0,0.158374473452568,0.2356435656547546,0.5025510191917419,0.5800400376319885,0.569615364074707,0.5232076048851013,-0.2782469689846039,-0.0624483041465282,-0.0399582125246524,-9.0,0.4744047522544861,0.8146376013755798,0.5841742157936096,-9.0,0.4420803785324096,0.5449368357658386,0.7834073305130005,0.8330868482589722,0.8251464366912842,0.7299237251281738,0.1586661785840988,0.2074567228555679,0.2939105927944183,-9.0,0.6695124506950378,9.0,0.3622876852750778,9.0,0.4377660471946001,False,10,9.0,mid
-55.00038633279444,-7.340897754532113,5,1.4279508351344696,0.4585627173367198,0.4120118770265139,0.7931666898293195,0.8966896506992179,0.9097476770313254,-551_-74,5,1,3,0,1,1,6,4,5,4,4,2,4,1,3,0.6114457845687866,0.5763570666313171,-9.0,0.3554523289203644,0.3722031116485595,0.4698935747146606,0.4376820623874664,0.4381888508796692,0.4105492234230041,0.3887723088264465,0.4468691945075989,0.48198002576828,0.5514631867408752,0.5178740620613098,0.8538839221000671,0.8129855990409851,-9.0,0.6499730944633484,0.639167308807373,0.7299244999885559,0.7078856229782104,0.718761146068573,0.6833224892616272,0.6782374382019043,0.6015156507492065,0.7484630942344666,0.7571428418159485,0.8194918632507324,2.0,0.1303543014959856,2.0,0.15108979561112146,False,11,2.0,high
-55.15336942568,-6.841164961976423,5,1.00613395815977,1.0319496072465917,0.432428173806072,0.5077032367257087,0.5131464713021832,0.9000861456740161,-552_-69,5,2,2,0,2,2,8,6,10,8,6,4,4,0,4,0.3655210137367248,0.3251069486141205,-9.0,0.3649682402610779,0.3255531191825866,0.2373134344816208,0.2942381501197815,0.2961108982563019,-0.2758696973323822,-0.2997231185436249,-0.2756006121635437,-0.1269218176603317,-9.0,0.524545431137085,0.6232166290283203,0.6867015957832336,-9.0,0.6455142498016357,0.6749616265296936,0.6277243494987488,0.6657877564430237,0.6622222065925598,0.066579632461071,0.1272051930427551,0.1755114197731018,0.1765483766794204,-9.0,0.6612184047698975,8.0,0.4137485966086388,8.0,0.4062585064343044,False,10,8.0,mid
-55.05760901639286,-7.087662675938818,5,1.0430298325035816,1.0204296547184533,0.5043391308598131,0.4850827157389706,0.5229997907231434,0.8625864877628914,-551_-71,5,2,3,0,1,1,6,3,5,5,2,2,2,0,2,0.652665913105011,0.6295507550239563,-9.0,0.5075053572654724,0.6284289360046387,0.0962561294436454,-0.0025488529354333,0.0762693881988525,0.0760327279567718,0.0524055808782577,0.113163523375988,0.1353821605443954,-9.0,0.2036744952201843,0.6999408006668091,0.8311004638671875,-9.0,0.6223077178001404,0.8489853739738464,0.3000247478485107,0.1849608868360519,0.1260280013084411,0.1186721995472908,0.1270903050899505,0.153303787112236,0.1300887018442154,-9.0,0.2535755634307861,5.0,0.5763655649498105,5.0,0.5107083462644368,False,10,5.0,mid
-55.43418278349576,-7.463158464700781,5,0.857954025645201,1.0761450376391075,0.6062446026060803,0.6032049625724349,0.4747247677637368,0.7425098780657071,-555_-75,5,1,1,0,1,1,6,6,5,4,3,1,3,0,2,0.4960629940032959,0.517671525478363,-9.0,0.5105710625648499,0.6017130613327026,0.5204440951347351,0.448592334985733,0.4117058515548706,0.1243422850966453,-0.0318005047738552,-0.2567862570285797,-0.1882170587778091,-9.0,-0.0087774293497204,0.7436191439628601,0.7875726819038391,-9.0,0.7426408529281616,0.8295964002609253,0.7760556936264038,0.6815433502197266,0.6888090968132019,0.4065477252006531,0.2629065811634063,0.1963837295770645,0.1851516515016555,-9.0,0.2676734030246734,8.0,0.4862441275800977,9.0,0.5752832137513906,False,10,8.0,mid
-55.071263408711474,-6.991632772066444,5,0.9059358168827488,0.8639789683174661,0.3976818841181224,0.7090054005490748,0.6494168798236742,0.9032968843941224,-551_-70,5,2,5,0,0,1,4,4,6,5,2,1,3,0,2,0.6208839416503906,0.6193400025367737,-9.0,-9.0,0.6550612449645996,0.150083377957344,0.1927487999200821,0.2705737054347992,0.2759259343147278,-0.2967688143253326,-0.1826941967010498,-0.1411509215831756,-9.0,0.6006935238838196,0.7521228194236755,0.7607788443565369,-9.0,-9.0,0.8500900864601135,0.4775932729244232,0.4993024468421936,0.5998135805130005,0.5641316771507263,0.1551116406917572,0.2180539220571518,0.2344908267259597,-9.0,0.8417955040931702,5.0,0.33887730787197745,5.0,0.5230853036046028,False,9,5.0,low
-54.94603825810521,-6.646230545322487,5,1.028657670105362,0.6053658011570991,0.4392768248697258,0.8122984299210031,0.822293988781708,0.8862837926027622,-550_-67,5,0,3,0,1,0,5,2,4,4,4,2,3,1,3,-9.0,0.2250656187534332,-9.0,0.4147768914699554,-9.0,0.4510135054588318,0.350843071937561,0.4282578825950622,0.4192966520786285,0.5021281242370605,0.4198797345161438,0.5768083333969116,0.5416480898857117,0.4501470923423767,-9.0,0.3829629719257355,-9.0,0.6116666793823242,-9.0,0.6998680830001831,0.5005402565002441,0.7266998291015625,0.6841944456100464,0.6927807331085205,0.5253657698631287,0.8402959108352661,0.6858256459236145,0.7147274613380432,,-0.07090158926116097,,-0.07500094506475663,True,10,,mid
-55.27949289157038,-6.664376514061702,5,1.1794415251868282,0.7212793929778509,0.3498086736971539,0.6594519254638558,0.7509615019568524,0.934617173503049,-553_-67,5,1,1,0,1,1,6,3,5,5,3,3,4,1,1,0.2802419364452362,0.1432074606418609,-9.0,0.3438193202018738,-0.0445974245667457,0.3397802114486694,0.2793572247028351,0.195230171084404,0.2141434252262115,0.2335683405399322,0.3552682995796203,0.3712705969810486,0.4119633436203003,0.4510416686534881,0.4448236525058746,0.4157303273677826,-9.0,0.3774286806583404,0.6573208570480347,0.655322253704071,0.5771428346633911,0.5553951859474182,0.4829683601856231,0.5330695509910583,0.5543575882911682,0.6444260478019714,0.4021556973457336,0.6465721130371094,,0.011816580187190673,,-0.024946346630652705,True,11,,high
-55.49347159224765,-7.033584095834824,5,0.9358778282823936,0.9768333172504018,0.5271697481503413,0.6104270888625483,0.559649671192327,0.8315374067969304,-555_-71,5,2,4,0,0,0,5,3,5,5,3,1,3,2,2,0.1986396312713623,0.1539182066917419,-9.0,-9.0,-9.0,0.3355985283851623,0.334318071603775,0.3366781175136566,0.329553872346878,0.3663684427738189,0.4706189930438995,0.4423892199993133,0.5565200448036194,0.3075435161590576,0.409986674785614,0.4774150550365448,-9.0,-9.0,-9.0,0.6759593486785889,0.6953393816947937,0.7288251519203186,0.6480293273925781,0.6753867864608765,0.7501556277275085,0.6441906690597534,0.787899374961853,0.3601609766483307,,0.05989071561230552,,-0.10224477118915981,True,9,,low
-55.06066328835886,-7.011395708317073,6,0.8574197734654201,0.9753277388261512,0.6281367653319294,0.6702391914150075,0.5608967533706685,0.7031579515228005,-551_-71,6,0,3,0,2,1,5,3,6,4,4,3,3,0,2,-9.0,0.3486343920230865,-9.0,0.5530120730400085,0.6113703846931458,0.6118330359458923,0.2861608266830444,0.2740384638309479,0.1644593030214309,-0.0024937656708061,0.1919068098068237,0.0123893804848194,-9.0,0.1918681561946869,-9.0,0.6933717727661133,-9.0,0.6193467378616333,0.8167902231216431,0.8385367393493652,0.6554498672485352,0.6014930605888367,0.4263663589954376,0.3116904497146606,0.2772667407989502,0.3201450705528259,-9.0,0.5464335680007935,8.0,0.3277842958768209,6.0,0.37145116080396945,False,10,8.0,mid
-55.09246364941669,-7.426597032637114,6,0.8935012266536645,1.0656101931611914,0.5103640441552599,0.5799540721406505,0.4839703313471396,0.8363294065616084,-551_-75,6,1,4,0,2,1,5,5,5,5,2,0,1,0,1,0.6760990619659424,0.4867035150527954,-9.0,0.625806450843811,0.638198733329773,0.2746553421020508,0.2802893221378326,0.4543240070343017,0.4472647607326507,-0.022127766162157,-9.0,-0.0171192437410354,-9.0,0.1970688253641128,0.8300689458847046,0.6086662411689758,-9.0,0.860287070274353,0.8598501682281494,0.6320434212684631,0.6383470892906189,0.7636632323265076,0.6898313760757446,0.3846698403358459,-9.0,0.383464902639389,-9.0,0.5648306608200073,9.0,0.2910228917996089,9.0,0.43281037732958794,False,9,9.0,low
-55.487812205957695,-7.27442242350727,6,0.932213917913178,0.7454659210142157,0.3435511917012208,0.76809615324068,0.7347719412919144,0.9309168781829248,-555_-73,6,0,4,0,1,0,10,8,10,8,6,6,4,2,6,-9.0,0.3918351829051971,-9.0,0.3437625467777252,-9.0,0.5324364900588989,0.536990761756897,0.5320382714271545,0.418206512928009,0.3720126152038574,0.3695083558559418,0.3054892718791961,0.1616266965866089,0.2836970388889313,-9.0,0.5916230082511902,-9.0,0.4855875968933105,-9.0,0.8167641162872314,0.8110918402671814,0.8133150339126587,0.7103064060211182,0.6638716459274292,0.6961943507194519,0.5260148048400879,0.3273756206035614,0.5864621996879578,12.0,0.22249984575642479,12.0,0.19981368879477185,False,10,12.0,mid
-55.11555035221856,-6.6906073203579925,6,0.8311359043895133,1.1726133090637745,0.7454936186321753,0.5614982427868737,0.3877441489173787,0.5487321310335054,-552_-67,6,2,3,0,2,2,8,8,8,6,2,0,2,0,0,0.5418689250946045,0.6312151551246643,-9.0,0.5622454285621643,0.608134925365448,0.6301650404930115,0.4495096504688263,0.2344549149274826,0.2071760445833206,0.2165790945291519,-9.0,0.1928112953901291,-9.0,-9.0,0.514979898929596,0.8479413986206055,-9.0,0.7661661505699158,0.8355792164802551,0.8628854751586914,0.4660998582839966,0.0225195102393627,-0.0027676101308315,-0.1279605031013488,-9.0,0.0223346911370754,-9.0,-9.0,7.0,0.7370771443044456,7.0,0.35776785016059875,False,9,7.0,low
-55.34345293979969,-6.796788186940917,6,1.7092113890802858,0.3427187954568508,0.418406475762426,0.83328174237543,0.9418444991065308,0.9062548736689418,-554_-68,6,1,2,0,1,1,5,5,4,4,1,1,3,0,3,0.5417789816856384,0.5595078468322754,-9.0,0.2868981063365936,0.231781855225563,0.2577685713768005,0.3465176224708557,0.4216744899749756,0.418762743473053,0.4543816149234772,0.4810484647750854,0.3846994638442993,-9.0,0.5668920278549194,0.3635280132293701,0.8069159984588623,-9.0,0.5002610683441162,0.56886225938797,0.6549844145774841,0.7234042286872864,0.7429906725883484,0.662506639957428,0.7097457647323608,0.788658618927002,0.4689854979515075,-9.0,0.8518159985542297,,-0.008214980363845825,2.0,0.16560091823339462,True,10,,mid
-55.33437995543008,-6.931715142615671,6,0.882207925287546,0.841445748797389,0.4851390734925823,0.7368953915781662,0.6663855617593624,0.8420666975009318,-554_-70,6,1,4,0,0,1,4,6,4,5,3,2,2,2,1,0.6678867340087891,0.481100469827652,-9.0,-9.0,0.3534002304077148,0.6045591235160828,0.3571638762950897,0.3499423861503601,0.1554441303014755,-0.1998970955610275,-0.1653681546449661,-0.0956180170178413,0.1394491791725158,0.2798035144805908,0.8409525752067566,0.5641738176345825,-9.0,-9.0,0.3842645287513733,0.8608408570289612,0.6881976127624512,0.6941984295845032,0.4087336361408233,0.2316831648349762,0.2078767716884613,0.2847428023815155,0.2999225556850433,0.6550207734107971,8.0,0.32410801947116846,8.0,0.45003987724582356,False,10,8.0,mid
-55.0985721933487,-7.433064902682775,6,0.7230639315843197,1.0314120626391978,0.2745773726625232,0.734560990693403,0.5136077722450522,0.9096857582797612,-551_-75,6,1,2,0,2,1,5,4,5,5,1,1,1,0,2,0.6839813590049744,0.601116418838501,-9.0,0.5835639238357544,0.4434042572975158,0.3614884912967682,0.348139613866806,0.3856594860553741,0.3985642194747925,0.1670838594436645,0.2048929631710052,0.0423470810055732,-9.0,0.2466465979814529,0.7727570533752441,0.7474298477172852,-9.0,0.814233660697937,0.6091081500053406,0.6666666865348816,0.6722719073295593,0.6652482151985168,0.5781578421592712,0.4902117550373077,0.3216548562049866,0.3126524984836578,-9.0,0.3213405013084411,10.0,0.3499046166737874,4.0,0.3341953928271929,False,10,10.0,mid
-55.431577669171816,-7.467111051950907,6,0.5527539876489505,0.7471774686292215,0.2348825127235062,0.9159187322298334,0.7336098985381216,0.8930989912642658,-555_-75,6,2,1,0,0,1,5,4,5,4,4,1,3,1,3,0.4215923845767975,0.4846560955047607,-9.0,-9.0,0.6496157050132751,0.6468957662582397,0.6615815162658691,0.6923512816429138,0.6568155288696289,0.3120246827602386,0.4797475039958954,0.2980877459049225,0.4656952023506164,0.5311117768287659,0.5079113841056824,0.6295005679130554,-9.0,-9.0,0.8752636313438416,0.8839569091796875,0.8605234026908875,0.8971101641654968,0.760896623134613,0.5591355562210083,0.7962962985038757,0.6154922842979431,0.6511628031730652,0.7617916464805603,,0.09681895119803285,9.0,0.1845963716506958,True,10,,mid
-55.15435757249253,-6.809454432447003,6,0.8222802440409511,1.027565626473525,0.3723693809583902,0.6637709882677546,0.5169043034198098,0.898380010290899,-552_-69,6,4,6,0,0,2,6,8,10,8,2,4,2,0,5,0.6449495553970337,0.6256020069122314,-9.0,-9.0,0.4909557998180389,0.3706749975681305,0.3369074463844299,0.3610025644302368,0.0486783571541309,-0.0444740951061248,0.0154679911211133,0.0414667166769504,-9.0,0.4393707811832428,0.7746538519859314,0.7021898031234741,-9.0,-9.0,0.6660686731338501,0.698769748210907,0.6500086784362793,0.6892457008361816,0.3685109317302704,0.3388378322124481,0.3679087460041046,0.4299712777137756,-9.0,0.7332280874252319,8.0,0.24913136760393773,2.0,0.4063812745735049,False,9,8.0,low
-55.43211665834228,-7.429112315432649,6,0.889038932982827,1.0099427427992134,0.5860250948970731,0.6232704599907678,0.5319092077234661,0.7699902547758745,-555_-75,6,3,3,0,1,1,5,3,5,5,1,1,2,0,3,0.524808406829834,0.5594266653060913,-9.0,0.6214752793312073,0.6018306612968445,0.326761394739151,0.254935622215271,0.2749378383159637,-0.0057285181246697,-0.0635078623890876,-0.0739986449480056,0.0924510285258293,-9.0,0.0969204604625701,0.6578947305679321,0.7388738393783569,-9.0,0.8051230311393738,0.8666666746139526,0.7379415035247803,0.6353467702865601,0.6753812432289124,0.2762148380279541,0.2108108103275299,0.3487145602703094,0.3914498686790466,-9.0,0.5258870124816895,8.0,0.38041712386267523,5.0,0.4640388383413665,False,10,8.0,mid
-55.29907616476419,-6.639133854577944,6,0.9704417164843404,0.4794541314573165,0.2895899481357788,0.8936949445847951,0.8872468613423313,0.9510163073647036,-553_-67,6,1,2,0,0,1,3,4,5,5,4,1,3,1,2,0.565554678440094,0.1211411505937576,-9.0,-9.0,0.5184210538864136,0.4174224734306335,0.3813874125480652,0.3361753821372986,0.2294896095991134,0.3074861466884613,0.4284655153751373,0.5284122824668884,0.5749105215072632,0.5140957832336426,0.8143402934074402,0.3249465227127075,-9.0,-9.0,0.5877092480659485,0.6617210507392883,0.657431960105896,0.5991253852844238,0.4475851356983185,0.5742712616920471,0.721304178237915,0.7711660265922546,0.7025980949401855,0.709185004234314,,-0.037232340233666616,,-0.006917992606759071,True,10,,mid
-55.156872855288064,-6.827420738129392,6,1.0319458098604075,1.0968062086245054,0.4754159674429631,0.4249908303389656,0.4564401335599639,0.879360683592402,-552_-69,6,4,3,0,2,2,6,8,11,6,6,6,2,0,6,0.639646589756012,0.6127585172653198,-9.0,0.4842883646488189,0.334116667509079,0.0973023772239685,0.0968642905354499,0.2304697036743164,-0.192162424325943,-0.2669854462146759,-0.2285491377115249,0.0988219231367111,-9.0,0.5813213586807251,0.7621800303459167,0.8678210973739624,-9.0,0.4178332686424255,0.453016459941864,0.5394464135169983,0.5165876746177673,0.6220725178718567,0.1439077407121658,0.2033588886260986,0.1948051899671554,0.3196913003921509,-9.0,0.8183578848838806,2.0,0.3920928299427032,2.0,0.5026537857949733,False,10,2.0,mid
-55.15390841485047,-6.839637825993419,6,0.9594596461875576,1.1161984667501763,0.464722127051298,0.4792929662252461,0.4391010516317253,0.8793638130190072,-552_-69,6,2,2,0,2,2,6,6,10,8,6,6,4,0,6,0.4955787360668182,0.4832428991794586,-9.0,0.4588131010532379,0.3865669965744018,0.2364063113927841,0.2208083868026733,0.1993884593248367,-0.2990745902061462,-0.3363958299160003,-0.2670631110668182,-0.1751900464296341,-9.0,0.4220079481601715,0.7292842864990234,0.7969837784767151,-9.0,0.6854852437973022,0.6487541794776917,0.6387832760810852,0.6167190074920654,0.6051151156425476,0.0911864414811134,0.1558593064546585,0.1829250752925872,0.1262090057134628,-9.0,0.6859448552131653,8.0,0.42602147566420695,8.0,0.4855438245194299,False,10,8.0,mid
-55.09264331247351,-6.986961532589023,6,0.7754889467839846,0.8706656849261204,0.2462324206228562,0.7805871970988001,0.644317602152545,0.942301531617464,-551_-70,6,1,4,0,2,0,5,5,6,6,4,3,2,0,0,0.6687306761741638,0.4094479084014892,-9.0,0.3470118343830108,-9.0,0.3428327143192291,0.3852877020835876,0.4210444688796997,0.3555525839328766,0.1895604431629181,0.3058321475982666,0.3545843660831451,-9.0,-9.0,0.5876288414001465,0.7067423462867737,-9.0,0.528915286064148,-9.0,0.7159504890441895,0.690666675567627,0.7308418154716492,0.5647891759872437,0.5166375041007996,0.4306493401527405,0.6415506601333618,-9.0,-9.0,8.0,0.12171757221221924,2.0,0.20137600973248482,False,9,8.0,low
-55.40355023230728,-6.694380244551292,6,1.324019578514284,0.4729237673503746,0.379641888843682,0.8102836695022069,0.8902403452018649,0.924698559939313,-555_-67,6,1,2,0,0,1,3,2,5,4,3,1,4,0,1,0.5583720207214355,0.3841135501861572,-9.0,-9.0,0.2879642248153686,0.2028811573982238,0.3448200523853302,0.3526611924171448,0.3839355707168579,0.3921132385730743,0.5444561243057251,0.5664621591567993,-9.0,0.6350275278091431,0.8078277111053467,0.5486289262771606,-9.0,-9.0,0.6568284034729004,0.6104146838188171,0.7180272936820984,0.6947682499885559,0.672282874584198,0.4791577160358429,0.8137809038162231,0.8185775279998779,-9.0,0.8766473531723022,,-0.02627001537217033,2.0,0.05898486905627781,True,9,,low
-55.35144794582836,-6.916623445842463,6,0.7734476215639653,0.898496013441966,0.2545089101849158,0.7680923767379564,0.6227873779359991,0.9380816493109372,-554_-70,6,0,3,0,2,0,4,5,4,6,3,1,1,2,3,-9.0,0.2376502007246017,-9.0,0.4206777513027191,-9.0,0.5407490134239197,0.5527839660644531,0.5247981548309326,0.2157162576913833,-0.0707610175013542,0.2100104987621307,0.2218994349241256,0.3763719797134399,0.2855280339717865,-9.0,0.5441421270370483,-9.0,0.5547419190406799,-9.0,0.834664523601532,0.8127925395965576,0.8048901557922363,0.408680260181427,0.3286668658256531,0.3800399303436279,0.6158392429351807,0.505402147769928,0.512269914150238,8.0,0.2517631928126018,8.0,0.24887095267573997,False,10,8.0,mid
-54.9790064290324,-7.323560269548606,6,0.8458218857310135,0.7961618621229185,0.4489144064405377,0.7816988473808839,0.6994548824787321,0.856163447501412,-550_-74,6,2,3,0,1,1,4,4,5,4,5,3,2,1,2,0.4332146644592285,0.1970318257808685,-9.0,0.4062256813049316,0.4696545302867889,0.5072815418243408,0.5471459031105042,0.5414847135543823,0.5141521692276001,0.5,0.5599032044410706,0.5951921939849854,0.4796180725097656,0.5812757015228271,0.6174672245979309,0.401783674955368,-9.0,0.6762523055076599,0.6185089945793152,0.7523123025894165,0.7987051010131836,0.7845181822776794,0.7067173719406128,0.6331853270530701,0.7438557147979736,0.8192163705825806,0.6566612124443054,0.7792783975601196,,-0.03137684410268615,,-0.051239029927687196,True,11,,high
-55.07234138705242,-6.86541947464765,6,1.105145422579804,0.5064526736349513,0.3945613984132156,0.847412382514577,0.8744707369374537,0.9133688928385126,-551_-69,6,2,4,0,3,0,5,3,6,4,4,1,3,0,3,0.6324136257171631,0.4183618426322937,-9.0,0.5763463377952576,-9.0,0.4986642897129059,0.5195195078849792,0.520244300365448,0.488536536693573,0.537422239780426,0.2667889893054962,0.155656486749649,-9.0,0.5144783854484558,0.785646378993988,0.3988459706306457,-9.0,0.7123193144798279,-9.0,0.8116254210472107,0.8121212124824524,0.8233857750892639,0.7518597841262817,0.7685950398445129,0.4032520353794098,0.4677504003047943,-9.0,0.7992460131645203,10.0,0.1763003791371981,10.0,0.21163063123822212,False,9,10.0,low
-55.493291929190825,-7.034302748062119,6,0.8588378796373382,0.9491617325440236,0.4275099261092495,0.6857402668745541,0.5823647447577686,0.8782167627539819,-555_-71,6,2,4,0,0,0,5,4,5,5,3,2,2,2,2,0.2119129449129104,0.2168233543634414,-9.0,-9.0,-9.0,0.2640376091003418,0.3258176445960998,0.3090817928314209,0.3162593841552734,0.3317766785621643,0.3521151542663574,0.4023336470127105,0.524547278881073,0.2625610828399658,0.4485934674739837,0.537192165851593,-9.0,-9.0,-9.0,0.646258533000946,0.6299116611480713,0.6963589191436768,0.6162723302841187,0.6730666756629944,0.5483414530754089,0.617257297039032,0.7816001176834106,0.3293536305427551,,0.04599562618467545,,-0.09020326866043937,True,9,,low
-55.03353416677845,-6.758879281951076,6,0.970339014250524,0.451455464397884,0.3293891261259634,0.905574225274312,0.899813071984114,0.93145489359444,-551_-68,6,0,2,1,2,1,4,4,5,5,2,1,3,0,4,-9.0,0.4860909283161163,0.5191535949707031,0.4295803606510162,0.528583288192749,0.5911152362823486,0.5699833631515503,0.5043973326683044,0.4877932071685791,0.103962242603302,0.1279620826244354,0.0632703378796577,-9.0,0.3203164339065552,-9.0,0.542454719543457,0.6133281588554382,0.5376733541488647,0.7839013934135437,0.8444324731826782,0.7973904013633728,0.7507525682449341,0.6691729426383972,0.3122693002223968,0.2612612545490265,0.2496378570795059,-9.0,0.4197285175323486,9.0,0.3816640190780163,9.0,0.3607093896716833,False,11,9.0,high
-55.46625263913883,-6.60957928173041,6,0.9002863375031459,0.5926761695817047,0.3801172229931371,0.8609926219782678,0.8294487888829909,0.9029160517181976,-555_-67,6,1,3,0,0,1,3,5,5,5,3,2,3,0,3,0.6190891265869141,0.6251388192176819,-9.0,-9.0,0.6013781428337097,0.3240031599998474,0.3601914644241333,0.4848553836345672,0.4440909028053283,0.4906122386455536,0.3908470273017883,0.5456560254096985,-9.0,0.6015022993087769,0.7457706928253174,0.8677896857261658,-9.0,-9.0,0.7987616062164307,0.6939189434051514,0.5692591071128845,0.7731846570968628,0.6729857921600342,0.7077390551567078,0.5688501596450806,0.7736520767211914,-9.0,0.8076751232147217,5.0,0.10819921394189203,5.0,0.15998221685489022,False,9,5.0,low
-55.32656461245824,-6.507081507812371,6,1.1019379485215768,0.2835282448991509,0.2435104139655677,0.9515893027272952,0.960074408077454,0.9660667491771496,-554_-66,6,1,3,0,2,0,6,3,5,4,3,2,3,2,3,0.4243902564048767,0.5564184784889221,-9.0,0.429501861333847,-9.0,0.4937519133090973,0.5534206628799438,0.5309352278709412,0.5207582712173462,0.4781801402568817,0.4979198575019836,0.4861267805099487,0.5458793044090271,0.5757451057434082,0.6009535193443298,0.5165813565254211,-9.0,0.6251199841499329,-9.0,0.7841281294822693,0.8205390572547913,0.805225670337677,0.7294671535491943,0.7323177456855774,0.5994856357574463,0.7414750456809998,0.6686339974403381,0.4257020652294159,12.0,0.14836129844188695,,-0.015459284612110658,False,10,12.0,mid
-55.1955004125052,-6.80244757323087,6,1.0751620464101923,0.7594759282991382,0.3703532441315791,0.6847325309624946,0.7251969554193587,0.928748378533025,-552_-69,6,1,3,0,1,0,4,2,6,4,3,3,2,0,2,0.6314753890037537,0.3100741505622864,-9.0,0.4312146604061126,-9.0,0.3712285459041595,0.4069008529186249,0.3865495324134826,0.1657229214906692,0.1228751838207244,0.1612489372491836,0.1925199925899505,-9.0,0.2308797091245651,0.8213762640953064,0.6810296773910522,-9.0,0.506582498550415,-9.0,0.6774061918258667,0.7143939137458801,0.6670916080474854,0.3924545347690582,0.4382581710815429,0.4991717338562011,0.3803625106811523,-9.0,0.4106995761394501,8.0,0.2537907203038534,8.0,0.24825783967971807,False,9,8.0,low
-55.18552911285148,-6.824366466163388,6,0.6143384631006684,0.923368112289474,0.2324087469576279,0.8433761108945615,0.6031370498526207,0.8950960460154842,-552_-69,6,2,8,0,2,0,10,6,12,8,6,6,2,0,4,0.7037683725357056,0.5217088460922241,-9.0,0.0714160352945327,-9.0,0.3352399170398712,0.3001545667648315,0.4593560695648193,0.5168187022209167,0.1493368744850158,0.1181715428829193,0.1364041566848755,-9.0,0.2297035157680511,0.7987711429595947,0.7414640784263611,-9.0,0.1512066423892974,-9.0,0.7320692539215088,0.6990507245063782,0.7658630609512329,0.7181143164634705,0.4542708396911621,0.4322020411491394,0.479876160621643,-9.0,0.552834153175354,2.0,0.21617458926306832,2.0,0.3553384559022056,False,9,2.0,low
-55.14717105021957,-6.823288487822444,6,0.8982869436111675,1.1674335681726709,0.3848459413536705,0.4987066574370813,0.3925134404727959,0.9100700344601734,-552_-69,6,2,2,0,2,0,6,10,10,8,4,6,4,0,8,0.487088680267334,0.4724228978157043,-9.0,0.5003170371055603,-9.0,0.241192415356636,0.2186152637004852,0.0827395990490913,-0.03998289629817,0.1206001117825508,0.1663840264081955,0.3656322360038757,-9.0,0.6112496256828308,0.7069783210754395,0.7748513221740723,-9.0,0.7177290320396423,-9.0,0.6407751441001892,0.5902697443962097,0.5060741901397705,0.3237028419971466,0.3074506223201751,0.5434484481811523,0.6343342661857605,-9.0,0.8395445942878723,4.0,0.1849862436453501,4.0,0.2658057406855126,False,9,4.0,low
-55.07880925709807,-6.857514300147399,6,0.7187127511705695,0.659000154384343,0.2665057034551586,0.8899176131500014,0.7906048587174275,0.9302344512749884,-551_-69,6,1,4,0,1,0,5,4,6,4,1,1,2,0,1,0.5014976859092712,0.6443768739700317,-9.0,0.3916474878787994,-9.0,0.708836019039154,0.6475982069969177,0.5829272866249084,0.2869656980037689,0.2479391247034073,0.5719531178474426,0.4832962155342102,-9.0,0.4837786257266998,0.5248158574104309,0.8493750691413879,-9.0,0.4776536226272583,-9.0,0.9082468748092652,0.7495021224021912,0.7792879343032837,0.5236786007881165,0.3439562916755676,0.6816311478614807,0.637938380241394,-9.0,0.6806268692016602,8.0,0.14124732216199243,8.0,0.16469403704007468,False,9,8.0,low
-54.89528344455246,-6.568077115604089,6,1.093711973429032,1.0260060744365158,0.6353787126510176,0.4337416039523439,0.518238718169645,0.7711711649069999,-549_-66,6,1,2,0,4,0,5,4,5,4,3,2,4,0,1,0.6672548651695251,0.5816447138786316,-9.0,0.3590837717056274,-9.0,0.2288795709609985,0.35300013422966,0.293080061674118,0.0904077813029289,-0.1212022230029106,-0.202627345919609,-0.1193195655941963,-9.0,0.1035472601652145,0.7813088893890381,0.7626956701278687,-9.0,0.3880733847618103,-9.0,0.5186967849731445,0.5580474734306335,0.5817427635192871,0.3982136249542236,0.1860670149326324,0.2328032255172729,0.2303513884544372,-9.0,0.3066278100013733,2.0,0.39415522747569615,2.0,0.515022073354986,False,9,2.0,low
-55.48448843940645,-7.214774288641733,6,0.9491323816865468,1.0900270824365972,0.7519364622577153,0.5108870290771849,0.4624613546885009,0.6056718891870324,-555_-73,6,0,4,0,0,1,5,2,5,4,3,0,0,0,2,-9.0,0.5916087031364441,-9.0,-9.0,0.5678808093070984,0.5630746483802795,0.2538731694221496,0.2520354092121124,0.1338664293289184,0.1117073893547058,-9.0,-9.0,-9.0,0.2865205109119415,-9.0,0.7230313420295715,-9.0,-9.0,0.8038095235824585,0.8486298322677612,0.1608338057994842,0.0441328398883342,0.0675496682524681,0.085793100297451,-9.0,-9.0,-9.0,0.2023531794548034,6.0,0.6796910472214223,6.0,0.3665874719619751,False,7,6.0,low
-55.0985721933487,-6.658986622356983,6,0.8549442217598312,0.956521763075612,0.5428055280788434,0.6838479552048787,0.5763658534314057,0.7925761136734887,-551_-67,6,1,3,0,0,1,4,3,4,4,4,2,3,0,3,0.3297855257987976,0.5942453145980835,-9.0,-9.0,0.5911708474159241,0.6125492453575134,0.6178984642028809,0.3838361501693725,0.2483265697956085,0.092464692890644,0.1230441853404045,0.046802595257759,-9.0,0.44279944896698,0.321686178445816,0.756582498550415,-9.0,-9.0,0.8315382599830627,0.8558937907218933,0.8483629822731018,0.673724889755249,0.5245242714881897,0.3394843339920044,0.1360557079315185,0.3042725026607513,-9.0,0.7592997550964355,9.0,0.3026951923966408,8.0,0.3308934261401495,False,9,9.0,low
-55.44496256690519,-7.473489090468155,6,0.7892727444978699,0.9472423687284744,0.4401760651662347,0.7333005393926952,0.5839239749417645,0.8488584046505048,-555_-75,6,2,1,0,0,1,6,5,5,5,3,2,1,1,3,0.4556878209114074,0.6007443070411682,-9.0,-9.0,0.5568566918373108,0.5731527805328369,0.5112408995628357,0.5086405277252197,0.1896131932735443,-0.0481036081910133,-0.0573207736015319,-0.0479686744511127,0.0736660212278366,0.2443009167909622,0.5966630578041077,0.8160434365272522,-9.0,-9.0,0.8179200887680054,0.8210938572883606,0.7965983748435974,0.8099516034126282,0.3922127187252044,0.2727272808551788,0.2238806039094925,0.3828652799129486,0.3579235076904297,0.4584724903106689,8.0,0.42836475620667136,8.0,0.4753559920936823,False,10,8.0,mid
-55.0992010140476,-7.433064902682775,6,0.8822120082333594,0.9933029872173244,0.4261059287053806,0.639995572637088,0.5459254894570021,0.885105398878762,-551_-75,6,3,5,0,4,2,11,8,10,10,3,2,3,0,4,0.6173998713493347,0.6182919144630432,-9.0,0.6209943294525146,0.513904333114624,0.4061331450939178,0.3468705713748932,0.2970929443836212,0.3085760772228241,-0.0738293603062629,0.1168258637189865,-0.0203473940491676,-9.0,0.2279249429702758,0.712640643119812,0.7490408420562744,-9.0,0.8596066832542419,0.6614445447921753,0.7085731625556946,0.6318903565406799,0.5338369011878967,0.4937077760696411,0.2921843826770782,0.2555066049098968,0.3488213121891022,-9.0,0.3886721730232239,9.0,0.3475464954972267,9.0,0.40351438522338867,False,10,9.0,mid
-55.15292026803794,-6.821851183367853,6,0.93385308499508,1.1723803706865916,0.4200362244248805,0.4581966689829318,0.3879588533141882,0.8997499271935896,-552_-69,6,2,6,0,2,0,6,8,12,8,4,6,2,0,6,0.6599788665771484,0.5750186443328857,-9.0,0.4037709832191467,-9.0,0.2030947804450988,0.2778618335723877,0.1133667305111885,-0.0973357930779457,-0.009168641641736,0.0834409743547439,0.1167398989200592,-9.0,0.3417806625366211,0.8437719941139221,0.6475793719291687,-9.0,0.6605467200279236,-9.0,0.5919561386108398,0.624879777431488,0.4221249222755432,0.2567021548748016,0.2418334335088729,0.3429394960403442,0.2562512159347534,-9.0,0.6719295978546143,7.0,0.3084499970078468,2.0,0.4582152633617322,False,9,7.0,low
-55.354861543908,-6.899555455444192,6,0.5866711455258828,0.7689897025240728,0.1795527031194234,0.8999488822874586,0.7186136067797544,0.923006592117514,-554_-69,6,1,1,0,1,0,5,5,5,5,3,2,4,0,1,0.5880933403968811,0.622020959854126,-9.0,0.4133990705013275,-9.0,0.5631399154663086,0.5903490781784058,0.5550561547279358,0.5497018098831177,0.4108316302299499,0.3995037078857422,0.5287927389144897,-9.0,0.1740911453962326,0.6880451440811157,0.8615973591804504,-9.0,0.4451317191123962,-9.0,0.8353884220123291,0.8374851942062378,0.8192573189735413,0.7080252170562744,0.7217920422554016,0.5601660013198853,0.6353971362113953,-9.0,0.3888552486896515,10.0,0.21145084003607428,9.0,0.17623238425169674,False,9,10.0,low
-55.25245360151838,-6.636977897896054,6,0.9719998487088948,0.9594857958811956,0.4838078122839084,0.5957316496583028,0.5739411419113787,0.8669251898945796,-553_-67,6,1,1,0,1,0,5,5,4,5,4,1,4,0,2,0.4959053695201874,0.4275315701961517,-9.0,0.4179732203483581,-9.0,0.2236806899309158,0.2925282716751098,0.3233171701431274,0.3095395565032959,-0.0759231895208358,-0.004282172769308,0.0624682568013668,-9.0,0.2382401823997497,0.650602400302887,0.6699223518371582,-9.0,0.5570018887519836,-9.0,0.5422012209892273,0.5538614392280579,0.6012024283409119,0.5323536992073059,0.3192745745182037,0.3523109853267669,0.3929950594902038,-9.0,0.5348996520042419,9.0,0.18686499340193613,9.0,0.3006564948175634,False,9,9.0,low
-54.91917863111004,-6.589636682422958,6,0.8445719152017213,1.015188664871726,0.4061206516227445,0.6544057761476707,0.5274596550198583,0.887054971108767,-550_-66,6,0,1,0,1,0,5,3,4,5,4,1,3,0,2,-9.0,0.5853044986724854,-9.0,0.315851628780365,-9.0,0.6070156097412109,0.5926419496536255,0.4551697969436645,0.0515294596552848,-0.0675636157393455,-0.1100268363952636,0.0542361997067928,-9.0,0.1791378110647201,-9.0,0.84102863073349,-9.0,0.361525297164917,-9.0,0.8171676397323608,0.8426896929740906,0.7567940950393677,0.3422431945800781,0.200979471206665,0.2675469219684601,0.2232358902692794,-9.0,0.3143284022808075,8.0,0.45417429506778717,8.0,0.48973409309983257,False,9,8.0,low
-55.15292026803794,-6.83918866835136,6,0.9672789229145164,1.0517446458670603,0.5320179632926065,0.5256388471532479,0.4960569450634208,0.8371374797585469,-552_-69,6,2,2,0,2,2,6,8,10,8,6,6,4,0,4,0.5587590932846069,0.545749843120575,-9.0,0.5490710139274597,0.5372582077980042,0.2306608408689499,0.2188295125961303,0.2760322093963623,-0.2502394616603851,-0.3866197764873504,-0.3030133843421936,-0.2104310095310211,-9.0,0.2522905170917511,0.7842904329299927,0.8368988037109375,-9.0,0.7520395517349243,0.768912672996521,0.6055147051811218,0.5846351981163025,0.5977889895439148,0.064784899353981,0.1507274508476257,0.1557680517435073,0.1035180985927581,-9.0,0.3204523921012878,8.0,0.5452470149312701,8.0,0.5962255831275667,False,10,8.0,mid
-55.07306003927971,-6.857244805562162,6,0.8899121555114646,0.8227229404348119,0.3655088039196139,0.743738145843708,0.6802278140738168,0.9161671829706166,-551_-69,6,2,2,0,2,0,5,4,5,4,2,1,2,0,4,0.6794758439064026,0.7019450068473816,-9.0,0.2599325776100158,-9.0,0.6115108132362366,0.6485133767127991,0.5313016772270203,0.163336232304573,0.2972749769687652,0.3437031507492065,0.2872158288955688,-9.0,0.3170526325702667,0.7602007389068604,0.8887312412261963,-9.0,0.4574669301509857,-9.0,0.860166072845459,0.8691588640213013,0.7485837340354919,0.4259850978851318,0.4728700220584869,0.6069027185440063,0.4684885740280151,-9.0,0.3409545719623565,8.0,0.30101106663544974,2.0,0.3062836180130641,False,9,8.0,low
-55.46328819870124,-6.608501303389465,6,1.128173598878321,0.6262822580700167,0.474084080050294,0.7606028680005221,0.8102122073239214,0.8762246689196669,-555_-67,6,1,4,0,0,1,3,4,5,5,3,1,3,0,2,0.5189210772514343,0.5774257183074951,-9.0,-9.0,0.5958747267723083,0.2209757417440414,0.3315009474754333,0.3911589086055755,0.4206989109516144,0.4485102891921997,0.4184621572494507,0.345704048871994,-9.0,0.5787992477416992,0.6411483287811279,0.8096320033073425,-9.0,-9.0,0.7989235520362854,0.5784148573875427,0.6303775310516357,0.7174041271209717,0.6702659726142883,0.6838679909706116,0.6068069934844971,0.4772338271141052,-9.0,0.8177399635314941,5.0,0.10213738679885864,5.0,0.16959755929807818,False,9,5.0,low
-55.31749162808863,-6.5025899313917765,6,0.9544189805047107,0.7322150080163489,0.4026161459608465,0.7655890284412836,0.7436954539562093,0.904808003901141,-554_-66,6,0,3,0,2,0,6,3,5,4,4,1,2,1,1,-9.0,0.5795868635177612,-9.0,0.4540609419345855,-9.0,0.3055263161659241,0.4704607129096985,0.4833244979381561,0.2124714404344558,0.1544529944658279,0.1838383823633194,0.2098946869373321,0.1561959683895111,0.1347011625766754,-9.0,0.59980309009552,-9.0,0.6686610579490662,-9.0,0.6520146727561951,0.7520180940628052,0.7628185153007507,0.4959376454353332,0.2411608397960662,0.5904704332351685,0.4436002373695373,0.3258427083492279,0.3435437083244324,8.0,0.28030382394790654,8.0,0.28333276063203816,False,10,8.0,mid
-54.93211437120136,-6.582719654735238,6,1.0788461364531343,0.8363835345964762,0.5990764570570938,0.6197838019594689,0.6701514312435063,0.791602922544356,-550_-66,6,0,2,0,1,0,5,2,4,3,3,2,3,0,0,-9.0,0.4688364267349243,-9.0,0.6530744433403015,-9.0,0.6763241291046143,0.3112582862377167,0.2683780491352081,0.3080441355705261,-0.0423246994614601,0.0129682999104261,0.0817762687802314,-9.0,-9.0,-9.0,0.6460071802139282,-9.0,0.8807069063186646,-9.0,0.884958028793335,0.5233160853385925,0.5790811777114868,0.5755022764205933,0.3245958983898163,0.4027269780635834,0.509140133857727,-9.0,-9.0,6.0,0.3181636134783427,6.0,0.4427282763645053,False,9,6.0,low
-55.2924286316617,-6.504296730431603,7,0.8745483808775547,0.8674799035235803,0.4731585253101256,0.725763230272094,0.6467506802532549,0.8502721146053163,-553_-66,7,2,2,0,1,0,6,4,5,4,4,2,2,1,1,0.6391230821609497,0.5617142915725708,-9.0,0.5872735381126404,-9.0,0.5141536593437195,0.5010765194892883,0.5802717804908752,0.1490263640880584,0.0830592960119247,0.119718313217163,0.1852438598871231,0.2538172304630279,0.3836134374141693,0.7450628280639648,0.7692183256149292,-9.0,0.6699209809303284,-9.0,0.8132134079933167,0.8018608093261719,0.8465157151222229,0.4382357895374298,0.3855339884757995,0.503743588924408,0.4869392514228821,0.57432621717453,0.7084305882453918,8.0,0.2580971072117487,8.0,0.3681890616814296,False,10,8.0,mid
-54.83410817370392,-7.340448596890054,7,0.6602082153132759,0.8881394758167266,0.3230716889563967,0.8329619959554786,0.6308566971476531,0.8740295029223812,-549_-74,7,2,3,0,0,2,5,4,5,3,2,3,1,0,1,0.4487870633602142,0.3097974956035614,-9.0,-9.0,0.2576183080673218,0.5642876029014587,0.4903362095355987,0.2427001595497131,0.1800786405801773,-0.0376803055405616,0.3202710151672363,0.113268606364727,-9.0,0.3518438041210174,0.505602240562439,0.4998432993888855,-9.0,-9.0,0.368647426366806,0.851898729801178,0.7578544020652771,0.5991919040679932,0.5122606754302979,0.4042096138000488,0.6155052781105042,0.4859611093997955,-9.0,0.6451953649520874,,0.06454659203688295,7.0,0.21908501585324605,True,9,,low
-54.984935309907584,-6.747201183257522,7,0.5512303727593705,0.8742127452617172,0.2763788139979777,0.8861193633714649,0.6416009117245739,0.8538973074709828,-550_-68,7,1,2,0,2,1,4,4,5,4,4,2,2,0,3,0.5484247207641602,0.30948206782341,-9.0,0.3824212253093719,0.4966442883014679,0.5983313322067261,0.612860918045044,0.6346766948699951,0.612600564956665,0.176487922668457,0.1560326963663101,0.1845441311597824,-9.0,0.2797412872314453,0.6597873568534851,0.5167930722236633,-9.0,0.5616335868835449,0.761685311794281,0.8347870707511902,0.8498588800430298,0.8594986796379089,0.7880499362945557,0.3818999826908111,0.5024575591087341,0.4624529778957367,-9.0,0.3905622363090515,9.0,0.294668547809124,9.0,0.3252287171781063,False,10,9.0,mid
-55.39735185684685,-6.745763878802931,7,0.8214141755124992,0.6303998953084097,0.2596873683050284,0.8689006073285925,0.8077918474853891,0.9502899473940244,-554_-68,7,2,1,0,1,1,3,4,4,6,3,2,3,0,3,0.4055091738700866,0.3304740488529205,-9.0,0.4078755378723144,0.4688963294029236,0.4406876862049103,0.4345177710056305,0.3743819296360016,0.227814570069313,0.3342927694320678,0.3233347237110138,0.3695080876350403,-9.0,0.3751638233661651,0.5439114570617676,0.5625662803649902,-9.0,0.6558033227920532,0.6611195206642151,0.6431372761726379,0.5882353186607361,0.5392932295799255,0.397587776184082,0.4383865296840668,0.4949754476547241,0.554892361164093,-9.0,0.5370811223983765,7.0,0.11542611817518872,8.0,0.08288327327796391,False,10,7.0,mid
-54.945678931991566,-7.488850281826599,7,0.7240544623392704,1.154109486292486,0.4617451423630466,0.6707045072570644,0.4047330113029902,0.8022594374949096,-550_-75,7,2,2,0,2,0,4,4,5,4,2,3,2,0,3,0.6418274641036987,0.3936651647090912,-9.0,0.3277633488178253,-9.0,0.6631327271461487,0.5460006594657898,0.4429882168769836,0.4888268113136291,-0.1170718073844909,-0.0280597023665905,-0.0161228887736797,-9.0,0.214913323521614,0.7716884016990662,0.415171205997467,-9.0,0.4857864677906036,-9.0,0.8855594992637634,0.8154817223548889,0.7566812634468079,0.7350260615348816,0.2453202009201049,0.2813852727413177,0.2158769965171814,-9.0,0.4937226176261902,9.0,0.385980102632727,9.0,0.4871858962412391,False,9,9.0,low
-55.31515600834992,-6.500433974709887,7,0.8822409153997393,0.8001985443940581,0.4627504393397404,0.7609839655614077,0.6965642685856634,0.8563294736106145,-554_-66,7,1,1,0,2,0,6,2,5,4,3,1,2,0,2,0.5879577398300171,0.6032623052597046,-9.0,0.4708642065525055,-9.0,0.3291139304637909,0.2958664298057556,0.3454795479774475,0.1617567390203476,0.0801876261830329,0.1612162888050079,0.1566085815429687,-9.0,0.2340524792671203,0.6467847228050232,0.8185616135597229,-9.0,0.6588693857192993,-9.0,0.6544738411903381,0.667277991771698,0.6907127499580383,0.4562754929065704,0.2954728007316589,0.4871418178081512,0.392962247133255,-9.0,0.5125786066055298,8.0,0.2605605244636536,2.0,0.3472604859206412,False,9,8.0,low
-55.33554776529944,-6.937464360434037,7,1.0450283664838371,0.6499387061651812,0.4042586243787401,0.7780727501222802,0.7961208912492032,0.9103958732342172,-554_-70,7,1,2,0,0,0,4,4,5,6,3,3,2,0,1,0.6380403637886047,0.4680173099040985,-9.0,-9.0,-9.0,0.6192868947982788,0.4436068832874298,0.533957839012146,0.3844196200370788,0.116616316139698,0.1748497039079666,0.1867064982652664,-9.0,0.245997741818428,0.7612063884735107,0.6820552945137024,-9.0,-9.0,-9.0,0.8306506276130676,0.7409948706626892,0.818812906742096,0.5637176632881165,0.4969623386859894,0.4033512771129608,0.4764227569103241,-9.0,0.4822961390018463,8.0,0.2821939826011658,9.0,0.33351225343843305,False,8,8.0,low
-55.05446491289844,-7.017144926135439,7,0.9632098400125788,0.9052769910058468,0.6193055365604161,0.6433182630937352,0.6174677235458341,0.7512859292724635,-551_-71,7,2,2,1,1,0,6,4,6,4,3,1,1,0,2,0.2712255716323852,0.5896567106246948,0.3988326787948608,0.2287747859954834,-9.0,0.4427590072154999,0.3373757898807525,0.3919597864151001,0.2384298145771026,-0.1383177638053894,-0.0782608687877655,-0.1289935111999511,-9.0,0.0584527216851711,0.1741448640823364,0.7399579882621765,0.3840231001377105,0.4093294441699981,-9.0,0.7445924878120422,0.6569282412528992,0.6879951357841492,0.4725753664970398,0.2931276261806488,0.2538671493530273,0.2949999868869781,-9.0,0.2379356622695922,9.0,0.26371072232723236,9.0,0.4341566236689687,False,10,9.0,mid
-55.434901435723056,-7.460463518848419,7,0.8503667973792193,1.152655148252011,0.6493408873301775,0.556873324887169,0.4060624802722047,0.6994306455048417,-555_-75,7,1,1,0,1,1,6,6,5,4,2,1,3,1,2,0.6396124958992004,0.6357983350753784,-9.0,0.5958124995231628,0.6072133183479309,0.2938798069953918,0.2607192397117615,0.2802256047725677,0.0640361160039901,0.0248351339250803,-0.2555107176303863,-0.0906398072838783,-0.0582345202565193,-0.0713689997792244,0.8427292704582214,0.8719186782836914,-9.0,0.8114182353019714,0.8806462287902832,0.7447335720062256,0.6423423290252686,0.679149329662323,0.3583778142929077,0.2787114977836609,0.2038152664899826,0.1739961802959442,0.1826604902744293,0.2387158274650573,8.0,0.5424687220227151,5.0,0.5698378448271089,False,11,8.0,high
-55.07018543037053,-7.00573632202712,7,0.9359681303855378,0.6425542551666114,0.2806521085639543,0.824538476358648,0.800567753478426,0.9545035859836244,-551_-71,7,1,2,0,1,1,5,4,6,4,3,3,2,0,2,0.2686212360858917,0.2332077175378799,-9.0,0.485608160495758,0.5214127898216248,0.643252432346344,0.5277131795883179,0.4507883489131927,0.3537293970584869,0.0750109031796455,0.2658578753471374,0.4050242304801941,-9.0,0.4033187627792358,0.527307391166687,0.4791278839111328,-9.0,0.7235188484191895,0.8027727007865906,0.8728772401809692,0.8043352365493774,0.7343995571136475,0.6179138422012329,0.538221538066864,0.5185031294822693,0.7011739611625671,-9.0,0.592783510684967,8.0,0.1126149262700763,9.0,0.14823871478438383,False,10,8.0,mid
-55.33159517804931,-6.6829716404429735,7,0.8812785705999595,0.6807346308660204,0.3149007667845303,0.8253825663420791,0.7771105782075064,0.9363302867128412,-554_-67,7,1,2,0,0,2,5,3,5,5,4,2,4,0,0,0.5932378768920898,0.2320529371500015,-9.0,-9.0,0.3923157453536987,0.5945468544960022,0.6080707311630249,0.5506117939949036,0.5101244449615479,0.5482401847839355,0.6464326977729797,0.5911358594894409,-9.0,-9.0,0.7625954151153564,0.3205859661102295,-9.0,-9.0,0.6431143283843994,0.8653278350830078,0.8773797750473022,0.8414795398712158,0.7000824213027954,0.683475911617279,0.8511837720870972,0.7471821308135986,-9.0,-9.0,,-0.02706724901994073,,-0.07884397357702255,True,9,,low
-55.07009559884212,-7.364882772618104,7,0.9422751949851274,0.9219062116959876,0.6058189976081931,0.6458277567214927,0.6043024717816959,0.7604791402354492,-551_-74,7,1,4,0,2,1,6,3,5,4,3,1,1,0,3,0.647311806678772,0.3918607234954834,-9.0,0.6087542176246643,0.5597331523895264,0.3774285614490509,0.1322228014469146,0.0594827570021152,0.0769959241151809,0.0382535532116889,0.1211267635226249,0.1554937362670898,-9.0,0.3297038376331329,0.8698128461837769,0.5024909377098083,-9.0,0.8507423996925354,0.5775914788246155,0.5392720103263855,0.236498013138771,0.1308948695659637,0.1188508495688438,0.1237806230783462,0.1245585083961486,0.124221920967102,-9.0,0.4101616740226745,6.0,0.48670101187058856,5.0,0.39057648321613675,False,10,6.0,mid
-55.4833206295371,-7.265798596779719,7,0.8628676263777767,0.9760234829464725,0.4587144873633029,0.6658386159406057,0.5603206210133298,0.8604584625349637,-555_-73,7,0,6,0,2,0,10,8,10,7,5,6,0,0,6,-9.0,0.5424476265907288,-9.0,0.2251777648925781,-9.0,0.5346510410308838,0.547482967376709,0.5414595007896423,0.1489817798137664,0.0074788900092244,0.0046776491217315,-9.0,-9.0,0.3178086876869201,-9.0,0.7525838017463684,-9.0,0.31165412068367,-9.0,0.8356684446334839,0.8137457966804504,0.8334398865699768,0.5003498792648315,0.4591194987297058,0.4533686339855194,-9.0,-9.0,0.5852478742599487,8.0,0.20989693850278857,8.0,0.3585070284781978,False,8,8.0,low
-54.83824042401087,-7.3391909554922865,7,0.5707837454895529,0.8882017683191736,0.343110151525923,0.8742191264974979,0.6308083632104945,0.8180268774867145,-549_-74,7,3,2,0,1,1,4,4,5,3,2,3,1,1,2,0.5907605290412903,0.6251135468482971,-9.0,0.6218158006668091,0.2019517421722412,0.5478779077529907,0.5437235832214355,0.4827377200126648,0.3102002739906311,0.0829380825161933,0.0444348566234111,0.0294252876192331,0.1288816779851913,0.167462483048439,0.7335549592971802,0.8130462169647217,-9.0,0.6487383842468262,0.4924267828464508,0.8193593621253967,0.7219272255897522,0.7617847919464111,0.6445483565330505,0.4475668370723724,0.4059233367443084,0.413510113954544,0.449569970369339,0.4970479011535644,9.0,0.2616996280848981,9.0,0.3998941604048014,False,11,9.0,high
-55.08330083351868,-7.118834216297765,7,0.9612987337810942,0.912956441166344,0.6439663245030027,0.6389807188877318,0.6114089492980328,0.7236058444383249,-551_-72,7,1,3,0,1,1,6,3,5,5,3,3,2,0,5,0.1421319842338562,0.5814420580863953,-9.0,0.3385646641254425,0.5852981805801392,0.6601879000663757,0.5334316492080688,0.0168982353061437,0.0670995637774467,0.0810697004199028,0.0399999991059303,0.1000699773430824,-9.0,0.2762059867382049,0.46484375,0.8051352500915527,-9.0,0.4634495079517364,0.8176517486572266,0.8859482407569885,0.6265971064567566,0.2376599609851837,0.2805194854736328,0.2997468411922455,0.248671218752861,0.3277027010917663,-9.0,0.4282460212707519,7.0,0.37351322919130325,7.0,0.3766188289349278,False,10,7.0,mid
-55.32620528634459,-7.106257802320092,7,0.720425513553417,0.4469155197737345,0.1922480620750263,0.948614088361898,0.9017844593826552,0.964071257247198,-554_-72,7,1,2,0,2,1,4,3,5,4,3,0,3,0,2,0.6847038865089417,0.4714114367961883,-9.0,0.5321933627128601,0.4709129631519317,0.6332225799560547,0.614061713218689,0.5219102501869202,0.5793795585632324,0.4982401132583618,-9.0,0.6151131391525269,-9.0,0.5763484239578247,0.5622283816337585,0.5751177072525024,-9.0,0.6444998383522034,0.7123084664344788,0.8749046325683594,0.8557720184326172,0.841269850730896,0.7672281861305237,0.6681907176971436,-9.0,0.7510690689086914,-9.0,0.759432315826416,,0.002935434381167057,,0.017904094523853775,True,9,,low
-55.115909678332216,-6.507979823096493,7,0.9148663649690668,0.8792460783002556,0.354777133501525,0.693548893876176,0.6377320398314847,0.9252466901722508,-552_-66,7,4,6,0,0,0,12,4,10,10,4,4,8,0,4,0.5655577182769775,0.6195641756057739,-9.0,-9.0,-9.0,0.447860449552536,0.5148481130599976,0.5489197969436646,0.0566464178264141,0.0798543021082878,-0.1948259770870208,0.0597444474697113,-9.0,0.2999249696731567,0.6599662899971008,0.8269643783569336,-9.0,-9.0,-9.0,0.7566991448402405,0.8055329322814941,0.8336904048919678,0.296585202217102,0.2989551723003387,0.2746464014053345,0.2951603829860687,-9.0,0.5908923745155334,8.0,0.42532272338867183,8.0,0.4790812186896801,False,8,8.0,low
-55.093451796229225,-6.63940334916318,7,0.8260961803811595,1.1194885050215602,0.5522225034876016,0.6019901698707844,0.4361427861197324,0.7815717177361027,-551_-67,7,1,2,0,0,1,4,2,4,4,3,2,3,0,2,0.6394669413566589,0.6223992109298706,-9.0,-9.0,0.5935156345367432,0.5937738418579102,0.5051574110984802,0.3731269836425781,0.1994658261537552,-0.063256449997425,0.0892833694815635,-0.0865171328186988,-9.0,0.055077850818634,0.7769893407821655,0.7879979014396667,-9.0,-9.0,0.761904776096344,0.8242794871330261,0.7730787396430969,0.6689057946205139,0.4739668667316437,0.3742043673992157,0.2959949970245361,0.3736100792884826,-9.0,0.4834177494049072,8.0,0.3652871946493784,8.0,0.5157626445094744,False,9,8.0,low
-54.91720233748497,-6.58334847543412,7,0.8762680109810763,1.0746756080548725,0.7187619479243776,0.5884112056389751,0.4760175501659153,0.6057864443643286,-550_-66,7,1,3,0,1,0,5,3,4,5,2,1,4,0,1,0.70388263463974,0.2711896896362304,-9.0,0.6360856294631958,-9.0,0.6364647150039673,0.649000883102417,0.2947489321231842,0.1259734332561493,-0.2749526500701904,-0.1438695937395095,-0.2477684617042541,-9.0,0.0572049245238304,0.8194214105606079,0.3492452204227447,-9.0,0.8089602589607239,-9.0,0.8609355092048645,0.8583551049232483,0.6548007726669312,0.3697408735752105,0.1950048059225082,0.1515729278326034,0.1984486132860183,-9.0,0.2788321077823639,8.0,0.4865665137767793,8.0,0.628577883541584,False,9,8.0,low
-55.14762020786164,-6.824366466163388,7,0.840906984828948,1.2574023505766716,0.4136385496958693,0.4911747708900297,0.3082890707312317,0.8806692644904416,-552_-69,7,4,2,0,2,0,6,8,12,8,6,6,4,0,8,0.578813910484314,0.5827676057815552,-9.0,0.5939368009567261,-9.0,0.3313197493553161,0.3644859790802002,0.128739908337593,-0.1218773648142814,0.104347825050354,-0.0442496575415134,0.0137289641425013,-9.0,0.3298369646072387,0.6487202048301697,0.8403156995773315,-9.0,0.7867655754089355,-9.0,0.7044384479522705,0.7324447631835938,0.4556516110897064,0.1960818022489547,0.3316617310047149,0.3019709289073944,0.3076263964176178,-9.0,0.5798456072807312,7.0,0.38039725869894025,4.0,0.44688122638035566,False,9,7.0,low
-55.09003819814957,-6.658267970129687,7,0.8029425260195509,0.9031054304712876,0.3743299024321885,0.748405411280463,0.6191744076192268,0.8933270912719373,-551_-67,7,1,3,0,1,1,5,4,4,4,3,1,2,0,2,0.6891983151435852,0.5950970649719238,-9.0,0.5204934477806091,0.4628044664859772,0.5684969425201416,0.2036087065935135,0.3459362387657165,0.2408561408519745,0.0233117043972015,0.0346779897809028,0.1259457021951675,-9.0,0.4651571214199066,0.8177863955497742,0.7777777910232544,-9.0,0.7285681962966919,0.6694214940071106,0.8093410134315491,0.4011532068252563,0.6011162400245667,0.4528152346611023,0.2809867560863495,0.3335360288619995,0.4644028544425964,-9.0,0.5621227622032166,6.0,0.3182742519038065,6.0,0.3615761039512497,False,10,6.0,mid
-55.14636256646386,-6.825713939089566,7,0.9054312917199956,1.0320777218375297,0.3271766443950425,0.5942403851711132,0.5130365062028461,0.935538133102032,-552_-69,7,4,2,0,2,2,6,8,12,8,4,6,4,0,6,0.6061407923698425,0.6212257742881775,-9.0,0.601793110370636,0.407965749502182,0.3801154196262359,0.4078055024147033,0.210167571902275,0.0609497688710689,0.0871283411979675,0.2846780121326446,0.1571471393108368,-9.0,0.4351176917552948,0.6804209351539612,0.8696103096008301,-9.0,0.7984286546707153,0.763814389705658,0.7297385931015015,0.7474586963653564,0.5720346570014954,0.3993095457553863,0.3181973695755005,0.400581032037735,0.4704461693763733,-9.0,0.7186330556869507,7.0,0.28504495819409686,4.0,0.3396004260414177,False,10,7.0,mid
-55.08330083351868,-7.11991219463871,7,0.9191290697477138,0.8720570272140408,0.5788967054865674,0.6956062099559203,0.6432529386783926,0.7732007361791615,-551_-72,7,1,3,0,1,2,4,3,5,5,4,3,2,0,4,0.3049465417861938,0.5710702538490295,-9.0,0.3390670418739319,0.501425564289093,0.6956306099891663,0.5447570085525513,0.1719203293323516,0.1997035890817642,0.188754141330719,0.1657381653785705,0.2670275866985321,-9.0,0.4111181199550628,0.3399069905281067,0.7844254374504089,-9.0,0.4775615334510803,0.6127829551696777,0.8901342153549194,0.6754507422447205,0.3599641025066376,0.325690895318985,0.3443890213966369,0.3489121794700622,0.4168538153171539,-9.0,0.626713752746582,7.0,0.22628968457380932,7.0,0.25877251476049423,False,10,7.0,mid
-55.08689409465515,-6.641379642788243,7,0.8153358268814168,1.117374098752954,0.5119885465104449,0.6129281780689149,0.4380445163417908,0.8094974909392939,-551_-67,7,1,2,0,1,1,4,3,4,4,2,2,3,0,3,0.6293354630470276,0.5818611979484558,-9.0,0.57281094789505,0.5574771165847778,0.6180163025856018,0.407608687877655,0.3610897064208984,0.2586534023284912,0.1024129912257194,0.1381303519010543,0.0896057337522506,-9.0,0.247877299785614,0.7853205800056458,0.7579437494277954,-9.0,0.8020551800727844,0.7182940244674683,0.8576576709747314,0.695026159286499,0.670926034450531,0.5415214896202087,0.4318313002586365,0.4883357286453247,0.4453248679637909,-9.0,0.6294706463813782,8.0,0.2480208218097687,8.0,0.3652639616812978,False,10,8.0,mid
-55.29584222974135,-6.5092374644942605,7,0.8790103692311443,0.6011695840733889,0.3074393894667106,0.8635975271688155,0.8246746537168668,0.9382038256069554,-553_-66,7,1,3,0,1,0,6,4,5,5,2,2,1,1,2,0.4877370297908783,0.466011106967926,-9.0,0.4705274105072021,-9.0,0.5462974905967712,0.6063576340675354,0.5498558878898621,0.0816650763154029,-0.0765745341777801,-0.0338238514959812,0.1934477388858795,0.020152261480689,0.3206143379211426,0.6054570078849792,0.7459266781806946,-9.0,0.3453169465065002,-9.0,0.8373075723648071,0.8615502715110779,0.8481099605560303,0.3583399951457977,0.4074585735797882,0.2320403307676315,0.5622872710227966,0.3376394510269165,0.6665657162666321,8.0,0.2798895165324211,8.0,0.4368842551484704,False,10,8.0,mid
-55.14474559895245,-6.828139390356691,7,1.005731867418983,1.0988236071193158,0.3059065823874352,0.4490255002327354,0.4546442173115035,0.95188657933445,-552_-69,7,2,4,0,2,2,8,10,10,8,6,2,4,0,6,0.6390557289123535,0.4835814237594604,-9.0,0.6003672480583191,0.3318051695823669,0.4622356593608856,0.5008405447006226,0.172155499458313,0.0700000002980232,0.0858064517378807,0.1520214527845382,0.201774775981903,-9.0,0.4895666241645813,0.8212149143218994,0.6487045288085938,-9.0,0.7817531228065491,0.774271547794342,0.8095874190330505,0.8089963793754578,0.517979621887207,0.3687987625598907,0.3467591404914856,0.4482043385505676,0.5420902967453003,-9.0,0.7341742515563965,7.0,0.2810869167248408,7.0,0.30776016165812814,False,10,7.0,mid
-55.33500877612896,-6.93405076235438,7,1.0302927159624693,0.678991175765881,0.4397674384088717,0.7651257862700607,0.7782066646061219,0.8907816414028201,-554_-70,7,1,3,0,0,1,4,5,4,6,3,2,2,0,2,0.6170514822006226,0.5012787580490112,-9.0,-9.0,0.2428419888019561,0.6255576610565186,0.4044526815414428,0.4175152778625488,0.3027035593986511,0.0349650345742702,-0.0250233858823776,0.1533674150705337,-9.0,0.1951143145561218,0.7725856900215149,0.6063854098320007,-9.0,-9.0,0.3436514735221863,0.8533223867416382,0.7250284552574158,0.7648976445198059,0.4586176872253418,0.4050633013248443,0.3205575048923492,0.3809714019298553,-9.0,0.3684776723384857,8.0,0.29090766310691835,9.0,0.35488007097904173,False,9,8.0,low
-55.38585342121013,-7.472680606712446,7,0.909954413149296,0.4068394369367769,0.2088299694441003,0.9322530714460668,0.9183760700088588,0.973073433176634,-554_-75,7,2,3,0,1,1,6,4,5,4,0,3,2,0,3,0.2906666696071625,0.2559837698936462,-9.0,0.4592339694499969,0.5194713473320007,0.4798183143138885,0.4147517681121826,0.1945632994174957,0.0826427787542343,-9.0,0.4538613259792328,0.3703294694423675,-9.0,0.3701403141021728,0.5434709787368774,0.451817125082016,-9.0,0.6053400039672852,0.8008391857147217,0.7899529337882996,0.7158094048500061,0.5479452013969421,0.4312361180782318,-9.0,0.6992670297622681,0.5842111110687256,-9.0,0.6503186225891113,,0.06860932211081183,7.0,0.10901353557904558,True,9,,low
-55.3713007136074,-6.625838788372972,7,0.727190489692293,0.68675307038633,0.16689529515155,0.8778699148184954,0.7733087373457195,0.9634656696822458,-554_-67,7,0,2,0,1,0,4,5,4,5,3,3,3,0,2,-9.0,0.5072041153907776,-9.0,0.3735255599021911,-9.0,0.5615615844726562,0.550000011920929,0.3964480459690094,0.2947921752929687,0.2038668096065521,0.3522146642208099,0.4041232466697693,-9.0,0.5026900172233582,-9.0,0.7910735011100769,-9.0,0.634520411491394,-9.0,0.8412511348724365,0.8045343160629272,0.6891068816184998,0.5126988291740417,0.5265595316886902,0.6298767924308777,0.7193267941474915,-9.0,0.750256359577179,7.0,0.12987397611141205,7.0,0.13905032475789386,False,9,7.0,low
-55.40328073772204,-6.554422723285471,7,1.1393992499340138,0.7801827204856824,0.2845776583403983,0.6302356743576428,0.7107850225883903,0.9560839237149052,-555_-66,7,0,4,0,0,0,5,5,4,4,5,3,3,0,0,-9.0,0.07437414675951,-9.0,-9.0,-9.0,0.4865853786468506,0.4433347880840301,0.0583174936473369,0.0142803452908992,-0.1384057998657226,-0.0029732408002018,0.0990327075123786,-9.0,-9.0,-9.0,0.3790605366230011,-9.0,-9.0,-9.0,0.7730908989906311,0.744424045085907,0.4461454451084137,0.3353123068809509,0.1819085478782653,0.3957682847976684,0.4193932116031647,-9.0,-9.0,7.0,0.27648626764615386,7.0,0.32871447000652554,False,8,7.0,low
-55.28021154379768,-7.049214781778504,7,1.3578739137133506,0.2672211898979242,0.3053224171716113,0.934888090272558,0.964508370409098,0.9495019297726706,-553_-71,7,0,2,0,1,1,5,5,5,6,4,1,3,0,2,-9.0,0.4127304255962372,-9.0,0.449325293302536,0.5313719511032104,0.6296680569648743,0.471729040145874,0.2582253217697143,0.2498167008161544,0.2056784480810165,0.2827225029468536,0.3609332144260406,-9.0,0.5269218683242798,-9.0,0.463087260723114,-9.0,0.5487037897109985,0.6401929259300232,0.8680142760276794,0.7694581151008606,0.5979740619659424,0.5035282373428345,0.5008218884468079,0.3922926783561706,0.5649657845497131,-9.0,0.7360226511955261,7.0,0.10862372318903601,7.0,0.18491527736186986,False,10,7.0,mid
-55.44595071371772,-7.469805997803265,7,0.6789045134325606,0.9533735672411804,0.3171224977030226,0.7977452793494237,0.5789356727168935,0.8800237852504307,-555_-75,7,1,1,0,0,1,6,4,5,4,3,1,1,0,3,0.6116020679473877,0.598488450050354,-9.0,-9.0,0.6095261573791504,0.614820659160614,0.4378253221511841,0.5084561109542847,0.2781685292720794,-0.012838801369071,-0.0407215096056461,-0.030421981588006,-9.0,0.1827441602945327,0.833935022354126,0.859851598739624,-9.0,-9.0,0.8767717480659485,0.8696377277374268,0.773813784122467,0.8024771809577942,0.5243421196937561,0.201091006398201,0.3824340403079986,0.4195402264595032,-9.0,0.4150537550449371,8.0,0.4475889474153519,9.0,0.49800771834062674,False,9,8.0,low
-55.31210173638392,-6.510135779778379,7,0.9028302348351432,0.8172876032251523,0.3855793465659807,0.7399017980397035,0.6842018528643864,0.9082630119637246,-554_-66,7,2,3,0,1,0,6,2,5,5,3,2,1,0,1,0.562734067440033,0.6140947937965393,-9.0,0.3664772808551788,-9.0,0.5179934501647949,0.4874269664287567,0.4318880140781402,0.2421581000089645,0.1724920570850372,0.2508684992790222,0.1857781112194061,-9.0,0.4947173297405243,0.6952767968177795,0.8527196645736694,-9.0,0.3968056440353393,-9.0,0.80144202709198,0.8124419450759888,0.7644089460372925,0.5903614163398743,0.548561155796051,0.6009162068367004,0.3158438205718994,-9.0,0.7124654650688171,8.0,0.16688622434933986,2.0,0.23843667407830554,False,9,8.0,low
-55.08168386600726,-6.655393361220506,7,0.6854054836837311,1.2040090984031206,0.440341606048233,0.6783847407342369,0.3586182160145723,0.7922884940151815,-551_-67,7,1,3,1,1,1,4,4,4,4,4,2,2,0,3,0.6424707174301147,0.6054530739784241,0.6473900675773621,0.5782083868980408,0.5761389136314392,0.5890581011772156,0.5763029456138611,0.3230509757995605,0.156754270195961,0.0105426702648401,0.064870037138462,0.0813078060746193,-9.0,0.5776965022087097,0.7740443348884583,0.757682204246521,0.8239808082580566,0.8158319592475891,0.7917024493217468,0.8385182619094849,0.7775898575782776,0.6388059854507446,0.4668225646018982,0.2780350744724273,0.1666666716337204,0.5127896666526794,-9.0,0.8527265191078186,8.0,0.3218613833189011,7.0,0.39977565252532565,False,11,8.0,high
-55.32584596023095,-6.507351002397607,7,1.2628853623162732,0.6660268271698211,0.3874310521352402,0.6666317382735562,0.7862827573046243,0.9176113963206708,-554_-66,7,1,3,0,2,0,6,3,5,4,3,2,3,2,2,0.3249211311340332,0.2555133104324341,-9.0,0.2812533378601074,-9.0,0.3398279249668121,0.1601802557706833,0.0821475982666015,0.0590525642037391,0.231550931930542,0.2164507061243057,0.3167364001274109,0.4548159837722778,0.6282583475112915,0.4395886957645416,0.3336025774478912,-9.0,0.4059174358844757,-9.0,0.5347825884819031,0.3295774757862091,0.2597173154354095,0.2354277074337005,0.2680617868900299,0.3051257133483886,0.5471976399421692,0.5341004133224487,0.2057989239692688,,0.09284695237874985,,0.031729827634990215,True,10,,mid
-55.16504752437355,-6.957496791269902,7,0.807261864599582,1.149516774870471,0.6286757793502898,0.5994671973826053,0.4089284636480128,0.6972105084239181,-552_-70,7,2,8,0,4,2,10,10,8,12,6,4,6,0,0,0.652775228023529,0.4219494462013244,-9.0,0.6643968820571899,0.5600671172142029,0.6548933982849121,0.6204819083213806,0.2199349999427795,0.1927500069141388,-0.2592001855373382,-0.1773685663938522,-0.1995496749877929,-9.0,-9.0,0.7026975750923157,0.5707346796989441,-9.0,0.7792027592658997,0.6252403259277344,0.8768307566642761,0.8570935726165771,0.5309313535690308,0.4383479058742523,0.1536550670862198,0.1729016453027725,0.1622394770383834,-9.0,-9.0,9.0,0.5097028029461702,9.0,0.7104455990095933,False,10,9.0,mid
-55.14600324035022,-6.82499528686227,7,1.010315974558891,1.0039679697410495,0.2981309319702256,0.5281933144632361,0.536959129758303,0.9543423732125622,-552_-69,7,4,2,0,2,0,6,10,12,8,6,6,4,0,6,0.5264196395874023,0.6291025876998901,-9.0,0.6161068677902222,-9.0,0.4409330189228058,0.5202750563621521,0.0886404141783714,-0.2291759103536605,-0.1594990491867065,0.0754747092723846,-0.0626105442643165,-9.0,0.4999478757381439,0.6306359171867371,0.876288652420044,-9.0,0.816164493560791,-9.0,0.7833307385444641,0.8125529885292053,0.5103417038917542,0.1665920317173004,0.2086306512355804,0.25,0.3321045637130737,-9.0,0.7716748714447021,7.0,0.4105705877145131,7.0,0.5111045181751251,False,9,7.0,low
-54.893666477041045,-6.554332891757058,7,1.161347478457481,0.9548381353737124,0.6502001922026688,0.4456475358529628,0.5777408826138352,0.7597182241296303,-549_-66,7,2,3,0,1,0,5,2,5,4,4,2,3,0,2,0.3727929294109344,0.6195278763771057,-9.0,0.2228506803512573,-9.0,0.3163481950759887,0.4012617170810699,0.3889234662055969,-0.0200688075274229,-0.1116422936320304,-0.106290116906166,-0.0166001264005899,-9.0,0.1643740236759185,0.5919032096862793,0.7785049080848694,-9.0,0.5598845481872559,-9.0,0.6476841568946838,0.6490438580513,0.6706587076187134,0.337769091129303,0.2802431583404541,0.3130894005298614,0.3261547088623047,-9.0,0.3379351794719696,8.0,0.3305749237537384,8.0,0.40499627490838364,False,9,8.0,low
-55.036947764858105,-6.753669053303183,7,0.7745246620204852,0.7638130366571663,0.4171672816312171,0.8300538807346597,0.7222038651031951,0.8554664632728578,-551_-68,7,2,2,1,3,1,4,5,5,5,2,1,2,0,3,0.608092725276947,0.5158315300941467,0.5165436267852783,0.6276902556419373,0.6227774024009705,0.6416497826576233,0.6226525902748108,0.5256167054176331,0.477468341588974,0.2317023873329162,0.2214796096086502,0.0981693342328071,-9.0,0.4011516273021698,0.5295135378837585,0.6132831573486328,0.5115835666656494,0.8239681720733643,0.8606451749801636,0.8801301121711731,0.8408788442611694,0.8243111968040466,0.7431302070617676,0.5585877299308777,0.6133942008018494,0.4267875850200653,-9.0,0.7056074738502502,9.0,0.16028841584920883,9.0,0.33502125595178867,False,11,9.0,high
-55.15453723554936,-6.826342759788451,7,1.0939234525697696,0.8542005243353121,0.4658734153650195,0.5942769620000943,0.6568215610445277,0.8846781659258907,-552_-69,7,4,4,0,2,2,6,10,12,8,6,4,2,0,6,0.5456003546714783,0.4888442158699035,-9.0,0.276272714138031,0.489648699760437,0.2254824191331863,0.2268054336309433,0.3457897901535034,-0.0758444890379905,-0.1107142865657806,-0.0977052301168441,0.0044843051582574,-9.0,0.550787091255188,0.5854353904724121,0.6837917566299438,-9.0,0.3963032364845276,0.7211819291114807,0.5966936349868774,0.5676289200782776,0.6793986558914185,0.2225969582796096,0.2704081535339355,0.3019286692142486,0.4645992815494537,-9.0,0.8004786968231201,8.0,0.19234529435634612,2.0,0.3337216405197978,False,10,8.0,mid
-55.44118964271189,-7.432256418927066,8,1.1202562616043614,0.6992384187735493,0.5099958978940186,0.708570349705796,0.7653325895269041,0.8561802071512729,-555_-75,8,2,1,0,1,1,5,3,5,4,4,2,2,0,1,0.6316940188407898,0.6430489420890808,-9.0,0.629065990447998,0.5585516095161438,0.6616137027740479,0.3567894399166107,0.4199896454811096,0.055285271257162,-0.1175958216190338,0.0261308345943689,0.0647768825292587,-9.0,0.3285743296146393,0.8155654668807983,0.8777148127555847,-9.0,0.861334502696991,0.7466004490852356,0.877866804599762,0.682344913482666,0.7272440791130066,0.3543992340564728,0.2984405159950256,0.2785449624061584,0.4857849180698395,-9.0,0.7315257787704468,8.0,0.36864249365670343,8.0,0.4858161791626897,False,10,8.0,mid
-55.10099764461583,-6.642906778771243,8,0.8931686122789783,0.957096926394102,0.5808679576870165,0.6563324925896511,0.575895739387492,0.771597656181982,-552_-67,8,1,2,0,1,1,4,2,4,4,3,3,2,0,2,0.6497025489807129,0.3036380410194397,-9.0,0.3564107418060303,0.6035956740379333,0.6397086977958679,0.512499988079071,0.3415854573249817,0.1969202607870102,0.0140101518481969,0.0803824365139007,-0.0035622159484773,-9.0,0.1932992786169052,0.8104448914527893,0.303729772567749,-9.0,0.4996792674064636,0.8001476526260376,0.8683942556381226,0.7907355427742004,0.6647058725357056,0.4791162610054016,0.3656002283096313,0.2475976347923278,0.4624121189117431,-9.0,0.610906183719635,8.0,0.2437074082238334,8.0,0.3905244674999267,False,10,8.0,mid
-55.08833139910975,-6.644793240867896,8,0.9265550641228048,1.0100097668793149,0.4722261897211853,0.5931506749319053,0.5318524504445616,0.8676523028953612,-551_-67,8,1,3,0,1,1,4,3,4,4,3,3,3,0,3,0.694950520992279,0.6339596509933472,-9.0,0.6121437549591064,0.4194857776165008,0.4896900355815887,0.3969849348068237,0.3014022409915924,0.1090666279196739,-0.0648447200655937,-0.1001840680837631,-0.0071301246061921,-9.0,0.0431102886795997,0.7091863751411438,0.8084723949432373,-9.0,0.8293883204460144,0.6433420181274414,0.7453241944313049,0.6957681775093079,0.640190601348877,0.403041124343872,0.1975819319486618,0.233153149485588,0.099703848361969,-9.0,0.4591194987297058,8.0,0.44600467256137305,8.0,0.5109416729371462,False,10,8.0,mid
-55.33420029237325,-7.153329523207956,8,0.9006439225143447,0.718426303727787,0.2915158497485324,0.7978678718932374,0.7528424689820747,0.9479752047574046,-554_-72,8,2,2,0,1,0,6,5,5,4,4,0,2,0,1,0.6530835032463074,0.49524787068367,-9.0,0.446704626083374,-9.0,0.5597546100616455,0.6311131715774536,0.6233183741569519,0.1795314103364944,0.0598595477640628,-9.0,0.2102803736925125,-9.0,0.497961550951004,0.7595120668411255,0.5143080353736877,-9.0,0.719535768032074,-9.0,0.8428530097007751,0.852910041809082,0.8700380921363831,0.443955659866333,0.2677333354949951,-9.0,0.5709497332572937,-9.0,0.5470676422119141,8.0,0.30243290960788727,8.0,0.33129547194888204,False,8,8.0,low
-55.08653476854151,-7.41815286896639,8,0.6870282927387773,1.005144334519352,0.4797296986926653,0.7708877796239905,0.5359663674146564,0.7669368766426897,-551_-75,8,2,3,0,2,1,5,5,5,4,2,1,2,1,4,0.6403872966766357,0.6683416962623596,-9.0,0.2614061534404754,0.6057007312774658,0.6395233273506165,0.6600918769836426,0.7315140962600708,0.4070340394973755,0.1458408385515213,0.0608137026429176,0.0202231518924236,0.2060185223817825,0.1770560443401336,0.5708609223365784,0.8166894912719727,-9.0,0.4133285880088806,0.7462059855461121,0.852454423904419,0.7741842269897461,0.8831977248191833,0.6339750289916992,0.4688413739204407,0.3761111199855804,0.3760777413845062,0.2981727719306946,0.4134297966957092,9.0,0.3248354882001877,9.0,0.4547594502568245,False,11,9.0,high
-54.90291912446747,-6.558195647478774,8,1.031004679264261,1.0228326823841876,0.5370140254685258,0.4936232388069476,0.5209501033302633,0.8410665940598067,-550_-66,8,1,4,0,2,0,5,3,5,4,5,2,2,0,1,0.5812749266624451,0.4271565675735473,-9.0,0.2742034196853637,-9.0,0.3969482183456421,0.4928942024707794,0.4571428596973419,-0.0477754957973957,-0.1735537201166153,-0.1044664978981018,0.0414372645318508,-9.0,0.2039839178323745,0.6482558250427246,0.5793511867523193,-9.0,0.5134643316268921,-9.0,0.7141350507736206,0.7568356990814209,0.7302325367927551,0.2599166929721832,0.2445095181465149,0.1799901872873306,0.3314398527145386,-9.0,0.397820770740509,8.0,0.37431036730607353,8.0,0.4543449386954308,False,9,8.0,low
-54.97703013540733,-7.471782291428328,8,0.6761631373068454,0.9329565233472114,0.4795539046718529,0.8075377622630869,0.5954613648286281,0.7567246759408921,-550_-75,8,1,4,0,0,0,4,4,5,4,3,3,3,0,2,0.6283766627311707,0.3857062458992004,-9.0,-9.0,-9.0,0.6516837477684021,0.6380982398986816,0.6716417670249939,0.4509957134723663,0.0574483945965766,0.1684110313653946,-0.1204975396394729,-9.0,0.2937864959239959,0.8603980541229248,0.4246702194213867,-9.0,-9.0,-9.0,0.8668678998947144,0.8430406451225281,0.8890690803527832,0.6875567436218262,0.4187520742416382,0.1700809895992279,0.3388560116291046,-9.0,0.4824990928173065,9.0,0.4093867316842079,9.0,0.471296633904179,False,8,9.0,low
-55.31830011184434,-7.467739872649789,8,0.6204995836988914,0.6027180945184525,0.217861005731267,0.9308784244547946,0.8237978163841697,0.9331004308667252,-554_-75,8,1,1,0,0,1,5,5,5,4,2,1,3,0,2,0.4248982965946197,0.5931161642074585,-9.0,-9.0,0.5936446785926819,0.6237832307815552,0.62052321434021,0.5978233814239502,0.5440321564674377,0.1116963997483253,0.1779563724994659,0.3389483392238617,-9.0,0.4526333510875702,0.5117403268814087,0.8117427825927734,-9.0,-9.0,0.8429844379425049,0.868604302406311,0.79263836145401,0.8436073064804077,0.7811009287834167,0.3036641776561737,0.4537725746631622,0.5105290412902832,-9.0,0.6241229176521301,9.0,0.30589474311896736,9.0,0.3008086875613246,False,9,9.0,low
-54.91899896805322,-6.588648535610426,8,0.8468849341877702,1.0302845380614216,0.5995965748072818,0.6428888543001164,0.5145748899404465,0.7395002210872966,-550_-66,8,0,1,0,1,0,5,3,4,5,4,1,2,0,2,-9.0,0.610866367816925,-9.0,0.3736991584300995,-9.0,0.5972489714622498,0.6352168321609497,0.5028545260429382,0.0311598386615514,-0.0508067272603511,-0.1372259110212326,-0.0432919971644878,-9.0,0.214069589972496,-9.0,0.851476788520813,-9.0,0.5241427421569824,-9.0,0.8344391584396362,0.8413732051849365,0.7957227230072021,0.4109751284122467,0.1964517533779144,0.232664555311203,0.2084876149892807,-9.0,0.366926908493042,8.0,0.48632973134517676,8.0,0.5411962125450372,False,9,8.0,low
-55.33240366180502,-7.154587164605724,8,0.9499488244034432,0.8549408594174038,0.4214394401571093,0.6879395764294367,0.6562631343547664,0.89730013863594,-554_-72,8,2,2,0,1,0,6,6,5,4,4,1,2,0,2,0.6725358963012695,0.5978822112083435,-9.0,0.3214427232742309,-9.0,0.5509714484214783,0.5802857875823975,0.5909523963928223,-0.0332145392894744,-0.2196068912744522,0.0405618958175182,-0.0423602350056171,-9.0,0.4406833350658417,0.7354781031608582,0.7450289130210876,-9.0,0.6263414621353149,-9.0,0.822435200214386,0.8334203362464905,0.8530227541923523,0.227511316537857,0.2817855775356293,0.2462670803070068,0.3870967626571655,-9.0,0.4885596036911011,8.0,0.44304372668266295,8.0,0.5151323641339938,False,9,8.0,low
-55.43310480515481,-7.4627991385871315,8,0.9092937747723844,1.0964026734207186,0.5820404815397995,0.5428644902050953,0.4567991434992101,0.7865387534827127,-555_-75,8,2,1,0,1,1,6,6,5,4,2,1,3,0,2,0.2586865425109863,0.5651260614395142,-9.0,0.4899640679359436,0.5100298523902893,0.3040798604488373,0.2551093995571136,0.2573547661304474,0.0699808821082115,-0.1012376993894577,-0.1953352838754654,-0.0720606818795204,-9.0,-0.0424560606479644,0.4565053284168243,0.825421154499054,-9.0,0.6726755499839783,0.8087934851646423,0.652092456817627,0.5269855260848999,0.5610803961753845,0.3393968343734741,0.225178450345993,0.2085987329483032,0.201309323310852,-9.0,0.2422268241643905,8.0,0.4000228094203132,8.0,0.4454147045101438,False,10,8.0,mid
-55.09030769273481,-7.421027477875574,8,0.7913635152002736,1.0416251633285034,0.473953105263226,0.6790679358085591,0.5048180416221187,0.8267015004580056,-551_-75,8,1,3,0,2,1,4,5,5,5,2,1,1,0,3,0.6315087080001831,0.4101000130176544,-9.0,0.4597315490245819,0.2701505720615387,0.2741097509860992,0.3217907547950744,0.3702404797077179,0.3536245226860046,0.1355536729097366,0.0293874163180589,-0.0157539378851652,-9.0,0.0919435620307922,0.831397533416748,0.5162644386291504,-9.0,0.6698656678199768,0.5477603673934937,0.5513038039207458,0.5815330147743225,0.5650929808616638,0.5215460658073425,0.4288002252578735,0.2803088724613189,0.3234700858592987,-9.0,0.3294541537761688,10.0,0.2682071957323286,9.0,0.32612436544150114,False,10,10.0,mid
-54.88567147101238,-6.557746489836715,8,1.2324510721538438,1.0113024506897963,0.5205420159915105,0.3187548647261182,0.5307573138477335,0.8405098966904307,-549_-66,8,2,2,0,1,0,5,1,5,4,4,3,4,0,2,0.5383595824241638,0.2209841012954712,-9.0,0.1018087863922119,-9.0,0.380204439163208,0.5427542924880981,0.5606194734573364,-0.1236897259950637,-0.1770763397216797,-0.176792562007904,-0.1774131953716278,-9.0,0.3550313413143158,0.4861533641815185,0.4434576630592346,-9.0,0.4693315029144287,-9.0,0.6831863522529602,0.7835587859153748,0.7971974611282349,0.0729532539844513,0.1391385197639465,0.2217709124088287,0.3175799548625946,-9.0,0.5591822862625122,8.0,0.3483558694521586,8.0,0.45077654222647345,False,9,8.0,low
-55.492842771548766,-7.277656358530097,8,0.6749621095835692,0.6614314753703724,0.2052834612005488,0.9019893592518536,0.7891137607293559,0.9450841632643288,-555_-73,8,0,6,0,0,0,10,10,10,8,8,6,6,2,6,-9.0,0.3347094357013702,-9.0,-9.0,-9.0,0.3821955621242523,0.4289841055870056,0.3976501822471618,0.1143900230526924,0.066459521651268,0.0938153192400932,0.1005186438560485,0.3132205903530121,0.3340290188789367,-9.0,0.3615160286426544,-9.0,-9.0,-9.0,0.704800009727478,0.7192507982254028,0.702136218547821,0.3775855600833893,0.3961581885814667,0.3976433575153351,0.3088559210300445,0.4423807561397552,0.6329033374786377,8.0,0.19600457698106766,8.0,0.2154793019096057,False,9,8.0,low
-55.47721208560509,-7.07796087087033,8,0.8418462688130218,0.6772244349470194,0.378788537131482,0.841836826548095,0.779314977337702,0.8969878544037349,-555_-71,8,0,4,0,0,0,5,4,5,6,3,2,2,0,3,-9.0,0.564220666885376,-9.0,-9.0,-9.0,0.4641744494438171,0.4909090995788574,0.4530691802501678,0.037352554500103,-0.0999115854501724,0.0263769589364528,0.0302872732281684,-9.0,0.4123553931713104,-9.0,0.7276384234428406,-9.0,-9.0,-9.0,0.7863929867744446,0.7849105596542358,0.790316104888916,0.3169717192649841,0.3017902672290802,0.2893233597278595,0.2619009613990783,-9.0,0.7276368737220764,8.0,0.39278988242149354,8.0,0.4118012301623821,False,8,8.0,low
-54.90049367320035,-6.573736501894041,8,1.0168984863740211,0.9426493654135504,0.5572886892514535,0.5746837128416437,0.5876464411330868,0.8226201870424843,-550_-66,8,1,4,0,2,0,4,3,5,5,3,1,3,0,2,0.7056276798248291,0.4642627239227295,-9.0,0.3604428768157959,-9.0,0.343705803155899,0.4508150517940521,0.4689975380897522,-0.0132208159193396,-0.1408312916755676,0.0002437241055304,0.0006975121796131,-9.0,0.3119779825210571,0.7049567103385925,0.6168941855430603,-9.0,0.4763517081737518,-9.0,0.6687159538269043,0.7304726839065552,0.7557950019836426,0.3007044792175293,0.3131539523601532,0.4176165759563446,0.4428427815437317,-9.0,0.4096283912658691,8.0,0.2820751378933588,8.0,0.433868523358251,False,9,8.0,low
-55.48547658621898,-7.271008825427613,8,0.9387464345948454,0.9650858932606772,0.5051534004818085,0.6169217161766516,0.5693462657502713,0.8473885920610492,-555_-73,8,0,8,0,2,0,10,8,10,8,6,6,4,0,6,-9.0,0.4613601267337799,-9.0,0.2444681972265243,-9.0,0.4497659206390381,0.5187953114509583,0.5756315588951111,0.0838838368654251,-0.0659831762313842,-0.164531797170639,0.0493959747254848,-9.0,0.3486607074737549,-9.0,0.484689861536026,-9.0,0.4933299124240875,-9.0,0.7650153636932373,0.8015041351318359,0.8313194513320923,0.4107722342014313,0.3744680881500244,0.2911262810230255,0.2918043732643127,-9.0,0.7125850319862366,8.0,0.2590205430984497,8.0,0.399719113856554,False,9,8.0,low
-55.43876419144477,-7.431717429756597,8,1.006951408691766,0.8670221995077437,0.5126457803999434,0.6424929421017941,0.6470997040294886,0.8499916203524478,-555_-75,8,3,3,0,1,1,5,5,5,4,3,2,2,0,1,0.5784357190132141,0.4917181730270386,-9.0,0.6080648899078369,0.6009693145751953,0.6350092887878418,0.3232413232326507,0.3971428573131561,0.0529092326760292,-0.0120837017893791,0.0317508317530155,0.0722415223717689,-9.0,0.1753438115119934,0.739892840385437,0.6554183959960938,-9.0,0.8458933234214783,0.8284133076667786,0.8829656839370728,0.6950570344924927,0.7514326572418213,0.3700787425041199,0.3222879767417907,0.3240201771259308,0.4869579672813415,-9.0,0.5691803097724915,8.0,0.3567911429064614,8.0,0.4551935986748764,False,10,8.0,mid
-54.92205324001922,-6.585414600587596,8,0.7971361157316627,0.9018347923082064,0.5994813710068159,0.7525404206615594,0.6201716805753443,0.6805414340830377,-550_-66,8,1,3,0,1,0,5,3,4,5,2,1,3,0,2,0.5993623733520508,0.1791197508573532,-9.0,0.6011701822280884,-9.0,0.633152961730957,0.6536718010902405,0.6420175433158875,0.1716469824314117,-0.0905540660023689,-0.0685782581567764,-0.0449185855686664,-9.0,0.2085049897432327,0.4464199841022491,0.3011068403720855,-9.0,0.8433904051780701,-9.0,0.8331202268600464,0.8411843776702881,0.855413556098938,0.4933569431304931,0.3152135610580444,0.3036789298057556,0.3624349236488342,-9.0,0.3075485229492187,9.0,0.3369227775505611,8.0,0.516195556273063,False,9,9.0,low
-55.06281924504075,-7.016156779322907,8,1.1789056115491523,0.7727004249269743,0.7118654844044038,0.6130026599357506,0.7160281933382322,0.6781888128970597,-551_-71,8,1,2,0,1,1,5,4,6,4,3,2,2,0,1,0.7312290668487549,0.46171835064888,-9.0,0.6204347610473633,0.6303467154502869,0.6276245713233948,0.6804384589195251,0.4006988108158111,0.1486365050077438,-0.269901841878891,-0.2480041831731796,-0.272091269493103,-9.0,-0.2100986689329147,0.6160714030265808,0.5624388456344604,-9.0,0.8436804413795471,0.8612182140350342,0.8917965292930603,0.8239780068397522,0.7282289862632751,0.4943469762802124,0.2807269394397735,0.1911276876926422,0.2202957719564438,-9.0,0.3297508656978607,9.0,0.47224460914731026,9.0,0.7876648958772421,False,10,9.0,mid
-55.11025029204226,-6.504656056545249,8,0.9124424620832848,1.0023427749561438,0.5166149544858224,0.6101233112216472,0.5383294477725052,0.8346906049354632,-552_-66,8,4,6,0,4,0,12,4,10,10,2,2,6,0,6,0.5761886239051819,0.4799080491065979,-9.0,0.26469686627388,-9.0,0.3147587180137634,0.4538003802299499,0.4261036515235901,-0.0622663684189319,-0.1571931093931198,-0.1806142628192901,-0.0776135772466659,-9.0,0.4522671997547149,0.720281720161438,0.5482443571090698,-9.0,0.2936623990535736,-9.0,0.5661375522613525,0.7020790576934814,0.7004449963569641,0.2260857373476028,0.2080679386854171,0.2114142924547195,0.3391608297824859,-9.0,0.7535648345947266,8.0,0.2408162871996562,8.0,0.42432673846681906,False,9,8.0,low
-55.31470685070786,-6.51148325270456,8,0.931623896119617,0.8992194009140648,0.4401603959261008,0.6691482627049808,0.6222212430938858,0.8850831825987138,-554_-66,8,2,3,0,1,0,5,2,5,4,2,2,2,1,2,0.5625301599502563,0.5485231876373291,-9.0,0.3551444113254547,-9.0,0.4679571092128753,0.4306491613388061,0.4016435444355011,-0.1304097771644592,-0.2884188592433929,-0.1568715125322342,0.0242349561303854,0.3190416097640991,0.3307412266731262,0.7518406510353088,0.8355736136436462,-9.0,0.3880286514759063,-9.0,0.760351300239563,0.7190963625907898,0.697139322757721,0.1943127959966659,0.2068201899528503,0.2474789172410965,0.2818403840065002,0.4427586197853088,0.5243058800697327,8.0,0.37575218578179687,8.0,0.44468832171211636,False,10,8.0,mid
-55.08303133893344,-6.6523390892544985,8,0.7879275938685499,1.1632622591128818,0.5152268062159966,0.6085483317347113,0.3963465604643528,0.7952684687417271,-551_-67,8,1,3,0,1,1,4,3,4,4,3,2,2,0,3,0.5763000845909119,0.6134577393531799,-9.0,0.5825825929641724,0.5154471397399902,0.6452142596244812,0.6672104597091675,0.4511189758777618,0.2678851187229156,0.0417145043611526,0.0341169126331806,-0.0878257304430008,-9.0,0.2870191037654876,0.6057316660881042,0.8244931697845459,-9.0,0.7869454622268677,0.7096436023712158,0.8747660517692566,0.8342806100845337,0.7311475276947021,0.5410980582237244,0.3124397397041321,0.3291443884372711,0.3723293840885162,-9.0,0.6350210905075073,8.0,0.32870890923908774,9.0,0.47114584874361753,False,10,8.0,mid
-54.90597339643348,-6.549481989222814,8,1.0869956846903035,0.9560810718549018,0.5068616625710491,0.5068617463989614,0.5767259266945652,0.8619446866397614,-550_-66,8,1,2,0,2,0,5,3,5,5,5,2,2,0,1,0.6354228854179382,0.2466283589601516,-9.0,0.3208179771900177,-9.0,0.4094947874546051,0.5008488893508911,0.4875951707363128,0.0658415853977203,-0.0439534336328506,-0.0239347424358129,-0.0149803534150123,-9.0,0.1432958096265792,0.7279226183891296,0.3193496465682983,-9.0,0.6859221458435059,-9.0,0.7285180687904358,0.7827715277671814,0.7848511934280396,0.3665502965450287,0.3562521040439605,0.2660448253154754,0.4163135588169098,-9.0,0.2824339866638183,8.0,0.33403691252072654,8.0,0.40821423841019466,False,9,8.0,low
-54.98259969016888,-6.753848716360006,8,0.4774875315542451,1.1588310602275154,0.2898208509251682,0.8507806256162972,0.4004109439468243,0.7423642480984673,-550_-68,8,0,3,0,1,1,5,4,5,5,5,2,2,1,2,-9.0,0.4517808854579925,-9.0,0.4913884699344635,0.4291243255138397,0.5199187994003296,0.571259081363678,0.5540300011634827,0.5154291391372681,0.0874300822615623,0.0996328666806221,0.1633057445287704,0.1774040013551712,0.1247047111392021,-9.0,0.6638815999031067,-9.0,0.7561342120170593,0.7340769171714783,0.7827380895614624,0.8189865946769714,0.7981759309768677,0.7053716778755188,0.2795289158821106,0.3236818015575409,0.3803596198558807,0.2866308391094208,0.4797971546649933,9.0,0.40133819409779137,9.0,0.3742089048027992,False,11,9.0,high
-55.443884588564245,-7.463966948456486,8,0.6831194453300771,0.954653792388296,0.3725921739454226,0.7947853185736832,0.5778913372714277,0.8502609288918394,-555_-75,8,1,1,0,0,1,5,5,5,5,3,1,2,1,3,0.5937579870223999,0.1083669364452362,-9.0,-9.0,0.6323356032371521,0.6754934787750244,0.6718072295188904,0.6700302958488464,0.2024684101343155,-0.120300754904747,0.0142826689407229,0.0806799754500389,0.0914113521575927,0.2135273367166519,0.7964244484901428,0.2473057359457016,-9.0,-9.0,0.8744248747825623,0.8964577913284302,0.8741220831871033,0.8946765661239624,0.4052197933197021,0.2948616743087768,0.3283081948757171,0.3791322410106659,0.4037467837333679,0.5057331323623657,8.0,0.3777349467078845,8.0,0.4782870903921624,False,10,8.0,mid
-54.896990243592285,-6.547056537955692,8,1.1783415157161683,0.9053122769311504,0.659362768310856,0.4829576685748138,0.6174399673860393,0.7514372353460009,-549_-66,8,1,1,0,2,0,4,3,5,5,5,3,3,0,2,0.6309041976928711,0.2433319687843322,-9.0,0.4775455892086029,-9.0,0.550000011920929,0.6277886629104614,0.5952597856521606,-0.2152716666460037,-0.303006112575531,-0.2475775182247162,-0.2476472109556198,-9.0,0.2478260844945907,0.7476500272750854,0.3630229532718658,-9.0,0.6876587271690369,-9.0,0.8481528759002686,0.8662777543067932,0.8582426309585571,0.1833480894565582,0.2073732763528823,0.2483922839164734,0.3529980778694153,-9.0,0.365763396024704,8.0,0.4569258034229279,8.0,0.6739403208096822,False,9,8.0,low
-55.495627548929534,-7.266696912063841,8,0.9787472659546002,0.9803538311381008,0.4521309127456328,0.5739142523038118,0.556728656073929,0.8867030600864632,-555_-73,8,0,8,0,2,0,12,6,10,7,6,6,4,2,6,-9.0,0.5121465921401978,-9.0,0.3148471713066101,-9.0,0.4803826510906219,0.5455406904220581,0.5451263785362244,0.0831460654735565,0.0745619088411331,0.2303090691566467,0.2032234370708465,0.3255688846111297,0.4029566049575805,-9.0,0.5778238773345947,-9.0,0.6101604104042053,-9.0,0.8070739507675171,0.838081419467926,0.8390348553657532,0.4728800654411316,0.5325056910514832,0.3105352520942688,0.5612167119979858,0.5144319534301758,0.7746410965919495,8.0,0.2067331075668335,8.0,0.2596477016806603,False,10,8.0,mid
-54.89995468402988,-6.561519414030014,8,0.977026775467296,1.0360928478148363,0.5605993119638463,0.5299196984095522,0.5095859292872452,0.8175489493364646,-549_-66,8,1,3,0,3,0,5,3,5,5,3,2,3,0,1,0.6534366011619568,0.4874074161052704,-9.0,0.3686056733131408,-9.0,0.4514026641845703,0.4668335318565368,0.5061867237091064,0.0606488026678562,-0.0851282030344009,-0.1243104562163353,-0.1198738142848014,-9.0,0.1619619578123092,0.7599175572395325,0.6555948257446289,-9.0,0.7175348401069641,-9.0,0.7717052698135376,0.759759783744812,0.7606837749481201,0.3515456616878509,0.3141804933547973,0.2854990661144256,0.3175914883613586,-9.0,0.3419653177261352,8.0,0.4153762698173523,8.0,0.5103191109995048,False,9,8.0,low
-55.1676526386975,-6.959383253366552,8,0.9504916161042852,1.0585541422215288,0.6237542867426984,0.5351197458878162,0.4901328723862012,0.7588722988718295,-552_-70,8,0,8,0,4,0,10,8,9,12,6,4,6,0,2,-9.0,0.5239280462265015,-9.0,0.5119442939758301,-9.0,0.6032893657684326,0.6210163831710815,0.2106038331985473,0.1983304172754287,-0.2977469563484192,-0.0068337130360305,-0.1218738555908203,-9.0,0.1185213103890419,-9.0,0.7320303320884705,-9.0,0.7021225094795227,-9.0,0.8345230221748352,0.8444952368736267,0.5515288710594177,0.4801263809204101,0.1668266505002975,0.1442067921161651,0.2735314965248108,-9.0,0.311107188463211,9.0,0.4668863601982594,7.0,0.5482110163041701,False,9,9.0,low
-55.08069571919473,-7.414739270886736,8,0.7482477028332789,0.8483103614755412,0.510527173467134,0.8052221719945941,0.661251595510614,0.7587247352443777,-551_-75,8,1,5,0,2,1,5,5,5,4,2,3,1,0,2,0.6551724076271057,0.6478323340415955,-9.0,0.5312543511390686,0.5017182230949402,0.5476546287536621,0.5425184965133667,0.5889855027198792,0.3759326040744781,0.0591685809195041,0.0352644845843315,0.0081925243139266,-9.0,0.1358288824558258,0.8361543416976929,0.7949865460395813,-9.0,0.7293114066123962,0.7252269983291626,0.7837465405464172,0.7629529237747192,0.8074513673782349,0.5584025979042053,0.3834110498428345,0.3054526150226593,0.3551273345947265,-9.0,0.3918741941452026,9.0,0.39081279188394547,9.0,0.489269950427115,False,10,9.0,mid
-55.49850215783872,-7.266247754421782,8,0.7148175473311186,0.880997808432487,0.2991504442824995,0.8081731834427388,0.6363817773928668,0.9056338357426482,-555_-73,8,0,8,0,2,0,10,6,10,7,6,6,2,0,6,-9.0,0.4989595413208008,-9.0,0.5530179738998413,-9.0,0.6211581826210022,0.6479201316833496,0.6498407125473022,0.3462561666965484,0.2723180651664734,0.2941814661026001,0.2138885110616684,-9.0,0.3160727918148041,-9.0,0.5212953090667725,-9.0,0.7418718934059143,-9.0,0.8841887712478638,0.8864762187004089,0.8911957144737244,0.6398147940635681,0.5903975963592529,0.5387840867042542,0.6129032373428345,-9.0,0.6604139804840088,8.0,0.176542842388153,8.0,0.3056359082460403,False,9,8.0,low
-55.16414920908943,-6.811251063015243,8,1.0280683100029713,0.2132042563693733,0.1617855747359179,0.9760742127247956,0.9773579360613232,0.9847128113414518,-552_-69,8,4,6,0,2,0,8,6,10,8,6,4,4,0,4,0.5159726738929749,0.5901639461517334,-9.0,0.5476781129837036,-9.0,0.5712758302688599,0.5835871696472168,0.5087656378746033,0.4110467731952667,0.2761291861534118,0.268453985452652,0.3201830983161926,-9.0,0.5038703680038452,0.6369692087173462,0.7587912082672119,-9.0,0.6367385387420654,-9.0,0.8463149070739746,0.8286778330802917,0.8102596998214722,0.6510435938835144,0.5870757102966309,0.5526962280273438,0.4893041551113128,-9.0,0.7893221974372864,8.0,0.139070188999176,8.0,0.19697054624557497,False,9,8.0,low
-55.23287032832457,-6.765436983525147,8,1.4534186058863123,0.3377101615662521,0.3100741599780491,0.8819399403506265,0.9435158248217604,0.9497506529665568,-553_-68,8,1,3,0,1,2,5,4,6,4,4,3,2,0,2,0.6187119483947754,0.5782116055488586,-9.0,0.5137420892715454,0.3897564709186554,0.6507859826087952,0.5926766991615295,0.6292217373847961,0.3125514984130859,0.4302527606487274,0.425854742527008,0.4789306819438934,-9.0,0.3093732595443725,0.7319163680076599,0.7592692375183105,-9.0,0.6854990720748901,0.5007075667381287,0.8877212405204773,0.8303702473640442,0.8707320690155029,0.5840238928794861,0.6193216443061829,0.720703125,0.7242472171783447,-9.0,0.4590852856636047,8.0,0.13084031002862118,8.0,0.17619405899729046,False,10,8.0,mid
-54.89779872734799,-6.548044684768223,8,1.0121818561907567,1.1553783595631897,0.5673875762770568,0.3906552649063937,0.4035723837917011,0.8208905260907995,-549_-66,8,1,1,0,2,0,4,2,5,4,5,3,3,0,2,0.6598891019821167,0.2818657159805298,-9.0,0.3653470277786255,-9.0,0.372488409280777,0.4391231834888458,0.4636494815349579,0.0527491606771945,-0.0168728902935981,-0.0086549706757068,0.0761374160647392,-9.0,0.2516072690486908,0.7650141716003418,0.3618111908435821,-9.0,0.5660827159881592,-9.0,0.7170906066894531,0.7446562647819519,0.7557031512260437,0.3588593304157257,0.3677621185779571,0.3804560303688049,0.5042180418968201,-9.0,0.3767229914665222,8.0,0.2541226476430893,8.0,0.35940062304337816,False,9,8.0,low
-54.89339698245581,-6.566639811149498,8,0.9586288736998242,0.9211032029058056,0.5538765899170468,0.634839057110055,0.604942078143724,0.8129930036964167,-549_-66,8,1,2,0,2,0,5,3,5,4,2,2,2,0,2,0.6767624020576477,0.5291406512260437,-9.0,0.3989386260509491,-9.0,0.4872149229049682,0.5507587194442749,0.5986871123313904,0.3421206176280975,0.0018842529971152,0.0058074877597391,0.0939597338438034,-9.0,0.2627592384815216,0.7701212763786316,0.7031333446502686,-9.0,0.4655547440052032,-9.0,0.7682826519012451,0.8090251684188843,0.8306189179420471,0.6169196367263794,0.3826151490211487,0.4139308631420135,0.3366916477680206,-9.0,0.3449865579605102,9.0,0.3395376226731709,9.0,0.42084347196422256,False,9,9.0,low
-55.10288410671248,-6.663478198777581,8,0.8786024442933486,0.8159047043342142,0.4734732741191197,0.753875202466268,0.6852097363552098,0.848336127189717,-552_-67,8,2,7,2,0,2,8,5,8,8,2,5,6,0,6,0.7091518044471741,0.6462500095367432,0.619663417339325,-9.0,0.6584610939025879,0.6127110123634338,0.6000000238418579,0.3934071958065033,0.2307692319154739,-0.0029029792640358,0.0499637946486473,0.2225022912025451,-9.0,0.6142197847366333,0.7830023765563965,0.7841499447822571,0.7847862243652344,-9.0,0.8341630101203918,0.8382923603057861,0.8078237771987915,0.7224448919296265,0.5484745502471924,0.3837998211383819,0.435169905424118,0.6302521228790283,-9.0,0.8749463558197021,8.0,0.21899467536381312,7.0,0.38971300706422574,False,10,8.0,mid
-55.07422784914907,-7.438454794387491,8,0.635809018071303,1.106986415686432,0.5816464925550743,0.7623679705599284,0.4473587570273226,0.5947752560197399,-551_-75,8,1,4,0,1,1,4,4,5,5,2,3,2,0,2,0.4652928411960602,0.6528259515762329,-9.0,0.612666130065918,0.576301634311676,0.6437158584594727,0.632824182510376,0.6462882161140442,0.3875033557415008,-0.3064870536327362,-0.2457725256681442,-0.228251501917839,-9.0,-0.020815560594201,0.5915963053703308,0.8356743454933167,-9.0,0.8102189898490906,0.802874743938446,0.8749777674674988,0.841269850730896,0.876288652420044,0.6306334733963013,0.2146704345941543,0.1181318685412406,0.1946666687726974,-9.0,0.1964974403381347,9.0,0.6019501630216837,9.0,0.7775089317001402,False,10,9.0,mid
-54.9760419885948,-6.743068932950569,8,0.6312578817386114,1.0397432997514042,0.3491700383371266,0.7922271882830978,0.5064416199311742,0.8327472802064566,-550_-68,8,1,2,0,2,1,4,4,5,4,2,2,3,0,2,0.5303067564964294,0.3556196093559265,-9.0,0.4388224482536316,0.5066148042678833,0.5225927233695984,0.5544326901435852,0.581108808517456,0.6202160120010376,0.1165769174695015,0.1176063194870948,0.0611246936023235,-9.0,0.2617295384407043,0.7322221994400024,0.4570233821868896,-9.0,0.6298032999038696,0.7948083877563477,0.7950036525726318,0.8141529560089111,0.8283582329750061,0.7978692054748535,0.4010226428508758,0.4282173812389374,0.4578434526920318,-9.0,0.3383752107620239,9.0,0.32479049265384674,9.0,0.3744548643007875,False,10,9.0,mid
-54.881718883762254,-6.556488848438947,8,1.1168340713873393,0.9916612073977084,0.6279447104013002,0.4468805639921119,0.5473002915951793,0.777846992454474,-549_-66,8,1,3,0,2,0,5,2,5,4,4,2,3,0,1,0.6218515038490295,0.5545279383659363,-9.0,0.4616025984287262,-9.0,0.3065970540046692,0.181232750415802,0.40501469373703,0.137168139219284,-0.0686098635196685,-0.0251489076763391,-0.0084069846197962,-9.0,0.2371093034744262,0.6325321197509766,0.6899874210357666,-9.0,0.6671597361564636,-9.0,0.5345596671104431,0.4392313957214355,0.6883822083473206,0.4776819348335266,0.3085525333881378,0.343773752450943,0.4547754526138305,-9.0,0.5301649570465088,4.0,0.19108618795871735,2.0,0.4074609673892458,False,9,4.0,low
-54.912081940365496,-6.582809486263647,9,0.7792542949863805,1.134530773430856,0.624124589617692,0.6339950655124658,0.4225577560223265,0.68176747682737,-550_-66,9,2,2,0,1,0,5,3,5,5,3,2,2,0,1,0.6545710563659668,0.3944610059261322,-9.0,0.5171986222267151,-9.0,0.6312981843948364,0.6684892177581787,0.3264781534671783,0.1365363150835037,-0.1591233909130096,-0.0407400131225585,-0.0963023155927658,-9.0,0.1966855674982071,0.7492936849594116,0.6185963153839111,-9.0,0.7448325157165527,-9.0,0.8594594597816467,0.8655083775520325,0.6890343427658081,0.4980854094028473,0.3300678133964538,0.2992136478424072,0.3677736818790436,-9.0,0.2575618624687195,9.0,0.4041757636836597,8.0,0.5246714740991593,False,9,9.0,low
-55.44972363791103,-7.475914541735277,9,0.6892916828925566,0.7886880790356124,0.2908295135519424,0.8558335484193301,0.7047766370282272,0.906627430581885,-555_-75,9,1,3,0,2,1,6,5,5,5,2,2,2,0,2,0.6545273661613464,0.6127110123634338,-9.0,0.4074006676673889,0.6285563707351685,0.6243917346000671,0.4656099677085876,0.5387559533119202,0.2564291059970855,-0.0551050119102001,-0.1990264952182769,0.0062245628796517,-9.0,0.0506040565669536,0.8541480898857117,0.7503772377967834,-9.0,0.5425032377243042,0.8910982012748718,0.8648743033409119,0.7405042052268982,0.8128523230552673,0.3459267914295196,0.2632749378681183,0.2219471931457519,0.2701722681522369,-9.0,0.3415805697441101,8.0,0.4908993048327309,9.0,0.5728734942385927,False,10,8.0,mid
-55.08392965421756,-6.647128860606605,9,0.9006207338856846,0.819422391141087,0.4657478101084704,0.7398231953196956,0.6826434097671304,0.859838207911339,-551_-67,9,1,3,0,1,1,4,3,4,4,4,2,2,0,2,0.6461191773414612,0.4207188189029693,-9.0,0.604860246181488,0.5613048076629639,0.6227903962135315,0.5954850316047668,0.3358767330646515,0.1555802971124649,-0.0637557953596115,0.0886109247803688,0.0285783782601356,-9.0,0.4059483408927917,0.8087309002876282,0.4993306696414947,-9.0,0.8462398648262024,0.7983933687210083,0.882805347442627,0.8592250347137451,0.6738371253013611,0.455310195684433,0.2215780168771743,0.42871955037117,0.4828190803527832,-9.0,0.736426591873169,8.0,0.3019667859588351,8.0,0.4180297438587461,False,10,8.0,mid
-54.896720749007045,-6.562507560842546,9,1.0038004198192112,0.8098637363578223,0.5312136715322847,0.6873649198597352,0.6895971205585762,0.832711959689003,-549_-66,9,1,2,0,2,0,4,3,5,4,4,2,4,0,2,0.6427580118179321,0.378635972738266,-9.0,0.3852216601371765,-9.0,0.5568563938140869,0.5749451518058777,0.594298779964447,0.3783407509326935,0.0372223034501075,0.0312539860606193,0.0977760255336761,-9.0,0.2707140147686004,0.7942885756492615,0.5031039118766785,-9.0,0.6380582451820374,-9.0,0.8168604373931885,0.8156785368919373,0.8396475911140442,0.6754652857780457,0.4332181215286255,0.470620334148407,0.3852540552616119,-9.0,0.4892601370811462,9.0,0.28156934997865135,9.0,0.3923379491482463,False,9,9.0,low
-55.43741671851859,-7.467200883479316,9,0.9758921671277664,0.7464805087677904,0.5003608642962382,0.746184199523414,0.7340833539166095,0.8459667841945867,-555_-75,9,2,1,0,1,1,6,5,5,4,2,1,1,1,2,0.2780445218086242,0.5175952911376953,-9.0,0.5241912603378296,0.5454216599464417,0.519212543964386,0.4049945771694183,0.4321851432323456,0.2824880480766296,-0.0779099315404892,-0.0808444917201995,-0.0229459665715694,0.0885428786277771,0.0996427163481712,0.4531017243862152,0.785508930683136,-9.0,0.7393009066581726,0.8294773101806641,0.7658966183662415,0.6410906910896301,0.7871054410934448,0.5326958894729614,0.3282001912593841,0.3615560531616211,0.3793103396892547,0.3436603546142578,0.4399584233760834,9.0,0.321235116571188,9.0,0.43671958968043323,False,11,9.0,high
-55.15606437153235,-6.811251063015243,9,0.7859564870053015,0.6641321538057015,0.3232834221058832,0.8668341678539929,0.7874520011452725,0.9165586602378848,-552_-69,9,4,6,0,0,0,8,10,10,8,2,4,2,0,4,0.6708627939224243,0.6512192487716675,-9.0,-9.0,-9.0,0.6246992945671082,0.6321839094161987,0.6263354420661926,0.3549808859825134,0.1947330236434936,0.2107458263635635,0.2932087182998657,-9.0,0.4950321316719055,0.8176729083061218,0.8728535771369934,-9.0,-9.0,-9.0,0.8791157603263855,0.8687036633491516,0.8689379692077637,0.6091432571411133,0.5194346308708191,0.5098668932914734,0.6795598268508911,-9.0,0.7878110408782959,8.0,0.24029364585876467,8.0,0.33132002055644993,False,8,8.0,low
-55.16621533424291,-6.952645888735654,9,0.8506843569636922,0.8652358913313452,0.5149741562409402,0.7411311707663971,0.6484605618665287,0.808484915200598,-552_-70,9,0,6,0,2,0,10,8,10,12,6,6,4,0,0,-9.0,0.5842128396034241,-9.0,0.5729381442070007,-9.0,0.6094473600387573,0.5987423062324524,0.3715099692344665,0.3004170656204223,-0.0083746062591671,-0.2028633803129196,-0.1773968189954757,-9.0,-9.0,-9.0,0.8123506307601929,-9.0,0.8379762172698975,-9.0,0.8758546113967896,0.8671096563339233,0.7394760847091675,0.5640776753425598,0.33043372631073,0.1657203733921051,0.2313248366117477,-9.0,-9.0,9.0,0.5403145005305607,9.0,0.6357562160119414,False,9,9.0,low
-54.996882903186375,-6.730672182029723,9,0.9849734249151658,0.8644132460843982,0.4836333996923507,0.6589125969797497,0.6490865796300808,0.8659665106772143,-550_-68,9,0,4,0,0,1,5,4,4,4,3,3,2,1,3,-9.0,0.3113316297531128,-9.0,-9.0,0.5853549242019653,0.615507185459137,0.6377214789390564,0.494272381067276,0.4379781484603882,0.1333158016204834,0.1053240746259689,0.1586978584527969,0.1585509628057479,0.1530266404151916,-9.0,0.3889024555683136,-9.0,-9.0,0.8332467675209045,0.8330822587013245,0.8455445766448975,0.7823886871337891,0.6684101819992065,0.5224302411079407,0.317241370677948,0.5151313543319702,0.2637382745742798,0.2891174852848053,12.0,0.35761410825782347,9.0,0.37191122372945157,False,10,12.0,mid
-55.1767256230671,-6.956418812928957,9,1.3609974877424489,0.2860190441976903,0.2902943122828879,0.9251858952897336,0.9593746425568142,0.9565704265697352,-552_-70,9,0,8,0,6,2,10,8,12,12,4,4,6,0,2,-9.0,0.5358983278274536,-9.0,0.4898438155651092,0.564262330532074,0.5642679929733276,0.6117188334465027,0.559317409992218,0.5084505081176758,0.3239736258983612,0.3567694127559662,0.3404370546340942,-9.0,0.5451250672340393,-9.0,0.609431266784668,-9.0,0.7505397200584412,0.6837558150291443,0.8341577053070068,0.8674242496490479,0.8357441425323486,0.7086073160171509,0.6441685557365417,0.5734894275665283,0.5527196526527405,-9.0,0.8234925866127014,9.0,0.10719818941184456,9.0,0.15610359822000774,False,10,9.0,mid
-55.16783230175432,-6.960461231707496,9,0.7041665819223389,0.8365434154436809,0.4240605602396082,0.8314600036273866,0.670032755213038,0.8235672037534435,-552_-70,9,0,10,0,4,0,10,10,8,12,6,2,6,2,0,-9.0,0.6758477091789246,-9.0,0.5216839909553528,-9.0,0.628211259841919,0.6445444226264954,0.4382624924182892,0.3959061503410339,-0.0984182804822921,0.1491347402334213,-0.0727670937776565,0.1601476073265075,-9.0,-9.0,0.7830706238746643,-9.0,0.6877636909484863,-9.0,0.8678382039070129,0.8535657525062561,0.7612871527671814,0.6154845952987671,0.2693531215190887,0.0892001464962959,0.2826123535633087,0.2763625383377075,-9.0,9.0,0.5321196299046278,9.0,0.5162184275686741,False,10,9.0,mid
-55.073509196921776,-7.443665023035384,9,0.7338316216971191,1.1891089851016323,0.646837522423467,0.642832691120338,0.3724869152003024,0.6202445731324171,-551_-75,9,2,5,0,1,1,4,4,5,5,2,3,2,0,3,0.4971014559268951,0.6221067309379578,-9.0,0.5988826751708984,0.3507886528968811,0.6313830614089966,0.634522020816803,0.653712272644043,0.2492522448301315,-0.3371063768863678,-0.2584176957607269,-0.2454715818166732,-9.0,-0.0458579882979393,0.5154563784599304,0.8111814260482788,-9.0,0.7994341254234314,0.635599672794342,0.8715627789497375,0.8403374552726746,0.8615736365318298,0.5096385478973389,0.1874187737703323,0.1257447451353073,0.1721327453851699,-9.0,0.1966604888439178,9.0,0.5601088143885136,9.0,0.7514320500195026,False,10,9.0,mid
-54.88953422673409,-6.575263637877045,9,1.1769666482481016,0.8297350628937554,0.5792750413400388,0.5598674596068911,0.6750712417857206,0.8150268434005141,-549_-66,9,1,3,0,2,0,5,2,5,4,4,3,3,1,0,0.6319702863693237,0.5296850800514221,-9.0,0.4189361035823822,-9.0,0.4443563222885132,0.4943110048770904,0.5353482365608215,0.2131868153810501,-0.3150869607925415,-0.1213296428322792,-0.1631564199924469,0.0485986098647117,-9.0,0.7115010023117065,0.7368112802505493,-9.0,0.5475364327430725,-9.0,0.771725058555603,0.7750412821769714,0.7892802357673645,0.5011997818946838,0.1800232231616974,0.280064582824707,0.3447653353214264,0.3856608867645263,-9.0,9.0,0.39281364636761806,9.0,0.6045712961682251,False,10,9.0,mid
-55.068209136745466,-7.446988789586628,9,0.6906607766184854,1.122029020718555,0.5909536691116571,0.714462011816057,0.4338552282482074,0.6474723025672113,-551_-75,9,1,4,0,2,1,5,5,5,5,3,2,3,0,3,0.3644475042819977,0.270558089017868,-9.0,0.4359795153141022,0.3881537616252899,0.6506215929985046,0.6349032521247864,0.6570680737495422,0.2671965062618255,-0.2810218930244446,-0.2718665897846222,-0.2442847788333892,-9.0,0.1889516562223434,0.5289367437362671,0.3669247925281524,-9.0,0.6173536777496338,0.5492264628410339,0.8720173239707947,0.827009379863739,0.8658806085586548,0.5027624368667603,0.194456472992897,0.1225742250680923,0.1776081472635269,-9.0,0.2017766535282135,9.0,0.46716005355119705,9.0,0.6106714382767677,False,10,9.0,mid
-55.38872803011931,-6.620718391253492,9,0.7522516985687859,0.9744572175828096,0.4957367084248676,0.743145620891382,0.5616172328952238,0.7892134823488615,-554_-67,9,2,1,0,1,1,4,4,5,5,3,1,3,0,2,0.4874560236930847,0.5829094648361206,-9.0,0.4944935441017151,0.61481773853302,0.6205114126205444,0.5797317624092102,0.4597213864326477,0.1795259714126587,0.0887841656804084,-0.0919003114104271,-0.1212121248245239,-9.0,0.2819102108478546,0.5104761719703674,0.6327387094497681,-9.0,0.6217173337936401,0.8314886093139648,0.8750393390655518,0.8402777910232544,0.7825443744659424,0.5090322494506836,0.3485874533653259,0.2547753453254699,0.3128014802932739,-9.0,0.6647613644599915,8.0,0.30976303986140663,8.0,0.48109860803399773,False,10,8.0,mid
-55.08186352906408,-6.655662855805742,9,0.7238217291207317,1.0897318760420835,0.4017049698556919,0.7047173746944108,0.4627230761658079,0.844527622579137,-551_-67,9,1,3,1,1,1,4,4,4,4,4,2,2,0,3,0.6452036499977112,0.6640090942382812,0.6643792986869812,0.6349129676818848,0.6082330942153931,0.6546229124069214,0.5895166993141174,0.4540340602397918,0.3211826682090759,0.0700306519865989,0.0632306933403015,0.0678580030798912,-9.0,0.4673792123794555,0.8088129162788391,0.855827271938324,0.8523489832878113,0.857692301273346,0.8271150588989258,0.8728036284446716,0.7989214062690735,0.7630587220191956,0.5760992169380188,0.3676913678646087,0.2389906942844391,0.486136794090271,-9.0,0.7662824988365173,8.0,0.34253242164850234,8.0,0.4164277262985706,False,11,8.0,high
-55.17016792149303,-6.9414169476841625,9,1.0630389206778743,0.3980261268386826,0.2673937200598453,0.9118134088846734,0.9218278616112074,0.9613124765989952,-552_-70,9,0,6,0,2,0,12,8,8,10,6,4,4,2,2,-9.0,0.5936952829360962,-9.0,0.565483033657074,-9.0,0.6010515689849854,0.6189395189285278,0.5479224324226379,0.3793023228645324,0.32234987616539,0.2389501184225082,0.3144020140171051,0.4386525452136993,0.5535519123077393,-9.0,0.7550626993179321,-9.0,0.8061674237251282,-9.0,0.8524714708328247,0.8609505891799927,0.8187143802642822,0.6307396292686462,0.6025220155715942,0.2624754011631012,0.5517162680625916,0.5835064649581909,0.7367135286331177,8.0,0.25739442805449164,8.0,0.2108835692207019,False,10,8.0,mid
-55.07467700679113,-7.444473506791093,9,0.661706012691339,1.148657553043515,0.6049708242533601,0.7247852977021674,0.4097124096091158,0.597703101386049,-551_-75,9,1,5,0,2,1,5,4,5,5,2,3,2,0,3,0.3780704736709595,0.6017080545425415,-9.0,0.3828348517417907,0.4355528354644775,0.6236957311630249,0.595489501953125,0.60666424036026,0.3235136568546295,-0.2808391153812408,-0.2275777906179428,-0.2018213123083114,-9.0,-0.1600952595472335,0.5443845987319946,0.7234753370285034,-9.0,0.5004938840866089,0.5840916633605957,0.8755832314491272,0.8158484697341919,0.8677894473075867,0.5443750023841858,0.2240382134914398,0.1436314433813095,0.2026701271533966,-9.0,0.1738165616989135,9.0,0.4959661178290844,9.0,0.7110245376825333,False,10,9.0,mid
-55.03802574319905,-6.755645346928246,9,0.8258613682159948,0.9255672008651532,0.5362847301689562,0.7218045358888822,0.6013815172084318,0.7836172426510315,-551_-68,9,1,2,1,3,1,4,4,5,5,3,1,3,0,3,0.54966139793396,0.3916207253932953,0.5507094264030457,0.5023554563522339,0.6306248903274536,0.6826394200325012,0.5773575901985168,0.4030753672122955,0.3706938326358795,-0.0374184697866439,-0.0967569053173065,-0.1101882606744766,-9.0,0.0375184640288353,0.4583112001419067,0.4207564294338226,0.6901488900184631,0.5325469374656677,0.8331335186958313,0.8674803972244263,0.8177444338798523,0.7084100842475891,0.6501168012619019,0.2478860765695572,0.2551210522651672,0.1466286182403564,-9.0,0.3892405033111572,9.0,0.4045752365556028,9.0,0.5693488603250848,False,11,9.0,high
-55.16720348105544,-6.960371400179083,9,0.7880656114853211,1.109151650773898,0.6022611633601899,0.6416994489298986,0.4454212219267396,0.7109893889035968,-552_-70,9,0,8,0,4,0,10,10,9,12,6,2,6,2,2,-9.0,0.5711094737052917,-9.0,0.4462708532810211,-9.0,0.5957675576210022,0.5919224619865417,0.2887490093708038,0.2391277849674224,-0.1540862321853637,0.2084606289863586,-0.0866666659712791,0.1333203613758087,0.1577740609645843,-9.0,0.7703464031219482,-9.0,0.6498740315437317,-9.0,0.8498960733413696,0.8295581340789795,0.615915834903717,0.5166244506835938,0.2194634228944778,0.034191470593214,0.2639671862125397,0.2327723056077957,0.3994243741035461,9.0,0.4754054027299086,7.0,0.4388848798615592,False,10,9.0,mid
-55.068209136745466,-7.010587224561364,9,1.0707057007141123,0.7364971239634767,0.5762298348447372,0.7048592168067142,0.7408259703148509,0.8000468685557165,-551_-71,9,1,2,0,1,1,6,4,6,5,4,2,1,0,2,0.6003770232200623,0.544212281703949,-9.0,0.4952144622802734,0.6386634707450867,0.6541771292686462,0.6846678853034973,0.4779195189476013,0.1419598013162613,0.051398828625679,0.0541818961501121,0.0306475535035133,-9.0,0.1774234324693679,0.6220863461494446,0.7813965678215027,-9.0,0.6019749045372009,0.8632293343544006,0.8748499155044556,0.8808038830757141,0.8210399150848389,0.4486055672168731,0.4047288000583648,0.3689794838428497,0.4121232628822326,-9.0,0.5187724232673645,8.0,0.3472696449075427,8.0,0.493910807796887,False,10,8.0,mid
-55.08707375771198,-6.656651002618274,9,0.8673413233769285,0.8905222241518744,0.469383836974071,0.7162471434625519,0.6290061351318312,0.8519732928556003,-551_-67,9,1,3,1,1,1,5,3,4,4,3,1,2,1,3,0.6884346008300781,0.6490664482116699,0.6038388013839722,0.651605486869812,0.3650032579898834,0.6540226936340332,0.461904764175415,0.3827299475669861,0.2069790363311767,-0.0655778273940086,-0.0719424486160278,0.0,0.336878627538681,0.6021970510482788,0.8414533734321594,0.8379950523376465,0.6638789176940918,0.8629364371299744,0.4924946427345276,0.8562906980514526,0.7576335668563843,0.7071304321289062,0.4643222987651825,0.2683909833431244,0.3250183463096618,0.4448588192462921,0.2940913140773773,0.8479554653167725,8.0,0.31170376886924106,8.0,0.3889866769313812,False,12,8.0,high
-55.09650606819523,-7.395694986863402,9,0.5273104103290731,0.8232825995617257,0.3011988892619091,0.9072382250283472,0.6798174769973575,0.8320735074685883,-551_-74,9,2,3,0,2,1,4,4,5,5,3,1,2,0,3,0.5865001082420349,0.6644923686981201,-9.0,0.4523095488548279,0.1501766741275787,0.4943820238113403,0.5547435879707336,0.534718930721283,0.41243976354599,-0.0602517984807491,0.1211564913392067,0.2543828189373016,-9.0,0.3812852203845978,0.6719566583633423,0.846724808216095,-9.0,0.6419125199317932,0.302217036485672,0.7882353067398071,0.7980682253837585,0.759545087814331,0.6118386387825012,0.2709030210971832,0.4708007276058197,0.5399706959724426,-9.0,0.5419079065322876,9.0,0.22166669741272926,9.0,0.3070771927013993,False,10,9.0,mid
-54.94558910046315,-7.481304433439993,9,0.6314108076582992,1.096241676659791,0.4127597713295584,0.7698572711734656,0.4569423554451672,0.7847642777797733,-550_-75,9,2,1,0,1,0,4,4,5,4,2,3,1,0,2,0.5873414874076843,0.5098432898521423,-9.0,0.5804277658462524,-9.0,0.6179375052452087,0.5335723757743835,0.4827136397361755,0.4815702736377716,-0.1373943984508514,-0.0954063609242439,-0.1362144351005554,-9.0,0.2221386730670929,0.706250786781311,0.390307068824768,-9.0,0.7725928425788879,-9.0,0.8555514216423035,0.7859176397323608,0.7688716053962708,0.7235488891601562,0.2409381717443466,0.2562215328216553,0.2842618823051452,-9.0,0.5087262988090515,9.0,0.3921830648822444,9.0,0.5786343214235136,False,9,9.0,low
-54.94558910046315,-7.481394264968406,9,0.6232137604771287,1.070945889867813,0.3931057664909114,0.7854161142588373,0.4792942792978361,0.7960609212941347,-550_-75,9,2,1,0,1,0,4,4,5,4,2,3,1,0,2,0.5681346654891968,0.4922813177108764,-9.0,0.5671870112419128,-9.0,0.6003347039222717,0.5523170232772827,0.4860661029815674,0.4703800678253174,-0.1253235936164856,-0.0635838136076927,-0.1190476194024086,-9.0,0.1907126158475875,0.673680305480957,0.372239738702774,-9.0,0.7796315550804138,-9.0,0.8679429292678833,0.8105424046516418,0.8062229156494141,0.7540381550788879,0.2688314616680145,0.281292974948883,0.2982456088066101,-9.0,0.4602435529232025,9.0,0.3963177438293185,9.0,0.5631250159016677,False,9,9.0,low
-55.07593464818889,-7.4144697763015,9,0.6420862235243536,1.0082432599469957,0.5209590462307823,0.7976671912630533,0.5333475633318212,0.6824648432470816,-551_-75,9,1,5,0,2,1,5,5,5,4,2,2,2,0,2,0.5758485794067383,0.6345224380493164,-9.0,0.5769660472869873,0.5793277621269226,0.6441586017608643,0.6330341100692749,0.6273736953735352,0.2718492448329925,-0.2070185393095016,-0.1193473190069198,-0.1747714281082153,-9.0,-0.0326026901602745,0.8208954930305481,0.8094267249107361,-9.0,0.7928908467292786,0.7771452069282532,0.8768352270126343,0.8301810622215271,0.8668310642242432,0.4902015030384063,0.2267950922250747,0.2037597596645355,0.2384171783924102,-9.0,0.3518661558628082,9.0,0.5278413444757462,9.0,0.7013200540095568,False,10,9.0,mid
-55.08033639308108,-7.292837886831718,9,0.560885819753973,1.0402369231197062,0.4168412893626888,0.8345647126818555,0.506015919527003,0.7329854700843332,-551_-73,9,2,3,0,2,0,11,8,10,10,6,2,6,0,4,0.3530253171920776,0.3739653825759887,-9.0,0.5789747834205627,-9.0,0.6490174531936646,0.6494081020355225,0.6060158610343933,0.3456452488899231,0.1718657314777374,0.2241361886262893,-0.1073301509022712,-9.0,0.1600481420755386,0.5429942607879639,0.4682390689849853,-9.0,0.8145933151245117,-9.0,0.8851794004440308,0.8621578216552734,0.8574312925338745,0.5537711977958679,0.4958364963531494,0.3076509237289428,0.3229706287384033,-9.0,0.5471257567405701,9.0,0.2936563853706632,11.0,0.41275812312960625,False,9,9.0,low
-55.17088657372032,-6.955071340002776,9,0.7823036172418962,1.147279393116747,0.621000944694138,0.6235500649869827,0.4109691979292263,0.689214694788817,-552_-70,9,2,6,0,4,2,10,8,8,10,6,6,6,0,2,0.1147172451019287,0.6356886625289917,-9.0,0.5834478735923767,0.4889376163482666,0.6114116907119751,0.650897741317749,0.332264095544815,0.2700729966163635,-0.2796167135238647,-0.0578842312097549,0.0775782242417335,-9.0,-0.1575412154197693,0.1466146409511566,0.7978781461715698,-9.0,0.7744695544242859,0.5066559314727783,0.8638346195220947,0.8616197109222412,0.6702412962913513,0.5625571012496948,0.1858756095170974,0.0442477874457836,0.3142147362232208,-9.0,0.2788506150245666,9.0,0.4421866880729795,9.0,0.5652957241982222,False,10,9.0,mid
-55.43382345738211,-7.469356840161206,9,0.8887360878308228,0.9350084079872044,0.5238064913253175,0.6741554285231142,0.5938116612943207,0.8192885283378869,-555_-75,9,1,1,0,1,1,4,5,5,4,2,1,2,1,3,0.590712308883667,0.6041415929794312,-9.0,0.6111111044883728,0.6072885394096375,0.6709451675415039,0.3293380439281463,0.4634510278701782,0.2901995778083801,-0.1893596649169922,-0.1796375215053558,0.0276136826723814,-0.0251818690448999,0.2154142558574676,0.7849414944648743,0.8671524524688721,-9.0,0.6518987417221069,0.8678887486457825,0.8891820311546326,0.6180371642112732,0.7564905881881714,0.5522251129150391,0.2368200868368148,0.2782391905784607,0.2577770352363586,0.2841872572898865,0.4342883229255676,9.0,0.45021466314792635,9.0,0.5511286437511445,False,11,9.0,high
-54.99248115829419,-6.733187464825255,9,0.7665222071173091,1.034893113010962,0.4445052317309665,0.7015197326435683,0.5106178378439902,0.837149335252567,-550_-68,9,0,3,0,2,1,5,4,4,4,4,2,2,0,2,-9.0,0.4227031767368316,-9.0,0.5201010704040527,0.6072281002998352,0.619074821472168,0.6551230549812317,0.5548467636108398,0.46924889087677,-0.0904609337449073,-0.1185886934399604,-0.1310852766036987,-9.0,0.0424037463963031,-9.0,0.5628335475921631,-9.0,0.7093774080276489,0.78763747215271,0.8445022702217102,0.8511523604393005,0.8019929528236389,0.6671121120452881,0.2436804920434951,0.2517785429954529,0.2740465700626373,-9.0,0.328140527009964,9.0,0.4719610560153213,9.0,0.6241936291168843,False,10,9.0,mid
-54.94487044823586,-7.489389270997071,9,0.6033942573469389,1.1504020904214785,0.4012768615135536,0.7686003012179534,0.4081203942351454,0.7685271816166288,-550_-75,9,1,3,0,1,0,4,4,5,4,2,3,2,0,3,0.6318055391311646,0.4556700885295868,-9.0,0.1423017084598541,-9.0,0.6292153596878052,0.5882353186607361,0.5450615286827087,0.5562061071395874,-0.0424549393355846,-0.0752303004264831,-0.0345986820757389,-9.0,0.0519760474562644,0.8538550138473511,0.5444822311401367,-9.0,0.3207462430000305,-9.0,0.878960371017456,0.8266818523406982,0.8162627220153809,0.7693459987640381,0.2866292893886566,0.3160961270332336,0.218529000878334,-9.0,0.3669467866420746,9.0,0.41871176074658123,9.0,0.5320049186370203,False,9,9.0,low
-55.19388344499379,-6.801639089475165,9,1.0297694052341584,0.5908249271357173,0.2880330180205909,0.8205558779997817,0.8304814391176254,0.956461914553611,-552_-69,9,2,3,0,1,0,5,2,6,4,2,3,2,0,2,0.5113474130630493,0.363320529460907,-9.0,0.5382556319236755,-9.0,0.5639594197273254,0.5749440789222717,0.5189653038978577,0.2612229585647583,0.1998794078826904,0.269643634557724,0.338696539402008,-9.0,0.3231081664562225,0.5443943738937378,0.4983922839164734,-9.0,0.7449392676353455,-9.0,0.864447832107544,0.8641744256019592,0.8419544696807861,0.6140182614326477,0.4485017657279968,0.6631045937538147,0.6106346249580383,-9.0,0.6047800779342651,8.0,0.13817591071128843,8.0,0.2332885881265005,False,9,8.0,low
-55.134774299298726,-7.325985720815728,9,0.433935845979831,0.9306546359321296,0.2619659612050186,0.9195571087983933,0.5973090850072305,0.7841663416061104,-552_-74,9,4,2,0,2,0,12,8,10,10,6,2,6,2,2,0.5128321647644043,0.6570088267326355,-9.0,0.6429567933082581,-9.0,0.6701406836509705,0.6807373762130737,0.6747375726699829,0.6528835892677307,0.4951456189155578,0.1778523474931717,0.2857142984867096,0.369882196187973,0.3313002586364746,0.758220911026001,0.8328791856765747,-9.0,0.8263565897941589,-9.0,0.8625599145889282,0.871207594871521,0.8879773020744324,0.8618047833442688,0.7238805890083313,0.5005343556404114,0.5059847831726074,0.6180766224861145,0.4718773961067199,10.0,0.3039925694465637,10.0,0.33211805298924446,False,10,10.0,mid
-55.25847231392199,-6.810801905373184,9,0.7821098442248848,0.4387978474300462,0.2445795558515053,0.941686680647035,0.905263053558941,0.9506571839033314,-553_-69,9,1,1,0,1,1,5,4,5,6,1,2,3,0,1,0.4972337484359741,0.4302938878536224,-9.0,0.5296832323074341,0.58176189661026,0.5780590772628784,0.5884028077125549,0.5698868036270142,0.4237101972103119,0.2727272808551788,0.2676586210727691,0.274426519870758,-9.0,0.3358369171619415,0.7162108421325684,0.4351606667041778,-9.0,0.795174777507782,0.7734301090240479,0.8601181507110596,0.8577051162719727,0.8504499197006226,0.6012345552444458,0.3134772777557373,0.5151267647743225,0.5218126773834229,-9.0,0.7285664677619934,8.0,0.21942067742347715,9.0,0.23721662163734442,False,10,8.0,mid
-55.18139686254453,-6.943213578252399,9,0.9497293845510324,0.3688587645624483,0.2929802182730086,0.9392643076828022,0.9327394267221328,0.9405309118827364,-552_-70,9,2,6,0,4,0,12,10,8,10,4,4,6,0,2,0.4370636343955993,0.472536563873291,-9.0,0.4966960251331329,-9.0,0.627341091632843,0.6022555232048035,0.5593124628067017,0.5402639508247375,0.2018713504076004,0.2796968519687652,0.3203308284282684,-9.0,0.2747989296913147,0.1626856029033661,0.6370982527732849,-9.0,0.6209930181503296,-9.0,0.8784914016723633,0.8645966649055481,0.8542469143867493,0.7683982849121094,0.5369428396224976,0.6024821996688843,0.5328174233436584,-9.0,0.4862277805805206,11.0,0.14891464014848077,9.0,0.26446397442902836,False,9,11.0,low
-55.33500877612896,-6.929649017462195,9,0.6943144538776495,0.921624654221152,0.3951637199867465,0.8021570745939406,0.6045267801503607,0.8415158616573254,-554_-70,9,1,3,0,1,0,6,6,4,5,3,2,2,2,2,0.6453375220298767,0.3138040006160736,-9.0,0.5756741762161255,-9.0,0.6261127591133118,0.4059144258499145,0.4228288531303406,0.2146050631999969,-0.0469121150672435,-0.0745450034737587,-0.0826169997453689,0.1670263260602951,0.0688088834285736,0.8196332454681396,0.4585868120193481,-9.0,0.7011289596557617,-9.0,0.8439352512359619,0.6647104620933533,0.7067290544509888,0.4342278838157654,0.3134206235408783,0.2510953843593597,0.2968776226043701,0.3059016764163971,0.2508367896080017,8.0,0.3903939674297969,8.0,0.45721759709219134,False,10,8.0,mid
-54.924658354343165,-6.584426453775064,9,0.9253546043280708,0.7849002716126549,0.5717654475868067,0.7476293551071135,0.7074587561847756,0.7676856156084647,-550_-66,9,1,3,0,1,0,5,3,4,5,2,2,3,0,1,0.3696098625659942,0.4137478172779083,-9.0,0.6276451945304871,-9.0,0.6396127939224243,0.6039009690284729,0.5913344621658325,0.2381440699100494,-0.198619857430458,-0.2321074604988098,0.0061919502913951,-9.0,0.1670310497283935,0.2537593841552734,0.4938699901103973,-9.0,0.8740279674530029,-9.0,0.8719183802604675,0.8765360116958618,0.8597753047943115,0.4793261885643005,0.256054550409317,0.0075122797861695,0.2966657280921936,-9.0,0.3740025758743286,9.0,0.4391859631785857,9.0,0.5620896751061082,False,9,9.0,low
-55.079168583211725,-7.417254553682271,9,0.7455886837309027,1.021324653905508,0.6036019944913426,0.7238100215499883,0.5222367441854278,0.6631005909210974,-551_-75,9,1,5,0,2,1,5,4,5,4,2,1,2,0,2,0.4779135286808014,0.6439215540885925,-9.0,0.5392608046531677,0.5551782846450806,0.5959765315055847,0.6163711547851562,0.6311771869659424,0.3248259723186493,-0.1737986356019973,-0.2330982983112335,-0.185862585902214,-9.0,-0.0124016217887401,0.6995406746864319,0.756424605846405,-9.0,0.7211618423461914,0.757314145565033,0.8387252688407898,0.8296328186988831,0.8530351519584656,0.600186824798584,0.2637153267860412,0.1459559947252273,0.2291044741868972,-9.0,0.3606045544147491,9.0,0.5071575790643692,9.0,0.699368412606418,False,10,9.0,mid
-55.48987833111117,-7.269302026387786,9,0.8247597902637048,0.8599261519151573,0.404656683483494,0.7588619267335888,0.6524934316068363,0.8818366692726496,-555_-73,9,0,6,0,2,0,12,8,10,8,6,6,2,2,6,-9.0,0.4556044638156891,-9.0,0.4005137383937835,-9.0,0.5361565351486206,0.5714285969734192,0.6915001273155212,0.4551941156387329,0.2240644246339798,0.0983345732092857,0.1557934582233429,0.3016558587551117,0.2856627702713012,-9.0,0.3291573226451874,-9.0,0.585504949092865,-9.0,0.7883811593055725,0.7908950448036194,0.8780542612075806,0.7076714634895325,0.5777744054794312,0.5062554478645325,0.589326798915863,0.531684160232544,0.6568065881729126,9.0,0.10757455329100285,9.0,0.30529737919569017,False,10,9.0,mid
-54.88135955764861,-6.559453288876542,9,1.3158871137210773,0.7953339015951796,0.4592468891401017,0.5005436951836315,0.7000463668115701,0.8744502386255785,-549_-66,9,1,1,0,3,0,5,3,5,4,4,1,4,0,1,0.5387684106826782,0.2643604278564453,-9.0,0.4185711443424225,-9.0,0.5372940301895142,0.6529834866523743,0.5994935631752014,0.080366775393486,0.0353620387613773,0.0481900945305824,0.1171983331441879,-9.0,0.3262230455875397,0.6064549684524536,0.3363945484161377,-9.0,0.4684569537639618,-9.0,0.8277906775474548,0.7547169923782349,0.8519423604011536,0.4088271558284759,0.4351450502872467,0.4931983649730682,0.5020979046821594,-9.0,0.554347813129425,8.0,0.16223615904649102,8.0,0.38044378633300463,False,9,8.0,low
-54.87587983441547,-6.544002265989684,9,1.1587745248096102,0.6322132874055527,0.5089501164841148,0.7434429391233165,0.8067215835863559,0.8561520801525336,-549_-66,9,1,2,0,3,0,5,3,5,5,5,3,1,0,1,0.6837989091873169,0.5858702063560486,-9.0,0.5001158118247986,-9.0,0.5298470854759216,0.5905579328536987,0.6272814869880676,-0.0129525074735283,-0.1247126460075378,0.0257173217833042,-0.0794780552387237,-9.0,0.1906598061323166,0.6913580298423767,0.7789948582649231,-9.0,0.7051079273223877,-9.0,0.8349112272262573,0.869828462600708,0.879090428352356,0.2916123569011688,0.305615097284317,0.2746962606906891,0.3931777477264404,-9.0,0.5332413911819458,8.0,0.43354658484458924,8.0,0.5863984549418091,False,9,8.0,low
-55.33536810224261,-7.3615590060668605,10,0.6115430038039996,0.7491753962733058,0.334772842580055,0.8968709531025019,0.7322507019081916,0.8535872898972257,-554_-74,10,1,2,0,1,1,6,5,5,4,4,1,2,0,2,0.4180168509483337,0.6601232290267944,-9.0,0.356143593788147,0.599341630935669,0.6278026700019836,0.6070663928985596,0.5573678016662598,0.4107997119426727,0.1893176734447479,0.1674665361642837,-0.0616446658968925,-9.0,0.2244085818529129,0.3390452861785888,0.8285984992980957,-9.0,0.4894483387470245,0.844860315322876,0.8854262232780457,0.8210494518280029,0.8659029603004456,0.7159960269927979,0.4577549397945404,0.5026007890701294,0.3070175349712372,-9.0,0.5741899013519287,9.0,0.2634000964462757,9.0,0.39969570375978947,False,10,9.0,mid
-55.499220810066014,-7.273434276694738,10,0.8652732102977866,1.123995593698874,0.3910184057163988,0.5631832668386351,0.4320825424107872,0.8998429207350973,-555_-73,10,0,8,0,2,0,8,8,10,8,6,4,2,0,6,-9.0,0.5574236512184143,-9.0,0.5283598899841309,-9.0,0.6195958256721497,0.640242338180542,0.6588166356086731,-0.0058168522082269,-0.0814314633607864,0.01028907392174,0.0246913582086563,-9.0,0.4161955416202545,-9.0,0.600243330001831,-9.0,0.7573356032371521,-9.0,0.890763521194458,0.8829154968261719,0.8937934637069702,0.3222811818122864,0.3563310205936432,0.3913630247116089,0.4977922737598419,-9.0,0.5158737301826477,8.0,0.38828203678131107,8.0,0.5281021364964544,False,9,8.0,low
-55.08554662172897,-7.414649439358326,10,0.891965170786049,0.7300876153707164,0.4910363981730437,0.795349288927262,0.7451159714545066,0.8296501279415053,-551_-75,10,1,4,0,2,1,4,5,5,4,2,3,2,0,3,0.6586989164352417,0.6140620112419128,-9.0,0.4682498574256897,0.481258362531662,0.6339554190635681,0.6314620971679688,0.6367534399032593,0.4217571914196014,-0.0676587671041488,0.0020975354127585,-0.0445239804685115,-9.0,0.1819645762443542,0.856417179107666,0.8258176445960999,-9.0,0.6481223702430725,0.727556586265564,0.8814557790756226,0.8563695549964905,0.8803659677505493,0.6929278373718262,0.3287299573421478,0.3017711043357849,0.3257846534252167,-9.0,0.4541852474212646,9.0,0.44351137429475784,9.0,0.5503048208774999,False,10,9.0,mid
-55.07306003927971,-7.436478500762428,10,0.716375264962265,0.877066266970387,0.4711254280018107,0.8090228435784833,0.6394095411503665,0.7875213064031654,-551_-75,10,1,4,0,2,1,5,4,5,5,3,3,1,0,2,0.3389859795570373,0.5881302952766418,-9.0,0.311551034450531,0.1432494223117828,0.6145404577255249,0.587531566619873,0.6108071208000183,0.3354310989379883,0.1031772047281265,0.0222754497081041,0.0993772000074386,-9.0,0.1005917191505432,0.5762884616851807,0.7808356285095215,-9.0,0.4873583316802978,0.5602748394012451,0.8499017953872681,0.7977485060691833,0.8369734883308411,0.5883233547210693,0.3746938705444336,0.3697047531604767,0.4699493050575256,-9.0,0.3369978964328766,9.0,0.29687659442424774,9.0,0.35992297856137156,False,10,9.0,mid
-55.073778691507,-7.4394429412000225,10,0.591407664971632,1.1226375529829786,0.5612064587262823,0.7875726108359531,0.4333068709710178,0.5706392524922762,-551_-75,10,2,5,0,1,1,5,3,5,5,2,3,2,0,2,0.3785204589366913,0.581558346748352,-9.0,0.5853440761566162,0.4503090679645538,0.6145703792572021,0.64339679479599,0.6364191770553589,0.4140052795410156,-0.3533246517181396,-0.3113758563995361,-0.2528711557388305,-9.0,-0.16862353682518,0.4245246350765228,0.7759612202644348,-9.0,0.8022350072860718,0.7528735399246216,0.8468660712242126,0.8285138010978699,0.8539286851882935,0.642055094242096,0.2090188860893249,0.162919133901596,0.1800791621208191,-9.0,0.2584609687328338,9.0,0.5382502190768719,9.0,0.8095642477273941,False,10,9.0,mid
-55.08860089369498,-7.424620739012051,10,0.5669693397373761,1.0780799138060897,0.4779417696517475,0.8189380325580868,0.4730209293116348,0.6672554969468019,-551_-75,10,1,2,0,2,1,5,4,5,5,2,0,1,0,2,0.5675489902496338,0.5765800476074219,-9.0,0.5726470351219177,0.5760368704795837,0.6461284756660461,0.6518387794494629,0.674588680267334,0.360709011554718,0.0797463208436966,-9.0,-0.1241761147975921,-9.0,0.0141853736713528,0.7722502946853638,0.7495697140693665,-9.0,0.7865018248558044,0.8130120635032654,0.8725637197494507,0.8456845283508301,0.8796169757843018,0.5893719792366028,0.4248575568199157,-9.0,0.2781839072704315,-9.0,0.3369644284248352,9.0,0.441902756690979,9.0,0.588341209727029,False,9,9.0,low
-55.075575322075245,-7.418691858136862,10,0.5362402616859357,1.1052008829741378,0.4839616067518399,0.8294616130991523,0.4489549424473864,0.6215862078894627,-551_-75,10,1,4,0,2,1,5,4,5,4,2,1,2,0,2,0.6491732597351074,0.6101986765861511,-9.0,0.5940184593200684,0.4287540018558502,0.6297376155853271,0.6439169049263,0.6639741659164429,0.5021872520446777,-0.0701242908835411,-0.177823781967163,-0.1237045750021934,-9.0,0.0221697501838207,0.7789841294288635,0.8053314685821533,-9.0,0.811279833316803,0.7502935528755188,0.8672233819961548,0.8409138321876526,0.8575292825698853,0.7030914425849915,0.3188247978687286,0.176819235086441,0.2622826993465423,-9.0,0.323369562625885,9.0,0.5315067917108536,9.0,0.6776157664135098,False,10,9.0,mid
-55.251016297063785,-6.526125791835705,10,0.6294226346268336,0.7018492690546447,0.3171460325569493,0.904000687518375,0.7636495483282759,0.8754469174825701,-553_-66,10,1,2,0,1,0,5,4,5,4,3,1,2,1,3,0.5887805819511414,0.545342206954956,-9.0,0.4879738986492157,-9.0,0.5794338583946228,0.6108582615852356,0.6781381368637085,0.6741814613342285,0.2989301383495331,0.2502146065235138,0.2787206172943115,0.3703023195266723,0.315315306186676,0.7603371143341064,0.6962299942970276,-9.0,0.5705679655075073,-9.0,0.8336686491966248,0.8426924347877502,0.873410701751709,0.886151909828186,0.6281882524490356,0.62193763256073,0.5980965495109558,0.5593993663787842,0.6644951105117798,9.0,0.16601358481815875,9.0,0.29226174610001704,False,10,9.0,mid
-55.07530582749001,-7.415637586170858,10,0.6867703980550323,0.9727377847100188,0.5182266774984368,0.7850326365173776,0.5630390558979695,0.7224610040706847,-551_-75,10,1,5,0,2,1,5,5,5,4,2,2,2,0,2,0.4546249806880951,0.6501677632331848,-9.0,0.6031544804573059,0.5064470171928406,0.6746436953544617,0.6713852286338806,0.6675244569778442,0.4014854729175567,-0.1068548411130905,0.0477413833141326,-0.1218902394175529,-9.0,0.0718081071972847,0.6502108573913574,0.8091515302658081,-9.0,0.7896556854248047,0.7844718098640442,0.8810027241706848,0.8578252196311951,0.8668971657752991,0.633816123008728,0.3013008832931518,0.2296482473611831,0.2581049501895904,-9.0,0.3807940483093261,9.0,0.4916668571531773,9.0,0.6059780344367027,False,10,9.0,mid
-55.43624890864923,-7.469716166274852,10,0.9426356847428216,0.7493785698597746,0.5092337683179461,0.7607094122997973,0.7321123184366586,0.8310978037164012,-555_-75,10,1,1,0,2,1,4,5,5,4,3,1,3,1,3,0.283620148897171,0.6153346300125122,-9.0,0.4583014547824859,0.6147101521492004,0.5919859409332275,0.4888949692249298,0.5221192240715027,0.3490294218063354,-0.0293592028319835,-0.0244150552898645,0.0162849873304367,0.1461843401193618,0.1294295936822891,0.3949783444404602,0.8682364821434021,-9.0,0.6070826053619385,0.8771234154701233,0.876196563243866,0.7370441555976868,0.7978723645210266,0.5778526663780212,0.3307665288448334,0.3868401944637298,0.3273512721061706,0.4299845397472381,0.2855910360813141,9.0,0.36494161039590833,9.0,0.4428745601326227,False,11,9.0,high
-55.22200071338673,-7.485436683746945,10,0.2844325731349206,1.1321088593990325,0.2898541896687289,0.9486016539050356,0.4247515824585257,0.5179316597393042,-553_-75,10,1,0,0,1,0,6,5,5,5,4,3,0,0,2,0.4527268409729004,-9.0,-9.0,0.5292853116989136,-9.0,0.5365598797798157,0.5277246832847595,0.5575060248374939,0.4990887641906738,0.4148626327514648,0.1890080422163009,-9.0,-9.0,0.238266721367836,0.5404040217399597,-9.0,-9.0,0.7616837024688721,-9.0,0.8228005170822144,0.7955056428909302,0.8196605443954468,0.6484397649765015,0.4555873870849609,0.1625163853168487,-9.0,-9.0,0.2367821633815765,10.0,0.49236238002777105,10.0,0.28889892356736324,False,7,10.0,low
-54.976850472350506,-6.752591074962238,10,0.5684037244045013,0.7795570725604131,0.2555091342446594,0.9034255579398156,0.7112249700193682,0.8845642275521453,-550_-68,10,1,2,0,2,1,5,5,5,4,5,2,2,0,2,0.6282113194465637,0.4804753959178924,-9.0,0.5316268801689148,0.563861072063446,0.5528998374938965,0.551454484462738,0.5509259104728699,0.5801774859428406,0.4978144764900207,0.4591642916202545,0.4805164337158203,-9.0,0.5447576642036438,0.772091805934906,0.5724590420722961,-9.0,0.7900186777114868,0.794058084487915,0.7988599538803101,0.803636372089386,0.7996929883956909,0.7621247172355652,0.7482993006706238,0.6521505117416382,0.7679046988487244,-9.0,0.8075810074806213,,0.017633825540542603,9.0,0.0593908317387104,True,10,,mid
-55.07997706696743,-7.415188428528795,10,0.7259984597025223,0.8218904596105066,0.4574509570255389,0.8271993782298565,0.6808377873769013,0.8021909987892454,-551_-75,10,1,5,0,2,1,5,4,5,4,2,3,1,0,2,0.6632124185562134,0.6247609853744507,-9.0,0.5079624056816101,0.5721115469932556,0.661337673664093,0.6695969700813293,0.6668900847434998,0.4346934854984283,0.0321706756949424,0.0680824518203735,0.0528552457690238,-9.0,0.2194375842809677,0.8433141708374023,0.7965116500854492,-9.0,0.69046950340271,0.7600356936454773,0.891530454158783,0.8658016920089722,0.891974151134491,0.7099711298942566,0.4357042014598846,0.2920287251472473,0.4605748057365417,-9.0,0.5573253035545349,9.0,0.36979279667139053,9.0,0.5069342069327831,False,10,9.0,mid
-55.07782111028554,-7.4150985970003855,10,0.8183568463171607,0.9378622526741104,0.60481601610627,0.7196445995913501,0.5915130312314448,0.7006592841217872,-551_-75,10,1,5,0,2,1,5,5,5,4,2,2,2,0,3,0.5906018614768982,0.62058025598526,-9.0,0.5949258804321289,0.5936381816864014,0.6344287991523743,0.628596842288971,0.6576070189476013,0.3702514767646789,-0.1995486766099929,-0.0516338236629962,-0.2032610177993774,-9.0,-0.0407450534403324,0.857196569442749,0.7973856329917908,-9.0,0.8144965171813965,0.8013483285903931,0.8797696232795715,0.8373494148254395,0.8716049194335938,0.6048879623413086,0.2452357113361358,0.2150846868753433,0.2312620133161544,-9.0,0.3796567618846893,9.0,0.5401950776576996,9.0,0.710125932469964,False,10,9.0,mid
-55.33779355350973,-7.359492880913388,10,0.4359723580531459,0.9676350443311896,0.364873463046665,0.9123280538745266,0.5672487666220116,0.670539079031059,-554_-74,10,2,2,0,1,1,6,4,5,4,4,1,2,0,2,0.30555260181427,0.6577842831611633,-9.0,0.2011605352163314,0.6351677179336548,0.668025016784668,0.6536327600479126,0.6100795865058899,0.6058536767959595,0.2825247943401336,0.3829885125160217,-0.1295723617076873,-9.0,0.3220131397247314,0.4834100306034088,0.8566560745239258,-9.0,0.5314426422119141,0.8631026744842529,0.8901031017303467,0.8815571665763855,0.8740351796150208,0.847621738910675,0.5973223447799683,0.6960812211036682,0.2613197267055511,-9.0,0.6695036888122559,11.0,0.28672150969505306,11.0,0.4040565595030785,False,10,11.0,mid
-55.48188332508251,-7.263642640097833,10,0.9796183596742029,0.7831281508530531,0.4691579947070584,0.7198801352982713,0.7087100992269114,0.8710709384687906,-555_-73,10,0,2,0,0,0,12,10,10,8,6,4,2,2,6,-9.0,0.5256410241127014,-9.0,-9.0,-9.0,0.4905816912651062,0.5507979989051819,0.5717375874519348,0.0018643338698893,-0.1716666668653488,-0.1493368744850158,-0.1140239611268043,0.031065247952938,0.1597680449485778,-9.0,0.7114763855934143,-9.0,-9.0,-9.0,0.7829105854034424,0.8382036089897156,0.8360471725463867,0.2879793643951416,0.2968036532402038,0.3079119026660919,0.3547413647174835,0.3085948228836059,0.4902363717556,8.0,0.4511148581902186,8.0,0.5750778880513584,False,9,8.0,low
-55.2519146123479,-6.534569955506429,10,0.5248273418288104,0.9571899371098256,0.4255530659556281,0.8764489394476234,0.5758196984834595,0.6888434887891728,-553_-66,10,1,3,0,1,1,5,3,5,5,5,3,3,1,2,0.6598581075668335,0.5696774125099182,-9.0,0.6339035034179688,0.6057156920433044,0.6730940341949463,0.6663740277290344,0.67295241355896,0.6837823987007141,0.2411393821239471,0.0797991082072258,-0.01170483417809,0.0328435599803924,-0.0330148749053478,0.8164705634117126,0.5636246800422668,-9.0,0.8306636214256287,0.7661161422729492,0.8768718838691711,0.8583551049232483,0.873896598815918,0.805396556854248,0.5068637728691101,0.2512124180793762,0.3077441155910492,0.2141224294900894,0.3344459235668182,10.0,0.48959199214975035,9.0,0.5838572304695845,False,11,10.0,high
-55.0797075723822,-7.42138680398922,10,0.7803002730973659,0.9728489312204566,0.568934542584359,0.7254459132256382,0.5629471975777216,0.7285315581310887,-551_-75,10,1,4,0,2,1,6,4,5,4,2,1,2,0,2,0.6356107592582703,0.6007125973701477,-9.0,0.5979421138763428,0.561571478843689,0.6528857946395874,0.6925369501113892,0.7251161932945251,0.2460707277059555,0.0082962606102228,-0.1662571728229522,-0.1175749078392982,-9.0,-0.0114010088145732,0.7647058963775635,0.7667444944381714,-9.0,0.8286723494529724,0.8248456716537476,0.8694444298744202,0.8807782530784607,0.9116531014442444,0.5301567912101746,0.3955733180046081,0.1460737437009811,0.2499379515647888,-9.0,0.3201580941677093,9.0,0.5191893465816975,9.0,0.6607900341041386,False,10,9.0,mid
-55.48610540691787,-7.26894270027414,10,0.9953296005027148,1.071670552233069,0.4839544632015939,0.4830466472171336,0.4786581504969328,0.8718869430782616,-555_-73,10,0,6,0,2,0,8,8,10,8,6,6,2,2,6,-9.0,0.4123201966285705,-9.0,0.1952873170375824,-9.0,0.2983524799346924,0.3552367389202118,0.3929910659790039,-0.1062157973647117,-0.1858574897050857,-0.1510267108678817,-0.0469451174139976,0.0739094167947769,0.3677114248275757,-9.0,0.5055601000785828,-9.0,0.5009071826934814,-9.0,0.6683863997459412,0.6931349635124207,0.7036216855049133,0.2522115111351013,0.2863869965076446,0.2808127999305725,0.1657166928052902,0.2726374566555023,0.7187871336936951,8.0,0.2848966345191002,8.0,0.3389082719882329,False,10,8.0,mid
-55.07575498513207,-7.437825973688609,10,0.6096508585368776,1.087392661703091,0.5277424699757745,0.7881924908365617,0.464795528529012,0.6466785823510642,-551_-75,10,1,4,0,2,1,5,4,5,5,3,3,2,0,2,0.4029498398303985,0.5907752513885498,-9.0,0.5902920365333557,0.5763144493103027,0.6247308254241943,0.6335784196853638,0.6650499105453491,0.3310104608535766,-0.1422092616558075,-0.0749213024973869,-0.1091479733586311,-9.0,0.0230004731565713,0.5627601146697998,0.7653144598007202,-9.0,0.7914735674858093,0.7757331728935242,0.8651130199432373,0.8465800881385803,0.883795976638794,0.5455158352851868,0.1403962075710296,0.2149944901466369,0.2405309230089187,-9.0,0.2697368562221527,9.0,0.538121160119772,9.0,0.6276571652851999,False,10,9.0,mid
-54.9910438538396,-7.47241111212721,10,0.3963854398948609,0.9454103333329174,0.2861850516939547,0.9306002990302874,0.585410255807625,0.729803777892187,-550_-75,10,1,3,0,1,1,5,4,5,4,3,1,2,0,2,0.6410137414932251,0.3967780470848083,-9.0,0.377810001373291,0.5645554065704346,0.6191130876541138,0.6213557124137878,0.6424991488456726,0.5069929957389832,0.2467675358057022,0.1609929054975509,0.1634314358234405,-9.0,0.0421810708940029,0.8652219772338867,0.5166828632354736,-9.0,0.5629284381866455,0.6763458251953125,0.8660855889320374,0.84720778465271,0.8663629293441772,0.6838678121566772,0.4863889813423157,0.3624635934829712,0.3029453158378601,-9.0,0.3621694445610046,10.0,0.3653730154037475,9.0,0.3929215306416154,False,10,10.0,mid
-55.07314987080812,-7.427315684864409,10,0.4349860102936483,1.032267746292442,0.3393306786071295,0.9008720555678982,0.5128733862600683,0.6944286790000771,-551_-75,10,1,4,0,2,1,5,5,5,5,2,1,2,0,2,0.4934669137001037,0.4404200613498688,-9.0,0.6388113498687744,0.526142954826355,0.6635193228721619,0.6412278413772583,0.6743373274803162,0.4583467245101928,-0.0541679188609123,0.0333093702793121,0.0449482388794422,-9.0,0.162069946527481,0.6589259505271912,0.5695936679840088,-9.0,0.815569281578064,0.4365192651748657,0.846886932849884,0.8172746896743774,0.8428983688354492,0.6315221190452576,0.3131397664546966,0.2890881896018982,0.3334448039531708,-9.0,0.3526394069194793,9.0,0.380320742726326,9.0,0.5204941527917981,False,10,9.0,mid
-55.49041732028164,-7.273524108223148,10,0.8671903737114746,1.0781785275441045,0.3418365758776707,0.5938296583353546,0.4729340432605032,0.9226021884641712,-555_-73,10,0,2,0,1,0,10,8,10,8,6,6,2,2,6,-9.0,0.609545886516571,-9.0,0.3466895520687103,-9.0,0.5246154069900513,0.5460835099220276,0.5926160216331482,0.0420437939465045,0.0877719447016716,-0.1373344510793686,-0.0249193031340837,0.1518006026744842,0.228384643793106,-9.0,0.8412538170814514,-9.0,0.6084776520729065,-9.0,0.8261670470237732,0.8330159783363342,0.8509919047355652,0.4048415720462799,0.4187867045402527,0.315262883901596,0.4570711851119995,0.3675870895385742,0.4987778067588806,8.0,0.38159340620040894,8.0,0.4659522036090493,False,10,8.0,mid
-54.91163278272343,-6.581192518752234,10,0.9146887887087308,0.8390968910023363,0.502657687288775,0.7196400700585246,0.6681350474583091,0.8372215693813089,-550_-66,10,1,3,0,1,0,5,3,5,5,4,3,2,0,2,0.689833402633667,0.4163461625576019,-9.0,0.5834601521492004,-9.0,0.647912859916687,0.6810495853424072,0.4572304189205169,0.3143454492092132,0.118518516421318,0.0479467771947383,0.0868898555636406,-9.0,0.3874680399894714,0.6076502799987793,0.7263404726982117,-9.0,0.835342526435852,-9.0,0.8612914085388184,0.8684381246566772,0.7609427571296692,0.6395045518875122,0.4485802054405212,0.4645719826221466,0.5664824843406677,-9.0,0.340747594833374,9.0,0.3019773076687541,8.0,0.3882717025776705,False,9,9.0,low
-55.08976870356433,-7.412223988091201,10,0.609445423031715,0.9210657118791864,0.4865946430412627,0.8465429430404209,0.6049719306787781,0.6840036243121231,-551_-75,10,2,4,0,1,1,4,4,5,4,2,2,1,1,3,0.5730041861534119,0.5863670110702515,-9.0,0.4180024564266205,0.6333230137825012,0.676598072052002,0.661416232585907,0.6671328544616699,0.453325867652893,-0.1826850324869156,0.0584185048937797,-0.1928199231624603,-0.0490167289972305,0.0069591528736054,0.5754866003990173,0.7435950040817261,-9.0,0.4896373152732849,0.7793522477149963,0.8746214509010315,0.8434650301933289,0.8753933310508728,0.7621145248413086,0.312272161245346,0.1749671548604965,0.2877598106861114,0.2651308178901672,0.3195876181125641,9.0,0.4710146754980088,9.0,0.6554750171490014,False,11,9.0,high
-55.07710245805825,-7.442048055523971,10,0.5345058919371687,0.8873837943656139,0.3468980834288254,0.8896072209532282,0.6314428497246423,0.7921040735375046,-551_-75,10,2,4,0,2,1,5,4,5,5,2,2,2,0,2,0.4320266842842102,0.596985399723053,-9.0,0.3743647634983063,0.4602917432785034,0.6457051038742065,0.6214696764945984,0.6268367171287537,0.5214027762413025,-0.0657875910401344,-0.0187558606266975,-0.0629900693893432,-9.0,-0.0355787463486194,0.4949934780597687,0.8210763335227966,-9.0,0.4095436632633209,0.6200180053710938,0.8580060601234436,0.8235124945640564,0.8389219641685486,0.680432915687561,0.3237205445766449,0.1819636672735214,0.266336977481842,-9.0,0.3130954205989837,9.0,0.42203396186232567,9.0,0.5806634249165654,False,10,9.0,mid
-55.08698392618357,-7.425788548881409,10,0.5107201425588258,1.109658115584932,0.4663242489661789,0.843663885699774,0.4449677161698522,0.613647109908486,-551_-75,10,1,4,0,2,1,5,3,5,5,1,0,1,0,2,0.625,0.4601139724254608,-9.0,0.3578914701938629,0.576939046382904,0.6576136946678162,0.6675508618354797,0.6855971813201904,0.507577657699585,-0.0481528677046299,-9.0,-0.1205479428172111,-9.0,0.0734973549842834,0.8107890486717224,0.5713973045349121,-9.0,0.5600858330726624,0.8278846144676208,0.8769868612289429,0.8611842393875122,0.8798563480377197,0.7199546694755554,0.3210749626159668,-9.0,0.2964458763599396,-9.0,0.3528257310390472,9.0,0.4400685081879298,9.0,0.5990199707448483,False,9,9.0,low
-55.07701262652984,-7.417973205909567,10,0.7131271833300982,0.8754093624499812,0.4915101640509906,0.811385223883222,0.6406826009751965,0.7627290428177965,-551_-75,10,1,5,0,2,1,5,4,5,4,2,1,2,0,2,0.5681098103523254,0.6151202917098999,-9.0,0.5465762615203857,0.5665615200996399,0.6438431739807129,0.6383213400840759,0.6530556082725525,0.5237586498260498,0.1061784252524375,0.2193483412265777,0.0744457393884658,-9.0,0.2238051444292068,0.7378584146499634,0.8042226433753967,-9.0,0.7461726665496826,0.7315202355384827,0.8746851682662964,0.8523489832878113,0.8773731589317322,0.7590138912200928,0.4781787395477295,0.2996777594089508,0.4282612204551697,-9.0,0.5199771523475647,9.0,0.3663756772875786,9.0,0.4384739194065333,False,10,9.0,mid
-55.09435011151334,-7.423991918313169,10,0.8562011300945852,1.1765252553314296,0.5686433684268171,0.5341095049208442,0.3841352881015657,0.7827696259135538,-551_-75,10,2,4,0,2,1,4,4,5,5,2,1,1,0,3,0.5234467387199402,0.5977734923362732,-9.0,0.5911402702331543,0.5998498201370239,0.2039245218038559,0.2297987341880798,0.2063106745481491,0.3027054667472839,-0.1452967524528503,0.198216050863266,-0.1357680559158325,-9.0,-0.0291790310293436,0.4901708960533142,0.716142475605011,-9.0,0.82501620054245,0.8190354108810425,0.5575082898139954,0.5572460889816284,0.51871657371521,0.508274257183075,0.2440912723541259,0.1905465275049209,0.2399999946355819,-9.0,0.2226720601320266,9.0,0.399686310440302,5.0,0.47421362926252186,False,10,9.0,mid
-55.079438077796965,-7.433244565739598,10,0.5407696978445752,1.0885390543029247,0.3977355045865854,0.8316916001165376,0.463780186634514,0.7289584315972284,-551_-75,10,2,4,0,2,1,5,4,5,5,3,2,1,0,2,0.4771352410316467,0.5931268334388733,-9.0,0.3449717760086059,0.6316989660263062,0.6241886019706726,0.6215240359306335,0.6357894539833069,0.457446813583374,0.2435683310031891,0.0353982299566268,-0.0393788143992424,-9.0,0.1134529858827591,0.4859437644481659,0.7737364172935486,-9.0,0.497090995311737,0.859649121761322,0.8563061356544495,0.8281759023666382,0.8633093237876892,0.6942631602287292,0.431538462638855,0.2920459508895874,0.3611001968383789,-9.0,0.4102189838886261,9.0,0.3585834540426731,10.0,0.47789253873957527,False,10,9.0,mid
-55.0789889201549,-7.422554613858578,10,0.6496439084621797,0.9966829025278784,0.5130261059390276,0.7976009246140655,0.5430905695189249,0.6995421507210209,-551_-75,10,1,3,0,2,1,5,4,5,4,2,1,2,0,2,0.5165289044380188,0.5828415751457214,-9.0,0.6286399364471436,0.5617939233779907,0.6117886304855347,0.6152416467666626,0.6345029473304749,0.4122347831726074,0.1594716012477874,0.0281141865998506,0.0195932071655988,-9.0,0.1490400582551956,0.7109557390213013,0.725383460521698,-9.0,0.8319845795631409,0.7047832608222961,0.8813760280609131,0.847953200340271,0.8664440512657166,0.6358123421669006,0.4939463138580322,0.2789884209632873,0.368052065372467,-9.0,0.3944781124591827,10.0,0.3971203532483844,9.0,0.48139178007841116,False,10,10.0,mid
-55.07683296347301,-7.440161593427321,10,0.5525815991120757,0.7101894907412185,0.2886737077754597,0.9239795486342532,0.7582383459116735,0.8641498993451934,-551_-75,10,1,4,0,2,1,5,3,5,5,2,3,2,0,2,0.4524886906147003,0.6216947436332703,-9.0,0.344496488571167,0.5280898809432983,0.567993700504303,0.5860159397125244,0.6236243844032288,0.6037735939025879,0.171875,0.2258064448833465,0.268704742193222,-9.0,0.2683782577514648,0.6186110377311707,0.8200138211250305,-9.0,0.4043542146682739,0.7686948180198669,0.8554104566574097,0.7996857762336731,0.8834042549133301,0.8358531594276428,0.5160890817642212,0.4756235778331756,0.5320596098899841,-9.0,0.4472343623638153,9.0,0.25550178438425064,9.0,0.3073310665786267,False,10,9.0,mid
-55.08545679020056,-7.427944505563294,10,0.4556850542221841,1.1313066638407738,0.4166953176437651,0.8700367140606762,0.4254776813283152,0.6085870654840855,-551_-75,10,1,5,0,2,1,5,4,5,5,2,0,1,0,2,0.6449152827262878,0.5727805495262146,-9.0,0.6002130508422852,0.6111975312232971,0.635185182094574,0.6449567675590515,0.6556253433227539,0.5566944479942322,0.2282211184501648,-9.0,-0.0239166468381881,-9.0,0.0557698309421539,0.7510148882865906,0.7120431661605835,-9.0,0.7585248351097107,0.7978308200836182,0.8338525295257568,0.8063291311264038,0.8319115042686462,0.7348881363868713,0.5773480534553528,-9.0,0.3554751873016357,-9.0,0.423271507024765,10.0,0.3665981044371923,10.0,0.5562722161412239,False,9,10.0,low
-55.07647363735937,-7.409888368352492,10,0.7337194211681698,0.7688241089677011,0.4472191970645093,0.8450695015270058,0.7187287522721054,0.8111000714391191,-551_-75,10,1,5,0,2,1,5,5,5,4,2,4,3,0,3,0.650736927986145,0.6311140060424805,-9.0,0.5841584205627441,0.5143488049507141,0.6454358696937561,0.6278929710388184,0.6368732452392578,0.3806706070899963,-0.0081521738320589,0.0820147395133972,0.0519031137228012,-9.0,0.1249474138021469,0.8306092023849487,0.8088411092758179,-9.0,0.8233618140220642,0.5752009153366089,0.8831037878990173,0.8254128694534302,0.8678038120269775,0.6771101951599121,0.3927975296974182,0.3294746279716491,0.3935821950435638,-9.0,0.4073684215545654,9.0,0.40562476962804794,9.0,0.5212255832739174,False,10,9.0,mid
-55.077910941813954,-7.418781689665275,10,0.650007692431326,1.0176347016135392,0.5087869792389488,0.7890898605377726,0.5253799750813022,0.7074398925915135,-551_-75,10,1,5,0,2,1,5,5,5,4,2,1,2,0,2,0.496739774942398,0.6468236446380615,-9.0,0.6436895728111267,0.5615196824073792,0.657253623008728,0.6432958245277405,0.618424654006958,0.3815661668777466,-0.1399245262145996,-0.1410714238882064,-0.1629220992326736,-9.0,0.0372157990932464,0.8244219422340393,0.8180480599403381,-9.0,0.8393451571464539,0.7568627595901489,0.8630563616752625,0.8218439817428589,0.8463930487632751,0.6255707740783691,0.2906002402305603,0.1891223788261413,0.2562083601951599,-9.0,0.4091458022594452,9.0,0.5131735652685165,9.0,0.6828396804630756,False,10,9.0,mid
-55.49275294002035,-7.26894270027414,10,0.961053396378086,0.9028281920054342,0.5182622335799758,0.6466086565055494,0.619392086295736,0.8399408102730432,-555_-73,10,0,8,0,2,0,12,10,10,8,6,6,2,2,6,-9.0,0.5408048033714294,-9.0,0.1955719590187072,-9.0,0.4395713806152344,0.5101363658905029,0.5173674821853638,0.0126764625310897,-0.0920922309160232,-0.1017688959836959,-0.136235162615776,0.0580589994788169,0.1118587031960487,-9.0,0.5495461225509644,-9.0,0.303266704082489,-9.0,0.7447900772094727,0.7659780979156494,0.7639557719230652,0.3040252327919006,0.3249380588531494,0.3044203519821167,0.327252984046936,0.194862887263298,0.5449081659317017,8.0,0.2921060745914777,8.0,0.4652740856011709,False,10,8.0,mid
-55.3044660564689,-6.745584215746105,10,0.3881494347036313,0.5547258428870551,0.1784975580057032,0.9769088160425684,0.8500448735817309,0.8922633927358552,-554_-68,10,0,2,0,0,2,4,5,4,4,2,1,4,0,3,-9.0,0.5533946752548218,-9.0,-9.0,0.530011773109436,0.5964495539665222,0.6620592474937439,0.6056195497512817,0.3832045197486877,0.3272333145141601,0.3260993659496307,0.351071685552597,-9.0,0.3577902317047119,-9.0,0.8025388121604919,-9.0,-9.0,0.6827268600463867,0.8350337743759155,0.8681039810180664,0.8549495339393616,0.6780037879943848,0.4427430927753448,0.500969648361206,0.5060762166976929,-9.0,0.4811676144599914,9.0,0.3041536485155424,8.0,0.2404271364212036,False,9,9.0,low
-55.246255226057954,-6.526215623364118,10,0.4887779322154535,0.6201566300693974,0.2547596212829658,0.954410153489896,0.8137874391019574,0.8670924306905294,-553_-66,10,1,3,0,1,1,6,3,5,4,5,1,3,1,3,0.5972869992256165,0.6085128784179688,-9.0,0.3569176793098449,0.5791757106781006,0.5934572815895081,0.6606990694999695,0.6517270803451538,0.6257652640342712,0.2335688322782516,0.309397429227829,0.3461091816425323,0.4301837980747223,0.5072231292724609,0.7694294452667236,0.608090341091156,-9.0,0.3930240869522095,0.7221505641937256,0.8374980092048645,0.8845533728599548,0.8871493935585022,0.8497880101203918,0.5075876712799072,0.5760992169380188,0.6097221970558167,0.6139010190963745,0.7809388041496277,9.0,0.126310621201992,9.0,0.21889627128839495,False,11,9.0,high
-55.08024656155267,-7.414290113244677,10,0.733838106078938,0.7736777681643311,0.4308454709165468,0.8431107415729406,0.7153455961471064,0.8279596169869897,-551_-75,10,1,5,0,2,1,5,5,5,4,2,3,2,0,2,0.6541554927825928,0.6329423189163208,-9.0,0.6441698670387268,0.6076648235321045,0.6601386070251465,0.6503946185112,0.6214067339897156,0.5881985425949097,0.366152286529541,0.1666666716337204,0.3222345411777496,-9.0,0.3177949488162994,0.8521575927734375,0.7967195510864258,-9.0,0.813628613948822,0.8238762021064758,0.8696979880332947,0.8408868312835693,0.8169979453086853,0.7847710251808167,0.6437010765075684,0.4183644950389862,0.6167068481445312,-9.0,0.5951814651489258,10.0,0.2612976001368629,9.0,0.33917176350951195,False,10,10.0,mid
-55.08734325229722,-7.426237706523468,10,0.5166266514927084,1.0498599010745686,0.4387748327438962,0.856479716360238,0.4976925680700396,0.6620803108141209,-551_-75,10,1,4,0,2,1,5,3,5,5,2,0,1,0,2,0.590782105922699,0.5447190403938293,-9.0,0.5763325691223145,0.5873860120773315,0.6632896065711975,0.7149245142936707,0.7159830331802368,0.5385790467262268,0.193353846669197,-9.0,-0.1113496124744415,-9.0,0.0250696372240781,0.7652072906494141,0.6950018405914307,-9.0,0.8188102841377258,0.8047516345977783,0.8819959759712219,0.8909090757369995,0.8991859555244446,0.7198975086212158,0.491692304611206,-9.0,0.2646048069000244,-9.0,0.3157158493995666,10.0,0.48400099078814185,10.0,0.6126232959537042,False,9,10.0,low
-55.320725563111466,-6.539870015682736,11,1.037602548010788,0.7593435422742307,0.3609400799692318,0.7053377768967987,0.7252881023342842,0.93159304245358,-554_-66,11,2,3,0,1,1,6,4,5,5,3,3,2,0,1,-0.0569442994892597,0.040169134736061,-9.0,0.3029884994029999,0.6650524735450745,0.6503583788871765,0.5549975037574768,0.5492134690284729,0.4021003544330597,0.3715194761753082,0.5281227231025696,0.3062087595462799,-9.0,0.3309438526630401,0.2573641240596771,0.4540569484233856,-9.0,0.4661148488521576,0.863174557685852,0.8695613741874695,0.7568947672843933,0.8023529648780823,0.6786811947822571,0.6857888102531433,0.4850044250488281,0.5934371948242188,-9.0,0.4236421585083008,10.0,0.14752647280693054,11.0,0.08218146525323389,False,10,10.0,mid
-55.25362141138773,-6.529539389915362,11,0.4254334781869344,0.9454468976095656,0.3597652039640389,0.9201923521267144,0.5853806113964686,0.6637800057086258,-553_-66,11,1,3,0,2,1,5,4,5,4,2,3,3,1,3,0.4279969036579132,0.4704830050468445,-9.0,0.4520976841449737,0.6072507500648499,0.6083841919898987,0.6857638955116272,0.689561128616333,0.6884106993675232,0.3868939876556396,0.0663217306137085,-0.0088198231533169,0.0653788968920707,-0.0629902556538581,0.4670268595218658,0.4959053695201874,-9.0,0.5286750197410583,0.7691211104393005,0.8459196090698242,0.8611719608306885,0.8823204636573792,0.8411146402359009,0.6183016300201416,0.2689616680145263,0.2671141028404236,0.2052952349185943,0.2920354008674621,10.0,0.44271024978823137,10.0,0.5424542790537493,False,11,10.0,high
-55.298716838650535,-6.837481869311533,11,0.6827004702541092,1.010457534584421,0.4707887655156217,0.7713479566978128,0.531473210862471,0.7726930879363378,-553_-69,11,0,2,0,1,1,5,4,5,6,3,0,4,0,1,-9.0,0.4096907079219818,-9.0,0.5226414799690247,0.5092161893844604,0.5882736444473267,0.5746408104896545,0.543998122215271,0.4855837225914001,0.4602510333061218,-9.0,0.4162483811378479,-9.0,0.3642599284648895,-9.0,0.7233191132545471,-9.0,0.747698962688446,0.805747389793396,0.8363043069839478,0.8339294791221619,0.8194254636764526,0.6014543771743774,0.60896897315979,-9.0,0.4564573168754577,-9.0,0.5043789744377136,10.0,0.26668786257505417,10.0,0.12153280898928642,False,9,10.0,low
-55.46661196525247,-6.540498836381618,11,0.920642428184504,0.8034500282258089,0.4101059949051087,0.7386774278546935,0.6942276691557278,0.8978416353926516,-555_-66,11,1,4,0,2,0,5,3,5,5,5,2,2,0,2,0.645660936832428,0.5232722163200378,-9.0,0.3997558057308197,-9.0,0.1763687580823898,0.2498407959938049,0.3014618754386902,0.0346498675644397,-0.0879759117960929,0.0641025677323341,0.1836536973714828,-9.0,0.4199306964874267,0.8657686114311218,0.7267248630523682,-9.0,0.404729813337326,-9.0,0.4958723187446594,0.5718099474906921,0.5916888117790222,0.3360450565814972,0.3034122288227081,0.3839004933834076,0.5050318241119385,-9.0,0.5992903709411621,2.0,0.3304933077759213,2.0,0.390934559620089,False,9,2.0,low
-55.47712225407668,-7.029811171641521,11,0.5679662082433843,1.0135794856254492,0.4770556305816149,0.838822901137749,0.5288260981454949,0.6662016861878901,-555_-71,11,1,4,0,1,0,4,4,5,6,3,3,2,2,2,0.6071104407310486,0.6294400691986084,-9.0,0.4710424840450287,-9.0,0.6370580196380615,0.6138383746147156,0.6606535911560059,0.6298731565475464,0.1995073854923248,-0.0343631766736507,0.1045634895563125,0.0442410372197628,0.1969621926546096,0.6976432204246521,0.8347164392471313,-9.0,0.609009325504303,-9.0,0.8844024538993835,0.840324342250824,0.8949880599975586,0.7380415797233582,0.5233030915260315,0.2000000029802322,0.2487662583589553,0.2111025154590606,0.3737565279006958,10.0,0.4943972378969193,9.0,0.5048201194831303,False,10,10.0,mid
-55.00658470825486,-7.499091076065559,11,0.3771889207376133,1.062551240019472,0.3220556470260733,0.9207559705617024,0.4866449050663831,0.6404490102806998,-551_-75,11,1,2,0,1,1,5,4,5,5,2,1,1,0,1,0.6708860993385315,0.6029604077339172,-9.0,0.6265223026275635,0.1581849008798599,0.639902651309967,0.6192717552185059,0.5196338295936584,0.371052622795105,0.3036750555038452,0.4089973568916321,0.4521651566028595,-9.0,0.4789515435695648,0.8684009313583374,0.6931330561637878,-9.0,0.8592420816421509,0.3873507678508758,0.8797644972801208,0.8553299307823181,0.6595632433891296,0.3613796830177307,0.3956257402896881,0.5261146426200867,0.561732828617096,-9.0,-0.1817183047533035,11.0,0.45858319550752635,4.0,0.19436350630389315,False,10,11.0,mid
-55.47325949835496,-6.952376394150418,11,0.3422116155096006,1.0401723641643743,0.3279029458315661,0.9373126958386012,0.5060716021297814,0.5761234080110851,-555_-70,11,0,3,0,0,0,6,5,5,4,4,3,2,2,3,-9.0,0.6098340749740601,-9.0,-9.0,-9.0,0.647485613822937,0.6198469400405884,0.6100857853889465,0.5796802639961243,0.5186401009559631,0.551551103591919,-0.0506290271878242,0.1576780527830124,0.1211477145552635,-9.0,0.8451317548751831,-9.0,-9.0,-9.0,0.8906115293502808,0.8668563365936279,0.8786776065826416,0.7728259563446045,0.7629286646842957,0.6903578639030457,0.2976373434066772,0.2972474098205566,0.317103624343872,11.0,0.5113452616192047,11.0,0.5149521174884977,False,9,11.0,low
-55.31794078573069,-6.504925551130485,11,0.8139252273671753,0.6884974111256982,0.3062457736397735,0.8470503226142138,0.7722015976761074,0.9301132815418198,-554_-66,11,1,2,0,2,0,6,3,5,4,4,3,2,1,0,0.5060606002807617,0.4787330329418182,-9.0,0.4229887425899505,-9.0,0.6039146184921265,0.6462289690971375,0.6232763528823853,0.4757144749164581,0.1651506572961807,0.1559955924749374,0.2118314951658249,0.2452830225229263,-9.0,0.6697863936424255,0.7860363721847534,-9.0,0.6013013124465942,-9.0,0.8712337613105774,0.8885776400566101,0.8644282817840576,0.6890106201171875,0.4254912137985229,0.4269418716430664,0.4539371430873871,0.4130352437496185,-9.0,9.0,0.3373449721506664,9.0,0.3421372068779809,False,10,9.0,mid
-55.25011798177967,-6.543822602932861,11,0.4952034590793924,0.9163607172763344,0.3955932672030111,0.8987943130736248,0.6087115576314733,0.6969603926919542,-553_-66,11,1,2,0,2,1,6,4,5,4,5,1,2,0,2,0.6617526412010193,0.4250699579715729,-9.0,0.5828597545623779,0.5819209218025208,0.6351351141929626,0.7151325345039368,0.6633789539337158,0.669671356678009,0.2938230335712433,0.1429165005683899,-0.148620456457138,-9.0,0.0482550077140331,0.729752779006958,0.4472755789756775,-9.0,0.6376926898956299,0.7858341932296753,0.8658776879310608,0.7992745041847229,0.8805755376815796,0.8483266830444336,0.5720081329345703,0.3406432867050171,0.284365177154541,-9.0,0.2682926952838897,10.0,0.4318571454948849,11.0,0.5873488012701273,False,10,10.0,mid
-55.24239247033624,-6.544541255160157,11,0.4285171587062376,0.9594138599132734,0.3509066922837434,0.9166716866505518,0.5740000485425342,0.6827776950899167,-553_-66,11,1,3,0,1,2,5,3,5,4,4,2,2,1,2,0.636516273021698,0.6125033497810364,-9.0,0.5915420055389404,0.551334798336029,0.582263708114624,0.7013061046600342,0.7526856064796448,0.7349562048912048,0.2321478575468063,0.0571295879781246,-0.0462018139660358,0.1591397821903228,0.2077655792236328,0.782807469367981,0.7077625393867493,-9.0,0.7614155411720276,0.6976905465126038,0.7847976088523865,0.8748435378074646,0.8956881165504456,0.8458186984062195,0.5331010222434998,0.3423768877983093,0.3451928794384002,0.2549476027488708,0.3709279894828796,10.0,0.43651922461059356,9.0,0.5233923077583313,False,11,10.0,high
-55.47415781363908,-6.951388247337887,11,0.4398498809154434,1.007912610982702,0.3514673599254908,0.9033281673079634,0.5336272288731704,0.690006628923516,-555_-70,11,0,3,0,1,0,6,4,5,5,4,3,2,2,3,-9.0,0.6405546069145203,-9.0,0.4536870419979095,-9.0,0.6468923091888428,0.6527243852615356,0.6287658214569092,0.5840664505958557,0.0975791811943054,0.226463109254837,0.1689651608467102,0.1832791566848755,0.0815006494522094,-9.0,0.7634128332138062,-9.0,0.4204745292663574,-9.0,0.8695943355560303,0.8779704570770264,0.8884506821632385,0.7975596189498901,0.436627596616745,0.4541656970977783,0.4556895792484283,0.2817603945732116,0.3643410801887512,9.0,0.37106020649274196,9.0,0.44955765108267465,False,10,9.0,mid
-55.11617917291745,-6.676952928039375,11,0.3455430012349957,1.046792406128786,0.2852791671682428,0.9352924333807674,0.5003508248757133,0.6492683247696558,-552_-67,11,0,7,0,2,2,10,6,8,10,4,3,4,0,6,-9.0,0.4267403185367584,-9.0,0.6041643619537354,0.6050828695297241,0.6140875816345215,0.6378844380378723,0.6132711172103882,0.5504473447799683,0.4793627858161926,0.3728102743625641,0.2273560315370559,-9.0,0.2264831215143203,-9.0,0.643166184425354,-9.0,0.8566986322402954,0.7879545092582703,0.857880711555481,0.7759174108505249,0.8523809313774109,0.772946834564209,0.7079559564590454,0.5227148532867432,0.3537610471248626,-9.0,0.1268821507692337,11.0,0.5127468481659889,11.0,0.31795276701450353,False,10,11.0,mid
-55.47757141171873,-7.029811171641521,11,0.5588574235846224,0.9347316727057488,0.4134825986526976,0.8666332828839824,0.5940343008877342,0.7394472819358953,-555_-71,11,1,4,0,1,0,4,4,5,6,3,3,3,2,2,0.6202263236045837,0.6144229769706726,-9.0,0.4527603387832641,-9.0,0.6572714447975159,0.6729868650436401,0.6696738600730896,0.636848509311676,0.1338212192058563,-0.0531755276024341,0.151481881737709,0.0393106117844581,0.1745283007621765,0.7206158638000488,0.8276023268699646,-9.0,0.5397475361824036,-9.0,0.8954354524612427,0.8798000812530518,0.894985556602478,0.7525282502174377,0.475008487701416,0.2355884313583374,0.2261835187673568,0.2245037704706192,0.3650513887405395,10.0,0.4853836670517922,9.0,0.5285481769059386,False,10,10.0,mid
-55.06793964216023,-7.347994445276656,11,0.9590566125414152,0.4040040574119136,0.2788450527012404,0.9258707099463858,0.91949436133531,0.951561773611752,-551_-74,11,2,2,0,2,2,4,5,5,5,3,1,4,0,3,0.5232270956039429,0.6449283361434937,-9.0,0.2936670482158661,0.669398307800293,0.6522769331932068,0.5359458923339844,0.5455812811851501,0.5038520693778992,0.2806977331638336,0.3189292550086975,0.3313215374946594,-9.0,0.5202257633209229,0.593311607837677,0.7647739052772522,-9.0,0.4081830382347107,0.7641294598579407,0.8776547908782959,0.7461538314819336,0.7895416617393494,0.7183098793029785,0.3716814219951629,0.5781285762786865,0.5338688492774963,-9.0,0.7446693778038025,9.0,0.15067021548748016,9.0,0.18331604823470116,False,10,9.0,mid
-55.2488603403819,-6.546697211842043,11,0.509564875045193,0.7798430955583027,0.3226653879964191,0.9220778562529036,0.7110238769254599,0.8058728278435482,-553_-66,11,2,2,0,1,1,5,5,5,5,5,1,2,0,2,0.5923153758049011,0.5897690653800964,-9.0,0.6002566814422607,0.6074808239936829,0.6165371537208557,0.594989538192749,0.6452559232711792,0.6570955514907837,0.2639999985694885,-0.0019880714826285,-0.0266453512012958,-9.0,0.1541670858860016,0.7552255392074585,0.8484192490577698,-9.0,0.8230994343757629,0.8245524168014526,0.8739144206047058,0.8390646576881409,0.8702743053436279,0.8143893480300903,0.522367537021637,0.3808068335056305,0.4047298729419708,-9.0,0.414567232131958,9.0,0.400499552488327,10.0,0.5323443469177517,False,10,9.0,mid
-55.2519146123479,-6.536995406773551,11,0.4733445089682919,0.8978304831153153,0.3730591212580944,0.9110456890194392,0.6233079449967563,0.7051487701252335,-553_-66,11,1,2,0,1,1,6,4,5,5,5,3,2,2,1,0.6824806332588196,0.651897668838501,-9.0,0.6296110153198242,0.6084991097450256,0.6432837843894958,0.6380393505096436,0.714009165763855,0.7278737425804138,0.2736958861351013,0.0099893733859062,0.0193176362663507,0.2275229394435882,0.04934948310256,0.7639791965484619,0.8185164928436279,-9.0,0.8298112154006958,0.8028882741928101,0.8626987934112549,0.7990797758102417,0.8647012114524841,0.8772011399269104,0.5457974076271057,0.4283137917518616,0.3774026036262512,0.1899679899215698,0.4527950286865234,10.0,0.4339549806382921,9.0,0.545986745133996,False,11,10.0,high
-55.249399329552375,-6.545888728086338,11,0.41969900038252,0.935622930170136,0.3489420354925563,0.9238868313299188,0.593317102152619,0.6745983956426425,-553_-66,11,1,2,0,2,1,5,5,5,4,5,1,2,1,2,0.6359933614730835,0.6140834093093872,-9.0,0.5129379630088806,0.617561399936676,0.5698261260986328,0.6042989492416382,0.7282559871673584,0.7259451746940613,0.2938559949398041,0.0211794022470712,0.0501823686063289,0.156210795044899,0.0760464146733284,0.7970306873321533,0.8051033616065979,-9.0,0.5668675303459167,0.7920700907707214,0.7681617140769958,0.769873321056366,0.8952310085296631,0.8760600090026855,0.567531168460846,0.3503569364547729,0.3916666805744171,0.2381592243909835,0.4059834778308868,10.0,0.41322829698522895,10.0,0.5132906288425956,False,11,10.0,high
-55.24805185662619,-6.549032831580755,11,0.4700503074458376,0.9259576791276656,0.3898148655412795,0.906766056233954,0.6010694940771162,0.6734483975864132,-553_-66,11,1,3,0,1,1,5,5,4,5,5,2,3,0,2,0.6233265399932861,0.6240822076797485,-9.0,0.5844821929931641,0.5982638001441956,0.556117594242096,0.6076378226280212,0.6801564693450928,0.6740228533744812,0.1526548713445663,-0.0018920423462986,0.1299179196357727,-9.0,-0.0616328716278076,0.7983911633491516,0.8420175909996033,-9.0,0.7809008955955505,0.7894168496131897,0.7976625561714172,0.8238993883132935,0.8855310082435608,0.821232259273529,0.4771760702133178,0.3403078615665436,0.2565313279628753,-9.0,0.3449330925941467,10.0,0.465656770600213,9.0,0.5637492157984525,False,10,10.0,mid
-55.47685275949144,-7.029362013999462,11,0.5499229129502944,0.9284050237352514,0.44716108547719,0.8724752942004237,0.5991117860947518,0.6804917530166508,-555_-71,11,1,4,0,1,0,4,4,5,6,3,3,2,2,2,0.5936834812164307,0.6403328776359558,-9.0,0.4977726340293884,-9.0,0.6251985430717468,0.4926418960094452,0.6527742147445679,0.6488741636276245,0.2201673239469528,0.0078384084627032,0.1083477959036827,0.0575827173888683,0.1833969354629516,0.6769977807998657,0.8408732414245605,-9.0,0.5973957180976868,-9.0,0.8831467628479004,0.7654371857643127,0.8911644220352173,0.774197518825531,0.5642111301422119,0.2427509278059005,0.2542816698551178,0.2130731642246246,0.3387366831302643,10.0,0.486967358738184,9.0,0.47757305095770536,False,10,10.0,mid
-55.476134107264144,-7.029811171641521,11,0.6537124482645297,0.8918094714134437,0.4794956747218735,0.8348219992281083,0.6280049078216597,0.7347576337199738,-555_-71,11,1,4,0,1,0,4,4,5,6,3,3,2,2,3,0.5937086343765259,0.6046043038368225,-9.0,0.4459415078163147,-9.0,0.6394736766815186,0.4781382083892822,0.6409755945205688,0.579483687877655,0.0742692872881889,-0.0448292605578899,0.0923041179776191,0.1243754252791404,0.196037545800209,0.6743781566619873,0.8101937174797058,-9.0,0.5861572027206421,-9.0,0.9012345671653748,0.7462189197540283,0.8957452774047852,0.7316285967826843,0.4445876181125641,0.2687016427516937,0.248140275478363,0.20178984105587,0.3066261708736419,9.0,0.4696818100554603,9.0,0.48047223591378757,False,10,9.0,mid
-55.321354383810345,-6.540049678739559,11,0.9997461635253329,0.7878759004924338,0.3932485139337968,0.7054943390447677,0.7053525877501643,0.9155672450234664,-554_-66,11,2,4,0,0,1,6,3,5,5,3,3,3,0,0,0.0014903129776939,0.0364626981317997,-9.0,-9.0,0.625720202922821,0.5976502895355225,0.601464033126831,0.5873157382011414,0.5027100443840027,0.4807946979999542,0.5382047295570374,0.4644067883491516,-9.0,-9.0,0.2852225005626678,0.3550685048103332,-9.0,-9.0,0.8388946652412415,0.8609678745269775,0.8316279053688049,0.8352698087692261,0.778193473815918,0.7578616142272949,0.5723222494125366,0.5337278246879578,-9.0,-9.0,10.0,0.1398632563650608,,-0.07210475679312367,False,9,10.0,low
-55.24266196492148,-6.5420259723646215,11,0.4331022800980943,0.9002792118930331,0.3417934593196656,0.9249421405808932,0.6213912298540725,0.7050554852102696,-553_-66,11,0,2,0,1,1,6,4,5,5,4,2,1,0,1,-9.0,0.6372155547142029,-9.0,0.6231325268745422,0.6127409934997559,0.6215476989746094,0.6513761281967163,0.6771227717399597,0.6974790096282959,0.2317488491535186,0.0274184197187423,-0.1226638033986091,-9.0,0.1798379868268966,-9.0,0.840135395526886,-9.0,0.818083643913269,0.8280285000801086,0.8413289785385132,0.8324849605560303,0.873150110244751,0.8017328977584839,0.4549588859081268,0.2812424898147583,0.2722741365432739,-9.0,0.3671255707740783,9.0,0.4896632273282323,9.0,0.5667167345860175,False,10,9.0,mid
-55.47766124324714,-7.028553530243753,11,0.5212641981967429,0.8942753505332316,0.3112850038742535,0.8933036148962907,0.6260840302010244,0.8120854926852873,-555_-71,11,1,4,0,1,0,4,4,5,6,3,3,2,2,2,0.4971740543842315,0.5415384769439697,-9.0,0.3457011878490448,-9.0,0.5875798463821411,0.6058652400970459,0.6080301403999329,0.6093369126319885,0.1448718011379242,0.1465716063976287,0.1010716035962104,0.1525855213403701,0.2462509870529174,0.6271976232528687,0.8014639616012573,-9.0,0.5156144499778748,-9.0,0.8804686069488525,0.8676859736442566,0.8786279559135437,0.7766666412353516,0.4118576943874359,0.2145712971687317,0.2829171419143677,0.3089989125728607,0.4424042999744415,9.0,0.43181087544986185,9.0,0.38390481876475485,False,10,9.0,mid
-55.03892405848317,-7.031697633738174,11,0.4817883532903328,1.0311945236842786,0.42230241545635,0.879103881407219,0.513794413972327,0.6412698168760987,-551_-71,11,2,1,0,2,0,4,4,6,5,3,3,2,2,2,0.6585816144943237,0.6362783908843994,-9.0,0.4345461130142212,-9.0,0.6454676985740662,0.7093153595924377,0.7314532399177551,0.7239841222763062,0.1053666770458221,0.0831673294305801,0.0164723768830299,0.1063672229647636,0.0285461377352476,0.6931772232055664,0.8287061452865601,-9.0,0.44837686419487,-9.0,0.8656443953514099,0.8808274269104004,0.866611897945404,0.8162359595298767,0.3236877620220184,0.3165859580039978,0.3024841547012329,0.2297352850437164,0.3001398742198944,9.0,0.4768419521195548,9.0,0.5805341281528984,False,10,9.0,mid
-55.31443735612263,-6.634103288986873,11,0.3477079137532473,0.6642213209714323,0.1755783779653986,0.9734482302595298,0.7873970375159586,0.8570276611737038,-554_-67,11,2,2,0,2,0,4,4,5,4,5,2,3,0,3,0.6511239409446716,0.5648426413536072,-9.0,0.4616303741931915,-9.0,0.6479372382164001,0.6431739926338196,0.6389713287353516,0.6296470761299133,0.141757532954216,0.5809546709060669,0.2036199122667312,-9.0,0.2731240689754486,0.8005322813987732,0.7405577898025513,-9.0,0.6024181246757507,-9.0,0.8828802704811096,0.7956106066703796,0.8893956542015076,0.8856520652770996,0.3689675033092499,0.7321944832801819,0.4762865900993347,-9.0,0.4325651824474334,9.0,0.29707467343126026,11.0,0.3127434311641587,False,9,9.0,low
-55.473708655997015,-6.952196731093595,11,0.2954719973897567,1.0877292210851668,0.291669124214634,0.9487961400112132,0.4644975064598967,0.5481384254510694,-555_-70,11,0,3,0,1,0,6,5,5,5,4,3,2,1,3,-9.0,0.6147659420967102,-9.0,0.4159581363201141,-9.0,0.5923477411270142,0.5988104939460754,0.622366726398468,0.5951722264289856,0.5316968560218811,0.5258883237838745,0.0968298465013504,0.2141623497009277,0.1604559421539306,-9.0,0.8099861145019531,-9.0,0.4687924087047577,-9.0,0.8630678057670593,0.8343672752380371,0.8800482153892517,0.7691020369529724,0.7666299939155579,0.6676837801933289,0.4131703376770019,0.3872718214988708,0.3556978106498718,11.0,0.3720797138909499,11.0,0.4049764263133208,False,10,11.0,mid
-55.47496629739479,-6.952106899565182,11,0.30673410904675,1.027571748744608,0.2502657956441039,0.9507370921277878,0.5168990624816617,0.6480378206057738,-555_-70,11,0,3,0,1,1,6,4,5,4,4,2,2,2,3,-9.0,0.5778355002403259,-9.0,0.5775213241577148,0.438544750213623,0.653987467288971,0.6196542382240295,0.6428232789039612,0.6208221912384033,0.4418356418609619,0.469843178987503,0.2095602303743362,0.2092587798833847,0.1965753436088562,-9.0,0.7828213572502136,-9.0,0.6776947975158691,0.6559139490127563,0.8926101922988892,0.8627597689628601,0.8899182677268982,0.8061251044273376,0.7534068822860718,0.7137833833694458,0.5193947553634644,0.3266735076904297,0.5005367994308472,12.0,0.34183769226074223,11.0,0.35518716772397363,False,11,12.0,high
-55.24778236204096,-6.550200641450109,11,0.4594007041098349,0.963618547699656,0.3782633845034753,0.903603882279329,0.5705519539774206,0.6806588727223329,-553_-66,11,2,3,0,1,1,6,4,5,4,5,2,2,0,2,0.6215522885322571,0.629650354385376,-9.0,0.4544149339199066,0.5774143934249878,0.627752959728241,0.693539023399353,0.7104966044425964,0.7115060091018677,0.175442636013031,-0.0898557305335998,-0.0553231053054332,-9.0,0.0031007751822471,0.7485129237174988,0.7606527805328369,-9.0,0.5996841788291931,0.7849089503288269,0.8437958359718323,0.884696364402771,0.9021022915840148,0.8414515256881714,0.4689655303955078,0.2699318528175354,0.2922098636627197,-9.0,0.3324507176876068,10.0,0.4612214532163408,10.0,0.6253337094353305,False,10,10.0,mid
-55.24859084579667,-6.5484938424102825,11,0.4976977530101723,0.8964848366260167,0.3914436296111837,0.9021027489353236,0.6243596442441254,0.7050995393632798,-553_-66,11,2,2,0,1,1,5,5,4,5,5,2,3,1,2,0.633377730846405,0.6375280022621155,-9.0,0.625836193561554,0.6101474165916443,0.6268898248672485,0.6587260365486145,0.6953125,0.6883545517921448,0.1319293081760406,0.0313111543655395,0.2886087298393249,0.1342882663011551,0.0236893203109502,0.7732803225517273,0.8668776154518127,-9.0,0.8292239904403687,0.8245700001716614,0.8755057454109192,0.8595065474510193,0.8987895846366882,0.8444501757621765,0.4755443334579468,0.3218372762203216,0.1429712474346161,0.2619521915912628,0.3998937904834747,9.0,0.5260857298970223,9.0,0.5250561762601138,False,11,9.0,high
-55.2015191249088,-6.902699558938609,11,0.2202572843186255,0.722626223691242,0.1460164225717825,0.9873601775911756,0.7500714468646238,0.7813545347728766,-553_-70,11,0,2,0,0,1,6,3,5,6,3,2,2,0,0,-9.0,0.6573307514190674,-9.0,-9.0,0.5189442038536072,0.6030587553977966,0.603947639465332,0.6244428157806396,0.7447858452796936,0.4106192290782928,0.6307412385940552,0.2918722629547119,-9.0,-9.0,-9.0,0.8449234366416931,-9.0,-9.0,0.6618537306785583,0.8107577562332153,0.810169517993927,0.8164070844650269,0.8799839019775391,0.4765593111515045,0.78009432554245,0.4992976784706116,-9.0,-9.0,9.0,0.21869879961013794,9.0,0.18100742499033612,False,9,9.0,low
-55.44963380638261,-7.468189030291848,11,0.7670248868186532,0.7021316714100008,0.3698183675209037,0.8584520119357871,0.7634671901692207,0.8849205280966522,-555_-75,11,1,1,0,1,1,6,4,5,4,2,1,2,1,3,0.6451612710952759,0.639072835445404,-9.0,0.5847457647323608,0.6029378175735474,0.5246526598930359,0.4106411933898926,0.5073156356811523,0.3826815783977508,-0.0391775481402874,-0.022394249215722,0.0781818181276321,0.1411229074001312,0.25260129570961,0.8600410223007202,0.8843683004379272,-9.0,0.692307710647583,0.8834951519966125,0.8341799378395081,0.7165387272834778,0.8376410603523254,0.5686895847320557,0.2973175644874573,0.4031746089458465,0.3742757737636566,0.4387755095958709,0.6041961908340454,8.0,0.36777206758658093,9.0,0.4550842497497797,False,11,8.0,high
-55.11069944968432,-6.647578018248664,11,0.2813593865387073,1.0938744301076868,0.2376552066423637,0.9530109251742852,0.4590467302301884,0.6043708121015178,-552_-67,11,2,3,0,3,2,8,8,8,8,4,5,4,0,6,0.6624397039413452,0.6576616764068604,-9.0,0.0314685329794883,0.4014405310153961,0.654915452003479,0.5459104776382446,0.6751009225845337,0.6483079195022583,0.6164944171905518,0.3877139985561371,0.2677383720874786,-9.0,0.1297013908624649,0.6680554151535034,0.7071835994720459,-9.0,0.3501144051551819,0.4807557761669159,0.6356940269470215,0.5800473093986511,0.6784895658493042,0.6417713165283203,0.6828065514564514,0.3517755568027496,0.2875439822673797,-9.0,-0.0708661451935768,11.0,0.46933043375611305,11.0,0.3294254817068577,False,10,11.0,mid
-55.11608934138904,-6.676863096510962,11,0.3748489786992838,1.154093442619169,0.368659778504833,0.9078743084204006,0.404747682145734,0.5500121081398764,-552_-67,11,0,7,0,2,2,10,8,8,10,4,3,4,0,4,-9.0,0.4718594253063202,-9.0,0.58680260181427,0.5877699851989746,0.6058117747306824,0.6555224061012268,0.6476076245307922,0.6691203713417053,0.55580735206604,0.3394404649734497,0.2050976455211639,-9.0,0.0381966196000576,-9.0,0.6558910012245178,-9.0,0.8409725427627563,0.7658602595329285,0.8473837375640869,0.8021121025085449,0.8821558952331543,0.8298454284667969,0.6596156358718872,0.3039286434650421,0.1857465058565139,-9.0,-0.1537938117980957,11.0,0.7159975692629814,11.0,0.4472130903353294,False,10,11.0,mid
-55.24769253051255,-6.5502904729785225,11,0.4726344097509125,0.9668968321220208,0.3916054374405808,0.8973852877985444,0.5678565640843487,0.676956163164997,-553_-66,11,2,3,0,1,1,6,4,5,4,5,2,2,0,2,0.6215522885322571,0.629650354385376,-9.0,0.4544149339199066,0.5774143934249878,0.627752959728241,0.693539023399353,0.7104966044425964,0.7115060091018677,0.175442636013031,-0.0898557305335998,-0.0553231053054332,-9.0,0.0031007751822471,0.7485129237174988,0.7606527805328369,-9.0,0.5996841788291931,0.7849089503288269,0.8437958359718323,0.884696364402771,0.9021022915840148,0.8414515256881714,0.4689655303955078,0.2699318528175354,0.2922098636627197,-9.0,0.3324507176876068,10.0,0.4612214532163408,10.0,0.6253337094353305,False,10,10.0,mid
-55.07054475648418,-6.867036442159064,11,0.350504851244128,0.5239139815689124,0.1615246052627717,0.983186532846548,0.8658677577798499,0.8939181025959169,-551_-69,11,2,4,1,2,0,5,4,6,4,4,0,3,0,3,0.6674853563308716,0.5827338099479675,0.3374946117401123,0.3840644657611847,-9.0,0.6192253828048706,0.6238718628883362,0.626323401927948,0.6093444228172302,0.5703633427619934,-9.0,0.2581707537174225,-9.0,0.4333138167858124,0.8145559430122375,0.727226972579956,0.295663058757782,0.4863796532154083,-9.0,0.8951392769813538,0.8121616244316101,0.8824676275253296,0.8204205632209778,0.7627208828926086,-9.0,0.4921875,-9.0,0.7177627086639404,10.0,0.11688440706994796,10.0,0.2121362321906619,False,9,10.0,low
-55.245806068415895,-6.53915136345544,11,0.5315240175125615,0.8492685952922647,0.3945349698243529,0.8998343649508715,0.6605324593312157,0.7341074660161614,-553_-66,11,0,2,0,1,1,6,3,5,4,5,3,2,1,2,-9.0,0.6099228262901306,-9.0,0.5986742973327637,0.5986681580543518,0.6450061798095703,0.6738947033882141,0.6777251362800598,0.6638655662536621,0.1985168308019638,-0.1129074320197105,-0.0623145401477813,0.0681170672178268,0.0833121016621589,-9.0,0.8579971790313721,-9.0,0.8202401399612427,0.8131923675537109,0.8697689175605774,0.8911867737770081,0.8900753855705261,0.7837837934494019,0.5358186960220337,0.2521162927150726,0.3114506602287292,0.1943237781524658,0.3139678537845611,10.0,0.5397932603955269,9.0,0.6033061755555016,False,11,10.0,high
-55.473978150582255,-6.951028921224241,11,0.4755618500240904,1.0596486602361015,0.4053498183214934,0.8756923825914411,0.4891785448503303,0.6572319435298375,-555_-70,11,0,3,0,1,1,5,4,5,5,4,3,2,2,3,-9.0,0.5797665119171143,-9.0,0.3648676872253418,0.2320539653301239,0.6500524878501892,0.6567202806472778,0.6497475504875183,0.6165356040000916,0.0351451188325881,0.1787156015634536,0.049438439309597,0.1516687721014022,0.1155127733945846,-9.0,0.7086743116378784,-9.0,0.4076939523220062,0.3317132294178009,0.879856526851654,0.8593477010726929,0.8806422352790833,0.8010737299919128,0.3878590762615204,0.3532757461071014,0.3712796568870544,0.2282045483589172,0.316870629787445,9.0,0.36407373803002496,9.0,0.4295815857393402,False,11,9.0,high
-55.476134107264144,-7.028284035658521,11,0.5333073093564327,0.9350015744786124,0.3991326735135914,0.8782322509560323,0.5938171595492877,0.733474107155131,-555_-71,11,0,4,0,0,0,4,4,5,6,3,3,2,2,3,-9.0,0.5886133909225464,-9.0,-9.0,-9.0,0.6370466947555542,0.6212398409843445,0.6340206265449524,0.603596568107605,0.1560719013214111,0.0615463741123676,0.0475996732711792,0.072523683309555,0.1786049455404281,-9.0,0.8165908455848694,-9.0,-9.0,-9.0,0.8858188986778259,0.8556886315345764,0.8738916516304016,0.7396098375320435,0.4919377565383911,0.2825186550617218,0.2812538743019104,0.2567622065544128,0.3532052338123321,9.0,0.5011844277381897,9.0,0.5136341087520123,False,9,9.0,low
-55.24706370981366,-6.551098956734228,11,0.48229324772321,0.8793732523534232,0.3817082100979878,0.9114029582860876,0.6376340778049314,0.6995923577732576,-553_-66,11,2,3,0,0,2,5,4,5,4,5,3,2,0,1,0.6238863468170166,0.6169772148132324,-9.0,-9.0,0.5623589158058167,0.5952533483505249,0.5936226844787598,0.6421180963516235,0.6293318271636963,0.1807160973548889,0.0562689714133739,-0.0407714061439037,-9.0,-0.0002217786677647,0.7599164843559265,0.741360068321228,-9.0,-9.0,0.6540701985359192,0.8381374478340149,0.8306878209114075,0.854932963848114,0.7865937352180481,0.5032304525375366,0.308270663022995,0.3385987877845764,-9.0,0.4144963920116424,10.0,0.39232753217220306,9.0,0.5600803766938043,False,9,10.0,low
-55.32270185673653,-6.540858162495267,11,0.8487148902342467,0.8155626496124913,0.2229870876195199,0.7698564273256628,0.6854588303880406,0.9631117455342422,-554_-66,11,2,4,0,1,1,6,3,5,5,3,2,3,1,1,0.1825141012668609,0.1976931989192962,-9.0,0.1620397716760635,0.6324662566184998,0.6416422128677368,0.5832374095916748,0.5589887499809265,0.4749316275119781,0.4880328178405761,0.530870258808136,0.5477310419082642,0.3191061913967132,0.4630254805088043,0.4296151995658874,0.4584269523620605,-9.0,0.2945821583271026,0.8195973038673401,0.8718234300613403,0.861396849155426,0.8367347121238708,0.7525047659873962,0.774877667427063,0.66066974401474,0.8878193497657776,0.3063152730464935,0.4035913944244385,12.0,0.34032376923344354,12.0,0.06349302286451514,False,11,12.0,high
-55.07683296347301,-6.6463203768509,12,1.2455772433573116,0.4821913829996153,0.3004633560790483,0.8249929432695348,0.8859808588096648,0.9528896570552744,-551_-67,12,0,2,1,1,1,4,4,4,4,2,2,3,0,3,-9.0,0.3515834808349609,0.5281090140342712,0.6157661080360413,0.353016048669815,0.2041447609663009,0.2044110596179962,0.235658049583435,0.2007832825183868,0.1201417595148086,0.2650480568408966,0.2115309685468673,-9.0,0.2942339479923248,-9.0,0.5391197800636292,0.6272108554840088,0.7973287105560303,0.4202511310577392,0.3081317245960235,0.3058395385742187,0.3542918860912323,0.3251692950725555,0.3169444501399994,0.340659350156784,0.2297350764274597,-9.0,0.3806678354740143,4.0,0.32325419452455306,4.0,0.26637865271833217,False,11,4.0,high
-55.04188849892076,-7.331465444048858,12,0.2224384812595046,1.197296085176679,0.2621434222152143,0.9647446969868304,0.3648765810801483,0.373818064296981,-551_-74,12,2,5,0,1,2,5,3,5,5,4,2,1,0,2,0.5029233694076538,0.444947212934494,-9.0,0.5616438388824463,0.5603703260421753,0.6505007743835449,0.6432687044143677,0.6638087630271912,0.6452241539955139,0.5888599753379822,0.3901665210723877,0.1519101113080978,-9.0,0.3782741725444793,0.6097005605697632,0.7107142806053162,-9.0,0.7628865838050842,0.7147052884101868,0.8714883327484131,0.8578619956970215,0.880763590335846,0.8317959904670715,0.7421578168869019,0.5399143695831299,0.2536072432994842,-9.0,0.0697626397013664,11.0,0.5905139394104482,11.0,0.3000792220234872,False,10,11.0,mid
-55.1142927108208,-6.679019053192848,12,0.2358073562961993,1.12518384045862,0.2492357363333529,0.9650069028252076,0.4310106362249991,0.4894749057123358,-552_-67,12,0,7,0,2,0,8,8,8,8,2,5,4,0,0,-9.0,0.6030246019363403,-9.0,0.5992924571037292,-9.0,0.6186654567718506,0.3895830810070038,0.6502206325531006,0.615158200263977,0.5930963754653931,0.5104202032089233,0.3897949755191803,-9.0,-9.0,-9.0,0.761163055896759,-9.0,0.8356794714927673,-9.0,0.8759903311729431,0.6068669557571411,0.885138213634491,0.8233420848846436,0.8574093580245972,0.6355900764465332,0.3556818068027496,-9.0,-9.0,10.0,0.31087683992726467,10.0,0.1311839542218617,False,9,10.0,low
-55.25200444387632,-6.533491977165488,12,0.6123753708421678,0.7925834405503467,0.4206073431408299,0.884507720021918,0.702007813455949,0.764668814304261,-553_-66,12,1,3,0,1,1,5,3,5,4,4,2,3,1,3,0.6328108906745911,0.417346179485321,-9.0,0.6248512268066406,0.5805843472480774,0.6407119035720825,0.6399424076080322,0.6505555510520935,0.628455400466919,0.316358208656311,-0.0492348633706569,-0.0101126842200756,0.1102925240993499,0.003747189650312,0.8198729753494263,0.571722149848938,-9.0,0.8261102437973022,0.7755426168441772,0.8635502457618713,0.8489851355552673,0.8685534596443176,0.8330629467964172,0.5073246955871582,0.3164440393447876,0.3808948099613189,0.2890565991401672,0.4142907559871673,9.0,0.4193227916955948,10.0,0.5565065268569419,False,11,9.0,high
-55.47568494962208,-7.027924709544871,12,0.6464447290733164,0.79069424435483,0.3434874168482704,0.8721873566801637,0.7033519873245451,0.8610334596710432,-555_-71,12,0,4,0,1,0,5,4,5,6,3,3,2,2,2,-9.0,0.4907379448413849,-9.0,0.4009599983692169,-9.0,0.6430259943008423,0.6259950399398804,0.6233576536178589,0.5689018964767456,0.1459348499774933,0.1989090144634246,0.0522488839924335,0.0883321166038513,0.2086416035890579,-9.0,0.7207581996917725,-9.0,0.4823091328144073,-9.0,0.8758434653282166,0.8486647009849548,0.872053861618042,0.7293127775192261,0.4711886644363403,0.2505588233470917,0.2730928659439087,0.3047577142715454,0.4613549709320068,9.0,0.40263308187325797,9.0,0.4200164608657361,False,10,9.0,mid
-55.29593206126977,-6.872516165392193,12,0.4856695233031609,0.6053088644862665,0.1756087444119133,0.9570981795810648,0.8223263879964541,0.91819837760918,-553_-69,12,1,2,1,2,1,4,4,5,5,3,2,3,1,2,0.6639857292175293,0.539034903049469,0.4639000594615936,0.4845573008060455,0.5250105261802673,0.6077057719230652,0.644032895565033,0.5871200561523438,0.386212021112442,0.4007981717586517,0.2924270033836365,0.2809893488883972,0.3076725602149963,0.2353605031967163,0.732495903968811,0.7884659171104431,0.6457986235618591,0.5834553241729736,0.6961196660995483,0.8406015038490295,0.8621608018875122,0.8074023127555847,0.6010273694992065,0.5785415768623352,0.5508416295051575,0.5326910018920898,0.553184986114502,0.5534531474113464,8.0,0.182939221461614,10.0,0.25112338960170744,False,12,8.0,high
-55.320905226168286,-6.540498836381618,12,0.7747409863416752,0.915756898649502,0.3040103120751176,0.7587043731590534,0.6091905112649277,0.919093877979383,-554_-66,12,2,3,0,1,1,6,3,5,5,3,2,3,0,1,0.1492866277694702,0.2458036392927169,-9.0,0.2656093239784241,0.6385089755058289,0.6047053337097168,0.5586808919906616,0.4979778826236725,0.427950769662857,0.5291005373001099,0.5944241881370544,0.5119354128837585,-9.0,0.197292074561119,0.4579164087772369,0.6363636255264282,-9.0,0.3438499271869659,0.8509542346000671,0.8654210567474365,0.809684693813324,0.7992228269577026,0.7477104663848877,0.7973568439483643,0.6561710238456726,0.5448324084281921,-9.0,0.3347708880901336,11.0,0.25666346251964567,11.0,0.09659107327461247,False,10,11.0,mid
-55.14896768078781,-6.737948535831089,12,0.5153749201474095,0.6480128560967435,0.2363829050798402,0.9447485805078076,0.7972848184702864,0.8903104526827805,-552_-68,12,4,8,0,2,0,10,8,9,8,2,8,8,0,4,0.5678780674934387,0.5324926972389221,-9.0,0.635590672492981,-9.0,0.5637195110321045,0.5548054575920105,0.5835903882980347,0.5823705792427063,0.3705265820026397,0.3980281352996826,0.3048685789108276,-9.0,0.3173261284828186,0.6767867803573608,0.7822899222373962,-9.0,0.7819685935974121,-9.0,0.8175053000450134,0.8237133026123047,0.8655523061752319,0.8056640625,0.6346651315689087,0.5743513107299805,0.4790697693824768,-9.0,0.6433694362640381,9.0,0.2104904119457517,9.0,0.2266622685960361,False,9,9.0,low
-55.07782111028554,-7.435670017006723,12,0.5391653704889151,0.8765717930904585,0.3109091630136254,0.8903799622804996,0.6397896472846852,0.8252019753441181,-551_-75,12,2,5,0,2,1,5,4,5,5,3,3,2,0,2,0.396485686302185,0.6331040263175964,-9.0,0.6452237367630005,0.6577438116073608,0.6710935235023499,0.6684536337852478,0.6698808670043945,0.5261593461036682,0.328125,0.1401303559541702,0.1438549309968948,-9.0,0.2470201402902603,0.4665247201919555,0.8021624088287354,-9.0,0.8442884683609009,0.8456625938415527,0.8822405934333801,0.8474885821342468,0.8739656209945679,0.7666895985603333,0.4644194841384887,0.4761904776096344,0.4849171638488769,-9.0,0.3911049962043762,9.0,0.336969792842865,10.0,0.4003614832957586,False,10,9.0,mid
-55.41163506986436,-6.815113818736956,12,0.6055337761823428,0.4535149610506296,0.1789318001210723,0.9625286883272208,0.898912656105857,0.954506238617301,-555_-69,12,0,4,0,1,0,4,2,5,5,3,3,1,0,2,-9.0,0.5960528254508972,-9.0,0.3925009965896606,-9.0,0.613095223903656,0.6373801827430725,0.6565460562705994,0.6528183221817017,0.5536971688270569,0.5496386289596558,0.4485084414482116,-9.0,0.4957165420055389,-9.0,0.809122622013092,-9.0,0.4909246265888214,-9.0,0.8310810923576355,0.8510158061981201,0.8695175647735596,0.7790669798851013,0.7810292840003967,0.6534090638160706,0.6905843019485474,-9.0,0.6906156539916992,,0.09490527567409335,11.0,0.10935368388891226,True,9,,low
-55.252723096103615,-6.534210629392783,12,0.4241602864057608,0.894961205590492,0.2995804261552179,0.928810335125298,0.6255490836709804,0.7511663904738378,-553_-66,12,1,3,0,1,0,4,3,5,5,5,3,2,1,3,0.6142709255218506,0.4231145977973938,-9.0,0.5839584469795227,-9.0,0.5840418338775635,0.5940828323364258,0.6646967530250549,0.6805180907249451,0.3690021336078644,0.2789189219474792,0.092343658208847,0.2614917755126953,0.174900621175766,0.7738636136054993,0.5984598398208618,-9.0,0.8112834095954895,-9.0,0.8217374682426453,0.8129205703735352,0.8713286519050598,0.815214216709137,0.5924919843673706,0.4668319821357727,0.2489141374826431,0.4458250403404236,0.5509744882583618,10.0,0.3340260572731495,10.0,0.3622969575226307,False,10,10.0,mid
-55.4119045644496,-6.815473144850605,12,0.4538629413086182,0.891590813065837,0.265780680007794,0.9192362990545292,0.6281750547840337,0.8034377668897054,-555_-69,12,0,4,0,1,0,4,4,5,5,3,3,2,0,3,-9.0,0.5738447308540344,-9.0,0.4460981488227844,-9.0,0.559382438659668,0.4726100862026214,0.4820006489753723,0.5178623199462891,0.4736842215061188,0.5511718988418579,0.263284295797348,-9.0,0.2949698269367218,-9.0,0.7808920741081238,-9.0,0.4748717844486236,-9.0,0.7897427082061768,0.4916360676288605,0.6941004991531372,0.6648614406585693,0.6866416931152344,0.6018555760383606,0.3956882357597351,-9.0,0.3945828676223755,11.0,0.2529396787285805,11.0,0.23045475035905838,False,9,11.0,low
-55.32207303603765,-6.540409004853208,12,1.0060639144474024,0.8287657140031087,0.3480286394043037,0.6720732132570786,0.6757860641243327,0.9359452423660432,-554_-66,12,2,4,0,1,1,6,3,5,4,3,2,3,1,1,0.0787714570760726,0.1977804154157638,-9.0,0.3541570901870727,0.6808717846870422,0.6655983924865723,0.6175721287727356,0.6198782920837402,0.5330973267555237,0.4997830688953399,0.6001977324485779,0.5867886543273926,0.1955380588769912,0.2814634144306183,0.3602916002273559,0.5062928199768066,-9.0,0.4004750549793243,0.8652558922767639,0.893707811832428,0.8741086721420288,0.8676332831382751,0.8120720386505127,0.7949117422103882,0.7443636059761047,0.8816547989845276,0.2369314283132553,0.4142664968967438,12.0,0.4017435210672292,12.0,0.2555443854494529,False,11,12.0,high
-55.32045606852623,-6.542205635421444,12,0.7437588358370824,0.7817780671643292,0.2881138041836026,0.8356647496504537,0.7096619368441529,0.9224873154249222,-554_-66,12,2,4,0,0,1,6,4,5,4,4,3,4,0,0,0.1464046686887741,0.2156495302915573,-9.0,-9.0,0.6446949243545532,0.6205787658691406,0.5923512578010559,0.5735064744949341,0.5051398277282715,0.5369135141372681,0.5834237933158875,0.6166710257530212,-9.0,-9.0,0.4110299050807953,0.5044940710067749,-9.0,-9.0,0.8150351643562317,0.8600237369537354,0.7981445789337158,0.8236002326011658,0.7618581056594849,0.7778339982032776,0.5726096630096436,0.8037509918212891,-9.0,-9.0,,0.03082214668393135,,-0.09500610331694287,True,9,,low
-55.3615989085389,-6.62709642977074,12,0.7191119314726371,1.1454748878522296,0.3809558517450878,0.6794932123967932,0.4126136037643227,0.8515299889537651,-554_-67,12,1,2,1,1,0,4,5,5,6,4,3,3,0,2,0.5562872886657715,0.4719743430614471,0.4831566512584686,0.318022757768631,-9.0,0.4524894654750824,0.5268886089324951,0.6048088669776917,0.5392717719078064,0.0825708582997322,0.1124344915151596,0.1088658720254898,-9.0,0.108361005783081,0.719417929649353,0.6488823890686035,0.4103942513465881,0.500124454498291,-9.0,0.7895612120628357,0.7885264158248901,0.8572957515716553,0.6707496047019958,0.278092473745346,0.4503105580806732,0.4193339943885803,-9.0,0.4519572854042053,9.0,0.27319542318582535,9.0,0.39105441235005856,False,10,9.0,mid
-55.34399192897016,-7.4128528087900865,12,1.079318397889943,0.4615516275433148,0.4236958483656419,0.8784626630310024,0.8953625770468608,0.884906012400814,-554_-75,12,1,3,0,0,1,5,5,5,4,4,3,2,0,3,0.6469902396202087,0.5626310706138611,-9.0,-9.0,0.6893447637557983,0.6074017286300659,0.6237384080886841,0.5983061194419861,0.2723305821418762,0.1569909006357193,0.2186923623085022,0.2887259423732757,-9.0,0.1729123145341873,0.8042471408843994,0.7294787764549255,-9.0,-9.0,0.8802422881126404,0.868707001209259,0.7879528999328613,0.8680179119110107,0.59184330701828,0.4535501599311828,0.5655608177185059,0.5118279457092285,-9.0,0.3152730464935303,8.0,0.33549661437670386,8.0,0.39947163462638857,False,9,8.0,low
-55.008111844237874,-7.002322723947463,12,0.7334969820270135,0.5714102057688628,0.209706527843595,0.9134442980186398,0.8411391460505016,0.9569568029094774,-551_-71,12,0,2,0,2,0,4,3,5,5,3,1,1,0,2,-9.0,0.2132846564054489,-9.0,0.2919488251209259,-9.0,0.2975860834121704,0.2303130179643631,0.2493796497583389,0.2217410206794738,0.274517685174942,0.3514900207519531,0.3952122926712036,-9.0,0.4021539390087127,-9.0,0.3267224729061126,-9.0,0.4260797202587127,-9.0,0.4583055377006531,0.406932920217514,0.412342220544815,0.3388704359531402,0.3084382116794586,0.3848331570625305,0.4605200886726379,-9.0,0.4521218836307525,,0.017119818925857566,,-0.03593742492653074,True,9,,low
-55.47316966682655,-6.951388247337887,12,0.2365747149648148,1.0783528121244157,0.2434722280093388,0.9676352881754734,0.4727804743125887,0.5159513608538756,-555_-70,12,0,4,0,0,0,6,4,5,5,4,3,2,2,3,-9.0,0.5227606296539307,-9.0,-9.0,-9.0,0.6362687349319458,0.6340820789337158,0.6144642233848572,0.5932292938232422,0.5109823942184448,0.4291200041770935,-0.0430769212543964,0.2640400230884552,0.1665589362382888,-9.0,0.7019929885864258,-9.0,-9.0,-9.0,0.8575236797332764,0.8690971732139587,0.8694581389427185,0.7722859382629395,0.7554683089256287,0.398246705532074,0.3286542594432831,0.3194934129714966,0.3582538962364197,10.0,0.4531423027316729,11.0,0.4338127528982503,False,9,10.0,low
-55.320905226168286,-6.540768330966854,12,0.75927201466384,1.0306181728311905,0.3307917824273733,0.7091393453054832,0.5142887876945565,0.8987012400666297,-554_-66,12,2,4,0,1,1,5,3,5,5,3,2,3,0,1,0.2430632561445236,0.2553330361843109,-9.0,0.202041208744049,0.6346400380134583,0.6358974575996399,0.5857078433036804,0.5406043529510498,0.463996410369873,0.4845685958862304,0.5900325179100037,0.5390556454658508,-9.0,0.0122417751699686,0.5251299738883972,0.4533770084381103,-9.0,0.3633440434932709,0.8439306616783142,0.8824330568313599,0.8217718601226807,0.8244338631629944,0.7780814170837402,0.7820443511009216,0.6601809859275818,0.6153279542922974,-9.0,0.231270357966423,11.0,0.27017356604337694,11.0,0.1879397613927722,False,10,11.0,mid
-55.08294150740503,-7.424441075955228,12,0.6409245293647581,0.8049038690832727,0.3787185322827838,0.869857655611415,0.6931805259296806,0.8308027143022062,-551_-75,12,1,4,0,2,1,6,5,5,4,2,1,2,0,3,0.591192901134491,0.6186872124671936,-9.0,0.6214826703071594,0.6047516465187073,0.6580359935760498,0.65010666847229,0.6750718355178833,0.4301950633525848,0.1935213655233383,0.1686587035655975,-0.0168923642486333,-9.0,0.068223088979721,0.7543478012084961,0.7040802240371704,-9.0,0.8360906839370728,0.8063209056854248,0.8666903376579285,0.8321489095687866,0.8769670724868774,0.6302521228790283,0.4860917925834656,0.0292397662997245,0.3249294459819793,-9.0,0.2270560264587402,10.0,0.5610349037581019,9.0,0.502812800463289,False,10,10.0,mid
-55.22289902867085,-7.429112315432649,12,0.4572965200677236,0.8013949756996591,0.2513736813202627,0.9335961971270328,0.6957053374762998,0.8329408732719102,-553_-75,12,2,1,0,1,1,4,5,5,5,3,0,2,0,1,0.5712838768959045,0.5124528408050537,-9.0,0.4139668941497803,0.4729020893573761,0.4371809661388397,0.430254191160202,0.371498167514801,0.4008372724056244,0.2742789983749389,-9.0,0.4813307821750641,-9.0,0.2256850004196167,0.6114790439605713,0.5896351337432861,-9.0,0.5743486881256104,0.6875312924385071,0.7184485197067261,0.693211019039154,0.6675305366516113,0.6363080739974976,0.5097628831863403,-9.0,0.6561412811279297,-9.0,0.4216399788856506,9.0,0.11813015739123023,2.0,0.1520978742175632,False,9,9.0,low
-55.36968374609597,-6.7083041314551455,12,0.6446868156565647,0.4959223481093029,0.2100212874855503,0.9493251569022118,0.8795301910467999,0.9462227977557504,-554_-68,12,1,2,0,3,1,5,4,4,7,3,2,4,0,2,0.5747969150543213,0.3365018963813782,-9.0,0.3112398684024811,0.3810899257659912,0.5944675207138062,0.6115196347236633,0.6199174523353577,0.5965509414672852,0.5432043075561523,0.3593011796474457,0.4505794048309326,-9.0,0.4474974274635315,0.7603543996810913,0.3411764800548553,-9.0,0.4850393831729889,0.3912706077098846,0.8240506052970886,0.832497239112854,0.8670511841773987,0.8423671126365662,0.6862552165985107,0.5263737440109253,0.6848772764205933,-9.0,0.6226993799209595,,0.05869011415375602,10.0,0.08857271406385636,True,10,,mid
-55.47568494962208,-7.027745046488048,12,0.6360451316490303,0.7825148832729477,0.323002295516922,0.8786758613676078,0.7091426260949231,0.8709830042300296,-555_-71,12,0,4,0,0,0,5,4,5,6,3,3,2,2,2,-9.0,0.4762539863586426,-9.0,-9.0,-9.0,0.5634621977806091,0.5613270998001099,0.5625597238540649,0.5022330284118652,0.2260221093893051,0.3311296999454498,0.3114362359046936,0.2760913074016571,0.4408444166183471,-9.0,0.6657407283782959,-9.0,-9.0,-9.0,0.8390341997146606,0.8064964413642883,0.8231797814369202,0.6696751117706299,0.423283576965332,0.4433902502059936,0.5010253190994263,0.4437698125839233,0.6669852137565613,9.0,0.26513441801071164,9.0,0.2160624533891678,False,9,9.0,low
-55.08527712714374,-7.422285119273342,12,0.6139916825701961,1.037804862334447,0.4883787673691811,0.8037626445097494,0.5081121320711683,0.701052683697055,-551_-75,12,2,4,0,2,1,4,5,5,5,2,1,2,0,3,0.4103857576847076,0.4901770949363708,-9.0,0.580758810043335,0.5671641826629639,0.6370632648468018,0.6218996047973633,0.6761229038238525,0.3259552121162414,-0.0411147885024547,-0.0791395306587219,-0.0780088230967521,-9.0,-0.0160484090447425,0.5076923370361328,0.5747596621513367,-9.0,0.810647189617157,0.7985318303108215,0.8679311275482178,0.8350445032119751,0.8756613731384277,0.5299482941627502,0.3255769610404968,0.1621419638395309,0.2457006573677063,-9.0,0.3531114459037781,9.0,0.4533942826092243,9.0,0.5922687416896223,False,10,9.0,mid
-55.09713488889412,-7.438993783557963,12,0.2755788789655876,0.9944825449833038,0.2108555021826923,0.9626804636255448,0.544936836614315,0.6668604361644244,-551_-75,12,1,2,0,1,1,5,5,5,5,2,1,1,0,1,0.6090583801269531,0.5599393248558044,-9.0,0.536260187625885,0.5391262769699097,0.5025089383125305,0.5680851340293884,0.5609921813011169,0.5526791214942932,0.1321619600057602,-0.0405244342982769,0.0671602338552475,-9.0,0.1550012677907943,0.7828842997550964,0.7635682821273804,-9.0,0.8099616765975952,0.6909282803535461,0.7838298082351685,0.8122950792312622,0.8215701580047607,0.7159015536308289,0.465150773525238,0.2123493999242782,0.4023627638816833,-9.0,0.445222944021225,9.0,0.3913459219038487,9.0,0.4751314362511039,False,10,9.0,mid
-55.47739174866191,-7.028194204130108,12,0.6646244675713735,0.6784248742340679,0.2526635586932518,0.9000562401619702,0.7785621818479602,0.9235670395011176,-555_-71,12,1,4,0,1,0,4,4,5,6,3,3,3,2,2,0.4653846025466919,0.4817842245101928,-9.0,0.3943618237972259,-9.0,0.5654450058937073,0.5729908347129822,0.5205973386764526,0.4913308024406433,0.3674983084201813,0.4290429055690765,0.3924839496612549,0.4444905817508697,0.4212397634983063,0.5541505217552185,0.6785714030265808,-9.0,0.4608893096446991,-9.0,0.8155269622802734,0.8047855496406555,0.7520023584365845,0.6517868638038635,0.5847877264022827,0.5304216146469116,0.6409591436386108,0.6577091813087463,0.6114275455474854,,0.06889795320374625,9.0,0.08789098858833311,True,10,,mid
-55.22289902867085,-7.429202146961062,12,0.4572221128048989,0.7959777400235999,0.2397210069497997,0.934502092339902,0.6995864584067791,0.8417871114250708,-553_-75,12,2,1,0,1,1,4,5,5,5,3,0,2,0,1,0.5712838768959045,0.5124528408050537,-9.0,0.4139668941497803,0.4729020893573761,0.4371809661388397,0.430254191160202,0.371498167514801,0.4008372724056244,0.2742789983749389,-9.0,0.4813307821750641,-9.0,0.2256850004196167,0.6114790439605713,0.5896351337432861,-9.0,0.5743486881256104,0.6875312924385071,0.7184485197067261,0.693211019039154,0.6675305366516113,0.6363080739974976,0.5097628831863403,-9.0,0.6561412811279297,-9.0,0.4216399788856506,9.0,0.11813015739123023,2.0,0.1520978742175632,False,9,9.0,low
-54.89357664551263,-7.473758585053391,12,0.4696261287790843,0.8800089268691218,0.3278392432930525,0.9158103867128268,0.6371442638880943,0.7622974127745797,-549_-75,12,1,1,1,1,1,3,4,5,5,3,4,2,0,2,0.6266666650772095,0.5948253273963928,0.3250699639320373,0.3165402114391327,0.2474155724048614,0.3952153027057647,0.2931345999240875,0.3407775163650512,0.337666779756546,0.3585827648639679,0.4136524200439453,0.5310158729553223,-9.0,0.3391624391078949,0.8495838046073914,0.8018123507499695,0.3006279468536377,0.5025978684425354,0.4111226499080658,0.709261417388916,0.6079753041267395,0.656617283821106,0.6190476417541504,0.6186317205429077,0.5223312377929688,0.738642156124115,-9.0,0.4158287346363067,2.0,0.2709086266430941,2.0,0.25636113773692737,False,11,2.0,high
-55.25398073750138,-6.530347873671067,12,0.4322848873966072,0.9269604817087096,0.340301993838995,0.9207838818684024,0.6002677554148058,0.7052073286218694,-553_-66,12,1,3,0,1,2,5,5,5,4,2,2,3,1,3,0.4853142201900482,0.5701115727424622,-9.0,0.6091811656951904,0.4987313747406006,0.606052815914154,0.6210227012634277,0.670427680015564,0.6875151991844177,0.3833261728286743,-0.0100037055090069,0.0324189513921737,0.1339352875947952,0.0244535822421312,0.5471362471580505,0.6438912749290466,-9.0,0.803058385848999,0.5521535277366638,0.8576090335845947,0.8148854970932007,0.8668621778488159,0.8441489338874817,0.6419280767440796,0.2998216450214386,0.3165362179279327,0.256356805562973,0.3316455781459808,10.0,0.4290958444277445,10.0,0.5249859602449255,False,11,10.0,high
-55.08114487683679,-7.421476635517633,12,0.6623118969594113,0.8657072743809571,0.3926652176835751,0.84007859964545,0.6481016503131244,0.8294870912482868,-551_-75,12,1,4,0,2,1,5,4,5,4,2,1,2,0,2,0.5486946702003479,0.5872976183891296,-9.0,0.5807009339332581,0.4157527387142181,0.578864336013794,0.5963541865348816,0.6445891857147217,0.4507413506507873,0.3551644682884216,0.2571038901805877,0.2918024659156799,-9.0,0.3009530305862427,0.7839958071708679,0.7332785129547119,-9.0,0.8106210827827454,0.6403542757034302,0.840919554233551,0.8380809426307678,0.8653530478477478,0.6574440002441406,0.6093884110450745,0.4363636374473572,0.6171348094940186,-9.0,0.5197854042053223,10.0,0.22884267568588257,9.0,0.24911841377615934,False,10,10.0,mid
-54.97325721121403,-7.467470378064553,12,0.3737216547942327,0.7373296017268889,0.2292252121630603,0.962274058198714,0.7402665408463109,0.8108841182989244,-550_-75,12,2,4,0,1,0,5,4,5,4,3,3,2,0,3,0.5358693599700928,0.4538444578647613,-9.0,0.5528358221054077,-9.0,0.5677655935287476,0.5436550974845886,0.5149449110031128,0.5014485716819763,0.5496478080749512,0.53765469789505,0.3385157585144043,-9.0,0.4529385864734649,0.6653216481208801,0.609119713306427,-9.0,0.7544687986373901,-9.0,0.8375164866447449,0.8070147633552551,0.7844348549842834,0.7181931138038635,0.764097273349762,0.6538808941841125,0.630761444568634,-9.0,0.6618650555610657,,0.09368503342072165,11.0,0.13290241857369745,True,9,,low
-55.25074680247855,-6.531964841182484,12,0.4279497946178118,0.9929145466800522,0.3541465022988351,0.9110727148535572,0.5462508968469675,0.674423885646561,-553_-66,12,1,3,0,0,1,6,3,5,4,4,2,3,1,3,0.631923258304596,0.5282542705535889,-9.0,-9.0,0.547012984752655,0.5617128610610962,0.6184852123260498,0.7138381004333496,0.7197790145874023,0.3119948208332062,0.0473733991384506,0.0168201848864555,0.1631484776735305,0.0678541138768196,0.7819047570228577,0.4594073593616485,-9.0,-9.0,0.7061014175415039,0.7692170739173889,0.8325581550598145,0.8900086283683777,0.8760848641395569,0.552608072757721,0.2638240456581116,0.3855388760566711,0.2877797484397888,0.3961741030216217,10.0,0.4001570977270603,10.0,0.5053260214626789,False,10,10.0,mid
-55.36168874006732,-6.627276092827566,12,0.7325181718264978,1.1448168211381868,0.4033701543759758,0.668505322576521,0.4132129513964182,0.8452126453596869,-554_-67,12,1,2,1,1,0,4,5,5,6,4,3,3,0,2,0.5199368596076965,0.4634538292884826,0.4448958933353424,0.2509314119815826,-9.0,0.3124660849571228,0.4353369772434234,0.4180414080619812,0.3744241595268249,0.0689546912908554,0.0077486908994615,0.0491236746311187,-9.0,0.0919324606657028,0.7118719220161438,0.6704102754592896,0.3567000329494476,0.4273568391799927,-9.0,0.5942857265472412,0.6730360984802246,0.6666666865348816,0.5165644288063049,0.2461576014757156,0.3230684697628021,0.346641331911087,-9.0,0.3944674432277679,9.0,0.24952778965234756,9.0,0.34799594862852246,False,10,9.0,mid
-55.36043109866955,-6.628713397282157,12,0.721968604144175,1.0327810928386532,0.3486612952457514,0.7346568866172639,0.5124326290379251,0.8762345604809083,-554_-67,12,0,3,0,2,0,5,5,4,6,4,3,2,0,1,-9.0,0.4973614811897278,-9.0,0.1450267434120178,-9.0,0.3995234370231628,0.5034986138343811,0.5658198595046997,0.3646963238716125,-0.0286572687327861,0.3214873373508453,0.2619220912456512,-9.0,0.1902400255203247,-9.0,0.6798223853111267,-9.0,0.2728569805622101,-9.0,0.7342519760131836,0.7821853756904602,0.8361543416976929,0.588198184967041,0.2653921544551849,0.3444927930831909,0.5893744826316833,-9.0,0.517067015171051,9.0,0.2198299293716749,9.0,0.22640636345992488,False,9,9.0,low
-54.89357664551263,-7.473938248110214,12,0.2952273019883696,1.130908762844361,0.3045188022342484,0.9447795304234125,0.4258377356711205,0.5118743045180771,-549_-75,12,1,1,1,1,1,3,4,5,5,3,3,2,0,2,0.5478014349937439,0.5323355197906494,0.3417207896709442,0.4030927717685699,0.2450744807720184,0.4102995693683624,0.3971821963787079,0.4373751878738403,0.4175074994564056,0.3827828764915466,0.4056308567523956,0.4185053408145904,-9.0,0.124868094921112,0.7754637002944946,0.7247298359870911,0.2789168357849121,0.4813605546951294,0.4158470034599304,0.6405638456344604,0.6565315127372742,0.6855135560035706,0.6438962817192078,0.6429719924926758,0.5414522290229797,0.591217577457428,-9.0,-0.0922509208321571,11.0,0.3402664305811579,2.0,0.17788305336778815,False,11,11.0,high
-55.32036623699781,-6.541846309307799,12,0.6998007373175956,0.9125394644881692,0.2877228151454417,0.8029335545832266,0.6117388559482564,0.9041410500589708,-554_-66,12,2,4,0,0,1,6,3,5,4,4,2,3,0,0,0.2530048191547394,0.2359990179538726,-9.0,-9.0,0.6353060007095337,0.640885591506958,0.6054040193557739,0.5884703397750854,0.5164778828620911,0.52227783203125,0.5810043215751648,0.5617995858192444,-9.0,-9.0,0.4621318280696869,0.4825462102890014,-9.0,-9.0,0.835888683795929,0.8649817109107971,0.835616409778595,0.8381770253181458,0.782417893409729,0.7632123827934265,0.6308449506759644,0.7940298318862915,-9.0,-9.0,,0.020684126764535904,,-0.052211607495943724,True,9,,low
-55.42187586410332,-6.927672723837132,12,0.5654262459375742,1.0367086752471837,0.4596684492937826,0.833058641125371,0.5090559625944596,0.6889755831349285,-555_-70,12,0,3,0,1,0,5,4,5,5,2,1,2,1,3,-9.0,0.6203503608703613,-9.0,0.5195954442024231,-9.0,0.6095085740089417,0.5899614095687866,0.5486935973167419,0.5636998414993286,0.4799756407737732,0.408627450466156,0.2889311909675598,0.33820840716362,0.2772421836853027,-9.0,0.7514915466308594,-9.0,0.5840105414390564,-9.0,0.8639035224914551,0.8447065949440002,0.8394984602928162,0.7792907953262329,0.7395907640457153,0.6039294600486755,0.0221327971667051,0.0962772816419601,0.0127403289079666,11.0,0.7070859080801408,11.0,0.24109094589948654,False,10,11.0,mid
-55.42448097842727,-6.874941616659315,12,0.6487512384371211,0.4692356338050115,0.1524283143012602,0.9540218018651628,0.8919141986764323,0.967612958373299,-555_-69,12,0,3,0,2,1,4,3,5,5,2,2,2,0,2,-9.0,0.0451248995959758,-9.0,0.3479452133178711,0.2535760700702667,0.1534784883260727,0.1177062392234802,0.0615079365670681,0.0514393597841262,0.0767613053321838,0.2061978578567505,0.1559100747108459,-9.0,0.2230421304702758,-9.0,0.0330545604228973,-9.0,0.3639603853225708,0.2217997461557388,0.5231416821479797,0.4599211513996124,0.4587593674659729,0.3685503602027893,0.3657886087894439,0.2519587576389313,0.433453232049942,-9.0,0.4376049339771271,,-0.024966991816957773,5.0,0.08479330362752086,True,10,,mid
-55.25281292763203,-6.534030966335957,12,0.4329160370314193,0.98297988269207,0.3467103358370284,0.9108127454010608,0.5545452925936717,0.6915563308170742,-553_-66,12,1,3,0,1,0,4,3,5,4,5,2,2,1,3,0.6209993362426758,0.4896142482757568,-9.0,0.6032502055168152,-9.0,0.6051700115203857,0.644407331943512,0.7131713032722473,0.7135928869247437,0.301338255405426,0.0624219737946987,0.0537998490035533,0.1432766914367675,0.0944689214229583,0.7868020534515381,0.6316359639167786,-9.0,0.8113327026367188,-9.0,0.8045321106910706,0.8371153473854065,0.8932361006736755,0.8566632866859436,0.5653622150421143,0.3429067432880401,0.1945836395025253,0.3260340690612793,0.4749340415000915,10.0,0.4387203492224217,10.0,0.49795108847320085,False,10,10.0,mid
-55.47272050918448,-6.94959161676965,12,0.2733049589363419,1.1010675050577523,0.258026664699448,0.9550620694344484,0.4526444947903247,0.5623764802257908,-555_-70,12,0,4,0,0,0,5,3,5,5,4,3,2,2,3,-9.0,0.5370505452156067,-9.0,-9.0,-9.0,0.5703411102294922,0.5691394805908203,0.5694715976715088,0.6438561677932739,0.2897481024265289,0.4442732334136963,0.4699907600879669,0.3322793245315552,0.1588823199272155,-9.0,0.7538205981254578,-9.0,-9.0,-9.0,0.8529607653617859,0.8253365755081177,0.8521940112113953,0.765084445476532,0.6079462170600891,0.4854727983474731,0.7371484041213989,0.4595842957496643,0.2904837727546692,12.0,0.35996144264936447,12.0,0.26615305244922643,False,9,12.0,low
