cls,lat,lon,uv,x,yy,B11_2020,B12_2020,B2_2020,B3_2020,B4_2020,B8_2020,NDVI_2020,B11_2021,B12_2021,B2_2021,B3_2021,B4_2021,B8_2021,NDVI_2021,B11_2022,B12_2022,B2_2022,B3_2022,B4_2022,B8_2022,NDVI_2022,w,sep,res,s_uv,s_x,s_y,w_s2,sep_s2,res_s2,blk
1,0.9064450374408022,23.786355660908193,0.8434785494769483,0.7876929745620275,0.9266815644354099,0.1639000028371811,0.07159999758005142,0.03519999980926514,0.04610000178217888,0.0357000008225441,0.2556000053882599,0.7548918724060059,0.21170000731945038,0.11949999630451202,0.042500000447034836,0.0560000017285347,0.050700001418590546,0.20200000703334808,0.59873366355896,0.19850000739097595,0.08799999952316284,0.03310000151395798,0.04960000142455101,0.029500000178813934,0.3596000075340271,0.8483680486679077,1.1704749913760615,0.5670698724978259,0.375678231967592,0.08729498792748211,-0.4018793791999435,-0.8148106091441121,1.337722748646936,1.4833900862662643,0.4752344015927821,237_9
1,0.7790639301526543,23.70999886175803,0.5516183402680866,0.6583467118863137,0.9454537950904933,0.1436000019311905,0.06400000303983688,0.02905000001192093,0.03974999859929085,0.03009999915957451,0.24279999732971191,0.7794063687324524,0.1936500072479248,0.11514999717473984,0.03660000115633011,0.04904999956488609,0.04259999841451645,0.1972000002861023,0.6447039246559143,0.21044999361038208,0.10095000267028809,0.03465000167489052,0.05404999852180481,0.03424999862909317,0.2728999853134155,0.7769819498062134,0.8638439693781018,0.9864930997871881,0.28144485615643583,-0.07113284311235515,0.056034999541710984,0.07318648687533943,0.9224980740409099,1.6419892941991812,0.9954266468658727,237_7
1,0.23324756352163156,23.998178404903577,0.49766863382181853,0.4601509561652345,0.930157244877129,0.1700499951839447,0.07450000196695328,0.039799999445676804,0.057100001722574234,0.0357000008225441,0.31700000166893005,0.7975616455078125,0.23090000450611115,0.14104999601840973,0.05559999868273735,0.08100000023841858,0.0754999965429306,0.24445000290870667,0.5280512571334839,0.22169999778270721,0.10329999774694443,0.04410000145435333,0.07760000228881836,0.04699999839067459,0.3271999955177307,0.7487974166870117,1.0407125661945678,1.0498874954274158,0.36714762806350104,0.25351312897903183,-0.28697576599920294,0.726384210076137,1.4164202688131056,1.3144860184943192,0.48493680835986014,239_2
1,0.8683564693941346,23.947064265237174,0.7837379772160501,0.769665445269106,0.9169677372187465,0.1592400074005127,0.07514286041259766,0.035866666585206985,0.05561428517103195,0.03604285791516304,0.290800005197525,0.779448390007019,0.20149999856948853,0.10819999873638153,0.04089999943971634,0.0649000033736229,0.047200001776218414,0.24420000612735748,0.6760466694831848,0.2231999933719635,0.1099499985575676,0.037700001150369644,0.06870000064373016,0.037700001150369644,0.4147999882698059,0.8333701491355896,1.0333434396739967,0.67013475593657,0.390418683860984,0.018423640367830924,-0.5201501650271981,0.12063759259760036,1.364250048056729,1.5523716440101833,0.844085676782553,239_8
1,0.8455392611774979,23.96386276105021,0.933079527659267,0.9553739449870002,0.9797131039269934,0.1776999980211258,0.07569999992847443,0.03750000149011612,0.0568000003695488,0.03440000116825104,0.31520000100135803,0.8032036423683167,0.17810000479221344,0.09149999916553497,0.035999998450279236,0.05290000140666962,0.035999998450279236,0.27300000190734863,0.7669903039932251,0.1720000058412552,0.07699999958276749,0.03539999946951866,0.052400000393390656,0.030400000512599945,0.2937999963760376,0.8124614357948303,0.8150626490155793,0.36791433010478347,0.1643945350111697,0.804173559919052,0.4116968771322323,0.8442795001448083,1.8011915591913366,0.6365125589550304,0.29160925192965215,239_8
1,0.5647259033617367,23.99799874184675,0.9474859319627014,0.9012847955293567,0.9606350295283171,0.1809999942779541,0.08139999955892563,0.040699999779462814,0.05694999918341637,0.03750000149011612,0.35350000858306885,0.8081841468811035,0.19689999520778656,0.09449999779462814,0.03920000046491623,0.061799999326467514,0.041099999099969864,0.33000001311302185,0.7784963846206665,0.20125000178813934,0.08985000103712082,0.03970000147819519,0.06055000051856041,0.03804999962449074,0.36559998989105225,0.8114703297615051,1.3764935342451838,0.3255157028341604,0.27641497099457807,0.911778180299508,0.7787572063643615,0.9393291225564476,1.6023373342717098,0.4232030529208688,0.2861169409924895,239_5
1,0.5449629671111058,23.919935143656765,0.7488474815751963,0.7778308988010852,0.9271610591909981,0.17389999330043793,0.07720000296831131,0.04270000010728836,0.0568000003695488,0.03819999843835831,0.3222000002861023,0.7880133390426636,0.2102999985218048,0.1395999938249588,0.04699999839067459,0.06700000166893005,0.06120000034570694,0.23739999532699585,0.5900870561599731,0.2304999977350235,0.1177000030875206,0.04490000009536743,0.07724999636411667,0.0434500016272068,0.3540000021457672,0.781356155872345,0.9380438566585508,0.7244749748466363,0.3528279636377423,0.41596635545842164,-0.21410732950299527,0.5137798526799909,1.5647119313084994,1.1417911286850455,0.7174275294767212,239_5
1,0.9130925705432862,23.759226539327784,0.7182547519874133,0.7650228292699657,0.9340386193403566,0.13064999878406525,0.0575999990105629,0.025299999862909317,0.039799999445676804,0.02734999917447567,0.19460000097751617,0.7535480856895447,0.17630000412464142,0.09470000118017197,0.04100000113248825,0.05824999883770943,0.04374999925494194,0.24699999392032623,0.6990541815757751,0.15080000460147858,0.07649999856948853,0.03290000185370445,0.05550000071525574,0.032600000500679016,0.2937999963760376,0.8002451062202454,0.9093105355532416,0.7695055987518294,0.3305501465998295,0.587796954962682,-0.22323265933630457,-0.3648732280899874,1.9055658009817453,0.9424633307050276,0.9309942244112375,237_9
1,0.6436878168358415,23.845824132716906,0.8310944623818274,0.8323691001642081,0.9353166968431538,0.1692499965429306,0.08190000057220459,0.040550000965595245,0.05469999834895134,0.03914999961853027,0.2750999927520752,0.7508352994918823,0.2053000032901764,0.11940000206232071,0.041099999099969864,0.06260000169277191,0.0478999987244606,0.23280000686645508,0.6587103605270386,0.2184000015258789,0.10559999942779541,0.03530000150203705,0.06560000032186508,0.03590000048279762,0.3467999994754791,0.8123856782913208,0.996106796752977,0.5897235337610391,0.3396915809166726,-0.3580654402169512,-0.21801719971177932,0.07629823251085807,0.9244122654555949,1.9369914585050962,0.975943093848965,238_6
1,0.9951087559833987,23.989464746647613,0.48851498153565587,0.5843906379130497,0.8920288143988626,0.1675499975681305,0.07989999651908875,0.041749998927116394,0.05364999920129776,0.039900001138448715,0.21780000627040863,0.690337598323822,0.2782999873161316,0.17765000462532043,0.059300001710653305,0.07524999976158142,0.08139999955892563,0.2117999941110611,0.44474759697914124,0.2439499944448471,0.16654999554157257,0.05270000174641609,0.07029999792575836,0.061900001019239426,0.20720000565052032,0.5399479866027832,0.8927377397089374,1.0604093049124736,0.41865588090334666,0.2330532621817758,0.1925044358454376,0.9843321405858692,1.0310745443415479,1.3355801015885895,0.17219358217119962,239_9
1,0.9233333647822484,23.994944469880743,0.6229690473941571,0.5085599200969787,0.8959695003888279,0.17489999532699585,0.07569999992847443,0.03750000149011612,0.056299999356269836,0.03350000083446503,0.3176000118255615,0.809171199798584,0.24400000274181366,0.16459999978542328,0.05209999904036522,0.06870000064373016,0.061900001019239426,0.21480000019073486,0.5525839924812317,0.21995000541210175,0.1197500005364418,0.03954999893903732,0.0731000006198883,0.05184999853372574,0.27459999918937683,0.6823403239250183,1.154766434853111,0.8982637942299481,0.43956566378295414,-0.3107157994931018,-0.6877344796045366,0.8082586101816889,1.2344876051387008,1.8867423411610293,0.3684192361883261,239_9
1,0.9044687438157393,23.873582074996193,0.4482229820518267,0.5508124845366754,0.8974656766000004,0.15825000405311584,0.07015000283718109,0.03554999828338623,0.051500000059604645,0.03454999998211861,0.2533999979496002,0.7600277662277222,0.20634999871253967,0.13484999537467957,0.050599999725818634,0.06745000183582306,0.06575000286102295,0.17299999296665192,0.4492146372795105,0.21809999644756317,0.13079999387264252,0.05270000174641609,0.06955000013113022,0.06594999879598618,0.1860000044107437,0.47648343443870544,0.8928039719095812,1.1060198705075512,0.4085842885891167,-0.5203502273334516,-0.4631427036284169,0.9916916959717039,0.968970073665573,2.1180573511279124,0.11274928730737308,238_9
1,0.5757751813564056,23.882655059365803,0.802594202892124,0.7782578101079332,0.9371943944311487,0.1599999964237213,0.07039999961853027,0.03914999961853027,0.05530000105500221,0.0357000008225441,0.3165999948978424,0.7973318099975586,0.1912499964237213,0.10300000011920929,0.03779999911785126,0.05534999817609787,0.04605000093579292,0.23729999363422394,0.6749602556228638,0.19030000269412994,0.09269999712705612,0.03720000013709068,0.058400001376867294,0.03420000150799751,0.33640000224113464,0.8154343962669373,1.0621824556174102,0.6391648885331173,0.34605860433228935,0.5839095428122875,-0.8146435301594575,-0.7762710522926555,2.6633767105709487,0.9472601463693013,0.44638023619363565,238_5
1,0.8607207894791173,23.97868496323818,0.8311160580742536,0.7824759782303585,0.9599888767236925,0.18880000710487366,0.08590000122785568,0.03849999979138374,0.05079999938607216,0.03750000149011612,0.2865999937057495,0.7685899138450623,0.1972000002861023,0.10329999774694443,0.04050000011920929,0.054099999368190765,0.04479999840259552,0.20319999754428864,0.6387096643447876,0.2029999941587448,0.10029999911785126,0.03539999946951866,0.05820000171661377,0.03880000114440918,0.2587999999523163,0.7392473220825195,1.139870278326477,0.5896847006292447,0.2786679633546821,-0.4183464765298522,-0.48256147026674645,0.3933470731596648,1.0359329174578935,2.0024203973611385,0.8501157445032516,239_8
1,0.5408307168041571,23.85354964416033,0.7227730990993467,0.6833498503887763,0.9351833348336586,0.1712999939918518,0.07670000195503235,0.040300000458955765,0.05429999902844429,0.03750000149011612,0.2858000099658966,0.7680172920227051,0.20295000076293945,0.11994999647140503,0.04244999960064888,0.056299999356269836,0.0523499995470047,0.2198999971151352,0.6154270172119141,0.2138500064611435,0.11235000193119049,0.039650000631809235,0.056299999356269836,0.04479999840259552,0.2865000069141388,0.7295502424240112,1.0726949681533278,0.762989709933335,0.3540010072629964,-0.5977512599945564,-0.5331617401854526,0.6149994437797076,0.9645669888313813,2.2114894636543223,0.7610089169942753,238_5
1,0.9445336054874698,23.580371966259584,0.7908447347536309,0.8061032096459517,0.9201863959991731,0.12870000302791595,0.05860000103712082,0.026900000870227814,0.03840000182390213,0.027000000700354576,0.21439999341964722,0.7763049006462097,0.15940000116825104,0.08455000072717667,0.031950000673532486,0.04639999940991402,0.03974999859929085,0.1597999930381775,0.601603627204895,0.16040000319480896,0.07750000059604645,0.03099999949336052,0.04540000110864639,0.03139999881386757,0.257999986410141,0.7829992771148682,0.961510765143876,0.6586083100510626,0.36994061186440397,0.9726569393903952,0.613760925844877,0.45389452758282345,3.882389297277802,0.23438679316416847,0.4936935465303129,235_9
1,0.8282916077224041,23.972396756249346,0.6318485096895129,0.502195952965773,0.8600760329811343,0.18080000579357147,0.07750000059604645,0.039000000804662704,0.0575999990105629,0.0357000008225441,0.3614000082015991,0.8201964497566223,0.2370000034570694,0.14900000393390656,0.04895000159740448,0.06350000202655792,0.06785000115633011,0.20309999585151672,0.49916958808898926,0.2179500013589859,0.10204999893903732,0.04089999943971634,0.08020000159740448,0.043150000274181366,0.3617999851703644,0.7868872880935669,1.1779304405202575,0.8868605357933296,0.507383511594273,0.5485991703973473,-0.5610247148485243,0.2180923542527342,2.188062767110358,0.9901084738496637,0.5381932621441282,239_8
1,0.5266373353150673,23.789499764402606,0.8108689214703304,0.67895511751979,0.9021664424161236,0.1598999947309494,0.07180000096559525,0.040699999779462814,0.05469999834895134,0.03750000149011612,0.28519999980926514,0.7675859928131104,0.21355000138282776,0.13234999775886536,0.038750000298023224,0.051899999380111694,0.050450000911951065,0.1891999989748001,0.5789692997932434,0.18925000727176666,0.08555000275373459,0.0348999984562397,0.048700001090765,0.0284000001847744,0.32899999618530273,0.8410744071006775,1.3187928502392579,0.6251609775538073,0.4219270236144179,0.17535817721834254,-0.6673098721060345,-0.7694320503046651,1.6502998293424271,1.3945267557760952,0.33992609291365994,237_5
1,0.09391886295469476,23.908436708020034,0.6820475661846562,0.7972996331077229,0.951055434657448,0.1657000035047531,0.07490000128746033,0.03959999978542328,0.05400000140070915,0.03519999980926514,0.27219998836517334,0.7709824442863464,0.20559999346733093,0.12240000069141388,0.04899999871850014,0.07360000163316727,0.05310000106692314,0.260699987411499,0.6615678668022156,0.22190000116825104,0.11810000240802765,0.044199999421834946,0.07180000096559525,0.04500000178813934,0.3206999897956848,0.7538965940475464,0.7900008708837682,0.8202374654444553,0.23277686292070812,-0.36090581696109886,-0.3044711123022185,0.8391523570225602,0.969147025473332,1.9400353168734132,0.5438936648064925,239_0
1,0.7456466015834078,23.742248380457923,0.6717641908939588,0.607666760529362,0.924558397954473,0.14284999668598175,0.06134999915957451,0.03880000114440918,0.05025000125169754,0.031599998474121094,0.2554999887943268,0.7798676490783691,0.21899999678134918,0.13850000500679016,0.045899998396635056,0.0625,0.058400001376867294,0.20389999449253082,0.5547083020210266,0.19185000658035278,0.08449999988079071,0.032099999487400055,0.06424999982118607,0.029650000855326653,0.37560001015663147,0.853670597076416,1.1000570016608262,0.8342085238355845,0.38060956343372265,-0.06524989955552148,-0.6092877282258984,-0.5812248912428033,1.360533217412328,1.6360926160617755,0.4914289761315921,237_7
1,0.23306790046480863,23.99629194280692,0.545385918792361,0.4903526323016863,0.9215762927960309,0.17800000309944153,0.07850000262260437,0.03970000147819519,0.05844999849796295,0.03674999997019768,0.3257000148296356,0.7972134351730347,0.24774999916553497,0.16455000638961792,0.051750000566244125,0.0738999992609024,0.07590000331401825,0.2176000028848648,0.4827938675880432,0.22100000083446503,0.10559999942779541,0.041999999433755875,0.07240000367164612,0.04749999940395355,0.33309999108314514,0.7503941059112549,1.0647470683230023,0.9939468590499578,0.3879215368300461,0.44868944977261627,-0.35525371292903307,0.5957554564549251,1.7494213753221282,1.1054979805719358,0.3997407466169862,239_2
1,0.7174395016620547,23.641277742522888,0.631230533076549,0.639117414663659,0.9165302229453349,0.148049995303154,0.0710500031709671,0.03954999893903732,0.052650000900030136,0.03894999995827675,0.2738499939441681,0.7509590983390808,0.20884999632835388,0.12714999914169312,0.04360000044107437,0.060750000178813934,0.049550000578165054,0.19144999980926514,0.5887966752052307,0.1932000070810318,0.09619999676942825,0.041099999099969864,0.06750000268220901,0.040699999779462814,0.29170000553131104,0.7551143169403076,0.9884962169061091,0.8876575715753454,0.392265758872423,-0.18763282647149998,-0.3854309330216863,0.2979289516152586,1.117600194899397,1.759547939451894,0.8936923420934332,236_7
1,0.5979635688741585,23.993327502369326,0.6405755382582128,0.5303022755421458,0.9117244075379284,0.1673000007867813,0.07639999687671661,0.0430000014603138,0.057999998331069946,0.04360000044107437,0.2840000092983246,0.7338217496871948,0.243599995970726,0.12860000133514404,0.05310000106692314,0.08250000327825546,0.05139999836683273,0.29840001463890076,0.7061178088188171,0.22470000386238098,0.10719999670982361,0.03739999979734421,0.06859999895095825,0.036400001496076584,0.3928000032901764,0.8303821086883545,1.1556629059010273,0.8755487941711491,0.40480050662525513,-0.013439522557073934,0.3704879068677645,0.5769374023686198,0.7519472366231225,1.5842362539610022,0.7239134114320188,239_5
1,0.4689654940745953,23.79462016152209,0.7904053776377079,0.7379332751828068,0.9374631921209732,0.16040000319480896,0.07069999724626541,0.040800001472234726,0.054999999701976776,0.0348999984562397,0.29440000653266907,0.7880352139472961,0.21889999508857727,0.1316000074148178,0.03880000114440918,0.05530000105500221,0.05889999866485596,0.22120000422000885,0.5794359445571899,0.19539999961853027,0.09619999676942825,0.03240000084042549,0.05130000039935112,0.030899999663233757,0.3467999994754791,0.8363780975341797,1.1235620331218854,0.6593258614873702,0.3480489805364696,0.14844769502619648,-0.820388044925776,-0.6357253522667783,1.7814666765322706,1.4217979364447921,0.2384882587447736,237_4
1,0.9159671794524691,23.760214686140316,0.7318047529408216,0.7246364966835428,0.9335963220013712,0.14380000531673431,0.066600002348423,0.026000000536441803,0.04149999842047691,0.030700000002980232,0.2624000012874603,0.7905151844024658,0.19044999778270721,0.10610000044107437,0.045099999755620956,0.06390000134706497,0.05260000005364418,0.23029999434947968,0.6281371712684631,0.1468999981880188,0.07029999792575836,0.04039999842643738,0.07129999995231628,0.041099999099969864,0.31119999289512634,0.766676127910614,1.0139492728629036,0.7498299764476583,0.3531331422413594,-0.2139964948425658,-0.749087122272769,0.2411494203239566,1.3532227668261751,1.786460737607294,0.6572811337574891,237_9
1,0.9003364935087887,23.591421244254256,0.7291900697111585,0.7264528431306029,0.9028357158937335,0.1388999968767166,0.06210000067949295,0.03229999914765358,0.04740000143647194,0.0364999994635582,0.24120000004768372,0.7371264100074768,0.20925000309944153,0.12639999389648438,0.03539999946951866,0.05054999887943268,0.04690000042319298,0.2016499936580658,0.6226111054420471,0.18299999833106995,0.08179999887943268,0.030400000512599945,0.056299999356269836,0.032099999487400055,0.33880001306533813,0.8269075155258179,1.0052961578858128,0.753658693827119,0.41830627238871965,0.09421820662044618,-0.16836867215975038,-0.6943378322611627,1.178492164786643,1.4764381634246675,0.7121807827432226,235_9
1,0.5154083942635737,23.892446695962704,0.8573947463201759,0.8447810645093916,0.9306326831087504,0.17299999296665192,0.07970000058412552,0.03830000013113022,0.053300000727176666,0.03519999980926514,0.2854999899864197,0.7804802060127258,0.20630000531673431,0.11029999703168869,0.052299998700618744,0.07000000029802322,0.06120000034570694,0.2386000007390976,0.5917277932167053,0.21170000731945038,0.10480000078678131,0.04490000009536743,0.06960000097751617,0.04839999973773956,0.3458999991416931,0.7545016407966614,1.0444500136933512,0.5406102963737692,0.3544461663861899,-0.23073165525031544,-0.5513025064512536,0.6352541949543595,1.194660690197197,1.8036258873570075,0.6507191658832684,238_5
1,0.7049529192127935,23.92406739396371,0.8020572243160253,0.7882509282429302,0.9439727135380013,0.1619500070810318,0.06814999878406525,0.03784999996423721,0.05290000140666962,0.03294999897480011,0.30265000462532043,0.80363529920578,0.1981000006198883,0.11150000244379044,0.043299999088048935,0.05640000104904175,0.04520000144839287,0.21459999680519104,0.6520400047302246,0.20669999718666077,0.09679999947547913,0.03974999859929085,0.06279999762773514,0.038100000470876694,0.32919999957084656,0.7925401329994202,1.0355751457033806,0.640064521421393,0.3258813057967541,0.06500836708698497,-0.7659101979186093,-0.2033549497280775,1.6226232609444216,1.5057420838993325,0.6242591351074811,239_7
1,0.08403739482938022,23.901789174917546,0.8551329655393832,0.6757094253371039,0.8867185974814348,0.17820000648498535,0.07829999923706055,0.04309999942779541,0.05660000070929527,0.03460000082850456,0.3276999890804291,0.8089980483055115,0.23389999568462372,0.13519999384880066,0.048700001090765,0.06530000269412994,0.061799999326467514,0.2563999891281128,0.6115650534629822,0.22419999539852142,0.10260000079870224,0.041200000792741776,0.06360000371932983,0.03759999945759773,0.4043999910354614,0.8298642635345459,1.5208923505297303,0.5449890536032813,0.4340182562189621,0.6595021932067829,-0.22226807076751484,0.192288274648505,2.1101011580193627,0.8506399974553631,0.8645044028099378,239_0
1,0.6772848084619127,23.961437309783086,0.802182908445736,0.7642690234333024,0.9341487887795202,0.1813499927520752,0.08055000007152557,0.037700001150369644,0.05380000174045563,0.03530000150203705,0.2957499921321869,0.7867391705513,0.21819999814033508,0.11550000309944153,0.041099999099969864,0.0625,0.04639999940991402,0.2678000032901764,0.7046467065811157,0.2094999998807907,0.09809999912977219,0.039650000631809235,0.06885000318288803,0.036249998956918716,0.362199991941452,0.818044900894165,1.0953892267703886,0.6398540526295237,0.35600897500105727,0.40261657888416924,-0.5618944166720893,0.426813826560978,1.8742889962166154,1.1564227743981947,0.4186972337195532,239_6
1,0.713936072053988,23.878163482945205,0.8302663071208082,0.8452682712014022,0.965582179982531,0.1603499948978424,0.07135000079870224,0.035100001841783524,0.052299998700618744,0.030300000682473183,0.31189998984336853,0.8229105472564697,0.18410000205039978,0.09920000284910202,0.040800001472234726,0.05959999933838844,0.04650000110268593,0.24300000071525574,0.6787564754486084,0.181099995970726,0.08259999752044678,0.03680000081658363,0.06400000303983688,0.03689999878406525,0.3093999922275543,0.7868899703025818,0.953516229535563,0.5912110173124446,0.2480687532117853,0.4401915806310967,-0.776030473346627,-0.07040132215981966,2.2055410568288427,1.1149843002565023,0.5536695538040103,238_7
1,0.6614744594614077,23.929636948725253,0.6476730248221746,0.4626400271625337,0.7893034448496061,0.19509999454021454,0.08489999920129776,0.03909999877214432,0.05570000037550926,0.035999998450279236,0.33160001039505005,0.8041349649429321,0.265500009059906,0.1949000060558319,0.05860000103712082,0.06800000369548798,0.07779999822378159,0.1881999969482422,0.415037602186203,0.2592499852180481,0.1294499933719635,0.04349999874830246,0.06710000336170197,0.046950001269578934,0.37540000677108765,0.777672529220581,1.2580668766683685,0.8662699698703689,0.6106851124720223,0.5653114138362146,-0.3893723112074895,0.4759864509221404,2.031727442078723,0.96998559468988,0.36911345555934955,239_6
1,0.8470663971605017,23.935386166543623,0.46195263933769304,0.6771832414735351,0.8127369734616903,0.15870000422000885,0.0718500018119812,0.03386000171303749,0.04830000177025795,0.03265000134706497,0.2551499903202057,0.7731063365936279,0.2175000011920929,0.13670000433921814,0.04580000042915344,0.06019999831914902,0.060100000351667404,0.18799999356269836,0.5155179500579834,0.23250000178813934,0.12460000067949295,0.04540000110864639,0.07440000027418137,0.04919999837875366,0.2937999963760376,0.7131195664405823,0.7581771321394543,1.090600753377115,0.47298322283979455,-0.9035556453721936,-0.6344102268642365,0.5834096848804086,0.836685740489427,2.6987930216900224,0.7726309933876343,239_8
1,0.39224936881078776,23.96062882602738,0.8546258622027637,0.7844730102771524,0.9204172167537965,0.1761000007390976,0.07599999755620956,0.037300001829862595,0.05620000138878822,0.035999998450279236,0.3330000042915344,0.8048780560493469,0.24375000596046448,0.14499999582767487,0.0430000014603138,0.059950001537799835,0.05525000020861626,0.24504999816417694,0.6320345997810364,0.20990000665187836,0.09520000219345093,0.03920000046491623,0.05999999865889549,0.03620000183582306,0.3741999864578247,0.8235867023468018,1.2252591846413063,0.5459664579670277,0.3909158115759274,0.739214840689342,-0.6515579052831486,-0.01865354566170603,3.0862844598328127,0.7388925577058616,0.3207216154896886,239_3
1,0.6442268060063139,23.975630691272173,0.7421955731396599,0.5983026949827507,0.8599215861287787,0.1776999980211258,0.08089999854564667,0.039900001138448715,0.05660000070929527,0.03539999946951866,0.32199999690055847,0.8019026517868042,0.21070000529289246,0.11159999668598175,0.04410000145435333,0.06440000236034393,0.05700000002980232,0.2207999974489212,0.5896328091621399,0.20730000734329224,0.09594999998807907,0.0406000018119812,0.05979999899864197,0.03400000184774399,0.3962000012397766,0.8419339656829834,1.2654473667856585,0.7344558058593181,0.506937357952716,0.8122166672343902,-0.5307675799069396,-0.3314033627213643,3.420225490411096,0.6228543474463215,0.830108018553701,239_6
1,0.9340233166632714,23.44706197809625,0.8740509850926823,0.7406918514911829,0.8955380481969422,0.14675000309944153,0.06015000119805336,0.03400000184774399,0.04495000094175339,0.03150000050663948,0.3352000117301941,0.8281974196434021,0.19820000231266022,0.12430000305175781,0.0357000008225441,0.05299999937415123,0.05950000137090683,0.1696999967098236,0.4808027744293213,0.1876000016927719,0.08540000021457672,0.025100000202655792,0.042399998754262924,0.02879999950528145,0.3659999966621399,0.8541033267974854,1.4521419495142642,0.5073173279227999,0.4364846853245869,0.7363164639810739,-0.7272148921732284,-0.6108189244028074,3.2092257924620546,0.743186102198958,0.6773143440950328,234_9
1,0.9266571313334904,23.72859398813931,0.6807634379525457,0.6009600171229207,0.9508659321725994,0.1543000042438507,0.07810000330209732,0.03680000081658363,0.04820000007748604,0.03799999877810478,0.2240000069141388,0.7099236845970154,0.1647000014781952,0.09669999778270721,0.029600000008940697,0.0478999987244606,0.03759999945759773,0.18539999425411224,0.6627802848815918,0.15449999272823334,0.07129999995231628,0.02800000086426735,0.05139999836683273,0.027799999341368675,0.2702000141143799,0.8134228587150574,1.1266468474120668,0.8219919648564098,0.3030664724376195,0.4377546810547345,0.7781385014727723,0.38942784598115776,0.6075886562971854,1.1176964876180542,0.6257437281054226,237_9
1,0.9332148329075629,23.447331472681483,0.7991501497146946,0.6585074932732965,0.9068562911878005,0.14409999549388885,0.06509999930858612,0.03310000151395798,0.05119999870657921,0.03420000150799751,0.28760001063346863,0.787445604801178,0.16859999299049377,0.09969999641180038,0.026000000536441803,0.04039999842643738,0.03579999879002571,0.1559000015258789,0.6264997720718384,0.17980000376701355,0.07880000025033951,0.026799999177455902,0.045499999076128006,0.028599999845027924,0.3151000142097473,0.8335757851600647,1.3210437331965057,0.6449161914353677,0.4067941701204358,0.6537488269300362,0.17552632551323977,0.20231290516092237,1.6246154251646003,0.8582683241633707,0.9776505414321489,234_9
1,0.7389092369525105,23.79030824815832,0.8789799984952404,0.8087310992829333,0.9578179098595886,0.18860000371932983,0.08410000056028366,0.03750000149011612,0.05849999934434891,0.035599999129772186,0.3779999911785126,0.8278530240058899,0.22100000083446503,0.13040000200271606,0.051899999380111694,0.07800000160932541,0.05979999899864197,0.290800005197525,0.65887051820755,0.22030000388622284,0.10180000215768814,0.0414000004529953,0.0674000009894371,0.040699999779462814,0.33640000224113464,0.7841421365737915,1.2650038167553894,0.4970773633154872,0.2788294279321989,0.6408561996234976,0.037357757811728065,0.7133498312193758,1.7521243516964051,0.8751832440485607,0.4382749571487906,237_7
1,0.7013596580763153,23.65520162942674,0.689786055432795,0.8082198372524336,0.8992262571947238,0.1420000046491623,0.06319999694824219,0.03620000183582306,0.04479999840259552,0.03200000151991844,0.26579999923706055,0.7850906848907471,0.18404999375343323,0.10294999927282333,0.03454999998211861,0.04820000007748604,0.039500001817941666,0.19499999284744263,0.663112998008728,0.16459999978542328,0.08420000225305557,0.03240000084042549,0.055799998342990875,0.0357000008225441,0.2865999937057495,0.7784672379493713,0.7777560325618459,0.809602813793544,0.3521441847634114,0.544801390919107,0.10001290858669126,-0.20121074672199685,1.4785348549161859,0.994644074245025,0.9471110221003862,236_7
1,0.9258486475777836,23.72688718909948,0.6140613029531568,0.5843524225813836,0.9288043260207642,0.181099995970726,0.08985000103712082,0.03269999846816063,0.04764999821782112,0.04165000095963478,0.2640500068664551,0.7275106310844421,0.23170000314712524,0.12870000302791595,0.037700001150369644,0.05090000107884407,0.05460000038146973,0.1687999963760376,0.51119065284729,0.19359999895095825,0.08780000358819962,0.03150000050663948,0.06809999793767929,0.03269999846816063,0.3352000117301941,0.8222343325614929,1.0408028108225356,0.9096002520384787,0.3701451719347168,-0.4064340125488112,0.2564750385697503,-0.5555802161299584,0.6592237341835173,1.9893441013397593,0.8307851497972395,237_9
1,0.8472460602173246,23.935655661128855,0.527653607572044,0.7242398238869767,0.8411085896782666,0.15591666102409363,0.07069999724626541,0.03375000134110451,0.04932500049471855,0.033240001648664474,0.24926666915416718,0.7646781206130981,0.2020999938249588,0.12690000236034393,0.044599998742341995,0.05480000004172325,0.04960000142455101,0.20919999480247498,0.6166924238204956,0.23330000042915344,0.12219999730587006,0.03985000029206276,0.06939999759197235,0.045049998909235,0.2777000069618225,0.7208365797996521,0.7496499674130523,1.0149603564340786,0.4284336523892965,-0.8240674327755277,-0.49741000191782625,0.4772585175197693,0.8235992389192281,2.53935033501654,0.8593280559385205,239_8
1,0.14332620358126746,23.975630691272173,0.6418332120509057,0.6042441857381621,0.8095675946361389,0.17579999566078186,0.07479999959468842,0.03739999979734421,0.050599999725818634,0.03220000118017197,0.3237999975681305,0.819101095199585,0.23960000276565552,0.1582999974489212,0.04780000075697899,0.060499999672174454,0.06030000001192093,0.19499999284744263,0.5276145339012146,0.22744999825954437,0.11760000139474869,0.04410000145435333,0.06554999947547913,0.04699999839067459,0.3566499948501587,0.7671250104904175,1.05500511336199,0.8739098533992461,0.5765576389858397,-0.08231971197664102,-0.9001858543508829,0.3851691291684184,1.627738492265138,1.6532092971729693,0.3037155418310696,239_1
1,0.7001020166785477,23.66229832017129,0.8425210660259765,0.801194225330482,0.9531980361263472,0.15770000219345093,0.07739999890327454,0.03460000082850456,0.044199999421834946,0.030500000342726707,0.2863999903202057,0.807510256767273,0.19235000014305115,0.10970000177621841,0.03999999910593033,0.05925000086426735,0.045499999076128006,0.26159998774528503,0.7036795616149902,0.18320000171661377,0.08160000294446945,0.026200000196695328,0.05739999935030937,0.028999999165534973,0.32739999890327454,0.8372614979743958,1.127728280139074,0.5688498684681361,0.30232619009700107,0.45046451104676577,-0.9377357041302297,-0.5925683043582584,2.525439256005958,1.1035107670258877,0.2903958896753995,236_7
1,0.2094422084924652,23.948950727333823,0.43497638411630357,0.4244310262474094,0.9067046104912477,0.1809999942779541,0.08105000108480453,0.0369499996304512,0.051249999552965164,0.036400001496076584,0.29010000824928284,0.7770290970802307,0.2502000033855438,0.1559000015258789,0.050599999725818634,0.06669999659061432,0.07320000231266022,0.2160000056028366,0.4937759339809418,0.23800000548362732,0.1307000070810318,0.04149999842047691,0.06875000149011612,0.046799998730421066,0.3325999975204468,0.7532947063446045,1.0104200581185805,1.1207842771846284,0.42044508286712534,-0.5223915199321544,-0.9057692446149492,0.6049499657832277,1.2751955543283677,2.120449500914548,0.39458466102910417,239_2
1,0.8592834850245268,23.830462941358462,0.5345807882426553,0.5542547024397355,0.8974931867951891,0.1677200049161911,0.07683999836444855,0.034575000405311584,0.048500001430511475,0.030700000002980232,0.28540000319480896,0.8057577013969421,0.2533999979496002,0.18410000205039978,0.05260000005364418,0.06509999930858612,0.07079999893903732,0.20479999482631683,0.486211895942688,0.2553499937057495,0.13875000178813934,0.04405000060796738,0.06224999949336052,0.0507499985396862,0.3156000077724457,0.7229425311088562,0.9767024144971223,1.0067846972116765,0.4321351334138346,-0.7872110961488481,-0.9566622301513741,0.7645928002215805,1.148983309301559,2.477069756314199,0.2906024172028312,238_8
1,0.5214271066671756,23.908436708020034,0.7326155241802867,0.5680431263461353,0.8034776055877719,0.17949999868869781,0.08020000159740448,0.03779999911785126,0.05350000038743019,0.03750000149011612,0.31119999289512634,0.7849153876304626,0.23199999332427979,0.16019999980926514,0.05860000103712082,0.06780000030994415,0.07289999723434448,0.18070000410079956,0.4250788986682892,0.22470000386238098,0.1143999993801117,0.04170000180602074,0.06419999897480011,0.04740000143647194,0.3431999981403351,0.7572964429855347,1.2912357605130393,0.7486395540328397,0.5945653868564603,0.07739460639358703,-0.7233039053606586,0.42058600638657234,1.5933387098428624,1.4933242467422345,0.49834513444655726,239_5
1,0.5305899225651949,23.83495451777906,0.9150970628662771,0.8647916739798273,0.9560009579611899,0.18479999899864197,0.08219999819993973,0.042100001126527786,0.061400000005960464,0.039900001138448715,0.30915001034736633,0.7713794708251953,0.1949000060558319,0.10400000214576721,0.039799999445676804,0.06650000065565109,0.045499999076128006,0.287200003862381,0.7264803051948547,0.18870000541210175,0.09019999951124191,0.035999998450279236,0.062300000339746475,0.033900000154972076,0.32120001316070557,0.8090678453445435,1.267470969355319,0.4150477605792882,0.29230459443388307,0.6816301393632618,0.6423612750637135,0.4443893630344155,1.063855275448343,0.8208081085960554,0.7663499111110337,238_5
1,0.6008381777833414,23.950657526373654,0.633097601209484,0.5809927390479602,0.9026396821025721,0.18895000219345093,0.08240000158548355,0.040300000458955765,0.05624999850988388,0.03519999980926514,0.29159998893737793,0.7845777273178101,0.2718000113964081,0.1868000030517578,0.055799998342990875,0.07440000027418137,0.07090000063180923,0.21439999341964722,0.5029792785644531,0.27160000801086426,0.1460999995470047,0.04349999874830246,0.06390000134706497,0.05350000038743019,0.34439998865127563,0.7310882210731506,1.074104113190452,0.8852479352633498,0.4302207717536375,0.06521455472045205,-0.2280138412611699,0.7628201106626343,1.196141623627172,1.5055354578043796,0.5836307807157257,239_6
1,0.8964737377870744,23.781684421430768,0.9465581572520906,0.9060475179377525,0.9511717797002629,0.15684999525547028,0.07485000044107437,0.037700001150369644,0.04910000041127205,0.033525001257658005,0.24917499721050262,0.7628227472305298,0.16859999299049377,0.08292499929666519,0.03864999860525131,0.050574999302625656,0.03880000114440918,0.2350499927997589,0.7166332006454468,0.15800000727176666,0.06520000100135803,0.0272000003606081,0.03920000046491623,0.023900000378489494,0.29840001463890076,0.851690948009491,1.3305170503943755,0.3284044769844782,0.30815423934898256,0.6464621022997445,0.7897181348864002,0.16712271335505535,0.7610078713153569,0.8678582057642322,0.41684230517161946,237_8
1,0.589609236731846,23.80081853698252,0.8042148826028969,0.7888863759110778,0.9391375640132492,0.17520000040531158,0.08100000023841858,0.03909999877214432,0.05310000106692314,0.03689999878406525,0.2953999936580658,0.7779115438461304,0.179749995470047,0.0921500027179718,0.036649998277425766,0.054999999701976776,0.04594999924302101,0.23319999873638153,0.6707863211631775,0.18854999542236328,0.08955000340938568,0.03435000032186508,0.05130000039935112,0.03229999914765358,0.33239999413490295,0.8228681087493896,1.0398441581722992,0.6364430350552351,0.3388527526817254,0.5781863619307375,-0.6665693283665812,-0.9093176846114641,2.410575382629953,0.954292246652082,0.3786227741422114,238_5
1,0.14359569816650364,23.975451028215353,0.8602625838907079,0.8651972431269964,0.9036854554949663,0.1728000044822693,0.07569999992847443,0.03759999945759773,0.051899999380111694,0.03220000118017197,0.32199999690055847,0.8181818127632141,0.2249000072479248,0.12639999389648438,0.040300000458955765,0.053449999541044235,0.04374999925494194,0.23534999787807465,0.6864923238754272,0.1985500007867813,0.09290000051259995,0.037450000643730164,0.051899999380111694,0.03424999862909317,0.29589998722076416,0.7925185561180115,0.9817590422793881,0.5350118572713959,0.39205071088684224,0.6330723941648664,-0.8031490833748239,-0.08351713166763228,2.827757460186105,0.8852804990425145,0.23153998159282096,239_1
1,0.833591667898709,23.746560293821695,0.41978027071183854,0.8756704993096289,0.7198193669042503,0.1615000069141388,0.06780000030994415,0.03269999846816063,0.046300001442432404,0.034299999475479126,0.3434000015258789,0.8183743953704834,0.16779999434947968,0.08100000023841858,0.03060000017285347,0.04500000178813934,0.0333000011742115,0.26840001344680786,0.7792509198188782,0.2198999971151352,0.1462000012397766,0.04450000077486038,0.05779999867081642,0.05400000140070915,0.2484000027179718,0.6428571343421936,0.443017621167408,1.1375931126702312,0.2873954576228764,-0.8616362638841955,0.6973223755611934,-0.7483381375469874,0.30626878769696414,2.6092812277711923,0.6551935180789558,237_8
1,0.9736390206929428,23.872683759712075,0.5227258050721628,0.6070856029259145,0.9292256331186614,0.15970000624656677,0.06750000268220901,0.0333000011742115,0.04780000075697899,0.030700000002980232,0.301800012588501,0.8153383731842041,0.22714999318122864,0.1383499950170517,0.04320000112056732,0.053700000047683716,0.048500001430511475,0.19269999861717224,0.597844123840332,0.24250000715255737,0.1344500035047531,0.039250001311302185,0.058150000870227814,0.04430000111460686,0.2806999981403351,0.727384626865387,0.8997379509165098,1.0207510768629189,0.3409920381486166,-0.7763365670725912,-0.8772085038766253,0.6874181622979934,1.0736630829809255,2.4596291242889126,0.4800019281977925,238_9
1,0.12194629981922311,23.69517665957006,0.9347765169431035,0.8740315501047198,0.9518206456836978,0.18060000240802765,0.07840000092983246,0.035840000957250595,0.05042000114917755,0.03473333269357681,0.3230000138282776,0.8058143854141235,0.20713333785533905,0.09695713967084885,0.03973333165049553,0.05749642848968506,0.040550000965595245,0.31779998540878296,0.7736849188804626,0.19499999284744263,0.0868000015616417,0.038350000977516174,0.058400001376867294,0.034049998968839645,0.35839998722076416,0.8264747262001038,1.3970362856682423,0.3631668948202405,0.30345045376962226,0.7242864302798877,0.24796342880483702,0.7848616440345362,1.7353093657844405,0.7607974059704211,0.40978473849117847,236_1
1,0.6550065894157484,23.93502684042997,0.5875237615556432,0.4929950338504355,0.859261201433631,0.18594999611377716,0.08209999650716782,0.04170000180602074,0.056449998170137405,0.037300001829862595,0.32100000977516174,0.7917945981025696,0.29144999384880066,0.20029999315738678,0.05310000106692314,0.07029999792575836,0.0771000012755394,0.2033499926328659,0.4501693546772003,0.2533999979496002,0.12950000166893005,0.04969999939203262,0.08110000193119049,0.04820000007748604,0.36160001158714294,0.7647632956504822,1.1192897563535513,0.9428009784662308,0.5113277376207795,0.49925103632028844,-0.2710676164247854,0.6101208947019011,1.7606764089109113,1.0480621642677646,0.43165960447367374,239_6
1,0.6020958191811072,23.96556956009004,0.930348033946072,0.860711556330699,0.9468763067941368,0.1703999936580658,0.07720000296831131,0.038750000298023224,0.05544999986886978,0.03465000167489052,0.28859999775886536,0.7856148481369019,0.18320000171661377,0.09194999933242798,0.03689999878406525,0.0494999997317791,0.035750001668930054,0.24279999732971191,0.7433135509490967,0.17579999566078186,0.08330000191926956,0.0333000011742115,0.04899999871850014,0.03280000016093254,0.3086000084877014,0.8078500628471375,1.4226961845508173,0.3754354673956591,0.31683835050355247,0.5297012471776419,-0.05737380420394511,0.14064807961086118,1.6080241250903293,1.0125480265173346,0.9777751497421936,239_6
1,0.8918024983096533,23.578036346520875,0.831774709664946,0.8828339460128384,0.94567294955464,0.13830000162124634,0.061900001019239426,0.031700000166893005,0.040300000458955765,0.03020000085234642,0.2329999953508377,0.7705166935920715,0.17704999446868896,0.09210000187158585,0.03400000184774399,0.04814999923110008,0.037950001657009125,0.22010000050067902,0.7058709263801575,0.17329999804496765,0.08219999819993973,0.031599998474121094,0.05050000175833702,0.03319999948143959,0.3208000063896179,0.8124293684959412,0.8308153683309433,0.588499235919634,0.27502923432012477,0.487572308958462,0.6775404093521454,-0.11581578292426595,0.7785128022155461,1.0614893368807057,0.5289555591415096,235_8
1,0.5602343269411385,23.87259392818366,0.7412224236353064,0.6610981325166838,0.9288061045340706,0.16740000247955322,0.07895000278949738,0.04039999842643738,0.06134999915957451,0.04439999908208847,0.299699991941452,0.7419354915618896,0.2071000039577484,0.11320000141859055,0.04129999876022339,0.05700000002980232,0.04699999839067459,0.2662000060081482,0.6998723149299622,0.20180000364780426,0.08950000256299973,0.03420000150799751,0.057999998331069946,0.03229999914765358,0.35519999265670776,0.8332903385162354,1.153019682364132,0.7359067052811027,0.36831869784617766,0.11494608556696727,0.013668974250317685,-0.3125018240135991,1.0697524266200775,1.4555956014746105,0.9486045178805074,238_5
1,0.23306790046480863,23.997729247261518,0.5923125789167241,0.5705678319387703,0.9471042781433988,0.16060000658035278,0.07320000231266022,0.040800001472234726,0.054349999874830246,0.0364999994635582,0.27994999289512634,0.7693158388137817,0.23350000381469727,0.1445000022649765,0.04839999973773956,0.0771000012755394,0.06719999760389328,0.23240000009536743,0.5514018535614014,0.22599999606609344,0.10379999876022339,0.0430000014603138,0.07689999788999557,0.04399999976158142,0.33640000224113464,0.768664538860321,1.028530048063141,0.9368702603878853,0.320705365828029,-0.15497885528516794,-0.43324667530932776,0.6299620424335746,1.16941932961653,1.7264023767889205,0.6983823009649959,239_2
1,0.6599473234784057,23.918677502258994,0.7661845465936636,0.7160666394982205,0.9341051130335966,0.17970000207424164,0.08084999769926071,0.039900001138448715,0.05460000038146973,0.034949999302625656,0.30320000648498535,0.7932870388031006,0.21809999644756317,0.11420000344514847,0.04619999974966049,0.07169999927282333,0.051100000739097595,0.2619999945163727,0.6735867261886597,0.22619999945163727,0.10429999977350235,0.03720000013709068,0.07169999927282333,0.03660000115633011,0.38600000739097595,0.8267865777015686,1.1070786220255284,0.6979137101661962,0.35699762851803146,0.4090389721695916,-0.23416488176399736,0.43932968379674553,1.5722660558102612,1.1493956751727157,0.7754263369075921,239_6
1,0.8342204885975928,23.968084842885567,0.7779817886268272,0.8383046537124322,0.9675585661386854,0.17319999635219574,0.08649999648332596,0.04149999842047691,0.05939999967813492,0.04349999874830246,0.26840001344680786,0.7210644483566284,0.2013999968767166,0.10859999805688858,0.047600001096725464,0.06710000336170197,0.047200001776218414,0.28519999980926514,0.7160047888755798,0.19699999690055847,0.09969999641180038,0.04619999974966049,0.06960000097751617,0.04879999905824661,0.3248000144958496,0.7387580275535583,0.8487979009759562,0.6793491744200076,0.21280209316492452,0.6844833425779479,0.7220368444368818,0.9322261177850525,0.9353078967920632,0.8169015569790671,0.34306882386722837,239_8
1,0.7285786111851369,23.750243386486588,0.5438413708033212,0.5982540356154976,0.9353291048115203,0.15244999527931213,0.06599999964237213,0.03554999828338623,0.05144999921321869,0.03375000134110451,0.2939000129699707,0.793987512588501,0.20389999449253082,0.12139999866485596,0.043699998408555984,0.06154999881982803,0.054099999368190765,0.2184000015258789,0.602935791015625,0.2058500051498413,0.10125000029802322,0.035349998623132706,0.06469999998807907,0.035599999129772186,0.32534998655319214,0.8027427792549133,0.9334069486152695,0.9957884857596802,0.3372890310470655,-0.13087980237360683,-0.8262146505671417,-0.14646616936757564,1.494167157213809,1.702052690517643,0.501415971861058,237_7
1,0.8854244597924055,23.959910173800083,0.7420523611937031,0.7003062530145077,0.9250548453475366,0.16854999959468842,0.07680000364780426,0.03698916733264923,0.04944999888539314,0.03257500007748604,0.25859999656677246,0.7762513756752014,0.2273000031709671,0.13940000534057617,0.04989999905228615,0.0723000019788742,0.05380000174045563,0.21870000660419464,0.6051375865936279,0.21324999630451202,0.10499999672174454,0.03884999826550484,0.0731000006198883,0.042399998754262924,0.31185001134872437,0.7606210708618164,1.082078310162809,0.7346694712748832,0.3792698196549233,-0.6821628500567369,-0.7210081394759916,0.6031249982736295,1.0234931317606504,2.321512840431264,0.676007414330419,239_8
1,0.9227045440833646,23.995932616693274,0.7728075485118624,0.673187747001161,0.9410100017427423,0.15950000286102295,0.06729999929666519,0.03689999878406525,0.052799999713897705,0.03350000083446503,0.29339998960494995,0.7950443625450134,0.17299999296665192,0.08760000020265579,0.041349999606609344,0.05104999989271164,0.04479999840259552,0.17599999904632568,0.5942029356956482,0.16695000231266022,0.07644999772310257,0.03400000184774399,0.05445000156760216,0.03674999997019768,0.26109999418258667,0.7532314658164978,1.2105205055730528,0.687543171469851,0.32749310395217895,0.7156853826868094,-0.31775191788706864,0.11746957099767698,2.4497866233237247,0.7731913838574309,0.8094423975062872,239_9
1,0.622038418488561,23.902956984786904,0.7926321519789287,0.8328209030892062,0.9441667039308961,0.17730000615119934,0.0799499973654747,0.03920000046491623,0.05400000140070915,0.03720000013709068,0.3154999911785126,0.7890558242797852,0.22574999928474426,0.12195000052452087,0.04764999821782112,0.0681999996304512,0.05914999917149544,0.30790001153945923,0.6777005791664124,0.1995999962091446,0.09359999746084213,0.034449998289346695,0.062199998646974564,0.032099999487400055,0.3736000061035156,0.8417549729347229,0.8946588513465462,0.6556822380156925,0.29894269866515616,0.659467405328939,-0.17395247250329327,0.09712712672373466,2.05203528044847,0.850686275291643,0.9435707536906028,239_6
1,0.8743751817977348,23.832618898040344,0.9083932823873232,0.8402411217050314,0.9597073040106273,0.18764999508857727,0.08296000212430954,0.03680000081658363,0.059344444423913956,0.03422499820590019,0.36039999127388,0.8265441656112671,0.21275000274181366,0.11185000091791153,0.043949998915195465,0.07374999672174454,0.05350000038743019,0.29120001196861267,0.6895851492881775,0.19349999725818634,0.09080000221729279,0.035750001668930054,0.06785000115633011,0.039000000804662704,0.3041999936103821,0.7727272510528564,1.328481268947001,0.43137119930312884,0.27068039486174583,0.6236869733648117,0.10139894906400346,0.6691526827049566,1.6372985746419866,0.8973456838359177,0.6235922019103497,238_8
1,0.4681570103188868,23.811867814977184,0.5706758331053284,0.4503047735019256,0.8363594104594971,0.16609999537467957,0.07429999858140945,0.039400000125169754,0.05339999869465828,0.03505000099539757,0.2750000059604645,0.7739074230194092,0.23980000615119934,0.16099999845027924,0.04755000025033951,0.05685000121593475,0.06424999982118607,0.17669999599456787,0.46669432520866394,0.2207999974489212,0.10019999742507935,0.03660000115633011,0.05570000037550926,0.03519999980926514,0.3440000116825104,0.8143460154533386,1.1455388466901595,0.9634676997439761,0.5471956108001573,-0.261549069077207,-0.6918690866589603,-0.2870488532893398,1.2721158608447658,1.8354231181746075,0.5349797883748292,238_4
1,0.573439561617695,23.94221336270293,0.7110751662219643,0.5591675162349204,0.9117342082814686,0.16930000483989716,0.07814999669790268,0.036249998956918716,0.05025000125169754,0.03265000134706497,0.2865999937057495,0.7954580783843994,0.2728999853134155,0.1724500060081482,0.05714999884366989,0.08190000057220459,0.08375000208616257,0.2721000015735626,0.5292960405349731,0.22470000386238098,0.10970000177621841,0.03660000115633011,0.06830000132322311,0.04089999943971634,0.35359999537467957,0.7926489114761353,1.2534655246283328,0.7797701525376303,0.39072558959333087,-0.35061972328196306,-0.9438842764595692,0.4761256090093348,1.454097470399582,1.9290290799064753,0.2916342880233376,239_5
1,0.2123168174016481,23.931343747765084,0.6634812306094084,0.6031114241247232,0.8883013116092188,0.1793999969959259,0.07800000160932541,0.03680000081658363,0.051500000059604645,0.03310000151395798,0.33399999141693115,0.819667637348175,0.2305999994277954,0.15950000286102295,0.04349999874830246,0.05480000004172325,0.05889999866485596,0.20819999277591705,0.5589666962623596,0.23135000467300415,0.11585000157356262,0.04154999926686287,0.06174999848008156,0.042100001126527786,0.35339999198913574,0.7871049046516418,1.0923492464176872,0.8453342572987171,0.4588938063815942,0.20254221487133622,-0.8576051285168573,0.21723037122788014,1.9032113613121695,1.3668430784412764,0.3242656659060496,239_2
1,0.9951087559833987,23.989554578176026,0.48778528023040263,0.5847083030940248,0.8915516809034945,0.17339999973773956,0.08699999749660492,0.04360000044107437,0.054099999368190765,0.04340000078082085,0.22120000422000885,0.6719576716423035,0.27399998903274536,0.17960000038146973,0.06235000118613243,0.07800000160932541,0.08935000002384186,0.21979999542236328,0.4219634532928467,0.22030000388622284,0.14544999599456787,0.05559999868273735,0.0738999992609024,0.06435000151395798,0.2092999964952469,0.529691219329834,0.8916654829781279,1.0612453899971048,0.4191424673570265,0.6150622701523761,0.495988200645477,0.9719616208924969,1.1579736542914842,0.9083313876495671,0.19649926305808638,239_9
1,0.527715313656012,23.78985909051626,0.8271753039710128,0.8303995972329573,0.9408217480012789,0.164450004696846,0.07254999876022339,0.03994999825954437,0.05660000070929527,0.036400001496076584,0.29159998893737793,0.7780487537384033,0.19584999978542328,0.1111999973654747,0.03370000049471855,0.04520000144839287,0.04675000160932541,0.1800999939441681,0.5878333449363708,0.1973000019788742,0.09335000067949295,0.03460000082850456,0.05169999971985817,0.031449999660253525,0.3230000138282776,0.8225419521331787,0.9903437420734373,0.5967340501035918,0.32593524447711153,0.12591521184231697,-0.7159833549140318,-0.6146014342246671,1.6398425574693036,1.4445459950564432,0.4559505169812301,237_5
1,0.6274283101932792,23.96008983685691,0.8036946031315259,0.8020250597136727,0.9394230153989511,0.16830000281333923,0.07190000265836716,0.03909999877214432,0.053599998354911804,0.03539999946951866,0.298799991607666,0.7881507873535156,0.22785000503063202,0.14110000431537628,0.04244999960064888,0.06094999983906746,0.05324999988079071,0.2556000053882599,0.6551724076271057,0.21694999933242798,0.10249999910593033,0.04154999926686287,0.0645499974489212,0.03759999945759773,0.3659999966621399,0.8136768937110901,1.0043941407691725,0.6373179096213926,0.33352870566396364,0.1452292734212045,-0.829846379218396,0.25387962258455565,1.7891482628518918,1.425051628010938,0.4100746763126941,239_6
1,0.7150140503949309,23.939877742964214,0.7926774321708995,0.7165106396690949,0.9406891957829487,0.1774500012397766,0.0815500020980835,0.040150001645088196,0.055799998342990875,0.03564999997615814,0.29704999923706055,0.7856928110122681,0.23774999380111694,0.1453000009059906,0.050700001418590546,0.06624999642372131,0.05820000171661377,0.22599999606609344,0.5904292464256287,0.24160000681877136,0.13339999318122864,0.04859999939799309,0.06880000233650208,0.052000001072883606,0.325300008058548,0.7243572473526001,1.177546802512293,0.6556079681009209,0.33588268339541977,-0.005516492152211477,-0.3992081266432632,0.8149303982011997,1.2570152776404204,1.5763128469268504,0.42436504595488117,239_7
1,0.6632710900296477,23.934487851259497,0.6508773495421645,0.613303784942975,0.926214901464125,0.17599999904632568,0.07769999653100967,0.03709999844431877,0.05225000157952309,0.033399999141693115,0.32510000467300415,0.8136680722236633,0.22100000083446503,0.13154999911785126,0.04399999976158142,0.06650000065565109,0.0544000007212162,0.23420000076293945,0.623007595539093,0.22669999301433563,0.11005000025033951,0.03864999860525131,0.0689999982714653,0.04024999961256981,0.35234999656677246,0.7949566841125488,1.0562641186400163,0.8620568119783175,0.37674451923068497,0.16357903328608953,-0.8156150860923095,0.3837870743010838,1.7949703148459517,1.4064788561647557,0.24477914200654763,239_6
1,0.6435979853074301,23.974283218345995,0.8560850983141521,0.6106812384140548,0.7805283245242824,0.19329999387264252,0.08640000224113464,0.03819999843835831,0.06379999965429306,0.037300001829862595,0.38420000672340393,0.8230130672454834,0.24799999594688416,0.16179999709129333,0.05420000106096268,0.07240000367164612,0.07639999687671661,0.22380000352859497,0.4910060167312622,0.2538999915122986,0.13120000064373016,0.045099999755620956,0.06430000066757202,0.04610000178217888,0.421999990940094,0.8030335307121277,1.6825488018601507,0.543149616996919,0.6151345831821474,0.7386635113006174,-0.1347424825438472,0.39910524532308617,2.3062389067398845,0.7397108305734545,0.6592727085738381,239_6
1,0.5439748202985744,23.92891829649796,0.7836113092279153,0.6972156396240112,0.920811463960938,0.1745000034570694,0.08089999854564667,0.04259999841451645,0.06210000067949295,0.03700000047683716,0.3109999895095825,0.7873563170433044,0.23109999299049377,0.13689999282360077,0.04800000041723251,0.06459999829530716,0.06210000067949295,0.2531999945640564,0.6060894131660461,0.21265000104904175,0.09925000369548798,0.03929999843239784,0.06030000001192093,0.033649999648332596,0.3617999851703644,0.8298141360282898,1.1923678787589116,0.6703386738335263,0.3880346921235218,0.5971828841670886,-0.014592844688116627,-0.004442820017230065,1.7032330049489741,0.9308119821851625,0.9998793355826318,239_5
1,0.4681570103188868,23.812316972619243,0.7724986964319316,0.693187325905025,0.9186783567258384,0.16940000653266907,0.07564999908208847,0.03620000183582306,0.05144999921321869,0.03539999946951866,0.263949990272522,0.7634875774383545,0.19130000472068787,0.1143999993801117,0.037700001150369644,0.04470000043511391,0.04619999974966049,0.16259999573230743,0.5574712753295898,0.1704999953508377,0.08860000222921371,0.03189999982714653,0.050200000405311584,0.03200000151991844,0.298799991607666,0.8065296411514282,1.1698542274652621,0.6880296841644329,0.394151883080939,0.602594012690816,-0.09847152431026396,-0.4890256315273972,1.8066446177510513,0.924048744091496,0.8369014999124073,238_4
1,0.530140764923134,23.919036828372647,0.6703729810245106,0.5568271327341198,0.8585723491733652,0.18870000541210175,0.08309999853372574,0.04390000179409981,0.06019999831914902,0.042149998247623444,0.32074999809265137,0.7677046060562134,0.23569999635219574,0.15584999322891235,0.062950000166893,0.07050000131130219,0.07034999877214432,0.22750000655651093,0.5276145935058594,0.23569999635219574,0.11685000360012054,0.042899999767541885,0.06279999762773514,0.04619999974966049,0.37755000591278076,0.7819468975067139,1.1724110335770495,0.8360850000193804,0.5120702368943725,0.6974537352091611,0.39220935356595127,0.4443318533903837,1.461608745954304,0.7989581127778412,0.888469221105693,239_5
1,0.7556179012371338,23.771892784833867,0.7773619918757774,0.7881401457842864,0.9165963420155586,0.1673000007867813,0.07370000332593918,0.034825000911951065,0.05254000052809715,0.03172222152352333,0.29682499170303345,0.8068940043449402,0.21830500662326813,0.128414586186409,0.04532499983906746,0.06332000344991684,0.05276666581630707,0.22429999709129333,0.6191049218177795,0.22599999606609344,0.10189999639987946,0.03590000048279762,0.061000000685453415,0.03200000151991844,0.4075999855995178,0.8544130921363831,0.9745417500490623,0.6803350597476934,0.3813172138169175,0.2609260476608729,-0.9417320820200608,-0.23489517433150212,2.14149635066873,1.3068149698522622,0.336176875887294,237_7
1,0.9430963010328774,23.434485564118575,0.8097789236417364,0.8977622834266121,0.9084225332551094,0.13824999332427979,0.062199998646974564,0.028599999845027924,0.04284999892115593,0.027550000697374344,0.2485000044107437,0.8003984689712524,0.1433500051498413,0.06949999928474426,0.022299999371170998,0.0320499986410141,0.02785000018775463,0.13930000364780426,0.6667664051055908,0.1525000035762787,0.07514999806880951,0.04270000010728836,0.05350000038743019,0.040950000286102295,0.2447499930858612,0.7133356332778931,0.7274612996595525,0.6270211004113957,0.31369151853160815,0.25570911687188985,0.8044981481970765,0.255091346167776,0.48465090097102403,1.3122151915772735,0.5917553573022785,234_9
1,0.8413171793421359,23.950477863316827,0.6581628514511247,0.7458777654647659,0.9442264468417123,0.1577499955892563,0.07175000011920929,0.03817500174045563,0.05389999970793724,0.034210000187158585,0.26420000195503235,0.7707181572914124,0.23440000414848328,0.14339999854564667,0.050599999725818634,0.06340000033378601,0.057999998331069946,0.22859999537467957,0.5952547192573547,0.2021999955177307,0.10429999977350235,0.03779999911785126,0.06120000034570694,0.041200000792741776,0.2718000113964081,0.7367412447929382,0.8551469380086939,0.8524203520718973,0.2848233340934432,-0.538076482086541,-0.6473104490970474,0.6687242448186704,1.0635345331566668,2.1389497349378677,0.6606662213210907,239_8
1,0.5696666374243939,23.879600787399795,0.9176605135604989,0.8667354414451253,0.958827677817703,0.1720000058412552,0.07689999788999557,0.04039999842643738,0.05130000039935112,0.033799998462200165,0.2978000044822693,0.7961399555206299,0.18649999797344208,0.09549999982118607,0.03819999843835831,0.05270000174641609,0.04100000113248825,0.2492000013589859,0.7174362540245056,0.17839999496936798,0.0794999971985817,0.031599998474121094,0.04560000076889992,0.027300000190734863,0.2752000093460083,0.8195041418075562,1.2778286548307967,0.40864395009076776,0.28205589613405463,0.5213049080182337,-0.514460473364983,-0.2525596429660546,2.064886197224707,1.0224169665180403,0.8573184422677791,238_5
1,0.8633259038030641,23.834325697080175,0.6151821636637256,0.5605870423066514,0.8830825064916773,0.17453999817371368,0.08043333142995834,0.03449999913573265,0.049150001257658005,0.037300001829862595,0.26855000853538513,0.7560895681381226,0.23194999992847443,0.1439799964427948,0.04766000062227249,0.06333333253860474,0.06145714223384857,0.20616666972637177,0.5407199263572693,0.24169999361038208,0.11654999852180481,0.040300000458955765,0.059950001537799835,0.040300000458955765,0.3686000108718872,0.8028857707977295,1.0743492686551828,0.908179321844999,0.4687025386018495,-0.6498860234382362,-0.7270681565653381,0.16741177633299098,1.046793972244971,2.2782307909947126,0.5569790876593389,238_8
1,0.788496240635908,23.807645733141825,0.6597977365639247,0.5632688133286802,0.9161927065286014,0.1636500060558319,0.07935000211000443,0.02954999916255474,0.043949998915195465,0.029999999329447746,0.24690000712871552,0.7833153009414673,0.22280000150203705,0.1282999962568283,0.04960000142455101,0.05609999969601631,0.05040000006556511,0.22040000557899475,0.6277695894241333,0.22669999301433563,0.10320000350475311,0.03784999996423721,0.06120000034570694,0.03929999843239784,0.3752000033855438,0.8103739619255066,1.1437382501925577,0.8502467643606959,0.3969634838757531,-0.5169436366307629,-0.6633095065176322,-0.06284834835517052,1.0860688953702078,2.114072975448243,0.5791001139913038,238_7
1,0.8082591768865388,23.761292664481253,0.8053662164361414,0.7832476070407961,0.9503432422480874,0.16609999537467957,0.07169999927282333,0.035999998450279236,0.05494999885559082,0.036400001496076584,0.2712000012397766,0.7633289694786072,0.1692499965429306,0.10019999742507935,0.042750000953674316,0.05954999849200249,0.05615000054240227,0.19930000603199005,0.5603836178779602,0.16979999840259552,0.08399999886751175,0.031199999153614044,0.05889999866485596,0.03280000016093254,0.30399999022483826,0.805225670337677,1.0574001290114416,0.6345033202210955,0.30973956072106157,0.6183509210068997,-0.19527362363137543,-0.6191393095504434,1.954681809685546,0.904153686328045,0.7481329125078545,237_8
1,0.5868244593510763,23.89020090775241,0.9072517757861148,0.8566650639352769,0.925622800327736,0.1696999967098236,0.07569999992847443,0.038600001484155655,0.04960000142455101,0.03720000013709068,0.26260000467300415,0.7518345713615417,0.193900004029274,0.1054999977350235,0.04610000178217888,0.06430000066757202,0.051100000739097595,0.23360000550746918,0.6410256624221802,0.18745000660419464,0.08569999784231186,0.03125,0.05445000156760216,0.030750000849366188,0.3203999996185303,0.8248611688613892,1.2486404726156308,0.4340932679036574,0.3763101822400198,-0.03630028518459063,-0.34507894713953335,-0.8206701425757977,1.196636010996574,1.6071045889228737,0.4310312646243661,238_5
1,0.8372747605635986,23.44939759783496,0.5325239792284073,0.5900087608926922,0.8485708531054732,0.14470000565052032,0.06809999793767929,0.030300000682473183,0.0406000018119812,0.03539999946951866,0.226500004529953,0.7296678423881531,0.23880000412464142,0.1762000024318695,0.04529999941587448,0.05570000037550926,0.0640999972820282,0.17139999568462372,0.45562633872032166,0.2160000056028366,0.1023000031709671,0.035599999129772186,0.060600001364946365,0.03680000081658363,0.34950000047683716,0.809474527835846,0.9311446617493585,1.0092165845697105,0.5032865076854783,-0.6970533193755326,-0.32208984042843347,-0.25321272529900457,0.8107049095813244,2.3420759441215973,0.6725667292435833,234_8
1,0.7538212706688956,23.92810981274225,0.6624551570899372,0.6493943002728227,0.9235035957689951,0.17949999868869781,0.0831499993801117,0.03974999859929085,0.0523499995470047,0.03359999880194664,0.31189998984336853,0.805499255657196,0.21164999902248383,0.11354999989271164,0.04830000177025795,0.07214999943971634,0.04975000023841858,0.2621000111103058,0.680936336517334,0.22689999639987946,0.1145000010728836,0.03880000114440918,0.06700000166893005,0.034699998795986176,0.36959999799728394,0.8283452987670898,1.0204366778808729,0.8467048271624338,0.3802890621818865,0.364436581239327,-0.3434319652539791,0.4168520034870101,1.604120346291411,1.1977686229934785,0.7370787197094169,239_7
1,0.6830340262802768,23.753207826924182,0.5606207016169956,0.6487170197012623,0.9087277904677187,0.16007499396800995,0.07183333486318588,0.033933334052562714,0.044224999845027924,0.03166666626930237,0.27000001072883606,0.7900552749633789,0.1694599986076355,0.09818333387374878,0.04336666688323021,0.0544000007212162,0.0505249984562397,0.20399999618530273,0.6029859781265259,0.17569999396800995,0.0877000018954277,0.03689999878406525,0.05860000103712082,0.03750000149011612,0.3084000051021576,0.7831743359565735,0.8864747335294423,0.9756611430201259,0.38200685108341603,0.005024924306138517,-0.33208783980833567,-0.641313430443132,1.2194069463782384,1.565771381342075,0.6932257750118688,237_6
1,0.6773746399903242,23.925953856060367,0.9472615403444776,0.8937119274948369,0.9246409890851729,0.17139999568462372,0.0754999965429306,0.0406000018119812,0.055799998342990875,0.03739999979734421,0.29679998755455017,0.7761819362640381,0.21930000185966492,0.12359999865293503,0.04650000110268593,0.06319999694824219,0.062300000339746475,0.29339998960494995,0.6497048139572144,0.20845000445842743,0.09960000216960907,0.03689999878406525,0.05460000038146973,0.03460000082850456,0.3393999934196472,0.8149732351303101,1.4261824085778176,0.32621664300388437,0.37675142133241024,0.1707037651314376,-0.2540754307081718,-0.03920830851308471,1.3061888629307026,1.39925245320138,0.9671751764779573,239_6
1,0.6273384786648659,23.96035933144214,0.8139315743612053,0.7608890345756173,0.9228764503523251,0.17544999718666077,0.07590000331401825,0.03610000014305115,0.0507499985396862,0.03135000169277191,0.2754000127315521,0.7955990433692932,0.23270000517368317,0.14550000429153442,0.0471000000834465,0.060100000351667404,0.058800000697374344,0.22660000622272491,0.5879467725753784,0.22425000369548798,0.10450000315904617,0.04179999977350235,0.06859999895095825,0.03720000013709068,0.38440001010894775,0.8235294222831726,1.1390618496973648,0.6199085750678062,0.3847317435551099,-0.21186649643640582,-0.8964000422923502,0.09638631236394053,1.5033374822151855,1.7842807452395244,0.4327907332706926,239_6
1,0.9276452781460218,23.943111677987048,0.8652845454259229,0.8793205118960989,0.9601091609842782,0.16584999859333038,0.0694499984383583,0.03500000014901161,0.04975000023841858,0.03310000151395798,0.32580000162124634,0.815547525882721,0.18070000410079956,0.08649999648332596,0.035999998450279236,0.05139999836683273,0.033799998462200165,0.29339998960494995,0.7933985590934753,0.17284999787807465,0.07810000330209732,0.0284000001847744,0.05065000057220459,0.02710000053048134,0.3203999996185303,0.8440287709236145,0.9453114637055818,0.5250785963731386,0.26231469221317677,0.8542401043047562,0.8926612627952661,0.9179925951367497,0.8552647700501396,0.5467089261629062,0.33727255690858016,239_9
1,0.513521932166924,23.89738743002536,0.7092613096935328,0.7077550602857179,0.8629544583819461,0.17515000700950623,0.07784999907016754,0.03869999945163727,0.05285000056028366,0.034949999302625656,0.30649998784065247,0.7952848076820374,0.23649999499320984,0.1695999950170517,0.05380000174045563,0.06629999727010727,0.06539999693632126,0.19900000095367432,0.5052950382232666,0.2273000031709671,0.11630000174045563,0.04019999876618385,0.05820000171661377,0.03700000047683716,0.35600000619888306,0.8117048144340515,1.0027282008579603,0.7823465390239772,0.4867053800816319,0.18736702198032196,-0.7803452944951513,0.12045054041134953,1.7839736600006855,1.3823153178910979,0.5633521746121067,238_5
1,0.9336639905496238,23.44706197809625,0.7583834044842126,0.6023287836680683,0.8824954722261762,0.13979999721050262,0.05959999933838844,0.03909999877214432,0.04800000041723251,0.030500000342726707,0.33309999108314514,0.832233190536499,0.21070000529289246,0.1298999935388565,0.038600001484155655,0.05950000137090683,0.05590000003576279,0.2142000049352646,0.5860792398452759,0.18379999697208405,0.08259999752044678,0.030300000682473183,0.05079999938607216,0.029750000685453415,0.3509500026702881,0.8437089323997498,1.3020057078590248,0.709966971782838,0.4589709483199778,0.6125193587724044,-0.9258085316636283,-0.8086937903679883,3.021181516447168,0.911552432963724,0.22236172417586353,234_9
1,0.52349323182065,23.81896450572173,0.9528000578253327,0.790669940952235,0.908945718892905,0.18279999494552612,0.0820000022649765,0.041200000792741776,0.06069999933242798,0.03889999911189079,0.33219999074935913,0.790353000164032,0.21899999678134918,0.11599999666213989,0.04619999974966049,0.08020000159740448,0.05719999969005585,0.319599986076355,0.6963906288146973,0.2079000025987625,0.09155000001192093,0.034699998795986176,0.06030000001192093,0.032600000500679016,0.35120001435279846,0.8301198482513428,2.136025975128984,0.30846715722338564,0.3349343331276546,0.6999388020932427,0.531811918178134,0.27078154820676226,1.2697388860239516,0.7954845207955334,0.8348635756626979,238_5
1,0.9944799352845148,23.157534962024528,0.9078500714465103,0.8757235444150145,0.9595997304440771,0.1618500053882599,0.06814999878406525,0.035100001841783524,0.04574999958276749,0.031700000166893005,0.32670000195503235,0.8231026530265808,0.20544999837875366,0.1164499968290329,0.02905000001192093,0.04270000010728836,0.0385500006377697,0.22589999437332153,0.708451509475708,0.1830500066280365,0.08299999684095383,0.03355000168085098,0.04800000041723251,0.033649999648332596,0.30855000019073486,0.8033313751220703,1.1645494727114765,0.43266855602421406,0.28115930830597174,0.9015224225010638,-0.13480783774165894,0.17413484895371265,3.8121432676795584,0.44752144250325787,0.7176264057597228,231_9
1,0.9440844478454089,23.768030029112154,0.7771958787329453,0.794817819958343,0.8726916181795635,0.13920000195503235,0.06064999848604202,0.030150000005960464,0.040300000458955765,0.030300000682473183,0.20999999344348907,0.7478151917457581,0.21289999783039093,0.1264999955892563,0.044599998742341995,0.05429999902844429,0.053199999034404755,0.1581999957561493,0.49668872356414795,0.1780499964952469,0.07814999669790268,0.02810000069439411,0.04899999871850014,0.03034999966621399,0.35359999537467957,0.8419064879417419,0.9581103290357279,0.6805990850559364,0.45176823614023054,0.2806647529768662,-0.16310063166659783,-0.8963947994066053,1.3485312969022085,1.286309696574118,0.43356328206281264,237_9
1,0.954594736669609,23.8036931458917,0.9613286648541558,0.8245233779158965,0.916119874516663,0.15649999678134918,0.06469999998807907,0.03750000149011612,0.05119999870657921,0.03319999948143959,0.30239999294281006,0.8021454215049744,0.1907999962568283,0.09870000183582306,0.032999999821186066,0.047600001096725464,0.03779999911785126,0.24320000410079956,0.7309608459472656,0.18539999425411224,0.07620000094175339,0.03420000150799751,0.050999999046325684,0.030799999833106995,0.3163999915122986,0.8225806355476379,2.1556138298326544,0.27900961706721394,0.34514964793901,0.7369355659414185,-0.21553590976542406,0.0056913336898930175,2.4088745343420848,0.742270677429057,0.9456754934057552,238_9
1,0.6619236171034686,23.930714927066198,0.63748283984467,0.5498804943711206,0.8153214295332838,0.18154999613761902,0.07975000143051147,0.03999999910593033,0.055649999529123306,0.03500000014901161,0.3221000134944916,0.8039764761924744,0.23180000483989716,0.164900004863739,0.054499998688697815,0.06300000101327896,0.06705000251531601,0.18000000715255737,0.45719489455223083,0.23340000212192535,0.11400000005960464,0.03994999825954437,0.06080000102519989,0.03750000149011612,0.3946000039577484,0.8264290690422058,1.1239306318527582,0.879569562805406,0.5776867340309284,0.5838769358848818,-0.6009656472140851,-0.06771051153079621,2.3387567974757095,0.947300311070287,0.7191461523805366,239_6
1,0.820027107108503,23.871695612899543,0.4839007006591526,0.7325759200946134,0.9161534203048808,0.1568833291530609,0.07176666706800461,0.03319000080227852,0.04610000178217888,0.03232000023126602,0.24699999392032623,0.7685808539390564,0.18230000138282776,0.09799999743700027,0.04340000078082085,0.05570000037550926,0.04919999837875366,0.20800000429153442,0.6174183487892151,0.2418999969959259,0.14354999363422394,0.04899999871850014,0.07010000199079514,0.06224999949336052,0.2721000015735626,0.6276357173919678,0.7025475569448927,1.0656897616639613,0.22675353155334388,-0.9195530033025325,-0.2305695958073183,0.572969862788258,0.6587407083529649,2.737737799245516,0.32117034202835126,238_8
1,0.4944776481435884,23.87618718932014,0.6297823842927948,0.3922758575835367,0.8429031587974991,0.16990000009536743,0.0750499963760376,0.03844999894499779,0.05130000039935112,0.03440000116825104,0.2982499897480011,0.793175995349884,0.2553499937057495,0.1656000018119812,0.05380000174045563,0.06795000284910202,0.06509999930858612,0.22779999673366547,0.5554797053337097,0.2054000049829483,0.08865000307559967,0.032499998807907104,0.05375000089406967,0.02810000069439411,0.3738499879837036,0.8601816296577454,1.3127164471216224,0.8895233010997002,0.5076323700911198,0.4950835478176947,-0.8185790608496563,-0.4972740326862331,2.4027091299114054,1.0528653382033026,0.5645475444060878,238_4
1,0.5163965410761051,23.832888392625584,0.6587040606184503,0.962185344441355,0.764791592267547,0.16680000722408295,0.07760000228881836,0.041999999433755875,0.05790000036358833,0.039500001817941666,0.26080000400543213,0.736929714679718,0.16175000369548798,0.0722000002861023,0.036400001496076584,0.04944999888539314,0.03720000013709068,0.2623000144958496,0.7515859603881836,0.22544999420642853,0.16885000467300415,0.04320000112056732,0.053300000727176666,0.05844999849796295,0.15479999780654907,0.451817125082016,0.3239186273611147,0.8517012699566463,0.20949264875497942,-0.11043125872663173,0.36702225592973264,-0.4640598567783151,0.7106890781505641,1.6814532789753462,0.8268634851842863,238_5
1,0.5631089358503214,23.868821003990362,0.8348909487833402,0.660227947580567,0.8915259681419667,0.1754000037908554,0.07909999787807465,0.03909999877214432,0.05209999904036522,0.033900000154972076,0.2980000078678131,0.7957215905189514,0.20499999821186066,0.11980000138282776,0.03970000147819519,0.06069999933242798,0.05260000005364418,0.22360000014305115,0.6191166043281555,0.19679999351501465,0.08659999817609787,0.03449999913573265,0.0568000003695488,0.032999999821186066,0.3425999879837036,0.8242811560630798,1.4577628145607098,0.5828616966239254,0.42642242348568593,0.5672091793893974,-0.9179301338360175,-0.6502852786876163,2.824920389643183,0.9676831127490881,0.36418525074745306,238_5
1,0.9118349291455186,23.726617694514246,0.6285617716901538,0.6133719360592537,0.9210853096012961,0.13899999856948853,0.062950000166893,0.03215000033378601,0.04690000042319298,0.033799998462200165,0.24889999628067017,0.760877251625061,0.20550000667572021,0.12559999525547028,0.04450000077486038,0.053300000727176666,0.05299999937415123,0.2287999987602234,0.623846709728241,0.17739999294281006,0.07509999722242355,0.03440000116825104,0.05389999970793724,0.031199999153614044,0.31200000643730164,0.8181818127632141,1.0217482158762152,0.8910936938770349,0.38683862893028176,0.44705078741364956,-0.5666624613022964,-0.9836915189406201,1.962598696649799,1.1073307344867125,0.11056394845029804,237_9
1,0.9223452179697169,23.947243928294,0.5343275771407235,0.5397628992250194,0.8072667811643734,0.16204999387264252,0.07020000368356705,0.03550000116229057,0.05139999836683273,0.0328500010073185,0.2896000146865845,0.7962474822998047,0.23479999601840973,0.15530000627040863,0.043299999088048935,0.0551999993622303,0.0575999990105629,0.16920000314712524,0.4920634925365448,0.2076999992132187,0.09950000047683716,0.04039999842643738,0.06889999657869339,0.04100000113248825,0.3675999939441681,0.7993147373199463,0.9936019367755764,1.0070842853191957,0.5760806329137753,-0.180077788077431,-0.9105643759692269,-0.20360224610568403,1.5500329793539607,1.7518618583309842,0.17672904807941317,239_9
1,0.8756328231955024,23.610645191334413,0.6896992601993646,0.715342932161217,0.883196460001706,0.13064999878406525,0.06194999814033508,0.024650000035762787,0.03784999996423721,0.02590000070631504,0.23499999940395355,0.8014565110206604,0.21369999647140503,0.13500000536441803,0.04100000113248825,0.05180000141263008,0.05530000105500221,0.19144999980926514,0.5517730712890625,0.16210000216960907,0.07800000160932541,0.030700000002980232,0.04780000075697899,0.029999999329447746,0.23350000381469727,0.7722960114479065,0.9554895673842858,0.8097226876724493,0.4454795065548742,0.9548127283855077,-0.4119521703326694,-0.3200398357142245,6.612352770290071,0.301767287303021,0.8771967773007064,236_8
1,0.07738986172689621,23.37384928244051,0.8759167779937361,0.8604403671080877,0.9433850738211622,0.1919499933719635,0.10365000367164612,0.03629999980330467,0.04594999924302101,0.03620000183582306,0.24295000731945038,0.7406412363052368,0.19589999318122864,0.10649999976158142,0.04399999976158142,0.057500001043081284,0.050999999046325684,0.24420000612735748,0.6544715762138367,0.16050000488758087,0.0722000002861023,0.03215000033378601,0.04515000060200691,0.026650000363588333,0.2874999940395355,0.830335795879364,1.0619697064229943,0.5034635688181778,0.3240757541160573,0.29419100007962157,-0.06573841773068005,-0.9155975171798972,1.286431711916728,1.2721873770757002,0.34101429099282693,233_0
1,0.4832487070920948,23.819234000306963,0.7114438331100584,0.6749024949295668,0.9178324579565336,0.16439999639987946,0.07400000095367432,0.03240000084042549,0.051500000059604645,0.035100001841783524,0.3165000081062317,0.8003413081169128,0.23319999873638153,0.13940000534057617,0.053199999034404755,0.06859999895095825,0.06700000166893005,0.25099998712539673,0.5786163210868835,0.21930000185966492,0.10429999977350235,0.03720000013709068,0.056699998676776886,0.03660000115633011,0.35359999537467957,0.8124039173126221,1.0650861348847058,0.779245680468144,0.3957410355087042,0.1789000501764888,-0.884309443525973,0.020375119391059265,1.9093794118015146,1.390927975449297,0.43017701515795004,238_4
1,0.627158815608043,23.855525937785394,0.7952694109753723,0.7334831586526404,0.962830959907917,0.16355000436306,0.07440000027418137,0.04259999841451645,0.05810000002384186,0.03700000047683716,0.2919999957084656,0.7750759720802307,0.1915999948978424,0.09939999878406525,0.04560000076889992,0.07180000096559525,0.050999999046325684,0.2734000086784363,0.685573399066925,0.19449999928474426,0.09780000150203705,0.037700001150369644,0.06340000033378601,0.03620000183582306,0.29319998621940613,0.7802064418792725,1.147417317414647,0.6513444920230806,0.2648223176652217,0.307094088792794,0.330736354093903,0.5523473183033107,0.9801807455128888,1.2586582617035598,0.8162425590899175,238_6
1,0.9441742793738221,23.7683893552258,0.6662286476928034,0.6824627165992554,0.8571412779014254,0.14090000092983246,0.05979999899864197,0.034699998795986176,0.04749999940395355,0.03359999880194664,0.2556999921798706,0.7677151560783386,0.1684499979019165,0.09115000069141388,0.03824999928474426,0.050700001418590546,0.04769999906420708,0.19679999351501465,0.6098159551620483,0.17675000429153442,0.08505000174045563,0.03139999881386757,0.05534999817609787,0.039900001138448715,0.35420000553131104,0.7975133061408997,0.9738770438610844,0.8416561803586163,0.49294024826422456,0.10513278805079954,0.18496991743264174,-0.7264069523523371,0.9449228684420378,1.4654688986591036,0.6350365988353833,237_9
1,0.5658038817026796,23.888494108712578,0.7815610542244052,0.7186448821254539,0.8776571667863232,0.16429999470710754,0.07530000060796738,0.041749998927116394,0.05249999836087227,0.03564999997615814,0.25949999690055847,0.7584279179573059,0.2152000069618225,0.14259999990463257,0.050200000405311584,0.06469999998807907,0.06310000270605087,0.19259999692440033,0.5064528584480286,0.22075000405311584,0.10589999705553055,0.03914999961853027,0.06064999848604202,0.04114999994635582,0.33000001311302185,0.7782567739486694,1.1414907257134843,0.6736320411233735,0.47641353178876944,-0.5777350221667179,-0.2147191599658591,0.13312026463190285,0.8172871961275447,2.1867473382516893,0.9766126236502393,238_5
1,0.85847500126882,23.831271425114167,0.8909570671440508,0.8018352431509426,0.9268933437454407,0.16266000270843506,0.07563333213329315,0.03207499906420708,0.047474998980760574,0.03407999873161316,0.2590666711330414,0.767488420009613,0.21379999816417694,0.11100000143051147,0.043299999088048935,0.05909999832510948,0.054099999368190765,0.23819999396800995,0.62983238697052,0.16099999845027924,0.07145000249147415,0.03189999982714653,0.049150001257658005,0.029200000688433647,0.3255999982357025,0.8354002237319946,1.3587335482317595,0.4713478248960138,0.37158889276235063,0.7069917385445145,-0.7334249630305506,-0.9837545161038881,3.047686381432161,0.7855608450301235,0.17132524545820416,238_8
1,0.7870589361813174,23.732007586218963,0.8602921223478798,0.7209638742736546,0.8658252588799655,0.15074999630451202,0.06305000185966492,0.03669999912381172,0.0466499999165535,0.03020000085234642,0.21960000693798065,0.7582065463066101,0.18164999783039093,0.10525000095367432,0.03880000114440918,0.05460000038146973,0.04544999822974205,0.20479999482631683,0.6367632150650024,0.15919999778270721,0.07109999656677246,0.025499999523162842,0.03929999843239784,0.02319999970495701,0.24740000069141388,0.8285291790962219,1.4311589434553211,0.5349539189969266,0.49814557916124247,0.734192444883389,0.11590387764929996,-0.2697039882631442,1.9490723379793125,0.7463198446987633,0.8446766809523356,237_7
1,0.8618885993484735,23.973295071533464,0.7591705782577638,0.7976221154109095,0.9666824856201615,0.1688999980688095,0.07689999788999557,0.03700000047683716,0.05979999899864197,0.03500000014901161,0.32260000705718994,0.8042505383491516,0.20569999516010284,0.1168999969959259,0.044449999928474426,0.06764999777078629,0.04919999837875366,0.24740000069141388,0.6682400703430176,0.21660000085830688,0.11259999871253967,0.042899999767541885,0.07959999889135361,0.05009999871253967,0.2973000109195709,0.7115716934204102,0.913504238087525,0.708758445784594,0.23650299728974286,0.17462456549050037,-0.2680148374715247,0.8709061237111213,1.3202647201049653,1.3952718645758726,0.24390709763335455,239_8
1,0.9196502721173587,23.734163542900845,0.6507970856150469,0.9184062139173697,0.8201351574328686,0.1428000032901764,0.06459999829530716,0.037300001829862595,0.04179999977350235,0.030050000175833702,0.22314999997615814,0.7626382112503052,0.13075000047683716,0.0604499988257885,0.027650000527501106,0.035599999129772186,0.026149999350309372,0.19304999709129333,0.7614051103591919,0.17675000429153442,0.0888499990105629,0.030150000005960464,0.04569999873638153,0.03739999979734421,0.2285500019788742,0.7187440991401672,0.4717941669101985,0.8621625312851728,0.2658905004864809,0.6413788554593424,0.9236017116994871,0.8593552153972084,0.44988385812254056,0.874502208371157,0.16084686854335167,237_9
1,0.6983952176387209,23.94913039039065,0.9630612963014701,0.9546833671904205,0.9691537033711196,0.18754999339580536,0.07989999651908875,0.040950000286102295,0.05415000021457672,0.03514999896287918,0.31850001215934753,0.8012158870697021,0.210999995470047,0.10740000009536743,0.03700000047683716,0.054999999701976776,0.03790000081062317,0.31619998812675476,0.785936176776886,0.22470000386238098,0.10085000097751617,0.046950001269578934,0.065700002014637,0.04659999907016754,0.34599998593330383,0.7626082301139832,1.1083982982314597,0.2726476921929146,0.23338253239677895,0.4752293404446373,0.42866780125042875,0.6104436285574057,1.0485387990778534,1.0755716583925288,0.7762450187122327,239_6
1,0.8525461203936313,23.837379969046182,0.8939954754928938,0.8719822146304301,0.9571317442896372,0.16670000553131104,0.07987499982118607,0.03539999946951866,0.05000000074505806,0.03465000167489052,0.2760166525840759,0.7769312858581543,0.1975499987602234,0.11410000175237656,0.04625000059604645,0.05660000070929527,0.053700000047683716,0.24469999969005585,0.640080451965332,0.19939999282360077,0.09624999761581421,0.03525000065565109,0.053050000220537186,0.03734999895095825,0.33755001425743103,0.8007468581199646,1.1010462689367173,0.4646120242742007,0.2873564582758362,0.05726797798736753,-0.808057644862282,-0.5371477018204851,1.6594970515507765,1.51349699963933,0.32449160772164015,238_8
1,0.6842916676780444,23.614687610112952,0.7260400766806485,0.7857081991207656,0.9444225336098662,0.13564999401569366,0.060750000178813934,0.035349998623132706,0.042249999940395355,0.027950000017881393,0.3006500005722046,0.8298843502998352,0.19609999656677246,0.125900000333786,0.037300001829862595,0.053199999034404755,0.05040000006556511,0.20669999718666077,0.6079346537590027,0.2070000022649765,0.10999999940395355,0.03720000013709068,0.05745000019669533,0.045499999076128006,0.3158999979496002,0.7482014298439026,0.8795985837413656,0.7582506341418,0.2948052621928827,-0.674814324134757,-0.673951070172611,0.10239379365984799,0.9994942197094221,2.3115094024904494,0.56371276076237,236_6
1,0.8996178412814935,23.591870401896315,0.498302794905872,0.4347804184384176,0.8695489965190983,0.13040000200271606,0.05900000035762787,0.03869999945163727,0.04610000178217888,0.032600000500679016,0.25609999895095825,0.7741600275039673,0.24459999799728394,0.16699999570846558,0.04749999940395355,0.06040000170469284,0.06469999998807907,0.1899999976158142,0.4919513165950775,0.21330000460147858,0.09510000050067902,0.03180000185966492,0.06120000034570694,0.03240000084042549,0.37599998712539673,0.8413320183753967,1.0684794974482905,1.049156208629567,0.4938437221559257,-0.40391562342922166,-0.6539677314973953,-0.4150545627779073,1.1495146239371983,1.9865894718001729,0.14517206361979315,235_8
2,0.5811650730611237,23.81105933122148,0.8281387094928887,0.8296106449460999,0.9351350349531373,0.17399999499320984,0.07989999651908875,0.039900001138448715,0.05510000139474869,0.03500000014901161,0.31859999895095825,0.8020362257957458,0.19580000638961792,0.10019999742507935,0.04439999908208847,0.06174999848008156,0.051600001752376556,0.29214999079704285,0.6997817754745483,0.210099995136261,0.10300000011920929,0.03884999826550484,0.06795000284910202,0.040049999952316284,0.34700000286102295,0.7930499911308289,0.9955780799164686,0.5950174648840387,0.34033526417567184,0.41053059180024376,-0.09465875666516405,0.5200224216785314,1.451171289708424,1.1477604537905288,0.7844599562809611,238_5
2,0.6736915473254346,23.742517875043156,0.6886945893847056,0.6152282460787196,0.8929909484729276,0.15469999611377716,0.06970000267028809,0.03539999946951866,0.047200001776218414,0.030400000512599945,0.29739999771118164,0.814521074295044,0.22169999778270721,0.13962499797344208,0.04540000110864639,0.06386666744947433,0.06355000287294388,0.2313999980688095,0.5690794587135315,0.21809999644756317,0.10180000215768814,0.03799999877810478,0.06920000165700912,0.03400000184774399,0.3779999911785126,0.8349514603614807,1.1196036325361198,0.8111092555057839,0.45007451064517295,-0.14509121974109013,-0.9614044093174572,-0.04002715202676693,1.667942034158108,1.716401494002186,0.20683728218253747,237_6
2,0.8366459398647148,23.96943231581175,0.733846448376035,0.7733288080575877,0.921480256861548,0.17055000364780426,0.07774999737739563,0.03590000048279762,0.05389999970793724,0.03525000065565109,0.2939999997615814,0.785876989364624,0.2223999947309494,0.125,0.04259999841451645,0.06449999660253525,0.04910000041127205,0.2603999972343445,0.68271404504776,0.21934999525547028,0.1088000014424324,0.038600001484155655,0.06830000132322311,0.04050000011920929,0.349700003862381,0.792414128780365,0.9195158775583253,0.7468293161015165,0.3611665268597345,-0.06306815697989282,-0.8114942992065317,0.5544952766227266,1.5407866217931832,1.6339063686926032,0.29519235437161373,239_8
2,0.6749491887232004,23.937092965583446,0.6301673983670257,0.5651766888818233,0.9202517733915075,0.18129999935626984,0.07639999687671661,0.040800001472234726,0.05609999969601631,0.034699998795986176,0.3718999922275543,0.829316258430481,0.21899999678134918,0.11240000277757645,0.04839999973773956,0.07000000029802322,0.05290000140666962,0.2946000099182129,0.6955395936965942,0.2037000060081482,0.0949999988079071,0.03985000029206276,0.07154999673366547,0.03754999861121178,0.405349999666214,0.8304357528686523,1.091247308737665,0.8890275421488513,0.3908663362837065,0.7828194283584151,0.06310077730217653,0.5072376577505254,2.2448272417627684,0.6716123055812059,0.6742695436686591,239_6
2,0.8474257232741493,23.995932616693274,0.7551246837455386,0.952046475248851,0.8643096060560507,0.17949999868869781,0.08240000158548355,0.03629999980330467,0.05389999970793724,0.03500000014901161,0.33379998803138733,0.8101952075958252,0.19715000689029694,0.09645000100135803,0.03880000114440918,0.05694999918341637,0.037450000643730164,0.3075999915599823,0.7829300165176392,0.21819999814033508,0.11469999700784683,0.04569999873638153,0.06360000371932983,0.049800001084804535,0.26579999923706055,0.6844106316566467,0.4349099201946205,0.7149520400135585,0.2107616064714264,-0.49928857040074953,0.6290941978581268,0.2830720711900086,0.4253057316187537,2.09357380887761,0.3594517023436101,239_8
2,0.5507121849294716,23.88687714120117,0.7829889014679682,0.6907881417270529,0.9308323533920131,0.1656000018119812,0.07590000331401825,0.040800001472234726,0.053599998354911804,0.03449999913573265,0.26579999923706055,0.7702297568321228,0.21660000085830688,0.12999999523162842,0.051500000059604645,0.06199999898672104,0.06970000267028809,0.23260000348091125,0.5388686656951904,0.19939999282360077,0.09025000035762787,0.029249999672174454,0.054749999195337296,0.029750000685453415,0.38040000200271606,0.854931116104126,1.203887664238202,0.6713399030992805,0.3602924799986147,-0.17604332309146353,-0.38498938726011667,-0.6896085265656532,1.1248629938719974,1.7477618705158715,0.5097132402243504,238_5
2,0.8445511143649664,23.95434061903854,0.6000785367352724,0.6769087147004205,0.9368898713282873,0.15150000154972076,0.07180000096559525,0.03673333302140236,0.04907499998807907,0.035100001841783524,0.2614000141620636,0.7632377743721008,0.21690000593662262,0.12935000658035278,0.04520000144839287,0.06549999862909317,0.05784999951720238,0.23070000112056732,0.5990296602249146,0.2008499950170517,0.09830000251531601,0.03959999978542328,0.0677499994635582,0.04259999841451645,0.2549000084400177,0.7136134505271912,0.8921960932878468,0.9271970434680243,0.31886912097811465,-0.5843436817060275,-0.7042525395843948,0.73832249883791,1.071666609102998,2.194867383327628,0.5846859864158273,239_8
2,0.9149790326399376,23.622143626971145,0.7921343271840704,0.7889027041768604,0.8978438793466743,0.13979999721050262,0.0575999990105629,0.02850000001490116,0.04230000078678131,0.030700000002980232,0.26339998841285706,0.7912274599075317,0.19449999928474426,0.11869999766349792,0.0333000011742115,0.048250000923871994,0.03974999859929085,0.21379999816417694,0.6864523887634277,0.17309999465942383,0.08349999785423279,0.027799999341368675,0.04280000180006027,0.02710000053048134,0.26429998874664307,0.8140013813972473,1.0080376274022795,0.6564983127913684,0.42151413374417257,0.8608078249416199,0.03583701646134328,0.26647123149138774,2.8747563112035444,0.5339414784657751,0.8856460468070629,236_9
2,0.8466172395184426,23.948052412049705,0.6826132696426906,0.7235152878384545,0.9552597606486491,0.1658249944448471,0.07096666842699051,0.03420000150799751,0.054249998182058334,0.030833333730697632,0.3071500062942505,0.8175452351570129,0.2295999974012375,0.13165000081062317,0.041200000792741776,0.06019999831914902,0.04895000159740448,0.23399999737739563,0.6540024876594543,0.22120000422000885,0.11595000326633453,0.045249998569488525,0.06915000081062317,0.053700000047683716,0.27160000801086426,0.6698432564735413,0.9297729957064512,0.8194636357195824,0.2791441088464252,-0.6941995860230596,-0.8995512563066492,0.8425499025454392,1.1503072126647653,2.3381036084961107,0.31465681632175707,239_8
2,0.7362142911001524,23.800459210868866,0.9100144578113792,0.9216971711557427,0.9564439402170019,0.16944999992847443,0.07885000109672546,0.03635000064969063,0.050700001418590546,0.03604999929666519,0.2844499945640564,0.77503901720047,0.17020000517368317,0.08250000327825546,0.03669999912381172,0.05054999887943268,0.03765000030398369,0.23319999873638153,0.7219863533973694,0.1785999983549118,0.08100000023841858,0.03240000084042549,0.048500001430511475,0.031700000166893005,0.29774999618530273,0.8075580596923828,0.9318929556288787,0.4274773925931021,0.2643703154306311,0.8238120329883751,0.4080398410336795,0.13074289146544432,1.9089159739627144,0.6026930155425625,0.8379754693157387,238_7
2,0.6948917880306542,23.652237188989147,0.6771494762092063,0.6678415889786571,0.880801585880449,0.13570000231266022,0.061250001192092896,0.03720000013709068,0.04154999926686287,0.030249999836087227,0.21525000035762787,0.753564178943634,0.19449999928474426,0.12439999729394913,0.040800001472234726,0.053300000727176666,0.04600000008940697,0.20360000431537628,0.6314102411270142,0.18649999797344208,0.08799999952316284,0.030500000342726707,0.054499998688697815,0.031199999153614044,0.3587000072002411,0.8399589657783508,1.0152093058233826,0.8269144388242299,0.46343455964447716,-0.17426117393728885,-0.08813261494449462,-0.8663644584963052,0.950222963397973,1.7459517389229073,0.4364061120126376,236_6
2,0.8089778291138341,23.659513542790513,0.7212895087078712,0.7849539127071021,0.9010298361866853,0.13779999315738678,0.061400000005960464,0.035599999129772186,0.04270000010728836,0.030500000342726707,0.2833999991416931,0.8056706190109253,0.2206999957561493,0.1370999962091446,0.03689999878406525,0.04270000010728836,0.045899998396635056,0.16760000586509705,0.5700234174728394,0.19724999368190765,0.09600000083446503,0.03220000118017197,0.05119999870657921,0.03290000185370445,0.2989499866962433,0.8017176389694214,0.8732778020231006,0.7651340610634968,0.3874629905267962,0.24611649058371587,-0.3865605719495524,-0.23784142755302184,1.48828275723302,1.3221248789740028,0.9104360881119916,236_8
2,0.9370775886292773,23.898016250724247,0.6696746723711534,0.725696509534602,0.915242185768021,0.15929999947547913,0.07329999655485153,0.03480000048875809,0.05009999871253967,0.0357000008225441,0.25999999046325684,0.7585390210151672,0.23999999463558197,0.17030000686645508,0.053599998354911804,0.06480000168085098,0.06780000030994415,0.22120000422000885,0.5307958722114563,0.2547999918460846,0.15444999933242798,0.04605000093579292,0.06864999979734421,0.06094999983906746,0.2754000127315521,0.6375799179077148,0.9064836815298104,0.8370256863958178,0.37318798250161866,-0.9318848524806379,-0.7868368063153199,0.9285637200001428,0.8939102821249849,2.770370920815136,0.30160756625720553,238_9
2,0.7512161563449489,23.826151027994683,0.6401058593824486,0.6656308969386128,0.9385927561945314,0.16200000047683716,0.06970000267028809,0.029500000178813934,0.04259999841451645,0.029899999499320984,0.2558000087738037,0.7906895279884338,0.20000000298023224,0.1200999990105629,0.041200000792741776,0.057999998331069946,0.05139999836683273,0.20880000293254852,0.6049193143844604,0.227400004863739,0.10779999941587448,0.040699999779462814,0.07020000368356705,0.04479999840259552,0.3384000062942505,0.7661795616149902,0.9615334727608983,0.8761602827789937,0.3345485676432123,-0.8034515029651608,-0.5784544191417107,0.1405869877196099,0.8737003940789249,2.50386631374366,0.6073888341680065,238_7
2,0.8915330037244171,23.507877922831142,0.6063619750543996,0.6887570341221199,0.8986714102360003,0.1657000035047531,0.09529999643564224,0.03610000014305115,0.047200001776218414,0.0568000003695488,0.22589999437332153,0.5981605648994446,0.21610000729560852,0.1451999992132187,0.03750000149011612,0.050200000405311584,0.05270000174641609,0.17649999260902405,0.5401396155357361,0.1876000016927719,0.08410000056028366,0.028999999165534973,0.05979999899864197,0.02979999966919422,0.3375999927520752,0.8377789855003357,0.8822000834731543,0.9193188060492768,0.399588165693568,-0.7346957818895947,0.7024989841293254,-0.7014117637324301,0.3305044839940148,2.396014461937059,0.6571884110676812,235_8
2,0.856229213058521,23.90403496312785,0.6396773739021204,0.5843982211910631,0.920530031258495,0.1560250073671341,0.0679333359003067,0.03164999932050705,0.04832499846816063,0.030540000647306442,0.26980000734329224,0.7966305017471313,0.20724999904632568,0.12543334066867828,0.04399999976158142,0.06004999950528145,0.05795000120997429,0.19280000030994415,0.5377866625785828,0.19009999930858612,0.08889999985694885,0.03660000115633011,0.0681999996304512,0.03689999878406525,0.3255999982357025,0.796413779258728,1.0797750274324343,0.8767178688786991,0.3906290239025869,-0.15735348504516833,-0.743321376969142,-0.26586131423439063,1.3933417378254744,1.7288065038871425,0.5451578593114275,239_8
2,0.9072535211965089,23.78815229147643,0.8547675075433826,0.742965343971303,0.9050784741502875,0.16609999537467957,0.07625000178813934,0.04075000062584877,0.05445000156760216,0.04964999854564667,0.3100000023841858,0.7238982319831848,0.218299999833107,0.12240000069141388,0.04740000143647194,0.061500001698732376,0.05389999970793724,0.2526000142097473,0.6482871174812317,0.20180000364780426,0.08869999647140503,0.03539999946951866,0.05820000171661377,0.03319999948143959,0.41359999775886536,0.851387619972229,1.3438062487612905,0.5456936053672924,0.42111968783289416,0.11253089052387158,0.13546404045487842,-0.313061809606464,0.9841484022555964,1.458026572379839,0.934067694432376,237_9
2,0.985406950914907,23.15259422796187,0.8803533626864893,0.8645195084669325,0.9741903016924405,0.1624000072479248,0.07169999927282333,0.03269999846816063,0.047200001776218414,0.03550000116229057,0.3043999969959259,0.7911150455474854,0.19325000047683716,0.11789999902248383,0.034049998968839645,0.041850000619888306,0.03869999945163727,0.18790000677108765,0.658428966999054,0.19200000166893005,0.10029999911785126,0.032249998301267624,0.04625000059604645,0.037950001657009125,0.2814500033855438,0.7623669505119324,1.0655883943472169,0.49418965017487837,0.22526070009048754,0.5111097682194048,-0.15430508564604645,0.5044039046283926,1.668457481386908,1.034320875803655,0.7181130563775615,231_9
2,0.5198999706841718,23.86540740591071,0.7758541342378443,0.8153563375870132,0.9490231880471846,0.16179999709129333,0.07540000230073929,0.043699998408555984,0.05480000004172325,0.03999999910593033,0.2540000081062317,0.7278911471366882,0.14830000698566437,0.0771000012755394,0.03480000048875809,0.0494999997317791,0.04010000079870224,0.2264000028371811,0.699061930179596,0.16040000319480896,0.07909999787807465,0.03680000081658363,0.051100000739097595,0.03869999945163727,0.23420000076293945,0.7163796424865723,0.904388604389636,0.6827285483031311,0.28923193690356913,0.6099272409354267,0.48814289589419696,0.9756592010749296,1.159601809025086,0.9148275535928376,0.17285528371758316,238_5
2,0.9241418485379569,23.995483459051215,0.7747084197498344,0.7842771278488254,0.9671078416738838,0.15839999914169312,0.07129999995231628,0.039400000125169754,0.05380000174045563,0.03530000150203705,0.30219998955726624,0.7908148169517517,0.20029999315738678,0.11559999734163284,0.040950000286102295,0.056299999356269836,0.0458500012755394,0.2070000022649765,0.637334406375885,0.18369999527931213,0.09390000253915787,0.03269999846816063,0.057750001549720764,0.037700001150369644,0.27149999141693115,0.7561448812484741,0.9776839559671222,0.6845424908106521,0.2482533820386399,-0.1027484641186717,-0.7565564663784844,-0.14507066952845638,1.4511495386447482,1.6737264453911507,0.6143698083506094,239_9
2,0.6594083343079333,23.99296817625568,0.6643424586497874,0.6802310002614854,0.9225820004461064,0.17569999396800995,0.07774999737739563,0.03880000114440918,0.05364999920129776,0.03554999828338623,0.3050000071525574,0.7912200689315796,0.2029999941587448,0.13545000553131104,0.05094999819993973,0.0658000037074089,0.06289999932050705,0.20430000126361847,0.5291916131973267,0.22010000050067902,0.10604999959468842,0.044599998742341995,0.07440000027418137,0.04205000028014183,0.3325999975204468,0.775523841381073,0.9745742235969422,0.8441825914674094,0.3751398552533093,0.0823704106516737,-0.7007357786587654,0.3692624180540456,1.57708352418186,1.4883324849761985,0.5704472324531471,239_6
2,0.8818311986559273,23.46637575670482,0.7502639236291722,0.7829223320933112,0.9389941288071114,0.1400499939918518,0.06669999659061432,0.033649999648332596,0.04740000143647194,0.032999999821186066,0.267300009727478,0.7802197933197021,0.19120000302791595,0.10700000077486038,0.03889999911189079,0.05640000104904175,0.04809999838471413,0.2678000032901764,0.6954732537269592,0.19269999861717224,0.08664999902248383,0.042100001126527786,0.06364999711513519,0.03759999945759773,0.36000001430511475,0.8108652234077454,0.9295503914868347,0.7223351424750156,0.3228275789880093,-0.3015735142209619,-0.7417144360224088,-0.13993616339429396,1.281961187474,1.8771389007087325,0.5517374084946283,234_8
2,0.18357072830982268,23.42460409599326,0.5810392755514582,0.5886261522163201,0.9074766404131972,0.15230000019073486,0.06920000165700912,0.03350000083446503,0.04600000008940697,0.031700000166893005,0.25119999051094055,0.7758925557136536,0.2214999943971634,0.1307000070810318,0.03660000115633011,0.04859999939799309,0.05079999938607216,0.1673000007867813,0.5341586470603943,0.21789999306201935,0.10939999669790268,0.039799999445676804,0.05640000104904175,0.03759999945759773,0.3450999855995178,0.8035014271736145,0.9901626388858656,0.9507912707308785,0.4132851606286391,-0.6235216896223249,-0.27864395985311463,-0.347066112155469,0.8258239017132658,2.244035539207959,0.6918023822809839,234_1
2,0.7597501515440843,23.910413001645097,0.9754919009797346,0.9670870179319138,0.9784387915747068,0.15610000491142273,0.06729999929666519,0.03280000016093254,0.04740000143647194,0.028300000354647636,0.2849999964237213,0.8193424940109253,0.1603499948978424,0.07609999924898148,0.031849998980760574,0.04975000023841858,0.03290000185370445,0.2522999942302704,0.769284725189209,0.15594999492168427,0.07190000265836716,0.03505000099539757,0.04834999889135361,0.030799999833106995,0.28029999136924744,0.8019929528236389,1.1596748194600115,0.221850698863494,0.19840332907701067,0.9864684228436835,0.8791205782977475,0.8663228915880307,3.0163804687048956,0.164694899860921,0.47656768078408396,239_7
2,0.07640171491436476,23.698141100007653,0.8686824367228708,0.7539224087503094,0.9173365933103839,0.18279999494552612,0.07890000194311142,0.03658000007271767,0.049400001764297485,0.031300000846385956,0.30059999227523804,0.8113889694213867,0.23354999721050262,0.13199999928474426,0.04236666485667229,0.06132499873638153,0.051633331924676895,0.2545500099658966,0.6627293229103088,0.2062000036239624,0.08959999680519104,0.03400000184774399,0.058400001376867294,0.03384999930858612,0.3668999969959259,0.8310667276382446,1.3830587244373436,0.5182600005127926,0.3885557177917112,0.5314783510008716,-0.777643997242187,-0.16884586809550922,2.4362436998303685,1.0104514664705289,0.5585575829703746,236_0
2,0.9379759039133972,23.46556727294911,0.885779720306906,0.8892397914563073,0.9442751062089657,0.1395999938249588,0.06324999779462814,0.038350000977516174,0.051750000566244125,0.035349998623132706,0.29179999232292175,0.7838912010192871,0.18170000612735748,0.11315000057220459,0.0357000008225441,0.04565000161528587,0.0442500002682209,0.18610000610351562,0.6158020496368408,0.17239999771118164,0.0812000036239624,0.03460000082850456,0.05700000002980232,0.03500000014901161,0.3264000117778778,0.8063088059425354,0.9844408594879223,0.4826249516397964,0.308855515581119,0.546311747584495,-0.33991226657343643,-0.8597108071114017,1.9314454181688285,0.9928418979105664,0.4867209150130276,234_9
2,0.6071263847721777,23.831181593585754,0.7483529678423453,0.689115801880831,0.9325947389885385,0.1704999953508377,0.07689999788999557,0.043299999088048935,0.05660000070929527,0.03629999980330467,0.30799999833106995,0.7891373634338379,0.20264999568462372,0.11174999922513962,0.05009999871253967,0.07334999740123749,0.05544999986886978,0.2777999937534332,0.6672167778015137,0.19629999995231628,0.093299999833107,0.03739999979734421,0.0658000037074089,0.03400000184774399,0.3343999981880188,0.815418004989624,1.1176294549459131,0.7252208234789561,0.3606816745166843,0.4912291788045533,0.19875138968638,0.30526180770913414,1.296432271089897,1.0572959565851618,0.9506190788745275,238_6
2,0.7498686834187698,23.72194645503682,0.8873302130712747,0.8141864693746722,0.9268015156977597,0.1667499989271164,0.07235000282526016,0.034449998289346695,0.05144999921321869,0.03465000167489052,0.3264000117778778,0.808059811592102,0.21150000393390656,0.11050000041723251,0.039000000804662704,0.05829999968409538,0.04910000041127205,0.20679999887943268,0.6162563562393188,0.1923000067472458,0.08860000222921371,0.03840000182390213,0.0674000009894371,0.03530000150203705,0.3783999979496002,0.8293449282646179,1.2925183845474817,0.479273409290221,0.3751310700631961,0.46126593889775525,-0.948649908579867,-0.4773504011048123,2.5836553714433537,1.091374863807072,0.3131360278579054,237_7
2,0.7688231359136903,23.912299463741746,0.8988620328058246,0.8514277584952761,0.9707608588126209,0.1867000013589859,0.07890000194311142,0.03750000149011612,0.05469999834895134,0.03480000048875809,0.3465999960899353,0.8175144195556641,0.21580000221729279,0.1177000030875206,0.042750000953674316,0.0794999971985817,0.048700001090765,0.3122499883174896,0.7301565408706665,0.19699999690055847,0.09189999848604202,0.04259999841451645,0.07400000095367432,0.04560000076889992,0.305400013923645,0.740170955657959,1.217058266633748,0.45363049193493055,0.23514593324834016,0.1717815070342389,0.06655152987624521,0.9538973637906575,1.0758404818190834,1.3981585531181264,0.28341238642548666,239_7
2,0.5428968419576314,23.23074765768027,0.8884390442205635,0.7699018134716176,0.9219119020410476,0.16200000047683716,0.07180000096559525,0.0348999984562397,0.05290000140666962,0.030300000682473183,0.30320000648498535,0.8182908296585083,0.2204499989748001,0.12845000624656677,0.048700001090765,0.06324999779462814,0.05505000054836273,0.2531999945640564,0.6428223848342896,0.18774999678134918,0.08654999732971191,0.030750000849366188,0.053950000554323196,0.02824999950826168,0.3422999978065491,0.8475239276885986,1.451378467171112,0.476863246416917,0.37229950152841534,0.7623116693874401,-0.8877383033406949,-0.7072084931814764,3.783397226739786,0.7039189409978026,0.4579339613455857,232_5
2,0.8965635693154876,23.74027208683286,0.8975322459746575,0.9260786484244885,0.970248049097137,0.149849995970726,0.06624999642372131,0.03420000150799751,0.047200001776218414,0.03334999829530716,0.2856999933719635,0.7909418344497681,0.19769999384880066,0.10400000214576721,0.03620000183582306,0.05590000003576279,0.039799999445676804,0.25110000371932983,0.7263664603233337,0.211899995803833,0.09690000116825104,0.03595000132918358,0.05530000105500221,0.03150000050663948,0.4025999903678894,0.8548721671104431,0.8472733062663845,0.45665554933196406,0.20716970551294292,0.04179607434248549,-0.6739040879075888,-0.3663381079093306,1.5109841163490854,1.5289880738668122,0.6567291284333105,237_8
2,0.8773396222353291,23.62394025753938,0.6524265027454471,0.6997174440197713,0.8691223349609274,0.12524999678134918,0.062199998646974564,0.02759999968111515,0.03545000031590462,0.02759999968111515,0.210099995136261,0.7677745223045349,0.23360000550746918,0.15410000085830688,0.0393499992787838,0.04984999820590019,0.04659999907016754,0.1781499981880188,0.5853170156478882,0.19269999861717224,0.08669999986886978,0.030799999833106995,0.052400000393390656,0.03449999913573265,0.3440000116825104,0.8177014589309692,0.9253267701237162,0.8600144691666131,0.46257540788445034,0.09058560557263552,-0.22876310161398597,-0.5975191716568742,1.2172284395143211,1.4800863743428985,0.7824452796672858,236_8
2,0.9338436536064467,23.95748472253296,0.6162780986995064,0.63552178295959,0.8888646651592469,0.15320000052452087,0.06589999794960022,0.03370000049471855,0.049300000071525574,0.03150000050663948,0.26080000400543213,0.7844679951667786,0.1981000006198883,0.12530000507831573,0.04659999907016754,0.05900000035762787,0.055799998342990875,0.19760000705718994,0.5595896244049072,0.18975000083446503,0.09470000118017197,0.03815000131726265,0.06345000118017197,0.03894999995827675,0.2856000065803528,0.7599753737449646,0.9727871672955144,0.9067884653206006,0.44441953352474456,-0.3661758680719325,-0.6368092993216652,0.07947594968669697,1.1621308430237385,1.9456924490448761,0.753119665063555,239_9
2,0.858654664325643,23.858220883637756,0.8279982523505213,0.8660352937333274,0.9440566896386378,0.15760000050067902,0.0728333368897438,0.03936666622757912,0.05572500079870224,0.03581999987363815,0.2917500138282776,0.7812986373901367,0.16467499732971191,0.08410000056028366,0.03734999895095825,0.05621999874711037,0.04038750007748604,0.24539999663829803,0.7173599004745483,0.1597999930381775,0.0731000006198883,0.03400000184774399,0.05079999938607216,0.032999999821186066,0.26899999380111694,0.7814569473266602,0.8795685216199421,0.595268000720832,0.29346868825997524,0.6690895923962527,0.3881442535200329,0.39851004135532114,1.3990936951020303,0.837813229316554,0.9024741801994717,238_8
2,0.777626625698062,23.915623230292994,0.8143629319513197,0.8085529830673176,0.9342535886221269,0.16449999809265137,0.07064999639987946,0.03395000100135803,0.04610000178217888,0.030750000849366188,0.27000001072883606,0.7955112457275391,0.22605000436306,0.13304999470710754,0.03954999893903732,0.05429999902844429,0.04724999889731407,0.23680000007152557,0.6673120856285095,0.22269999980926514,0.1023000031709671,0.04050000011920929,0.05849999934434891,0.036400001496076584,0.37400001287460327,0.8226121068000793,1.0160568120397517,0.6191656983402247,0.3469956179444777,-0.30904354110772203,-0.7253668289072381,-0.009453091732387689,1.2638643605048683,1.8849835051671473,0.6430396697822547,239_7
2,0.887939742587939,23.920114806713585,0.6073845218198248,0.6020234961828924,0.9010784501450879,0.16057999432086945,0.07055000215768814,0.03011111170053482,0.04422000050544739,0.028699999675154686,0.2754000127315521,0.8112463355064392,0.24279999732971191,0.15105000138282776,0.04414999857544899,0.06109999865293503,0.05849999934434891,0.22920000553131104,0.5933263897895813,0.21080000698566437,0.09549999982118607,0.03215000033378601,0.06289999932050705,0.03164999932050705,0.35659998655319214,0.8369607329368591,1.0073321865589713,0.9180322575799538,0.4281501524540146,0.05542680707744778,-0.8707846457788129,-0.22881824712356819,1.7339939464216185,1.5153411006768887,0.45720247074980475,239_8
2,0.5801769262485923,23.885799162860224,0.8454830966884801,0.8135554112287277,0.9644561767196571,0.14429999887943268,0.06589999794960022,0.03500000014901161,0.04634999856352806,0.030300000682473183,0.24619999527931213,0.7808318138122559,0.1762000024318695,0.09220000356435776,0.03849999979138374,0.05290000140666962,0.03669999912381172,0.24060000479221344,0.7353047132492065,0.16584999859333038,0.07729999721050262,0.031300000846385956,0.04385000094771385,0.027400000020861626,0.272599995136261,0.8173333406448364,1.101590404421592,0.5633271348416259,0.2642194950620051,0.8400902279943702,0.5622119341099261,0.24819576934027426,1.6983408585685766,0.5733467906114532,0.7163959043947836,238_5
2,0.2739412458922459,23.965389897033212,0.8691455729401093,0.729676682304044,0.9003500013672912,0.18035000562667847,0.07760000228881836,0.03545000031590462,0.051100000739097595,0.03180000185966492,0.3163999915122986,0.8173463344573975,0.23119999468326569,0.15469999611377716,0.05050000175833702,0.062199998646974564,0.06759999692440033,0.2222999930381775,0.5336322784423828,0.22259999811649323,0.10490000247955322,0.03709999844431877,0.05609999969601631,0.03880000114440918,0.3366999924182892,0.7933421730995178,1.45546482809796,0.5173243016546354,0.4218369207060433,0.3209746112100756,-0.9123351406436493,0.034820510040048464,2.18622576014176,1.244037957604058,0.21898514254255091,239_2
2,0.8720395620590242,23.865766732024355,0.846443690645703,0.8657205347187762,0.9616299677127108,0.1514499932527542,0.06965000182390213,0.033799998462200165,0.04768750071525574,0.03587142750620842,0.2524000108242035,0.7511274218559265,0.1761000007390976,0.09229999780654907,0.03660000115633011,0.05779999867081642,0.04399999976158142,0.2522999942302704,0.7030037045478821,0.16040000319480896,0.07365000247955322,0.03505000099539757,0.05694999918341637,0.03629999980330467,0.3068000078201294,0.788399875164032,0.9335426419113856,0.5615257071301788,0.2565554212278965,0.48400484190901005,0.06448336203907876,-0.10818760298611471,1.4135787647252778,1.0655707558932148,0.985122033886613,238_8
2,0.8679971432804869,23.948591401220177,0.5774727736249078,0.8231579829778894,0.8551128532027358,0.16459999978542328,0.07485000044107437,0.03361999988555908,0.05445000156760216,0.033149998635053635,0.28780001401901245,0.7934257984161377,0.1699499934911728,0.08030000329017639,0.03485000133514404,0.05375000089406967,0.03725000098347664,0.28220000863075256,0.7667866945266724,0.1956000030040741,0.11680000275373459,0.04259999841451645,0.06364999711513519,0.051500000059604645,0.2628999948501587,0.6723918318748474,0.6321890577341629,0.9551665734854252,0.32563290679042534,-0.7588906076763993,0.9722348644714955,-0.7299278052752552,0.09710445688821717,2.432404181754897,0.2336931717882361,239_8
2,0.9682491289882247,23.538061316377558,0.745247146271042,0.8435731626007863,0.9088300209262075,0.15139999985694885,0.06970000267028809,0.030249999836087227,0.04634999856352806,0.02995000034570694,0.27434998750686646,0.8031547665596008,0.17350000143051147,0.10459999740123749,0.03280000016093254,0.04190000146627426,0.04560000076889992,0.18389999866485596,0.6026143431663513,0.18565000593662262,0.08955000340938568,0.029400000348687172,0.04919999837875366,0.03709999844431877,0.2644999921321869,0.7539787888526917,0.776682795947682,0.7298909106720947,0.3344363934700496,0.7011364417593521,0.1188349938145013,0.428206440671248,1.8287584003188393,0.7938062497071189,0.8671322998947075,235_9
2,0.9587269869765578,23.733714385258786,0.8502271371390149,0.8748157912233503,0.9515631699339012,0.14624999463558197,0.06270000338554382,0.025450000539422035,0.03790000081062317,0.03200000151991844,0.25714999437332153,0.7786616086959839,0.211899995803833,0.12219999730587006,0.043699998408555984,0.05139999836683273,0.053700000047683716,0.17139999568462372,0.5228787064552307,0.2151000052690506,0.10700000077486038,0.03310000151395798,0.048700001090765,0.03709999844431877,0.27799999713897705,0.764519214630127,0.9122644194481901,0.5543797048060704,0.280922180028675,0.18792324914412267,-0.35585632747285867,0.02096377259356058,1.400128748702963,1.3817490317139605,0.9302517997146864,237_9
2,0.578559958737177,23.886068657445456,0.9493607271683427,0.918498189543814,0.9556348604572134,0.17685000598430634,0.07744999974966049,0.039400000125169754,0.05525000020861626,0.036249998956918716,0.30880001187324524,0.7898855209350586,0.20600000023841858,0.11829999834299088,0.04270000010728836,0.0575999990105629,0.04560000076889992,0.24459999799728394,0.68573397397995,0.20800000429153442,0.09915000200271606,0.03189999982714653,0.05355000123381615,0.02944999933242798,0.3425999879837036,0.8416879177093506,1.2719928938203606,0.3196014055178671,0.292367130575306,0.41763370419821894,-0.6201734411255483,-0.4763982257198597,1.9647762023747186,1.1399568576013674,0.7470882432011803,238_5
2,0.6068568901869416,23.83324771873923,0.6655141053754353,0.5574705345192257,0.8987796762875189,0.16410000622272491,0.07129999995231628,0.037700001150369644,0.052000001072883606,0.033649999648332596,0.26045000553131104,0.7711662650108337,0.21709999442100525,0.13519999384880066,0.04729999974370003,0.0608999989926815,0.0608999989926815,0.2093999981880188,0.5493895411491394,0.2058500051498413,0.09475000202655792,0.03449999913573265,0.0575999990105629,0.03150000050663948,0.34860000014305115,0.8342541456222534,1.1624071837075793,0.8426139265565539,0.43499948097175656,-0.14503470961309226,-0.6333651631263667,-0.5675714678686398,1.314823789984334,1.7163443797438631,0.3932622028528344,238_6
2,0.5411002113893932,23.910772327758743,0.9599633834382748,0.9480702719697464,0.9761160872529877,0.1745000034570694,0.08049999922513962,0.03750000149011612,0.05249999836087227,0.03545000031590462,0.31369999051094055,0.7969353795051575,0.187049999833107,0.09700000286102295,0.04024999961256981,0.05339999869465828,0.03909999877214432,0.2766000032424927,0.752296507358551,0.20024999976158142,0.09650000184774399,0.040049999952316284,0.0568000003695488,0.03804999962449074,0.310699999332428,0.7817921042442322,1.1400323219346582,0.28392485333938555,0.2136485249500152,0.37772399375686994,-0.059964513465210575,0.4839064208135027,1.377991396242458,1.1834593736517616,0.8349261623019554,239_5
2,0.8479647124446217,23.83782912668824,0.6647733016062641,0.6544603878583949,0.9199175264120015,0.17139999568462372,0.07760000228881836,0.035599999129772186,0.050566665828228,0.035725001245737076,0.2868399918079376,0.7784942388534546,0.22869999706745148,0.1388999968767166,0.05225000157952309,0.06650000065565109,0.07150000333786011,0.22505000233650208,0.5177878737449646,0.21529999375343323,0.10599999874830246,0.033399999141693115,0.055399999022483826,0.03240000084042549,0.36399999260902405,0.8365287780761719,1.0162654114440455,0.8436060098791215,0.3878792520480762,0.1378211348263336,-0.9274095830622273,-0.39003999672364364,1.9254140621737776,1.4325351087852893,0.26423284056128926,238_8
2,0.8496715114844484,23.932331894577615,0.7117989605925974,0.8287115610607876,0.9449276616614939,0.15537500381469727,0.06735000014305115,0.03175999969244003,0.047708332538604736,0.030700000002980232,0.2549999952316284,0.7850892543792725,0.19200000166893005,0.09629999846220016,0.03655000030994415,0.05118333175778389,0.0421999990940094,0.23360000550746918,0.6939811706542969,0.18780000507831573,0.10440000146627426,0.03880000114440918,0.05849999934434891,0.04619999974966049,0.21279999613761902,0.6432432532310486,0.7627636184298535,0.778740206340803,0.24023189691591407,-0.373285217869267,-0.0012786225818325059,0.7740653673568731,0.8048121230637466,1.9533440223795047,0.5519707909528796,239_8
2,0.9294419087142618,23.7931828570675,0.9408264818739313,0.9135147384977921,0.9655053671280428,0.15680000185966492,0.0689999982714653,0.03700000047683716,0.05420000106096268,0.03700000047683716,0.31279999017715454,0.7884505391120911,0.1867000013589859,0.08860000222921371,0.04050000011920929,0.06040000170469284,0.04399999976158142,0.2953999936580658,0.7407189011573792,0.17919999361038208,0.07864999771118164,0.03290000185370445,0.05209999904036522,0.02759999968111515,0.3174000084400177,0.8400000333786011,1.2117778998359563,0.345735419019722,0.25994073814509594,0.662492167457423,0.11873082392936773,-0.28910608394439935,1.714729187536408,0.8466554197423288,0.8630523279855763,237_9
2,0.722380235724712,23.88885343482623,0.8845939779172859,0.8878708281394743,0.9494964655743413,0.1647000014781952,0.0722000002861023,0.035349998623132706,0.05505000054836273,0.0320499986410141,0.31709998846054077,0.8164112567901611,0.20090000331401825,0.11230000108480453,0.042399998754262924,0.06159999966621399,0.05220000073313713,0.22779999673366547,0.6271428465843201,0.19329999387264252,0.08820000290870667,0.03799999877810478,0.06080000102519989,0.03519999980926514,0.2939999997615814,0.7861482501029968,0.9854198047827628,0.4851736516546036,0.2964527447332705,0.48962846535078547,-0.8483391251421699,-0.1503759419972932,2.4393889976841536,1.059132730343769,0.4335377161628319,238_7
2,0.7372024379126838,23.800189716283633,0.8507183738664971,0.8668552375605689,0.9559207129544265,0.15950000286102295,0.07180000096559525,0.03460000082850456,0.04910000041127205,0.03139999881386757,0.2831999957561493,0.8003814220428467,0.17755000293254852,0.09224999696016312,0.03864999860525131,0.04964999854564667,0.0377499982714653,0.2143000066280365,0.7004562616348267,0.15129999816417694,0.07440000027418137,0.03319999948143959,0.048500001430511475,0.03240000084042549,0.24240000545978546,0.7641921639442444,0.9430673938759956,0.5534458282860326,0.27532318342286055,0.8540117715920597,0.0519811286670373,0.49602935927018554,2.7758336668657337,0.5471479716475313,0.49364446852454996,238_7
2,0.9950189244549872,23.98820710524985,0.7642291052697474,0.7962699458005756,0.9526471851464574,0.1623000055551529,0.07729999721050262,0.04039999842643738,0.05460000038146973,0.03579999879002571,0.29339998960494995,0.7825030088424683,0.21819999814033508,0.11620000004768372,0.04464999958872795,0.06385000050067902,0.05310000106692314,0.3118000030517578,0.7089613676071167,0.19869999587535858,0.10109999775886536,0.03020000085234642,0.05530000105500221,0.03869999945163727,0.3476000130176544,0.7996376156806946,0.9268725326407696,0.7009511321423633,0.285081821548914,-0.12374322371747445,-0.33555972940554063,0.060496664843203644,1.1287058772533023,1.6948575472583394,0.9418248665308185,239_9
2,0.52169660125241,23.828756142318632,0.9006173800305411,0.8993105738617378,0.9593202805947675,0.1859000027179718,0.08510000258684158,0.04340000078082085,0.06560000032186508,0.0478999987244606,0.2953999936580658,0.720943808555603,0.17910000681877136,0.09529999643564224,0.03750000149011612,0.05139999836683273,0.042399998754262924,0.23659999668598175,0.6960573792457581,0.17839999496936798,0.0839499980211258,0.032499998807907104,0.053300000727176666,0.034949999302625656,0.29785001277923584,0.789963960647583,1.0066669644560913,0.44960836727871295,0.2703634481359504,-0.44947823862558667,-0.20647695450039094,-0.5363181332908522,0.8732395343496224,2.0369774912178955,0.6792351159746249,238_5
2,0.10182403745494639,23.70263267642825,0.7698114687797153,0.692031576061081,0.9447616658248584,0.17681999504566193,0.07687142491340637,0.03550000116229057,0.05152222141623497,0.02979999966919422,0.3116599917411804,0.825455367565155,0.21375000476837158,0.11552499979734421,0.0414000004529953,0.07304999977350235,0.04906250163912773,0.3250666558742523,0.737724244594574,0.2098499983549118,0.10307499766349792,0.04154999926686287,0.0714000016450882,0.040699999779462814,0.3630000054836273,0.7983651161193848,1.1650357765864041,0.6922506056206555,0.32306990811882796,0.07616143812023296,-0.3559714869745636,0.8988243171605822,1.294527079271596,1.494561065924696,0.10452446539496223,237_1
2,0.8549715716607533,23.988566431363495,0.7382372760838887,0.74560765091828,0.9531371579942709,0.17839999496936798,0.07900000363588333,0.03280000016093254,0.05420000106096268,0.03290000185370445,0.32120001316070557,0.8141767978668213,0.20479999482631683,0.1042499989271164,0.04129999876022339,0.06634999811649323,0.04839999973773956,0.2824999988079071,0.7074645161628723,0.20960000157356262,0.09960000216960907,0.04010000079870224,0.07199999690055847,0.041749998927116394,0.3246000111103058,0.772075891494751,0.9851516791162345,0.7403429384122112,0.2960724707535312,0.11194777208861498,-0.4295437714604641,0.8338760994097303,1.381300784597207,1.4586133988613967,0.1666196434144213,239_8
2,0.5879922692204307,23.89550096792871,0.6909251402286498,0.6628579714335168,0.8688914006841779,0.16410000622272491,0.07199999690055847,0.03539999946951866,0.05180000141263008,0.03139999881386757,0.2971000075340271,0.8088279962539673,0.23364999890327454,0.15379999577999115,0.04715000092983246,0.061900001019239426,0.059450000524520874,0.19679999351501465,0.5360000133514404,0.23160000145435333,0.11110000312328339,0.03500000014901161,0.05820000171661377,0.037300001829862595,0.34200000762939453,0.803321897983551,1.0471996189889012,0.8080283395235,0.4873898335165532,-0.11366424159154215,-0.9779787104505941,0.0023301646352816008,1.7399718796203394,1.6847067510077485,0.17764690023998123,238_5
2,0.5807159154190629,23.944998140083698,0.8679275335056565,0.7127881507733472,0.8980569679452246,0.18970000743865967,0.0835999995470047,0.03880000114440918,0.05979999899864197,0.0364999994635582,0.3547999858856201,0.8134423494338989,0.22050000727176666,0.1347000002861023,0.051100000739097595,0.07154999673366547,0.06430000066757202,0.25064998865127563,0.591681182384491,0.21400000154972076,0.09719999879598618,0.039400000125169754,0.06639999896287918,0.036400001496076584,0.34200000762939453,0.8076109886169434,1.4954943223015704,0.5197818901128758,0.41890537708035075,0.846617331594914,-0.11645787693237107,0.2627548876923551,3.0069859230434166,0.5611995229452807,0.7248690050533122,239_5
2,0.9404911867089325,23.756082435833363,0.8101725162046184,0.8007867036027461,0.9143456523464715,0.15209999680519104,0.06759999692440033,0.03539999946951866,0.045899998396635056,0.030700000002980232,0.2587999999523163,0.7879101634025574,0.20399999618530273,0.11540000140666962,0.04129999876022339,0.0502999983727932,0.043699998408555984,0.22360000014305115,0.6730265617370605,0.18664999306201935,0.08320000022649765,0.026149999350309372,0.054499998688697815,0.02800000086426735,0.3898000121116638,0.8659645915031433,1.025287486148709,0.626349971395059,0.39178082580145246,0.212964999116682,-0.3943531836769011,-0.8225846287438647,1.4571435344154884,1.3561877516566316,0.5225287221255447,237_9
2,0.041367418833702985,23.73928394002033,0.6397850572067263,0.5893422043779633,0.877566666947516,0.17987500131130219,0.07963214069604874,0.036016665399074554,0.05246666818857193,0.03372500091791153,0.3007499873638153,0.7983406782150269,0.20892499387264252,0.11967500299215317,0.04232500120997429,0.057725001126527786,0.0515500009059906,0.22339999675750732,0.6250227093696594,0.2295999974012375,0.10864999890327454,0.03985000029206276,0.06210000067949295,0.03959999978542328,0.34424999356269836,0.7936694025993347,1.0729817547262015,0.8765777654619915,0.4780795245778487,0.07498463162001415,-0.9671561188519175,0.06577612694157027,1.9285352354371952,1.4957412474960115,0.2130130583711384,237_0
2,0.09068492793186422,23.932781052219674,0.7557773035272715,0.8646946428347067,0.9365740489898232,0.18275000154972076,0.08330000191926956,0.040550000965595245,0.05745000019669533,0.03655000030994415,0.3407500088214874,0.8062549829483032,0.23899999260902405,0.14339999854564667,0.04800000041723251,0.06509999930858612,0.05730000138282776,0.25119999051094055,0.6285250782966614,0.2439499944448471,0.14020000398159027,0.05139999836683273,0.07015000283718109,0.06684999912977219,0.24105000495910645,0.5657681226730347,0.7370961300096649,0.7139559857082631,0.2558376204562474,-0.20900813637512022,-0.205849164167078,0.9832246071660926,0.9981872197827695,1.7813569116438044,0.18239859043616774,239_0
2,0.9440844478454089,23.58028213473117,0.7847019049397056,0.7374848438649497,0.9304723104014201,0.15680000185966492,0.0710500031709671,0.030050000175833702,0.04580000042915344,0.02930000051856041,0.3017500042915344,0.82298743724823,0.19449999928474426,0.10925000160932541,0.03590000048279762,0.05950000137090683,0.0406000018119812,0.28630000352859497,0.7516059875488281,0.19539999961853027,0.09189999848604202,0.032499998807907104,0.06080000102519989,0.031700000166893005,0.3495999872684479,0.833726704120636,1.1090016943724956,0.6685812429929069,0.36617074139513617,0.37537710297126353,-0.44419216913411697,0.5058773339208698,1.712547360542687,1.1859927303790123,0.5254285077038101,235_9
2,0.6274283101932792,23.940416732134686,0.7144030143672004,0.7423924886193329,0.9064085145142028,0.18574999272823334,0.07890000194311142,0.0385500006377697,0.05609999969601631,0.03440000116825104,0.33070001006126404,0.8115584850311279,0.22100000083446503,0.12049999833106995,0.04450000077486038,0.06300000101327896,0.05119999870657921,0.2402999997138977,0.6487135291099548,0.23389999568462372,0.11309999972581863,0.04050000011920929,0.07405000180006027,0.04154999926686287,0.38029998540878296,0.8030105233192444,0.9472742452197574,0.7750257525194412,0.40006103470966237,0.5334017049004299,-0.48188267507085836,0.3862489130699489,2.056775478774791,1.0081792536761018,0.4352179990562694,239_6
2,0.9223452179697169,23.947154096765587,0.5752553383705821,0.5682900672426435,0.8371538231606126,0.16204999387264252,0.07020000368356705,0.03644999861717224,0.050599999725818634,0.03305000066757202,0.2768000066280365,0.786670982837677,0.23479999601840973,0.15530000627040863,0.04470000043511391,0.057100001722574234,0.0608999989926815,0.17640000581741333,0.48672568798065186,0.2076999992132187,0.09950000047683716,0.03970000147819519,0.06920000165700912,0.03959999978542328,0.34880000352859497,0.7960864901542664,1.0088633532114568,0.9578800534395416,0.5365962161435075,-0.35403342213913663,-0.8351654365554928,-0.11540364912611974,1.3241893327582623,1.9326766758104752,0.3305992174921256,239_9
2,0.576314170526878,23.883104217007862,0.7333851322968825,0.5471610075147805,0.8799258837690117,0.15399999916553497,0.06589999794960022,0.03604999929666519,0.04904999956488609,0.03344999998807907,0.2621999979019165,0.7737188935279846,0.2078000009059906,0.1200999990105629,0.0471000000834465,0.06030000001192093,0.0544000007212162,0.22660000622272491,0.6128113865852356,0.19140000641345978,0.09205000102519989,0.03689999878406525,0.06305000185966492,0.037450000643730164,0.3003999888896942,0.7783039808273315,1.3268452129805424,0.7475081569440037,0.45263640658296506,-0.31649970452051335,-0.6684846936540421,-0.08683641435120776,1.2166763418281374,1.8928335432430243,0.6739179547137129,238_5
2,0.9210875765719493,23.859837851149166,0.5707289160514224,0.6738312471721091,0.9449980680840083,0.1720999926328659,0.07429999858140945,0.03500000014901161,0.05050000175833702,0.031700000166893005,0.311599999666214,0.8153218626976013,0.21799999475479126,0.12540000677108765,0.03970000147819519,0.05420000106096268,0.05119999870657921,0.21979999542236328,0.6221402287483215,0.22595000267028809,0.13895000517368317,0.04010000079870224,0.061000000685453415,0.04830000177025795,0.25690001249313354,0.6834862232208252,0.8629976222006783,0.963403055654156,0.2831109136966726,-0.8546966588907207,-0.9485987277672796,0.8499864189709916,1.0862221448386056,2.595762556551018,0.3073304803562582,238_9
2,0.5125337853543925,23.889122929411464,0.6758023999582574,0.5290577059868583,0.8207989856325039,0.1761000007390976,0.07750000059604645,0.03689999878406525,0.05139999836683273,0.033399999141693115,0.2874000072479248,0.7917705774307251,0.24774999916553497,0.15854999423027039,0.05855000019073486,0.0693499967455864,0.07479999959468842,0.2073500007390976,0.46978557109832764,0.24005000293254852,0.11990000307559967,0.03765000030398369,0.05974999815225601,0.03999999910593033,0.3808000087738037,0.8098859190940857,1.2227022137569492,0.828743551408864,0.570156955786146,-0.1543503451394691,-0.8968977353089335,0.12911977231092983,1.5549616281247771,1.725766211679084,0.4421374594299186,238_5
2,0.5868244593510763,23.984434181056542,0.671675571738371,0.631630952103271,0.929832734311959,0.16865000128746033,0.07699999958276749,0.0406000018119812,0.061400000005960464,0.039500001817941666,0.302700012922287,0.7691408395767212,0.2373500019311905,0.1384499967098236,0.05270000174641609,0.07284999638795853,0.05689999833703041,0.26499998569488525,0.6464740633964539,0.21375000476837158,0.10615000128746033,0.04190000146627426,0.07109999656677246,0.04334999993443489,0.3508000075817108,0.7800329923629761,1.0633000823934482,0.8343281492798892,0.36785816169688385,0.5665351631627099,0.1570547021762823,0.6663428054523082,1.4590467911993543,0.968501286521773,0.6960005819378886,239_5
2,0.9294419087142618,23.793452351652732,0.9188944044678051,0.8893540968849263,0.96160196558831,0.16920000314712524,0.07419999688863754,0.03530000150203705,0.05209999904036522,0.039000000804662704,0.33160001039505005,0.7895305156707764,0.20409999787807465,0.09799999743700027,0.04729999974370003,0.06840000301599503,0.0478999987244606,0.30720001459121704,0.7302168607711792,0.21185000240802765,0.09619999676942825,0.03595000132918358,0.05990000069141388,0.03714999929070473,0.3343999981880188,0.8000268936157227,1.1709827874453813,0.4055275505407937,0.2740615005575222,0.3441657058162613,-0.215453079218071,0.4233220218089182,1.4661999961298735,1.2194462649686162,0.8202726369242738,237_9
2,0.2094422084924652,23.94931005344747,0.45939249970547813,0.5022025486012908,0.9221522927108895,0.164900004863739,0.07509999722242355,0.0348999984562397,0.04830000177025795,0.030899999663233757,0.28005000948905945,0.8012542128562927,0.2092999964952469,0.12494999915361404,0.043800000101327896,0.06145000085234642,0.055399999022483826,0.22405000030994415,0.6035069227218628,0.21355000138282776,0.10999999940395355,0.03929999843239784,0.06599999964237213,0.04764999821782112,0.31940001249313354,0.7403623461723328,0.9553420590290163,1.0934851915442223,0.3765767672747781,-0.7753616564204932,-0.9228230772375664,0.5055482927130175,1.1171880901248148,2.4580838990554477,0.19454528002906835,239_2
2,0.9130925705432862,23.602111196135276,0.726770190449626,0.7028627939953299,0.9145166053159397,0.1306000053882599,0.05400000140070915,0.02995000034570694,0.04414999857544899,0.03125,0.3064500093460083,0.8149244785308838,0.19619999825954437,0.11940000206232071,0.0364999994635582,0.05469999834895134,0.059300001710653305,0.18160000443458557,0.5076795220375061,0.1813499927520752,0.08209999650716782,0.030649999156594276,0.05494999885559082,0.027950000017881393,0.36945000290870667,0.8593356609344482,1.0451590571254474,0.7571882898318893,0.40070357017538033,0.5589596201042308,-0.5549117794701927,-0.8575090028555383,2.2083756686234612,0.9776657450053676,0.5063260634137847,236_9
2,0.8517376366379228,23.93403869361744,0.8316088916796409,0.8314049075555924,0.9674058031978648,0.1407500058412552,0.0627666637301445,0.030533334240317345,0.04476666823029518,0.031550001353025436,0.23160000145435333,0.760212779045105,0.16895000636577606,0.08775000274181366,0.03799999877810478,0.051899999380111694,0.0421999990940094,0.20720000565052032,0.6615878343582153,0.1517000049352646,0.07079999893903732,0.035100001841783524,0.058800000697374344,0.03350000083446503,0.28139999508857727,0.7872340083122253,1.0006236412154408,0.5887978792424879,0.24855500944981737,0.576638120612476,0.43439088924381486,-0.03988424384038319,1.1728172294555401,0.9561885497583539,0.8276398064129938,239_8
2,0.6453047843472568,23.919485986014706,0.9059878166517152,0.8891440582474935,0.9641605386151866,0.19374999403953552,0.0869000032544136,0.041600000113248825,0.06129999831318855,0.03595000132918358,0.35350000858306885,0.8153806924819946,0.22660000622272491,0.12444999814033508,0.050700001418590546,0.07450000196695328,0.053050000220537186,0.32580000162124634,0.7199419140815735,0.22110000252723694,0.11010000109672546,0.0414000004529953,0.07609999924898148,0.04089999943971634,0.36320000886917114,0.7975748777389526,1.0874791216850983,0.4370888138584226,0.26273888438006937,0.8120488988951404,0.5469345801753015,0.836959576512205,1.5920902424909829,0.6231418816450147,0.4977757172833025,239_6
2,0.12760568610917744,23.379688331787285,0.7848858221359573,0.7597738310509914,0.9481652597165996,0.13615000247955322,0.06955000013113022,0.03280000016093254,0.05204999819397926,0.03685000166296959,0.2295999974012375,0.7234002351760864,0.21414999663829803,0.13130000233650208,0.042899999767541885,0.056299999356269836,0.051899999380111694,0.20669999718666077,0.5986078977584839,0.15729999542236328,0.07010000199079514,0.03720000013709068,0.04500000178813934,0.029500000178813934,0.2563999891281128,0.7936341166496277,1.0591763676594916,0.6682844859809852,0.3167823521589328,0.6617960956396803,-0.299455302822184,-0.6039484090593886,2.2120726649013696,0.8475842878012969,0.7857287573436205,233_1
2,0.5913160357716745,23.9818290667326,0.6275034351824875,0.6275955924443338,0.8981709933525999,0.16155000030994415,0.07249999791383743,0.03999999910593033,0.05575000122189522,0.03739999979734421,0.2784000039100647,0.7631412148475647,0.20980000495910645,0.11869999766349792,0.056699998676776886,0.06780000030994415,0.06469999998807907,0.20479999482631683,0.519851565361023,0.21660000085830688,0.09965000301599503,0.04470000043511391,0.08219999819993973,0.04129999876022339,0.3721500039100647,0.8002176880836487,0.9998673697791375,0.8924536969506588,0.43189643143644835,0.08597198791595373,-0.12519251900424208,0.295881641206484,1.1425187211679841,1.484718079296979,0.9431838058031308,239_5
2,0.8397002118307206,23.619448681118783,0.6837863959400468,0.80293243071418,0.8697919111642061,0.15139999985694885,0.06509999930858612,0.031599998474121094,0.042399998754262924,0.03139999881386757,0.273499995470047,0.7940308451652527,0.2134000062942505,0.1354999989271164,0.039500001817941666,0.05079999938607216,0.05079999938607216,0.1987999975681305,0.5929487347602844,0.19099999964237213,0.08839999884366989,0.032099999487400055,0.049800001084804535,0.033900000154972076,0.30720001459121704,0.801231324672699,0.7808181383447668,0.8178571221476215,0.4025719946774399,0.6023487590905643,-0.521040268743377,-0.5864615459589644,2.2922613665130562,0.9243560253387991,0.7822277395503422,236_8
2,0.8450002720070273,23.482186105705324,0.7544101225078161,0.7231230424048012,0.9209110380016796,0.16590000689029694,0.07840000092983246,0.03480000048875809,0.05310000106692314,0.03590000048279762,0.33079999685287476,0.8041996359825134,0.20730000734329224,0.13300000131130219,0.03959999978542328,0.05959999933838844,0.04500000178813934,0.21549999713897705,0.6545105576515198,0.195700004696846,0.09009999781847,0.033900000154972076,0.06279999762773514,0.03460000082850456,0.31869998574256897,0.8041324615478516,1.0648592248850473,0.7160413229054178,0.38736771732284936,0.5224316045207401,-0.9162657864923061,-0.2611256240844486,2.6730615806505695,1.0210961432986734,0.30879783008454054,234_8
2,0.6644388998990021,23.792104878726555,0.6882466310757064,0.7511315770218802,0.9535676414640155,0.17505000531673431,0.07720000296831131,0.03454999998211861,0.04684999957680702,0.030799999833106995,0.2773500084877014,0.8000973463058472,0.17685000598430634,0.10384999960660934,0.03985000029206276,0.05660000070929527,0.04944999888539314,0.18934999406337738,0.5858458876609802,0.17880000174045563,0.09149999916553497,0.039799999445676804,0.05700000002980232,0.04089999943971634,0.20880000293254852,0.6724069118499756,0.8882566257858656,0.8117269039575147,0.2713269606526787,-0.36392950881120356,-0.5675601410143909,0.9095456336442613,1.1189001229452387,1.9432795685284996,0.3289811011939193,237_6
2,0.8955754225029562,23.35830842802524,0.7445445540494656,0.7303739616901257,0.8720890767916579,0.1451999992132187,0.06560000032186508,0.0348999984562397,0.04490000009536743,0.031199999153614044,0.29490000009536743,0.808647632598877,0.20819999277591705,0.1500999927520752,0.044349998235702515,0.05380000174045563,0.060499999672174454,0.23070000112056732,0.5844780206680298,0.18490000069141388,0.094200000166893,0.030799999833106995,0.04919999837875366,0.031700000166893005,0.34220001101493835,0.8304359316825867,1.028706794886317,0.7309439871588781,0.4740410088364936,0.5444196563200981,-0.7849161137356881,-0.6778608447259834,2.485538104153233,0.995099230529175,0.5428596997501796,233_8
2,0.7859809578403745,23.93691330252662,0.722750273583889,0.6147550101763422,0.9476803688759582,0.15444999933242798,0.07015000283718109,0.03840000182390213,0.05324999988079071,0.03370000049471855,0.2671999931335449,0.7760053277015686,0.20489999651908875,0.11429999768733978,0.04839999973773956,0.0746999979019165,0.05584999918937683,0.2797499895095825,0.6671633124351501,0.20305000245571136,0.10074999928474426,0.03999999910593033,0.06965000182390213,0.0393499992787838,0.30660000443458557,0.7725104689598083,1.190948802089822,0.7630227378642337,0.3026380411944524,-0.2731878254022962,-0.43628197665278823,0.7457387718233526,1.094591059368679,1.8475016895706484,0.6208300958969246,239_7
2,0.5912262042432612,23.9818290667326,0.6251230616207857,0.6289712876232354,0.9010772505946242,0.16339999437332153,0.07530000060796738,0.040800001472234726,0.05570000037550926,0.03920000046491623,0.27239999175071716,0.7483953833580017,0.21459999680519104,0.13169999420642853,0.0568000003695488,0.06719999760389328,0.06459999829530716,0.21320000290870667,0.5349172353744507,0.21870000660419464,0.10329999774694443,0.04405000060796738,0.07814999669790268,0.040150001645088196,0.3725999891757965,0.8054512143135071,0.9944834724147914,0.8955071388660848,0.425414277081224,0.011776816281034025,0.04198065288167596,0.28541345182144373,0.9806186451408567,1.5590192382690857,0.9576259693986983,239_5
2,0.869344616206666,23.95245415694189,0.6880782701947806,0.8607686011989887,0.888879653863943,0.15620000660419464,0.06800000369548798,0.028428571298718452,0.0432666651904583,0.028599999845027924,0.21960000693798065,0.7695407271385193,0.16664999723434448,0.09025000035762787,0.035750001668930054,0.04529999941587448,0.03714999929070473,0.20800000429153442,0.6969202756881714,0.17020000517368317,0.09049999713897705,0.04019999876618385,0.0560000017285347,0.040800001472234726,0.23759999871253967,0.7068965435028076,0.6576915568556662,0.8119589477049651,0.30331721360231045,0.09079723059556216,0.7510164501387129,0.5334733195099614,0.4873362458110706,1.4798738736130226,0.4665686736848471,239_8
2,0.5448731355826943,23.927391160514958,0.6577285952627274,0.8246852793878556,0.8381619980248923,0.16979999840259552,0.07919999957084656,0.03970000147819519,0.05169999971985817,0.039500001817941666,0.2773999869823456,0.7507100105285645,0.17489999532699585,0.0949999988079071,0.043299999088048935,0.060350000858306885,0.04704999923706055,0.2154500037431717,0.6415238380432129,0.22550000250339508,0.10589999705553055,0.035100001841783524,0.055799998342990875,0.03440000116825104,0.3871999979019165,0.8368121385574341,0.7047513590908121,0.8529970034963166,0.4071164439788665,-0.43274292804764786,0.07049446630336306,-0.743341480358039,0.7433094418191641,2.018329458021928,0.6081233500406122,239_5
2,0.9518099592888376,23.602380690720516,0.6295649894216007,0.6297592030746759,0.8719135753690096,0.14110000431537628,0.05990000069141388,0.0272000003606081,0.042500000447034836,0.02879999950528145,0.24539999663829803,0.7899343371391296,0.210999995470047,0.14329999685287476,0.03779999911785126,0.05339999869465828,0.06949999928474426,0.17829999327659607,0.43906375765800476,0.20350000262260437,0.09640000015497208,0.03620000183582306,0.05790000036358833,0.03750000149011612,0.38190001249313354,0.8211731314659119,0.9997190442253887,0.8898031390980781,0.4784794515172976,-0.2848271894335097,-0.41423924825347397,-0.547135187581542,1.074359534711531,1.8596224722608836,0.5890338654040707,236_9
2,0.6273384786648659,23.854537790972863,0.7327064251306059,0.6519235089097871,0.9266442762011059,0.1534000039100647,0.06864999979734421,0.037950001657009125,0.0494999997317791,0.033250000327825546,0.260699987411499,0.7737710475921631,0.21015000343322754,0.11100000143051147,0.049400001764297485,0.07705000042915344,0.061000000685453415,0.28760001063346863,0.6500287055969238,0.2037000060081482,0.09629999846220016,0.03999999910593033,0.06549999862909317,0.03759999945759773,0.311599999666214,0.7846506237983704,1.1498611872750795,0.7485059927911505,0.373834592483406,-0.477910763470819,-0.6346670654557687,0.6191225795425298,1.091491727005487,2.06907106191836,0.6840618774096028,238_6
2,0.9591761446186169,23.774228404572575,0.6295030290452569,0.5920003249570855,0.8706932049469039,0.1421000063419342,0.060600001364946365,0.03579999879002571,0.049300000071525574,0.032099999487400055,0.3052000105381012,0.8096650242805481,0.2054000049829483,0.12540000677108765,0.03999999910593033,0.05505000054836273,0.05595000088214874,0.17399999499320984,0.5133724808692932,0.22300000488758087,0.10700000077486038,0.028699999675154686,0.051500000059604645,0.031199999153614044,0.3540000021457672,0.8380062580108643,1.0532371991658553,0.8898828849606949,0.4885710646907498,0.040237108602544286,-0.7605781619133878,-0.552936937415986,1.590932743686898,1.5305483527942016,0.3850274871083701,237_9
2,0.6432386591937824,23.97392389223235,0.6978580499825502,0.5548677181357953,0.7987387190417552,0.17229999601840973,0.07660000026226044,0.03849999979138374,0.05460000038146973,0.029500000178813934,0.2946000099182129,0.8179574012756348,0.23960000276565552,0.16529999673366547,0.05530000105500221,0.07729999721050262,0.07535000145435333,0.23250000178813934,0.5104758739471436,0.2722499966621399,0.1319500058889389,0.0442500002682209,0.06930000334978104,0.04194999858736992,0.43459999561309814,0.8239428997039795,1.2307114760806719,0.7983937686043082,0.6016675967061448,-0.010220339051008151,-0.7076558562334849,0.3881973965199786,1.490794554552365,1.5810168437824175,0.5950409750662693,239_6
2,0.7305549048101998,23.861454818660583,0.7463578467513383,0.7288518835138825,0.9467789010260007,0.16099999845027924,0.07039999961853027,0.03350000083446503,0.05260000005364418,0.034299999475479126,0.32120001316070557,0.8070323467254639,0.2175000011920929,0.12929999828338623,0.0471000000834465,0.06360000371932983,0.05620000138878822,0.2587999999523163,0.6431745886802673,0.21389999985694885,0.09915000200271606,0.03725000098347664,0.05860000103712082,0.03869999945163727,0.3601999878883362,0.8059663772583008,1.0356060324766743,0.7282236096994036,0.3201491444992751,0.2468278413428683,-0.8608412109450783,0.0742016222230534,1.9734635753740641,1.3213908843670756,0.41404631419019344,238_7
2,0.9197401036457702,23.654033819557384,0.8163766706709823,0.7935641459285538,0.9351537282632106,0.16290000081062317,0.07109999656677246,0.04039999842643738,0.053300000727176666,0.03680000081658363,0.30915001034736633,0.7872524857521057,0.18324999511241913,0.10610000044107437,0.03945000097155571,0.05245000123977661,0.05209999904036522,0.2029999941587448,0.5915327072143555,0.16910000145435333,0.07289999723434448,0.02930000051856041,0.05144999921321869,0.0284000001847744,0.335999995470047,0.844127357006073,1.0624744607439627,0.6156873688365235,0.35038021120307433,0.5369277631403164,-0.6158155298153153,-0.8496473307587904,2.22530427624172,1.0040051507981833,0.49224176251208396,236_9
2,0.6402742187561881,23.880319439627094,0.8301554300603933,0.7995346605075004,0.9149752006481405,0.17384999990463257,0.07724999636411667,0.03779999911785126,0.051899999380111694,0.03305000066757202,0.2867000102996826,0.7932760119438171,0.2222999930381775,0.13144999742507935,0.0478999987244606,0.06520000100135803,0.052000001072883606,0.23350000381469727,0.635726809501648,0.20115000009536743,0.09525000303983688,0.03350000083446503,0.051500000059604645,0.031599998474121094,0.30140000581741333,0.8102102279663086,1.089390378039134,0.5914099179615822,0.3970926624656395,0.4646086782174532,-0.789418683052956,-0.5444230127770309,2.2808471479247925,1.0876036806283271,0.5801463248530708,238_6
2,0.8688954585646051,23.58477371115177,0.5921130599962956,0.6492899583027911,0.9020385597412405,0.14180000126361847,0.06334999948740005,0.038100000470876694,0.046799998730421066,0.03465000167489052,0.23839999735355377,0.7462003231048584,0.22005000710487366,0.13545000553131104,0.04684999957680702,0.0625,0.06350000202655792,0.18774999678134918,0.49452733993530273,0.195250004529953,0.09399999678134918,0.03500000014901161,0.057750001549720764,0.031950000673532486,0.36024999618530273,0.8370729088783264,0.9221314537729798,0.9371178695705301,0.407304976117197,-0.40754155859363994,-0.37064381264482515,-0.6628139179685195,0.9798758932834727,1.9905566100021932,0.26137702532329843,235_8
2,0.8568580337574048,23.454787489539676,0.669240847566835,0.6306646744716083,0.9373540103243051,0.13519999384880066,0.06459999829530716,0.04280000180006027,0.05550000071525574,0.03830000013113022,0.27559998631477356,0.755973219871521,0.20389999449253082,0.12905000150203705,0.042649999260902405,0.05835000053048134,0.054999999701976776,0.22190000116825104,0.6027446985244751,0.18569999933242798,0.0860000029206276,0.03420000150799751,0.06400000303983688,0.03449999913573265,0.3001999855041504,0.7938452363014221,1.0606216103351669,0.8376096868706621,0.3483491698665499,0.043908918785850376,-0.32021876271732036,-0.41971159640663036,1.2422489437822666,1.5268732864046524,0.8559142653564844,234_8
2,0.6239248805852124,23.81986282100585,0.8573945495484907,0.8686359834689317,0.9589855492541909,0.2184000015258789,0.12219999730587006,0.04360000044107437,0.06340000033378601,0.04800000041723251,0.29980000853538513,0.7239792943000793,0.22065000236034393,0.1197500005364418,0.045899998396635056,0.07180000096559525,0.047850001603364944,0.2915000021457672,0.7179902791976929,0.20145000517368317,0.09640000015497208,0.038750000298023224,0.06464999914169312,0.03914999961853027,0.3165999948978424,0.7799016237258911,0.958830056822616,0.5406106787074849,0.2687304214033827,0.6844317694366372,0.9561452264418884,0.765343969260108,0.3638448052051624,0.8169722969141078,0.25027426244853407,238_6
2,0.6848306568485167,23.728414325082483,0.7938679160013132,0.7079297897579099,0.893052193659878,0.13875000178813934,0.06400000303983688,0.03550000116229057,0.04360000044107437,0.031300000846385956,0.2761000096797943,0.7963565587997437,0.24295000731945038,0.15929999947547913,0.04704999923706055,0.05685000121593475,0.06575000286102295,0.18529999256134033,0.4761999249458313,0.19280000030994415,0.08720000088214874,0.02969999983906746,0.05009999871253967,0.029100000858306885,0.36039999127388,0.8505776524543762,1.1997709958258413,0.6536527202659725,0.449949862249195,0.33118272020847883,-0.7461959217200645,-0.7562204883511474,1.9567372301176038,1.2332395699244263,0.38998294000244377,237_6
2,0.6064975640732939,23.906550245923384,0.9579882800821442,0.9550456049421148,0.9719892703853142,0.17710000276565552,0.07890000194311142,0.03909999877214432,0.05299999937415123,0.03680000081658363,0.29339998960494995,0.7771047949790955,0.18084999918937683,0.08474999666213989,0.04129999876022339,0.05555000156164169,0.039650000631809235,0.26829999685287476,0.7424906492233276,0.19220000505447388,0.0868000015616417,0.03460000082850456,0.053300000727176666,0.031199999153614044,0.310699999332428,0.8174905180931091,1.0346871994012388,0.2908925050765088,0.21976769208212968,0.5569313063464365,0.4111596044100396,-0.34042515650129634,1.170348929928523,0.9801098583353712,0.6007748002306285,239_6
2,0.7796927508515381,23.966647538430976,0.893638350020938,0.8988912534010449,0.9686988315646495,0.14300000667572021,0.06364999711513519,0.03435000032186508,0.05000000074505806,0.03229999914765358,0.26170000433921814,0.7802721261978149,0.1615000069141388,0.09059999883174896,0.03400000184774399,0.04919999837875366,0.03500000014901161,0.20200000703334808,0.7046413421630859,0.17090000212192535,0.08160000294446945,0.03750000149011612,0.05350000038743019,0.034699998795986176,0.25619998574256897,0.761430025100708,0.9745500891664375,0.4654084115383356,0.23694256910760225,0.8643861738201699,0.5631983477251542,0.6563569764174914,1.845898881614381,0.5268679855098115,0.7544053836321535,239_7
2,0.7977488880623405,23.88049910268392,0.7559888293045544,0.8934732131683891,0.9266920387435644,0.15410000085830688,0.06494999676942825,0.03060000017285347,0.04639999940991402,0.027550000697374344,0.2859500050544739,0.8242424130439758,0.16744999587535858,0.08250000327825546,0.03449999913573265,0.05469999834895134,0.03359999880194664,0.23829999566078186,0.7528502941131592,0.16539999842643738,0.07670000195503235,0.03680000081658363,0.05429999902844429,0.03554999828338623,0.2859500050544739,0.778849184513092,0.6526832468755811,0.713632900882763,0.23322796182233366,0.8139184690553241,0.6158754862869951,0.5784214891134857,1.4635490146384023,0.6199311326998224,0.7765718364703786,238_7
2,0.5551139298216565,23.974013723760763,0.8349965016560484,0.7261785358335991,0.8906268464159455,0.1800999939441681,0.08160000294446945,0.04455000162124634,0.0596500001847744,0.04430000111460686,0.32554998993873596,0.760443389415741,0.20730000734329224,0.13289999961853027,0.04690000042319298,0.06159999966621399,0.0681999996304512,0.21719999611377716,0.522074282169342,0.2065500020980835,0.10140000283718109,0.039500001817941666,0.055399999022483826,0.03840000182390213,0.3569999933242798,0.8057662844657898,1.3009926601918018,0.5826698992447892,0.4536224360289807,0.5402430322633833,0.1388768910821274,-0.25974399514398566,1.4313682772922551,1.0000704388689383,0.9068905293519318,239_5
2,0.906175542855566,23.878702472115677,0.5847691660898174,0.5583173906584594,0.9270784869806526,0.16155000030994415,0.0786999985575676,0.03474999964237213,0.04794999957084656,0.032349999994039536,0.24310000240802765,0.7651116251945496,0.24015000462532043,0.15080000460147858,0.04919999837875366,0.06764999777078629,0.0658000037074089,0.2264000028371811,0.5496235489845276,0.21549999713897705,0.11299999803304672,0.03959999978542328,0.07150000333786011,0.043299999088048935,0.30660000443458557,0.7525007128715515,1.0340722665810036,0.9462008568872018,0.374335584774644,-0.8183814750826083,-0.7355914264910707,0.5856013854656064,0.9477937930132652,2.5293852549041294,0.6768245993308553,238_9
2,0.5665225339299749,23.961347478254673,0.7475825158779468,0.6862618972592239,0.8985214323713366,0.1683499962091446,0.07855000346899033,0.038750000298023224,0.05389999970793724,0.033799998462200165,0.3359000086784363,0.8171490430831909,0.23694999516010284,0.15285000205039978,0.05835000053048134,0.07095000147819519,0.07349999994039536,0.23119999468326569,0.517558217048645,0.22429999709129333,0.11580000072717667,0.04010000079870224,0.059700001031160355,0.0414000004529953,0.3508000075817108,0.7888832092285156,1.1212551697583752,0.7263816061391408,0.43838314093890235,0.23571159750023785,-0.5816144351076913,0.33060447011411026,1.6442326576954758,1.332845594151999,0.6558317373225101,239_5
2,0.6899510539679969,23.862712460058347,0.972861161937391,0.9344726295641477,0.9433189358305836,0.18719999492168427,0.08190000057220459,0.03280000016093254,0.049400001764297485,0.030400000512599945,0.31779998540878296,0.825387716293335,0.2190999984741211,0.14354999363422394,0.03525000065565109,0.050999999046325684,0.043049998581409454,0.263700008392334,0.7193154096603394,0.20074999332427979,0.09640000015497208,0.0357000008225441,0.05420000106096268,0.033250000327825546,0.2937000095844269,0.7966049909591675,1.558939153374708,0.23350583293505237,0.3238928582026583,0.7537035202223323,-0.22598893260926603,0.20744249655279748,2.5083132933339596,0.717117133759807,0.7864646194976244,238_6
2,0.2738514143638344,23.965120402447972,0.6536601666085013,0.5071128762619176,0.8462746107913127,0.18084999918937683,0.07935000211000443,0.03725000098347664,0.05220000073313713,0.03454999998211861,0.3055500090122223,0.7968244552612305,0.2612000107765198,0.17794999480247498,0.05034999921917915,0.06504999846220016,0.0742499977350235,0.22679999470710754,0.5067264437675476,0.24120000004768372,0.11784999817609787,0.03620000183582306,0.058150000870227814,0.039799999445676804,0.40860000252723694,0.8224799036979675,1.2103707129542929,0.8583854835051427,0.5292584811131203,0.30723401500751835,-0.8446292350243523,0.13827903184237003,2.0473941715309745,1.2585112273448313,0.33448763327495884,239_2
2,0.6023653137663434,23.964940739391153,0.75329167981853,0.6558206818688759,0.8433763530750971,0.1826000064611435,0.07954999804496765,0.04019999876618385,0.05954999849200249,0.035750001668930054,0.36660000681877136,0.8222939968109131,0.23180000483989716,0.14820000529289246,0.04309999942779541,0.06185000017285347,0.06260000169277191,0.22190000116825104,0.5599296689033508,0.2303999960422516,0.10700000077486038,0.039799999445676804,0.06390000134706497,0.03754999861121178,0.42480000853538513,0.8375689387321472,1.1919676580019756,0.7177435540584368,0.5364173760338488,0.8241998585044459,-0.4778902361448418,-0.04975888449933179,3.4369076924452133,0.6020085141775343,0.6343250678030037,239_6
2,0.9252198268788998,23.95335247222601,0.805520394619465,0.8284609988084607,0.9565412211107992,0.15760000050067902,0.06849999725818634,0.03889999911189079,0.05139999836683273,0.03514999896287918,0.24869999289512634,0.7523339986801147,0.16584999859333038,0.08015000075101852,0.03819999843835831,0.050050001591444016,0.036649998277425766,0.2402999997138977,0.7353312969207764,0.1688999980688095,0.07649999856948853,0.030300000682473183,0.04490000009536743,0.030300000682473183,0.24979999661445618,0.783648669719696,0.9372465640571395,0.6342431797544389,0.27471058732588405,0.5766921258751161,0.9187228312003904,0.6346058772937716,0.42459231174271655,0.9561224462777395,0.3734930415246816,239_9
2,0.9165960001513529,23.760753675310788,0.6515319408248182,0.6158043632997751,0.92505118615101,0.14339999854564667,0.06449999660253525,0.029200000688433647,0.04430000111460686,0.031099999323487282,0.25099998712539673,0.7795107960700989,0.19249999523162842,0.11429999768733978,0.04639999940991402,0.06310000270605087,0.051500000059604645,0.23919999599456787,0.6456828117370605,0.15690000355243683,0.07360000163316727,0.0284000001847744,0.0560000017285347,0.027799999341368675,0.3124000132083893,0.8365667462348938,1.0536413341268935,0.8611942616128355,0.3794495125856926,0.6700838391215842,-0.7490486890428679,-0.8131223219762931,2.8900116458615095,0.8364745978159595,0.5129937361330977,237_9
2,0.7688231359136903,23.72544988464489,0.7904499918332062,0.8304854956415928,0.9345160896180321,0.15549999475479126,0.06650000065565109,0.031599998474121094,0.04439999908208847,0.03020000085234642,0.2842000126838684,0.8078880310058594,0.18520000576972961,0.10260000079870224,0.0340999998152256,0.046799998730421066,0.032600000500679016,0.24400000274181366,0.7642805576324463,0.20810000598430634,0.10429999977350235,0.03759999945759773,0.058800000697374344,0.037300001829862595,0.2971999943256378,0.7769805788993835,0.8961925380564049,0.659253028567922,0.322830742175922,-0.4798534765337074,0.5291364603642593,-0.2142977236936322,0.4891718150117708,2.071284024454923,0.8473348182810598,237_7
2,0.7391787315377467,23.871965107484783,0.9051870732000427,0.8772898205389609,0.9606865193805771,0.17000000178813934,0.07859999686479568,0.03350000083446503,0.05009999871253967,0.033799998462200165,0.28060001134872437,0.7849872708320618,0.21439999341964722,0.11219999939203262,0.0414000004529953,0.06459999829530716,0.04580000042915344,0.290800005197525,0.7278668880462646,0.21070000529289246,0.10604999959468842,0.040950000286102295,0.07145000249147415,0.041600000113248825,0.3577499985694885,0.7916614413261414,1.1404029443267987,0.4389766531693808,0.2770453699166159,-0.46215893738666325,-0.8531710168953078,0.8105695198488523,1.2640404537310195,2.0512245188626066,0.2274997550653636,238_7
2,0.5284339658833073,23.91337744208269,0.8058336627100955,0.5832059172225629,0.7838822676222039,0.1732500046491623,0.07654999941587448,0.039900001138448715,0.05494999885559082,0.039000000804662704,0.31415000557899475,0.7791306972503662,0.2669000029563904,0.19294999539852142,0.06355000287294388,0.0746999979019165,0.0835999995470047,0.2320999950170517,0.47038325667381287,0.23199999332427979,0.11420000344514847,0.037700001150369644,0.05979999899864197,0.036649998277425766,0.4012500047683716,0.8326101899147034,1.4961419717199302,0.6337143278344376,0.6154896540480455,0.3284177260411607,-0.3543907944594363,0.1042631065403667,1.5637503538153052,1.2361684331517018,0.9054468472519066,239_5
2,0.8589241589108791,23.823545913670742,0.9583344658052289,0.9565058135597153,0.9788648930903903,0.17845000326633453,0.08014166355133057,0.034960001707077026,0.04802500084042549,0.03359999880194664,0.265500009059906,0.7753260135650635,0.1737000048160553,0.09040000289678574,0.03290000185370445,0.0471000000834465,0.032999999821186066,0.26339998841285706,0.7773279547691345,0.17470000684261322,0.0763000026345253,0.03290000185370445,0.04580000042915344,0.031550001353025436,0.29010000824928284,0.8038240075111389,1.021866970159283,0.28968302945867214,0.19406850207039997,0.9295233114416167,0.9243718385774852,0.8845936176814615,1.036359932492149,0.3776782634723369,0.3752388399758539,238_8
2,0.5596953377706662,23.923528404793245,0.8495224485421792,0.8768109766435618,0.9501660796183292,0.17870000004768372,0.08219999819993973,0.04399999976158142,0.058800000697374344,0.039400000125169754,0.3075999915599823,0.7729106545448303,0.19294999539852142,0.10639999806880951,0.04430000111460686,0.062199998646974564,0.04964999854564667,0.26170000433921814,0.6810663342475891,0.21185000240802765,0.10679999738931656,0.04399999976158142,0.0649000033736229,0.047600001096725464,0.27684998512268066,0.7065803408622742,0.9026304926482795,0.5557169146086026,0.28243071390781704,0.43649507594843945,0.3644395646041683,0.9218476258278747,1.070296354279068,1.1190969814244085,0.3852511924446928,239_5
2,0.8818311986559273,23.77126396413498,0.9404261006879171,0.9380007534439853,0.9688703067358976,0.13830000162124634,0.060499999672174454,0.03759999945759773,0.050999999046325684,0.032499998807907104,0.257999986410141,0.7762478590011597,0.16779999434947968,0.0807500034570694,0.03220000118017197,0.043949998915195465,0.03714999929070473,0.2393999993801117,0.7313324809074402,0.15324999392032623,0.06915000081062317,0.030050000175833702,0.042750000953674316,0.02800000086426735,0.28859999775886536,0.823120653629303,1.020363642574219,0.346914941500643,0.23463586035105533,0.7052958245990005,0.5590092051580751,0.7349962536706125,1.2406859984310001,0.7879559743567925,0.6756459339322005,237_8
2,0.21159816517435281,23.9653000655048,0.7266852191383523,0.5826310298245388,0.8697333148268617,0.17544999718666077,0.08134999871253967,0.03514999896287918,0.0507499985396862,0.03099999949336052,0.30250000953674316,0.8140929341316223,0.2126999944448471,0.13224999606609344,0.0568000003695488,0.06554999947547913,0.07445000112056732,0.1935500055551529,0.4444029927253723,0.2134000062942505,0.11169999837875366,0.041099999099969864,0.06040000170469284,0.04879999905824661,0.3131999969482422,0.7303867340087891,1.2528972818337536,0.7573119878070762,0.4882568408937278,-0.5634218948080411,-0.9671385208255372,0.5749405816123774,1.3296898965187056,2.1693181860656674,0.25163774736436456,239_2
2,0.7875979253517897,23.731378765520077,0.7554665859004039,0.7027381315647532,0.9065822714801822,0.15115000307559967,0.06499999761581421,0.044449999928474426,0.05544999986886978,0.03579999879002571,0.3237999975681305,0.8008899092674255,0.20170000195503235,0.12129999697208405,0.04010000079870224,0.05530000105500221,0.04699999839067459,0.21089999377727509,0.6355176568031311,0.19269999861717224,0.09030000120401382,0.03099999949336052,0.04830000177025795,0.02889999933540821,0.3258500099182129,0.8370683789253235,1.1079560502407906,0.7144303579947732,0.4211492793446844,0.08830097713278266,-0.6823166963832938,-0.7447866500358036,1.5662130862439558,1.4823801971291162,0.24933932543799744,237_7
2,0.3997053856689803,23.99206986097156,0.7524302739268205,0.7181166334008406,0.908263469836299,0.16850000619888306,0.07554999738931656,0.03864999860525131,0.05204999819397926,0.03435000032186508,0.2875500023365021,0.7865796685218811,0.2483000010251999,0.17180000245571136,0.05559999868273735,0.06589999794960022,0.06939999759197235,0.1964000016450882,0.4778028726577759,0.2398499995470047,0.13124999403953552,0.04450000077486038,0.062300000339746475,0.0478999987244606,0.34994998574256897,0.75920569896698,1.070442387509781,0.7190523248417433,0.41506653512282227,-0.5260826654756086,-0.800153903243239,0.570889755354431,1.175812730764273,2.1247840142529872,0.5732951942274929,239_3
2,0.5297814388094864,23.906280751338144,0.8009580501155841,0.748141355031432,0.9315289138046305,0.1598999947309494,0.07649999856948853,0.04010000079870224,0.05429999902844429,0.0385500006377697,0.2480500042438507,0.7309839725494385,0.20880000293254852,0.11580000072717667,0.05195000022649765,0.07270000129938126,0.06239999830722809,0.2634499967098236,0.6170017123222351,0.20720000565052032,0.10000000149011612,0.043949998915195465,0.06960000097751617,0.04520000144839287,0.31380000710487366,0.748189389705658,1.1302956778940534,0.6419026545496711,0.36365152914890053,-0.22404364687198153,0.01022269798143156,0.7901787854282816,0.8685496272426764,1.7967579534953646,0.5819785862708894,239_5
2,0.5048981054393753,23.888673771769405,0.8588509438226596,0.8279224838995917,0.931816726450552,0.1691499948501587,0.07615000009536743,0.04190000146627426,0.05249999836087227,0.03629999980330467,0.3001999855041504,0.7842496037483215,0.20270000398159027,0.1120000034570694,0.041200000792741776,0.06080000102519989,0.04910000041127205,0.3043999969959259,0.7222064733505249,0.20669999718666077,0.09645000100135803,0.040550000965595245,0.05934999883174896,0.042750000953674316,0.3249000012874603,0.7674418687820435,1.1071620094659647,0.5377741528788667,0.3588980052309271,0.11285327559684309,-0.2813225412368637,0.7922198600775685,1.2732151063700805,1.4577021205336718,0.48288310778211857,238_5
2,0.8094269867558932,23.945267634668937,0.8542803424761513,0.858736259986954,0.9554711501993804,0.15729999542236328,0.06920000165700912,0.03229999914765358,0.04659999907016754,0.028999999165534973,0.2842000126838684,0.8148148059844971,0.2062000036239624,0.10580000281333923,0.0421999990940094,0.05999999865889549,0.050599999725818634,0.27559998631477356,0.6897608637809753,0.19965000450611115,0.08865000307559967,0.03530000150203705,0.06055000051856041,0.03375000134110451,0.31940001249313354,0.80886310338974,0.9842059638963854,0.5466315220841143,0.2835337550823178,0.13033278489578345,-0.980776264632103,-0.10889145548950631,2.045145382929674,1.4400917066200682,0.19419875480757826,239_8
2,0.8569478652858162,23.454967152596502,0.7260061184287061,0.6658833360900882,0.909737017303699,0.15710000693798065,0.07999999821186066,0.039900001138448715,0.053300000727176666,0.03669999912381172,0.24779999256134033,0.7420035004615784,0.20925000309944153,0.13269999623298645,0.04464999958872795,0.06094999983906746,0.05534999817609787,0.21334999799728394,0.5880163908004761,0.19120000302791595,0.09210000187158585,0.03460000082850456,0.06689999997615814,0.033399999141693115,0.3156000077724457,0.8085960149765015,1.1105355506573722,0.7583000157294998,0.4151104678234956,-0.28071580444671784,-0.1552371674106245,-0.2772098698225227,0.93064744974099,1.8553361468000011,0.9296204525977497,234_8
2,0.8788667582183329,23.867024373422126,0.62964618044608,0.6585998018979775,0.9432455929690781,0.14749999344348907,0.06679999828338623,0.03189999982714653,0.048250000923871994,0.03060000017285347,0.24899999797344208,0.7811158895492554,0.19599999487400055,0.11779999732971191,0.04334999993443489,0.062150001525878906,0.05290000140666962,0.2073500007390976,0.5934678316116333,0.20180000364780426,0.096950002014637,0.04100000113248825,0.0689999982714653,0.043800000101327896,0.2825999855995178,0.7316176295280457,0.9574476076999836,0.8896986347031647,0.3214876657482421,-0.6513383102333548,-0.5636089214204284,0.5322706251834333,0.9514948889327668,2.2801431797913168,0.7968448577232294,238_8
2,0.7238175401793026,23.768928344396272,0.710653514773619,0.6903281879134117,0.9053238938503084,0.15298333764076233,0.06714999675750732,0.03750000149011612,0.051766667515039444,0.03410833328962326,0.2612999975681305,0.7690767049789429,0.2072249948978424,0.1221499964594841,0.04574999958276749,0.06084999814629555,0.05655333399772644,0.2058749943971634,0.5689997673034668,0.20399999618530273,0.09849999845027924,0.03680000081658363,0.05700000002980232,0.03709999844431877,0.3303999900817871,0.7980952262878418,1.0365007755363147,0.7803696605711644,0.41944487919656726,-0.43697992199887437,-0.5200563511122624,-0.4104562956384885,1.046800293503831,2.0230346361411855,0.4763228710241161,237_7
2,0.03957078826546301,23.756531593475422,0.785752552215374,0.8278156444427887,0.931578984630316,0.19973333179950714,0.08647499978542328,0.03579999879002571,0.05209999904036522,0.031433332711458206,0.35370001196861267,0.8367664813995361,0.2022833377122879,0.14169999957084656,0.040142856538295746,0.05495833232998848,0.05198749899864197,0.2358500063419342,0.6387718915939331,0.2443999946117401,0.12939999997615814,0.041200000792741776,0.0674000009894371,0.04439999908208847,0.3497999906539917,0.7747336626052856,0.8930985798878424,0.6668844811839367,0.32887692489443154,0.34141181474226523,-0.6486375320382949,0.331215823728002,1.8624269149183839,1.2223777699483027,0.48324587810891084,237_0
2,0.6474607410291444,23.851753013592095,0.9106264442401639,0.9358715438018766,0.9708209914827363,0.16670000553131104,0.07339999824762344,0.04280000180006027,0.052799999713897705,0.03750000149011612,0.29420000314712524,0.7738920450210571,0.18060000240802765,0.09449999779462814,0.03590000048279762,0.04830000177025795,0.03610000014305115,0.24300000071525574,0.7413113713264465,0.18754999339580536,0.09000000357627869,0.03229999914765358,0.049550000578165054,0.029500000178813934,0.28529998660087585,0.8125793933868408,0.8452412025224731,0.4259988202279325,0.20440930039344266,-0.04897729057013506,-0.1841049601880452,0.44348817303722027,1.084062758805267,1.6197932194484859,0.8814115023172413,238_6
3,0.8342204885975928,23.73551101582703,0.8872645253851289,0.8764064102751715,0.9275019623511556,0.15049999952316284,0.06520000100135803,0.029999999329447746,0.04230000078678131,0.029999999329447746,0.2727999985218048,0.8018494248390198,0.18160000443458557,0.10010000318288803,0.03265000134706497,0.04639999940991402,0.03590000048279762,0.2409999966621399,0.7407006025314331,0.18979999423027039,0.0848499983549118,0.031849998980760574,0.051500000059604645,0.02930000051856041,0.3095000088214874,0.8270366191864014,1.048041660351299,0.47941583774886576,0.35539266128030245,0.6279917312545541,0.6190385079331627,0.26588715027763643,1.012841154011561,0.8918264032025761,0.7693281641857785,237_8
3,0.8860532804912893,23.390917272838777,0.7343066519383533,0.7751039005640777,0.8746955372353312,0.1454000025987625,0.06700000166893005,0.03009999915957451,0.04470000043511391,0.031599998474121094,0.32330000400543213,0.821921706199646,0.21684999763965607,0.15234999358654022,0.040449999272823334,0.05065000057220459,0.0580499991774559,0.18219999969005585,0.5167533755302429,0.21529999375343323,0.10010000318288803,0.0357000008225441,0.05860000103712082,0.03240000084042549,0.3716000020503998,0.8396039605140686,0.916592272745977,0.746151615981183,0.4434294772952763,0.17156867143998533,-0.7451902728043183,-0.5387416965440288,1.724585428651679,1.398374596169105,0.520326960608152,233_8
3,0.8722192251158489,23.422088813197725,0.8703209545437007,0.8395596408148112,0.8821306045452311,0.1521500051021576,0.06994999945163727,0.028300000354647636,0.04645000025629997,0.034299999475479126,0.29820001125335693,0.7936842441558838,0.20919999480247498,0.1395999938249588,0.03660000115633011,0.04769999906420708,0.052400000393390656,0.19140000641345978,0.570139467716217,0.19670000672340393,0.09109999984502792,0.035599999129772186,0.05860000103712082,0.032099999487400055,0.3224000036716461,0.8188998699188232,1.1153167408923466,0.5149426767962205,0.4478581824960544,0.18270816091879383,-0.46564146933391726,-0.7316950629749798,1.4816673390266184,1.3870560493694761,0.5921340849710903,234_8
3,0.8039472635227636,23.720868476695877,0.9270427010224825,0.9323174876844014,0.9698055814749634,0.1467999964952469,0.06404999643564224,0.031449999660253525,0.04179999977350235,0.0272000003606081,0.22984999418258667,0.7883679866790771,0.20630000531673431,0.11209999769926071,0.029200000688433647,0.04349999874830246,0.029400000348687172,0.2624000012874603,0.7984921336174011,0.17479999363422394,0.07895000278949738,0.02655000053346157,0.04089999943971634,0.026149999350309372,0.2651999890804291,0.820490837097168,0.96273750571795,0.3843490646540609,0.2271690754091554,0.854546179218957,0.4608207644867127,0.7973956464703035,1.9993348378766085,0.5461198981195962,0.42868477368179997,237_8
3,0.9228842071401893,23.767041882299623,0.7380004045999521,0.7728698645908675,0.9246387489152207,0.13259999454021454,0.06289999932050705,0.029400000348687172,0.040699999779462814,0.03020000085234642,0.23340000212192535,0.7708649635314941,0.22190000116825104,0.1185000017285347,0.04820000007748604,0.059300001710653305,0.06800000369548798,0.20880000293254852,0.5086705088615417,0.19539999961853027,0.09560000151395798,0.03454999998211861,0.051899999380111694,0.036649998277425766,0.30390000343322754,0.7847599387168884,0.928109241089492,0.7406940304090217,0.3564578671905095,0.049541970764963146,-0.5678426224315383,-0.6665473923490255,1.4295491604386652,1.521234067588151,0.5186306809534518,237_9
3,0.8556902238880486,23.425951568919437,0.8048506859737058,0.8980422554777016,0.9195543388585206,0.13819999992847443,0.06109999865293503,0.033399999141693115,0.04935000091791153,0.030700000002980232,0.2712000012397766,0.7966213822364807,0.15469999611377716,0.08780000358819962,0.03060000017285347,0.040550000965595245,0.03920000046491623,0.16869999468326569,0.6228955984115601,0.14659999310970306,0.06629999727010727,0.029100000858306885,0.04535000026226044,0.02824999950826168,0.2953000068664551,0.8253747820854187,0.7168984663761299,0.6353724933045554,0.28913329365242496,0.9171581042904484,0.36319530733088057,0.2873796472436795,2.9253045085357354,0.4099064610798897,0.9246205509723046,234_8
3,0.8481443755014446,23.404212339043745,0.6437033604175249,0.797243159634134,0.8422875434447551,0.13779999315738678,0.06449999660253525,0.0357000008225441,0.0502999983727932,0.0348999984562397,0.2632000148296356,0.7658504247665405,0.21799999475479126,0.14589999616146088,0.050200000405311584,0.05460000038146973,0.06780000030994415,0.18520000576972961,0.4640316367149353,0.18174999952316284,0.08560000360012054,0.03344999998807907,0.04964999854564667,0.03525000065565109,0.3452500104904175,0.8147174715995789,0.7436663483313444,0.8714685978736537,0.4236370370983236,0.21255878185686822,-0.5343513167895833,-0.816218694424913,1.5734416674454912,1.3566034875772726,0.44430571973159905,234_8
3,0.7090851695197422,23.783391220470598,0.7593688030259559,0.8340702557100669,0.9805700900239326,0.17659999430179596,0.08160000294446945,0.03720000013709068,0.05550000071525574,0.03849999979138374,0.3174000084400177,0.7836471199989319,0.21365000307559967,0.12960000336170197,0.04520000144839287,0.06255000084638596,0.058649998158216476,0.2393999993801117,0.606441855430603,0.22495000064373016,0.13204999268054962,0.04650000110268593,0.0625,0.053700000047683716,0.28450000286102295,0.6824364066123962,0.8248258646151754,0.708453848287813,0.13992937152844898,-0.3536075820313108,-0.5972106051839806,0.9116579053738074,1.144183192467088,1.9322213844200442,0.2873101765291179,237_7
3,0.042804723288293545,23.748716250503584,0.8709181868801826,0.8665878664654607,0.9532883921704618,0.17554999887943268,0.07614167034626007,0.03351999819278717,0.04859999939799309,0.03060833364725113,0.2865999937057495,0.8070142865180969,0.1729000061750412,0.09016666561365128,0.03849999979138374,0.04899999871850014,0.04464999958872795,0.19740000367164612,0.6310679912567139,0.17069999873638153,0.0835999995470047,0.031300000846385956,0.043699998408555984,0.03240000084042549,0.2646999955177307,0.7818915843963623,1.0170207922852614,0.5137286827395597,0.29286423245697196,0.865949585458583,-0.30626147531506037,0.09235749619206782,3.5934285757298525,0.5237503923427133,0.6285403111199619,237_0
3,0.7219310780826529,23.903406142428963,0.6072139018485925,0.5675717370703399,0.9283986887603193,0.1737000048160553,0.0763000026345253,0.033399999141693115,0.047600001096725464,0.034299999475479126,0.2924000024795532,0.7900214195251465,0.2142000049352646,0.12620000541210175,0.04410000145435333,0.07289999723434448,0.055399999022483826,0.21660000085830688,0.5926470756530762,0.20170000195503235,0.09425000101327896,0.038600001484155655,0.07064999639987946,0.03519999980926514,0.32600000500679016,0.8050941228866577,1.0533579788512148,0.9182470162047801,0.37155427042853456,-0.2970829881404246,-0.9618271116547762,0.28877400075971127,1.529773990178782,1.872432585640651,0.27363941144612675,239_7
3,0.6548269263589237,23.868461677876716,0.7791768587511295,0.749921979849527,0.9377381464940953,0.16885000467300415,0.07765000313520432,0.03784999996423721,0.05310000106692314,0.032249998301267624,0.29589998722076416,0.8034435510635376,0.2000499963760376,0.11514999717473984,0.0471000000834465,0.06714999675750732,0.050450000911951065,0.2676999866962433,0.6828539967536926,0.21934999525547028,0.11180000007152557,0.03914999961853027,0.06199999898672104,0.04410000145435333,0.3630000054836273,0.783345639705658,1.067027417211864,0.6774448187991137,0.3459814824076394,-0.13693727092643743,-0.5677789642820372,0.44308601760397054,1.2730627718685852,1.708165220324154,0.7359389078793924,238_6
3,0.8238000313018059,23.664094950739525,0.8352060029554184,0.8700336943721259,0.9219858844105298,0.1501999944448471,0.06970000267028809,0.028999999165534973,0.041200000792741776,0.02930000051856041,0.2574999928474426,0.7956764101982117,0.21044999361038208,0.12399999797344208,0.03974999859929085,0.050700001418590546,0.04600000008940697,0.2223999947309494,0.6572279930114746,0.19300000369548798,0.09489999711513519,0.03319999948143959,0.050599999725818634,0.031199999153614044,0.34360000491142273,0.833511233329773,0.8853432153504511,0.5822890544299093,0.34188621495605265,0.3457151743830536,-0.41151149142144616,-0.5960987897058112,1.638130724302656,1.2177954784291538,0.7724866914743601,236_8
3,0.2769955178582535,23.947962580521292,0.8468268126845014,0.7946050832783831,0.9343422494024937,0.17319999635219574,0.07810000330209732,0.03720000013709068,0.05260000005364418,0.03229999914765358,0.3206000030040741,0.8169453144073486,0.25189998745918274,0.1737000048160553,0.053599998354911804,0.060499999672174454,0.06700000166893005,0.2303999960422516,0.5494283437728882,0.23070000112056732,0.12189999967813492,0.041850000619888306,0.061400000005960464,0.040699999779462814,0.3765999972820282,0.8049364686012268,1.16339650406983,0.5608057877221883,0.35632036024550634,0.1827103961527201,-0.8028049589175409,0.346692649897151,1.804386534008925,1.3870537758656245,0.32199403836969515,239_2
3,0.157429753541944,23.90376546854261,0.881879175740676,0.7999456673645028,0.9249149255432322,0.1860000044107437,0.08479999750852585,0.032499998807907104,0.048900000751018524,0.03139999881386757,0.34220001101493835,0.8319057822227478,0.21850000321865082,0.11254999786615372,0.03784999996423721,0.06055000051856041,0.04809999838471413,0.2460000067949295,0.672900378704071,0.20839999616146088,0.09690000116825104,0.03720000013709068,0.05420000106096268,0.0364999994635582,0.33880001306533813,0.8054889440536499,1.310875743957419,0.4909631295616811,0.378709690395478,0.7257406519855336,-0.680616664830143,-0.1406755398160408,3.057128303669231,0.7586859644233085,0.5225637976713221,239_1
3,0.8185898026539125,23.997908910318337,0.6306310605701146,0.9224453387268169,0.8006835044221157,0.1876000016927719,0.08049999922513962,0.03530000150203705,0.054099999368190765,0.03319999948143959,0.33880001306533813,0.8215053677558899,0.18930000066757202,0.09624999761581421,0.03189999982714653,0.051899999380111694,0.03310000151395798,0.3137499988079071,0.8091393709182739,0.2324499934911728,0.1485999971628189,0.04650000110268593,0.05909999832510948,0.05790000036358833,0.2389499992132187,0.6099039912223816,0.4462140021470763,0.888430247946915,0.26361699997873866,-0.6782799520988753,0.8201115814035496,-0.6094131021627022,0.26301106547103775,2.316215598069776,0.567613830581213,239_8
3,0.64449630059155,23.974013723760763,0.93491959644658,0.9283166955128163,0.9710552784462723,0.1701499968767166,0.07829999923706055,0.037300001829862595,0.05525000020861626,0.03584999963641167,0.30489999055862427,0.7895817756652832,0.1964000016450882,0.11749999970197678,0.042399998754262924,0.05770000070333481,0.04960000142455101,0.24879999458789825,0.6675602793693542,0.20970000326633453,0.0982000008225441,0.04050000011920929,0.05739999935030937,0.03709999844431877,0.36160001158714294,0.8138951659202576,1.0500960466307283,0.3627639084399321,0.23179297691195624,0.3981832915081953,-0.7946459418973776,-0.1842007959459112,2.143549860553993,1.161260816838921,0.5897147945255234,239_6
3,0.8071811985455941,23.69733261625195,0.9192073055035616,0.8255753193438007,0.9627327708371121,0.16259999573230743,0.06939999759197235,0.03720000013709068,0.05389999970793724,0.033399999141693115,0.36160001158714294,0.8308860659599304,0.19894999265670776,0.1091499999165535,0.039000000804662704,0.06459999829530716,0.04475000128149986,0.30809998512268066,0.7463511228561401,0.17890000343322754,0.08560000360012054,0.027899999171495438,0.05920000001788139,0.031700000166893005,0.31690001487731934,0.8181296586990356,1.4814071464364718,0.4047336651258556,0.224519788105361,0.5948345955302319,-0.024636992980804476,0.12164290960501793,1.7086575087049156,0.9337364595858421,0.9852124337763805,236_8
3,0.07424575823247714,23.776923350424937,0.8823121415609086,0.8917999613610893,0.9368175880066242,0.17784999310970306,0.07729999721050262,0.0385500006377697,0.05620000138878822,0.03676249831914902,0.3447999954223633,0.8073055148124695,0.1745000034570694,0.08856666833162308,0.03844999894499779,0.052799999713897705,0.04244285821914673,0.2160000056028366,0.671549379825592,0.17659999430179596,0.09149999916553497,0.031599998474121094,0.04879999905824661,0.037300001829862595,0.23960000276565552,0.7305886745452881,0.9580531060816844,0.4900440183910998,0.32118946329844367,-0.554098118163232,-0.8156968973703359,0.4781110320109865,1.1698984624996018,2.1580754969565215,0.5776269710046916,237_0
3,0.5069642305928515,23.28374825944332,0.9289262336477511,0.9534525489486563,0.9690484115993008,0.1462000012397766,0.07000000029802322,0.034299999475479126,0.04839999973773956,0.03200000151991844,0.29120001196861267,0.801980197429657,0.17055000364780426,0.10409999638795853,0.05739999935030937,0.06669999659061432,0.05139999836683273,0.25655001401901245,0.6661795973777771,0.15915000438690186,0.06930000334978104,0.03334999829530716,0.04899999871850014,0.027699999511241913,0.3642500042915344,0.8586554527282715,0.8075808722944501,0.37929410889092896,0.20059994728400093,0.8059727967199406,-0.5033405066184429,-0.5518220352835075,3.3122733852819626,0.6334793229351109,0.8280681787042399,232_5
3,0.09993757535829495,23.384629065849943,0.8466390054634,0.8600543767435735,0.9329337236247673,0.16224999725818634,0.0694499984383583,0.0320499986410141,0.0478999987244606,0.028349999338388443,0.3422999978065491,0.8470255136489868,0.18870000541210175,0.09790000319480896,0.04560000076889992,0.056299999356269836,0.07050000131130219,0.21559999883174896,0.5071653127670288,0.20845000445842743,0.09425000101327896,0.03500000014901161,0.05925000086426735,0.032749999314546585,0.38359999656677246,0.8426804542541504,0.9541329267588191,0.5611587967439184,0.3350154908376973,0.5545163133155411,-0.8376641366392246,-0.6495849281134493,2.608087871554973,0.9830147067244159,0.49884969408571184,233_0
3,0.7345973235887371,23.68520535991633,0.6165168357303797,0.5833883397108229,0.8947708997264087,0.1273999959230423,0.056699998676776886,0.02930000051856041,0.043049998581409454,0.026900000870227814,0.24369999766349792,0.8011825680732727,0.19189999997615814,0.11460000276565552,0.039900001138448715,0.054099999368190765,0.04580000042915344,0.1881999969482422,0.6085469722747803,0.1871500015258789,0.08595000207424164,0.030950000509619713,0.056699998676776886,0.0340999998152256,0.30149999260902405,0.7967818975448608,1.045689362968568,0.9064852822274546,0.4447012384280131,0.35043903552935723,-0.2884044351300357,-0.6816196086287567,1.5364637257900142,1.2127565024304032,0.7297925023050051,236_7
3,0.8899160362130019,23.45370951119873,0.7882406393542484,0.8263611270677698,0.9078355103418212,0.15610000491142273,0.07209999859333038,0.037300001829862595,0.056299999356269836,0.04010000079870224,0.2678000032901764,0.7395257949829102,0.19589999318122864,0.12020000070333481,0.04179999977350235,0.05299999937415123,0.0568000003695488,0.17880000174045563,0.5178268551826477,0.18504999577999115,0.08574999868869781,0.03384999930858612,0.062199998646974564,0.032249998301267624,0.35499998927116394,0.8334409594535828,0.902436291218553,0.6628516301289826,0.3787260195802838,0.05139166326408202,-0.13207400028164928,-0.846673345972475,1.1210198154351818,1.519382014822777,0.5246715535295775,234_8
3,0.5203491283262309,23.857412399882044,0.6354706261055657,0.6501938971510235,0.9460835401638473,0.15905000269412994,0.0731000006198883,0.04320000112056732,0.0544000007212162,0.03765000030398369,0.3046000003814697,0.7799853682518005,0.21359999477863312,0.12325000017881393,0.04475000128149986,0.0572500005364418,0.05900000035762787,0.19644999504089355,0.5380700826644897,0.2093999981880188,0.09740000218153,0.03519999980926514,0.05860000103712082,0.03189999982714653,0.319599986076355,0.8184921741485596,0.9782110672893911,0.8821784389454387,0.31764913863975175,-0.06264085863527263,-0.44655336978191784,-0.5423899058591114,1.245015628310565,1.633478223773976,0.688473174147428,238_5
3,0.047745457350950815,23.700117393632716,0.8874161758091148,0.7950963048695816,0.9556596688258047,0.1851000040769577,0.08049999922513962,0.03585999831557274,0.05659250169992447,0.03321818262338638,0.3376888930797577,0.8208813667297363,0.21854999661445618,0.12155000120401382,0.04743333160877228,0.07256666570901871,0.05237499997019768,0.2775999903678894,0.6825516819953918,0.20694999396800995,0.09375,0.039799999445676804,0.06835000216960907,0.04084999859333038,0.32280001044273376,0.7753334641456604,1.3601496716813117,0.47908696011263635,0.27112635525370304,0.49308737013884674,-0.22222825945369984,0.7190785297779104,1.701062705193285,1.05516134453968,0.20822288404289957,237_0
3,0.8685361324509575,23.42676005267515,0.7490072601834,0.78760720102773,0.8867750785231661,0.148499995470047,0.06780000030994415,0.03310000151395798,0.0502999983727932,0.03420000150799751,0.3082999885082245,0.8002919554710388,0.23759999871253967,0.15559999644756317,0.05530000105500221,0.06369999796152115,0.0723000019788742,0.18520000576972961,0.43844661116600037,0.18469999730587006,0.08640000224113464,0.030300000682473183,0.048650000244379044,0.03009999915957451,0.3725999891757965,0.8505090475082397,0.9166656799944024,0.7242338549402092,0.4230113412497587,0.6609434213883036,-0.8986552644817181,-0.8313269135321004,3.166517926959223,0.8487210960231568,0.30392403322801625,234_8
3,0.6534794534327446,23.800908368510925,0.8731185219182696,0.7905206139477602,0.9627668047704714,0.19169999659061432,0.08640000224113464,0.039000000804662704,0.05570000037550926,0.03310000151395798,0.3776000142097473,0.8388117551803589,0.2524000108242035,0.15119999647140503,0.060100000351667404,0.07980000227689743,0.07999999821186066,0.3368000090122223,0.616122841835022,0.2305999994277954,0.11460000276565552,0.03779999911785126,0.06520000100135803,0.03880000114440918,0.35839998722076416,0.8046324253082275,1.2943727062247168,0.5092333300995943,0.2500471636032499,0.6658599233348597,0.013442627492082818,0.5248409851689966,1.8492576816435893,0.8421505071316627,0.7222796238003518,238_6
3,0.6343453378809993,23.57264645481616,0.9076295206602139,0.9211155064867997,0.9540296500281364,0.147599995136261,0.06080000102519989,0.039000000804662704,0.04479999840259552,0.03180000185966492,0.24609999358654022,0.7711406946182251,0.1932000070810318,0.10705000162124634,0.03954999893903732,0.05285000056028366,0.04600000008940697,0.22859999537467957,0.6649672389030457,0.16504999995231628,0.07890000194311142,0.030050000175833702,0.04625000059604645,0.030950000509619713,0.2842999994754791,0.8036478757858276,0.9230500693052356,0.4331942607860383,0.2693119265595084,0.6239400088866408,-0.22863452233447223,-0.5933404225136739,2.008279935117814,0.8970219323148273,0.784300262424583,235_6
3,0.08897812889203749,23.811867814977184,0.8598070725762623,0.7953215289833959,0.9378737600257554,0.20399999618530273,0.08550000190734863,0.039650000631809235,0.05389999970793724,0.032600000500679016,0.39500001072883606,0.8475210666656494,0.2313999980688095,0.12300000339746475,0.05014999955892563,0.06310000270605087,0.05570000037550926,0.2805500030517578,0.6686989068984985,0.2184000015258789,0.10419999808073044,0.04259999841451645,0.06379999965429306,0.04179999977350235,0.3418000042438507,0.78206467628479,1.2152508376851263,0.5359046050482684,0.34629885162834123,0.6505182211341437,-0.04060374718454393,0.6526842771929302,1.8682384192493964,0.8625297620759007,0.44592489940626856,238_0
3,0.7504076725892403,23.714939595820688,0.7071636175776593,0.6867436511051184,0.9044048944000336,0.1473499983549118,0.06424999982118607,0.031099999323487282,0.040950000286102295,0.030750000849366188,0.22595000267028809,0.7604207396507263,0.21344999969005585,0.11670000106096268,0.03590000048279762,0.050050001591444016,0.04309999942779541,0.20649999380111694,0.6546474099159241,0.19449999928474426,0.08940000087022781,0.03280000016093254,0.05180000141263008,0.031099999323487282,0.365200012922287,0.8430482149124146,1.036264052886819,0.78531778137158,0.4214248443367371,-0.01384751628991792,-0.0104861898021823,-0.6170416338640567,0.9978786552151233,1.5846442856751042,0.7867003150433555,237_7
3,0.8368256029215395,23.69616480638259,0.6567329759455778,0.6810737582519722,0.9220599689499248,0.1386999934911728,0.06270000338554382,0.029200000688433647,0.043699998408555984,0.032499998807907104,0.24420000612735748,0.7650885581970215,0.20360000431537628,0.11129999905824661,0.043299999088048935,0.0575999990105629,0.050599999725818634,0.18150000274181366,0.5639810562133789,0.18494999408721924,0.08479999750852585,0.03804999962449074,0.0658000037074089,0.034449998289346695,0.35359999537467957,0.8224455714225769,0.9616656090447749,0.8543179980197521,0.37386506971260197,-0.32580088317528705,-0.3689316963622641,-0.5887571930858255,1.0241770920153463,1.902655033813007,0.5491676199452938,236_8
3,0.9107569508045756,23.872504096655256,0.6322178804147878,0.6483250580729235,0.9161262468919995,0.1517000049352646,0.06729999929666519,0.03290000185370445,0.049400001764297485,0.03280000016093254,0.2824000120162964,0.7918781638145447,0.20190000534057617,0.12839999794960022,0.04560000076889992,0.05829999968409538,0.05674999952316284,0.18479999899864197,0.5301179885864258,0.19089999794960022,0.10159999877214432,0.03590000048279762,0.05660000070929527,0.03920000046491623,0.23759999871253967,0.7167630195617676,0.9763420651775372,0.8863838922991553,0.39083361607639655,-0.3682382978474531,-0.7435226570599234,0.6165161399997552,1.2367714485071324,1.9479097842174766,0.5579331277583846,238_9
3,0.8607207894791173,23.68924777869487,0.9404004636078072,0.9382623197743868,0.9739997850766001,0.14319999516010284,0.06494999676942825,0.03135000169277191,0.04390000179409981,0.029249999672174454,0.29785001277923584,0.8211556077003479,0.1348000019788742,0.060600001364946365,0.02979999966919422,0.040800001472234726,0.03020000085234642,0.24070000648498535,0.7770394682884216,0.13210000097751617,0.05999999865889549,0.032099999487400055,0.04179999977350235,0.03020000085234642,0.2621999979019165,0.793433666229248,1.0179650334340098,0.3469903372238528,0.21683989153655828,0.9489906302681439,0.8988777177908652,0.9812042386840283,1.414048783095122,0.32077726349425606,0.16358418488823534,236_8
3,0.8526359519220428,23.905202772997207,0.8672839690055035,0.8460847488197324,0.9313749399611339,0.19072499871253967,0.08532500267028809,0.036016665399074554,0.056540001183748245,0.031966667622327805,0.3763999938964844,0.843441367149353,0.20419999957084656,0.11424999684095383,0.04010000079870224,0.05685000121593475,0.05139999836683273,0.23489999771118164,0.6409360766410828,0.18805000185966492,0.08105000108480453,0.035349998623132706,0.06769999861717224,0.03454999998211861,0.3375999927520752,0.8143221735954285,1.0789199683077653,0.5210761313281141,0.3558312598075394,0.764024256097577,-0.7273071088107442,-0.4285312602008471,3.4012446015285747,0.7012686951666474,0.6574090195584394,239_8
3,0.9586371554481463,23.407805600180225,0.8347467113541787,0.8313418989916188,0.8797317079566449,0.1457500010728836,0.06624999642372131,0.030750000849366188,0.04899999871850014,0.02954999916255474,0.32100000977516174,0.8314077854156494,0.21570000052452087,0.14640000462532043,0.043299999088048935,0.05249999836087227,0.05719999969005585,0.25839999318122864,0.6375158429145813,0.1881999969482422,0.09719999879598618,0.03519999980926514,0.05900000035762787,0.039000000804662704,0.3343999981880188,0.7911087274551392,1.0105548178255095,0.5831236965204208,0.4416410155190651,0.324010008869145,-0.8834232660329884,-0.2554963420010482,2.138819992067281,1.2408312293852328,0.46744778722378305,234_9
3,0.5501731957589993,23.798752411829042,0.9119417532162016,0.8371960458233246,0.9396231549070014,0.18960000574588776,0.08370000123977661,0.045499999076128006,0.05490000173449516,0.03779999911785126,0.34139999747276306,0.800632894039154,0.20270000398159027,0.11320000141859055,0.040300000458955765,0.056299999356269836,0.04450000077486038,0.2957000136375427,0.7383891940116882,0.18895000219345093,0.0835999995470047,0.035100001841783524,0.0568000003695488,0.03060000017285347,0.3472500145435333,0.838030993938446,1.3686237085124016,0.4228045818486443,0.3388312556066134,0.5759739198411318,0.3223317548240088,-0.05965173031147723,1.2984357012343946,0.9570012922979954,0.8978049874500454,237_5
3,0.0002245788210277766,23.993327502369326,0.7434520095411798,0.7556724128669644,0.9418514845013477,0.15850000083446503,0.07289999723434448,0.03959999978542328,0.05420000106096268,0.03525000065565109,0.2837499976158142,0.7789968848228455,0.2134999930858612,0.12155000120401382,0.049150001257658005,0.06350000202655792,0.05445000156760216,0.26010000705718994,0.6537911295890808,0.21674999594688416,0.1145000010728836,0.03959999978542328,0.06475000083446503,0.04089999943971634,0.35074999928474426,0.791140079498291,0.9747973448657167,0.7325790893489996,0.32563981327937025,-0.3059843735192712,-0.4691101848516126,0.41508518469526,1.0942255759096715,1.8817685506296875,0.8358123157317496,239_0
3,0.8496715114844484,23.693649523587055,0.9046903003768845,0.8570832189021436,0.9354939578587539,0.1302500069141388,0.06024999916553497,0.03909999877214432,0.050700001418590546,0.03424999862909317,0.24205000698566437,0.7520810961723328,0.19175000488758087,0.10284999758005142,0.039400000125169754,0.04969999939203262,0.04684999957680702,0.1906999945640564,0.6055567264556885,0.16425000131130219,0.07370000332593918,0.025200000032782555,0.04089999943971634,0.027149999514222145,0.2625499963760376,0.8125647306442261,1.2296322272745988,0.4401440426687311,0.3524405815337795,0.4211601172586859,0.02638609828742062,-0.2055161170600094,1.3594268352588785,1.1360722958449103,0.9706992190246634,236_8
3,0.6808780695983891,23.53473754982631,0.77776665663001,0.8631262627673589,0.8931837771560666,0.13179999589920044,0.055799998342990875,0.03660000115633011,0.04129999876022339,0.02759999968111515,0.2410999983549118,0.7945664525032043,0.17219999432563782,0.10369999706745148,0.04405000060796738,0.05530000105500221,0.05914999917149544,0.16384999454021454,0.46950671076774597,0.16944999992847443,0.08055000007152557,0.028699999675154686,0.04464999958872795,0.02800000086426735,0.30550000071525574,0.8320839405059814,0.778836064202702,0.6796915123523027,0.361124817405954,0.6308190321873669,-0.1740340886364485,-0.7267127095547017,1.965486015912623,0.8881880184739736,0.5809950609745533,235_6
3,0.8397002118307206,23.708292062718208,0.8267456908375673,0.8572467815812126,0.9498231103554797,0.16419999301433563,0.07000000029802322,0.029500000178813934,0.043800000101327896,0.02850000001490116,0.3012000024318695,0.827115535736084,0.2126999944448471,0.12700000405311584,0.04340000078082085,0.06080000102519989,0.04839999973773956,0.25999999046325684,0.686121940612793,0.195250004529953,0.09075000137090683,0.029200000688433647,0.05225000157952309,0.031599998474121094,0.3301999866962433,0.8253178596496582,0.9052709926907319,0.5974981328990986,0.2854180676355126,0.7201420565968579,-0.949825737102968,-0.5595024187638834,3.6822040435679875,0.7667892859660179,0.2561812733459554,237_8
3,0.8451799350638503,23.48155728500644,0.7002261253139412,0.7437598626264024,0.9213826770261518,0.14079999923706055,0.06790000200271606,0.033399999141693115,0.047200001776218414,0.03200000151991844,0.24459999799728394,0.7686189413070679,0.1871500015258789,0.11465000361204147,0.0357000008225441,0.052299998700618744,0.04405000060796738,0.19325000047683716,0.6287400126457214,0.18039999902248383,0.08479999750852585,0.03200000151991844,0.0560000017285347,0.03229999914765358,0.3084999918937683,0.81044602394104,0.9208088304004275,0.795082142252702,0.36329847596251413,0.3186822817784353,-0.009310650351453745,-0.6451710543983926,1.267678425809618,1.2464573660808702,0.7354369347774146,234_8
3,0.9389640507259287,23.98838676830667,0.7140588001450364,0.7527925646555073,0.934042187719182,0.1701499968767166,0.07355000078678131,0.03465000167489052,0.04854999855160713,0.03229999914765358,0.2913999855518341,0.8004325032234192,0.22030000388622284,0.11940000206232071,0.040300000458955765,0.05420000106096268,0.0406000018119812,0.27320000529289246,0.7412364482879639,0.2168000042438507,0.10570000112056732,0.035599999129772186,0.05909999832510948,0.0414000004529953,0.35280001163482666,0.7899543642997742,0.9264807991760732,0.7755175502722135,0.3354609928484356,-0.15939780076540846,-0.6463766750448632,0.44504557531478034,1.313566791243392,1.7308769512573658,0.6798335993591818,239_9
3,0.11925135396686493,23.919396154486293,0.6258480177011737,0.5866367753448865,0.8430063352737044,0.18080000579357147,0.08410000056028366,0.03959999978542328,0.05490000173449516,0.03629999980330467,0.28459998965263367,0.7737612724304199,0.3030500113964081,0.21330000460147858,0.06515000015497208,0.07729999721050262,0.08420000225305557,0.2512499988079071,0.4979877769947052,0.23019999265670776,0.11275000125169754,0.03750000149011612,0.06305000185966492,0.03590000048279762,0.38989999890327454,0.8313762545585632,1.055130656785869,0.8945779887363323,0.5325501071759928,0.21626227027370815,-0.35959811180022194,0.24416073128001115,1.4330400300698523,1.3528118161216067,0.8729069355304407,239_1
3,0.8840769868662264,23.378430690389514,0.8647569854022076,0.8917635396790133,0.9306988551559667,0.12049999833106995,0.05770000070333481,0.026100000366568565,0.03869999945163727,0.02539999969303608,0.2468000054359436,0.8133725523948669,0.12919999659061432,0.0697999969124794,0.027499999850988388,0.03610000014305115,0.03020000085234642,0.17640000581741333,0.7076476216316223,0.14550000429153442,0.06345000118017197,0.025699999183416367,0.03914999961853027,0.023250000551342964,0.26135000586509705,0.8366127610206604,0.8924954497105683,0.5261300660704887,0.3222295490577742,0.9713990992971135,0.8759848285831138,0.8050097306966402,2.099427696089213,0.2397427180546957,0.44187172621032966,233_8
3,0.884615976036697,23.569232856736505,0.7589535277370177,0.7822377331286984,0.8879633940809738,0.16449999809265137,0.07020000368356705,0.03180000185966492,0.04659999907016754,0.02889999933540821,0.34369999170303345,0.84487384557724,0.21170000731945038,0.1481499969959259,0.03674999997019768,0.04820000007748604,0.050200000405311584,0.21934999525547028,0.6275273561477661,0.17964999377727509,0.08070000261068344,0.029899999499320984,0.04625000059604645,0.03265000134706497,0.31200000643730164,0.8105323910713196,0.9484618760542605,0.7090918473691965,0.42877768093263513,0.9218732888953999,-0.7000043266679987,-0.43680007826225176,5.896324081939547,0.39790890890090036,0.4694949648468674,235_8
3,0.5863753017090172,23.943740498685933,0.7908126458326958,0.783690661193954,0.9339857558703725,0.17125000059604645,0.07680000364780426,0.03779999911785126,0.053700000047683716,0.03424999862909317,0.3032500147819519,0.7970370650291443,0.21404999494552612,0.12255000323057175,0.053950000554323196,0.06755000352859497,0.05469999834895134,0.25119999051094055,0.6423667669296265,0.22139999270439148,0.10249999910593033,0.039799999445676804,0.06639999896287918,0.03669999912381172,0.3384000062942505,0.8043188452720642,1.0175358783408837,0.6586607397101588,0.34963570337013805,0.14367931545827692,-0.5615559068532212,0.3522944270452594,1.5190200148161883,1.4266180152358714,0.7023054936793999,239_5
3,0.024748586077491197,23.492516731472698,0.9718868204507155,0.9299790529800964,0.9634826185356505,0.16089999675750732,0.06650000065565109,0.02250000089406967,0.03779999911785126,0.026499999687075615,0.33160001039505005,0.851996660232544,0.20000000298023224,0.10029999911785126,0.03929999843239784,0.04740000143647194,0.046300001442432404,0.20200000703334808,0.627064049243927,0.1835000067949295,0.08089999854564667,0.0333000011742115,0.04619999974966049,0.027300000190734863,0.3635999858379364,0.8603223562240601,1.583811851370587,0.23768004220173033,0.26638025838986834,0.8162978264991891,-0.40942367433942783,-0.7198318875171229,3.235695584522656,0.6158238776872048,0.6218498717636594,234_0
3,0.5729904039756359,23.94580662383941,0.8380302972225068,0.7909390678562249,0.9005910126247542,0.1662999987602234,0.0729999989271164,0.03530000150203705,0.04919999837875366,0.03269999846816063,0.26460000872612,0.7800201773643494,0.2706499993801117,0.1868000030517578,0.05364999920129776,0.066600002348423,0.06755000352859497,0.22709999978542328,0.5414898991584778,0.23960000276565552,0.11514999717473984,0.037700001150369644,0.06419999897480011,0.03754999861121178,0.4020000100135803,0.8291434645652771,1.1409050533189755,0.5771331785808955,0.42956956026327237,-0.5097397024706203,-0.9106870172998094,0.21893555822781252,1.2897222426580002,2.105678534029004,0.2989455288180314,239_5
3,0.23172042753862954,23.988835925948734,0.8624400442204158,0.7261521646437405,0.9146947139634137,0.16124999523162842,0.07259999960660934,0.030050000175833702,0.043949998915195465,0.027550000697374344,0.25635001063346863,0.8059175610542297,0.21140000224113464,0.10610000044107437,0.0333000011742115,0.04580000042915344,0.04010000079870224,0.2046000063419342,0.6722517609596252,0.20589999854564667,0.09395000338554382,0.03844999894499779,0.05505000054836273,0.03480000048875809,0.31804999709129333,0.8027490377426147,1.4283985241849357,0.5307255687888842,0.3846821864538326,-0.09463729779320099,0.1792690765026865,-0.4101654458111644,0.8348783448823158,1.6655754623639654,0.9010323151139851,239_2
3,0.19938107731032595,23.984344349528136,0.6554688540961311,0.5637570719923917,0.87700922790025,0.17499999701976776,0.08460000157356262,0.03840000182390213,0.05000000074505806,0.03449999913573265,0.2500999867916107,0.7575544714927673,0.24639999866485596,0.14740000665187836,0.054999999701976776,0.06755000352859497,0.07114999741315842,0.2150000035762787,0.502708375453949,0.226500004529953,0.11124999821186066,0.04064999893307686,0.06199999898672104,0.040950000286102295,0.3696500062942505,0.8005357980728149,1.135369852219937,0.855993057353069,0.48024887425024354,-0.7367439173802983,-0.4610708276536919,0.22486598984522838,0.8545081286310454,2.399038500651844,0.8709627142414543,239_1
3,0.08448655247143932,23.754285805265127,0.6825423183139718,0.7725232436996329,0.9075308396601964,0.1770000010728836,0.07532499730587006,0.03610000014305115,0.05118333175778389,0.03386666625738144,0.36846667528152466,0.8316487073898315,0.19276666641235352,0.1109749972820282,0.042399998754262924,0.056433334946632385,0.055799998342990875,0.21753333508968353,0.5917073488235474,0.217849999666214,0.11855000257492065,0.040150001645088196,0.057999998331069946,0.044349998235702515,0.337799996137619,0.7678921818733215,0.8394631530475237,0.8195607212045406,0.36401564843185613,0.22266489474589338,-0.8630851811194721,0.026887135694926415,1.9403116988117641,1.3462491860399892,0.45231698798434944,237_0
3,0.9225248810265416,23.85516661167175,0.6882968986730773,0.6902470006730033,0.965888152384534,0.1670999974012375,0.07270000129938126,0.03830000013113022,0.05389999970793724,0.03550000116229057,0.30219998955726624,0.7897542119026184,0.23280000686645508,0.15410000085830688,0.04430000111460686,0.05950000137090683,0.05640000104904175,0.24140000343322754,0.6212223172187805,0.21809999644756317,0.12020000070333481,0.046300001442432404,0.0723000019788742,0.05530000105500221,0.2759999930858612,0.6661635637283325,0.9966837677907654,0.8116576126304255,0.25657610022454147,-0.502305692524834,-0.881525140509706,0.8060409283571327,1.2636165505867816,2.097059539313791,0.21549850068076404,238_9
3,0.6568032199839866,23.934757345844737,0.8497320936362425,0.9197162365464089,0.9321528200566399,0.179749995470047,0.07864999771118164,0.03554999828338623,0.04634999856352806,0.031050000339746475,0.28029999136924744,0.8005459904670715,0.20649999380111694,0.11810000240802765,0.049800001084804535,0.057999998331069946,0.05249999836087227,0.2621999979019165,0.666348934173584,0.2240999937057495,0.1193000003695488,0.046300001442432404,0.06120000034570694,0.04859999939799309,0.2492000013589859,0.6736064553260803,0.726499502559066,0.5553193954373268,0.269223165719113,-0.7798421949563084,-0.7595363190188125,0.9321346539231496,0.9870949287691214,2.4652100100922283,0.35834304814581525,239_6
3,0.864224219087184,23.807376238556586,0.7939965025133768,0.7276892239565389,0.9370473189488385,0.15315000712871552,0.06684000045061111,0.03465000167489052,0.050200000405311584,0.03272499889135361,0.2854999899864197,0.7943279147148132,0.18219999969005585,0.10649999976158142,0.039900001138448715,0.05299999937415123,0.0430000014603138,0.23919999599456787,0.6952515840530396,0.18125000596046448,0.07810000330209732,0.03319999948143959,0.05090000107884407,0.030799999833106995,0.33219999074935913,0.8303030133247375,1.1567212525439936,0.6534412314772576,0.34816859155403684,0.6849346519384741,-0.5537596475334204,-0.9311221244819051,2.643287623859549,0.8162823210739707,0.34600671181206394,238_8
3,0.7399872152934552,23.709819198701204,0.942966233937469,0.9107555453858652,0.9738025593031162,0.16189999878406525,0.06710000336170197,0.02850000001490116,0.043800000101327896,0.028599999845027924,0.3001999855041504,0.8260340690612793,0.1534000039100647,0.07090000063180923,0.029400000348687172,0.04019999876618385,0.032600000500679016,0.20440000295639038,0.7248945236206055,0.15299999713897705,0.06800000369548798,0.026599999517202377,0.04010000079870224,0.02879999950528145,0.2696000039577484,0.8069705367088318,1.2543611496046732,0.3393650174504033,0.22627410574306892,0.959356045054417,0.6660171666931611,0.842688929452027,2.9429710156483964,0.2860849537892395,0.1875303978873029,237_7
3,0.031665613765211376,23.768299523697387,0.624271411063766,0.6338755645545492,0.9326760094785064,0.17579999566078186,0.07845000177621841,0.03864999860525131,0.04924999922513962,0.03073333390057087,0.2865999937057495,0.8063024878501892,0.20360000431537628,0.11877500265836716,0.039000000804662704,0.057999998331069946,0.04634999856352806,0.21780000627040863,0.6490630507469177,0.21674999594688416,0.10284999758005142,0.03689999878406525,0.07180000096559525,0.03815000131726265,0.3431999981403351,0.7999213337898254,0.9862198056155265,0.8965977863343125,0.3546084248032296,-0.2401852745251281,-0.8007704519404272,-0.01718277142426869,1.3783177818701071,1.813353034933108,0.5587327687020848,237_0
3,0.9680694659314018,23.132651628654415,0.9003361213953586,0.8927896434710514,0.9734567633393301,0.17569999396800995,0.0754999965429306,0.03319999948143959,0.04839999973773956,0.02810000069439411,0.30889999866485596,0.833234429359436,0.21610000729560852,0.13030000030994415,0.03400000184774399,0.05209999904036522,0.04309999942779541,0.21279999613761902,0.6631496548652649,0.18799999356269836,0.08259999752044678,0.031099999323487282,0.05000000074505806,0.02930000051856041,0.3239000141620636,0.8340883255004883,1.0378471966774125,0.45025508150719074,0.22576589592198223,0.9404207375451112,-0.555232146304961,-0.4235708664757051,6.224408207639002,0.3469307151913147,0.7795230397238603,231_9
3,0.10469864636412929,23.706764926735204,0.884449528580156,0.8400550778609531,0.9754402143557892,0.18234999477863312,0.07676666975021362,0.0340999998152256,0.05025000125169754,0.02785000018775463,0.3750999867916107,0.861769437789917,0.22313334047794342,0.11980000138282776,0.04852500185370445,0.06993333250284195,0.054249998182058334,0.3407999873161316,0.7253512144088745,0.22360000014305115,0.10450000315904617,0.039799999445676804,0.07180000096559525,0.03830000013113022,0.373199999332428,0.8138517737388611,1.1811149628629798,0.48548329724909284,0.2148386976802214,0.3657072430365257,-0.1788378425893983,0.7636528876318348,1.463219620064415,1.196403757082301,0.4178123057394556,237_1
3,0.8845261445082855,23.568693867566033,0.9064562997610861,0.855272843718908,0.9165296591187756,0.14480000734329224,0.0608999989926815,0.03009999915957451,0.04529999941587448,0.02850000001490116,0.31679999828338623,0.8349261283874512,0.19179999828338623,0.12060000002384186,0.03530000150203705,0.043699998408555984,0.04500000178813934,0.15940000116825104,0.5596868991851807,0.1574999988079071,0.07039999961853027,0.023499999195337296,0.03880000114440918,0.027000000700354576,0.26330000162124634,0.8139855265617371,1.2494110050790577,0.4359807694354967,0.3957441069375381,0.8524202740965827,-0.4125590625478294,0.04467561881725726,3.627880802737363,0.550199413735727,0.5051363465176112,235_8
3,0.9060857113271545,23.78770313383437,0.7755436663596543,0.6816966541570605,0.9265163859580818,0.1623000055551529,0.07199999690055847,0.043299999088048935,0.05889999866485596,0.038600001484155655,0.30720001459121704,0.7767495512962341,0.2142000049352646,0.11559999734163284,0.04390000179409981,0.06279999762773514,0.0502999983727932,0.2590000033378601,0.6747494339942932,0.19179999828338623,0.09059999883174896,0.03819999843835831,0.051600001752376556,0.03750000149011612,0.3208000063896179,0.7906782031059265,1.2012479254370496,0.6832204930569549,0.3716970981868406,0.28359594401422533,-0.08483776690463929,-0.3596846948144116,1.2902634215031172,1.2832543853894247,0.9329021524237066,237_9
3,0.15599244908735344,23.90187900644596,0.8274185440462155,0.7896977753063064,0.9432833163715314,0.17835000157356262,0.07890000194311142,0.0357000008225441,0.04845000058412552,0.0320499986410141,0.31459999084472656,0.8150872588157654,0.20045000314712524,0.10014999657869339,0.035999998450279236,0.0544000007212162,0.03844999894499779,0.26350000500679016,0.7453221082687378,0.2089499980211258,0.096950002014637,0.039900001138448715,0.060499999672174454,0.03545000031590462,0.36320000886917114,0.8221497535705566,1.107628612130037,0.5963010574215014,0.3315837174269076,0.36296886232968906,-0.2852711137886885,0.020209821216099436,1.5509188565790724,1.199344248739463,0.9492003871294215,239_1
3,0.9404911867089325,23.615855419982303,0.8688984201356323,0.8872350058483109,0.9149672995081742,0.13130000233650208,0.0551999993622303,0.028200000524520874,0.038600001484155655,0.02669999934732914,0.23759999871253967,0.7979568839073181,0.1590999960899353,0.10050000250339508,0.033799998462200165,0.044599998742341995,0.0421999990940094,0.15049999952316284,0.5620135068893433,0.1712999939918518,0.08290000259876251,0.028149999678134918,0.039799999445676804,0.033149998635053635,0.24140000343322754,0.7585139274597168,0.9259516548035507,0.5178238289220365,0.3579436458187501,0.8815091996908859,0.35542768906545386,0.48979574174298973,2.455376564829317,0.4917472741981629,0.8567177513821099,236_9
3,0.665337215183122,23.984793507170195,0.6618176357509555,0.7110905636063142,0.8846376952879891,0.17550000548362732,0.0812000036239624,0.04170000180602074,0.05790000036358833,0.042100001126527786,0.32820001244544983,0.7726168036460876,0.23330000042915344,0.15160000324249268,0.043549999594688416,0.05855000019073486,0.052299998700618744,0.23819999396800995,0.6399311423301697,0.22920000553131104,0.1143999993801117,0.0430000014603138,0.06159999966621399,0.0421999990940094,0.3619999885559082,0.7911924719810486,0.9199966288328896,0.8475555551782814,0.43512787466716335,0.5427814073268855,-0.2805510050403518,0.40342304956467107,1.860651412350708,0.9970510517739618,0.6953510734275826,239_6
3,0.007141606508749732,23.69948857293383,0.8451616852773479,0.78063645434925,0.9248429335950255,0.17560000717639923,0.07569999992847443,0.03504500165581703,0.053199999034404755,0.03162499889731407,0.38589999079704285,0.8485120534896851,0.22519999742507935,0.14499999582767487,0.04722083359956741,0.05882500112056732,0.05545999854803085,0.27535000443458557,0.6647018194198608,0.19059999287128448,0.08709999918937683,0.03550000116229057,0.05999999865889549,0.03440000116825104,0.31690001487731934,0.8041560053825378,1.197159778609621,0.5639287399238896,0.3803445943051828,0.7642743150439998,-0.5016346444488569,-0.3048795155854552,2.9909265146633217,0.7008810305650469,0.8564711619171628,236_0
3,0.09679347186387766,23.77198261636228,0.8301273900952828,0.7394360545976387,0.9319187071603635,0.1960333287715912,0.08247999846935272,0.03646666556596756,0.0538666658103466,0.03268333151936531,0.3724166750907898,0.8386406898498535,0.2289399951696396,0.1311500072479248,0.04764999821782112,0.06589999794960022,0.05414000153541565,0.2983799874782562,0.6928400993347168,0.22714999318122864,0.11005000025033951,0.04064999893307686,0.06520000100135803,0.04024999961256981,0.35304999351501465,0.7953216433525085,1.248712961791549,0.5914602090909062,0.3574503195587622,0.583116724115291,-0.11464944493131574,0.6944458809148967,1.7777196047310004,0.9482363994945194,0.32965789557773906,237_0
3,0.50597608378032,23.85040554066591,0.8530479424927657,0.8914111556478517,0.9544286008353631,0.17569999396800995,0.08219999819993973,0.045899998396635056,0.05739999935030937,0.039400000125169754,0.26179999113082886,0.7383797764778137,0.1867000013589859,0.12389999628067017,0.04349999874830246,0.052400000393390656,0.05034999921917915,0.19089999794960022,0.5825906991958618,0.18410000205039978,0.08699999749660492,0.03135000169277191,0.04690000042319298,0.027650000527501106,0.26019999384880066,0.8078860640525818,0.8567372375082783,0.5489977779240323,0.2591492058080733,-0.5031242064289756,0.2843881657636461,-0.47473970567383506,0.6112603592724536,2.0980063978277648,0.8785476731439166,238_5
3,0.07208980155058953,23.721766791979995,0.8798316414841186,0.8135160947324404,0.9344428451423692,0.19413749873638153,0.08895000070333481,0.039400000125169754,0.06397999823093414,0.03545000031590462,0.3485666811466217,0.8153725862503052,0.21825000643730164,0.11010000109672546,0.04520000144839287,0.07055000215768814,0.0492333322763443,0.30959999561309814,0.7255921959877014,0.20059999823570251,0.09319999814033508,0.03739999979734421,0.06239999830722809,0.035999998450279236,0.33559998869895935,0.8062433004379272,1.253054363348221,0.49528846865401344,0.35564925623771015,0.9754519764376284,0.5798418301863189,0.5764295078786189,4.288847908044604,0.22203207198845973,0.8132456737392116,237_0
3,0.9287232564869665,23.937811617810745,0.5982704282104849,0.7278225329890419,0.8540866018319337,0.15520000457763672,0.06755000352859497,0.03420000150799751,0.04884999990463257,0.03034999966621399,0.2728999853134155,0.7998350858688354,0.20569999516010284,0.12049999833106995,0.041200000792741776,0.0544000007212162,0.04919999837875366,0.2264000028371811,0.6429608464241028,0.20624999701976776,0.10639999806880951,0.038600001484155655,0.06069999933242798,0.04035000130534172,0.29589998722076416,0.7599999904632568,0.813008302802141,0.9294554344686131,0.444184492782853,-0.6985501775649219,-0.7887626910003737,0.23044054068555314,1.0577707299861505,2.3441656804847746,0.4209233215174355,239_9
3,0.7276802959010169,23.921282616582943,0.7605258053973564,0.9357552290316283,0.867095382265804,0.16830000281333923,0.0778999999165535,0.031700000166893005,0.04500000178813934,0.03099999949336052,0.2563999891281128,0.7842727899551392,0.19020000100135803,0.10450000315904617,0.04340000078082085,0.05620000138878822,0.04569999873638153,0.2337999939918518,0.6729874610900879,0.17364999651908875,0.08015000075101852,0.03500000014901161,0.053599998354911804,0.031449999660253525,0.32440000772476196,0.8232401609420776,0.5099972989448095,0.7066738015087415,0.258960933242146,0.4594516426036164,-0.594600976235375,-0.9204586515620092,2.018957412932779,1.0934186055341184,0.3396891876230187,239_7
3,0.964566036323335,23.900890859633428,0.8884485914313555,0.9103258035940098,0.9545868204063708,0.162650004029274,0.06949999928474426,0.03375000134110451,0.051600001752376556,0.032349999994039536,0.2903999984264374,0.7995352149009705,0.20569999516010284,0.11620000004768372,0.03750000149011612,0.05530000105500221,0.04399999976158142,0.2556000053882599,0.7062750458717346,0.1996999979019165,0.09309999644756317,0.03355000168085098,0.06239999830722809,0.03669999912381172,0.33160001039505005,0.8007059693336487,0.8948988899097063,0.4768424457310336,0.26530007992699783,0.1917655589011511,-0.888909971150402,-0.1068843166771539,1.934742085858467,1.3778355493809962,0.4534783119292902,239_9
3,0.961242269772093,23.52683237532606,0.9179045861312917,0.9510586889583915,0.9557905447007417,0.1396999955177307,0.06360000371932983,0.030300000682473183,0.045899998396635056,0.02930000051856041,0.3118000030517578,0.8282028436660767,0.17069999873638153,0.09794999659061432,0.029400000348687172,0.04365000128746033,0.03415000066161156,0.243149995803833,0.7536963224411011,0.1712000072002411,0.0786999985575676,0.02539999969303608,0.042500000447034836,0.03060000017285347,0.3188000023365021,0.8248425722122192,0.7699257006884414,0.4080292866130759,0.2278921406780704,0.8626197920295309,0.5675824094860692,0.7221401643644589,1.8236876859404587,0.5303703402059762,0.683038089765729,235_9
3,0.5777514749814685,23.80441179811899,0.8856281531324791,0.8256972194026458,0.9122688407336308,0.20319999754428864,0.09719999879598618,0.043800000101327896,0.062300000339746475,0.03849999979138374,0.3580000102519989,0.80580073595047,0.25049999356269836,0.14589999616146088,0.04600000008940697,0.06610000133514404,0.052400000393390656,0.3086000084877014,0.7096952795982361,0.23430000245571136,0.10809999704360962,0.0406000018119812,0.07419999688863754,0.03840000182390213,0.36959999799728394,0.8117647171020508,1.2410342966342292,0.48295142878743375,0.4078014007842185,0.8901994927883363,0.5778245773172324,0.7041489471253832,2.0184110956977177,0.47301344821362834,0.7018558847171547,238_5
3,0.8801243996161006,23.881756744081684,0.6329371111959572,0.7614515102212042,0.9565441878223574,0.1559000015258789,0.06901666522026062,0.03334999829530716,0.049150001257658005,0.03187499940395355,0.25760000944137573,0.7797737121582031,0.22910000383853912,0.12304999679327011,0.045049998909235,0.06134999915957451,0.04960000142455101,0.2206999957561493,0.633000373840332,0.22360000014305115,0.11670000106096268,0.03959999978542328,0.06300000101327896,0.04039999842643738,0.32440000772476196,0.7785087823867798,0.7964794709702292,0.885455249846684,0.2107415194647361,-0.7781583837711664,-0.7847894369523061,0.4290348091371812,1.0043159083746651,2.4625246021874543,0.5481349961435489,238_8
3,0.10011723841511966,23.788242123004842,0.8158046099738946,0.7545314473878898,0.9112727786801897,0.17890000343322754,0.07970000058412552,0.03869999945163727,0.053300000727176666,0.03420000150799751,0.3206000030040741,0.8072153329849243,0.2160000056028366,0.13279999792575836,0.05079999938607216,0.06199999898672104,0.05889999866485596,0.2734000086784363,0.6455010771751404,0.20080000162124634,0.09179999679327011,0.03519999980926514,0.059700001031160355,0.03400000184774399,0.36039999127388,0.8275861740112305,1.1608284574866068,0.6166772237849804,0.4113548545434615,0.7279794133015229,-0.4822020622308381,-0.20184059591141051,2.745420966343658,0.7554261908335037,0.848603235388827,237_1
3,0.7955030998520414,23.780247116976177,0.8280634594596673,0.8021527115602332,0.9365611869329531,0.186039999127388,0.08105000108480453,0.033560000360012054,0.05305999889969826,0.03372222185134888,0.32249999046325684,0.8106675148010254,0.23364999890327454,0.1298000067472458,0.04868333414196968,0.07292500138282776,0.05282500013709068,0.2989499866962433,0.6996659636497498,0.22664999961853027,0.10719999670982361,0.04774999991059303,0.07734999805688858,0.04605000093579292,0.3763999938964844,0.7819859981536865,1.075195826591895,0.5951517012006867,0.3472729555534815,0.05499568277129504,-0.41962767976755894,0.8603403420576891,1.3219865905769335,1.5157728835866462,0.2027746805406054,237_7
3,0.7652298747772139,23.71116667162739,0.8088765741032676,0.8353244935664146,0.9152809270855369,0.15070000290870667,0.06319999694824219,0.027300000190734863,0.039799999445676804,0.02449999935925007,0.27059999108314514,0.8339545726776123,0.17434999346733093,0.09925000369548798,0.03734999895095825,0.04699999839067459,0.0471000000834465,0.14910000562667847,0.5198776721954346,0.17945000529289246,0.07829999923706055,0.030150000005960464,0.04724999889731407,0.028750000521540642,0.351749986410141,0.8488830327987671,0.9260467978937975,0.6285573886920074,0.3690114045781716,0.7356494810615601,-0.11587977332469773,-0.6872713244469739,2.266866523180734,0.7441713060327009,0.44344847490251116,237_7
3,0.5878126061636078,23.894872147229826,0.9352452611533644,0.9586305390778483,0.9598503494574662,0.15815000236034393,0.06780000030994415,0.04035000130534172,0.05624999850988388,0.0333000011742115,0.3012000024318695,0.8008968830108643,0.18250000476837158,0.09350000321865082,0.0430000014603138,0.05790000036358833,0.039400000125169754,0.29100000858306885,0.7615011930465698,0.16349999606609344,0.07360000163316727,0.031449999660253525,0.052299998700618744,0.030500000342726707,0.32339999079704285,0.8276349306106567,0.797702528702551,0.3618450678679353,0.22148959565732074,0.6482804829446919,0.46908099175564444,-0.20286543426565293,1.2508156263784864,0.8654724249236259,0.5802050440877647,238_5
3,0.6195231356930275,23.0641101724761,0.7647426945038293,0.874484212013804,0.9436223539847524,0.1378999948501587,0.06360000371932983,0.03020000085234642,0.042399998754262924,0.029400000348687172,0.23839999735355377,0.780433177947998,0.13359999656677246,0.06279999762773514,0.028999999165534973,0.041200000792741776,0.02889999933540821,0.21369999647140503,0.7617477178573608,0.16189999878406525,0.0812000036239624,0.0284000001847744,0.040300000458955765,0.02800000086426735,0.21860000491142273,0.7729116082191467,0.7233045672353914,0.7001544255355534,0.23086507714314153,0.9178563883217788,0.988847779846815,0.9368033876628987,0.3662515923743396,0.4081507354480784,0.12951483795515012,230_6
3,0.9943901037561034,23.87421089569508,0.726132226374353,0.8014199905664295,0.9079254350018575,0.16165000200271606,0.06965000182390213,0.0320499986410141,0.04724999889731407,0.03240000084042549,0.28349998593330383,0.7948718070983887,0.2092999964952469,0.11949999630451202,0.03819999843835831,0.05310000106692314,0.04450000077486038,0.2425999939441681,0.6900034546852112,0.21539999544620514,0.11174999922513962,0.034949999302625656,0.05559999868273735,0.0406000018119812,0.30970001220703125,0.7681986689567566,0.8456887689457764,0.7581166184451031,0.3645948631714972,-0.3669965610296272,-0.7141826661651948,0.36581957469018755,1.2155979583081578,1.946574550328776,0.6910220974312355,238_9
3,0.621140103204441,23.037969197708215,0.9217309629085666,0.9245372071576292,0.9442571015997901,0.15049999952316284,0.06480000168085098,0.028200000524520874,0.04280000180006027,0.025599999353289604,0.2955999970436096,0.8405977487564087,0.20180000364780426,0.11794999986886978,0.04284999892115593,0.05480000004172325,0.052549999207258224,0.23845000565052032,0.638831615447998,0.17714999616146088,0.08100000023841858,0.028750000521540642,0.04774999991059303,0.02914999984204769,0.3267500102519989,0.8361899256706238,0.9816731750086861,0.3982760495231105,0.2980903422348802,0.8918014101272953,-0.869736298557515,-0.9008794845600949,5.592221498886476,0.46948499173700364,0.40856018007098704,230_6
3,0.7890352298063803,23.649542243136786,0.9128418096077265,0.9115565537224983,0.9472610484152653,0.14480000734329224,0.06279999762773514,0.035599999129772186,0.04690000042319298,0.03290000185370445,0.2655999958515167,0.7795644998550415,0.17720000445842743,0.09549999982118607,0.032999999821186066,0.04179999977350235,0.03689999878406525,0.21140000224113464,0.7027789354324341,0.17599999904632568,0.08590000122785568,0.028300000354647636,0.04490000009536743,0.03150000050663948,0.289900004863739,0.8039825558662415,1.0074576409524703,0.4206056576787452,0.2992109627083116,0.6063887765563193,0.4335317678962804,0.48798758414541077,1.2209356997820204,0.9192851010374835,0.855519790663628,236_7
3,0.1270666969387051,23.77027581732245,0.8655028711785503,0.7959080032064088,0.9550629927477396,0.15330000221729279,0.06599999964237213,0.03144000098109245,0.046228572726249695,0.030687499791383743,0.27213332056999207,0.7973223924636841,0.20793333649635315,0.11535000056028366,0.047974999994039536,0.06350000202655792,0.05180000141263008,0.25472500920295715,0.6620177626609802,0.20360000431537628,0.09740000218153,0.03440000116825104,0.05260000005364418,0.03319999948143959,0.3619999885559082,0.8319838047027588,1.2394915279014198,0.5246428968683112,0.28999635189578604,0.13699878687955616,-0.931372508965838,-0.4379174513770563,1.9317902006475998,1.433365332037538,0.18548432549818816,237_1
3,0.9644762047949236,23.722485444207294,0.7611020323564667,0.6528557980169398,0.8918206753650042,0.1270499974489212,0.057750001549720764,0.0320499986410141,0.04280000180006027,0.03175000101327896,0.2381500005722046,0.7647276520729065,0.22349999845027924,0.14014999568462372,0.04764999821782112,0.06194999814033508,0.07164999842643738,0.19259999692440033,0.45771050453186035,0.19499999284744263,0.08924999833106995,0.02824999950826168,0.04500000178813934,0.02655000053346157,0.35580000281333923,0.8611220121383667,1.2177175516351837,0.70578589147587,0.45062195044368897,0.24067260508122212,-0.5492022324165694,-0.8260882233380178,1.6209571122307205,1.3277375611112476,0.4327352839203707,237_9
3,0.7328006930204989,23.801627020738223,0.7653210783833327,0.8851290455375973,0.9493192159109538,0.1597999930381775,0.06994999945163727,0.035599999129772186,0.052299998700618744,0.03164999932050705,0.2752000093460083,0.7937102913856506,0.17184999585151672,0.08560000360012054,0.036400001496076584,0.05544999986886978,0.03824999928474426,0.271450012922287,0.7529867887496948,0.17309999465942383,0.07959999889135361,0.0364999994635582,0.05700000002980232,0.0357000008225441,0.2953999936580658,0.7843551635742188,0.692199806419603,0.6992563031660677,0.19514114418250328,0.7716409028208068,0.8054952721077581,0.7389005333514346,0.9200819991779561,0.6893793978079177,0.5631520373286382,238_7
3,0.7100733163322737,23.94095572130516,0.6650811357711323,0.8480654450326015,0.9243570286233918,0.19419999420642853,0.0925000011920929,0.035999998450279236,0.0568000003695488,0.03310000151395798,0.36800000071525574,0.8349538445472717,0.23430000245571136,0.13420000672340393,0.05415000021457672,0.06830000132322311,0.05844999849796295,0.24539999663829803,0.6152706742286682,0.24799999594688416,0.14569999277591705,0.050700001418590546,0.06909999996423721,0.06705000251531601,0.2806999981403351,0.6143781542778015,0.6623300335419048,0.8431938652671525,0.21901798246007084,-0.18228679722965352,-0.3064782842421095,0.9633871849589866,1.0730738022968818,1.7541080434151286,0.23274605222546849,239_7
3,0.8688954585646051,23.46916053408559,0.5790565132358966,0.6619741297856485,0.8136670526714579,0.14489999413490295,0.06780000030994415,0.032099999487400055,0.05139999836683273,0.036400001496076584,0.33869999647140503,0.8059183955192566,0.21230000257492065,0.15559999644756317,0.045099999755620956,0.052799999713897705,0.06509999930858612,0.1887499988079071,0.48709869384765625,0.2053000032901764,0.09969999641180038,0.03824999928474426,0.05979999899864197,0.034949999302625656,0.3623499870300293,0.8240624070167542,0.8889259795279238,0.9532253567344718,0.5321356042833356,0.25617977067709224,-0.8061480152488311,-0.4849915400217122,1.9122933853431718,1.311728320828464,0.5168477494287237,234_8
3,0.021604482583073903,23.69832076306448,0.837175142615866,0.8172643455826367,0.9485036616059156,0.1770399957895279,0.07893333584070206,0.034299999475479126,0.04996666684746742,0.030614284798502922,0.3228999972343445,0.8268002867698669,0.2393999993801117,0.12714999914169312,0.0517750009894371,0.07145000249147415,0.05570000037550926,0.314300000667572,0.6989189386367798,0.24050000309944153,0.11590000241994858,0.04255000129342079,0.07429999858140945,0.04560000076889992,0.3510499894618988,0.7700743675231934,1.0612582330205858,0.5786985947257413,0.31391304097713507,-0.20239356001193032,-0.5730829655230499,0.8659587994291778,1.2290442963207129,1.77459777636964,0.29171236640052006,236_0
3,0.07092199168123514,23.37861035344634,0.8591483717926484,0.8837878459487015,0.9517665069818322,0.14219999313354492,0.06700000166893005,0.028599999845027924,0.04100000113248825,0.02824999950826168,0.2517000138759613,0.7981782555580139,0.1748500019311905,0.08974999934434891,0.034049998968839645,0.042649999260902405,0.04360000044107437,0.24549999833106995,0.6983742713928223,0.16750000417232513,0.07339999824762344,0.03700000047683716,0.05169999971985817,0.03280000016093254,0.32280001044273376,0.815523087978363,0.9063766474032549,0.5371932117471756,0.27832711776820407,0.5340505187807093,0.5941353239471328,-0.19285602298294,0.9277297304714006,1.0074120234532038,0.5318833714037782,233_0
3,0.05789642006150153,23.85588526389904,0.6017619752613411,0.7364696798217822,0.9098487949729799,0.17059999704360962,0.07410000264644623,0.03790000081062317,0.048700001090765,0.032600000500679016,0.26759999990463257,0.7828114628791809,0.20395000278949738,0.12530000507831573,0.05245000123977661,0.07114999741315842,0.05795000120997429,0.23829999566078186,0.608776330947876,0.23330000042915344,0.12120000272989273,0.04580000042915344,0.07440000027418137,0.04699999839067459,0.37599998712539673,0.7777777910232544,0.8031206630644703,0.9250909250503174,0.34088289513077696,-0.6806276907593096,-0.7007989711854259,0.5801021178229268,1.0120279602533162,2.319415385132748,0.6993352035785161,238_0
3,0.9604337860163845,23.533390076900133,0.7714964776951935,0.9127924047785128,0.8496164751350331,0.13809999823570251,0.06019999831914902,0.027300000190734863,0.03999999910593033,0.02969999983906746,0.25,0.7876296043395996,0.18629999458789825,0.11999999731779099,0.028699999675154686,0.043299999088048935,0.04600000008940697,0.16189999878406525,0.5574795603752136,0.17599999904632568,0.08079999685287476,0.023800000548362732,0.04500000178813934,0.025200000032782555,0.352400004863739,0.866525411605835,0.6100967462285903,0.6896064292176984,0.33850067843958287,0.6494374416673746,0.23167547763994423,-0.2343084671029384,1.5475359395332036,0.8639519283384796,0.8308394592786968,235_9
3,0.7370227748558609,23.853100486518272,0.9132628215480958,0.8782680974593363,0.9663590913558959,0.19380000233650208,0.08799999952316284,0.03739999979734421,0.057500001043081284,0.0333000011742115,0.35600000619888306,0.8289237022399902,0.20239999890327454,0.10859999805688858,0.04600000008940697,0.07079999893903732,0.05420000106096268,0.28760001063346863,0.682855486869812,0.20659999549388885,0.10540000349283218,0.04340000078082085,0.07739999890327454,0.04600000008940697,0.39399999380111694,0.7909091114997864,1.1882742157846644,0.41957336632748654,0.2569827780048116,0.651886477545593,-0.013824382588742051,0.7367078393244838,1.8410267986990387,0.8607268242260784,0.18098622705818881,238_7
3,0.04424202774288588,23.77746233959541,0.821332725043942,0.8018556128044092,0.9505190539645462,0.16934999823570251,0.07590000331401825,0.03734999895095825,0.055399999022483826,0.032499998807907104,0.3140999972820282,0.8124639391899109,0.17550000548362732,0.0989999994635582,0.041200000792741776,0.06260000169277191,0.049400001764297485,0.26179999113082886,0.682519257068634,0.18365000188350677,0.0856499969959259,0.039500001817941666,0.06419999897480011,0.03819999843835831,0.341949999332428,0.7990267276763916,1.0549360032226927,0.6070529500781628,0.3084431530359084,0.6534683582150594,-0.43651917296323134,0.170880421573336,2.355498266637318,0.8586389063310853,0.6680851518935481,237_0
3,0.8599123057234106,23.574982074554867,0.6900706629706939,0.7592999253680714,0.8126052007619582,0.1378999948501587,0.06300000101327896,0.029249999672174454,0.04399999976158142,0.03099999949336052,0.25929999351501465,0.7864278554916382,0.22664999961853027,0.1534000039100647,0.042249999940395355,0.050700001418590546,0.05795000120997429,0.16590000689029694,0.4822425842285156,0.20839999616146088,0.10175000131130219,0.033399999141693115,0.04960000142455101,0.03564999997615814,0.3485499918460846,0.8144195675849915,0.8756194466266038,0.809209643010019,0.5142132364359264,0.003208736644331009,-0.5185543632593081,-0.45352398193645554,1.3498165683597945,1.567587584644353,0.7258937528526704,235_8
3,0.6777339661039719,23.74404501102616,0.8679677619630225,0.8487814858420318,0.949311920222326,0.1851000040769577,0.08389999717473984,0.03660000115633011,0.05339999869465828,0.03220000118017197,0.34880000352859497,0.8309711217880249,0.24879999458789825,0.14390000700950623,0.04794999957084656,0.07477500289678574,0.055775001645088196,0.3152500092983246,0.6993464231491089,0.2292499989271164,0.10930000245571136,0.03974999859929085,0.07005000114440918,0.03929999843239784,0.3614000082015991,0.8038432598114014,1.072000969066776,0.5197008914295481,0.31034052676907076,0.4594338382160843,-0.15932030388860813,0.7674740134369303,1.5828948884116802,1.0934386508385439,0.2807144717515824,237_6
3,0.846707071046854,23.46826221880147,0.9648087158977243,0.9402425354102559,0.9558118565878532,0.13609999418258667,0.06260000169277191,0.0272000003606081,0.04129999876022339,0.03139999881386757,0.20980000495910645,0.739635169506073,0.17649999260902405,0.10040000081062317,0.03474999964237213,0.04600000008940697,0.03790000081062317,0.2097499966621399,0.6939228773117065,0.1460999995470047,0.06430000066757202,0.02459999918937683,0.039799999445676804,0.02500000037252903,0.23749999701976776,0.8095238208770752,1.3058202461810016,0.2660813697823066,0.28583722965202757,0.9373481825396557,0.6914120469529124,0.5291222371783649,2.268759920126531,0.3558572211474058,0.6366607142964721,234_8
3,0.13245658864342147,23.78958959593102,0.9747844235226714,0.9546213689733684,0.966898136034687,0.1914999932050705,0.08179999887943268,0.03720000013709068,0.054999999701976776,0.03269999846816063,0.38370001316070557,0.8429394960403442,0.18885000050067902,0.0908999964594841,0.0328500010073185,0.05094999819993973,0.031599998474121094,0.3456000089645386,0.8324496150016785,0.19130000472068787,0.08479999750852585,0.03319999948143959,0.05299999937415123,0.030300000682473183,0.4016000032424927,0.8596897125244141,1.343787378846142,0.22504339915803598,0.24933060962260997,0.97159223414179,0.8824962005714847,0.9615282166617664,2.0493739337048047,0.2389279989604888,0.16645995721785234,237_1
3,0.5467595976793458,23.887326298843227,0.9297883660810672,0.9254175863806563,0.9655741236956598,0.1728000044822693,0.08020000159740448,0.045099999755620956,0.05649999901652336,0.03530000150203705,0.28619998693466187,0.7804043292999268,0.1923000067472458,0.09839999675750732,0.0406000018119812,0.055799998342990875,0.04340000078082085,0.24459999799728394,0.6986110806465149,0.21044999361038208,0.10040000081062317,0.03125,0.04834999889135361,0.028200000524520874,0.34200000762939453,0.8476499319076538,1.0310416032070775,0.376958844905552,0.24905623699832957,-0.19746591706285307,0.017816770021430395,-0.7663785162164607,0.8776029498085861,1.7695685894852948,0.6277849131526858,238_5
3,0.05259635988519662,23.82633069105151,0.8340797991367884,0.8175562980020847,0.9161680230343493,0.1720000058412552,0.07440000027418137,0.0357000008225441,0.04780000075697899,0.031099999323487282,0.2526000142097473,0.7807543277740479,0.2361000031232834,0.14190000295639038,0.050050001591444016,0.06404999643564224,0.05829999968409538,0.21480000019073486,0.5730501413345337,0.21089999377727509,0.09440000355243683,0.03720000013709068,0.05640000104904175,0.03669999912381172,0.35030001401901245,0.8103359341621399,1.0501563990791125,0.5843337582003593,0.38892921681822606,-0.2814940164956766,-0.7229201416832773,-0.20814353819755094,1.2815879693525816,1.856147057179083,0.5416230804031459,238_0
3,0.5970652535900385,23.114505659915203,0.9588471847030118,0.9350788831255714,0.9714592772040327,0.15760000050067902,0.0689999982714653,0.03550000116229057,0.04479999840259552,0.031199999153614044,0.28850001096725464,0.8048170208930969,0.14810000360012054,0.07100000232458115,0.02759999968111515,0.041600000113248825,0.03060000017285347,0.24529999494552612,0.7781804800033569,0.1446000039577484,0.06210000067949295,0.026599999517202377,0.04179999977350235,0.02710000053048134,0.25920000672340393,0.8106880784034729,1.258550161380615,0.28788266168039456,0.23686766594373712,0.8894081758766403,0.8294999253488906,0.9818284076978893,1.2482101100947423,0.47474748983673193,0.16387276400520032,231_5
3,0.5975144112320976,23.113607344631085,0.8843503594349967,0.8116350444576591,0.9321320909164416,0.17319999635219574,0.07779999822378159,0.040699999779462814,0.05530000105500221,0.03750000149011612,0.3393000066280365,0.8009554147720337,0.2176000028848648,0.12229999899864197,0.04560000076889992,0.062449999153614044,0.058649998158216476,0.26225000619888306,0.6344655752182007,0.18930000066757202,0.08370000123977661,0.03269999846816063,0.053599998354911804,0.03240000084042549,0.36239999532699585,0.8358662724494934,1.2844474242227362,0.48569577380379775,0.3610956615060905,0.7047514952045825,-0.3297802296831863,-0.5856621780075286,2.417662280706522,0.7887235179187746,0.8020748282029725,231_5
3,0.9350114634758029,23.435473710931106,0.5161623795656627,0.7574181523357547,0.8254406366935736,0.13259999454021454,0.059700001031160355,0.031449999660253525,0.0442500002682209,0.030050000175833702,0.22495000064373016,0.7643136978149414,0.20509999990463257,0.1505499929189682,0.0458500012755394,0.05389999970793724,0.06615000218153,0.1928499937057495,0.48918917775154114,0.21040000021457672,0.11320000141859055,0.04320000112056732,0.06780000030994415,0.0406000018119812,0.3483999967575073,0.7912596464157104,0.6917778902467042,1.0284320896631476,0.41106420502475105,-0.8397236473145689,-0.4275412090295617,-0.024242862354656516,0.7838411811834749,2.567570425032819,0.5648493118422319,234_9
3,0.9661830038347503,23.41409380716906,0.8154571944277783,0.8990959110897073,0.9126337538234266,0.14489999413490295,0.061900001019239426,0.031700000166893005,0.04149999842047691,0.027899999171495438,0.3116999864578247,0.8356890678405762,0.17139999568462372,0.1002499982714653,0.03959999978542328,0.050050001591444016,0.042500000447034836,0.29260000586509705,0.7463443875312805,0.1761000007390976,0.07540000230073929,0.03350000083446503,0.05139999836683273,0.031300000846385956,0.3716000020503998,0.8446264266967773,0.734023791210269,0.6172776939661121,0.3090283894579233,0.7164380504346626,0.23104292368171048,0.10921603390625363,1.7324493250147697,0.7721131202028073,0.9695896130586702,234_9
3,0.9760644719600649,23.945177803140524,0.7123369268111914,0.7996164494151762,0.9182022600658871,0.1396999955177307,0.062300000339746475,0.032099999487400055,0.048500001430511475,0.03020000085234642,0.26100000739097595,0.7925823926925659,0.17110000550746918,0.10130000114440918,0.03959999978542328,0.051899999380111694,0.043150000274181366,0.19949999451637268,0.6443436741828918,0.17569999396800995,0.08560000360012054,0.03310000151395798,0.06030000001192093,0.03689999878406525,0.2547999918460846,0.7470003366470337,0.827971234470295,0.7779739932965446,0.33748801098351516,0.3997112472258858,-0.034476461115763635,0.09172377525151484,1.3843456500296203,1.1595945141811852,0.9927555648128736,239_9
3,0.8757226547239139,23.61100451744806,0.5236670699954075,0.6421508848000231,0.8513012759266134,0.1462000012397766,0.06620000302791595,0.02879999950528145,0.0406000018119812,0.02850000001490116,0.26019999384880066,0.8025631904602051,0.21445000171661377,0.14605000615119934,0.04309999942779541,0.05510000139474869,0.05855000019073486,0.18334999680519104,0.5159156322479248,0.18690000474452972,0.0869000032544136,0.029600000008940697,0.05790000036358833,0.03480000048875809,0.2996000051498413,0.7918660044670105,0.8566649840224639,1.0196465806824515,0.47134323319738036,0.35181261226632676,-0.5860817891110774,-0.6252074724264874,1.813778482409837,1.2112895202455476,0.6753757258435321,236_8
3,0.5508918479862945,23.907268898150676,0.6969208340151312,0.8506851535083733,0.880241410949948,0.16625000536441803,0.07575000077486038,0.04430000111460686,0.062449999153614044,0.042399998754262924,0.27994999289512634,0.7369319200515747,0.17880000174045563,0.09465000033378601,0.053950000554323196,0.06364999711513519,0.0580499991774559,0.22869999706745148,0.5951176881790161,0.23624999821186066,0.14309999346733093,0.05079999938607216,0.06769999861717224,0.05754999816417694,0.26019999384880066,0.6377655267715454,0.6921445703462944,0.7997014652553213,0.3402233953921814,0.31527647226923583,0.6838027050361584,0.7604122002655636,0.6542425071624393,1.2500483566924527,0.4503527942028738,239_5
3,0.6282367939489859,23.53330024537172,0.5815305160630113,0.7478992047686391,0.7705909457531273,0.1315000057220459,0.057500001043081284,0.028200000524520874,0.03790000081062317,0.024700000882148743,0.2328999936580658,0.8082298040390015,0.2333499938249588,0.18195000290870667,0.04529999941587448,0.053849998861551285,0.06094999983906746,0.1691499948501587,0.4702303111553192,0.21355000138282776,0.10429999977350235,0.03245000168681145,0.051899999380111694,0.0333000011742115,0.3713499903678894,0.8354133367538452,0.7639593379767952,0.9501875587194553,0.5200033324215297,-0.07889329119551892,-0.5565047811296489,-0.4305831669704105,1.3098596358596164,1.6497716886995066,0.6809947250445301,235_6
3,0.9440844478454089,23.422987128481843,0.7701436155998915,0.8709046890994073,0.8589349880365712,0.13734999299049377,0.06430000066757202,0.03584999963641167,0.04735000059008598,0.03355000168085098,0.26205000281333923,0.7730040550231934,0.20309999585151672,0.13680000603199005,0.03689999878406525,0.04479999840259552,0.0414000004529953,0.21150000393390656,0.6725978851318359,0.1842000037431717,0.08489999920129776,0.03350000083446503,0.04780000075697899,0.030799999833106995,0.30149999260902405,0.8146253228187561,0.7427119049737216,0.6917300572066915,0.3930160765997453,0.47107976263843343,-0.3042517787081382,-0.23701204081841962,1.74023954296716,1.0802818534120087,0.9466523599737744,234_9
3,0.8767108015364453,23.921372448111356,0.4658500431251047,0.7592676131869548,0.8654858542118706,0.15755000710487366,0.06683333218097687,0.0328500010073185,0.05047500133514404,0.029766665771603584,0.3216499984264374,0.8305904865264893,0.22255000472068787,0.15094999969005585,0.046300001442432404,0.05953333154320717,0.05920000001788139,0.23839999735355377,0.602150559425354,0.22759999334812164,0.1429000049829483,0.04320000112056732,0.06210000067949295,0.05299999937415123,0.23360000550746918,0.6301465630531311,0.6523738708481952,1.0862013095538923,0.29832482803923077,-0.9724708233292525,-0.9734621896567759,0.9758205456190643,1.0014770155099155,2.9064058279857417,0.19161252883806165,239_8
3,0.8397002118307206,23.97769681642565,0.8188287977844265,0.8962324479050959,0.90595970857333,0.17810000479221344,0.07705000042915344,0.03660000115633011,0.059300001710653305,0.03525000065565109,0.3336000144481659,0.8088653683662415,0.20900000631809235,0.11779999732971191,0.04280000180006027,0.0608999989926815,0.05130000039935112,0.2678000032901764,0.6784706711769104,0.21230000257492065,0.10530000180006027,0.04100000113248825,0.06780000030994415,0.04610000178217888,0.323199987411499,0.7503384351730347,0.7516732322254231,0.6114285747004296,0.3269327491563256,0.3740543294358436,-0.3873461288367831,0.6980629601186059,1.6578367258744944,1.1874194556275819,0.15427953042550263,239_8
3,0.8397900433591339,23.50257786265483,0.9127111834814663,0.9421797412966741,0.9401174832203806,0.13230000436306,0.06520000100135803,0.03200000151991844,0.04439999908208847,0.02889999933540821,0.225600004196167,0.7728880047798157,0.17880000174045563,0.10620000213384628,0.0357000008225441,0.04634999856352806,0.04699999839067459,0.1667499989271164,0.5602339506149292,0.1527000069618225,0.06689999997615814,0.02590000070631504,0.045099999755620956,0.032600000500679016,0.2921999990940094,0.7992610931396484,0.8118297189813272,0.4209254596974358,0.27164719840746854,0.7870570846112142,0.22547289128039616,-0.12382866896328196,2.020793169596989,0.6647725990545249,0.8429830370805987,235_8
3,0.7533721130268347,23.336928524263193,0.7073446437437708,0.7488066817231301,0.867140461902019,0.1363999992609024,0.0637499988079071,0.03060000017285347,0.040800001472234726,0.030950000509619713,0.2240999937057495,0.757302463054657,0.2065500020980835,0.13330000638961792,0.04919999837875366,0.05795000120997429,0.061650000512599945,0.1907999962568283,0.5115864276885986,0.19499999284744263,0.09369999915361404,0.03220000118017197,0.04969999939203262,0.029200000688433647,0.3188999891281128,0.8322321176528931,0.9229039169033931,0.7850617183390569,0.4597336059164927,0.20256261851436735,-0.42328232694219725,-0.8642493734092808,1.4689997110997783,1.3668222429072585,0.4345397329899553,233_7
3,0.5729904039756359,23.947243928294,0.7844631527725487,0.6239897096922915,0.8234004019097142,0.18389999866485596,0.08370000123977661,0.04149999842047691,0.0575999990105629,0.035999998450279236,0.337799996137619,0.80738365650177,0.23980000615119934,0.15719999372959137,0.055799998342990875,0.06719999760389328,0.06449999660253525,0.24220000207424164,0.5793935656547546,0.23010000586509705,0.1116499975323677,0.03784999996423721,0.058150000870227814,0.035750001668930054,0.40525001287460327,0.8378684520721436,1.3408124081581199,0.6689663119935539,0.5663572349503575,0.7189895655834146,-0.1292218372896813,0.05240551690801755,2.212743716863928,0.7684489220837961,0.9693231900388526,239_5
3,0.029329994026500827,23.859568356563933,0.7961852166698374,0.8108084785064037,0.9681073056070318,0.16030000150203705,0.07020000368356705,0.0333000011742115,0.04780000075697899,0.03020000085234642,0.2754000127315521,0.8023560047149658,0.17900000512599945,0.09889999777078629,0.03974999859929085,0.05290000140666962,0.04540000110864639,0.22624999284744263,0.6657463312149048,0.17464999854564667,0.08529999852180481,0.039000000804662704,0.05779999867081642,0.039400000125169754,0.29649999737739563,0.7654063701629639,0.9621930998628871,0.6498323998999154,0.24164908618538034,0.08837742401598545,-0.4082748085225205,-0.46862834912751394,1.3434224355861273,1.4823034501999783,0.8029587439787059,238_0
3,0.5291526181106025,23.789230269817374,0.774926556298918,0.7811031627293855,0.9492431750069212,0.15780000388622284,0.07419999688863754,0.04129999876022339,0.05260000005364418,0.03759999945759773,0.22869999706745148,0.7176117300987244,0.18140000104904175,0.10440000146627426,0.04010000079870224,0.05730000138282776,0.05040000006556511,0.2468000054359436,0.6608344316482544,0.19660000503063202,0.09629999846220016,0.03539999946951866,0.05990000069141388,0.03310000151395798,0.31439998745918274,0.8094964027404785,0.9856302690429155,0.6841974390317332,0.3061911194725249,-0.614759959455493,0.23951148807413028,-0.5999278941407374,0.5951662902302756,2.2328779130708996,0.7830778294666322,237_5
3,0.883537997695754,23.45317052202826,0.7858491406242032,0.841514703731641,0.8785028839202265,0.13030000030994415,0.05820000171661377,0.03460000082850456,0.04820000007748604,0.03305000066757202,0.2851000130176544,0.7922363877296448,0.2011999934911728,0.12234999984502792,0.040800001472234726,0.05040000006556511,0.05534999817609787,0.20475000143051147,0.5743944644927979,0.178849995136261,0.08860000222921371,0.039400000125169754,0.057999998331069946,0.03864999860525131,0.31540000438690186,0.7816692590713501,0.855993958966237,0.6667283104587969,0.41048667351060975,0.15488195007775438,-0.5780625055197991,-0.7113931644687015,1.5453731299443054,1.4152883664023022,0.5192563295307708,234_8
3,0.872848045814731,23.86873117246195,0.8304810039494761,0.8533444017406132,0.9735818533699148,0.16369999945163727,0.07370000332593918,0.03480000048875809,0.05139999836683273,0.03164000064134598,0.2685999870300293,0.7892352938652039,0.1679999977350235,0.08560000360012054,0.03550000116229057,0.05310000106692314,0.03909999877214432,0.23019999265670776,0.709617555141449,0.16439999639987946,0.08479999750852585,0.03779999911785126,0.0544000007212162,0.03869999945163727,0.24699999392032623,0.7290864586830139,0.9282422790067569,0.59082570834169,0.21370405783567525,0.5207020726756464,0.4269075105865529,0.8912356245261226,1.104193576536371,1.023123231128692,0.4514470694184545,238_8
3,0.8616191047632373,23.833876539438116,0.855737580598123,0.8280795644652686,0.9430866355042515,0.17492499947547913,0.08372499793767929,0.03669999912381172,0.04827500134706497,0.03551999852061272,0.28839999437332153,0.780686616897583,0.19990000128746033,0.09910000115633011,0.040300000458955765,0.05559999868273735,0.04270000010728836,0.29580000042915344,0.7477104663848877,0.19214999675750732,0.08269999921321869,0.03200000151991844,0.048700001090765,0.03020000085234642,0.3555999994277954,0.8434422016143799,1.0943348544567444,0.5438216390265054,0.3300503943367267,0.691217371812119,-0.5128924166011611,-0.052384055397135976,2.611793364813351,0.8076240271345538,0.7497577880737335,238_8
3,0.9264774682766674,23.989554578176026,0.6907832451393536,0.6745323030609144,0.9438613634687276,0.15760000050067902,0.07100000232458115,0.03999999910593033,0.05350000038743019,0.03790000081062317,0.23479999601840973,0.7220388650894165,0.20080000162124634,0.10925000160932541,0.04535000026226044,0.05894999951124191,0.051249999552965164,0.1932000070810318,0.5806913375854492,0.19740000367164612,0.10119999945163727,0.032999999821186066,0.05869999900460243,0.03790000081062317,0.29499998688697815,0.7723039984703064,1.027518010831676,0.8082245998913246,0.3288691936600588,-0.6762575789368697,0.24724243304073526,-0.37037283902911067,0.5709885361628472,2.313466818284949,0.9288728624420631,239_9
3,0.8836278292241655,23.45317052202826,0.7376821793764887,0.821032254680977,0.8339051075053056,0.13030000030994415,0.05820000171661377,0.031550001353025436,0.0442500002682209,0.031950000673532486,0.22624999284744263,0.7525174021720886,0.2011999934911728,0.12234999984502792,0.034449998289346695,0.04125000163912773,0.04535000026226044,0.17020000517368317,0.579215943813324,0.178849995136261,0.08860000222921371,0.03480000048875809,0.05355000123381615,0.036400001496076584,0.3269999921321869,0.7996698021888733,0.819762228246369,0.7411654931953168,0.46001934889603247,0.05891403405892097,0.14986319301676365,-0.7577429857508374,0.9394901311160216,1.5118481589683976,0.6227853948895009,234_8
3,0.23261874282274952,23.984254517999723,0.6912135999506889,0.6687337896390664,0.8756527179606342,0.16269999742507935,0.07660000026226044,0.035599999129772186,0.04919999837875366,0.031300000846385956,0.26109999418258667,0.7859097123146057,0.2685999870300293,0.18070000410079956,0.05249999836087227,0.06920000165700912,0.06679999828338623,0.22100000083446503,0.5357887744903564,0.2371000051498413,0.11559999734163284,0.03909999877214432,0.06260000169277191,0.03779999911785126,0.36390000581741333,0.8117998838424683,1.0379662273811507,0.8076292466297241,0.47488749081004666,-0.5775788672586875,-0.8826194532432557,0.33071856562386026,1.212958607524372,2.1865560375006248,0.41577408665956184,239_2
3,0.9092298148215718,23.643523530733184,0.8461493504775396,0.8228380624906784,0.9303856249060451,0.15449999272823334,0.06830000132322311,0.030400000512599945,0.0478999987244606,0.033399999141693115,0.2770000100135803,0.7847938537597656,0.18860000371932983,0.08460000157356262,0.03460000082850456,0.04960000142455101,0.035599999129772186,0.21459999680519104,0.7154276371002197,0.15815000236034393,0.06629999727010727,0.02525000087916851,0.04574999958276749,0.025849999859929085,0.30594998598098755,0.8441832661628723,1.0753112486262084,0.562078238583896,0.3604474056399471,0.9321995934004219,0.3600153519174095,0.2113883885327112,3.246933559422802,0.3703531212135619,0.8675285487017415,236_9
4,0.9830713311761965,23.7691080074531,0.8551706019082066,0.8571291007613815,0.9302857859803427,0.14630000293254852,0.06430000066757202,0.029999999329447746,0.04729999974370003,0.028599999845027924,0.3208000063896179,0.8362907767295837,0.18310000002384186,0.11339999735355377,0.03830000013113022,0.04830000177025795,0.04809999838471413,0.20759999752044678,0.6237778663635254,0.1737000048160553,0.08115000277757645,0.02850000001490116,0.04574999958276749,0.027499999850988388,0.33434998989105225,0.8480033278465271,0.9930444075199604,0.544916449458053,0.34706849056170835,0.9050085380826705,-0.5851591533511832,-0.6161512154706124,4.997473715737077,0.43939653485724645,0.7849632492657868,237_9
4,0.8809328833718073,23.789050606760547,0.8548837239277889,0.8491377409776889,0.9409252953164289,0.15845000743865967,0.06769999861717224,0.036400001496076584,0.04809999838471413,0.029666665941476822,0.28439998626708984,0.8110804557800293,0.17949999868869781,0.09390000253915787,0.03700000047683716,0.050200000405311584,0.039900001138448715,0.22040000557899475,0.6934306621551514,0.17870000004768372,0.07460000365972519,0.031700000166893005,0.04390000179409981,0.02759999968111515,0.31360000371932983,0.8382180333137512,1.0201222429800378,0.5454696451761571,0.3274414812717179,0.8268665470049956,-0.05488433388394012,-0.24310550091127797,2.7218379075103236,0.5972832725272008,0.9345505890623728,237_8
4,0.8674581541100146,23.38076631012823,0.6731708019318274,0.721238139945879,0.8457213153016446,0.14720000326633453,0.06949999928474426,0.030899999663233757,0.046300001442432404,0.03359999880194664,0.2858000099658966,0.7896054983139038,0.2345999926328659,0.19449999928474426,0.0494999997317791,0.05530000105500221,0.06520000100135803,0.19110000133514404,0.49122121930122375,0.21445000171661377,0.11299999803304672,0.03460000082850456,0.05485000088810921,0.039000000804662704,0.3158999979496002,0.7802197933197021,0.9193810488513692,0.8323080223967294,0.492491807874715,-0.33210166414297065,-0.7920057447004181,0.10005210622180444,1.3014446958055814,1.9093271549768436,0.5855541980801219,233_8
4,0.8582055066835839,23.377712038162223,0.8522122266581584,0.8770403480990437,0.890392154556827,0.1437000036239624,0.06530000269412994,0.0333000011742115,0.04749999940395355,0.032600000500679016,0.2727999985218048,0.7865095138549805,0.21209999918937683,0.15449999272823334,0.03750000149011612,0.04619999974966049,0.05290000140666962,0.17520000040531158,0.5361683368682861,0.18080000579357147,0.0868000015616417,0.03139999881386757,0.04610000178217888,0.029600000008940697,0.2962000072002411,0.8182934522628784,0.9101568388096937,0.5505971896430343,0.3951331483892413,0.6754557162253074,-0.5028895119976751,-0.44127322165933686,2.5297876859983304,0.8292137957367719,0.8532999686113222,233_8
4,0.8432036414387873,23.86352094381406,0.7104753115243733,0.7864487796297556,0.9128584935761702,0.1563500016927719,0.07306666672229767,0.03505000099539757,0.04821666702628136,0.03187499940395355,0.2535800039768219,0.77667236328125,0.20250000059604645,0.11969999969005585,0.037683334201574326,0.05433333292603493,0.047600001096725464,0.19449999928474426,0.6067740321159363,0.2121499925851822,0.0953499972820282,0.037450000643730164,0.06515000015497208,0.03680000081658363,0.33820000290870667,0.8037333488464355,0.852854892632847,0.7806229225191497,0.35818706928776073,-0.5364070623358611,-0.35532156349214095,-0.4236073714404853,0.905045000474602,2.1369704079728447,0.5866039958375584,238_8
4,0.6874357711724617,23.719610835298113,0.7899331672185355,0.8820803104593641,0.8933763447383158,0.14139999449253082,0.06159999966621399,0.029100000858306885,0.039500001817941666,0.029600000008940697,0.22499999403953552,0.7674784064292908,0.1858000010251999,0.11005000025033951,0.041200000792741776,0.05324999988079071,0.049550000578165054,0.19619999825954437,0.5967446565628052,0.18019999563694,0.07930000126361847,0.026399999856948853,0.04800000041723251,0.027799999341368675,0.3637000024318695,0.8579820990562439,0.7431284360780054,0.6600963284788087,0.345177741882554,0.39232221181783056,-0.1192228953806175,-0.8830907315410353,1.4476220000111693,1.1676414735262404,0.3989017014196188,237_6
4,0.8368256029215395,23.36378815125837,0.8818459137577731,0.9193463587556376,0.9316218165284372,0.14560000598430634,0.06880000233650208,0.039400000125169754,0.04904999956488609,0.03245000168681145,0.2737500071525574,0.7880470156669617,0.17870000004768372,0.10989999771118164,0.032099999487400055,0.04039999842643738,0.0357000008225441,0.1818999946117401,0.671875,0.18019999563694,0.08150000125169754,0.030500000342726707,0.04910000041127205,0.031700000166893005,0.3206000030040741,0.8200397491455078,0.8235288363158964,0.4910336736104889,0.29843556470444593,0.3819327636380324,0.07447928655632068,-0.06722800638479057,1.2691795673228314,1.1789096264777892,0.9918346707347032,233_8
4,0.1009257221708264,23.767041882299623,0.8886465096898083,0.9162317619239991,0.9412935837974361,0.15870000422000885,0.06549999862909317,0.034299999475479126,0.04756666719913483,0.030666666105389595,0.2759999930858612,0.800000011920929,0.17344999313354492,0.09476666897535324,0.04062499850988388,0.051419999450445175,0.04404545575380325,0.23649999499320984,0.6860013008117676,0.18029999732971191,0.0791499987244606,0.031199999153614044,0.04774999991059303,0.031300000846385956,0.3009999990463257,0.8116160035133362,0.8652711053713174,0.4764110487205311,0.2893462053175226,0.8169529164226702,-0.19314728934667583,-0.6109603097448557,2.8716400174438714,0.6146888700827012,0.5875622976385546,237_1
4,0.6392860719436566,23.826959511750395,0.815386458791099,0.8108958072938258,0.9419291639080645,0.1839500069618225,0.08079999685287476,0.0377499982714653,0.05415000021457672,0.03305000066757202,0.3450999855995178,0.8252016305923462,0.23364999890327454,0.14409999549388885,0.04830000177025795,0.06504999846220016,0.057100001722574234,0.27605000138282776,0.6572114825248718,0.21209999918937683,0.0989999994635582,0.03519999980926514,0.06430000066757202,0.035100001841783524,0.3312000036239624,0.8083537817001343,1.0124961873245681,0.6173998906219039,0.32754911455066676,0.5974250019659394,-0.38662278227843133,0.21226862811043573,2.1147144185872406,0.9305100952968742,0.7382505999429076,238_6
4,0.19929124578191448,23.984973170227015,0.8086816566130111,0.784263028400782,0.9458061034402376,0.1708499938249588,0.08219999819993973,0.0377499982714653,0.05090000107884407,0.0364999994635582,0.26089999079704285,0.7545393109321594,0.17949999868869781,0.10300000011920929,0.046549998223781586,0.059450000524520874,0.05829999968409538,0.21455000340938568,0.5726589560508728,0.16214999556541443,0.07374999672174454,0.035100001841783524,0.04684999957680702,0.031599998474121094,0.3313499987125397,0.8258713483810425,1.0642404783983663,0.6288888176070262,0.3230516875698203,0.4851810042835234,-0.21203979041790513,-0.8202730605886644,1.6767658209086578,1.064226170269981,0.530974129219099,239_1
4,0.05223703377154898,23.677030690830847,0.9117762757972749,0.9108443196883581,0.9608779555256378,0.16329999268054962,0.07150000333786011,0.03449999913573265,0.04809999838471413,0.03420000150799751,0.30640000104904175,0.799177885055542,0.17305000126361847,0.08794999867677689,0.0406000018119812,0.05719999969005585,0.04580000042915344,0.22269999980926514,0.6588454246520996,0.15690000355243683,0.06830000132322311,0.03420000150799751,0.04960000142455101,0.034299999475479126,0.298799991607666,0.7940558195114136,1.0053486128790594,0.4232076902988383,0.263739794723415,0.9788998910340316,-0.557568109816494,-0.41440416960971493,10.507076416911563,0.20578985284321763,0.52499191691894,236_0
4,0.8714107413601404,23.83091209900052,0.9476068897879011,0.8949226674565912,0.9591679755265216,0.18719999492168427,0.0877000018954277,0.04340000078082085,0.06024999916553497,0.0416666679084301,0.28610000014305115,0.745754063129425,0.1979999989271164,0.09600000083446503,0.03689999878406525,0.053599998354911804,0.041099999099969864,0.27799999713897705,0.7424005270004272,0.20829999446868896,0.09679999947547913,0.0320499986410141,0.05195000022649765,0.031150000169873238,0.311599999666214,0.8182348608970642,1.4225944522664278,0.3251372580468561,0.27942499761308115,-0.40469989440138804,-0.07909458269485234,0.4102430802922573,0.8301975605546794,1.9874469518858762,0.9070080218299289,238_8
4,0.07577289421548095,23.614238452470893,0.8732120490137693,0.7277720042907817,0.882083175001009,0.19535000622272491,0.08415000140666962,0.03830000013113022,0.05874999985098839,0.03245000168681145,0.36039999127388,0.8347969651222229,0.23954999446868896,0.14980000257492065,0.04569999873638153,0.06404999643564224,0.061900001019239426,0.25049999356269836,0.6037131547927856,0.22509999573230743,0.10450000315904617,0.03500000014901161,0.0625,0.03620000183582306,0.3628000020980835,0.8185463547706604,1.4846112529120954,0.5090414498227668,0.462961617123582,0.8307332934384695,-0.3118473515748152,0.12197058219675201,3.197866720743151,0.5903726500642397,0.6589627131094673,236_0
4,0.04478101691335645,23.895051810286652,0.8599473480832277,0.6835961593454506,0.8499074285597723,0.2102999985218048,0.09000000357627869,0.03579999879002571,0.05209999904036522,0.02995000034570694,0.43825000524520874,0.8720632195472717,0.23980000615119934,0.16410000622272491,0.05415000021457672,0.07029999792575836,0.06599999964237213,0.2316499948501587,0.5565261244773865,0.24449999630451202,0.11959999799728394,0.04010000079870224,0.06530000269412994,0.03929999843239784,0.40959998965263367,0.8249053359031677,1.5273940393581318,0.5356298249111002,0.5187254155658478,0.7596248402499797,-0.3736867380839481,0.2664805972094598,2.7593370098969183,0.7080602542865551,0.37985141758095536,238_0
4,0.8778786114058015,23.989464746647613,0.6486457769990871,0.7947874225170842,0.8864540644394748,0.17319999635219574,0.07240000367164612,0.03790000081062317,0.05389999970793724,0.033399999141693115,0.3197999894618988,0.8108720183372498,0.2113499939441681,0.1216999962925911,0.038100000470876694,0.05025000125169754,0.04024999961256981,0.24889999628067017,0.7215977907180786,0.20630000531673431,0.10970000177621841,0.03759999945759773,0.06109999865293503,0.04569999873638153,0.2773999869823456,0.7171154618263245,0.7539245206518099,0.8649925616007335,0.36166487027352967,-0.566997832922604,-0.7553068006125284,0.44257686123079804,1.1165160754462273,2.1736529423370734,0.6551407736022272,239_8
4,0.016124759349944284,23.81016101593736,0.8510290271641596,0.8409644317145936,0.9518463130363757,0.1773499995470047,0.07985000312328339,0.03485000133514404,0.05350000038743019,0.03350000083446503,0.30480000376701355,0.8019509315490723,0.18690000474452972,0.1014999970793724,0.040699999779462814,0.059700001031160355,0.042750000953674316,0.2727000117301941,0.7289586067199707,0.1868000030517578,0.08505000174045563,0.0357000008225441,0.061650000512599945,0.034299999475479126,0.3284499943256378,0.8108890652656555,1.0341476000466372,0.5528545247019226,0.3008695788976178,0.7243861843931354,-0.5839586979114971,0.07520820626657199,2.8848816334651293,0.7606527187935123,0.36974116323425876,238_0
4,0.09032560181821658,23.933320041390147,0.6963081551013784,0.7239567072729991,0.8779278148868008,0.2054000049829483,0.09300000220537186,0.041600000113248825,0.05739999935030937,0.03669999912381172,0.30660000443458557,0.7861928343772888,0.21549999713897705,0.1348000019788742,0.04039999842643738,0.0617000013589859,0.05299999937415123,0.23759999871253967,0.635237455368042,0.257750004529953,0.14474999904632568,0.045899998396635056,0.06939999759197235,0.0507499985396862,0.32565000653266907,0.7303400635719299,0.9509341344198117,0.8005554379482948,0.45233841142635073,0.6657936668737118,0.02714516379576351,0.729317721357187,1.8327900510904698,0.8422393101040725,0.3010010368803038,239_0
4,0.9222553864413054,23.575341400668513,0.8944567272428416,0.9545217873644848,0.9433790987732663,0.13369999825954437,0.05609999969601631,0.025299999862909317,0.03970000147819519,0.02889999933540821,0.26420000195503235,0.8027976751327515,0.12755000591278076,0.05555000156164169,0.02384999953210354,0.03635000064969063,0.026000000536441803,0.18690000474452972,0.7557538747787476,0.15489999949932098,0.06644999980926514,0.025299999862909317,0.040449999272823334,0.02775000035762787,0.2838999927043915,0.8219156265258789,0.6530558868138302,0.46358155959125164,0.220762665040445,0.9689809028273243,0.9283113339740219,0.8554701984035258,1.525495404490609,0.2497230510137672,0.32630338551002797,235_9
4,0.8964737377870744,23.601392543907984,0.7541356827683316,0.7599756696068604,0.9216202674835531,0.11919999867677689,0.052650000900030136,0.026850000023841858,0.034299999475479126,0.02850000001490116,0.19664999842643738,0.746835470199585,0.1889999955892563,0.09934999793767929,0.03505000099539757,0.0531499981880188,0.042649999260902405,0.2780500054359436,0.7340193390846252,0.1738000065088272,0.07509999722242355,0.028999999165534973,0.04450000077486038,0.028300000354647636,0.32519999146461487,0.8398868441581726,0.9875238248690564,0.716459318698867,0.37527993986506664,0.5542939642163575,-0.05571888327732796,0.003059027368898501,1.6541991917784122,0.9832818739489223,0.9976132712700827,236_8
4,0.041726744947350625,23.84420716520549,0.7547490201104148,0.733186309645493,0.847776633391972,0.17970000207424164,0.07729999721050262,0.039000000804662704,0.052400000393390656,0.0340999998152256,0.31060001254081726,0.8021467924118042,0.23119999468326569,0.16279999911785126,0.054499998688697815,0.06750000268220901,0.06939999759197235,0.2549000084400177,0.5720012784004211,0.2312999963760376,0.10909999907016754,0.04360000044107437,0.06520000100135803,0.041600000113248825,0.4020000100135803,0.8124436736106873,1.0451077294461977,0.7155248748683133,0.5109163083357318,0.32359768221754787,-0.6316486894402229,0.3495188922390782,1.816268601782702,1.241267035424646,0.5082384511075075,238_0
4,0.7144750612244604,23.770904638021335,0.8409355479016811,0.8607916802471945,0.9542551125384153,0.19820000231266022,0.08305999636650085,0.03620000183582306,0.05282000079751015,0.03403333202004433,0.3760499954223633,0.8340174555778503,0.20020000636577606,0.11550000309944153,0.05299999937415123,0.07209999859333038,0.06412500143051147,0.2838999927043915,0.6314919590950012,0.20755000412464142,0.10474999994039536,0.03954999893903732,0.06400000303983688,0.038600001484155655,0.36305001378059387,0.8077928423881531,0.9338680536455728,0.571786558433793,0.278891062125847,0.7151734728185668,-0.2981173675251692,0.3342349839524314,2.420800893855026,0.773924060118199,0.5455886990095092,237_7
4,0.04217590258940973,23.84420716520549,0.8190114927257889,0.8149719970773964,0.8861017144649507,0.1602499932050705,0.07064999639987946,0.039000000804662704,0.049300000071525574,0.03060000017285347,0.2576499879360199,0.7876843214035034,0.18330000340938568,0.10715000331401825,0.04580000042915344,0.05555000156164169,0.05195000022649765,0.18639999628067017,0.5640864372253418,0.20389999449253082,0.09369999915361404,0.03819999843835831,0.05959999933838844,0.036400001496076584,0.3571000099182129,0.8149936199188232,1.011463097922849,0.611110239510201,0.43661365583330397,-0.26563461818845696,-0.2557887298175989,-0.6804736601632071,0.9944562301911266,1.8396584567200307,0.5761207264732747,238_0
4,0.9356402841746867,23.650710053006144,0.7729389844292875,0.7582708056715538,0.941980945133781,0.1569499969482422,0.06395000219345093,0.03215000033378601,0.04895000159740448,0.02995000034570694,0.31200000643730164,0.8248282074928284,0.21250000596046448,0.11309999972581863,0.0364999994635582,0.06469999998807907,0.0430000014603138,0.299699991941452,0.7490516304969788,0.18539999425411224,0.0860000029206276,0.03700000047683716,0.06729999929666519,0.03799999877810478,0.3240000009536743,0.7900552749633789,1.0331768725667263,0.6873360423823306,0.3322796665297113,0.12187163347414748,-0.5196578511848768,0.6634385843552907,1.4615602029368808,1.4486209718879484,0.4402243668897648,236_9
4,0.1808757824574645,23.93691330252662,0.7703179742331383,0.7202886825092116,0.9282279476988193,0.16930000483989716,0.07374999672174454,0.03545000031590462,0.050700001418590546,0.03500000014901161,0.3109999895095825,0.797687828540802,0.2162500023841858,0.12280000001192093,0.04594999924302101,0.059849999845027924,0.056049998849630356,0.23565000295639038,0.6157010793685913,0.18250000476837158,0.0851999968290329,0.033799998462200165,0.05400000140070915,0.03229999914765358,0.31439998745918274,0.8136717677116394,1.108642044842165,0.6914566672182065,0.37192053459682495,0.8252685331246985,-0.9355074274155997,-0.8739543311457456,4.633230824842391,0.600118793687607,0.3037471519991204,239_1
4,0.04514034302700409,23.77099446954975,0.8154054472586992,0.7874527655275871,0.936850524559433,0.18962499499320984,0.08478333055973053,0.03607777878642082,0.04742500185966492,0.030300000682473183,0.33390000462532043,0.8336079120635986,0.23739999532699585,0.13966666162014008,0.04182000085711479,0.06317999958992004,0.050562500953674316,0.266400009393692,0.6809559464454651,0.2053000032901764,0.09529999643564224,0.03840000182390213,0.06639999896287918,0.03799999877810478,0.3531999886035919,0.8057259917259216,1.0757471924963784,0.6173670898829583,0.34735798369100096,0.2901684179213803,-0.5164215121015727,0.3158524303638621,1.6558084449879853,1.2763935039635568,0.7046213937899222,237_0
4,0.846707071046854,23.365584781826605,0.6487219238571034,0.6597108732172189,0.8035881950588016,0.15080000460147858,0.07090000063180923,0.040300000458955765,0.05290000140666962,0.033799998462200165,0.2865000069141388,0.7889478802680969,0.23749999701976776,0.15399999916553497,0.041450001299381256,0.0551999993622303,0.05860000103712082,0.25325000286102295,0.6241782903671265,0.19740000367164612,0.09229999780654907,0.03635000064969063,0.05665000155568123,0.03884999826550484,0.3429499864578247,0.7964903116226196,0.9832000466254566,0.8648925076505143,0.5667189157846039,-0.010708607089929961,-0.870824049786153,-0.15850105397628247,1.6615010479777022,1.5815051385623315,0.4620568739320065,233_8
4,0.06669990984587315,23.77386907845893,0.9362098208168539,0.9270782977771094,0.9550085399679925,0.1768999993801117,0.07760000228881836,0.035750001668930054,0.050050001591444016,0.031700000166893005,0.2937999963760376,0.805222749710083,0.17139999568462372,0.09226666390895844,0.03449999913573265,0.04349999874830246,0.034175001084804535,0.20797500014305115,0.7177369594573975,0.1818999946117401,0.08084999769926071,0.0320499986410141,0.04715000092983246,0.031300000846385956,0.27459999918937683,0.7953579425811768,1.070016546411066,0.3591104445276322,0.2813308656728625,0.8598306462441089,0.2096408017587892,0.5497768512768717,2.5372162696438068,0.5358584364124752,0.6574697899119217,237_0
4,0.8177813188982057,23.985512159397487,0.9000103847912283,0.903554273110289,0.9629332244230439,0.18209999799728394,0.07900000363588333,0.037700001150369644,0.0551999993622303,0.03440000116825104,0.3531999886035919,0.8224974274635315,0.20065000653266907,0.09160000085830688,0.03884999826550484,0.05480000004172325,0.03759999945759773,0.32074999809265137,0.7901492714881897,0.1959500014781952,0.08595000207424164,0.03480000048875809,0.05525000020861626,0.03440000116825104,0.3700000047683716,0.829871416091919,0.9818179645846997,0.451002986865251,0.2561070744900653,0.9418647257982261,0.8275162181040558,0.8793791749740515,1.7397115044079474,0.342658600672049,0.4761170190417809,239_8
4,0.129941305847888,23.795248982220976,0.9181908473081587,0.9033100340403779,0.9731749257413046,0.16500000655651093,0.0723000019788742,0.03669999912381172,0.048900000751018524,0.030300000682473183,0.30660000443458557,0.8201246857643127,0.17170000076293945,0.08399999886751175,0.041200000792741776,0.052400000393390656,0.043949998915195465,0.22495000064373016,0.673112690448761,0.17270000278949738,0.07665000110864639,0.030700000002980232,0.04560000076889992,0.030500000342726707,0.28584998846054077,0.8071755766868591,1.0885455666627226,0.4073072613707544,0.2287461853897255,0.8152098115191365,-0.37298037703139286,-0.3588679574110185,3.1617286258168624,0.6177049590930715,0.9230002252949955,237_1
4,0.8043964211648245,23.66661023353506,0.8094373279966108,0.8428003758646639,0.9184041629509604,0.15725000202655792,0.06870000064373016,0.0385500006377697,0.04845000058412552,0.033399999141693115,0.33739998936653137,0.8198489546775818,0.17020000517368317,0.09880000352859497,0.04050000011920929,0.053700000047683716,0.05460000038146973,0.2046000063419342,0.5787037014961243,0.1826000064611435,0.09099999815225601,0.03579999879002571,0.05730000138282776,0.040800001472234726,0.31869998574256897,0.7730180621147156,0.9055582526936656,0.6276030641070709,0.35759440575384355,0.43952710085033614,-0.6398301544344951,-0.6259461554696998,2.0301375254363774,1.1157242005581005,0.6658298741956652,236_8
4,0.7176191647188777,23.973744229175523,0.5698782531368988,0.7962628279632786,0.8668878108425754,0.17509999871253967,0.07660000026226044,0.038600001484155655,0.05510000139474869,0.03449999913573265,0.3111000061035156,0.8003472089767456,0.24324999749660492,0.16425000131130219,0.05404999852180481,0.066600002348423,0.07119999825954437,0.22139999270439148,0.5133287906646729,0.24220000207424164,0.11869999766349792,0.040049999952316284,0.06379999965429306,0.041850000619888306,0.35179999470710754,0.7873745560646057,0.6736603980814228,0.9644386385546977,0.3364809465322315,0.08429604275697873,-0.6906366908443268,0.3891351409701352,1.5696751759184775,1.4864001313318111,0.566977912976654,239_7
4,0.01019587847475556,23.68969693633693,0.9631993883995467,0.9430177956870758,0.981944192109,0.17249999940395355,0.07890000194311142,0.037700001150369644,0.050599999725818634,0.03480000048875809,0.28679999709129333,0.7835820913314819,0.16920000314712524,0.07680000364780426,0.036400001496076584,0.04800000041723251,0.03440000116825104,0.2547999918460846,0.7621023654937744,0.17030000686645508,0.07739999890327454,0.03519999980926514,0.04899999871850014,0.038100000470876694,0.26919999718666077,0.7520338296890259,1.246479990899968,0.27213440562932273,0.1888857891182352,0.7435014826294137,0.7864306251426963,0.9232617448041631,0.9089185313624629,0.7325051122031261,0.35388381797882806,236_0
4,0.6014669984822252,23.04506588845276,0.808513170857747,0.8815992188258706,0.9418961251853418,0.13760000467300415,0.061799999326467514,0.026900000870227814,0.03590000048279762,0.02410000003874302,0.2492000013589859,0.8236370086669922,0.2040500044822693,0.11294999718666077,0.049400001764297485,0.06350000202655792,0.06755000352859497,0.20759999752044678,0.5089950561523438,0.18559999763965607,0.08550000190734863,0.03060000017285347,0.04749999940395355,0.027400000020861626,0.38839998841285706,0.8682058453559875,0.7812714225707564,0.6291751815577206,0.26684414364771836,0.4453128204701823,-0.7303473312891404,-0.8807788457801685,2.154228235989165,1.109272722630672,0.28569251385530275,230_6
4,0.11502927213150294,23.68879862105281,0.9238285679908107,0.9096732367892689,0.9706997801247885,0.17739999294281006,0.07440000027418137,0.03610000014305115,0.051899999380111694,0.030899999663233757,0.3160000145435333,0.8218506574630737,0.2198999971151352,0.11500000208616257,0.04729999974370003,0.06809999793767929,0.05139999836683273,0.301800012588501,0.7089467644691467,0.2054000049829483,0.09279999881982803,0.03680000081658363,0.061000000685453415,0.03759999945759773,0.35600000619888306,0.8089430928230286,1.0902865635890147,0.3928322370066622,0.23791605650678635,0.48874071366668204,-0.49353161822411407,0.39903150842209667,1.9685335806181024,1.0601505838551963,0.46677249190274334,236_1
4,0.8185898026539125,23.76380794727679,0.7991115332715167,0.758490845608283,0.9094030276410118,0.15731999278068542,0.06655000150203705,0.03420000150799751,0.046549998223781586,0.03357499837875366,0.290800005197525,0.7929865121841431,0.19629999995231628,0.10849090665578842,0.04193999990820885,0.053441666066646576,0.05335000157356262,0.20800000429153442,0.5917352437973022,0.1898999959230423,0.08510000258684158,0.03280000016093254,0.04919999837875366,0.033799998462200165,0.3431999981403351,0.8206896781921387,1.100501797390651,0.6449804282897944,0.4125437278363122,0.5862956164084059,-0.6397217358647476,-0.8709283040391796,2.3984852988521927,0.9443178583556217,0.4648516107631686,237_8
4,0.02519774371955208,23.663555961569052,0.769799734375963,0.7680824019271559,0.9322567306425933,0.1964000016450882,0.08089999854564667,0.03449999913573265,0.052299998700618744,0.03150000050663948,0.3815999925136566,0.8474945425987244,0.23080000281333923,0.13404999673366547,0.04924999922513962,0.06644999980926514,0.0588500015437603,0.2957000136375427,0.6680299043655396,0.20990000665187836,0.10080000013113022,0.038100000470876694,0.06159999966621399,0.03909999877214432,0.36039999127388,0.8042553067207336,1.0038802716625481,0.692268990080269,0.35306470913973537,0.7294367372682358,-0.2803727005011742,0.39803902794246954,2.4624760520962723,0.7532981634909334,0.38140608644744345,236_0
4,0.04648781595318319,23.708920883417086,0.9232242518736694,0.9077106814121267,0.9656526242457545,0.15565000474452972,0.06764999777078629,0.033666666597127914,0.04749999940395355,0.030633334070444107,0.2752000093460083,0.7996730208396912,0.15073999762535095,0.07294999808073044,0.03423333168029785,0.04778333380818367,0.03468000143766403,0.20000000298023224,0.7044485807418823,0.15530000627040863,0.07680000364780426,0.03310000151395798,0.05220000073313713,0.03280000016093254,0.23980000615119934,0.7593543529510498,1.0978504439552415,0.3944078885795328,0.25639492500377675,0.8296992830278715,0.6237010871844945,0.8749288434828248,1.5151736710850052,0.5922275742674868,0.4482876853085759,237_0
4,0.1179937125690973,23.632294589681692,0.9351682477431194,0.8690390210726923,0.954411909298778,0.17399999499320984,0.07590000331401825,0.03310000151395798,0.04919999837875366,0.031199999153614044,0.30239999294281006,0.8129496574401855,0.19760000705718994,0.10324999690055847,0.04154999926686287,0.05665000155568123,0.04490000009536743,0.25040000677108765,0.6959024667739868,0.18244999647140503,0.08619999885559082,0.03350000083446503,0.05534999817609787,0.030549999326467514,0.3224000036716461,0.8268876671791077,1.4294206901331594,0.36206255713050295,0.291028104286126,0.8237965108368779,-0.9595393573861872,-0.8292821770514861,4.738777743191412,0.6027203975394239,0.2731217942820459,236_1
4,0.045589500669064975,23.87501937945079,0.9572122768857864,0.9100408744100877,0.9566097733385895,0.17919999361038208,0.07670000195503235,0.041450001299381256,0.05274999886751175,0.03500000014901161,0.3199999928474426,0.8028168678283691,0.19144999980926514,0.10260000079870224,0.042249999940395355,0.05220000073313713,0.0466499999165535,0.24834999442100525,0.683728814125061,0.1850000023841858,0.0812000036239624,0.0357000008225441,0.0544000007212162,0.03460000082850456,0.328000009059906,0.8091561198234558,1.4558377904034123,0.2935860516032057,0.2907201487723423,0.7684114302541531,-0.47969512609256526,-0.8766043436051614,2.9824030466573777,0.6944411984181162,0.3738507548318843,238_0
4,0.5873634485215486,23.379149342616813,0.7389409543338034,0.8354667708468682,0.8841758456548445,0.15105000138282776,0.06705000251531601,0.03485000133514404,0.05380000174045563,0.030899999663233757,0.29135000705718994,0.8082234263420105,0.19619999825954437,0.10980000346899033,0.04715000092983246,0.0649000033736229,0.05485000088810921,0.22345000505447388,0.6058210730552673,0.18449999392032623,0.08375000208616257,0.03229999914765358,0.051500000059604645,0.028750000521540642,0.3559499979019165,0.8505328893661499,0.7869814386916727,0.7392991465500355,0.38102052926543867,0.6088874233524161,-0.6930030160682299,-0.8848021739020733,2.5503143558900945,0.916139035224105,0.42344979480211953,233_5
4,0.11143601099502476,23.979313783937066,0.9283497266673968,0.861746405110506,0.9463506690784207,0.20730000734329224,0.08799999952316284,0.03595000132918358,0.05180000141263008,0.031950000673532486,0.39524999260902405,0.8504213690757751,0.24539999663829803,0.12790000438690186,0.05050000175833702,0.07129999995231628,0.05939999967813492,0.25360000133514404,0.6204472780227661,0.22349999845027924,0.1043500006198883,0.03954999893903732,0.06369999796152115,0.03579999879002571,0.40849998593330383,0.8388476371765137,1.3971301947372965,0.3808480927759226,0.3199658635224024,0.8421591426679084,-0.29430396497776734,0.2072566331798426,3.282621952387279,0.5695214073456105,0.44839177119490364,239_1
4,0.6328182018979955,23.52575439698512,0.8901723454484205,0.9167435045314992,0.9426841465907664,0.14669999480247498,0.06239999830722809,0.032999999821186066,0.04910000041127205,0.032999999821186066,0.31520000100135803,0.8104537725448608,0.21310000121593475,0.12430000305175781,0.04740000143647194,0.06129999831318855,0.06949999928474426,0.22040000557899475,0.5205243229866028,0.18979999423027039,0.08669999986886978,0.029400000348687172,0.05139999836683273,0.028999999165534973,0.33390000462532043,0.8401763439178467,0.8686725481066349,0.4730730344567612,0.28695813080928556,0.6479217777207744,-0.8333171897351863,-0.8736258733665865,2.95155293210972,0.8659434422139012,0.33712528417561693,235_6
4,0.9519896223456623,23.602111196135276,0.6437345676499486,0.6780688010895757,0.8840879833134301,0.1469999998807907,0.0625,0.028599999845027924,0.0406000018119812,0.027000000700354576,0.28839999437332153,0.8287888169288635,0.22750000655651093,0.1428000032901764,0.03700000047683716,0.05169999971985817,0.05530000105500221,0.16030000150203705,0.48701298236846924,0.19850000739097595,0.09380000084638596,0.03139999881386757,0.052000001072883606,0.031700000166893005,0.31200000643730164,0.8155367970466614,0.947484527550116,0.8714278180710269,0.44510488121874386,0.5418308022611749,-0.5695271256133937,-0.5210916272715387,2.1806902213568344,0.9981824808303046,0.7821211869717188,236_9
4,0.041906408004173556,23.68852912646758,0.9341828681217308,0.9054076769633304,0.9698734639222099,0.17749999463558197,0.07620000094175339,0.03420000150799751,0.04659999907016754,0.02979999966919422,0.31520000100135803,0.827246367931366,0.20559999346733093,0.11490000039339066,0.03660000115633011,0.05400000140070915,0.042899999767541885,0.26440000534057617,0.7207940220832825,0.21529999375343323,0.10495000332593918,0.035999998450279236,0.061400000005960464,0.03669999912381172,0.34119999408721924,0.8057687282562256,1.201798253583701,0.3648343748803124,0.24360281477938842,0.1541713469391498,-0.5711886451966252,0.22595431830688878,1.5386566862872724,1.41600760864868,0.7567940005517365,236_0
4,0.11880219632480582,23.918946996844234,0.7822064994077782,0.6819638928096889,0.8409928765752858,0.17499999701976776,0.07760000228881836,0.03629999980330467,0.04879999905824661,0.03319999948143959,0.29420000314712524,0.7971900105476379,0.2868500053882599,0.20104999840259552,0.06650000065565109,0.07545000314712524,0.0791499987244606,0.23729999363422394,0.49976298213005066,0.2433999925851822,0.1282999962568283,0.03750000149011612,0.06340000033378601,0.03579999879002571,0.38519999384880066,0.8299287557601929,1.2196786769081003,0.6725967182624633,0.5396577050115294,-0.12972028880040087,-0.8784147834762509,0.30313044164968345,1.5540933577196614,1.7008832065656965,0.43816092674097806,239_1
4,0.01603492782153282,23.653584661915325,0.9600254497686026,0.9013041964606817,0.9409015048629005,0.1956000030040741,0.08365000039339066,0.03889999911189079,0.05195000022649765,0.035100001841783524,0.36399999260902405,0.8241042494773865,0.23250000178813934,0.12935000658035278,0.04704999923706055,0.06300000101327896,0.053950000554323196,0.2985000014305115,0.6938573122024536,0.20229999721050262,0.09380000084638596,0.03480000048875809,0.054099999368190765,0.036400001496076584,0.3176000118255615,0.794350266456604,1.579204855802707,0.2837032030107303,0.3386060528167261,0.8065149602922432,-0.020366222014936416,0.005526525902207674,2.5154242457018343,0.6325628608051541,0.9991028609549863,236_0
4,0.6206011140339704,23.125554937909868,0.9038866923835669,0.8147172988356151,0.9321481164565546,0.1881999969482422,0.07859999686479568,0.0406000018119812,0.05389999970793724,0.031599998474121094,0.3425000011920929,0.8310612440109253,0.2170500010251999,0.13840000331401825,0.04600000008940697,0.06080000102519989,0.05909999832510948,0.21015000343322754,0.561002790927887,0.19920000433921814,0.09139999747276306,0.03240000084042549,0.05640000104904175,0.03139999881386757,0.35530000925064087,0.8376002311706543,1.39936181683097,0.44202637687138596,0.3561805867595742,0.7589747472917734,-0.6743896933286122,-0.6654188358237518,3.259155190864271,0.7090592586762231,0.6996913188686749,231_6
4,0.4309667575563392,23.9863206431532,0.9807629338433552,0.9620996465884754,0.9603689639376567,0.19040000438690186,0.08635000139474869,0.03909999877214432,0.05559999868273735,0.033900000154972076,0.3504500091075897,0.8235982656478882,0.21870000660419464,0.12060000002384186,0.04600000008940697,0.058800000697374344,0.043949998915195465,0.3179999887943268,0.757148802280426,0.2062000036239624,0.09200000017881393,0.035100001841783524,0.050999999046325684,0.032749999314546585,0.3130500018596649,0.8105841279029846,1.4058365187938824,0.1964640525750398,0.2587995308680617,0.725367239519687,0.36227180922319746,0.1438574219667362,1.5806731128170435,0.7592285847631973,0.9159216633987862,239_4
4,0.1004765645287673,23.758507887100485,0.8801502337624559,0.8222735812875334,0.9516373074502886,0.187049999833107,0.07909999787807465,0.03660000115633011,0.05339999869465828,0.033025000244379044,0.3718000054359436,0.8368430733680725,0.2538999915122986,0.15600000321865082,0.052754998207092285,0.07124999910593033,0.06756249815225601,0.3098999857902527,0.6420174241065979,0.23215000331401825,0.11029999703168869,0.04100000113248825,0.06889999657869339,0.039500001817941666,0.40560001134872437,0.8225117921829224,1.2239788822992843,0.4946177344735834,0.30552609784685353,0.6242436884367087,-0.23923741116999558,0.5474965618979695,2.021313240340576,0.8966332727229123,0.383591281290507,237_1
4,0.13470237685372055,23.392803734935427,0.8275727487180352,0.9272235569054048,0.9152091394771568,0.1352500021457672,0.059700001031160355,0.031599998474121094,0.04075000062584877,0.027000000700354576,0.24650000035762787,0.8025594353675842,0.21050000190734863,0.1080000028014183,0.03970000147819519,0.051899999380111694,0.04989999905228615,0.2443999946117401,0.6608902215957642,0.16750000417232513,0.07569999992847443,0.028999999165534973,0.04430000111460686,0.027300000190734863,0.3075000047683716,0.8369175791740417,0.6440426606661893,0.5960264139145072,0.26622301490383077,0.8029844478769458,-0.5735483692635203,-0.7250373470361238,3.4167451143562015,0.6385104035563258,0.688556775160827,233_1
4,0.638926745830009,23.009312940144802,0.8968190810590846,0.92186085870915,0.9673173278369704,0.1505499929189682,0.06889999657869339,0.03280000016093254,0.05009999871253967,0.03415000066161156,0.2712000012397766,0.7763222455978394,0.15070000290870667,0.07460000365972519,0.039000000804662704,0.05719999969005585,0.03929999843239784,0.26750001311302185,0.7438070774078369,0.1550000011920929,0.06994999945163727,0.031950000673532486,0.0494999997317791,0.031449999660253525,0.3063499927520752,0.8137951493263245,0.868354418527131,0.45827023827211505,0.2218175265118771,0.9039840906598884,0.6070522042615429,0.39402505132686166,2.0788894297460176,0.44179863469181385,0.7074664002398682,230_6
4,0.8454494296490864,23.595643326089615,0.610615459910208,0.8258279855395281,0.7855117907065879,0.1440500020980835,0.06260000169277191,0.048900000751018524,0.04924999922513962,0.033149998635053635,0.26475000381469727,0.7774420976638794,0.18950000405311584,0.1145000010728836,0.04295000061392784,0.05544999986886978,0.06274999678134918,0.20170000195503235,0.5254301428794861,0.20350000262260437,0.09305000305175781,0.030549999326467514,0.04975000023841858,0.033399999141693115,0.36625000834465027,0.8328537344932556,0.6555300286853829,0.9139588012658015,0.4380418435047969,-0.34374428428893244,-0.1500759661536684,-0.7730316832582631,0.8957920590775856,1.9216975837702177,0.4542744768962151,235_8
4,0.9280944357880827,23.938350606981217,0.6179087153803708,0.6914416696857935,0.840421409977324,0.15760000050067902,0.06859999895095825,0.03545000031590462,0.05115000158548355,0.033399999141693115,0.2700999975204468,0.7799011468887329,0.2224999964237213,0.13519999384880066,0.0421999990940094,0.055799998342990875,0.057500001043081284,0.20600000023841858,0.5635673403739929,0.20600000023841858,0.10140000283718109,0.038100000470876694,0.0640999972820282,0.039900001138448715,0.31779998540878296,0.7769079804420471,0.8923390190992416,0.9047162345107337,0.49574098757306495,-0.5002387548908958,-0.7831737712261811,-0.009782634574465349,1.1794454717825733,2.0946708147420505,0.4142143483327281,239_9
4,0.9894493696934461,23.759765528498257,0.9022441558794784,0.9373809831814311,0.95792946805276,0.13955000042915344,0.06064999848604202,0.02734999917447567,0.0430000014603138,0.0284000001847744,0.2248000055551529,0.7756714224815369,0.18674999475479126,0.09314999729394913,0.03370000049471855,0.051249999552965164,0.037300001829862595,0.25380000472068787,0.7437306642532349,0.1729000061750412,0.0835999995470047,0.02850000001490116,0.05180000141263008,0.031700000166893005,0.36959999799728394,0.8420134782791138,0.797942170086866,0.44585068246090137,0.23160164620977267,0.3175983397506593,0.7164858319047371,0.07368780235583663,0.6188234914300179,1.2476007122955772,0.6784666929159879,237_9
4,0.04549966914065173,23.82444422895486,0.8013665557017448,0.7035438359333303,0.9110402248211104,0.17055000364780426,0.07795000076293945,0.03750000149011612,0.05454999953508377,0.03009999915957451,0.3472500145435333,0.8404664397239685,0.22384999692440033,0.13300000131130219,0.04764999821782112,0.06565000116825104,0.05705000087618828,0.26635000109672546,0.6471861600875854,0.21154999732971191,0.10145000368356705,0.04165000095963478,0.07360000163316727,0.03920000046491623,0.36800000071525574,0.8074656128883362,1.2326880997381258,0.6412200451461483,0.40992455863441785,0.4231613120503591,-0.5664239327915737,0.43156983626012824,1.9164158774175624,1.1338647403076483,0.36095964433000466,238_0
4,0.5614919683389061,23.44796029338037,0.8827434650943852,0.9439889623382959,0.9465929744881193,0.15209999680519104,0.06710000336170197,0.04769999906420708,0.05820000171661377,0.03790000081062317,0.26080000400543213,0.7462337017059326,0.22914999723434448,0.1421000063419342,0.045099999755620956,0.05719999969005585,0.06105000153183937,0.2365500032901764,0.5897177457809448,0.21060000360012054,0.09875000268220901,0.032349999994039536,0.05119999870657921,0.03099999949336052,0.3479999899864197,0.8364115953445435,0.6875093101565457,0.48912681619495046,0.22526554097918117,-0.5676893959288168,-0.1478298258714209,-0.448239770630422,0.7906073530674171,2.1744927466797788,0.7485229684621163,234_5
4,0.6842916676780444,23.722934601849353,0.8011051142456814,0.7865574846334941,0.9321194256312562,0.148499995470047,0.06549999862909317,0.032600000500679016,0.04500000178813934,0.03220000118017197,0.26660001277923584,0.7844712138175964,0.16689999401569366,0.09345000237226486,0.04129999876022339,0.053849998861551285,0.05415000021457672,0.1843000054359436,0.5458167195320129,0.17000000178813934,0.07620000094175339,0.03280000016093254,0.057999998331069946,0.02979999966919422,0.36399999260902405,0.8486541509628296,1.0372864007048994,0.6416569834737456,0.35598378164069067,0.34381865747408935,-0.1787525451108599,-0.854182280644175,1.435064750701638,1.21981586933975,0.5053638612138189,237_6
4,0.056908273248970076,23.62897082313045,0.8555701695189839,0.7778229068434183,0.9505932520260671,0.19480000436306,0.08290000259876251,0.0357000008225441,0.0568000003695488,0.03370000049471855,0.3763999938964844,0.835649847984314,0.23160000145435333,0.13660000264644623,0.04650000110268593,0.06750000268220901,0.057500001043081284,0.2957000136375427,0.6744054555892944,0.22210000455379486,0.10559999942779541,0.038600001484155655,0.07000000029802322,0.04170000180602074,0.35600000619888306,0.7902941703796387,1.2489352662154154,0.5441451083960954,0.3027809585712449,0.638952350478897,-0.09279792979793436,0.6382795496213577,1.8956390195194281,0.8776607496415232,0.41116188907372253,236_0
4,0.06157951272639117,23.733894048315612,0.8158829478089418,0.80561753171857,0.9613708913009386,0.16390833258628845,0.07474999874830246,0.036249998956918716,0.047439999878406525,0.03133749961853027,0.279449999332428,0.7983348965644836,0.21529999375343323,0.1233583316206932,0.040024999529123306,0.05272499844431877,0.04741666838526726,0.22495000064373016,0.6518173813819885,0.20250000059604645,0.09395000338554382,0.03384999930858612,0.05339999869465828,0.03265000134706497,0.3301999866962433,0.8200358152389526,1.0284449198535013,0.6165417550332839,0.27279149672462316,0.282309591478345,-0.7254376948586247,-0.5085690660091309,1.854643224999364,1.2845955461305905,0.6111236089695419,237_0
4,0.8358374561090081,23.372771304099565,0.8337296704118623,0.8340896944821005,0.8971817161382197,0.133200004696846,0.061799999326467514,0.031199999153614044,0.04270000010728836,0.030400000512599945,0.2483000010251999,0.7818442583084106,0.20919999480247498,0.12849999964237213,0.0364999994635582,0.04334999993443489,0.04659999907016754,0.18655000627040863,0.6002573370933533,0.16920000314712524,0.08129999786615372,0.025599999353289604,0.03660000115633011,0.025499999523162842,0.227400004863739,0.7983392477035522,0.9988848372748947,0.5849681547134361,0.41323209034082065,0.8253208956930632,-0.12119060063941699,0.19427051504767462,2.8203534048804704,0.6000260677099084,0.8447982666023727,233_8
4,0.11727506034180202,23.632294589681692,0.8027793234229109,0.767565123223981,0.9311683826688963,0.1882999986410141,0.0794999971985817,0.03500000014901161,0.05090000107884407,0.03240000084042549,0.35519999265670776,0.8328173160552979,0.2232999950647354,0.1264999955892563,0.04490000009536743,0.07029999792575836,0.05490000173449516,0.29840001463890076,0.6892159581184387,0.21580000221729279,0.10199999809265137,0.03689999878406525,0.06669999659061432,0.03920000046491623,0.3808000087738037,0.8133333325386047,1.0890783490985585,0.6388544923639718,0.36303668653630305,0.5578988292982974,-0.3619656582222288,0.5330598329627521,1.9829234534329805,0.9789444963801195,0.2909016704611153,236_1
4,0.0947273467104015,23.853819138745564,0.8119417471853387,0.7406524782338322,0.9358049668590778,0.1941000074148178,0.08534999936819077,0.03655000030994415,0.051500000059604645,0.030300000682473183,0.34929999709129333,0.8403582572937012,0.2484000027179718,0.14470000565052032,0.049300000071525574,0.06750000268220901,0.05829999968409538,0.3135499954223633,0.6864327192306519,0.2305999994277954,0.10970000177621841,0.04410000145435333,0.06859999895095825,0.04100000113248825,0.35589998960494995,0.7933988571166992,1.1819754145776151,0.6233254662446501,0.35098571625577557,0.3665389817204281,-0.1987123141460626,0.7746452741298098,1.48124252050298,1.1955099587414373,0.361689252781684,238_0
4,0.03157578223679991,23.768299523697387,0.6025128711475091,0.6253052078718723,0.9291684785123167,0.16590000689029694,0.0723000019788742,0.03725000098347664,0.0473666675388813,0.030780000612139702,0.2669999897480011,0.7932701706886292,0.210999995470047,0.12860000133514404,0.03946666792035103,0.0575999990105629,0.047200001776218414,0.22380000352859497,0.6516605019569397,0.21359999477863312,0.10029999911785126,0.03660000115633011,0.0702499970793724,0.03929999843239784,0.34439998865127563,0.795152485370636,0.9687532883257128,0.9241504152175081,0.36043993489615694,-0.5332060202869098,-0.7391518086345008,0.017225237356682493,1.1263016587617665,2.1331820733732454,0.5051489425532438,237_0
4,0.8725785512294966,23.588007646174603,0.9364651131577613,0.8974161241920233,0.9450407448352237,0.1354999989271164,0.059700001031160355,0.031099999323487282,0.04529999941587448,0.0357000008225441,0.23029999434947968,0.7315789461135864,0.17035000026226044,0.09390000253915787,0.0328500010073185,0.04385000094771385,0.03945000097155571,0.1969500035047531,0.6662436723709106,0.14970000088214874,0.06859999895095825,0.027650000527501106,0.0393499992787838,0.028300000354647636,0.24345000088214874,0.7917203307151794,1.2749444283736056,0.3583833254865405,0.32503003947720666,0.8814592559566964,0.6868868619550103,0.6164996862467643,1.6541517231848935,0.49185303936202635,0.7263885073196397,235_8
4,0.058525240760385344,23.710807345513736,0.7250781810030479,0.8311238986690862,0.8943544097507229,0.1690800040960312,0.07366666942834854,0.03606333211064339,0.05022500082850456,0.03256666660308838,0.31263333559036255,0.8113170862197876,0.21729999780654907,0.12815000116825104,0.04100000113248825,0.056049998849630356,0.05389999970793724,0.26460000872612,0.6615384817123413,0.20749999582767487,0.09870000183582306,0.034299999475479126,0.05719999969005585,0.03420000150799751,0.35440000891685486,0.8239835500717163,0.7762414694182381,0.7596484140996048,0.36026295984602263,0.43660791656358156,-0.9075095519634719,-0.18015229448677103,2.4201800896902457,1.1189715582665407,0.3445904239038847,237_0
4,0.04307421787352972,23.707932736604555,0.7408318999538968,0.7466290586783748,0.9398171150273289,0.17339999973773956,0.07518333196640015,0.03583333268761635,0.0502999983727932,0.033275000751018524,0.303600013256073,0.8024489879608154,0.18434999883174896,0.10509999841451645,0.0400874987244606,0.055116668343544006,0.04568000137805939,0.22050000727176666,0.6567736268043518,0.20589999854564667,0.10159999877214432,0.042500000447034836,0.06889999657869339,0.043800000101327896,0.3357999920845032,0.7692307829856873,0.988224818800414,0.7364882960726733,0.3333429177148611,-0.2678701119611196,-0.8619478705099137,-0.14342501470497188,1.4168983126941521,1.8419779995003858,0.3257350001009301,237_0
4,0.8862329435481122,23.08099849981754,0.8216413425114791,0.8868235335505918,0.9111871565087274,0.148499995470047,0.06509999930858612,0.033900000154972076,0.050999999046325684,0.03269999846816063,0.2531000077724457,0.7711686491966248,0.2563999891281128,0.17749999463558197,0.049800001084804535,0.06120000034570694,0.0731000006198883,0.20409999787807465,0.47258296608924866,0.20489999651908875,0.09799999743700027,0.03200000151991844,0.046300001442432404,0.02889999933540821,0.35190001130104065,0.8482142686843872,0.7920226312757451,0.6065117315993909,0.3331556495726293,0.014914731279947198,-0.7892992778956893,-0.5516572985824731,1.5942499412059812,1.555881042497893,0.29234545111407023,230_8
4,0.014867117952176656,23.644242182960483,0.8624525770631204,0.8804852564764892,0.9389375115388293,0.17249999940395355,0.07145000249147415,0.0377499982714653,0.05339999869465828,0.0328500010073185,0.36629998683929443,0.8354002237319946,0.17315000295639038,0.0872500017285347,0.04089999943971634,0.054749999195337296,0.042649999260902405,0.2854999899864197,0.7400578856468201,0.17350000143051147,0.07259999960660934,0.0333000011742115,0.053599998354911804,0.03370000049471855,0.3776000142097473,0.836129367351532,0.9306778907502514,0.5307008075946726,0.31446221823905035,0.9573141448292568,0.21299902326662074,0.016261190042276094,4.624817381283016,0.29323383319252916,0.7302013234064506,236_0
4,0.0065127858098659175,23.699398741405425,0.7669799507213462,0.7084062118479555,0.906101876115728,0.1665000021457672,0.07317499816417694,0.036249998956918716,0.051249999552965164,0.032760001718997955,0.2961750030517578,0.8008117079734802,0.24774999916553497,0.1568666696548462,0.05339999869465828,0.0670199990272522,0.06591666489839554,0.25360000133514404,0.5873976349830627,0.2113499939441681,0.09780000150203705,0.03844999894499779,0.05795000120997429,0.03700000047683716,0.34735000133514404,0.8074671626091003,1.124712022483946,0.6966750444557996,0.4225404208237575,0.1004163898224763,-0.9160777982377379,0.10199216073078395,1.856185893024819,1.4702104093025685,0.35041317980752024,236_0
4,0.9306097185836162,23.859298861978694,0.7872343224687633,0.8090979990099333,0.9638032239396879,0.16609999537467957,0.07410000264644623,0.03700000047683716,0.052000001072883606,0.03830000013113022,0.28760001063346863,0.7649585604667664,0.19169999659061432,0.10989999771118164,0.03840000182390213,0.0560000017285347,0.04910000041127205,0.21860000491142273,0.6331714391708374,0.19374999403953552,0.09165000170469284,0.033399999141693115,0.05754999816417694,0.032349999994039536,0.289900004863739,0.7992241978645325,0.945364431041578,0.6644852331031679,0.25379948795517354,0.06870899934586167,-0.6255682412957839,-0.5758379170758673,1.4957432880924164,1.5020331505853428,0.5686671525951918,238_9
4,0.8493121853708008,23.365315287241373,0.9753663606447169,0.9734446467444205,0.9756522736870641,0.15139999985694885,0.06700000166893005,0.03970000147819519,0.05290000140666962,0.03150000050663948,0.29660001397132874,0.8079853653907776,0.16210000216960907,0.06859999895095825,0.02669999934732914,0.0421999990940094,0.02459999918937683,0.3000999987125397,0.8484755158424377,0.15060000121593475,0.06449999660253525,0.032249998301267624,0.04774999991059303,0.029200000688433647,0.2922999858856201,0.8183514475822449,1.0384413208066618,0.22242052537066198,0.19573621441232086,0.8055736367227857,0.5633785226558835,0.9280621475836024,1.5332679447097897,0.6341533244960137,0.2049464172382574,233_8
4,0.1848283697075903,23.987847779136203,0.7616590513718661,0.8652203637999819,0.940330007992372,0.1776999980211258,0.08820000290870667,0.03804999962449074,0.05490000173449516,0.03849999979138374,0.2833999991416931,0.7607952952384949,0.2500999867916107,0.15025000274181366,0.047200001776218414,0.061799999326467514,0.051350001245737076,0.2879999876022339,0.6973626017570496,0.22394999861717224,0.10970000177621841,0.0406000018119812,0.06080000102519989,0.03784999996423721,0.3424000144004822,0.8009204268455505,0.7450513909355798,0.704926698802167,0.25079380604248125,0.05832399315178814,-0.503738172004163,0.648908428852104,1.38763723828581,1.512439216250259,0.5334812626077994,239_1
4,0.9364487679303934,23.42559224280579,0.8557585897595651,0.9161413566869634,0.9303296471457388,0.1415500044822693,0.06469999998807907,0.022299999371170998,0.03830000013113022,0.023800000548362732,0.24459999799728394,0.8226527571678162,0.1923999935388565,0.1344500035047531,0.03350000083446503,0.042500000447034836,0.04479999840259552,0.18809999525547028,0.6152855157852173,0.18559999763965607,0.08709999918937683,0.030799999833106995,0.051600001752376556,0.0357000008225441,0.28859999775886536,0.7798334956169128,0.7584860054638424,0.5437810331943899,0.2840549863380462,0.790300802874637,0.11603569168320473,-0.10101836015764465,2.205468167057218,0.6594965535454255,0.9421271586696036,234_9
4,0.10559696164824928,23.687001990484575,0.9648893430956452,0.9294942718775099,0.9721789885622024,0.19589999318122864,0.0832500010728836,0.03229999914765358,0.055799998342990875,0.02995000034570694,0.3702999949455261,0.8503435254096985,0.2084999978542328,0.10589999705553055,0.04529999941587448,0.06499999761581421,0.05009999871253967,0.31040000915527344,0.7220526933670044,0.1967500001192093,0.08914999663829803,0.03784999996423721,0.06435000151395798,0.04039999842643738,0.32760000228881836,0.780434787273407,1.421343650281366,0.26577457470705806,0.23196587105692115,0.6116749364090869,-0.07475359915609253,0.6597446827773606,1.8031812218243546,0.9126202643772843,0.44631653659314235,236_1
4,0.6302130875740488,23.871336286785898,0.7713086856103758,0.7369021045198807,0.9383430491422206,0.16769999265670776,0.07400000095367432,0.035750001668930054,0.05274999886751175,0.03245000168681145,0.33160001039505005,0.8217277526855469,0.20980000495910645,0.12714999914169312,0.038750000298023224,0.0572500005364418,0.04165000095963478,0.24764999747276306,0.7120636105537415,0.2150000035762787,0.0997999981045723,0.03460000082850456,0.06400000303983688,0.03620000183582306,0.3447999954223633,0.8099737167358398,1.0759798847097297,0.6899015385847032,0.34508758734213313,0.36661583152979493,-0.8041637098467733,0.13030103339194699,2.095538055440987,1.1954273589593605,0.3801719097466947,238_6
4,0.8799447365592759,23.789230269817374,0.7429393322681767,0.7105610055931818,0.9366048853833021,0.1616666615009308,0.06989999860525131,0.04036666825413704,0.05299999937415123,0.03310000151395798,0.29565000534057617,0.7986311912536621,0.22849999368190765,0.12309999763965607,0.04600000008940697,0.06390000134706497,0.054499998688697815,0.2533999979496002,0.645988941192627,0.22779999673366547,0.10400000214576721,0.0364999994635582,0.05485000088810921,0.035100001841783524,0.37959998846054077,0.8307209610939026,1.0643023166683596,0.7333453382698376,0.34969651104483135,0.0122479333320836,-0.6602632632455774,-0.009780540540102037,1.4705773833687334,1.5585480872195738,0.7510323256861878,237_8
4,0.35658625203124217,23.952364325413477,0.8393205253768512,0.9566434894099972,0.9145760682055125,0.18975000083446503,0.08145000040531158,0.03750000149011612,0.05115000158548355,0.03319999948143959,0.2992999851703644,0.8003007173538208,0.20489999651908875,0.09790000319480896,0.04659999907016754,0.053300000727176666,0.03720000013709068,0.2937000095844269,0.7751586437225342,0.22255000472068787,0.12915000319480896,0.03840000182390213,0.05469999834895134,0.04270000010728836,0.3147999942302704,0.7611188888549805,0.5142025325735289,0.5747641815244762,0.20653636218897975,-0.0443129536712441,0.29820980127185104,0.45270853327033833,0.7850666072583993,1.6151237957283011,0.8328021821409346,239_3
4,0.8469765656320902,23.36594410794026,0.6930845202677646,0.7691384074471699,0.8891015896201753,0.16580000519752502,0.08269999921321869,0.04439999908208847,0.0568000003695488,0.03530000150203705,0.3109999895095825,0.7961305379867554,0.2554999887943268,0.1784999966621399,0.04259999841451645,0.054999999701976776,0.054099999368190765,0.23360000550746918,0.6239138245582581,0.20559999346733093,0.10589999705553055,0.034699998795986176,0.05700000002980232,0.03840000182390213,0.3528999984264374,0.8037311434745789,0.8612081067775232,0.8050370604085164,0.4055846028032136,0.14550065085646058,-0.4811160609936859,0.05688224217426341,1.4547702498562256,1.4247773370844026,0.8672250780012776,233_8
4,0.8801243996161006,23.7894099328742,0.8434274531680583,0.8019105007523059,0.9440289902399059,0.15770000219345093,0.06589999794960022,0.03790000081062317,0.05153333395719528,0.03150000050663948,0.3296000063419342,0.8255330920219421,0.2134000062942505,0.11959999799728394,0.03759999945759773,0.05609999969601631,0.04470000043511391,0.23600000143051147,0.6815105080604553,0.1949000060558319,0.08754999935626984,0.030400000512599945,0.051100000739097595,0.026850000023841858,0.38760000467300415,0.8704307079315186,1.1289662812398131,0.5671649879599286,0.329692391407275,0.670545148013641,-0.9816204966545292,-0.5779459260732966,3.5288161469559856,0.8358529523108796,0.15720234767994354,237_8
4,0.02816218415714644,23.85067503525115,0.7720366311067476,0.7602273292397369,0.9377545428731535,0.21080000698566437,0.08829999715089798,0.04149999842047691,0.0649000033736229,0.033799998462200165,0.39480000734329224,0.8422771692276001,0.2409999966621399,0.1404000073671341,0.05770000070333481,0.07199999690055847,0.07010000199079514,0.274399995803833,0.5930333733558655,0.24210000038146973,0.11614999920129776,0.042500000447034836,0.06669999659061432,0.03974999859929085,0.40334999561309814,0.8205822706222534,1.0266804630801787,0.6887570056605968,0.34258443352170675,0.9103840212958695,0.1636505924628885,0.4425368131215182,3.296895126994557,0.42658509456068294,0.6854748830214094,238_0
4,0.6119772873064235,23.06105590051009,0.67763874900391,0.702661587379296,0.8970760421752436,0.14480000734329224,0.06499999761581421,0.02604999952018261,0.04035000130534172,0.025299999862909317,0.2781499922275543,0.8332509398460388,0.2341500073671341,0.1598999947309494,0.04960000142455101,0.06279999762773514,0.06279999762773514,0.1940000057220459,0.5109034776687622,0.22599999606609344,0.11270000040531158,0.031300000846385956,0.051100000739097595,0.03150000050663948,0.3720000088214874,0.8438661694526672,0.9581430195816979,0.8262493228248633,0.42266758203068805,0.1843515969445818,-0.8622084796305206,-0.36935696270917073,1.8842496832533076,1.3853842155841376,0.45909446299202444,230_6
4,0.07765935631213061,23.682420582535563,0.7600270270166398,0.700737107323197,0.9380824477498897,0.17139999568462372,0.07349999994039536,0.035599999129772186,0.05180000141263008,0.029999999329447746,0.31279999017715454,0.8249708414077759,0.23145000636577606,0.11940000206232071,0.04634999856352806,0.06319999694824219,0.05909999832510948,0.25940001010894775,0.6288854479789734,0.21604999899864197,0.10300000011920929,0.03790000081062317,0.06930000334978104,0.039250001311302185,0.35315001010894775,0.799949049949646,1.1228716570367459,0.7074416258209957,0.3459004651187858,0.0967734688177253,-0.8634369679009318,0.3108633518148703,1.7727736605220956,1.4738711689031878,0.31215041400708016,236_0
4,0.11682590269974291,23.921372448111356,0.8152028064798076,0.7728832185769502,0.8175265476369439,0.1728000044822693,0.08150000125169754,0.03880000114440918,0.05130000039935112,0.033900000154972076,0.2632000148296356,0.7717940211296082,0.2732999920845032,0.1890999972820282,0.053050000220537186,0.06795000284910202,0.06844999641180038,0.20810000598430634,0.504971981048584,0.22235000133514404,0.11044999957084656,0.04309999942779541,0.06019999831914902,0.042500000447034836,0.3429499864578247,0.7794785499572754,1.112845962961698,0.6177170540412456,0.5457839180523226,-0.5395462429327545,-0.6810333582303079,0.4697028058349161,1.0837461106524782,2.1406944110098314,0.722110769451927,239_1
4,0.8952160963893085,23.0535998836519,0.9492680514887881,0.9695353723267057,0.971350575984365,0.15690000355243683,0.06655000150203705,0.03849999979138374,0.04450000077486038,0.03085000067949295,0.2897000014781952,0.8075183033943176,0.1611499935388565,0.07874999940395355,0.024800000712275505,0.038350000977516174,0.02384999953210354,0.26489999890327454,0.8348051905632019,0.15800000727176666,0.06790000200271606,0.028300000354647636,0.039650000631809235,0.023900000378489494,0.29260000586509705,0.8489731550216675,0.7735930468145251,0.31989624289417035,0.18356900914702579,0.8292985158828741,0.6910255721895017,0.9642272735852118,1.3625027844023043,0.592945141357175,0.1802551615271498,230_8
4,0.8673683225816031,23.380856141656636,0.6346282881469452,0.704890427823209,0.8340138503497533,0.14890000224113464,0.06960000097751617,0.029500000178813934,0.045099999755620956,0.02850000001490116,0.25360000133514404,0.7979440093040466,0.24169999361038208,0.1891999989748001,0.05139999836683273,0.05559999868273735,0.06949999928474426,0.18050000071525574,0.4440000057220459,0.20755000412464142,0.10610000044107437,0.034949999302625656,0.05420000106096268,0.041999999433755875,0.3022499978542328,0.7559912800788879,0.8927379673826599,0.883268884492062,0.5027830205046547,-0.42308004015213546,-0.7255023383052496,0.19446588526669933,1.1867478566678271,2.0076382164608404,0.6769315602176392,233_8
4,0.08556453081238224,23.83971558878489,0.7516410567550026,0.7980952567115156,0.9017715329965806,0.18629999458789825,0.08169999718666077,0.0406000018119812,0.05719999969005585,0.03460000082850456,0.313400000333786,0.8011494278907776,0.20069999992847443,0.11729999631643295,0.051100000739097595,0.06750000268220901,0.05950000137090683,0.2754000127315521,0.6446700692176819,0.2102999985218048,0.0989999994635582,0.03799999877810478,0.06080000102519989,0.03359999880194664,0.36070001125335693,0.8295714259147644,0.8978400061707539,0.7202497009057911,0.3918532761224311,0.7830555595100976,-0.034732454562178064,0.018696542186277698,2.3919211403899157,0.6712327347464989,0.9966687783308587,238_0
4,0.950372654834247,23.984973170227015,0.8642699452093145,0.8447997388991104,0.9387385413086765,0.1914999932050705,0.08100000023841858,0.035100001841783524,0.051600001752376556,0.031700000166893005,0.3172000050544739,0.8182860612869263,0.25780001282691956,0.13179999589920044,0.04830000177025795,0.06750000268220901,0.0507499985396862,0.29339998960494995,0.705070436000824,0.22939999401569366,0.11020000278949738,0.0357000008225441,0.06459999829530716,0.038100000470876694,0.38040000200271606,0.8179211616516113,1.07115634227719,0.5270990891947716,0.33814365046508643,0.4773767711689598,-0.3352876477125219,0.5446651150720471,1.7823636749121552,1.0731294001377216,0.4943327749349694,239_9
4,0.08987644417615748,23.7052377907522,0.6028885915436957,0.6724623898092605,0.9626339573946141,0.1498333364725113,0.06679999828338623,0.03500000014901161,0.048233333975076675,0.030774999409914017,0.24040000140666962,0.7730247974395752,0.23283334076404572,0.125366672873497,0.04715999960899353,0.0640999972820282,0.05242500081658363,0.2612000107765198,0.6656835675239563,0.20669999718666077,0.10989999771118164,0.04410000145435333,0.0640999972820282,0.04879999905824661,0.2590000033378601,0.6829109787940979,0.9021154212926232,0.9236795683535958,0.24496807081771785,-0.7312516411250645,-0.8297652764612999,0.9632247069533908,1.0663049329676708,2.390951438059345,0.19595224239847708,237_0
4,0.07424575823247714,23.911850306099687,0.8063087036142759,0.8096160420954233,0.9506499109191286,0.17159999907016754,0.07909999787807465,0.03669999912381172,0.05139999836683273,0.03359999880194664,0.29120001196861267,0.7931034564971924,0.20229999721050262,0.10859999805688858,0.04899999871850014,0.0697999969124794,0.0478999987244606,0.29739999771118164,0.7225601077079773,0.19769999384880066,0.08609999716281891,0.04010000079870224,0.057100001722574234,0.03720000013709068,0.3424000144004822,0.8040041923522949,0.9911314732110742,0.632911647768145,0.3015884121773182,0.3310372850753838,-0.5510460723177614,0.37815848118341316,1.746736356532577,1.2333936991545273,0.5860278595231184,239_0
4,0.7079173596503878,23.782852231300126,0.9049560026967419,0.9127106272230491,0.9595750999268164,0.17139999568462372,0.07490000128746033,0.03629999980330467,0.048500001430511475,0.03180000185966492,0.2840000092983246,0.7986066937446594,0.17080000042915344,0.09369999915361404,0.03620000183582306,0.048250000923871994,0.04430000111460686,0.21985000371932983,0.6645845174789429,0.1890999972820282,0.09149999916553497,0.035750001668930054,0.05525000020861626,0.034449998289346695,0.33980000019073486,0.8158984780311584,0.9576965889575948,0.43952001699441895,0.26145384501387564,0.3950018588791351,-0.13089497587987928,-0.9027219863239354,1.4613457025101928,1.1647264523151006,0.3531922694761763,237_7
4,0.11673607117132967,23.92164194269659,0.8139065919253544,0.7991973824872312,0.859608556434613,0.18324999511241913,0.08015000075101852,0.036249998956918716,0.05184999853372574,0.03245000168681145,0.3138999938964844,0.812617301940918,0.2524999976158142,0.16120000183582306,0.061149999499320984,0.07175000011920929,0.0763000026345253,0.23119999468326569,0.5037398338317871,0.20469999313354492,0.09719999879598618,0.039400000125169754,0.057500001043081284,0.0364999994635582,0.3982999920845032,0.8321067094802856,1.0401419070187874,0.6199515757066367,0.481363397262802,0.6360655136895869,-0.7777089653468533,-0.09284106932026226,2.7930425976120556,0.8814077394643883,0.3521122511105161,239_1
4,0.330355445734952,23.57480241149804,0.7556773586475851,0.8167716633400839,0.9470749667304783,0.13689999282360077,0.06134999915957451,0.03579999879002571,0.04295000061392784,0.03009999915957451,0.2143000066280365,0.7536824941635132,0.1773499995470047,0.11100000143051147,0.03635000064969063,0.04455000162124634,0.04270000010728836,0.16374999284744263,0.5863404870033264,0.19990000128746033,0.10029999911785126,0.039799999445676804,0.05490000173449516,0.039799999445676804,0.3255999982357025,0.7821565270423889,0.8612178756823637,0.7141085997794794,0.28147123661480644,-0.7234366841810934,0.40003684438865517,-0.77500938953177,0.4871646479821613,2.3795636334707626,0.5875585118326343,235_3
4,0.07496441045977242,23.849507225381792,0.7976580716522685,0.7586066722333901,0.9329323613592562,0.19249999523162842,0.08479999750852585,0.040300000458955765,0.05730000138282776,0.034699998795986176,0.3562000095844269,0.8224610090255737,0.23929999768733978,0.14135000109672546,0.056049998849630356,0.07159999758005142,0.062300000339746475,0.2962999939918518,0.6525376439094543,0.23434999585151672,0.11685000360012054,0.04125000163912773,0.0714000016450882,0.04125000163912773,0.35074999928474426,0.7895408272743225,1.0961240257997094,0.6473942283001941,0.3592541084409881,0.6136732150501767,0.09352875315946808,0.683986581790809,1.6230566642124864,0.9100918701774846,0.6012156849033318,238_0
4,0.9555828834821405,23.901070522690254,0.7531399574971981,0.7705397472743237,0.9205448875207106,0.1534000039100647,0.06759999692440033,0.034299999475479126,0.05009999871253967,0.032099999487400055,0.2671999931335449,0.7854995131492615,0.23019999265670776,0.1473499983549118,0.04464999958872795,0.056299999356269836,0.05454999953508377,0.23800000548362732,0.6270723342895508,0.23514999449253082,0.11980000138282776,0.04309999942779541,0.07360000163316727,0.04704999923706055,0.3449999988079071,0.7599796056747437,0.962581647276345,0.7179742145079582,0.3725742384575902,-0.7643193351484598,-0.9059582353555884,0.4794965366301372,1.1080197197450052,2.4407814362908526,0.2649297864820258,239_9
4,0.8455392611774979,23.839266431142832,0.7638056715240242,0.8833807404687606,0.904314231846179,0.15285000205039978,0.06575000286102295,0.038750000298023224,0.05245000123977661,0.03435000032186508,0.28251999616622925,0.7831918597221375,0.18735000491142273,0.10540000349283218,0.04149999842047691,0.05849999934434891,0.046300001442432404,0.25589999556541443,0.6935803890228271,0.18889999389648438,0.09160000085830688,0.03579999879002571,0.05660000070929527,0.03689999878406525,0.28679999709129333,0.7720111012458801,0.6952160809043736,0.7016074195546171,0.30515313129957694,0.0676445691008237,-0.515194207916629,-0.42163168661484046,1.4051164033658392,1.5031000633141736,0.7643868393975614,238_8
4,0.271964952267183,23.944728645498465,0.9719739713868074,0.922214079019973,0.954483522839898,0.1800999939441681,0.07829999923706055,0.033799998462200165,0.05130000039935112,0.032499998807907104,0.33079999685287476,0.8210844993591309,0.19699999690055847,0.10774999856948853,0.03959999978542328,0.055149998515844345,0.052000001072883606,0.28299999237060547,0.6895522475242615,0.18400000035762787,0.08550000190734863,0.03359999880194664,0.05530000105500221,0.0357000008225441,0.2937000095844269,0.7832422852516174,1.6730401619093975,0.23730961041050508,0.2973382876662148,0.8392142482188076,-0.6748603110900196,-0.6720843611458378,4.020406890426483,0.5749596449475826,0.7118707699054528,239_2
4,0.009926383889519386,23.690056262450575,0.9321199894578153,0.9043465553795075,0.9544029032101192,0.16859999299049377,0.07440000027418137,0.03759999945759773,0.05480000004172325,0.034699998795986176,0.3041999936103821,0.7952198386192322,0.21140000224113464,0.12735000252723694,0.04399999976158142,0.05889999866485596,0.05260000005364418,0.2418999969959259,0.6427843570709229,0.19709999859333038,0.09040000289678574,0.03660000115633011,0.054999999701976776,0.03849999979138374,0.352400004863739,0.8030186891555786,1.1899143818366296,0.3705729929918284,0.29573817849875567,0.5007140796962379,-0.8435391004430398,-0.38506874219332926,2.460533663197635,1.0463728065355073,0.5353360147529593,236_0
4,0.007411101093984129,23.675323891791017,0.8286102841881567,0.7743082201992225,0.9128525979937626,0.15809999406337738,0.0722000002861023,0.04050000011920929,0.05350000038743019,0.03420000150799751,0.2621999979019165,0.7692307829856873,0.20080000162124634,0.1080000028014183,0.037300001829862595,0.0502999983727932,0.039799999445676804,0.24140000343322754,0.7169274687767029,0.20170000195503235,0.0945499986410141,0.039400000125169754,0.06004999950528145,0.04024999961256981,0.33160001039505005,0.7835148572921753,1.1531525688798983,0.5941756296463893,0.40703407149318904,-0.30280908042807475,-0.4429521188030975,-0.48872635142855336,1.0805191726382175,1.8784350662644853,0.613742639631697,236_0
4,0.9231537017254254,23.417507405248713,0.8954320185313047,0.9158854097017961,0.9344450058468328,0.13570000231266022,0.06289999932050705,0.028699999675154686,0.04500000178813934,0.031099999323487282,0.265500009059906,0.7902899384498596,0.16224999725818634,0.08995000272989273,0.032099999487400055,0.04625000059604645,0.038100000470876694,0.2599000036716461,0.7442952990531921,0.15925000607967377,0.07204999774694443,0.032249998301267624,0.04944999888539314,0.032999999821186066,0.35135000944137573,0.8282815217971802,0.8953017217945554,0.4613956732189939,0.3085481225964897,0.6771752172888585,0.8725034673970191,0.40372624220719455,0.6173735890977514,0.8268794566244355,0.4172226502474566,234_9
4,0.027443531929849385,23.49134892160334,0.8137401230798612,0.8422587693698974,0.9219631799853397,0.1395999938249588,0.05730000138282776,0.044599998742341995,0.05570000037550926,0.03480000048875809,0.2775000035762787,0.7771373391151428,0.19544999301433563,0.12460000067949295,0.04309999942779541,0.05169999971985817,0.056049998849630356,0.19589999318122864,0.5550704598426819,0.17010000348091125,0.08209999650716782,0.03420000150799751,0.04820000007748604,0.030300000682473183,0.29670000076293945,0.8146789073944092,0.9179324466604681,0.6202380415758857,0.35343821743229414,0.30155230460210575,-0.3256665791834445,-0.8128993378007568,1.5045860778917395,1.2644759980974603,0.5762464869825146,234_0
4,0.10640544540395602,23.63777431291482,0.8900121392402092,0.8901596763791645,0.9483029734075896,0.16245000064373016,0.0685499981045723,0.03415000066161156,0.04989999905228615,0.03099999949336052,0.3328000009059906,0.8295766711235046,0.21035000681877136,0.13564999401569366,0.03999999910593033,0.0551999993622303,0.04975000023841858,0.23600000143051147,0.6517935395240784,0.19949999451637268,0.08860000222921371,0.03375000134110451,0.05530000105500221,0.0333000011742115,0.3513999879360199,0.8268780708312988,0.9993162723224214,0.47342453313468735,0.3007859150734841,0.6891384355501075,-0.9491966560288643,-0.5562907333109712,3.481159996480563,0.810496919316918,0.2842466870917153,236_1
4,0.01603492782153282,23.810250847465774,0.8717611794830632,0.8643433599681664,0.9529582773963403,0.17030000686645508,0.07684999704360962,0.03525000065565109,0.052549999207258224,0.03355000168085098,0.30809998512268066,0.8036001324653625,0.19110000133514404,0.10429999977350235,0.03985000029206276,0.054349999874830246,0.04625000059604645,0.26019999384880066,0.6981562972068787,0.19900000095367432,0.0885000005364418,0.033399999141693115,0.05420000106096268,0.03200000151991844,0.31279999017715454,0.8143851161003113,1.0291838694288706,0.5120106726873271,0.2952449574439994,0.7014264775455726,-0.9724329102417602,-0.7850117971295394,3.6630266897927366,0.793399401482919,0.18309066362928283,238_0
4,0.7449279493561125,23.6744255765069,0.6812552536428703,0.7335832738155155,0.9371653214146929,0.1517000049352646,0.066600002348423,0.03579999879002571,0.0458500012755394,0.032349999994039536,0.29475000500679016,0.8022011518478394,0.13120000064373016,0.0674000009894371,0.038600001484155655,0.04699999839067459,0.04399999976158142,0.17100000381469727,0.590697705745697,0.12639999389648438,0.056049998849630356,0.027049999684095383,0.0458500012755394,0.026750000193715096,0.29589998722076416,0.8341856598854065,0.9097749226438613,0.8213203375181302,0.32377823576486975,0.914377241796894,0.21048507615778733,0.18801611944577346,3.2596683116440643,0.41682928178490936,0.9775353726377282,236_7
4,0.9211774081003625,23.608938392294583,0.9262774445873818,0.9307586472597044,0.9644324165386955,0.1400499939918518,0.059300001710653305,0.02745000086724758,0.04529999941587448,0.02745000086724758,0.27730000019073486,0.819852352142334,0.16419999301433563,0.0794999971985817,0.028300000354647636,0.039900001138448715,0.03240000084042549,0.21480000019073486,0.737864077091217,0.13590000569820404,0.05689999833703041,0.0239499993622303,0.03864999860525131,0.02355000004172325,0.29714998602867126,0.8531337380409241,0.9687596041879363,0.38638486716959825,0.24496193157782348,0.9808942501979698,0.7544818296306536,0.7539503648888387,3.6566288653501924,0.19579019362954106,0.6524294592629111,236_9
4,0.6523116435633884,23.405469980441516,0.9467541910432526,0.9128191316710327,0.9261020718231433,0.15559999644756317,0.0681999996304512,0.026650000363588333,0.035999998450279236,0.02329999953508377,0.30550000071525574,0.8582724928855896,0.18310000002384186,0.10499999672174454,0.0406000018119812,0.049400001764297485,0.04390000179409981,0.2799000144004822,0.728844940662384,0.16660000383853912,0.07410000264644623,0.02889999933540821,0.04439999908208847,0.025699999183416367,0.34279999136924744,0.8605155944824219,1.2833012466001126,0.32779613973043414,0.36029513366936466,0.9321983671918531,-0.22989616508480162,-0.35345935768143444,4.867653927177088,0.37035650903342193,0.8940618488568209,234_6
4,0.1837503913666474,23.424424432936434,0.6630073135742753,0.6503000630432116,0.9239706220110827,0.15080000460147858,0.07090000063180923,0.032999999821186066,0.04479999840259552,0.029899999499320984,0.27230000495910645,0.8021178245544434,0.2003999948501587,0.11599999666213989,0.04560000076889992,0.05700000002980232,0.06120000034570694,0.21410000324249268,0.5553941130638123,0.19404999911785126,0.09345000237226486,0.03644999861717224,0.05270000174641609,0.03790000081062317,0.35740000009536743,0.808246910572052,1.019917401536006,0.8459674950970677,0.37913332011208956,0.07981616285135304,-0.7180718132127546,-0.6207441076925773,1.5908725216304476,1.490895173663783,0.4060587943051674,234_1
4,0.6841120046212197,23.718712520013995,0.5940767657309813,0.5978475318028246,0.8420079270963274,0.1282999962568283,0.05810000002384186,0.027799999341368675,0.0377499982714653,0.0239499993622303,0.24674999713897705,0.8230513334274292,0.241799995303154,0.14470000565052032,0.04464999958872795,0.057349998503923416,0.05119999870657921,0.19580000638961792,0.5854251384735107,0.2159000039100647,0.10010000318288803,0.031700000166893005,0.061000000685453415,0.02979999966919422,0.3952000141143799,0.8597646951675415,0.9949760431796801,0.934678883577667,0.5256350750137881,-0.1321242889913315,-0.7032206310602618,-0.39931008718941613,1.3800871757518354,1.703308079142783,0.5088152941116436,237_6
4,0.6172773474827284,23.10201907746594,0.8312970047748769,0.9033721836202651,0.911265358117224,0.1717499941587448,0.07455000281333923,0.03945000097155571,0.05999999865889549,0.036400001496076584,0.3271999955177307,0.7997799515724182,0.21209999918937683,0.12565000355243683,0.04114999994635582,0.055149998515844345,0.050599999725818634,0.24819999933242798,0.66131192445755,0.19339999556541443,0.09175000339746475,0.03460000082850456,0.05779999867081642,0.03395000100135803,0.3268499970436096,0.8118070960044861,0.7520500060480501,0.5893592356980955,0.31741224586535494,0.6821419552793062,-0.6431554503760221,-0.5169064713443203,2.7672053320830057,0.8201083887753029,0.7582340323007878,231_6
4,0.520169465269408,23.265422627647283,0.7360984208451458,0.7886697605584817,0.8953075490883424,0.14149999618530273,0.06589999794960022,0.03180000185966492,0.04360000044107437,0.027300000190734863,0.24549999833106995,0.7998533844947815,0.23919999599456787,0.17309999465942383,0.06279999762773514,0.07109999656677246,0.07620000094175339,0.2207999974489212,0.486868679523468,0.19900000095367432,0.09640000015497208,0.03350000083446503,0.0544000007212162,0.03220000118017197,0.3806000053882599,0.8439922332763672,0.890580487990581,0.7435082909341758,0.40217449438708647,-0.028865561908127113,-0.8354939034677029,-0.47836951316228865,1.6002262251635964,1.5996658987705556,0.22191593630333742,232_5
4,0.10029690147194259,23.78797262841961,0.8863851300205272,0.8502850447754621,0.9254818853127941,0.1670999974012375,0.07590000331401825,0.03909999877214432,0.04899999871850014,0.03440000116825104,0.2653999924659729,0.770513653755188,0.21619999408721924,0.14194999635219574,0.04554999992251396,0.05934999883174896,0.05685000121593475,0.24089999496936798,0.6181359887123108,0.21400000154972076,0.10249999910593033,0.03530000150203705,0.05460000038146973,0.03460000082850456,0.3400000035762787,0.8152695894241333,1.1515644595184753,0.48131885878208003,0.3732258034525166,-0.3268310863654596,-0.6801077883477292,-0.22692297175212184,1.2179709506476983,1.9037448952757385,0.5581556909308153,237_1
4,0.1210479845351049,23.806477923272467,0.9148235237356582,0.9176775494475328,0.9694278971459976,0.17990000545978546,0.07880000025033951,0.03579999879002571,0.05559999868273735,0.03480000048875809,0.323199987411499,0.805586576461792,0.18389999866485596,0.08399999886751175,0.03440000116825104,0.054999999701976776,0.03655000030994415,0.322299987077713,0.7962937355041504,0.186599999666214,0.08910000324249268,0.04129999876022339,0.057999998331069946,0.03779999911785126,0.33000001311302185,0.794453501701355,0.9828624284254898,0.4157256031420264,0.2332055262015007,0.7146766607154166,0.9627724067853681,0.6237507185800413,0.35335170182819076,0.7746346027092861,0.25419102996492343,238_1
4,0.1894996091850114,23.416339595379362,0.9258830914262562,0.9482375846630423,0.976918673547172,0.13030000030994415,0.05590000003576279,0.032499998807907104,0.04010000079870224,0.025800000876188278,0.22429999709129333,0.7936825156211853,0.14900000393390656,0.06894999742507935,0.03215000033378601,0.0414000004529953,0.027899999171495438,0.22939999401569366,0.7831325531005859,0.1454000025987625,0.06449999660253525,0.042649999260902405,0.05180000141263008,0.03669999912381172,0.2349500060081482,0.7297993898391724,0.834104388759635,0.387429992372067,0.17954324425933185,0.6642812505927227,0.9862577076930593,0.5615483160511785,0.1965914739403759,0.8442644800282495,0.10776924919133335,234_1
4,0.9459709099420603,23.41508195398159,0.7431456776524453,0.7920933911054526,0.876311282517696,0.14589999616146088,0.06634999811649323,0.03220000118017197,0.04924999922513962,0.03009999915957451,0.24879999458789825,0.7841520309448242,0.23070000112056732,0.1527000069618225,0.04455000162124634,0.055799998342990875,0.062449999153614044,0.21289999783039093,0.546395480632782,0.2078000009059906,0.10729999840259552,0.033399999141693115,0.05420000106096268,0.03720000013709068,0.3352000117301941,0.8002148270606995,0.8956783478432504,0.7330370122810875,0.43331174063836214,-0.3018689021081743,-0.7450059877593855,-0.21996483734983388,1.2843707040444607,1.8774487277135117,0.47668117660462106,234_9
4,0.9106671192761642,23.573275275515037,0.6650163562619943,0.8531267949614507,0.8241857631133207,0.1404999941587448,0.06279999762773514,0.02710000053048134,0.039000000804662704,0.026900000870227814,0.2305999994277954,0.7910679578781128,0.19269999861717224,0.13529999554157257,0.03720000013709068,0.048250000923871994,0.05180000141263008,0.17595000565052032,0.5451152324676514,0.19054999947547913,0.08354999870061874,0.02745000086724758,0.04964999854564667,0.028750000521540642,0.35339999198913574,0.8495355248451233,0.6508469982245606,0.8432806080544286,0.39230094407159244,0.4197535340327906,-0.10846616162537977,-0.6840576998444956,1.476303607731981,1.1376225702925586,0.7023636850520878,235_9
4,0.014687454895353724,23.643882856846837,0.5329893177748896,0.6821421830925647,0.856400114645522,0.15610000491142273,0.06700000166893005,0.03840000182390213,0.05779999867081642,0.0357000008225441,0.30979999899864197,0.7933429479598999,0.19789999723434448,0.11800000071525574,0.04569999873638153,0.05779999867081642,0.05909999832510948,0.23759999871253967,0.6016178131103516,0.1940000057220459,0.10100000351667404,0.041200000792741776,0.06449999660253525,0.04529999941587448,0.32120001316070557,0.7527967095375061,0.8130615060923281,1.008666713499226,0.4420763007700508,0.18481700185073185,-0.5650683832005261,0.33922764914282827,1.5678357482766931,1.3849106736530357,0.6905799628113178,236_0
4,0.47534353259184314,23.790218416629905,0.879445704096597,0.8849455862139206,0.9476411810380799,0.16920000314712524,0.07259999960660934,0.04230000078678131,0.055399999022483826,0.03449999913573265,0.31200000643730164,0.8008658289909363,0.17489999532699585,0.09965000301599503,0.037450000643730164,0.05445000156760216,0.04879999905824661,0.2766999900341034,0.7001535892486572,0.17765000462532043,0.08429999649524689,0.033649999648332596,0.052799999713897705,0.03700000047683716,0.3041999936103821,0.7831184267997742,0.9764549465342425,0.49609987110814613,0.3004149881842713,0.3790602030207628,-0.4582860472278194,-0.4277287259282505,1.7316707043262958,1.182015830122378,0.8453555222289283,237_4
4,0.6887832440986426,23.807825396198645,0.8132350328689423,0.7921734052838935,0.9534964025459111,0.17100000381469727,0.07689999788999557,0.03689999878406525,0.05480000004172325,0.037700001150369644,0.29980000853538513,0.7765926122665405,0.18434999883174896,0.09504999965429306,0.04010000079870224,0.055799998342990875,0.042100001126527786,0.2711000144481659,0.7311621904373169,0.17704999446868896,0.07890000194311142,0.03595000132918358,0.05274999886751175,0.03125,0.3668000102043152,0.8429845571517944,1.0568787565249267,0.6211065176768925,0.30002577958077326,0.7768431946021982,-0.36997506807979874,-0.5668618578284211,2.862441017946436,0.6811593667619458,0.8161940254984436,238_6
4,0.09823077631846822,23.7691080074531,0.9565401085939649,0.9518120747631889,0.9752389963875427,0.18062500655651093,0.07720000296831131,0.03607777878642082,0.049959998577833176,0.03009999915957451,0.3418000042438507,0.8381285071372986,0.19689999520778656,0.09749999642372131,0.03579999879002571,0.050324998795986176,0.03382857143878937,0.3075999915599823,0.8018410205841064,0.18690000474452972,0.08009999990463257,0.02979999966919422,0.04619999974966049,0.028999999165534973,0.3163999915122986,0.832078754901886,1.053413402299251,0.29589993275883547,0.21138270511791,0.8400732223003358,0.8073387862341534,0.8283014899789507,1.1007885387881475,0.5733781398327101,0.5212160557566429,237_0
4,0.6098213306245359,23.1084869475116,0.6837559833625051,0.7130250903705594,0.9095494295587079,0.15205000340938568,0.06735000014305115,0.03085000067949295,0.0466499999165535,0.030750000849366188,0.26840001344680786,0.7944175004959106,0.22390000522136688,0.13989999890327454,0.05139999836683273,0.06530000269412994,0.07000000029802322,0.19470000267028809,0.4710993468761444,0.1959500014781952,0.09685000032186508,0.034299999475479126,0.050200000405311584,0.03685000166296959,0.3152500092983246,0.7906844615936279,0.9499867068197618,0.8178988005415502,0.3963945041428658,0.27063132474522367,-0.8279535604446938,-0.6611447294256949,1.9635625589699752,1.2967475586388646,0.32918290860917754,231_6
4,0.846707071046854,23.365764444883432,0.6182201519807025,0.6108104795703778,0.8324610303818024,0.15629999339580536,0.07150000333786011,0.042100001126527786,0.05469999834895134,0.035100001841783524,0.34630000591278076,0.8159412741661072,0.28630000352859497,0.19779999554157257,0.0551999993622303,0.07180000096559525,0.09030000120401382,0.21615000069141388,0.41067057847976685,0.21565000712871552,0.0997999981045723,0.03164999932050705,0.053599998354911804,0.035349998623132706,0.3346500098705292,0.8089189529418945,1.0103862002715445,0.904320068966426,0.5404068385092515,0.10563536937039009,-0.5605807283957844,-0.23409319730238098,1.4784554251335342,1.4649635030864503,0.8092110414434699,233_8
5,0.9139908858274062,23.90125018574708,0.7453928367834157,0.7850424107724219,0.913787868948757,0.1703999936580658,0.07840000092983246,0.03500000014901161,0.05139999836683273,0.03319999948143959,0.28139999508857727,0.7889383435249329,0.21369999647140503,0.1225999966263771,0.04360000044107437,0.05939999967813492,0.051899999380111694,0.24379999935626984,0.6489685773849487,0.1991499960422516,0.094200000166893,0.03720000013709068,0.06305000185966492,0.0320499986410141,0.35600000619888306,0.8348150849342346,0.9155228394798199,0.7296723880941549,0.3750921727244512,0.17389136709601125,-0.9684010577507602,-0.273541198867815,2.069842386769462,1.3960164551985037,0.22538696150328633,239_9
5,0.18024696175858068,23.991171545687443,0.7336639539904283,0.6166995003991753,0.8724337488863965,0.18400000035762787,0.07980000227689743,0.037700001150369644,0.052799999713897705,0.033799998462200165,0.32659998536109924,0.8124306201934814,0.23855000734329224,0.15025000274181366,0.045899998396635056,0.06030000001192093,0.060750000178813934,0.2219499945640564,0.5702157616615295,0.22339999675750732,0.10329999774694443,0.03500000014901161,0.05939999967813492,0.03880000114440918,0.40209999680519104,0.823996365070343,1.2130314287624586,0.7470979216993169,0.4875204090990113,0.6425580668611304,-0.7543854968664776,-0.1110380222954975,2.778480168626488,0.8729642352179736,0.43936917457925745,239_1
5,0.042086071060998265,23.84375800756343,0.9764785255604377,0.9576183871550895,0.9698769906762564,0.17980000376701355,0.08179999887943268,0.039900001138448715,0.05510000139474869,0.035100001841783524,0.3140000104904175,0.7989115118980408,0.18559999763965607,0.10000000149011612,0.04450000077486038,0.05790000036358833,0.04430000111460686,0.2842999994754791,0.7303712368011475,0.19349999725818634,0.08540000021457672,0.03750000149011612,0.05640000104904175,0.0340999998152256,0.328000009059906,0.811654269695282,1.344458509653101,0.21732126995008966,0.23862632459226346,0.8760672754031773,0.12934354711906698,-0.04907329374623592,2.864125939792225,0.5031515442832427,0.9326606831512173,238_0
5,0.9215367342140102,23.574892243026454,0.7298376945193498,0.8952272359683031,0.8667352144008729,0.14184999465942383,0.06480000168085098,0.02995000034570694,0.04390000179409981,0.02850000001490116,0.28235000371932983,0.8166317939758301,0.17509999871253967,0.08749999850988388,0.03099999949336052,0.04430000111460686,0.03869999945163727,0.22390000522136688,0.7052551507949829,0.1871500015258789,0.09179999679327011,0.033250000327825546,0.051600001752376556,0.03734999895095825,0.28290000557899475,0.7667447328567505,0.6135886601616538,0.7527118267162506,0.3180498098773543,0.65482789988599,0.5377803582024377,0.49284540869097865,1.1705715295070152,0.8568414413026331,0.8222764851516243,235_9
5,0.7160920287358756,23.86423959604135,0.9279918292449845,0.9387521866682157,0.9857558337143268,0.16200000047683716,0.06939999759197235,0.03460000082850456,0.04820000007748604,0.02979999966919422,0.2955999970436096,0.8168408274650574,0.1973000019788742,0.10769999772310257,0.0357000008225441,0.05050000175833702,0.036649998277425766,0.27889999747276306,0.7677071690559387,0.2138500064611435,0.10854999721050262,0.0361500009894371,0.05389999970793724,0.03840000182390213,0.30959999561309814,0.7793103456497192,0.9214148134474519,0.3818097838161927,0.15538284664696667,-0.18125992003178235,0.057366207353671345,0.7291396643888975,0.8632878251542643,1.7530637690273512,0.6566684271981559,238_7
5,0.0409182611916421,23.7375771409805,0.7218024016729142,0.6764016605567228,0.8988502529932221,0.17462000250816345,0.07553333044052124,0.034175001084804535,0.05139999836683273,0.03350000083446503,0.30809998512268066,0.8038641810417175,0.19609999656677246,0.11172500252723694,0.045099999755620956,0.0643666684627533,0.05810000002384186,0.2558000087738037,0.6298184394836426,0.2032500058412552,0.09950000047683716,0.04235000163316727,0.0669500008225441,0.041999999433755875,0.3255999982357025,0.771490752696991,1.0831207634400797,0.7643932785724009,0.43643651501761505,-0.1828326403632275,-0.8880301886003643,0.4759552969199287,1.518148545763926,1.7546632163674782,0.3311493872586109,237_0
5,0.07505424198818389,23.849507225381792,0.7879881396576389,0.7566205307425455,0.9281191140366708,0.18369999527931213,0.08030000329017639,0.039799999445676804,0.0575999990105629,0.034299999475479126,0.35600000619888306,0.8242377638816833,0.2085999995470047,0.1103999987244606,0.04690000042319298,0.062049999833106995,0.05310000106692314,0.29100000858306885,0.691368818283081,0.21289999783039093,0.10610000044107437,0.041200000792741776,0.06679999828338623,0.03959999978542328,0.32760000228881836,0.7843137383460999,1.0744886424200855,0.6632618460364748,0.3700133281353249,0.5823057981205274,-0.004717697452293779,0.6251645342737147,1.6597737120040033,0.9492342422059064,0.6351581037640617,238_0
5,0.842664652268315,23.863161617700413,0.5700748053457688,0.6193610077217218,0.9160819808310203,0.15566666424274445,0.06767500191926956,0.03466666489839554,0.048650000244379044,0.03060000017285347,0.26053333282470703,0.7897870540618896,0.23784999549388885,0.1497499942779541,0.046549998223781586,0.06379999965429306,0.05900000035762787,0.22020000219345093,0.577363908290863,0.2151000052690506,0.09830000251531601,0.03880000114440918,0.07240000367164612,0.03929999843239784,0.36079999804496765,0.8035491108894348,0.9363911179860661,0.9641994252827443,0.38316926374428434,-0.4994238002199638,-0.8731070349946156,0.1617166069164369,1.2572470649877938,2.0937298918881044,0.3706962315536995,238_8
5,0.8238898628302174,23.406547958782454,0.9148114071407488,0.9445098926698555,0.9538795359369218,0.14665000140666962,0.0685499981045723,0.035349998623132706,0.044599998742341995,0.030649999156594276,0.26684999465942383,0.7939496040344238,0.1444000005722046,0.0746999979019165,0.029400000348687172,0.03830000013113022,0.03290000185370445,0.2037999927997589,0.7220109701156616,0.1446000039577484,0.06305000185966492,0.027950000017881393,0.041450001299381256,0.028950000181794167,0.26715001463890076,0.80445796251297,0.8050329759257128,0.4157556045488177,0.24172419274067478,0.9285441357151066,0.7977740005030396,0.8473514502757838,1.7017088968442944,0.3803247351070351,0.5302095161095921,234_8
5,0.8543427509618695,23.901968837974373,0.6076429662917627,0.6168858356167096,0.9547061321607442,0.1725499927997589,0.07596666365861893,0.0326399989426136,0.05016666650772095,0.03474999964237213,0.2974666655063629,0.7907992005348206,0.21979999542236328,0.1265999972820282,0.04458333179354668,0.07056000083684921,0.0544000007212162,0.2466599941253662,0.6386102437973022,0.22779999673366547,0.12150000035762787,0.04610000178217888,0.07039999961853027,0.052799999713897705,0.2924000024795532,0.6940903663635254,0.9872613392058204,0.917706887451766,0.2939273327608651,-0.831371795935227,-0.9175826948072084,0.9404700065018955,1.0706735558026932,2.552367989421552,0.2364014278464969,239_8
5,0.12158697370557547,23.77746233959541,0.9237282030792581,0.9388018866549565,0.9693964855737471,0.17190833389759064,0.07536666840314865,0.03363333269953728,0.04839999973773956,0.03068000078201294,0.31283333897590637,0.8213751912117004,0.2055249959230423,0.10615000128746033,0.03739999979734421,0.056299999356269836,0.038333334028720856,0.3057999908924103,0.7772181034088135,0.18835000693798065,0.08295000344514847,0.03435000032186508,0.04975000023841858,0.03135000169277191,0.3402000069618225,0.8312474489212036,0.8945967980262556,0.39309433599037724,0.21786899896187312,0.897777658268099,0.007998236708120443,0.41867312712858823,3.426447121948612,0.4560986786565792,0.3565108552545646,237_1
5,0.0008533995199115907,23.832618898040344,0.9524122965156543,0.960569220751904,0.9550935150633366,0.17659999430179596,0.07919999957084656,0.042399998754262924,0.05590000003576279,0.03539999946951866,0.3061999976634979,0.7927400469779968,0.18539999425411224,0.0989999994635582,0.038600001484155655,0.052799999713897705,0.04259999841451645,0.23199999332427979,0.6897305250167847,0.18150000274181366,0.08630000054836273,0.03579999879002571,0.04899999871850014,0.03139999881386757,0.2987000048160553,0.8097546100616455,0.9096415747751958,0.3097418254726502,0.24470904751310496,0.40852963190202896,-0.6220801690616943,-0.670225106934597,1.9498114658105772,1.1499537761600545,0.6365571179409597,238_0
5,0.8834481661673426,23.445983999755306,0.5759030615646159,0.7282540532942033,0.8878464057461118,0.131850004196167,0.06174999848008156,0.03474999964237213,0.04035000130534172,0.03034999966621399,0.21449999511241913,0.7520931363105774,0.20340000092983246,0.1404000073671341,0.04035000130534172,0.0502999983727932,0.05584999918937683,0.17790000140666962,0.5221390724182129,0.20020000636577606,0.09570000320672989,0.040699999779462814,0.07039999961853027,0.041999999433755875,0.3456000089645386,0.7832817435264587,0.7888778726560635,0.9570879698278664,0.3759125202680509,-0.8014231122813951,-0.12841464790609233,-0.34673646148418796,0.6796996088749342,2.5004671632067765,0.6467642113350027,234_8
5,0.10119521675606258,23.76695205077121,0.7996308251003924,0.8792064297276608,0.8940002699106799,0.16516666114330292,0.06912499666213989,0.03480000048875809,0.0488400012254715,0.03044999949634075,0.32245001196861267,0.8274298906326294,0.18619999289512634,0.10180000215768814,0.03970000147819519,0.053199999034404755,0.04729999974370003,0.2292666733264923,0.6579486727714539,0.18979999423027039,0.0843999981880188,0.030500000342726707,0.04904999956488609,0.02810000069439411,0.35740000009536743,0.8542153239250183,0.7709825586870273,0.644116148149141,0.3547796258988352,0.8381067355611238,-0.8560062882423833,-0.9277057991331379,4.503157325422051,0.5769930699960863,0.34446951640448525,237_1
5,0.748341547435766,23.71305313372404,0.766264034786254,0.7338901770989508,0.8973797706232228,0.13729999959468842,0.06080000102519989,0.03099999949336052,0.0430000014603138,0.03240000084042549,0.24040000140666962,0.7624633312225342,0.19850000739097595,0.11715000122785568,0.033799998462200165,0.04540000110864639,0.03869999945163727,0.17579999566078186,0.6391608119010925,0.1834000051021576,0.08640000224113464,0.03060000017285347,0.05009999871253967,0.027699999511241913,0.30979999899864197,0.8358518481254578,1.0701857784871798,0.6977900072308285,0.4353457122817809,0.45001994083010044,0.19733973128198637,-0.25857737141115883,1.2428822659914585,1.104008658179102,0.8998533447917608,237_7
5,0.9477675405103003,23.67352726122278,0.7494294565379508,0.7930354204110123,0.9243396067611298,0.14100000262260437,0.06270000338554382,0.029200000688433647,0.04064999893307686,0.030400000512599945,0.249099999666214,0.7824686765670776,0.20804999768733978,0.12380000203847885,0.04650000110268593,0.06004999950528145,0.0625,0.19339999556541443,0.511527955532074,0.19619999825954437,0.09759999811649323,0.03500000014901161,0.05220000073313713,0.03700000047683716,0.32679998874664307,0.7965915203094482,0.9052291111157854,0.723596407134013,0.3502041873955936,-0.006139113545347213,-0.5834337535859544,-0.6910577743927844,1.391145409467517,1.5769354789034482,0.4207882812275976,236_9
5,0.8397900433591339,23.45532647871015,0.8112722428794059,0.8690258941308617,0.9002971530335907,0.1509000062942505,0.0706000030040741,0.03310000151395798,0.05090000107884407,0.03449999913573265,0.30550000071525574,0.7970588207244873,0.17790000140666962,0.09640000015497208,0.03460000082850456,0.0478999987244606,0.037300001829862595,0.25440001487731934,0.7442578077316284,0.164900004863739,0.07280000299215317,0.03629999980330467,0.05445000156760216,0.03420000150799751,0.32534998655319214,0.809762179851532,0.8288068559430102,0.6244714782170645,0.3650158275505929,0.8663736018911042,0.29033733510197296,-0.1545902564909814,2.440642966073522,0.5229019588268307,0.5043206752531347,234_8
5,0.00983655236110792,23.693110534416583,0.8215947227584219,0.8851224688224344,0.9193177284754732,0.1662999987602234,0.07410000264644623,0.03480000048875809,0.04839999973773956,0.03280000016093254,0.24549999833106995,0.7642831206321716,0.21850000321865082,0.13009999692440033,0.041099999099969864,0.05490000173449516,0.05490000173449516,0.19349999725818634,0.5579710006713867,0.20329999923706055,0.09319999814033508,0.037300001829862595,0.06129999831318855,0.03539999946951866,0.38839998841285706,0.8329400420188904,0.7979630483955259,0.6065935151264817,0.3209349715001385,-0.4669824000645368,-0.40930374410904247,-0.5746435576495728,0.9687921380959976,2.0566714722312853,0.2872317359771893,236_0
5,0.05942355604450533,23.63130644286916,0.9805856690436838,0.9679566503936836,0.9733287103812585,0.18185000121593475,0.07715000212192535,0.03505000099539757,0.05025000125169754,0.03280000016093254,0.31014999747276306,0.8087184429168701,0.18619999289512634,0.10339999943971634,0.03370000049471855,0.04809999838471413,0.03579999879002571,0.25760000944137573,0.7559645771980286,0.19460000097751617,0.08855000138282776,0.03044999949634075,0.045499999076128006,0.03060000017285347,0.3093000054359436,0.8199470639228821,1.2860834759701913,0.1973700970258093,0.21880201068139102,0.8502636030082774,0.23205563843538665,0.6390881976287571,2.4112947872356196,0.5543104289694702,0.49162943058279446,236_0
5,0.27358191977859825,23.96440175022068,0.8260050800560103,0.7460643050221274,0.8666277884130862,0.17970000207424164,0.07989999651908875,0.03844999894499779,0.052650000900030136,0.03519999980926514,0.3050999939441681,0.793123722076416,0.2393999993801117,0.13379999995231628,0.05270000174641609,0.06859999895095825,0.06939999759197235,0.23759999871253967,0.5478827357292175,0.218299999833107,0.10154999792575836,0.03929999843239784,0.0551999993622303,0.04024999961256981,0.3177500069141388,0.7751396894454956,1.216847594317182,0.5988133262166758,0.49606535627694587,0.19585745602391064,-0.6757224723651679,0.2897233369306655,1.6836284009086273,1.3736645619595822,0.598457247429163,239_2
5,0.1294921482058271,23.996651268920573,0.926835292314301,0.9520116163880427,0.9595148196779368,0.17274999618530273,0.07980000227689743,0.03920000046491623,0.053950000554323196,0.03629999980330467,0.28529998660087585,0.7742537260055542,0.1696999967098236,0.08969999849796295,0.03689999878406525,0.05299999937415123,0.04050000011920929,0.2513999938964844,0.7225077152252197,0.188400000333786,0.08810000121593475,0.0348999984562397,0.05420000106096268,0.03500000014901161,0.29420000314712524,0.7873632907867432,0.8081375967975089,0.3849018420738311,0.22681635739629008,0.39114667514278606,0.059377152944841416,-0.46693554146640937,1.292975877695549,1.1689191221409179,0.8442859276610142,239_1
5,0.9495641710785385,23.6067824356127,0.7623099834579931,0.729493767886571,0.8824098992476349,0.1598999947309494,0.065700002014637,0.026599999517202377,0.04470000043511391,0.024399999529123306,0.3508000075817108,0.8699360489845276,0.22939999401569366,0.15025000274181366,0.04295000061392784,0.05764999985694885,0.06814999878406525,0.21815000474452972,0.5239259600639343,0.19930000603199005,0.09229999780654907,0.031300000846385956,0.05290000140666962,0.02930000051856041,0.3752000033855438,0.8551297783851624,1.0700266129743365,0.7039215459121114,0.4622167136375254,0.7777541226848795,-0.8797840724399294,-0.6316315898238318,3.893128616723691,0.6797114530542893,0.4679432215294251,236_9
5,0.0011228941051477648,23.8172577066819,0.8627410897621521,0.8494386767813699,0.9575956486732621,0.1753000020980835,0.07779999822378159,0.03674999997019768,0.04859999939799309,0.03334999829530716,0.2851000130176544,0.7905479669570923,0.18289999663829803,0.09200000017881393,0.04439999908208847,0.05739999935030937,0.0551999993622303,0.2508000135421753,0.6392157077789307,0.194350004196167,0.09189999848604202,0.037700001150369644,0.05665000155568123,0.03545000031590462,0.3248499929904938,0.8032195568084717,1.0485638627400566,0.5301305025805781,0.28441272161740216,0.2550129917555821,-0.6994681295819369,-0.5633034285534076,1.7864166864661317,1.3129351876306217,0.5935210455620479,238_0
5,0.01567560170788518,23.96700686454463,0.7663212272333073,0.7346203135723537,0.8747780299801883,0.17055000364780426,0.0775500014424324,0.03765000030398369,0.05050000175833702,0.034049998968839645,0.31189998984336853,0.8031507730484009,0.22360000014305115,0.14409999549388885,0.045499999076128006,0.05909999832510948,0.06129999831318855,0.2320999950170517,0.5821404457092285,0.2071000039577484,0.09269999712705612,0.03700000047683716,0.057999998331069946,0.03550000116229057,0.397599995136261,0.8360655903816223,1.0687808102718235,0.6977009906009948,0.4740877244678789,0.5107369058729369,-0.8946298469787819,-0.33063372799868984,2.588438203163321,1.0347546251672555,0.4219724792992882,239_0
5,0.022682460924016823,23.677929006114965,0.7396498546015113,0.7588332510445738,0.9149080674469242,0.17020000517368317,0.07569999992847443,0.03660000115633011,0.051100000739097595,0.03180000185966492,0.31040000915527344,0.8141437768936157,0.2240000069141388,0.13670000433921814,0.045499999076128006,0.05909999832510948,0.052000001072883606,0.21199999749660492,0.6060606241226196,0.21439999341964722,0.10220000147819519,0.03660000115633011,0.0617000013589859,0.03720000013709068,0.36039999127388,0.8128772377967834,0.9607585545063702,0.7382463990595172,0.38477682042332273,0.24002192956874543,-0.9434268157228431,-0.15843743341104427,2.110506856056672,1.3284078858893895,0.3240961983816873,236_0
5,0.11925135396686493,23.782582736714886,0.7770320511689157,0.9011140696041404,0.9143763676496824,0.162650004029274,0.07134285569190979,0.03207499906420708,0.04349999874830246,0.028114285320043564,0.2720666527748108,0.8126844167709351,0.18886665999889374,0.11147499829530716,0.03932499885559082,0.05730000138282776,0.04309999942779541,0.2345999926328659,0.6895930767059326,0.21070000529289246,0.09605000168085098,0.033900000154972076,0.05530000105500221,0.03355000168085098,0.3853999972343445,0.8398376703262329,0.6586737038254924,0.680859393293315,0.26872849873440213,0.11308706768969665,-0.6633460552672739,-0.6756887754486948,1.575389372003278,1.4574668221493652,0.44101023341609324,237_1
5,0.5680496699129787,23.19409639408819,0.8742201595488444,0.8712907929860474,0.9169687362134548,0.1599999964237213,0.07479999959468842,0.03350000083446503,0.05009999871253967,0.029999999329447746,0.2786000072956085,0.805573582649231,0.2186499983072281,0.1391499936580658,0.04430000111460686,0.0572500005364418,0.05635000020265579,0.23170000314712524,0.6087484955787659,0.1895499974489212,0.08540000021457672,0.028200000524520874,0.051500000059604645,0.02785000018775463,0.3239000141620636,0.8416488766670227,1.0118369312373052,0.5069690043968418,0.3722702194682081,0.698443003275532,-0.9350283694157613,-0.7822207667528396,3.4844739797355873,0.7975767387360168,0.3052085285813386,231_5
5,0.6802492488995071,23.53401889759902,0.8476156779377285,0.8268322779471,0.9056661479237647,0.12929999828338623,0.05869999900460243,0.030300000682473183,0.040300000458955765,0.0284000001847744,0.20000000298023224,0.7513135075569153,0.1793999969959259,0.10499999672174454,0.03474999964237213,0.0478999987244606,0.04075000062584877,0.20229999721050262,0.6646780371665955,0.16580000519752502,0.07575000077486038,0.027049999684095383,0.039500001817941666,0.026350000873208046,0.24619999527931213,0.8066409826278687,1.0679813172940522,0.5593208363521514,0.4090615864986019,0.8537833397832394,0.5129081680839805,0.34353006958006427,1.8850473704046828,0.5475868912766186,0.8390833024696981,235_6
5,0.07532373657342006,23.667239054233946,0.5319455461559827,0.7675713631568377,0.747092739801818,0.16680000722408295,0.07235000282526016,0.03840000182390213,0.053700000047683716,0.03420000150799751,0.30855000019073486,0.8004376292228699,0.2276500016450882,0.14534999430179596,0.04794999957084656,0.0640999972820282,0.06390000134706497,0.23559999465942383,0.5732887983322144,0.23319999873638153,0.10769999772310257,0.03920000046491623,0.06379999965429306,0.038100000470876694,0.39160001277923584,0.8226670026779175,0.6889325458379091,1.0098998296407011,0.5007626179692029,0.152320095719096,-0.7995379754871696,0.10537192076601783,1.7613057226709328,1.4178809883056882,0.5548989075372424,236_0
5,0.042445397174645905,23.748356924389938,0.699092799873943,0.6841199352983012,0.8712457814631085,0.15950000286102295,0.06939999759197235,0.03616666793823242,0.04724999889731407,0.03150000050663948,0.2607666552066803,0.7844434380531311,0.21570000052452087,0.13136667013168335,0.040550000965595245,0.053199999034404755,0.04735000059008598,0.2062000036239624,0.6265036463737488,0.2126999944448471,0.10270000249147415,0.0369499996304512,0.05784999951720238,0.040550000965595245,0.3127500116825104,0.7704500555992126,1.0260228066750923,0.7966683748815947,0.47949715663083015,-0.6824095085062285,-0.5749578714694791,0.023980894344737227,0.9403487606602301,2.3218502271732477,0.6445565030117694,237_0
5,0.02097566188419009,23.63966077501147,0.8990641892236462,0.7966039543836173,0.875787139509972,0.1754000037908554,0.07670000195503235,0.035999998450279236,0.051899999380111694,0.031599998474121094,0.36739999055862427,0.8416039943695068,0.25760000944137573,0.17949999868869781,0.051500000059604645,0.06589999794960022,0.07289999723434448,0.25040000677108765,0.5490257143974304,0.2184000015258789,0.10010000318288803,0.03750000149011612,0.06279999762773514,0.03849999979138374,0.3880000114440918,0.8194607496261597,1.4324458534630844,0.4531689731962334,0.48223840016468694,0.6244713625737381,-0.637709549175053,0.10814093897946246,2.5239449458157885,0.8963418083041148,0.41593508416664404,236_0
5,0.9663626668915732,23.43197028132304,0.8946155257766917,0.9222990881719549,0.9636214333912623,0.16410000622272491,0.11270000040531158,0.03660000115633011,0.051899999380111694,0.040699999779462814,0.2142000049352646,0.6806591153144836,0.18619999289512634,0.09740000218153,0.02759999968111515,0.04270000010728836,0.031300000846385956,0.2387000024318695,0.7681481242179871,0.17229999601840973,0.08250000327825546,0.032499998807907104,0.04800000041723251,0.03099999949336052,0.3149999976158142,0.8208092451095581,0.8566193363669946,0.46322630212546395,0.23079391063395785,-0.41764046833155677,0.3223815193145152,0.5512101825062523,0.6207660027185681,2.001643240441074,0.5712256212593846,234_9
5,0.8922516559517142,23.59384669552138,0.6228629798878113,0.5300501580366939,0.8678987026697359,0.14110000431537628,0.06210000067949295,0.029899999499320984,0.04600000008940697,0.032600000500679016,0.2660999894142151,0.781720757484436,0.2117999941110611,0.1379999965429306,0.0421999990940094,0.05530000105500221,0.0568000003695488,0.19155000150203705,0.5425810217857361,0.19699999690055847,0.08410000056028366,0.03020000085234642,0.05400000140070915,0.027499999850988388,0.3684999942779541,0.8611111044883728,1.1265998549008036,0.8983993803684147,0.49655877182907776,0.2804126732707099,-0.6065690838622725,-0.8230643923477965,1.7274849510608483,1.2865723226315944,0.4114732641073213,235_8
5,0.8554207293028124,23.826510354108336,0.9624804338555497,0.9215755889588501,0.9721006923519347,0.17274999618530273,0.07765000313520432,0.03493333235383034,0.051899999380111694,0.033900000154972076,0.28885000944137573,0.7899302840232849,0.19259999692440033,0.10660000145435333,0.03680000081658363,0.051649998873472214,0.03880000114440918,0.27219998836517334,0.7504823207855225,0.17110000550746918,0.07750000059604645,0.03400000184774399,0.049300000071525574,0.032099999487400055,0.28439998626708984,0.7971563935279846,1.450806190963052,0.27479651343602896,0.22877589140755858,0.9710285120831288,-0.2922447210733937,-0.11382543997606855,7.738837722109285,0.24129844604939846,0.6393577001425179,238_8
5,0.013609476554409028,23.644242182960483,0.6544078460344342,0.7583983667004129,0.8683903669972256,0.1662999987602234,0.07270000129938126,0.03644999861717224,0.050999999046325684,0.035999998450279236,0.2727000117301941,0.7667638659477234,0.24740000069141388,0.16830000281333923,0.04520000144839287,0.058800000697374344,0.05909999832510948,0.2370000034570694,0.6008105278015137,0.22709999978542328,0.11569999903440475,0.03959999978542328,0.06689999997615814,0.041999999433755875,0.3452000021934509,0.7830578684806824,0.8280224164321427,0.8573970975529083,0.4274119917733651,-0.7060391808198442,-0.9248259654139863,0.42875134093998374,1.1684676297530394,2.354685812755828,0.21084906076425614,236_0
5,0.051248886959017526,23.846003795773726,0.8445767133304688,0.8576950539680933,0.9324004572221873,0.15189999341964722,0.0658000037074089,0.032600000500679016,0.04749999940395355,0.030500000342726707,0.27900001406669617,0.8029079437255859,0.2287999987602234,0.1485999971628189,0.051899999380111694,0.06560000032186508,0.06689999997615814,0.2264000028371811,0.5438117980957031,0.22110000252723694,0.1145000010728836,0.043299999088048935,0.061400000005960464,0.04605000093579292,0.3109000027179718,0.7419806718826294,0.9557615677359722,0.5650222012207775,0.33680024600777175,-0.8826042869194797,-0.9384694683304279,0.7035496303670922,1.0515797428947182,2.652169704777182,0.22104767579827675,238_0
5,0.7681044836863951,23.339264144001902,0.9293230123983013,0.8998547837972589,0.9365896772024955,0.17010000348091125,0.07159999758005142,0.03590000048279762,0.04989999905228615,0.030649999156594276,0.3843500018119812,0.8522891402244568,0.2097499966621399,0.131400004029274,0.04969999939203262,0.0669500008225441,0.06965000182390213,0.3064500093460083,0.6296197772026062,0.1873999983072281,0.08789999783039093,0.030500000342726707,0.0478999987244606,0.030500000342726707,0.28949999809265137,0.809374988079071,1.1933757746730547,0.3782210563484329,0.3412254648730044,0.5677183699857491,-0.4511658691179089,-0.8714452400573149,2.108305260808451,0.9670647114517066,0.4876290284824254,233_7
5,0.05187770765790134,23.92056396435565,0.9578954114149751,0.9171785251022109,0.9683537507902573,0.18490000069141388,0.08399999886751175,0.03970000147819519,0.053599998354911804,0.035599999129772186,0.313400000333786,0.7959885597229004,0.2117999941110611,0.10935000330209732,0.03869999945163727,0.055149998515844345,0.04439999908208847,0.29260000586509705,0.7364985346794128,0.19789999723434448,0.09399999678134918,0.04019999876618385,0.05700000002980232,0.03610000014305115,0.34279999136924744,0.8094484210014343,1.4073918723479493,0.2912161317275073,0.2469376270133865,0.8590434647129497,-0.08645682755022031,0.3629382446972709,3.0840469498668233,0.5373981826052491,0.5128975483723581,239_0
5,0.10703426610283984,23.790937068857204,0.7914234516313706,0.7661699438641953,0.9442430740490932,0.17100000381469727,0.0746999979019165,0.030799999833106995,0.04569999873638153,0.0284000001847744,0.30239999294281006,0.8282950520515442,0.2198999971151352,0.11964999884366989,0.04904999956488609,0.06449999660253525,0.05445000156760216,0.2592499852180481,0.6528530120849609,0.226950004696846,0.1071000024676323,0.03750000149011612,0.057500001043081284,0.03669999912381172,0.3596999943256378,0.8148335218429565,1.061238574222907,0.6576621416985098,0.32779819749393024,0.0739754802286514,-0.967131414949759,0.13084540303668757,1.9271664218607003,1.496753209652613,0.15319909113972496,237_1
5,0.09841043937529292,23.902507827144845,0.66748843678111,0.5659791881423772,0.8398415124694745,0.16769999265670776,0.0737999975681305,0.0364999994635582,0.04910000041127205,0.030400000512599945,0.28859999775886536,0.8094043731689453,0.2479500025510788,0.16955000162124634,0.04814999923110008,0.06379999965429306,0.06464999914169312,0.22840000689029694,0.5587784051895142,0.20730000734329224,0.093299999833107,0.041200000792741776,0.06019999831914902,0.03669999912381172,0.3749000132083893,0.8216715455055237,1.1538279895869032,0.8399656058937374,0.5427833320283205,0.07693466752070795,-0.9518336701140294,-0.056096478936673216,1.8944875330310311,1.493785561090583,0.3061329665812142,239_0
5,0.8809328833718073,23.601841701550043,0.8541929947683741,0.8945715018962485,0.8953629819424431,0.1525000035762787,0.07020000368356705,0.02879999950528145,0.04600000008940697,0.03269999846816063,0.29319998621940613,0.7993249297142029,0.22709999978542328,0.1506499946117401,0.047200001776218414,0.06159999966621399,0.06719999760389328,0.24244999885559082,0.5659615993499756,0.19290000200271606,0.08749999850988388,0.03220000118017197,0.0544000007212162,0.03680000081658363,0.35569998621940613,0.812484085559845,0.8473394461278113,0.5467995358211929,0.3688446838993599,0.4435598518839667,-0.88305607452707,-0.5057906170496491,2.3875638698233517,1.1112295753258574,0.4516677029012166,236_8
5,0.3126586346377973,23.938440438509623,0.8350228198689145,0.9139342595142408,0.9207266629328532,0.1753000020980835,0.07850000262260437,0.038600001484155655,0.05290000140666962,0.03400000184774399,0.31839999556541443,0.8070374727249146,0.19065000116825104,0.10495000332593918,0.0442500002682209,0.05490000173449516,0.04800000041723251,0.2632000148296356,0.6915166974067688,0.2093999981880188,0.10189999639987946,0.04320000112056732,0.06040000170469284,0.040300000458955765,0.34709998965263367,0.791946291923523,0.7173124893961494,0.5826220684100376,0.287594548187183,0.3852521882954494,-0.566343953110291,0.2169124099058648,1.8487460013512127,1.1753152372081486,0.6759810162242326,239_3
5,0.5825125459873028,23.96125764672626,0.9069179715429003,0.8361740288278207,0.9240387277185114,0.18160000443458557,0.08275000005960464,0.044349998235702515,0.06480000168085098,0.037450000643730164,0.28999999165534973,0.7712627649307251,0.22130000591278076,0.13210000097751617,0.04179999977350235,0.06620000302791595,0.04479999840259552,0.2768000066280365,0.7213930487632751,0.22179999947547913,0.10599999874830246,0.04439999908208847,0.07129999995231628,0.041200000792741776,0.34119999408721924,0.784518837928772,1.3348926191784034,0.4348862507653899,0.382273565812422,0.7527590795363504,0.42178773559718047,0.7804602481411869,1.5800925221230913,0.7185529875789376,0.5722896092659052,239_5
5,0.5819735568168305,23.99323767084092,0.8064477984911316,0.8376007938271164,0.9263394692929305,0.18539999425411224,0.08070000261068344,0.038600001484155655,0.05939999967813492,0.03689999878406525,0.3409999907016754,0.8047102689743042,0.26190000772476196,0.13459999859333038,0.042399998754262924,0.06560000032186508,0.054499998688697815,0.3183000087738037,0.7076180577278137,0.2243500053882599,0.10689999908208847,0.040300000458955765,0.06620000302791595,0.03660000115633011,0.3919999897480011,0.8292113542556763,0.9134524928656189,0.6326764518805922,0.34415304801093194,0.824049626504899,0.14999705689997464,0.6331137587301311,2.3581154414889256,0.6022737503894695,0.4106521118589341,239_5
5,0.043792870100825,23.758418055572072,0.8325913878390311,0.8012151815149324,0.9617040484680351,0.18234999477863312,0.07805000245571136,0.03922000154852867,0.05006000027060509,0.03220000118017197,0.31850001215934753,0.8163672685623169,0.21709999442100525,0.11412499845027924,0.0414208322763443,0.05822499841451645,0.046549998223781586,0.26750001311302185,0.703550398349762,0.20819999277591705,0.09989999979734421,0.035599999129772186,0.05700000002980232,0.03579999879002571,0.32760000228881836,0.8029719591140747,1.0927499047307312,0.5870264185079844,0.2740884524367409,0.46480791378580744,-0.565248173408043,0.13775597607031598,1.9970323560284802,1.0873786736187951,0.689857016511028,237_0
5,0.8720395620590242,23.92532503536148,0.35545344618733415,0.5197570047068816,0.8817898603160497,0.14970000088214874,0.06404999643564224,0.033235713839530945,0.05130000039935112,0.032499998807907104,0.2621999979019165,0.7794367074966431,0.19789999723434448,0.1412999927997589,0.05169999971985817,0.060499999672174454,0.06565000116825104,0.13699999451637268,0.35208484530448914,0.1656000018119812,0.1185000017285347,0.04535000026226044,0.05445000156760216,0.05739999935030937,0.125900000333786,0.37370431423187256,0.8482957008833824,1.2073971762863338,0.4167993740011003,-0.2714076936749651,-0.5347126297701212,0.9526507382774874,1.1567534792921557,1.8456516501591878,0.10064867440997381,239_8
5,0.10703426610283984,23.711525997741035,0.8763307856189344,0.8538932774355111,0.9533182636258706,0.15889999270439148,0.07270000129938126,0.03500000014901161,0.04780000075697899,0.031300000846385956,0.26135000586509705,0.7860925793647766,0.1968500018119812,0.11829999834299088,0.03779999911785126,0.05184999853372574,0.045766666531562805,0.20829999446868896,0.6397271156311035,0.19634999334812164,0.09165000170469284,0.031449999660253525,0.05339999869465828,0.031449999660253525,0.31220000982284546,0.8169649243354797,1.089077755554056,0.5026047851590228,0.2995228768809712,0.3043498318926837,-0.3791889460062816,-0.6112329241825453,1.5534308427398615,1.2615405199686693,0.7650323724185828,237_1
5,0.87689046459327,23.867922688706244,0.5157015894723601,0.4768710624858004,0.933190071721446,0.1573600023984909,0.07010000199079514,0.03680000081658363,0.049400001764297485,0.035599999129772186,0.2704666554927826,0.7673709392547607,0.21654999256134033,0.13015000522136688,0.04794999957084656,0.06889999657869339,0.06350000202655792,0.21559999883174896,0.544965922832489,0.20409999787807465,0.09494999796152115,0.039650000631809235,0.07304999977350235,0.04010000079870224,0.30649998784065247,0.768609344959259,1.043475349103119,1.028970000250587,0.35934690254389534,-0.5353009336426084,-0.7013161089126396,0.3936960983608558,1.0994437650287912,2.1356603109687375,0.7125217890388458,238_8
5,0.129941305847888,23.978505300181354,0.7898587572490459,0.8300618386356892,0.8909915816544108,0.1732500046491623,0.07639999687671661,0.03590000048279762,0.04984999820590019,0.034449998289346695,0.2667999863624573,0.7712863087654114,0.24905000627040863,0.16625000536441803,0.053050000220537186,0.06655000150203705,0.06549999862909317,0.24924999475479126,0.5837966799736023,0.22349999845027924,0.11129999905824661,0.04280000180006027,0.06480000168085098,0.04309999942779541,0.365200012922287,0.7888807058334351,0.8960344346628807,0.6602176673735012,0.4046236181703419,-0.687514892559992,-0.9072157146763173,0.496111443274326,1.1625501075762543,2.3288576003799863,0.3822004414583623,239_1
5,0.17880965730399012,23.984793507170195,0.8313269897524113,0.8144500109900653,0.9448757063685176,0.1703999936580658,0.07919999957084656,0.035599999129772186,0.0494999997317791,0.03590000048279762,0.29899999499320984,0.785607635974884,0.25440001487731934,0.14890000224113464,0.03669999912381172,0.05420000106096268,0.04360000044107437,0.29170000553131104,0.7399343848228455,0.21570000052452087,0.10159999877214432,0.033399999141693115,0.05220000073313713,0.03240000084042549,0.3621000051498413,0.8357414603233337,1.0504158912813393,0.5893052870632074,0.323259648461607,0.3776813052977762,-0.5835655716977647,0.43443303291190377,1.8537378236075628,1.183505477136819,0.3991231655985703,239_1
5,0.019628188958010995,23.634809872477227,0.9498694614395051,0.8580920105699742,0.930120811842841,0.1995999962091446,0.08410000056028366,0.039900001138448715,0.0544000007212162,0.03420000150799751,0.40560001134872437,0.844474732875824,0.21389999985694885,0.12165000289678574,0.04390000179409981,0.059300001710653305,0.04874999821186066,0.27619999647140503,0.6999538540840149,0.2001499980688095,0.09049999713897705,0.03310000151395798,0.05559999868273735,0.03440000116825104,0.38760000467300415,0.8369668126106262,1.69588330075934,0.3179782217482034,0.3581540728882878,0.9164186812044035,-0.07706713623355947,-0.19971786605461744,4.00220581028982,0.41175792395357436,0.9434091383939842,236_0
5,0.10622578234713131,23.913557105139517,0.8119501137660209,0.8057069530971808,0.9484633498989902,0.17910000681877136,0.07689999788999557,0.039400000125169754,0.05249999836087227,0.03370000049471855,0.3452000021934509,0.8221166729927063,0.22599999606609344,0.13234999775886536,0.048700001090765,0.06154999881982803,0.05525000020861626,0.28189998865127563,0.6722527146339417,0.20250000059604645,0.09809999912977219,0.03579999879002571,0.05400000140070915,0.032600000500679016,0.3046000003814697,0.8066429495811462,1.0170334652578417,0.623311133346377,0.3109620286882447,0.5825265847474642,-0.3510849976390216,-0.18277679521316342,2.033300224017717,0.9489626354404989,0.9359615216757136,239_1
5,0.9108467823329871,23.572826117872978,0.8620892381468045,0.919882455643225,0.9236884703351758,0.14399999380111694,0.06360000371932983,0.028449999168515205,0.040699999779462814,0.03085000067949295,0.2624000012874603,0.7895992994308472,0.18369999527931213,0.14249999821186066,0.03539999946951866,0.0471000000834465,0.05000000074505806,0.18129999935626984,0.5676610469818115,0.19760000705718994,0.08900000154972076,0.02889999933540821,0.04919999837875366,0.027799999341368675,0.3720000088214874,0.8609304428100586,0.758377545857894,0.5314182346237023,0.2955149624888992,0.3888092419490895,-0.12820957901925098,-0.6273997906363519,1.4506371084436198,1.171457537378307,0.7684991590249962,235_9
5,0.11745472339862673,23.972396756249346,0.5699667739066435,0.8135050263251604,0.8340886425104002,0.15919999778270721,0.07244999706745148,0.03894999995827675,0.05195000022649765,0.03440000116825104,0.2738499939441681,0.776804506778717,0.21209999918937683,0.1542000025510788,0.05079999938607216,0.06129999831318855,0.06499999761581421,0.18960000574588776,0.4893951416015625,0.22349999845027924,0.11190000176429749,0.041200000792741776,0.07800000160932541,0.04390000179409981,0.3375999927520752,0.769855797290802,0.6435990003236761,0.9643309095322358,0.3673934822135949,-0.48167198614600926,-0.6130947988602928,0.24921514314544907,1.0759205506719232,2.073357935301591,0.7882563575857066,239_1
5,0.8054743995057674,23.490630269376048,0.7445415305768447,0.7216972461276466,0.8553887725139286,0.14069999754428864,0.05649999901652336,0.028300000354647636,0.046799998730421066,0.02889999933540821,0.2879999876022339,0.8176080584526062,0.23029999434947968,0.1597999930381775,0.04019999876618385,0.05040000006556511,0.05389999970793724,0.210999995470047,0.5930539965629578,0.19449999928474426,0.08789999783039093,0.03669999912381172,0.05640000104904175,0.03539999946951866,0.34450000524520874,0.8136351704597473,1.0459631378861611,0.7309485162006661,0.5021601652528216,0.19860888630803805,-0.7744208236999193,-0.5760444657262367,1.7920130759083186,1.3708580002674924,0.4633211345245852,234_8
5,0.6174570105395514,23.08270529885737,0.6878144069333638,0.7595576508665449,0.8619865611679536,0.14630000293254852,0.06584999710321426,0.03440000116825104,0.051350001245737076,0.032749999314546585,0.28654998540878296,0.794863760471344,0.24899999797344208,0.16590000689029694,0.047200001776218414,0.06069999933242798,0.06800000369548798,0.1891999989748001,0.47122859954833984,0.20550000667572021,0.09925000369548798,0.032499998807907104,0.05290000140666962,0.034449998289346695,0.36215001344680786,0.8262733221054077,0.8717763519771613,0.8123225151395228,0.45194953380868746,0.09614031091283617,-0.9048151972851509,-0.4711186982301482,1.8323014421959796,1.4745072929617387,0.17993728260311298,230_6
5,0.046667479010007895,23.892895853604763,0.8552504155308911,0.8003614421507947,0.922263877392556,0.19910000264644623,0.0868000015616417,0.04170000180602074,0.05730000138282776,0.0340999998152256,0.36489999294281006,0.8290726542472839,0.23309999704360962,0.12890000641345978,0.05375000089406967,0.07055000215768814,0.05139999836683273,0.2908500134944916,0.6996347904205322,0.22660000622272491,0.11410000175237656,0.039900001138448715,0.06390000134706497,0.03799999877810478,0.3919999897480011,0.8232558369636536,1.1801445933044339,0.5447624525828343,0.3859128340831575,0.853649076783048,0.27388848593634535,0.5235356592997481,2.360819529364002,0.5478447231655638,0.7845711300673717,238_0
5,0.11278348392120385,23.652147357460734,0.5700091479321902,0.6417784906021272,0.8033190719388826,0.15549999475479126,0.06975000351667404,0.034299999475479126,0.05130000039935112,0.03139999881386757,0.30730000138282776,0.8145852088928223,0.22014999389648438,0.13439999520778656,0.049400001764297485,0.06154999881982803,0.059050001204013824,0.2328999936580658,0.5954786539077759,0.22169999778270721,0.1023000031709671,0.036400001496076584,0.06480000168085098,0.035999998450279236,0.3808000087738037,0.8272553086280823,0.906356878375978,0.964279337855021,0.551900240882619,0.07035333435233049,-0.9487648118185316,-0.08677902314909093,1.8795844366629662,1.5003848260815609,0.31534445456604493,236_1
5,0.7637027387942101,23.334413241467658,0.8268575782449036,0.8619800260775695,0.8450030381063326,0.13740000128746033,0.06019999831914902,0.027000000700354576,0.039500001817941666,0.024399999529123306,0.263700008392334,0.8306143879890442,0.15489999949932098,0.07590000331401825,0.03970000147819519,0.04670000076293945,0.05869999900460243,0.21089999377727509,0.5645400285720825,0.17810000479221344,0.08839999884366989,0.031849998980760574,0.05299999937415123,0.03454999998211861,0.3443000018596649,0.8176059126853943,0.8900626177579803,0.5972992196893044,0.44908847044964123,0.4845119353410957,-0.06357387045235284,-0.6722299246527306,1.534672909763899,1.0649911708697133,0.6769908265544908,233_7
5,0.9105772877477509,23.57291594940139,0.5460461407724617,0.7628540798713888,0.7971971869571947,0.1368499994277954,0.060750000178813934,0.030400000512599945,0.04075000062584877,0.030649999156594276,0.2418999969959259,0.7750871181488037,0.22965000569820404,0.16680000722408295,0.03790000081062317,0.04690000042319298,0.058800000697374344,0.18870000541210175,0.524848461151123,0.22139999270439148,0.1031000018119812,0.03220000118017197,0.05249999836087227,0.031599998474121094,0.37070000171661377,0.8429033160209656,0.7079233724183819,0.9931589765712059,0.46001009223132655,-0.18308209941871714,-0.3748101739101668,-0.3324821744641739,1.1140061820492493,1.7549169583737239,0.8324985594239407,235_9
5,0.6936341466328866,23.668676358688536,0.6567155427311031,0.6494023452074816,0.9755265327962909,0.14640000462532043,0.062950000166893,0.03720000013709068,0.05299999937415123,0.030750000849366188,0.29374998807907104,0.8104776740074158,0.15600000321865082,0.08789999783039093,0.04019999876618385,0.05364999920129776,0.051649998873472214,0.21170000731945038,0.6077463626861572,0.15410000085830688,0.0681999996304512,0.02979999966919422,0.05079999938607216,0.03220000118017197,0.25440001487731934,0.7752965688705444,1.011303408701538,0.8543411149839789,0.21957478946495745,0.7244749848559057,-0.21149024275407963,-0.012503872944294558,2.345614340433294,0.7605239007008701,0.9558230978627602,236_6
5,0.10002740688670819,23.75814856098684,0.9046814683554857,0.8219085508915405,0.9224409719090387,0.17731666564941406,0.07590000331401825,0.037566665560007095,0.05511999875307083,0.036633335053920746,0.31139999628067017,0.7894837260246277,0.19214999675750732,0.10639999806880951,0.03815000131726265,0.05460000038146973,0.040166664868593216,0.2897999882698059,0.7565410733222961,0.17970000207424164,0.07890000194311142,0.033900000154972076,0.058400001376867294,0.03400000184774399,0.31279999017715454,0.8039215803146362,1.3768543736277874,0.44016477126151193,0.3850029349557941,0.854676102957077,-0.18682160558453645,-0.05327576903048921,3.221871700063147,0.5458696928099974,0.9607798410831048,237_1
5,0.10829190750060746,23.779528464748886,0.6700555391037164,0.7849513244026306,0.855743173454861,0.15783999860286713,0.07165999710559845,0.03804999962449074,0.04998571425676346,0.03588888794183731,0.24165000021457672,0.741377592086792,0.26126667857170105,0.16347500681877136,0.053858332335948944,0.06945833563804626,0.07540000230073929,0.22259999811649323,0.4939597249031067,0.2151000052690506,0.09634999930858612,0.03420000150799751,0.052949998527765274,0.03305000066757202,0.3862000107765198,0.8423374891281128,0.7987670129337818,0.836512722680101,0.4318341541330347,-0.5710346050001055,-0.5310593188178883,-0.33314167706893205,0.9780059774843144,2.178561920629922,0.34207633911616375,237_1
5,0.8239796943586306,23.413554817998588,0.7019445475751573,0.731839592881276,0.8081171186488028,0.1368499994277954,0.061250001192092896,0.0357000008225441,0.04374999925494194,0.02879999950528145,0.26030001044273376,0.8007609844207764,0.2305999994277954,0.17839999496936798,0.046950001269578934,0.05674999952316284,0.06310000270605087,0.18029999732971191,0.4815118908882141,0.18639999628067017,0.08794999867677689,0.03180000185966492,0.04910000041127205,0.0340999998152256,0.3032500147819519,0.7978360652923584,0.9458875755544924,0.7926722721191904,0.5417991777969325,0.4728717537936439,-0.696393250019649,-0.7300143369026597,2.1712566397797124,1.0782492214929789,0.5551785227576346,234_8
5,0.13820580646178726,23.796416792090326,0.8644585697897222,0.7693530550829165,0.8967806500353794,0.16775000095367432,0.07845000177621841,0.03669999912381172,0.05050000175833702,0.03604999929666519,0.28360000252723694,0.7744408249855042,0.19820000231266022,0.10440000146627426,0.0357000008225441,0.05000000074505806,0.0421999990940094,0.24079999327659607,0.7017667889595032,0.19370000064373016,0.08980000019073486,0.03849999979138374,0.05400000140070915,0.0369499996304512,0.32739999890327454,0.797173023223877,1.3156197914609058,0.5267239902407647,0.4423209323338776,0.2084036210985201,-0.4597865542487902,-0.6740003454050615,1.5053424894638656,1.3608538693547918,0.6626665864495476,237_1
5,0.8652123658997155,23.425951568919437,0.8678254203533642,0.7923470979206678,0.8849702053789683,0.15809999406337738,0.0681999996304512,0.03150000050663948,0.05209999904036522,0.0340999998152256,0.3273000121116638,0.8112894296646118,0.22830000519752502,0.1454000025987625,0.050200000405311584,0.06040000170469284,0.06509999930858612,0.17659999430179596,0.46131566166877747,0.1956000030040741,0.0908999964594841,0.03280000016093254,0.05810000002384186,0.032499998807907104,0.34439998865127563,0.8275404572486877,1.261856685249644,0.5199874401416189,0.46306216108168774,0.6412979688192658,-0.939326408600301,-0.7082882004569662,3.1916685156309526,0.8746076313530966,0.31403333500130787,234_8
5,0.002560198559740101,23.86855150940513,0.9064838477969837,0.8318456874821604,0.9388580536188058,0.20800000429153442,0.09070000052452087,0.04100000113248825,0.05779999867081642,0.033900000154972076,0.3952000141143799,0.8419948816299438,0.24809999763965607,0.14935000240802765,0.05570000037550926,0.07400000095367432,0.06634999811649323,0.3384999930858612,0.6722242832183838,0.21860000491142273,0.10140000283718109,0.03889999911189079,0.06199999898672104,0.03629999980330467,0.37599998712539673,0.823914647102356,1.3497370920175684,0.43591553147893114,0.3412841446652717,0.9433789078548006,0.3111229129853191,0.47377088752177376,3.7099558109705733,0.3381231563238318,0.7796726364176,238_0
5,0.11035803265408184,23.653674493443738,0.7050916155188884,0.7353568337733053,0.8718348061498841,0.1610500067472458,0.06745000183582306,0.03334999829530716,0.05034999921917915,0.02969999983906746,0.3174999952316284,0.8289170265197754,0.24869999289512634,0.14419999718666077,0.04740000143647194,0.06639999896287918,0.06270000338554382,0.266400009393692,0.6189607977867126,0.20970000326633453,0.09459999948740005,0.03739999979734421,0.058800000697374344,0.03440000116825104,0.37439998984336853,0.8317025303840637,0.9446354825216828,0.7882439924874801,0.4593081125845266,0.37456100711272666,-0.9177247045294531,0.003658009591397393,2.302782305432931,1.1868730572796158,0.13190178539108569,236_1
5,0.04621832136794879,23.755902772776537,0.9599177399755012,0.9289807658929867,0.9748329277430192,0.19085000455379486,0.08550000190734863,0.03799999877810478,0.05609999969601631,0.03441999852657318,0.31656667590141296,0.8038672208786011,0.1937749981880188,0.10222499817609787,0.03466666489839554,0.05460000038146973,0.036571428179740906,0.2588599920272827,0.75242018699646,0.19329999387264252,0.08715000003576279,0.031199999153614044,0.05169999971985817,0.033799998462200165,0.31644999980926514,0.8069950342178345,1.3346115993296777,0.28408774720300667,0.22162094273755126,0.6664285993012905,-0.10173091680101298,0.29228636423883375,1.988028693526432,0.8413880258503531,0.869710758964827,237_0
5,0.05205737071472427,23.92074362741247,0.9194620832108316,0.8795256123210529,0.9681272930693411,0.19220000505447388,0.08569999784231186,0.03700000047683716,0.050700001418590546,0.031700000166893005,0.3601999878883362,0.8382240533828735,0.22390000522136688,0.1200999990105629,0.051500000059604645,0.06880000233650208,0.054499998688697815,0.31310001015663147,0.7034820318222046,0.21230000257492065,0.10130000114440918,0.041099999099969864,0.06260000169277191,0.0406000018119812,0.3671000003814697,0.8008339405059814,1.227292638854116,0.40408616060022534,0.24899497275065285,0.6103303593881564,-0.14176529720444564,0.6491894841158499,1.8735706825569203,0.9143187597992727,0.34250618223816176,239_0
5,0.7884064091074965,23.368010233093727,0.8727772592713801,0.810994143943395,0.8506753149241242,0.1667499989271164,0.07419999688863754,0.03290000185370445,0.04924999922513962,0.03020000085234642,0.3615500032901764,0.8458200097084045,0.2534500062465668,0.16769999265670776,0.05465000122785568,0.06705000251531601,0.08425000309944153,0.2293500006198883,0.4626913070678711,0.217849999666214,0.10329999774694443,0.033799998462200165,0.05534999817609787,0.03245000168681145,0.4068000018596649,0.8522481322288513,1.225547451144912,0.5099329063568262,0.506588910196503,0.6909639720262966,-0.8251865727219199,-0.29288354735188726,3.145307627684396,0.8079746234062423,0.41464249961778316,233_7
5,0.9215367342140102,23.948591401220177,0.8317321388677146,0.8788231714623115,0.9212694046488787,0.15569999814033508,0.06520000100135803,0.03610000014305115,0.05249999836087227,0.032600000500679016,0.2743000090122223,0.7875529527664185,0.17260000109672546,0.09470000118017197,0.03799999877810478,0.052000001072883606,0.04230000078678131,0.22059999406337738,0.6782046556472778,0.16539999842643738,0.07545000314712524,0.032999999821186066,0.05090000107884407,0.030950000509619713,0.26330000162124634,0.789634644985199,0.8451010687226043,0.5885759199907337,0.3318834474847246,0.8854896028738409,-0.04095921113195074,0.0048385876117459925,3.335267530872035,0.48324968964170145,0.9952365185410496,239_9
5,0.08897812889203749,23.91023333858827,0.9418525667456149,0.9134632259411065,0.9718210911397902,0.17694999277591705,0.07874999940395355,0.03914999961853027,0.05445000156760216,0.03700000047683716,0.2766999900341034,0.7641057968139648,0.18029999732971191,0.09290000051259995,0.0406000018119812,0.06400000303983688,0.04690000042319298,0.25459998846054077,0.6888888478279114,0.18000000715255737,0.08389999717473984,0.042500000447034836,0.06620000302791595,0.04340000078082085,0.28679999709129333,0.7371290326118469,1.2228991056095322,0.3426947873205521,0.2356554477062998,0.34033583601982514,-0.011126878363886941,0.8270744375661493,1.292925711799399,1.2235222954676381,0.4680927276118386,239_0
5,0.7158225341506395,23.90241799561643,0.6682276133998091,0.7013491013201236,0.939056005933896,0.15530000627040863,0.06759999692440033,0.03530000150203705,0.052400000393390656,0.03290000185370445,0.274399995803833,0.785876989364624,0.16279999911785126,0.08879999816417694,0.039000000804662704,0.055799998342990875,0.04960000142455101,0.18459999561309814,0.5764303803443909,0.13979999721050262,0.07129999995231628,0.03099999949336052,0.0551999993622303,0.02879999950528145,0.2741999924182892,0.8099009990692139,0.9458092863518234,0.8389724741566278,0.3291216495928903,0.9280374613941352,-0.12843380891284953,-0.169997463184144,4.4528227495327135,0.3816872957748654,0.9822935538454441,239_7
5,0.022233303281957717,23.65205752593232,0.9238009707619924,0.9093950773081243,0.9560031375860081,0.2037000060081482,0.09430000185966492,0.038600001484155655,0.05649999901652336,0.03680000081658363,0.311599999666214,0.788748562335968,0.20205000042915344,0.10215000063180923,0.03804999962449074,0.05355000123381615,0.04064999893307686,0.2793999910354614,0.7459771633148193,0.19449999928474426,0.09049999713897705,0.03750000149011612,0.05649999901652336,0.03720000013709068,0.3203999996185303,0.791946291923523,1.0917898695292594,0.3929043225963769,0.2852395174735227,0.9336607841023573,0.5216431460961473,0.23360683863709253,2.790158191496983,0.3662948452663986,0.47665381559111597,236_0
5,0.0533150121124919,23.873671906524606,0.8426418914086959,0.7875159557269622,0.9421134822158277,0.18310000002384186,0.08169999718666077,0.04010000079870224,0.05510000139474869,0.03350000083446503,0.36399999260902405,0.8314465284347534,0.20649999380111694,0.11490000039339066,0.04729999974370003,0.06970000267028809,0.05389999970793724,0.2840000092983246,0.6809707283973694,0.21209999918937683,0.1031000018119812,0.04259999841451645,0.06440000236034393,0.03700000047683716,0.36959999799728394,0.8180029392242432,1.1677780205019044,0.5686255231957537,0.335086846761476,0.7592497304189103,-0.09431873515509452,0.48747718656845795,2.349942021797005,0.7086368314318322,0.5030762767435208,238_0
5,0.6922866737067075,23.755363783606064,0.8174934597213004,0.8697666562752532,0.9098569723501194,0.15620000660419464,0.06851000338792801,0.03817500174045563,0.05380000174045563,0.03658000007271767,0.26840001344680786,0.7601154446601868,0.18559999763965607,0.11640000343322754,0.0432666651904583,0.05620000138878822,0.0434500016272068,0.21344999969005585,0.6617360711097717,0.18565000593662262,0.08649999648332596,0.03420000150799751,0.05429999902844429,0.029999999329447746,0.31040000915527344,0.8237367868423462,0.8408411802205589,0.6137509498259817,0.3525979952290807,0.2041275961968025,-0.26484155819478883,-0.8201584844844783,1.346911650356814,1.3652238704447666,0.5634144312136168,237_6
5,0.8273932924382841,23.747368777577407,0.9567551876137901,0.9490695542674934,0.9790506417769405,0.13850000500679016,0.061000000685453415,0.03200000151991844,0.04179999977350235,0.029200000688433647,0.26579999923706055,0.8020339012145996,0.15569999814033508,0.08340000361204147,0.029999999329447746,0.03959999978542328,0.029500000178813934,0.19949999451637268,0.7423580884933472,0.1448500007390976,0.06554999947547913,0.02979999966919422,0.03945000097155571,0.027550000697374344,0.25565001368522644,0.8054378628730774,1.085937374256231,0.2951614578673723,0.19913593409695637,0.9826318870924905,0.8012283893956552,0.8709515265254844,3.4366996666196896,0.18664738031574418,0.3935484599710038,237_8
5,0.8398798748875453,23.790667574271964,0.8173211823270294,0.7264547465182484,0.9093559613675929,0.19645999372005463,0.08429999649524689,0.03617500141263008,0.0560000017285347,0.033153750002384186,0.3686000108718872,0.8349548578262329,0.2518500089645386,0.14955000579357147,0.050850000232458115,0.06499999761581421,0.061400000005960464,0.2694000005722046,0.6287786960601807,0.26660001277923584,0.1396999955177307,0.04430000111460686,0.06880000233650208,0.04715000092983246,0.374099999666214,0.776142418384552,1.233852952677985,0.61405001131331,0.4149981769125079,0.432810505073069,-0.25237243003783194,0.7449821501119747,1.6256648157787146,1.123188235013619,0.19605376250488077,237_8
5,0.9697762649712285,23.54425969183798,0.8470661967914926,0.808311903696579,0.8951903639817949,0.18854999542236328,0.07609999924898148,0.028550000861287117,0.04690000042319298,0.026850000023841858,0.39515000581741333,0.8727487921714783,0.23954999446868896,0.16680000722408295,0.041349999606609344,0.05559999868273735,0.05290000140666962,0.24379999935626984,0.643410861492157,0.21604999899864197,0.10199999809265137,0.03310000151395798,0.0572500005364418,0.03610000014305115,0.3693999946117401,0.821948230266571,1.123424439559206,0.5603555451457272,0.4356313139748798,0.754901619104767,-0.5415956725457164,-0.011129241126769815,2.9961606734683284,0.7152922281549782,0.5821618782945037,235_9
5,0.8287407653644632,23.868461677876716,0.6099801484686117,0.6398537305247841,0.922707453747494,0.16028571128845215,0.07283999770879745,0.036400001496076584,0.049666665494441986,0.034449998289346695,0.2734000086784363,0.7761897444725037,0.25519999861717224,0.1582999974489212,0.04820000007748604,0.06729999929666519,0.06449999660253525,0.21199999749660492,0.5334538817405701,0.20440000295639038,0.09794999659061432,0.03819999843835831,0.06719999760389328,0.03790000081062317,0.3149999976158142,0.7852082848548889,0.9581613244690507,0.9147607879958704,0.37304651724183646,-0.48656330538894077,-0.9004559337312068,0.2346490047154215,1.2946995042711968,2.07894800976228,0.3673316411121042,238_8
5,0.02133498799783773,23.73901444543509,0.7206448430430965,0.766830343695627,0.9331719649423575,0.1703999936580658,0.07716000080108643,0.038333334028720856,0.052133332937955856,0.034219998866319656,0.2741999924182892,0.7780948281288147,0.22439999878406525,0.12863999605178833,0.0458500012755394,0.059849999845027924,0.0523499995470047,0.21783334016799927,0.6124853491783142,0.20884999632835388,0.09809999912977219,0.03819999843835831,0.06549999862909317,0.03714999929070473,0.3400000035762787,0.8029961585998535,0.9097253497207637,0.7660643560183802,0.33267454196059176,-0.21155688480732737,-0.7253482314161126,-0.019112357446720463,1.3354173733297428,1.7839639526057047,0.6653541296815009,237_0
5,0.9202790928162425,23.427568536430854,0.7332975878174205,0.8258651791720601,0.9203021772154295,0.13895000517368317,0.06414999812841415,0.030950000509619713,0.046549998223781586,0.03265000134706497,0.26190000772476196,0.7783058881759644,0.20190000534057617,0.11100000143051147,0.03660000115633011,0.054499998688697815,0.04960000142455101,0.2320999950170517,0.6478523015975952,0.16599999368190765,0.0731000006198883,0.03220000118017197,0.05480000004172325,0.034699998795986176,0.29660001397132874,0.7905222177505493,0.8012732658724541,0.7476369252214846,0.32204658002125924,0.7733571295642819,-0.48084218149392677,-0.7069683447176931,3.018030419811137,0.6866767419823071,0.6995652977430121,234_9
5,0.1999200664807983,23.964222087163854,0.9148779084021305,0.8904033440543749,0.9600034567487356,0.17389999330043793,0.07729999721050262,0.03779999911785126,0.05079999938607216,0.03550000116229057,0.2906000018119812,0.782275378704071,0.1761000007390976,0.0835999995470047,0.03840000182390213,0.04899999871850014,0.04270000010728836,0.23659999668598175,0.6942355632781982,0.17685000598430634,0.08169999718666077,0.03424999862909317,0.05000000074505806,0.03269999846816063,0.3022499978542328,0.8047469854354858,1.1370936375815004,0.41559091836425643,0.2783748368523043,0.846380408820355,-0.02338143082084973,-0.30834085927453586,2.8384142911986348,0.561644539871231,0.8401820821897786,239_1
5,0.8969228954291353,23.60579428880017,0.9170926039891499,0.9427184037843074,0.9716474893207168,0.14800000190734863,0.06650000065565109,0.03310000151395798,0.04529999941587448,0.030799999833106995,0.2768000066280365,0.7997399568557739,0.1563500016927719,0.07729999721050262,0.029899999499320984,0.043049998581409454,0.03254999965429306,0.25619998574256897,0.774545431137085,0.14650000631809235,0.06509999930858612,0.027799999341368675,0.04430000111460686,0.031300000846385956,0.27059999108314514,0.792646586894989,0.8293902633261888,0.41007078742948466,0.19781638101389762,0.9553602456835771,0.9173839461165725,0.9676772428212219,1.3648304207989719,0.29991960060551326,0.25104544240226717,236_8
5,0.311939982410502,23.938889596151682,0.5942795654408495,0.7462519079034017,0.9119447539843976,0.16940000653266907,0.07569999992847443,0.03739999979734421,0.05180000141263008,0.03359999880194664,0.30000001192092896,0.798561155796051,0.2295999974012375,0.14139999449253082,0.044599998742341995,0.059300001710653305,0.054499998688697815,0.26440000534057617,0.6582000851631165,0.21580000221729279,0.10270000249147415,0.04255000129342079,0.060499999672174454,0.04075000062584877,0.3564000129699707,0.7947878837585449,0.7794969181334032,0.9344267497022041,0.32222362551195277,0.007216089825474711,-0.8859251508775191,0.3885923755751478,1.700764179405823,1.5635801743419735,0.24313601657990727,239_3
5,0.011363688344109946,23.93484717737315,0.8111109468587854,0.8184363744994422,0.9428511376380394,0.18285000324249268,0.08205000311136246,0.03734999895095825,0.05665000155568123,0.03579999879002571,0.3276999890804291,0.8030261397361755,0.22235000133514404,0.14374999701976776,0.04455000162124634,0.06440000236034393,0.05660000070929527,0.26864999532699585,0.651960015296936,0.22949999570846558,0.11020000278949738,0.03844999894499779,0.06159999966621399,0.03799999877810478,0.3860499858856201,0.8207758665084839,0.979775118047711,0.6247473014238135,0.32032603244763447,0.681324137449335,-0.38830194753697,0.2943925331300485,2.3983458837930143,0.8212262357442498,0.5158627150906755,239_0
5,0.6173671790111399,23.08315445649943,0.673078444114225,0.7284410885648482,0.8687819388662659,0.1542000025510788,0.07069999724626541,0.029500000178813934,0.04190000146627426,0.029400000348687172,0.289000004529953,0.8153266310691833,0.2498999983072281,0.16009999811649323,0.04769999906420708,0.061900001019239426,0.06080000102519989,0.19009999930858612,0.5153447389602661,0.2223999947309494,0.11100000143051147,0.033799998462200165,0.05079999938607216,0.034699998795986176,0.3596000075340271,0.8239918947219849,0.9066827505141368,0.8324329097363261,0.45549296834291897,0.14726359366648234,-0.8591404754758893,-0.2233945399530224,1.8302127911238508,1.4229951970277195,0.5022797592335184,230_6
5,0.01621459087835575,23.643164204619538,0.6495344773939461,0.7677061744654738,0.8573271211897476,0.16539999842643738,0.07474999874830246,0.03815000131726265,0.051600001752376556,0.035750001668930054,0.2766999900341034,0.7711633443832397,0.21639999747276306,0.12675000727176666,0.044199999421834946,0.0551999993622303,0.04989999905228615,0.21480000019073486,0.622969388961792,0.20010000467300415,0.10580000281333923,0.0421999990940094,0.07079999893903732,0.04089999943971634,0.36160001158714294,0.7967702150344849,0.8051897800259511,0.8638243124813157,0.433696966019867,-0.32880086730344465,-0.7073641724523351,-0.05924583484055751,1.236499949353244,1.9058298901882689,0.6357274750186522,236_0
5,0.6843814992064559,23.71862268848558,0.6421664335472073,0.6981255837927064,0.8576435338432664,0.13429999351501465,0.0617000013589859,0.033399999141693115,0.04830000177025795,0.03020000085234642,0.25600001215934753,0.7889587879180908,0.22349999845027924,0.13189999759197235,0.04520000144839287,0.05790000036358833,0.05429999902844429,0.22100000083446503,0.6055212616920471,0.21870000660419464,0.10450000315904617,0.04050000011920929,0.06300000101327896,0.0421999990940094,0.33880001306533813,0.7784777283668518,0.9136151069151054,0.8734752382632671,0.4769546493162463,-0.7415942174025826,-0.778579533284837,0.22150222059483435,1.023669889968976,2.4062399926835707,0.3352305695069961,237_6
5,0.007770427207631769,23.679815468211615,0.9566700762918945,0.8888993688731495,0.937978359312606,0.2004999965429306,0.08470000326633453,0.033799998462200165,0.0502999983727932,0.030899999663233757,0.3946000039577484,0.8547590970993042,0.23434999585151672,0.14454999566078186,0.05065000057220459,0.06875000149011612,0.057349998503923416,0.2872999906539917,0.6671985983848572,0.22439999878406525,0.10660000145435333,0.03709999844431877,0.06040000170469284,0.0364999994635582,0.39719998836517334,0.8316808938980103,1.6106044618632454,0.2954539022426453,0.34548098151520384,0.8088094811641235,-0.29723641045521926,0.28754668785459725,2.9786514949863845,0.628671487552534,0.3250436276658488,236_0
5,0.021424819526249195,23.739194108491915,0.728872635358506,0.7987969634605093,0.9482566185394936,0.16744999587535858,0.07512500137090683,0.036666665226221085,0.0520833320915699,0.034299999475479126,0.2596000134944916,0.7665873169898987,0.1920749992132187,0.11482500284910202,0.04455000162124634,0.059950001537799835,0.05478333309292793,0.20659999549388885,0.5808199644088745,0.18870000541210175,0.08659999817609787,0.036249998956918716,0.0628499984741211,0.033649999648332596,0.3396500051021576,0.8197160363197327,0.8559664216202096,0.7541224535045973,0.27584802072984976,-0.0359525692714486,-0.4576051231083791,-0.5764242721914283,1.2734325570434775,1.6067566458803462,0.6622992125398005,237_0
5,0.6382080936027119,23.81159832039195,0.8926312725372091,0.8324671984173126,0.9511397778129576,0.19840000569820404,0.08574999868869781,0.03720000013709068,0.05505000054836273,0.034449998289346695,0.4025999903678894,0.8423521518707275,0.23669999837875366,0.14059999585151672,0.0494999997317791,0.06840000301599503,0.05649999901652336,0.3490999937057495,0.7214003801345825,0.227400004863739,0.10859999805688858,0.04179999977350235,0.06880000233650208,0.04439999908208847,0.40560001134872437,0.8026666641235352,1.2557550271601703,0.46764741698798246,0.30657014610052713,0.7396287155281922,0.2594677223783682,0.8027124278545571,1.7721314419027365,0.7382778091085392,0.33016441900141247,238_6
5,0.2189643505041321,23.937272628640272,0.99327503983991,0.9841132972102377,0.9836395391060814,0.1826000064611435,0.07970000058412552,0.03370000049471855,0.048900000751018524,0.03150000050663948,0.2971999943256378,0.8083358407020569,0.17949999868869781,0.07729999721050262,0.031599998474121094,0.04919999837875366,0.032499998807907104,0.3073999881744385,0.8087672591209412,0.18850000202655792,0.08139999955892563,0.03229999914765358,0.04430000111460686,0.031700000166893005,0.2921000123023987,0.8042001128196716,1.5381722900658565,0.11603888332308697,0.16942432199563873,0.9424337053484483,0.9726746222428658,0.9069559034589707,0.6872063160561879,0.3409611310040838,0.23034367278067414,239_2
5,0.9349216319473914,23.960449162970555,0.7936356459475489,0.7793600985986965,0.9477440926293247,0.155799999833107,0.06790000200271606,0.03500000014901161,0.04960000142455101,0.032999999821186066,0.2784000039100647,0.7880539298057556,0.16899999976158142,0.09780000150203705,0.042100001126527786,0.05620000138878822,0.047200001776218414,0.21320000290870667,0.6374807953834534,0.18279999494552612,0.08309999853372574,0.03759999945759773,0.06390000134706497,0.03709999844431877,0.3199999928474426,0.7922150492668152,1.0353465008720069,0.6540345915138662,0.3158842130890634,0.05833469754058779,-0.32558208664189137,-0.4390533850492303,1.2578602080838186,1.5124284936050223,0.846724778981978,239_9
5,0.8300882382906423,23.357320281212708,0.912262589448562,0.9576441869502473,0.9576463476547112,0.1492999941110611,0.06949999928474426,0.031599998474121094,0.04520000144839287,0.029899999499320984,0.3154999911785126,0.826867401599884,0.15884999930858612,0.07485000044107437,0.02604999952018261,0.03754999861121178,0.03245000168681145,0.24210000038146973,0.7636131644248962,0.16329999268054962,0.0754999965429306,0.031300000846385956,0.04639999940991402,0.029999999329447746,0.33970001339912415,0.8377062678337097,0.6921199810573553,0.42202198343616126,0.20208503857100993,0.9567114502415197,0.7293982955880783,0.600160178563582,2.551047474177913,0.29531177555614774,0.5961302214705421,233_8
5,0.9247706692368407,23.99566312210804,0.6606140060583566,0.8082952083759228,0.9435374242982582,0.15209999680519104,0.06859999895095825,0.03799999877810478,0.05480000004172325,0.033900000154972076,0.29820001125335693,0.7958446145057678,0.18549999594688416,0.1023000031709671,0.045099999755620956,0.06369999796152115,0.05290000140666962,0.23180000483989716,0.6283807754516602,0.19140000641345978,0.09155000001192093,0.03530000150203705,0.0669500008225441,0.03974999859929085,0.3174000084400177,0.7774044871330261,0.7413744030024487,0.8491599766235388,0.2214105400660669,0.164466861077619,-0.42497099051106335,0.07636413573138671,1.4298210168476289,1.4055788389791923,0.8929801848900409,239_9
5,0.5502630272874107,23.292641580756104,0.6161865506730696,0.8913540842910656,0.7675894018226512,0.13490000367164612,0.05889999866485596,0.03750000149011612,0.04800000041723251,0.02889999933540821,0.25130000710487366,0.7937187552452087,0.15320000052452087,0.07000000029802322,0.03539999946951866,0.0430000014603138,0.0340999998152256,0.23090000450611115,0.7426415085792542,0.20749999582767487,0.09939999878406525,0.03519999980926514,0.05590000003576279,0.040449999272823334,0.367000013589859,0.8014480471611023,0.5187675742353366,0.9069047072733715,0.3586496908110695,-0.45475322596263257,0.852379806356489,-0.6379510182124571,0.2693617465701155,2.042891439357668,0.44096101829361306,232_5
5,0.520169465269408,23.265692122232515,0.8389420728815007,0.8780221025805445,0.9436392536452354,0.14429999887943268,0.06560000032186508,0.03099999949336052,0.04520000144839287,0.027699999511241913,0.295199990272522,0.8284298777580261,0.20069999992847443,0.1251000016927719,0.051100000739097595,0.05920000001788139,0.06390000134706497,0.1881999969482422,0.49305829405784607,0.181099995970726,0.0860000029206276,0.03139999881386757,0.043299999088048935,0.025800000876188278,0.2874000072479248,0.8352490663528442,0.8672756739322672,0.5754599572925456,0.29045108705788264,0.8352413506919889,-0.828243719073992,-0.8434063810330221,4.3741913167751365,0.5822247753421517,0.4878336840095701,232_5
5,0.020706167298953915,23.640918416409242,0.9096341284168794,0.7929641587884823,0.8749221236146567,0.1867000013589859,0.07980000227689743,0.03530000150203705,0.05040000006556511,0.031700000166893005,0.34220001101493835,0.8304359316825867,0.21140000224113464,0.12794999778270721,0.03739999979734421,0.04960000142455101,0.043699998408555984,0.22059999406337738,0.6693151593208313,0.1940000057220459,0.09709999710321426,0.03400000184774399,0.05090000107884407,0.036400001496076584,0.23800000548362732,0.7346938848495483,1.5292877884683567,0.42839386341355457,0.48421350147867487,-0.2685638878058294,-0.6800358597176727,0.62073117175986,1.2582678577173392,1.8426981632272799,0.575066917753865,236_0
5,0.052686191413608086,23.919665649071526,0.9642127625771948,0.9335965982385444,0.9595221418550612,0.20569999516010284,0.10159999877214432,0.039799999445676804,0.055799998342990875,0.03799999877810478,0.3163999915122986,0.7855530381202698,0.2273000031709671,0.13220000267028809,0.04230000078678131,0.05590000003576279,0.04340000078082085,0.2849999964237213,0.7356881499290466,0.2150000035762787,0.09889999777078629,0.03830000013113022,0.05550000071525574,0.03700000047683716,0.3472000062465668,0.8073920011520386,1.3657158017148296,0.2683384154479648,0.2798398426774396,0.955599997382901,0.6456051781931808,0.46699126711778055,2.9052504552515845,0.29910703507736147,0.5694198127115049,239_0
5,0.8547919086039286,23.798303254186983,0.8058259999665939,0.8928971678446807,0.9572040957245767,0.16027499735355377,0.07095000147819519,0.030925000086426735,0.04430000111460686,0.028599999845027924,0.24709999561309814,0.7925280928611755,0.21529999375343323,0.12144999951124191,0.04383333399891853,0.0596500001847744,0.05590000003576279,0.2221333384513855,0.5978899598121643,0.2219499945640564,0.11540000140666962,0.03685000166296959,0.05324999988079071,0.04149999842047691,0.29030001163482666,0.7498493194580078,0.7370003614685088,0.6337272684406908,0.20401058344313633,-0.48628140963018573,-0.7194162182654089,0.38885076307410393,1.1419844230637377,2.078625372609664,0.6931428522041778,237_8
5,0.7588518362599643,23.843668176035017,0.6563555754219277,0.8138103289466199,0.9336928309447127,0.15395000576972961,0.07039999961853027,0.03680000081658363,0.05355000123381615,0.034699998795986176,0.25235000252723694,0.7582302689552307,0.1891999989748001,0.11230000108480453,0.04479999840259552,0.06639999896287918,0.05979999899864197,0.2070000022649765,0.5517241358757019,0.17640000581741333,0.09790000319480896,0.039500001817941666,0.06319999694824219,0.04919999837875366,0.19480000436306,0.596721351146698,0.7254374582083545,0.8548183384638129,0.23928198493826217,0.057635774918710345,-0.2488852454425179,0.9236807320844296,1.2043427413787224,1.5131285942020978,0.23501445887168976,238_7
5,0.02061633577054245,23.73838562473621,0.6681080859533958,0.7669251952159295,0.873797819399601,0.17509999871253967,0.07964999973773956,0.03685952350497246,0.05324999988079071,0.03218749910593033,0.2906000018119812,0.8005654215812683,0.2319333404302597,0.14219999313354492,0.046149998903274536,0.062166668474674225,0.061080001294612885,0.21406666934490204,0.556018590927124,0.2235500067472458,0.10125000029802322,0.03819999843835831,0.06655000150203705,0.03765000030398369,0.35455000400543213,0.8080061078071594,0.8303335314960816,0.8391331270452594,0.4194033806887212,0.10668837688013444,-0.9305270256748553,0.05230781037342272,1.8899085375018327,1.463904511014057,0.33298216535766834,237_0
5,0.7176191647188777,23.97320524000505,0.5909821071687301,0.8318693833339175,0.8496093232410981,0.15594999492168427,0.06960000097751617,0.03440000116825104,0.04780000075697899,0.033399999141693115,0.2554500102996826,0.7687380909919739,0.2563000023365021,0.17949999868869781,0.05014999955892563,0.062449999153614044,0.06549999862909317,0.23510000109672546,0.5642049312591553,0.27175000309944153,0.16130000352859497,0.044199999421834946,0.06539999693632126,0.053300000727176666,0.2997500002384186,0.6980597376823425,0.6268681650504329,0.93852056711009,0.33324746259225874,-0.966994199008083,-0.853939754465536,0.8884001788792112,0.8995659316536138,2.883953448475311,0.45862673948945826,239_7
5,0.01693324310565103,23.642445552392246,0.8129160319109511,0.9006639695110314,0.9127079632371602,0.15620000660419464,0.06790000200271606,0.03480000048875809,0.049800001084804535,0.03180000185966492,0.274399995803833,0.792292594909668,0.20180000364780426,0.12575000524520874,0.03954999893903732,0.049949999898672104,0.04515000060200691,0.20250000059604645,0.635372519493103,0.20649999380111694,0.10180000215768814,0.03370000049471855,0.05460000038146973,0.03700000047683716,0.3138999938964844,0.7891137003898621,0.7230723366394959,0.6216544803804929,0.30446402894801916,-0.15648871001390138,-0.5794995729932246,-0.36527642291082474,1.2667814818360539,1.7279308808573768,0.6716102014391755,236_0
5,0.014238297253292842,23.994495312238683,0.7872915376202422,0.7717712542169848,0.9498254981041956,0.20260000228881836,0.09080000221729279,0.032499998807907104,0.05590000003576279,0.03319999948143959,0.39800000190734863,0.8460111618041992,0.22190000116825104,0.1128000020980835,0.040300000458955765,0.06920000165700912,0.046799998730421066,0.3384000062942505,0.7570093274116516,0.23489999771118164,0.11900000274181366,0.04560000076889992,0.07339999824762344,0.0502999983727932,0.32199999690055847,0.7297878265380859,1.0373002311566766,0.6643924443706241,0.31035259320693453,0.1846663569207767,0.4337819325042157,0.9577514647124018,0.8101505813696467,1.385063957032454,0.1198963985800591,239_0
5,0.662911763916,23.854627622501276,0.6554993574913738,0.6826208945454836,0.9536171976560636,0.1565999984741211,0.07440000027418137,0.034699998795986176,0.04540000110864639,0.031099999323487282,0.2630000114440918,0.788507342338562,0.22020000219345093,0.13349999487400055,0.03750000149011612,0.05079999938607216,0.045499999076128006,0.18950000405311584,0.6127659678459167,0.2222999930381775,0.13500000536441803,0.0478999987244606,0.061400000005960464,0.058400001376867294,0.2533999979496002,0.6254009008407593,0.9573580802270695,0.8559526666843978,0.2912248832251199,-0.8719965045811221,-0.4082743435548073,0.663025657545904,0.7571528034036795,2.6300625092323706,0.6632934371936074,238_6
5,0.04163691341893916,23.73901444543509,0.6605339540392076,0.6729593102111822,0.8944494504745681,0.17159999907016754,0.07758333534002304,0.039500001817941666,0.0531499981880188,0.034425001591444016,0.29510000348091125,0.7910628914833069,0.20829999446868896,0.11819999665021896,0.03914999961853027,0.056049998849630356,0.051366668194532394,0.22200000286102295,0.6241921782493591,0.21905000507831573,0.10294999927282333,0.0369499996304512,0.0596500001847744,0.03500000014901161,0.32899999618530273,0.807692289352417,0.9803682126210236,0.8492666044634171,0.43357755463667513,0.07863352572059412,-0.896887670802754,-0.23289860569379112,1.798479110522684,1.4920815398846363,0.41117323051798343,237_0
5,0.13865496410384637,23.796686286675566,0.8195394425088038,0.712779693374964,0.8882738808795188,0.17444999516010284,0.08160000294446945,0.033649999648332596,0.04809999838471413,0.0320499986410141,0.2732999920845032,0.7900769710540771,0.2434999942779541,0.14509999752044678,0.04540000110864639,0.0617000013589859,0.04924999922513962,0.24379999935626984,0.6638798713684082,0.21870000660419464,0.10279999673366547,0.0364999994635582,0.05739999935030937,0.03220000118017197,0.3776000142097473,0.8428501486778259,1.2739368977810752,0.6101895039034291,0.4585480062092468,0.03484856340435927,-0.8053555590493799,0.02719939766726641,1.6322709235967041,1.5359407060539243,0.5902071693279679,237_1
5,0.039031799094992436,23.457931593034097,0.8694472693420344,0.9045120138780801,0.928787925857635,0.14239999651908875,0.0596500001847744,0.029650000855326653,0.0458500012755394,0.03009999915957451,0.31139999628067017,0.8237189054489136,0.14319999516010284,0.07925000041723251,0.04170000180602074,0.050599999725818634,0.041999999433755875,0.24619999527931213,0.7085357308387756,0.15940000116825104,0.07739999890327454,0.03480000048875809,0.045099999755620956,0.03400000184774399,0.30219998955726624,0.7977394461631775,0.852623216381367,0.5167139398153009,0.31435204278746604,0.9406325438810847,0.2174966071133465,0.27246269783182775,3.902740749807648,0.34630724157992976,0.9553551619649062,234_0
5,0.0639151324651035,23.76102316989602,0.9289128947979521,0.8961529180877259,0.9615923729686673,0.18950000405311584,0.08046666532754898,0.0346333347260952,0.0551999993622303,0.03164999932050705,0.3431999981403351,0.8311324715614319,0.22930000722408295,0.12456666678190231,0.046433333307504654,0.06804999709129333,0.05525000020861626,0.3043999969959259,0.6927568316459656,0.2069000005722046,0.09849999845027924,0.039400000125169754,0.07159999758005142,0.04470000043511391,0.34040001034736633,0.7678524851799011,1.2120675637551668,0.37933013242218394,0.2743684363100123,0.35474789312743005,-0.23445810141895995,0.7470785404650174,1.4960514444099429,1.2081519173012691,0.3955684129491148,237_0
5,0.8566783707005801,23.502937188768485,0.8922961287329082,0.8762764993383051,0.9326276490528513,0.15889999270439148,0.06960000097751617,0.02930000051856041,0.04884999990463257,0.029400000348687172,0.3050000071525574,0.8241626620292664,0.20765000581741333,0.12504999339580536,0.041999999433755875,0.0523499995470047,0.053849998861551285,0.2526499927043915,0.6486133933067322,0.18320000171661377,0.08399999886751175,0.0357000008225441,0.06004999950528145,0.03604999929666519,0.36195001006126404,0.818844199180603,1.0732874541989794,0.46839033348079767,0.3473684204285558,0.44301025533810295,-0.8933894883508997,-0.5921465253990592,2.4064825167561574,1.1118427038326784,0.3922756696303544,235_8
5,0.5942804762092688,23.140466971626253,0.7532199489712132,0.7001706621872728,0.9218940260902816,0.16304999589920044,0.06875000149011612,0.036249998956918716,0.04724999889731407,0.02979999966919422,0.2847000062465668,0.8104928731918335,0.25360000133514404,0.15700000524520874,0.055799998342990875,0.07074999809265137,0.08190000057220459,0.2085999995470047,0.43614456057548523,0.18219999969005585,0.08560000360012054,0.028599999845027924,0.0471000000834465,0.027699999511241913,0.35850000381469727,0.8565509915351868,1.10769232196208,0.7178526126423715,0.38734241070696324,0.645766176961702,-0.9217651661952433,-0.8457719212913866,3.157803304010394,0.8687700089777233,0.20661486765194811,231_5
5,0.003278850787035381,23.868910835518776,0.858372020461772,0.722095360655212,0.9001894886493396,0.20194999873638153,0.0877000018954277,0.04334999993443489,0.057100001722574234,0.03685000166296959,0.3776000142097473,0.8221739530563354,0.22104999423027039,0.131850004196167,0.04735000059008598,0.06469999998807907,0.052949998527765274,0.3073500096797943,0.706078290939331,0.2172500044107437,0.10145000368356705,0.04295000061392784,0.061500001698732376,0.03864999860525131,0.35499998927116394,0.8036326766014099,1.4181510542780147,0.5387084065033914,0.42418176351865405,0.9094640973910568,0.37300092120631656,0.6542393711374831,2.7717975182245262,0.428802988763595,0.5356026164557616,238_0
5,0.11880219632480582,23.78249290518648,0.8459458961234114,0.7964834657832045,0.9552070371892868,0.1860000044107437,0.08376666903495789,0.034699998795986176,0.04740000143647194,0.030071428045630455,0.3019999861717224,0.8188858032226562,0.23499999940395355,0.12939999997615814,0.04636666551232338,0.06159999966621399,0.04839999973773956,0.2648000121116638,0.6909323334693909,0.2180500030517578,0.1042499989271164,0.03824999928474426,0.061000000685453415,0.03970000147819519,0.3366999924182892,0.7890542149543762,1.154463341473697,0.5624598772436167,0.29514197040243534,0.050617669530432785,-0.6386518202009867,0.4991116873983795,1.4890180817313976,1.5201570173076029,0.5558518004268767,237_1
5,0.09805111326164528,23.766592724657563,0.8892293966136413,0.8768288412421155,0.9708462009628394,0.19030000269412994,0.08110000193119049,0.03621111065149307,0.05547500029206276,0.032749999314546585,0.35954999923706055,0.833035945892334,0.22726666927337646,0.1285666674375534,0.044475000351667404,0.06424999982118607,0.06097500026226044,0.29760000109672546,0.6599037647247314,0.20235000550746918,0.09319999814033508,0.037450000643730164,0.06120000034570694,0.03500000014901161,0.35350000858306885,0.8198198080062866,1.055628906788969,0.4751384455811738,0.2378732708390955,0.8884740404074543,-0.2507481857936029,0.14235152021195505,3.826130744693941,0.4767869954808687,0.5514548703853482,237_0
5,0.6975867338830124,23.68260024559239,0.793429561664169,0.8102923047519209,0.9357644394601138,0.13289999961853027,0.05855000019073486,0.03539999946951866,0.04470000043511391,0.03280000016093254,0.28584998846054077,0.7941314578056335,0.16979999840259552,0.08869999647140503,0.03920000046491623,0.05000000074505806,0.04540000110864639,0.2011999934911728,0.6317923665046692,0.16369999945163727,0.07190000265836716,0.027899999171495438,0.050599999725818634,0.026599999517202377,0.36480000615119934,0.8640776872634888,0.9568630595754,0.6543732519838146,0.33455358509539196,0.6059977267049115,0.03148083492479781,-0.6978694639942671,1.673569396615777,0.9197767913613221,0.4320686052900918,236_6
5,0.8829990085252817,23.922360594923887,0.6883685235664102,0.8093849564558394,0.8951236016195233,0.16779999434947968,0.07715000212192535,0.033080000430345535,0.04884285852313042,0.03415000066161156,0.2678999900817871,0.7738785147666931,0.21684999763965607,0.13394999504089355,0.043800000101327896,0.060600001364946365,0.0531499981880188,0.24905000627040863,0.6482462286949158,0.23479999601840973,0.12219999730587006,0.042399998754262924,0.065700002014637,0.04699999839067459,0.323199987411499,0.7460831999778748,0.7734401862517394,0.8115588734859848,0.3574968436691434,-0.8875939167477983,-0.898710569389008,0.7102660123273443,1.0092851109756376,2.6628914177071032,0.39534503591305264,239_8
5,0.8772497907069177,23.798123591130157,0.6137649647955769,0.7225775685896105,0.9188787649029205,0.16266000270843506,0.07195000350475311,0.03786666691303253,0.05976666510105133,0.0354333333671093,0.33346667885780334,0.8078973293304443,0.19850000739097595,0.10790000110864639,0.04439999908208847,0.0625,0.05260000005364418,0.23819999396800995,0.638239324092865,0.1882999986410141,0.09049999713897705,0.03714999929070473,0.06239999830722809,0.03689999878406525,0.3084000051021576,0.7862728238105774,0.8387835334761573,0.9099756613077505,0.3395647568553282,0.734975611808352,-0.4409513378317852,-0.06707689572613217,2.7208108383062903,0.7451656123322232,0.813575516066425,237_8
6,0.0357978640721619,23.80153718920981,0.8510383208422041,0.8399805770737632,0.9522578799358663,0.21140000224113464,0.09070000052452087,0.03720000013709068,0.05660000070929527,0.029400000348687172,0.4203999936580658,0.8692752122879028,0.21570000052452087,0.12120000272989273,0.048900000751018524,0.0731000006198883,0.0560000017285347,0.33000001311302185,0.7098445892333984,0.23669999837875366,0.12160000205039978,0.041099999099969864,0.06780000030994415,0.04780000075697899,0.349700003862381,0.7594968676567078,1.0374650768066531,0.5528368262039552,0.30005540484753507,0.5179827752621483,0.1986633120173844,0.8744696211919648,1.3356673208663898,1.0263053131333306,0.38330555289975016,238_0
6,0.8237101997733944,23.406637790310867,0.7894437581972801,0.8587154173246295,0.8701615202859456,0.1436000019311905,0.06750000268220901,0.03750000149011612,0.04820000007748604,0.030500000342726707,0.28349998593330383,0.8057324886322021,0.18199999630451202,0.12729999423027039,0.04450000077486038,0.05739999935030937,0.0632999986410141,0.16920000314712524,0.45548388361930847,0.17204999923706055,0.07909999787807465,0.029500000178813934,0.04814999923110008,0.030899999663233757,0.3439500033855438,0.8351340293884277,0.8141073098511709,0.6608940508490982,0.4055968870229928,0.5953197107875794,-0.5742463533495193,-0.8839558362090074,2.3388734578341563,0.9331328335506075,0.4637367631047157,234_8
6,0.14251771982556072,23.971947598607287,0.8660425780697427,0.890336135171741,0.9386347026200701,0.1789499968290329,0.08134999871253967,0.04064999893307686,0.05485000088810921,0.03545000031590462,0.3319999873638153,0.8070485591888428,0.23080000281333923,0.13449999690055847,0.04800000041723251,0.06480000168085098,0.05590000003576279,0.2896000146865845,0.6764110326766968,0.21275000274181366,0.0986500009894371,0.04179999977350235,0.061799999326467514,0.03844999894499779,0.3856000006198883,0.8186534643173218,0.902875367774947,0.5235644260058654,0.30818037673302,0.7523968203608852,-0.14989716234251793,0.40898455302501585,2.393621380991655,0.7191031127911142,0.5916947063704541,239_1
6,0.04298438634511825,23.93718279711186,0.9689978412762607,0.938363759362065,0.9498982771391423,0.18639999628067017,0.08124999701976776,0.042249999940395355,0.05974999815225601,0.0357000008225441,0.35135000944137573,0.8155277371406555,0.19910000264644623,0.09880000352859497,0.04690000042319298,0.056699998676776886,0.04340000078082085,0.3046000003814697,0.7505747079849243,0.19930000603199005,0.09030000120401382,0.035349998623132706,0.05180000141263008,0.03420000150799751,0.32565000653266907,0.8099207878112793,1.4136763718083585,0.24965450271562617,0.3040327606041659,0.6036470799005109,0.5697457355176961,0.00955170056286576,1.04537777157796,0.9227285317831965,0.7067438034987703,239_0
6,0.6269791525512183,23.133909270052186,0.8620333549882699,0.8580001295453012,0.940264766826588,0.14970000088214874,0.06889999657869339,0.03739999979734421,0.0471000000834465,0.0333000011742115,0.29429998993873596,0.7967032790184021,0.2451999932527542,0.13410000503063202,0.04520000144839287,0.06080000102519989,0.06620000302791595,0.20579999685287476,0.5132352709770203,0.1992499977350235,0.09485000371932983,0.031099999323487282,0.04809999838471413,0.028349999338388443,0.3826499879360199,0.8620437979698181,1.01487100203095,0.5315285004383387,0.3273134635033914,0.3575113744449718,-0.8606866712153022,-0.6705446674140924,2.1634790764245597,1.2051945386167384,0.32904867933600046,231_6
6,0.0391216306234039,23.457123109278385,0.6402623155764332,0.798437351853995,0.8205886518375431,0.1451999992132187,0.06610000133514404,0.03579999879002571,0.04859999939799309,0.031700000166893005,0.2754000127315521,0.793552577495575,0.1673000007867813,0.08860000222921371,0.04820000007748604,0.05380000174045563,0.05510000139474869,0.18979999423027039,0.5500203967094421,0.17845000326633453,0.09144999831914902,0.03384999930858612,0.05184999853372574,0.034449998289346695,0.3116999864578247,0.8009533286094666,0.7375947647781576,0.8759566225238167,0.4475328868685426,0.5212040839983809,-0.2399406513528008,-0.9300539797103842,1.7731430682872114,1.0225351102587945,0.22960068948834933,234_0
6,0.8072710300740074,23.727695672855184,0.6702443415354549,0.7663690616731124,0.9122751790523296,0.13940000534057617,0.06575000286102295,0.03305000066757202,0.04650000110268593,0.03229999914765358,0.2590999901294708,0.7783116102218628,0.20634999871253967,0.11554999649524689,0.040699999779462814,0.05575000122189522,0.05810000002384186,0.21160000562667847,0.5691509246826172,0.19325000047683716,0.08560000360012054,0.034449998289346695,0.06430000066757202,0.03180000185966492,0.3802500069141388,0.845649778842926,0.8342236970581943,0.836258349351499,0.3523882237326993,-0.12860572851533555,-0.5408543217462214,-0.6780368762235289,1.2603248540340943,1.6997592310976015,0.3730693787799859,237_8
6,0.9220757233844807,23.946435444538288,0.8118757037965317,0.9105762144835013,0.8876172234941727,0.1598999947309494,0.06700000166893005,0.03200000151991844,0.04690000042319298,0.029899999499320984,0.30059999227523804,0.8190620541572571,0.19040000438690186,0.11309999972581863,0.03370000049471855,0.04399999976158142,0.03629999980330467,0.2468000054359436,0.7435535192489624,0.19589999318122864,0.08619999885559082,0.03099999949336052,0.051600001752376556,0.030799999833106995,0.33559998869895935,0.8318777084350586,0.6835001241781609,0.6234385960053197,0.32602419769554153,0.6915364015880203,0.18121116313493144,0.10671937277812708,1.720278290743594,0.8071824599283007,0.9831072412237511,239_9
6,0.9389640507259287,23.98874609442032,0.6030177305301052,0.6398558836611064,0.9244924529515086,0.17000000178813934,0.0722000002861023,0.036400001496076584,0.05290000140666962,0.0348999984562397,0.3059999942779541,0.7952478528022766,0.23319999873638153,0.14010000228881836,0.04650000110268593,0.06419999897480011,0.05700000002980232,0.2556000053882599,0.6353167295455933,0.2337999939918518,0.11559999734163284,0.034699998795986176,0.06729999929666519,0.04039999842643738,0.3643999993801117,0.8003952503204346,0.9490728888525282,0.9235176947305673,0.3669493275469379,-0.05099853703976695,-0.8629635824384652,0.36817150938862664,1.6104790731308165,1.621816996345447,0.3872196812092779,239_9
6,0.7325311984352627,23.80153718920981,0.8435443998781412,0.9122842570383346,0.9632236102371534,0.15629999339580536,0.06689999997615814,0.03395000100135803,0.04729999974370003,0.031950000673532486,0.2676999866962433,0.7867512106895447,0.18199999630451202,0.09399999678134918,0.03889999911189079,0.05590000003576279,0.03880000114440918,0.2522999942302704,0.7334249019622803,0.17669999599456787,0.07810000330209732,0.03620000183582306,0.05490000173449516,0.037700001150369644,0.2757999897003174,0.7594895958900452,0.7442827630599002,0.5669472714291076,0.19415132115745024,0.7478473959453116,-0.1456306295561945,0.0470067921875582,2.364996699196807,0.7259827022799354,0.9610581533846806,238_7
6,0.8979110422416667,23.92855897038431,0.6000920610045438,0.7598384970380037,0.9360051971848286,0.17323333024978638,0.07559999823570251,0.03434000164270401,0.05169999971985817,0.03176666796207428,0.313400000333786,0.8159343004226685,0.22349999845027924,0.14059999585151672,0.04075000062584877,0.05790000036358833,0.051500000059604645,0.22769999504089355,0.6310887932777405,0.22419999539852142,0.12070000171661377,0.04104999825358391,0.06665000319480896,0.044449999928474426,0.31540000438690186,0.7529526352882385,0.7633162565921563,0.9271801367792956,0.25007013136884226,-0.37662473572184363,-0.9364565071881752,0.5535295148266297,1.4222080138745226,1.9569463584779967,0.27576555719347867,239_8
6,0.660665975705701,23.553781833849648,0.7499487067420466,0.8449429546291385,0.8891917299722507,0.1428000032901764,0.06129999831318855,0.03970000147819519,0.05209999904036522,0.03449999913573265,0.289000004529953,0.786707878112793,0.195700004696846,0.11460000276565552,0.041999999433755875,0.05364999920129776,0.05290000140666962,0.17069999873638153,0.5268335938453674,0.16920000314712524,0.08209999650716782,0.026900000870227814,0.046300001442432404,0.027300000190734863,0.32739999890327454,0.8460670709609985,0.7807534824916382,0.7228117925211849,0.36993662881652667,0.37878644401051487,-0.47756511860083584,-0.7924322565099349,1.7496889385955603,1.182311648911843,0.5790574439895722,235_6
6,0.9125535813728138,23.47392160509142,0.8295850343544857,0.8859275374671055,0.9048981291169325,0.1468999981880188,0.06629999727010727,0.03319999948143959,0.04580000042915344,0.02759999968111515,0.30219998955726624,0.8326258063316345,0.1887499988079071,0.1099499985575676,0.039650000631809235,0.05510000139474869,0.050850000232458115,0.21295000612735748,0.6144806742668152,0.18850000202655792,0.08739999681711197,0.03280000016093254,0.058800000697374344,0.03530000150203705,0.3431999981403351,0.8134742379188538,0.8141123080828909,0.5924322126187785,0.35000056161652116,0.3752622968570425,-0.7515924748378595,-0.8085068931395885,2.041341733907128,1.1861165912932394,0.3354372046470096,234_9
6,0.9054568906282707,23.869090498575602,0.6169556933489485,0.7936970311451201,0.9010515113446002,0.15240000188350677,0.07079999893903732,0.03449999913573265,0.050700001418590546,0.029899999499320984,0.2547999918460846,0.7899543642997742,0.1936500072479248,0.11254999786615372,0.03765000030398369,0.05609999969601631,0.04259999841451645,0.22100000083446503,0.67678302526474,0.20080000162124634,0.10779999941587448,0.038600001484155655,0.061900001019239426,0.04259999841451645,0.24879999458789825,0.7076184153556824,0.7218386609344233,0.9059277689637661,0.31114954482367624,-0.591367104499715,-0.3703995032068465,0.7864146820161402,0.8850427314907368,2.203549428731931,0.6064424962306411,238_9
6,0.6241045436420354,23.1129785239322,0.8259738766076573,0.9334299023487994,0.909367415750101,0.15275000035762787,0.06840000301599503,0.037300001829862595,0.04659999907016754,0.03604999929666519,0.25029999017715454,0.7482102513313293,0.2316499948501587,0.13920000195503235,0.0575999990105629,0.07440000027418137,0.08375000208616257,0.259550005197525,0.5120885372161865,0.21074999868869781,0.10585000365972519,0.03384999930858612,0.05480000004172325,0.039650000631809235,0.35784998536109924,0.800503134727478,0.6127202023029749,0.5988686823443015,0.2616267701804688,-0.6279906172081069,-0.5797148349770571,-0.11189301523853068,0.9730683768625459,2.24976481885656,0.5384181403658973,231_6
6,0.09499684129563768,23.907089235093856,0.8664969882195664,0.875430850317677,0.9727848183076895,0.18019999563694,0.08470000326633453,0.039799999445676804,0.05460000038146973,0.03400000184774399,0.2939999997615814,0.792682945728302,0.17730000615119934,0.10400000214576721,0.04820000007748604,0.06270000338554382,0.052299998700618744,0.2337999939918518,0.634393572807312,0.17589999735355377,0.0828000009059906,0.04179999977350235,0.05739999935030937,0.039400000125169754,0.2687999904155731,0.744321882724762,0.9652064784367637,0.5226548349385289,0.22236622642377546,0.4449039624715537,-0.34035110269494073,0.6182802378192849,1.7284274526209475,1.1097293040301819,0.38145599508495115,239_0
6,0.7434008133731087,23.674874734148958,0.8902232941785471,0.8978859771350473,0.9379570739139904,0.15870000422000885,0.06875000149011612,0.04834999889135361,0.051750000566244125,0.03350000083446503,0.3114500045776367,0.8057689666748047,0.22100000083446503,0.13349999487400055,0.03920000046491623,0.049800001084804535,0.053700000047683716,0.19200000166893005,0.562881588935852,0.17235000431537628,0.0750499963760376,0.028550000861287117,0.044849999248981476,0.026599999517202377,0.3199999928474426,0.8465089201927185,0.9638268177786259,0.47296120035444006,0.31807689008870615,0.12650707898757887,-0.5958774915888989,-0.687173470773137,1.529938835301137,1.443949356825044,0.5143486646354181,236_7
6,0.8328730156714137,23.866754878836886,0.9143743204673447,0.9215324127102801,0.9725077107982455,0.15703999996185303,0.0658000037074089,0.03215833380818367,0.04816000163555145,0.028699999675154686,0.3050999939441681,0.8280407190322876,0.18320000171661377,0.10159999877214432,0.03620000183582306,0.05420000106096268,0.038600001484155655,0.2863999903202057,0.7624615430831909,0.17720000445842743,0.07699999958276749,0.03370000049471855,0.05350000038743019,0.03200000151991844,0.33959999680519104,0.827771782875061,0.9567005115649967,0.41683649732168787,0.21878197362089408,0.8231646203680898,0.2218222103557185,0.4575774813811482,2.230932862301736,0.6038341665651926,0.8463202576939003,238_8
6,0.13955327938796636,23.767041882299623,0.6337301805519157,0.7357611314726644,0.8214682288375467,0.1588333398103714,0.06913333386182785,0.03306666761636734,0.045499999076128006,0.030649999156594276,0.2791000008583069,0.8020984530448914,0.23903749883174896,0.15466000139713287,0.05076250061392784,0.05974999815225601,0.06342857331037521,0.19900000095367432,0.5166031718254089,0.22339999675750732,0.09875000268220901,0.03739999979734421,0.05530000105500221,0.034699998795986176,0.4000000059604645,0.8403496742248535,0.8412266431351466,0.8844304519107733,0.49781210909435286,-0.05438736641204878,-0.8757341953192291,-0.2953232890807412,1.6230209609877548,1.6252105418016525,0.3393000030658639,237_1
6,0.7204039420996491,23.90313664784373,0.7687730327007285,0.730621046381327,0.9426928499537559,0.17270000278949738,0.07400000095367432,0.03480000048875809,0.05119999870657921,0.029500000178813934,0.34360000491142273,0.8418654799461365,0.23659999668598175,0.13570000231266022,0.04170000180602074,0.061000000685453415,0.053599998354911804,0.2635999917984009,0.6620428562164307,0.2155500054359436,0.11114999651908875,0.039250001311302185,0.07329999655485153,0.03905000165104866,0.3343999981880188,0.7908689379692078,1.0831406138192634,0.6938759640411839,0.33353404137892606,0.05625239186241617,-0.7410685039150775,0.47516960145000364,1.5882694507409019,1.5145142257385247,0.4275849032441811,239_7
6,0.8317052058020575,23.866485384251654,0.545685265286279,0.6583543557094607,0.9316625936760784,0.15929999947547913,0.07095000147819519,0.033900000154972076,0.052549999207258224,0.030750000849366188,0.26660001277923584,0.7931730151176453,0.2508000135421753,0.15150000154972076,0.0471000000834465,0.06480000168085098,0.0568000003695488,0.22360000014305115,0.5948644876480103,0.20810000598430634,0.11020000278949738,0.043800000101327896,0.065700002014637,0.049800001084804535,0.26440000534057617,0.6830044388771057,0.857663858947099,0.9935896810201057,0.3161978593930921,-0.7695184353098816,-0.8878913283311611,0.8972524222210558,1.0876540082829649,2.448883070136978,0.3152084661440309,238_8
6,0.8308967220463508,23.751141701770706,0.8706212129986973,0.8301351020317063,0.9197042750984045,0.13619999587535858,0.05595000088214874,0.027550000697374344,0.04190000146627426,0.027899999171495438,0.25189998745918274,0.800571858882904,0.20170000195503235,0.13030000030994415,0.04560000076889992,0.052799999713897705,0.05570000037550926,0.2134999930858612,0.5861812829971313,0.16775000095367432,0.07419999688863754,0.026850000023841858,0.03970000147819519,0.024900000542402267,0.3075999915599823,0.850225567817688,1.1499296371327654,0.5143326675045434,0.3880302445483555,0.8464554558887831,-0.6179663427378509,-0.7689039846704502,3.9838563268015514,0.5615036114861321,0.6363758612985175,237_8
6,0.5534071307818298,23.81582040222731,0.8169276465252104,0.7896050542179012,0.9244645984058717,0.17800000309944153,0.08754999935626984,0.03909999877214432,0.055649999529123306,0.03375000134110451,0.2913999855518341,0.792403519153595,0.20909999310970306,0.12444999814033508,0.04430000111460686,0.05795000120997429,0.05180000141263008,0.21150000393390656,0.6065324544906616,0.21629999577999115,0.10260000079870224,0.038750000298023224,0.05869999900460243,0.03714999929070473,0.2827500104904175,0.7677399516105652,1.074664237078293,0.6147326864893087,0.3765778066950502,0.17305080178657353,-0.6513103322572125,0.2576515447031631,1.6322967583203374,1.3968699605623083,0.6590848481669941,238_5
6,0.6894120647975246,23.74575181006599,0.8130264321784381,0.7907427351234649,0.938671869764106,0.16824999451637268,0.07964999973773956,0.039400000125169754,0.053849998861551285,0.035750001668930054,0.2921000123023987,0.7819124460220337,0.19689999520778656,0.11050000041723251,0.03869999945163727,0.05505000054836273,0.043480001389980316,0.2747499942779541,0.7267385125160217,0.20090000331401825,0.09239999949932098,0.03620000183582306,0.0568000003695488,0.03400000184774399,0.34310001134872437,0.8196764588356018,1.0600356771834918,0.6214648881800113,0.3415429587457853,0.3245692318409768,-0.7857157289757275,-0.11366879506889081,1.9952981084582404,1.2402400582389204,0.6002651444434767,237_6
6,0.9325860122086791,23.96700686454463,0.8476795303495045,0.8529026228193367,0.9065610617629839,0.18170000612735748,0.0746999979019165,0.0340999998152256,0.050200000405311584,0.02979999966919422,0.3377000093460083,0.8378231525421143,0.25189998745918274,0.16725000739097595,0.04084999859333038,0.05490000173449516,0.05400000140070915,0.24420000612735748,0.6378269791603088,0.23549999296665192,0.11909999698400497,0.04340000078082085,0.06764999777078629,0.05139999836683273,0.34220001101493835,0.7388211488723755,0.9822527102005001,0.5592004871841513,0.39092066697419087,-0.23113979265999046,-0.6691521625463537,0.5954259758733585,1.2770541507267514,1.8040453636297655,0.5890694750701049,239_9
6,0.7399872152934552,23.896039957099184,0.5552653672226444,0.7526832769048547,0.9278367958616457,0.15084999799728394,0.06665000319480896,0.033799998462200165,0.045249998569488525,0.030649999156594276,0.24940000474452972,0.7811105251312256,0.2236499935388565,0.11980000138282776,0.04490000009536743,0.06589999794960022,0.0494999997317791,0.24210000038146973,0.6604938507080078,0.2215999960899353,0.1281999945640564,0.04740000143647194,0.06639999896287918,0.060600001364946365,0.2680000066757202,0.6311625242233276,0.7317560861664643,0.9821143183278569,0.2399537052966929,-0.8962191222002055,-0.8401958256126087,0.947087886332801,0.9576700564731494,2.681968120534403,0.3203880332871437,238_7
6,0.925489321464136,23.72715668368471,0.6345343561558632,0.5768955855117979,0.9188741975293858,0.14139999449253082,0.07370000332593918,0.0348999984562397,0.04520000144839287,0.03880000114440918,0.19920000433921814,0.6739495992660522,0.1818999946117401,0.10930000245571136,0.0406000018119812,0.05130000039935112,0.050700001418590546,0.1454000025987625,0.48291686177253723,0.15199999511241913,0.0723000019788742,0.031700000166893005,0.05550000071525574,0.03189999982714653,0.2551000118255615,0.7777003645896912,1.082050874531269,0.8833904232774935,0.3944700918030653,0.5521039469795723,0.5625476201695547,-0.1932297186467003,0.9872417668381624,0.9859107928496523,0.5642816325519834,237_9
6,0.6245537012840963,23.057013481731552,0.9512768898366806,0.9603127515649572,0.9767088392495656,0.16189999878406525,0.07440000027418137,0.031199999153614044,0.04740000143647194,0.027300000190734863,0.28450000286102295,0.824887752532959,0.17180000245571136,0.08649999648332596,0.03060000017285347,0.03759999945759773,0.02734999917447567,0.20999999344348907,0.7695386409759521,0.1679999977350235,0.0786999985575676,0.026200000196695328,0.04039999842643738,0.02500000037252903,0.2612999975681305,0.8253580331802368,0.9018318620214197,0.31344533720002354,0.18922476673624214,0.9278938054197818,0.7041935268041758,0.8789326378385909,2.0663856004256194,0.3820727778869549,0.3718405967514352,230_6
6,0.8898262046845904,23.981200246033715,0.9036360998586738,0.9299900494900302,0.9630445063790418,0.1623000055551529,0.07214999943971634,0.03545000031590462,0.051649998873472214,0.03375000134110451,0.2662000060081482,0.7749624848365784,0.19110000133514404,0.09640000015497208,0.03660000115633011,0.05014999955892563,0.03819999843835831,0.21449999511241913,0.6976652145385742,0.17990000545978546,0.08799999952316284,0.034699998795986176,0.05299999937415123,0.032600000500679016,0.27559998631477356,0.7884490489959717,0.8504304071094738,0.4426118234684845,0.2304015039800837,0.745736926297619,0.05982935815334557,-0.020934061909801766,2.0721643466134285,0.7291560728642469,0.9933478587737882,239_8
6,0.02043667271371774,23.64109807946606,0.9282902032326903,0.8959233044517081,0.9360397041270465,0.16699999570846558,0.0681999996304512,0.03629999980330467,0.0560000017285347,0.03200000151991844,0.32440000772476196,0.8204264640808105,0.1973000019788742,0.11249999701976776,0.035599999129772186,0.054999999701976776,0.04170000180602074,0.2651999890804291,0.7282502055168152,0.1704999953508377,0.08055000007152557,0.035100001841783524,0.05555000156164169,0.03359999880194664,0.3328000009059906,0.8165938854217529,1.2080866741308283,0.38100819572781935,0.34431815901373725,0.9537428229674376,-0.7327788076919219,-0.5536816451368073,7.83762867909064,0.30534656904531016,0.4793197632013318,236_0
6,0.880214231144512,23.94463881397005,0.626002271565915,0.5762867285096186,0.9166939332031669,0.15039999783039093,0.06706666946411133,0.03319999948143959,0.04646666720509529,0.030659999698400497,0.2768000066280365,0.800559401512146,0.24210000038146973,0.16522499918937683,0.04292500019073486,0.06145000085234642,0.06133333221077919,0.19760000705718994,0.5262616276741028,0.24500000476837158,0.12620000541210175,0.0421999990940094,0.07559999823570251,0.04740000143647194,0.33000001311302185,0.7488076090812683,1.0695882887289523,0.8943801977373899,0.3995778882895844,-0.8393694357171381,-0.8759809798225769,0.5156453909205673,1.0277935300406735,2.5669184470829203,0.2634396897211948,239_8
6,0.10029690147194259,23.752040017054824,0.889803898036437,0.9097749526141204,0.9536390090405299,0.18250000476837158,0.07699999958276749,0.0357000008225441,0.0533333346247673,0.030799999833106995,0.32743334770202637,0.8280450701713562,0.2097499966621399,0.11183333396911621,0.04149999842047691,0.05820000171661377,0.044449999928474426,0.2709999978542328,0.7181803584098816,0.19249999523162842,0.08820000290870667,0.03319999948143959,0.05339999869465828,0.03150000050663948,0.3336000144481659,0.8274445533752441,0.9032957240090347,0.47388106230739824,0.26939484940040787,0.9276030718862067,-0.5555510895532281,-0.4050763242786765,5.641404738547808,0.3828517941835892,0.7773387305260135,237_1
6,0.5472087553214049,23.406637790310867,0.8657023257697739,0.8596745354942152,0.9010791161415604,0.1687999963760376,0.07209999859333038,0.03680000081658363,0.05009999871253967,0.03229999914765358,0.33820000290870667,0.8256410360336304,0.1993499994277954,0.13510000705718994,0.04699999839067459,0.051249999552965164,0.05480000004172325,0.2029000073671341,0.5746992826461792,0.19900000095367432,0.09690000116825104,0.03139999881386757,0.05559999868273735,0.033399999141693115,0.3458000123500824,0.8238396644592285,1.022736600636906,0.5242445704957256,0.40343913782253293,0.6186397360034879,-0.8594676478626979,-0.7627745547126161,2.8823452561210057,0.9037861383044364,0.4181094250775502,234_5
6,0.36898300295209197,23.614058789414067,0.9881691173403423,0.9646777529891573,0.9735609577305981,0.14339999854564667,0.06379999965429306,0.030400000512599945,0.04179999977350235,0.02759999968111515,0.28619998693466187,0.8240917921066284,0.15760000050067902,0.07479999959468842,0.030150000005960464,0.041600000113248825,0.030500000342726707,0.2766999900341034,0.8014323115348816,0.13989999890327454,0.059700001031160355,0.026900000870227814,0.04019999876618385,0.025299999862909317,0.31150001287460327,0.849762499332428,1.7313034603290576,0.1539758736726661,0.2277803891872158,0.9851143709708476,0.9764511242102875,0.9635365561411545,1.2586855729092028,0.17275825105924847,0.21553266973525617,236_3
6,0.10038673300035583,23.75177052246959,0.832648319185195,0.8546249351054018,0.9337538907121904,0.18125000596046448,0.07766000181436539,0.035975001752376556,0.05223333463072777,0.02954999916255474,0.3465999960899353,0.8428818583488464,0.2117999941110611,0.12489999830722809,0.04450000077486038,0.05999999865889549,0.05121999979019165,0.2842000126838684,0.6945918798446655,0.18850000202655792,0.08500000089406967,0.03550000116229057,0.06019999831914902,0.03319999948143959,0.3467999994754791,0.8252631425857544,0.9302202529515365,0.5869236255676215,0.3297019260371868,0.8498886894343876,-0.5299385322347849,-0.19680291367199299,3.8364664078277695,0.555022299598694,0.6982768067073258,237_1
6,0.6471912464439082,23.902507827144845,0.8503563669431258,0.92745469173791,0.920020668831569,0.16374999284744263,0.07535000145435333,0.04170000180602074,0.0580499991774559,0.03595000132918358,0.3070000112056732,0.790348470211029,0.20385000109672546,0.11969999969005585,0.04969999939203262,0.0658000037074089,0.07010000199079514,0.22134999930858612,0.5189568996429443,0.19470000267028809,0.08675000071525574,0.03519999980926514,0.06154999881982803,0.033799998462200165,0.4052000045776367,0.8460136651992798,0.6916173370095804,0.5541341662343329,0.27841682004533597,0.5227176416709555,-0.26946002645392514,-0.4498261987934785,1.806132119197845,1.0207606526622317,0.8922079083870068,239_6
6,0.14161940454144073,23.968713663584452,0.7068318415964285,0.8461215602611072,0.8640775025014039,0.17090000212192535,0.07509999722242355,0.04129999876022339,0.05339999869465828,0.03480000048875809,0.2994999885559082,0.791803777217865,0.193900004029274,0.13760000467300415,0.04470000043511391,0.05849999934434891,0.05739999935030937,0.2849999964237213,0.6647196412086487,0.21085000038146973,0.11114999651908875,0.041749998927116394,0.058800000697374344,0.04205000028014183,0.30140000581741333,0.7551317811012268,0.7153725431100625,0.7857869111420159,0.37770842523961745,-0.14472552169831474,-0.48252804835596613,0.6510800846104438,1.2087974891072086,1.7160318948674778,0.6496861264475496,239_1
6,0.8487731962003284,23.838996936557592,0.4695660877481689,0.5273828913582908,0.8943652246252551,0.17523999512195587,0.08320999890565872,0.037824999541044235,0.052787501364946365,0.03435000032186508,0.31690001487731934,0.804412841796875,0.26315000653266907,0.17560000717639923,0.059849999845027924,0.07689999788999557,0.08874999731779099,0.2240999937057495,0.43263545632362366,0.23749999701976776,0.1111999973654747,0.035599999129772186,0.0551999993622303,0.034699998795986176,0.3840000033378601,0.8342489004135132,0.9383380405567492,1.0819970770478222,0.43047419135448356,0.45921030451231615,-0.7190907184172723,-0.06664932342061432,2.1699829270045834,1.0936903015253427,0.6283941052561807,238_8
6,0.9793882385113069,23.92810981274225,0.6274716527712925,0.8110553777781323,0.8765503828193721,0.15925000607967377,0.07415000349283218,0.03229999914765358,0.04969999939203262,0.031849998980760574,0.27970001101493835,0.7955384254455566,0.19480000436306,0.11214999854564667,0.04500000178813934,0.05914999917149544,0.05400000140070915,0.20489999651908875,0.5828505158424377,0.20704999566078186,0.1151999980211258,0.04639999940991402,0.06904999911785126,0.05494999885559082,0.23190000653266907,0.6168729662895203,0.700107722434385,0.8924945155037413,0.3453428696856361,-0.8788301232543753,-0.7764751544394699,0.9014625346971993,0.9302806195312243,2.6442010842559496,0.43159548403886083,239_9
6,0.4299786107438077,23.992698681670447,0.6644055164066818,0.6227930540422968,0.8750316876024822,0.18080000579357147,0.07829999923706055,0.0385500006377697,0.055799998342990875,0.03685000166296959,0.3576500117778778,0.8131812214851379,0.24500000476837158,0.15800000727176666,0.05079999938607216,0.06889999657869339,0.0731000006198883,0.22089999914169312,0.5027210712432861,0.22699999809265137,0.10965000092983246,0.03970000147819519,0.07649999856948853,0.038600001484155655,0.36739999055862427,0.8098521828651428,1.0644362648475987,0.844098222010816,0.4808830368969252,0.5211364529453709,-0.4795495145708151,0.26796914832938235,2.025140360465073,1.0226143543120205,0.6339061908495534,239_4
6,0.9184824622480026,23.662747477813348,0.9096798286407161,0.9584795773547605,0.9326817158573706,0.15209999680519104,0.06909999996423721,0.033250000327825546,0.04830000177025795,0.032099999487400055,0.2460000067949295,0.7691478133201599,0.14390000700950623,0.07540000230073929,0.025800000876188278,0.039900001138448715,0.03269999846816063,0.16359999775886536,0.6668365001678467,0.16439999639987946,0.07090000063180923,0.02710000053048134,0.04749999940395355,0.029500000178813934,0.31439998745918274,0.8284385204315186,0.6751937914857163,0.42828383791557767,0.24475406408221695,0.6955766139890506,0.8061289771503354,0.3925552497246557,0.7899648821158474,0.8015741590925891,0.5434763507750484,236_9
6,0.7267819806168969,23.76623339854391,0.8067807815909683,0.7693979530837295,0.9636667022310205,0.16702499985694885,0.07410000264644623,0.03517916798591614,0.04948333278298378,0.0360555537045002,0.3235333263874054,0.7994623780250549,0.1732500046491623,0.09570000320672989,0.040424998849630356,0.051350001245737076,0.05204999819397926,0.19130000472068787,0.5722211003303528,0.1842000037431717,0.08784999698400497,0.03554999828338623,0.062049999833106995,0.035349998623132706,0.36800000071525574,0.8247179985046387,1.0961617746576313,0.6321131031505249,0.2667582181271754,0.547585682574107,-0.6576571261713313,-0.8612963446293624,2.3085384848774906,0.991320174505812,0.45688489077926103,237_7
6,0.7971200673634566,23.7886912806469,0.8275770360703252,0.7958875957122339,0.9014432005198368,0.15929999947547913,0.07199999690055847,0.03539999946951866,0.048500001430511475,0.030799999833106995,0.28459998965263367,0.8046924471855164,0.21279999613761902,0.1216999962925911,0.04910000041127205,0.062300000339746475,0.05689999833703041,0.19059999287128448,0.5402020215988159,0.21930000185966492,0.10080000013113022,0.03799999877810478,0.05860000103712082,0.03420000150799751,0.3783999979496002,0.8342220187187195,1.0911135000453136,0.5960187764126924,0.42368212319759574,-0.05188184612401345,-0.8353908335754511,-0.39883962703807085,1.5773941271335867,1.6227014764422947,0.32568417666475546,237_7
6,0.23109160683974572,23.989285083590794,0.901694659596958,0.7625994989358044,0.9086512992592536,0.15880000591278076,0.07069999724626541,0.034049998968839645,0.04749999940395355,0.029249999672174454,0.29670000076293945,0.8205246329307556,0.22390000522136688,0.14910000562667847,0.0430000014603138,0.05480000004172325,0.05429999902844429,0.22939999401569366,0.6172012686729431,0.18520000576972961,0.08630000054836273,0.035999998450279236,0.048900000751018524,0.03290000185370445,0.3093000054359436,0.8077147603034973,1.5733337348304035,0.44712325513878226,0.39640875348306553,0.8244887128473449,-0.9125440032388364,-0.7112788018472149,4.522470727960722,0.6014982508056836,0.4024765588020958,239_2
6,0.9344724743053305,23.689157947166457,0.8984455806708478,0.9433705619093952,0.9416303585362796,0.1469999998807907,0.06859999895095825,0.02850000001490116,0.04349999874830246,0.03229999914765358,0.25099998712539673,0.771973192691803,0.19660000503063202,0.10890000313520432,0.032600000500679016,0.04569999873638153,0.04039999842643738,0.2303999960422516,0.7016248106956482,0.16155000030994415,0.07294999808073044,0.02810000069439411,0.04439999908208847,0.027149999514222145,0.3317500054836273,0.8487043976783752,0.7438699739410369,0.45457986892619145,0.25329696609843577,0.7547235533197129,0.3536497735393796,-0.013956142735494642,1.6900328684062706,0.7155636945206048,0.8316529374580373,236_9
6,0.6709966014730746,23.809083037596416,0.6859816035621119,0.574407683792396,0.8855727089261648,0.1772499978542328,0.07440000027418137,0.03945000097155571,0.052400000393390656,0.033900000154972076,0.3319999873638153,0.8147034645080566,0.23600000143051147,0.14380000531673431,0.045049998909235,0.06084999814629555,0.05829999968409538,0.2529999911785126,0.6254416704177856,0.2021999955177307,0.0869000032544136,0.03539999946951866,0.058800000697374344,0.030799999833106995,0.3707999885082245,0.8466135263442993,1.176808647774051,0.814844421569544,0.46227069674981247,0.7603795443349579,-0.6535002804615359,-0.33177912926667796,3.229592667708563,0.7068990287348795,0.7129481309081389,238_6
6,0.8140982262333143,23.753387489981,0.7618818385440435,0.7433020468128001,0.8812559052125726,0.14419999718666077,0.06390000134706497,0.04295000061392784,0.05054999887943268,0.030950000509619713,0.28850001096725464,0.8062294721603394,0.18574999272823334,0.1026500016450882,0.039650000631809235,0.05184999853372574,0.050599999725818634,0.20679999887943268,0.6068376302719116,0.19185000658035278,0.09264999628067017,0.033799998462200165,0.04989999905228615,0.030300000682473183,0.35120001435279846,0.8411533236503601,1.0400527530695074,0.7045828102550948,0.459423042842784,0.23053744743567472,-0.4221469564469074,-0.9114432074522911,1.4995210929125997,1.3381663548690168,0.34898892592380354,237_8
6,0.6957901033147742,23.954071124453307,0.919251692654808,0.9181519962525875,0.9494842543776598,0.18479999899864197,0.08720000088214874,0.04129999876022339,0.05620000138878822,0.03830000013113022,0.3109999895095825,0.7807042598724365,0.20749999582767487,0.12020000070333481,0.03590000048279762,0.05009999871253967,0.03750000149011612,0.27300000190734863,0.7584540843963623,0.20110000669956207,0.10189999639987946,0.04360000044107437,0.052400000393390656,0.035599999129772186,0.29980000853538513,0.7877161502838135,1.0068814948198872,0.4046209278766611,0.2919190051030776,0.6798974538587648,-0.311596754145225,0.3640621303902278,2.2931608171309414,0.8231735418323628,0.5348875150258269,239_6
6,0.5962567698343317,23.930355600952552,0.9193981626857797,0.9246174029714711,0.9507080985768199,0.17479999363422394,0.0754999965429306,0.03894999995827675,0.052799999713897705,0.0348999984562397,0.2874000072479248,0.7834315896034241,0.18310000002384186,0.09510000050067902,0.04390000179409981,0.053199999034404755,0.039900001138448715,0.27059999108314514,0.7429951429367065,0.19220000505447388,0.08969999849796295,0.0357000008225441,0.052400000393390656,0.03550000116229057,0.29980000853538513,0.7882493138313293,0.9666485507410343,0.40424870343828545,0.28221415307036596,0.48362427763055643,0.1588134938146872,-0.40292545109000183,1.3239213247739345,1.0660056017516915,0.8212025070203414,239_5
6,0.6920171791214713,23.746290799236462,0.7571473415202298,0.6480302297596184,0.9024583305063665,0.16169999539852142,0.07639999687671661,0.0471000000834465,0.05660000070929527,0.03840000182390213,0.33379998803138733,0.7936593294143677,0.20354999601840973,0.11669166386127472,0.042500000447034836,0.05959999933838844,0.05054999887943268,0.2249000072479248,0.6329642534255981,0.19130000472068787,0.08470000326633453,0.028699999675154686,0.05339999869465828,0.027499999850988388,0.28940001130104065,0.8264436721801758,1.2162497407782513,0.7118612438563141,0.427381399442097,-0.26251750707326293,-0.29115652453694596,-0.7364369801160809,1.0162300099931956,1.8364266197333439,0.4533897210840281,237_6
6,0.8556902238880486,23.745572147009163,0.5692169981054519,0.6888329501518137,0.82817699293783,0.13654999434947968,0.05999999865889549,0.027000000700354576,0.04270000010728836,0.02979999966919422,0.24864999949932098,0.7859579920768738,0.149399995803833,0.07500000298023224,0.03869999945163727,0.04500000178813934,0.049800001084804535,0.19529999792575836,0.5936352610588074,0.19099999964237213,0.08959999680519104,0.031849998980760574,0.0608999989926815,0.030649999156594276,0.31505000591278076,0.8226786255836487,0.8401182951568292,0.9652431258966288,0.4941593993309788,0.13599320637271872,0.3263300174681767,-0.8118028049765373,0.8633538799181742,1.4343804131170446,0.3829484052031861,237_8
6,0.8774294537637406,23.57264645481616,0.9179430436434928,0.898870948076783,0.9623233116650931,0.15745000541210175,0.07395000010728836,0.031150000169873238,0.049949999898672104,0.034699998795986176,0.27105000615119934,0.773017168045044,0.17579999566078186,0.09210000187158585,0.033399999141693115,0.05079999938607216,0.039900001138448715,0.26190000772476196,0.7355864644050598,0.16189999878406525,0.07325000315904617,0.031199999153614044,0.048650000244379044,0.031550001353025436,0.32350000739097595,0.8222785592079163,1.111973934163816,0.40793235689884794,0.26908128117453184,0.818312401148564,0.7581377703604519,0.39020467796826,1.1600714336579743,0.6123275848450636,0.5146241650718416,235_8
6,0.8827295139400473,23.92200126881024,0.8590855108074397,0.9142017138589082,0.9076775897124123,0.19705000519752502,0.09730000048875809,0.0414000004529953,0.05810000002384186,0.04762500151991844,0.28360000252723694,0.7124311327934265,0.24459999799728394,0.1665000021457672,0.04520000144839287,0.0649000033736229,0.05990000069141388,0.2328999936580658,0.5908469557762146,0.23884999752044678,0.1193000003695488,0.0393499992787838,0.07240000367164612,0.04374999925494194,0.3328000009059906,0.7676271200180054,0.776568327283481,0.5373160400484975,0.3273226484234783,0.6453306837487911,0.7935871295343011,0.5821711960551632,0.7524261567444033,0.8693402357756742,0.6015078933577396,239_8
6,0.08798998207950604,23.667149222705532,0.9535063092434356,0.9657078527600291,0.9650306327336023,0.16625000536441803,0.0718500018119812,0.03269999846816063,0.043299999088048935,0.02905000001192093,0.2842999994754791,0.8145843148231506,0.17640000581741333,0.08309999853372574,0.03420000150799751,0.04610000178217888,0.031700000166893005,0.2639999985694885,0.7855935096740723,0.18915000557899475,0.0860000029206276,0.03280000016093254,0.051249999552965164,0.034949999302625656,0.31975001096725464,0.80293208360672,0.8579304607162628,0.30613233308048576,0.21418930691449012,0.6741066349739968,0.9552663007703792,0.530892438627065,0.3612783682525221,0.8310417757615753,0.25305620815887847,236_0
6,0.9388742191975172,23.667867874932824,0.7362730897722034,0.7651273188187607,0.9011313438876389,0.15860000252723694,0.0702499970793724,0.03034999966621399,0.04100000113248825,0.030050000175833702,0.2618499994277954,0.7941075563430786,0.2071000039577484,0.13779999315738678,0.04650000110268593,0.05694999918341637,0.05209999904036522,0.24834999442100525,0.6531868577003479,0.21960000693798065,0.11190000176429749,0.03370000049471855,0.053599998354911804,0.03669999912381172,0.310699999332428,0.788716197013855,0.9412137124317685,0.7432502025593898,0.4066910122510583,-0.12484908566293479,-0.7838521615001712,-0.005284490370687886,1.4573599609070214,1.695972052065477,0.6121828741476549,236_9
6,0.2745700665911297,23.964311918692268,0.8557572388462663,0.7915389301219578,0.8950046644881654,0.1656000018119812,0.0737999975681305,0.03905000165104866,0.05380000174045563,0.03530000150203705,0.298550009727478,0.78852778673172,0.2045000046491623,0.1124500036239624,0.04594999924302101,0.06459999829530716,0.05950000137090683,0.2683500051498413,0.6370291113853455,0.1910499930381775,0.08720000088214874,0.04050000011920929,0.05350000038743019,0.03350000083446503,0.367000013589859,0.8327091336250305,1.2090713085840303,0.5437836442782458,0.4432969492381813,0.5831044380063303,-0.5336008825937822,-0.29722332874262253,2.2500874915522866,0.9482515228548762,0.8455627921902603,239_2
6,0.9898985273355052,23.880858428797566,0.5914567356091859,0.7866194639301922,0.8576570089196167,0.15770000219345093,0.06849999725818634,0.03550000116229057,0.04769999906420708,0.03290000185370445,0.2590000033378601,0.7745802998542786,0.21729999780654907,0.13109999895095825,0.04390000179409981,0.0568000003695488,0.053700000047683716,0.21459999680519104,0.5997018218040466,0.2273000031709671,0.11779999732971191,0.040800001472234726,0.06560000032186508,0.051249999552965164,0.2888000011444092,0.6985737681388855,0.7095201331650646,0.9379320709788342,0.37999915184038235,-0.9598853748866643,-0.6825212533498242,0.7043361888817863,0.8126309507106555,2.8573894558568593,0.7094949874236638,238_9
6,0.022682460924016823,23.984074854942897,0.8077220805708507,0.7923261720087843,0.9147344769800632,0.18279999494552612,0.08910000324249268,0.04270000010728836,0.05530000105500221,0.040800001472234726,0.28029999136924744,0.7458735704421997,0.25619998574256897,0.15129999816417694,0.04690000042319298,0.0658000037074089,0.06430000066757202,0.25220000743865967,0.5936809182167053,0.2301499992609024,0.12255000323057175,0.038750000298023224,0.059450000524520874,0.04450000077486038,0.3617999851703644,0.7809500098228455,1.0407056996445525,0.6305182414732096,0.39374341225130194,0.0823884299970922,0.29814469133120297,0.5266300283762276,0.8520027542354975,1.4883144041748426,0.810750520132683,239_0
6,0.8634157353314773,23.815101750000018,0.8470276711660153,0.7883821938771667,0.8570774746825705,0.16128332912921906,0.07720000296831131,0.0357000008225441,0.05303333327174187,0.03359999880194664,0.3090499937534332,0.8038815259933472,0.23119999468326569,0.15060000121593475,0.041999999433755875,0.05660000070929527,0.06129999831318855,0.20469999313354492,0.5390977263450623,0.2273000031709671,0.10570000112056732,0.03660000115633011,0.05730000138282776,0.032999999821186066,0.41760000586509705,0.853528618812561,1.1823490817763112,0.5604280273913576,0.5016283609848717,0.298660814768513,-0.9776390942861952,-0.3192984200731518,2.311404026783,1.2675072110565473,0.2083328272245699,238_8
6,0.6604863126488763,23.574892243026454,0.7177721732140698,0.9419224812389163,0.7985225199369541,0.1396999955177307,0.061799999326467514,0.04439999908208847,0.04769999906420708,0.03420000150799751,0.2526000142097473,0.7615062594413757,0.16200000047683716,0.07440000027418137,0.03139999881386757,0.041749998927116394,0.03920000046491623,0.23489999771118164,0.7139729857444763,0.18039999902248383,0.09724999964237213,0.03175000101327896,0.04670000076293945,0.03644999861717224,0.2610499858856201,0.7549579739570618,0.4446729939081439,0.7701989300140394,0.28611308185042406,0.006845849942264349,0.434517482632261,0.7967140530009156,0.7169625315816011,1.563950423378957,0.4256087124311186,235_6
6,0.843562967552435,23.980930751448483,0.755000180245938,0.8493926738318642,0.9144195136256853,0.1696999967098236,0.0778999999165535,0.03550000116229057,0.05299999937415123,0.03590000048279762,0.24779999256134033,0.7469157576560974,0.18604999780654907,0.09745000302791595,0.04574999958276749,0.06464999914169312,0.04969999939203262,0.22139999270439148,0.6333456039428711,0.19654999673366547,0.09854999929666519,0.04414999857544899,0.06970000267028809,0.05050000175833702,0.28299999237060547,0.6971514225006104,0.7774161109153213,0.7151419324105078,0.32409289128477164,-0.4545053986978903,-0.1155551203887271,0.8100600831284844,0.8257119737512753,2.0426131945794617,0.5131954012535638,239_8
6,0.11511910365991618,23.710358187871677,0.820635301863167,0.8279794947112431,0.9335533992855497,0.16500000655651093,0.06965000182390213,0.035599999129772186,0.048242855817079544,0.031700000166893005,0.2593666613101959,0.7821804881095886,0.1987999975681305,0.11912500113248825,0.04041999951004982,0.053700000047683716,0.04529999941587448,0.2000666707754135,0.630756676197052,0.20489999651908875,0.09830000251531601,0.03550000116229057,0.05620000138878822,0.0364999994635582,0.3001999855041504,0.7831897735595703,0.978672440697379,0.6082744616851536,0.3416944489365292,-0.2602490045747024,-0.4179544679026731,-0.38995418418828076,1.0915514950217708,1.8340764118500843,0.7473392165819082,237_1
6,0.04217590258940973,23.68924777869487,0.8763826046853598,0.8267244205752349,0.9664098470984086,0.17299999296665192,0.07249999791383743,0.03530000150203705,0.049150001257658005,0.03200000151991844,0.32679998874664307,0.8216276168823242,0.2289000004529953,0.120899997651577,0.04580000042915344,0.06494999676942825,0.05040000006556511,0.27869999408721924,0.6937100887298584,0.20469999313354492,0.09449999779462814,0.03359999880194664,0.0568000003695488,0.03240000084042549,0.3264000117778778,0.8193979859352112,1.1891328724783137,0.5024972014324242,0.2535533756421121,0.5771095193770198,-0.7127693967380038,-0.06341486624372486,2.474054767012688,0.9556114444952822,0.5571816075177071,236_0
6,0.8467969025752655,23.936374313356154,0.8369038436551997,0.8909450451509128,0.9587254397910718,0.1590999960899353,0.07062499970197678,0.03246000036597252,0.04582500085234642,0.03145499899983406,0.2597000002861023,0.7839295268058777,0.17649999260902405,0.09380000084638596,0.03579999879002571,0.05090000107884407,0.03869999945163727,0.2168000042438507,0.6970645785331726,0.16824999451637268,0.08009999990463257,0.033649999648332596,0.05705000087618828,0.03359999880194664,0.2685000002384186,0.7775571346282959,0.813844652612472,0.5791944417780482,0.23377937951508723,0.6502902696095192,0.3732161535613694,0.14049646652836556,1.377239163188811,0.8628298608804417,0.9179383057520565,239_8
6,0.8549715716607533,23.798303254186983,0.9119195066635863,0.9385445963246323,0.9792813073846585,0.16740000247955322,0.07400000095367432,0.031700000166893005,0.04729999974370003,0.029020000249147415,0.3212200105190277,0.8342850804328918,0.19606666266918182,0.1014999970793724,0.03831666707992554,0.05186666548252106,0.04098000004887581,0.24320000410079956,0.7115912437438965,0.20149999856948853,0.10485000163316727,0.03465000167489052,0.053849998861551285,0.0364999994635582,0.29339998960494995,0.7787207961082458,0.8333919555421483,0.42285879619319744,0.169423969973274,0.3165183318744005,-0.6552413809202661,-0.07304428068044011,1.8300842440334146,1.2487394734502315,0.7420233684039745,237_8
6,0.982083184363665,23.68188159336509,0.8223139686758753,0.7784125483337451,0.9170702098577704,0.15070000290870667,0.07029999792575836,0.03180000185966492,0.04360000044107437,0.03280000016093254,0.2603999972343445,0.7762619256973267,0.21455000340938568,0.13109999895095825,0.044599998742341995,0.05640000104904175,0.06024999916553497,0.21539999544620514,0.5628514289855957,0.20589999854564667,0.09229999780654907,0.03200000151991844,0.05180000141263008,0.027499999850988388,0.3928999900817871,0.869172215461731,1.1211446639491587,0.6053306900987927,0.3964336865618232,0.10240073492025073,-0.636267321012701,-0.7104234303292125,1.5395873707514272,1.468215781286951,0.41758742776786206,236_9
6,0.6233858914147401,23.900531533519782,0.9281531063452513,0.9195510959097887,0.9411005545585417,0.15674999356269836,0.06705000251531601,0.036400001496076584,0.05310000106692314,0.0328500010073185,0.2721000015735626,0.7845548391342163,0.1860000044107437,0.09910000115633011,0.04820000007748604,0.060600001364946365,0.05040000006556511,0.25679999589920044,0.671875,0.1850000023841858,0.08460000157356262,0.032600000500679016,0.05220000073313713,0.030700000002980232,0.31520000100135803,0.8224920630455017,1.0589522098286983,0.38137670841507204,0.3146611160137562,0.4927511205566891,-0.4335118265281228,-0.8736794787670634,1.9129238078775124,1.0555478049728662,0.48648971265421587,239_6
6,0.6372199467901805,23.557464926514534,0.7745509380726455,0.7706108499658769,0.9086170836904922,0.17499999701976776,0.07235000282526016,0.032099999487400055,0.045499999076128006,0.03034999966621399,0.32690000534057617,0.8300909996032715,0.2326499968767166,0.14900000393390656,0.05274999886751175,0.0637499988079071,0.06449999660253525,0.18754999339580536,0.48819679021835327,0.21610000729560852,0.10189999639987946,0.03480000048875809,0.061500001698732376,0.0333000011742115,0.3443000018596649,0.8236228823661804,1.0090622252858594,0.684791507127727,0.4040393504238988,0.28672104810482346,-0.9511652247356088,-0.29377309952402786,2.2092178363437234,1.2799939056560183,0.3078989103019467,235_6
6,0.9174044839070596,23.654393145671037,0.7520406735587014,0.8041607439010312,0.9012286399177203,0.13289999961853027,0.05790000036358833,0.03099999949336052,0.03929999843239784,0.029500000178813934,0.22849999368190765,0.7713178396224976,0.1680999994277954,0.09624999761581421,0.026799999177455902,0.03714999929070473,0.03709999844431877,0.1692499965429306,0.6404168009757996,0.17720000445842743,0.08449999988079071,0.031099999323487282,0.039799999445676804,0.02930000051856041,0.24789999425411224,0.7886002659797668,0.8845129773906767,0.7196436190053855,0.3886005989225861,0.8401820841841683,0.680140122627548,0.721904357834717,1.4355808898582527,0.5731774315937268,0.6785502523997033,236_9
6,0.5107371547861526,23.29515686355164,0.9343844417926386,0.9169923601678652,0.9629834920204144,0.17560000717639923,0.07880000025033951,0.035599999129772186,0.053300000727176666,0.029200000688433647,0.353300005197525,0.8473202586174011,0.17180000245571136,0.09300000220537186,0.05860000103712082,0.07050000131130219,0.06560000032186508,0.24789999425411224,0.5814992189407349,0.1949000060558319,0.09070000052452087,0.03819999843835831,0.05739999935030937,0.03280000016093254,0.37560001015663147,0.8393731713294983,1.126426236172821,0.3642689991675223,0.26520404048754165,0.8755933624384539,-0.5673036486482331,-0.2921255069378826,4.312397865367998,0.5041335052419429,0.7062299137889719,232_5
6,0.6268893210228068,23.959730510743256,0.8376436181570955,0.8160002350854024,0.9175052644851202,0.17479999363422394,0.07810000330209732,0.03779999911785126,0.05310000106692314,0.03400000184774399,0.31679999828338623,0.8061573505401611,0.22339999675750732,0.13699999451637268,0.04450000077486038,0.061500001698732376,0.0551999993622303,0.26919999718666077,0.6596794128417969,0.2061000019311905,0.09369999915361404,0.03869999945163727,0.06024999916553497,0.03734999895095825,0.319599986076355,0.7907270193099976,1.0666227655935603,0.5778414852018345,0.38811747269486263,0.41861596052423955,-0.7035277286066133,0.2230797588462568,2.0644447825322847,1.138875541359317,0.4245360369844772,239_6
6,0.7018986472467876,23.373400124798444,0.8786128187469969,0.9151384870900362,0.9498032326312256,0.1469999998807907,0.06729999929666519,0.02930000051856041,0.04405000060796738,0.030300000682473183,0.25804999470710754,0.7898387312889099,0.14149999618530273,0.0892999991774559,0.03220000118017197,0.04439999908208847,0.03959999978542328,0.16040000319480896,0.6040000319480896,0.155799999833107,0.0710500031709671,0.029850000515580177,0.04690000042319298,0.02889999933540821,0.31584998965263367,0.832342267036438,0.8334793076839311,0.49784681478689546,0.26337294918449156,0.8610735599377489,0.5030417174374145,0.01738152657546288,1.956588536713677,0.5334191033231861,0.27990714314861237,233_7
6,0.9060857113271545,23.873582074996193,0.6984678340820918,0.7662562887931935,0.8895133305869258,0.15360000729560852,0.07029999792575836,0.03310000151395798,0.053599998354911804,0.03220000118017197,0.27619999647140503,0.7911802530288696,0.22280000150203705,0.1316000074148178,0.04340000078082085,0.060600001364946365,0.05050000175833702,0.2648000121116638,0.6796701550483704,0.19900000095367432,0.10689999908208847,0.0364999994635582,0.060499999672174454,0.03590000048279762,0.290800005197525,0.7802265286445618,0.8749407879310368,0.7975420420507688,0.40955556401714094,-0.17015056251759864,-0.9323941736782704,0.3704107939373745,1.591348756061125,1.741778784406073,0.2906206787133952,238_9
6,0.09724262950593676,23.77009615426563,0.9564380294983107,0.9661697705064489,0.9774989608143202,0.18002499639987946,0.07665000110864639,0.037450000643730164,0.053300000727176666,0.03460000082850456,0.32989999651908875,0.8101508617401123,0.18369999527931213,0.08387500047683716,0.035612501204013824,0.052149999886751175,0.03290000185370445,0.3106333315372467,0.80846107006073,0.17870000004768372,0.07540000230073929,0.03189999982714653,0.048250000923871994,0.03180000185966492,0.31139999628067017,0.8146852850914001,0.8805244731559292,0.29624979654108485,0.18175647733900782,0.7679823585233716,0.9178156724046678,0.9120666411942117,0.5873206873587685,0.6951113993210042,0.2301174272999393,237_0
6,0.9601642914311483,23.9126587898554,0.7379419180006626,0.7785221955711296,0.9631085631306445,0.1822499930858612,0.08065000176429749,0.035750001668930054,0.05525000020861626,0.03454999998211861,0.3215999901294708,0.8059806227684021,0.2184000015258789,0.12680000066757202,0.04399999976158142,0.06909999996423721,0.04919999837875366,0.2791999876499176,0.700365424156189,0.21469999849796295,0.10130000114440918,0.037700001150369644,0.07625000178813934,0.04064999893307686,0.3578000068664551,0.7959593534469604,0.9159101865770917,0.7407806987616514,0.24965486926261263,0.4493624228365828,-0.33193374904577905,0.6692715401741307,1.7281358794954367,1.10474480878658,0.2247531266101977,239_9
6,0.7744825222036447,23.96772551677192,0.9077750446734693,0.9020797342163225,0.9367566568975555,0.2092999964952469,0.09489999711513519,0.03629999980330467,0.05530000105500221,0.03280000016093254,0.36079999804496765,0.8333333134651184,0.2362000048160553,0.12825000286102295,0.04659999907016754,0.06689999997615814,0.051249999552965164,0.32030001282691956,0.7241286635398865,0.24469999969005585,0.1225999966263771,0.042500000447034836,0.06830000132322311,0.043949998915195465,0.40400001406669617,0.8037727475166321,1.0309216621009165,0.4328474569312954,0.3275457755638451,0.735870855555428,0.27925942433621664,0.8442254994162323,1.7312404484152855,0.743844429615625,0.17946077835923865,239_7
6,0.5968855905332155,23.544169860309566,0.7128571230330036,0.8886012105774831,0.7861367640665812,0.1477999985218048,0.05979999899864197,0.029899999499320984,0.042500000447034836,0.028599999845027924,0.29100000858306885,0.8210262656211853,0.1979999989271164,0.1468999981880188,0.04374999925494194,0.05274999886751175,0.062300000339746475,0.18745000660419464,0.5011011362075806,0.19220000505447388,0.08990000188350677,0.029100000858306885,0.04895000159740448,0.02850000001490116,0.3495999872684479,0.8492462038993835,0.6130852787752978,0.7772325225660182,0.4037135701346302,0.6316688054700004,-0.6989418756407872,-0.8016757378504651,2.6431444177391628,0.8870923628077301,0.543715768920063,235_5
6,0.8745548448545595,23.57929398791864,0.8783724432134392,0.8377567770122425,0.922207377430471,0.15230000019073486,0.06735000014305115,0.03359999880194664,0.04430000111460686,0.032749999314546585,0.2634499967098236,0.77886563539505,0.19005000591278076,0.10644999891519547,0.03689999878406525,0.04975000023841858,0.046149998903274536,0.21050000190734863,0.64036625623703,0.1692499965429306,0.07750000059604645,0.03245000168681145,0.04830000177025795,0.034049998968839645,0.31220000982284546,0.8033213019371033,1.1590936943734753,0.4983499494697272,0.38232362612537546,0.7743711053798795,-0.11089780425674252,-0.5801702234086425,2.4550900415436296,0.6850757729317588,0.6143434989590472,235_8
6,0.9227943756117778,23.947064265237174,0.7770508958418234,0.8391884991443718,0.892307715557897,0.17219999432563782,0.07680000364780426,0.034699998795986176,0.053199999034404755,0.032600000500679016,0.29840001463890076,0.8030211329460144,0.21780000627040863,0.13324999809265137,0.04255000129342079,0.05939999967813492,0.051649998873472214,0.24560000002384186,0.6524810791015625,0.195250004529953,0.08990000188350677,0.037300001829862595,0.065700002014637,0.036400001496076584,0.3630000054836273,0.8177266120910645,0.8445683265068442,0.6808294549489764,0.38744976446223545,0.3931525164477032,-0.9496157048207654,-0.1557840940910078,2.4193968794850225,1.166738625633373,0.20553370905691565,239_9
6,0.8690751216214299,23.585222868793828,0.6155919747543349,0.6490995589931478,0.8578681979145927,0.13429999351501465,0.05974999815225601,0.03254999965429306,0.044599998742341995,0.03269999846816063,0.2630000114440918,0.7788299322128296,0.19994999468326569,0.13459999859333038,0.03359999880194664,0.0385500006377697,0.041099999099969864,0.12489999830722809,0.5048192739486694,0.18774999678134918,0.09200000017881393,0.02905000001192093,0.047850001603364944,0.028599999845027924,0.2538500130176544,0.7974863052368164,0.9523354009934191,0.9076594054896111,0.49039407404529517,0.5326401389659087,-0.027372613765242707,0.20756057411628412,1.5837925666572106,1.0090793412971948,0.96455151548019,235_8
6,0.52259491653653,23.836032496119998,0.8796041317915018,0.8928051884341649,0.9280652250834824,0.2117999941110611,0.09605000168085098,0.04374999925494194,0.06260000169277191,0.04320000112056732,0.35109999775886536,0.7808774709701538,0.21654999256134033,0.13429999351501465,0.04019999876618385,0.054499998688697815,0.04834999889135361,0.22834999859333038,0.6505240201950073,0.23389999568462372,0.12999999523162842,0.03759999945759773,0.061400000005960464,0.03539999946951866,0.33719998598098755,0.8099839091300964,0.9425022731015312,0.4957669368643331,0.3359326417345169,0.7202924162681045,0.007465822541605827,0.24500096030395235,2.039377007596978,0.7665725508683698,0.9384101693136832,238_5
6,0.36907283448050343,23.613968957885653,0.980431388690447,0.9536021521903049,0.9684390399634836,0.14339999854564667,0.06379999965429306,0.030500000342726707,0.040800001472234726,0.027899999171495438,0.24539999663829803,0.7958287596702576,0.15760000050067902,0.07479999959468842,0.030050000175833702,0.04114999994635582,0.033149998635053635,0.24120000004768372,0.7583379149436951,0.13989999890327454,0.059700001031160355,0.027000000700354576,0.03660000115633011,0.023499999195337296,0.2305999994277954,0.8150334358215332,1.5433051718758148,0.198155334109273,0.2483728544182599,0.9939215976243482,0.9622657188525267,0.9730183790780729,2.4982062087488837,0.11031382692759435,0.22650340635421,236_3
6,0.5540359514807136,23.23290361436215,0.9147154847283919,0.964962871376623,0.9446714422232242,0.11990000307559967,0.05270000174641609,0.03889999911189079,0.05009999871253967,0.03139999881386757,0.25029999017715454,0.7770677804946899,0.16734999418258667,0.08299999684095383,0.03400000184774399,0.046950001269578934,0.032999999821186066,0.24754999577999115,0.7647477984428406,0.15015000104904175,0.06814999878406525,0.028850000351667404,0.044199999421834946,0.02979999966919422,0.25655001401901245,0.7918631434440613,0.6382185831862348,0.41599304220861066,0.21284443700400985,0.701839503764914,0.6777797917714792,0.9423049146104844,1.0419234854713826,0.792819746869522,0.33395996976435127,232_5
6,0.013429813497586096,23.62564705657921,0.9071609921419928,0.9517020983116394,0.966463141952471,0.1704999953508377,0.07129999995231628,0.03519999980926514,0.049800001084804535,0.03139999881386757,0.2802000045776367,0.7984595894813538,0.1774500012397766,0.08675000071525574,0.03660000115633011,0.05274999886751175,0.043549999594688416,0.26249998807907104,0.7154059410095215,0.193900004029274,0.0885000005364418,0.03590000048279762,0.0551999993622303,0.03700000047683716,0.3352000117301941,0.8011821508407593,0.7185283023874218,0.4343090670532563,0.18495954772479617,0.30017301226180954,-0.062324941864706815,-0.6886921848620583,1.29009630891235,1.265922301475297,0.7090742450501893,236_0
6,0.830267901347467,23.73524152124179,0.7460343276127348,0.77779710326419,0.9367551773258475,0.15610000491142273,0.06674999743700027,0.03435000032186508,0.05025000125169754,0.03334999829530716,0.27320000529289246,0.7824172377586365,0.22945000231266022,0.11789999902248383,0.03819999843835831,0.05364999920129776,0.04919999837875366,0.2621000111103058,0.6839061975479126,0.21469999849796295,0.09780000150203705,0.04010000079870224,0.05505000054836273,0.042149998247623444,0.32440000772476196,0.7700177431106567,0.9326665875461707,0.7287095739655788,0.32929444801191177,-0.588809319653658,-0.880964253244662,0.45572125107827044,1.2037425202952345,2.2003812573262485,0.4667193550538264,237_8
6,0.011453519872523188,23.694098681229114,0.8522671902874727,0.8736162975202065,0.9572617573964173,0.1695999950170517,0.0750499963760376,0.035599999129772186,0.04594999924302101,0.03135000169277191,0.263700008392334,0.7874936461448669,0.18975000083446503,0.10965000092983246,0.03840000182390213,0.050700001418590546,0.04574999958276749,0.19349999725818634,0.6175548434257507,0.19370000064373016,0.08910000324249268,0.03539999946951866,0.05119999870657921,0.03420000150799751,0.29840001463890076,0.7943475842475891,0.9231945529824637,0.5504921270926814,0.2673055501918511,0.539730285517222,-0.20428861651727032,-0.6886289005134909,1.7753266902250886,1.0006796379439906,0.6973203259746885,236_0
6,0.8847956390935217,23.569412519793325,0.779963752503436,0.9499776101848264,0.8292011592855855,0.16760000586509705,0.07109999656677246,0.03099999949336052,0.048500001430511475,0.031199999153614044,0.3828999996185303,0.8493117690086365,0.20295000076293945,0.13234999775886536,0.042899999767541885,0.054749999195337296,0.052650000900030136,0.2553499937057495,0.65811687707901,0.19949999451637268,0.09335000067949295,0.03514999896287918,0.05550000071525574,0.03674999997019768,0.3808000087738037,0.8239731788635254,0.46973907213089766,0.676188431220546,0.27866868035547615,0.7895328095282599,-0.7730672818587233,-0.3691111238495236,3.7146616804308437,0.6607489607251715,0.4978319700176382,235_8
6,0.6996528590364886,23.69068508314946,0.7967637670484592,0.8570538507281605,0.9219622793764738,0.1362999975681305,0.06129999831318855,0.03220000118017197,0.04410000145435333,0.030400000512599945,0.2556999921798706,0.7874869108200073,0.16740000247955322,0.0921500027179718,0.030899999663233757,0.046149998903274536,0.03709999844431877,0.21164999902248383,0.7017085552215576,0.16269999742507935,0.07365000247955322,0.028850000351667404,0.051649998873472214,0.02879999950528145,0.2879999876022339,0.8181818127632141,0.8341696051985592,0.6488755995321953,0.3300197872026171,0.7925054467712885,0.627572049397784,0.37703909157521986,1.3605414558681244,0.6558900255610243,0.7531488901954326,236_6
6,0.9369877571008658,23.473652110506187,0.9343886421112989,0.9383723605551408,0.9661995511441565,0.13314999639987946,0.05950000137090683,0.03660000115633011,0.04944999888539314,0.03099999949336052,0.27129998803138733,0.7949057221412659,0.13725000619888306,0.06424999982118607,0.024650000035762787,0.03655000030994415,0.02630000002682209,0.2211499959230423,0.7874317765235901,0.1746000051498413,0.08340000361204147,0.03579999879002571,0.05689999833703041,0.03359999880194664,0.2888999879360199,0.7916278839111328,0.9688367937028685,0.36425720915828924,0.2376795232371123,0.613085987060387,0.730233698591617,0.3191600916319177,0.825761027651607,0.9108353960969607,0.6635415001455244,234_9
6,0.5121744592407431,23.893614505832062,0.752601499349391,0.8893875291510186,0.8853814960412854,0.17354999482631683,0.07774999737739563,0.044199999421834946,0.05445000156760216,0.037950001657009125,0.2788499891757965,0.7604166269302368,0.2024500072002411,0.12935000658035278,0.050850000232458115,0.059700001031160355,0.0551999993622303,0.21809999644756317,0.5960482954978943,0.2092999964952469,0.10729999840259552,0.04360000044107437,0.0632999986410141,0.04340000078082085,0.31119999289512634,0.7552171349525452,0.6605421832805339,0.7187923306726803,0.31836943792233907,0.20173072033715486,0.16040417143089317,0.49870369190815844,1.030727064942074,1.3676716774688917,0.8646194808872651,238_5
6,0.7547195859530138,23.72167696045159,0.9301852772740975,0.8821101175855677,0.942476223248947,0.13650000095367432,0.05954999849200249,0.02800000086426735,0.04284999892115593,0.02995000034570694,0.25029999017715454,0.7862622737884521,0.17305000126361847,0.10085000097751617,0.038350000977516174,0.05144999921321869,0.04565000161528587,0.21220000088214874,0.6459181308746338,0.15929999947547913,0.07244999706745148,0.032349999994039536,0.05544999986886978,0.03125,0.2856000065803528,0.8027457594871521,1.3048692917684355,0.3758790862252663,0.3339454371427908,0.7692056896317128,0.025210225025479913,-0.4316639811187644,2.229638359794335,0.6931991566255562,0.7078863777811801,237_7
6,0.9535167583286643,23.647655781040136,0.8646428540408483,0.889426815374739,0.9393878803009696,0.14194999635219574,0.05950000137090683,0.02645000070333481,0.03604999929666519,0.026599999517202377,0.2519499957561493,0.809010922908783,0.219200000166893,0.12849999964237213,0.03280000016093254,0.04989999905228615,0.04899999871850014,0.19359999895095825,0.5960428714752197,0.18299999833106995,0.08839999884366989,0.02539999969303608,0.04540000110864639,0.027400000020861626,0.34529998898506165,0.8529648184776306,0.9018716411072635,0.5263572886593146,0.30649970627048256,0.6586848579945833,-0.1903396594472071,-0.36843049616400325,2.069095940272223,0.8517267914280262,0.9270491181320412,236_9
6,0.9242316800663684,23.960179668385315,0.8374772704018698,0.9148443853183369,0.9398744285646502,0.16335000097751617,0.07280000299215317,0.0364999994635582,0.04895000159740448,0.03265000134706497,0.25859999656677246,0.7757939696311951,0.17270000278949738,0.08380000293254852,0.035999998450279236,0.04820000007748604,0.03579999879002571,0.24660000205039978,0.7464589476585388,0.18610000610351562,0.09759999811649323,0.03720000013709068,0.052299998700618744,0.03909999877214432,0.2849999964237213,0.7587164640426636,0.7189775128884333,0.5781459592243525,0.24902107974661652,-0.012229544098340123,0.8727146098323856,-0.00913383424409472,0.32220644751477406,1.5830261757590893,0.48822826700409516,239_9
6,0.009926383889519386,23.692930871359764,0.9318997868060387,0.9492171670878664,0.9617244900188477,0.17649999260902405,0.07429999858140945,0.0364999994635582,0.05040000006556511,0.0340999998152256,0.33559998869895935,0.8155260682106018,0.20794999599456787,0.1091499999165535,0.03454999998211861,0.049150001257658005,0.039000000804662704,0.257099986076355,0.7365754842758179,0.20190000534057617,0.09019999951124191,0.03700000047683716,0.0560000017285347,0.035999998450279236,0.35040000081062317,0.8136646151542664,0.8622704089763507,0.37118056132982846,0.23183184356205083,0.7340000804698952,-0.357828434648663,-0.15074742838344982,2.5940657815225903,0.7466031312239821,0.9191365371585781,236_0
6,0.03454022267439427,23.444277200715476,0.8558488284974829,0.8516865359654503,0.9328163417465349,0.15244999527931213,0.06475000083446503,0.03189999982714653,0.04190000146627426,0.028550000861287117,0.28165000677108765,0.8159251809120178,0.24300000071525574,0.1615999937057495,0.052000001072883606,0.06270000338554382,0.06449999660253525,0.23929999768733978,0.5753785371780396,0.20374999940395355,0.09740000218153,0.035750001668930054,0.05079999938607216,0.032749999314546585,0.3721500039100647,0.8382316827774048,1.0147064901672904,0.543606591637593,0.3452821651447956,0.24984380698595865,-0.920092301817889,-0.35021158228484855,2.07779669422663,1.3182773837453916,0.3714650407627721,234_0
6,0.050530234731722246,23.84636312188738,0.8312968836846087,0.7991144734945791,0.8751016777772016,0.16779999434947968,0.07455000281333923,0.03954999893903732,0.052400000393390656,0.03269999846816063,0.3285999894142151,0.8189870119094849,0.21480000019073486,0.12520000338554382,0.03889999911189079,0.05889999866485596,0.03889999911189079,0.30649998784065247,0.7747539281845093,0.1914999932050705,0.08950000256299973,0.03400000184774399,0.04859999939799309,0.03530000150203705,0.29840001463890076,0.7884327173233032,1.0943670007404125,0.5893594535535214,0.4664572554112593,0.4785320484889657,-0.15373788088245272,0.0010601255362124723,1.6095573245056194,1.071814170544806,0.9844496344765918,238_0
6,0.27645652868778114,23.947782917464473,0.8039095761973665,0.7001019472444354,0.9076162234351942,0.1923999935388565,0.08950000256299973,0.03480000048875809,0.05249999836087227,0.03290000185370445,0.3375999927520752,0.8224021196365356,0.24060000479221344,0.15410000085830688,0.05480000004172325,0.0722000002861023,0.06930000334978104,0.25519999861717224,0.5728813409805298,0.21819999814033508,0.10890000313520432,0.043299999088048935,0.060600001364946365,0.043699998408555984,0.3336000144481659,0.7683541178703308,1.2485248301775032,0.6369565476607575,0.4168524877026386,0.28634859000942703,-0.5405527602510269,0.639494634412842,1.672851703030844,1.2803826644782368,0.14342305946810477,239_2
6,0.10685460304601513,23.711525997741035,0.9365462928300283,0.9025771200589607,0.9523245855370744,0.16442500054836273,0.07479999959468842,0.03739999979734421,0.05225000157952309,0.033675000071525574,0.3032799959182739,0.8001216650009155,0.2065500020980835,0.12184999883174896,0.03968333452939987,0.0544000007212162,0.04960000142455101,0.23350000381469727,0.6495937705039978,0.19224999845027924,0.08675000071525574,0.034699998795986176,0.05660000070929527,0.03550000116229057,0.313400000333786,0.7965033054351807,1.2427074339864557,0.3581518150543782,0.3035613038781042,0.5270139837091765,-0.9756814255271076,-0.6886945846054938,2.875422967588856,1.015713157843499,0.0767293306583502,237_1
6,0.8690751216214299,23.469340197142415,0.6393276765612729,0.696893566000478,0.8439406829154078,0.12790000438690186,0.057999998331069946,0.03440000116825104,0.04390000179409981,0.034299999475479126,0.24220000207424164,0.7518987655639648,0.16689999401569366,0.12530000507831573,0.041999999433755875,0.04800000041723251,0.0544000007212162,0.18389999866485596,0.5434326529502869,0.17035000026226044,0.07930000126361847,0.035599999129772186,0.05889999866485596,0.03189999982714653,0.32359999418258667,0.8205344676971436,0.9117240584146808,0.8771727366668487,0.4958780165130456,0.13903861152204616,0.04930881314481707,-0.8919340220366803,1.0629926283102133,1.4313057964824025,0.4169184245581701,234_8
6,0.6148518962156047,23.065367813873863,0.8033007721721793,0.8181351435382332,0.9228608751166448,0.14425000548362732,0.0645499974489212,0.03440000116825104,0.046799998730421066,0.03060000017285347,0.25644999742507935,0.7867967486381531,0.14640000462532043,0.07840000092983246,0.040699999779462814,0.05139999836683273,0.05389999970793724,0.18289999663829803,0.5447635054588318,0.14810000360012054,0.06459999829530716,0.027699999511241913,0.04455000162124634,0.02710000053048134,0.31459999084472656,0.841381311416626,0.9602752803654603,0.6379794681566858,0.36290389287089014,0.8259515887638883,0.11475475842224589,-0.34390236457217405,2.4307367250761556,0.598908219094845,0.6174857803029015,230_6
6,0.13964311091637782,23.76749103994168,0.6974072195637645,0.8137705545777575,0.8467339099606945,0.1612599939107895,0.07112500071525574,0.0348999984562397,0.045125000178813934,0.030091667547822,0.25876250863075256,0.7916480302810669,0.19878333806991577,0.12690000236034393,0.03808571398258209,0.052412498742341995,0.04473000019788742,0.21095000207424164,0.6501095294952393,0.19859999418258667,0.0925000011920929,0.038600001484155655,0.05570000037550926,0.03680000081658363,0.32199999690055847,0.7948718070983887,0.7761799938957399,0.79902301961748,0.43128012493233625,-0.19623417486421693,-0.3894979646125819,-0.6322394717271379,1.1145558469232177,1.7683122654674583,0.5709300445697312,237_1
6,0.9214469026855987,23.391995251179722,0.8007370225363594,0.8066028621470372,0.9043729000808701,0.147599995136261,0.06430000066757202,0.02449999935925007,0.043299999088048935,0.02810000069439411,0.3368000090122223,0.8459851741790771,0.2433999925851822,0.15649999678134918,0.04690000042319298,0.05849999934434891,0.06440000236034393,0.20399999618530273,0.5201191902160645,0.20704999566078186,0.09274999797344208,0.029600000008940697,0.052799999713897705,0.03319999948143959,0.3763999938964844,0.837890625,0.9846520340690068,0.6422717300083396,0.4039427495231875,0.6198924712585413,-0.8878848760605152,-0.5324802181174121,2.9522844400640644,0.9021906649790489,0.45949899164595687,233_9
6,0.9215367342140102,23.94886089580541,0.789747971006331,0.8645800914414815,0.903180475022102,0.16044999659061432,0.06889999657869339,0.03669999912381172,0.05400000140070915,0.03584999963641167,0.3059999942779541,0.7902588844299316,0.17624999582767487,0.09480000287294388,0.03500000014901161,0.04935000091791153,0.03660000115633011,0.23989999294281006,0.7352622151374817,0.16015000641345978,0.07159999758005142,0.031550001353025436,0.04884999990463257,0.029100000858306885,0.2669999897480011,0.8034447431564331,0.7972192124044646,0.6603982892278518,0.3513332000204352,0.6897762981506109,-0.11451728302530914,0.5769164324930568,2.08193118049576,0.809616290369336,0.4076661285040015,239_9
6,0.7746621852604676,23.701464866558894,0.9375902044595571,0.9310824312832685,0.9487045352237129,0.14000000059604645,0.062449999153614044,0.03480000048875809,0.04910000041127205,0.03150000050663948,0.28314998745918274,0.7997775077819824,0.14685000479221344,0.06239999830722809,0.03150000050663948,0.044849999248981476,0.02944999933242798,0.26249998807907104,0.7982531189918518,0.1440500020980835,0.06274999678134918,0.02785000018775463,0.04284999892115593,0.026750000193715096,0.3248000144958496,0.8478168249130249,1.0514289906780774,0.35516189192302233,0.292673927634102,0.8734080369267874,0.9352829555109743,0.8958920490486232,0.7111890111463149,0.5086391467086162,0.3145225784092434,237_7
6,0.009656889304283212,23.690056262450575,0.909765095109517,0.8639588302550062,0.9450705519614274,0.1704999953508377,0.07540000230073929,0.0357000008225441,0.052799999713897705,0.031700000166893005,0.2994000017642975,0.8085170388221741,0.2073500007390976,0.12514999508857727,0.04729999974370003,0.060100000351667404,0.0560000017285347,0.25554999709129333,0.6405071020126343,0.19470000267028809,0.08694999665021896,0.035349998623132706,0.055149998515844345,0.03449999913573265,0.3930000066757202,0.838596522808075,1.2327581620892913,0.4280784838489592,0.3267122720695688,0.5816582920666874,-0.908943443483949,-0.43208057356872764,2.854160145738059,0.9500304851908542,0.39964332556190674,236_0
6,0.1308396211320062,23.768479186754213,0.806730975650243,0.8315594111690104,0.9439318796292969,0.15683333575725555,0.069883331656456,0.03440000116825104,0.04529999941587448,0.031849998980760574,0.26019999384880066,0.781886637210846,0.212349995970726,0.11973333358764648,0.03624333441257477,0.051100000739097595,0.04414999857544899,0.23600000143051147,0.6848117113113403,0.210999995470047,0.10615000128746033,0.041600000113248825,0.05900000035762787,0.04500000178813934,0.3082500100135803,0.7452229261398315,0.9314922448022189,0.6321973935795595,0.30811643765538793,-0.9142559487331953,-0.43148053063029435,0.22674603642053817,0.7403033079620966,2.724463882889859,0.8015025728399582,237_1
6,0.5586173594297232,23.24009013663511,0.7503998323183598,0.804625476996175,0.897737509114659,0.13840000331401825,0.06390000134706497,0.03420000150799751,0.046300001442432404,0.03099999949336052,0.25369998812675476,0.7822269201278687,0.19349999725818634,0.12610000371932983,0.04740000143647194,0.057100001722574234,0.06030000001192093,0.21330000460147858,0.5592105388641357,0.17649999260902405,0.09239999949932098,0.027000000700354576,0.04529999941587448,0.026599999517202377,0.3248000144958496,0.8486055731773376,0.8803847849421282,0.72212955082171,0.3934594090128242,0.49694746688092295,-0.5431569760168873,-0.8879385285661695,2.0414491106302153,1.0507187408941314,0.4447210366464523,232_5
6,0.13074978960359473,23.768569018282626,0.7429028159843291,0.7921499099878926,0.9180415467921798,0.15683333575725555,0.069883331656456,0.03168333321809769,0.04547499865293503,0.03213333338499069,0.2712000012397766,0.7881318926811218,0.212349995970726,0.11973333358764648,0.044449999928474426,0.05855000019073486,0.06117499992251396,0.2292499989271164,0.5787208676338196,0.210999995470047,0.10615000128746033,0.03880000114440918,0.06549999862909317,0.03759999945759773,0.36864998936653137,0.8148922920227051,0.8951089161391654,0.7333998907469332,0.3607361682712303,-0.47790601281364775,-0.7827086034349403,-0.13315909029984882,1.193679987746256,2.0690656536706378,0.23225555214161098,237_1
6,0.8203864332221524,23.35687112357065,0.7308518330793132,0.7765544106080516,0.889267649786015,0.14390000700950623,0.06639999896287918,0.027799999341368675,0.043800000101327896,0.027000000700354576,0.30070000886917114,0.835215151309967,0.22394999861717224,0.1736000031232834,0.04309999942779541,0.061500001698732376,0.06830000132322311,0.21559999883174896,0.5188446640968323,0.20759999752044678,0.09950000047683716,0.0333000011742115,0.050999999046325684,0.034299999475479126,0.36320000886917114,0.8274213671684265,0.907339186342842,0.7512271676929435,0.4180685916268261,0.3541383364627233,-0.8515990415077084,-0.417589888767626,2.142468936261038,1.208803795491883,0.5093053216975192,233_8
6,0.9979833648925815,23.740990739060152,0.870964488771287,0.9221118372092714,0.9354951309207222,0.1356000006198883,0.05920000001788139,0.026799999177455902,0.04540000110864639,0.02800000086426735,0.2872999906539917,0.8223913908004761,0.13529999554157257,0.056049998849630356,0.029750000685453415,0.03945000097155571,0.025450000539422035,0.2329999953508377,0.8030566573143005,0.1733500063419342,0.08694999665021896,0.026499999687075615,0.04259999841451645,0.03044999949634075,0.23960000276565552,0.7744861841201782,0.7734933487864594,0.5136344558042468,0.2777292754344236,0.777538170456449,0.9113309255332015,0.8433862660755035,0.6239066354101243,0.680054941959562,0.35146765801985613,237_9
6,0.08879846583521278,23.811418657335125,0.8581756271838782,0.8146971448741877,0.9421177506477635,0.21074999868869781,0.08635000139474869,0.03844999894499779,0.05310000106692314,0.030649999156594276,0.3801000118255615,0.850760817527771,0.23565000295639038,0.12755000591278076,0.052650000900030136,0.06949999928474426,0.05204999819397926,0.3294999897480011,0.7271655201911926,0.22310000658035278,0.10830000042915344,0.040800001472234726,0.06520000100135803,0.04010000079870224,0.35350000858306885,0.7962398529052734,1.1474676433173403,0.5390910961862986,0.335064967099185,0.6716187601061272,0.21453951047660452,0.7909760749281456,1.6234038176379837,0.8344048314817408,0.4377728955612089,238_0
6,0.576763328168937,23.96026949991373,0.9763659078274249,0.9569714888885048,0.949937495249587,0.20250000059604645,0.09269999712705612,0.0421999990940094,0.06080000102519989,0.039799999445676804,0.3458000123500824,0.79356849193573,0.2194499969482422,0.1180500015616417,0.04729999974370003,0.065700002014637,0.04675000160932541,0.3312999904155731,0.7526782155036926,0.22085000574588776,0.10145000368356705,0.043949998915195465,0.07064999639987946,0.03970000147819519,0.3691999912261963,0.8058204650878906,1.351510132736144,0.21784296382579818,0.28108139443711905,0.9606462387724432,0.8201534404543196,0.8831477839941755,2.1640040787076504,0.28147690679082893,0.4579463001063395,239_5
6,0.8966534008438991,23.964311918692268,0.7273325677093703,0.7861228576061525,0.9479202411280909,0.16023333370685577,0.0710500031709671,0.03734999895095825,0.05115000158548355,0.033666666597127914,0.2736000120639801,0.7808635234832764,0.20430000126361847,0.11810000240802765,0.047600001096725464,0.06440000236034393,0.05290000140666962,0.24140000343322754,0.6405028700828552,0.19910000264644623,0.10369999706745148,0.03999999910593033,0.0658000037074089,0.04500000178813934,0.26739999651908875,0.7119078040122986,0.8808999401478484,0.756369193986455,0.2856674575272086,-0.6462471650522171,-0.6902922401184021,0.8323772154804624,1.026055720105935,2.2734527613432642,0.5169928627251745,239_8
6,0.9427369749192298,23.97536119668694,0.7864693384867648,0.7781051985299476,0.9312990617721486,0.15760000050067902,0.06849999725818634,0.03680000081658363,0.048500001430511475,0.032099999487400055,0.29760000109672546,0.8052775263786316,0.20239999890327454,0.11940000206232071,0.04879999905824661,0.062199998646974564,0.06669999659061432,0.21400000154972076,0.5247595310211182,0.1838500052690506,0.09004999697208405,0.033900000154972076,0.05849999934434891,0.0364999994635582,0.3352000117301941,0.8036050796508789,1.0201703993102558,0.6657247927528539,0.3566721836892756,0.3200576039193853,-0.7985045186431391,-0.6238888470167079,2.004490842010473,1.24500603789134,0.4596163945078223,239_9
6,0.021604482583073903,23.698590257649712,0.7433762637946753,0.7296379069298904,0.9238393109679962,0.17800000309944153,0.07696666568517685,0.03620000183582306,0.05139999836683273,0.030323076993227005,0.3774999976158142,0.8512929677963257,0.24517500400543213,0.14059999585151672,0.05510000139474869,0.07522500306367874,0.066600002348423,0.3278999924659729,0.6623573899269104,0.24400000274181366,0.11649999767541885,0.04399999976158142,0.07900000363588333,0.04820000007748604,0.35839998722076416,0.7629119157791138,1.0277219906281536,0.7326923402346598,0.3773745637317385,0.06626614850512638,-0.28758634196250143,0.8462571162207411,1.2379693483315377,1.5044815841923198,0.4064759085582205,236_0
6,0.7796927508515381,23.966467875374157,0.8203197481937347,0.8551266953339596,0.9569837038692566,0.15109999477863312,0.06809999793767929,0.03460000082850456,0.04619999974966049,0.028699999675154686,0.22040000557899475,0.7695704698562622,0.19529999792575836,0.11050000041723251,0.04019999876618385,0.055399999022483826,0.04340000078082085,0.19359999895095825,0.6337552666664124,0.19470000267028809,0.0934000015258789,0.0421999990940094,0.06430000066757202,0.04399999976158142,0.26739999651908875,0.7174052596092224,0.8951666907095713,0.6088264389625705,0.2629841260605567,-0.5617123211324575,-0.020742576431852455,0.4204470493710091,0.7343592676824373,2.1672503650272055,0.8691502900587115,239_7
6,0.8814718725422797,23.92810981274225,0.42217918622077893,0.8810033752433963,0.6639641499491293,0.15360000729560852,0.06571666896343231,0.03099999949336052,0.047224998474121094,0.030714286491274834,0.26019999384880066,0.788843035697937,0.17790000140666962,0.09724999964237213,0.03424999862909317,0.05000000074505806,0.044349998235702515,0.22110000252723694,0.6658504605293274,0.2531000077724457,0.16359999775886536,0.04839999973773956,0.06360000371932983,0.06030000001192093,0.2433999925851822,0.602897584438324,0.43422016147945547,1.1349484253380926,0.3464961971478767,-0.9305961189370148,0.16138516819550336,0.17575770874796742,0.5091386374880711,2.7668343430307667,0.42553247730295485,239_8
6,0.8750040024966186,23.86998881385972,0.635771069980035,0.5981102711951944,0.9483972459650497,0.16442500054836273,0.07526250183582306,0.0336785726249218,0.04988571256399155,0.03238888829946518,0.2706666588783264,0.7862511277198792,0.21850000321865082,0.12880000472068787,0.039900001138448715,0.05894999951124191,0.05225000157952309,0.21209999918937683,0.6046907305717468,0.20630000531673431,0.10204999893903732,0.03685000166296959,0.06440000236034393,0.03804999962449074,0.2720000147819519,0.7545557022094727,1.0542828437690606,0.8817892636326895,0.31702228610997174,-0.4596915522295486,-0.7804176330715833,0.40007628703735687,1.2039038378688018,2.048444173746997,0.6235246628615039,238_8
6,0.01271116127028904,23.67119164148407,0.6257592320464685,0.6463467950176205,0.903644106952624,0.1632000058889389,0.07410000264644623,0.03500000014901161,0.04960000142455101,0.03384999930858612,0.27230000495910645,0.7788665890693665,0.2240000069141388,0.1316000074148178,0.04490000009536743,0.05979999899864197,0.05550000071525574,0.23160000145435333,0.6133751273155212,0.22349999845027924,0.10189999639987946,0.037300001829862595,0.06080000102519989,0.03700000047683716,0.4052000045776367,0.8326548933982849,0.9701768939733818,0.8946918193220134,0.4155416268957756,-0.31047931305668786,-0.8958982762455094,-0.13001234854850757,1.4212852143723813,1.8864935498822892,0.11397342596792548,236_0
6,0.8174219927845581,23.985691822454314,0.8283545983038791,0.8690924559373772,0.9525233438592589,0.1754000037908554,0.0722000002861023,0.036400001496076584,0.049400001764297485,0.03220000118017197,0.3391999900341034,0.826602041721344,0.2268500030040741,0.12415000051259995,0.04365000128746033,0.06080000102519989,0.04749999940395355,0.29695001244544983,0.7241979837417603,0.20960000157356262,0.0929500013589859,0.03440000116825104,0.05739999935030937,0.03739999979734421,0.36399999260902405,0.8136522173881531,0.8701709988550745,0.5946321993507941,0.26883572577720366,0.6014751989927688,-0.46383713084262745,0.27601762656818496,2.2185077586767767,0.9254499413215453,0.5497474335985847,239_8
7,0.11493944060309147,23.919216491429466,0.7584035849341361,0.6335594811151952,0.81552032786609,0.17190000414848328,0.0794999971985817,0.03370000049471855,0.04774999991059303,0.03375000134110451,0.27239999175071716,0.7795198559761047,0.26429998874664307,0.19634999334812164,0.05510000139474869,0.0674000009894371,0.07000000029802322,0.1983499974012375,0.4782932698726654,0.2328999936580658,0.11824999749660492,0.040150001645088196,0.05999999865889549,0.039900001138448715,0.3630000054836273,0.8019359707832336,1.2460997721766551,0.7099360105319413,0.5782666313494191,-0.5105454026834021,-0.8786024937634779,0.2917754059047827,1.2549629833535687,2.1066152969255616,0.44136979429321355,239_1
7,0.5822430514020667,23.911041822343982,0.7075138900972789,0.7171113571348435,0.8851290947305187,0.18084999918937683,0.08304999768733978,0.041450001299381256,0.0568000003695488,0.038600001484155655,0.29919999837875366,0.7714623808860779,0.2142000049352646,0.12710000574588776,0.043699998408555984,0.058800000697374344,0.05909999832510948,0.19760000705718994,0.5395403504371643,0.2321999967098236,0.11569999903440475,0.041099999099969864,0.06599999964237213,0.03909999877214432,0.37040001153945923,0.8090354204177856,0.9825760255337352,0.784822258589525,0.4472277329563018,0.47251376397923006,-0.3452324650211665,-0.04807767616293217,1.783037182052812,1.0786554615387314,0.9293941129304286,239_5
7,0.9912460002616843,23.7330855645599,0.7965784194734201,0.8035499116138606,0.8812123089321369,0.1513500064611435,0.06724999845027924,0.029100000858306885,0.04554999992251396,0.03229999914765358,0.2896000146865845,0.7993165850639343,0.2069000005722046,0.13510000705718994,0.041099999099969864,0.0580499991774559,0.06404999643564224,0.20900000631809235,0.5308551788330078,0.19020000100135803,0.08910000324249268,0.03294999897480011,0.05209999904036522,0.03884999826550484,0.3440999984741211,0.7971014380455017,0.9820986710895611,0.6491822566615983,0.44183974719477936,0.45547654734496723,-0.7177752109979917,-0.608126807721211,2.15996182429579,1.0978888884982445,0.6205069031144045,237_9
7,0.8460782503479702,23.59106191814061,0.9573791014339417,0.9517271564289072,0.9774264882891135,0.13910000026226044,0.06129999831318855,0.031199999153614044,0.04309999942779541,0.02889999933540821,0.2711000144481659,0.8073333501815796,0.14169999957084656,0.06560000032186508,0.026599999517202377,0.0357000008225441,0.026000000536441803,0.21459999680519104,0.7838736176490784,0.1404999941587448,0.05979999899864197,0.025100000202655792,0.03554999828338623,0.027650000527501106,0.24609999358654022,0.7979908585548401,1.064751265811957,0.2930090246724686,0.20392247086385204,0.9504604206008127,0.9138626949411278,0.9810416107775781,1.3227504599236213,0.31608258034253534,0.1843506979529677,235_8
7,0.6768356508198519,23.831630751227813,0.9538414681840198,0.8659715321392519,0.9246603219032221,0.18719999492168427,0.08669999986886978,0.03590000048279762,0.05209999904036522,0.03370000049471855,0.3068000078201294,0.8020557761192322,0.19850000739097595,0.10199999809265137,0.037950001657009125,0.057349998503923416,0.042899999767541885,0.25905001163482666,0.7158470153808594,0.17499999701976776,0.07649999856948853,0.032099999487400055,0.05090000107884407,0.029200000688433647,0.3483999967575073,0.8453390002250671,1.7169677115588429,0.30501826290135875,0.37704369442913255,0.9507384038247493,-0.6815663300561547,-0.7852732084097527,7.362920425172409,0.315187073502393,0.5825363084673951,238_6
7,0.14197873065508837,23.996920763505805,0.966896145613412,0.9686848229343075,0.9786229850081319,0.1923999935388565,0.0824500024318695,0.03750000149011612,0.05270000174641609,0.03280000016093254,0.33364999294281006,0.8209851384162903,0.1912499964237213,0.1050499975681305,0.03454999998211861,0.0502999983727932,0.033649999648332596,0.2639999985694885,0.7738955020904541,0.20100000500679016,0.09160000085830688,0.03799999877810478,0.0551999993622303,0.03480000048875809,0.31839999556541443,0.8029444813728333,0.9724620118499447,0.25802375189168125,0.1858788549738072,0.9155893805619727,0.16347446605747712,0.18195818989353732,3.3989835667340738,0.4138251399494292,0.983275567037545,239_1
7,0.5349916674573798,23.782403073658067,0.4307890145466484,0.8740901123854264,0.7371979999411697,0.17151667177677155,0.07455000281333923,0.04392499849200249,0.057999998331069946,0.038600001484155655,0.33250001072883606,0.7919698357582092,0.1534000039100647,0.07159999758005142,0.031216666102409363,0.04340000078082085,0.03454999998211861,0.2313999980688095,0.7401767373085022,0.20467500388622284,0.12985000014305115,0.0421999990940094,0.05595000088214874,0.05048999935388565,0.21850000321865082,0.6245957016944885,0.4507051009979555,1.125429431921802,0.2761524846136409,-0.49710057706175126,-0.39474487968642774,-0.3514568758349325,0.94526010900772,2.0910503604209696,0.6676581413149584,237_5
7,0.006782280395100315,23.990003735818085,0.9363595640691239,0.9223605452668739,0.9644191495862432,0.18559999763965607,0.0843999981880188,0.03660000115633011,0.055799998342990875,0.035999998450279236,0.33559998869895935,0.8062433004379272,0.22429999709129333,0.12200000137090683,0.04280000180006027,0.07100000232458115,0.05299999937415123,0.3093999922275543,0.7075055241584778,0.21160000562667847,0.09860000014305115,0.04100000113248825,0.0689999982714653,0.03700000047683716,0.37599998712539673,0.8208232522010803,1.105846445291524,0.3586841194922527,0.2585875718980301,0.7446556445563949,0.03674125307121368,0.6645863802899814,2.0991980075824803,0.7307775621294343,0.295228243540677,239_0
7,0.5390340862359171,23.820042484062675,0.7534093038772981,0.7785713430835243,0.9444748521736457,0.17569999396800995,0.07750000059604645,0.05000000074505806,0.06239999830722809,0.042500000447034836,0.32260000705718994,0.7671870589256287,0.19930000603199005,0.1242000013589859,0.04619999974966049,0.06300000101327896,0.05040000006556511,0.2624000012874603,0.6777493357658386,0.2248000055551529,0.1096000000834465,0.041999999433755875,0.0625,0.04500000178813934,0.33399999141693115,0.7625329494476318,0.9454343071738852,0.7175646905820542,0.31238843639154035,0.5116478543743065,0.45575512095933224,0.6078977150241074,1.0617989238712027,1.0336947248884794,0.7759428272415627,238_5
7,0.6176366735963761,23.807466070085,0.962103362546065,0.8946284672990501,0.9413380958230215,0.16899999976158142,0.07410000264644623,0.03880000114440918,0.05220000073313713,0.03319999948143959,0.2924000024795532,0.7960687875747681,0.18915000557899475,0.10409999638795853,0.03864999860525131,0.04749999940395355,0.037700001150369644,0.22139999270439148,0.7089926600456238,0.16075000166893005,0.06915000081062317,0.030799999833106995,0.04670000076293945,0.02694999985396862,0.2937999963760376,0.8319563269615173,1.677140955329381,0.2761827127787286,0.3350292747132399,0.7703235272406818,-0.31838260072074653,-0.13900370248705313,2.7403640648427117,0.6914479587573616,0.9332020417192134,238_6
7,0.909499309406808,23.40097840402092,0.9109180598773049,0.9325421290513024,0.965702237198865,0.13600000739097595,0.06360000371932983,0.032499998807907104,0.04580000042915344,0.032999999821186066,0.23819999396800995,0.7566371560096741,0.16234999895095825,0.09184999763965607,0.027249999344348907,0.040049999952316284,0.03590000048279762,0.17960000038146973,0.6668213605880737,0.16349999606609344,0.07569999992847443,0.02604999952018261,0.04520000144839287,0.029899999499320984,0.26930001378059387,0.8001337051391602,0.8685916759177305,0.4252925733838918,0.22583363535326106,0.7852085793099275,0.7036382211901011,0.6436774237762275,1.1834902194230137,0.6677634358277079,0.6951360282479467,234_9
7,0.5835905243282458,23.792554036368614,0.8708216287439207,0.8757488522809597,0.926863627436938,0.17149999737739563,0.07895000278949738,0.04244999960064888,0.05445000156760216,0.04244999960064888,0.28380000591278076,0.7397701144218445,0.2025499939918518,0.12129999697208405,0.04684999957680702,0.06210000067949295,0.05184999853372574,0.2547999918460846,0.6618294715881348,0.19920000433921814,0.09769999980926514,0.042500000447034836,0.05939999967813492,0.04780000075697899,0.319599986076355,0.7397931218147278,0.9803208406383452,0.513925133338161,0.3484853811235681,0.37733398481508745,0.2462070912358747,0.6631747957187772,1.1166932349772727,1.1838805506356713,0.7484518962069796,237_5
7,0.2300136284988028,23.985422327869074,0.7003055340410432,0.8091167188085028,0.8990604581297733,0.1623000055551529,0.07760000228881836,0.041850000619888306,0.05310000106692314,0.0361500009894371,0.2603999972343445,0.7561962604522705,0.21780000627040863,0.1145000010728836,0.040300000458955765,0.05790000036358833,0.051500000059604645,0.25839999318122864,0.6676347255706787,0.2090499997138977,0.09574999660253525,0.035750001668930054,0.056449998170137405,0.03784999996423721,0.36880001425743103,0.8138448596000671,0.7901532545149351,0.794970907192606,0.3584138614735836,-0.4893131397570485,-0.5079934159412612,-0.11025070129210691,1.0103509243824529,2.082098319486383,0.7567439147805878,239_2
7,0.9123739183159909,23.871066792200665,0.6207286731022477,0.5926187594426243,0.9320018545494807,0.1610500067472458,0.06835000216960907,0.03254999965429306,0.048650000244379044,0.029650000855326653,0.334199994802475,0.837020754814148,0.23090000450611115,0.16369999945163727,0.049300000071525574,0.062300000339746475,0.06260000169277191,0.2223999947309494,0.5607017278671265,0.22110000252723694,0.1046999990940094,0.03579999879002571,0.06480000168085098,0.03700000047683716,0.30239999294281006,0.7819681763648987,1.0392461033337979,0.9011245653438512,0.36200716071215294,-0.1556531203466051,-0.9573713105813788,0.20622513693289354,1.6493437097189343,1.7270849246917968,0.282995122127359,238_9
7,0.14197873065508837,23.968713663584452,0.7916612577808111,0.9374447107188681,0.8694880616259592,0.15805000066757202,0.06885000318288803,0.038750000298023224,0.05014999955892563,0.032999999821186066,0.2800000011920929,0.7891373634338379,0.17035000026226044,0.09354999661445618,0.05090000107884407,0.060350000858306885,0.05094999819993973,0.2561500072479248,0.6681862473487854,0.18524999916553497,0.08834999799728394,0.040699999779462814,0.05674999952316284,0.03819999843835831,0.32269999384880066,0.7883070111274719,0.540992933247858,0.6572730063856229,0.27883616140544965,0.22580724219618817,-0.15597415457758984,0.11715078945114651,1.2862085822819158,1.3430247256644408,0.9752988103068049,239_1
7,0.11404112531897148,23.761831653651726,0.9495716512783581,0.9289735610220601,0.9559630756277603,0.1688999980688095,0.0722000002861023,0.03257500007748604,0.046385712921619415,0.028733333572745323,0.3215999901294708,0.8359657526016235,0.19452500343322754,0.10664000362157822,0.036387499421834946,0.04964999854564667,0.045499999076128006,0.24818749725818634,0.6901468634605408,0.18790000677108765,0.0843999981880188,0.032999999821186066,0.04839999973773956,0.030899999663233757,0.3224000036716461,0.8250778317451477,1.1888721352721512,0.3189293926652905,0.2855788647641654,0.9357802446698938,-0.559506905384174,-0.4911002844463654,6.007222120654156,0.3603307871997555,0.8236919532350698,237_1
7,0.11727506034180202,23.972127261664106,0.6834581164402947,0.849358726932134,0.8385022957337117,0.16910000145435333,0.07639999687671661,0.03909999877214432,0.05220000073313713,0.032999999821186066,0.3160000145435333,0.8108882904052734,0.2337999939918518,0.15060000121593475,0.04390000179409981,0.05920000001788139,0.061400000005960464,0.20900000631809235,0.5458580255508423,0.21979999542236328,0.10639999806880951,0.03840000182390213,0.06859999895095825,0.0414000004529953,0.37959998846054077,0.8033254146575928,0.6794848785801352,0.8183069211468824,0.3920154416293154,0.15645377481549216,-0.9011325191700176,0.03079281961430934,1.905055153270754,1.4136971436110979,0.3971296428682176,239_1
7,0.31274846616621055,23.938260775452804,0.9351364729000662,0.9711866046256423,0.9653063741934648,0.1680999994277954,0.0771000012755394,0.0364999994635582,0.054099999368190765,0.0364999994635582,0.2669999897480011,0.7594727873802185,0.1736000031232834,0.08079999685287476,0.03519999980926514,0.04690000042319298,0.03310000151395798,0.2563999891281128,0.7713298797607422,0.1858000010251999,0.08489999920129776,0.04039999842643738,0.05649999901652336,0.03840000182390213,0.27399998903274536,0.7541612982749939,0.6644608056547264,0.36215225430208214,0.17552277572485325,0.28382829024001655,0.6580659705317535,-0.1927870430892648,0.6644902549427206,1.2830120828302927,0.6405129633620232,239_3
7,0.09553583046611003,23.91508424112252,0.7769150893225494,0.7429576887959426,0.9330922194329482,0.18330000340938568,0.08129999786615372,0.03914999961853027,0.05615000054240227,0.03480000048875809,0.32820001244544983,0.8082644939422607,0.24009999632835388,0.1509000062942505,0.04839999973773956,0.06769999861717224,0.05959999933838844,0.2696000039577484,0.6379100680351257,0.2298000007867813,0.12559999525547028,0.04479999840259552,0.06679999828338623,0.05380000174045563,0.3255999982357025,0.716394305229187,1.0767536872769135,0.6810451846767868,0.35849596211972545,0.07791209963239101,-0.3000072159482451,0.9137571413240214,1.2563572009168615,1.4928051861522533,0.1625329215029568,239_0
7,0.8598224741949991,23.574892243026454,0.7355378750756999,0.7767380061582798,0.8172773400819873,0.13744999468326569,0.06210000067949295,0.03240000084042549,0.04625000059604645,0.031550001353025436,0.29785001277923584,0.8084396123886108,0.19789999723434448,0.12710000574588776,0.03550000116229057,0.04554999992251396,0.04910000041127205,0.16580000519752502,0.5430432558059692,0.18445000052452087,0.0851999968290329,0.030500000342726707,0.04675000160932541,0.03135000169277191,0.35464999079704285,0.8375647664070129,0.9153478327319169,0.7443360568368784,0.5146613541927527,0.6291421481607917,-0.4366571281941514,-0.6115616329301408,2.271783048756337,0.8903472529666424,0.7883745528356867,235_8
7,0.03795382075404774,23.45631462552268,0.731383566933193,0.7973517019228253,0.822626551849679,0.1598999947309494,0.06729999929666519,0.03539999946951866,0.05209999904036522,0.03220000118017197,0.3084999918937683,0.8109773993492126,0.19370000064373016,0.11155000329017639,0.05530000105500221,0.06499999761581421,0.06759999692440033,0.23360000550746918,0.5511288642883301,0.20080000162124634,0.09839999675750732,0.03229999914765358,0.05249999836087227,0.032600000500679016,0.3492000102996826,0.8292299509048462,0.8633539237760073,0.7504477864409661,0.49085667022612445,0.4600968076723446,-0.7260534967006873,-0.7274932160699205,2.181183098701782,1.0926920975918963,0.5258184852029677,234_0
7,0.07182030696535513,23.250510593930898,0.6997570935142947,0.894035582859992,0.8112670397819663,0.15000000596046448,0.0674000009894371,0.03420000150799751,0.043699998408555984,0.030300000682473183,0.2125999927520752,0.7505146265029907,0.13689999282360077,0.06809999793767929,0.032999999821186066,0.04270000010728836,0.03779999911785126,0.20010000467300415,0.6822194457054138,0.20190000534057617,0.10454999655485153,0.037050001323223114,0.04859999939799309,0.040699999779462814,0.3066500127315521,0.7656542658805847,0.5837624626467194,0.7957389106227709,0.36490874973016724,-0.35507792060054516,0.9196638079580262,-0.43544133483507985,0.20869484775462063,1.933793744844116,0.37503476997866037,232_0
7,0.9922341470742158,23.607051930197933,0.8050352237575796,0.9007003495683279,0.8889045606183766,0.11490000039339066,0.051100000739097595,0.03009999915957451,0.04390000179409981,0.03449999913573265,0.24889999628067017,0.7565279006958008,0.15074999630451202,0.07805000245571136,0.029249999672174454,0.044849999248981476,0.038100000470876694,0.22574999928474426,0.7111995220184326,0.13040000200271606,0.061900001019239426,0.024299999698996544,0.042399998754262924,0.027400000020861626,0.2962999939918518,0.8307074308395386,0.7076754551066967,0.6350614844516219,0.33539516019450444,0.8675027618311744,0.8672920467249796,0.7301032771598797,1.000813329905783,0.5206364555101952,0.49578147077585055,236_9
7,0.25202235295973097,23.314111316046557,0.8326114509827572,0.9299914609484627,0.9356216286256684,0.13910000026226044,0.06430000066757202,0.031099999323487282,0.044199999421834946,0.030799999833106995,0.21780000627040863,0.752212405204773,0.15569999814033508,0.0771000012755394,0.031099999323487282,0.04439999908208847,0.03539999946951866,0.21950000524520874,0.7222440242767334,0.1758500039577484,0.09115000069141388,0.031050000339746475,0.045899998396635056,0.03519999980926514,0.26965001225471497,0.7690667510032654,0.6412487236027189,0.5869901951181625,0.22427840548974584,0.752172013621373,0.958855499482379,0.7899435504056934,0.40010514091939564,0.7194443295661941,0.2640475531527947,233_2
7,0.6264401633807477,23.95892202698755,0.7594917437042892,0.81554780022057,0.9147926949103214,0.16930000483989716,0.07419999688863754,0.03830000013113022,0.05380000174045563,0.03370000049471855,0.3100000023841858,0.8038987517356873,0.23100000619888306,0.14090000092983246,0.04340000078082085,0.06279999762773514,0.05469999834895134,0.27140000462532043,0.6645200848579407,0.22910000383853912,0.10400000214576721,0.041600000113248825,0.07000000029802322,0.03620000183582306,0.38999998569488525,0.8301267027854919,0.8713140494875364,0.7082648799291856,0.35873020184775817,0.26836074054197373,-0.7457848152109067,0.3726143788983216,1.8570537089105563,1.2991053793208953,0.3004988945567831,239_6
7,0.11943101702368963,23.918587670730588,0.9129184370427426,0.8869860783145985,0.9557772285553676,0.17264999449253082,0.07684999704360962,0.04050000011920929,0.05590000003576279,0.038600001484155655,0.26600000262260437,0.7465528249740601,0.22145000100135803,0.12635000050067902,0.0478999987244606,0.05974999815225601,0.04895000159740448,0.2687999904155731,0.6918961405754089,0.19920000433921814,0.09245000034570694,0.0357000008225441,0.05380000174045563,0.035599999129772186,0.2827000021934509,0.7763116359710693,1.1417665505126202,0.4204179501053033,0.2919559146045671,-0.3579103486552586,-0.11799681031518877,-0.19206059007393028,0.8720810452806284,1.9368253588953555,0.9607906573795617,239_1
7,0.5384950970654465,23.92810981274225,0.8470880535848089,0.8235477422769849,0.9099580448829238,0.18320000171661377,0.08129999786615372,0.03920000046491623,0.05270000174641609,0.03310000151395798,0.33660000562667847,0.8209359049797058,0.18039999902248383,0.1023000031709671,0.04919999837875366,0.06120000034570694,0.054999999701976776,0.22210000455379486,0.6030313968658447,0.21025000512599945,0.0994499996304512,0.03545000031590462,0.05559999868273735,0.03480000048875809,0.3296000063419342,0.809001088142395,1.0764654094085127,0.5603144199759451,0.4026547415915988,0.6746534291462334,-0.6257261001481715,-0.6344728922419265,2.7060760954628336,0.830301247940531,0.7250683876483619,239_5
7,0.8755429916670909,23.945267634668937,0.4566208910570432,0.6280288458539516,0.8815129117375818,0.15096667408943176,0.0674000009894371,0.03384999930858612,0.053599998354911804,0.03398333489894867,0.2757999897003174,0.7805993556976318,0.2025499939918518,0.13809999823570251,0.04390000179409981,0.061650000512599945,0.05335000157356262,0.19609999656677246,0.5722589492797852,0.18709999322891235,0.09989999979734421,0.03849999979138374,0.06440000236034393,0.04190000146627426,0.25360000133514404,0.7164128422737122,0.8132192554408272,1.0966030436004974,0.3983500000844581,-0.25859525054937116,-0.6884607377620006,0.6614182130101904,1.2716692070842586,1.8323640326130848,0.5249906353693418,239_8
7,0.40931735920905865,23.96961197886857,0.8733001346153646,0.9204864501143426,0.9548786328151964,0.19580000638961792,0.08709999918937683,0.0406000018119812,0.05469999834895134,0.03700000047683716,0.29440000653266907,0.7767049074172974,0.18979999423027039,0.09255000203847885,0.040449999272823334,0.05380000174045563,0.04490000009536743,0.25589999556541443,0.7014627456665039,0.19189999997615814,0.08604999631643295,0.035100001841783524,0.04975000023841858,0.0364999994635582,0.26019999384880066,0.7539602518081665,0.788964143656523,0.5088606729759563,0.2379412418335403,-0.09458702852628804,-0.15225365897192406,-0.1849404464130555,1.0348955909269637,1.6655249665834853,0.9678445109228051,239_4
7,0.7178886593041138,23.973115408476637,0.7089217158218949,0.8317702028365456,0.8812644420764438,0.16664999723434448,0.07374999672174454,0.03685000166296959,0.05274999886751175,0.034049998968839645,0.31025001406669617,0.8022074103355408,0.2567499876022339,0.1732500046491623,0.0544000007212162,0.06449999660253525,0.07289999723434448,0.2414499968290329,0.5361858010292053,0.24529999494552612,0.12280000001192093,0.04010000079870224,0.05820000171661377,0.0430000014603138,0.35040000081062317,0.7813929915428162,0.7517708100183621,0.78282815291707,0.37042316876002496,-0.2550197240150337,-0.8614917141297078,0.4989616545403428,1.4267223902336874,1.8286644284202924,0.417634649368308,239_7
7,0.8479647124446217,23.588007646174603,0.9077092850899773,0.8921469001142759,0.9396496282667732,0.1281999945640564,0.05270000174641609,0.02969999983906746,0.04089999943971634,0.03099999949336052,0.24899999797344208,0.7785714268684387,0.2282000035047531,0.14180000126361847,0.03200000151991844,0.04360000044107437,0.03999999910593033,0.20694999396800995,0.6760478019714355,0.16705000400543213,0.07580000162124634,0.028999999165534973,0.04479999840259552,0.030950000509619713,0.30044999718666077,0.8132166266441345,1.0824855176414472,0.4330042033371897,0.3291241768526071,0.812723552243233,-0.17042224263002914,-0.08779858275033668,2.80079864680113,0.621984908952904,0.9815203294066743,235_8
7,0.8239796943586306,23.40672762183928,0.970502781395557,0.9767691686913665,0.9887436263312799,0.14329999685287476,0.066600002348423,0.039400000125169754,0.0502999983727932,0.03370000049471855,0.2685999870300293,0.7770426869392395,0.13619999587535858,0.0706000030040741,0.030500000342726707,0.0414000004529953,0.029899999499320984,0.20819999277591705,0.7488450407981873,0.1335500031709671,0.05939999967813492,0.02745000086724758,0.03830000013113022,0.027300000190734863,0.24490000307559967,0.799412190914154,0.8869779784766642,0.2434887452160823,0.13153611453558986,0.7203299686932543,0.7014127597272266,0.9433988223933686,1.0350940484233924,0.7665184135252445,0.3301605137732546,234_8
7,0.000943231048324833,23.817347538210313,0.7852272966908154,0.7884152363839597,0.9326051830241258,0.1729000061750412,0.07769999653100967,0.034299999475479126,0.05000000074505806,0.029200000688433647,0.30160000920295715,0.8234582543373108,0.19994999468326569,0.12084999680519104,0.05739999935030937,0.0722000002861023,0.07429999858140945,0.22624999284744263,0.5055730938911438,0.20884999632835388,0.10764999687671661,0.045049998909235,0.06174999848008156,0.0515500009059906,0.30979999899864197,0.7146810293197632,0.9922643383961393,0.667733208451348,0.3493377703329277,-0.7111694440577045,-0.9362668768327698,0.8041607411235479,1.1781099608421202,2.361956595894602,0.2910247962462606,238_0
7,0.0818814381474926,23.91553339876458,0.8310681555211736,0.7936035040496209,0.9561473825833113,0.19269999861717224,0.0828000009059906,0.039000000804662704,0.05389999970793724,0.037300001829862595,0.36320000886917114,0.8137328028678894,0.2527500092983246,0.1472499966621399,0.057999998331069946,0.07304999977350235,0.06605000048875809,0.3033500015735626,0.6423930525779724,0.22429999709129333,0.10854999721050262,0.04205000028014183,0.05764999985694885,0.040300000458955765,0.36754998564720154,0.8023782968521118,1.1090535190921353,0.5897708354182194,0.29288021173631396,0.7784677982303099,0.011592494796653904,0.5456497967924485,2.2977607246179756,0.6785752561755803,0.5186162887211742,239_0
7,0.877070127650093,23.623311436840496,0.7668249324742901,0.8128864215564328,0.8968457436223993,0.13770000636577606,0.06024999916553497,0.027499999850988388,0.041349999606609344,0.02930000051856041,0.2921999990940094,0.8177294135093689,0.17630000412464142,0.09030000120401382,0.03020000085234642,0.04439999908208847,0.031199999153614044,0.2630000114440918,0.787899374961853,0.16429999470710754,0.07190000265836716,0.02710000053048134,0.046300001442432404,0.03139999881386757,0.3156000077724457,0.8190202116966248,0.8920799516431677,0.6969165948104586,0.3970418715469641,0.93049434980483,0.8385716995617404,0.819386522047996,1.5362253184234498,0.3750362339394912,0.5342318140837706,236_8
7,0.8457189242343226,23.5955534945612,0.9245348080567012,0.9621853141687882,0.9503606905988456,0.14329999685287476,0.06544999778270721,0.03959999978542328,0.04769999906420708,0.03584999963641167,0.2775000035762787,0.7711824178695679,0.16990000009536743,0.08150000125169754,0.02669999934732914,0.03970000147819519,0.02810000069439411,0.28349998593330383,0.819640576839447,0.16619999706745148,0.07150000333786011,0.027300000190734863,0.042100001126527786,0.025699999183416367,0.2955999970436096,0.8400248885154724,0.7056109081433364,0.3909832093533581,0.2208113643601844,0.5194242434408699,0.44179682272555265,0.9760814323169504,1.0864481616462671,1.0246192946863824,0.2035746695468074,235_8
7,0.0719101384937666,23.25033093087407,0.8295473714971662,0.93218786055285,0.8687839368556829,0.15189999341964722,0.06809999793767929,0.0364999994635582,0.04839999973773956,0.035599999129772186,0.2386000007390976,0.7403355240821838,0.1387999951839447,0.0669500008225441,0.03384999930858612,0.044199999421834946,0.035599999129772186,0.2215999960899353,0.7231726050376892,0.1846500039100647,0.0880500003695488,0.03584999963641167,0.04984999820590019,0.03480000048875809,0.30390000343322754,0.7945083975791931,0.6251236268450232,0.5924996594174977,0.3190398517088744,0.13801484427468586,0.9721181955476066,0.1261066907051955,0.16525086162580954,1.4323395303207789,0.2343501397294103,232_0
7,0.3673660354406767,23.6203469964029,0.844851542829252,0.8977247605799147,0.9515749005535832,0.13650000095367432,0.0640999972820282,0.03280000016093254,0.042899999767541885,0.030700000002980232,0.22709999978542328,0.7618308663368225,0.18979999423027039,0.11320000141859055,0.03840000182390213,0.05139999836683273,0.05400000140070915,0.17919999361038208,0.5368781685829163,0.17180000245571136,0.07680000364780426,0.03449999913573265,0.050200000405311584,0.03139999881386757,0.28839999437332153,0.8036272525787354,0.808169573322043,0.5645087101725998,0.25253788622026946,0.7055517781879512,-0.03692425968618414,-0.7029512019037493,2.0413147244165333,0.7875948587599874,0.2937003445318044,236_3
7,0.2300136284988028,23.985512159397487,0.7086386786734054,0.8073850939240387,0.898752396920653,0.1656000018119812,0.07760000228881836,0.0421999990940094,0.0572500005364418,0.039400000125169754,0.2826499938964844,0.7553175091743469,0.22325000166893005,0.11864999681711197,0.042500000447034836,0.06414999812841415,0.05979999899864197,0.2759999930858612,0.6438356041908264,0.20374999940395355,0.0986500009894371,0.03689999878406525,0.05990000069141388,0.04039999842643738,0.3736500144004822,0.8048545122146606,0.8057532327013669,0.7832293796847045,0.36586088929519234,-0.0014165610213658156,-0.1087463164704573,0.17482655960413573,1.0684037379011806,1.5722128882900188,0.9786029278257897,239_2
7,0.5164863726045184,23.852022508177328,0.5022869182452969,0.6235572093127758,0.920422552293716,0.16030000150203705,0.07249999791383743,0.0430000014603138,0.05909999832510948,0.040800001472234726,0.31520000100135803,0.7707865238189697,0.18850000202655792,0.10320000350475311,0.03819999843835831,0.056449998170137405,0.048250000923871994,0.26600000262260437,0.6929196715354919,0.20235000550746918,0.11415000259876251,0.034949999302625656,0.053849998861551285,0.03999999910593033,0.2535000145435333,0.72742760181427,0.8592288868952709,1.0445548262868871,0.3435857633001357,-0.881430333727356,-0.18485978760358174,0.43148147961626776,0.662995755281795,2.649678375562951,0.8016000192203272,238_5
7,0.663989742256943,23.85471745402969,0.6770252527308501,0.6001446028285043,0.920943138274827,0.1643500030040741,0.07240000367164612,0.03505000099539757,0.04774999991059303,0.03474999964237213,0.27570000290870667,0.7761314511299133,0.20600000023841858,0.13379999995231628,0.04179999977350235,0.054999999701976776,0.05739999935030937,0.1624000072479248,0.47770702838897705,0.1895499974489212,0.09035000205039978,0.03384999930858612,0.06459999829530716,0.03395000100135803,0.3343999981880188,0.8156644701957703,1.120944548203064,0.8270832430539151,0.38840249573206104,-0.1084130633155224,-0.5795703494281554,-0.646523768112055,1.303422563033082,1.6794228914742597,0.3936072882127693,238_6
7,0.5263678407298329,23.838188452801887,0.9646158304535223,0.9379367118286658,0.951016651715152,0.21330000460147858,0.12020000070333481,0.0568000003695488,0.07190000265836716,0.06239999830722809,0.29319998621940613,0.6490438580513,0.20915000140666962,0.10760000348091125,0.04075000062584877,0.06700000166893005,0.04324999824166298,0.31150001287460327,0.7561663389205933,0.19930000603199005,0.08919999748468399,0.03590000048279762,0.0658000037074089,0.03999999910593033,0.3452000021934509,0.792315661907196,1.3273823866847843,0.2668139219129939,0.29913214304307867,0.2786198395435829,0.7375906373963877,0.7951203182478248,0.5753479483189318,1.288439583928785,0.2811727484895473,238_5
7,0.008309416378104117,23.9750917021017,0.9394821944832094,0.9403130969796759,0.9732161986022293,0.16680000722408295,0.07810000330209732,0.04050000011920929,0.05770000070333481,0.03799999877810478,0.2777999937534332,0.7593413591384888,0.18209999799728394,0.10145000368356705,0.04349999874830246,0.05694999918341637,0.04324999824166298,0.23669999837875366,0.6910162568092346,0.1964000016450882,0.09674999862909317,0.03959999978542328,0.05694999918341637,0.03734999895095825,0.30489999055862427,0.7817385196685791,0.9930410142537711,0.34968057666743724,0.21701052439721563,0.14225408975526735,0.2216364388296473,-0.18598169679195248,0.9434518538881832,1.4280580336606818,0.9500470278546741,239_0
7,0.050889560845369886,23.677839174586552,0.7982479174824221,0.7543233310584563,0.9584277015272717,0.18799999356269836,0.08420000225305557,0.03750000149011612,0.05260000005364418,0.034299999475479126,0.34540000557899475,0.8193310499191284,0.22779999673366547,0.11900000274181366,0.043299999088048935,0.06970000267028809,0.04910000041127205,0.31679999828338623,0.7316206693649292,0.23070000112056732,0.11100000143051147,0.04309999942779541,0.07720000296831131,0.047200001776218414,0.3499999940395355,0.7623363137245178,1.107915015153486,0.6464155876612279,0.2847778582431805,0.20558309913329853,0.017972798926116418,0.9611222105833507,1.1386526529783902,1.3637368306008693,0.20629555219975793,236_0
7,0.6381182620743004,23.81159832039195,0.8863964103357757,0.8350774694203471,0.9534429222723761,0.19314999878406525,0.08389999717473984,0.03449999913573265,0.054499998688697815,0.03480000048875809,0.3946000039577484,0.8379133939743042,0.24570000171661377,0.13689999282360077,0.04580000042915344,0.0625,0.048700001090765,0.3495999872684479,0.7554606795310974,0.22314999997615814,0.11249999701976776,0.04270000010728836,0.06700000166893005,0.04410000145435333,0.384799987077713,0.7943576574325562,1.2103249604892314,0.481294491976517,0.30079095351086876,0.6067271802895355,0.27894547836990863,0.8818136855073885,1.4018471401203,0.9188594569732238,0.34442476360799185,238_6
7,0.9072535211965089,23.87421089569508,0.7944226418697684,0.9015965726960663,0.9462949599871455,0.15000000596046448,0.06880000233650208,0.034299999475479126,0.04910000041127205,0.033900000154972076,0.24959999322891235,0.7608465552330017,0.16384999454021454,0.0778999999165535,0.03779999911785126,0.051249999552965164,0.040300000458955765,0.2184000015258789,0.6884422302246094,0.17110000550746918,0.09019999951124191,0.029600000008940697,0.04800000041723251,0.031099999323487282,0.2215999960899353,0.7538583278656006,0.6853419492501421,0.6527399335901233,0.20895890033370232,0.7305277755192109,0.6581845589218203,0.5272815758574231,1.1339489717741429,0.7517018315462727,0.7497762457896856,238_9
7,0.022951955509252997,23.677479848472906,0.8289778915364081,0.8709410237478531,0.919932428083068,0.1762000024318695,0.0778999999165535,0.03709999844431877,0.050599999725818634,0.03440000116825104,0.2906000018119812,0.7883076667785645,0.21930000185966492,0.12790000438690186,0.041099999099969864,0.055799998342990875,0.051100000739097595,0.2533999979496002,0.6643677949905396,0.2037000060081482,0.09430000185966492,0.03799999877810478,0.059700001031160355,0.038600001484155655,0.3476000130176544,0.8001035451889038,0.86548619495855,0.5935186643032155,0.34088336321463164,0.11803624651081013,-0.9104315771654776,-0.07030516365840593,1.8692956542358925,1.4524842563484754,0.41196366363201414,236_0
7,0.8216440746199183,23.35642196592859,0.6961998663454343,0.7926481094057664,0.8706872639556458,0.14259999990463257,0.06310000270605087,0.03739999979734421,0.05649999901652336,0.03189999982714653,0.329800009727478,0.8236107230186462,0.20960000157356262,0.15389999747276306,0.04360000044107437,0.0575999990105629,0.06145000085234642,0.21199999749660492,0.5505576729774475,0.20319999754428864,0.09700000286102295,0.03099999949336052,0.049800001084804535,0.03099999949336052,0.37290000915527344,0.8464966416358948,0.8188471406294668,0.8007063009158145,0.4176397508693569,0.3706762308973011,-0.8384833016970543,-0.6207619285983741,2.1537888403744354,1.1910593126806712,0.4307781561310726,233_8
7,0.6656067097683582,23.98488333869861,0.6884077530290676,0.7425907890689425,0.9194648985595548,0.17765000462532043,0.08089999854564667,0.038100000470876694,0.05389999970793724,0.03370000049471855,0.32179999351501465,0.8104078769683838,0.23729999363422394,0.1425500065088272,0.04984999820590019,0.06515000015497208,0.05874999985098839,0.26579999923706055,0.6379602551460266,0.24950000643730164,0.12884999811649323,0.044599998742341995,0.06655000150203705,0.04365000128746033,0.3868499994277954,0.797212541103363,0.90432725666348,0.8115047894338253,0.3629622527299393,0.22506659309211494,-0.5445620167759665,0.6259343977713674,1.5974752193226092,1.3437849445202872,0.3366165107185527,239_6
7,0.9733695261077067,23.741889054344277,0.9373323200301072,0.9300558204257349,0.9582258818917576,0.131400004029274,0.05570000037550926,0.03099999949336052,0.0430000014603138,0.027300000190734863,0.2784999907016754,0.8214519023895264,0.17759999632835388,0.09809999912977219,0.0406000018119812,0.050700001418590546,0.04619999974966049,0.23999999463558197,0.6771488189697266,0.1732500046491623,0.07810000330209732,0.034049998968839645,0.05324999988079071,0.03135000169277191,0.35464999079704285,0.8375647664070129,1.0571190774670833,0.355902748733266,0.2709835379163642,0.5594359347375698,-0.2754678865223667,-0.881473232405114,1.8932446697182974,0.9770912034484711,0.3924890214310735,237_9
7,0.11718522881339055,23.92101312199771,0.8342657294587403,0.6838599317891664,0.7778675740159089,0.18205000460147858,0.08094999939203262,0.03830000013113022,0.05115000158548355,0.033900000154972076,0.2860499918460846,0.7880918979644775,0.2793000042438507,0.2058500051498413,0.05835000053048134,0.07010000199079514,0.07814999669790268,0.19589999318122864,0.429666131734848,0.23434999585151672,0.11089999973773956,0.04050000011920929,0.062199998646974564,0.03799999877810478,0.40860000252723694,0.8298253417015076,1.4002757981719072,0.5839966244849856,0.6252301608359291,0.08563673212530958,-0.7904247782468304,0.11897867374468465,1.6715200254808038,1.485054576087638,0.5832034579440099,239_1
7,0.8259559879836935,23.35714061815588,0.8230340887136984,0.816789331166953,0.8822738316274712,0.14435000717639923,0.06634999811649323,0.041600000113248825,0.05094999819993973,0.03370000049471855,0.3114500045776367,0.8047226071357727,0.20550000667572021,0.11500000208616257,0.04500000178813934,0.05689999833703041,0.06449999660253525,0.22869999706745148,0.5600273013114929,0.18150000274181366,0.08449999988079071,0.03424999862909317,0.051100000739097595,0.033149998635053635,0.328900009393692,0.8168761134147644,1.0180584354867988,0.604064017339953,0.4428574993396761,0.5255407959816685,-0.5824643686363513,-0.8884987615430459,2.1549587498440084,1.0174456824717204,0.4383289240597225,233_8
7,0.8189491287675601,23.758777381685725,0.7671327401506621,0.7617812125316009,0.893738200298853,0.16779999434947968,0.07289999723434448,0.044349998235702515,0.0575999990105629,0.04495000094175339,0.27639999985694885,0.7202427387237549,0.21860000491142273,0.12894999980926514,0.04179999977350235,0.06395000219345093,0.05355000123381615,0.241799995303154,0.6373793482780457,0.2304999977350235,0.10809999704360962,0.038600001484155655,0.06909999996423721,0.0421999990940094,0.36959999799728394,0.7950461506843567,1.011919604515986,0.6964368987949068,0.4325906559354963,-0.050278739133055535,0.140804133527263,0.35457864865937205,0.8818246989347646,1.621096273765642,0.921436990322163,237_8
7,0.881292209485455,23.92810981274225,0.45771101754404636,0.8522612265917895,0.692453605916513,0.1607999950647354,0.06712500005960464,0.03221428394317627,0.046683333814144135,0.029324999079108238,0.30512499809265137,0.8246374726295471,0.18835000693798065,0.10409999638795853,0.03644999861717224,0.05404999852180481,0.04740000143647194,0.22429999709129333,0.6510857343673706,0.24539999663829803,0.15109999477863312,0.042100001126527786,0.06340000033378601,0.053700000047683716,0.27320000529289246,0.6714591383934021,0.5025697650347636,1.0953773303141474,0.39748878012243477,-0.903159159714292,-0.6714631688803107,0.4724113197435414,0.8551112763869511,2.6978685721009343,0.6720654815472876,239_8
7,0.6247333643409192,23.056833818674725,0.8861961989303789,0.89831666872869,0.9693097849420881,0.14630000293254852,0.06385000050067902,0.03269999846816063,0.04374999925494194,0.027950000017881393,0.29464998841285706,0.8267204165458679,0.21074999868869781,0.13064999878406525,0.043150000274181366,0.053199999034404755,0.05770000070333481,0.18799999356269836,0.5303215384483337,0.18299999833106995,0.08919999748468399,0.029899999499320984,0.04360000044107437,0.03009999915957451,0.2888000011444092,0.8112260699272156,0.9442558935558443,0.48172680329693945,0.23073093330365899,0.7889240005831022,-0.7589360696402616,-0.5926358676683225,3.6758737957992214,0.6617403453920921,0.6510892963201897,230_6
7,0.0675083936015799,23.620436827931314,0.8938537128460777,0.9082178036691002,0.9518348700060797,0.18434999883174896,0.08089999854564667,0.03674999997019768,0.05590000003576279,0.03449999913573265,0.3441999852657318,0.8177977204322815,0.19509999454021454,0.1006999984383583,0.03830000013113022,0.05550000071525574,0.04879999905824661,0.29660001397132874,0.7174291014671326,0.1967500001192093,0.09485000371932983,0.03435000032186508,0.05954999849200249,0.037950001657009125,0.3337000012397766,0.7957755923271179,0.928725335750695,0.4649283053036993,0.27858768858549876,0.8225159573762141,-0.12554917504148488,0.2139659297213613,2.804538903557255,0.6049756313076619,0.8204391800692931,236_0
7,0.8493121853708008,23.848159752455615,0.7781306539746564,0.8220401911487919,0.9138956733436302,0.16699999570846558,0.07100000232458115,0.033775001764297485,0.04830000177025795,0.030899999663233757,0.32633334398269653,0.8270038366317749,0.18780000507831573,0.1071000024676323,0.038600001484155655,0.052400000393390656,0.04569999873638153,0.20600000023841858,0.6368693113327026,0.1898999959230423,0.08540000021457672,0.032600000500679016,0.04600000008940697,0.032999999821186066,0.3046000003814697,0.8045023679733276,0.8920641519393714,0.6791122011345477,0.3655330544239265,0.8381071949541965,-0.8174991137704967,-0.5920041848528134,4.381084179152562,0.5769922278547801,0.5500345365795464,238_8
7,0.7649603801919778,23.724821063946003,0.8739028273661049,0.8379817778658756,0.9215795470969749,0.14409999549388885,0.06369999796152115,0.03660000115633011,0.04540000110864639,0.027799999341368675,0.25679999589920044,0.8046380877494812,0.1890999972820282,0.09939999878406525,0.03929999843239784,0.0471000000834465,0.048500001430511475,0.18459999561309814,0.5838695764541626,0.16660000383853912,0.08299999684095383,0.028599999845027924,0.04360000044107437,0.02810000069439411,0.2750000059604645,0.8145826458930969,1.1371096407821955,0.5076221996403931,0.3823487098687475,0.7560355677597912,-0.13681741717308843,-0.2449414179192591,2.3936888927196045,0.7135614962263579,0.9667177064528786,237_7
7,0.11413095684738472,23.761831653651726,0.9514622790364987,0.9302309888501462,0.962132049587292,0.1655000001192093,0.07329999655485153,0.03269999846816063,0.0464400015771389,0.028149999678134918,0.325300008058548,0.8407129645347595,0.18246667087078094,0.10610000044107437,0.040062498301267624,0.05071607232093811,0.04807500168681145,0.24834999442100525,0.6756346225738525,0.19155000150203705,0.0864500030875206,0.03440000116825104,0.05350000038743019,0.02969999983906746,0.37560001015663147,0.8534418940544128,1.2010941966530349,0.31284352516582936,0.2683092131956741,0.7630887762080606,-0.7425931072047701,-0.8572008942956626,3.4263137019440224,0.7027173879180357,0.4964545131942586,237_1
7,0.6269791525512183,23.13417876463742,0.9434502128170327,0.9286006067816757,0.9528749824284601,0.1370999962091446,0.06084999814629555,0.03150000050663948,0.047850001603364944,0.031150000169873238,0.2659499943256378,0.7903062701225281,0.16850000619888306,0.08860000222921371,0.03959999978542328,0.053849998861551285,0.04989999905228615,0.22464999556541443,0.6364960670471191,0.14270000159740448,0.06360000371932983,0.028599999845027924,0.04309999942779541,0.025599999353289604,0.26489999890327454,0.8237521648406982,1.1250767485600837,0.3379081334302498,0.2899161852126918,0.9552113830045386,-0.08379939603142002,-0.26275933894292625,5.507879960927213,0.30042305274550557,0.7821478082985471,231_6
7,0.8279322816087564,23.857502231410457,0.9163229731681294,0.8927747455840562,0.9634451675862994,0.15925000607967377,0.07209999859333038,0.03396666795015335,0.04516666755080223,0.03007500059902668,0.2587999999523163,0.7917784452438354,0.18050000071525574,0.09589999914169312,0.033399999141693115,0.049300000071525574,0.03370000049471855,0.26919999718666077,0.7774842977523804,0.1851000040769577,0.08919999748468399,0.032600000500679016,0.046549998223781586,0.032349999994039536,0.2818000018596649,0.7940474152565002,1.1343020667332262,0.41199699652168076,0.2667513353036816,0.7949195547268867,0.7854258009646148,0.9424546680264136,1.02376239860924,0.6519213503816321,0.3289518873707788,238_8
7,0.788316577579085,23.36810006462214,0.8935577947203643,0.8150858522015831,0.8707631534968437,0.17919999361038208,0.07900000363588333,0.03060000017285347,0.05040000006556511,0.031099999323487282,0.3797000050544739,0.8485881090164185,0.24705000221729279,0.1688999980688095,0.05445000156760216,0.0677499994635582,0.07874999940395355,0.2479500025510788,0.5179063677787781,0.21870000660419464,0.10260000079870224,0.034699998795986176,0.05939999967813492,0.033149998635053635,0.3908500075340271,0.8436321020126343,1.3271800903061575,0.4655878747685974,0.4847433816105869,0.7465393455467979,-0.6903308431949665,-0.15184711826958353,3.204533012542998,0.7279508609046825,0.47427880164584657,233_7
7,0.843383304495612,23.6601423634894,0.8395994378880981,0.815739172036426,0.929929481651765,0.16110000014305115,0.06729999929666519,0.030799999833106995,0.045099999755620956,0.02930000051856041,0.29829999804496765,0.8211233019828796,0.2393999993801117,0.14300000667572021,0.05674999952316284,0.06419999897480011,0.07989999651908875,0.24525000154972076,0.5085345506668091,0.2175000011920929,0.10090000182390213,0.03400000184774399,0.060600001364946365,0.03280000016093254,0.3749000132083893,0.8390973806381226,1.0740781321239488,0.5742509288646422,0.36205875367305135,0.13305910178405397,-0.9425238303940762,-0.2579654517221982,1.9486679200287136,1.4373414343921034,0.30620508888200393,236_8
7,0.627158815608043,23.95892202698755,0.8412606260774808,0.8652961549553367,0.93681993413056,0.1670999974012375,0.07530000060796738,0.03889999911189079,0.05719999969005585,0.03739999979734421,0.30979999899864197,0.7845622301101685,0.22589999437332153,0.13619999587535858,0.042750000953674316,0.06289999932050705,0.054749999195337296,0.25619998574256897,0.6478533148765564,0.23080000281333923,0.10980000346899033,0.042100001126527786,0.06700000166893005,0.040300000458955765,0.39079999923706055,0.8130364418029785,0.919237963260798,0.5711855440834059,0.31935052754645543,0.30787180271118597,-0.5597252841725362,0.3632331934240242,1.7210845101698506,1.257840952039113,0.6081557837874512,239_6
7,0.9913358317900958,23.733894048315612,0.7765740688561954,0.7023105164207242,0.8484812311711065,0.14650000631809235,0.06369999796152115,0.0284000001847744,0.041099999099969864,0.028599999845027924,0.24979999661445618,0.7945402264595032,0.21044999361038208,0.13220000267028809,0.04749999940395355,0.054349999874830246,0.06729999929666519,0.16930000483989716,0.43110737204551697,0.23190000653266907,0.10999999940395355,0.03480000048875809,0.05860000103712082,0.031099999323487282,0.4392000138759613,0.8677440285682678,1.1622268617077445,0.6815866454106055,0.5247226661258925,-0.2661351416748876,-0.5252270664814104,-0.5642052675399885,1.154115870584346,1.8401776693834375,0.43676250725348353,237_9
7,0.11745472339862673,23.920833458940884,0.8374830789506474,0.686781488029698,0.7981330633635274,0.18160000443458557,0.07980000227689743,0.04149999842047691,0.05130000039935112,0.03660000115633011,0.2937999963760376,0.7784503698348999,0.29089999198913574,0.20479999482631683,0.06584999710321426,0.07810000330209732,0.0868000015616417,0.23250000178813934,0.4563106894493103,0.22814999520778656,0.10565000027418137,0.04190000146627426,0.06459999829530716,0.03709999844431877,0.4175499975681305,0.8367975354194641,1.407532961584598,0.5781353299617598,0.6015438258689636,0.2678202616066297,-0.32987734352985604,0.21225872329942078,1.4672765080162717,1.299666394953462,0.8909737234194363,239_1
7,0.7652298747772139,23.995932616693274,0.7075806259710541,0.7434248664008652,0.9425629087443226,0.17579999566078186,0.08070000261068344,0.03660000115633011,0.057100001722574234,0.035599999129772186,0.31299999356269836,0.7957544326782227,0.21604999899864197,0.12794999778270721,0.04544999822974205,0.06414999812841415,0.052299998700618744,0.22849999368190765,0.6274929046630859,0.23184999823570251,0.11625000089406967,0.042750000953674316,0.0702499970793724,0.04690000042319298,0.3555999994277954,0.7669565081596375,0.9335971713587211,0.7847278209470433,0.31600531283838407,0.22143760762976397,-0.6317260224452856,0.5092799103476423,1.6731435145716704,1.3475078969742718,0.39720746987130306,239_7
7,0.10344100496636166,23.66041185807463,0.8274161600815705,0.8085199556968081,0.9073361567823337,0.15934999287128448,0.06859999895095825,0.032749999314546585,0.04280000180006027,0.030050000175833702,0.27250000834465027,0.8013551235198975,0.2581000030040741,0.17149999737739563,0.04670000076293945,0.06120000034570694,0.07050000131130219,0.2078000009059906,0.4933525025844574,0.21355000138282776,0.09584999829530716,0.03395000100135803,0.054099999368190765,0.03545000031590462,0.3440000116825104,0.8131506443023682,1.0551032321789902,0.596305302467242,0.4076237859557531,0.039143284390514954,-0.8312413534072148,-0.2778818935789305,1.6662716024973006,1.5316430396374403,0.49875001628818644,236_1
7,0.03777415769722481,23.74117040211698,0.7701009880415972,0.8430887712574987,0.8908490848978473,0.15898750722408295,0.07109999656677246,0.03538750112056732,0.05068333446979523,0.031966667622327805,0.28850001096725464,0.8004992604255676,0.1890999972820282,0.11190000176429749,0.03790000081062317,0.05389999970793724,0.046459998935461044,0.22789999842643738,0.6613209247589111,0.1960500031709671,0.08905000239610672,0.03669999912381172,0.06185000017285347,0.03680000081658363,0.38519999384880066,0.8255923986434937,0.8207540363133953,0.6917968824272172,0.3818144241557915,0.16004301319906852,-0.7380693027145531,-0.7447530973188937,1.702762404488414,1.410062099119465,0.22861800242884925,237_0
7,0.8241593574154535,23.413375154941768,0.8009153203873762,0.8196670602987262,0.8723052380557506,0.1476999968290329,0.07090000063180923,0.04019999876618385,0.05260000005364418,0.032099999487400055,0.2727000117301941,0.7893701195716858,0.24549999833106995,0.16814999282360077,0.048700001090765,0.0604499988257885,0.07259999960660934,0.2313999980688095,0.5223684310913086,0.18449999392032623,0.0840499997138977,0.029899999499320984,0.046149998903274536,0.034449998289346695,0.2971000075340271,0.7921882271766663,0.9501424357364039,0.6419740195533994,0.4452318689173108,0.14849593551788232,-0.7465775069123488,-0.7010302575014065,1.69769691201916,1.4217491552940262,0.2940612372040895,234_8
7,0.9826221735341374,23.738205961679384,0.7156340710054294,0.798141717533596,0.9126024292848064,0.14319999516010284,0.05999999865889549,0.028300000354647636,0.039900001138448715,0.025800000876188278,0.2696000039577484,0.825321614742279,0.149399995803833,0.09674999862909317,0.04129999876022339,0.04904999956488609,0.05079999938607216,0.18719999492168427,0.5731092095375061,0.15880000591278076,0.0771000012755394,0.028999999165534973,0.04450000077486038,0.026200000196695328,0.30169999599456787,0.8401951789855957,0.8361842431986323,0.7732648490260419,0.3521789494146506,0.9409354811099269,-0.11402261686369224,-0.4062715715704157,4.878404573848392,0.34541363798843516,0.4552425365455894,237_9
7,0.13622951283672435,23.7924642048402,0.9681423044784626,0.901655021454647,0.9534945029423373,0.18310000002384186,0.07900000363588333,0.03869999945163727,0.05590000003576279,0.0340999998152256,0.31679999828338623,0.8056426048278809,0.20229999721050262,0.10320000350475311,0.04039999842643738,0.062300000339746475,0.04190000146627426,0.28619998693466187,0.7445900440216064,0.20630000531673431,0.08980000019073486,0.0430000014603138,0.06620000302791595,0.039400000125169754,0.35760000348091125,0.8015113472938538,1.7669910406906217,0.2530940518663872,0.2889653925833632,0.6814048603697183,0.10524408461737611,0.7566146410819843,1.7845920310876118,0.8211159501344781,0.33652152684468734,237_1
7,0.5296017757526634,23.834774854722234,0.7915794310324262,0.7792410101045041,0.9481205509193295,0.18330000340938568,0.08945000171661377,0.03909999877214432,0.05260000005364418,0.0364999994635582,0.3190999925136566,0.7947131395339966,0.21504999697208405,0.11924999952316284,0.04410000145435333,0.0653500035405159,0.04969999939203262,0.27160000801086426,0.6906318068504333,0.19979999959468842,0.1039000004529953,0.035599999129772186,0.060100000351667404,0.03480000048875809,0.2946000099182129,0.7887067198753357,1.0303245046937242,0.657406926140258,0.31441559152455373,0.30846334595295155,-0.2977951486623175,0.300486656385188,1.4899379401502626,1.2572191468248293,0.8609273890960711,238_5
7,0.6185349888804961,23.963054277294503,0.623999930467698,0.6227520952592539,0.8980589053895072,0.17595000565052032,0.07599999755620956,0.04235000163316727,0.05779999867081642,0.03620000183582306,0.29954999685287476,0.784363329410553,0.19949999451637268,0.12049999833106995,0.04430000111460686,0.062300000339746475,0.05000000074505806,0.2476000040769577,0.6639785170555115,0.21150000393390656,0.10239999741315842,0.03779999911785126,0.06759999692440033,0.03629999980330467,0.4115999937057495,0.8379102349281311,1.0017792127551288,0.896945252156254,0.4325748389404071,0.4578379453410276,-0.1248739291713494,-0.021949043644111016,1.5485240743501465,1.0952345653650597,0.9913812647521105,239_6
7,0.8772497907069177,23.92101312199771,0.6037679074428092,0.8824233743239855,0.8528315390481375,0.1683499962091446,0.07184000313282013,0.03370000049471855,0.051339998841285706,0.029899999499320984,0.28299999237060547,0.8088846206665039,0.17679999768733978,0.08799999952316284,0.03669999912381172,0.05460000038146973,0.036400001496076584,0.25040000677108765,0.7461645603179932,0.22714999318122864,0.13545000553131104,0.04565000161528587,0.06620000302791595,0.061149999499320984,0.2236499935388565,0.5705758333206177,0.530912489468269,0.9225769680012695,0.24522228413097463,-0.9480000000539692,0.4812074757501183,-0.2300283089794772,0.3793055107478375,2.8176882779544,0.5133381896582629,239_8
7,0.9207282504583016,23.609028223822996,0.9652301403018185,0.951306787780585,0.9767682794347132,0.13609999418258667,0.057500001043081284,0.026200000196695328,0.04019999876618385,0.028200000524520874,0.24719999730587006,0.7952069640159607,0.17489999532699585,0.08550000190734863,0.024399999529123306,0.039500001817941666,0.027799999341368675,0.25360000133514404,0.8024165034294128,0.13809999823570251,0.056299999356269836,0.020899999886751175,0.03669999912381172,0.023600000888109207,0.24879999458789825,0.826725423336029,1.1847984947007193,0.264473966867998,0.21181648019259636,0.9854825396153006,0.8750532282118987,0.9370263596380454,2.961554064597973,0.17060318353644366,0.20201978462219497,236_9
7,0.11386146226214855,23.762370642822198,0.874319563306397,0.8444911781926361,0.9124373416251785,0.17328333854675293,0.07544545084238052,0.031849998980760574,0.046174999326467514,0.029625000432133675,0.290924996137619,0.815161406993866,0.22990000247955322,0.14740000665187836,0.03793749958276749,0.051739998161792755,0.05191250145435333,0.25060001015663147,0.6567910313606262,0.20469999313354492,0.1006999984383583,0.034699998795986176,0.05040000006556511,0.032499998807907104,0.33959999680519104,0.8253157734870911,1.1152758859429306,0.5067642340567347,0.3977289788538283,0.5376428391115377,-0.6243951388029508,-0.10886455188044591,2.238086940669611,1.0031573021574132,0.7333175779140096,237_1
7,0.8935991288778933,23.742068717401096,0.791778310444878,0.9647597121800224,0.8823291585275884,0.14669999480247498,0.06509999930858612,0.030899999663233757,0.045099999755620956,0.032099999487400055,0.27300000190734863,0.7895771861076355,0.14765000343322754,0.06610000133514404,0.027499999850988388,0.04170000180602074,0.0284000001847744,0.2773500084877014,0.8142273426055908,0.18080000579357147,0.08950000256299973,0.03830000013113022,0.06864999979734421,0.03734999895095825,0.34619998931884766,0.8052405118942261,0.40522782675062063,0.6570813945848816,0.17784919659629234,-0.25609346662664806,0.979404494039017,-0.2689036033264542,0.11110963880855328,1.8297750503007506,0.2010393814263439,237_8
7,0.714834387338108,23.932242063049202,0.7706804238928011,0.7384553218152721,0.9467822423605747,0.17595000565052032,0.08004999905824661,0.039650000631809235,0.05460000038146973,0.03635000064969063,0.2904999852180481,0.777573823928833,0.21660000085830688,0.12240000069141388,0.051100000739097595,0.06400000303983688,0.05730000138282776,0.25099998712539673,0.6282840967178345,0.20440000295639038,0.1006999984383583,0.04439999908208847,0.06419999897480011,0.04439999908208847,0.3447999954223633,0.7718396782875061,1.0711136392716065,0.6908880660368003,0.3215791610800916,0.24932328788089875,-0.3479140951200355,0.5412560139627101,1.4605094213605139,1.3188149139313703,0.6770762796534686,239_7
7,0.13964311091637782,23.97347473459029,0.835300423091642,0.8688954609922158,0.8850911215793884,0.17829999327659607,0.08020000159740448,0.040800001472234726,0.05820000171661377,0.036400001496076584,0.3230000138282776,0.7974401712417603,0.22165000438690186,0.1342500001192093,0.046799998730421066,0.06355000287294388,0.0544000007212162,0.262800008058548,0.6569987535476685,0.2159000039100647,0.10499999672174454,0.0430000014603138,0.06120000034570694,0.0414000004529953,0.36329999566078186,0.7954040169715881,0.8895625881071383,0.5821173394617516,0.4013302986178491,0.6592480860192813,-0.17234646042470342,0.4391182994072553,2.0494156473737872,0.8509779895135475,0.6556909919135068,239_1
7,0.9111162769182233,23.779169138635233,0.8905038830331871,0.9545647138643772,0.9169332416287409,0.14650000631809235,0.06369999796152115,0.0272000003606081,0.04190000146627426,0.02800000086426735,0.25220000743865967,0.800142765045166,0.1762000024318695,0.0812000036239624,0.03945000097155571,0.051750000566244125,0.03954999893903732,0.227400004863739,0.7036898136138916,0.1858000010251999,0.08089999854564667,0.02889999933540821,0.04984999820590019,0.026350000873208046,0.3684000074863434,0.8664977550506592,0.6406350070062623,0.47234486025460876,0.25921397222082443,0.502017575381575,0.2421861599300555,-0.6567075927654971,1.2692321372778548,1.044866284813849,0.3626531388745376,237_9
7,0.14152957301302926,23.971857767078873,0.7054778669842923,0.6624866292073217,0.8832020755628694,0.1746000051498413,0.07729999721050262,0.03804999962449074,0.05139999836683273,0.03359999880194664,0.3111500144004822,0.8050761818885803,0.2874000072479248,0.22595000267028809,0.06265000253915787,0.07999999821186066,0.0828000009059906,0.24609999358654022,0.49650347232818604,0.23520000278949738,0.12639999389648438,0.03959999978542328,0.0681999996304512,0.04320000112056732,0.33480000495910645,0.7714285850524902,1.0748555618766467,0.7876991507145166,0.4656849580097041,-0.23913068533391516,-0.7423347709778753,0.6645499857933413,1.3283610263698709,1.8122667896471734,0.444240079965448,239_1
7,0.9211774081003625,23.575161737611694,0.8026503055267685,0.8703652168206089,0.8508374472244062,0.13420000672340393,0.06210000067949295,0.03099999949336052,0.04769999906420708,0.030300000682473183,0.24869999289512634,0.7827956676483154,0.1808999925851822,0.09969999641180038,0.030899999663233757,0.042500000447034836,0.03590000048279762,0.18639999628067017,0.6770130395889282,0.17970000207424164,0.08190000057220459,0.028699999675154686,0.04540000110864639,0.03400000184774399,0.2953999936580658,0.7935640215873718,0.8056271186842998,0.6390708335518576,0.4210894930043727,0.6559543770795663,0.43807260313543284,0.3706213543100467,1.3062990206916516,0.8553499902631165,0.8921451826634668,235_9
7,0.008399247906515583,23.975271365158527,0.9044003118902157,0.9053425076948934,0.9703435855342657,0.17159999907016754,0.07940000295639038,0.04100000113248825,0.0551999993622303,0.03909999877214432,0.28459998965263367,0.7584182620048523,0.20110000669956207,0.11114999651908875,0.042249999940395355,0.05674999952316284,0.04495000094175339,0.2574000060558319,0.702662467956543,0.2045000046491623,0.10419999808073044,0.03920000046491623,0.05290000140666962,0.03449999913573265,0.3078500032424927,0.7984519004821777,0.9949790175708917,0.4408241642850111,0.23280786805498752,-0.1310789466108779,-0.19285755714043284,0.03477861672114371,1.0367843601894557,1.7022535652725137,0.9811799800431893,239_0
7,0.85847500126882,23.377532375105396,0.9131005076124122,0.9442675569875901,0.9532508995963315,0.1509999930858612,0.06870000064373016,0.032999999821186066,0.04500000178813934,0.031300000846385956,0.2872999906539917,0.8035153746604919,0.16050000488758087,0.08089999854564667,0.027899999171495438,0.038100000470876694,0.028300000354647636,0.2533000111579895,0.7990056872367859,0.16189999878406525,0.07145000249147415,0.02914999984204769,0.04554999992251396,0.02944999933242798,0.2592499852180481,0.7959820032119751,0.7987061693943682,0.4199716312176913,0.24187601753603352,0.915907901928468,0.8705130561257215,0.9518891420479149,1.2457923173665162,0.4130323081898309,0.3064246831193379,233_8
7,0.9959172397391054,23.988566431363495,0.7740248159958588,0.8141060919254283,0.9132070140709788,0.16189999878406525,0.07270000129938126,0.04010000079870224,0.05169999971985817,0.03420000150799751,0.27140000462532043,0.7761780023574829,0.18805000185966492,0.09435000270605087,0.042649999260902405,0.055799998342990875,0.04399999976158142,0.26660001277923584,0.7166774272918701,0.17299999296665192,0.07840000092983246,0.027699999511241913,0.04740000143647194,0.031599998474121094,0.2985999882221222,0.8086008429527283,0.9037156328375149,0.6856228824114129,0.3706131063332848,0.29317417187357636,-0.10297412353751326,-0.963259939370926,1.3147079089026836,1.273251112905902,0.19211510862089792,239_9
7,0.053943832811375714,23.873851569581433,0.9450350952174225,0.9035287533363756,0.9598022917574803,0.1817999929189682,0.08160000294446945,0.039650000631809235,0.05485000088810921,0.03620000183582306,0.31139999628067017,0.791714608669281,0.21230000257492065,0.11760000139474869,0.04390000179409981,0.05889999866485596,0.05000000074505806,0.26080000400543213,0.6782496571540833,0.19269999861717224,0.08995000272989273,0.03889999911189079,0.055149998515844345,0.03610000014305115,0.2964499890804291,0.7828897833824158,1.3295401636275095,0.3330944056358182,0.2804706561672872,0.8476983582213371,-0.41134149924647445,-0.15483563637708025,3.567322158442542,0.5591649959510078,0.835016203020501,238_0
7,0.6957002717863627,23.919036828372647,0.7817143015262963,0.7608226317000781,0.9279800872730907,0.16060000658035278,0.07199999690055847,0.03620000183582306,0.051500000059604645,0.030899999663233757,0.2736000120639801,0.7970443367958069,0.21870000660419464,0.12479999661445618,0.0494999997317791,0.06440000236034393,0.05249999836087227,0.20679999887943268,0.5950636267662048,0.22220000624656677,0.10249999910593033,0.03830000013113022,0.06859999895095825,0.037300001829862595,0.3587999939918518,0.8116636872291565,1.0487538679226867,0.6733863472670496,0.36827909660373875,-0.2921166826055196,-0.7542580220423918,0.06593635423582749,1.2988824746128234,1.8672356359752553,0.6364221229066038,239_6
7,0.5593360116570185,23.788511617590075,0.7568351443216541,0.8018226762516002,0.9326604947879595,0.17184999585151672,0.07805000245571136,0.05079999938607216,0.06235000118613243,0.04320000112056732,0.298799991607666,0.7473683953285217,0.18000000715255737,0.08914999663829803,0.03880000114440918,0.05380000174045563,0.04309999942779541,0.24854999780654907,0.7044402360916138,0.1851000040769577,0.09570000320672989,0.03480000048875809,0.04839999973773956,0.03189999982714653,0.26739999651908875,0.7868359684944153,0.8990903298367519,0.712339029682448,0.32953416814054326,-0.6542009910748483,0.18983076315459535,-0.40008450547873414,0.6041390822110206,2.2839220220388263,0.9115337105480082,237_5
7,0.5505325218726469,23.260481893584625,0.773352466068636,0.7114588407351091,0.8809111877089832,0.14640000462532043,0.06849999725818634,0.03539999946951866,0.045099999755620956,0.02979999966919422,0.27300000190734863,0.803170382976532,0.2273000031709671,0.15395000576972961,0.05270000174641609,0.06055000051856041,0.06610000133514404,0.225600004196167,0.5467946529388428,0.1969500035047531,0.08959999680519104,0.03060000017285347,0.054749999195337296,0.028200000524520874,0.3716000020503998,0.858929455280304,1.134763899104614,0.6866840979615235,0.4708775890697265,0.2340581545434512,-0.8155071242550448,-0.6847797360460188,1.8915796390852166,1.3345466267987334,0.2772524312015565,232_5
7,0.9882815598240899,23.607141761726346,0.7981147863012497,0.8986810558326356,0.8798316149956225,0.15320000052452087,0.06949999928474426,0.03240000084042549,0.04349999874830246,0.0340999998152256,0.24860000610351562,0.7587548494338989,0.23569999635219574,0.1350499987602234,0.04729999974370003,0.06525000184774399,0.07180000096559525,0.2220499962568283,0.5113152861595154,0.19589999318122864,0.093299999833107,0.029899999499320984,0.05609999969601631,0.033900000154972076,0.33009999990463257,0.8137362599372864,0.7021614618396581,0.6466365826366635,0.3457714812917837,-0.0011141507283256094,-0.6703212182711139,-0.561366531308669,1.4666470702737286,1.5719104777537274,0.48445601572487446,236_9
7,0.8460782503479702,23.372411977985912,0.7796552069332454,0.9261896352229592,0.8739893274420077,0.15150000154972076,0.07079999893903732,0.0348999984562397,0.047200001776218414,0.03290000185370445,0.28139999508857727,0.7906458377838135,0.17479999363422394,0.0892999991774559,0.03680000081658363,0.048900000751018524,0.04089999943971634,0.24729999899864197,0.7161693572998047,0.1581999957561493,0.07500000298023224,0.03020000085234642,0.04340000078082085,0.029999999329447746,0.2630000114440918,0.7952218651771545,0.5713440179036042,0.6766813022300222,0.28869897078455653,0.9043798140550471,0.3977457198383104,0.5161257645260707,2.6350896736097464,0.44087220157819124,0.841099033930548,233_8
7,0.11215466322232182,23.79147605802767,0.9638360242659458,0.9368145531817897,0.9676141238671255,0.1692499965429306,0.07204999774694443,0.038750000298023224,0.05534999817609787,0.03355000168085098,0.3206999897956848,0.8105857372283936,0.1843000054359436,0.09570000320672989,0.04190000146627426,0.05889999866485596,0.04089999943971634,0.2702000141143799,0.7370620369911194,0.18219999969005585,0.07904999703168869,0.0333000011742115,0.04874999821186066,0.030700000002980232,0.25699999928474426,0.7865832448005676,1.3248496072722766,0.2697557218733358,0.25194310913671847,0.2793669552002215,-0.040476453018237345,-0.6559227085295618,1.2513255582947063,1.2876615758992482,0.7400389569653305,237_1
7,0.888658394815236,23.389210473798954,0.9116776931830997,0.906802640631077,0.9490436560864932,0.1476999968290329,0.06729999929666519,0.03370000049471855,0.04839999973773956,0.035999998450279236,0.27079999446868896,0.7653194069862366,0.16220000386238098,0.0940999984741211,0.035599999129772186,0.048700001090765,0.04619999974966049,0.21220000088214874,0.6424148678779602,0.1545500010251999,0.06825000047683716,0.030950000509619713,0.04645000025629997,0.02710000053048134,0.3041999936103821,0.8364020586013794,1.0276592528054327,0.423447669404365,0.29845630854157723,0.8319550784506936,0.3011133704300789,-0.18534539773419845,2.150614996467617,0.5881742343372435,0.5405907007916066,233_8
7,0.8337713309555319,23.968084842885567,0.6599772528857605,0.72980554126921,0.9414383207239517,0.16279999911785126,0.0754999965429306,0.03970000147819519,0.05739999935030937,0.03920000046491623,0.27320000529289246,0.7490397095680237,0.19380000233650208,0.1111999973654747,0.04919999837875366,0.06340000033378601,0.05350000038743019,0.1956000030040741,0.5704536437988281,0.1923000067472458,0.09709999710321426,0.04780000075697899,0.07190000265836716,0.05959999933838844,0.2648000121116638,0.632552444934845,0.8855904856628042,0.8500078439140407,0.3047057485704417,0.2861883175970017,0.11970311752809712,0.8415265265013478,1.1329550219584608,1.280549937352347,0.5252153631210575,239_8
7,0.8470663971605017,23.83944609419965,0.6659751792740524,0.7653479982634666,0.8950288711894889,0.1710200011730194,0.07800333201885223,0.038216665387153625,0.050859998911619186,0.0330333337187767,0.2766000032424927,0.786629319190979,0.23420000076293945,0.1525000035762787,0.048900000751018524,0.06040000170469284,0.062449999153614044,0.2017499953508377,0.5272520780563354,0.2395000010728836,0.12460000067949295,0.038350000977516174,0.05909999832510948,0.03830000013113022,0.3257499933242798,0.7895893454551697,0.8304249269516789,0.841996013801902,0.38396333440899333,-0.4815447662068162,-0.8091076846704938,0.27801416715903404,1.2123350125097587,2.0732127711152115,0.5736969134175953,238_8
7,0.6672236772797735,23.825073049653746,0.7460896280243561,0.6300820751371615,0.8738259880231203,0.1590999960899353,0.06989999860525131,0.034449998289346695,0.04820000007748604,0.029100000858306885,0.26170000433921814,0.7998624444007874,0.2281000018119812,0.1340000033378601,0.04989999905228615,0.05909999832510948,0.05869999900460243,0.19020000100135803,0.5283246636390686,0.19599999487400055,0.08760000020265579,0.031700000166893005,0.061500001698732376,0.03020000085234642,0.36079999804496765,0.8455243110656738,1.2202924192578635,0.728626524915269,0.4851281028039798,0.1345188449326327,-0.7600759886869257,-0.6824946958720897,1.6952990167460575,1.4358684487332636,0.28176134848527273,238_6
7,0.6824950371098044,23.753207826924182,0.8251685165895293,0.7674093103220435,0.9394804084017607,0.17239999771118164,0.07280000299215317,0.03454999998211861,0.0500333346426487,0.03172000125050545,0.3481999933719635,0.8330174684524536,0.20960000157356262,0.12970000505447388,0.05324999988079071,0.06689999997615814,0.06521999835968018,0.24654999375343323,0.5816146731376648,0.18940000236034393,0.09094999730587006,0.03655000030994415,0.0580499991774559,0.03500000014901161,0.32679998874664307,0.8065229058265686,1.1594376726517586,0.6002958725304769,0.3423228056211899,0.7263423365105459,-0.7870076185742674,-0.37244838782177525,3.268281854344966,0.7578109788517022,0.5446424979093394,237_6
7,0.707288538951504,23.669305179387415,0.6835748058335591,0.7101509258335412,0.9510360677827603,0.16439999639987946,0.0737999975681305,0.037700001150369644,0.04910000041127205,0.03215000033378601,0.2980499863624573,0.8052695393562317,0.21285000443458557,0.12004999816417694,0.03759999945759773,0.05810000002384186,0.0494999997317791,0.2927500009536743,0.7107377648353577,0.20020000636577606,0.1067499965429306,0.03620000183582306,0.06379999965429306,0.03750000149011612,0.29440000653266907,0.7740283012390137,0.954698503563748,0.8181470584494613,0.29792983739400364,-0.38336803870105385,-0.8687760765661908,0.5292345915714508,1.3356444950376587,1.964236534876973,0.44734047255072923,236_7
7,0.22624070430549992,23.986140980096373,0.6507492398230297,0.5660813542716615,0.9272812374975998,0.16590000689029694,0.0754999965429306,0.03720000013709068,0.04780000075697899,0.032499998807907104,0.2727999985218048,0.7870946526527405,0.23350000381469727,0.12049999833106995,0.04154999926686287,0.057999998331069946,0.05119999870657921,0.24095000326633453,0.6494951248168945,0.22210000455379486,0.10329999774694443,0.038600001484155655,0.06019999831914902,0.03799999877810478,0.3747999966144562,0.8158915042877197,1.1238960617340725,0.8622255466192487,0.3711203191977717,-0.35411740595084457,-0.8371097596154133,0.07750482807095423,1.3259618042764263,1.9327664772395285,0.49441334966946,239_2
7,0.8106846281536608,23.939159090736922,0.6441080327398992,0.5681020254091489,0.8937850016873116,0.1582999974489212,0.07129999995231628,0.03400000184774399,0.05000000074505806,0.03319999948143959,0.305400013923645,0.8038983941078186,0.21815000474452972,0.13580000400543213,0.04154999926686287,0.061650000512599945,0.051750000566244125,0.20080000162124634,0.5901801586151123,0.20100000500679016,0.09385000169277191,0.042100001126527786,0.07590000331401825,0.04735000059008598,0.3203999996185303,0.7424880862236023,1.1098341368963143,0.8709396869284878,0.44838584118886493,-0.397906689603597,-0.9622415656151615,0.3137148190555309,1.447410774519911,1.980030319212761,0.2615474283589259,239_8
7,0.6268893210228068,23.95892202698755,0.7024654060093705,0.7631998304263242,0.8796310516716356,0.16930000483989716,0.07500000298023224,0.03830000013113022,0.06030000001192093,0.035999998450279236,0.3142000138759613,0.7944031953811646,0.24115000665187836,0.15800000727176666,0.04884999990463257,0.06260000169277191,0.06904999911785126,0.22609999775886536,0.5321023464202881,0.2370000034570694,0.11190000176429749,0.04190000146627426,0.0689999982714653,0.03779999911785126,0.4083999991416931,0.8305692672729492,0.8871188650586518,0.7919407034574856,0.4296236054316663,0.4648386104867541,-0.5538058573928774,0.1378519259236506,1.9843990915008263,1.0873440038875408,0.7028399600229316,239_6
7,0.10326134190953695,23.757070582645895,0.9067632825100099,0.9176620158366322,0.9440117386608319,0.1842000037431717,0.07991666346788406,0.03554999828338623,0.050599999725818634,0.03150000050663948,0.34593334794044495,0.8330830931663513,0.18663333356380463,0.10019999742507935,0.032999999821186066,0.048700001090765,0.035866666585206985,0.2709999978542328,0.7662394046783447,0.19529999792575836,0.08479999750852585,0.03229999914765358,0.05299999937415123,0.033799998462200165,0.34200000762939453,0.8201171159744263,0.9388560579379349,0.43525327021869403,0.29572183946345193,0.9214913001805924,0.30901139028691404,0.40028426076371915,3.150321530152289,0.3988935547973726,0.9033436978855589,237_1
7,0.7216615834974167,23.90430445771308,0.7647014329951172,0.7555064889276759,0.9663433458370272,0.1660500019788742,0.07055000215768814,0.03530000150203705,0.0515500009059906,0.028200000524520874,0.3206000030040741,0.838302731513977,0.21379999816417694,0.1281999945640564,0.039799999445676804,0.05869999900460243,0.046950001269578934,0.2126999944448471,0.6383593082427979,0.210549995303154,0.10615000128746033,0.0364999994635582,0.062049999833106995,0.03610000014305115,0.28049999475479126,0.7719519734382629,1.0202093961109158,0.7002184603780001,0.2559716978738871,-0.1314299276705027,-0.9435953120315974,0.3622221398581895,1.646957563239358,1.7026076092699496,0.22779082698038,239_7
7,0.7382804162536267,23.76057401225396,0.6635901626573993,0.5702759665529523,0.9069099606648788,0.17550000548362732,0.07819999754428864,0.03500000014901161,0.054499998688697815,0.032099999487400055,0.3476000130176544,0.8309191465377808,0.24390000104904175,0.16419999301433563,0.047600001096725464,0.06390000134706497,0.061400000005960464,0.19539999961853027,0.5218068361282349,0.210099995136261,0.09880000352859497,0.03700000047683716,0.06830000132322311,0.03629999980330467,0.35600000619888306,0.8149375319480896,1.140519996972752,0.8451886543701727,0.4192096910775958,0.5644189224260306,-0.8281719243290073,-0.05335606040245447,2.6225111369981384,0.9710671623906164,0.25002141387175103,237_7
7,0.18536735887806266,23.99530379599439,0.863406847837928,0.9216769036721897,0.9544422234904774,0.17569999396800995,0.08009999990463257,0.03804999962449074,0.052549999207258224,0.03265000134706497,0.33160001039505005,0.820727527141571,0.1867000013589859,0.09414999932050705,0.038100000470876694,0.05460000038146973,0.0458500012755394,0.2713499963283539,0.7109079360961914,0.1991499960422516,0.09155000001192093,0.037700001150369644,0.055649999529123306,0.03920000046491623,0.3323499858379364,0.7889920473098755,0.753415459167031,0.5288123712253271,0.227180852479012,0.6896149221268504,-0.7667352495287589,-0.3115344693514872,3.0185455118208715,0.8098391548286461,0.5675793196895662,239_1
7,0.9342928112485076,23.688888452581224,0.8924730567502726,0.939323539744052,0.9461974558331673,0.12735000252723694,0.05894999951124191,0.03099999949336052,0.04405000060796738,0.03290000185370445,0.23035000264644623,0.7500474452972412,0.16169999539852142,0.07545000314712524,0.02930000051856041,0.045899998396635056,0.03384999930858612,0.27515000104904175,0.7809061408042908,0.14384999871253967,0.06154999881982803,0.03125,0.04724999889731407,0.028550000861287117,0.3160499930381775,0.8343006372451782,0.7481723709261073,0.46799827151081835,0.24593301476895493,0.7321397959785721,0.8530863799670662,0.8636076205294474,0.7325451873314248,0.7493382310670262,0.38613520940641494,236_9
7,0.9106671192761642,23.77889964405,0.8340773659792223,0.9294969888403908,0.8729040105090744,0.14810000360012054,0.061799999326467514,0.02969999983906746,0.04659999907016754,0.027899999171495438,0.2858000099658966,0.8221230506896973,0.16300000250339508,0.07039999961853027,0.0385500006377697,0.04879999905824661,0.035999998450279236,0.2596000134944916,0.7564276456832886,0.1995999962091446,0.08969999849796295,0.029999999329447746,0.04919999837875366,0.028599999845027924,0.35519999265670776,0.8509640693664551,0.6464572363739854,0.5843381689259515,0.3235935119691933,0.5592778844282779,0.7141823192854367,-0.04150649535486002,0.7933648646186966,0.9772818720164833,0.4550035307885912,237_9
7,0.18976910377024758,23.90690957203703,0.8626204725033297,0.7482717465452986,0.889547879153923,0.1776999980211258,0.08124999701976776,0.04010000079870224,0.05274999886751175,0.03480000048875809,0.2680499851703644,0.770183265209198,0.22679999470710754,0.14880000054836273,0.047200001776218414,0.06210000067949295,0.06870000064373016,0.21369999647140503,0.5134561061859131,0.21899999678134918,0.11330000311136246,0.04149999842047691,0.058800000697374344,0.04039999842643738,0.35589998960494995,0.7961140275001526,1.3676200382068961,0.5303689950033257,0.4552837598746368,-0.2759995188769862,-0.5554212982956197,0.12406665755899993,1.1671183220152392,1.850425785503366,0.8310128631805819,239_1
7,0.659587997364758,23.991620703329502,0.5345339263090633,0.7280757743635409,0.8592785968073969,0.16394999623298645,0.07535000145435333,0.0393499992787838,0.05779999867081642,0.03660000115633011,0.2913999855518341,0.7768292427062988,0.2146500051021576,0.14875000715255737,0.04684999957680702,0.06274999678134918,0.06300000101327896,0.2570500075817108,0.6063115000724792,0.22460000216960907,0.11235000193119049,0.04255000129342079,0.0750499963760376,0.04255000129342079,0.3625999987125397,0.7899543046951294,0.7501544637730976,1.0068401464463954,0.40063971816717237,0.17037483631958802,-0.48146580845073716,0.4174924256319316,1.481239651667091,1.3995862721706953,0.7149886710651336,239_6
7,0.982083184363665,23.681971424893504,0.8264336941947472,0.7792177077961173,0.9179513307586871,0.15530000627040863,0.06949999928474426,0.027799999341368675,0.043299999088048935,0.0284000001847744,0.2802000045776367,0.8159429430961609,0.21480000019073486,0.1303499937057495,0.04490000009536743,0.05584999918937683,0.06040000170469284,0.22055000066757202,0.5700302720069885,0.2087000012397766,0.09160000085830688,0.030400000512599945,0.051600001752376556,0.028200000524520874,0.3571000099182129,0.8536205291748047,1.1326424581064976,0.5980524930534309,0.39500351393704597,0.47984134975553816,-0.8018990990180525,-0.7086353126442562,2.3369251197530305,1.070322451156972,0.46979455605531795,236_9
7,0.9168654947365891,23.592139896481548,0.7828922941387848,0.6823499891281871,0.8726732162429466,0.18170000612735748,0.08129999786615372,0.03044999949634075,0.047200001776218414,0.030700000002980232,0.333950012922287,0.831619381904602,0.24275000393390656,0.14714999496936798,0.032600000500679016,0.0531499981880188,0.03819999843835831,0.2862499952316284,0.7645245790481567,0.1975499987602234,0.08715000003576279,0.028750000521540642,0.04740000143647194,0.028200000524520874,0.327349990606308,0.8413724899291992,1.2208930951014374,0.6714951962637821,0.4883027244671678,0.9612676657836163,0.06612181394269859,0.2974108329484517,5.388463752015194,0.2792310211693262,0.5251101493095358,235_9
7,0.07658137797118769,23.698590257649712,0.8380246211162091,0.7218290982928666,0.8899479689664801,0.17436666786670685,0.07672499865293503,0.03598333150148392,0.0523499995470047,0.032600000500679016,0.30923333764076233,0.8092637658119202,0.23514999449253082,0.1384499967098236,0.045787498354911804,0.059119999408721924,0.05375000089406967,0.21424999833106995,0.5988805890083313,0.218299999833107,0.1006999984383583,0.03539999946951866,0.058933332562446594,0.033399999141693115,0.3668000102043152,0.83308345079422,1.3243753009482557,0.577143581466551,0.45394144490322935,0.47201572133131137,-0.9381242241491714,-0.23806812227381297,2.58331793536182,1.079220483766778,0.25687957836179814,236_0
7,0.8638648929735364,23.815011918471605,0.9407847132997229,0.9061176632593766,0.9527398078490206,0.1753000020980835,0.07962500303983688,0.03584999963641167,0.05143333226442337,0.03397500142455101,0.2921000123023987,0.7916123867034912,0.1941000074148178,0.11299999803304672,0.03739999979734421,0.050850000232458115,0.04794999957084656,0.20999999344348907,0.6282225251197815,0.17949999868869781,0.08089999854564667,0.03060000017285347,0.0414000004529953,0.027799999341368675,0.26660001277923584,0.811141312122345,1.2628915540099834,0.3458586495504624,0.30241047377701025,0.7632733443039742,-0.7763516781146397,-0.24622464481056697,3.501625690612281,0.7024317604518359,0.3315170318255452,238_8
7,0.5935618239819718,23.88759579342846,0.8315242571506742,0.8163369227906163,0.8884986584729707,0.16200000047683716,0.07289999723434448,0.03750000149011612,0.05389999970793724,0.037700001150369644,0.2784000039100647,0.7614678740501404,0.2085999995470047,0.13189999759197235,0.043699998408555984,0.054099999368190765,0.05460000038146973,0.22139999270439148,0.604347825050354,0.19619999825954437,0.09319999814033508,0.0364999994635582,0.05460000038146973,0.03920000046491623,0.33640000224113464,0.7912672758102417,1.0455147665191278,0.5889502571794731,0.43713927301691635,-0.11858958251381184,-0.683796103446579,-0.4957974200691637,1.3752713971293113,1.6896656471739315,0.44144697963273466,238_5
7,0.09355953684104712,23.90834687649162,0.5070666424840891,0.676465111856987,0.9257949225751019,0.16019999980926514,0.0729999989271164,0.03909999877214432,0.05000000074505806,0.03680000081658363,0.2313999980688095,0.7255778908729553,0.21410000324249268,0.12200000137090683,0.05270000174641609,0.06949999928474426,0.05779999867081642,0.20839999616146088,0.5657400488853455,0.2272000014781952,0.12549999356269836,0.046799998730421066,0.0697999969124794,0.05260000005364418,0.2590999901294708,0.6624959707260132,0.796756020540425,1.039018291775846,0.2919080432586948,-0.4361658388826785,-0.09151398743273466,0.9232832406937334,0.8221225764212542,2.022129766395884,0.16720485438698318,239_0
7,0.09778161867640911,23.79201504719814,0.876884690344012,0.8201577180633657,0.9466014810794239,0.17489999532699585,0.08420000225305557,0.03849999979138374,0.05209999904036522,0.035100001841783524,0.2709999978542328,0.7706631422042847,0.227400004863739,0.12110000103712082,0.05400000140070915,0.06840000301599503,0.061900001019239426,0.24220000207424164,0.5928970575332642,0.22145000100135803,0.10909999907016754,0.04774999991059303,0.06864999979734421,0.04944999888539314,0.320499986410141,0.732666552066803,1.2146877941590242,0.5014537075173939,0.32174719815487823,-0.5327762726633647,-0.5885212930179514,0.8136516802507429,1.0315804382432003,2.132674169980748,0.5517352576729958,237_0
7,0.7242666978213634,23.814023771659073,0.8975781732427465,0.8791682295322786,0.9492912818998283,0.16179999709129333,0.07580000162124634,0.035599999129772186,0.046799998730421066,0.03139999881386757,0.24740000069141388,0.7747489213943481,0.1868000030517578,0.10374999791383743,0.04205000028014183,0.052949998527765274,0.04569999873638153,0.1996999979019165,0.6275468468666077,0.17299999296665192,0.07829999923706055,0.03180000185966492,0.045899998396635056,0.030300000682473183,0.28519999980926514,0.8079239130020142,1.0879005235001749,0.45655138273745843,0.3083275961977057,0.8095651322506047,-0.08994952819261597,-0.5717602554709477,2.64728448924491,0.6273853834767871,0.5191447854536688,238_7
7,0.18393005442347032,23.988296936778262,0.6785582252471142,0.6846673692621995,0.9494029384788419,0.17479999363422394,0.07930000126361847,0.03709999844431877,0.049800001084804535,0.03460000082850456,0.29339998960494995,0.7890243530273438,0.22939999401569366,0.13179999589920044,0.05180000141263008,0.066600002348423,0.06260000169277191,0.23430000245571136,0.578309178352356,0.21780000627040863,0.12364999949932098,0.04089999943971634,0.05869999900460243,0.044199999421834946,0.28165000677108765,0.7287095189094543,0.9898797542390864,0.8249982851704104,0.30919694002004827,-0.7564850708932415,-0.8795724203763456,0.7895961910759881,1.089364370769645,2.4287181865746446,0.436212097832224,239_1
7,0.8862329435481122,23.991171545687443,0.545921595648082,0.782638409472239,0.8589235223018503,0.17399999499320984,0.07824999839067459,0.03884999826550484,0.055399999022483826,0.03435000032186508,0.32519999146461487,0.8089278340339661,0.19554999470710754,0.10535000264644623,0.03929999843239784,0.055149998515844345,0.049150001257658005,0.26089999079704285,0.6829543709754944,0.21789999306201935,0.12759999930858612,0.04190000146627426,0.05820000171661377,0.04839999973773956,0.2757999897003174,0.7014188766479492,0.6764300802989146,0.9933076346824273,0.3493314588918085,-0.51123151873189,-0.778980076183967,0.8158735781113192,1.1691270020829565,2.1074134339265846,0.39630308213264565,239_8
8,0.6450352897620206,23.921821605753415,0.7614219604118193,0.8188454174236658,0.9562968079736286,0.17430000007152557,0.07850000262260437,0.04010000079870224,0.05420000106096268,0.03310000151395798,0.32690000534057617,0.8161110877990723,0.2206999957561493,0.12690000236034393,0.045099999755620956,0.06270000338554382,0.05494999885559082,0.26019999384880066,0.6512771844863892,0.22759999334812164,0.13490000367164612,0.054249998182058334,0.0677499994635582,0.0649000033736229,0.25940001010894775,0.5997533202171326,0.8668738290321966,0.7052925136944113,0.25674997571509955,-0.4233748948178828,-0.5385295812579645,0.9769969485140878,1.0655010476541615,2.007963654687104,0.1627021136997802,239_6
8,0.8505698267685684,23.580910955430056,0.8687851855990685,0.8778741037849427,0.8854556978868777,0.13529999554157257,0.061500001698732376,0.03864999860525131,0.04634999856352806,0.03310000151395798,0.26545000076293945,0.7782616019248962,0.1813499927520752,0.11190000176429749,0.03229999914765358,0.04405000060796738,0.0421999990940094,0.21780000627040863,0.6753846406936646,0.164000004529953,0.08500000089406967,0.03180000185966492,0.045099999755620956,0.04100000113248825,0.2545500099658966,0.722551167011261,0.9639785773181714,0.5180525440691242,0.4097173901424613,0.5668699956261747,0.031947598558505805,0.7334043030490447,1.589558310940977,0.9680948981860047,0.49504719841367656,235_8
8,0.6256316796250392,23.113068355460612,0.6955937225220655,0.9359879985827472,0.8108378542485288,0.16075000166893005,0.07195000350475311,0.04125000163912773,0.0551999993622303,0.035999998450279236,0.2797499895095825,0.7719715237617493,0.18230000138282776,0.08910000324249268,0.052299998700618744,0.05990000069141388,0.04670000076293945,0.2574999928474426,0.6929651498794556,0.19120000302791595,0.09139999747276306,0.03060000017285347,0.04839999973773956,0.03240000084042549,0.3531000018119812,0.8319066166877747,0.44880660943515854,0.8015503457662532,0.2728930506895793,-0.09881339498055874,0.35614307851168436,-0.7650539071885825,0.7226494446365422,1.669771236219913,0.5789738087904454,231_6
8,0.927016457447138,23.61917918653355,0.9516604129869902,0.9472883315662016,0.9690821049662827,0.13324999809265137,0.05829999968409538,0.031300000846385956,0.04255000129342079,0.031150000169873238,0.24609999358654022,0.7752930521965027,0.15690000355243683,0.07559999823570251,0.028699999675154686,0.04390000179409981,0.03554999828338623,0.21584999561309814,0.7171837687492371,0.13729999959468842,0.05894999951124191,0.024700000882148743,0.04235000163316727,0.027950000017881393,0.2804499864578247,0.8187418580055237,1.0446315504694657,0.3121991007519308,0.23286880557106046,0.9205030082945288,0.8642526465689168,0.7829943147759882,1.3131377473900168,0.40143045025367907,0.5020311445765276,236_9
8,0.8246983465859259,23.413375154941768,0.9201172080474777,0.9119790149620095,0.9252049632228219,0.1444000005722046,0.06719999760389328,0.03759999945759773,0.043699998408555984,0.02879999950528145,0.24400000274181366,0.7888563275337219,0.18400000035762787,0.12935000658035278,0.03884999826550484,0.04600000008940697,0.05000000074505806,0.16840000450611115,0.5421245694160461,0.1678999960422516,0.07840000092983246,0.03229999914765358,0.04740000143647194,0.030400000512599945,0.2994999885559082,0.8157017230987549,1.050437987205421,0.4024166741211186,0.34639388016795025,0.7019762390888844,-0.07428385847497387,-0.5432524132548977,2.0755627354351596,0.7926277750642219,0.7204061295490218,234_8
8,0.8887482263436475,23.744943326310285,0.906468242288736,0.9299530223566156,0.9527330532825262,0.13330000638961792,0.06080000102519989,0.03200000151991844,0.04729999974370003,0.03240000084042549,0.23980000615119934,0.7619397640228271,0.16335000097751617,0.08259999752044678,0.0340999998152256,0.04845000058412552,0.03525000065565109,0.23319999873638153,0.7373812794685364,0.15080000460147858,0.06650000065565109,0.031700000166893005,0.053449999541044235,0.033399999141693115,0.2676999866962433,0.7781468033790588,0.8636520743209224,0.4359524888277931,0.2600492783027304,0.917194763062409,0.9008505221897005,0.7178128796618412,1.0957925374691244,0.40981446487527856,0.3382199937155791,237_8
8,0.8768006330648568,23.62394025753938,0.6628738304745122,0.6778718099284854,0.901124154152996,0.13680000603199005,0.06024999916553497,0.03020000085234642,0.041200000792741776,0.027499999850988388,0.29820001125335693,0.8311329483985901,0.16965000331401825,0.09560000151395798,0.03970000147819519,0.04769999906420708,0.04854999855160713,0.1704999953508377,0.5567222237586975,0.1436000019311905,0.06480000168085098,0.02879999950528145,0.041600000113248825,0.030799999833106995,0.23389999568462372,0.7672837376594543,0.9761111720870593,0.8461457882565049,0.42000498615031506,0.8751355037510765,-0.23280752254330517,0.1994599386129707,3.5751918833464016,0.5050805441031626,0.501469574531127,236_8
8,0.9982528594778177,23.740631412946506,0.6545251219586823,0.8962678819446757,0.8370953441294652,0.13899999856948853,0.05810000002384186,0.026499999687075615,0.04390000179409981,0.027799999341368675,0.2992999851703644,0.8300213813781738,0.13600000739097595,0.05959999933838844,0.02969999983906746,0.040950000286102295,0.0284000001847744,0.2110999971628189,0.7628392577171326,0.18549999594688416,0.11169999837875366,0.03700000047683716,0.050599999725818634,0.04560000076889992,0.32109999656677246,0.7512953281402588,0.5360383779324711,0.8572419893417653,0.2948788150396173,-0.11863163092771414,0.8131596324499312,-0.4477462355220736,0.36765883592544135,1.689707994524298,0.462182331452392,237_9
8,0.9918748209605681,23.732995733031494,0.9341466469954112,0.9010343770717233,0.9475571216878849,0.14959999918937683,0.06345000118017197,0.028999999165534973,0.042500000447034836,0.03020000085234642,0.26969999074935913,0.7985995411872864,0.20419999957084656,0.11460000276565552,0.03139999881386757,0.044599998742341995,0.04500000178813934,0.23999999463558197,0.6842105388641357,0.18979999423027039,0.0860000029206276,0.028300000354647636,0.039650000631809235,0.024299999698996544,0.34815001487731934,0.869512677192688,1.2293884179420866,0.36493587954535445,0.31647492074734146,0.6927533034828212,0.09403564986215682,0.08748301486892854,1.8331819591774812,0.8054964358120472,0.9950868049733806,237_9
8,0.10218336356859403,23.661310173358757,0.5918389419028347,0.6571631302011572,0.8273835981517772,0.15700000524520874,0.06605000048875809,0.031550001353025436,0.04165000095963478,0.02775000035762787,0.27129998803138733,0.8144122958183289,0.25360000133514404,0.1704999953508377,0.049400001764297485,0.058800000697374344,0.06750000268220901,0.20659999549388885,0.5074790120124817,0.22699999809265137,0.1002499982714653,0.03485000133514404,0.059050001204013824,0.030400000512599945,0.3885999917984009,0.8548926115036011,0.9107047639055617,0.9374579852047642,0.5217876408586782,-0.06243512858487557,-0.825277503459328,-0.2743062744507361,1.5560724751720354,1.6332720902341087,0.46079789241582453,236_1
8,0.9819933528352536,23.681791761836678,0.824655029525361,0.8004301230369947,0.9271007789421188,0.1488499939441681,0.0681999996304512,0.03085000067949295,0.042100001126527786,0.03265000134706497,0.2549000084400177,0.7729090452194214,0.18619999289512634,0.10849999636411667,0.04010000079870224,0.053050000220537186,0.04879999905824661,0.2090499997138977,0.6214853525161743,0.17759999632835388,0.07699999958276749,0.03139999881386757,0.05009999871253967,0.028999999165534973,0.36719998717308044,0.8536092638969421,1.0691605441718794,0.6012042789794971,0.36940188127086676,0.4030369118176855,-0.2278828232050723,-0.9514568714870838,1.5577472950052822,1.155963532787257,0.25656730412678014,236_9
8,0.1585077318828887,23.391995251179722,0.8238025956656722,0.8083397468900039,0.9252332113118296,0.15119999647140503,0.06449999660253525,0.031700000166893005,0.04544999822974205,0.02865000069141388,0.2981500029563904,0.8246634006500244,0.21930000185966492,0.13089999556541443,0.043699998408555984,0.05860000103712082,0.05950000137090683,0.20980000495910645,0.5581136345863342,0.17309999465942383,0.07460000365972519,0.03620000183582306,0.04910000041127205,0.030400000512599945,0.3296000063419342,0.8311111330986023,1.0443997483040794,0.602709663669993,0.3705690675155031,0.8457460047344523,-0.9129054552421327,-0.9568496645655833,4.834711406614787,0.56283460763088,0.21610707808617813,233_1
8,0.9537862529139005,23.402056382361863,0.7135603774669818,0.7882417102463032,0.8804467724757922,0.1362999975681305,0.060100000351667404,0.03290000185370445,0.04410000145435333,0.03009999915957451,0.22779999673366547,0.7665761709213257,0.19089999794960022,0.1265999972820282,0.036400001496076584,0.04729999974370003,0.043699998408555984,0.18870000541210175,0.6239243149757385,0.18799999356269836,0.08914999663829803,0.033799998462200165,0.052549999207258224,0.033799998462200165,0.36500000953674316,0.8304914832115173,0.8539357422832528,0.7762292372323658,0.415528292488292,-0.0736782538349024,0.0470138564353844,-0.7761799157639315,0.9265593010087722,1.6445414042137636,0.630428956152718,234_9
8,0.8988093575257867,23.358937248724125,0.7414475531473492,0.7554438512026475,0.8827079364530337,0.14640000462532043,0.06530000269412994,0.03269999846816063,0.04560000076889992,0.03359999880194664,0.2944999933242798,0.7951843738555908,0.19040000438690186,0.1362999975681305,0.03359999880194664,0.042500000447034836,0.04645000025629997,0.16539999842643738,0.5614821910858154,0.19059999287128448,0.09130000323057175,0.029100000858306885,0.04989999905228615,0.03200000151991844,0.35929998755455017,0.8364425897598267,0.9713063794884,0.735571259424019,0.4451826871433352,0.5040842705029689,-0.26991027910952436,-0.5030042461719881,1.7689596416735187,1.0424749860934919,0.8640764863346918,233_8
8,0.2732225936649506,23.945177803140524,0.933569421041592,0.9425132125416524,0.9554904300404378,0.18070000410079956,0.0803999975323677,0.03880000114440918,0.05999999865889549,0.03790000081062317,0.3264999985694885,0.7919868230819702,0.20110000669956207,0.1088000014424324,0.04410000145435333,0.057100001722574234,0.04529999941587448,0.27070000767707825,0.7132911682128906,0.20419999957084656,0.09889999777078629,0.03929999843239784,0.05939999967813492,0.03790000081062317,0.3199999928474426,0.7882089614868164,0.9295414636996479,0.3665498516231752,0.2592034376893527,0.7350426849589602,-0.09642782891718836,0.3273058755722281,2.2378858657725074,0.7450666927251419,0.8036231473397423,239_2
8,0.8478748809162084,23.86450909062659,0.7641755076900154,0.8676265939179044,0.9427944106317018,0.16136667132377625,0.07029999792575836,0.03370000049471855,0.052000001072883606,0.03189999982714653,0.3084000051021576,0.8125183582305908,0.1941000074148178,0.11124999821186066,0.0385500006377697,0.05494999885559082,0.047200001776218414,0.21310000121593475,0.6373414993286133,0.17599999904632568,0.11230000108480453,0.03790000081062317,0.05079999938607216,0.04540000110864639,0.15620000660419464,0.5496031641960144,0.7423139056535,0.7010342321781003,0.24306572011965166,-0.6379811461269929,-0.8625684774246827,0.9230573615053785,1.1539998549442185,2.262670024787171,0.1471633332504084,238_8
8,0.8478748809162084,23.837649463631415,0.7555254660430637,0.7605926585773285,0.9362945461635215,0.1590999960899353,0.07134000211954117,0.03473333269357681,0.04826666787266731,0.031599998474121094,0.2831999957561493,0.7992376089096069,0.19280000030994415,0.10679999738931656,0.04399999976158142,0.058800000697374344,0.05609999969601631,0.24420000612735748,0.6263736486434937,0.17955000698566437,0.08044999837875366,0.03554999828338623,0.049300000071525574,0.031150000169873238,0.31380000710487366,0.8193941116333008,0.989123322513527,0.7143404856716813,0.34169933910749295,0.8125754020361272,-0.8256006223908811,-0.947343219125186,4.085345992605479,0.6222391337451789,0.305567229488302,238_8
8,0.012172172099818468,23.672359451353422,0.9152928014999112,0.928449970488682,0.9632139419360932,0.1590999960899353,0.07000000029802322,0.03610000014305115,0.05180000141263008,0.032499998807907104,0.30820000171661377,0.809216320514679,0.15559999644756317,0.08290000259876251,0.029650000855326653,0.042399998754262924,0.031550001353025436,0.21789999306201935,0.7470434904098511,0.15929999947547913,0.07609999924898148,0.033799998462200165,0.0502999983727932,0.03280000016093254,0.27630001306533813,0.7877709269523621,0.9180249342368543,0.41456207050537464,0.2422873065481032,0.8728330019152005,0.35328740516513013,0.7517937073460692,2.3728308673316514,0.509818695740955,0.2226304077210818,236_0
8,0.11520893518832764,23.920204638241998,0.9383915798510644,0.9156888083000047,0.9570773179983862,0.19425000250339508,0.08320000022649765,0.037300001829862595,0.05934999883174896,0.03424999862909317,0.3246999979019165,0.8091656565666199,0.1887499988079071,0.10294999927282333,0.04075000062584877,0.05920000001788139,0.04170000180602074,0.24195000529289246,0.7059756517410278,0.18619999289512634,0.08510000258684158,0.03750000149011612,0.056699998676776886,0.03689999878406525,0.27649998664855957,0.7645182013511658,1.1721060017327558,0.35285017519614853,0.28533555156015145,0.7171692232772243,-0.3507512910669454,0.05135917090701089,2.5019561349881023,0.7710645053928524,0.8294895295569379,239_1
8,0.8471562286889132,23.365405118769786,0.7907635210247265,0.7839377042603761,0.854572514371709,0.1477999985218048,0.07020000368356705,0.04010000079870224,0.052299998700618744,0.03350000083446503,0.2644999921321869,0.7751677632331848,0.24089999496936798,0.17235000431537628,0.052149999886751175,0.06345000118017197,0.07015000283718109,0.22554999589920044,0.525532603263855,0.19249999523162842,0.09014999866485596,0.030700000002980232,0.05144999921321869,0.03180000185966492,0.3560999929904938,0.836040198802948,1.0168080008623972,0.6587409971976055,0.4883406251605448,-0.07087471251987222,-0.6287874205553036,-0.6560769699279374,1.3709857410454893,1.6417305104478372,0.3335396283988063,233_8
8,0.9635778895108036,23.64181673169336,0.8159732130353555,0.8786537132008345,0.9402367079411242,0.14135000109672546,0.05939999967813492,0.02810000069439411,0.03959999978542328,0.029100000858306885,0.30140000581741333,0.8239032030105591,0.1785999983549118,0.10324999690055847,0.033149998635053635,0.04544999822974205,0.03884999826550484,0.2079000025987625,0.6851063966751099,0.19625000655651093,0.09000000357627869,0.026799999177455902,0.044199999421834946,0.027400000020861626,0.3598499894142151,0.8584893345832825,0.8075483084450342,0.6163856282592988,0.28069508415534733,0.6880080578628329,0.22008379443181186,-0.11941642981345899,1.6610879668135472,0.8120557029174077,0.9012665019715116,236_9
8,0.998073196420993,23.925864024531954,0.9530880369703725,0.8836483915851135,0.9690683082439091,0.1500999927520752,0.06589999794960022,0.032499998807907104,0.046300001442432404,0.03220000118017197,0.26660001277923584,0.7844712138175964,0.1688999980688095,0.09014999866485596,0.040699999779462814,0.05009999871253967,0.041600000113248825,0.18019999563694,0.6248872876167297,0.1506499946117401,0.0689999982714653,0.02995000034570694,0.04645000025629997,0.029899999499320984,0.21209999918937683,0.7528925538063049,1.5842930659973118,0.30751718839861764,0.20851750468308822,0.8844817769189043,0.08227512490436031,0.4213808609174812,3.066305317273126,0.48541418457807745,0.6595224243970287,239_9
8,0.8590139904392906,23.854088633330804,0.9567131844271887,0.9445951440023734,0.9737654678404973,0.18035000562667847,0.07864999771118164,0.038624998182058334,0.053300000727176666,0.032600000500679016,0.30660000443458557,0.8077830076217651,0.20489999651908875,0.1136000007390976,0.03620000183582306,0.05209999904036522,0.041600000113248825,0.2651999890804291,0.7288135290145874,0.18950000405311584,0.08699999749660492,0.03290000185370445,0.04690000042319298,0.029200000688433647,0.305400013923645,0.8254632353782654,1.1325118745182141,0.29530581687790547,0.2231398610229972,0.6931438247309891,-0.6228648817262376,-0.0826727392156709,2.786735029736484,0.8049547876912765,0.6144273174119883,238_8
8,0.855151234717578,23.701734361144133,0.9341832616651007,0.9504748408805592,0.9676427919879986,0.13760000467300415,0.05990000069141388,0.028349999338388443,0.04410000145435333,0.02930000051856041,0.296999990940094,0.8204106688499451,0.1467999964952469,0.07460000365972519,0.027400000020861626,0.036400001496076584,0.026200000196695328,0.18440000712871552,0.7511870861053467,0.12729999423027039,0.0575999990105629,0.019500000402331352,0.029100000858306885,0.021400000900030136,0.20520000159740448,0.8111209273338318,0.8662482589161798,0.36483327188165293,0.21602821837593814,0.8684960454675665,0.7155598573022925,0.959403116573213,1.4911631278709307,0.5186361436788063,0.15227338888992445,237_8
8,0.9101281301056918,23.589265287572367,0.8119507457058556,0.8329467537180345,0.9417984053393238,0.13940000534057617,0.06019999831914902,0.02889999933540821,0.03959999978542328,0.02810000069439411,0.2393999993801117,0.7899065613746643,0.2198999971151352,0.13449999690055847,0.032999999821186066,0.04800000041723251,0.04520000144839287,0.1889999955892563,0.6140050888061523,0.17225000262260437,0.07779999822378159,0.024550000205636024,0.03959999978542328,0.027650000527501106,0.24995000660419464,0.8007925152778625,0.9407589743968644,0.6233100507504137,0.3151888892895152,0.8954522586094499,-0.1238272459628993,0.0925041653805338,3.673873320222417,0.46135020807469507,0.8808651665136018,235_9
8,0.9083314995374536,23.837379969046182,0.45463951749548914,0.9268823888602865,0.5965115126069426,0.15839999914169312,0.06849999725818634,0.036400001496076584,0.04749999940395355,0.032099999487400055,0.2662000060081482,0.7847804427146912,0.15569999814033508,0.07259999960660934,0.03819999843835831,0.048700001090765,0.03709999844431877,0.26440000534057617,0.7538971900939941,0.2361000031232834,0.1459999978542328,0.051600001752376556,0.07370000332593918,0.07180000096559525,0.23800000548362732,0.5364751219749451,0.350169525140092,1.098828883813418,0.3197408898980589,-0.8673766503848894,0.9232868011273333,-0.6414910122777451,0.15043487173995562,2.620702729287837,0.21216931172045966,238_9
8,0.8505698267685684,23.580821123901643,0.9223270070467972,0.9120222631079252,0.9212407743687144,0.13529999554157257,0.061500001698732376,0.03824999928474426,0.048250000923871994,0.0333000011742115,0.27035000920295715,0.7806685566902161,0.1813499927520752,0.11190000176429749,0.02979999966919422,0.03954999893903732,0.03474999964237213,0.18095000088214874,0.6777932643890381,0.164000004529953,0.08500000089406967,0.02745000086724758,0.039250001311302185,0.026350000873208046,0.25220000743865967,0.8108059763908386,1.0652119822794222,0.39673636184590066,0.35396355292876125,0.546056993609266,0.09650911165813973,0.6578870651438312,1.4843101989348324,0.9931460218513967,0.6847094033171844,235_8
8,0.535261162042616,23.78204374754442,0.516453473001024,0.9278128691815659,0.7354049255299291,0.15732499957084656,0.06962499767541885,0.04177499935030937,0.058933332562446594,0.037700001150369644,0.3049499988555908,0.7799503803253174,0.15330000221729279,0.0738999992609024,0.031166667118668556,0.04500000178813934,0.033399999141693115,0.25679999589920044,0.7698138952255249,0.21236667037010193,0.13314999639987946,0.043779999017715454,0.0575999990105629,0.05365833267569542,0.2134000062942505,0.5981526970863342,0.37184388880639574,1.028092187265605,0.22276985920928524,-0.5050486081800258,0.043613051053228095,-0.6301175012061048,0.7271423062135086,2.100234609914666,0.7083128138426609,237_5
8,0.953876084442312,23.402236045418682,0.8065146970799537,0.8777115173961573,0.9326464672372634,0.1246500015258789,0.05490000173449516,0.031199999153614044,0.039799999445676804,0.02954999916255474,0.23465000092983246,0.7763058543205261,0.17569999396800995,0.12770000100135803,0.026000000536441803,0.03500000014901161,0.039900001138448715,0.15209999680519104,0.5843749642372131,0.18250000476837158,0.0848499983549118,0.030500000342726707,0.04639999940991402,0.027899999171495438,0.2982499897480011,0.8289130926132202,0.7900093947601878,0.6325633060117134,0.29171325759366634,0.5913115144080983,0.4015283618404402,0.11242068814895942,1.2339796281949102,0.9381121590296799,0.9026331107193295,234_9
8,0.8290102599496993,23.357679607326354,0.9226204579583074,0.9518795825874206,0.9585466992037633,0.13934999704360962,0.06369999796152115,0.037700001150369644,0.05000000074505806,0.03280000016093254,0.27355000376701355,0.785865843296051,0.14055000245571136,0.06644999980926514,0.025450000539422035,0.04104999825358391,0.03009999915957451,0.2552500069141388,0.7890310287475586,0.1404999941587448,0.06544999778270721,0.029899999499320984,0.04565000161528587,0.0320499986410141,0.259550005197525,0.7801783680915833,0.7866248574265072,0.39597624386264346,0.2248511798019211,0.838955058300238,0.7132859126112215,0.9766562794089325,1.3496214862015918,0.5754360962800028,0.09023362268664702,233_8
8,0.0829594164884373,23.651608368290262,0.9275206405249453,0.8570219926355479,0.932097852643255,0.17080000042915344,0.07284999638795853,0.035599999129772186,0.052299998700618744,0.03125,0.29580000042915344,0.8088977336883545,0.20340000092983246,0.1168999969959259,0.04639999940991402,0.060100000351667404,0.05559999868273735,0.23680000007152557,0.6196990609169006,0.19099999964237213,0.09179999679327011,0.03674999997019768,0.0596500001847744,0.03884999826550484,0.2806999981403351,0.7568455934524536,1.4131379380615712,0.38307239375816693,0.36164765289634326,0.03558829036597788,-0.9225713633328935,0.062380028205618124,1.788358660279845,1.535200519892566,0.37387847300241844,236_0
8,0.6101806567381836,23.977067995726763,0.8604508716888088,0.7561868043240699,0.9468927145254072,0.16885000467300415,0.0742499977350235,0.03985000029206276,0.054349999874830246,0.03709999844431877,0.28679999709129333,0.7709169387817383,0.21404999494552612,0.120899997651577,0.05714999884366989,0.07604999840259552,0.06584999710321426,0.2897000014781952,0.6295879483222961,0.2045000046491623,0.09565000236034393,0.037700001150369644,0.05615000054240227,0.03454999998211861,0.38760000467300415,0.8363140821456909,1.3342195593615502,0.5346424426530411,0.30030325008062014,0.16099212124648388,-0.15025480239990432,-0.019888350460366258,1.221788151841287,1.4091005222494908,0.9886376986663765,239_6
8,0.9325860122086791,23.967096696073035,0.8426189675073954,0.8587938384092361,0.9134218773987647,0.1728000044822693,0.07275000214576721,0.03290000185370445,0.04904999956488609,0.02944999933242798,0.3246999979019165,0.8336862921714783,0.2397499978542328,0.13819999992847443,0.04019999876618385,0.0575999990105629,0.05445000156760216,0.24650000035762787,0.6381458640098572,0.21250000596046448,0.10450000315904617,0.04170000180602074,0.06875000149011612,0.04805000126361847,0.3564000129699707,0.7623933553695679,0.9458691867677963,0.5686680937231843,0.37184390711902926,-0.21790263769489504,-0.8370026806649373,0.37682368787886045,1.431239447492144,1.7904612781242109,0.5096425771546511,239_9
8,0.11188516863708564,23.652596515102793,0.7588868259198803,0.8105776653199217,0.8963987124107621,0.1712999939918518,0.07440000027418137,0.03514999896287918,0.050200000405311584,0.032749999314546585,0.30320000648498535,0.8050305247306824,0.22179999947547913,0.13670000433921814,0.04259999841451645,0.05490000173449516,0.05249999836087227,0.20800000429153442,0.5969290137290955,0.21649999916553497,0.09839999675750732,0.03550000116229057,0.054499998688697815,0.031599998474121094,0.3472000062465668,0.8331573605537415,0.882210283647122,0.7091942790192804,0.3955092651918561,0.4220137474503145,-0.9552508267705017,-0.4196604758735547,2.503061871405122,1.135130917867722,0.2952343972323613,236_1
8,0.1053274670630131,23.686283338257276,0.9553473429688198,0.9699271901603514,0.9712851077743294,0.1589999943971634,0.06764999777078629,0.031849998980760574,0.04774999991059303,0.02930000051856041,0.29649999737739563,0.8201350569725037,0.19009999930858612,0.09369999915361404,0.0430000014603138,0.05920000001788139,0.04450000077486038,0.2791999876499176,0.7250540256500244,0.1818999946117401,0.07840000092983246,0.0340999998152256,0.05739999935030937,0.03290000185370445,0.3619999885559082,0.8333755135536194,0.8196498142067771,0.299963269896968,0.1907606757505323,0.5739820673208943,-0.7734016265716979,-0.23176458487256374,2.558780957019297,0.9594358187184879,0.5785553936786806,236_1
8,0.5370577926108542,23.348516791428338,0.8872375487439325,0.9384757754278105,0.9541335492618774,0.1331000030040741,0.06480000168085098,0.03519999980926514,0.040800001472234726,0.029600000008940697,0.23270000517368317,0.774304211139679,0.16869999468326569,0.12049999833106995,0.04560000076889992,0.056699998676776886,0.05130000039935112,0.21940000355243683,0.6209826469421387,0.13609999418258667,0.06440000236034393,0.02889999933540821,0.04100000113248825,0.02410000003874302,0.2248000055551529,0.8063479065895081,0.735402169881293,0.4794743190143847,0.22341601237297434,0.9425716116528399,-0.20814201093690737,-0.4083930100326796,5.228246185783978,0.3405484832328764,0.7436580548855547,233_5
8,0.9256689845209589,23.990542724988558,0.7091480448844018,0.8466702126958241,0.9574849418960352,0.1606999933719635,0.0738999992609024,0.03819999843835831,0.052400000393390656,0.03819999843835831,0.25839999318122864,0.7424140572547913,0.17970000207424164,0.09139999747276306,0.042500000447034836,0.05689999833703041,0.0478999987244606,0.21480000019073486,0.6353254914283752,0.19140000641345978,0.09860000014305115,0.03849999979138374,0.06289999932050705,0.04699999839067459,0.25220000743865967,0.6858288645744324,0.7170543017440745,0.782507197726257,0.1633035114995393,-0.20758637513413647,0.24312475532284947,0.7309013022299259,0.7445406622506145,1.7799032653533662,0.5503235010632432,239_9
8,0.9592659761470301,23.781953916016008,0.8996195735204323,0.8469938302202699,0.9374857678877534,0.16155000030994415,0.0669500008225441,0.033649999648332596,0.04924999922513962,0.03500000014901161,0.3239000141620636,0.8049595952033997,0.14835000038146973,0.07129999995231628,0.033149998635053635,0.04340000078082085,0.03099999949336052,0.18459999561309814,0.7124304175376892,0.1412999927997589,0.05999999865889549,0.023250000551342964,0.03525000065565109,0.02459999918937683,0.2321999967098236,0.8084112405776978,1.2403035975505141,0.4518987851564721,0.34792523174768497,0.650171367242869,0.21670161034707092,0.8112207921523611,1.5670720404089595,0.8629863655800379,0.41792790408655844,237_9
8,0.7193259637587062,23.917240197804404,0.9446842702234568,0.9471019736442421,0.9675196015609885,0.16599999368190765,0.0738999992609024,0.031700000166893005,0.047200001776218414,0.03150000050663948,0.29739999771118164,0.8084524273872375,0.1699499934911728,0.09650000184774399,0.0369499996304512,0.04874999821186066,0.036649998277425766,0.2378000020980835,0.7329204082489014,0.17499999701976776,0.0803999975323677,0.03359999880194664,0.048500001430511475,0.03060000017285347,0.2946000099182129,0.8118081092834473,0.9777011721082278,0.3341657085808227,0.23177577351965967,0.9709587852934459,0.26942925811551344,0.23133768938196309,5.372721023914193,0.24159006153605897,0.9546743941676523,239_7
8,0.940581018237344,23.464579126136577,0.8131633928393258,0.9514511538681556,0.8690601702447571,0.13654999434947968,0.05894999951124191,0.04334999993443489,0.05429999902844429,0.03564999997615814,0.29600000381469727,0.7850143313407898,0.1830500066280365,0.11940000206232071,0.03629999980330467,0.04944999888539314,0.047850001603364944,0.2094999998807907,0.6281328797340393,0.17204999923706055,0.07699999958276749,0.028200000524520874,0.04520000144839287,0.03099999949336052,0.33160001039505005,0.8290126919746399,0.5036457768784542,0.6212296135935402,0.2605554541056534,0.18084497973567237,-0.5135575552463297,-0.5120073746306281,1.5192201691469376,1.3889507976329292,0.7447459297924812,234_9
8,0.8455392611774979,23.838907105029186,0.8409749968404486,0.8722186660825009,0.9433549336967222,0.14686666429042816,0.06679999828338623,0.03759999945759773,0.05094999819993973,0.03462500125169754,0.268533319234848,0.7715715169906616,0.18095000088214874,0.09780000150203705,0.039900001138448715,0.05784999951720238,0.0471000000834465,0.2687000036239624,0.7017099261283875,0.1712000072002411,0.08150000125169754,0.032499998807907104,0.049800001084804535,0.03359999880194664,0.3140000104904175,0.8066743612289429,0.8939372262036201,0.5717136539786686,0.29804035006895163,0.5283205193709809,-0.347590305782024,-0.8304472839977012,1.898879525350842,1.0141750635979108,0.5466548293705353,238_8
8,0.05942355604450533,23.631396274397574,0.9899903982158106,0.9830856949261374,0.9833112028452665,0.18185000121593475,0.07715000212192535,0.03505000099539757,0.05025000125169754,0.031050000339746475,0.32850000262260437,0.8272840976715088,0.18619999289512634,0.10339999943971634,0.03720000013709068,0.051899999380111694,0.04639999940991402,0.25519999861717224,0.692307710647583,0.19460000097751617,0.08855000138282776,0.03125,0.051600001752376556,0.03474999964237213,0.35179999470710754,0.8202043771743774,1.3006780455173261,0.14160752231911422,0.1686887600900714,0.8648522638186834,-0.8444618932126162,-0.6295407633640256,4.898571186698729,0.52594030944425,0.496561966050098,236_0
8,0.7187869745882338,23.917240197804404,0.700472528872387,0.8244389098860475,0.9476761155803058,0.16529999673366547,0.0746999979019165,0.03550000116229057,0.046300001442432404,0.030500000342726707,0.25440001487731934,0.7858898043632507,0.19599999487400055,0.11050000041723251,0.0414000004529953,0.053599998354911804,0.045499999076128006,0.20999999344348907,0.6438356041908264,0.1976500004529953,0.10535000264644623,0.03894999995827675,0.05380000174045563,0.04729999974370003,0.25270000100135803,0.6846666932106018,0.7569627418581626,0.794736942657147,0.22640621880436207,-0.5982357626658246,-0.3283467311787186,0.9028449726400882,0.8613327886082841,2.2120939578793846,0.33916167771022787,239_7
8,0.05493197962390717,23.76290963199267,0.9582430048124218,0.9663176292914285,0.9750000588009134,0.15584999322891235,0.06714999675750732,0.03344999998807907,0.04560000076889992,0.029133332893252373,0.2624666690826416,0.8001828789710999,0.16345000267028809,0.08032499998807907,0.036933332681655884,0.046149998903274536,0.03826666623353958,0.1944500058889389,0.6711308360099792,0.1589999943971634,0.06750000268220901,0.030899999663233757,0.043299999088048935,0.028300000354647636,0.2721000015735626,0.8115845322608948,0.8975122181623262,0.290003044899661,0.19190625958717858,0.9788377732826993,0.46612270704038056,0.37628962384049436,5.268931297731126,0.20609362333786968,0.7937370692764437,237_0
8,0.674679694137966,23.399181773452675,0.9325293880847001,0.9580305481537063,0.9440896224073759,0.1298000067472458,0.05770000070333481,0.026499999687075615,0.03880000114440918,0.027899999171495438,0.25189998745918274,0.800571858882904,0.15929999947547913,0.09709999710321426,0.033399999141693115,0.03959999978542328,0.03830000013113022,0.16249999403953552,0.6185258626937866,0.15119999647140503,0.06599999964237213,0.02810000069439411,0.041099999099969864,0.02879999950528145,0.27959999442100525,0.8132295608520508,0.7869868063007657,0.36944087501871126,0.24993002984135668,0.9745324498621192,0.49839827203916826,0.35082453613541886,4.638311888487313,0.2261698021148986,0.6243523530132534,233_6
8,0.8559597184732848,23.588456803816662,0.8244097763244582,0.7969439569349087,0.9306953435382038,0.16060000658035278,0.07050000131130219,0.029500000178813934,0.04659999907016754,0.02800000086426735,0.3327000141143799,0.8447463512420654,0.24580000340938568,0.15639999508857727,0.04170000180602074,0.05209999904036522,0.05609999969601631,0.2709999978542328,0.6569856405258179,0.17980000376701355,0.07750000059604645,0.03020000085234642,0.05364999920129776,0.03164999932050705,0.37400001287460327,0.8439541459083557,1.0780197518854142,0.601637730424019,0.3620197177652033,0.8586577596733398,-0.7166475857884451,-0.49876660417145663,4.40355797875168,0.5381511803341626,0.6592986425226064,235_8
8,0.8432934729671988,23.659962700432573,0.9059711137629174,0.8975521274829823,0.942535515855331,0.17755000293254852,0.07490000128746033,0.03480000048875809,0.05090000107884407,0.032249998301267624,0.3813999891281128,0.844071090221405,0.2434999942779541,0.1404000073671341,0.05115000158548355,0.062950000166893,0.06485000252723694,0.23649999499320984,0.569603443145752,0.22280000150203705,0.1005999967455864,0.03280000016093254,0.05959999933838844,0.031599998474121094,0.40290001034736633,0.8545454740524292,1.044568585389549,0.4371282705914155,0.3178037153334491,0.7646480526569881,-0.6784276260730377,-0.248774681538552,3.3077428274840277,0.7003012955379487,0.6035122705067825,236_8
8,0.9997799954608197,23.692212219132465,0.9386732812225392,0.9250140152229034,0.9249950229712316,0.12620000541210175,0.05270000174641609,0.022099999710917473,0.03180000185966492,0.02329999953508377,0.21819999814033508,0.8070393204689026,0.1817999929189682,0.11379999667406082,0.032099999487400055,0.040300000458955765,0.03359999880194664,0.17440000176429749,0.6769230961799622,0.16169999539852142,0.06849999725818634,0.026799999177455902,0.03739999979734421,0.022700000554323196,0.2565999925136566,0.8374507427215576,1.1070627668076707,0.35203410092674076,0.34249101053463155,0.9526278270988751,0.5729885004432961,0.4921379229055965,3.108553746362086,0.3090339508314609,0.8003132215621533,236_9
8,0.8701530999623728,23.629689475357743,0.9546004317092723,0.9440985944393965,0.9660690120515266,0.13734999299049377,0.05874999985098839,0.028550000861287117,0.041200000792741776,0.028950000181794167,0.27720001339912415,0.8108770251274109,0.1371999979019165,0.06729999929666519,0.031599998474121094,0.0421999990940094,0.0357000008225441,0.2093999981880188,0.708690345287323,0.13175000250339508,0.05609999969601631,0.027049999684095383,0.042100001126527786,0.02850000001490116,0.26194998621940613,0.8037527799606323,1.1106386604893854,0.30248077279082863,0.24761149941898103,0.9919439302542244,0.7936186041897474,0.8384632904554652,5.149329950787704,0.12701897301944498,0.45449795693112216,236_8
8,0.8321543634441166,23.368010233093727,0.8233042713734595,0.862790982736507,0.9449320852403352,0.13760000467300415,0.06260000169277191,0.028300000354647636,0.04439999908208847,0.026399999856948853,0.2635999917984009,0.817931056022644,0.19259999692440033,0.12129999697208405,0.04390000179409981,0.05635000020265579,0.05469999834895134,0.23604999482631683,0.6237317323684692,0.1454000025987625,0.07175000011920929,0.031950000673532486,0.04740000143647194,0.029200000688433647,0.32440000772476196,0.8348416090011597,0.8781348713360497,0.6035881728585752,0.29115270105034974,0.8740164346377477,-0.7595036700516641,-0.884570544139833,4.795824894615858,0.5073884391055975,0.46556266674423197,233_8
8,0.9355504526462735,23.60318917447622,0.7822893516393671,0.874550372708808,0.935656290714792,0.15244999527931213,0.06435000151395798,0.02669999934732914,0.041349999606609344,0.0284000001847744,0.29510000348091125,0.8244203925132751,0.1695999950170517,0.0843999981880188,0.028300000354647636,0.04540000110864639,0.032600000500679016,0.26919999718666077,0.7839629054069519,0.16359999775886536,0.07580000162124634,0.027000000700354576,0.0430000014603138,0.03060000017285347,0.24150000512599945,0.7750827074050903,0.7528859352526165,0.6724637221327748,0.26859619965575204,0.8991855372263134,0.9421091964430615,0.9707260991630874,0.7549933637072738,0.4528917281318897,0.18068443688513985,236_9
8,0.6603964811204648,23.57462274844122,0.757217051673705,0.9536437504813237,0.8064595593833797,0.14839999377727509,0.0640999972820282,0.04820000007748604,0.053700000047683716,0.03610000014305115,0.3208000063896179,0.797702431678772,0.17839999496936798,0.09309999644756317,0.03550000116229057,0.04650000110268593,0.04639999940991402,0.24695000052452087,0.6836543679237366,0.18504999577999115,0.0986500009894371,0.03584999963641167,0.04814999923110008,0.04450000077486038,0.2860499918460846,0.7307517528533936,0.42946822718786093,0.7117545234722066,0.27182446237737307,-0.3467234418610434,-0.38786144223260255,0.7201796406735195,1.0229805862636165,1.9248719112578139,0.6779714980155443,235_6
8,0.836915434449951,23.362710172917424,0.8487016949237727,0.8662477239035469,0.9294063603431739,0.14100000262260437,0.0645499974489212,0.03060000017285347,0.042149998247623444,0.028200000524520874,0.2493000030517578,0.7967567443847656,0.15690000355243683,0.0839499980211258,0.027650000527501106,0.03914999961853027,0.029650000855326653,0.18780000507831573,0.7272936105728149,0.15940000116825104,0.07329999655485153,0.029400000348687172,0.04190000146627426,0.029100000858306885,0.26919999718666077,0.8048943877220154,0.9387788006060702,0.557270747547953,0.3387522169050386,0.960161843388934,0.8358372793356047,0.8088553942743039,2.0519360625962473,0.28321552319539944,0.5485117494130833,233_8
8,0.836915434449951,23.362800004445837,0.8502926053490505,0.864128791797908,0.9245891700187473,0.14730000495910645,0.0681999996304512,0.026399999856948853,0.03700000047683716,0.026799999177455902,0.23090000450611115,0.7920061945915222,0.18619999289512634,0.10540000349283218,0.026799999177455902,0.03849999979138374,0.03370000049471855,0.1826000064611435,0.6883957386016846,0.17149999737739563,0.08015000075101852,0.027249999344348907,0.038350000977516174,0.026850000023841858,0.26965001225471497,0.8188869953155518,0.9515102584925834,0.5542553263952702,0.3509916195693297,0.9385692620173308,0.7334301212252382,0.669158468505203,2.1213918490056543,0.3523356500978873,0.6774801857520673,233_8
8,0.8635055668598888,23.83091209900052,0.8492602086471639,0.8309616641988906,0.9752806892803333,0.1868250072002411,0.08518332988023758,0.0367249995470047,0.052400000393390656,0.036375001072883606,0.2744666635990143,0.7659580111503601,0.22390000522136688,0.12389999628067017,0.04560000076889992,0.0625,0.05510000139474869,0.28139999508857727,0.6725111603736877,0.23180000483989716,0.1354999989271164,0.0414000004529953,0.05640000104904175,0.05310000106692314,0.22859999537467957,0.6230031847953796,1.060675367262785,0.5562138036335422,0.22091068366367042,-0.6217395491998478,-0.731819459327713,0.8527185475611518,1.0669234423159784,2.241758088269094,0.454515432849507,238_8
8,0.9984325225346407,23.740182255304447,0.680929244585638,0.9281265232474245,0.8227282184816092,0.13099999725818634,0.05689999833703041,0.026799999177455902,0.03680000081658363,0.02879999950528145,0.2513999938964844,0.794432520866394,0.1404999941587448,0.06289999932050705,0.030050000175833702,0.039500001817941666,0.025849999859929085,0.2606000006198883,0.8195147514343262,0.1858000010251999,0.09870000183582306,0.04320000112056732,0.05400000140070915,0.04859999939799309,0.31150001287460327,0.7300750017166138,0.4641811860642978,0.8217655848939727,0.2659838324719831,-0.620354550673926,0.980819606907452,-0.6290688270985468,0.08757781231204048,2.2399909968503944,0.19313776574357883,237_9
8,0.8706022576044337,23.58477371115177,0.759385736743077,0.8120255113780064,0.8587085568041514,0.14499999582767487,0.06599999964237213,0.03290000185370445,0.04600000008940697,0.03319999948143959,0.27889999747276306,0.7872476577758789,0.19480000436306,0.12690000236034393,0.0406000018119812,0.05260000005364418,0.06030000001192093,0.1964000016450882,0.5301908850669861,0.17880000174045563,0.08590000122785568,0.031950000673532486,0.048650000244379044,0.037300001829862595,0.31200000643730164,0.7864300012588501,0.8796689458850278,0.7084278224638924,0.4496628569969494,0.6860610403538392,-0.5275626032803927,-0.648982060340347,2.610081236542344,0.8147352423245056,0.7523426466987931,235_8
8,0.6407233763982472,23.01524182101999,0.8234401119493714,0.8948154495927026,0.9247394998020013,0.13609999418258667,0.061400000005960464,0.02500000037252903,0.03629999980330467,0.022199999541044235,0.2606000006198883,0.8429985642433167,0.19830000400543213,0.10989999771118164,0.04100000113248825,0.05869999900460243,0.054099999368190765,0.28290000557899475,0.6789317727088928,0.1680999994277954,0.0746999979019165,0.028999999165534973,0.04470000043511391,0.02810000069439411,0.29429998993873596,0.8256824016571045,0.7670168166873161,0.6033488069381009,0.29937459126382965,0.9495279680781927,-0.8969408825679975,-0.9047004717341489,8.410721485248173,0.3190686813650608,0.4085547491243317,230_6
8,0.9527082745729576,23.62888099160204,0.9532651390549961,0.9486395059658981,0.9719640571211411,0.15369999408721924,0.06620000302791595,0.02669999934732914,0.03779999911785126,0.029500000178813934,0.2685999870300293,0.8020798563957214,0.15845000743865967,0.09224999696016312,0.027899999171495438,0.03680000081658363,0.028850000351667404,0.1757500022649765,0.7179862856864929,0.16259999573230743,0.06700000166893005,0.022700000554323196,0.033399999141693115,0.022099999710917473,0.22849999368190765,0.8236232995986938,1.048732191629228,0.3069315607387239,0.22346250937484374,0.9659123118985484,0.7722580720654955,0.8602168424500332,2.6290025632096956,0.26185159830782384,0.4568601323534673,236_9
8,0.9077026788385698,23.75078237565706,0.8897487792602168,0.8761374423021577,0.9460640181422545,0.13124999403953552,0.05705000087618828,0.02775000035762787,0.0393499992787838,0.026750000193715096,0.22699999809265137,0.7891625761985779,0.1906999945640564,0.11379999667406082,0.047850001603364944,0.05705000087618828,0.05245000123977661,0.22750000655651093,0.6252902150154114,0.16750000417232513,0.07370000332593918,0.03790000081062317,0.053700000047683716,0.03269999846816063,0.31200000643730164,0.810269832611084,1.0611900079916512,0.47400183171882637,0.31510369469148686,0.4230740696910239,-0.5691292955475437,-0.7257147229050555,1.9191513740264114,1.1339610263603606,0.6242323782131778,237_9
8,0.7984675402896357,23.388940979213714,0.731014805443327,0.8026041436462866,0.914032164779731,0.15074999630451202,0.07289999723434448,0.02879999950528145,0.04464999958872795,0.027950000017881393,0.2881999909877777,0.8231852054595947,0.19499999284744263,0.12849999964237213,0.050200000405311584,0.05959999933838844,0.0658000037074089,0.25619998574256897,0.5913043022155762,0.18045000731945038,0.10034999996423721,0.0393499992787838,0.05494999885559082,0.045899998396635056,0.2554999887943268,0.6954213380813599,0.8510760697085553,0.7509883624594109,0.3545866062902613,-0.6875639808239219,-0.8919087160339019,0.883195292286649,1.147458447398542,2.328925201377158,0.2574606199050639,233_7
8,0.7650502117203892,23.711256503155802,0.8378927878713434,0.8391397338231338,0.9233279240631581,0.1467999964952469,0.06319999694824219,0.02810000069439411,0.04619999974966049,0.026799999177455902,0.3034000098705292,0.8376741409301758,0.16140000522136688,0.08784999698400497,0.04205000028014183,0.055149998515844345,0.05900000035762787,0.1973000019788742,0.5396020412445068,0.1776999980211258,0.0843999981880188,0.03099999949336052,0.04899999871850014,0.029200000688433647,0.36559998989105225,0.8520770072937012,0.9960364471809467,0.5773851521467585,0.3647876830263,0.7719123782708479,-0.5292371323472324,-0.8633353324174453,3.0894693050411552,0.6889524782540702,0.456166675093471,237_7
8,0.8353882984669472,23.359476237894597,0.7015018074998806,0.824354748365939,0.8748550660948581,0.14159999787807465,0.06530000269412994,0.026200000196695328,0.03849999979138374,0.02810000069439411,0.2603999972343445,0.8051993250846863,0.2094999998807907,0.1340000033378601,0.032099999487400055,0.042399998754262924,0.048700001090765,0.1818999946117401,0.5776235461235046,0.19744999706745148,0.09165000170469284,0.033149998635053635,0.04755000025033951,0.028449999168515205,0.3398999869823456,0.8455273509025574,0.7585273184024192,0.7932937056043166,0.38375472690204226,0.46153529153425454,-0.001663325650631986,-0.40373306398734476,1.441207102858919,1.091071262480749,0.8908782881400379,233_8
8,0.4632162762562295,23.648643927852667,0.8589685943699237,0.8799371035391264,0.9668525644692597,0.14544999599456787,0.0645499974489212,0.037300001829862595,0.04774999991059303,0.03175000101327896,0.26194998621940613,0.7837929725646973,0.19840000569820404,0.12364999949932098,0.03784999996423721,0.04805000126361847,0.05034999921917915,0.19820000231266022,0.5948501229286194,0.18209999799728394,0.08100000023841858,0.03400000184774399,0.04749999940395355,0.0284000001847744,0.34630000591278076,0.848412036895752,0.9209778937271785,0.5375444236082532,0.23637345725837597,0.42037684680510884,-0.379743410191055,-0.7723500849939948,1.724209387349904,1.1369357196473073,0.6322913107366028,236_4
8,0.9050077329862098,23.531593446331897,0.948145665797661,0.9495308552103631,0.961874990085291,0.1420000046491623,0.059700001031160355,0.032249998301267624,0.04479999840259552,0.0320499986410141,0.30869999527931213,0.8118855357170105,0.16734999418258667,0.08500000089406967,0.028750000521540642,0.04809999838471413,0.03449999913573265,0.2676500082015991,0.7716366052627563,0.13770000636577606,0.05820000171661377,0.022099999710917473,0.03970000147819519,0.023099999874830246,0.2655999958515167,0.8399723172187805,0.986436989571749,0.32344638391643965,0.24668049412461074,0.8872645855308499,0.7546150181589453,0.9592255141255737,1.4929196246768333,0.47941570735471734,0.1901144401554004,235_9
8,0.9109366138613986,23.572826117872978,0.8750570711498448,0.9214654308718987,0.9326485901010185,0.14560000598430634,0.06260000169277191,0.02710000053048134,0.0430000014603138,0.030500000342726707,0.29510000348091125,0.8126535415649414,0.1386999934911728,0.07750000059604645,0.03009999915957451,0.04089999943971634,0.03629999980330467,0.19099999964237213,0.6805983185768127,0.15219999849796295,0.06629999727010727,0.026399999856948853,0.0421999990940094,0.024299999698996544,0.33399999141693115,0.8643594980239868,0.7896407488075039,0.5052426120623045,0.2877448078240582,0.949053971218123,0.6101736052697828,0.3642281398918208,2.8527267574241684,0.3205763143904894,0.40344953451220283,235_9
8,0.6184451573520828,23.04093363814581,0.8572567866645795,0.9203865468594357,0.9444932730306163,0.15684999525547028,0.06665000319480896,0.028950000181794167,0.04684999957680702,0.031050000339746475,0.3217499852180481,0.8239795565605164,0.14980000257492065,0.06755000352859497,0.034299999475479126,0.046799998730421066,0.036649998277425766,0.19955000281333923,0.6896697878837585,0.15389999747276306,0.06629999727010727,0.030500000342726707,0.046300001442432404,0.030899999663233757,0.2987000048160553,0.8125,0.7427334487795529,0.5408782966846172,0.24838948441561715,0.9784247363894991,0.26961794697735775,0.4439183270216897,6.236354521618894,0.2081023550585074,0.4089828742632222,230_6
8,0.9177638100207073,23.654303314142624,0.7057226963692581,0.7847322418358303,0.8872329435296897,0.14249999821186066,0.06520000100135803,0.03215000033378601,0.041349999606609344,0.030300000682473183,0.22470000386238098,0.7623529434204102,0.18594999611377716,0.10199999809265137,0.02604999952018261,0.03974999859929085,0.037450000643730164,0.16955000162124634,0.638164222240448,0.18240000307559967,0.0940999984741211,0.031599998474121094,0.04470000043511391,0.031599998474121094,0.28850001096725464,0.8025617003440857,0.8490877078088035,0.7873536442117973,0.40337444198585937,0.6205250063880187,0.6039274867102551,0.411522259230285,1.0232891328700453,0.9013843091772479,0.7956588225109027,236_9
8,0.779872413908361,23.710807345513736,0.9019244851409439,0.8232744755994686,0.9575377637412401,0.13375000655651093,0.06199999898672104,0.03150000050663948,0.04414999857544899,0.03395000100135803,0.2312999963760376,0.744015097618103,0.16359999775886536,0.08874999731779099,0.03370000049471855,0.04600000008940697,0.03620000183582306,0.2168000042438507,0.7138339877128601,0.16850000619888306,0.08079999685287476,0.03240000084042549,0.04740000143647194,0.0340999998152256,0.2734000086784363,0.7782114148139954,1.3516620416285552,0.4465914160195815,0.27274910401309244,0.8513038396638974,0.8461512857018839,0.6634521982859583,1.0176409426495843,0.5523309684515565,0.5218000961037943,237_7
8,0.9244113431231931,23.588995792987134,0.9184179672414761,0.9380328196604953,0.9684801955182115,0.1436000019311905,0.06289999932050705,0.02710000053048134,0.041600000113248825,0.03319999948143959,0.2257000058889389,0.7435303330421448,0.16429999470710754,0.08179999887943268,0.032749999314546585,0.05169999971985817,0.04749999940395355,0.23555000126361847,0.6643702387809753,0.14505000412464142,0.062449999153614044,0.024049999192357063,0.04520000144839287,0.024550000205636024,0.32659998536109924,0.8601737022399902,0.8700705377134113,0.40673354495333064,0.2167426353898699,0.7087739168002769,0.6197022425929624,0.036160160865801344,1.1524771797381264,0.783037689492935,0.5380513509963472,235_9
8,0.9299808978847341,23.799291400999515,0.6350405778039709,0.693926767408685,0.9143433137906767,0.1444000005722046,0.05959999933838844,0.03674999997019768,0.048650000244379044,0.030500000342726707,0.26829999685287476,0.7958500385284424,0.21389999985694885,0.11999999731779099,0.03999999910593033,0.06340000033378601,0.04780000075697899,0.22360000014305115,0.6477524042129517,0.23170000314712524,0.10429999977350235,0.038600001484155655,0.0754999965429306,0.041099999099969864,0.3887999951839447,0.808792769908905,0.9106558042851989,0.8827352785492529,0.37745327524892053,-0.5158215611152638,-0.7856928764645319,0.21911408974022079,1.17126817643985,2.1127626873526655,0.579194093505352,237_9
8,0.9541455790275482,23.402325876947096,0.8570006239873734,0.9499864157177296,0.9251540826059714,0.12880000472068787,0.057100001722574234,0.03669999912381172,0.04639999940991402,0.03269999846816063,0.3210499882698059,0.8151236772537231,0.14159999787807465,0.07554999738931656,0.028300000354647636,0.039799999445676804,0.03519999980926514,0.22849999368190765,0.7330299615859985,0.14650000631809235,0.06480000168085098,0.029400000348687172,0.04569999873638153,0.03009999915957451,0.2773999869823456,0.8042276501655579,0.5866609618699056,0.5413756012012242,0.2260864992603088,0.8211317619915273,0.5516702741600877,0.8410638716007155,1.6240080204061496,0.6074051497723869,0.48304982175446903,234_9
8,0.9357301157030982,23.43511438481746,0.9447140243726684,0.9728518985319138,0.9498409560336792,0.14100000262260437,0.06364999711513519,0.0328500010073185,0.050700001418590546,0.030549999326467514,0.2922999858856201,0.8107480406761169,0.13860000669956207,0.06260000169277191,0.026499999687075615,0.04340000078082085,0.02800000086426735,0.2687999904155731,0.8113207221031189,0.14190000295639038,0.06459999829530716,0.04450000077486038,0.05220000073313713,0.03290000185370445,0.3041999936103821,0.8048056960105896,0.6990821791376673,0.3340749776399258,0.21154363533243833,0.6708638936031721,0.9065035842584948,0.36919328661014267,0.5217341082536139,0.8354232165577461,0.27281811034350384,234_9
8,0.855151234717578,23.700386888217956,0.7220882730904816,0.7913753220340389,0.8583544396685332,0.1281999945640564,0.05380000174045563,0.027699999511241913,0.044199999421834946,0.027699999511241913,0.3156000077724457,0.8386251330375671,0.1959500014781952,0.1316000074148178,0.03759999945759773,0.044349998235702515,0.04874999821186066,0.16920000314712524,0.552649736404419,0.17260000109672546,0.07999999821186066,0.030500000342726707,0.04899999871850014,0.030300000682473183,0.34279999136924744,0.8375770449638367,0.8609397557740709,0.7639801397788075,0.4491357557474717,0.8372355572966587,-0.48667876445014435,-0.6926831730135994,3.593368205953556,0.5785881249246542,0.7007888851734674,237_8
8,0.7680146521579836,23.33944380705873,0.8653334621099947,0.8628650634918313,0.9392272313564666,0.17135000228881836,0.07355000078678131,0.034949999302625656,0.05204999819397926,0.030050000175833702,0.32260000705718994,0.8295760750770569,0.20855000615119934,0.12594999372959137,0.04479999840259552,0.06360000371932983,0.0617000013589859,0.2727999985218048,0.6310911774635315,0.17855000495910645,0.09025000035762787,0.031150000169873238,0.045899998396635056,0.032999999821186066,0.32394999265670776,0.8151001334190369,1.0093417999936871,0.5249810047962097,0.3284082010785848,0.7977918594750278,-0.8380920946191288,-0.7788547315592594,3.962735246950676,0.6471723658397361,0.5139809133593232,233_7
8,0.68222554252457,23.752848500810536,0.6876125116164326,0.7393004032252704,0.9193031408822888,0.1573999971151352,0.07075999677181244,0.03433333337306976,0.04650000110268593,0.0348999984562397,0.2630000114440918,0.765693187713623,0.21359999477863312,0.11665000021457672,0.0442500002682209,0.06026666611433029,0.05204999819397926,0.24120000004768372,0.6450127959251404,0.2069000005722046,0.09619999676942825,0.038100000470876694,0.05889999866485596,0.03660000115633011,0.3776000142097473,0.823273777961731,0.9091372664022851,0.8126006146728946,0.3648193258133304,-0.4013780297236032,-0.7833023092537992,-0.212808888609581,1.2454558447522026,1.9838172207679985,0.2347542595914893,237_6
8,0.15455514463276288,23.086208728465436,0.7458566352130557,0.8732324338035192,0.9239411289627614,0.15860000252723694,0.07720000296831131,0.02775000035762787,0.04365000128746033,0.029600000008940697,0.24560000002384186,0.7848837375640869,0.23649999499320984,0.1429000049829483,0.052000001072883606,0.05950000137090683,0.07270000129938126,0.186599999666214,0.43925952911376953,0.19220000505447388,0.08860000222921371,0.029999999329447746,0.04839999973773956,0.029999999329447746,0.3540000021457672,0.84375,0.6982388400709996,0.7289763765656161,0.2644648585320932,0.45110249179993495,-0.6633628067602523,-0.8162999851857229,2.082071411887941,1.1027960493848388,0.47360452838308975,230_1
8,0.9068941950828613,23.720778645167464,0.8865044644793258,0.9577044936876229,0.953363055672699,0.14419999718666077,0.0658000037074089,0.03215000033378601,0.04704999923706055,0.0348999984562397,0.27219998836517334,0.7727124691009521,0.14339999854564667,0.07195000350475311,0.029500000178813934,0.04235000163316727,0.030150000005960464,0.27584999799728394,0.8029412031173706,0.164000004529953,0.0723000019788742,0.02630000002682209,0.04050000011920929,0.024700000882148743,0.2653999924659729,0.8297138810157776,0.6067428610754657,0.4810610247066764,0.1787225154713025,0.8275116128126804,0.9519483168069858,0.9423713722591367,0.5221304565065981,0.5961353122395195,0.1339742661430834,237_9
8,0.8371849290351872,23.362979667502664,0.8970535307376676,0.9231054925936417,0.9503515482836355,0.14079999923706055,0.06449999660253525,0.02889999933540821,0.04259999841451645,0.02969999983906746,0.23579999804496765,0.7762711644172668,0.2313999980688095,0.1582999974489212,0.04010000079870224,0.05469999834895134,0.06129999831318855,0.20329999923706055,0.5366591215133667,0.1850000023841858,0.09104999899864197,0.03164999932050705,0.047200001776218414,0.0320499986410141,0.33550000190734863,0.8256019949913025,0.8623166682268097,0.45774000071870297,0.2670533080929318,0.40465812257566597,-0.5285364206888826,-0.6414544972534629,1.8434307623546347,1.1541913809905597,0.7085389377511431,233_8
8,0.6212299347328543,23.857951389052516,0.9567866635152453,0.9530606781380186,0.9901483415496453,0.16380000114440918,0.06930000334978104,0.03779999911785126,0.05139999836683273,0.03200000151991844,0.29840001463890076,0.8062953948974609,0.16580000519752502,0.08945000171661377,0.040449999272823334,0.051500000059604645,0.04270000010728836,0.19599999487400055,0.6422287225723267,0.15369999408721924,0.07069999724626541,0.02969999983906746,0.04179999977350235,0.025800000876188278,0.23420000076293945,0.8015384674072266,1.042549357349724,0.29505323470453865,0.1386435753036804,0.6188490824471191,-0.2955725634986824,0.15254254852515348,2.070625823571387,0.9035196560216787,0.8545521266025816,238_6
8,0.5957177806638594,23.393252892577486,0.8475646081173343,0.9208668059973386,0.9379723653443558,0.15379999577999115,0.07500000298023224,0.03759999945759773,0.04600000008940697,0.03709999844431877,0.2632000148296356,0.752913773059845,0.18050000071525574,0.09714999794960022,0.038350000977516174,0.053300000727176666,0.039500001817941666,0.24934999644756317,0.7265016436576843,0.16975000500679016,0.07840000092983246,0.031099999323487282,0.04854999855160713,0.0284000001847744,0.3159500062465668,0.8350515365600586,0.7159208844462273,0.5594170762128885,0.25288135640792764,0.45979213475380826,0.22283565105315628,-0.5106745568662242,1.231501059533767,1.0930352179444873,0.6882087819160639,233_5
8,0.8367357713931263,23.362800004445837,0.8021567870045547,0.8065305674731619,0.879764073114753,0.1404999941587448,0.06589999794960022,0.031150000169873238,0.03815000131726265,0.026750000193715096,0.2334499955177307,0.7943889498710632,0.20350000262260437,0.13369999825954437,0.037700001150369644,0.04560000076889992,0.04969999939203262,0.18070000410079956,0.5685763955116272,0.17980000376701355,0.08229999989271164,0.030400000512599945,0.04490000009536743,0.031300000846385956,0.32760000228881836,0.8255781531333923,0.988496071837705,0.6398978001086192,0.4444156666487685,0.608508602476323,-0.08656991777701369,-0.51703715910194,1.8082532260496442,0.9166164992176523,0.8062777716683309,233_8
8,0.8528156149788657,23.5511767195257,0.7410505284321929,0.7027542214340714,0.9124414700464922,0.15974999964237213,0.07150000333786011,0.035100001841783524,0.050700001418590546,0.03215000033378601,0.29980000853538513,0.8062961101531982,0.2406499981880188,0.162650004029274,0.04490000009536743,0.06210000067949295,0.0596500001847744,0.20659999549388885,0.5519248843193054,0.2003999948501587,0.09399999678134918,0.03480000048875809,0.06340000033378601,0.03620000183582306,0.34599998593330383,0.8105703592300415,1.0752171638511174,0.7361627477030197,0.4072866941977711,0.16868020666350875,-0.9927985735677434,-0.2292318293829766,2.156209335339923,1.4013057913139126,0.1020988703934737,235_8
8,0.8405086955864292,23.445983999755306,0.808633394573199,0.8507988118608746,0.9189867433650529,0.13600000739097595,0.06319999694824219,0.02930000051856041,0.04800000041723251,0.029650000855326653,0.2819499969482422,0.8096919059753418,0.19059999287128448,0.12849999964237213,0.03779999911785126,0.048700001090765,0.053199999034404755,0.20649999380111694,0.5902965068817139,0.17350000143051147,0.08649999648332596,0.03220000118017197,0.05000000074505806,0.03200000151991844,0.33169999718666077,0.8240307569503784,0.8796795102512285,0.6289708568816121,0.3492356498041942,0.7128731922538589,-0.49240853674008955,-0.7407157742744572,2.6835118487338256,0.7772096091265572,0.6698949044918375,234_8
8,0.9513608016467785,23.73245674386102,0.7697792284959455,0.6884000297404321,0.8998404837934599,0.14675000309944153,0.06345000118017197,0.028349999338388443,0.045249998569488525,0.031050000339746475,0.29280000925064087,0.8082445859909058,0.193900004029274,0.09960000216960907,0.03370000049471855,0.04989999905228615,0.03880000114440918,0.22429999709129333,0.7050551176071167,0.17059999704360962,0.07069999724626541,0.026799999177455902,0.053599998354911804,0.026799999177455902,0.35760000348091125,0.8605619072914124,1.1722001001107079,0.692301115959742,0.43616760061108223,0.7653492714663278,0.04176136942224783,-0.3298987418593407,2.186778424299673,0.6992125000522126,0.8259247181158941,237_9
8,0.9456115838284127,23.552793687037116,0.821982234319424,0.8766245960171768,0.8948026026721156,0.15919999778270721,0.06984999775886536,0.03085000067949295,0.04334999993443489,0.02954999916255474,0.2906000018119812,0.8153990507125854,0.19539999961853027,0.11729999631643295,0.03550000116229057,0.04729999974370003,0.053300000727176666,0.20919999480247498,0.5939047336578369,0.18960000574588776,0.09049999713897705,0.031599998474121094,0.0471000000834465,0.03530000150203705,0.3156000077724457,0.7988030910491943,0.8284921493911807,0.6059134228233432,0.3713952435275359,0.7693067004153087,-0.37960052246115183,-0.3542356672352147,2.828347243878303,0.6930410655496241,0.9200124528041451,235_9
8,0.9511811385899538,23.604446815873985,0.7043526394559454,0.7843812049338963,0.8867705376381277,0.14480000734329224,0.05950000137090683,0.027699999511241913,0.041099999099969864,0.02694999985396862,0.2743000090122223,0.8210788369178772,0.2176000028848648,0.14069999754428864,0.03449999913573265,0.04769999906420708,0.04280000180006027,0.22789999842643738,0.6837827563285828,0.1835000067949295,0.08685000240802765,0.035100001841783524,0.05350000038743019,0.03765000030398369,0.3183000087738037,0.7884534597396851,0.847726690867081,0.7892855618526713,0.4036970827128456,0.45483981228929,-0.30839710089696293,-0.5172305410484743,1.7151802483169774,1.0986039912631784,0.8518965505738447,236_9
8,0.6259910057386868,23.113337850045845,0.8606680205953973,0.9707621983737069,0.8999927888617054,0.155799999833107,0.07249999791383743,0.03830000013113022,0.04650000110268593,0.030899999663233757,0.28630000352859497,0.8051702380180359,0.16979999840259552,0.07320000231266022,0.04780000075697899,0.05389999970793724,0.039400000125169754,0.26159998774528503,0.7382059693336487,0.16249999403953552,0.07490000128746033,0.0272000003606081,0.04399999976158142,0.026900000870227814,0.3231000006198883,0.8462857007980347,0.45376838925324536,0.5342161171104165,0.203909551142828,0.7279468355175753,0.32263749915721196,-0.3928879690740711,1.6443744262264477,0.7554737068927048,0.24004635288678483,231_6
8,0.04549966914065173,23.95604741807837,0.9510860515748166,0.9365105295762831,0.9806908094526683,0.17685000598430634,0.07654999941587448,0.03525000065565109,0.050700001418590546,0.03150000050663948,0.3558500111103058,0.8373563885688782,0.2134000062942505,0.12514999508857727,0.03994999825954437,0.0568000003695488,0.048250000923871994,0.2825999855995178,0.7083269953727722,0.212349995970726,0.10890000313520432,0.043299999088048935,0.05954999849200249,0.04295000061392784,0.28025001287460327,0.7342203259468079,1.1407044303030112,0.3140636731243654,0.1951796352975202,-0.4044389336273095,-0.5220114569822533,0.828448557119628,1.0668502515318203,1.9871615951944257,0.5214266938881806,239_0
8,0.8851549652071693,23.761382496009666,0.8448729114774269,0.8668378951637946,0.9538191383818456,0.15000000596046448,0.06340000033378601,0.03539999946951866,0.04390000179409981,0.03240000084042549,0.24320000410079956,0.7648766040802002,0.16705000400543213,0.08309999853372574,0.032499998807907104,0.04560000076889992,0.03474999964237213,0.2596000134944916,0.763886570930481,0.15710000693798065,0.06735000014305115,0.032099999487400055,0.04544999822974205,0.031099999323487282,0.3027999997138977,0.8137167096138,0.9247128075895132,0.5644687675751698,0.2779116498322805,0.7899953495543707,0.887389896452194,0.8304634266871709,0.7259812999493322,0.6599949143997405,0.40984751633861133,237_8
8,0.8416765054557835,23.364596635014074,0.8182442307331299,0.8302383844618954,0.8737383640781702,0.14640000462532043,0.06800000369548798,0.031300000846385956,0.05130000039935112,0.03460000082850456,0.29679998755455017,0.7911888957023621,0.21535000205039978,0.14634999632835388,0.04039999842643738,0.05270000174641609,0.05510000139474869,0.22269999980926514,0.6033117175102234,0.17260000109672546,0.08900000154972076,0.032600000500679016,0.05350000038743019,0.033900000154972076,0.32510000467300415,0.811142086982727,0.96540909781345,0.6124461787546207,0.4431132245499319,0.7434991444213566,-0.8165247486954281,-0.7739262640297633,3.448644431924917,0.7325086086643683,0.5206187000309355,233_8
8,0.028611341799205547,23.664184782267938,0.8297204776029568,0.9246213194848165,0.9272124847140536,0.17229999601840973,0.07190000265836716,0.036400001496076584,0.05139999836683273,0.03400000184774399,0.35359999537467957,0.8245614171028137,0.2085999995470047,0.11289999634027481,0.03739999979734421,0.05779999867081642,0.050200000405311584,0.29339998960494995,0.7077997326850891,0.21160000562667847,0.0957999974489212,0.03480000048875809,0.057999998331069946,0.03460000082850456,0.40799999237060547,0.8436511754989624,0.6598497135651054,0.5921896044182834,0.2507450753323753,0.7323211725312133,-0.43221447540968194,0.19667800468573668,2.693657737434386,0.7490719147699099,0.4951952500840876,236_0
8,0.9981630279494045,23.925864024531954,0.9662891125333896,0.9037840267569285,0.9772759049731119,0.1500999927520752,0.06589999794960022,0.03310000151395798,0.04800000041723251,0.03200000151991844,0.25699999928474426,0.7785466909408569,0.1688999980688095,0.09014999866485596,0.03680000081658363,0.04859999939799309,0.03629999980330467,0.18729999661445618,0.6753130555152893,0.1506499946117401,0.0689999982714653,0.028049999848008156,0.04455000162124634,0.02995000034570694,0.20829999446868896,0.7485834360122681,1.698463135573048,0.2603920612822443,0.14187671801859672,0.8985331211770541,0.43846110911892466,0.6972363969372836,2.4580956490587127,0.4543804578954706,0.5747447898172544,239_9
8,0.8388917280750139,23.380317152486164,0.8124144684540784,0.8953408754004498,0.9172287283703766,0.13989999890327454,0.06445000320672989,0.04170000180602074,0.05355000123381615,0.03604999929666519,0.2740499973297119,0.7674943804740906,0.18844999372959137,0.10764999687671661,0.03044999949634075,0.04165000095963478,0.03485000133514404,0.2296999990940094,0.7365337014198303,0.16369999945163727,0.07925000041723251,0.032099999487400055,0.048900000751018524,0.035599999129772186,0.29789999127388,0.7865067720413208,0.7415085789648418,0.6225151926653867,0.30390897437321307,0.3995120846627991,-0.2885648835973725,0.3622298587375436,1.6067468723270553,1.159811778200048,0.8033699189438841,233_8
8,0.8999771673951411,23.49494218273982,0.9183801643735346,0.9442433881269751,0.962723829077658,0.13040000200271606,0.05999999865889549,0.030400000512599945,0.04520000144839287,0.02800000086426735,0.2184000015258789,0.7727272510528564,0.17389999330043793,0.08985000103712082,0.028699999675154686,0.04544999822974205,0.0340999998152256,0.22975000739097595,0.7415198087692261,0.14920000731945038,0.06655000150203705,0.03294999897480011,0.05209999904036522,0.027699999511241913,0.32374998927116394,0.8423673510551453,0.824688683952805,0.4068290898971698,0.2238230018310147,0.6150068052973579,0.7871560813075397,0.2709374747498578,0.7316279583625055,0.9084017298729317,0.5543479633212687,234_8
8,0.8691649531498413,23.57785668346405,0.878339082844693,0.8458557519872653,0.9485634574937243,0.131400004029274,0.059700001031160355,0.029200000688433647,0.04399999976158142,0.03229999914765358,0.24469999969005585,0.7667869925498962,0.18825000524520874,0.11810000240802765,0.03305000066757202,0.042399998754262924,0.03840000182390213,0.19210000336170197,0.6668112874031067,0.15160000324249268,0.06955000013113022,0.026650000363588333,0.041349999606609344,0.030050000175833702,0.25475001335144043,0.7889747023582458,1.1288254662224333,0.4984197399437811,0.3154711995458786,0.9424035348167152,0.2878765175044129,0.37584138824525265,3.7495456330618127,0.3410513442932707,0.9052244729478984,235_8
8,0.0829594164884373,23.6518778628755,0.9413751305245772,0.9193464079485594,0.9696267727743785,0.17270000278949738,0.07479999959468842,0.03779999911785126,0.05389999970793724,0.036400001496076584,0.29100000858306885,0.777642011642456,0.1873999983072281,0.10459999740123749,0.042100001126527786,0.0560000017285347,0.04560000076889992,0.23260000348091125,0.6721782684326172,0.1858000010251999,0.08784999698400497,0.03474999964237213,0.061149999499320984,0.03784999996423721,0.3140999972820282,0.784912645816803,1.1751386917758175,0.34411279929805244,0.24381420369117893,0.4070517646741377,-0.6492539531909571,-0.5765954611707664,1.977643416671695,1.1515723362836654,0.6793798675741114,236_0
8,0.408958033095411,23.96988147345381,0.8299257066863199,0.861116118915018,0.9228444863057282,0.17790000140666962,0.07944999635219574,0.03734999895095825,0.05180000141263008,0.03240000084042549,0.3045499920845032,0.8076865673065186,0.21639999747276306,0.14509999752044678,0.04600000008940697,0.05460000038146973,0.0625,0.18649999797344208,0.4979919493198395,0.19689999520778656,0.09459999948740005,0.03420000150799751,0.05139999836683273,0.03420000150799751,0.301800012588501,0.7964285612106323,0.9011756138962902,0.591821827848393,0.3452865790979109,0.6640717849749531,-0.9455235208238499,-0.6780397623966405,3.327231080583487,0.844544673186569,0.31857059424758394,239_4
8,0.9165061686229397,23.39981059415156,0.8854377878794736,0.9623664765614502,0.9056715856335975,0.13359999656677246,0.06210000067949295,0.031099999323487282,0.04470000043511391,0.03099999949336052,0.25040000677108765,0.7796730995178223,0.1639000028371811,0.09019999951124191,0.02459999918937683,0.03840000182390213,0.025499999523162842,0.2565999925136566,0.8192130327224731,0.18799999356269836,0.08529999852180481,0.026399999856948853,0.046799998730421066,0.030799999833106995,0.34709998965263367,0.836993932723999,0.5693799369434056,0.4833611896211177,0.24611354381642325,0.419354665707195,0.7835439481233065,0.718419872630494,0.5891129872267784,1.1380619830965608,0.4490628135878493,233_9
8,0.10344100496636166,23.659783037375753,0.9228867732976447,0.8947843520983341,0.9574743010887627,0.15700000524520874,0.06780000030994415,0.03359999880194664,0.04830000177025795,0.030649999156594276,0.28189998865127563,0.8038713932037354,0.16220000386238098,0.07909999787807465,0.03660000115633011,0.04879999905824661,0.039900001138448715,0.22789999842643738,0.7020164132118225,0.17350000143051147,0.07715000212192535,0.03355000168085098,0.050850000232458115,0.033250000327825546,0.32420000433921814,0.8139600157737732,1.1709224494724613,0.3952852161883873,0.287063471439844,0.8059672825669175,0.41958914626215504,-0.16195168920076608,1.7960916902273083,0.6334886380699527,0.33188367357442056,236_1
8,0.9165061686229397,23.399990257208387,0.800736386812454,0.9312362234913643,0.8780917067800351,0.13474999368190765,0.06310000270605087,0.03020000085234642,0.04535000026226044,0.03175000101327896,0.22169999778270721,0.7494574785232544,0.16040000319480896,0.09629999846220016,0.0348999984562397,0.04740000143647194,0.04190000146627426,0.18119999766349792,0.6243836879730225,0.1964000016450882,0.09849999845027924,0.034299999475479126,0.054099999368190765,0.0430000014603138,0.3124000132083893,0.7580191493034363,0.5807590143706136,0.6422727912878513,0.2897116232766067,-0.45470033110693037,0.5858149695676854,-0.5966669212816195,0.4625495529473937,2.0428320490417846,0.7206178877857695,233_9
8,0.6881544233997587,23.732816069974668,0.8674292621904364,0.980765654590307,0.8973380739463618,0.14509999752044678,0.06004999950528145,0.03319999948143959,0.042149998247623444,0.03060000017285347,0.24899999797344208,0.7811158895492554,0.13519999384880066,0.058800000697374344,0.0284000001847744,0.03779999911785126,0.026000000536441803,0.24199999868869781,0.8059701323509216,0.16189999878406525,0.07649999856948853,0.03009999915957451,0.03945000097155571,0.031550001353025436,0.2300499975681305,0.7587920427322388,0.37721980828686136,0.5207841945370333,0.17125901274638172,0.9103741647018448,0.9815950681360461,0.9456063728028024,0.4504229732503359,0.4266089156942123,0.14382632893161654,237_6
8,0.8473358917457379,23.365405118769786,0.8487345671473769,0.8313770719303093,0.8888003662271083,0.1607999950647354,0.0729999989271164,0.03779999911785126,0.05180000141263008,0.031599998474121094,0.30059999227523804,0.8097531795501709,0.22595000267028809,0.15805000066757202,0.041999999433755875,0.05575000122189522,0.06525000184774399,0.2122499942779541,0.5297297239303589,0.19280000030994415,0.08839999884366989,0.03125,0.05065000057220459,0.03200000151991844,0.3594000041484833,0.836484432220459,1.0574409325476601,0.5572085890813611,0.4345348664476324,0.533041777763977,-0.9602185208773641,-0.6608945951793126,2.8341926125250194,1.008604711783777,0.21666442443878448,233_8
8,0.8915330037244171,23.607501087839992,0.852096869257839,0.9033673967706208,0.9397547951642529,0.14509999752044678,0.06629999727010727,0.03044999949634075,0.03994999825954437,0.029400000348687172,0.26100000739097595,0.797520637512207,0.17649999260902405,0.1071000024676323,0.04270000010728836,0.05590000003576279,0.0551999993622303,0.22290000319480896,0.6030204892158508,0.1720000058412552,0.08560000360012054,0.041600000113248825,0.05469999834895134,0.04019999876618385,0.30114999413490295,0.7644646167755127,0.8046924236991754,0.5508176359726049,0.2800508013843557,-0.0680944546730425,-0.46731200794649863,-0.12274135211294679,1.255103813243415,1.6389435155924414,0.8704128719207639,236_8
8,0.9174044839070596,23.654482977199443,0.7451243191148352,0.7900447405479896,0.8935119544859051,0.13600000739097595,0.05999999865889549,0.02879999950528145,0.03959999978542328,0.029100000858306885,0.22380000352859497,0.7698695063591003,0.18729999661445618,0.1180500015616417,0.028999999165534973,0.039650000631809235,0.03685000166296959,0.19134999811649323,0.6770376563072205,0.18780000507831573,0.1006999984383583,0.030500000342726707,0.046300001442432404,0.03139999881386757,0.25920000672340393,0.7838953733444214,0.9038992749122764,0.7300750988291016,0.4085560827225226,0.6598761427015438,0.5415842703862125,0.7247737076310417,1.1744805941178043,0.8501424188489497,0.6838132070322276,236_9
8,0.9176739784922958,23.65466264025627,0.6946206411309878,0.7409041492189221,0.895832865158035,0.17839999496936798,0.07699999958276749,0.032999999821186066,0.04910000041127205,0.028999999165534973,0.3287000060081482,0.837852954864502,0.1996999979019165,0.12189999967813492,0.041200000792741776,0.05220000073313713,0.06289999932050705,0.19750000536441803,0.5168970823287964,0.19140000641345978,0.09880000352859497,0.032499998807907104,0.04989999905228615,0.04154999926686287,0.2851000130176544,0.7455992698669434,0.9171467746116541,0.8029039045272923,0.41265552976998926,0.3213701799028882,-0.914342920111221,0.009343905192513928,2.1909249108886697,1.2436202595772972,0.2479273869898632,236_9
8,0.978759417812423,23.140017813984194,0.6085523314976155,0.9454363505238055,0.7386956140992709,0.14135000109672546,0.06345000118017197,0.030649999156594276,0.04324999824166298,0.026200000196695328,0.24089999496936798,0.8038187623023987,0.14149999618530273,0.05900000035762787,0.025499999523162842,0.04129999876022339,0.02419999986886978,0.2540999948978424,0.8260869383811951,0.21729999780654907,0.14024999737739563,0.04385000094771385,0.058150000870227814,0.06300000101327896,0.24729999899864197,0.593941330909729,0.36207615423403827,0.9165613922989627,0.2525354723229511,-0.8025717016431231,0.9749965574150689,-0.831387874048181,0.08955069894940847,2.5023900454921995,0.2065602800673352,231_9
8,0.7619061082259702,23.729132977309774,0.9327342803857566,0.9159958288896366,0.9572854229756068,0.14959999918937683,0.06689999997615814,0.03440000116825104,0.04540000110864639,0.02979999966919422,0.3093999922275543,0.8242924213409424,0.16779999434947968,0.07989999651908875,0.03220000118017197,0.04569999873638153,0.03370000049471855,0.26260000467300415,0.7725278735160828,0.1555500030517578,0.06639999896287918,0.027550000697374344,0.04580000042915344,0.02604999952018261,0.3237999975681305,0.8510790467262268,1.1191200062706035,0.3688730378237304,0.28195586527810557,0.9258262066524157,0.8015107621854543,0.8176012761030855,1.6537954829331158,0.38758052905003076,0.5635881427599604,237_7
8,0.6981257230534847,23.657716912222277,0.7036602528734919,0.756655779362653,0.9412454617682463,0.11739999800920486,0.05909999832510948,0.03629999980330467,0.04439999908208847,0.03150000050663948,0.24160000681877136,0.769315242767334,0.13269999623298645,0.07275000214576721,0.03460000082850456,0.039500001817941666,0.03660000115633011,0.14374999701976776,0.5941225290298462,0.12905000150203705,0.05570000037550926,0.022949999198317528,0.042249999940395355,0.0239499993622303,0.2575500011444092,0.8298401236534119,0.9017449564585758,0.7902604885604948,0.31052987407844007,0.7999262394735923,0.6936729218629235,0.4714883238734848,1.249519043709746,0.643624032930711,0.7067557871114828,236_6
8,0.940581018237344,23.643882856846837,0.6941980398808548,0.7989249407371638,0.8855823128980204,0.14399999380111694,0.05909999832510948,0.031300000846385956,0.042100001126527786,0.032099999487400055,0.2985999882221222,0.8058663606643677,0.16769999265670776,0.0885000005364418,0.032099999487400055,0.04919999837875366,0.04800000041723251,0.2281000018119812,0.6522998809814453,0.1597999930381775,0.07129999995231628,0.0333000011742115,0.051100000739097595,0.032099999487400055,0.3240000009536743,0.8197135925292969,0.8031086656505811,0.8034911931599009,0.3876669694753716,0.8606381797750065,0.1724186122565768,-0.24937092371368477,2.6157176111511307,0.5342747213990099,0.6000992088528885,236_9
8,0.6435081537790186,23.97554085974376,0.9345513949992026,0.8985782123546662,0.9598946230865868,0.15645000338554382,0.0742499977350235,0.036249998956918716,0.04969999939203262,0.03465000167489052,0.25850000977516174,0.7636022567749023,0.16040000319480896,0.08609999716281891,0.03750000149011612,0.046799998730421066,0.03725000098347664,0.18150000274181366,0.659428596496582,0.1826999932527542,0.08810000121593475,0.03660000115633011,0.048650000244379044,0.03539999946951866,0.2549999952316284,0.7561983466148376,1.248701476276154,0.36380009174939,0.2803290340337745,0.6971140305425133,0.5661019985665346,0.6515939905219559,1.21214413625569,0.7994320343885506,0.7423477505822753,239_6
8,0.8988991890541982,23.359027080252538,0.7495801117512991,0.7670844667586374,0.8939405951131386,0.15289999544620514,0.06710000336170197,0.034699998795986176,0.043299999088048935,0.03099999949336052,0.2694999873638153,0.7936772108078003,0.15539999306201935,0.08990000188350677,0.028950000181794167,0.039250001311302185,0.033900000154972076,0.16830000281333923,0.6646884083747864,0.16290000081062317,0.07259999960660934,0.02969999983906746,0.04749999940395355,0.03220000118017197,0.3077000081539154,0.8105325102806091,0.9628727667170945,0.723368830911579,0.4235479864741023,0.8225250835063151,0.5740191716130487,0.3047533105649683,1.585875371122674,0.6049595849536591,0.7641164941662277,233_8
8,0.9210875765719493,23.575431232196927,0.7569307072472793,0.8876774356297767,0.8396112139166301,0.13165000081062317,0.05820000171661377,0.033250000327825546,0.04490000009536743,0.02850000001490116,0.23800000548362732,0.7861163020133972,0.19449999928474426,0.11514999717473984,0.035599999129772186,0.05014999955892563,0.04814999923110008,0.20389999449253082,0.6179329752922058,0.18569999933242798,0.0868000015616417,0.033900000154972076,0.049400001764297485,0.03530000150203705,0.3515999913215637,0.8175238966941833,0.6718965464939612,0.7121928084979757,0.3823273148440076,0.14655971945768648,-0.1760649412086524,-0.7393164574744526,1.2276290603279973,1.4237067923338338,0.669869960801207,235_9
8,0.9920544840173928,23.607141761726346,0.7733914836233247,0.8452889133079711,0.8723455308423209,0.14090000092983246,0.06069999933242798,0.02810000069439411,0.04399999976158142,0.03269999846816063,0.2939000129699707,0.7997550964355469,0.22165000438690186,0.14585000276565552,0.03830000013113022,0.04610000178217888,0.05139999836683273,0.1960500031709671,0.5845625400543213,0.19494999945163727,0.09149999916553497,0.029200000688433647,0.04569999873638153,0.0328500010073185,0.29760000109672546,0.8011801838874817,0.820961482878019,0.6866225514672156,0.4081292905830924,0.6564806191309323,-0.5318843821822419,-0.18798030600309337,2.4941369520050225,0.854652585338786,0.8194131328626453,236_9
8,0.6993833644512524,23.64990156925044,0.9003805842280226,0.8505194755336909,0.9452431926265011,0.1577499955892563,0.06710000336170197,0.031599998474121094,0.0434500016272068,0.030050000175833702,0.29580000042915344,0.8155593276023865,0.15889999270439148,0.09359999746084213,0.02944999933242798,0.03310000151395798,0.031550001353025436,0.12155000120401382,0.5878510475158691,0.1543000042438507,0.06780000030994415,0.021700000390410423,0.03840000182390213,0.022700000554323196,0.2786000072956085,0.8493196368217468,1.2303022249264128,0.4501529031469249,0.32636429854132637,0.937909776845954,0.2968284724544562,0.430324128141351,3.5835035762745133,0.35424175806021274,0.8485678377902305,236_6
8,0.9421979857487592,23.89262635901953,0.8701393721191731,0.9536276719642183,0.9402273158772374,0.16220000386238098,0.07999999821186066,0.035100001841783524,0.0502999983727932,0.035100001841783524,0.2619999945163727,0.763715922832489,0.1835000067949295,0.10379999876022339,0.039799999445676804,0.0568000003695488,0.04560000076889992,0.243599995970726,0.6846473217010498,0.2113499939441681,0.11479999870061874,0.036649998277425766,0.059849999845027924,0.036649998277425766,0.27970001101493835,0.768294632434845,0.5932906937423595,0.515311263299606,0.20093017103003258,-0.6344367559720001,-0.4119350158753579,0.09912391678488414,0.8836606780203974,2.2580759580907057,0.886715791900771,238_9
8,0.04073859813481917,23.457931593034097,0.9505524294695756,0.9529808493790503,0.9644954213185978,0.13570000231266022,0.057500001043081284,0.03460000082850456,0.043800000101327896,0.0284000001847744,0.2612000107765198,0.8038673996925354,0.14869999885559082,0.08820000290870667,0.04910000041127205,0.051500000059604645,0.05530000105500221,0.18219999969005585,0.5343157649040222,0.15625,0.0763000026345253,0.0320499986410141,0.04450000077486038,0.03344999998807907,0.26464998722076416,0.7755786776542664,0.9749344954534277,0.3157864508704159,0.23702075067188258,0.929212471452364,-0.07044841990400899,-0.15534196403040076,4.336103426263208,0.3785202953494619,0.9674098238870887,234_0
8,0.7328006930204989,23.694188512757528,0.8280759279731674,0.8170763794305597,0.9442019525510031,0.1445000022649765,0.06424999982118607,0.02824999950826168,0.04450000077486038,0.02865000069141388,0.2406499981880188,0.787226140499115,0.18684999644756317,0.10580000281333923,0.04129999876022339,0.05465000122785568,0.042649999260902405,0.22920000553131104,0.6862240433692932,0.17790000140666962,0.08169999718666077,0.03280000016093254,0.05779999867081642,0.03139999881386757,0.35269999504089355,0.8365009427070618,1.0325060249100788,0.5951294608266414,0.3233250749974543,0.22178658238090126,-0.3580497399992001,-0.9269155130613014,1.4378314288770437,1.3471500236665277,0.3411409111161493,236_7
8,0.0676880566584046,23.634270883306755,0.7557426300859353,0.8426148882790031,0.8753694234953256,0.17204999923706055,0.07500000298023224,0.03514999896287918,0.0515500009059906,0.031849998980760574,0.3066999912261963,0.8118446469306946,0.2301499992609024,0.1561499983072281,0.04924999922513962,0.06064999848604202,0.06710000336170197,0.2070000022649765,0.5103976726531982,0.23149999976158142,0.10949999839067459,0.03889999911189079,0.07479999959468842,0.04270000010728836,0.3659999966621399,0.7910447716712952,0.7964545557280532,0.7140089344874645,0.3965915142523962,-0.11204297993390469,-0.988791932998841,0.1737535862839571,1.7775394194735483,1.6830750653443867,0.13518632251163934,236_0
8,0.9084213310658651,23.83729013751777,0.5414465307387023,0.9645923919185845,0.6278211609085969,0.15839999914169312,0.06849999725818634,0.035599999129772186,0.04740000143647194,0.030649999156594276,0.2922999858856201,0.8101873397827148,0.15569999814033508,0.07259999960660934,0.035599999129772186,0.04899999871850014,0.03449999913573265,0.2565999925136566,0.7629680633544922,0.2361000031232834,0.1459999978542328,0.04470000043511391,0.06260000169277191,0.0568000003695488,0.23479999601840973,0.6104252338409424,0.26726638986998336,0.9986396142002089,0.23195087308246015,-0.9784684725815717,0.8538722699493433,-0.8136709108737755,0.18659565160516475,2.933702096118091,0.5096366964605243,238_9
9,0.01890953673071394,23.68448670768904,0.9290597205315853,0.8609846905657351,0.9334608257759084,0.1657000035047531,0.06840000301599503,0.03530000150203705,0.04764999821782112,0.031550001353025436,0.29409998655319214,0.8062336444854736,0.1882999986410141,0.10949999839067459,0.03779999911785126,0.04960000142455101,0.04650000110268593,0.19419999420642853,0.6136268973350525,0.18334999680519104,0.0851999968290329,0.03449999913573265,0.0507499985396862,0.034449998289346695,0.3156000077724457,0.8031709790229797,1.4081466873083637,0.3789334283883136,0.35828044759568833,0.7913302680586054,-0.5339585311762165,-0.799632079992805,3.2441845004752334,0.6578145696599144,0.578330812467787,236_0
9,0.6138637494030732,23.06842208583987,0.8970388409745698,0.9613407246880029,0.9525426691091663,0.14374999701976776,0.06350000202655792,0.029999999329447746,0.046300001442432404,0.029100000858306885,0.2711000144481659,0.8061292767524719,0.18995000422000885,0.10384999960660934,0.036249998956918716,0.04895000159740448,0.03840000182390213,0.2357500046491623,0.7198613882064819,0.1680999994277954,0.07535000145435333,0.02914999984204769,0.04430000111460686,0.02944999933242798,0.296750009059906,0.8194359540939331,0.6093974036628215,0.45777324022921567,0.184892790604198,0.9054141956677006,0.051360632986314346,0.06542434340512057,3.4654828365140555,0.438441959696018,0.9976850760894548,230_6
9,0.6452149528188453,23.980212099221184,0.7493341849857823,0.871541684452539,0.947585233550341,0.16380000114440918,0.07724999636411667,0.042899999767541885,0.053300000727176666,0.03700000047683716,0.26269999146461487,0.7530863881111145,0.17030000686645508,0.08540000021457672,0.03830000013113022,0.05310000106692314,0.03790000081062317,0.2370000034570694,0.7242633700370789,0.22470000386238098,0.1274999976158142,0.04190000146627426,0.05700000002980232,0.04129999876022339,0.2313999980688095,0.6971030235290527,0.7080696102160237,0.7237402918463433,0.20643013323547438,-0.2955640136848718,0.6413250767633937,-0.025677920246730268,0.46747518833054336,1.870842182192177,0.7478480314833531,239_6
9,0.5090303557463258,23.88022960809868,0.6036023127176857,0.7754852857143492,0.8586647221272511,0.16500000655651093,0.07374999672174454,0.04405000060796738,0.05559999868273735,0.03985000029206276,0.2685999870300293,0.7416112422943115,0.18524999916553497,0.1140500009059906,0.04964999854564667,0.05620000138878822,0.05195000022649765,0.18299999833106995,0.5577782392501831,0.22100000083446503,0.13040000200271606,0.04540000110864639,0.05820000171661377,0.05429999902844429,0.20440000295639038,0.5802087187767029,0.7404901474176498,0.9227846824740037,0.3982876758672782,-0.004706887848815179,0.3553146995901333,0.9011975455833146,0.7664507366395514,1.5755032320239062,0.24199011850591404,238_5
9,0.7987370348748719,23.337916671075725,0.7557295599051677,0.8727890012432741,0.906695574130022,0.13220000267028809,0.06094999983906746,0.03449999913573265,0.04439999908208847,0.02930000051856041,0.24310000240802765,0.7848751544952393,0.1678999960422516,0.08889999985694885,0.03139999881386757,0.03920000046491623,0.030899999663233757,0.19859999418258667,0.7307189702987671,0.20970000326633453,0.10570000112056732,0.03680000081658363,0.05339999869465828,0.033900000154972076,0.3659999966621399,0.8304576277732849,0.714129155644908,0.71402889273145,0.30962276784311554,-0.347429031566749,0.7190325728601703,-0.4461625497960403,0.3990326944826037,1.9256242699197337,0.662681258341906,233_7
9,0.09454768365357857,23.906999403565443,0.7208464091458627,0.7592643248293731,0.9493734946234412,0.17180000245571136,0.08160000294446945,0.042399998754262924,0.060499999672174454,0.04050000011920929,0.2741999924182892,0.7426120042800903,0.19859999418258667,0.11559999734163284,0.051899999380111694,0.0674000009894371,0.05979999899864197,0.23409999907016754,0.5930588841438293,0.2102999985218048,0.10970000177621841,0.049800001084804535,0.07159999758005142,0.05079999938607216,0.2946000099182129,0.7058482766151428,0.9253576052398342,0.7657735796044598,0.2949711978819145,0.6482221677811931,0.5504864982588605,0.8546054298978609,1.141298119500663,0.8655490116570252,0.519257720125424,239_0
9,0.9044687438157393,23.873941401109846,0.6409429147781417,0.7492862332397813,0.9214512103335881,0.155349999666214,0.06970000267028809,0.034299999475479126,0.051249999552965164,0.0333000011742115,0.2540999948978424,0.7682672142982483,0.1923000067472458,0.12184999883174896,0.046549998223781586,0.059050001204013824,0.0575999990105629,0.16210000216960907,0.4756486117839813,0.21484999358654022,0.12460000067949295,0.045499999076128006,0.06634999811649323,0.05770000070333481,0.20819999277591705,0.5660022497177124,0.8271480820731005,0.8750702784951049,0.3289189348580045,-0.6228550514977191,-0.3756232246361202,0.9192351837501282,0.8719152010223983,2.24318313894489,0.30273019798034306,238_9
9,0.08125261744860879,23.22356113540731,0.5937503971870164,0.9548722112469383,0.6974617707293544,0.14560000598430634,0.06710000336170197,0.03424999862909317,0.04645000025629997,0.029500000178813934,0.2328999936580658,0.7751524448394775,0.14319999516010284,0.07084999978542328,0.040699999779462814,0.04560000076889992,0.037950001657009125,0.2334499955177307,0.7203389406204224,0.2198999971151352,0.13510000705718994,0.04540000110864639,0.06069999933242798,0.055799998342990875,0.24140000343322754,0.6244953274726868,0.3225024783816908,0.935084547778608,0.24882420421587667,-0.7383380986088413,0.8011052679727653,-0.3404642169925286,0.26720119161086914,2.401399195720583,0.4687199583553132,232_0
9,0.9211774081003625,23.608848560766177,0.9551464466465965,0.9563204697687473,0.9709979876133763,0.1400499939918518,0.059300001710653305,0.02800000086426735,0.04259999841451645,0.02954999916255474,0.28459998965263367,0.8118733167648315,0.16419999301433563,0.0794999971985817,0.029999999329447746,0.04430000111460686,0.035100001841783524,0.2312999963760376,0.7364864945411682,0.13590000569820404,0.05689999833703041,0.024900000542402267,0.04149999842047691,0.026100000366568565,0.2906999886035919,0.8352272510528564,0.9867277919019878,0.3006424107662566,0.21830082121212455,0.9946898610913735,0.8014498708753987,0.7845931669767671,6.218024508567073,0.10310038962758537,0.5853950981051742,236_9
9,0.8984500314121373,23.597799282771504,0.7724677540844687,0.7624277853680917,0.9364254069021748,0.14309999346733093,0.06279999762773514,0.026200000196695328,0.04019999876618385,0.02930000051856041,0.24369999766349792,0.7853479981422424,0.18060000240802765,0.09414999932050705,0.03579999879002571,0.04924999922513962,0.042249999940395355,0.2513999938964844,0.7122424840927124,0.15530000627040863,0.06620000302791595,0.02800000086426735,0.045099999755620956,0.028599999845027924,0.3248000144958496,0.8381437659263611,1.0227606363202308,0.6880784095720297,0.34543101411009164,0.8171298813705105,0.5027429905407328,-0.009156801709286538,1.69931313198472,0.6143819477871307,0.46529033547268084,235_8
9,0.8998873358667296,23.97104928332316,0.5957094106738293,0.8110693788403329,0.8015814644383814,0.16410000622272491,0.07859999686479568,0.03799999877810478,0.050200000405311584,0.03310000151395798,0.2768000066280365,0.7863826751708984,0.21979999542236328,0.13725000619888306,0.043150000274181366,0.05465000122785568,0.04884999990463257,0.21230000257492065,0.6258854866027832,0.21860000491142273,0.10535000264644623,0.03824999928474426,0.06120000034570694,0.03974999859929085,0.3635999858379364,0.8029007315635681,0.6699403674724445,0.932647736696588,0.4301192836232675,-0.38218997886615813,-0.738255224060575,-0.11292199315715547,1.223292712459905,1.9629613573188438,0.5217233768728884,239_8
9,0.8997975043383182,23.971139114851574,0.6338240255093678,0.7920866365389586,0.8544945511596773,0.16750000417232513,0.07859999686479568,0.0348999984562397,0.04899999871850014,0.033799998462200165,0.28859999775886536,0.7903226017951965,0.18485000729560852,0.09700000286102295,0.040550000965595245,0.054099999368190765,0.04385000094771385,0.2337999939918518,0.6841346621513367,0.2220499962568283,0.11230000108480453,0.03685000166296959,0.06340000033378601,0.04179999977350235,0.38580000400543213,0.8044902086257935,0.7424738974736931,0.8843091292872568,0.40615623019017194,-0.26902905542607247,-0.6269901178922795,-0.5754673895961154,1.2198909023971223,1.8431811045433482,0.09962083543300568,239_8
9,0.07316777989153422,23.099773289255644,0.5610435526158057,0.9596599312274685,0.6367300973319195,0.15539999306201935,0.06689999997615814,0.03220000118017197,0.044199999421834946,0.029200000688433647,0.2685999870300293,0.8038952350616455,0.149399995803833,0.06459999829530716,0.0320499986410141,0.043299999088048935,0.02850000001490116,0.2565999925136566,0.8000701665878296,0.21969999372959137,0.11829999834299088,0.0442500002682209,0.06159999966621399,0.05429999902844429,0.3176000118255615,0.707986056804657,0.2922688845609261,0.9751504099339278,0.2548444042377988,-0.9487506505383295,0.9941282909710644,-0.9677937472666001,0.038446108913716213,2.8200551545512176,0.0751182773872633,230_0
9,0.7773571311128258,23.363159330559483,0.8724947859494495,0.8785474413546621,0.9328296616759797,0.14264999330043793,0.06729999929666519,0.027149999514222145,0.047449998557567596,0.02954999916255474,0.27300000190734863,0.8046603798866272,0.19660000503063202,0.12620000541210175,0.039000000804662704,0.0568000003695488,0.058400001376867294,0.24690000712871552,0.6174255013465881,0.18299999833106995,0.08739999681711197,0.03999999910593033,0.05299999937415123,0.035999998450279236,0.30149999260902405,0.7866666913032532,0.9754606771184869,0.5105113053232371,0.3351390692470266,0.11852950939981162,-0.6742012280126375,-0.7554080682900595,1.5913903805714167,1.4519875062384944,0.2875010161744775,233_7
9,0.8181406450118534,23.352469378678464,0.773168408861762,0.8493103210976288,0.854421715363668,0.14900000393390656,0.06840000301599503,0.0357000008225441,0.04470000043511391,0.029400000348687172,0.28940001130104065,0.8155583739280701,0.1923000067472458,0.09955000132322311,0.03725000098347664,0.04580000042915344,0.04859999939799309,0.1968500018119812,0.6039927005767822,0.1979999989271164,0.09700000286102295,0.03319999948143959,0.050999999046325684,0.030400000512599945,0.3531000018119812,0.8414602279663086,0.8095191136429866,0.6869743684748297,0.42595191244306957,0.3815599037728228,-0.30527137155110473,-0.7397403971346665,1.5950130774460467,1.1793130378455017,0.6724315122787926,233_8
9,0.7435804764299334,23.73236691233261,0.6979299662493398,0.9306207519333126,0.8169843773156186,0.1412000060081482,0.06255000084638596,0.03460000082850456,0.051600001752376556,0.031099999323487282,0.2992999851703644,0.8117433190345764,0.1481499969959259,0.05990000069141388,0.032499998807907104,0.048900000751018524,0.027499999850988388,0.2720000147819519,0.816360592842102,0.19110000133514404,0.09719999879598618,0.03889999911189079,0.06019999831914902,0.042500000447034836,0.27709999680519104,0.7340425252914429,0.46936506223134355,0.7982933550873971,0.28152911401985276,-0.5370907169659052,0.9390042745468102,-0.6610155947945419,0.16422307121641086,2.1377806730056754,0.2894265281054207,237_7
9,0.8041269265795883,23.82130012546044,0.7642588291463919,0.785730600820286,0.9762486091987511,0.1704999953508377,0.07500000298023224,0.029400000348687172,0.04610000178217888,0.02969999983906746,0.3160000145435333,0.8281747102737427,0.2069000005722046,0.11729999631643295,0.0430000014603138,0.060100000351667404,0.053199999034404755,0.2248000055551529,0.6172661781311035,0.2399500012397766,0.12620000541210175,0.040800001472234726,0.07039999961853027,0.045049998909235,0.3079499900341034,0.744759202003479,0.9515125845388948,0.7009050434143249,0.2077586091063636,-0.5708147509248641,-0.9520417613461933,0.5255220978838091,1.2994744230384423,2.1782941332699517,0.30518895067194196,238_8
9,0.013519645025997562,23.667149222705532,0.9017853713437339,0.8846979339120893,0.9508040512617439,0.17659999430179596,0.07769999653100967,0.038100000470876694,0.053300000727176666,0.03550000116229057,0.3199999928474426,0.800281286239624,0.19750000536441803,0.10849999636411667,0.0414000004529953,0.05559999868273735,0.046300001442432404,0.23319999873638153,0.6686940789222717,0.18885000050067902,0.09019999951124191,0.035999998450279236,0.056299999356269836,0.03485000133514404,0.35019999742507935,0.8189845681190491,1.0851110878435861,0.44691340965687815,0.30329575423535254,0.8269635536058018,-0.8838049412942134,-0.7800138324380398,4.445958728680764,0.5971107632478388,0.45962007987364545,236_0
9,0.6614744594614077,23.574353253855982,0.5446384210018298,0.9311678491149044,0.6559413369684066,0.1454000025987625,0.06289999932050705,0.04190000146627426,0.051500000059604645,0.0333000011742115,0.2687000036239624,0.7794702053070068,0.14720000326633453,0.06515000015497208,0.031150000169873238,0.04470000043511391,0.03750000149011612,0.21995000541210175,0.7086812853813171,0.2054000049829483,0.09539999812841415,0.039500001817941666,0.05389999970793724,0.04360000044107437,0.29089999198913574,0.7393124103546143,0.37512956206253734,0.9948384057633916,0.31851355932464903,-0.594615788510112,0.501740613036317,-0.7236818973707919,0.4734526455777035,2.207584021954599,0.6843917268381805,235_6
9,0.637130115261769,23.103815708034176,0.90296934657226,0.9109751388022322,0.9621968366645717,0.13510000705718994,0.06069999933242798,0.0340999998152256,0.04230000078678131,0.030799999833106995,0.2215999960899353,0.7559429407119751,0.12430000305175781,0.05739999935030937,0.031199999153614044,0.03590000048279762,0.029500000178813934,0.17080000042915344,0.7054418325424194,0.12229999899864197,0.054749999195337296,0.027400000020861626,0.03505000099539757,0.02459999918937683,0.1898999959230423,0.770629346370697,0.957196618723438,0.44416601569986913,0.2540859081187739,0.9741856029880936,0.9687275333326247,0.9672272127309574,1.1011581638217596,0.22771136031844702,0.22522051173545374,231_6
9,0.8865024381333484,23.39028845213989,0.8809663632462658,0.8993047236881803,0.939792507214494,0.15160000324249268,0.06750000268220901,0.030799999833106995,0.04659999907016754,0.033399999141693115,0.31439998745918274,0.8079355955123901,0.2138500064611435,0.1457500010728836,0.040150001645088196,0.05104999989271164,0.05415000021457672,0.1991499960422516,0.5724437236785889,0.19900000095367432,0.09650000184774399,0.03420000150799751,0.05739999935030937,0.033799998462200165,0.3319999873638153,0.8151995539665222,0.9182860689806541,0.49289571409920147,0.3066500563854959,0.3009170634377253,-0.7651162026169183,-0.591959083936413,1.9302321419969966,1.2651421835704417,0.5203136754222649,233_8
9,0.8365561083363033,23.363967814315195,0.8529643826399247,0.9049813938122457,0.9315746291647503,0.14354999363422394,0.06755000352859497,0.03819999843835831,0.04565000161528587,0.03139999881386757,0.24130000174045563,0.7697103023529053,0.20800000429153442,0.11879999935626984,0.03519999980926514,0.04580000042915344,0.04410000145435333,0.19589999318122864,0.6324999928474426,0.14630000293254852,0.06880000233650208,0.026000000536441803,0.03620000183582306,0.023600000888109207,0.17479999363422394,0.7620967626571655,0.8002440693058781,0.5491578846862123,0.29571719374873157,0.7930490363379117,-0.07927516647446216,0.32313760656988766,2.519327247608957,0.654998180709598,0.7695286148783282,233_8
9,0.6609354702909371,23.574353253855982,0.5187250734457112,0.8942806506414223,0.6136666735548584,0.1412999927997589,0.059300001710653305,0.04179999977350235,0.051899999380111694,0.033799998462200165,0.26660001277923584,0.7749667167663574,0.1720000058412552,0.08860000222921371,0.039250001311302185,0.04670000076293945,0.04884999990463257,0.21480000019073486,0.6294329762458801,0.21449999511241913,0.10080000013113022,0.03629999980330467,0.0560000017285347,0.038600001484155655,0.2987000048160553,0.7711236476898193,0.4524656723182759,1.025437296784036,0.4117876237807374,-0.7279914331500557,0.1165865989999064,-0.6422124911028111,0.6093176328017863,2.386183994813083,0.5705619278826523,235_6
9,0.5953584545502117,23.187718355570944,0.9439152713422706,0.969303514736665,0.9731345951140253,0.1559000015258789,0.07100000232458115,0.031700000166893005,0.04529999941587448,0.031700000166893005,0.26579999923706055,0.7868907451629639,0.1582999974489212,0.07190000265836716,0.028999999165534973,0.04360000044107437,0.031199999153614044,0.20810000598430634,0.7392394542694092,0.15379999577999115,0.07159999758005142,0.02565000019967556,0.03644999861717224,0.025550000369548798,0.2224999964237213,0.7939931154251099,0.7382242197222502,0.3365024902861574,0.17142962501685957,0.9425611377592161,0.8711576930877405,0.9489884960713488,1.5069626658229793,0.34057984042092765,0.30748350478470515,231_5
9,0.8994381782246688,23.358937248724125,0.6074594766955188,0.7888632401018094,0.8249472998067612,0.14169999957084656,0.06369999796152115,0.03519999980926514,0.04610000178217888,0.03200000151991844,0.24799999594688416,0.7714285850524902,0.14994999766349792,0.093299999833107,0.030950000509619713,0.04580000042915344,0.03815000131726265,0.2219499945640564,0.7066512703895569,0.18880000710487366,0.0934000015258789,0.036400001496076584,0.05299999937415123,0.041200000792741776,0.32199999690055847,0.7731277346611023,0.7210065275234914,0.917937901051223,0.43387572968827764,-0.2726377486664418,0.7159622758478597,-0.49258537882382286,0.41842131925174564,1.8469299072707581,0.6259850642341928,233_8
9,0.8769802961216815,23.826240859523097,0.9713431478532569,0.960409858391495,0.9829324173516797,0.15543332695960999,0.07058333605527878,0.03436249867081642,0.05180000141263008,0.03152500092983246,0.279449999332428,0.7972505688667297,0.15369999408721924,0.07020000368356705,0.03550000116229057,0.054999999701976776,0.03400000184774399,0.2727999985218048,0.778357207775116,0.13339999318122864,0.05689999833703041,0.030300000682473183,0.05050000175833702,0.02889999933540821,0.2502000033855438,0.7929057478904724,1.1764676710309372,0.2399782365414228,0.18242738149718968,0.9528113587466391,0.9456026947083205,0.9345337051911929,1.0743253178518037,0.30842993180417383,0.30597179517028017,238_8
9,0.5347221728721436,23.782582736714886,0.448201919913392,0.8435174837820781,0.8115246858149522,0.1636500060558319,0.06994999945163727,0.04125000163912773,0.05423999950289726,0.03386666625738144,0.3003999888896942,0.7973673939704895,0.1938125044107437,0.12094999849796295,0.04012500122189522,0.04988333210349083,0.05590000003576279,0.16279999911785126,0.4887974262237549,0.21324999630451202,0.12770000100135803,0.04464999958872795,0.061149999499320984,0.055470000952482224,0.22294999659061432,0.6015372276306152,0.5126357344167807,1.1060434318687,0.23099847428077294,-0.6489762485614352,-0.6919648218868786,0.806918149873618,1.0254581492426011,2.2770343803801314,0.5476785377587418,237_5
9,0.8808430518433958,23.787792965362783,0.8068801172352454,0.8883301689336355,0.8916603102258159,0.16660000383853912,0.0706000030040741,0.04077500104904175,0.052000001072883606,0.03440000116825104,0.3407999873161316,0.8166311383247375,0.20350000262260437,0.11694999784231186,0.04019999876618385,0.05544999986886978,0.04385000094771385,0.24500000476837158,0.6963822245597839,0.22155000269412994,0.1035500019788742,0.035599999129772186,0.056449998170137405,0.033399999141693115,0.3874500095844269,0.8412736058235168,0.7549714380428986,0.6319449608128349,0.351028181141994,0.4712397124258924,-0.8095445471846214,-0.2676033954608169,2.3277205882479692,1.080100514294857,0.5726824362892821,237_8
9,0.9012348087929087,23.460985865000097,0.5142674001260272,0.971978690123176,0.5532202017944479,0.1234000027179718,0.05829999968409538,0.031550001353025436,0.04675000160932541,0.032749999314546585,0.24789999425411224,0.766613245010376,0.1451999992132187,0.07020000368356705,0.026799999177455902,0.0430000014603138,0.028200000524520874,0.2538999915122986,0.8000708818435669,0.19020000100135803,0.10490000247955322,0.03920000046491623,0.06509999930858612,0.04659999907016754,0.2754000127315521,0.7105590105056763,0.23023443796562024,1.0306431110108263,0.22668453328434743,-0.6038679841754877,0.8932644769368739,-0.7673597818896757,0.2100996493697015,2.2191412331219365,0.3468386385430151,234_9
9,0.0734372744767704,23.099952952312464,0.7246619029353304,0.969656333935976,0.7974553514078888,0.1551000028848648,0.0694499984383583,0.033250000327825546,0.04479999840259552,0.030249999836087227,0.2616499960422516,0.7927372455596924,0.14869999885559082,0.06449999660253525,0.029999999329447746,0.041099999099969864,0.027400000020861626,0.2434999942779541,0.7977113127708435,0.17409999668598175,0.09284999966621399,0.03909999877214432,0.05225000157952309,0.04529999941587448,0.22059999406337738,0.6592704057693481,0.3248593651074103,0.7602526916053622,0.20210933586616872,-0.05965046794161677,0.9885722407495784,0.012064759244733755,0.09280981859747345,1.630482225998077,0.13289522525363137,230_0
9,0.881292209485455,23.918587670730588,0.6994880120191552,0.8142688448133322,0.876410803581446,0.1679999977350235,0.08025000244379044,0.033399999141693115,0.051649998873472214,0.03305000066757202,0.2693166732788086,0.7813912630081177,0.21883749961853027,0.12964999675750732,0.04114999994635582,0.05999999865889549,0.04405000060796738,0.24140000343322754,0.6913645267486572,0.21940000355243683,0.11010000109672546,0.03840000182390213,0.07055000215768814,0.04024999961256981,0.35839998722076416,0.7980684638023376,0.7779371154761132,0.7961155050927599,0.3906615642170417,-0.42165781833020666,-0.7613690594854079,0.35012843088766676,1.2144239970511788,2.0060691692537014,0.647524401886868,239_8
9,0.8359272876374195,23.422987128481843,0.6983244291485203,0.6980167387783454,0.9104293546932312,0.15109999477863312,0.06629999727010727,0.03819999843835831,0.0494999997317791,0.03319999948143959,0.27630001306533813,0.7854604125022888,0.21355000138282776,0.17260000109672546,0.05054999887943268,0.0568000003695488,0.07045000046491623,0.19509999454021454,0.46940311789512634,0.18850000202655792,0.09700000286102295,0.03550000116229057,0.053199999034404755,0.03280000016093254,0.35589998960494995,0.8312323093414307,1.0005387407149275,0.797742409027684,0.404421806072354,0.13685139739379448,-0.6922856862638398,-0.6503657067121262,1.6291768401004212,1.4335141229246076,0.454014041836216,234_8
9,0.7151038819233442,23.921821605753415,0.6295537166744934,0.8640488154601764,0.8353530633014452,0.18709999322891235,0.08820000290870667,0.037700001150369644,0.05139999836683273,0.03060000017285347,0.30559998750686646,0.8179655075073242,0.23354999721050262,0.1514499932527542,0.050050001591444016,0.06289999932050705,0.07129999995231628,0.19589999318122864,0.466317355632782,0.23510000109672546,0.14880000054836273,0.04659999907016754,0.0674000009894371,0.05620000138878822,0.2678000032901764,0.6530864238739014,0.5928613818072543,0.8898176480270794,0.3358073722398187,-0.5416474442069614,-0.8224983417959084,0.8772187362109505,1.1835551891818463,2.1431920313293333,0.24441067264446442,239_7
9,0.9968155550232254,23.97347473459029,0.8990780086504451,0.9409220939924771,0.9363532787274171,0.1764499992132187,0.07575000077486038,0.0348999984562397,0.05034999921917915,0.030150000005960464,0.3301999866962433,0.8326627016067505,0.21459999680519104,0.11569999903440475,0.04280000180006027,0.06199999898672104,0.04839999973773956,0.2964000105857849,0.7192575335502625,0.19249999523162842,0.09109999984502792,0.030799999833106995,0.05779999867081642,0.03150000050663948,0.3463999927043915,0.8332892060279846,0.7623585433692874,0.4531374077709138,0.26839348091862036,0.7749250584358931,-0.5422813421354072,-0.11318848718180977,3.133509076553632,0.6841998088724,0.6855279082311729,239_9
9,0.7163615233211118,23.933050546804907,0.8657042783503404,0.8753974483241517,0.9711729781864576,0.16680000722408295,0.07530000060796738,0.03539999946951866,0.04670000076293945,0.033900000154972076,0.2687999904155731,0.7760158777236938,0.21449999511241913,0.12639999389648438,0.04340000078082085,0.058400001376867294,0.04619999974966049,0.2944999933242798,0.7287936806678772,0.20954999327659607,0.10249999910593033,0.04100000113248825,0.05494999885559082,0.03824999928474426,0.32899999618530273,0.7916950583457947,0.9624185296132324,0.5242406696838575,0.22810421869148198,-0.4152368979386797,-0.8900365573739949,0.6286006633950095,1.3347785467305964,1.9989995237402545,0.3560372444844116,239_7
9,0.8367357713931263,23.364237308900428,0.7717809263021154,0.8386309276546255,0.9138429044754178,0.14554999768733978,0.06750000268220901,0.03725000098347664,0.04475000128149986,0.0284000001847744,0.23755000531673431,0.7864260077476501,0.17880000174045563,0.1257999986410141,0.041600000113248825,0.055799998342990875,0.06440000236034393,0.16619999706745148,0.44145703315734863,0.17524999380111694,0.08254999667406082,0.030500000342726707,0.0471000000834465,0.032749999314546585,0.3212999999523163,0.8149979114532471,0.8358466521248634,0.6891592259175023,0.34773264226465483,0.43248206380376114,-0.2925161249923679,-0.7753047366373909,1.662275025916772,1.1235525367869934,0.6298018709360411,233_8
9,0.7311837255090836,23.769736828151977,0.6178102500723927,0.9668164947057749,0.6487405755423972,0.16680000722408295,0.07329999655485153,0.0321200005710125,0.043699998408555984,0.029400000348687172,0.3100000023841858,0.8267530798912048,0.16706666350364685,0.07306666672229767,0.03269999846816063,0.046300001442432404,0.03323749825358391,0.3174999952316284,0.8104708194732666,0.23549999296665192,0.13494999706745148,0.040300000458955765,0.06105000153183937,0.04659999907016754,0.2815000116825104,0.7159402966499329,0.28550384388035,0.9048414624694687,0.24695701682541046,-0.7397691048817672,0.9809505466156359,-0.7498390811427068,0.08133916945747935,2.4035234660174742,0.19090972886449326,237_7
9,0.9432759640897022,23.434305901061748,0.6886439206758233,0.92497554635849,0.8278280032182344,0.1467999964952469,0.06400000303983688,0.029400000348687172,0.04540000110864639,0.029999999329447746,0.29319998621940613,0.8143564462661743,0.16635000705718994,0.09480000287294388,0.025299999862909317,0.041999999433755875,0.037450000643730164,0.25040000677108765,0.7397950291633606,0.18700000643730164,0.08900000154972076,0.044199999421834946,0.06589999794960022,0.0430000014603138,0.3343999981880188,0.7721250653266907,0.48056596585403694,0.8111791360912077,0.2741237591889835,-0.43870304133246524,0.6881804482597657,-0.8852770550091809,0.4009074953469426,2.0249512320938754,0.32400380423820796,234_9
9,0.06068119744227296,23.717724373201463,0.9379783252559682,0.9394410540647645,0.9686403184768643,0.16444000601768494,0.07084999978542328,0.03240000084042549,0.04529999941587448,0.030400000512599945,0.28392499685287476,0.8065696358680725,0.179133340716362,0.09835000336170197,0.03696666657924652,0.05095833167433739,0.03840000182390213,0.27219998836517334,0.7527366280555725,0.17139999568462372,0.07734999805688858,0.03395000100135803,0.04724999889731407,0.03245000168681145,0.3121500015258789,0.8116657137870789,0.9880143459119194,0.3540440906492033,0.23195646589167776,0.9288003687822128,0.5632470594589315,0.43780350930883905,2.561641845026567,0.3796338960629955,0.7935488458254149,237_0
9,0.02573673289002265,23.665532255194115,0.9167605290663206,0.8454851741433844,0.9302028504991946,0.18240000307559967,0.08089999854564667,0.037050001323223114,0.05534999817609787,0.03135000169277191,0.3603000044822693,0.8399080634117126,0.2175000011920929,0.12290000170469284,0.04399999976158142,0.06469999998807907,0.052400000393390656,0.2476000040769577,0.6506666541099548,0.19619999825954437,0.08889999985694885,0.03929999843239784,0.06894999742507935,0.038100000470876694,0.3465999960899353,0.8019235730171204,1.370939925027824,0.4109029390687107,0.36659206879332196,0.6458255893470304,-0.5459414452639136,0.20450324022212446,2.47303788960971,0.8686921941784872,0.41175342222003103,236_0
9,0.888658394815236,23.389030810742128,0.9354744963822953,0.9442717421699662,0.9650482929923296,0.14390000700950623,0.06610000133514404,0.030400000512599945,0.045899998396635056,0.03420000150799751,0.2508000135421753,0.7599999904632568,0.15649999678134918,0.08420000225305557,0.028699999675154686,0.03709999844431877,0.03200000151991844,0.19259999692440033,0.7150489687919617,0.15919999778270721,0.07280000299215317,0.02525000087916851,0.03779999911785126,0.025949999690055847,0.27000001072883606,0.8246325254440308,0.9286379978310473,0.3611969565881119,0.23429805705022066,0.8612775472653489,0.8246334543254839,0.7884382888786471,1.1279968983286128,0.5330177964744356,0.5443304415915954,233_8
9,0.8023302960113501,23.81105933122148,0.8111881910973526,0.9785102575370634,0.8062630677196436,0.17910000681877136,0.08110000193119049,0.03629999980330467,0.0494999997317791,0.034299999475479126,0.2831999957561493,0.7839370369911194,0.16769999265670776,0.07270000129938126,0.03629999980330467,0.05220000073313713,0.03269999846816063,0.29420000314712524,0.7999388575553894,0.20995000004768372,0.11704999953508377,0.0434500016272068,0.058800000697374344,0.051500000059604645,0.2468000054359436,0.654710054397583,0.332505520679796,0.6246152235862014,0.20508595784044045,-0.9024334251596351,0.8820002179480123,-0.9380051553645491,0.18200051187979854,2.696181083020763,0.33667747015320343,238_8
9,0.6743203680243166,23.86639555272324,0.6492483259551343,0.6419248546791145,0.8719464892173935,0.15809999406337738,0.07275000214576721,0.03465000167489052,0.047850001603364944,0.029400000348687172,0.26365000009536743,0.7993516325950623,0.19130000472068787,0.11100000143051147,0.03759999945759773,0.049800001084804535,0.05249999836087227,0.2093999981880188,0.5990836024284363,0.20874999463558197,0.09669999778270721,0.03590000048279762,0.057349998503923416,0.03254999965429306,0.34700000286102295,0.8284810781478882,1.0110966581460619,0.8642006025859297,0.47934644075267474,-0.051738268770244344,-0.4350810083736464,-0.7874858150672038,1.2455178415687262,1.622557705998526,0.3909600624989929,238_6
9,0.5651750610037958,23.88885343482623,0.7346000990657932,0.6365043396641133,0.8583904791594513,0.16060000658035278,0.07500000298023224,0.04280000180006027,0.05290000140666962,0.03920000046491623,0.24420000612735748,0.723359227180481,0.22859999537467957,0.14284999668598175,0.0515500009059906,0.06729999929666519,0.06844999641180038,0.18060000240802765,0.45031121373176575,0.21490000188350677,0.09884999692440033,0.03310000151395798,0.05575000122189522,0.03305000066757202,0.3522000014781952,0.8284230828285217,1.1811937819158556,0.7457192234633677,0.5129223960796625,-0.8000477751950816,0.13418964861267335,-0.5123963848081291,0.5749008201731309,2.4981711743489727,0.7253862929114129,238_5
9,0.229384807799919,23.985961317039546,0.7729771467839611,0.7269674124390393,0.8999170317629885,0.18334999680519104,0.08224999904632568,0.03804999962449074,0.04989999905228615,0.0320499986410141,0.3090499937534332,0.812078595161438,0.2578999996185303,0.17730000615119934,0.06835000216960907,0.07840000092983246,0.09189999848604202,0.2535499930381775,0.4679403603076935,0.22804999351501465,0.11554999649524689,0.0364999994635582,0.0568000003695488,0.039900001138448715,0.3402999937534332,0.7901104688644409,1.101306079810934,0.6872758927616618,0.43325194768460085,0.19793433185403458,-0.682498769269184,0.2226227737627871,1.692959607687072,1.3715462178400672,0.6332609876508029,239_2
9,0.8903651938550627,23.990542724988558,0.5382349406026519,0.9437889931134346,0.6759875696819654,0.16940000653266907,0.0731000006198883,0.03714999929070473,0.05144999921321869,0.03415000066161156,0.2973000109195709,0.7939357161521912,0.1800999939441681,0.07720000296831131,0.035599999129772186,0.05220000073313713,0.03180000185966492,0.305400013923645,0.8113878965377808,0.21854999661445618,0.12540000677108765,0.03840000182390213,0.054749999195337296,0.045249998569488525,0.19290000200271606,0.619987428188324,0.33605972728751193,1.002454914410923,0.2636734899271513,-0.8941310879706956,0.9095236753707179,-0.8416251185256789,0.1601099379092574,2.6772833758445382,0.4107881182029134,239_8
9,0.6995630275080753,23.690864746206287,0.8037624931469148,0.8804057644998279,0.9241697436040704,0.14264999330043793,0.06390000134706497,0.03454999998211861,0.04960000142455101,0.031550001353025436,0.28744998574256897,0.802194356918335,0.17180000245571136,0.09440000355243683,0.03584999963641167,0.04924999922513962,0.044599998742341995,0.18905000388622284,0.6182324290275574,0.16290000081062317,0.07349999994039536,0.029200000688433647,0.05570000037550926,0.03060000017285347,0.2863500118255615,0.8069096207618713,0.7753863905001086,0.6372038080168727,0.3040156827682357,0.7841222001196457,-0.12630035108558268,-0.24099320325114032,2.5353168236355312,0.6695158890758194,0.9652593765033718,236_6
9,0.9231537017254254,23.954520282095366,0.5448773623725297,0.934794888607153,0.6717750511773413,0.17710000276565552,0.07339999824762344,0.039000000804662704,0.05429999902844429,0.03280000016093254,0.3497999906539917,0.8285415768623352,0.1728000044822693,0.0731000006198883,0.03849999979138374,0.05380000174045563,0.03359999880194664,0.30079999566078186,0.7990430593490601,0.22110000252723694,0.13840000331401825,0.04230000078678131,0.0608999989926815,0.05490000173449516,0.20569999516010284,0.5786646008491516,0.3651037212521312,0.9945534746141492,0.29771809575979796,-0.8264807236459952,0.8859612094882783,-0.9013436732047547,0.18958533664065058,2.54362369426601,0.3533178663780538,239_9
9,0.10254268968224167,23.71449043817863,0.9510791002366377,0.9534412307926994,0.9756109970420686,0.17817500233650208,0.07962857186794281,0.034057144075632095,0.04960000142455101,0.032225001603364944,0.2896000146865845,0.7997359037399292,0.19670000672340393,0.10170000046491623,0.03359999880194664,0.04839999973773956,0.035739999264478683,0.2721500098705292,0.7678391933441162,0.19885000586509705,0.09213333576917648,0.035599999129772186,0.054999999701976776,0.033149998635053635,0.3424000144004822,0.8234589695930481,0.9753635295097199,0.31408617396803834,0.2033213829331879,0.5392438378741211,0.5477686469243626,0.2882588589397389,0.989856880762086,1.0012573709467578,0.8365871082134457,237_1
9,0.9068941950828613,23.870797297615425,0.6070837411630486,0.8463189903744176,0.8559652984146368,0.15440000593662262,0.06800000369548798,0.0348999984562397,0.048500001430511475,0.03319999948143959,0.25,0.7655367255210876,0.15950000286102295,0.07989999651908875,0.040800001472234726,0.052299998700618744,0.04100000113248825,0.2215999960899353,0.6877380013465881,0.18870000541210175,0.1035500019788742,0.03635000064969063,0.05615000054240227,0.04580000042915344,0.23849999904632568,0.6778051257133484,0.6116651030501887,0.918410825201884,0.3135592800934294,-0.28995572284500504,0.5233464747734056,0.4208982957420814,0.5469359201775051,1.8649768995366733,0.6067000032413623,238_9
9,0.8368256029215395,23.363249162087897,0.7962429994319458,0.8090864424575115,0.8940013294505218,0.12985000014305115,0.058150000870227814,0.028149999678134918,0.0377499982714653,0.027550000697374344,0.211899995803833,0.7698892951011658,0.20819999277591705,0.14990000426769257,0.036400001496076584,0.04670000076293945,0.045099999755620956,0.15809999406337738,0.5561023354530334,0.17299999296665192,0.08990000188350677,0.03020000085234642,0.04729999974370003,0.03189999982714653,0.2955999970436096,0.8051908612251282,0.9668534682236841,0.6497368935625997,0.41823939947910715,0.6890977751760186,-0.009277163890499193,-0.31355393542135934,1.949377234757552,0.8105530297533419,0.9056781877909874,233_8
9,0.9536065898570776,23.64819477021061,0.9768431472767772,0.9840575994711759,0.975062212164871,0.14090000092983246,0.060499999672174454,0.028599999845027924,0.0430000014603138,0.029600000008940697,0.2808000147342682,0.8092783689498901,0.13650000095367432,0.05950000137090683,0.025800000876188278,0.040300000458955765,0.02669999934732914,0.24330000579357147,0.8022222518920898,0.13989999890327454,0.05869999900460243,0.021199999377131462,0.03700000047683716,0.02630000002682209,0.2547999918460846,0.8128779530525208,0.8292282791436874,0.21562366319326898,0.16575633592928996,0.963773500638946,0.9710416067825789,0.9850276744885511,0.8935272826679913,0.26999023617528156,0.1519951844035946,236_9
9,0.8836278292241655,23.51856787471216,0.8402793597411223,0.8712635893005984,0.9478407869921383,0.1537500023841858,0.06925000250339508,0.03355000168085098,0.04410000145435333,0.031950000673532486,0.291949987411499,0.802716851234436,0.14579999446868896,0.09430000185966492,0.03460000082850456,0.03970000147819519,0.04179999977350235,0.1599999964237213,0.5857284665107727,0.17229999601840973,0.07649999856948853,0.03009999915957451,0.04690000042319298,0.03139999881386757,0.3240000009536743,0.8232976794242859,0.8953353432745434,0.5729980322061822,0.28732597852297753,0.8591767003973345,0.21010881796159028,-0.1716111215120925,2.5302816868063545,0.5371378503034903,0.6944426184273418,235_8
9,0.89350929734948,23.74215854892951,0.8021155898250473,0.982373445755714,0.8367589213092116,0.1582999974489212,0.0702499970793724,0.03229999914765358,0.0494999997317791,0.03269999846816063,0.29649999737739563,0.8013365864753723,0.17075000703334808,0.08720000088214874,0.02775000035762787,0.044199999421834946,0.027499999850988388,0.26684999465942383,0.8131476044654846,0.18905000388622284,0.08590000122785568,0.03620000183582306,0.061000000685453415,0.032749999314546585,0.3390499949455261,0.8238300085067749,0.2938199418443288,0.63996679079966,0.16813503699179833,0.34894320395208117,0.805081644411844,0.08368038442801881,0.5228983312112067,1.214353137723328,0.5545655142870176,237_8
9,0.5517901632704145,23.918138513088522,0.3667976554724687,0.9566305630239219,0.41321619434514956,0.1628500074148178,0.07445000112056732,0.0430000014603138,0.05485000088810921,0.038100000470876694,0.2789500057697296,0.7596593499183655,0.1679999977350235,0.07964999973773956,0.039650000631809235,0.05249999836087227,0.03849999979138374,0.2761499881744385,0.7552836537361145,0.2770000100135803,0.17299999296665192,0.051600001752376556,0.07779999822378159,0.07660000026226044,0.29159998893737793,0.5839217901229858,0.24730729682617614,1.1952319200765658,0.2834951740472901,-0.29555496575642926,0.9176205739762642,-0.6040287818132758,0.21848262915032265,1.8708327111381107,0.19131165523071736,239_5
9,0.5146897420362784,23.28392792250014,0.8363763214721927,0.8560856205159314,0.8568304618887156,0.17640000581741333,0.07609999924898148,0.037300001829862595,0.051500000059604645,0.02969999983906746,0.33959999680519104,0.8391551375389099,0.16439999639987946,0.07419999688863754,0.04050000011920929,0.053700000047683716,0.03700000047683716,0.29739999771118164,0.7787081003189087,0.19740000367164612,0.09354999661445618,0.03685000166296959,0.057349998503923416,0.04019999876618385,0.3107999861240387,0.7709401845932007,0.9362088730565705,0.5801575078418519,0.4484643184519874,0.4361953947179863,0.6959212919569724,0.00792779959307617,0.7156269409153685,1.1194300422362504,0.6385612765546006,232_5
9,0.6624626062739392,23.575880389838986,0.7090761248335418,0.9832930544413978,0.7177862764461839,0.13660000264644623,0.06289999932050705,0.04390000179409981,0.05530000105500221,0.03269999846816063,0.25999999046325684,0.7765630483627319,0.13860000669956207,0.05689999833703041,0.03060000017285347,0.04309999942779541,0.031099999323487282,0.2572999894618988,0.7843273282051086,0.20810000598430634,0.10869999974966049,0.038600001484155655,0.0551999993622303,0.05180000141263008,0.24469999969005585,0.650590181350708,0.23389723276218316,0.7826091981261952,0.1796799291315087,-0.5606664589281839,0.5069981317834407,-0.6306938158731507,0.4797341295211059,2.1659867692034345,0.7535981655023926,235_6
9,0.1133224730916762,23.652596515102793,0.9247683306379219,0.9574253200754863,0.9606194391563534,0.1738000065088272,0.07349999994039536,0.03200000151991844,0.04830000177025795,0.029600000008940697,0.29339998960494995,0.8167182803153992,0.18279999494552612,0.10000000149011612,0.03440000116825104,0.0478999987244606,0.03739999979734421,0.22439999878406525,0.7142857313156128,0.18700000643730164,0.0812000036239624,0.03384999930858612,0.04704999923706055,0.030500000342726707,0.26475000381469727,0.7933954000473022,0.7501830874977253,0.3903699900112654,0.21038026575650134,0.8826386350560095,0.13445418896602435,0.47932820236934215,2.9343701793209287,0.4893498807942498,0.627079913993407,236_1
9,0.9287232564869665,23.42056167721472,0.5859231374204549,0.8084050031920706,0.8029128594996662,0.13989999890327454,0.06584999710321426,0.031099999323487282,0.04625000059604645,0.031700000166893005,0.2624000012874603,0.7844270467758179,0.21850000321865082,0.147599995136261,0.042500000447034836,0.05130000039935112,0.07100000232458115,0.2370000034570694,0.5389610528945923,0.19820000231266022,0.10610000044107437,0.0340999998152256,0.04839999973773956,0.04270000010728836,0.3034000098705292,0.7532505393028259,0.6661451146003258,0.9447775773293008,0.4259154442992827,-0.10863020381874595,-0.6544218639257982,0.2500155957274611,1.3599415928638237,1.679641322009532,0.7343945469477803,234_9
9,0.7282192850714893,23.750423049543407,0.6378265621376217,0.6078983986432922,0.9135266129121662,0.16009999811649323,0.06719999760389328,0.03750000149011612,0.053050000220537186,0.0320499986410141,0.3165999948978424,0.8161479830741882,0.22360000014305115,0.13740000128746033,0.04190000146627426,0.061650000512599945,0.05685000121593475,0.22990000247955322,0.6034873723983765,0.20990000665187836,0.09549999982118607,0.03519999980926514,0.06700000166893005,0.03359999880194664,0.3675000071525574,0.8324607610702515,1.0435227577006516,0.8791233569885489,0.40545809944392824,0.3231659566227632,-0.9366430447799254,-0.156853932066673,2.2418174810880465,1.2417232754556318,0.3145649168814735,237_7
9,0.007500932622397372,23.680264625853674,0.8814551933046779,0.8685577440197267,0.9163123739856364,0.17219999432563782,0.07339999824762344,0.03480000048875809,0.05220000073313713,0.03280000016093254,0.29280000925064087,0.7985258102416992,0.22390000522136688,0.1315000057220459,0.044199999421834946,0.05770000070333481,0.05050000175833702,0.22779999673366547,0.6370822787284851,0.20839999616146088,0.09515000134706497,0.03435000032186508,0.05260000005364418,0.03604999929666519,0.34334999322891235,0.8099631071090698,1.0541819435859112,0.49186164186645814,0.3791564596422932,0.3807169937174146,-0.9620007888484785,-0.36739375340409147,2.427532541323378,1.1802247671183381,0.2730438654432086,236_0
9,0.8644038821440088,23.42505325363532,0.9009280484644874,0.9585139821270648,0.913370092388977,0.1298000067472458,0.05889999866485596,0.031099999323487282,0.039500001817941666,0.02800000086426735,0.2079000025987625,0.7626112699508667,0.12780000269412994,0.05530000105500221,0.026200000196695328,0.035999998450279236,0.025200000032782555,0.2190999984741211,0.7936962842941284,0.15479999780654907,0.06729999929666519,0.028999999165534973,0.04170000180602074,0.027000000700354576,0.2743000090122223,0.820776641368866,0.6439260589810066,0.44889302053182006,0.26090757765894007,0.862249314296097,0.9775160669252114,0.9413441631641659,0.40002771482162613,0.5311022659339634,0.0815768330087733,234_8
9,0.9081518364806289,23.837200305989356,0.48238481700691527,0.9142264200575859,0.6160536162635818,0.15299999713897705,0.06650000065565109,0.03655000030994415,0.05415000021457672,0.0328500010073185,0.30889999866485596,0.8077542185783386,0.15549999475479126,0.06960000097751617,0.038600001484155655,0.05400000140070915,0.03629999980330467,0.29760000109672546,0.7825696468353271,0.2264000028371811,0.14059999585151672,0.045099999755620956,0.06669999659061432,0.055399999022483826,0.22360000014305115,0.6028673648834229,0.39085009566854234,1.0674211288920499,0.3525014141435197,-0.8502122009151702,0.9594080823199531,-0.7433662140070689,0.11050641654106229,2.587184576011336,0.24628572220692563,238_9
9,0.6622829432171162,23.575610895253753,0.6297946106257598,0.9770458599530156,0.6722092241161794,0.13040000200271606,0.05559999868273735,0.03999999910593033,0.03720000013709068,0.030500000342726707,0.2433999925851822,0.7772909998893738,0.12890000641345978,0.05389999970793724,0.028699999675154686,0.038100000470876694,0.029100000858306885,0.23759999871253967,0.7817772626876831,0.2061000019311905,0.11050000041723251,0.03739999979734421,0.05040000006556511,0.04910000041127205,0.26989999413490295,0.6921629905700684,0.2413404529873077,0.8895075610666239,0.2000521835272458,-0.448895192533051,0.8674045739230697,-0.4480284612650017,0.25577146848030724,2.036324904053375,0.4932552275179266,235_6
9,0.9047382384009754,23.430622808396862,0.8108281632430433,0.8732908220169661,0.9364730937632157,0.13089999556541443,0.059700001031160355,0.030400000512599945,0.043699998408555984,0.02810000069439411,0.2689000070095062,0.8107743859291077,0.19009999930858612,0.12120000272989273,0.04190000146627426,0.049800001084804535,0.053199999034404755,0.1737000048160553,0.5310709476470947,0.16949999332427979,0.08100000023841858,0.03139999881386757,0.05719999969005585,0.03460000082850456,0.27869999408721924,0.779125452041626,0.8139073362496733,0.6252306192559369,0.2917166451358232,0.6549768775298759,-0.4086179272464221,-0.5879723630947282,2.325043896424805,0.8566443062124819,0.8082824716250819,234_9
9,0.07298811683470952,23.099773289255644,0.5693444418281144,0.9589591440076944,0.6317792649767539,0.15139999985694885,0.06520000100135803,0.03180000185966492,0.046300001442432404,0.02759999968111515,0.2736000120639801,0.8167330622673035,0.14579999446868896,0.06400000303983688,0.03310000151395798,0.04935000091791153,0.028550000861287117,0.2567000091075897,0.7998247146606445,0.21770000457763672,0.1189500018954277,0.042149998247623444,0.05764999985694885,0.042500000447034836,0.321399986743927,0.7664193511009216,0.2978878974098252,0.9650881118783475,0.2636372261292687,-0.7339991022915706,0.9672915435317949,-0.829580733278582,0.10708597318992233,2.394988082067711,0.1825935778656891,230_0
9,0.8431138099103759,23.693469860530236,0.705938929530697,0.8484338583879472,0.9127544997406583,0.1339000016450882,0.05810000002384186,0.029899999499320984,0.04540000110864639,0.03150000050663948,0.25679999589920044,0.7814776301383972,0.16899999976158142,0.08340000361204147,0.0340999998152256,0.04659999907016754,0.04039999842643738,0.22259999811649323,0.6927756667137146,0.17470000684261322,0.08250000327825546,0.03310000151395798,0.052000001072883606,0.028999999165534973,0.3319999873638153,0.8393352031707764,0.7086946317660869,0.787048394166507,0.2895719922999222,0.49972276948488376,0.6272651359031631,-0.28271638946677385,0.8522622255431519,1.0475176398504087,0.3644364212126988,236_8
9,0.9766932926589487,23.8909195599797,0.634441479920552,0.6978913233176662,0.9319443177519782,0.1586499959230423,0.06960000097751617,0.033649999648332596,0.051249999552965164,0.03290000185370445,0.2888000011444092,0.7954615950584412,0.18414999544620514,0.12049999833106995,0.04495000094175339,0.05925000086426735,0.05339999869465828,0.23319999873638153,0.6273552179336548,0.2092999964952469,0.11259999871253967,0.04019999876618385,0.06889999657869339,0.04610000178217888,0.3100000023841858,0.7410839796066284,0.9036080903881883,0.883510584096034,0.3353372411126175,-0.6145911443044761,-0.8178407733467635,0.4313950415902003,1.132479013378354,2.232663892505711,0.568313397573945,238_9
9,0.8882990687015884,23.389390136855774,0.8399539674874403,0.8614114164531106,0.9026574672356369,0.1429000049829483,0.06419999897480011,0.03189999982714653,0.04879999905824661,0.03200000151991844,0.2888999879360199,0.8005608916282654,0.1941000074148178,0.13545000553131104,0.0393499992787838,0.047600001096725464,0.0544000007212162,0.1941000074148178,0.562173068523407,0.17990000545978546,0.07900000363588333,0.028200000524520874,0.04500000178813934,0.026100000366568565,0.35899999737739563,0.8644508123397827,0.9287939344169253,0.5735979378986642,0.386041970555342,0.6840329724155401,-0.5799663358058568,-0.71031753072388,2.6782047917049594,0.8175191455297867,0.6919629818498821,233_8
9,0.8727582142863195,23.588277140759836,0.8695942956314234,0.8162290616346801,0.9158155065607066,0.13349999487400055,0.062199998646974564,0.031599998474121094,0.04520000144839287,0.034299999475479126,0.25200000405311584,0.7603911757469177,0.19120000302791595,0.11344999819993973,0.03200000151991844,0.04170000180602074,0.0421999990940094,0.18199999630451202,0.6235504150390625,0.16509999334812164,0.07419999688863754,0.028750000521540642,0.040550000965595245,0.027000000700354576,0.30079999566078186,0.8352653980255127,1.192725655064595,0.5164162532790675,0.39958387170857324,0.7376717341953742,0.2281083287129592,0.056198109425603826,1.808818691880696,0.7411809640117425,0.9593817323885748,235_8
9,0.229384807799919,23.98605114856796,0.7777208239636927,0.7288805667710389,0.8969473724136209,0.17100000381469727,0.07625000178813934,0.03525000065565109,0.04919999837875366,0.03164999932050705,0.289249986410141,0.8027423024177551,0.24690000712871552,0.16705000400543213,0.058400001376867294,0.06915000081062317,0.07919999957084656,0.23600000143051147,0.4974619448184967,0.21565000712871552,0.10809999704360962,0.03375000134110451,0.05635000020265579,0.03750000149011612,0.2937999963760376,0.7736190557479858,1.109370892437884,0.6797644267921668,0.4393235587559896,-0.15065937894342246,-0.9639024893380052,0.0418281353839155,1.6678477434249734,1.7220315578950944,0.24485431450986075,239_2
9,0.8187694657107372,23.872144770541603,0.6219074565855472,0.8748550471745041,0.8902308850247023,0.1565999984741211,0.07262499630451202,0.03415000066161156,0.04704999923706055,0.03437500074505806,0.25033333897590637,0.7585248351097107,0.18264999985694885,0.10029999911785126,0.03819999843835831,0.04884999990463257,0.04634999856352806,0.225600004196167,0.6591285467147827,0.18389999866485596,0.10509999841451645,0.04100000113248825,0.05900000035762787,0.04594999924302101,0.23250000178813934,0.6699587106704712,0.5620814883411005,0.8996201673157066,0.1980793017039548,-0.3744347323520603,0.14479713179221262,0.6670800519252269,0.7293054766791461,1.9545834110444835,0.6114961300645909,238_8
9,0.059243892987680624,23.955418597379484,0.9560654612331545,0.9689814751697697,0.9781164000892216,0.16660000383853912,0.07769999653100967,0.03530000150203705,0.04839999973773956,0.03240000084042549,0.2897000014781952,0.7988202571868896,0.20180000364780426,0.10689999908208847,0.04170000180602074,0.05260000005364418,0.05009999871253967,0.22939999401569366,0.6415026783943176,0.19169999659061432,0.09239999949932098,0.0357000008225441,0.05079999938607216,0.03660000115633011,0.26100000739097595,0.7540322542190552,0.8393315774931249,0.29752334094794264,0.1731029370720063,0.39190697377130546,-0.7838440081527478,-0.04959302929457298,2.115952179142433,1.1680928602620544,0.5542461973800962,239_0
9,0.8236203682449812,23.406637790310867,0.7834363413592589,0.8606025637375745,0.8726554121895272,0.13819999992847443,0.06279999762773514,0.037700001150369644,0.0494999997317791,0.032999999821186066,0.3061000108718872,0.8053671717643738,0.2017499953508377,0.15444999933242798,0.04259999841451645,0.053199999034404755,0.06305000185966492,0.17225000262260437,0.4640883803367615,0.17964999377727509,0.09335000067949295,0.030400000512599945,0.04879999905824661,0.03135000169277191,0.33739998936653137,0.8299660682678223,0.796791702559431,0.6706202616108056,0.39676049518798995,0.479460618941714,-0.7220570245109105,-0.760245403269862,2.2204559789571943,1.0707563525268438,0.5059884816642302,234_8
9,0.9281842673164942,23.93772178628233,0.7990953601526396,0.8600497109841972,0.9238858134148566,0.15444999933242798,0.06710000336170197,0.03669999912381172,0.05184999853372574,0.03370000049471855,0.2948000133037567,0.7948249578475952,0.195700004696846,0.11320000141859055,0.038100000470876694,0.050999999046325684,0.039000000804662704,0.2651999890804291,0.7435897588729858,0.18025000393390656,0.08590000122785568,0.03350000083446503,0.052549999207258224,0.03620000183582306,0.32179999351501465,0.7977653741836548,0.8301134034923395,0.6450073299738689,0.3246637302247055,0.6042457387212359,-0.6883222196120626,-0.3679024103894467,2.5271442755465454,0.9219774149252907,0.7228979943065194,239_9
9,0.40599359265781665,23.968803495112866,0.45905804838614556,0.6640162339005153,0.8760952688323672,0.16785000264644623,0.07429999858140945,0.036649998277425766,0.0515500009059906,0.031700000166893005,0.30375000834465027,0.8110001683235168,0.2329999953508377,0.13529999554157257,0.06145000085234642,0.0763000026345253,0.0729999989271164,0.2304999977350235,0.5189456343650818,0.26190000772476196,0.18170000612735748,0.05389999970793724,0.06840000301599503,0.06530000269412994,0.21529999375343323,0.534568727016449,0.772144209142701,1.0938616903071792,0.3815663167368121,-0.9146059649499673,-0.7948668506020806,0.9186275917083804,0.9134987885047761,2.7253286719660754,0.3788977135288909,239_4
9,0.8434731360240235,23.693380029001823,0.608873247195464,0.9546793295868077,0.7171553734471453,0.14090000092983246,0.0580499991774559,0.03440000116825104,0.04879999905824661,0.03220000118017197,0.29124999046325684,0.8008965849876404,0.14380000531673431,0.06069999933242798,0.027899999171495438,0.04639999940991402,0.02759999968111515,0.3273000121116638,0.8444632291793823,0.1818999946117401,0.09570000320672989,0.03929999843239784,0.05869999900460243,0.046799998730421066,0.23589999973773956,0.6689069867134094,0.32987341135765835,0.9161569059344291,0.24340918448947038,-0.49627835356740463,0.9027519957788475,-0.7347043057526006,0.21275102563882348,2.090103020032521,0.2756650730096462,236_8
9,0.3759898621682236,23.654303314142624,0.9504325122638635,0.9789347394704168,0.960846475840112,0.15360000729560852,0.06689999997615814,0.031099999323487282,0.04650000110268593,0.029100000858306885,0.32989999651908875,0.8378829956054688,0.14824999868869781,0.06274999678134918,0.02930000051856041,0.04574999958276749,0.028200000524520874,0.31779998540878296,0.8369942307472229,0.14869999885559082,0.06350000202655792,0.028200000524520874,0.04619999974966049,0.027000000700354576,0.32199999690055847,0.8452721834182739,0.6503391015127248,0.31617235001286353,0.17918023160146315,0.9885280468179984,0.9894871004831467,0.997657069327224,0.9572110950639416,0.15161764288171578,0.06488584586691934,236_3
9,0.8317052058020575,23.995573290579628,0.6006715422645981,0.7778482374137885,0.8629193119317519,0.17090000212192535,0.07410000264644623,0.03449999913573265,0.053449999541044235,0.03395000100135803,0.31929999589920044,0.8077848553657532,0.2549000084400177,0.1774500012397766,0.052799999713897705,0.06800000369548798,0.07750000059604645,0.21410000324249268,0.4684499204158783,0.21979999542236328,0.11225000023841858,0.037950001657009125,0.07320000231266022,0.041200000792741776,0.3598000109195709,0.7945137023925781,0.7335071049943949,0.9264555256659978,0.3873040882616405,0.10789385100821886,-0.898026925943552,0.2690664491254022,1.8363812559295565,1.4626920379889623,0.24092521826823757,239_8
9,0.9080620049522174,23.837110474460943,0.49188662651708354,0.9403577868565914,0.6082160676083385,0.15424999594688416,0.0658000037074089,0.03799999877810478,0.05454999953508377,0.03400000184774399,0.337799996137619,0.8171059489250183,0.1565999984741211,0.06729999929666519,0.039000000804662704,0.05660000070929527,0.03660000115633011,0.311599999666214,0.7897759675979614,0.2337000072002411,0.14069999754428864,0.044599998742341995,0.06639999896287918,0.05530000105500221,0.22460000216960907,0.6048588752746582,0.3285398379591839,1.0565410026914632,0.29620243939352775,-0.7949759976672727,0.9528624606132368,-0.6696804388867096,0.12381153598484339,2.4897643393047,0.2666369845965919,238_9
9,0.3758101991114007,23.654482977199443,0.8881628827288358,0.9345600378170583,0.9325105661162174,0.14470000565052032,0.06109999865293503,0.028599999845027924,0.03500000014901161,0.024399999529123306,0.25619998574256897,0.8260869383811951,0.1460999995470047,0.06800000369548798,0.029400000348687172,0.039400000125169754,0.0333000011742115,0.2176000028848648,0.7345556020736694,0.1623000055551529,0.06920000165700912,0.032099999487400055,0.045899998396635056,0.030799999833106995,0.28119999170303345,0.8025640845298767,0.7618906829563209,0.47746456258194225,0.2772620599305819,0.9667714840694056,0.89915272680924,0.8049499386285204,1.7522087203516432,0.25851184322647186,0.3580650192909681,236_3
9,0.8361069506942425,23.37214248340068,0.7211623260860985,0.8879926373806193,0.8862194898865533,0.13725000619888306,0.06445000320672989,0.03604999929666519,0.04839999973773956,0.033799998462200165,0.24500000476837158,0.7575322985649109,0.22619999945163727,0.14589999616146088,0.033799998462200165,0.04439999908208847,0.04529999941587448,0.21250000596046448,0.6485648155212402,0.18729999661445618,0.08980000019073486,0.028999999165534973,0.042500000447034836,0.029999999329447746,0.27140000462532043,0.8009290099143982,0.6243615296348318,0.7653176652754652,0.2924822138395676,0.38424670446331566,-0.40971317355919695,0.18789927328081854,1.6940906014325225,1.176404577375364,0.8320006421008401,233_8
9,0.8865922696617599,23.390378283668305,0.8736948586154355,0.905859434479478,0.9364523797593004,0.16699999570846558,0.07429999858140945,0.03180000185966492,0.0502999983727932,0.03720000013709068,0.32109999656677246,0.7923527956008911,0.2033499926328659,0.12800000607967377,0.037300001829862595,0.049550000578165054,0.050700001418590546,0.18629999458789825,0.5721518993377686,0.18780000507831573,0.08669999986886978,0.031599998474121094,0.05009999871253967,0.03060000017285347,0.319599986076355,0.8252426981925964,0.8609233680136544,0.5080498658788086,0.3009447869906127,0.8119505116648369,-0.7075407546158212,-0.6876807034342574,3.7811148575884834,0.6233104516936179,0.6795465316917625,233_8
9,0.8983601998837258,23.370615347417676,0.8468383541006398,0.8605546914570609,0.9053678571856181,0.149399995803833,0.06930000334978104,0.03884999826550484,0.053599998354911804,0.03420000150799751,0.2777499854564667,0.7807340621948242,0.19589999318122864,0.11710000038146973,0.03500000014901161,0.047200001776218414,0.04399999976158142,0.24424999952316284,0.6947094798088074,0.17489999532699585,0.08094999939203262,0.0340999998152256,0.05040000006556511,0.03350000083446503,0.34815001487731934,0.8244464993476868,0.9530203599162183,0.5607840876018335,0.386222936563855,0.4092280429434094,-0.6576953791109875,-0.5120522266938731,1.9914501552783368,1.1491884685411162,0.7046739410099228,233_8
9,0.8184101395970895,23.352469378678464,0.9393444807922189,0.94824492197645,0.924982005767456,0.1457500010728836,0.06679999828338623,0.035750001668930054,0.043949998915195465,0.029349999502301216,0.27649998664855957,0.8080758452415466,0.18164999783039093,0.10305000096559525,0.03139999881386757,0.039500001817941666,0.03689999878406525,0.19789999723434448,0.6856899261474609,0.17299999296665192,0.08214999735355377,0.02944999933242798,0.04500000178813934,0.02565000019967556,0.3104499876499176,0.8473668694496155,0.9230227533945651,0.3500823244458438,0.3014254336929653,0.7610753528465436,0.316102913386826,0.2315456157319472,1.769806675044452,0.7058270224391895,0.9486227108831018,233_8
9,0.8238898628302174,23.41409380716906,0.7992026764023713,0.801079885845225,0.8647242229166585,0.1446000039577484,0.07029999792575836,0.042399998754262924,0.052299998700618744,0.03790000081062317,0.26739999651908875,0.75171959400177,0.23240000009536743,0.15860000252723694,0.04114999994635582,0.051500000059604645,0.06319999694824219,0.22699999809265137,0.5644383430480957,0.1728000044822693,0.09510000050067902,0.03620000183582306,0.04580000042915344,0.03400000184774399,0.23010000586509705,0.7425217628479004,0.9951465050983109,0.6448288066584975,0.46772389293569294,0.27187347408950935,-0.5256380668454279,-0.06352807699112341,1.639777520528095,1.2954570248195325,0.8466998804909404,234_8
9,0.8429341468535512,23.693649523587055,0.882054026303136,0.8977043228131729,0.9696429761658227,0.13885000348091125,0.062150001525878906,0.033649999648332596,0.0466499999165535,0.031700000166893005,0.3014500141143799,0.8096953630447388,0.15919999778270721,0.07890000194311142,0.02850000001490116,0.042500000447034836,0.03229999914765358,0.18930000066757202,0.7084837555885315,0.14920000731945038,0.06620000302791595,0.02800000086426735,0.04399999976158142,0.02590000070631504,0.2930000126361847,0.837566614151001,0.9300294733581831,0.4905921425974113,0.2273401045926183,0.9191596661762896,0.4604601390284981,0.5978684367452469,2.6979630645222756,0.40485462945426165,0.7690320717942173,236_8
9,0.07514407351659713,23.852920823461446,0.8770365602441079,0.9216189619791045,0.9476340972574208,0.19290000200271606,0.08250000327825546,0.03849999979138374,0.05590000003576279,0.03420000150799751,0.351500004529953,0.8226600885391235,0.2328999936580658,0.13750000298023224,0.04569999873638153,0.06530000269412994,0.050200000405311584,0.32519999146461487,0.7325519323348999,0.2168000042438507,0.10429999977350235,0.037950001657009125,0.06145000085234642,0.03644999861717224,0.3112500011920929,0.7903364896774292,0.7953198363729634,0.5011376820455844,0.25787031090281254,0.6106281040828307,0.19342330813166664,0.7201773792886773,1.5057245592458457,0.9139428348363765,0.620148015056116,238_0
9,0.9223452179697169,23.96395259257862,0.8654838902790916,0.8728608569649295,0.9534017061725145,0.15680000185966492,0.066600002348423,0.03449999913573265,0.05050000175833702,0.03400000184774399,0.2856000065803528,0.7872340083122253,0.19869999587535858,0.11514999717473984,0.039500001817941666,0.05674999952316284,0.04544999822974205,0.19920000433921814,0.6284488439559937,0.19589999318122864,0.08389999717473984,0.03060000017285347,0.0551999993622303,0.03009999915957451,0.3476000130176544,0.8406142592430115,0.9715652369911888,0.5246807889185322,0.28627846068498924,0.426945531,-0.6877614149178579,-0.8045736986704823,2.061812882271369,1.1296840551545109,0.45577825958168733,239_9
9,0.5746972030154627,23.38238327763964,0.8796996757967723,0.890528551391156,0.9394126319084978,0.14630000293254852,0.06440000236034393,0.038100000470876694,0.05040000006556511,0.032999999821186066,0.2614000141620636,0.7758152484893799,0.19930000603199005,0.10859999805688858,0.057999998331069946,0.07639999687671661,0.07720000296831131,0.22100000083446503,0.4822266697883606,0.12559999525547028,0.0625,0.030500000342726707,0.03920000046491623,0.02160000056028366,0.2685999870300293,0.8511371612548828,0.9530326693594608,0.49556605296734557,0.3151476342603384,0.83596472438016,-0.4118315392758202,-0.8160491989620396,3.4347255194557245,0.5809079545396959,0.30226129439058397,233_5
9,0.7753808374877629,23.9126587898554,0.81244890349895,0.8554836316023721,0.9663339764775648,0.1468999981880188,0.06379999965429306,0.0333000011742115,0.045499999076128006,0.030649999156594276,0.21850000321865082,0.7539634704589844,0.16949999332427979,0.10119999945163727,0.031700000166893005,0.04729999974370003,0.03669999912381172,0.17919999361038208,0.660027801990509,0.18649999797344208,0.09399999678134918,0.035999998450279236,0.050599999725818634,0.03660000115633011,0.23839999735355377,0.7338181734085083,0.8744588076452728,0.6224561331208722,0.22720935971084025,0.6564618270498105,0.6468933830385842,0.8973098608956295,1.0147602926781985,0.8546774969242923,0.43468989391888274,239_7
9,0.848683364671917,23.58836697228825,0.796808895877595,0.8481927525287127,0.9116968632861022,0.14419999718666077,0.06400000303983688,0.02979999966919422,0.0430000014603138,0.03060000017285347,0.2863999903202057,0.8069400787353516,0.14914999902248383,0.07474999874830246,0.02944999933242798,0.04295000061392784,0.032749999314546585,0.24895000457763672,0.7674831748008728,0.1559000015258789,0.07020000368356705,0.03020000085234642,0.04690000042319298,0.0348999984562397,0.3124000132083893,0.7990210056304932,0.8604061889453556,0.6488009152191014,0.35806695638966796,0.951651787447619,0.9318010260638953,0.8101399267264875,1.1896874105671216,0.3122271818298834,0.2637173949805774,235_8
9,0.8999771673951411,23.971228946379988,0.6875210884643339,0.8876142643507561,0.8438937263800441,0.1673000007867813,0.0754999965429306,0.032999999821186066,0.04899999871850014,0.03200000151991844,0.3075999915599823,0.8115429878234863,0.18504999577999115,0.09234999865293503,0.04179999977350235,0.05705000087618828,0.03970000147819519,0.3176499903202057,0.7778088450431824,0.22949999570846558,0.12489999830722809,0.039000000804662704,0.0649000033736229,0.05389999970793724,0.3209500014781952,0.7124183177947998,0.5889521849973811,0.8127265208730311,0.3295765303978039,-0.6583332152736014,0.015459381021258933,0.3791702993488445,0.6793645826671315,2.289398608067,0.8556948155393269,239_8
9,0.9045585753441507,23.531503614803484,0.9773457286487126,0.973375617723701,0.978340742514524,0.15129999816417694,0.06549999862909317,0.03310000151395798,0.045099999755620956,0.03519999980926514,0.27239999175071716,0.7711313366889954,0.156700000166893,0.06909999996423721,0.028300000354647636,0.0406000018119812,0.028999999165534973,0.2872999906539917,0.8166297674179077,0.13795000314712524,0.05719999969005585,0.0243500005453825,0.03545000031590462,0.025949999690055847,0.23559999465942383,0.801567554473877,1.0844504559153902,0.21326194166425108,0.19038462292182032,0.9400586442629947,0.9169988095836471,0.9517031683216405,1.17906021966253,0.34799409117148805,0.29994774101080324,235_9
9,0.8971923900143715,23.753028163867356,0.9070156649004218,0.953754093987747,0.9448871493988132,0.13689999282360077,0.061000000685453415,0.028200000524520874,0.03700000047683716,0.027699999511241913,0.23010000586509705,0.7851047515869141,0.16599999368190765,0.09059999883174896,0.0272000003606081,0.041600000113248825,0.034299999475479126,0.20800000429153442,0.7168799042701721,0.15674999356269836,0.07064999639987946,0.02930000051856041,0.04039999842643738,0.026350000873208046,0.2345000058412552,0.7979682087898254,0.7024181440748326,0.4346543113570811,0.2332925792121791,0.9802789462976558,0.8492984120729614,0.8539849598841297,2.7956891356993445,0.19892821195893048,0.5166493777494628,237_8
9,0.5384052655370333,23.928199644270663,0.9397198871105236,0.9164401469224638,0.960801865428684,0.1826000064611435,0.07769999653100967,0.03849999979138374,0.05469999834895134,0.03290000185370445,0.34380000829696655,0.8253251910209656,0.18700000643730164,0.10260000079870224,0.04170000180602074,0.05350000038743019,0.03959999978542328,0.2712000012397766,0.7451737523078918,0.211899995803833,0.1002499982714653,0.033900000154972076,0.05050000175833702,0.03269999846816063,0.3199999928474426,0.8145732879638672,1.1797153585236777,0.34898612026618386,0.27438705538011765,0.585829700118633,-0.1895884793394613,-0.2001721849955712,1.8642741213315541,0.9448928750278046,0.9756882925780422,239_5
9,0.042804723288293545,23.93745229169709,0.8592246246046498,0.7903885801471386,0.9053372516204619,0.16949999332427979,0.07429999858140945,0.04165000095963478,0.05415000021457672,0.03440000116825104,0.26600000262260437,0.7709720134735107,0.20360000431537628,0.13830000162124634,0.05389999970793724,0.06520000100135803,0.06069999933242798,0.25200000405311584,0.6117684841156006,0.20340000092983246,0.09345000237226486,0.03474999964237213,0.05860000103712082,0.0364999994635582,0.36419999599456787,0.817818820476532,1.2277449481878415,0.5370441822486979,0.42398989237999146,-0.21936077510320906,-0.1873697961539434,-0.27504900121070475,0.9817655040911165,1.7919555663327442,0.9273018220787697,239_0
9,0.5516105002135916,23.91831817614535,0.33802297516363533,0.9205325968585413,0.46393412263730227,0.17589999735355377,0.07890000194311142,0.041999999433755875,0.05490000173449516,0.035100001841783524,0.3237000107765198,0.804347813129425,0.17260000109672546,0.07900000363588333,0.039400000125169754,0.05270000174641609,0.034049998968839645,0.302949994802475,0.7979228496551514,0.28459998965263367,0.17489999532699585,0.052799999713897705,0.07180000096559525,0.0658000037074089,0.24300000071525574,0.5738341808319092,0.3273743649139437,1.2259808989500922,0.35534403462135195,-0.34800069718527027,0.910407731433979,-0.6799957206404769,0.2214309328958861,1.9262339813443135,0.1452204924471835,239_5
9,0.0657117630333417,23.39603766995826,0.7454260003804762,0.8031711223362028,0.9288864479266764,0.14720000326633453,0.06639999896287918,0.024000000208616257,0.03929999843239784,0.026499999687075615,0.29499998688697815,0.8351477384567261,0.22460000216960907,0.13840000331401825,0.04910000041127205,0.055649999529123306,0.05990000069141388,0.17425000667572021,0.4883621633052826,0.19740000367164612,0.09284999966621399,0.03424999862909317,0.05195000022649765,0.032349999994039536,0.328000009059906,0.8204523324966431,0.8746947967322141,0.7296226382406799,0.3310037315687756,0.5092192905579714,-0.7710406772620165,-0.7712947755168735,2.3649063291572094,1.0365189101866952,0.46033770183704104,233_0
9,0.007141606508749732,23.675952712489902,0.8752319406326584,0.8824245776585204,0.9597702860861046,0.155799999833107,0.06785000115633011,0.03595000132918358,0.04450000077486038,0.030799999833106995,0.27605000138282776,0.7992504239082336,0.18719999492168427,0.10639999806880951,0.033399999141693115,0.04690000042319298,0.0357000008225441,0.22519999742507935,0.7263319492340088,0.18970000743865967,0.09139999747276306,0.03539999946951866,0.052000001072883606,0.035100001841783524,0.29019999504089355,0.7841991782188416,0.9701392507633673,0.5048812081484985,0.26675114057043336,0.5092728783007765,0.24263507911144433,0.1621384451987753,1.2790840363165548,1.0364566438165717,0.9690817951030692,236_0
9,0.8417663369841968,23.52952732117842,0.9168372170464705,0.9726233065950293,0.943754471034933,0.15479999780654907,0.07010000199079514,0.03759999945759773,0.052799999713897705,0.03220000118017197,0.28119999170303345,0.7945117950439453,0.1565999984741211,0.07289999723434448,0.02879999950528145,0.04190000146627426,0.028300000354647636,0.2583500146865845,0.8025466799736023,0.1696999967098236,0.07660000026226044,0.03400000184774399,0.051899999380111694,0.03400000184774399,0.29789999127388,0.7951189875602722,0.5710380719705301,0.41071090670246313,0.19243196949857289,0.8296435691550513,0.6544381342210683,0.7891406848746025,1.4474378140290745,0.5923273748421097,0.6142123005457618,235_8
9,0.08286958496002406,23.161757043859886,0.6418346916226141,0.9545154603979987,0.7379310804217052,0.13359999656677246,0.06094999983906746,0.030700000002980232,0.04475000128149986,0.02655000053346157,0.25130000710487366,0.8088896870613098,0.12964999675750732,0.061900001019239426,0.04540000110864639,0.05739999935030937,0.045499999076128006,0.2464500069618225,0.6883028149604797,0.16015000641345978,0.08834999799728394,0.043150000274181366,0.055149998515844345,0.04334999993443489,0.3034999966621399,0.7500360608100891,0.3464505571613293,0.873907923968501,0.24941106136721672,-0.05869822431594225,0.22305568041982296,0.7102253631547418,0.8259128177308818,1.6295283107549783,0.6521103258125283,231_0
9,0.6080247000562959,23.945357466197343,0.8178843428894431,0.7949155170999357,0.9450603955152257,0.16930000483989716,0.07400000095367432,0.04019999876618385,0.05700000002980232,0.039000000804662704,0.2919999957084656,0.7643504738807678,0.2040500044822693,0.12330000102519989,0.042100001126527786,0.05694999918341637,0.054249998182058334,0.21870000660419464,0.6024913191795349,0.20419999957084656,0.10585000365972519,0.04114999994635582,0.0608999989926815,0.03959999978542328,0.30799999833106995,0.7721518874168396,1.0633793041702349,0.6130719327492293,0.3246590424437014,0.11100350760011861,-0.45903930371313756,0.11984538966240586,1.4029603671855508,1.4595635857431413,0.8716342174496295,239_6
9,0.8429341468535512,23.693469860530236,0.7385562467693123,0.79115156613972,0.9501336766195121,0.13539999723434448,0.05990000069141388,0.03099999949336052,0.04039999842643738,0.02969999983906746,0.2298000007867813,0.771098256111145,0.1808999925851822,0.08560000360012054,0.033900000154972076,0.04800000041723251,0.042899999767541885,0.20999999344348907,0.6607354879379272,0.1657000035047531,0.08410000056028366,0.03099999949336052,0.04749999940395355,0.03229999914765358,0.27399998903274536,0.7890956401824951,0.8894898447926938,0.7398699453397174,0.28222825209504726,0.867557726783366,0.5065527980237128,0.23045829883140093,1.9972383008598802,0.5205259475233854,0.7528575452325851,236_8
9,0.7204937736280606,23.903495973957376,0.6416208235054658,0.6498542086776137,0.9065943805069503,0.16615000367164612,0.07114999741315842,0.03644999861717224,0.053599998354911804,0.030750000849366188,0.32804998755455017,0.8285952806472778,0.21334999799728394,0.12210000306367874,0.04464999958872795,0.060100000351667404,0.062049999833106995,0.20489999651908875,0.5351189374923706,0.2248000055551529,0.12325000017881393,0.042399998754262924,0.07109999656677246,0.041450001299381256,0.3231000006198883,0.7725963592529297,0.9876650342523535,0.8741867856866311,0.4125396385970073,-0.13843623335043165,-0.9304263879681105,0.2766801064306431,1.6180649018340345,1.7096785965608459,0.3346824541593459,239_7
9,0.7409753621059867,23.760394349197135,0.892310689837597,0.9045061977611604,0.9564457149462375,0.15790000557899475,0.06880000233650208,0.0357000008225441,0.050599999725818634,0.028999999165534973,0.2994999885559082,0.82343989610672,0.18970000743865967,0.10300000011920929,0.041200000792741776,0.05979999899864197,0.04839999973773956,0.2757999897003174,0.7014188766479492,0.18930000066757202,0.08919999748468399,0.03500000014901161,0.05810000002384186,0.032499998807907104,0.3596000075340271,0.8342259526252747,0.9406818413795934,0.46835807841286053,0.2691062086686483,0.5125464269895219,-0.8087655125569062,-0.3111708113874324,2.433399395942891,1.0326485683056181,0.5756811507260476,237_7
9,0.6330876964832317,23.526383217684,0.7559624921713335,0.8665217663155906,0.9022092175531813,0.147599995136261,0.06109999865293503,0.03009999915957451,0.041999999433755875,0.030500000342726707,0.25999999046325684,0.7900171875953674,0.21070000529289246,0.12049999833106995,0.04100000113248825,0.052400000393390656,0.052799999713897705,0.20749999582767487,0.5943142771720886,0.18150000274181366,0.07750000059604645,0.02879999950528145,0.04899999871850014,0.02889999933540821,0.31869998574256897,0.8337169289588928,0.732275281109954,0.7136731348336975,0.3264880030361738,0.6914308760363252,-0.511604175437762,-0.8060537859706716,2.610891345433543,0.8073285378670007,0.5884480952367732,235_6
9,0.46662987433588476,23.029525034037498,0.8264202456068935,0.9572818924374901,0.8249235963868629,0.16899999976158142,0.07270000129938126,0.0340999998152256,0.04699999839067459,0.030500000342726707,0.3553999960422516,0.8419279456138611,0.1712999939918518,0.07329999655485153,0.0364999994635582,0.05009999871253967,0.03240000084042549,0.33880001306533813,0.8254310488700867,0.21960000693798065,0.10679999738931656,0.03680000081658363,0.06419999897480011,0.041200000792741776,0.3398999869823456,0.7837837934494019,0.4904814902418593,0.5980763785572393,0.2828540709208883,0.05213723353654548,0.9819428414386767,0.08753674388808783,0.12532619563662462,1.5186354436214475,0.1856447979032881,230_4
9,0.6013771669538119,23.96386276105021,0.9160687138785676,0.8667688207342252,0.9414372725363224,0.1720999926328659,0.07649999856948853,0.04019999876618385,0.059300001710653305,0.03880000114440918,0.3181999921798706,0.7826330661773682,0.20000000298023224,0.11069999635219574,0.052149999886751175,0.07015000283718109,0.053199999034404755,0.28404998779296875,0.6845070123672485,0.20280000567436218,0.09709999710321426,0.04969999939203262,0.06960000097751617,0.04179999977350235,0.3984000086784363,0.8100863099098206,1.265317940548708,0.4126314857072725,0.33701383988366934,0.7524111664455899,0.2961702841165624,0.673862600468237,1.7663033740201366,0.7190813334641019,0.6659141762307413,239_6
9,0.6471912464439082,23.90268749020167,0.8535729785412142,0.9412312790706442,0.9290632775581983,0.16050000488758087,0.07249999791383743,0.040300000458955765,0.051100000739097595,0.0348999984562397,0.2542000114917755,0.7585610747337341,0.17990000545978546,0.10130000114440918,0.04399999976158142,0.05245000123977661,0.04814999923110008,0.20010000467300415,0.6120846271514893,0.18709999322891235,0.08609999716281891,0.035999998450279236,0.060600001364946365,0.03610000014305115,0.33320000767707825,0.8044949769973755,0.6287312505931402,0.5479908100217918,0.23645492329728698,-0.23072969694614523,0.1532672975138053,-0.8414989385470742,0.7855975695505811,1.8036238747479227,0.5386217591615812,239_6
9,0.9429166379760545,23.434575395646988,0.91304021601132,0.9518320546573557,0.9377314184160974,0.15719999372959137,0.07164999842643738,0.03359999880194664,0.04670000076293945,0.03060000017285347,0.34459999203681946,0.836887001991272,0.1527000069618225,0.06729999929666519,0.02449999935925007,0.03849999979138374,0.02630000002682209,0.3199999928474426,0.8481085896492004,0.1692499965429306,0.07935000211000443,0.03505000099539757,0.05090000107884407,0.032600000500679016,0.35199999809265137,0.8304732441902161,0.7417885081949371,0.4201194764811924,0.25626034494013045,0.9542452604963183,0.880528903640744,0.7411627129093113,1.626167011469877,0.30367079674655106,0.3389471689377718,234_9
9,0.843383304495612,23.364866129599314,0.8515490758072083,0.8404566699496439,0.9056494753075335,0.1671999990940094,0.08070000261068344,0.07150000333786011,0.0763000026345253,0.049300000071525574,0.3230000138282776,0.7351598143577576,0.21950000524520874,0.1476999968290329,0.04439999908208847,0.05959999933838844,0.06719999760389328,0.2207999974489212,0.5333333611488342,0.1875,0.08460000157356262,0.032099999487400055,0.05079999938607216,0.032099999487400055,0.37049999833106995,0.8405365347862244,1.0377041103406641,0.5518633834834257,0.4029282151857489,-0.3008171744114831,0.2736598022791988,-0.7338006697312118,0.6894253388918508,1.8763457278782167,0.6770948376138235,233_8
9,0.22103047565760647,23.996741100448986,0.5529032896435747,0.9032325059964963,0.7003985162303383,0.17739999294281006,0.08089999854564667,0.03629999980330467,0.05180000141263008,0.0340999998152256,0.2888999879360199,0.7888544797897339,0.1660500019788742,0.07909999787807465,0.027950000017881393,0.04874999821186066,0.03545000031590462,0.2627499997615814,0.7622401118278503,0.2766999900341034,0.1679999977350235,0.048900000751018524,0.06239999830722809,0.05934999883174896,0.23880000412464142,0.60187828540802,0.45032986262220553,0.9849517854513299,0.3549398734927918,-0.8731514158542076,0.5804676173358952,-0.7444073664344624,0.361451070384852,2.632426801201245,0.6523200563784904,239_2
9,0.6895018963259378,23.731827923162136,0.7872052872930162,0.8137980420685209,0.9299287210535211,0.14544999599456787,0.06270000338554382,0.0340999998152256,0.048700001090765,0.03020000085234642,0.28349998593330383,0.8074593544006348,0.1987999975681305,0.10779999941587448,0.039900001138448715,0.053199999034404755,0.05204999819397926,0.21320000290870667,0.6075400710105896,0.16990000009536743,0.0726500004529953,0.02800000086426735,0.0478999987244606,0.026599999517202377,0.36524999141693115,0.8642337918281555,0.9331952259089529,0.6645323167261816,0.3430137191438114,0.7081468684426335,-0.6702381358146507,-0.8925885831666021,2.9407436807807485,0.7839261739860492,0.4476220719923928,237_6
9,0.9138112227705815,23.582977080583532,0.9132948120831886,0.915061367725808,0.9097096887439117,0.16290000081062317,0.07050000131130219,0.03280000016093254,0.05050000175833702,0.03009999915957451,0.3540000021457672,0.8432700037956238,0.16220000386238098,0.10109999775886536,0.0357000008225441,0.05009999871253967,0.04639999940991402,0.19869999587535858,0.621379017829895,0.16869999468326569,0.07590000331401825,0.03139999881386757,0.05130000039935112,0.0340999998152256,0.32170000672340393,0.8083192706108093,0.9896099882176252,0.4194948301467658,0.3600878977524982,0.9602041227838479,-0.6437276652079658,-0.4890663391346078,8.019933036984671,0.28306418585019505,0.6100379066123294,235_9
9,0.8648530397860679,23.46062653888645,0.6618990121949077,0.756661550070722,0.9157772912290411,0.14990000426769257,0.07029999792575836,0.03680000081658363,0.05730000138282776,0.03669999912381172,0.28279998898506165,0.770266056060791,0.18469999730587006,0.11729999631643295,0.03790000081062317,0.05090000107884407,0.04479999840259552,0.1923999935388565,0.6222596764564514,0.19830000400543213,0.09350000321865082,0.03880000114440918,0.06360000371932983,0.036400001496076584,0.2996000051498413,0.7833333015441895,0.8408839537505434,0.8474469995463882,0.3479023345696308,0.10082972496382606,-0.4354457559989041,-0.5133808697797532,1.3752460429820865,1.4697949656237919,0.7666266454137007,234_8
9,0.6882442549281702,23.73290590150308,0.9196929909990847,0.977805118635795,0.9341646970134371,0.14509999752044678,0.06004999950528145,0.03220000118017197,0.04349999874830246,0.03099999949336052,0.26840001344680786,0.7929191589355469,0.13519999384880066,0.058800000697374344,0.030300000682473183,0.040699999779462814,0.028599999845027924,0.26460000872612,0.8049113154411316,0.16189999878406525,0.07649999856948853,0.030400000512599945,0.0442500002682209,0.031550001353025436,0.275299996137619,0.7943620681762695,0.5231257108100045,0.40349847212209883,0.18974616941927294,0.943706884493053,0.9962423649267399,0.9604545868013367,0.25722138417776447,0.3371330382311847,0.06113284326369602,237_6
9,0.980735711437486,23.76434693644726,0.9613079849068789,0.952052662204715,0.969304967819877,0.14980000257492065,0.062950000166893,0.029750000685453415,0.04365000128746033,0.03164999932050705,0.21850000321865082,0.7469518184661865,0.16850000619888306,0.07859999686479568,0.03009999915957451,0.04154999926686287,0.027499999850988388,0.25165000557899475,0.8029733300209045,0.17354999482631683,0.07490000128746033,0.02889999933540821,0.04544999822974205,0.027300000190734863,0.33614999055862427,0.8497729897499084,1.1140686526379868,0.27908469680574344,0.23461284090405,0.4786680392507148,0.8770258904755054,0.7524297866304706,0.46764852937548007,1.071659289398321,0.29546753931525366,237_9
9,0.6159298745565494,23.900801028105015,0.46344545529393744,0.9690832023468333,0.5279630386148173,0.15485000610351562,0.06684999912977219,0.03714999929070473,0.052000001072883606,0.036649998277425766,0.3124000132083893,0.7900014519691467,0.15629999339580536,0.06364999711513519,0.03894999995827675,0.05195000022649765,0.037050001323223114,0.29704999923706055,0.7782101035118103,0.2321999967098236,0.16290000081062317,0.04490000009536743,0.05909999832510948,0.06019999831914902,0.20280000567436218,0.5422053337097168,0.22895116030892088,1.0889168387587673,0.23013176616925674,-0.905243450676443,0.9610413988706029,-0.825208627150017,0.10361703288060897,2.702748667877077,0.2555350847366495,239_6
9,0.6373996098470052,23.553781833849648,0.842383995627033,0.8541142293333194,0.941487316873512,0.1342500001192093,0.060100000351667404,0.030700000002980232,0.03894999995827675,0.02824999950826168,0.23890000581741333,0.7885083556175232,0.13285000622272491,0.07039999961853027,0.033799998462200165,0.04035000130534172,0.03660000115633011,0.17444999516010284,0.6531627178192139,0.15320000052452087,0.06710000336170197,0.02759999968111515,0.04659999907016754,0.027499999850988388,0.31130000948905945,0.8376623392105103,0.9610734258733318,0.5691042817716679,0.31745744703722223,0.794943881248281,0.7860816400380365,0.289182796428861,1.0221988413686016,0.651881253850842,0.27546230842640496,235_6
10,0.9045585753441507,23.531952772445543,0.9939465156467637,0.9826626206671465,0.9868253710717542,0.14020000398159027,0.06030000001192093,0.03009999915957451,0.04320000112056732,0.03060000017285347,0.26669999957084656,0.7941473126411438,0.12710000574588776,0.05530000105500221,0.021199999377131462,0.03150000050663948,0.025299999862909317,0.22310000658035278,0.7962962985038757,0.12309999763965607,0.05014999955892563,0.022749999538064003,0.03180000185966492,0.02484999969601631,0.22779999673366547,0.8032851815223694,1.6939444013864766,0.11008725336704765,0.16094711809400994,0.9721277306403419,0.9547648021422213,0.9971526131430378,1.2758188702581452,0.23665467522971728,0.04256121267311775,235_9
10,0.6754881778936728,23.81061017357942,0.43978694096450355,0.9763676409318808,0.5479646079399563,0.17110000550746918,0.07289999723434448,0.03970000147819519,0.053199999034404755,0.033799998462200165,0.3208000063896179,0.8093626499176025,0.16504999995231628,0.06930000334978104,0.036649998277425766,0.051899999380111694,0.03689999878406525,0.3393999934196472,0.8038798570632935,0.22679999470710754,0.14000000059604645,0.04410000145435333,0.062199998646974564,0.0544000007212162,0.22100000083446503,0.604938268661499,0.19529149098033213,1.1154348997053158,0.17110213944264574,-0.8034283772451664,0.914748678254425,-0.8706161628594107,0.16611004433131163,2.503827472173003,0.3336236848240729,238_6
10,0.111525842523438,23.950477863316827,0.3768841833967683,0.9657044622325336,0.5023046466172993,0.17294999957084656,0.0775500014424324,0.033900000154972076,0.053050000220537186,0.03440000116825104,0.30869999527931213,0.799475371837616,0.1679999977350235,0.07519999891519547,0.03739999979734421,0.04969999939203262,0.03680000081658363,0.2800999879837036,0.767750084400177,0.26510000228881836,0.17249999940395355,0.04690000042319298,0.06379999965429306,0.05779999867081642,0.26440000534057617,0.6412166357040405,0.22176697571760143,1.184366208758318,0.21238312706607276,-0.8137702613589534,0.6730752010151414,-0.9295394611706697,0.33014799710720133,2.5214064665829476,0.3396848875470383,239_1
10,0.11934118549527639,23.996381774335333,0.5898766703310071,0.5656713577615803,0.923859423304644,0.17059999704360962,0.08030000329017639,0.039500001817941666,0.051100000739097595,0.0364999994635582,0.27570000290870667,0.7661755084991455,0.25119999051094055,0.17444999516010284,0.05025000125169754,0.06345000118017197,0.0645499974489212,0.22789999842643738,0.5585570335388184,0.23544999957084656,0.12035000324249268,0.04179999977350235,0.06629999727010727,0.04625000059604645,0.3290500044822693,0.7535305023193359,1.031555752074962,0.9398902260362312,0.38187183122440205,-0.6821797795579944,-0.689271004437444,0.648782091441312,1.004196662720218,2.321535993710361,0.6820985387367198,239_1
10,0.7864301154824336,23.731827923162136,0.8150871728423147,0.8804822632764351,0.946820510669232,0.14020000398159027,0.059950001537799835,0.039500001817941666,0.05094999819993973,0.02944999933242798,0.2838500142097473,0.8120012879371643,0.16179999709129333,0.07289999723434448,0.03294999897480011,0.04814999923110008,0.03220000118017197,0.28630000352859497,0.797802209854126,0.1517000049352646,0.07020000368356705,0.025800000876188278,0.040800001472234726,0.02590000070631504,0.22859999537467957,0.796463668346405,0.799327546050776,0.6179166781171622,0.261342965082171,0.5435371387541642,0.7887457640629603,0.8728179761992622,0.6645883645280395,0.9961509746323762,0.31296978207668197,237_7
10,0.8224525583756268,23.982368055903073,0.8849298255587678,0.9289013382455308,0.968116050594801,0.17069999873638153,0.07119999825954437,0.03269999846816063,0.04769999906420708,0.03139999881386757,0.27649998664855957,0.7960376739501953,0.18610000610351562,0.08579999953508377,0.03799999877810478,0.055799998342990875,0.04039999842643738,0.2985999882221222,0.7616519331932068,0.19179999828338623,0.08685000240802765,0.034049998968839645,0.052400000393390656,0.03189999982714653,0.3474000096321106,0.8317953944206238,0.7830714804712399,0.48445301537027474,0.19679122125139248,0.5054457304767769,0.005475020528477759,0.6070895562833449,1.5038183198628512,1.040897865279193,0.7137566016616188,239_8
10,0.7570552056917261,23.771802953305453,0.4609359200414001,0.9680627935814472,0.5314557927842793,0.17880000174045563,0.07637143135070801,0.035750001668930054,0.05106666684150696,0.03181666508316994,0.3153333365917206,0.816697895526886,0.17149999737739563,0.07289999723434448,0.0340999998152256,0.05017499998211861,0.033799998462200165,0.3034999966621399,0.7995849251747131,0.24210000038146973,0.1446000039577484,0.04740000143647194,0.062199998646974564,0.05620000138878822,0.2533999979496002,0.6369509100914001,0.23211553868433868,1.0917467798682097,0.23157762802451196,-0.8019249185512516,0.9386504493929387,-0.9440184504124414,0.14076655198588364,2.5013066391360455,0.12810838399393168,237_7
10,0.04765562582253935,23.08962232654509,0.6002688527953567,0.9466736395267488,0.7050345063213938,0.14875000715255737,0.06154999881982803,0.028550000861287117,0.04205000028014183,0.026599999517202377,0.2775999903678894,0.8251150250434875,0.14180000126361847,0.058150000870227814,0.02995000034570694,0.0430000014603138,0.025499999523162842,0.2973000109195709,0.8420074582099915,0.20090000331401825,0.10610000044107437,0.04019999876618385,0.05779999867081642,0.04490000009536743,0.33009999990463257,0.760533332824707,0.35389505051728565,0.9269591096377764,0.2730633919858383,-0.6443139999322678,0.98332635869021,-0.5438570396096728,0.08052546667248306,2.270922258398412,0.13895216271732092,230_0
10,0.6698287916037202,23.80917286912483,0.7699447967325731,0.7437984677173674,0.9353794670106623,0.17730000615119934,0.07564999908208847,0.03819999843835831,0.054999999701976776,0.03395000100135803,0.3702999949455261,0.8320346474647522,0.21610000729560852,0.133200004696846,0.041099999099969864,0.05550000071525574,0.05180000141263008,0.18379999697208405,0.5602716207504272,0.1881999969482422,0.08150000125169754,0.0340999998152256,0.057500001043081284,0.031300000846385956,0.3416000008583069,0.8321265578269958,1.0578277474076911,0.6920416901561932,0.3517051390574024,0.8886838875049065,-0.8920050321088588,-0.8491261948007318,5.610733160352174,0.47632953683216267,0.4349580805846055,238_6
10,0.11916152243845346,23.996741100448986,0.9053480740631357,0.9336845703180142,0.9656107875582709,0.1780499964952469,0.08465000241994858,0.041600000113248825,0.06159999966621399,0.04244999960064888,0.28885000944137573,0.7437368035316467,0.21299999952316284,0.12020000070333481,0.044849999248981476,0.0572500005364418,0.048650000244379044,0.23964999616146088,0.6625043153762817,0.19110000133514404,0.08919999748468399,0.03620000183582306,0.054099999368190765,0.03864999860525131,0.27434998750686646,0.7530351281166077,0.8349985378175877,0.4385976865795992,0.21905407576794342,-0.25111260472559566,0.2349136596426131,-0.27554357368365273,0.7309260628290201,1.8246258459249969,0.9459196009588207,239_1
10,0.047745457350950815,23.08962232654509,0.598102570610984,0.9523246044574285,0.704930251384992,0.14945000410079956,0.06400000303983688,0.028349999338388443,0.044349998235702515,0.027550000697374344,0.27094998955726624,0.8154103755950928,0.15365000069141388,0.06525000184774399,0.032099999487400055,0.04405000060796738,0.026599999517202377,0.2856999933719635,0.8296509981155396,0.20464999973773956,0.10279999673366547,0.03725000098347664,0.053449999541044235,0.04270000010728836,0.31235000491142273,0.759470522403717,0.3334850949567043,0.9296649011822615,0.2540825300647473,-0.43750844172613457,0.9693214135203689,-0.37041081997904435,0.12272125986589554,2.023622309409681,0.23843849952809085,230_0
10,0.670637275359427,23.807555901613412,0.425029499759135,0.9671629718023159,0.5191190936086011,0.1728000044822693,0.07370000332593918,0.03689999878406525,0.05209999904036522,0.031700000166893005,0.2971999943256378,0.8072362542152405,0.1445000022649765,0.07069999724626541,0.03579999879002571,0.04729999974370003,0.03680000081658363,0.2768000066280365,0.7653061151504517,0.23669999837875366,0.1581999957561493,0.04129999876022339,0.0560000017285347,0.058800000697374344,0.18060000240802765,0.5087719559669495,0.22705033773536987,1.131801851479467,0.22438338123971685,-0.9656591647552848,0.6578617069763661,-0.6656195612163106,0.2962451929713753,2.878764937804124,0.7440247026315221,238_6
10,0.9183926307195911,23.931343747765084,0.5941605866847119,0.7277387460919491,0.9067867059086642,0.1559000015258789,0.07050000131130219,0.0348999984562397,0.0568000003695488,0.035599999129772186,0.2840000092983246,0.7772215604782104,0.17980000376701355,0.11320000141859055,0.04544999822974205,0.05745000019669533,0.057750001549720764,0.17560000717639923,0.5050353407859802,0.17249999940395355,0.09634999930858612,0.03985000029206276,0.06080000102519989,0.04430000111460686,0.21870000660419464,0.6631178855895996,0.808685678755193,0.9345746775743307,0.35006811295306395,-0.06835121738284784,-0.4525295617757271,0.8654316725321262,1.2447505896983513,1.6392008779293832,0.3091226280418977,239_9
10,0.8785972636330968,23.823815408255975,0.563147299245063,0.9457383647876832,0.6683919669496884,0.1525000035762787,0.06908000260591507,0.03471999987959862,0.053300000727176666,0.03384999930858612,0.2696000039577484,0.776898980140686,0.1559000015258789,0.07039999961853027,0.03539999946951866,0.054499998688697815,0.03610000014305115,0.2540000081062317,0.7511203289031982,0.18299999833106995,0.11029999703168869,0.045099999755620956,0.06440000236034393,0.057100001722574234,0.19300000369548798,0.5433826446533203,0.3402575427588339,0.9726068018808355,0.2803067874311539,-0.4235753942520766,0.9468271244801236,-0.12676641810447684,0.16311721093864884,2.008184979033787,0.10879420906676981,238_8
10,0.6627321008591753,23.575880389838986,0.8153327476892411,0.9894524319972166,0.8118523901359322,0.147599995136261,0.06369999796152115,0.045099999755620956,0.05570000037550926,0.03350000083446503,0.311599999666214,0.8058533668518066,0.14550000429153442,0.06019999831914902,0.030500000342726707,0.04129999876022339,0.029200000688433647,0.3111000061035156,0.8283867239952087,0.14740000665187836,0.07119999825954437,0.03020000085234642,0.04430000111460686,0.03400000184774399,0.17910000681877136,0.6809009909629822,0.2354191745379319,0.6174926631447812,0.14458805228187335,-0.11292412338817619,0.40505851348712485,0.45218200790229945,0.685142307385957,1.6839618366457108,0.7647208852138415,235_6
10,0.1997404034239736,23.91382659972475,0.6056536083406833,0.9736030820074674,0.6882678105203378,0.17219999432563782,0.07880000025033951,0.03959999978542328,0.054499998688697815,0.03550000116229057,0.2833999991416931,0.777359664440155,0.17630000412464142,0.08624999970197678,0.03985000029206276,0.0515500009059906,0.03844999894499779,0.2517000138759613,0.7349646687507629,0.2362000048160553,0.14329999685287476,0.044599998742341995,0.06159999966621399,0.05959999933838844,0.2502000033855438,0.6152356266975403,0.2502447503562816,0.9202093196241511,0.19168320911058528,-0.7152873412142811,0.39162127740779984,-0.18433909454945838,0.493448696466704,2.3678315212602685,0.9098609570365608,239_1
10,0.9029416078327355,23.74817726133311,0.8013748428169393,0.9762034425289066,0.8193672672844456,0.14669999480247498,0.06369999796152115,0.03269999846816063,0.04820000007748604,0.031199999153614044,0.2587999999523163,0.7848275899887085,0.15199999511241913,0.06379999965429306,0.029400000348687172,0.04270000010728836,0.030700000002980232,0.29660001397132874,0.8124045133590698,0.19709999859333038,0.0989999994635582,0.036400001496076584,0.05490000173449516,0.03689999878406525,0.2896000146865845,0.7739663124084473,0.34090970616213034,0.6412061909870148,0.20781662019450028,-0.2873636166591782,0.8997350992926395,-0.05152023527308747,0.24251814466289565,1.862269545056315,0.3791529205036208,237_9
10,0.05699810477738154,23.75141119635594,0.864209078429451,0.8968738857574227,0.9712824400043696,0.18039999902248383,0.07519999891519547,0.03620000183582306,0.04904999956488609,0.02953333407640457,0.34459999203681946,0.8421239852905273,0.18632499873638153,0.09882500022649765,0.03935416787862778,0.052949998527765274,0.04154285788536072,0.2531999945640564,0.7181077599525452,0.2020999938249588,0.10055000334978104,0.033900000154972076,0.05779999867081642,0.03370000049471855,0.3219499886035919,0.8104878067970276,0.8689850051023581,0.5272200773288828,0.2087041570592958,0.589346029727475,-0.8354860474816125,-0.7338235783507093,2.721620975968165,0.9405472139050964,0.4611433527865566,237_0
10,0.6574320406828704,23.519645853053106,0.8513160451551992,0.9047126604516256,0.9524541672597753,0.14790000021457672,0.06639999896287918,0.0551999993622303,0.05889999866485596,0.04259999841451645,0.2906000018119812,0.7442977428436279,0.14749999344348907,0.07119999825954437,0.031550001353025436,0.046950001269578934,0.03550000116229057,0.272350013256073,0.7693682312965393,0.14229999482631683,0.061500001698732376,0.027499999850988388,0.04729999974370003,0.027799999341368675,0.3013499975204468,0.8310800790786743,0.7968231403321075,0.5523077049687503,0.24661142917356804,-0.23398671872504553,-0.1600311204346927,0.9214357297605837,0.9582428387290151,1.8069725506274756,0.38430327048224217,235_6
10,0.8589241589108791,23.74889591356041,0.47907396690800463,0.9548918354384445,0.5764496895214201,0.14634999632835388,0.06364999711513519,0.028950000181794167,0.04205000028014183,0.031099999323487282,0.25714999437332153,0.7842150926589966,0.14090000092983246,0.061000000685453415,0.03034999966621399,0.04100000113248825,0.028699999675154686,0.2433999925851822,0.7890481352806091,0.21250000596046448,0.1265999972820282,0.039900001138448715,0.06279999762773514,0.060600001364946365,0.24799999594688416,0.6072585582733154,0.28146179949617467,1.071196896789603,0.26420955569959,-0.7490447650219966,0.9889684617719454,-0.7646798081331238,0.06150094712423961,2.4174154062585784,0.1436670407718961,237_8
10,0.6709067699446631,23.807555901613412,0.45294299365236873,0.985368148086066,0.5096265853446189,0.18365000188350677,0.08384999632835388,0.03974999859929085,0.05324999988079071,0.036400001496076584,0.3070000112056732,0.7880023121833801,0.16699999570846558,0.07509999722242355,0.03200000151991844,0.048700001090765,0.03319999948143959,0.28859999775886536,0.7936606407165527,0.23649999499320984,0.14869999885559082,0.041600000113248825,0.057100001722574234,0.05660000070929527,0.2272000014781952,0.601127564907074,0.15560148606681193,1.100732720686179,0.1549411232980254,-0.6678668300470949,0.3542334821433702,-0.8638457994723628,0.5250351867289523,2.3021353330277776,0.4052658625692836,238_6
10,0.8842566499230493,23.602919679890988,0.7034868251216779,0.8252807861880229,0.9031740421016315,0.1624000072479248,0.0674000009894371,0.033799998462200165,0.048250000923871994,0.031950000673532486,0.2952499985694885,0.8047065734863281,0.18459999561309814,0.09719999879598618,0.033250000327825546,0.05555000156164169,0.040449999272823334,0.2547000050544739,0.7259020805358887,0.19300000369548798,0.09319999814033508,0.02914999984204769,0.05490000173449516,0.03734999895095825,0.28600001335144043,0.7689809799194336,0.7591317530795436,0.790504539043283,0.33596789475235755,0.33751619963533,-0.14995182597782863,0.6268592958464156,1.4034152166878164,1.226519318006068,0.67789548341019,236_8
10,0.6709067699446631,23.807645733141825,0.4509216603024804,0.98267370421071,0.5095182776683205,0.16760000586509705,0.07620000094175339,0.03440000116825104,0.04879999905824661,0.03229999914765358,0.27900001406669617,0.7924831509590149,0.15330000221729279,0.06809999793767929,0.032749999314546585,0.043800000101327896,0.03269999846816063,0.2614000141620636,0.7776266932487488,0.2362000048160553,0.15809999406337738,0.04490000009536743,0.058800000697374344,0.06400000303983688,0.1964000016450882,0.5084485411643982,0.16901371078806168,1.1029986576560389,0.16975447603333543,-0.8868903679589535,0.9351031355593017,-0.6987677657386434,0.13611292117337767,2.6613662854449633,0.21379036136420093,238_6
10,0.923692690895896,23.95416095598172,0.5826379281857258,0.9500939703639257,0.6917261826219208,0.17710000276565552,0.07289999723434448,0.038600001484155655,0.05389999970793724,0.03449999913573265,0.30979999899864197,0.7995933890342712,0.17100000381469727,0.07805000245571136,0.0377499982714653,0.05195000022649765,0.03500000014901161,0.2840000092983246,0.7805642485618591,0.20720000565052032,0.12240000069141388,0.039500001817941666,0.058400001376867294,0.04580000042915344,0.21819999814033508,0.653030276298523,0.3343705428375676,0.9488256431806816,0.26157414716775373,-0.8943629199639443,0.8555756656265313,-0.8603824760445057,0.20320196323372178,2.677801350830972,0.4719249650934011,239_9
10,0.9043789122873278,23.56860403603762,0.9812649930135112,0.9713811891176627,0.9798676794377583,0.14319999516010284,0.06440000236034393,0.0414000004529953,0.050200000405311584,0.034699998795986176,0.2533999979496002,0.7591114044189453,0.16715000569820404,0.08889999985694885,0.031199999153614044,0.0502999983727932,0.032249998301267624,0.25940001010894775,0.7788445353507996,0.14820000529289246,0.06400000303983688,0.02590000070631504,0.04320000112056732,0.029200000688433647,0.2700999975204468,0.8048780560493469,1.2369715357762219,0.19387522330592322,0.19296158171115782,0.4730071724813383,0.35641312705674844,0.9258512116656484,1.118982698404714,1.078095527850748,0.36638559999631204,235_9
10,0.09266122155692713,23.408793746992757,0.9059723170974519,0.9452934261672347,0.9637252872161524,0.14225000143051147,0.06544999778270721,0.027899999171495438,0.04529999941587448,0.029349999502301216,0.2538500130176544,0.7927259802818298,0.15404999256134033,0.06544999778270721,0.040800001472234726,0.05380000174045563,0.0515500009059906,0.2581000030040741,0.6670434474945068,0.16590000689029694,0.07720000296831131,0.03310000151395798,0.04729999974370003,0.03280000016093254,0.2858000099658966,0.7940992116928101,0.760201539446644,0.43712542810172333,0.2053252286235139,0.9298760225271175,0.05635857797042748,-0.11847031693773094,4.019975865232975,0.37672063755539464,0.8837782699503381,234_0
10,0.5396629069348009,23.346271003218035,0.7633413054837542,0.8708591742950432,0.9112163695358052,0.13840000331401825,0.0649000033736229,0.0333000011742115,0.04500000178813934,0.03009999915957451,0.2655999958515167,0.7964152693748474,0.2257000058889389,0.14920000731945038,0.05689999833703041,0.0714000016450882,0.07410000264644623,0.2176000028848648,0.4919437766075134,0.17790000140666962,0.08470000326633453,0.03629999980330467,0.05270000174641609,0.04019999876618385,0.3188000023365021,0.7760445475578308,0.7316379313944661,0.7023265631754995,0.3099266877787681,0.35281536939444996,-0.8181642361764295,-0.5894602519788449,2.0897121049796854,1.2102180632148722,0.47672095164767697,233_5
10,0.9923239786026272,23.917060534747584,0.951037937113768,0.9390757133749611,0.9850442013474542,0.15950000286102295,0.06909999996423721,0.0348999984562397,0.053700000047683716,0.032999999821186066,0.24539999663829803,0.7629310488700867,0.1911499947309494,0.10904999822378159,0.0430000014603138,0.06015000119805336,0.04690000042319298,0.2329999953508377,0.6648803353309631,0.20035000145435333,0.10599999874830246,0.036649998277425766,0.05570000037550926,0.03920000046491623,0.24410000443458557,0.7232615351676941,1.1166246874812185,0.3142193832913161,0.1721464254113114,-0.21586162575616238,-0.3480318159787311,0.6121654177007251,1.0771074419031046,1.7883705006510542,0.7591887989014682,239_9
10,0.8997975043383182,23.971408609436814,0.7832258183607552,0.9286830162769738,0.8719290030259264,0.17399999499320984,0.07819999754428864,0.0357000008225441,0.053199999034404755,0.033399999141693115,0.2863999903202057,0.7911194562911987,0.19110000133514404,0.09059999883174896,0.03530000150203705,0.05209999904036522,0.039400000125169754,0.311599999666214,0.7754985690116882,0.19589999318122864,0.0994499996304512,0.03290000185370445,0.052650000900030136,0.044849999248981476,0.25949999690055847,0.7052735090255737,0.5662797243871692,0.670958938264751,0.2889406539708867,-0.4832456370831328,0.42312856295789986,-0.0584409893396237,0.5464175705913759,2.075154507765656,0.8905833868487225,239_8
10,0.09068492793186422,23.66041185807463,0.9150077133850126,0.9684478909052373,0.9483727743787661,0.17589999735355377,0.0786999985575676,0.03880000114440918,0.05570000037550926,0.03790000081062317,0.31520000100135803,0.7853299379348755,0.19110000133514404,0.09860000014305115,0.042399998754262924,0.05570000037550926,0.04659999907016754,0.2741999924182892,0.7094762921333313,0.19089999794960022,0.09070000052452087,0.033799998462200165,0.0494999997317791,0.035599999129772186,0.3140000104904175,0.796338677406311,0.6065239506433805,0.4152692873075933,0.19573315828163212,0.41935376144101233,-0.23483632580543012,-0.7216492425221399,1.5885294061048385,1.1380629791789332,0.6882196531578422,236_0
10,0.9245011746516045,23.95389146139648,0.6896142926721615,0.7099536357308526,0.9340442500378037,0.1668500006198883,0.0722000002861023,0.03804999962449074,0.05260000005364418,0.03150000050663948,0.30640000104904175,0.8135542869567871,0.21504999697208405,0.12809999287128448,0.04194999858736992,0.0580499991774559,0.04554999992251396,0.21960000693798065,0.656420886516571,0.2087000012397766,0.09910000115633011,0.033900000154972076,0.05979999899864197,0.032999999821186066,0.34279999136924744,0.8243746757507324,0.9648374142486227,0.8098400240292276,0.3453977560548992,0.33535749181543206,-0.8834965692448407,-0.3023086630432611,2.1598681040374577,1.2288116559570303,0.46839402170363703,239_9
10,0.8469765656320902,23.74260770657157,0.7549864516368396,0.9520270213405335,0.8118999521226348,0.1420000046491623,0.057500001043081284,0.02810000069439411,0.04390000179409981,0.030400000512599945,0.28439998626708984,0.8068614602088928,0.13850000500679016,0.0575999990105629,0.026900000870227814,0.04230000078678131,0.028049999848008156,0.2538999915122986,0.8010285496711731,0.1800999939441681,0.08380000293254852,0.030799999833106995,0.04690000042319298,0.03440000116825104,0.24269999563694,0.7517141699790955,0.43487060993113935,0.7151628687060211,0.27105912861068593,0.7505896454181197,0.9787342459563821,0.8462692765273265,0.28621058579342024,0.7218423366070221,0.11633059707854786,237_8
10,0.6031737975220519,23.992429187085207,0.5337276618979985,0.9695893520975948,0.6073819335153527,0.17090000212192535,0.07810000330209732,0.03480000048875809,0.05139999836683273,0.034299999475479126,0.319599986076355,0.8061599135398865,0.1737000048160553,0.08389999717473984,0.04230000078678131,0.055399999022483826,0.03889999911189079,0.25450000166893005,0.7348330020904541,0.25540000200271606,0.17440000176429749,0.050599999725818634,0.06840000301599503,0.06340000033378601,0.21060000360012054,0.5372262597084045,0.24533692396803775,1.0077938520414012,0.22045137768397113,-0.9192020328971411,-0.2988863919034781,0.1272840178563995,0.6848474817626156,2.736845598741428,0.8777554920865733,239_6
10,0.6417115232107786,23.53330024537172,0.8214818439245191,0.8673542770421753,0.893914992089666,0.18000000715255737,0.07575000077486038,0.03465000167489052,0.05485000088810921,0.03355000168085098,0.3712500035762787,0.83423912525177,0.22669999301433563,0.1535000056028366,0.050700001418590546,0.07180000096559525,0.06520000100135803,0.2621000111103058,0.601588785648346,0.19370000064373016,0.09369999915361404,0.031700000166893005,0.054099999368190765,0.034299999475479126,0.3427000045776367,0.8180371522903442,0.8585072215096544,0.6067914949052711,0.38275386591890376,0.8826954930408577,-0.501702476896597,-0.45229192104375104,4.285033131990555,0.4892289060437594,0.8648069144136424,235_6
10,0.01971802048642246,23.690325757035815,0.8897617510551423,0.8904005400578637,0.9589354935647882,0.16769999265670776,0.07474999874830246,0.03480000048875809,0.049300000071525574,0.031849998980760574,0.2900499999523163,0.8021124601364136,0.19609999656677246,0.10509999841451645,0.03864999860525131,0.05130000039935112,0.04320000112056732,0.23319999873638153,0.687409520149231,0.18805000185966492,0.08495000004768372,0.03294999897480011,0.04919999837875366,0.030700000002980232,0.34360000491142273,0.8359604477882385,0.9970431617276263,0.4739734120924745,0.271677033252904,0.7412985543473376,-0.6349793720027077,-0.757505088058209,3.0698542585681,0.7357932834528425,0.6435935641605393,236_0
10,0.20423197984457175,23.921102953526116,0.9174749616456331,0.9128885163944129,0.9627177783483453,0.1790499985218048,0.08070000261068344,0.03674999997019768,0.052000001072883606,0.03395000100135803,0.2784000039100647,0.7826156616210938,0.17149999737739563,0.08420000225305557,0.039400000125169754,0.04839999973773956,0.037300001829862595,0.2621999979019165,0.7509182095527649,0.18330000340938568,0.0843999981880188,0.03739999979734421,0.05090000107884407,0.03530000150203705,0.27079999446868896,0.7693564295768738,1.0278179002967889,0.4091106541095832,0.2600585122584712,0.9219534691030187,0.5599644084323822,0.7289375468637616,2.455239453052866,0.3977019367226898,0.620404510299843,239_2
10,0.5193609815136995,23.865317574382296,0.6131263990530362,0.5486125014171789,0.9319000857476367,0.16030000150203705,0.0722000002861023,0.03790000081062317,0.05139999836683273,0.03139999881386757,0.2451999932527542,0.7729573249816895,0.2040500044822693,0.1383499950170517,0.04205000028014183,0.061250001192092896,0.05694999918341637,0.1927500069141388,0.5438526272773743,0.2029000073671341,0.08990000188350677,0.03395000100135803,0.06255000084638596,0.03009999915957451,0.34599998593330383,0.8399361968040466,1.0870769210318856,0.9107842417084937,0.3615690415392174,-0.16118789006151119,-0.47198744378641666,-0.5712442934854021,1.1902530229441795,1.7326904907856573,0.5890869851547197,238_5
10,0.8581156751551724,23.858939535865048,0.6741734596207857,0.6666552335695571,0.9507145012247231,0.16580000519752502,0.07495000213384628,0.038339998573064804,0.05609999969601631,0.035100001841783524,0.3160249888896942,0.8000711798667908,0.18764999508857727,0.09889999777078629,0.040708333253860474,0.06702499836683273,0.04763999953866005,0.2928999960422516,0.7202090620994568,0.18209999799728394,0.0843999981880188,0.03220000118017197,0.06159999966621399,0.03020000085234642,0.3452000021934509,0.839104950428009,1.0121941058445807,0.8309513014505265,0.3081076002082572,0.740762898454767,0.029731718153167164,0.13109021103216384,2.0921518021672783,0.7365910183727503,0.9862840384072925,238_8
10,0.7083665172924469,23.664364445324757,0.91418159773819,0.9181911538178985,0.9560493486594115,0.164900004863739,0.0750499963760376,0.03539999946951866,0.04809999838471413,0.03215000033378601,0.29030001163482666,0.8005892634391785,0.19785000383853912,0.10055000334978104,0.03620000183582306,0.05400000140070915,0.03815000131726265,0.2517000138759613,0.7367603778839111,0.18019999563694,0.08399999886751175,0.030799999833106995,0.05719999969005585,0.03180000185966492,0.3199000060558319,0.8191640377044678,0.9760233120551052,0.417312253298753,0.2721822050766533,0.5659083571687111,-0.3936982201044349,-0.20446795786792968,2.0380950962032798,0.9692617400134307,0.9189708767735838,236_7
10,0.10945971736996185,23.633731894136282,0.9907174620236706,0.9908905492091069,0.988408868502207,0.1546500027179718,0.06355000287294388,0.03440000116825104,0.04904999956488609,0.02979999966919422,0.31470000743865967,0.8269956707954407,0.155799999833107,0.07074999809265137,0.03350000083446503,0.04969999939203262,0.031599998474121094,0.2903999984264374,0.8037267327308655,0.17219999432563782,0.07370000332593918,0.030150000005960464,0.049800001084804535,0.03164999932050705,0.32659998536109924,0.8233077526092529,0.9906185228915032,0.1363593381437275,0.1252790106052604,0.8927826586380443,0.9679408321838672,0.8628611840369311,0.5433151447765351,0.4673114794189861,0.25116174633870914,236_1
10,0.5349916674573798,23.7826725682433,0.7889022765768526,0.9408240676367191,0.9228646667556518,0.1659500002861023,0.07386666536331177,0.041349999606609344,0.05276666581630707,0.03505833446979523,0.29875001311302185,0.7899492979049683,0.1527249962091446,0.06960000097751617,0.028114285320043564,0.04136666655540466,0.03215000033378601,0.2561500072479248,0.7769684195518494,0.17212499678134918,0.10037499666213989,0.03294999897480011,0.04399999976158142,0.03435000032186508,0.2328750044107437,0.7429133057594299,0.5224467206413628,0.6617756974492758,0.16862737492405439,-0.16316562931609457,0.23020250197334546,0.7913885469363283,0.7716115748350113,1.7346947635150252,0.4909731671300236,237_5
10,0.8707819206612566,23.996471605863746,0.8336314207959228,0.8369696108068334,0.9560167337526262,0.19380000233650208,0.08760000020265579,0.041200000792741776,0.061900001019239426,0.03779999911785126,0.34060001373291016,0.8002114295959473,0.2460000067949295,0.1303499937057495,0.042750000953674316,0.06575000286102295,0.0515500009059906,0.33379998803138733,0.7324510216712952,0.2289000004529953,0.1103999987244606,0.038100000470876694,0.059300001710653305,0.04089999943971634,0.3440000116825104,0.7874772548675537,0.9896234653764318,0.5851460635425226,0.28422888099189497,0.7195555249557336,0.5513402775982137,0.8594570244218249,1.2855424352840432,0.7676342731399333,0.5019968625792771,239_8
10,0.8451799350638503,23.577587188878816,0.7016291490526299,0.7107460731469768,0.9252426185119998,0.14835000038146973,0.06445000320672989,0.03310000151395798,0.04500000178813934,0.03359999880194664,0.29809999465942383,0.7974072694778442,0.19900000095367432,0.1200999990105629,0.041600000113248825,0.05609999969601631,0.049300000071525574,0.19820000231266022,0.6016161441802979,0.16830000281333923,0.0786999985575676,0.03060000017285347,0.052299998700618744,0.03550000116229057,0.3305000066757202,0.806010901927948,0.9837641255940646,0.7931150069504963,0.36940474991663186,0.7599647970788223,-0.7302535867073818,-0.9065524686440425,3.37719175939551,0.7075373748148011,0.4172816093777913,235_8
10,0.863775061445125,23.81582040222731,0.8974867046817969,0.8114378186841752,0.9417996502986387,0.18203333020210266,0.07741666585206985,0.034433335065841675,0.052400000393390656,0.03200000151991844,0.32989999651908875,0.8231555819511414,0.23569999635219574,0.14534999430179596,0.04270000010728836,0.06080000102519989,0.05920000001788139,0.22679999470710754,0.5860139727592468,0.20479999482631683,0.0908999964594841,0.032600000500679016,0.05480000004172325,0.03139999881386757,0.3424000144004822,0.8319957256317139,1.3665597706945658,0.45675881870094476,0.327314928794187,0.8683900388256324,-0.8375011061628994,-0.47939310101180843,4.940716049315225,0.5188499577302892,0.22069337815607773,238_8
10,0.9863950977274385,23.77153345872022,0.8896644966498407,0.8747667004720187,0.9592366110038713,0.14104999601840973,0.05959999933838844,0.028550000861287117,0.04349999874830246,0.03060000017285347,0.32339999079704285,0.8271186351776123,0.16619999706745148,0.08489999920129776,0.038750000298023224,0.05034999921917915,0.041349999606609344,0.2681500017642975,0.7327948212623596,0.15109999477863312,0.07180000096559525,0.0348999984562397,0.04780000075697899,0.03370000049471855,0.31439998745918274,0.8063774704933167,1.0667580356914075,0.4741864463443169,0.2787027414199638,0.9598162167832235,0.4011397020994108,0.4783372236146854,4.071143189631622,0.28444974099574294,0.8535295771664697,237_9
10,0.95145063317519,23.972396756249346,0.7265580327325087,0.9684742999358043,0.7467828887271787,0.16290000081062317,0.07069999724626541,0.03590000048279762,0.05260000005364418,0.032499998807907104,0.32420000433921814,0.8177740573883057,0.17020000517368317,0.07569999992847443,0.03920000046491623,0.058400001376867294,0.03689999878406525,0.32339999079704285,0.7951706647872925,0.18369999527931213,0.09950000047683716,0.03629999980330467,0.055799998342990875,0.044599998742341995,0.2401999980211258,0.6867977380752563,0.33236401164732365,0.7574971106586168,0.24107542928278256,-0.8132408299380554,0.8113612376775587,-0.7021139675044709,0.24769697069445645,2.5204960976882256,0.5800118143314426,239_9
10,0.8362866137510672,23.363967814315195,0.8761912782783539,0.9292957557358605,0.9392031835861193,0.14630000293254852,0.0694499984383583,0.03894999995827675,0.05065000057220459,0.03480000048875809,0.2587999999523163,0.7629427909851074,0.1526000052690506,0.08070000261068344,0.029500000178813934,0.043699998408555984,0.03099999949336052,0.19869999587535858,0.7300826907157898,0.14675000309944153,0.06885000318288803,0.028449999168515205,0.039799999445676804,0.02745000086724758,0.2513999938964844,0.803119957447052,0.7522353086640632,0.5028943175802286,0.2630295121589161,0.6752122776759022,0.6024763813782088,0.8658741413604902,1.1141015693723253,0.8295438765270478,0.499677732894511,233_8
10,0.8945872756904247,23.05431853587919,0.9609440254029405,0.9662450091874583,0.9805434842216809,0.1758500039577484,0.07850000262260437,0.03954999893903732,0.05209999904036522,0.029899999499320984,0.36399999260902405,0.8481848239898682,0.16934999823570251,0.0880500003695488,0.03200000151991844,0.042100001126527786,0.032749999314546585,0.2194499969482422,0.7402855157852173,0.1509000062942505,0.06939999759197235,0.026599999517202377,0.040800001472234726,0.024299999698996544,0.2896000146865845,0.8451736569404602,0.9292462305910448,0.2804028682620013,0.17611097577216733,0.4519275686910212,-0.23394207037237885,0.7017405053983802,1.6398707801078862,1.101871348407367,0.3548657333276288,230_8
10,0.9935816200003948,23.157445130496114,0.7849574848699987,0.8023016185328418,0.9451940980910991,0.1581999957561493,0.06825000047683716,0.033900000154972076,0.048250000923871994,0.031950000673532486,0.3325999975204468,0.8247153759002686,0.16859999299049377,0.09040000289678574,0.030700000002980232,0.039900001138448715,0.032499998807907104,0.23749999701976776,0.7592592835426331,0.1496499925851822,0.06319999694824219,0.03034999966621399,0.04170000180602074,0.027400000020861626,0.2406499981880188,0.7955605387687683,0.9573257289251039,0.6681688253783085,0.3116327523590597,0.6591774566557567,0.39756696210685954,0.8833780285675296,1.3652578431804823,0.8510719169775627,0.399114852254493,231_9
10,0.6202417879203228,23.992159692499975,0.810402383373384,0.8686265081554858,0.9375686352556265,0.1703999936580658,0.0731000006198883,0.03869999945163727,0.0502999983727932,0.03280000016093254,0.33059999346733093,0.819482684135437,0.24709999561309814,0.16509999334812164,0.04645000025629997,0.06300000101327896,0.05705000087618828,0.26600000262260437,0.6468039155006409,0.23784999549388885,0.13574999570846558,0.0414000004529953,0.059450000524520874,0.044349998235702515,0.3176000118255615,0.754938542842865,0.8281276331445295,0.6259577284291333,0.29405216342593216,-0.31001739604049877,-0.6940671011436833,0.8522009432754808,1.2396129751272071,1.8860076567253654,0.26328078062923554,239_6
10,0.5897888997886707,23.796416792090326,0.6640700850129951,0.6072627314990345,0.8877790530687851,0.15154999494552612,0.06494999676942825,0.03985000029206276,0.051899999380111694,0.03485000133514404,0.30079999566078186,0.7923431992530823,0.22990000247955322,0.15199999511241913,0.053199999034404755,0.06549999862909317,0.07129999995231628,0.1842000037431717,0.44187867641448975,0.20685000717639923,0.09435000270605087,0.03435000032186508,0.052799999713897705,0.03620000183582306,0.36899998784065247,0.8213227987289429,1.0871930347272925,0.8445469468673699,0.4596596049263682,0.10401226295568478,-0.6668109663656865,-0.5364109639465551,1.568747101260447,1.4665956012290355,0.5786514595059474,237_5
10,0.06553209997651699,23.62537756199397,0.8736310326921553,0.8693718187530569,0.9395597111748787,0.20819999277591705,0.08709999918937683,0.03610000014305115,0.05339999869465828,0.03240000084042549,0.4023999869823456,0.8509659767150879,0.22040000557899475,0.1229500025510788,0.04845000058412552,0.061400000005960464,0.06669999659061432,0.3285999894142151,0.662534773349762,0.20250000059604645,0.09099999815225601,0.03449999913573265,0.06360000371932983,0.035999998450279236,0.39800000190734863,0.8341013789176941,1.0170915343380416,0.5081810514292119,0.327528634512199,0.8949291579595307,0.0041488094452860474,0.14398836599701542,3.3871708221019134,0.46252391382946345,0.9492907343821884,236_0
10,0.622936733772681,23.852022508177328,0.8511894187918436,0.8870676780187317,0.9624816296219433,0.15960000455379486,0.07249999791383743,0.03920000046491623,0.05119999870657921,0.03700000047683716,0.2709999978542328,0.7597402334213257,0.16300000250339508,0.08510000258684158,0.03819999843835831,0.052799999713897705,0.040300000458955765,0.27140000462532043,0.7414180040359497,0.1808999925851822,0.07930000126361847,0.03359999880194664,0.04780000075697899,0.028599999845027924,0.29679998755455017,0.824216365814209,0.8684160374712013,0.5525490102285755,0.23861182624643265,0.4140780938267005,0.8840934709708695,0.0888124506199032,0.42508959436538596,1.1438665725024217,0.3543863664189221,238_6
10,0.6605761441772895,23.574443085384395,0.6374832939331736,0.9399093668909472,0.7012995035032958,0.1517000049352646,0.06825000047683716,0.03644999861717224,0.047850001603364944,0.03700000047683716,0.24879999458789825,0.7410776615142822,0.16419999301433563,0.0778999999165535,0.03440000116825104,0.042249999940395355,0.0357000008225441,0.1927500069141388,0.6874589920043945,0.196150004863739,0.09735000133514404,0.03505000099539757,0.04814999923110008,0.041349999606609344,0.2971999943256378,0.7557229399681091,0.3961390010342641,0.8795689734355097,0.31464516890123023,-0.15612006200690104,0.7904741087296049,0.013602486551553654,0.38158706686977634,1.7275576453863837,0.5965815957857109,235_6
10,0.767655326044336,23.898285745309487,0.863058429513033,0.7988673585308109,0.9409387893131335,0.16979999840259552,0.08590000122785568,0.034949999302625656,0.04859999939799309,0.03294999897480011,0.27489998936653137,0.7859346866607666,0.21719999611377716,0.12129999697208405,0.03759999945759773,0.05620000138878822,0.04874999821186066,0.2459000051021576,0.669098973274231,0.2130499929189682,0.0982000008225441,0.037050001323223114,0.055149998515844345,0.03375000134110451,0.3391999900341034,0.8190105557441711,1.2188542764961379,0.5295025733582172,0.33756392961728604,0.03336961677145989,-0.746190753970468,-0.1636371258637524,1.5695887987511654,1.5374205138992028,0.6510990240370423,238_7
10,0.8913533406675942,23.78958959593102,0.6446582442118128,0.6221733443248767,0.9425600366345361,0.16429999470710754,0.07400000095367432,0.03959999978542328,0.056699998676776886,0.03440000116825104,0.3172000050544739,0.8043230772018433,0.21940000355243683,0.12444999814033508,0.042399998754262924,0.060750000178813934,0.05195000022649765,0.23309999704360962,0.6355025172233582,0.21389999985694885,0.09650000184774399,0.03864999860525131,0.07129999995231628,0.03750000149011612,0.36059999465942383,0.8116050958633423,1.033394317118957,0.8702201766693903,0.33349455376801823,0.4255647891032542,-0.7110855937540657,0.0860441193786557,2.0878850810525234,1.131210406671657,0.556683030843929,237_8
10,0.9235130278390731,23.95434061903854,0.5842645337514732,0.9121067916829081,0.7204772389763439,0.17829999327659607,0.07500000298023224,0.0364999994635582,0.05249999836087227,0.0340999998152256,0.31279999017715454,0.803401529788971,0.1696999967098236,0.0794999971985817,0.03610000014305115,0.04580000042915344,0.03220000118017197,0.2526000142097473,0.773876428604126,0.22429999709129333,0.13379999995231628,0.04019999876618385,0.05869999900460243,0.05389999970793724,0.20319999754428864,0.5807079076766968,0.4461259098477946,0.9468227989891543,0.3385947527558284,-0.9604900781715404,0.4211446628161094,-0.5367281387043418,0.39729597421249074,2.8595541079001303,0.7726134705519677,239_9
10,0.923692690895896,23.954250787510126,0.5833444974657812,0.9518641057375824,0.6950816166437626,0.17710000276565552,0.07289999723434448,0.03739999979734421,0.05350000038743019,0.03440000116825104,0.2953999936580658,0.7913886904716492,0.17100000381469727,0.07805000245571136,0.03689999878406525,0.052549999207258224,0.03655000030994415,0.26460000872612,0.7572638392448425,0.20720000565052032,0.12240000069141388,0.04129999876022339,0.06239999830722809,0.05420000106096268,0.23420000076293945,0.6241331696510315,0.32863893853632414,0.9479559963251976,0.25361844215663265,-0.8690378558076282,0.69474653708812,-0.6446491663946098,0.30591212162227105,2.6240505880187355,0.7144907940068563,239_9
10,0.613594254817837,23.844296996733902,0.8693955524455228,0.859655819479717,0.9558208551083704,0.18490000069141388,0.08709999918937683,0.04560000076889992,0.0568000003695488,0.03680000081658363,0.35440000891685486,0.8118609189987183,0.2264000028371811,0.1307000070810318,0.04390000179409981,0.05959999933838844,0.046799998730421066,0.30959999561309814,0.7373737692832947,0.23315000534057617,0.11760000139474869,0.03799999877810478,0.05909999832510948,0.03660000115633011,0.32615000009536743,0.7982081174850464,1.0375027737518383,0.5168186147901629,0.2881666062631863,0.4355549554287459,0.36806328584719267,0.7777235591357144,1.0658215563700975,1.1201416358357015,0.6277618944891026,238_6
10,0.8467969025752655,23.742697538099982,0.6140783615446165,0.9517050498869141,0.7061827031598914,0.14090000092983246,0.06120000034570694,0.02590000070631504,0.03889999911189079,0.03200000151991844,0.25859999656677246,0.7797659635543823,0.13224999606609344,0.05849999934434891,0.028699999675154686,0.03880000114440918,0.028850000351667404,0.21930000185966492,0.7674793601036072,0.17430000007152557,0.08479999750852585,0.030500000342726707,0.04569999873638153,0.03229999914765358,0.2298000007867813,0.7535291910171509,0.34307505674388983,0.9095786384118919,0.26543652523691963,0.861327686208759,0.958677790057344,0.8967057459467003,0.5413179521254092,0.5329191156994132,0.24783724392795545,237_8
10,0.8374544236204233,23.454068837312377,0.7717008667148249,0.9238202922278291,0.8929427696826748,0.1386999934911728,0.06369999796152115,0.03060000017285347,0.04610000178217888,0.03334999829530716,0.2671999931335449,0.7780735492706299,0.16369999945163727,0.08510000258684158,0.038350000977516174,0.05130000039935112,0.04075000062584877,0.23115000128746033,0.700257420539856,0.15870000422000885,0.07930000126361847,0.03310000151395798,0.050599999725818634,0.03189999982714653,0.3190000057220459,0.8181818127632141,0.5699439095920404,0.6892851182238646,0.25773282496134103,0.7643013090740484,0.44234159990028293,-0.19564273557614725,1.5875088742014303,0.7008391712622404,0.3454140879818197,234_8
10,0.7766384788855305,23.707483578962496,0.565647344047871,0.9774328795848046,0.6382047459639413,0.13680000603199005,0.06109999865293503,0.03150000050663948,0.04450000077486038,0.029200000688433647,0.27250000834465027,0.8064302206039429,0.1351500004529953,0.05719999969005585,0.02995000034570694,0.043049998581409454,0.027950000017881393,0.2770000100135803,0.8166912794113159,0.18700000643730164,0.09889999777078629,0.03269999846816063,0.051899999380111694,0.04439999908208847,0.22470000386238098,0.6700111627578735,0.21952820193358752,0.9695782892604137,0.1841735128659292,-0.0619302745661669,0.9974388543021855,-0.0645782006081546,0.043843060040252034,1.6327662573136301,0.07146904885248005,237_7
10,0.10936988584155038,23.63364206260787,0.9458066786190095,0.9550078626193071,0.9662482748406144,0.1546500027179718,0.06355000287294388,0.031950000673532486,0.04619999974966049,0.02889999933540821,0.27950000762939453,0.8125810623168945,0.155799999833107,0.07074999809265137,0.03519999980926514,0.04605000093579292,0.03454999998211861,0.2058500051498413,0.7125623822212219,0.17219999432563782,0.07370000332593918,0.029999999329447746,0.04969999939203262,0.031550001353025436,0.28209999203681946,0.7988203167915344,0.9104503006444548,0.3307264938666932,0.22433594838059215,0.9296915742466919,0.6170007430093124,0.47155840793105036,2.4014273249870945,0.3772217113704257,0.736568258929058,236_1
10,0.5875431115783716,23.988296936778262,0.5507608130490135,0.9445951137298063,0.6559421202710756,0.1772499978542328,0.07774999737739563,0.03815000131726265,0.054999999701976776,0.03505000099539757,0.3197999894618988,0.8024517297744751,0.18459999561309814,0.08375000208616257,0.04064999893307686,0.06024999916553497,0.0442500002682209,0.2985999882221222,0.7418696284294128,0.2349500060081482,0.13965000212192535,0.046799998730421066,0.06800000369548798,0.05290000140666962,0.2928999960422516,0.6940428018569946,0.3386636740681236,0.9875208416619473,0.28514756281623227,-0.3337610325461568,0.3406590477770469,0.5289291265969444,0.6400433871309401,1.911086916170271,0.6474645774727908,239_5
10,0.595178791493387,23.18807768168459,0.9626273504068839,0.9831597832496033,0.9761181836282468,0.14505000412464142,0.06395000219345093,0.030249999836087227,0.04270000010728836,0.027400000020861626,0.24449999630451202,0.7984552979469299,0.1441500037908554,0.06369999796152115,0.027550000697374344,0.03959999978542328,0.02785000018775463,0.2399500012397766,0.7920089364051819,0.1462000012397766,0.06414999812841415,0.03180000185966492,0.040049999952316284,0.02785000018775463,0.23389999568462372,0.7872015237808228,0.6701103519559009,0.2742545664642355,0.14618302169170436,0.9866620288231591,0.9898096824540757,0.9801491609724987,0.8738453111902638,0.1635097999310286,0.1407247586349418,231_5
10,0.9518997908172491,23.939159090736922,0.6900352024426175,0.8099666589654911,0.922980425267483,0.16175000369548798,0.07609999924898148,0.037300001829862595,0.052149999886751175,0.033900000154972076,0.26109999418258667,0.7701694965362549,0.16040000319480896,0.09910000115633011,0.039500001817941666,0.05079999938607216,0.04729999974370003,0.15479999780654907,0.5319148898124695,0.17640000581741333,0.09849999845027924,0.03869999945163727,0.060600001364946365,0.0421999990940094,0.2134000062942505,0.6697965860366821,0.7744138082333016,0.8092586379556139,0.3015347533859562,-0.009776965788520164,0.06275656029010812,0.8082086135838664,0.9540831535804716,1.5805734483519456,0.5846415584045686,239_9
10,0.9183027991911796,23.931343747765084,0.5928370965474641,0.7341231585580383,0.9109981270327372,0.1579499989748001,0.07069999724626541,0.03714999929070473,0.05590000003576279,0.0357000008225441,0.2874000072479248,0.7790157794952393,0.16955000162124634,0.10334999859333038,0.04675000160932541,0.060350000858306885,0.05270000174641609,0.20080000162124634,0.5842208862304688,0.1692499965429306,0.09435000270605087,0.04129999876022339,0.0617000013589859,0.04715000092983246,0.21580000221729279,0.6413766741752625,0.7972726550270717,0.9362191025649278,0.3346956488922574,-0.10328816192371973,-0.2761693692255157,0.9504725709525633,1.105319677485144,1.6742690300466578,0.25412079359508216,239_9
10,0.8285611023076385,23.357949101911593,0.706238329001607,0.8124651031063234,0.9112991952788988,0.1315000057220459,0.05920000001788139,0.03864999860525131,0.05274999886751175,0.03480000048875809,0.29010000824928284,0.7857802510261536,0.1453000009059906,0.08150000125169754,0.029999999329447746,0.04050000011920929,0.03530000150203705,0.17890000343322754,0.6704015135765076,0.1476999968290329,0.07199999690055847,0.02810000069439411,0.043699998408555984,0.02810000069439411,0.31119999289512634,0.8343648910522461,0.7912637950747756,0.7866255872792653,0.3356170888884961,0.6209340229420435,0.2836147991546897,0.42168132285311916,1.4244510685710312,0.9008626208669148,0.9063183405450039,233_8
10,0.8460782503479702,23.366123770997078,0.818502107594438,0.8510628491895509,0.8885852720709998,0.15219999849796295,0.0722000002861023,0.04190000146627426,0.053300000727176666,0.03480000048875809,0.30239999294281006,0.7935943007469177,0.20839999616146088,0.13519999384880066,0.041999999433755875,0.056699998676776886,0.052400000393390656,0.19020000100135803,0.5680131912231445,0.17560000717639923,0.08550000190734863,0.03189999982714653,0.0502999983727932,0.0333000011742115,0.32760000228881836,0.8154613375663757,0.9032555775891279,0.6119974531084527,0.40498722318396635,0.3690731285531631,-0.6854706719291692,-0.8962752399124689,1.9500972019432077,1.1927847828040647,0.22595440113853218,233_8
10,0.5877227746351963,23.988296936778262,0.5482787160943184,0.9430932841167617,0.65575250048003,0.17139999568462372,0.07569999992847443,0.040800001472234726,0.05299999937415123,0.035999998450279236,0.3165000081062317,0.7957447171211243,0.1703999936580658,0.08229999989271164,0.04230000078678131,0.05829999968409538,0.045099999755620956,0.31520000100135803,0.7496530413627625,0.22474999725818634,0.1295499950647354,0.04554999992251396,0.06679999828338623,0.05225000157952309,0.28439998626708984,0.6895885467529297,0.34223724358452273,0.9904917050246433,0.2882339224392672,-0.3686505438886747,0.6179872963024018,0.30190026202780523,0.4642978872153237,1.9483532265289645,0.5416214381399984,239_5
10,0.9055467221566822,23.39522918620255,0.7878067994136465,0.8145387247474244,0.8962381580680312,0.13805000483989716,0.06255000084638596,0.028599999845027924,0.04470000043511391,0.030249999836087227,0.3003999888896942,0.8170270919799805,0.20589999854564667,0.1444000005722046,0.03779999911785126,0.046799998730421066,0.05000000074505806,0.1656000018119812,0.5361781120300293,0.1850000023841858,0.08720000088214874,0.034299999475479126,0.05220000073313713,0.03240000084042549,0.3447999954223633,0.8282078504562378,0.932645365885846,0.6635563220839189,0.40711047382936544,0.568250870487021,-0.5195384681570303,-0.8136493103943926,2.190674897110362,0.9664177185200433,0.5771877654884611,233_9
10,0.9236028593674845,23.954520282095366,0.5850540877055981,0.9334771199850529,0.6910116100319859,0.16169999539852142,0.06889999657869339,0.03319999948143959,0.052000001072883606,0.031599998474121094,0.3001999855041504,0.8095238208770752,0.15995000302791595,0.07294999808073044,0.03620000183582306,0.046300001442432404,0.03375000134110451,0.23649999499320984,0.7502312660217285,0.20190000534057617,0.12099999934434891,0.0414000004529953,0.06030000001192093,0.05310000106692314,0.20839999616146088,0.5938814282417297,0.3878072294600996,0.9458495775584419,0.3109787479197359,-0.8996796100240398,0.5462805576698688,-0.3390346028005434,0.3691231893727503,2.689831373618594,0.7613395904792418,239_9
10,0.6622829432171162,23.575700726782166,0.6318063059471553,0.9744498511130716,0.6724182713270456,0.13255000114440918,0.05790000036358833,0.04259999841451645,0.040550000965595245,0.03125,0.25200000405311584,0.7793468832969666,0.13009999692440033,0.05310000106692314,0.0272000003606081,0.04019999876618385,0.02759999968111515,0.24480000138282776,0.7973568439483643,0.19949999451637268,0.10830000042915344,0.03579999879002571,0.052000001072883606,0.04960000142455101,0.26809999346733093,0.6877557039260864,0.25542227921026744,0.8869149845696735,0.2123354100835239,-0.5582901292563734,0.7323862198911206,-0.4377823947361881,0.3462482342359246,2.1631197294184648,0.6799978985027109,235_6
10,0.8951262648608953,23.601572206964804,0.920492546252506,0.9170956728706212,0.9785697847558407,0.13920000195503235,0.06199999898672104,0.033900000154972076,0.05209999904036522,0.03350000083446503,0.2786000072956085,0.7853252291679382,0.16740000247955322,0.08259999752044678,0.03350000083446503,0.04320000112056732,0.03709999844431877,0.22370000183582306,0.7154908180236816,0.15469999611377716,0.07100000232458115,0.031099999323487282,0.044199999421834946,0.03400000184774399,0.2777999937534332,0.7819114923477173,1.0214365677123487,0.4014572246643563,0.20163049051629475,0.8291581143393754,0.45278974316380954,0.7267505681707791,1.855885681561366,0.5931963473533333,0.6324740492589677,236_8
10,0.8309865535747623,23.36738141239485,0.8657115361982595,0.9092603984419679,0.9307955722232051,0.13619999587535858,0.06459999829530716,0.03200000151991844,0.04529999941587448,0.02810000069439411,0.2425999939441681,0.7923901081085205,0.15404999256134033,0.08474999666213989,0.03579999879002571,0.047449998557567596,0.04560000076889992,0.20309999585151672,0.633293092250824,0.1696999967098236,0.07999999821186066,0.029999999329447746,0.04390000179409981,0.0272000003606081,0.31279999017715454,0.8399999737739563,0.818907311991189,0.5242261699237565,0.30149072462554644,0.7154132748674085,0.4253102233586177,-0.17748978586948438,1.4626675565833875,0.7735809094050773,0.586247270255191,233_8
10,0.0927510530853386,23.40888357852117,0.876721184426006,0.9366465858442347,0.9587634621351234,0.13410000503063202,0.06030000001192093,0.027899999171495438,0.04089999943971634,0.03180000185966492,0.22540000081062317,0.7527216076850891,0.14509999752044678,0.061149999499320984,0.03974999859929085,0.05335000157356262,0.04565000161528587,0.22699999809265137,0.6651384234428406,0.15389999747276306,0.07000000029802322,0.032999999821186066,0.04479999840259552,0.030700000002980232,0.29269999265670776,0.8101422190666199,0.713172700756725,0.5017937428023779,0.20217207350170976,0.8262606336070915,0.49380112212925553,0.1424411387049877,1.7620514253247677,0.5983597951896434,0.7306755127490419,234_0
10,0.854432582490281,23.50733893366067,0.9082185037222102,0.9301340863634356,0.9490790712057192,0.14100000262260437,0.06080000102519989,0.033399999141693115,0.04839999973773956,0.031700000166893005,0.2603999972343445,0.7829510569572449,0.14704999327659607,0.07635000348091125,0.03200000151991844,0.045099999755620956,0.03629999980330467,0.23285000026226044,0.7302619218826294,0.13169999420642853,0.053050000220537186,0.025499999523162842,0.0414000004529953,0.023649999871850014,0.268449991941452,0.8380691409111023,0.8708385146806152,0.43178902366412153,0.2696671939211963,0.9364820233639827,0.8592890309810391,0.8253920231578511,1.498369146906145,0.35833511229433446,0.5080790922571727,235_8
10,0.10631561387554456,23.913736768196337,0.7917581186427424,0.7793713902661579,0.9250239030000732,0.17270000278949738,0.0778999999165535,0.037700001150369644,0.04919999837875366,0.03229999914765358,0.3018999993801117,0.8067025542259216,0.2160000056028366,0.12790000438690186,0.04724999889731407,0.0632999986410141,0.058649998158216476,0.19625000655651093,0.5398195385932922,0.2168000042438507,0.1145000010728836,0.03660000115633011,0.055799998342990875,0.04520000144839287,0.2896000146865845,0.7299880385398865,1.0304664627883673,0.6571144513731764,0.37204355940668893,-0.6414217753600717,-0.9087320735623083,0.4959812222368529,1.1957906475011608,2.267146388315111,0.40171626824481005,239_1
10,0.3682643507247967,23.620257164874495,0.7551049346796939,0.8150748102827988,0.9527415371694057,0.13339999318122864,0.05660000070929527,0.02979999966919422,0.04259999841451645,0.029600000008940697,0.2522999942302704,0.7899964451789856,0.1603499948978424,0.09430000185966492,0.03355000168085098,0.04764999821782112,0.04374999925494194,0.22664999961853027,0.6764053106307983,0.15620000660419464,0.07259999960660934,0.032999999821186066,0.04879999905824661,0.03269999846816063,0.3124000132083893,0.8104897141456604,0.864270534297174,0.7149821640060957,0.26645019016850513,0.8275149776147027,0.513305515628385,0.028899125464913966,1.7307726067523206,0.5961293191408064,0.4892484874628393,236_3
10,0.6084738576983568,23.99728008961945,0.5531598837048597,0.9784298687356073,0.6032799477206959,0.16940000653266907,0.0746999979019165,0.03779999911785126,0.05009999871253967,0.031700000166893005,0.3109999895095825,0.8149985074996948,0.17020000517368317,0.07819999754428864,0.04349999874830246,0.05889999866485596,0.04010000079870224,0.30219998955726624,0.7657026052474976,0.22609999775886536,0.14640000462532043,0.04839999973773956,0.06159999966621399,0.06260000169277191,0.17579999566078186,0.4748322069644928,0.21132262271704086,0.9846438086219172,0.19268352750157866,-0.9263400172098339,0.3650632409495568,-0.15169182914404106,0.4344584996708162,2.7553738649156925,0.7884484981075948,239_6
10,0.44695676961366715,23.071656020862697,0.8272617662062073,0.975590347367358,0.8666903428885555,0.1436000019311905,0.06084999814629555,0.03164999932050705,0.04544999822974205,0.02745000086724758,0.25804999470710754,0.8077057600021362,0.1348000019788742,0.05694999918341637,0.02824999950826168,0.03954999893903732,0.029500000178813934,0.2443999946117401,0.7845929265022278,0.21299999952316284,0.11540000140666962,0.0421999990940094,0.05790000036358833,0.05025000125169754,0.2775999903678894,0.6934573650360107,0.37112001653220833,0.5965801699398057,0.19225335704974622,-0.9750453528776678,0.964880852148987,-0.9068559940798757,0.09110084500888263,2.917721563662338,0.21359750178288375,230_4
10,0.8904550253834742,23.990902051102204,0.5482183374595965,0.8926664984528917,0.7374053859449264,0.17890000343322754,0.07289999723434448,0.03595000132918358,0.050999999046325684,0.03220000118017197,0.3483999967575073,0.8307934999465942,0.18310000002384186,0.08079999685287476,0.03644999861717224,0.05180000141263008,0.03590000048279762,0.3325999975204468,0.8051560521125793,0.20520000159740448,0.11640000343322754,0.0393499992787838,0.05685000121593475,0.05350000038743019,0.21580000221729279,0.6026735901832581,0.47202332671435765,0.9905639010289699,0.339403410455721,-0.944555020288471,0.9900663762210247,-0.8984537761216616,0.0502552555403583,2.8070330910595183,0.08522639870401613,239_8
10,0.7531026184416003,23.786355660908193,0.5104296938405821,0.9625430450920823,0.6048819492576791,0.1551000028848648,0.07000000029802322,0.03539999946951866,0.051600001752376556,0.03550000116229057,0.26919999718666077,0.7669839262962341,0.15950000286102295,0.07625000178813934,0.04114999994635582,0.05245000123977661,0.03869999945163727,0.2483000010251999,0.7303135991096497,0.23935000598430634,0.14079999923706055,0.04560000076889992,0.06289999932050705,0.06515000015497208,0.22669999301433563,0.5535377860069275,0.26525216726829015,1.0351119198016867,0.23678648432990163,-0.8088145287240247,0.6587908280463183,-0.22423012822311206,0.3388817151800254,2.5129297493405045,0.539065004260907,237_7
10,0.8785972636330968,23.823905239784388,0.5715922064104229,0.9429076716567625,0.6705405813071924,0.16304999589920044,0.07197500020265579,0.03411666676402092,0.05249999836087227,0.03271999955177307,0.2897999882698059,0.7970978617668152,0.16259999573230743,0.0763000026345253,0.0357000008225441,0.05400000140070915,0.0364999994635582,0.2741999924182892,0.7650466561317444,0.19259999692440033,0.11559999734163284,0.04340000078082085,0.06430000066757202,0.05660000070929527,0.20739999413490295,0.571212112903595,0.35282425660096484,0.9623513376806568,0.29190685960719914,-0.7945116735718345,0.9120228128717082,-0.4874370267175323,0.16978991616639916,2.4889993207885444,0.1251646254507842,238_8
10,0.9205485874014787,23.89352467430365,0.5526818987935467,0.9815382634750986,0.6109206527936124,0.15119999647140503,0.06769999861717224,0.03579999879002571,0.051100000739097595,0.03229999914765358,0.26899999380111694,0.7855957746505737,0.15735000371932983,0.07135000079870224,0.030050000175833702,0.049150001257658005,0.031950000673532486,0.2689000070095062,0.7876017689704895,0.22609999775886536,0.1289999932050705,0.04050000011920929,0.05950000137090683,0.053199999034404755,0.24560000002384186,0.6439089775085449,0.19533928707402493,0.9852174590825477,0.17273721514776885,-0.9172314282077391,0.8723064197914258,-0.8333835939787962,0.18701352380057915,2.731870220404745,0.4817710492260842,238_9
10,0.6708169384162517,23.807825396198645,0.3977727465008062,0.9804675189990659,0.48380867962385754,0.17389999330043793,0.0738999992609024,0.03700000047683716,0.053300000727176666,0.034699998795986176,0.3230000138282776,0.8059827089309692,0.1615000069141388,0.06939999759197235,0.03590000048279762,0.04830000177025795,0.03480000048875809,0.32760000228881836,0.807947039604187,0.22624999284744263,0.14000000059604645,0.04430000111460686,0.06134999915957451,0.05835000053048134,0.21389999985694885,0.5713498592376709,0.17041430563508758,1.1617083285809857,0.1680178918668758,-0.8992452738950178,0.9195374456933205,-0.9406315581275921,0.1502115498099715,2.6888374644887993,0.29469221358021674,238_6
10,0.5514308371567669,23.91831817614535,0.568973508281572,0.9389367130998768,0.636757558334187,0.1785999983549118,0.08009999990463257,0.042100001126527786,0.05860000103712082,0.03920000046491623,0.3100000023841858,0.7754868268966675,0.17430000007152557,0.07975000143051147,0.03815000131726265,0.05544999986886978,0.03784999996423721,0.3037000000476837,0.7783633470535278,0.2847000062465668,0.19920000433921814,0.06019999831914902,0.08070000261068344,0.08299999684095383,0.23600000143051147,0.47962385416030884,0.36380635031742065,0.965539244386547,0.32070847259651775,0.0285929968500937,0.8111789082557198,-0.5277436467153716,0.40502614915427426,1.542199432431511,0.19546889732414863,239_5
10,0.22767800876009225,23.91526390417934,0.8851106095443434,0.9139830059151234,0.9511493515122464,0.16769999265670776,0.0731000006198883,0.033399999141693115,0.04690000042319298,0.030700000002980232,0.31679999828338623,0.8233093619346619,0.2248000055551529,0.13609999418258667,0.04349999874830246,0.053300000727176666,0.060600001364946365,0.2533000111579895,0.613889753818512,0.21449999511241913,0.10114999860525131,0.038750000298023224,0.0560000017285347,0.037300001829862595,0.3197999894618988,0.7910948991775513,0.8631118306831621,0.48406469404479263,0.2670308730975009,0.05602556764932688,-0.8505887640122496,0.07908091995514174,1.7084766261455049,1.5147414082270798,0.5102805675133066,239_2
10,0.9302503924699685,23.77126396413498,0.6934442491804754,0.9635283528161247,0.7600266448254828,0.14589999616146088,0.05920000001788139,0.026399999856948853,0.041999999433755875,0.028699999675154686,0.27410000562667847,0.810435950756073,0.1444000005722046,0.05959999933838844,0.028699999675154686,0.042500000447034836,0.03009999915957451,0.2540000081062317,0.7881028056144714,0.20100000500679016,0.10949999839067459,0.0430000014603138,0.0560000017285347,0.04919999837875366,0.22179999947547913,0.6369003653526306,0.33672475224677806,0.8045379106416287,0.235274083799587,-0.7219652863894508,0.9829441978125024,-0.6038651909251442,0.07779678960216634,2.377434752712637,0.10220827424475863,237_9
10,0.09805111326164528,23.759406202384604,0.8932225449620786,0.8667113936747778,0.9576507106884186,0.18388333916664124,0.08173999935388565,0.03585999831557274,0.04996153712272644,0.03181818127632141,0.3542250096797943,0.8351573944091797,0.20720000565052032,0.11647500097751617,0.04243333265185356,0.06092499941587448,0.056433334946632385,0.2840000092983246,0.6684617400169373,0.2021999955177307,0.09059999883174896,0.03449999913573265,0.05909999832510948,0.03359999880194664,0.39959999918937683,0.8448753356933594,1.1198520542661194,0.4663340656168072,0.2868303617441039,0.8381245831268447,-0.5550141359275174,-0.13143934667378493,3.7423304389489895,0.5769603517396339,0.5635981201538323,237_0
10,0.8588343273824677,23.74907557661723,0.4449935197490808,0.9417537797916132,0.5769068885314715,0.13699999451637268,0.06109999865293503,0.029999999329447746,0.04520000144839287,0.03460000082850456,0.22660000622272491,0.7350689172744751,0.13590000569820404,0.057999998331069946,0.030899999663233757,0.041600000113248825,0.029899999499320984,0.21379999816417694,0.7546163201332092,0.20800000429153442,0.12985000014305115,0.03945000097155571,0.05844999849796295,0.0531499981880188,0.23270000517368317,0.6281266808509827,0.30910201390990727,1.109629302161221,0.28642246854002495,-0.46181288996644243,0.9791913503191673,-0.5194683638028226,0.09964656830508598,2.050834336886819,0.18823692223232877,237_8
10,0.11071735876772948,23.950208368731595,0.6891681242286815,0.9090514912417236,0.8498165654501618,0.16449999809265137,0.07670000195503235,0.0357000008225441,0.049800001084804535,0.032999999821186066,0.26589998602867126,0.7791903614997864,0.16740000247955322,0.07895000278949738,0.03415000066161156,0.04859999939799309,0.040150001645088196,0.22779999673366547,0.7003172039985657,0.22599999606609344,0.12049999833106995,0.03815000131726265,0.05400000140070915,0.03830000013113022,0.30169999599456787,0.7747058868408203,0.5303117042800181,0.8104559476915609,0.2804172333733339,-0.6057567169908775,0.5683313103171818,-0.6943580960685446,0.4349828220309486,2.2215129180472473,0.6952680983193181,239_1
10,0.9236028593674845,23.954430450566953,0.5885164860585814,0.9413353788601403,0.6976553070337455,0.17270000278949738,0.0746999979019165,0.03610000014305115,0.05220000073313713,0.03200000151991844,0.305400013923645,0.8103141784667969,0.16975000500679016,0.07819999754428864,0.03655000030994415,0.04895000159740448,0.03545000031590462,0.2556000053882599,0.7563992738723755,0.2092999964952469,0.13030000030994415,0.04349999874830246,0.061799999326467514,0.05739999935030937,0.21359999477863312,0.5763837695121765,0.36559074590065516,0.9415736443406587,0.2869009083703157,-0.9772091877594408,0.5223238990013989,-0.5585856222819696,0.34881550260268723,2.9276865412504893,0.8220063008032956,239_9
10,0.5351713305142027,23.78249290518648,0.5571791875511162,0.9083410092323938,0.7755857414436026,0.16850000619888306,0.06853333115577698,0.04206666722893715,0.05582499876618385,0.03689999878406525,0.32839998602867126,0.7979742884635925,0.1543000042438507,0.07063333690166473,0.030175000429153442,0.043949998915195465,0.03241249918937683,0.23260000348091125,0.7553889155387878,0.21205000579357147,0.13815000653266907,0.04190000146627426,0.05559999868273735,0.05130000039935112,0.18790000677108765,0.5710702538490295,0.44038701000212804,0.9798113772536576,0.2638272954590645,-0.7615611856889737,-0.12626145587484347,-0.32194330339193705,0.6966489978141422,2.436514935775145,0.7535751614619979,237_5
10,0.622936733772681,23.901160354218668,0.8880924044089744,0.7864904763066167,0.9298423307156727,0.17759999632835388,0.0820000022649765,0.037700001150369644,0.04989999905228615,0.029999999329447746,0.29319998621940613,0.8143564462661743,0.19085000455379486,0.11159999668598175,0.042149998247623444,0.05225000157952309,0.04230000078678131,0.18719999492168427,0.6313725113868713,0.18539999425411224,0.08739999681711197,0.030899999663233757,0.047200001776218414,0.028599999845027924,0.28839999437332153,0.8195583820343018,1.3937722035960067,0.47761791071012677,0.3578899160887222,0.7839324741055536,-0.5683081268465957,-0.5160177419757105,3.2474986052364114,0.6698215407286653,0.8149418806693048,239_6
10,0.11071735876772948,23.95029820026,0.5322124139696662,0.9427818626527135,0.6528285564907828,0.16449999809265137,0.07670000195503235,0.03849999979138374,0.05530000105500221,0.0340999998152256,0.31619998812675476,0.8053097128868103,0.16740000247955322,0.07895000278949738,0.03725000098347664,0.05415000021457672,0.03974999859929085,0.31459999084472656,0.7756455540657043,0.22599999606609344,0.12049999833106995,0.04050000011920929,0.06435000151395798,0.05299999937415123,0.3181000053882599,0.7143627405166626,0.3366913706313653,1.0095846418783194,0.28164144512321837,-0.3658068181464873,0.9006375417618632,-0.26475017425439257,0.23110210558103436,1.945295884796374,0.42897302863636877,239_1
10,0.6100009936813606,23.976888332669944,0.7808607059568516,0.6947140168636528,0.9368141634224908,0.1619500070810318,0.07145000249147415,0.03545000031590462,0.05195000022649765,0.031950000673532486,0.2994000017642975,0.8071525692939758,0.219650000333786,0.1256999969482422,0.058800000697374344,0.07445000112056732,0.06800000369548798,0.2558000087738037,0.579987645149231,0.19179999828338623,0.09510000050067902,0.03819999843835831,0.055799998342990875,0.037700001150369644,0.33559998869895935,0.798017680644989,1.1897286977301043,0.6747539140255754,0.3448299712022118,0.3268154169180032,-0.7718956423644193,-0.0918470973470936,1.981326850165908,1.2378643382402186,0.612670449585075,239_6
10,0.9012348087929087,23.74763827216264,0.4917723400088187,0.9667973246027723,0.5922500887704593,0.14810000360012054,0.06430000066757202,0.03319999948143959,0.04729999974370003,0.031199999153614044,0.3131999969482422,0.8188153505325317,0.14935000240802765,0.06069999933242798,0.02734999917447567,0.045099999755620956,0.026599999517202377,0.3034000098705292,0.8387879133224487,0.21439999341964722,0.11349999904632568,0.041850000619888306,0.05355000123381615,0.050200000405311584,0.2881999909877777,0.7033096551895142,0.24455145863573116,1.0566722621594344,0.2175022588230001,-0.8225761403473596,0.9509402562128042,-0.8534261941206723,0.12399276238295705,2.5367228480757364,0.28290150734375147,237_9
10,0.8981805368269029,23.79039807968673,0.8879024554037638,0.917753185455983,0.961826270172904,0.16290000081062317,0.07045000046491623,0.04089999943971634,0.05335000157356262,0.03280000016093254,0.299699991941452,0.802706778049469,0.16670000553131104,0.0771000012755394,0.0357000008225441,0.05040000006556511,0.03700000047683716,0.24699999392032623,0.7394366264343262,0.17045000195503235,0.08630000054836273,0.03334999829530716,0.04529999941587448,0.03359999880194664,0.2387000024318695,0.7532134056091309,0.854360258864733,0.47803097948585,0.23598597134334887,0.12403384966229708,0.3399903535174533,0.8503615803210683,0.8461379697454853,1.4464422240616914,0.4701358865031603,237_8
10,0.9515404647036014,23.73263640691784,0.8211671378869598,0.7426729525996345,0.9251202643646507,0.15139999985694885,0.06459999829530716,0.031599998474121094,0.04600000008940697,0.03240000084042549,0.2994000017642975,0.8047016263008118,0.20714999735355377,0.10719999670982361,0.0340999998152256,0.05000000074505806,0.042249999940395355,0.23970000445842743,0.700301468372345,0.16744999587535858,0.07154999673366547,0.027950000017881393,0.05615000054240227,0.02995000034570694,0.31299999356269836,0.8253389596939087,1.208119652878422,0.607343164358069,0.3785030648935784,0.7707008254592658,-0.36185968603304786,-0.37946284932779606,2.809642220127539,0.6908560489904224,0.918772587311494,237_9
10,0.5529579731397707,23.918587670730588,0.6501964438307154,0.9635329883029344,0.7112537251738715,0.16064999997615814,0.07405000180006027,0.040950000286102295,0.05445000156760216,0.03550000116229057,0.2603999972343445,0.7600540518760681,0.16529999673366547,0.07805000245571136,0.039650000631809235,0.053700000047683716,0.03894999995827675,0.2721000015735626,0.7495579719543457,0.2623000144958496,0.18400000035762787,0.052000001072883606,0.07000000029802322,0.07400000095367432,0.2215999960899353,0.49932339787483215,0.3139109463959727,0.862953360379551,0.24322017349644326,-0.48502629873010455,0.9549457010672703,-0.4871727019645725,0.14506117500014784,2.0771895671143796,0.29550903164855624,239_5
10,0.819398286409621,23.51946618999628,0.8938553854054002,0.9776952784107967,0.8896662411065098,0.15929999947547913,0.06785000115633011,0.04365000128746033,0.05575000122189522,0.03595000132918358,0.3095499873161316,0.7918958067893982,0.17249999940395355,0.06735000014305115,0.029850000515580177,0.04749999940395355,0.028699999675154686,0.326200008392334,0.8382642865180969,0.19374999403953552,0.08425000309944153,0.03044999949634075,0.05090000107884407,0.029200000688433647,0.36579999327659607,0.8521518707275391,0.45513627913920773,0.46492457488545447,0.20707062702716073,0.19733840235903846,0.299963262700533,0.8711894684287869,0.9227404912683769,1.3721541383318598,0.4732539149507163,235_8
10,0.0818814381474926,23.22383062999255,0.8031690108246601,0.9573466303218484,0.8672857626550933,0.15045000612735748,0.0674000009894371,0.032999999821186066,0.04645000025629997,0.028950000181794167,0.26190000772476196,0.8009282946586609,0.1673000007867813,0.07280000299215317,0.0494999997317791,0.06390000134706497,0.0421999990940094,0.3100000023841858,0.7603634595870972,0.19349999725818634,0.12240000069141388,0.038100000470876694,0.04899999871850014,0.03920000046491623,0.2037999927997589,0.6773662567138672,0.45929350903130617,0.6382006695395447,0.2371086300134885,-0.17929809040197184,-0.25603398131072475,-0.4963474393799009,1.044912131744597,1.7510692600358524,0.7941288788066615,232_0
10,0.9229740386686007,23.594206021635024,0.8137404522940263,0.9341493866627174,0.907213537750024,0.14399999380111694,0.062049999833106995,0.02850000001490116,0.04374999925494194,0.030950000509619713,0.3096500039100647,0.8182618618011475,0.15424999594688416,0.07705000042915344,0.026750000193715096,0.041600000113248825,0.03265000134706497,0.22040000557899475,0.7419482469558716,0.16179999709129333,0.07129999995231628,0.024800000712275505,0.04349999874830246,0.028200000524520874,0.3095000088214874,0.8329878449440002,0.5883685161956613,0.62023747516512,0.25169287680077995,0.9507008448251699,0.7295077451427506,0.7388460858572944,2.388755907555851,0.31530821127731046,0.668189733042384,235_9
10,0.6508743391087979,23.53833081096279,0.657441766475231,0.7715846843870567,0.8824620513122964,0.14945000410079956,0.06764999777078629,0.03420000150799751,0.04569999873638153,0.03085000067949295,0.23549999296665192,0.7683498859405518,0.21789999306201935,0.1477999985218048,0.0421999990940094,0.05260000005364418,0.05770000070333481,0.18970000743865967,0.533548891544342,0.1987999975681305,0.10429999977350235,0.0364999994635582,0.05810000002384186,0.04560000076889992,0.2718000113964081,0.7126654386520386,0.8079280226242019,0.8533777259949163,0.3958870823271323,-0.7621546610221902,-0.4260286277168006,0.6936717677699193,0.8250058158737664,2.4374311546641017,0.7026204273184325,235_6
10,0.9085111625942766,23.88256522783739,0.741725879127612,0.745570491342386,0.9647369472096986,0.15940000116825104,0.07079999893903732,0.03480000048875809,0.053199999034404755,0.032600000500679016,0.2766000032424927,0.7891332507133484,0.19564999639987946,0.11980000138282776,0.042249999940395355,0.06154999881982803,0.05505000054836273,0.2168000042438507,0.594997227191925,0.18494999408721924,0.09115000069141388,0.0364999994635582,0.05990000069141388,0.03790000081062317,0.26489999890327454,0.7496697306632996,0.9921778164579872,0.7351563781886459,0.25938755934686364,0.1728346133502421,-0.7284950248855528,0.20951121821132518,1.708493906703812,1.3970894563872442,0.5944105530677857,238_9
10,0.8622479254621211,23.83136125664258,0.9326942676204301,0.9666362783308287,0.967882138254281,0.16635000705718994,0.0775500014424324,0.03550000116229057,0.04838571324944496,0.03384000062942505,0.2646999955177307,0.7732967138290405,0.17139999568462372,0.07890000194311142,0.038600001484155655,0.052000001072883606,0.03750000149011612,0.26420000195503235,0.7514086961746216,0.1643500030040741,0.07479999959468842,0.032999999821186066,0.04729999974370003,0.033250000327825546,0.26829999685287476,0.7794727087020874,0.7020364190536124,0.3689839944576875,0.17837131399517644,0.9743766957473351,0.8108854134423454,0.6876667084355329,2.7555480844906834,0.2268633235221179,0.3674630143972814,238_8
10,0.5528681416113574,23.918677502258994,0.4486769229768634,0.9321227253410506,0.5731524242369147,0.16985000669956207,0.07909999787807465,0.04165000095963478,0.05460000038146973,0.03880000114440918,0.2702000141143799,0.7488673329353333,0.17739999294281006,0.08429999649524689,0.040699999779462814,0.051899999380111694,0.04039999842643738,0.26100000739097595,0.7319177389144897,0.2696000039577484,0.17839999496936798,0.05480000004172325,0.07020000368356705,0.08579999953508377,0.20839999616146088,0.4167233109474182,0.33519802516080516,1.1055119974942977,0.31795229664658287,-0.17429716239916834,0.8156470466781557,0.070151721766107,0.3533526671305379,1.745988286701618,0.5368697737173018,239_5
10,0.9001568304519658,23.971408609436814,0.8358974321679429,0.9621355612050554,0.8937829015279809,0.15289999544620514,0.07020000368356705,0.03620000183582306,0.052000001072883606,0.0340999998152256,0.2727999985218048,0.7777777910232544,0.1639000028371811,0.0737999975681305,0.03929999843239784,0.052799999713897705,0.0406000018119812,0.27090001106262207,0.7393258213996887,0.1838500052690506,0.09825000166893005,0.037700001150369644,0.05635000020265579,0.04495000094175339,0.26190000772476196,0.7070229649543762,0.47512923639833227,0.5810305638527828,0.2183708396566476,-0.48847265575279186,0.7750270185899701,-0.06776098389535556,0.3286853227764561,2.081134841496039,0.5219673713549673,239_9
10,0.10164437439812168,23.76749103994168,0.7380521706893852,0.9004310902218574,0.9034934328189214,0.1573999971151352,0.06679999828338623,0.03415000066161156,0.04639999940991402,0.030700000002980232,0.30709999799728394,0.8182356357574463,0.18199999630451202,0.10454999655485153,0.039633333683013916,0.05121999979019165,0.0458500012755394,0.23680000007152557,0.6755704879760742,0.20160000026226044,0.09520000219345093,0.03180000185966492,0.0544000007212162,0.032999999821186066,0.3783999979496002,0.8395721912384033,0.607650945380513,0.740617313988486,0.25265663954940765,0.42933150660868935,-0.6096357352035758,-0.8716249475287622,1.9754309267158776,1.1270438624788532,0.41511829912899356,237_1
10,0.08134244897702203,23.22356113540731,0.5156007174953116,0.9436989776356979,0.6301332811841068,0.14560000598430634,0.06710000336170197,0.03180000185966492,0.044199999421834946,0.028300000354647636,0.22540000081062317,0.7769018411636353,0.14319999516010284,0.07084999978542328,0.037050001323223114,0.04270000010728836,0.03680000081658363,0.23149999976158142,0.7256802320480347,0.2198999971151352,0.13510000705718994,0.04540000110864639,0.058800000697374344,0.05350000038743019,0.2207999974489212,0.6099161505699158,0.3276270142575081,1.0290877315049851,0.2852356013845084,-0.6289284024127512,0.873360892932024,-0.3701348431791984,0.2260073858337355,2.2509704428911497,0.42912150832752316,232_0
10,0.8596428111381744,23.575610895253753,0.8833920169999384,0.8475684603014754,0.9443101996821679,0.15925000607967377,0.07119999825954437,0.031300000846385956,0.04464999958872795,0.03229999914765358,0.30730000138282776,0.8097761869430542,0.16509999334812164,0.08470000326633453,0.032099999487400055,0.04690000042319298,0.037300001829862595,0.22920000553131104,0.7200750112533569,0.14910000562667847,0.06509999930858612,0.030050000175833702,0.04019999876618385,0.02944999933242798,0.24345000088214874,0.7841700315475464,1.146931620170053,0.4877446985867125,0.3278170461409715,0.8529556808495803,0.5080182880245805,0.8560346238917653,1.8899524855806138,0.5491745555418034,0.29341693748670955,235_8
10,0.8952160963893085,23.358577922610472,0.8830556774292445,0.8489308809597823,0.9463582258679384,0.1290999948978424,0.0617000013589859,0.03480000048875809,0.042399998754262924,0.029899999499320984,0.23019999265670776,0.7700884342193604,0.18490000069141388,0.12449999898672104,0.03720000013709068,0.04540000110864639,0.0478999987244606,0.1467999964952469,0.5079609751701355,0.17569999396800995,0.08579999953508377,0.03125,0.043049998581409454,0.03009999915957451,0.27274999022483826,0.8012217283248901,1.139980889245675,0.48846191466980315,0.3218844580625996,0.7060335888722721,0.09493530019161299,-0.11627166286363176,1.8753211389460676,0.7869147371069956,0.9612457110420325,233_8
10,0.8471562286889132,23.742697538099982,0.6680748882996972,0.9605262072183818,0.7393802433364507,0.1436000019311905,0.06129999831318855,0.0284000001847744,0.04259999841451645,0.03180000185966492,0.31520000100135803,0.8167147040367126,0.14190000295639038,0.05909999832510948,0.029999999329447746,0.04270000010728836,0.027499999850988388,0.30079999566078186,0.8324702978134155,0.17669999599456787,0.08429999649524689,0.032999999821186066,0.05209999904036522,0.03139999881386757,0.28360000252723694,0.8006349205970764,0.3359344371878868,0.8391777428018046,0.24527074957804246,0.8096623996726355,0.9812408789064072,0.8545654122368491,0.30930207504753926,0.627219670434109,0.16334892411267662,237_8
10,0.6221282500169725,23.988835925948734,0.8516268119749878,0.9660248178878941,0.8910959652492216,0.17605000734329224,0.07535000145435333,0.03929999843239784,0.05465000122785568,0.03500000014901161,0.3605499863624573,0.8230311870574951,0.17229999601840973,0.07760000228881836,0.04149999842047691,0.05849999934434891,0.03849999979138374,0.33730000257492065,0.7951037883758545,0.22450000047683716,0.13905000686645508,0.04414999857544899,0.06024999916553497,0.05525000020861626,0.21439999341964722,0.5902095437049866,0.4738254292364418,0.5517150919460925,0.22308033936393992,-0.7147493321676266,0.9062969618553631,-0.487038456203816,0.18434579888508612,2.3670619536505915,0.3546904124320727,239_6
10,0.10838173902901893,23.63364206260787,0.7861582538050238,0.8791036694992507,0.9054896966993295,0.15620000660419464,0.07010000199079514,0.03480000048875809,0.050200000405311584,0.03060000017285347,0.28790000081062317,0.8078492879867554,0.21895000338554382,0.12549999356269836,0.04479999840259552,0.05909999832510948,0.05810000002384186,0.23944999277591705,0.6094774007797241,0.20029999315738678,0.09300000220537186,0.03660000115633011,0.06260000169277191,0.03869999945163727,0.36160001158714294,0.8066450357437134,0.745717272984936,0.6662283067350623,0.3268901702926343,-0.0017986305282493842,-0.9621374194473047,-0.1885296103052405,1.8221696870416846,1.5725949582929306,0.19517312341781934,236_1
10,0.8309865535747623,23.367291580866436,0.8833740577996132,0.9329248197060221,0.9402668821222017,0.13619999587535858,0.06459999829530716,0.03539999946951866,0.04520000144839287,0.031599998474121094,0.22579999268054962,0.754467785358429,0.15404999256134033,0.08474999666213989,0.03519999980926514,0.04780000075697899,0.04600000008940697,0.19580000638961792,0.6195202469825745,0.1696999967098236,0.07999999821186066,0.029200000688433647,0.04450000077486038,0.029100000858306885,0.31029999256134033,0.8285208940505981,0.7551395068451238,0.48778301958418474,0.2612215458769741,0.5044705197330634,0.5952491429342,-0.15662564579260974,0.8955814288631098,1.0420277011205075,0.6046855077832308,233_8
10,0.9026721132474993,23.747997598276285,0.6035511634318033,0.9810784156154412,0.6522875895039926,0.14059999585151672,0.06080000102519989,0.03849999979138374,0.05299999937415123,0.03449999913573265,0.24969999492168427,0.7572132349014282,0.13220000267028809,0.05649999901652336,0.030400000512599945,0.044599998742341995,0.028599999845027924,0.22290000319480896,0.7725645899772644,0.19869999587535858,0.10100000351667404,0.03840000182390213,0.06279999762773514,0.04470000043511391,0.30219998955726624,0.7422888278961182,0.21113020133576443,0.9228488352030219,0.1783051667357778,-0.5584956081511464,0.8228153955870761,-0.8191402027968266,0.27940188650706765,2.1633674206934166,0.3674808832477026,237_9
10,0.8955754225029562,23.358577922610472,0.8976651387593658,0.8892805799561608,0.9498456180089847,0.13459999859333038,0.06109999865293503,0.03819999843835831,0.049800001084804535,0.03229999914765358,0.26019999384880066,0.7791453003883362,0.16494999825954437,0.11585000157356262,0.03400000184774399,0.04324999824166298,0.039400000125169754,0.1764499992132187,0.6349316835403442,0.16619999706745148,0.07800000160932541,0.030799999833106995,0.04399999976158142,0.029200000688433647,0.2768999934196472,0.8092126846313477,1.0409166283155593,0.4563540776759202,0.301465269681271,0.6266969872527756,0.13498049887820535,0.1985312806844479,1.6065139289426253,0.8934890135306537,0.9800008367969207,233_8
10,0.1117953371086724,23.950747357902067,0.3866978041302838,0.9673841885850845,0.48581980733462315,0.16509999334812164,0.07315000146627426,0.034049998968839645,0.04964999854564667,0.03200000151991844,0.2770000100135803,0.7928802371025085,0.1660500019788742,0.07680000364780426,0.037050001323223114,0.05209999904036522,0.03460000082850456,0.2551499903202057,0.76117342710495,0.2590999901294708,0.17810000479221344,0.052400000393390656,0.0697999969124794,0.06360000371932983,0.21279999613761902,0.5397973656654358,0.21819343739973449,1.1737481894280326,0.22245922117271485,-0.9652825727024648,0.839935595270575,-0.709976988474601,0.19936326999299162,2.877319342877845,0.3815691894719782,239_1
11,0.8442816197797303,23.715568416519574,0.5931596204754302,0.9765704860505994,0.6265716115160511,0.12915000319480896,0.053449999541044235,0.02655000053346157,0.04024999961256981,0.02449999935925007,0.2700999975204468,0.8336727619171143,0.14069999754428864,0.0575999990105629,0.02969999983906746,0.0434500016272068,0.028449999168515205,0.29635000228881836,0.8248152732849121,0.1932000070810318,0.1185000017285347,0.045049998909235,0.06174999848008156,0.054349999874830246,0.23524999618530273,0.6246547102928162,0.23176966589579012,0.9358185530561671,0.207019231129196,-0.8344083105841253,0.9831202589114927,-0.882158355243515,0.07193410078683636,2.557854677475905,0.14452458723186812,237_8
11,0.8374544236204233,23.729043145781368,0.4736989099363049,0.9766698443993017,0.5651273294614604,0.131400004029274,0.05570000037550926,0.02969999983906746,0.04309999942779541,0.03020000085234642,0.26980000734329224,0.7986666560173035,0.1360500007867813,0.05654999986290932,0.03020000085234642,0.04244999960064888,0.02865000069141388,0.2815999984741211,0.8153102397918701,0.2003999948501587,0.12309999763965607,0.04190000146627426,0.05339999869465828,0.052000001072883606,0.22179999947547913,0.620160698890686,0.2009004957166758,1.0773102413890643,0.18048692149825474,-0.6343260259702784,0.9921334149773406,-0.7015328315841204,0.05558815181836122,2.257932714744613,0.08336396219503653,237_8
11,0.9353707895894505,23.762280811293785,0.6660661445535766,0.9761480096748055,0.7180235679619864,0.1437000036239624,0.06030000001192093,0.03799999877810478,0.04960000142455101,0.034299999475479126,0.2791000008583069,0.781110405921936,0.1492999941110611,0.06385000050067902,0.037300001829862595,0.0458500012755394,0.03294999897480011,0.24969999492168427,0.7668494582176208,0.17579999566078186,0.09570000320672989,0.036400001496076584,0.05939999967813492,0.041200000792741776,0.24040000140666962,0.7073863744735718,0.259954423039143,0.8418740655250994,0.1971340215769997,-0.15644239519956485,0.9193740992869668,-0.08880253774221877,0.23399133315645204,1.7278839884892592,0.38941928473519943,237_9
11,0.9024924501906764,23.830822267472108,0.5347542765396033,0.9235119320771105,0.6290552637238715,0.1537500023841858,0.06780000030994415,0.03267500177025795,0.04937500134110451,0.03164000064134598,0.27272000908851624,0.7920883297920227,0.14890000224113464,0.06750000268220901,0.03620000183582306,0.053199999034404755,0.0333000011742115,0.25099998712539673,0.7657403945922852,0.19859999418258667,0.11840000003576279,0.0471000000834465,0.06764999777078629,0.05824999883770943,0.23409999907016754,0.6015050411224365,0.391085448902881,1.0065794008016369,0.34860424488157277,-0.8115585235085144,0.8749265400229337,-0.4547985342897068,0.20079044387760345,2.5176109878395927,0.2089034194762103,238_9
11,0.5616716313957291,23.448409451022428,0.9616569897627573,0.977653218463132,0.9667778782625971,0.1651500016450882,0.07294999808073044,0.047200001776218414,0.05654999986290932,0.03894999995827675,0.30709999799728394,0.7748880386352539,0.14730000495910645,0.06790000200271606,0.030500000342726707,0.04089999943971634,0.026399999856948853,0.27639999985694885,0.8256275057792664,0.13740000128746033,0.05999999865889549,0.02775000035762787,0.04149999842047691,0.02745000086724758,0.2860499918460846,0.8248803615570068,0.7623930715537389,0.2778149672316483,0.18649252807860314,-0.07972753954542008,-0.06991217918559609,0.9840746716445824,0.9940367510131579,1.6506085732877374,0.1775487114136163,234_5
11,0.9083314995374536,23.837649463631415,0.5090464872810136,0.9057199574114647,0.6510924966752651,0.16220000386238098,0.06970000267028809,0.0357000008225441,0.05050000175833702,0.03280000016093254,0.2833999991416931,0.7925363779067993,0.1623000055551529,0.0729999989271164,0.03660000115633011,0.049800001084804535,0.03830000013113022,0.2476000040769577,0.7320741415023804,0.22990000247955322,0.14390000700950623,0.04569999873638153,0.06520000100135803,0.05920000001788139,0.25119999051094055,0.6185566782951355,0.42221747638846896,1.0367196836294987,0.3618355980271917,-0.9722274253479124,0.6895744618581966,-0.6093804704185076,0.27875857950170857,2.9053635785383265,0.6756167175053597,238_9
11,0.6882442549281702,23.751051870242293,0.6229909798688911,0.9877461830919736,0.6552500061417247,0.1593666672706604,0.06897500157356262,0.037675000727176666,0.05166666582226753,0.032366666942834854,0.28797000646591187,0.7979209423065186,0.1580272763967514,0.0763000026345253,0.0415400005877018,0.053575001657009125,0.03946666792035103,0.2826625108718872,0.7549636960029602,0.2037000060081482,0.11330000311136246,0.04035000130534172,0.05640000104904175,0.05000000074505806,0.2312999963760376,0.644507646560669,0.17446360104658973,0.8982357561115566,0.14750105342212316,-0.8618420698109939,0.7218394544746548,-0.38892339715549645,0.29288561300437793,2.609686875364486,0.5172551504922248,237_6
11,0.6198824618066752,23.990452893460144,0.4655254795829421,0.9638046656706878,0.5209544474436164,0.17640000581741333,0.07779999822378159,0.03970000147819519,0.05469999834895134,0.037300001829862595,0.3124000132083893,0.7866743206977844,0.17080000042915344,0.07919999957084656,0.03869999945163727,0.056699998676776886,0.035999998450279236,0.30649998784065247,0.7897810339927673,0.2328999936580658,0.18240000307559967,0.052400000393390656,0.05999999865889549,0.06689999997615814,0.14720000326633453,0.3750583827495575,0.24837225992239614,1.086568069117387,0.25379309875129535,-0.7233176035124662,0.9414805677067316,-0.7593672519512551,0.1444907979785524,2.3793911660487095,0.31738097771935686,239_6
11,0.7529229553847756,23.78770313383437,0.41173232014835925,0.9818277032714917,0.505130079889718,0.1521500051021576,0.06859999895095825,0.03779999911785126,0.050599999725818634,0.03449999913573265,0.2637999951839447,0.7686892151832581,0.1551000028848648,0.07415000349283218,0.042500000447034836,0.05249999836087227,0.03999999910593033,0.25780001282691956,0.7313633561134338,0.2447499930858612,0.1570499986410141,0.0502999983727932,0.06424999982118607,0.07249999791383743,0.2240000069141388,0.5109612345695496,0.16654348178953776,1.1464421562487697,0.15414360471509536,-0.7315960057965659,0.7691027840858108,-0.16047653523224875,0.2899321827390951,2.3914564285188114,0.24582978428901378,237_7
11,0.8080795138297141,23.526023891570354,0.8425042420469105,0.9802496586871551,0.8555356739289787,0.1412999927997589,0.06080000102519989,0.03759999945759773,0.044349998235702515,0.030249999836087227,0.2361000031232834,0.772855281829834,0.13075000047683716,0.05299999937415123,0.024150000885128975,0.0393499992787838,0.025049999356269836,0.2576499879360199,0.8227803111076355,0.1772499978542328,0.08214999735355377,0.028349999338388443,0.0466499999165535,0.031599998474121094,0.34599998593330383,0.8326271176338196,0.3499437051005486,0.5688811005293906,0.18993885794941953,0.25571028971918086,0.8134711254112946,0.689010091151275,0.4730178998807439,1.312213978396091,0.30119773852748977,235_8
11,0.8501206691265075,23.70380048629761,0.4777200982498523,0.9799815232097321,0.5209551891215058,0.13044999539852142,0.058649998158216476,0.030249999836087227,0.041349999606609344,0.030750000849366188,0.24210000038146973,0.774601399898529,0.12849999964237213,0.056299999356269836,0.028200000524520874,0.041450001299381256,0.02590000070631504,0.25760000944137573,0.8172839283943176,0.20649999380111694,0.12184999883174896,0.04475000128149986,0.06224999949336052,0.057100001722574234,0.26919999718666077,0.6500152945518494,0.1868373746010249,1.072738636462336,0.18980052531097016,-0.8223113343480639,0.9770294805451359,-0.9167778290793718,0.08467241451491743,2.5362573340333205,0.07570073715548768,237_8
11,0.5741582138449903,23.991261377215856,0.39155274812973045,0.9827562347962759,0.45057474425371846,0.16769999265670776,0.07519999891519547,0.04100000113248825,0.05779999867081642,0.03669999912381172,0.289000004529953,0.7746392488479614,0.16990000009536743,0.07874999940395355,0.040699999779462814,0.05685000121593475,0.043299999088048935,0.2924500107765198,0.7420700192451477,0.24529999494552612,0.16699999570846558,0.05310000106692314,0.06599999964237213,0.06319999694824219,0.21080000698566437,0.5386861562728882,0.15916098468245646,1.1684778545433414,0.1705304068375166,-0.35687347762426025,0.8052224839679685,-0.041242172683665125,0.3279127863460964,1.9357151644476622,0.5312257397113642,239_5
11,0.9352809580610391,23.762550305879024,0.6999395651954761,0.9813642529763716,0.7221761127274711,0.13465000689029694,0.05869999900460243,0.035349998623132706,0.04969999939203262,0.033399999141693115,0.28380000591278076,0.7894073128700256,0.12890000641345978,0.05490000173449516,0.030899999663233757,0.04594999924302101,0.030300000682473183,0.24279999732971191,0.778103232383728,0.15530000627040863,0.08550000190734863,0.03680000081658363,0.04645000025629997,0.041600000113248825,0.16830000281333923,0.6036207675933838,0.24307148683728189,0.795483452327855,0.1856986818793139,0.18447429903072968,0.9196757853414552,0.44303786583682414,0.29131172008618245,1.3852593722920419,0.2771752739479085,237_9
11,0.1941708486624325,23.90268749020167,0.3636234973654146,0.9823977584110216,0.38404479961497084,0.17010000348091125,0.07599999755620956,0.035599999129772186,0.050999999046325684,0.03060000017285347,0.2809000015258789,0.803531289100647,0.1664000004529953,0.06920000165700912,0.030500000342726707,0.043800000101327896,0.02969999983906746,0.2809000015258789,0.8087572455406189,0.25780001282691956,0.17489999532699585,0.051600001752376556,0.06199999898672104,0.06790000200271606,0.2142000049352646,0.518610417842865,0.15676487149928556,1.198641604611571,0.18456872544477132,-0.948314390352177,0.8839017715566824,-0.8840406870282624,0.17265395896106772,2.8186775446375503,0.44482049494879045,239_1
11,0.5303204279799587,23.782852231300126,0.6619773803025215,0.9853940916759163,0.7233759129403545,0.14980000257492065,0.06589999794960022,0.04800000041723251,0.05979999899864197,0.044199999421834946,0.2540000081062317,0.7035546898841858,0.12600000202655792,0.05559999868273735,0.030400000512599945,0.041999999433755875,0.03449999913573265,0.2304999977350235,0.7396226525306702,0.1835000067949295,0.10289999842643738,0.042249999940395355,0.05595000088214874,0.05290000140666962,0.20600000023841858,0.5913479924201965,0.20195301767173618,0.8473424471783711,0.14145067316959004,0.4554557816790478,0.1158166448407615,-0.09901941370248377,1.3249867978501653,1.0979122140739028,0.9785315650489059,237_5
11,0.8379934127908939,23.720688813639057,0.534924007254182,0.9680352039207706,0.6113021098412305,0.12790000438690186,0.05400000140070915,0.0272000003606081,0.03680000081658363,0.026499999687075615,0.20309999585151672,0.7691637873649597,0.14219999313354492,0.057500001043081284,0.027699999511241913,0.038100000470876694,0.025800000876188278,0.19380000233650208,0.7650273442268372,0.20759999752044678,0.10809999704360962,0.04100000113248825,0.061000000685453415,0.04610000178217888,0.2734000086784363,0.7114241123199463,0.25191457217985175,1.0063785250907775,0.22509419820265086,-0.8867150388135275,0.9920067260834856,-0.8432169843228614,0.047547131273958855,2.660986906805335,0.09859062180274124,237_8
11,0.6789916075017395,23.732726238446254,0.5381481642895755,0.9841154238580643,0.572724468526508,0.15929999947547913,0.06759999692440033,0.03200000151991844,0.04814999923110008,0.032249998301267624,0.3068999946117401,0.809818685054779,0.15330000221729279,0.06430000066757202,0.03139999881386757,0.04479999840259552,0.03280000016093254,0.2874000072479248,0.7951280474662781,0.22290000319480896,0.1331000030040741,0.039000000804662704,0.059450000524520874,0.05270000174641609,0.24560000002384186,0.6466644406318665,0.17802046235447214,1.0025578735842793,0.16999694101096152,-0.9262464888898567,0.9601142493388832,-0.8778600231055467,0.10285766460672487,2.7551256497397394,0.27795508520109935,237_6
11,0.9229740386686007,23.768030029112154,0.9410445086849597,0.9490651874497152,0.9743354964915306,0.1492999941110611,0.06289999932050705,0.029500000178813934,0.039900001138448715,0.03060000017285347,0.2662000060081482,0.7938005328178406,0.1501999944448471,0.09070000052452087,0.024900000542402267,0.036400001496076584,0.027799999341368675,0.20720000565052032,0.7634042501449585,0.1712999939918518,0.07940000295639038,0.028699999675154686,0.03779999911785126,0.026100000366568565,0.18410000205039978,0.7516650557518005,0.928857221918478,0.34509148517857985,0.20402335086481865,0.8031140406398868,0.8666641752305349,0.9489600522455083,0.81830737551301,0.6382929341670615,0.2620879030969858,237_9
11,0.9026721132474993,23.74790776674788,0.613388472448934,0.985339654032452,0.6650450016784426,0.15549999475479126,0.06620000302791595,0.03310000151395798,0.0471000000834465,0.03280000016093254,0.27559998631477356,0.7872892022132874,0.13779999315738678,0.06120000034570694,0.02879999950528145,0.04050000011920929,0.02710000053048134,0.23019999265670776,0.7893509268760681,0.17589999735355377,0.08839999884366989,0.03400000184774399,0.05350000038743019,0.03660000115633011,0.274399995803833,0.7646301984786987,0.18830499660995784,0.9104524541337892,0.15234411782735047,0.796524752797065,0.9431216118216235,0.7966605758577581,0.5219668501451781,0.6492710249202325,0.3238408966597083,237_9
11,0.9015043033781449,23.794081172351618,0.5957876198504671,0.959084744887846,0.6475115395980106,0.17149999737739563,0.06989999860525131,0.03849999979138374,0.05429999902844429,0.03150000050663948,0.32820001244544983,0.8248540759086609,0.17499999701976776,0.07885000109672546,0.03714999929070473,0.05685000121593475,0.036649998277425766,0.31894999742507935,0.7938694953918457,0.21439999341964722,0.11659999936819077,0.04259999841451645,0.061799999326467514,0.055399999022483826,0.24639999866485596,0.6328694820404053,0.3078061846917655,0.9325503612016951,0.26679238771280867,-0.7669040014113168,0.9298799417381192,-0.5958754671296356,0.15408626406444378,2.4447992557553735,0.3192837743053004,237_9
11,0.8966534008438991,23.62843183395998,0.9324946238256635,0.963021431114907,0.9616385462013619,0.147599995136261,0.06360000371932983,0.029600000008940697,0.04360000044107437,0.03350000083446503,0.2928999960422516,0.7947303652763367,0.14470000565052032,0.0640999972820282,0.026200000196695328,0.03799999877810478,0.023800000548362732,0.23100000619888306,0.8131868243217468,0.14710000157356262,0.06369999796152115,0.0272000003606081,0.039250001311302185,0.026000000536441803,0.2768000066280365,0.8282694816589355,0.7382091472251132,0.36953713784768755,0.20385604860388873,0.9669062032013929,0.8988119441834613,0.965549346796805,1.7588074790518144,0.25798433373789537,0.22164596909163256,236_8
11,0.5617614629241423,23.868910835518776,0.7931718815745464,0.7842054878192092,0.9169232100568776,0.16030000150203705,0.07199999690055847,0.039799999445676804,0.05350000038743019,0.03530000150203705,0.28139999508857727,0.7770760655403137,0.19535000622272491,0.11034999787807465,0.03884999826550484,0.05590000003576279,0.049800001084804535,0.20784999430179596,0.613429069519043,0.1923000067472458,0.08869999647140503,0.031599998474121094,0.0560000017285347,0.03420000150799751,0.3515999913215637,0.8227060437202454,1.0222743768808302,0.6547964901663452,0.3879609866488612,0.0746617508125916,-0.5665751160878706,-0.8085580419478353,1.4525704431392328,1.4960650359434284,0.29757721182709207,238_5
11,0.5514308371567669,23.90646041439497,0.49249822318656883,0.9426004542954453,0.5956324842972144,0.16619999706745148,0.07694999873638153,0.04259999841451645,0.05820000171661377,0.03970000147819519,0.29695001244544983,0.7641467452049255,0.163100004196167,0.07729999721050262,0.04154999926686287,0.057500001043081284,0.040950000286102295,0.2950499951839447,0.7562500238418579,0.2640500068664551,0.1561499983072281,0.05355000123381615,0.07275000214576721,0.07339999824762344,0.21289999783039093,0.4872511327266693,0.32245665157811687,1.055838410811523,0.2978392268591264,-0.08857834490356449,0.9829971335492663,-0.12109354430997774,0.11128034716389112,1.6594909153635626,0.1804162805643887,239_5
11,0.8935991288778933,23.74215854892951,0.7974855974863128,0.979423603585466,0.8310310489222715,0.14669999480247498,0.06509999930858612,0.030500000342726707,0.04520000144839287,0.029899999499320984,0.2709999978542328,0.8012628555297852,0.14765000343322754,0.06610000133514404,0.026650000363588333,0.04259999841451645,0.027550000697374344,0.26660001277923584,0.8126806020736694,0.18080000579357147,0.08950000256299973,0.039000000804662704,0.06485000252723694,0.036400001496076584,0.3185499906539917,0.79490065574646,0.313752056042704,0.6476801489128713,0.1840488826417714,-0.20812325251195518,0.9834088045728067,-0.26968073267029036,0.1024532703727219,1.7804521301161822,0.1687880446625934,237_8
11,0.405634266544169,23.968803495112866,0.39251257392056804,0.9778076388269913,0.49355114847289844,0.16374999284744263,0.07320000231266022,0.03584999963641167,0.04874999821186066,0.030700000002980232,0.28200000524520874,0.803645670413971,0.16769999265670776,0.07569999992847443,0.05090000107884407,0.05649999901652336,0.04340000078082085,0.28029999136924744,0.7318504452705383,0.27619999647140503,0.1996999979019165,0.04859999939799309,0.06279999762773514,0.06279999762773514,0.20239999890327454,0.5263952016830444,0.18079677637273608,1.167434510336921,0.17220224543663118,-0.9224468922604314,-0.07706071510555162,0.054849996205590335,0.6003036315297198,2.7451666604117024,0.9961394979773707,239_4
11,0.5355306566278522,23.904933278411967,0.7800063195165969,0.9576649236585875,0.832268659571238,0.17890000343322754,0.07944999635219574,0.03999999910593033,0.056449998170137405,0.03435000032186508,0.3573000133037567,0.8245882987976074,0.1712000072002411,0.07880000025033951,0.039500001817941666,0.05900000035762787,0.03739999979734421,0.34360000491142273,0.8036745190620422,0.2227499932050705,0.11034999787807465,0.04500000178813934,0.06644999980926514,0.05844999849796295,0.3255999982357025,0.6956125497817993,0.43190209901509685,0.676120410865785,0.2535823273584407,0.09587613215255182,0.9556027135090032,0.18065763579597435,0.20280943482623942,1.4747726977493552,0.28075276080758427,239_5
11,0.537686613309738,23.786535323965012,0.6268635147425777,0.9872518207219563,0.675202560396949,0.16329999268054962,0.07090000063180923,0.04490000009536743,0.057999998331069946,0.03519999980926514,0.31299999356269836,0.7978173494338989,0.149399995803833,0.060100000351667404,0.03400000184774399,0.04470000043511391,0.029899999499320984,0.28839999437332153,0.8121269345283508,0.18844999372959137,0.10814999788999557,0.038350000977516174,0.05485000088810921,0.04284999892115593,0.26109999418258667,0.718045711517334,0.17894361610998266,0.8932752964741308,0.14179798071342406,-0.5497400137586117,0.32686476107501183,-0.8348821963501928,0.574964596093305,2.1528492971786464,0.5272211844943631,237_5
11,0.6875256027008749,23.733534722201966,0.8356091957060847,0.9876643525595176,0.8632523177360142,0.1432500034570694,0.06369999796152115,0.032749999314546585,0.045499999076128006,0.029750000685453415,0.22939999401569366,0.7704032063484192,0.14264999330043793,0.06040000170469284,0.028999999165534973,0.04075000062584877,0.028699999675154686,0.23510000109672546,0.7824109196662903,0.18950000405311584,0.09470000118017197,0.032499998807907104,0.048700001090765,0.03790000081062317,0.2207999974489212,0.706996500492096,0.2703661218267176,0.5815554842991405,0.14052110601373932,0.5112950618380369,0.972758262708765,0.5502298979109825,0.22623433320486,1.0341052828217718,0.22351215596554685,237_6
11,0.8988093575257867,23.800369379340452,0.7632242074108366,0.9860550553339067,0.8083858936342024,0.14605000615119934,0.06253333389759064,0.034611109644174576,0.049550000578165054,0.028939999639987946,0.29846665263175964,0.8232167959213257,0.1535000056028366,0.06989999860525131,0.03779999911785126,0.053700000047683716,0.03610000014305115,0.2757999897003174,0.7685155272483826,0.17100000381469727,0.08959999680519104,0.03799999877810478,0.05420000106096268,0.042399998754262924,0.23559999465942383,0.6949640512466431,0.23800069070814234,0.7025078114260165,0.14225372733845512,-0.16443644962454773,0.8677472964684364,0.2308448121701277,0.2996254317107133,1.7359829833949791,0.32188401996098254,238_8
11,0.5119049646555087,23.88930259246829,0.7394656573840157,0.6565104763627866,0.909350826383429,0.1725499927997589,0.07715000212192535,0.03685000166296959,0.0494999997317791,0.029899999499320984,0.27649998664855957,0.8048302531242371,0.24834999442100525,0.1665000021457672,0.049300000071525574,0.0645499974489212,0.05869999900460243,0.2146500051021576,0.5705140233039856,0.21754999458789825,0.11180000007152557,0.03689999878406525,0.0575999990105629,0.03669999912381172,0.3768500089645386,0.8225123882293701,1.1571967425873124,0.738520056922421,0.4153571938565535,-0.07794176264937988,-0.8461746653921478,0.0012585987592994285,1.5644923427675028,1.6488172209327343,0.5289400478461121,238_5
11,0.9025822817190878,23.74817726133311,0.5077770185394344,0.9721750077196527,0.5666977831996418,0.12960000336170197,0.05869999900460243,0.03310000151395798,0.04749999940395355,0.030400000512599945,0.2614000141620636,0.7916381359100342,0.12049999833106995,0.05079999938607216,0.027300000190734863,0.038600001484155655,0.028699999675154686,0.22419999539852142,0.7730328440666199,0.19724999368190765,0.10459999740123749,0.039650000631809235,0.06210000067949295,0.04455000162124634,0.2757999897003174,0.7218666672706604,0.2277541231184573,1.0381939005537524,0.21837036051875605,-0.7937653592511557,0.938195867958595,-0.8604151618114146,0.142061321968396,2.48777129805053,0.28913273424184477,237_9
11,0.31274846616621055,23.93960824837898,0.6001525872180297,0.9728389986343351,0.6439767633215926,0.17249999940395355,0.07620000094175339,0.038600001484155655,0.05420000106096268,0.03530000150203705,0.3100999891757965,0.7955992817878723,0.1696999967098236,0.07540000230073929,0.03779999911785126,0.05570000037550926,0.03819999843835831,0.32359999418258667,0.7888336181640625,0.21879999339580536,0.1436000019311905,0.05184999853372574,0.0645499974489212,0.05784999951720238,0.22669999301433563,0.593393087387085,0.25196901170075414,0.9271044703336662,0.21893884741186367,-0.6630925324186326,0.9410361790026762,-0.5837865461395193,0.15032898242453854,2.2957389998901245,0.3340144206406061,239_3
11,0.8313458796884099,23.866934541893713,0.6612019371486524,0.64067714812908,0.9101474981748511,0.16249999403953552,0.07760000228881836,0.03277499973773956,0.0471000000834465,0.030799999833106995,0.2667999863624573,0.7930107712745667,0.24040000140666962,0.1459999978542328,0.04569999873638153,0.060100000351667404,0.06279999762773514,0.21279999613761902,0.5442670583724976,0.20794999599456787,0.09730000048875809,0.03700000047683716,0.06379999965429306,0.03799999877810478,0.3156000077724457,0.7850678563117981,1.0318725309955963,0.8483765562009894,0.41102898455083553,-0.4539570444543368,-0.839216140527661,0.04085193264153522,1.2569242936854772,2.041997677448144,0.387312164619063,238_8
11,0.6727034005129031,23.395319017730962,0.962484183869777,0.9613712470036,0.9736223542803828,0.13950000703334808,0.061400000005960464,0.0357000008225441,0.05040000006556511,0.03440000116825104,0.2468000054359436,0.7553342580795288,0.15360000729560852,0.0851999968290329,0.035100001841783524,0.04964999854564667,0.034949999302625656,0.2599000036716461,0.7629303336143494,0.14685000479221344,0.06509999930858612,0.032249998301267624,0.048700001090765,0.032749999314546585,0.2644500136375427,0.7796096801757812,1.0148199464775747,0.2747826933104785,0.20989424598148956,0.9276198517179137,0.9075964717000198,0.9304054490345598,1.1318317783547978,0.38280687385254686,0.346599049239635,233_6
11,0.6756678409504975,23.725090558531242,0.6310521027830508,0.9871886343066525,0.6684697144696811,0.15125000476837158,0.06469999998807907,0.037450000643730164,0.04884999990463257,0.03375000134110451,0.29420000314712524,0.794175922870636,0.14845000207424164,0.05959999933838844,0.0320499986410141,0.04834999889135361,0.02969999983906746,0.3159500062465668,0.8281498551368713,0.20720000565052032,0.11069999635219574,0.033900000154972076,0.04919999837875366,0.03720000013709068,0.2872999906539917,0.7707241773605347,0.18047600537701405,0.8878876059788872,0.1483846709280011,-0.3264026928772198,0.9186919249725437,-0.05933969666939336,0.21333593133799517,1.9032916440418388,0.3020845005058457,237_6
11,0.8313458796884099,23.978595131709767,0.5211155353403396,0.9799773872202762,0.5939981176021231,0.16259999573230743,0.06800000369548798,0.03759999945759773,0.05790000036358833,0.0340999998152256,0.32420000433921814,0.8096567392349243,0.15109999477863312,0.06620000302791595,0.033799998462200165,0.053199999034404755,0.033900000154972076,0.27399998903274536,0.7797986268997192,0.2363000065088272,0.14925000071525574,0.05139999836683273,0.06424999982118607,0.06655000150203705,0.20880000293254852,0.5166152119636536,0.19601097836855508,1.0226388629249352,0.1735361710825777,-0.7145255046582698,0.6880883213688682,-0.8233710708872964,0.3430644770893962,2.3667419692486376,0.5492936638871555,239_8
11,0.5221457588944709,23.813574614017014,0.8815315520706628,0.9880408562583727,0.908833812565214,0.16300000250339508,0.06920000165700912,0.04405000060796738,0.05575000122189522,0.03680000081658363,0.32374998927116394,0.7958674430847168,0.15524999797344208,0.06724999845027924,0.032099999487400055,0.04884999990463257,0.03344999998807907,0.32190001010894775,0.8117349147796631,0.19699999690055847,0.1080000028014183,0.039650000631809235,0.052400000393390656,0.04365000128746033,0.21825000643730164,0.6666666865348816,0.3148463481699512,0.49169993210329455,0.1317192287430931,-0.665683084315873,0.457879900839574,-0.8258660856095363,0.47633303814324757,2.2992051462928935,0.5502579178761917,238_5
11,0.8792260843319806,23.43340758577763,0.5189877674292311,0.9681041875326395,0.5493387743542283,0.11410000175237656,0.05380000174045563,0.02539999969303608,0.03869999945163727,0.02669999934732914,0.20980000495910645,0.7742071747779846,0.12520000338554382,0.05550000071525574,0.023800000548362732,0.034299999475479126,0.02410000003874302,0.22509999573230743,0.8065810799598694,0.1835000067949295,0.09719999879598618,0.03500000014901161,0.056299999356269836,0.04320000112056732,0.22310000658035278,0.6755538582801819,0.2470381613135582,1.0251300025426777,0.2444651753364216,0.1400518703038628,0.9806816525759752,0.01922614140900837,0.1376511344535579,1.4302825256615452,0.15502251473788498,234_8
11,0.7164513548495233,23.65295584121644,0.9821623664987931,0.9767731495339165,0.9856633321020317,0.14229999482631683,0.06669999659061432,0.03830000013113022,0.05260000005364418,0.033399999141693115,0.2766999900341034,0.7845855951309204,0.1477999985218048,0.06629999727010727,0.03240000084042549,0.04690000042319298,0.03370000049471855,0.2727999985218048,0.7800979018211365,0.1460999995470047,0.06270000338554382,0.025699999183416367,0.0430000014603138,0.025599999353289604,0.2937999963760376,0.8396994471549988,1.1416239389725458,0.1891608701628621,0.16226872308572204,0.654254370145325,0.8230824422229975,0.9291120310996607,0.704266376835171,0.8576000521035654,0.23616821947195146,236_7
11,0.8694344477350775,23.818335685022845,0.5114171509168759,0.9701865352411555,0.5932924148742958,0.15976667404174805,0.06925714015960693,0.03437500074505806,0.04774285852909088,0.03240000084042549,0.28386667370796204,0.7951096296310425,0.15760000050067902,0.07320000231266022,0.03359999880194664,0.049300000071525574,0.034299999475479126,0.2630000114440918,0.7692566514015198,0.20045000314712524,0.11540000140666962,0.04194999858736992,0.061900001019239426,0.05119999870657921,0.2240999937057495,0.6280421614646912,0.2367560396336752,1.0339632145238773,0.21439310962247218,-0.8696284572698525,0.9387162930034381,-0.6682506877452864,0.1340481590547085,2.6252455902853407,0.16984145861788358,238_8
11,0.9250401638220751,23.41642942690777,0.4110102626662533,0.9820217466413788,0.45892048227391913,0.13510000705718994,0.06419999897480011,0.028950000181794167,0.039900001138448715,0.028349999338388443,0.23829999566078186,0.7873616814613342,0.1400499939918518,0.06185000017285347,0.021900000050663948,0.037300001829862595,0.025849999859929085,0.24044999480247498,0.8058580756187439,0.2284500002861023,0.1436000019311905,0.04515000060200691,0.06024999916553497,0.05719999969005585,0.20264999568462372,0.5597460269927979,0.16553484049773728,1.1472343482106235,0.17875586866589907,-0.6680572822890265,0.9684954096055105,-0.6784005951891579,0.1093124486879108,2.302391250037237,0.24543242971930124,234_9
11,0.6757576724789089,23.81078983663624,0.8366222141810716,0.9930877396843052,0.8688023842011493,0.17319999635219574,0.0738999992609024,0.03739999979734421,0.053599998354911804,0.03449999913573265,0.31940001249313354,0.8050296902656555,0.16599999368190765,0.0734499990940094,0.03505000099539757,0.05040000006556511,0.037700001150369644,0.30140000581741333,0.7776467204093933,0.1696999967098236,0.10055000334978104,0.03590000048279762,0.04724999889731407,0.04024999961256981,0.19760000705718994,0.6615514159202576,0.202939062075788,0.5797087723197584,0.09472992756459973,-0.660963255931799,0.8229087079061591,-0.21953750277232506,0.2635462759508089,2.292897988576536,0.3687459407670192,238_6
11,0.9453420892431765,23.431700786737807,0.5820814767809559,0.9520248038750071,0.6296470507823785,0.1412000060081482,0.06639999896287918,0.039000000804662704,0.05180000141263008,0.0348999984562397,0.28049999475479126,0.7786937355995178,0.1363999992609024,0.05889999866485596,0.02810000069439411,0.04100000113248825,0.02759999968111515,0.2667999863624573,0.8125,0.18780000507831573,0.10019999742507935,0.04479999840259552,0.06319999694824219,0.04960000142455101,0.27549999952316284,0.6948631405830383,0.32754843257998073,0.9495101431913846,0.2915981890895525,-0.290849372642013,0.7098802326811411,-0.8521217729675485,0.4188132572240333,1.8659107960446792,0.20168896702545616,234_9
11,0.8441019567229073,23.715568416519574,0.5272995358452767,0.97340746068003,0.5808251728219161,0.125450000166893,0.05260000005364418,0.028349999338388443,0.04084999859333038,0.024900000542402267,0.2442999929189682,0.8150074481964111,0.14354999363422394,0.058649998158216476,0.030700000002980232,0.04625000059604645,0.028550000861287117,0.2888000011444092,0.8200724720954895,0.21375000476837158,0.1234000027179718,0.04284999892115593,0.06400000303983688,0.05274999886751175,0.2935999929904938,0.6953948140144348,0.22763271151951864,1.015377122455186,0.21484406837885967,-0.9779326972911307,0.9539983998970267,-0.9488340023027266,0.10388351701680748,2.9311220157366833,0.2900067089940601,237_8
11,0.5216067697239986,23.865497237439122,0.5706177627538338,0.9875042182486526,0.6530866036352801,0.15889999270439148,0.07109999656677246,0.039900001138448715,0.053199999034404755,0.03310000151395798,0.27410000562667847,0.7845051884651184,0.15199999511241913,0.06849999725818634,0.03280000016093254,0.04690000042319298,0.030899999663233757,0.26019999384880066,0.7877018451690674,0.22579999268054962,0.11990000307559967,0.03700000047683716,0.05590000003576279,0.04280000180006027,0.27230000495910645,0.728340208530426,0.16424076409226815,0.9635384141398221,0.11371635610367624,-0.8775740107485692,0.722464445037018,-0.7682771930500226,0.28900798976024195,2.6415748176558953,0.6321586205962336,238_5
11,0.6034432921072881,23.992249524028388,0.571345757443127,0.9919644155436033,0.6151936521028717,0.1704999953508377,0.07620000094175339,0.040300000458955765,0.057100001722574234,0.03689999878406525,0.2955999970436096,0.778045117855072,0.16740000247955322,0.08164999634027481,0.04194999858736992,0.05730000138282776,0.042649999260902405,0.27639999985694885,0.7326437830924988,0.26429998874664307,0.18035000562667847,0.04800000041723251,0.06194999814033508,0.07005000114440918,0.19370000064373016,0.4688151478767395,0.13177888151216677,0.9626516567909951,0.111906811511942,-0.6239449470464271,0.6871082892853289,-0.01129529923263925,0.3623376781310991,2.2445770403378535,0.49250827304647316,239_6
11,0.7325311984352627,23.7480874298047,0.5590827416953317,0.9520565976384145,0.5986183394698842,0.15569999814033508,0.06239999830722809,0.03180000185966492,0.04839999973773956,0.0284000001847744,0.2786000072956085,0.8149837255477905,0.1542000025510788,0.0640999972820282,0.03135000169277191,0.048700001090765,0.03319999948143959,0.30640000104904175,0.8044758439064026,0.21089999377727509,0.11919999867677689,0.04554999992251396,0.06724999845027924,0.053300000727176666,0.266400009393692,0.6665624380111694,0.3180574530674742,0.9775172542736434,0.29527295228921374,-0.9316549432925731,0.9470339947480471,-0.9051900496446905,0.1180349899341045,2.7697376481088245,0.31489827138199805,237_7
11,0.11197500016549711,23.950657526373654,0.4451871506552429,0.9834235935340281,0.5323192647786814,0.1703999936580658,0.07639999687671661,0.03539999946951866,0.049400001764297485,0.035599999129772186,0.2856000065803528,0.7783312797546387,0.16414999961853027,0.07365000247955322,0.0348999984562397,0.04830000177025795,0.034049998968839645,0.2626500129699707,0.7704752683639526,0.26269999146461487,0.17260000109672546,0.050700001418590546,0.0575999990105629,0.06239999830722809,0.21819999814033508,0.5552387833595276,0.16434960491627817,1.109413072117235,0.1474368938978369,-0.9140852298203735,0.9283038405004824,-0.8112827835425565,0.1398551942434654,2.724042697494448,0.3602874146380398,239_1
11,0.19309287032148958,23.901609511860727,0.5324631427211106,0.9692981678445328,0.5953125259692948,0.17149999737739563,0.07864999771118164,0.0364999994635582,0.0515500009059906,0.032349999994039536,0.3192000091075897,0.8159579038619995,0.1673000007867813,0.07320000231266022,0.04010000079870224,0.053599998354911804,0.03790000081062317,0.3027999997138977,0.7775169014930725,0.22750000655651093,0.14055000245571136,0.04729999974370003,0.0604499988257885,0.0617000013589859,0.23119999468326569,0.5786957740783691,0.246149683356247,1.0092884584588202,0.22739165659491314,-0.9060256963267311,0.7579946229518397,-0.6132336948320927,0.26272461065035446,2.7045933341003865,0.6286970968827309,239_1
11,0.3879374554470143,23.990542724988558,0.6562552634873673,0.9791057492009475,0.6906193986549698,0.16300000250339508,0.07199999690055847,0.041099999099969864,0.04800000041723251,0.0340999998152256,0.2831999957561493,0.7850614786148071,0.1768999993801117,0.07985000312328339,0.04600000008940697,0.05570000037550926,0.03844999894499779,0.30834999680519104,0.7782583832740784,0.23714999854564667,0.15189999341964722,0.04594999924302101,0.05689999833703041,0.056699998676776886,0.21150000393390656,0.5771812200546265,0.23952239676677645,0.8549512908246755,0.19311193963123627,-0.6572743301200916,0.5636628563674608,-0.1934728872292636,0.42481899554174546,2.2879927392233164,0.79190998994023,239_3
11,0.7574145318053738,23.7721622794191,0.6715495205537869,0.9761839545639519,0.7093618070475659,0.16343332827091217,0.0699966698884964,0.03525833413004875,0.04989999905228615,0.03048333339393139,0.3011666536331177,0.8161716461181641,0.16428333520889282,0.07069999724626541,0.036274999380111694,0.05130000039935112,0.03384999930858612,0.290800005197525,0.7914677262306213,0.18584999442100525,0.10050000250339508,0.03954999893903732,0.05494999885559082,0.044199999421834946,0.243149995803833,0.6923612356185913,0.2620535794214452,0.8344982812158577,0.20443023879162717,-0.8210393859730495,0.9767762259214968,-0.7151141628218831,0.08521469325417111,2.5340256692145777,0.15086038989351852,237_7
11,0.8991686836394344,23.799920221698393,0.56037009773989,0.9512357191456692,0.6967725854708527,0.1455399990081787,0.06445000320672989,0.035087499767541885,0.04919999837875366,0.031216666102409363,0.27320000529289246,0.7949082851409912,0.16429999470710754,0.07509999722242355,0.03889999911189079,0.05469999834895134,0.039000000804662704,0.2667999863624573,0.7449313402175903,0.19990000128746033,0.11559999734163284,0.043800000101327896,0.06480000168085098,0.04960000142455101,0.2533999979496002,0.6726072430610657,0.32130172376223726,0.975963747135918,0.23679625338233348,-0.7941963030584045,0.7278513192704051,-0.2048325124737934,0.30364437759442436,2.488480153994355,0.30494808121175015,237_8
11,0.118173375625922,23.67810866917179,0.8607064062102516,0.8940240944208456,0.9503196788388104,0.15960000455379486,0.07020000368356705,0.03449999913573265,0.0442500002682209,0.03254999965429306,0.27300000190734863,0.7869415879249573,0.16779999434947968,0.07774999737739563,0.03685000166296959,0.050050001591444016,0.03954999893903732,0.2797999978065491,0.7523093819618225,0.18440000712871552,0.08470000326633453,0.03530000150203705,0.05180000141263008,0.03359999880194664,0.3156000077724457,0.80756014585495,0.8697111628696172,0.5341407231901054,0.27305958893579585,0.544473395807012,0.8884773047404089,0.3567524049080208,0.4791588278989465,0.995035163085419,0.4332238752712938,236_1
11,0.40536477195893283,23.97437304987441,0.4429184033999876,0.9436918711506135,0.5467312619388544,0.1746000051498413,0.07729999721050262,0.04019999876618385,0.05559999868273735,0.03660000115633011,0.34450000524520874,0.8079244494438171,0.17669999599456787,0.07769999653100967,0.048900000751018524,0.05909999832510948,0.04470000043511391,0.3521000146865845,0.7746976017951965,0.27709999680519104,0.20890000462532043,0.0494999997317791,0.06610000133514404,0.07010000199079514,0.21960000693798065,0.5160511136054993,0.3032329615603164,1.1119451554984026,0.29803123817310073,-0.532499832303975,0.7620709237160942,-0.007149101825338733,0.3302889517793752,2.1323475408038925,0.4443238113747634,239_4
11,0.664888057541063,23.75644176194701,0.5804767355766667,0.9696516454721746,0.670386085261916,0.17055000364780426,0.07412499934434891,0.03357499837875366,0.04969999939203262,0.03189999982714653,0.3130500018596649,0.8150456547737122,0.15780000388622284,0.06909999996423721,0.03700000047683716,0.050841666758060455,0.03519999980926514,0.29589998722076416,0.7873753905296326,0.23579999804496765,0.13459999859333038,0.04320000112056732,0.06129999831318855,0.05139999836683273,0.2824000120162964,0.69203120470047,0.2595890509476818,0.9514822870869672,0.20576269538861072,-0.8053738483751791,0.8491278411015366,-0.9141789464139407,0.22195523559244743,2.507102208359364,0.3577971726261382,237_6
11,0.3114908247684429,23.95532876585107,0.8642744293332896,0.8554612223347093,0.9325567052922744,0.17755000293254852,0.08429999649524689,0.03620000183582306,0.05380000174045563,0.03420000150799751,0.2978000044822693,0.7939758896827698,0.2354000061750412,0.14810000360012054,0.04560000076889992,0.06480000168085098,0.05609999969601631,0.27230000495910645,0.658343493938446,0.22349999845027924,0.11299999803304672,0.03999999910593033,0.05779999867081642,0.04050000011920929,0.3804999887943268,0.8076009154319763,1.032755964230412,0.5270901748684947,0.3473666844302449,0.21495493544582328,-0.7368475864821287,0.40838473685047383,1.7717318587648476,1.3541506403863766,0.34678717740585463,239_3
11,0.4059037611294052,23.968983158169692,0.4556773897479174,0.9290598227014987,0.6445763455660816,0.17354999482631683,0.07680000364780426,0.03709999844431877,0.0515500009059906,0.032499998807907104,0.29739999771118164,0.8029705882072449,0.2353000044822693,0.1404999941587448,0.05339999869465828,0.06145000085234642,0.04800000041723251,0.27035000920295715,0.6984451413154602,0.25380000472068787,0.16509999334812164,0.052000001072883606,0.07020000368356705,0.06650000065565109,0.21619999408721924,0.5295366048812866,0.34521802964362774,1.0976632726629922,0.27401155039698716,-0.9095489065308691,-0.6278819442558481,0.881131546116624,0.8292039882872674,2.7129936851399155,0.22186351946872568,239_4
11,0.8803040626729235,23.920204638241998,0.4865637972914627,0.9719335348055438,0.564322200271655,0.15117500722408295,0.0645499974489212,0.03319999948143959,0.049300000071525574,0.03189999982714653,0.2648000121116638,0.7849680185317993,0.14634999632835388,0.06414999812841415,0.0357000008225441,0.051600001752376556,0.03415000066161156,0.27379998564720154,0.7782107591629028,0.2160000056028366,0.12720000743865967,0.04470000043511391,0.06449999660253525,0.0568000003695488,0.2337999939918518,0.6090846657752991,0.22348174650017433,1.0626440807814048,0.21070490740449532,-0.8429439204492539,0.9554396641211907,-0.7661634937262392,0.1164357414017806,2.573528274511893,0.2860438959045377,239_8
11,0.11422078837579619,23.968534000527633,0.5898598841926501,0.9839092222684883,0.6658215687013586,0.16840000450611115,0.07270000129938126,0.0406000018119812,0.05380000174045563,0.03460000082850456,0.3393999934196472,0.8149732351303101,0.16965000331401825,0.07005000114440918,0.042399998754262924,0.053849998861551285,0.03595000132918358,0.3156000077724457,0.7954771518707275,0.2511500120162964,0.15960000455379486,0.04820000007748604,0.06525000184774399,0.05849999934434891,0.2484000027179718,0.6187683343887329,0.19111767228003698,0.9399110138369736,0.14395850291740764,-0.5680772554548277,0.9461323628713953,-0.5016350086709636,0.15159887373184533,2.174963959490449,0.3208377717262438,239_1
11,0.935460621117862,23.762101148236965,0.6458703048142992,0.9719730632097996,0.7113328992885799,0.14239999651908875,0.062449999153614044,0.04024999961256981,0.051600001752376556,0.036400001496076584,0.26225000619888306,0.7562363743782043,0.13824999332427979,0.059950001537799835,0.03595000132918358,0.04874999821186066,0.032499998807907104,0.2438499927520752,0.7647910118103027,0.15919999778270721,0.08354999870061874,0.03384999930858612,0.05169999971985817,0.03999999910593033,0.2152000069618225,0.6865203976631165,0.27320318559806206,0.8686336251477733,0.2080567424701392,0.48698061204591997,0.9147951810231786,0.6590785764910787,0.3914599210411027,1.0621669188468645,0.32147506022967987,237_9
11,0.9207282504583016,23.893614505832062,0.602556516620866,0.9775529368011389,0.6461644444267066,0.14920000731945038,0.066600002348423,0.0333000011742115,0.04899999871850014,0.030899999663233757,0.23080000281333923,0.7638517618179321,0.15620000660419464,0.06960000097751617,0.028300000354647636,0.04569999873638153,0.029100000858306885,0.25920000672340393,0.7981269359588623,0.23010000586509705,0.13760000467300415,0.04340000078082085,0.06019999831914902,0.057349998503923416,0.21940000355243683,0.5855465531349182,0.2297172191587863,0.9240957279939688,0.19815463046405132,-0.6323047980384217,0.8846302473824296,-0.7823498680365027,0.2150895087371539,2.2553209485018906,0.3668494300701781,238_9
11,0.8789565897467444,23.433138091192397,0.4597309583558568,0.9507441645562345,0.4995588604684472,0.1177000030875206,0.05220000073313713,0.02710000053048134,0.04050000011920929,0.030799999833106995,0.23999999463558197,0.7725258469581604,0.12690000236034393,0.05180000141263008,0.023000000044703484,0.03319999948143959,0.023800000548362732,0.210999995470047,0.7972742915153503,0.23319999873638153,0.1462000012397766,0.04190000146627426,0.056699998676776886,0.05860000103712082,0.2379000037908554,0.60472172498703,0.2883243120318387,1.0931041069945466,0.30188874957344064,-0.7114966219982349,0.9647236196765878,-0.6465471409970636,0.11276765335772505,2.3624220943229965,0.25708396085829743,234_8
11,0.7311837255090836,23.76964699662357,0.738793859931139,0.9766338200446669,0.7671404218145181,0.16680000722408295,0.07329999655485153,0.03631249815225601,0.051100000739097595,0.03191666677594185,0.31299999356269836,0.8149311542510986,0.16706666350364685,0.07306666672229767,0.032288890331983566,0.04944999888539314,0.03427499905228615,0.3115333318710327,0.8017687797546387,0.23549999296665192,0.13494999706745148,0.04129999876022339,0.057999998331069946,0.046549998223781586,0.2567000091075897,0.692992627620697,0.29289350069816683,0.7395174358141583,0.20397614351817023,-0.8442950182494773,0.9093165144180255,-0.8559579641739365,0.1665956440744409,2.576044564941502,0.3821484707149415,237_7
11,0.9104874562193395,23.75626209889019,0.6191121066765053,0.9770271023137378,0.6599778923937367,0.14124999940395355,0.062150001525878906,0.03135000169277191,0.04619999974966049,0.032499998807907104,0.2656500041484833,0.7819889187812805,0.14239999651908875,0.05660000070929527,0.031099999323487282,0.04470000043511391,0.03020000085234642,0.28139999508857727,0.8061617612838745,0.18355000019073486,0.09414999932050705,0.03754999861121178,0.05950000137090683,0.038100000470876694,0.2903999984264374,0.7680365443229675,0.23778323096285595,0.9031847666276932,0.20123888587707434,-0.266452957281536,0.983378770144716,-0.22009130186871145,0.09920016480619787,1.8405073906189848,0.17627662469406427,237_9
11,0.12410225650111073,23.970150968039043,0.7903544024190854,0.8708649071624034,0.8988356994566754,0.1784999966621399,0.08330000191926956,0.03669999912381172,0.05119999870657921,0.03420000150799751,0.3237999975681305,0.8089385628700256,0.19760000705718994,0.12809999287128448,0.04650000110268593,0.05779999867081642,0.05299999937415123,0.24819999933242798,0.6480743885040283,0.23250000178813934,0.12999999523162842,0.042649999260902405,0.06525000184774399,0.048700001090765,0.33924999833106995,0.7489367127418518,0.7792387358822045,0.6594090704351193,0.35141362897234896,-0.14471641631980878,-0.7740218933081825,0.56024671891952,1.4311961990344095,1.7160226926122901,0.4423568181681987,239_1
11,0.5225050850081185,23.865587068967535,0.6175966127835669,0.99733792861439,0.6502370090703884,0.14855000376701355,0.06844999641180038,0.04064999893307686,0.05220000073313713,0.03545000031590462,0.23849999904632568,0.7411936521530151,0.14454999566078186,0.06449999660253525,0.03545000031590462,0.053300000727176666,0.0357000008225441,0.2703999876976013,0.7667428851127625,0.2029999941587448,0.1111999973654747,0.0406000018119812,0.061799999326467514,0.03739999979734421,0.30169999599456787,0.7794160842895508,0.08063403172039597,0.9051131235403941,0.05845373360364032,-0.5542693893423819,0.811884656063472,-0.577120602912042,0.28885172446609486,2.1582812542135557,0.563487995211203,238_5
11,0.9025822817190878,23.74790776674788,0.6106083155844152,0.9773413883194306,0.6580552135553697,0.1476999968290329,0.06620000302791595,0.03929999843239784,0.051500000059604645,0.03420000150799751,0.26080000400543213,0.7681356072425842,0.1404999941587448,0.058800000697374344,0.028599999845027924,0.03889999911189079,0.026799999177455902,0.23420000076293945,0.7946360111236572,0.19550000131130219,0.10300000011920929,0.03909999877214432,0.05974999815225601,0.039250001311302185,0.289249986410141,0.7610349655151367,0.2333588148286925,0.9139678226765403,0.1970168086149331,-0.547738841447082,0.7049698837575669,-0.8128736277244141,0.36662727203336287,2.150455530315849,0.4928133107920781,237_9
11,0.5740683823165789,23.991351208744263,0.3484325567858221,0.9857267947545092,0.4204330342882643,0.16439999639987946,0.07400000095367432,0.040150001645088196,0.05350000038743019,0.03689999878406525,0.26350000500679016,0.7543275952339172,0.1615999937057495,0.0767500028014183,0.03970000147819519,0.05510000139474869,0.041749998927116394,0.2676500082015991,0.7301228046417236,0.24535000324249268,0.1651500016450882,0.05689999833703041,0.07159999758005142,0.06364999711513519,0.19439999759197235,0.5066847801208496,0.13923674594466817,1.2148979797836978,0.14696603123219618,-0.33790349362812433,0.8610344435653282,-0.08309965470017991,0.27851749353857064,1.9154848031937675,0.4580949778950023,239_5
11,0.6048805965618786,23.884541521462452,0.5776625145062207,0.979455374644449,0.6107711706422321,0.17605000734329224,0.07964999973773956,0.03909999877214432,0.05649999901652336,0.03595000132918358,0.3009999990463257,0.7866151928901672,0.16689999401569366,0.07360000163316727,0.035599999129772186,0.05620000138878822,0.03579999879002571,0.29179999232292175,0.781440794467926,0.2078000009059906,0.1137000024318695,0.041200000792741776,0.060750000178813934,0.04899999871850014,0.26969999074935913,0.6925007700920105,0.2126361202063057,0.9549341455454146,0.19398761870023798,-0.41726430662668335,0.8126003925434402,-0.6855125557602472,0.31090703173606393,2.001229284011965,0.4408571102800064,238_6
11,0.850210500654919,23.70353099171237,0.49258039050133173,0.9798481574161655,0.5414814577127862,0.12319999933242798,0.05310000106692314,0.02930000051856041,0.04129999876022339,0.02850000001490116,0.27619999647140503,0.8129307627677917,0.1281999945640564,0.05274999886751175,0.027400000020861626,0.03894999995827675,0.024399999529123306,0.2690500020980835,0.8337025046348572,0.22134999930858612,0.1368499994277954,0.04365000128746033,0.06605000048875809,0.05665000155568123,0.2703000009059906,0.6534638404846191,0.19047842314096936,1.0557439971149458,0.18795805005119995,-0.9535174297011586,0.9890652019208969,-0.9704280278300756,0.052202066419682364,2.8354972219732812,0.11627579349345885,237_8
11,0.672883063569726,23.834774854722234,0.8379422267571948,0.7738312796914684,0.9371869398115443,0.1648000031709671,0.0754999965429306,0.03449999913573265,0.05180000141263008,0.03269999846816063,0.3203999996185303,0.8147833347320557,0.2045000046491623,0.11890000104904175,0.04050000011920929,0.06069999933242798,0.053599998354911804,0.26980000734329224,0.6685219407081604,0.18019999563694,0.08164999634027481,0.030150000005960464,0.05014999955892563,0.027550000697374344,0.3917999863624573,0.8686061501502991,1.1881776294410653,0.5772945710415669,0.3481930284171702,0.8831900604258208,-0.849621952243223,-0.640145301264522,5.297407466438709,0.4881754703343849,0.47212681905389553,238_6
11,0.5299611018663111,23.78249290518648,0.50116558452587,0.9895062339167752,0.5356875684255353,0.15950000286102295,0.06920000165700912,0.04475000128149986,0.056449998170137405,0.03460000082850456,0.3002333343029022,0.7933300137519836,0.14219999313354492,0.061250001192092896,0.03350000083446503,0.04639999940991402,0.03460000082850456,0.2506999969482422,0.7574483156204224,0.20360000431537628,0.12890000641345978,0.03998571261763573,0.05278541520237923,0.04941999912261963,0.1923999935388565,0.5912662148475647,0.13864088874826813,1.045851126382774,0.13698203217524418,-0.6033068932669966,0.2841007867181185,-0.34742002037505576,0.5782123193873866,2.2184374915131877,0.9330449246921473,237_5
11,0.5873634485215486,23.98847659983508,0.6192428538930329,0.9483542324315276,0.6852883352911465,0.17910000681877136,0.0794999971985817,0.0393499992787838,0.056049998849630356,0.03554999828338623,0.34529998898506165,0.8133123517036438,0.18275000154972076,0.08574999868869781,0.04129999876022339,0.0604499988257885,0.043299999088048935,0.31529998779296875,0.7585052847862244,0.25130000710487366,0.13359999656677246,0.04479999840259552,0.06809999793767929,0.05139999836683273,0.3172000050544739,0.7211068868637085,0.3574562613872453,0.9030182629176974,0.2916135225480009,0.02587627340033717,0.6672120969692334,0.5157597058346132,0.5439363860196024,1.5449171648116764,0.5533213425944593,239_5
11,0.9425573118624069,23.892536527491117,0.831919650931288,0.9352645409944214,0.946516286507969,0.1648000031709671,0.07334999740123749,0.035750001668930054,0.05355000123381615,0.03554999828338623,0.29679998755455017,0.7860689163208008,0.1923000067472458,0.10450000315904617,0.036400001496076584,0.05640000104904175,0.04470000043511391,0.2630000114440918,0.709457278251648,0.21289999783039093,0.11349999904632568,0.04179999977350235,0.06109999865293503,0.04809999838471413,0.2777999937534332,0.7048174142837524,0.6150411063467432,0.5882380827124851,0.18199952334827976,-0.8016316391662218,-0.7989910450452836,0.740944369211923,0.9982389501483414,2.5008158948292762,0.5773917379907558,238_9
11,0.8836278292241655,23.785277682567248,0.7932159470797694,0.7615156275179408,0.9351299302415407,0.16775000095367432,0.06975000351667404,0.039500001817941666,0.053300000727176666,0.03435000032186508,0.3517000079154968,0.822043776512146,0.23090000450611115,0.14059999585151672,0.04619999974966049,0.06210000067949295,0.05959999933838844,0.24959999322891235,0.6144890189170837,0.219650000333786,0.09735000133514404,0.034949999302625656,0.053050000220537186,0.030799999833106995,0.3662000000476837,0.8448362946510315,1.0770154619816035,0.6547241293481372,0.3528165056798376,0.5762433754943485,-0.639180125333211,-0.2737312996683735,2.3667766101854864,0.9566716317697853,0.7602979361374154,237_8
11,0.897731379184842,23.800369379340452,0.718598947289223,0.957831664957183,0.7635998369893223,0.15671999752521515,0.0669083297252655,0.032680001109838486,0.04904000088572502,0.03127142786979675,0.28804999589920044,0.8041382431983948,0.1671999990940094,0.07559999823570251,0.03880000114440918,0.05559999868273735,0.038100000470876694,0.27239999175071716,0.7545893788337708,0.20440000295639038,0.09839999675750732,0.03530000150203705,0.06069999933242798,0.03889999911189079,0.3499999940395355,0.7999485731124878,0.37897787447559383,0.7690107826634397,0.2661450529171894,-0.07027569282223224,0.5636770873170596,-0.24523097554484652,0.592253844902222,1.6411299933285146,0.7998621559807765,238_8
11,0.5407408852757438,23.833786707909702,0.6626685749026527,0.9838734514466014,0.6651052970636055,0.17180000245571136,0.07670000195503235,0.040300000458955765,0.05959999933838844,0.03779999911785126,0.2955999970436096,0.7732453346252441,0.14890000224113464,0.06920000165700912,0.03359999880194664,0.04740000143647194,0.03294999897480011,0.2581000030040741,0.773578405380249,0.21154999732971191,0.11320000141859055,0.040049999952316284,0.05954999849200249,0.043949998915195465,0.24889999628067017,0.6998463273048401,0.21246393603717234,0.8464198928955797,0.17800553993732296,-0.2667496915472647,0.10725741041979563,-0.8249079267003195,0.7949370145788445,1.8408152679212064,0.5530204500993822,238_5
11,0.8574868544562886,23.831900245813053,0.8953562841370122,0.9849605960857629,0.9116105070048919,0.16735999286174774,0.0732399970293045,0.035750001668930054,0.051899999380111694,0.03434000164270401,0.30079999566078186,0.7950707077980042,0.1729000061750412,0.07970000058412552,0.03799999877810478,0.05550000071525574,0.03739999979734421,0.2879999876022339,0.7701290845870972,0.18479999899864197,0.09305000305175781,0.03584999963641167,0.05050000175833702,0.03465000167489052,0.24690000712871552,0.7538625597953796,0.37622056230527573,0.4615657579829089,0.15937142277878974,0.1432766196081322,0.8355781388711332,-0.12920058860092576,0.40756962942694847,1.427024921136186,0.4884155032998797,238_8
11,0.36835418225320815,23.620257164874495,0.6955869566033589,0.7733655892263956,0.9383802125021858,0.13339999318122864,0.05660000070929527,0.03350000083446503,0.04100000113248825,0.027899999171495438,0.25209999084472656,0.8007143139839172,0.1603499948978424,0.09430000185966492,0.0369499996304512,0.05009999871253967,0.05310000106692314,0.17104999721050262,0.5262101292610168,0.15620000660419464,0.07259999960660934,0.03060000017285347,0.05130000039935112,0.03189999982714653,0.34040001034736633,0.8286328315734863,0.856659015809975,0.8015597632980083,0.3020687837564362,0.6136571950111779,0.02574591072927304,-0.5789017801036653,1.6976452343978854,0.9101121598454305,0.657294966179252,236_3
11,0.5656242186458549,23.89684844085489,0.43151142394734465,0.9915987645599887,0.4631780728466163,0.16859999299049377,0.07625000178813934,0.04255000129342079,0.055799998342990875,0.0361500009894371,0.2874000072479248,0.7765414714813232,0.17190000414848328,0.07874999940395355,0.03909999877214432,0.053199999034404755,0.03815000131726265,0.27239999175071716,0.7543068528175354,0.24959999322891235,0.19339999556541443,0.05249999836087227,0.06239999830722809,0.07109999656677246,0.1785999983549118,0.43051663041114807,0.1153405190579352,1.124628783226804,0.12329392271574309,-0.43324281998516445,0.8279266484026279,-0.559483742786063,0.2949132672696628,2.0188840324855715,0.5146888347362304,238_5
11,0.1117953371086724,23.950388031788414,0.4807999081180293,0.973944878208349,0.5874792873707669,0.1738000065088272,0.07940000295639038,0.038100000470876694,0.05810000002384186,0.03959999978542328,0.3084000051021576,0.7724137902259827,0.16979999840259552,0.07784999907016754,0.03970000147819519,0.054249998182058334,0.03815000131726265,0.2878499925136566,0.7659509181976318,0.2727000117301941,0.18629999458789825,0.056299999356269836,0.07440000027418137,0.0851999968290329,0.2451999932527542,0.48426151275634766,0.213962712034493,1.069229569927377,0.1815171542319596,-0.2947288893377235,0.7518002293269075,-0.518286216341621,0.38503776243186044,1.8699681201153244,0.5817090791896787,239_1
11,0.6998325220933115,23.6909545777347,0.8059841476402552,0.876499827632616,0.9341609129425718,0.13384999334812164,0.06004999950528145,0.03739999979734421,0.04755000025033951,0.03245000168681145,0.24060000479221344,0.7623145580291748,0.15729999542236328,0.07559999823570251,0.03869999945163727,0.05505000054836273,0.03985000029206276,0.22609999775886536,0.7003195881843567,0.14579999446868896,0.06549999862909317,0.030500000342726707,0.0502999983727932,0.027799999341368675,0.2542000114917755,0.8028368949890137,0.7928734812673379,0.6334601472967634,0.28940785106472633,0.8351741564746679,0.7220660453678566,0.4336343768979834,1.311953732723013,0.5823469611872769,0.6194619765314563,236_6
11,0.759211162373612,23.761202832952847,0.73557313504802,0.9850488708909018,0.7353482136598749,0.16085000336170197,0.06880000233650208,0.03959999978542328,0.053449999541044235,0.033149998635053635,0.2766000032424927,0.7859564423561096,0.15985000133514404,0.07779999822378159,0.037129998207092285,0.051899999380111694,0.03689999878406525,0.260699987411499,0.7520161271095276,0.20029999315738678,0.1152999997138977,0.04619999974966049,0.060600001364946365,0.05389999970793724,0.24420000612735748,0.6383764147758484,0.2326247362383996,0.7442840098672576,0.1715396418523141,-0.5307406588446895,0.8313676812624308,-0.4729344737563058,0.27659964032960804,2.130270551652905,0.5544631332960762,237_7
11,0.5773921488678209,23.932062399992375,0.4729904259163919,0.9674373434285246,0.5339347868008653,0.18649999797344208,0.08309999853372574,0.04439999908208847,0.05739999935030937,0.038100000470876694,0.29319998621940613,0.7699969410896301,0.17935000360012054,0.08044999837875366,0.0406000018119812,0.0568000003695488,0.03954999893903732,0.2971999943256378,0.7651076316833496,0.28690001368522644,0.19110000133514404,0.04839999973773956,0.06639999896287918,0.0706000030040741,0.23759999871253967,0.5418559312820435,0.23735347368951912,1.0781145350767782,0.2378159653767244,0.020223416898069918,0.8775680487156856,-0.28194775042010617,0.3224812665097771,1.5505715311253343,0.37419296217345616,239_5
11,0.8697039423203137,23.8179763589092,0.5826903754079148,0.9764883073836242,0.641749145132569,0.1662166714668274,0.07261250168085098,0.03375000134110451,0.04975714161992073,0.03034285642206669,0.3091999888420105,0.8212723135948181,0.16661666333675385,0.0716666653752327,0.03468333184719086,0.05209999904036522,0.03449999913573265,0.29499998688697815,0.7905917763710022,0.22499999403953552,0.13285000622272491,0.045899998396635056,0.06724999845027924,0.05590000003576279,0.24674999713897705,0.630596399307251,0.22901012270012772,0.9487611096742679,0.19610033419984177,-0.9549356929966528,0.9583868907923242,-0.9250292244489741,0.10192783250695779,2.840239373993622,0.28354439569322565,238_8
11,0.11107668488137712,23.950657526373654,0.5699946398044937,0.9752215669571382,0.6330315880932434,0.17479999363422394,0.07760000228881836,0.03480000048875809,0.04839999973773956,0.030899999663233757,0.26350000500679016,0.7900815010070801,0.16910000145435333,0.07334999740123749,0.03685000166296959,0.05054999887943268,0.03370000049471855,0.2601499855518341,0.7706312537193298,0.23170000314712524,0.14395000040531158,0.041200000792741776,0.05290000140666962,0.05290000140666962,0.23149999976158142,0.6279887557029724,0.23133533140784676,0.9642969953060286,0.20030955281351145,-0.6720582303777046,0.9133331632845154,-0.7384590589775987,0.1817332904194983,2.3077811415048144,0.3707944092955698,239_1
11,0.6616541225182324,23.57552106372534,0.8170805608288652,0.9848681663708142,0.8485921422881598,0.14569999277591705,0.06520000100135803,0.04540000110864639,0.053300000727176666,0.03880000114440918,0.28459998965263367,0.7600494623184204,0.13740000128746033,0.05530000105500221,0.03139999881386757,0.04729999974370003,0.030899999663233757,0.29490000009536743,0.8103131055831909,0.17839999496936798,0.07864999771118164,0.033649999648332596,0.0544000007212162,0.03610000014305115,0.3177500069141388,0.7959587574005127,0.2834725584257698,0.6144675011620515,0.15570144032666164,0.09526268541695405,0.4492070464130181,0.7052346317172886,0.748899953061186,1.4753889652941297,0.5961248510774627,235_6
11,0.6215892608465019,23.90232816408802,0.5445135580154974,0.9639326429473418,0.6042157181730448,0.16374999284744263,0.07020000368356705,0.0357000008225441,0.04935000091791153,0.0320499986410141,0.27799999713897705,0.7932591438293457,0.16369999945163727,0.07819999754428864,0.03959999978542328,0.05249999836087227,0.03500000014901161,0.2906000018119812,0.7850123047828674,0.2289000004529953,0.1282999962568283,0.04280000180006027,0.060600001364946365,0.0544000007212162,0.20999999344348907,0.5885022282600403,0.27075012619553196,0.994987280538067,0.2487684495946864,-0.884134112222808,0.8254848440240187,-0.8191584199424541,0.22585223086198422,2.65543385191763,0.5310652759719429,239_6
11,0.5831413666861867,23.946615107595115,0.6881469094562009,0.9606838062017671,0.7370129664440125,0.18045000731945038,0.07840000092983246,0.0406000018119812,0.05939999967813492,0.03629999980330467,0.35920000076293945,0.816434919834137,0.17749999463558197,0.08810000121593475,0.04479999840259552,0.0649000033736229,0.039000000804662704,0.3538999855518341,0.8014761805534363,0.22579999268054962,0.1216999962925911,0.05090000107884407,0.0746999979019165,0.05590000003576279,0.30105000734329224,0.6867908835411072,0.34653773175910324,0.8118643516606977,0.25717268813556327,0.21526680365487985,0.901261980865443,0.5628877174997391,0.33100351628084684,1.3538312962118897,0.21223941120681022,239_5
11,0.6080247000562959,23.997100426562632,0.44369175396266886,0.9663667843719648,0.5046929023986132,0.16865000128746033,0.07474999874830246,0.03884999826550484,0.051750000566244125,0.03334999829530716,0.30489999055862427,0.8028085827827454,0.1696999967098236,0.07580000162124634,0.04190000146627426,0.05429999902844429,0.03830000013113022,0.29120001196861267,0.7675265669822693,0.2337999939918518,0.17419999837875366,0.053950000554323196,0.06449999660253525,0.07405000180006027,0.17309999465942383,0.4007687270641327,0.23408723330895403,1.111082398025567,0.24281234393579804,-0.8478784122074003,0.7720580473794691,-0.3569922017806103,0.2666610129721789,2.5827671677753132,0.2980264593209965,239_6
11,0.8600021372518221,23.675503554847843,0.5776764588073584,0.9746213527728149,0.6355102680319479,0.14554999768733978,0.06084999814629555,0.027950000017881393,0.041349999606609344,0.031849998980760574,0.2619999945163727,0.7832227349281311,0.14094999432563782,0.059050001204013824,0.0284000001847744,0.039000000804662704,0.02734999917447567,0.27524998784065247,0.8192332983016968,0.20604999363422394,0.1181500032544136,0.04684999957680702,0.06019999831914902,0.05169999971985817,0.2556999921798706,0.6636304259300232,0.23643206007709053,0.9549170626095667,0.20548866597658666,-0.8853443585239614,0.9817392384374638,-0.9238876456260281,0.07200747587312181,2.65803047444749,0.14946958877453728,236_8
11,0.8294594175917585,23.697152953195122,0.4667813597260452,0.9798160874155847,0.5294565924648801,0.1404999941587448,0.06159999966621399,0.0284000001847744,0.05040000006556511,0.030700000002980232,0.25859999656677246,0.7877635359764099,0.13230000436306,0.05909999832510948,0.029400000348687172,0.042100001126527786,0.02850000001490116,0.2599000036716461,0.8023578524589539,0.16654999554157257,0.08940000087022781,0.03985000029206276,0.055149998515844345,0.04625000059604645,0.20499999821186066,0.6318407654762268,0.1854648838662849,1.0851485203424305,0.18252243062980325,-0.022620522387667666,0.942601762416039,-0.06531909063861036,0.213665237064221,1.59341877873533,0.33100633710360156,236_8
11,0.8170626666709087,23.70667509520679,0.5812716023662858,0.975516066056278,0.642995629427714,0.1261499971151352,0.05595000088214874,0.027249999344348907,0.03954999893903732,0.028149999678134918,0.22370000183582306,0.7764542698860168,0.13230000436306,0.05505000054836273,0.02734999917447567,0.038600001484155655,0.027300000190734863,0.24150000512599945,0.796875,0.17110000550746918,0.09830000251531601,0.0357000008225441,0.04899999871850014,0.04690000042319298,0.20399999618530273,0.6261458396911621,0.23328721632702748,0.9505057842029253,0.19913585429075445,0.3030599992786123,0.9912744388350957,0.1976750584114081,0.10467933967379374,1.2628942968123948,0.07584081031770981,237_8
11,0.6214095977896772,23.902238332559612,0.5462532997319666,0.9781443038277802,0.5744029347834603,0.15850000083446503,0.06920000165700912,0.03709999844431877,0.049400001764297485,0.032499998807907104,0.2632000148296356,0.7801826596260071,0.16259999573230743,0.07479999959468842,0.040699999779462814,0.055799998342990875,0.038100000470876694,0.26919999718666077,0.7520338296890259,0.21330000460147858,0.13289999961853027,0.03999999910593033,0.055799998342990875,0.052400000393390656,0.21240000426769257,0.6042296290397644,0.21095065304968538,0.9929116779774965,0.20234414819858737,-0.702998819599373,0.6703120794675584,-0.4397672160611212,0.3557549637224229,2.3504017009611973,0.7407595768875784,239_6
11,0.834489983182829,23.760843506839194,0.4952391051795802,0.9777212674094973,0.5567139436064057,0.12210000306367874,0.05169999971985817,0.027799999341368675,0.036400001496076584,0.0272000003606081,0.21400000154972076,0.774461030960083,0.1350499987602234,0.05490000173449516,0.034699998795986176,0.04800000041723251,0.031150000169873238,0.26649999618530273,0.7906937599182129,0.20810000598430634,0.11810000240802765,0.043800000101327896,0.06700000166893005,0.05260000005364418,0.24690000712871552,0.6487479209899902,0.20089581015978286,1.052686289889904,0.19260120589334295,-0.7784562754122496,0.8900280375593078,-0.7778445797940534,0.19220050625316626,2.4629990399654025,0.4353323298872279,237_8
11,0.8466172395184426,23.7435958533841,0.4953845875680561,0.9434929917381614,0.5994110947479611,0.1334500014781952,0.062449999153614044,0.02824999950826168,0.04569999873638153,0.03164999932050705,0.2921000123023987,0.8044787645339966,0.1526000052690506,0.06300000101327896,0.03020000085234642,0.04340000078082085,0.029899999499320984,0.2955000102519989,0.8162261843681335,0.19660000503063202,0.10289999842643738,0.042100001126527786,0.06669999659061432,0.04919999837875366,0.25540000200271606,0.6769533753395081,0.3209244926271673,1.0525188214474577,0.29448887027157034,-0.7871603597025469,0.9630141573173155,-0.9037680358848658,0.11014294297810713,2.476987487577786,0.12953161228477378,237_8
11,0.8443714513081435,23.7157480795764,0.6700521334399377,0.9850850390402295,0.6826755857216956,0.13379999995231628,0.05739999935030937,0.02850000001490116,0.040550000965595245,0.02630000002682209,0.2603999972343445,0.8165329694747925,0.14634999632835388,0.06185000017285347,0.030400000512599945,0.04540000110864639,0.029650000855326653,0.29965001344680786,0.81992107629776,0.20685000717639923,0.11840000003576279,0.04650000110268593,0.06210000067949295,0.051249999552965164,0.27790001034736633,0.6885918378829956,0.20672471330810135,0.8365173105911915,0.16934914107600121,-0.9608776941848312,0.955492654039744,-0.9546053407653883,0.10467540020405439,2.8609501995541406,0.26395697356097325,237_8
11,0.844461282836555,23.715658248047987,0.7217268867547321,0.9845075065766706,0.7272827239279364,0.1290999948978424,0.05469999834895134,0.02889999933540821,0.042399998754262924,0.027550000697374344,0.2515999972820282,0.8026150465011597,0.14284999668598175,0.058400001376867294,0.028850000351667404,0.04569999873638153,0.027049999684095383,0.28619998693466187,0.8272944688796997,0.18529999256134033,0.09465000033378601,0.04324999824166298,0.05559999868273735,0.04280000180006027,0.2930000126361847,0.7450863718986511,0.23054680413908418,0.7645023823295825,0.17366713702783118,-0.6370403175352414,0.9597065510485636,-0.6198315457058038,0.12595476689220217,2.2614488693840706,0.2807897570534589,237_8
11,0.10622578234713131,23.91382659972475,0.8436165999502455,0.8420545279290298,0.9405867836890583,0.17080000042915344,0.07569999992847443,0.03970000147819519,0.05209999904036522,0.03550000116229057,0.29670000076293945,0.7862733006477356,0.2062000036239624,0.12555000185966492,0.04500000178813934,0.060350000858306885,0.043800000101327896,0.21490000188350677,0.661383867263794,0.20980000495910645,0.11060000211000443,0.03959999978542328,0.05790000036358833,0.04430000111460686,0.28209999203681946,0.7285538911819458,1.0051208520762223,0.5668128213276293,0.3272882709676049,-0.6658270916364957,-0.6513746689933478,0.7149738508443172,0.9916469255648203,2.299398141531918,0.6584779421597335,239_1
11,0.4095868537942948,23.988027442193022,0.4408575265095597,0.9524176850325661,0.5100054351674105,0.18455000221729279,0.08184999972581863,0.03554999828338623,0.04895000159740448,0.03189999982714653,0.328000009059906,0.8227285146713257,0.18449999392032623,0.08720000088214874,0.04520000144839287,0.05790000036358833,0.041200000792741776,0.3052000105381012,0.7621247172355652,0.25859999656677246,0.14880000054836273,0.04740000143647194,0.07559999823570251,0.0706000030040741,0.2590000033378601,0.571601927280426,0.27796834835975165,1.1142424980783234,0.287782141452719,-0.7272023505989689,0.012981062844131905,0.3208648138602838,0.6531626263347503,2.3850337366913577,0.8765164355093559,239_4
11,0.8295492491201699,23.695535985683705,0.5026799129249818,0.9839771539086574,0.5071096938583197,0.14059999585151672,0.061900001019239426,0.029100000858306885,0.045899998396635056,0.03180000185966492,0.2856999933719635,0.799685001373291,0.14100000262260437,0.0608999989926815,0.029899999499320984,0.044199999421834946,0.02879999950528145,0.29649999737739563,0.8229326605796814,0.20454999804496765,0.1136000007390976,0.046300001442432404,0.0689999982714653,0.05420000106096268,0.22609999775886536,0.6132714748382568,0.17168178229895456,1.0441002800633559,0.17770877371989235,-0.8396403912812452,0.9864304989678511,-0.9023623327547707,0.06423812067889756,2.5674171211269208,0.0912932089844024,236_8
11,0.7996353501589901,23.660771184188285,0.47246788735471423,0.9836111964153021,0.491516574659053,0.12835000455379486,0.05480000004172325,0.02810000069439411,0.03889999911189079,0.026000000536441803,0.2782500088214874,0.8290879130363464,0.11909999698400497,0.048700001090765,0.025800000876188278,0.03849999979138374,0.02800000086426735,0.2599000036716461,0.8054879903793335,0.1972000002861023,0.11050000041723251,0.0369499996304512,0.052400000393390656,0.04439999908208847,0.18234999477863312,0.6083792448043823,0.16806599053845525,1.0787075150642227,0.17772149705189969,-0.3391392140758819,0.9863522810180971,-0.2207370564537385,0.08629066984632203,1.916798060150272,0.11172477518875765,236_7
11,0.5725412463335751,23.94149471047563,0.8611480829616148,0.9824501488721474,0.87856602492668,0.17425000667572021,0.07670000195503235,0.03929999843239784,0.052650000900030136,0.03415000066161156,0.2908500134944916,0.7898461818695068,0.19040000438690186,0.0885000005364418,0.04270000010728836,0.057500001043081284,0.03970000147819519,0.29660001397132874,0.7639012932777405,0.20260000228881836,0.10509999841451645,0.03660000115633011,0.05380000174045563,0.03889999911189079,0.26919999718666077,0.747484564781189,0.3518355437396647,0.5332725248645391,0.175204560171307,-0.5594589746698201,0.3611162946337464,-0.12924496190572804,0.5550082725416166,2.1645292470799,0.928376992245342,239_5
11,0.5992212102719261,23.83234940345511,0.5333244350906943,0.49071725401802546,0.8451826868706489,0.16519999504089355,0.07124999910593033,0.039000000804662704,0.052949998527765274,0.035750001668930054,0.31494998931884766,0.7961220145225525,0.22605000436306,0.15600000321865082,0.052949998527765274,0.06094999983906746,0.0685499981045723,0.18459999561309814,0.4584238529205322,0.2160000056028366,0.1005999967455864,0.03629999980330467,0.054999999701976776,0.0340999998152256,0.3540000021457672,0.824272096157074,1.0492060177164304,1.0082706014125902,0.5323857858671821,0.2810532320095185,-0.756774224808562,-0.4164765621940155,1.8890668946379043,1.2859049250990633,0.618226295435153,238_5
11,0.6198824618066752,23.990183398874912,0.42472736062091876,0.9617982037192985,0.5142937788840274,0.17710000276565552,0.07649999856948853,0.04039999842643738,0.05249999836087227,0.03689999878406525,0.31859999895095825,0.7924050688743591,0.16740000247955322,0.07760000228881836,0.042500000447034836,0.05559999868273735,0.035999998450279236,0.335999995470047,0.8064516186714172,0.2484000027179718,0.20469999313354492,0.05570000037550926,0.06419999897480011,0.07100000232458115,0.16740000247955322,0.40436241030693054,0.24493496881801863,1.1321356145294341,0.24756617178749785,-0.6582613711161661,0.9445011633201748,-0.5217116566013629,0.14621197845808254,2.2893031668318824,0.30044182532840935,239_6
11,0.9017737979633811,23.66804753798965,0.8190050257486806,0.8446698468825984,0.9432373588308759,0.13809999823570251,0.05909999832510948,0.03620000183582306,0.0478999987244606,0.037300001829862595,0.27079999446868896,0.7578707933425903,0.19984999299049377,0.1143999993801117,0.039650000631809235,0.050850000232458115,0.05654999986290932,0.1873999983072281,0.536380410194397,0.17605000734329224,0.07795000076293945,0.028349999338388443,0.045049998909235,0.02914999984204769,0.26969999074935913,0.8049188256263733,0.9242813870998339,0.6111215103067318,0.307392564517016,0.5283881003277117,-0.2771280380661598,-0.43917012117544535,1.8258637102112458,1.0140954651906298,0.8968337531379792,236_9
11,0.5377764448381495,23.786445492436606,0.6112541126863784,0.9911596609768136,0.6617302956113204,0.1651500016450882,0.07154999673366547,0.04859999939799309,0.052400000393390656,0.03739999979734421,0.2930999994277954,0.7736762762069702,0.15354999899864197,0.06480000168085098,0.031150000169873238,0.04270000010728836,0.030700000002980232,0.2937999963760376,0.8107858300209045,0.21140000224113464,0.11890000104904175,0.04129999876022339,0.051899999380111694,0.04879999905824661,0.21879999339580536,0.6352765560150146,0.14572256257318766,0.9131520964377345,0.1123269528160016,-0.23861185985463668,0.08735894375754391,-0.6937714628989388,0.8187333878379537,1.811732497053764,0.7156811546931788,237_5
11,0.40554443501575754,23.97410355528917,0.432991317301585,0.9573035221865542,0.47288438111447095,0.16110000014305115,0.07360000163316727,0.03750000149011612,0.04899999871850014,0.03220000118017197,0.289900004863739,0.8000620603561401,0.16349999606609344,0.06949999928474426,0.050700001418590546,0.05849999934434891,0.042100001126527786,0.2962999939918518,0.7511820197105408,0.2676999866962433,0.19449999928474426,0.04899999871850014,0.06589999794960022,0.07259999960660934,0.24905000627040863,0.5485776662826538,0.26115209745555695,1.1229876538040222,0.28173619892334734,-0.9380361552891193,0.20624107575158945,-0.0164916411473241,0.4889539451141349,2.7877154048955823,0.834667536469501,239_4
11,0.663989742256943,23.860556503376465,0.5147398375894524,0.9898593482736138,0.5336871080105381,0.17350000143051147,0.07569999992847443,0.03680000081658363,0.053300000727176666,0.03519999980926514,0.31299999356269836,0.7978173494338989,0.15690000355243683,0.06509999930858612,0.034299999475479126,0.046799998730421066,0.030500000342726707,0.298799991607666,0.8147585988044739,0.23190000653266907,0.13099999725818634,0.041099999099969864,0.05829999968409538,0.05299999937415123,0.21240000426769257,0.6006028652191162,0.1383692344417581,1.0300921559403495,0.13922605724026335,-0.9505123266952336,0.8378526397439838,-0.9382794246546806,0.2043611783279389,2.8256770994236637,0.2990478119051349,238_6
11,0.8786870951615082,23.43367708036287,0.4920660255327226,0.9707762561969704,0.463405688493217,0.13095000386238098,0.0608999989926815,0.02710000053048134,0.04230000078678131,0.029400000348687172,0.24975000321865082,0.7893605828285217,0.13940000534057617,0.05920000001788139,0.02329999953508377,0.03420000150799751,0.02449999935925007,0.2870999872684479,0.8427470922470093,0.2214999943971634,0.12710000574588776,0.04919999837875366,0.06360000371932983,0.06689999997615814,0.2175000011920929,0.5295358896255493,0.22942705661007293,1.0563349410686327,0.2394251046095312,-0.7500956254753494,0.9402856703799485,-0.862815491700775,0.14358301327957448,2.4190029897582215,0.24317916277233978,234_8
11,0.873566698042028,23.377262880520163,0.5053244297693444,0.9651609296456969,0.5319332063008919,0.12970000505447388,0.057100001722574234,0.030799999833106995,0.04479999840259552,0.0284000001847744,0.24959999322891235,0.7956834435462952,0.12025000154972076,0.050850000232458115,0.028200000524520874,0.03905000165104866,0.024250000715255737,0.23260000348091125,0.8111738562583923,0.19910000264644623,0.11509999632835388,0.03759999945759773,0.05700000002980232,0.039400000125169754,0.2718000113964081,0.7467866539955139,0.254302430223854,1.0410384395775267,0.25659143066613105,-0.7295418631108951,0.9915900900213386,-0.6915982315886918,0.054337503659799516,2.388448184599477,0.12077306688177925,233_8
11,0.9024924501906764,23.830462941358462,0.6286566988918731,0.9381255937258925,0.7021407819220746,0.14367499947547913,0.06360000371932983,0.033149998635053635,0.05550000071525574,0.030290909111499786,0.3153333365917206,0.8247177004814148,0.14534999430179596,0.062449999153614044,0.03909999877214432,0.06069999933242798,0.03530000150203705,0.2831999957561493,0.7783359289169312,0.2139499932527542,0.1172500029206276,0.04859999939799309,0.0742499977350235,0.05920000001788139,0.2757999897003174,0.646567165851593,0.3968914975018313,0.890971635755185,0.3147024722158174,-0.5873744685352488,0.7844447120862632,-0.10151616143926043,0.3042817506225363,2.198607194465978,0.4331379938574456,238_9
11,0.8983601998837258,23.733444890673553,0.4900613610149942,0.9788183565868924,0.5584392907173046,0.1464499980211258,0.06069999933242798,0.027650000527501106,0.042500000447034836,0.030050000175833702,0.29179999232292175,0.8132670521736145,0.15035000443458557,0.0608999989926815,0.029750000685453415,0.04619999974966049,0.030249999836087227,0.328000009059906,0.8311235308647156,0.21170000731945038,0.1116499975323677,0.03840000182390213,0.053849998861551285,0.0458500012755394,0.23524999618530273,0.6737815737724304,0.1947680313464233,1.0586361819255286,0.18371512579119334,-0.687602434802252,0.9476486371074948,-0.8573823163744044,0.13954898704314112,2.3289781605868267,0.14711783804730968,237_8
11,0.5729904039756359,23.913467273611104,0.6314215681100975,0.9242405132973875,0.6755040221864805,0.18140000104904175,0.07959999889135361,0.039000000804662704,0.0544000007212162,0.03830000013113022,0.3192000091075897,0.7857342958450317,0.18250000476837158,0.09019999951124191,0.04520000144839287,0.05849999934434891,0.0406000018119812,0.31349998712539673,0.7706862092018127,0.26614999771118164,0.13075000047683716,0.05065000057220459,0.07460000365972519,0.07109999656677246,0.2921999990940094,0.6085879802703857,0.44145791652377026,0.887411239247557,0.3629440086080667,-0.1763681459451828,0.6365330743373663,0.42938203492067545,0.5038646280412588,1.7480918565434869,0.5403945343959252,239_5
11,0.8505698267685684,23.70353099171237,0.46103327283254425,0.9742771763913595,0.5132207791017592,0.13294999301433563,0.0568000003695488,0.029999999329447746,0.04365000128746033,0.03099999949336052,0.241799995303154,0.7727272510528564,0.1302500069141388,0.05510000139474869,0.026399999856948853,0.03945000097155571,0.024700000882148743,0.24735000729560852,0.8184157609939575,0.2121499925851822,0.12264999747276306,0.0430000014603138,0.05959999933838844,0.053599998354911804,0.24979999661445618,0.6466710567474365,0.20822429582469185,1.0916370752270654,0.2134825458907273,-0.7836425260423968,0.9750019950067871,-0.8637703539441242,0.09066722915239149,2.4713042296281467,0.15363673748764528,237_8
11,0.7013596580763153,23.93439801973109,0.44222690985825835,0.9918001225388575,0.461846681569402,0.17260000109672546,0.07129999995231628,0.03720000013709068,0.050599999725818634,0.032600000500679016,0.34700000286102295,0.8282402753829956,0.17630000412464142,0.07810000330209732,0.03959999978542328,0.054099999368190765,0.03660000115633011,0.31520000100135803,0.7919272184371948,0.24244999885559082,0.18045000731945038,0.04879999905824661,0.062199998646974564,0.06634999811649323,0.1657000035047531,0.4281405210494995,0.11516789975320954,1.11271628117586,0.1251430055741859,-0.9007946224748498,0.9204190663271605,-0.7752382707243543,0.14917782606680638,2.692392275635267,0.370727824300113,239_7
11,0.9259384791061951,23.41642942690777,0.6302786008575355,0.9770924645697885,0.6657432119459572,0.1395999938249588,0.061400000005960464,0.026100000366568565,0.036400001496076584,0.02419999986886978,0.18359999358654022,0.7670837044715881,0.1429000049829483,0.061250001192092896,0.02319999970495701,0.04165000095963478,0.024150000885128975,0.2828499972820282,0.8426709771156311,0.18289999663829803,0.09764999896287918,0.03530000150203705,0.05920000001788139,0.03709999844431877,0.2770499885082245,0.7638071179389954,0.24126342735805992,0.8888843164139169,0.20287624734763166,-0.139094664436917,0.8340669355069353,0.0760070882891616,0.34166066066221723,1.7103434600314504,0.5164617081678414,234_9
11,0.7233683825372434,23.77108430107816,0.9177358544114212,0.9898468192149796,0.9178688493660424,0.17358000576496124,0.07613333314657211,0.03527500107884407,0.05183333158493042,0.03356363624334335,0.30935001373291016,0.8042443990707397,0.1586499959230423,0.06785000115633011,0.030050000175833702,0.04479999840259552,0.031849998980760574,0.28235000371932983,0.7972629070281982,0.22579999268054962,0.11540000140666962,0.03909999877214432,0.05860000103712082,0.04490000009536743,0.3086000084877014,0.7459688782691956,0.3491730517980417,0.4084543075809036,0.14013243879322898,-0.42189998983193827,0.7881344897708814,-0.7379960965978191,0.33046509801413,2.0063362607356443,0.4228769561945581,237_7
11,0.8421256630978444,23.713861617479743,0.6534192575209519,0.9790423319573208,0.7036085776017595,0.13079999387264252,0.05609999969601631,0.03044999949634075,0.04235000163316727,0.03139999881386757,0.25314998626708984,0.7793006300926208,0.13289999961853027,0.05525000020861626,0.02785000018775463,0.03959999978542328,0.02645000070333481,0.2639999985694885,0.8178688287734985,0.18250000476837158,0.09440000355243683,0.041600000113248825,0.055799998342990875,0.05000000074505806,0.2667999863624573,0.6843433976173401,0.23883860227926207,0.8587037706825502,0.1853491753576888,-0.46566795562114516,0.9776691918999042,-0.6316664530913132,0.10302145580381306,2.0551855748914574,0.06656791387543004,237_8
11,0.8370052659783624,23.72886348272454,0.412361906290737,0.976509184102586,0.5110053304846375,0.1412000060081482,0.06379999965429306,0.03189999982714653,0.046799998730421066,0.035599999129772186,0.289000004529953,0.7806531190872192,0.14480000734329224,0.06289999932050705,0.03189999982714653,0.04650000110268593,0.03150000050663948,0.30239999294281006,0.8113207221031189,0.22754999995231628,0.14464999735355377,0.05139999836683273,0.06424999982118607,0.066600002348423,0.24564999341964722,0.5734187364578247,0.18955165434816892,1.1457511860495815,0.17969427437588958,-0.85085971686243,0.9712527912253357,-0.9358297167215728,0.09285915387931039,2.5884157901302527,0.11526779351543441,237_8
12,0.8239796943586306,23.740541581418093,0.6025115996996986,0.9680059114282048,0.6735628051849459,0.1440500020980835,0.06310000270605087,0.0385500006377697,0.05820000171661377,0.03635000064969063,0.28850001096725464,0.7762044072151184,0.13930000364780426,0.06024999916553497,0.02979999966919422,0.04610000178217888,0.029650000855326653,0.2572999894618988,0.7933437824249268,0.20235000550746918,0.10970000177621841,0.04165000095963478,0.0637499988079071,0.05050000175833702,0.2667999863624573,0.6816892027854919,0.2744550426211779,0.9241520082916147,0.2239540924400134,-0.3336264344474355,0.5827725150627296,-0.861304235522316,0.4964352533002622,1.9109441340188391,0.39994026191551146,237_8
12,0.6411725340403063,23.907448561207502,0.4637425199931237,0.9599513009000028,0.557382815972504,0.15919999778270721,0.07100000232458115,0.03629999980330467,0.04690000042319298,0.03020000085234642,0.2669999897480011,0.7967698574066162,0.16944999992847443,0.07384999841451645,0.040550000965595245,0.05094999819993973,0.03395000100135803,0.2651999890804291,0.7730235457420349,0.23440000414848328,0.15970000624656677,0.04470000043511391,0.05959999933838844,0.05900000035762787,0.21130000054836273,0.5634480118751526,0.2608605461771597,1.0885815693538792,0.24990397596240516,-0.8317360039222659,0.8452230721697743,-0.638914717901101,0.22084161757253346,2.5530236954756873,0.5217969712426889,239_6
12,0.5404713906905094,23.833517213324463,0.7911296828579077,0.9855781299624353,0.7764498642981931,0.1628500074148178,0.07455000281333923,0.04154999926686287,0.05415000021457672,0.03849999979138374,0.26260000467300415,0.7442710399627686,0.13545000553131104,0.06109999865293503,0.031050000339746475,0.045099999755620956,0.030249999836087227,0.22619999945163727,0.7640865445137024,0.20270000398159027,0.10270000249147415,0.04129999876022339,0.05040000006556511,0.04039999842643738,0.2150000035762787,0.6836335062980652,0.2583622909653529,0.6581425812229975,0.16913652308771798,0.031440140196297595,0.48349491918138693,-0.09226320777447505,0.6925992734450078,1.5393510046222818,0.868718969795909,238_5
12,0.8471562286889132,23.94095572130516,0.49776431026956947,0.9704678884781103,0.597637648312297,0.15497499704360962,0.06747499853372574,0.032083332538604736,0.04543999955058098,0.02836666628718376,0.2712000012397766,0.8106153607368469,0.14949999749660492,0.0674000009894371,0.03240000084042549,0.04600000008940697,0.030700000002980232,0.21459999680519104,0.7496942281723022,0.21934999525547028,0.1396999955177307,0.04179999977350235,0.05869999900460243,0.05000000074505806,0.21310000121593475,0.6199163794517517,0.23208108958953885,1.0497771852020408,0.20184458902933594,-0.8111425620376678,0.8426089335869881,-0.4342489951319333,0.22594734003564615,2.516899407181844,0.3292649476105299,239_8
12,0.5853871548964857,23.944728645498465,0.5525926590503372,0.9539396383344708,0.6918246365776867,0.17820000648498535,0.08145000040531158,0.039400000125169754,0.05609999969601631,0.03629999980330467,0.2964499890804291,0.781818151473999,0.18240000307559967,0.09009999781847,0.04540000110864639,0.05990000069141388,0.04414999857544899,0.3107999861240387,0.7512325644493103,0.24469999969005585,0.15915000438690186,0.055399999022483826,0.07360000163316727,0.062449999153614044,0.22754999995231628,0.5693103671073914,0.309229280987805,0.9853245353964092,0.2257342998694919,-0.33487202926080295,0.5330492751529469,0.5267420976168908,0.5274349838496967,1.9122657415837008,0.39454792280128775,239_5
12,0.3516455179685849,23.95865253240232,0.5571939908363404,0.9666222469960611,0.6101870009183762,0.17229999601840973,0.07859999686479568,0.03525000065565109,0.050999999046325684,0.033649999648332596,0.2886500060558319,0.7911883592605591,0.1597999930381775,0.06629999727010727,0.039000000804662704,0.04910000041127205,0.03700000047683716,0.26660001277923584,0.7562582492828369,0.22499999403953552,0.17870000004768372,0.055799998342990875,0.06880000233650208,0.07460000365972519,0.20890000462532043,0.47372132539749146,0.2644383335718166,0.9797935502892647,0.2412644060722424,-0.9834198171672512,0.6681266485294658,-0.5659439704356265,0.28355527587755186,2.959240227937287,0.5488277127834453,239_3
12,0.5892499106181983,23.956406744192016,0.40463147711354036,0.9814335620183349,0.4203102147001989,0.1647000014781952,0.07810000330209732,0.03920000046491623,0.05609999969601631,0.03629999980330467,0.29179999232292175,0.7787259817123413,0.16910000145435333,0.07670000195503235,0.04520000144839287,0.06120000034570694,0.0348999984562397,0.2818000018596649,0.7796021699905396,0.2694000005722046,0.17829999327659607,0.05779999867081642,0.0763000026345253,0.07050000131130219,0.22619999945163727,0.5247724652290344,0.1672109613388952,1.1542205184661916,0.19011845917447018,-0.5147855624524554,0.7857867077489435,0.06417169069293847,0.3158002650838415,2.1115538315102476,0.2892660777095491,239_5
12,0.6654270467115335,23.735870341940675,0.7910399701058403,0.9804071555006274,0.7994955332147562,0.15770000219345093,0.06620000302791595,0.038100000470876694,0.05050000175833702,0.032099999487400055,0.3165999948978424,0.8158875703811646,0.1500999927520752,0.06480000168085098,0.03610000014305115,0.051899999380111694,0.03669999912381172,0.2858000099658966,0.7724031209945679,0.19345000386238098,0.11034999787807465,0.0377499982714653,0.054349999874830246,0.048650000244379044,0.255950003862381,0.6805647015571594,0.3012025443385726,0.6582892410311337,0.19305080266973046,-0.9264901223277017,0.8542858847902863,-0.7026180509619553,0.19835485353982787,2.755772546504468,0.4630623687132835,237_6
12,0.6090128468688274,23.888404277184172,0.5683537077464513,0.9836354712299017,0.5957086046667349,0.17354999482631683,0.07599999755620956,0.04019999876618385,0.05144999921321869,0.03435000032186508,0.2971999943256378,0.7927914261817932,0.1500999927520752,0.062950000166893,0.03294999897480011,0.04910000041127205,0.03240000084042549,0.27630001306533813,0.7900874614715576,0.1876000016927719,0.11169999837875366,0.03799999877810478,0.06019999831914902,0.04800000041723251,0.2669999897480011,0.6952380537986755,0.18747875962082738,0.966292737019666,0.17457514695747728,-0.8217107209084635,0.6368307333493077,-0.7583975439934975,0.3472762417327015,2.5352026481248933,0.6513522247742933,238_6
12,0.6444064690631368,23.975990017385826,0.8301656016428783,0.9422197729823547,0.9388675592048192,0.17599999904632568,0.08129999786615372,0.03720000013709068,0.05290000140666962,0.03550000116229057,0.3131999969482422,0.7963865995407104,0.1704999953508377,0.08780000358819962,0.03790000081062317,0.054999999701976776,0.03929999843239784,0.2639999985694885,0.7408506274223328,0.19539999961853027,0.09719999879598618,0.03629999980330467,0.050599999725818634,0.03180000185966492,0.3720000088214874,0.8424962759017944,0.5776211158594826,0.5913916737708657,0.1823567201660776,0.7974493862622435,-0.01639806659343276,-0.5746848659575143,2.450357743641084,0.6477401646733231,0.36525931239856135,239_6
12,0.5725412463335751,23.941225215890398,0.922599482853503,0.9747716257950061,0.9475778924528627,0.15735000371932983,0.07135000079870224,0.039799999445676804,0.056299999356269836,0.035999998450279236,0.27730000019073486,0.7701883316040039,0.18344999849796295,0.08765000104904175,0.0442500002682209,0.05824999883770943,0.042249999940395355,0.2950499951839447,0.7494811415672302,0.1753000020980835,0.08224999904632568,0.035100001841783524,0.05454999953508377,0.03440000116825104,0.289000004529953,0.7872603535652161,0.5683922675181305,0.3960306209622215,0.18485971076682733,0.5980044796282674,0.3842234406871337,-0.21468920200091754,1.2652676428559881,0.929787292134403,0.7381478432002057,239_5
12,0.3573947357869507,23.95335247222601,0.469722918565169,0.9732894506460343,0.5008136091743616,0.17350000143051147,0.0737999975681305,0.03660000115633011,0.051249999552965164,0.03424999862909317,0.33945000171661377,0.816697895526886,0.16930000483989716,0.0869000032544136,0.049800001084804535,0.06620000302791595,0.04800000041723251,0.3418000042438507,0.7537198662757874,0.23739999532699585,0.15004999935626984,0.05094999819993973,0.06459999829530716,0.0689999982714653,0.18355000019073486,0.4535735547542572,0.2141278142744034,1.0818194366564118,0.22419711772436135,-0.8699386083244207,0.1606207626213237,0.23510494180887148,0.5367647870314339,2.625874147356251,0.6296805957479733,239_3
12,0.6090128468688274,23.88831444565576,0.5743600688287015,0.9869168585530573,0.5951011326344924,0.17020000517368317,0.0729999989271164,0.039900001138448715,0.05290000140666962,0.03370000049471855,0.30195000767707825,0.7991955876350403,0.15150000154972076,0.06350000202655792,0.03180000185966492,0.048900000751018524,0.03370000049471855,0.2897999882698059,0.7916537523269653,0.19709999859333038,0.11590000241994858,0.0406000018119812,0.062199998646974564,0.04580000042915344,0.27889999747276306,0.7178934216499329,0.1688646559808009,0.9589741292202307,0.15749193341015064,-0.5598231575040241,0.6441417034230211,-0.878929870092269,0.4022670960029507,2.1649686912861124,0.440215422899255,238_6
12,0.5143304159226307,23.812316972619243,0.5826674250181185,0.9888195953379656,0.6045869657974686,0.16414999961853027,0.07244999706745148,0.04165000095963478,0.055149998515844345,0.038350000977516174,0.294950008392334,0.769877016544342,0.15929999947547913,0.06599999964237213,0.03189999982714653,0.04764999821782112,0.035349998623132706,0.2948499917984009,0.7858873605728149,0.21150000393390656,0.11969999969005585,0.04089999943971634,0.052799999713897705,0.046300001442432404,0.19859999418258667,0.6218864917755127,0.15775365223660165,0.9487893492708495,0.14495428401749583,-0.5990528693834791,0.36885220073187036,-0.719235211493894,0.5390695898239722,2.2131140471942983,0.6904372578714141,238_5
12,0.6665050250524782,23.989554578176026,0.310090485234659,0.9778376238045257,0.4432777236330451,0.1607999950647354,0.07074999809265137,0.040950000286102295,0.05844999849796295,0.03905000165104866,0.2858999967575073,0.7596552968025208,0.15809999406337738,0.07334999740123749,0.03660000115633011,0.05835000053048134,0.04205000028014183,0.27090001106262207,0.731266975402832,0.23804999887943268,0.155799999833107,0.05950000137090683,0.07569999992847443,0.0778999999165535,0.19750000536441803,0.43427741527557373,0.16799988935916355,1.2555081190522313,0.14876141832216255,-0.09012519708392715,0.7976086169964324,-0.0788701196610084,0.389800770569128,1.6610439797572079,0.603134560009905,239_6
12,0.9599846283743254,23.533390076900133,0.7496151825200759,0.9096075945119741,0.8814233087235694,0.13189999759197235,0.057999998331069946,0.02710000053048134,0.0406000018119812,0.025800000876188278,0.2619999945163727,0.8207088112831116,0.1758500039577484,0.10239999741315842,0.024550000205636024,0.036400001496076584,0.035750001668930054,0.1862500011920929,0.6779279112815857,0.17599999904632568,0.08160000294446945,0.023399999365210533,0.042100001126527786,0.025200000032782555,0.2160000056028366,0.7910447716712952,0.5923522008056541,0.7233158454172288,0.28583253691904476,0.8213641609043497,0.5745343070462137,0.8371655307518705,1.5795134689305481,0.6069978407102562,0.5097550730116942,235_9
12,0.9246808377084275,23.41598026926571,0.40657892269571877,0.9788013320520709,0.4291331278405477,0.1331000030040741,0.06350000202655792,0.029500000178813934,0.04259999841451645,0.029400000348687172,0.23389999568462372,0.776680588722229,0.13519999384880066,0.06015000119805336,0.024049999192357063,0.03954999893903732,0.025450000539422035,0.24255000054836273,0.8100746273994446,0.22214999794960022,0.1319500058889389,0.04194999858736992,0.05550000071525574,0.055799998342990875,0.1981000006198883,0.5604568719863892,0.17904125022431974,1.1520899461321015,0.20194983380935438,-0.50860261393514,0.9723154128432052,-0.5787844569798941,0.11207831511002393,2.104357359902764,0.2121911630442139,234_9
12,0.18509786429282649,23.9953936275228,0.8362281826659695,0.9340499110078179,0.9437497825711313,0.17430000007152557,0.07649999856948853,0.03869999945163727,0.053050000220537186,0.03545000031590462,0.29374998807907104,0.7846294045448303,0.2175000011920929,0.12639999389648438,0.04050000011920929,0.05889999866485596,0.050599999725818634,0.2540999948978424,0.667870044708252,0.19949999451637268,0.09444999694824219,0.04450000077486038,0.05959999933838844,0.04634999856352806,0.2759000062942505,0.7123351693153381,0.6292029748847271,0.5804277016643078,0.1988883211496966,-0.292277433774528,-0.8756044725656976,0.6948022961747159,1.4123791854313297,1.8674037227658085,0.1506886442217062,239_1
12,0.8264949771541641,23.974283218345995,0.45072199001921753,0.985558672270048,0.5359482454992837,0.1670999974012375,0.0742499977350235,0.03674999997019768,0.05469999834895134,0.03290000185370445,0.34470000863075256,0.8257415294647217,0.15719999372959137,0.06930000334978104,0.03830000013113022,0.05389999970793724,0.03830000013113022,0.3271999955177307,0.7904240489006042,0.23170000314712524,0.14890000224113464,0.05139999836683273,0.06669999659061432,0.06859999895095825,0.19380000233650208,0.47713416814804077,0.15423379575652524,1.103222349299794,0.13458571400158786,-0.806840818984727,0.8999140376726754,-0.6739958488933463,0.17980051344708983,2.509581169241515,0.4270594222452243,239_8
12,0.9126434129012271,23.600584060152272,0.8751781349290289,0.9081114750618644,0.9554650162205085,0.14309999346733093,0.06199999898672104,0.02630000002682209,0.04194999858736992,0.03009999915957451,0.2594499886035919,0.7920911908149719,0.18019999563694,0.10320000350475311,0.024700000882148743,0.03779999911785126,0.02810000069439411,0.1995999962091446,0.7531840205192566,0.17235000431537628,0.07829999923706055,0.025849999859929085,0.03765000030398369,0.025450000539422035,0.2640500068664551,0.8241796493530273,0.8555468745571341,0.5049924339157019,0.25494010065277795,0.9055904915627785,0.7326381286820299,0.8537426293682892,1.7090434934467535,0.4380265018324824,0.5118641112140248,236_9
12,0.8819210301843388,23.929008128026368,0.46413363020551807,0.9822321069248348,0.5269635746816689,0.15472500026226044,0.06520000100135803,0.030633334070444107,0.046220000833272934,0.028425000607967377,0.2506999969482422,0.7963278293609619,0.1598999947309494,0.07209999859333038,0.0328500010073185,0.04751666635274887,0.03240000084042549,0.24500000476837158,0.7664023041725159,0.2401999980211258,0.1603499948978424,0.04724999889731407,0.05990000069141388,0.062199998646974564,0.1906999945640564,0.508105993270874,0.17349753435981496,1.088140069739495,0.16964999023014274,-0.7611776373067238,0.9812611642947241,-0.6388609390071218,0.07959819280198399,2.4359233306785835,0.0967884253522905,239_8
12,0.8388917280750139,23.958113543231846,0.4778949223238156,0.9819794634335332,0.5307268785657661,0.16155000030994415,0.07095000147819519,0.03720000013709068,0.04984999820590019,0.032349999994039536,0.2815000116825104,0.7938506007194519,0.1643500030040741,0.07214999943971634,0.034949999302625656,0.0502999983727932,0.03550000116229057,0.28395000100135803,0.7777429819107056,0.23309999704360962,0.15189999341964722,0.04839999973773956,0.06419999897480011,0.06620000302791595,0.20499999821186066,0.5117993950843811,0.17727188424319748,1.0725396255033568,0.17556637598489844,-0.8916938885833832,0.9440443684635754,-0.90961404033457,0.12579627105069796,2.671870062509772,0.29382559900940924,239_8
12,0.6161095376133723,23.93358953597538,0.9176454075496061,0.922409200850056,0.9457897751744552,0.20659999549388885,0.08879999816417694,0.04100000113248825,0.05829999968409538,0.0414000004529953,0.3391999900341034,0.7824487686157227,0.24564999341964722,0.14229999482631683,0.04749999940395355,0.07079999893903732,0.06624999642372131,0.31325000524520874,0.6508564352989197,0.23399999737739563,0.1168999969959259,0.041999999433755875,0.07530000060796738,0.04360000044107437,0.34915000200271606,0.7779757976531982,0.9702498070938428,0.4086819638475196,0.2943931942824797,0.7924335638915027,0.5112809501634992,0.7696001314899269,1.5763860909703549,0.656007883439852,0.6177357752331244,239_6
12,0.10146471134129875,23.767580871470095,0.6501632991540088,0.8823211514336383,0.8655563590202272,0.15627500414848328,0.06515000015497208,0.032249998301267624,0.04594999924302101,0.028266666457057,0.2787666618824005,0.815872311592102,0.16005666553974152,0.0835999995470047,0.03566666692495346,0.04529999941587448,0.041614286601543427,0.19875000417232513,0.653739869594574,0.1835000067949295,0.07930000126361847,0.03099999949336052,0.04899999871850014,0.030799999833106995,0.3506999909877777,0.8385320901870728,0.567817598478573,0.862996984405919,0.27186278258885666,0.6814030434720867,0.2520706878815282,-0.43306149264506244,1.6026639152560502,0.8211184325486084,0.5035690829004836,237_1
12,0.3543404638209431,23.956137249606783,0.6919962631117688,0.9862918019435046,0.7320029209479515,0.17505000531673431,0.0775500014424324,0.03564999997615814,0.05000000074505806,0.03334999829530716,0.3019999861717224,0.8011033535003662,0.17554999887943268,0.07429999858140945,0.04340000078082085,0.05550000071525574,0.0377499982714653,0.3188000023365021,0.7882484793663025,0.2502500116825104,0.18925000727176666,0.05490000173449516,0.06724999845027924,0.0763000026345253,0.2188500016927719,0.48297473788261414,0.2055292337953187,0.8065456396625545,0.15009387357114934,-0.9521109506581766,0.45501114358222305,-0.2960533412724544,0.38801288430552794,2.8308637240822825,0.7692217792597542,239_3
12,0.5305000910367816,23.782133579072827,0.46175450917127225,0.9694041748057447,0.5396606309258218,0.1685333400964737,0.0745600014925003,0.04295000061392784,0.05510000139474869,0.03655000030994415,0.27285000681877136,0.7637362480163574,0.15189999341964722,0.06323999911546707,0.034299999475479126,0.04625000059604645,0.03280000016093254,0.2718000113964081,0.784635603427887,0.2199999988079071,0.14132000505924225,0.047600001096725464,0.061000000685453415,0.059333331882953644,0.20953333377838135,0.5586411952972412,0.22735520884903787,1.090824135512881,0.22246322476087427,-0.21925186831478494,0.3933290125090231,-0.8072056661770404,0.6510313966830293,1.7918439421717973,0.5470365917685961,237_5
12,0.87599214930915,23.611633338146945,0.7302954081630387,0.7953127839956271,0.8834138056799791,0.14869999885559082,0.0689999982714653,0.029600000008940697,0.045899998396635056,0.02800000086426735,0.3073999881744385,0.8330351710319519,0.20284999907016754,0.13529999554157257,0.04194999858736992,0.04910000041127205,0.05835000053048134,0.18709999322891235,0.52454674243927,0.15760000050067902,0.07400000095367432,0.02850000001490116,0.046300001442432404,0.029100000858306885,0.28200000524520874,0.8129218816757202,0.8660060321553141,0.7520420436895588,0.4138396073481466,0.9695759470209927,-0.7319077792083315,-0.6127195475504648,9.671965233911745,0.24730381097594825,0.5545704005204927,236_8
12,0.5302305964515455,23.781953916016008,0.4758630881772766,0.9823242149937602,0.5378876083060948,0.16220000386238098,0.07483333349227905,0.044599998742341995,0.05793333426117897,0.03635000064969063,0.2648000121116638,0.7585920691490173,0.15299999713897705,0.06719999760389328,0.03422499820590019,0.046950001269578934,0.032499998807907104,0.2543500065803528,0.7734007239341736,0.21629999577999115,0.13600000739097595,0.04179999977350235,0.055871427059173584,0.053199999034404755,0.22599999606609344,0.6189111471176147,0.17518534933876506,1.074851237306416,0.16919109559755266,-0.2672865388367169,0.24425577560700054,-0.6972894325447861,0.7190529307702154,1.841372341728026,0.7142686039399864,237_5
12,0.8792260843319806,23.455685804823794,0.49823784889761596,0.9405595535151137,0.5602904279118981,0.14264999330043793,0.06430000066757202,0.041200000792741776,0.053199999034404755,0.03584999963641167,0.2897000014781952,0.7797573208808899,0.1578499972820282,0.06565000116825104,0.029249999672174454,0.04320000112056732,0.029999999329447746,0.3136500120162964,0.8254037499427795,0.20225000381469727,0.12245000153779984,0.0458500012755394,0.06729999929666519,0.05869999900460243,0.2761499881744385,0.649395227432251,0.3302630017207094,1.0492311156425969,0.3227536190384336,-0.3891116190426208,0.4710739418382601,-0.9339765509102432,0.5482408277572428,1.9704633394203073,0.3376846366652514,234_8
12,0.769901114254635,23.871515949842724,0.7711374336993092,0.7424531397071574,0.9042962158847904,0.17319999635219574,0.07479999959468842,0.03280000016093254,0.04809999838471413,0.03139999881386757,0.2962000072002411,0.8083028197288513,0.24869999289512634,0.16695000231266022,0.04544999822974205,0.05874999985098839,0.060100000351667404,0.20340000092983246,0.5438330173492432,0.22210000455379486,0.11060000211000443,0.03880000114440918,0.0575999990105629,0.03530000150203705,0.36039999127388,0.821582019329071,1.0636086790651516,0.6901705636101594,0.42098306375369987,0.03745149148807317,-0.8985360990212309,-0.010663931437895457,1.7525309843330614,1.5333360747772031,0.438296369411807,238_7
12,0.6088331838120045,23.944369319384812,0.6390484688924986,0.976757604570803,0.710825648373197,0.18664999306201935,0.0892999991774559,0.040950000286102295,0.05559999868273735,0.041999999433755875,0.3007499873638153,0.754923403263092,0.1826999932527542,0.09200000017881393,0.042100001126527786,0.054999999701976776,0.04010000079870224,0.30379998683929443,0.7667926549911499,0.23199999332427979,0.12364999949932098,0.0421999990940094,0.06004999950528145,0.056049998849630356,0.24779999256134033,0.6310679316520691,0.2461701439161195,0.8775357917439349,0.18237150125083929,0.18107819061049674,0.9345833680519924,-0.016988386409684017,0.261904403478898,1.3887136718499566,0.30116444549725935,239_6
12,0.8363764452794786,23.68610367520045,0.7408376479575403,0.9799030264437081,0.7642956708603339,0.1348000019788742,0.05860000103712082,0.031099999323487282,0.04470000043511391,0.03200000151991844,0.24345000088214874,0.7676529288291931,0.13654999434947968,0.05770000070333481,0.029100000858306885,0.040449999272823334,0.02914999984204769,0.24789999425411224,0.7895686626434326,0.18050000071525574,0.10854999721050262,0.0340999998152256,0.05310000106692314,0.04295000061392784,0.2326499968767166,0.6883164048194885,0.2726776569118441,0.7364797385138389,0.1911302219431535,0.09508372688448014,0.981653372461357,0.05530572770593846,0.1300169294270179,1.4755687398725759,0.1868071444519354,236_8
12,0.9063552059123907,23.397295311356025,0.7645065155048609,0.9699484339341873,0.8010143533059846,0.1395999938249588,0.0617000013589859,0.026799999177455902,0.042500000447034836,0.028699999675154686,0.2685999870300293,0.8069289922714233,0.1348000019788742,0.05824999883770943,0.02290000021457672,0.0357000008225441,0.0239499993622303,0.2581000030040741,0.8301719427108765,0.19930000603199005,0.10559999942779541,0.03849999979138374,0.06539999693632126,0.05050000175833702,0.30660000443458557,0.7171660661697388,0.35084969625384527,0.7005208923002278,0.22513376601941992,-0.7774779829144122,0.9900258471676958,-0.8255005329431928,0.057428178031464876,2.461442004632653,0.10946750028292329,233_9
12,0.6494370346542073,23.983805360357664,0.5335199731685726,0.9628884929213488,0.6752975065190231,0.1737000048160553,0.0763000026345253,0.04670000076293945,0.06270000338554382,0.04010000079870224,0.32600000500679016,0.7809341549873352,0.1700499951839447,0.07845000177621841,0.03620000183582306,0.05730000138282776,0.03880000114440918,0.31839999556541443,0.7827547788619995,0.20149999856948853,0.11729999631643295,0.04969999939203262,0.06700000166893005,0.058800000697374344,0.17499999701976776,0.49700596928596497,0.27110911379465474,1.0080394277059515,0.19065770459129958,0.0757200661656007,0.5825474969698553,-0.5778155306135929,0.634738828222581,1.495003716109872,0.5211678338985334,239_6
12,0.6788119444449148,23.73245674386102,0.5196174443893092,0.992805130135823,0.554753526229302,0.1477999985218048,0.05990000069141388,0.02710000053048134,0.036649998277425766,0.026850000023841858,0.23360000550746918,0.7938184142112732,0.1378999948501587,0.058800000697374344,0.026900000870227814,0.037300001829862595,0.028200000524520874,0.23600000143051147,0.7865253686904907,0.20190000534057617,0.11945000290870667,0.03655000030994415,0.05490000173449516,0.04904999956488609,0.21494999527931213,0.6284090876579285,0.11717110453296377,1.0243931852699786,0.11075999381643435,-0.3113900763409082,0.9945673795510809,-0.3162461737563784,0.05525106022441314,1.8874518130945972,0.10386650485929842,237_6
12,0.9231537017254254,23.989913904289672,0.44342992274730647,0.9800275223751667,0.5002611196917874,0.16580000519752502,0.07460000365972519,0.038600001484155655,0.05310000106692314,0.03460000082850456,0.2802000045776367,0.780177891254425,0.16169999539852142,0.07240000367164612,0.03709999844431877,0.05310000106692314,0.035599999129772186,0.26980000734329224,0.7668631672859192,0.24609999358654022,0.15125000476837158,0.0421999990940094,0.06260000169277191,0.06949999928474426,0.19619999825954437,0.476853609085083,0.18013413364757386,1.1113745407227993,0.18486510035039713,-0.858354695409926,0.9430456792778832,-0.7561519081391472,0.1302903432330108,2.602850477836398,0.3160156909553742,239_9
12,0.658689682080638,23.810879668164652,0.6037693529578795,0.9830457237855905,0.6390175681698153,0.18050000071525574,0.07569999992847443,0.03920000046491623,0.056299999356269836,0.03200000151991844,0.3328000009059906,0.8245614171028137,0.16944999992847443,0.07204999774694443,0.03474999964237213,0.050700001418590546,0.0357000008225441,0.33869999647140503,0.8092948794364929,0.21279999613761902,0.12530000507831573,0.039400000125169754,0.05090000107884407,0.04560000076889992,0.21660000085830688,0.6521739363670349,0.1998795588197881,0.9225751546692151,0.17425680572289473,-0.8685986947358275,0.8001038016731352,-0.9072999477687271,0.24524893492944405,2.6231636285434967,0.4197832305177432,238_6
12,0.850929152882216,23.692930871359764,0.6389741383884969,0.9783410149676265,0.6529808085820362,0.1371999979019165,0.06120000034570694,0.038100000470876694,0.049800001084804535,0.0340999998152256,0.25565001368522644,0.7646247148513794,0.12300000339746475,0.05339999869465828,0.028999999165534973,0.039799999445676804,0.028599999845027924,0.2513999938964844,0.795714259147644,0.19384999573230743,0.10890000313520432,0.03970000147819519,0.05469999834895134,0.04129999876022339,0.2389499992132187,0.7052631378173828,0.23757918267035436,0.8776324255982801,0.20380972806302103,-0.4088708847227295,0.8527706631890334,-0.5093028150992539,0.27586615339319254,1.9920127840133455,0.4917326452587594,236_8
12,0.13883462716067108,23.768030029112154,0.7397756749577732,0.8369077828729702,0.8696043234192156,0.16587500274181366,0.07178333401679993,0.0330333337187767,0.047240000218153,0.02969999983906746,0.3003374934196472,0.8200204372406006,0.23489999771118164,0.15950000286102295,0.05290000140666962,0.061900001019239426,0.061420001089572906,0.2101999968290329,0.5477505326271057,0.21119999885559082,0.09969999641180038,0.03454999998211861,0.05034999921917915,0.03305000066757202,0.358599990606308,0.8312268257141113,0.7847433779683531,0.7380594231289725,0.401252564970701,0.4537304594111613,-0.9644788575909125,-0.42709608975556934,2.613321506535889,1.099849257147396,0.26389627278947936,237_1
12,0.8344001516544157,23.661938994057635,0.48117230609999617,0.9781390628896316,0.5988505716829404,0.1340000033378601,0.05770000070333481,0.025599999353289604,0.03869999945163727,0.028599999845027924,0.27570000290870667,0.812027633190155,0.1388999968767166,0.055799998342990875,0.025100000202655792,0.03759999945759773,0.024399999529123306,0.34950000047683716,0.8694838285446167,0.17499999701976776,0.09769999980926514,0.039400000125169754,0.05130000039935112,0.05719999969005585,0.20990000665187836,0.5716959834098816,0.1959951609932652,1.0688048111703428,0.14784469052831614,-0.26290444222851284,0.9213272354099991,-0.5433773119173652,0.21739424397358284,1.8368276409321551,0.23179047387493382,236_8
12,0.8883889002299998,23.43008381922639,0.6715454072687568,0.9512697795675253,0.7141089012432889,0.13950000703334808,0.0640999972820282,0.03550000116229057,0.05169999971985817,0.035999998450279236,0.25839999318122864,0.7554348111152649,0.1451999992132187,0.06340000033378601,0.02539999969303608,0.04019999876618385,0.02630000002682209,0.27090001106262207,0.8230147957801819,0.22050000727176666,0.12919999659061432,0.04100000113248825,0.06340000033378601,0.05400000140070915,0.26429998874664307,0.6606974601745605,0.37563445985727373,0.8345038324959286,0.2911383776713011,-0.7737959197111028,0.7096768433323832,-0.8982334267284595,0.31835569963079086,2.4556083341882764,0.4389116720939867,234_8
12,0.8319747003872937,23.99566312210804,0.5529399005291935,0.9238662232799884,0.7719243577241831,0.17329999804496765,0.07400000095367432,0.034049998968839645,0.052149999886751175,0.03415000066161156,0.3323499858379364,0.8136425614356995,0.16369999945163727,0.07509999722242355,0.035999998450279236,0.05139999836683273,0.035100001841783524,0.28679999709129333,0.7819198369979858,0.23465000092983246,0.1445000022649765,0.041999999433755875,0.06539999693632126,0.05034999921917915,0.2809000015258789,0.6959999799728394,0.398751883323088,0.9849078471135079,0.21974754563739698,-0.6241196152260555,0.7879122645731544,-0.9423227750625568,0.295520715755892,2.244800573102396,0.21596861675288936,239_8
12,0.6810577326552139,23.750153554958175,0.4545128873480626,0.9869948482535846,0.4858397304677276,0.16529999673366547,0.06989999860525131,0.03680000081658363,0.052000001072883606,0.0364999994635582,0.2824999988079071,0.7711598873138428,0.15467500686645508,0.06636666506528854,0.038483332842588425,0.053849998861551285,0.03827499970793724,0.29067501425743103,0.7672898769378662,0.23319999873638153,0.14259999990463257,0.044599998742341995,0.06509999930858612,0.0575999990105629,0.2248000055551529,0.5920680165290833,0.1469123329950001,1.0989710518064875,0.15522070848221356,-0.8785800676952953,0.9283816538572723,-0.7172575461154022,0.14402748632403473,2.6436772595422893,0.30928651347446795,237_6
12,0.8968330639007238,23.93574549265727,0.8106109462231793,0.9818628043128356,0.8485232230054954,0.16192500293254852,0.06885000318288803,0.036159999668598175,0.05233333259820938,0.030700000002980232,0.28279998898506165,0.8041467070579529,0.15415999293327332,0.0746999979019165,0.03310000151395798,0.043816667050123215,0.029200000688433647,0.23430000245571136,0.7783681154251099,0.164000004529953,0.07665000110864639,0.0340999998152256,0.054499998688697815,0.03485000133514404,0.3224000036716461,0.8048985004425049,0.304902355217539,0.6256016546990562,0.1669506318455278,0.7977841608258347,0.7286817714660069,0.34230693566699155,1.165665198714374,0.6471851343973135,0.558450828302456,239_8
12,0.10317151038112549,23.908526539548447,0.6412576813608347,0.98616478582085,0.6817358646993636,0.17630000412464142,0.07729999721050262,0.03750000149011612,0.050700001418590546,0.03220000118017197,0.3009999990463257,0.8067227005958557,0.16979999840259552,0.0778999999165535,0.04089999943971634,0.0544000007212162,0.03830000013113022,0.28279998898506165,0.7614450454711914,0.2215999960899353,0.1307000070810318,0.04540000110864639,0.0572500005364418,0.05959999933838844,0.18934999406337738,0.5211889743804932,0.1904016009558035,0.8746601362376152,0.15278307281141626,-0.9203778724527661,0.5571531957783304,-0.3947002374400781,0.3576274301967818,2.7398420668708545,0.7735477435339999,239_1
12,0.6450352897620206,23.980481593806417,0.6303989872880348,0.9580141744790732,0.7793861178699646,0.17010000348091125,0.07419999688863754,0.04129999876022339,0.05860000103712082,0.03660000115633011,0.3073999881744385,0.7872092723846436,0.1749500036239624,0.09139999747276306,0.03750000149011612,0.05764999985694885,0.046300001442432404,0.2793999910354614,0.7156892418861389,0.2624500095844269,0.16519999504089355,0.05260000005364418,0.07039999961853027,0.07569999992847443,0.24250000715255737,0.5241986513137817,0.32721124986693423,0.8887292432422067,0.17641589860774193,-0.3200565894185034,0.12895648127263953,0.4837881066488669,0.7600393920561307,1.896585544870134,0.8223241822272856,239_6
12,0.29568047576793965,23.95676607030566,0.5149714454308159,0.9553783269410623,0.6320848400513157,0.17880000174045563,0.07609999924898148,0.03460000082850456,0.050700001418590546,0.032499998807907104,0.2996000051498413,0.8042758107185364,0.19699999690055847,0.11729999631643295,0.04410000145435333,0.05790000036358833,0.04280000180006027,0.2800000011920929,0.7348203063011169,0.2551000118255615,0.14904999732971191,0.048250000923871994,0.06939999759197235,0.0625,0.26510000228881836,0.6184371113777161,0.29117497716018476,1.0298219890372486,0.24605550512838711,-0.8660266194604328,-0.7268548081855408,0.8524888102717902,0.910821590766841,2.617996309348602,0.5222459827446667,239_2
12,0.6928256628771798,23.640020101125124,0.9748885989935854,0.9822785790991283,0.9838224156828455,0.13650000095367432,0.05790000036358833,0.028850000351667404,0.04010000079870224,0.025049999356269836,0.2745000123977661,0.8327491283416748,0.13439999520778656,0.05914999917149544,0.026799999177455902,0.0385500006377697,0.0243500005453825,0.27094998955726624,0.8350829482078552,0.13300000131130219,0.055399999022483826,0.025049999356269836,0.03674999997019768,0.02174999937415123,0.24674999713897705,0.8379888534545898,0.8395454787386186,0.22457607879803435,0.1458639660257759,0.9857374590398286,0.996946607879601,0.9925390105140385,0.46225952870858616,0.16909508476708157,0.051947348040194595,236_6
12,0.6709067699446631,23.503206683353717,0.6830055112922736,0.9799748935175766,0.6916897685079867,0.14790000021457672,0.06650000065565109,0.03869999945163727,0.052400000393390656,0.03460000082850456,0.2976999878883362,0.791754424571991,0.14470000565052032,0.06270000338554382,0.031700000166893005,0.04780000075697899,0.0364999994635582,0.29739999771118164,0.7813716530799866,0.18870000541210175,0.10559999942779541,0.04284999892115593,0.059700001031160355,0.050850000232458115,0.21854999661445618,0.6224943995475769,0.24478497769696222,0.8189267571095776,0.19675349300691822,-0.5360649213001727,0.8124320042805203,-0.6433691079769572,0.29134854310957964,2.136565060300077,0.5285169616009384,235_6
12,0.6585100190238133,23.810879668164652,0.5699221634952162,0.9814260392854552,0.5816366933074126,0.18164999783039093,0.08055000007152557,0.03914999961853027,0.05290000140666962,0.0340999998152256,0.30809998512268066,0.8007013201713562,0.16940000653266907,0.07339999824762344,0.0348999984562397,0.05169999971985817,0.03700000047683716,0.3061999976634979,0.7843822836875916,0.21320000290870667,0.12960000336170197,0.03869999945163727,0.051600001752376556,0.04580000042915344,0.20659999549388885,0.6370840072631836,0.20016642687296185,0.9643852010289252,0.18991154111842784,-0.849614233528212,0.7245639761963607,-0.9087670899264231,0.2940371852399506,2.5860497460282494,0.40745319424612153,238_6
12,0.8794057473888035,23.359476237894597,0.486922137450166,0.9609713615308694,0.5353917865263723,0.14364999532699585,0.06965000182390213,0.03840000182390213,0.04910000041127205,0.0369499996304512,0.26510000228881836,0.7553385496139526,0.12880000472068787,0.05820000171661377,0.02800000086426735,0.03660000115633011,0.023000000044703484,0.23849999904632568,0.8240917921066284,0.210999995470047,0.14079999923706055,0.04039999842643738,0.052799999713897705,0.04740000143647194,0.27300000190734863,0.704119861125946,0.2638816948754579,1.062233867151062,0.2656435529727871,-0.7360421793518077,0.7706686193106204,-0.6631503033460306,0.28811769105220963,2.3980012764246545,0.6212871523215934,233_8
12,0.06400496399351496,23.903675637014203,0.7076529319971427,0.9861039644498367,0.7307717053787465,0.16189999878406525,0.07129999995231628,0.041200000792741776,0.04899999871850014,0.03220000118017197,0.2669999897480011,0.7847593426704407,0.16369999945163727,0.07649999856948853,0.03550000116229057,0.04859999939799309,0.03779999911785126,0.23559999465942383,0.723482072353363,0.2434999942779541,0.15080000460147858,0.05079999938607216,0.06800000369548798,0.06560000032186508,0.24089999496936798,0.5719412565231323,0.21271702142317964,0.7846254909257603,0.15944872576481126,-0.6505172618733235,0.5899116980107734,-0.5116567506678821,0.4123832525256732,2.2790616284828014,0.7897093819343355,239_0
12,0.7787046040390067,23.885170342161338,0.8646821856734189,0.9173209045525772,0.9553716064312061,0.1429000049829483,0.06710000336170197,0.03460000082850456,0.048700001090765,0.031849998980760574,0.2597000002861023,0.7815126180648804,0.16619999706745148,0.07925000041723251,0.03400000184774399,0.05310000106692314,0.038100000470876694,0.2728999853134155,0.7549839019775391,0.1746000051498413,0.07720000296831131,0.03519999980926514,0.0544000007212162,0.03280000016093254,0.34439998865127563,0.8260869383811951,0.7781001428932995,0.5262789938788469,0.23298399428002703,0.377827452578416,0.889035137580122,0.40424335326935945,0.4018792974617253,1.1833476346498646,0.45184975321725457,238_7
12,0.11260382086438092,23.77315042623163,0.7934616089603252,0.8574720283994517,0.9419226969309559,0.17010000348091125,0.07610999792814255,0.03759999945759773,0.05357777699828148,0.03552500158548355,0.289900004863739,0.781670093536377,0.1944500058889389,0.11289999634027481,0.04529999941587448,0.060499999672174454,0.056299999356269836,0.24356666207313538,0.6244997978210449,0.19339999556541443,0.0877000018954277,0.03799999877810478,0.05900000035762787,0.03750000149011612,0.3393000066280365,0.8009554147720337,0.8259867066771981,0.654320598143605,0.2829503750300649,0.38455586253252505,-0.7117693269682996,-0.32646918743161873,2.0090733407877375,1.1760696884853923,0.7000845979349127,237_1
12,0.520169465269408,23.869359993160835,0.43742939670233,0.9820158207864039,0.5296434612364069,0.16760000586509705,0.07559999823570251,0.03830000013113022,0.05559999868273735,0.03519999980926514,0.29159998893737793,0.7845777273178101,0.1695999950170517,0.07304999977350235,0.032499998807907104,0.05404999852180481,0.03604999929666519,0.31325000524520874,0.7935872077941895,0.18889999389648438,0.12129999697208405,0.04439999908208847,0.05779999867081642,0.05090000107884407,0.20200000703334808,0.5974693894386292,0.16988260237095434,1.118058246845051,0.15250807424475316,-0.6419432014066615,0.7288356515774695,-0.9007977828430973,0.33255478627118945,2.2678262399525617,0.38729617903948754,238_5
12,0.7569653741633129,23.91023333858827,0.7923961470472202,0.9682414017262755,0.7963544289667077,0.17080000042915344,0.0729999989271164,0.030300000682473183,0.04769999906420708,0.029500000178813934,0.2802000045776367,0.8094930648803711,0.17110000550746918,0.07509999722242355,0.03359999880194664,0.05290000140666962,0.03280000016093254,0.2750000059604645,0.7868745923042297,0.21080000698566437,0.10490000247955322,0.04479999840259552,0.07124999910593033,0.04610000178217888,0.31040000915527344,0.7413744926452637,0.385169711489688,0.6560692242848413,0.24541633145079628,-0.7454398465820348,0.9335631144774872,-0.5605607141056727,0.15197713430385149,2.411990787331707,0.2953412673547322,239_7
12,0.20108787635015268,23.962425456595618,0.8799486449552646,0.9746254774100579,0.9135816635751103,0.16300000250339508,0.07129999995231628,0.03359999880194664,0.04769999906420708,0.0340999998152256,0.26420000195503235,0.7713711261749268,0.1615000069141388,0.07039999961853027,0.03689999878406525,0.049800001084804535,0.03669999912381172,0.27219998836517334,0.7623826265335083,0.20600000023841858,0.12269999831914902,0.04295000061392784,0.05620000138878822,0.04619999974966049,0.20340000092983246,0.629807710647583,0.45603095137520766,0.4950422373876797,0.19033979379927443,-0.5873492182867608,0.916453730320302,-0.5835204393345235,0.18724408054730649,2.198575995299192,0.3962167431996565,239_2
12,0.6410827025118948,23.906550245923384,0.627683015833528,0.9843040673588266,0.6569047878991328,0.16130000352859497,0.07064999639987946,0.03500000014901161,0.045249998569488525,0.029200000688433647,0.2533999979496002,0.7933474779129028,0.17409999668598175,0.07620000094175339,0.038600001484155655,0.050999999046325684,0.03720000013709068,0.2711000144481659,0.7586766481399536,0.23520000278949738,0.15719999372959137,0.04659999907016754,0.05909999832510948,0.06705000251531601,0.19009999930858612,0.4785144627094269,0.19884049081087293,0.8922230340115954,0.1691926324039418,-0.7135880966873656,0.8364739523549898,-0.6137167924008023,0.24519262890148483,2.365402982481649,0.5474805561909128,239_6
12,0.5732598985608721,23.79273369942544,0.8196127929384508,0.9915281386613642,0.8424031089689726,0.15559999644756317,0.07020000368356705,0.04320000112056732,0.05770000070333481,0.03660000115633011,0.2791999876499176,0.7682077288627625,0.15230000019073486,0.06449999660253525,0.0348999984562397,0.04960000142455101,0.03420000150799751,0.27140000462532043,0.7761780023574829,0.20090000331401825,0.11500000208616257,0.04100000113248825,0.05779999867081642,0.04410000145435333,0.27399998903274536,0.7227286696434021,0.21351967179326312,0.6100614860507018,0.11907319705929946,-0.29519079793950853,0.5157157238786525,-0.9517762391144398,0.5501096836657028,1.870451536067974,0.18370874389614048,237_5
12,0.9220757233844807,23.934937008901557,0.6778625389548661,0.9058713202460651,0.8726570128515028,0.17059999704360962,0.07419999688863754,0.0357000008225441,0.052000001072883606,0.03180000185966492,0.3278000056743622,0.8231368064880371,0.17249999940395355,0.08139999955892563,0.03700000047683716,0.04780000075697899,0.03590000048279762,0.257999986410141,0.7556992173194885,0.20600000023841858,0.12349999696016312,0.03959999978542328,0.061000000685453415,0.04969999939203262,0.2280000001192093,0.6420598030090332,0.5295315761112125,0.825944967537478,0.235946697330777,-0.9529679911241676,0.3298702081725446,-0.5778030640151477,0.4356986765779903,2.833679120060497,0.36820314748975635,239_9
12,0.9171349893218235,23.933499704446966,0.580313831325928,0.9804010972031727,0.6724027717727824,0.156700000166893,0.07119999825954437,0.036400001496076584,0.050700001418590546,0.03359999880194664,0.2937999963760376,0.7947465181350708,0.15710000693798065,0.07029999792575836,0.03610000014305115,0.05000000074505806,0.03370000049471855,0.2612000107765198,0.7714479565620422,0.19065000116825104,0.10890000313520432,0.046149998903274536,0.06520000100135803,0.05310000106692314,0.23919999599456787,0.6366746425628662,0.20837746035316526,0.9516823328583008,0.15057858583237077,-0.7089022841405939,0.8930641070909926,-0.5750582001512314,0.19785433395918742,2.3587369496085566,0.4423409176277958,239_9
12,0.6810577326552139,23.750423049543407,0.5612054540877648,0.9876170138329967,0.5750357676586405,0.17679999768733978,0.07483333349227905,0.03709999844431877,0.05406666547060013,0.033250000327825546,0.33453333377838135,0.8191870450973511,0.16031666100025177,0.07010000199079514,0.03759999945759773,0.055674999952316284,0.0369499996304512,0.32030001282691956,0.7931420803070068,0.225600004196167,0.14249999821186066,0.04580000042915344,0.05990000069141388,0.0568000003695488,0.2029000073671341,0.562572181224823,0.16158177704777263,0.974954813306726,0.154862257340543,-0.8729103731538158,0.879146566216428,-0.8229408675376659,0.18873126289576672,2.631932521778745,0.4627624191652701,237_6
12,0.8881194056447637,23.429904156169563,0.5283789344913772,0.9462000100810016,0.6015524209849789,0.1371999979019165,0.062300000339746475,0.0348999984562397,0.05270000174641609,0.03554999828338623,0.26330000162124634,0.7620880007743835,0.13729999959468842,0.06159999966621399,0.027300000190734863,0.043299999088048935,0.027300000190734863,0.263700008392334,0.8123711347579956,0.21619999408721924,0.1229500025510788,0.04450000077486038,0.05909999832510948,0.04879999905824661,0.2459000051021576,0.6688157320022583,0.324929552240317,1.0141062611548861,0.3006406504107812,-0.7617485834529929,0.8128473502342672,-0.9136583616346858,0.2551589574547582,2.436804137492967,0.3642637179092503,234_8
12,0.7644213910215054,23.73245674386102,0.9552261732356511,0.9460223441698182,0.971768772576011,0.15970000624656677,0.06915000081062317,0.0361500009894371,0.054499998688697815,0.031099999323487282,0.31709998846054077,0.8213670253753662,0.1582999974489212,0.06859999895095825,0.027699999511241913,0.04349999874830246,0.02630000002682209,0.2996000051498413,0.8386008143424988,0.15360000729560852,0.06459999829530716,0.027699999511241913,0.04634999856352806,0.0251499991863966,0.30024999380111694,0.8454210162162781,1.0988392329034158,0.30037306894064836,0.2281689683544176,0.8003292002692023,0.7293139650636736,0.9891093377051132,1.1719029460518182,0.6429522408130208,0.10423944171510267,237_7
12,0.8002641708578739,23.660950847245104,0.7027131566970446,0.9778438258966735,0.7140706707753401,0.1675499975681305,0.06849999725818634,0.038100000470876694,0.052799999713897705,0.03584999963641167,0.33695000410079956,0.8076716661453247,0.14740000665187836,0.05914999917149544,0.028550000861287117,0.0421999990940094,0.029249999672174454,0.2782000005245209,0.8097251653671265,0.21250000596046448,0.12049999833106995,0.03754999861121178,0.0544000007212162,0.05249999836087227,0.2134000062942505,0.6051146984100342,0.26641938707235346,0.791592541254602,0.20588607501100561,-0.93243794026419,0.521019207915546,-0.6055550553512026,0.368971548636235,2.7718986092740954,0.7865922719268592,236_8
12,0.6707271068878402,23.503116851825304,0.6366173585086385,0.9840384634248117,0.6631943677652743,0.1518000066280365,0.06970000267028809,0.0406000018119812,0.05050000175833702,0.03319999948143959,0.25440001487731934,0.7691237926483154,0.15080000460147858,0.06480000168085098,0.03229999914765358,0.04659999907016754,0.03779999911785126,0.2556000053882599,0.742331326007843,0.19709999859333038,0.11699999868869781,0.03959999978542328,0.055399999022483826,0.046799998730421066,0.2320999950170517,0.6643958687782288,0.20314562801755523,0.8806923655100581,0.17146080566115135,-0.4412980229408271,0.685361544759542,-0.433943315612508,0.402248630134874,2.0278409763600234,0.7133071459039729,235_6
12,0.6414420286255424,23.907089235093856,0.5652917057157653,0.9713824757017562,0.6075966492643752,0.16359999775886536,0.07079999893903732,0.03779999911785126,0.04874999821186066,0.03395000100135803,0.2795499861240387,0.7834130525588989,0.17659999430179596,0.07940000295639038,0.04259999841451645,0.056699998676776886,0.03779999911785126,0.31040000915527344,0.7828834056854248,0.2406499981880188,0.16374999284744263,0.05014999955892563,0.0645499974489212,0.06984999775886536,0.20970000326633453,0.500268280506134,0.24722718628334026,0.9700094866707291,0.2266930086932029,-0.8467726623212044,0.37701671464335756,-0.3001545888562527,0.4588793648992626,2.5806850625996223,0.9255107619264037,239_6
12,0.5769429912257618,23.929277622611608,0.4475725835196914,0.974489122200508,0.50294365131206,0.1754000037908554,0.0738999992609024,0.042899999767541885,0.053199999034404755,0.03700000047683716,0.3513999879360199,0.809474766254425,0.18434999883174896,0.07609999924898148,0.03889999911189079,0.049550000578165054,0.035999998450279236,0.35600000619888306,0.8163265585899353,0.2827000021934509,0.1875,0.05530000105500221,0.06970000267028809,0.06679999828338623,0.21739999949932098,0.5299085378646851,0.20452991578816945,1.1067473166949853,0.211642957747906,-0.3816898698361676,0.9095302352696094,-0.5300270401385228,0.2184261492559751,1.9624202233748438,0.36552854155282344,239_5
12,0.3511065287981143,23.95838303781708,0.3842104700215116,0.9853804463163767,0.44465963982444884,0.16369999945163727,0.07339999824762344,0.03674999997019768,0.05469999834895134,0.03440000116825104,0.29980000853538513,0.7941352725028992,0.1555500030517578,0.06844999641180038,0.03584999963641167,0.052549999207258224,0.0377499982714653,0.29295000433921814,0.7716963887214661,0.2612000107765198,0.18549999594688416,0.05959999933838844,0.07440000027418137,0.07680000364780426,0.22599999606609344,0.49273446202278137,0.1455262652398752,1.1764438245056386,0.1546115880486837,-0.7991794482592603,0.9041483467494181,-0.8004426072922932,0.17679731541183,2.4967252027303752,0.407105666236257,239_3
12,0.8552410662459895,23.46179434875581,0.7164594638947166,0.977473266973147,0.7501791453055127,0.13979999721050262,0.0632999986410141,0.03099999949336052,0.04179999977350235,0.030700000002980232,0.22669999301433563,0.7614607810974121,0.12250000238418579,0.05530000105500221,0.024700000882148743,0.035100001841783524,0.02329999953508377,0.22750000655651093,0.8141945600509644,0.217849999666214,0.13044999539852142,0.048700001090765,0.06390000134706497,0.06235000118613243,0.1964000016450882,0.5180676579475403,0.2754349799157721,0.7720824260501435,0.19859034131352918,-0.5550946660406314,0.9763035350137801,-0.6976567979132087,0.10102074318262041,2.159273099020895,0.10855946718126501,234_8
12,0.7020783103036106,23.76605373548709,0.636435200905339,0.82022073041141,0.8867399812658932,0.1707250028848648,0.07329999655485153,0.03579999879002571,0.05342499911785126,0.03400000184774399,0.34174999594688416,0.8190286159515381,0.1890999972820282,0.10199999809265137,0.053700000047683716,0.06780000030994415,0.06520000100135803,0.24480000138282776,0.5793548226356506,0.2282000035047531,0.11620000004768372,0.041099999099969864,0.06469999998807907,0.04280000180006027,0.3264000117778778,0.768147349357605,0.6913154931417603,0.8809285488754722,0.321950083221746,-0.037235711294807926,-0.5849716706230634,0.35722756248873533,1.3654141502837618,1.6080406480038079,0.738327893692067,237_7
12,0.04720646818048024,23.82318658755709,0.9280717563897953,0.9498985609444567,0.9619079947513752,0.17949999868869781,0.07699999958276749,0.037450000643730164,0.05274999886751175,0.032999999821186066,0.34619998931884766,0.8259493708610535,0.17470000684261322,0.08309999853372574,0.036400001496076584,0.04729999974370003,0.033399999141693115,0.210999995470047,0.7266775965690613,0.17949999868869781,0.0823500007390976,0.03164999932050705,0.04324999824166298,0.03319999948143959,0.2551499903202057,0.7697243094444275,0.8330427675741879,0.3815952148651785,0.22618166114156923,0.12963622943641032,-0.3860087428478196,0.7164168379652811,1.3652868418949868,1.4407942222192611,0.50348661721214,238_0
12,0.7073783704799155,23.66948484244424,0.5668586326999007,0.6132309604991781,0.9404124401920951,0.14259999990463257,0.061799999326467514,0.035599999129772186,0.04520000144839287,0.030500000342726707,0.22360000014305115,0.759937047958374,0.19140000641345978,0.10700000077486038,0.033799998462200165,0.05469999834895134,0.04019999876618385,0.2822999954223633,0.750697672367096,0.18250000476837158,0.10199999809265137,0.03280000016093254,0.05779999867081642,0.03689999878406525,0.27070000767707825,0.7600780129432678,0.9406504499786037,0.9681086913058868,0.3258202616260475,-0.07052046683387257,-0.46396699652414597,0.757859376663718,1.2509414354432258,1.6413753761410714,0.5062392911812207,236_7
12,0.10299184732430255,23.812766130261302,0.736877644285809,0.7259315608804527,0.9557486247636987,0.18854999542236328,0.08295000344514847,0.04019999876618385,0.05820000171661377,0.03375000134110451,0.35804998874664307,0.827718198299408,0.2029999941587448,0.11900000274181366,0.04800000041723251,0.07339999824762344,0.04839999973773956,0.2897000014781952,0.713694155216217,0.23215000331401825,0.11879999935626984,0.05249999836087227,0.0771000012755394,0.052400000393390656,0.3301999866962433,0.7260846495628357,1.0216231273625953,0.7423563610402454,0.29243430999490716,0.35609277528178396,0.20383003126288268,0.9632677687666281,1.1316093597168648,1.2067130889533708,0.223450890621364,238_1
12,0.9246808377084275,23.41553111162365,0.3988879916502112,0.986512905204147,0.41946866004424715,0.13075000047683716,0.0608999989926815,0.028149999678134918,0.0414000004529953,0.030549999326467514,0.2320999950170517,0.7673709988594055,0.13564999401569366,0.05824999883770943,0.022099999710917473,0.038600001484155655,0.024000000208616257,0.25099998712539673,0.8254545331001282,0.22734999656677246,0.13314999639987946,0.04165000095963478,0.05609999969601631,0.053599998354911804,0.23090000450611115,0.6231986284255981,0.14168412917012996,1.1604924605366234,0.16121667542782667,-0.637164769150275,0.952380831116022,-0.7181784529361093,0.13700195525837588,2.2616103314981304,0.26850735862431546,234_9
12,0.01864004214547954,23.690595251621048,0.881650738950698,0.8651463360216496,0.9578245168473191,0.16099999845027924,0.07384999841451645,0.03739999979734421,0.0502999983727932,0.03344999998807907,0.26600000262260437,0.7765904068946838,0.16314999759197235,0.08349999785423279,0.03604999929666519,0.04769999906420708,0.03779999911785126,0.21850000321865082,0.7050331830978394,0.17935000360012054,0.08399999886751175,0.036249998956918716,0.05555000156164169,0.03685000166296959,0.3050000071525574,0.7844083905220032,1.0689937856822074,0.49144742491591786,0.283992675941311,0.3855282033594999,0.5937097358905645,-0.4467798554929468,0.7958487266072951,1.175016116148401,0.3335790876933487,236_0
12,0.5724514148051636,23.876816010019027,0.5354767616217168,0.987555908656668,0.5850884849097612,0.1517000049352646,0.06859999895095825,0.040800001472234726,0.049800001084804535,0.03660000115633011,0.23160000145435333,0.7270693182945251,0.1578499972820282,0.07029999792575836,0.03545000031590462,0.04904999956488609,0.033799998462200165,0.25060001015663147,0.7623066306114197,0.22834999859333038,0.1542000025510788,0.04535000026226044,0.05764999985694885,0.05469999834895134,0.18729999661445618,0.5479338765144348,0.15702510967689465,1.005724165029279,0.14245460949368563,-0.1902714729247175,0.8221647217451078,-0.5848276504858683,0.34365049205695913,1.7622349905304233,0.3655555482073151,238_5
12,0.8552410662459895,23.33117930644483,0.5896530847198773,0.8963824976671056,0.6656454504751596,0.13259999454021454,0.06469999998807907,0.03759999945759773,0.051100000739097595,0.0357000008225441,0.27059999108314514,0.7668951749801636,0.13300000131130219,0.05754999816417694,0.026249999180436134,0.0377499982714653,0.023900000378489494,0.249549999833107,0.8251965641975403,0.19009999930858612,0.096950002014637,0.03449999913573265,0.05245000123977661,0.033900000154972076,0.34084999561309814,0.8190793991088867,0.48848350215455627,0.940167086527839,0.40949618437388274,-0.06275548459119824,0.7147097733422554,0.2233307821788189,0.47416169453443874,1.6335930756971988,0.6457426662024498,233_8
12,0.7461855907538784,23.742787369628395,0.8200979221755569,0.9242244120758573,0.8836574657870475,0.1527000069618225,0.06560000032186508,0.03254999965429306,0.04670000076293945,0.03164999932050705,0.26339998841285706,0.7854601144790649,0.15889999270439148,0.08754999935626984,0.032099999487400055,0.04170000180602074,0.033399999141693115,0.1610500067472458,0.6564669609069824,0.17030000686645508,0.07930000126361847,0.0284000001847744,0.051600001752376556,0.029899999499320984,0.29840001463890076,0.8178495168685913,0.6431184356325689,0.6092142031717588,0.312333594296013,0.7641615238235228,0.5535458650475649,0.13607404916897958,1.403854384857868,0.7010559120316072,0.7040710606623066,237_7
12,0.6812373957120386,23.729851629537073,0.5217002045615498,0.9792197443357559,0.5932898530583203,0.1454000025987625,0.05810000002384186,0.03164999932050705,0.042500000447034836,0.027650000527501106,0.26019999384880066,0.8078860640525818,0.13189999759197235,0.05494999885559082,0.029850000515580177,0.041349999606609344,0.0251499991863966,0.24860000610351562,0.8162556886672974,0.2341500073671341,0.14665000140666962,0.039900001138448715,0.04910000041127205,0.051350001245737076,0.195250004529953,0.5835360884666443,0.19983160297154473,1.021953682977723,0.17830577944998685,-0.5724848175887954,0.9951030785160085,-0.5548705766520291,0.04540794096339261,2.1803295653155805,0.0971779832840474,237_6
12,0.2957703072963511,23.9570355648909,0.4893033132348912,0.9736213704219584,0.5806906945115157,0.181099995970726,0.08174999803304672,0.03485000133514404,0.05339999869465828,0.031849998980760574,0.31679999828338623,0.8172953128814697,0.17419999837875366,0.07599999755620956,0.044599998742341995,0.0560000017285347,0.04309999942779541,0.2946999967098236,0.7448194026947021,0.266400009393692,0.17669999599456787,0.051750000566244125,0.07370000332593918,0.06544999778270721,0.2547999918460846,0.591256856918335,0.2172687073483637,1.05950560161757,0.19431953589366457,-0.680720969721744,-0.06633967821402595,0.10379769901042948,0.7058222087341584,2.3195427134525892,0.9945809663815472,239_2
12,0.9234231963106616,23.990003735818085,0.4951878007467924,0.9743054585370041,0.5551104814180686,0.16189999878406525,0.07370000332593918,0.03610000014305115,0.050200000405311584,0.033900000154972076,0.28859999775886536,0.7897674441337585,0.16439999639987946,0.0722000002861023,0.035999998450279236,0.05139999836683273,0.0364999994635582,0.2858000099658966,0.7735029458999634,0.23119999468326569,0.14659999310970306,0.04490000009536743,0.06764999777078629,0.07045000046491623,0.1965000033378601,0.47218582034111023,0.21579751173324158,1.0527453439017218,0.20913362419626338,-0.9222915780602468,0.9735228471962187,-0.8356788363569271,0.08402498786220695,2.7447646142861752,0.16235578689818417,239_9
12,0.8343103201260043,23.97994260463595,0.5522481799432124,0.9795128925215968,0.600215391442176,0.17919999361038208,0.07819999754428864,0.03830000013113022,0.05719999969005585,0.036400001496076584,0.3188000023365021,0.795045018196106,0.17479999363422394,0.0812000036239624,0.03700000047683716,0.05559999868273735,0.03869999945163727,0.29440000653266907,0.7676373720169067,0.2261500060558319,0.15524999797344208,0.04859999939799309,0.06274999678134918,0.06634999811649323,0.18479999899864197,0.4716305136680603,0.20570183504674106,0.9857377951270173,0.18840957091171087,-0.6898838793694801,0.8916461623033736,-0.7437802685753812,0.2014591961679695,2.3321249619545257,0.41639670556278835,239_8
12,0.2754683818752497,23.954969439737425,0.7545335172746532,0.8365621079994516,0.8455241841299321,0.17935000360012054,0.07954999804496765,0.03539999946951866,0.052000001072883606,0.03415000066161156,0.34435001015663147,0.8195508718490601,0.21709999442100525,0.13255000114440918,0.05144999921321869,0.062449999153614044,0.07034999877214432,0.20784999430179596,0.49424874782562256,0.22630000114440918,0.12884999811649323,0.03759999945759773,0.05550000071525574,0.05130000039935112,0.2816999852657318,0.6918918490409851,0.8099682946829827,0.7158533164013231,0.4399103735439624,-0.46101606966560044,-0.8173186355093147,0.6916959021580849,1.2329838518543688,2.0499361920512587,0.45394427645142066,239_2
12,0.834489983182829,23.661669499472403,0.6672256217073226,0.9838247239660726,0.7205460031121029,0.12720000743865967,0.05530000105500221,0.026399999856948853,0.036400001496076584,0.027799999341368675,0.21539999544620514,0.7713815569877625,0.13670000433921814,0.05550000071525574,0.025699999183416367,0.0364999994635582,0.02539999969303608,0.2556999921798706,0.8192813992500305,0.21199999749660492,0.1282999962568283,0.03669999912381172,0.05380000174045563,0.04960000142455101,0.22499999403953552,0.6387472748756409,0.21433054529029033,0.8403185019464435,0.157099093498802,-0.34715080595341025,0.9655030436533018,-0.5025453697264366,0.13682240320366573,1.925327577520611,0.18961162262437048,236_8
12,0.638926745830009,23.813574614017014,0.8057924503943045,0.8302869303070227,0.9319253217162359,0.16740000247955322,0.07519999891519547,0.03849999979138374,0.05350000038743019,0.032499998807907104,0.3084000051021576,0.8093282580375671,0.21789999306201935,0.11334999650716782,0.04565000161528587,0.06185000017285347,0.04634999856352806,0.3012000024318695,0.7332757711410522,0.22050000727176666,0.10620000213384628,0.040300000458955765,0.06589999794960022,0.03869999945163727,0.3723999857902527,0.8117246627807617,0.9327690298106699,0.6337839232467638,0.3369894781651654,0.18883825477314548,-0.3526687780131716,0.697084799212804,1.3986049172983788,1.3808173451987915,0.5204306191907433,238_6
12,0.856229213058521,23.989464746647613,0.7832389377344442,0.8710400566664614,0.9181982451666995,0.16349999606609344,0.07190000265836716,0.03889999911189079,0.05719999969005585,0.03849999979138374,0.2777999937534332,0.756560206413269,0.1733500063419342,0.09435000270605087,0.043949998915195465,0.06084999814629555,0.05784999951720238,0.19030000269412994,0.5337497591972351,0.19930000603199005,0.10329999774694443,0.04520000144839287,0.07119999825954437,0.06310000270605087,0.23479999601840973,0.5763679146766663,0.7653177521269312,0.6709378368329052,0.3118352855496677,0.0093167788076398,0.06757302611920038,0.8697699782922896,0.9626587181779909,1.5614794131955823,0.48986043716400385,239_8
12,0.11260382086438092,23.773240257760044,0.9102071540520374,0.9376003382013335,0.9660137154239765,0.17010000348091125,0.07610999792814255,0.03803333267569542,0.0494999997317791,0.034166667610406876,0.2647833228111267,0.7714222073554993,0.1944500058889389,0.11289999634027481,0.040699999779462814,0.054099999368190765,0.04390000179409981,0.23283334076404572,0.682727038860321,0.19339999556541443,0.0877000018954277,0.03370000049471855,0.057100001722574234,0.03280000016093254,0.3109999895095825,0.8091914057731628,0.8316685619377023,0.42701235262677156,0.21675490059807234,0.062350676337328464,-0.43124919006725504,-0.7534382698740487,1.3369572223665884,1.5084051804657466,0.533000610373373,237_1
12,0.8163440144436134,23.705507285337433,0.5916169683058935,0.951792242447785,0.6667754610690798,0.14339999854564667,0.06210000067949295,0.028300000354647636,0.043299999088048935,0.028999999165534973,0.26570001244544983,0.8031896948814392,0.13840000331401825,0.05900000035762787,0.0284000001847744,0.040699999779462814,0.028599999845027924,0.24040000140666962,0.7873606085777283,0.18950000405311584,0.11259999871253967,0.04280000180006027,0.056699998676776886,0.05810000002384186,0.20340000092983246,0.5556405186653137,0.3324715061583094,0.937733339641933,0.27848484991134886,-0.5707093736593588,0.9827246959171727,-0.4327842151346455,0.08546024180559046,2.1781657989913064,0.0996443379960579,237_8
12,0.748341547435766,23.713951449008157,0.8888046270909025,0.9761735143124348,0.9163003671287817,0.13830000162124634,0.059300001710653305,0.034699998795986176,0.047200001776218414,0.0340999998152256,0.2736000120639801,0.7783555388450623,0.14010000228881836,0.05829999968409538,0.03020000085234642,0.041600000113248825,0.027300000190734863,0.26109999418258667,0.8106796145439148,0.16095000505447388,0.07514999806880951,0.03150000050663948,0.048500001430511475,0.033799998462200165,0.26510000228881836,0.7738373875617981,0.4594558606419324,0.47606614524414786,0.18922346686449704,0.8848999463285447,0.9319290504194093,0.9731316933763623,0.7659168722261052,0.4845171679251907,0.17293555254642756,237_7
12,0.891982161366478,23.926852171344485,0.7496512257950649,0.9778465315073417,0.8271997415006591,0.14595000445842743,0.07029999792575836,0.03282500058412552,0.04989999905228615,0.029750000685453415,0.23880000412464142,0.7784397602081299,0.16089999675750732,0.07434999942779541,0.0364999994635582,0.05169999971985817,0.0348999984562397,0.2554999887943268,0.7596418857574463,0.16329999268054962,0.08879999816417694,0.03920000046491623,0.05460000038146973,0.04830000177025795,0.16899999976158142,0.5554533004760742,0.29157186905408145,0.7232613873311783,0.15354719820205678,0.13696465595039709,0.9606274393042147,0.20590631786351044,0.1964173429513853,1.4333997877609828,0.2675139156295926,239_8
12,0.9032111024179716,23.798033759601743,0.6326948474110378,0.9630047925553137,0.7415895163499207,0.1648833304643631,0.07289999723434448,0.03902500122785568,0.05355000123381615,0.0333000011742115,0.29750001430511475,0.7986698746681213,0.16419999301433563,0.07620000094175339,0.03610000014305115,0.056166667491197586,0.03736666589975357,0.27079999446868896,0.7574905157089233,0.20990000665187836,0.11289999634027481,0.04340000078082085,0.06560000032186508,0.05139999836683273,0.24160000681877136,0.6491467952728271,0.30804612991221886,0.8857681299856331,0.20840896673245135,-0.6711253628268559,0.7024596010689118,-0.39055294236871924,0.3433519529473373,2.306522077024793,0.7033109255969964,237_9
12,0.582961703629362,23.94679477065194,0.7668263023079435,0.9702493129768056,0.797441380618255,0.1822499930858612,0.07829999923706055,0.039900001138448715,0.057999998331069946,0.03485000133514404,0.3434999883174896,0.8157790303230286,0.1817999929189682,0.09009999781847,0.04569999873638153,0.061900001019239426,0.039500001817941666,0.33730000257492065,0.7903397083282471,0.21960000693798065,0.11479999870061874,0.04619999974966049,0.0714000016450882,0.06129999831318855,0.29580000042915344,0.6566787958145142,0.3508864971950762,0.6969144606327962,0.22734816980401493,-0.006563776287078965,0.8069134423373057,0.4748892675787696,0.4005987749328704,1.5773601502142591,0.34395128639566697,239_5
12,0.8388018965466024,23.958023711703433,0.49258527195274754,0.9802459162410696,0.5618337763504735,0.16140000522136688,0.07199999690055847,0.036266665905714035,0.04922499880194664,0.03189999982714653,0.29100000858306885,0.8024156093597412,0.15825000405311584,0.07034999877214432,0.0369499996304512,0.0494999997317791,0.032999999821186066,0.2743000090122223,0.7852261662483215,0.2549000084400177,0.17430000007152557,0.050599999725818634,0.06419999897480011,0.07199999690055847,0.19539999961853027,0.4614809453487396,0.18858391933098081,1.0557383879634294,0.17573229312201682,-0.9571363758692393,0.9628392196431119,-0.8683353070072565,0.09603080068120529,2.847744433324377,0.1978915578022526,239_8
12,0.6729728950981375,23.794260835408444,0.9123233767629373,0.9890530460218403,0.9217443887919962,0.16689999401569366,0.07349999994039536,0.0357000008225441,0.052400000393390656,0.03579999879002571,0.28760001063346863,0.7786023616790771,0.14630000293254852,0.06260000169277191,0.03685000166296959,0.04780000075697899,0.0357000008225441,0.24079999327659607,0.7417721152305603,0.19529999792575836,0.10189999639987946,0.033799998462200165,0.05050000175833702,0.03449999913573265,0.2808000147342682,0.781160831451416,0.3510559375700089,0.4218735544992213,0.13974076054983994,0.11576704382266925,0.7306604641316248,-0.15377648489592669,0.5165819727143479,1.454769125765072,0.6391765143392509,237_6
12,0.7761893212434714,23.707034421320436,0.8109467673761651,0.9833906077882977,0.8581598286880169,0.13144999742507935,0.05689999833703041,0.030750000849366188,0.04390000179409981,0.02879999950528145,0.2619999945163727,0.8019257187843323,0.12960000336170197,0.0531499981880188,0.028300000354647636,0.04089999943971634,0.02474999986588955,0.2775000035762787,0.8362283110618591,0.16529999673366547,0.08739999681711197,0.03319999948143959,0.048700001090765,0.03929999843239784,0.24950000643730164,0.7278393507003784,0.2920084266656354,0.6250279471689788,0.1489539802425742,0.772871293806236,0.985474832153631,0.7142592815026759,0.2482367907428081,0.6874427221619985,0.15252216746948508,237_7
12,0.8268543032678117,23.974193386817582,0.522963864754351,0.9858624158543111,0.567726581250136,0.16865000128746033,0.07109999656677246,0.031950000673532486,0.04910000041127205,0.030300000682473183,0.3156999945640564,0.8248555064201355,0.16290000081062317,0.07519999891519547,0.03894999995827675,0.05119999870657921,0.03644999861717224,0.2973000109195709,0.7815730571746826,0.22679999470710754,0.14190000295639038,0.04960000142455101,0.06880000233650208,0.058400001376867294,0.22920000553131104,0.5938804149627686,0.16497364772508213,1.0204718043386554,0.15598397115834242,-0.9735443294560795,0.7264017385103276,-0.7396560923865741,0.26029182297641507,2.9110578363649116,0.6724175535577009,239_8
12,0.5742480453734036,23.990991882630617,0.4579460499695428,0.9924020206347158,0.47049298833841013,0.1745000034570694,0.07810000330209732,0.03620000183582306,0.054249998182058334,0.03420000150799751,0.2815999984741211,0.7834072113037109,0.16820000112056732,0.07715000212192535,0.038100000470876694,0.053849998861551285,0.03635000064969063,0.2754000127315521,0.7668003439903259,0.2515999972820282,0.15035000443458557,0.0458500012755394,0.06334999948740005,0.05689999833703041,0.18639999628067017,0.5322647094726562,0.11263684998295444,1.0951129639289263,0.12170959639606428,-0.8583766606127765,0.8720875329380358,-0.7471727555647428,0.1964522164012827,2.6028932917942083,0.48934222683378803,239_5
12,0.6720745798140193,23.82462389201168,0.5451057878102956,0.9750681834286962,0.5998742347492707,0.16535000503063202,0.07349999994039536,0.03784999996423721,0.050700001418590546,0.03265000134706497,0.311599999666214,0.8103122711181641,0.15964999794960022,0.0702499970793724,0.03579999879002571,0.051899999380111694,0.03734999895095825,0.2883000075817108,0.7706126570701599,0.24799999594688416,0.1595499962568283,0.046950001269578934,0.0649000033736229,0.06705000251531601,0.2824999988079071,0.6163638830184937,0.22505531270271578,0.9942810340994342,0.2063820877984862,-0.8188054976916234,0.8290522710966532,-0.8830282290329765,0.23452833910096615,2.5301234902414036,0.43145286257430626,238_6
12,0.6810577326552139,23.854627622501276,0.5243583705495225,0.9773983877788703,0.5368219874620135,0.17475000023841858,0.07720000296831131,0.03545000031590462,0.053300000727176666,0.032600000500679016,0.3174000084400177,0.8137142658233643,0.1659500002861023,0.0726500004529953,0.03355000168085098,0.04964999854564667,0.03435000032186508,0.321150004863739,0.8067510724067688,0.24220000207424164,0.1448500007390976,0.04520000144839287,0.06414999812841415,0.0580499991774559,0.2537499964237213,0.6276459097862244,0.20907508231474575,1.0188349191548112,0.20946831187922085,-0.8063234003320414,0.9275887198898258,-0.905178685368931,0.15262459353918992,2.5087058529766346,0.26249611976600856,238_6
12,0.8370950975067739,23.953082977640776,0.4921185295159745,0.9776594962366969,0.4740950983718001,0.16386666893959045,0.07092499732971191,0.03765000030398369,0.054616667330265045,0.033262498676776886,0.30070000886917114,0.8008009791374207,0.1691499948501587,0.08030000329017639,0.03739999979734421,0.0531499981880188,0.037050001323223114,0.28369998931884766,0.7689789533615112,0.24320000410079956,0.15219999849796295,0.04560000076889992,0.06549999862909317,0.06040000170469284,0.23420000076293945,0.5899524688720703,0.20049174329572947,1.0562746293084435,0.21003977865124587,-0.861309313623369,0.9489909891659973,-0.9052440285268262,0.12296692832050928,2.608637376038542,0.26364119899165844,239_8
12,0.9262079736914313,23.87519904250761,0.7597555047957926,0.7919397881009007,0.9359258679232147,0.17675000429153442,0.07490000128746033,0.03514999896287918,0.051100000739097595,0.03305000066757202,0.31459999084472656,0.8098662495613098,0.20250000059604645,0.11060000211000443,0.03539999946951866,0.05429999902844429,0.04190000146627426,0.24379999935626984,0.7066853046417236,0.19589999318122864,0.08775000274181366,0.032499998807907104,0.05810000002384186,0.028550000861287117,0.3643999993801117,0.8546888828277588,0.9278919745773877,0.7078593200705129,0.32950789671517183,0.7700442577872834,-0.7440144660674654,-0.4515653755177098,3.4830241335606713,0.6918858074215425,0.6405144336976332,238_9
12,0.5739785507881674,23.87690584154744,0.612518836203093,0.9904647087943135,0.658075412925647,0.1670999974012375,0.07190000265836716,0.035100001841783524,0.04814999923110008,0.03180000185966492,0.27320000529289246,0.7914754152297974,0.1454000025987625,0.06235000118613243,0.029500000178813934,0.04385000094771385,0.029850000515580177,0.2815000116825104,0.8082543611526489,0.2151000052690506,0.13699999451637268,0.043299999088048935,0.054999999701976776,0.05559999868273735,0.21080000698566437,0.5825825929641724,0.15161623480486178,0.9115530940624449,0.12145692611398402,-0.793545633249964,0.9490334692909774,-0.7773294043438719,0.12890571073827792,2.487410124866848,0.312650309308333,238_5
12,0.557898707202428,23.872414265126842,0.9145375804207443,0.8318092885045101,0.9657466773271037,0.16670000553131104,0.07329999655485153,0.040800001472234726,0.053599998354911804,0.03480000048875809,0.313400000333786,0.8001148700714111,0.18970000743865967,0.10189999639987946,0.03920000046491623,0.053599998354911804,0.05009999871253967,0.21480000019073486,0.6217440366744995,0.1968500018119812,0.09080000221729279,0.030750000849366188,0.04839999973773956,0.029249999672174454,0.33379998803138733,0.8388651609420776,1.4130408455351673,0.41643307295631976,0.22624115144211887,0.3465359540633134,-0.7489502902167697,-0.8301011139845283,1.9863849574046706,1.2169206222762263,0.26287389576235914,238_5
12,0.8342204885975928,23.761113001424434,0.5114789372259597,0.9598208450569315,0.5946796590374773,0.12939999997615814,0.055399999022483826,0.02850000001490116,0.04309999942779541,0.02759999968111515,0.23589999973773956,0.7905123233795166,0.13760000467300415,0.0544000007212162,0.031199999153614044,0.05050000175833702,0.031099999323487282,0.24819999933242798,0.7773004174232483,0.21549999713897705,0.12240000069141388,0.04619999974966049,0.066600002348423,0.05739999935030937,0.2563999891281128,0.6341618895530701,0.27510942840269137,1.0338913126410172,0.25330961173095184,-0.8577000579079893,0.9594849326731519,-0.773459281840795,0.10979032896006165,2.60157588111066,0.26480765438444187,237_8
12,0.9060857113271545,23.871515949842724,0.42350713777757676,0.9845580882519239,0.4946536829282677,0.1594499945640564,0.06930000334978104,0.03525000065565109,0.05184999853372574,0.03290000185370445,0.29789999127388,0.801088273525238,0.15895000100135803,0.07084999978542328,0.03844999894499779,0.05400000140070915,0.037300001829862595,0.2948000133037567,0.775368869304657,0.23909999430179596,0.148499995470047,0.04600000008940697,0.060600001364946365,0.05999999865889549,0.20239999890327454,0.542682945728302,0.15524261920820082,1.1334830230732968,0.15261445660708395,-0.97821448530964,0.8847788778749375,-0.7959561744557777,0.16531326455568365,2.932475084205401,0.32393444450520825,238_9
12,0.6091026783972406,23.88831444565576,0.6686637389192134,0.9934764394435583,0.6944628794325547,0.17020000517368317,0.0729999989271164,0.0393499992787838,0.05034999921917915,0.03370000049471855,0.3018999993801117,0.799165666103363,0.15150000154972076,0.06350000202655792,0.03530000150203705,0.04960000142455101,0.033900000154972076,0.2639999985694885,0.772406816482544,0.19709999859333038,0.11590000241994858,0.03920000046491623,0.05860000103712082,0.04399999976158142,0.2587999999523163,0.7093791365623474,0.13631688654421492,0.8383860955224176,0.10657958985496056,-0.8802903475421227,0.7154490322884306,-0.8383363948065673,0.29219901358325057,2.6472701656933686,0.5430809288827189,238_6
12,0.8186796341823239,23.78725397619231,0.9437600374031754,0.8866059683962091,0.9601540854735878,0.18000000715255737,0.08004249632358551,0.03246999904513359,0.05402500182390213,0.033283334225416183,0.33340001106262207,0.8184627890586853,0.20354999601840973,0.11185000091791153,0.0471000000834465,0.06289999932050705,0.0523499995470047,0.2581999897956848,0.6628562211990356,0.17309999465942383,0.08110000193119049,0.03229999914765358,0.05209999904036522,0.03060000017285347,0.32919999957084656,0.8299055099487305,1.4269469515272173,0.33697231316908544,0.2731449825157481,0.9747947957152291,-0.7487211766016142,-0.8490040874601061,10.742045675031672,0.2249969133514488,0.3926542313435229,237_8
12,0.405634266544169,23.96862383205604,0.3533559130024369,0.9688818481520356,0.4665701669469983,0.16865000128746033,0.07429999858140945,0.034699998795986176,0.050850000232458115,0.03305000066757202,0.2942500114440918,0.7980446219444275,0.17520000040531158,0.07989999651908875,0.05180000141263008,0.05894999951124191,0.044599998742341995,0.2962999939918518,0.7383396625518799,0.27619999647140503,0.19550000131130219,0.053199999034404755,0.0706000030040741,0.06800000369548798,0.2370000034570694,0.55409836769104,0.2067751431305089,1.20964030689249,0.20889859890904958,-0.9760806865407569,-0.27216316687207204,0.30618372283574746,0.6318146939471079,2.9224338892547705,0.9440194544539254,239_4
12,0.8882990687015884,23.429904156169563,0.4992063326425927,0.9437681769396065,0.5498290045188606,0.14640000462532043,0.06679999828338623,0.041349999606609344,0.05609999969601631,0.03604999929666519,0.3079499900341034,0.7904070019721985,0.13840000331401825,0.06069999933242798,0.02759999968111515,0.04340000078082085,0.026499999687075615,0.2867000102996826,0.8307790756225586,0.23319999873638153,0.1376499980688095,0.04594999924302101,0.06554999947547913,0.065700002014637,0.2761000096797943,0.6155646443367004,0.32148007965665126,1.048113757126167,0.31788891964626836,-0.5034063712040132,0.44751663829083727,-0.9605644714285129,0.5274710520944961,2.098332927559015,0.27491153779439015,234_8
12,0.40536477195893283,23.96889332664128,0.45483305001580887,0.9664266635093323,0.5297398642257635,0.16689999401569366,0.0738999992609024,0.035599999129772186,0.04969999939203262,0.030500000342726707,0.2815000116825104,0.8044871687889099,0.16249999403953552,0.0754999965429306,0.04769999906420708,0.060600001364946365,0.039500001817941666,0.2678000032901764,0.7429222464561462,0.2615000009536743,0.19529999792575836,0.052400000393390656,0.06769999861717224,0.06279999762773514,0.2151000052690506,0.548038899898529,0.2365324246244395,1.0986115844176265,0.23614939199600635,-0.9319274214105813,-0.010367076728688576,0.08844508289405617,0.5707165759298318,2.770488287744144,0.9760614765763627,239_4
12,0.535261162042616,23.813664445545427,0.8770479805699787,0.9441280723514349,0.9399077624449,0.17640000581741333,0.08969999849796295,0.048900000751018524,0.058400001376867294,0.05700000002980232,0.22939999401569366,0.6019552946090698,0.17180000245571136,0.08420000225305557,0.033799998462200165,0.05090000107884407,0.03550000116229057,0.27399998903274536,0.7705976963043213,0.20600000023841858,0.10610000044107437,0.03779999911785126,0.057500001043081284,0.04520000144839287,0.30959999561309814,0.7452085614204407,0.6702216877088826,0.5011139101643216,0.233243901478523,0.06303514586146784,-0.6883713406023273,-0.6945620308413585,1.54540541345522,1.5077193618299438,0.31690756547614424,238_5
12,0.8223627268472153,23.714939595820688,0.47743802225536236,0.9713634607456599,0.536539559548933,0.13179999589920044,0.05849999934434891,0.031300000846385956,0.04470000043511391,0.032600000500679016,0.25099998712539673,0.7700987458229065,0.13570000231266022,0.05779999867081642,0.02710000053048134,0.040550000965595245,0.027499999850988388,0.25220000743865967,0.8033607602119446,0.21244999766349792,0.12759999930858612,0.03849999979138374,0.05040000006556511,0.04149999842047691,0.22540000081062317,0.6890221238136292,0.22355956587203346,1.0730596922324174,0.22269570538680067,-0.467563114576227,0.9647485348068935,-0.3968935634903964,0.1294446490103505,2.0573283050028164,0.25593456210255955,237_8
12,0.9116552660886956,23.398642784282202,0.7521892551012158,0.8577014339115716,0.934806184058685,0.14284999668598175,0.06665000319480896,0.03310000151395798,0.04984999820590019,0.03994999825954437,0.24005000293254852,0.7146428823471069,0.1615000069141388,0.08209999650716782,0.03060000017285347,0.04610000178217888,0.03420000150799751,0.22949999570846558,0.7406142950057983,0.1762000024318695,0.08630000054836273,0.03620000183582306,0.05739999935030937,0.03519999980926514,0.3208000063896179,0.802247166633606,0.7506261624414503,0.7194181647625251,0.2666979806342239,-0.12445407260048262,0.8202234936353979,-0.20425844581015842,0.3591673070576087,1.695573933908143,0.5626977551374133,233_9
12,0.681506890297273,23.72976179800866,0.41419202675574607,0.9776771527113532,0.49514750039208,0.1535000056028366,0.06105000153183937,0.03355000168085098,0.04639999940991402,0.030150000005960464,0.3361000120639801,0.8353583812713623,0.1376499980688095,0.05649999901652336,0.030899999663233757,0.043699998408555984,0.026499999687075615,0.3285500109195709,0.8507252335548401,0.25415000319480896,0.15790000557899475,0.049550000578165054,0.06239999830722809,0.07315000146627426,0.21694999933242798,0.49569112062454224,0.18508582860507947,1.1437414011156914,0.18527336155877525,-0.9353344243284488,0.9819921964507167,-0.9573391494071717,0.06836826077211787,2.779999542655459,0.15372828645623884,237_6
12,0.9006958196224364,23.414273470225886,0.7692423861463983,0.9816525007904422,0.7512571060046848,0.13369999825954437,0.060499999672174454,0.029999999329447746,0.04280000180006027,0.031199999153614044,0.22349999845027924,0.7550058960914612,0.12849999964237213,0.054749999195337296,0.030700000002980232,0.03905000165104866,0.02775000035762787,0.25529998540878296,0.8039215803146362,0.1618500053882599,0.08789999783039093,0.034049998968839645,0.04515000060200691,0.03700000047683716,0.2203499972820282,0.7124538421630859,0.27678825381208716,0.693141726717912,0.19058240495735607,0.8676193154966205,0.9541352466930431,0.7353891576153996,0.5842376329357307,0.5204020970367204,0.23466044921788,234_9
12,0.9066247004976251,23.39765463746967,0.602369666769694,0.9516461167672624,0.6294487616849819,0.15094999969005585,0.06960000097751617,0.02930000051856041,0.043049998581409454,0.027049999684095383,0.32109999656677246,0.8446072340011597,0.15039999783039093,0.06475000083446503,0.024550000205636024,0.040550000965595245,0.02590000070631504,0.31520000100135803,0.8481383919715881,0.22089999914169312,0.1395999938249588,0.04569999873638153,0.06030000001192093,0.058800000697374344,0.2619999945163727,0.633416473865509,0.3378075994018145,0.9243298326294866,0.2990175203256762,-0.9289621711623202,0.9835638842147301,-0.915027542672648,0.06572420798104014,2.7623956154632547,0.1805245160799489,233_9
12,0.8352086354101242,23.665083097552056,0.43726161100017563,0.9708774800926094,0.5526112539745677,0.13779999315738678,0.059849999845027924,0.03034999966621399,0.04365000128746033,0.02979999966919422,0.25874999165534973,0.7934499979019165,0.13860000669956207,0.059300001710653305,0.027000000700354576,0.03920000046491623,0.02710000053048134,0.2612999975681305,0.8120665550231934,0.20900000631809235,0.11299999803304672,0.034299999475479126,0.054099999368190765,0.04659999907016754,0.2142000049352646,0.6426380276679993,0.2163476735715302,1.1182448218520356,0.19264804943413055,-0.37919208144431754,0.9841391864380958,-0.3377876332492442,0.09100380421852704,1.9597193415809622,0.17322606235557753,236_8
12,0.5911363727148498,23.79605746597668,0.4086249471080017,0.9830334709641293,0.47513575570038485,0.15600000321865082,0.06909999996423721,0.03739999979734421,0.0502999983727932,0.0333000011742115,0.2842000126838684,0.790236234664917,0.15070000290870667,0.06430000066757202,0.03395000100135803,0.04610000178217888,0.033649999648332596,0.2741999924182892,0.7813870310783386,0.249099999666214,0.15780000388622284,0.04399999976158142,0.05640000104904175,0.05770000070333481,0.2142000049352646,0.5755792856216431,0.16043034427754382,1.1498493467435587,0.16483331560444694,-0.9241269046615297,0.9241138630873796,-0.8376982764442583,0.14260066155030862,2.7495404916967803,0.37972831851420336,237_5
12,0.35353198006523634,23.95694573336249,0.38672063342981233,0.9848672884663733,0.4183467889867574,0.17759999632835388,0.07670000195503235,0.03660000115633011,0.0551999993622303,0.0357000008225441,0.3386000096797943,0.80924391746521,0.16484999656677246,0.07055000215768814,0.039400000125169754,0.05460000038146973,0.04050000011920929,0.31325000524520874,0.771024763584137,0.2748500108718872,0.19965000450611115,0.053050000220537186,0.0669500008225441,0.07750000059604645,0.227400004863739,0.49163660407066345,0.14840782345184086,1.1737234342150817,0.16847788124396837,-0.6462505417618417,0.7708590125465247,-0.5733570217208647,0.3037698538464019,2.273457186177899,0.6293398754195754,239_3
