a2019,a2020,a2021,a2022,a2023,a2024,a2025,dw,pz2019,pz2020,pz2021,pz2022,pz2023,pz2024,pz2025,s1_2019,s1_2020,s1_2021,s1_2022,s1_2023,s1_2024,s1_2025,s2_2019,s2_2020,s2_2021,s2_2022,s2_2023,s2_2024,s2_2025,tz2019,tz2020,tz2021,tz2022,tz2023,tz2024,tz2025,lon,lat,roi
20.48169305897473,15.690293188561316,14.927690726400632,10.645096086788575,16.151155535998868,14.814967910851731,12.947966519933283,5,1.5046694561732057,0.28065942854156,-0.8369317792280351,-1.5891316985000545,1.3159318968718623,-0.12785802697163112,-1.1630613499215527,21,27,29,30,26,30,46,88,87,78,144,142,90,101,-0.6129958691309002,-0.013574368469537641,0.4956231497853994,1.1998767711071083,-1.0265116731038026,1.4499448987730565,0.6496597774267892,42.65169527964544,7.090447453319589,ET_somali
14.375246053750981,14.27334442341083,7.0954633546077,9.239816636595322,15.408576209952026,12.705928701921778,11.20917347085183,5,1.3900782527746869,0.10634274320472821,-0.9941298942515587,-1.3695476548205208,1.6193325981972604,-0.342731296174307,-1.0134492680969163,21,27,30,30,26,30,47,88,100,92,142,143,95,138,-0.8158393355817065,0.10750430265952693,0.3766657731288312,0.9607857411243086,-0.9942215067662312,1.4850915827970534,0.9055173022293398,42.732453823687784,6.6654544924026435,ET_somali
22.34611582619069,21.378994243582852,12.310434225130868,12.106636814393806,21.1310519970782,28.617020813507445,18.53437865937148,5,1.3424411761747934,0.02739554883140905,-0.9348763698423411,-1.2005154287487443,1.8152973191414952,-0.4038762530584514,-1.0178160307481257,21,27,30,30,26,30,47,91,91,96,142,144,95,129,-0.6550383075400492,-0.09064583442686555,0.2824648445276315,0.886210832272663,-1.2442335684899954,1.5538265069958421,0.8997763415741118,42.85866712110658,6.704351544205019,ET_somali
17.059451899158937,15.76575966470469,10.592406642322745,8.005092236957216,13.964407238175191,16.5112797163429,12.507187935016342,5,1.5378304748729796,0.29440647957412996,-0.9818492325885356,-1.4681264253172972,1.3087434789943189,-0.2959948798965038,-1.075461385391725,21,27,28,30,26,30,46,44,43,50,72,73,45,62,-0.7383149784943459,-0.06007062330801151,0.3066679868303539,0.8975185215363489,-0.7160638493040622,1.627672463740368,0.9192799526073637,42.98479058699696,7.085327056200108,ET_somali
20.44746059925591,21.086876147050265,12.06151638692138,10.318270722038909,21.485289035509126,19.708734851496867,16.051847857201853,5,1.5378304748729796,0.29440647957412996,-0.9818492325885356,-1.4681264253172972,1.3087434789943189,-0.2959948798965038,-1.075461385391725,21,27,29,30,26,30,47,42,45,46,72,72,46,66,-0.7383149784943459,-0.06007062330801151,0.3066679868303539,0.8975185215363489,-0.7160638493040622,1.627672463740368,0.9192799526073637,43.0039247025487,7.051640233045625,ET_somali
16.527265038038454,13.892487775255985,9.105317838369615,9.592791672232508,15.814654509131975,12.646280713778328,9.676423050012833,5,1.3332550908554919,0.12509206035317993,-0.9554945712583881,-1.3179821989352114,1.7499323323416622,-0.3503192626003524,-1.0163732592748949,21,27,30,30,26,30,47,91,100,92,142,144,93,131,-0.7593107633472526,0.020901687353303326,0.2893957308993633,0.9249750348244967,-1.0923391002007654,1.547630241890747,0.9175203583052862,42.7671287936548,6.711088908835915,ET_somali
20.441678775202117,19.499447658779715,15.176073287713601,11.957871085078505,18.6618719908603,18.130289531700424,18.484818438640914,5,1.4207623097413509,-0.07109237367622483,-0.9074907503036578,-1.1377987028402692,1.770291488954187,-0.4576098370873855,-1.018402160214964,21,27,29,30,26,30,47,41,49,49,72,72,45,58,-0.7510361385738482,-0.06381835551828934,0.3784235724048356,0.9021180721125512,-1.0925271429125925,1.4884877806826518,0.9553551147631955,42.997097506389395,6.703453228920899,ET_somali
19.642897718000874,22.507628104418288,11.428978897884638,9.268161914621716,21.15156876356236,18.110764333575972,15.078611504111837,5,1.3377887939839384,0.1106550626016054,-0.9674301735449801,-1.3400859166638612,1.5336042864399364,-0.49772867155516354,-1.0933258290209085,21,27,29,30,26,30,47,44,45,44,72,72,44,64,-0.7815355128665085,-0.06123112043073587,0.2583328684564888,0.8590161265050622,-0.7931000232324755,1.6102713084275675,0.986605706309144,42.950564774672,6.922103169075591,ET_somali
20.476121298264648,19.439015114094016,14.92420164984792,10.6964134881665,18.47350451321129,16.30757704099265,17.971874707579378,5,1.3900782527746869,0.10634274320472821,-0.9941298942515587,-1.3695476548205208,1.6193325981972604,-0.342731296174307,-1.0134492680969163,21,27,30,30,26,30,47,89,99,101,162,156,110,144,-0.8158393355817065,0.10750430265952693,0.3766657731288312,0.9607857411243086,-0.9942215067662312,1.4850915827970534,0.9055173022293398,42.67657861301555,6.730492518972897,ET_somali
26.233019468030502,20.31108222788763,13.280531935358214,9.589757173284184,19.87738628096407,16.579799215087636,13.040389877452716,5,1.3377887939839384,0.1106550626016054,-0.9674301735449801,-1.3400859166638612,1.5336042864399364,-0.49772867155516354,-1.0933258290209085,21,27,29,30,26,30,47,46,48,44,72,72,38,66,-0.7815355128665085,-0.06123112043073587,0.2583328684564888,0.8590161265050622,-0.7931000232324755,1.6102713084275675,0.986605706309144,42.98335328254237,6.887068872994929,ET_somali
24.704454406488967,23.549642202619612,14.438096258760751,11.339290146694742,17.11097337149408,13.592906987966305,14.037414508345265,5,1.3869023844779442,0.29033591700995026,-1.0644881475602936,-1.4482877695010932,1.3869599699559951,-0.41263332804443714,-1.0879945896679215,21,27,29,30,26,30,47,87,90,91,143,144,91,113,-0.7924194943489292,0.028092417789271996,0.3773680612427183,0.935499828770558,-0.8611025911221218,1.5951465155755056,0.8399069467520772,42.82623793934986,6.941955936854632,ET_somali
23.20178960254005,22.737566047672676,11.938494662134644,10.905480728749014,28.625067033284974,27.83813879774085,21.328281149194318,5,1.3709942589915551,-0.031148745176406693,-0.8838222834745633,-1.140471093245933,1.805235724232554,-0.4442700107354677,-1.0423948605171742,21,27,29,30,26,30,47,43,48,42,72,71,40,58,-0.6814281792928726,-0.05961064273384595,0.3499730134985623,0.8949609845938806,-1.192428572942584,1.462024633282096,0.9679184819796645,43.0572846304254,6.732558644126372,ET_somali
14.299555613678422,14.644913167805736,9.938686396152809,8.225177054123995,14.287923526821782,15.392246970110175,16.042114209690546,5,1.3996224177041006,0.22208637652186744,-0.9495137425253164,-1.4025347666511756,1.3838583120291659,-0.40338245661009264,-1.1132492145627044,21,27,28,30,26,30,47,43,46,47,72,72,42,63,-0.7408197477089745,-0.04343974161851714,0.2731704108378665,0.854826489579725,-0.7190744037756035,1.5814532421499048,0.9994071672146703,43.06914239217578,7.002412555475876,ET_somali
17.198701268966524,15.842478470546668,11.25630668577051,8.829262892207252,19.80413256388064,18.670293057922496,14.546805823522998,5,1.4347951163055976,0.2071077944657692,-0.9861766377028576,-1.410938834427696,1.4035154905244418,-0.4105671404388653,-1.0911905601551661,21,27,29,30,26,30,47,44,44,46,72,71,46,68,-0.7715515146044158,-0.036224988584952246,0.2966555311767082,0.8773168631110799,-0.7537062233803018,1.6132816804366965,0.9480107398532608,43.02153168211745,7.0354705579314745,ET_somali
21.594210045402995,20.216931868691013,11.099711123500493,9.360264305957866,22.590285171837646,17.69947297736845,15.124738657098197,5,1.5378304748729796,0.29440647957412996,-0.9818492325885356,-1.4681264253172972,1.3087434789943189,-0.2959948798965038,-1.075461385391725,21,27,29,30,26,30,47,44,42,47,72,72,43,62,-0.7383149784943459,-0.06007062330801151,0.3066679868303539,0.8975185215363489,-0.7160638493040622,1.627672463740368,0.9192799526073637,42.99278559302562,7.0514605699888016,ET_somali
14.369635009231466,14.09940742001591,7.744363271173986,8.625156414584072,14.92191500954028,11.433032053018128,7.65810146786188,5,1.3287024234453388,0.05459835881637828,-0.9302215416387265,-1.3153444241315635,1.7936634099958764,-0.2878441867731908,-0.9550414046236495,21,27,30,30,26,30,47,88,95,93,142,144,92,121,-0.837693880961428,0.11730431499484556,0.27411487886413144,0.9604009588511686,-1.0693423538664748,1.4837584530268344,0.9521533488411248,42.707211164204026,6.639223686106353,ET_somali
22.33659406743314,17.886576935288904,9.34453575551916,10.113959295253412,18.608405434575104,17.569724159466933,14.348529843134868,5,1.4207623097413509,-0.07109237367622483,-0.9074907503036578,-1.1377987028402692,1.770291488954187,-0.4576098370873855,-1.018402160214964,21,27,30,30,26,30,47,36,48,43,72,72,40,58,-0.7510361385738482,-0.06381835551828934,0.3784235724048356,0.9021180721125512,-1.0925271429125925,1.4884877806826518,0.9553551147631955,42.964937819217916,6.68000720000538,ET_somali
30.991482863420487,22.33057068179971,14.660708535237985,12.505386737272849,17.591792917287258,17.106511653987305,13.295088043855921,5,1.316326212704982,0.11697933222728593,-0.9821046266635719,-1.2911417183386236,1.6998129958690293,-0.44032376715214433,-1.0629881762254807,21,27,29,30,26,30,47,89,90,92,137,139,94,121,-0.6926845850342241,-0.09474057657722082,0.27933752732230815,0.892719244430652,-1.0768064151825376,1.5988688489038072,0.9067895627489803,42.89756417290895,6.847363337436846,ET_somali
20.6463432607206,18.993048457409753,10.443358219612604,7.646015051768466,22.80398376283543,18.971820460531664,13.179194666783387,5,1.3996224177041006,0.22208637652186744,-0.9495137425253164,-1.4025347666511756,1.3838583120291659,-0.40338245661009264,-1.1132492145627044,21,27,28,30,26,30,47,41,42,43,72,71,42,62,-0.7408197477089745,-0.04343974161851714,0.2731704108378665,0.854826489579725,-0.7190744037756035,1.5814532421499048,0.9994071672146703,43.06806441383484,6.963246009088265,ET_somali
18.749542340061097,14.229333241803573,15.48716213278173,10.29427253216271,17.738276435307874,12.26810840080564,12.91825507473061,5,1.2942671431292656,0.30291830215927723,-1.0441172502983422,-1.4703674622465663,1.456248753572218,-0.27665506445260357,-1.117394992333831,21,27,29,30,26,30,47,92,88,85,144,144,104,123,-0.7195100469260853,-0.20706868697194902,0.38926912421833365,1.0168201095101896,-0.6622709776001293,1.5102863809908826,0.9223782061962802,42.62914756601404,6.943662735894459,ET_somali
12.004823329592785,13.618997917533246,12.298763931976488,9.210696825849368,13.394144495285278,14.642287992050914,13.817983027224956,5,1.5378304748729796,0.29440647957412996,-0.9818492325885356,-1.4681264253172972,1.3087434789943189,-0.2959948798965038,-1.075461385391725,21,27,28,30,26,30,47,46,43,50,72,72,43,64,-0.7383149784943459,-0.06007062330801151,0.3066679868303539,0.8975185215363489,-0.7160638493040622,1.627672463740368,0.9192799526073637,43.0369827050043,7.072750642222434,ET_somali
20.286191448611987,20.2355339953922,12.213704784696308,13.906094889370301,20.01739016296135,17.257503361218966,10.650811653054655,5,1.4207623097413509,-0.07109237367622483,-0.9074907503036578,-1.1377987028402692,1.770291488954187,-0.4576098370873855,-1.018402160214964,21,27,29,30,26,30,47,39,52,50,72,72,40,61,-0.7510361385738482,-0.06381835551828934,0.3784235724048356,0.9021180721125512,-1.0925271429125925,1.4884877806826518,0.9553551147631955,42.97571760262735,6.724383975040884,ET_somali
19.171997454150016,20.504693518857458,10.69181824889649,10.081741144935467,14.670193694622494,17.008752958052384,14.069048246367426,5,1.3377887939839384,0.1106550626016054,-0.9674301735449801,-1.3400859166638612,1.5336042864399364,-0.49772867155516354,-1.0933258290209085,21,27,29,30,26,30,47,44,49,49,72,71,44,65,-0.7815355128665085,-0.06123112043073587,0.2583328684564888,0.8590161265050622,-0.7931000232324755,1.6102713084275675,0.986605706309144,43.006889142986296,6.869282230369363,ET_somali
17.06416051144067,15.055839629862973,12.033681130464618,11.051686770934518,15.420756010502537,14.852311707257517,10.755848397364751,5,1.5030451421664652,0.2865923445742261,-0.9822100472435463,-1.5233794192541823,1.2737576631114165,-0.3186936310699852,-1.109038507813507,21,27,29,30,26,30,47,91,92,91,143,143,93,124,-0.8046492038629011,0.010894407206609426,0.3600000564914225,0.9796475322251894,-0.7654554947049417,1.6033128297274721,0.8403850203366645,42.84923481062332,7.038614661425893,ET_somali
21.735301946897106,23.368595452616926,12.538060967727306,11.147161093789109,22.869326817997006,21.781998844147566,17.706848902653128,5,1.3424411761747934,0.02739554883140905,-0.9348763698423411,-1.2005154287487443,1.8152973191414952,-0.4038762530584514,-1.0178160307481257,21,27,30,30,26,30,47,43,60,48,71,74,40,67,-0.6550383075400492,-0.09064583442686555,0.2824648445276315,0.886210832272663,-1.2442335684899954,1.5538265069958421,0.8997763415741118,42.889569166880285,6.697704011102534,ET_somali
20.087162608752223,20.289795600120648,11.571249934523633,10.664585313083313,21.450286724940568,19.910802919790925,14.944555004050622,5,1.3705031788285946,0.00988723619133849,-0.9398020717560758,-1.237646973423715,1.6680610708290102,-0.4926415993444379,-1.0616273411194674,21,27,29,30,26,30,47,42,49,41,72,71,39,58,-0.7663635515775681,-0.042304921216447196,0.3071713040760836,0.8821498614189275,-0.9571661570966369,1.5599956467140308,0.9629932123119791,43.03114365565752,6.791577958293025,ET_somali
20.70169222535531,18.97971564269404,11.06734617192239,9.356428311137366,13.862775878849344,12.885919662315608,8.371804361115348,5,1.3377887939839384,0.1106550626016054,-0.9674301735449801,-1.3400859166638612,1.5336042864399364,-0.49772867155516354,-1.0933258290209085,21,27,29,30,26,30,47,42,48,47,72,72,42,62,-0.7815355128665085,-0.06123112043073587,0.2583328684564888,0.8590161265050622,-0.7931000232324755,1.6102713084275675,0.986605706309144,43.00131958822475,6.863353349494174,ET_somali
25.94582343478072,20.973508415834605,12.035553898762576,13.977056183901798,29.61939626267602,25.356380905619073,25.607003663730037,5,1.3138158421270127,0.04552567933431455,-0.9094480541737856,-1.2390249094513237,1.690643784122922,-0.47575578486465264,-1.08408710339862,21,27,29,30,26,30,47,43,44,47,72,72,37,58,-0.6791968017570821,-0.020838891704209404,0.29840599055552197,0.8594985881606318,-1.0797698693748627,1.5316538440340468,0.9664011083099897,43.08189846921028,6.796249197770446,ET_somali
19.750810770280268,21.60659392522263,12.773874708876479,13.140440276185698,25.536464272430344,24.04627695340893,19.5816543952631,5,1.3424411761747934,0.02739554883140905,-0.9348763698423411,-1.2005154287487443,1.8152973191414952,-0.4038762530584514,-1.0178160307481257,21,27,29,30,26,30,47,48,54,46,71,74,44,70,-0.6550383075400492,-0.09064583442686555,0.2824648445276315,0.886210832272663,-1.2442335684899954,1.5538265069958421,0.8997763415741118,42.90160659168749,6.749896129109878,ET_somali
16.959751081429925,18.95794004551862,11.954564978610861,10.900731823403524,14.962215295410612,15.930321880970755,14.606388124187893,5,1.5378304748729796,0.29440647957412996,-0.9818492325885356,-1.4681264253172972,1.3087434789943189,-0.2959948798965038,-1.075461385391725,21,27,28,30,26,30,47,45,42,46,72,73,43,69,-0.7383149784943459,-0.06007062330801151,0.3066679868303539,0.8975185215363489,-0.7160638493040622,1.627672463740368,0.9192799526073637,43.03653354736224,7.0519097276308615,ET_somali
18.24567471731696,17.49149105122333,11.14105646210936,9.94864054347777,15.41252841471815,15.218070057029216,9.530072307904133,5,1.3900782527746869,0.10634274320472821,-0.9941298942515587,-1.3695476548205208,1.6193325981972604,-0.342731296174307,-1.0134492680969163,21,27,30,30,26,30,47,154,151,182,270,265,180,233,-0.8158393355817065,0.10750430265952693,0.3766657731288312,0.9607857411243086,-0.9942215067662312,1.4850915827970534,0.9055173022293398,42.691670309788755,6.729324709103541,ET_somali
23.424011401496507,16.878451262008305,11.82037764381774,8.470627541690952,12.569142329146446,8.08498854892915,12.11844799078544,5,1.407008483684397,0.1804203383163563,-1.054986298270569,-1.416996578471047,1.4474468092189805,-0.3899890628808443,-1.0579568703894962,21,27,29,30,26,30,47,98,90,83,142,142,94,120,-0.8313221597807433,0.08037278804335077,0.38882913600723923,0.9466293806953973,-0.8403358247454527,1.5351453580767378,0.8825691012324263,42.66885310157212,6.772713337326515,ET_somali
20.948874261999496,17.652212855565715,15.184869594718219,11.201068794192228,14.977051731482241,10.795016119717083,15.042582045597678,5,1.407008483684397,0.1804203383163563,-1.054986298270569,-1.416996578471047,1.4474468092189805,-0.3899890628808443,-1.0579568703894962,21,27,29,30,26,30,47,88,86,87,150,144,100,117,-0.8313221597807433,0.08037278804335077,0.38882913600723923,0.9466293806953973,-0.8403358247454527,1.5351453580767378,0.8825691012324263,42.68421429293056,6.784840593662127,ET_somali
26.380327699875018,25.23905559866738,14.77267492717794,11.150382586605552,21.45498241058787,15.022227144801713,15.669611112782164,5,1.3663618028862188,0.19593722101677602,-1.0172774660890156,-1.3942693854685455,1.4662668310454214,-0.4587425174361079,-1.0937059315808724,21,27,29,30,26,30,47,92,88,89,143,142,93,129,-0.7902065993071062,-0.02851830880413578,0.30062857562481743,0.8846597191206492,-0.7993147577048151,1.619773985161801,0.927235899630435,42.86845875770348,6.891290954830291,ET_somali
21.803485487471107,17.289612414357716,13.065873934364422,12.955167530548879,18.300955851403437,15.240025347722769,13.316447207566835,5,1.42362209503469,-0.07087024344796874,-0.8843980533966588,-1.0636822526878953,1.8404640340867289,-0.4239166526236274,-1.019117206610683,21,27,30,30,26,30,47,41,52,46,72,72,41,69,-0.7824802733293926,0.02534468688994516,0.41532964288699115,0.926798954029622,-1.2342303007561926,1.4296792912261351,0.9198888932221956,43.099146122665374,6.617753950815897,ET_somali
26.353593804919974,23.252902198601934,12.391908152135253,13.886492384797908,28.408082572992356,25.23872356306297,25.054644895639576,5,1.3424411761747934,0.02739554883140905,-0.9348763698423411,-1.2005154287487443,1.8152973191414952,-0.4038762530584514,-1.0178160307481257,21,27,30,30,26,30,47,41,48,47,71,73,41,62,-0.6550383075400492,-0.09064583442686555,0.2824648445276315,0.886210832272663,-1.2442335684899954,1.5538265069958421,0.8997763415741118,42.91966272889829,6.680366526119028,ET_somali
18.16617294667304,16.598788380408543,10.134250251654825,11.276998461326835,20.55332560364786,19.043254000324993,14.456733985886922,5,1.3996224177041006,0.22208637652186744,-0.9495137425253164,-1.4025347666511756,1.3838583120291659,-0.40338245661009264,-1.1132492145627044,21,27,28,30,26,30,47,43,44,45,72,72,41,61,-0.7408197477089745,-0.04343974161851714,0.2731704108378665,0.854826489579725,-0.7190744037756035,1.5814532421499048,0.9994071672146703,43.07965268099998,6.979954673372888,ET_somali
22.123777873777257,20.876934131162876,12.653949412662657,11.558535049582256,18.066098978305664,18.11917669444407,16.188820036920948,5,1.400619516498148,0.13639916686094228,-1.0588408775515223,-1.4047615765228127,1.4275721494428053,-0.358859270370405,-1.0638005916980284,21,27,29,30,26,30,47,96,89,84,142,142,97,125,-0.8132819311339723,-0.06157498970515298,0.34736931351730216,0.9688983359028114,-0.6432457301813186,1.5194175172262112,0.9543013906016251,42.64459858890089,6.8026272362876945,ET_somali
21.686001807555222,23.280770530836953,12.07917441187913,10.502108101628533,22.03443210260555,19.061037745871893,12.762787395829381,5,1.3663618028862188,0.19593722101677602,-1.0172774660890156,-1.3942693854685455,1.4662668310454214,-0.4587425174361079,-1.0937059315808724,21,27,29,30,26,30,47,90,90,84,143,141,96,128,-0.7902065993071062,-0.02851830880413578,0.30062857562481743,0.8846597191206492,-0.7993147577048151,1.619773985161801,0.927235899630435,42.87546561691961,6.92434895728589,ET_somali
24.813680234816403,20.323508865212307,10.163796352921787,10.288186336507543,19.715599247804438,19.529917562687675,16.011357786154075,5,1.3332550908554919,0.12509206035317993,-0.9554945712583881,-1.3179821989352114,1.7499323323416622,-0.3503192626003524,-1.0163732592748949,21,27,30,30,26,30,47,85,89,92,142,144,90,128,-0.7593107633472526,0.020901687353303326,0.2893957308993633,0.9249750348244967,-1.0923391002007654,1.547630241890747,0.9175203583052862,42.79506639899091,6.692763277039877,ET_somali
21.17313026969446,24.39091162960339,10.26936395108493,9.604467964970551,17.388547583650936,15.258374753567567,14.027404217012561,5,1.3287024234453388,0.05459835881637828,-0.9302215416387265,-1.3153444241315635,1.7936634099958764,-0.2878441867731908,-0.9550414046236495,21,27,30,30,26,30,47,176,187,182,281,283,183,245,-0.837693880961428,0.11730431499484556,0.27411487886413144,0.9604009588511686,-1.0693423538664748,1.4837584530268344,0.9521533488411248,42.69077199450464,6.613262374395299,ET_somali
26.80555252010775,20.23811954930911,13.30400772605908,9.439375417552714,21.557000650092867,20.276973185510546,15.41487365084425,5,1.3095861247509155,0.2242567326815016,-1.0193456512905577,-1.3749493021357968,1.6453684686513759,-0.3884250297343409,-1.0607866350539694,21,27,29,30,26,30,47,93,91,97,142,142,87,131,-0.7381247604668582,-0.05813004924218078,0.28113703426589864,0.9110110898846078,-1.0053278850840424,1.6129464246290137,0.9001368409041494,42.83656856511723,6.7866372242303665,ET_somali
20.119931144245733,18.59262555479709,13.3802947722648,10.519323985411416,20.06311739578081,17.525224388597668,13.56057475000041,5,1.3095861247509155,0.2242567326815016,-1.0193456512905577,-1.3749493021357968,1.6453684686513759,-0.3884250297343409,-1.0607866350539694,21,27,29,30,26,30,47,90,93,94,142,142,100,124,-0.7381247604668582,-0.05813004924218078,0.28113703426589864,0.9110110898846078,-1.0053278850840424,1.6129464246290137,0.9001368409041494,42.804678372530994,6.80424420379911,ET_somali
16.23147690995011,16.668971910200046,7.9613594275794615,10.735773386018927,16.983863168300747,16.2159029277628,12.56262589557475,5,1.3900782527746869,0.10634274320472821,-0.9941298942515587,-1.3695476548205208,1.6193325981972604,-0.342731296174307,-1.0134492680969163,21,27,30,30,26,30,47,89,92,90,142,144,92,126,-0.8158393355817065,0.10750430265952693,0.3766657731288312,0.9607857411243086,-0.9942215067662312,1.4850915827970534,0.9055173022293398,42.71448751800539,6.664646008646936,ET_somali
20.54460145720597,19.820055506425177,14.333024101905288,10.415481925405926,19.693808324834926,16.04724920949828,12.588179293683,5,1.3663618028862188,0.19593722101677602,-1.0172774660890156,-1.3942693854685455,1.4662668310454214,-0.4587425174361079,-1.0937059315808724,21,27,29,30,26,30,47,91,90,87,143,142,91,115,-0.7902065993071062,-0.02851830880413578,0.30062857562481743,0.8846597191206492,-0.7993147577048151,1.619773985161801,0.927235899630435,42.89540821622706,6.947974649258233,ET_somali
18.814789560377672,15.326069582957567,11.263384240211584,7.385674592238015,12.430486578176081,13.587207435994058,11.9120012039957,5,1.3529914239389917,0.3157675186770018,-1.0549876825709128,-1.4759813025757542,1.4123174523930355,-0.33667610988158714,-1.1056214429427367,21,27,29,30,26,30,47,91,84,89,142,142,99,117,-0.7963231715208423,0.00823037814722508,0.43153191118324025,0.9903462842578282,-0.8114760612824062,1.5310615073607412,0.845754486140632,42.68726856489657,6.850237946346029,ET_somali
21.8755573389045,21.433607077558264,12.033234992835936,11.219909059343198,23.008617170560562,17.74157595735552,15.061455862136183,5,1.5378304748729796,0.29440647957412996,-0.9818492325885356,-1.4681264253172972,1.3087434789943189,-0.2959948798965038,-1.075461385391725,21,27,28,30,26,30,47,44,44,45,72,71,38,66,-0.7383149784943459,-0.06007062330801151,0.3066679868303539,0.8975185215363489,-0.7160638493040622,1.627672463740368,0.9192799526073637,43.005900996173764,7.087932170524055,ET_somali
17.191089260275692,16.154739671581908,12.975215604412709,10.465935813484869,18.195567968811133,16.749863494083485,12.237022312454979,5,1.3900782527746869,0.10634274320472821,-0.9941298942515587,-1.3695476548205208,1.6193325981972604,-0.342731296174307,-1.0134492680969163,21,27,30,30,26,30,47,90,98,97,142,143,93,135,-0.8158393355817065,0.10750430265952693,0.3766657731288312,0.9607857411243086,-0.9942215067662312,1.4850915827970534,0.9055173022293398,42.72930972019336,6.718544925694107,ET_somali
25.101818980894233,21.379685344711284,13.375666634367489,9.933744580807215,30.64983797063618,25.01867003722878,17.154052618277884,5,1.4347951163055976,0.2071077944657692,-0.9861766377028576,-1.410938834427696,1.4035154905244418,-0.4105671404388653,-1.0911905601551661,21,27,28,30,26,30,47,43,42,46,72,70,43,62,-0.7715515146044158,-0.036224988584952246,0.2966555311767082,0.8773168631110799,-0.7537062233803018,1.6132816804366965,0.9480107398532608,43.01721976875367,6.968456237736158,ET_somali
21.619838438308125,18.72470492775614,9.118243459362862,13.228113025685172,19.781287286249032,19.89732283325151,14.579388820044905,5,1.316326212704982,0.11697933222728593,-0.9821046266635719,-1.2911417183386236,1.6998129958690293,-0.44032376715214433,-1.0629881762254807,21,27,29,30,26,30,47,46,51,46,71,70,41,71,-0.6926845850342241,-0.09474057657722082,0.27933752732230815,0.892719244430652,-1.0768064151825376,1.5988688489038072,0.9067895627489803,42.92002205501194,6.772713337326515,ET_somali
25.382736483425877,27.891348232365402,13.184391486642957,11.991728019530044,24.906434915823056,27.463848020451124,21.238717132891068,5,1.4290786361220464,-0.12943589964128605,-0.8755010053025455,-1.0740337129080755,1.8495508643579108,-0.4289610178695169,-0.9749693281753323,21,27,30,30,26,30,47,44,47,47,71,73,46,64,-0.7809844432042012,-0.008989467005223623,0.4097504550195662,0.9335393070177366,-1.1666361649848402,1.4290448451675672,0.9400511108489205,42.98559907075266,6.609758944787233,ET_somali
22.79247811451976,19.612950438525026,13.625673821089341,11.5307450841808,29.31745880328763,32.54897287269058,30.368891350763068,5,1.4290786361220464,-0.12943589964128605,-0.8755010053025455,-1.0740337129080755,1.8495508643579108,-0.4289610178695169,-0.9749693281753323,21,27,30,30,26,30,47,41,48,46,72,72,38,62,-0.7809844432042012,-0.008989467005223623,0.4097504550195662,0.9335393070177366,-1.1666361649848402,1.4290448451675672,0.9400511108489205,43.04704383618644,6.614520015793066,ET_somali
24.667972455538795,22.73265335026885,11.962278872407827,11.175190817810927,20.156909855138746,18.74587194658571,17.62656899799643,5,1.5030451421664652,0.2865923445742261,-0.9822100472435463,-1.5233794192541823,1.2737576631114165,-0.3186936310699852,-1.109038507813507,21,27,29,30,26,30,47,88,74,93,143,139,87,124,-0.8046492038629011,0.010894407206609426,0.3600000564914225,0.9796475322251894,-0.7654554947049417,1.6033128297274721,0.8403850203366645,42.764164353217204,7.0377163461417735,ET_somali
19.326699842026066,16.808463692978766,10.59052286453636,8.973831751171115,20.18067573500218,19.410623023252576,13.182852426115087,5,1.3996224177041006,0.22208637652186744,-0.9495137425253164,-1.4025347666511756,1.3838583120291659,-0.40338245661009264,-1.1132492145627044,21,27,29,30,26,30,47,45,49,46,72,72,45,56,-0.7408197477089745,-0.04343974161851714,0.2731704108378665,0.854826489579725,-0.7190744037756035,1.5814532421499048,0.9994071672146703,43.08612055104564,6.998549799754162,ET_somali
21.38826107796028,15.357138342881843,10.21307852236354,9.478521026941054,25.182933949322305,22.12021923901805,17.565741101044626,5,1.3996224177041006,0.22208637652186744,-0.9495137425253164,-1.4025347666511756,1.3838583120291659,-0.40338245661009264,-1.1132492145627044,21,27,28,30,26,30,47,46,48,44,72,72,41,62,-0.7408197477089745,-0.04343974161851714,0.2731704108378665,0.854826489579725,-0.7190744037756035,1.5814532421499048,0.9994071672146703,43.05656597819811,7.0019633978338165,ET_somali
20.47255103922879,19.30765070399412,10.533815535900763,5.589398040343026,16.502668525184372,14.837434659526357,15.24926456916399,5,1.5030451421664652,0.2865923445742261,-0.9822100472435463,-1.5233794192541823,1.2737576631114165,-0.3186936310699852,-1.109038507813507,21,27,29,30,26,30,47,88,87,96,143,144,89,128,-0.8046492038629011,0.010894407206609426,0.3600000564914225,0.9796475322251894,-0.7654554947049417,1.6033128297274721,0.8403850203366645,42.772967843001574,7.020289029629854,ET_somali
18.73903389841211,13.868607652571185,14.03220770528761,11.014799788172892,18.714954726528315,14.43053608680093,16.473837890655815,5,1.4084358936560344,0.3309027414984514,-0.9612645639526001,-1.532500104018425,1.3862197198262811,-0.21995833775466872,-1.1443125572127704,21,27,29,30,26,30,47,50,43,41,72,71,48,61,-0.752615673088833,-0.014157427327226852,0.46444866223036946,1.1015266383592515,-0.8206435982246969,1.4784282655600456,0.7852250579535314,42.719338420539636,7.011485539845483,ET_somali
17.138138665278753,16.937088251564514,9.282577925581009,8.47727343151848,15.19322412744826,16.210287945598296,13.859724231487471,5,1.2968252562874578,0.13577389998495154,-0.932807901251562,-1.3360313725460908,1.517188342075873,-0.4853783026605439,-1.115584404764774,21,27,29,30,26,30,47,45,44,47,72,71,41,63,-0.71810801624513,-0.03477407210867093,0.258797960983234,0.8395537267676325,-0.8603947812976458,1.5798204419621427,0.9979423483851125,43.06968138134625,6.927223566195072,ET_somali
17.553340970461736,14.768859187051804,12.25668336970315,7.800801894107389,15.131468680206313,14.031176669649565,9.976302912921769,5,1.5046694561732057,0.28065942854156,-0.8369317792280351,-1.5891316985000545,1.3159318968718623,-0.12785802697163112,-1.1630613499215527,21,27,29,30,26,30,46,45,47,48,72,72,51,53,-0.6129958691309002,-0.013574368469537641,0.4956231497853994,1.1998767711071083,-1.0265116731038026,1.4499448987730565,0.6496597774267892,42.73398095967079,7.091974589302592,ET_somali
21.429851072382963,19.979915194451703,12.14326811843445,12.937329025745932,19.98241316946503,17.654581451242006,15.420498351432869,5,1.3900782527746869,0.10634274320472821,-0.9941298942515587,-1.3695476548205208,1.6193325981972604,-0.342731296174307,-1.0134492680969163,21,27,30,30,26,30,47,173,181,196,286,285,196,254,-0.8158393355817065,0.10750430265952693,0.3766657731288312,0.9607857411243086,-0.9942215067662312,1.4850915827970534,0.9055173022293398,42.69831784289124,6.689439510488635,ET_somali
19.895043975074334,16.778777620154802,16.184512861987134,9.269322258898734,19.29356130526975,15.513647255432645,16.981004552289992,5,1.5063391777826771,0.24178168662400112,-1.0266675041945612,-1.4539310196894664,1.2622962203743433,-0.38934939310232825,-1.0903858121647927,21,27,29,30,26,30,47,87,91,91,144,142,92,125,-0.78968660210061,-0.027228216287233986,0.30245915798447043,0.8932046212471947,-0.6293373043315555,1.6267083723059321,0.921492451907873,42.89468956399977,7.046160509812497,ET_somali
20.473761027095726,19.667102045243695,12.590794388117317,12.002344269507129,18.3056980523375,13.235030721794102,16.48943609280134,5,1.3900782527746869,0.10634274320472821,-0.9941298942515587,-1.3695476548205208,1.6193325981972604,-0.342731296174307,-1.0134492680969163,21,27,30,30,26,30,47,91,94,88,144,142,102,132,-0.8158393355817065,0.10750430265952693,0.3766657731288312,0.9607857411243086,-0.9942215067662312,1.4850915827970534,0.9055173022293398,42.653761404798914,6.711268571892739,ET_somali
25.766201671223108,24.05593727277126,10.23286012855161,12.478373188692128,24.772126510830876,22.554999876242206,16.987708313207037,5,1.3377887939839384,0.1106550626016054,-0.9674301735449801,-1.3400859166638612,1.5336042864399364,-0.49772867155516354,-1.0933258290209085,21,27,29,30,26,30,47,41,48,47,72,72,44,63,-0.7815355128665085,-0.06123112043073587,0.2583328684564888,0.8590161265050622,-0.7931000232324755,1.6102713084275675,0.986605706309144,43.048121814527384,6.891111291773467,ET_somali
22.68605699610931,18.643115834628357,12.889172246267828,10.059796470035012,20.175194117722942,15.521958666886853,18.10755640551765,5,1.400619516498148,0.13639916686094228,-1.0588408775515223,-1.4047615765228127,1.4275721494428053,-0.358859270370405,-1.0638005916980284,21,27,29,30,26,30,47,88,92,82,142,144,97,111,-0.8132819311339723,-0.06157498970515298,0.34736931351730216,0.9688983359028114,-0.6432457301813186,1.5194175172262112,0.9543013906016251,42.60983378740547,6.835146249572821,ET_somali
21.85658946697965,22.006959269726977,11.897095299463059,9.330857861169187,20.241436116576875,18.228231992650244,11.140290065022905,5,1.3095861247509155,0.2242567326815016,-1.0193456512905577,-1.3749493021357968,1.6453684686513759,-0.3884250297343409,-1.0607866350539694,21,27,29,30,26,30,47,90,93,98,142,143,99,129,-0.7381247604668582,-0.05813004924218078,0.28113703426589864,0.9110110898846078,-1.0053278850840424,1.6129464246290137,0.9001368409041494,42.753204906750945,6.757262314439658,ET_somali
16.872530069750923,16.898499477533385,11.066482113185526,10.077877385033188,15.97736973056922,14.27582056724482,13.749866010827407,5,1.4732291531304011,-0.005768909465455083,-1.0297108808784314,-1.3352479716191006,1.49333540941377,-0.3711795182549005,-1.0063276757644537,21,27,30,30,26,30,47,83,80,78,144,142,100,114,-0.8653936212969849,0.10317323766718733,0.37019379138198916,0.9743758853594711,-0.8067475922004873,1.4712819050325052,0.9336070808582515,42.62744076697421,6.6514407739703785,ET_somali
12.841052555423596,12.292075892078357,12.00105137191232,10.54080444750252,9.725685269035997,12.632801391029847,9.89503054177032,5,1.3869023844779442,0.29033591700995026,-1.0644881475602936,-1.4482877695010932,1.3869599699559951,-0.41263332804443714,-1.0879945896679215,21,27,29,30,26,30,47,87,87,88,143,143,86,126,-0.7924194943489292,0.028092417789271996,0.3773680612427183,0.935499828770558,-0.8611025911221218,1.5951465155755056,0.8399069467520772,42.77153053854698,6.893177416926942,ET_somali
29.87687102216725,22.089054930117815,22.660978673430115,12.626276615772028,24.684513852058718,17.272479696651793,19.853851380801228,5,1.407008483684397,0.1804203383163563,-1.054986298270569,-1.416996578471047,1.4474468092189805,-0.3899890628808443,-1.0579568703894962,21,27,29,30,26,30,47,91,87,86,142,142,93,123,-0.8313221597807433,0.08037278804335077,0.38882913600723923,0.9466293806953973,-0.8403358247454527,1.5351453580767378,0.8825691012324263,42.74026916665962,6.840985298919598,ET_somali
25.113778476140215,23.13486325819551,12.70607951967144,10.460457148092564,25.86985248759419,22.283579052207397,16.873365193571747,5,1.316326212704982,0.11697933222728593,-0.9821046266635719,-1.2911417183386236,1.6998129958690293,-0.44032376715214433,-1.0629881762254807,21,27,29,30,26,30,47,63,74,53,80,79,53,74,-0.6926845850342241,-0.09474057657722082,0.27933752732230815,0.892719244430652,-1.0768064151825376,1.5988688489038072,0.9067895627489803,42.908433787846796,6.817359606947255,ET_somali
18.713376183123838,15.75599121618522,11.22624977345195,9.732369660095129,17.9766305247366,16.072546278740578,13.043711229734827,5,1.3288115917264236,0.03917750558792415,-0.9013120884647994,-1.263532628022271,1.8370250933675851,-0.3195677028417049,-0.9646230644926007,21,27,30,30,26,30,47,82,92,91,143,143,93,132,-0.7856783066195094,0.08798719049991524,0.3230095202287013,0.9751029937093896,-1.1815055715122695,1.44328535034479,0.9181569757055533,42.754193053563476,6.646140713794074,ET_somali
19.233226219020416,19.90681081796661,10.477018184923379,9.087466440937577,25.025605441178538,21.000091574493187,14.831177375581111,5,1.4347951163055976,0.2071077944657692,-0.9861766377028576,-1.410938834427696,1.4035154905244418,-0.4105671404388653,-1.0911905601551661,21,27,29,30,26,30,47,48,44,47,72,72,39,61,-0.7715515146044158,-0.036224988584952246,0.2966555311767082,0.8773168631110799,-0.7537062233803018,1.6132816804366965,0.9480107398532608,42.96377000934856,6.950040774411708,ET_somali
19.43926136814252,17.194592407636957,8.651810448906666,7.9777164549285695,14.706748272416464,10.424277352382292,12.414607685437892,5,1.5733858058459746,0.27372393283131174,-0.8375177938835515,-1.598599440962303,1.2702982726484775,-0.18428116743744616,-1.1322006898645225,21,27,29,30,26,30,46,90,92,95,143,143,93,120,-0.7308091217297271,-0.003545944958714707,0.37666470897094495,1.0821154811164058,-0.8795532030806916,1.5804058907242826,0.7647295449680561,42.84815683228238,7.060084396716349,ET_somali
17.06071563358389,18.243649092893328,9.602184523149015,12.238447138156976,28.615336353609706,23.88372709943543,17.25491678488266,5,1.5036942215666544,0.2944230519108203,-0.9673311213594943,-1.4360823744049116,1.3003856784552321,-0.3078870940886418,-1.0960057760121498,21,27,28,30,26,30,47,42,45,44,72,72,42,61,-0.7220619934328142,-0.07688209127668776,0.28686137810829604,0.8669471422337676,-0.6443881354680451,1.5905489531068844,0.9812931950140658,43.07165767497131,7.076882892529384,ET_somali
26.786760219102053,25.30992122165396,16.27211927455927,12.642665552823637,22.45191656636591,21.022819129172884,19.806840561258436,5,1.3705031788285946,0.00988723619133849,-0.9398020717560758,-1.237646973423715,1.6680610708290102,-0.4926415993444379,-1.0616273411194674,21,27,29,30,26,30,47,45,47,42,72,71,40,65,-0.7663635515775681,-0.042304921216447196,0.3071713040760836,0.8821498614189275,-0.9571661570966369,1.5599956467140308,0.9629932123119791,43.00105009363952,6.836403890970589,ET_somali
15.984793384707904,18.102121414329186,10.369138210291695,0.0,12.155449927233553,11.177257953432377,16.6772148152936,5,1.407008483684397,0.1804203383163563,-1.054986298270569,-1.416996578471047,1.4474468092189805,-0.3899890628808443,-1.0579568703894962,21,27,29,30,26,30,47,90,89,97,142,141,92,126,-0.8313221597807433,0.08037278804335077,0.38882913600723923,0.9466293806953973,-0.8403358247454527,1.5351453580767378,0.8825691012324263,42.72850123643766,6.824007140049739,ET_somali
24.40128128463545,25.65783350880134,14.415851737580319,12.644026557409367,28.53225372704055,25.923536318929315,20.453653453109993,5,1.4207623097413509,-0.07109237367622483,-0.9074907503036578,-1.1377987028402692,1.770291488954187,-0.4576098370873855,-1.018402160214964,21,27,30,30,26,30,47,41,45,48,72,72,37,61,-0.7510361385738482,-0.06381835551828934,0.3784235724048356,0.9021180721125512,-1.0925271429125925,1.4884877806826518,0.9553551147631955,43.02916736203246,6.6726410146756,ET_somali
20.834406206709684,22.48793337031391,11.730362944566279,11.746238920833665,22.45564893649448,20.800690007819718,17.00965273972455,5,1.3663618028862188,0.19593722101677602,-1.0172774660890156,-1.3942693854685455,1.4662668310454214,-0.4587425174361079,-1.0937059315808724,21,27,29,30,26,30,47,50,53,43,72,74,43,68,-0.7902065993071062,-0.02851830880413578,0.30062857562481743,0.8846597191206492,-0.7993147577048151,1.619773985161801,0.927235899630435,42.934664594143086,6.905304673262556,ET_somali
18.927297902010814,12.776776918777694,14.239700694561817,10.078493157687037,14.893136030789368,11.848488097752215,10.942691711532241,5,1.4084358936560344,0.3309027414984514,-0.9612645639526001,-1.532500104018425,1.3862197198262811,-0.21995833775466872,-1.1443125572127704,21,27,29,30,26,30,47,91,81,87,143,144,97,126,-0.752615673088833,-0.014157427327226852,0.46444866223036946,1.1015266383592515,-0.8206435982246969,1.4784282655600456,0.7852250579535314,42.67523114008937,6.977439390577353,ET_somali
23.79857417037561,23.358803126567675,14.55379439534276,14.859730399123496,22.848020162103154,21.038993364546833,18.452599256158823,5,1.3138158421270127,0.04552567933431455,-0.9094480541737856,-1.2390249094513237,1.690643784122922,-0.47575578486465264,-1.08408710339862,21,27,29,30,26,30,47,43,46,47,72,72,42,67,-0.6791968017570821,-0.020838891704209404,0.29840599055552197,0.8594985881606318,-1.0797698693748627,1.5316538440340468,0.9664011083099897,43.091779937335595,6.843770076300369,ET_somali
16.823477927109966,19.614849345218445,11.214053122659703,11.315033809912636,19.904375704420623,20.547663094851778,18.524172216630195,5,1.3138158421270127,0.04552567933431455,-0.9094480541737856,-1.2390249094513237,1.690643784122922,-0.47575578486465264,-1.08408710339862,21,27,29,30,26,30,47,41,46,43,72,72,41,62,-0.6791968017570821,-0.020838891704209404,0.29840599055552197,0.8594985881606318,-1.0797698693748627,1.5316538440340468,0.9664011083099897,43.061057554618706,6.7584301243090135,ET_somali
18.448812971972938,17.21245385826001,10.218508705723986,14.166943258308919,20.21727818618581,19.511242922120182,14.135993798509599,5,1.4347951163055976,0.2071077944657692,-0.9861766377028576,-1.410938834427696,1.4035154905244418,-0.4105671404388653,-1.0911905601551661,21,27,28,30,26,30,47,40,44,45,72,71,37,63,-0.7715515146044158,-0.036224988584952246,0.2966555311767082,0.8773168631110799,-0.7537062233803018,1.6132816804366965,0.9480107398532608,43.03204197094164,6.984356418265073,ET_somali
25.171112226705233,22.965803498842465,11.638139132278459,12.13578927503585,26.228388297500754,23.055928912014984,16.28638468526735,5,1.3377887939839384,0.1106550626016054,-0.9674301735449801,-1.3400859166638612,1.5336042864399364,-0.49772867155516354,-1.0933258290209085,21,27,29,30,26,30,47,45,49,42,72,71,43,66,-0.7815355128665085,-0.06123112043073587,0.2583328684564888,0.8590161265050622,-0.7931000232324755,1.6102713084275675,0.986605706309144,43.02467578561186,6.87512127971614,ET_somali
19.47816377439635,18.03306575463519,9.43773072198353,11.096434550955646,19.55917551727055,17.972609693964216,16.08012674753461,5,1.3705031788285946,0.00988723619133849,-0.9398020717560758,-1.237646973423715,1.6680610708290102,-0.4926415993444379,-1.0616273411194674,21,27,29,30,26,30,47,45,48,48,72,72,44,60,-0.7663635515775681,-0.042304921216447196,0.3071713040760836,0.8821498614189275,-0.9571661570966369,1.5599956467140308,0.9629932123119791,43.021891008231094,6.834697091930761,ET_somali
21.507891624117953,24.584442975489115,16.54284928983677,11.232255263816542,22.25145085304281,17.882853547136236,19.171058635110924,5,1.3869023844779442,0.29033591700995026,-1.0644881475602936,-1.4482877695010932,1.3869599699559951,-0.41263332804443714,-1.0879945896679215,21,27,29,30,26,30,47,88,90,94,143,142,88,122,-0.7924194943489292,0.028092417789271996,0.3773680612427183,0.935499828770558,-0.8611025911221218,1.5951465155755056,0.8399069467520772,42.81842259637802,6.872156839278546,ET_somali
16.622638054364916,13.74751055285159,12.190279675012455,12.473905150065276,17.145285132468526,14.494114926529464,13.380031500652537,5,1.4084358936560344,0.3309027414984514,-0.9612645639526001,-1.532500104018425,1.3862197198262811,-0.21995833775466872,-1.1443125572127704,21,27,29,30,26,30,47,96,90,85,142,142,108,99,-0.752615673088833,-0.014157427327226852,0.46444866223036946,1.1015266383592515,-0.8206435982246969,1.4784282655600456,0.7852250579535314,42.68870586935116,6.998998957396222,ET_somali
18.33198336029404,19.065103678110116,9.294651077550878,9.132377717094167,12.098119858262997,12.100887792750223,10.425207174226438,5,1.3705031788285946,0.00988723619133849,-0.9398020717560758,-1.237646973423715,1.6680610708290102,-0.4926415993444379,-1.0616273411194674,21,27,29,30,26,30,47,46,48,42,72,71,37,64,-0.7663635515775681,-0.042304921216447196,0.3071713040760836,0.8821498614189275,-0.9571661570966369,1.5599956467140308,0.9629932123119791,42.95379870969483,6.8257139390895665,ET_somali
18.6987083762693,19.572903727690353,9.8883010113536,10.956960559944548,18.04819536306916,18.380633575767405,15.210375916266331,5,1.3828660812628286,-0.054890122457852394,-0.8885511442897512,-1.1552850638339327,1.8524248732035342,-0.38116994078135075,-0.9714191822463156,21,27,30,30,26,30,47,79,84,65,93,89,58,86,-0.7669794803000288,-0.008694986236374389,0.3079474922432356,0.9348389342405405,-1.138917779753145,1.4846845014481485,0.9565589698161219,42.85633150136786,6.60176393875857,ET_somali
24.28434489429625,20.15298276325059,8.625577103974216,12.866388157335912,18.707097904825233,15.27204366388354,12.428040786671216,5,1.3288115917264236,0.03917750558792415,-0.9013120884647994,-1.263532628022271,1.8370250933675851,-0.3195677028417049,-0.9646230644926007,21,27,30,30,26,30,47,91,94,95,142,144,95,126,-0.7856783066195094,0.08798719049991524,0.3230095202287013,0.9751029937093896,-1.1815055715122695,1.44328535034479,0.9181569757055533,42.82300400432703,6.63814570776541,ET_somali
18.518860810054807,17.120488521386196,12.886068408360014,9.082712828232793,12.087403227526373,9.436106901442537,9.189993003159703,5,1.407008483684397,0.1804203383163563,-1.054986298270569,-1.416996578471047,1.4474468092189805,-0.3899890628808443,-1.0579568703894962,21,27,29,30,26,30,47,89,88,82,142,144,96,114,-0.8313221597807433,0.08037278804335077,0.38882913600723923,0.9466293806953973,-0.8403358247454527,1.5351453580767378,0.8825691012324263,42.651425785060205,6.841793782675306,ET_somali
20.16960103260805,18.202904873128894,10.010739234945204,10.559632144055508,20.53055347063998,17.63124956094073,12.41184409778812,5,1.5378304748729796,0.29440647957412996,-0.9818492325885356,-1.4681264253172972,1.3087434789943189,-0.2959948798965038,-1.075461385391725,21,27,28,30,26,30,47,43,44,52,72,74,41,64,-0.7383149784943459,-0.06007062330801151,0.3066679868303539,0.8975185215363489,-0.7160638493040622,1.627672463740368,0.9192799526073637,42.975897265684175,7.0647556361937704,ET_somali
19.699046612224123,16.08296402636072,11.115797413920037,10.471002457033093,14.730878850528404,15.147430098143166,12.957587943174813,5,1.5063391777826771,0.24178168662400112,-1.0266675041945612,-1.4539310196894664,1.2622962203743433,-0.38934939310232825,-1.0903858121647927,21,27,29,30,26,30,47,93,85,92,144,143,93,120,-0.78968660210061,-0.027228216287233986,0.30245915798447043,0.8932046212471947,-0.6293373043315555,1.6267083723059321,0.921492451907873,42.89091663980647,7.020019535044619,ET_somali
16.471302428479778,16.752679913656486,11.083763054893202,9.947915158095045,17.708469852832756,17.904561342185275,16.828228898789845,5,1.4347951163055976,0.2071077944657692,-0.9861766377028576,-1.410938834427696,1.4035154905244418,-0.4105671404388653,-1.0911905601551661,21,27,29,30,26,30,47,42,40,41,72,71,40,65,-0.7715515146044158,-0.036224988584952246,0.2966555311767082,0.8773168631110799,-0.7537062233803018,1.6132816804366965,0.9480107398532608,42.98488041852537,7.024960269107276,ET_somali
20.349349151483462,16.5990524972106,12.424643291817738,8.976929451361064,16.58150033816132,15.414074270339121,12.322698112314436,1,1.3095861247509155,0.2242567326815016,-1.0193456512905577,-1.3749493021357968,1.6453684686513759,-0.3884250297343409,-1.0607866350539694,21,27,29,30,26,30,47,87,84,92,142,143,92,128,-0.7381247604668582,-0.05813004924218078,0.28113703426589864,0.9110110898846078,-1.0053278850840424,1.6129464246290137,0.9001368409041494,42.75122861312588,6.8134968512255405,ET_somali
17.370923421549627,19.19818073644459,8.625957297142845,9.60206754238037,16.79439767693916,15.26240774418334,14.969607610753492,5,1.3377887939839384,0.1106550626016054,-0.9674301735449801,-1.3400859166638612,1.5336042864399364,-0.49772867155516354,-1.0933258290209085,21,27,29,30,26,30,47,40,47,49,72,71,42,66,-0.7815355128665085,-0.06123112043073587,0.2583328684564888,0.8590161265050622,-0.7931000232324755,1.6102713084275675,0.986605706309144,43.03815051487366,6.893357079983766,ET_somali
16.348344972918074,15.984791022776523,9.47530935336149,9.745875955689776,15.560854220226016,14.653704711921506,11.904225774187832,5,1.5030451421664652,0.2865923445742261,-0.9822100472435463,-1.5233794192541823,1.2737576631114165,-0.3186936310699852,-1.109038507813507,21,27,29,30,26,30,47,92,91,89,143,142,91,122,-0.8046492038629011,0.010894407206609426,0.3600000564914225,0.9796475322251894,-0.7654554947049417,1.6033128297274721,0.8403850203366645,42.79210195855332,7.000975251021285,ET_somali
16.196882297828623,19.86303832437641,16.069117404538765,10.526407858519885,14.923562671069218,16.49669344708693,13.589034648337966,5,1.393882301410419,-0.02517015549634814,-0.9696928174383549,-1.2901792547752802,1.7258094835776487,-0.3032088524634255,-0.9482693891086471,21,27,30,30,26,30,47,80,81,82,144,142,102,119,-0.8741532011435286,0.13472682323734192,0.34075208076764874,0.999568210388954,-1.0418677795059146,1.437113971445194,0.9353153955422646,42.61028294504753,6.609040292559937,ET_somali
13.537365363611425,13.291338025226231,8.652074199687556,7.299988995942259,10.628507172994727,9.253882736899323,22.947183718710818,5,1.4732291531304011,-0.005768909465455083,-1.0297108808784314,-1.3352479716191006,1.49333540941377,-0.3711795182549005,-1.0063276757644537,21,27,30,30,26,30,47,82,80,79,144,142,102,119,-0.8653936212969849,0.10317323766718733,0.37019379138198916,0.9743758853594711,-0.8067475922004873,1.4712819050325052,0.9336070808582515,42.62573396793439,6.655752687334153,ET_somali
18.30263843643652,16.41974089047882,10.563773332929921,9.213500251519037,13.503847930070393,12.536972311130482,13.521182978371417,5,1.407008483684397,0.1804203383163563,-1.054986298270569,-1.416996578471047,1.4474468092189805,-0.3899890628808443,-1.0579568703894962,21,27,29,30,26,30,47,83,93,96,142,141,94,130,-0.8313221597807433,0.08037278804335077,0.38882913600723923,0.9466293806953973,-0.8403358247454527,1.5351453580767378,0.8825691012324263,42.72176387180676,6.77989985959947,ET_somali
20.40975404218504,17.659775127108347,12.366126762727866,13.12514192371058,20.464827695543452,17.117976154038622,14.587297900412524,5,1.3828660812628286,-0.054890122457852394,-0.8885511442897512,-1.1552850638339327,1.8524248732035342,-0.38116994078135075,-0.9714191822463156,21,27,30,30,26,30,47,42,53,48,71,73,40,66,-0.7669794803000288,-0.008694986236374389,0.3079474922432356,0.9348389342405405,-1.138917779753145,1.4846845014481485,0.9565589698161219,42.948229154933294,6.609489450201997,ET_somali
14.958544257943707,17.486322575986684,13.232205533016785,10.322811350295648,14.233537369027475,13.988219421793765,12.125793901845421,5,1.4732291531304011,-0.005768909465455083,-1.0297108808784314,-1.3352479716191006,1.49333540941377,-0.3711795182549005,-1.0063276757644537,21,27,30,30,26,30,47,86,87,79,144,140,108,121,-0.8653936212969849,0.10317323766718733,0.37019379138198916,0.9743758853594711,-0.8067475922004873,1.4712819050325052,0.9336070808582515,42.64181381152012,6.696356538176355,ET_somali
17.246982954669345,15.8372327320432,9.112503721280131,11.875090655795391,10.433620969134074,12.339393493189254,16.6448643052181,5,1.3529914239389917,0.3157675186770018,-1.0549876825709128,-1.4759813025757542,1.4123174523930355,-0.33667610988158714,-1.1056214429427367,21,27,29,30,26,30,47,92,98,83,142,144,104,126,-0.7963231715208423,0.00823037814722508,0.43153191118324025,0.9903462842578282,-0.8114760612824062,1.5310615073607412,0.845754486140632,42.68717873336816,6.908538608285386,ET_somali
15.501166309091309,14.93220892730578,8.237210365816987,8.849898756331424,13.120787394899288,12.176493797052261,7.856166667233319,5,1.5733858058459746,0.27372393283131174,-0.8375177938835515,-1.598599440962303,1.2702982726484775,-0.18428116743744616,-1.1322006898645225,21,27,29,30,26,30,46,93,91,96,142,144,94,123,-0.7308091217297271,-0.003545944958714707,0.37666470897094495,1.0821154811164058,-0.8795532030806916,1.5804058907242826,0.7647295449680561,42.810876747991415,7.090716947904825,ET_somali
23.399564680474185,22.40722661039936,9.000845690592245,9.603382844830938,21.913036674330648,19.39946610042608,14.46988103784772,5,1.316326212704982,0.11697933222728593,-0.9821046266635719,-1.2911417183386236,1.6998129958690293,-0.44032376715214433,-1.0629881762254807,21,27,29,30,26,30,47,81,85,71,106,95,72,94,-0.6926845850342241,-0.09474057657722082,0.27933752732230815,0.892719244430652,-1.0768064151825376,1.5988688489038072,0.9067895627489803,42.88777253631205,6.7535792217747685,ET_somali
15.662335859281772,16.080819479887104,9.33308541373368,9.653779695890929,14.87949027244486,15.089629653718342,16.319243839048966,5,1.5063391777826771,0.24178168662400112,-1.0266675041945612,-1.4539310196894664,1.2622962203743433,-0.38934939310232825,-1.0903858121647927,21,27,29,30,26,30,47,95,91,95,143,143,92,121,-0.78968660210061,-0.027228216287233986,0.30245915798447043,0.8932046212471947,-0.6293373043315555,1.6267083723059321,0.921492451907873,42.935562909427205,7.0316976337381725,ET_somali
26.56641954717759,21.792216156092827,18.259067458099036,12.165069433518218,25.423410625107017,25.836400961566817,22.07211481233104,5,1.3095861247509155,0.2242567326815016,-1.0193456512905577,-1.3749493021357968,1.6453684686513759,-0.3884250297343409,-1.0607866350539694,21,27,29,30,26,30,47,91,86,97,142,143,93,124,-0.7381247604668582,-0.05813004924218078,0.28113703426589864,0.9110110898846078,-1.0053278850840424,1.6129464246290137,0.9001368409041494,42.77072205479128,6.810442579259534,ET_somali
21.210438347096368,16.77321218678545,11.749987153174999,10.34597266130253,12.168175182594167,10.016569651757395,11.631047883859381,5,1.3529914239389917,0.3157675186770018,-1.0549876825709128,-1.4759813025757542,1.4123174523930355,-0.33667610988158714,-1.1056214429427367,21,27,29,30,26,30,47,49,50,57,82,84,54,74,-0.7963231715208423,0.00823037814722508,0.43153191118324025,0.9903462842578282,-0.8114760612824062,1.5310615073607412,0.845754486140632,42.723201176261355,6.937015202791975,ET_somali
19.514964166576096,19.458023883375567,11.467561481664875,13.062433412635112,19.08368746971444,16.499097625008652,15.565247842894234,5,1.4207623097413509,-0.07109237367622483,-0.9074907503036578,-1.1377987028402692,1.770291488954187,-0.4576098370873855,-1.018402160214964,21,27,29,30,26,30,47,39,47,45,72,71,42,63,-0.7510361385738482,-0.06381835551828934,0.3784235724048356,0.9021180721125512,-1.0925271429125925,1.4884877806826518,0.9553551147631955,43.04425905880567,6.736601062904909,ET_somali
19.360059819285386,17.91473716546597,11.920367861821537,11.905690879634658,21.82007666065163,18.74989443476105,15.413734113508843,5,1.4207623097413509,-0.07109237367622483,-0.9074907503036578,-1.1377987028402692,1.770291488954187,-0.4576098370873855,-1.018402160214964,21,27,29,30,26,30,47,45,49,46,72,72,40,63,-0.7510361385738482,-0.06381835551828934,0.3784235724048356,0.9021180721125512,-1.0925271429125925,1.4884877806826518,0.9553551147631955,42.98856351119026,6.743428259064218,ET_somali
18.44141018518894,17.214736007507813,13.383490165633196,12.03740350855188,15.512119998924273,15.941254840935189,16.562563403087903,5,1.4084358936560344,0.3309027414984514,-0.9612645639526001,-1.532500104018425,1.3862197198262811,-0.21995833775466872,-1.1443125572127704,21,27,29,30,26,30,46,48,50,47,72,72,51,58,-0.752615673088833,-0.014157427327226852,0.46444866223036946,1.1015266383592515,-0.8206435982246969,1.4784282655600456,0.7852250579535314,42.72014690429535,7.044184216187434,ET_somali
16.0453227915686,14.060493332259147,11.716382398261565,12.044716030407882,11.925941370762855,12.932947236147312,13.373005610127775,5,1.4084358936560344,0.3309027414984514,-0.9612645639526001,-1.532500104018425,1.3862197198262811,-0.21995833775466872,-1.1443125572127704,21,27,29,30,26,30,47,58,59,66,106,111,68,96,-0.752615673088833,-0.014157427327226852,0.46444866223036946,1.1015266383592515,-0.8206435982246969,1.4784282655600456,0.7852250579535314,42.73667590552314,6.969803710662338,ET_somali
22.39280649630133,21.03323418008141,15.04435127389138,11.67875642981967,19.657202680171665,18.758591578816787,19.4557861102342,5,1.3705031788285946,0.00988723619133849,-0.9398020717560758,-1.237646973423715,1.6680610708290102,-0.4926415993444379,-1.0616273411194674,21,27,29,30,26,30,47,45,47,43,72,71,42,59,-0.7663635515775681,-0.042304921216447196,0.3071713040760836,0.8821498614189275,-0.9571661570966369,1.5599956467140308,0.9629932123119791,43.03464708526559,6.762562374615964,ET_somali
21.728593801069465,18.171308556011464,12.14279090294167,11.341744494958414,19.08378030842406,16.7517569550253,19.40013580725385,5,1.3996224177041006,0.22208637652186744,-0.9495137425253164,-1.4025347666511756,1.3838583120291659,-0.40338245661009264,-1.1132492145627044,21,27,29,30,26,30,47,47,43,44,72,72,46,59,-0.7408197477089745,-0.04343974161851714,0.2731704108378665,0.854826489579725,-0.7190744037756035,1.5814532421499048,0.9994071672146703,43.09564269305731,7.018672062118439,ET_somali
16.415158170569327,17.506032616448778,7.915448788709318,8.253900268986014,12.554839484697704,13.42069961990192,10.288758092857972,5,1.3287024234453388,0.05459835881637828,-0.9302215416387265,-1.3153444241315635,1.7936634099958764,-0.2878441867731908,-0.9550414046236495,21,27,30,30,26,30,47,156,194,176,282,287,173,236,-0.837693880961428,0.11730431499484556,0.27411487886413144,0.9604009588511686,-1.0693423538664748,1.4837584530268344,0.9521533488411248,42.68798721712387,6.630869353964042,ET_somali
16.41945019243911,15.33811660042569,9.503089742371985,10.946175868328785,17.803297135324826,16.583391964098155,16.956801543358594,5,1.3424411761747934,0.02739554883140905,-0.9348763698423411,-1.2005154287487443,1.8152973191414952,-0.4038762530584514,-1.0178160307481257,21,27,29,30,26,30,47,42,49,46,71,72,42,69,-0.6550383075400492,-0.09064583442686555,0.2824648445276315,0.886210832272663,-1.2442335684899954,1.5538265069958421,0.8997763415741118,42.91732710915958,6.730043361330837,ET_somali
22.72129593664859,24.01010198570859,11.429992046104104,12.728600604285221,19.608437565929744,19.274712521053825,15.326113058043644,5,1.3377887939839384,0.1106550626016054,-0.9674301735449801,-1.3400859166638612,1.5336042864399364,-0.49772867155516354,-1.0933258290209085,21,27,29,30,26,30,47,42,49,47,72,71,46,66,-0.7815355128665085,-0.06123112043073587,0.2583328684564888,0.8590161265050622,-0.7931000232324755,1.6102713084275675,0.986605706309144,43.03913866168619,6.889134998148404,ET_somali
19.137855272209798,14.600578472052803,15.891560565000539,12.363220867422145,15.442529333886272,12.823538623385,12.10486069521027,5,1.3313670647796745,0.33408217025361286,-0.990003927020926,-1.4909706033130243,1.421410209212436,-0.17176761817961644,-1.1574303191230988,21,27,29,30,26,30,46,86,89,87,144,144,96,114,-0.7413820887732112,-0.12491726402441546,0.4997508483887037,1.0970592745075096,-0.6559530465070612,1.4259955867821106,0.848692823892176,42.63570526758811,7.037357020028125,ET_somali
22.663898554986346,20.65358981653399,14.239836432873785,12.183123086200846,19.244400176035995,17.322823018702703,14.26912891132509,5,1.42362209503469,-0.07087024344796874,-0.8843980533966588,-1.0636822526878953,1.8404640340867289,-0.4239166526236274,-1.019117206610683,21,27,30,30,26,30,47,46,52,49,72,73,39,67,-0.7824802733293926,0.02534468688994516,0.41532964288699115,0.926798954029622,-1.2342303007561926,1.4296792912261351,0.9198888932221956,43.09734949209713,6.634552446628932,ET_somali
18.454419858235998,18.273604801772937,17.732586086040786,11.216259205697908,16.592585014770172,13.798268713381201,15.954677110910284,5,1.2942671431292656,0.30291830215927723,-1.0441172502983422,-1.4703674622465663,1.456248753572218,-0.27665506445260357,-1.117394992333831,21,27,29,30,26,30,47,92,93,79,142,144,101,130,-0.7195100469260853,-0.20706868697194902,0.38926912421833365,1.0168201095101896,-0.6622709776001293,1.5102863809908826,0.9223782061962802,42.627081440860564,6.880151845307209,ET_somali
19.751798789494664,17.4912530048867,11.733271802885572,6.879464950300254,18.362865267570648,16.011930012064777,13.38864468334326,5,1.5030451421664652,0.2865923445742261,-0.9822100472435463,-1.5233794192541823,1.2737576631114165,-0.3186936310699852,-1.109038507813507,21,27,29,30,26,30,47,88,88,89,143,144,85,126,-0.8046492038629011,0.010894407206609426,0.3600000564914225,0.9796475322251894,-0.7654554947049417,1.6033128297274721,0.8403850203366645,42.82228535209973,6.98785984787314,ET_somali
20.047042587021917,19.064370212469193,13.499602238903405,13.324962456983148,18.87487733041654,13.674990071502595,16.972216449519756,5,1.400619516498148,0.13639916686094228,-1.0588408775515223,-1.4047615765228127,1.4275721494428053,-0.358859270370405,-1.0638005916980284,21,27,29,30,26,30,47,84,89,76,142,142,106,119,-0.8132819311339723,-0.06157498970515298,0.34736931351730216,0.9688983359028114,-0.6432457301813186,1.5194175172262112,0.9543013906016251,42.62420683195138,6.798674649037569,ET_somali
15.068822291724823,16.01542974625563,9.839005160950688,8.844217585568261,17.820346234584836,14.57722934664858,11.82264774101791,5,1.3332550908554919,0.12509206035317993,-0.9554945712583881,-1.3179821989352114,1.7499323323416622,-0.3503192626003524,-1.0163732592748949,21,27,30,30,26,30,47,86,93,91,142,143,94,134,-0.7593107633472526,0.020901687353303326,0.2893957308993633,0.9249750348244967,-1.0923391002007654,1.547630241890747,0.9175203583052862,42.751498107711114,6.717916104995224,ET_somali
18.077622052077587,19.982479786491442,6.3645474171769125,8.3476010829492,19.23546322109531,18.389717001472924,16.950358103384215,5,1.3424411761747934,0.02739554883140905,-0.9348763698423411,-1.2005154287487443,1.8152973191414952,-0.4038762530584514,-1.0178160307481257,21,27,30,30,26,30,47,43,48,51,71,72,38,63,-0.6550383075400492,-0.09064583442686555,0.2824648445276315,0.886210832272663,-1.2442335684899954,1.5538265069958421,0.8997763415741118,42.89064714522123,6.6734494984313075,ET_somali
20.18135447376526,19.825403683439443,13.203252746015357,7.225712861608495,20.291325490822572,17.787169097364266,13.755815839339645,5,1.3095861247509155,0.2242567326815016,-1.0193456512905577,-1.3749493021357968,1.6453684686513759,-0.3884250297343409,-1.0607866350539694,21,27,29,30,26,30,47,90,93,94,142,142,100,124,-0.7381247604668582,-0.05813004924218078,0.28113703426589864,0.9110110898846078,-1.0053278850840424,1.6129464246290137,0.9001368409041494,42.80458854100258,6.804603529912757,ET_somali
22.60081076461223,17.00716451570985,15.555722889855437,14.107480232187822,14.19862571469146,12.714551072900043,15.451258926748363,1,1.2942671431292656,0.30291830215927723,-1.0441172502983422,-1.4703674622465663,1.456248753572218,-0.27665506445260357,-1.117394992333831,21,27,29,30,26,30,47,92,83,82,142,144,102,126,-0.7195100469260853,-0.20706868697194902,0.38926912421833365,1.0168201095101896,-0.6622709776001293,1.5102863809908826,0.9223782061962802,42.63202217492322,6.9313558165020215,ET_somali
17.152330198998296,17.572262947720947,10.40628424711837,6.174066324350526,16.07601985258752,14.5033127561079,11.392276220271212,5,1.5030451421664652,0.2865923445742261,-0.9822100472435463,-1.5233794192541823,1.2737576631114165,-0.3186936310699852,-1.109038507813507,21,27,29,30,26,30,47,88,84,91,142,141,94,124,-0.8046492038629011,0.010894407206609426,0.3600000564914225,0.9796475322251894,-0.7654554947049417,1.6033128297274721,0.8403850203366645,42.77521363121187,7.037357020028125,ET_somali
23.42323965888364,22.91379175597743,16.790832289334098,10.519949816503681,18.68924619427586,16.205615763557468,13.850264645059582,5,1.3869023844779442,0.29033591700995026,-1.0644881475602936,-1.4482877695010932,1.3869599699559951,-0.41263332804443714,-1.0879945896679215,21,27,29,30,26,30,47,91,88,87,143,143,87,112,-0.7924194943489292,0.028092417789271996,0.3773680612427183,0.935499828770558,-0.8611025911221218,1.5951465155755056,0.8399069467520772,42.82219552057132,6.945728861047934,ET_somali
17.70554433975329,19.272562012238886,10.42493518585924,8.441706146834425,19.89917211109915,19.398600539957723,14.202174214921069,5,1.3424411761747934,0.02739554883140905,-0.9348763698423411,-1.2005154287487443,1.8152973191414952,-0.4038762530584514,-1.0178160307481257,21,27,29,30,26,30,47,49,57,45,71,73,44,67,-0.6550383075400492,-0.09064583442686555,0.2824648445276315,0.886210832272663,-1.2442335684899954,1.5538265069958421,0.8997763415741118,42.89918114042037,6.742979101422158,ET_somali
14.188934723879717,14.745036427982551,12.506410017114542,5.543770474209365,15.372304192005592,16.346617181187284,18.393560376914436,5,1.5839103670135475,0.285487724647402,-0.942065920036906,-1.5280650895907144,1.2337395053600813,-0.2556712805170081,-1.0986530123581275,21,27,29,30,26,30,46,92,88,98,144,144,89,115,-0.7633899162410078,-0.03966389454189696,0.31203503079434386,0.9539625310490043,-0.68174250625198,1.6320535541802577,0.8756915711969399,42.894959058585,7.089369474978645,ET_somali
21.68898341516928,16.790625142555957,10.26373284455615,7.020911641552433,15.190588995142903,14.10837594367481,10.608986586340993,5,1.3332550908554919,0.12509206035317993,-0.9554945712583881,-1.3179821989352114,1.7499323323416622,-0.3503192626003524,-1.0163732592748949,21,27,30,30,26,30,47,88,94,91,142,143,92,125,-0.7593107633472526,0.020901687353303326,0.2893957308993633,0.9249750348244967,-1.0923391002007654,1.547630241890747,0.9175203583052862,42.81312253620172,6.698781989443478,ET_somali
19.474197098985254,16.100760064818306,12.555980472471047,10.042582299406902,14.743014852557872,16.871244438446055,16.743488743328122,5,1.5839103670135475,0.285487724647402,-0.942065920036906,-1.5280650895907144,1.2337395053600813,-0.2556712805170081,-1.0986530123581275,21,27,29,30,26,30,46,93,92,94,143,144,91,123,-0.7633899162410078,-0.03966389454189696,0.31203503079434386,0.9539625310490043,-0.68174250625198,1.6320535541802577,0.8756915711969399,42.88462843281763,7.097544144064133,ET_somali
18.332965637247206,18.717956037589513,12.69039095319992,10.203305065044713,19.84316580569033,13.580357858085277,12.62064757209363,5,1.4732291531304011,-0.005768909465455083,-1.0297108808784314,-1.3352479716191006,1.49333540941377,-0.3711795182549005,-1.0063276757644537,21,27,30,30,26,30,47,84,93,82,142,142,96,125,-0.8653936212969849,0.10317323766718733,0.37019379138198916,0.9743758853594711,-0.8067475922004873,1.4712819050325052,0.9336070808582515,42.63175268033798,6.725911111023887,ET_somali
18.47147496063922,20.59410371704682,13.37233160144254,9.816662016538107,16.969028324939778,15.669558934742843,16.04764685812388,5,1.3663618028862188,0.19593722101677602,-1.0172774660890156,-1.3942693854685455,1.4662668310454214,-0.4587425174361079,-1.0937059315808724,21,27,29,30,26,30,47,86,90,87,143,144,88,120,-0.7902065993071062,-0.02851830880413578,0.30062857562481743,0.8846597191206492,-0.7993147577048151,1.619773985161801,0.927235899630435,42.85183992494727,6.895243542080417,ET_somali
21.816946420723134,23.019517707940125,16.287989594967904,12.48994643661079,21.58179641151132,17.959410646342562,18.662983177275837,5,1.4207623097413509,-0.07109237367622483,-0.9074907503036578,-1.1377987028402692,1.770291488954187,-0.4576098370873855,-1.018402160214964,21,27,30,30,26,30,47,36,46,47,72,71,41,62,-0.7510361385738482,-0.06381835551828934,0.3784235724048356,0.9021180721125512,-1.0925271429125925,1.4884877806826518,0.9553551147631955,42.98631772297996,6.696266706647943,ET_somali
20.59240365419222,20.8305587541018,11.534513575465501,9.372356757073542,18.729495479762758,17.347103530888447,16.37355914987992,5,1.3377887939839384,0.1106550626016054,-0.9674301735449801,-1.3400859166638612,1.5336042864399364,-0.49772867155516354,-1.0933258290209085,21,27,29,30,26,30,47,40,47,47,72,72,44,67,-0.7815355128665085,-0.06123112043073587,0.2583328684564888,0.8590161265050622,-0.7931000232324755,1.6102713084275675,0.986605706309144,43.04506754256138,6.900543602256723,ET_somali
20.961689945007294,19.637506987275156,10.396212293464611,5.816069085218574,16.185267359272093,16.942245029550936,13.734472658038875,5,1.3996224177041006,0.22208637652186744,-0.9495137425253164,-1.4025347666511756,1.3838583120291659,-0.40338245661009264,-1.1132492145627044,21,27,28,30,26,30,47,41,47,48,72,72,45,59,-0.7408197477089745,-0.04343974161851714,0.2731704108378665,0.854826489579725,-0.7190744037756035,1.5814532421499048,0.9994071672146703,43.08980364371053,7.039962134352072,ET_somali
20.555917951496912,19.85918763164624,14.64414564525079,10.56490504956509,18.111474342138084,17.573475120742447,11.265093565213077,5,1.4207623097413509,-0.07109237367622483,-0.9074907503036578,-1.1377987028402692,1.770291488954187,-0.4576098370873855,-1.018402160214964,21,27,30,30,26,30,47,42,50,44,72,72,42,62,-0.7510361385738482,-0.06381835551828934,0.3784235724048356,0.9021180721125512,-1.0925271429125925,1.4884877806826518,0.9553551147631955,42.977783727780825,6.70210575599472,ET_somali
21.288361692649147,19.14240799622521,11.842045105107035,8.634177256776283,19.6386501447619,17.73576421627576,16.313437312232043,5,1.3705031788285946,0.00988723619133849,-0.9398020717560758,-1.237646973423715,1.6680610708290102,-0.4926415993444379,-1.0616273411194674,21,27,29,30,26,30,47,46,51,46,72,72,43,64,-0.7663635515775681,-0.042304921216447196,0.3071713040760836,0.8821498614189275,-0.9571661570966369,1.5599956467140308,0.9629932123119791,42.998804305429225,6.753219895661121,ET_somali
21.79974931487406,19.11587180903404,9.836780722267735,11.363028811307041,25.937877232869692,21.953276168687378,19.325321443915247,5,1.4207623097413509,-0.07109237367622483,-0.9074907503036578,-1.1377987028402692,1.770291488954187,-0.4576098370873855,-1.018402160214964,21,27,30,30,26,30,47,42,46,46,72,72,36,56,-0.7510361385738482,-0.06381835551828934,0.3784235724048356,0.9021180721125512,-1.0925271429125925,1.4884877806826518,0.9553551147631955,42.96233270489397,6.663927356419641,ET_somali
14.82011729182813,14.308153852413568,14.243687699818432,9.805432074184637,12.733592537738248,13.442998770124708,11.396879896604755,5,1.5063391777826771,0.24178168662400112,-1.0266675041945612,-1.4539310196894664,1.2622962203743433,-0.38934939310232825,-1.0903858121647927,21,27,29,30,26,30,47,88,87,98,144,143,95,115,-0.78968660210061,-0.027228216287233986,0.30245915798447043,0.8932046212471947,-0.6293373043315555,1.6267083723059321,0.921492451907873,42.9144525002504,7.034931568761003,ET_somali
16.851311332583077,15.836276179308534,12.707282055730623,10.928362145878152,13.96494359815984,14.016527584995071,10.65255235637971,5,1.5733858058459746,0.27372393283131174,-0.8375177938835515,-1.598599440962303,1.2702982726484775,-0.18428116743744616,-1.1322006898645225,21,27,29,30,26,30,46,95,97,101,142,143,95,121,-0.7308091217297271,-0.003545944958714707,0.37666470897094495,1.0821154811164058,-0.8795532030806916,1.5804058907242826,0.7647295449680561,42.82057855305991,7.089818632620705,ET_somali
19.64555933891618,21.542188324927153,15.131389774520647,10.940409457418937,19.649674592344233,15.678194101450096,15.041430016675374,5,1.42362209503469,-0.07087024344796874,-0.8843980533966588,-1.0636822526878953,1.8404640340867289,-0.4239166526236274,-1.019117206610683,21,27,30,30,26,30,47,43,53,44,72,73,37,65,-0.7824802733293926,0.02534468688994516,0.41532964288699115,0.926798954029622,-1.2342303007561926,1.4296792912261351,0.9198888932221956,43.098696965023315,6.6452423985099545,ET_somali
19.340027560123627,19.477493395752198,9.918155573142199,10.038875266534955,24.41507483297533,20.979510945810755,20.00071849508007,5,1.4207623097413509,-0.07109237367622483,-0.9074907503036578,-1.1377987028402692,1.770291488954187,-0.4576098370873855,-1.018402160214964,21,27,30,30,26,30,47,40,51,49,72,73,40,64,-0.7510361385738482,-0.06381835551828934,0.3784235724048356,0.9021180721125512,-1.0925271429125925,1.4884877806826518,0.9553551147631955,43.00410436560553,6.681354672931559,ET_somali
14.965565577162167,16.696717384375365,11.294374282024696,7.26948160969802,16.35756327936475,12.858912263433268,8.542673623125712,5,1.3869023844779442,0.29033591700995026,-1.0644881475602936,-1.4482877695010932,1.3869599699559951,-0.41263332804443714,-1.0879945896679215,21,27,29,30,26,30,47,93,88,90,142,142,93,126,-0.7924194943489292,0.028092417789271996,0.3773680612427183,0.935499828770558,-0.8611025911221218,1.5951465155755056,0.8399069467520772,42.76497283697291,6.858861773073577,ET_somali
19.89913962434778,14.739918496855568,10.043364321513607,10.182528493233672,17.3432804162093,16.658732286490576,15.716767803977115,5,1.5063391777826771,0.24178168662400112,-1.0266675041945612,-1.4539310196894664,1.2622962203743433,-0.38934939310232825,-1.0903858121647927,21,27,29,30,26,30,47,86,94,94,143,141,95,124,-0.78968660210061,-0.027228216287233986,0.30245915798447043,0.8932046212471947,-0.6293373043315555,1.6267083723059321,0.921492451907873,42.85983493097593,7.036009547101946,ET_somali
22.172784643202068,21.062494683381644,14.444342740681392,10.923867906639796,18.411735300165635,15.351611376163632,17.184845545533875,5,1.4732291531304011,-0.005768909465455083,-1.0297108808784314,-1.3352479716191006,1.49333540941377,-0.3711795182549005,-1.0063276757644537,21,27,30,30,26,30,47,87,79,88,144,140,100,135,-0.8653936212969849,0.10317323766718733,0.37019379138198916,0.9743758853594711,-0.8067475922004873,1.4712819050325052,0.9336070808582515,42.612349070201006,6.672820677732424,ET_somali
24.572899300020055,19.90254599721311,13.364954697604079,9.685006146216347,14.696640127494495,17.118609619575142,10.157141049489297,5,1.3095861247509155,0.2242567326815016,-1.0193456512905577,-1.3749493021357968,1.6453684686513759,-0.3884250297343409,-1.0607866350539694,21,27,29,30,26,30,47,99,92,88,142,142,92,118,-0.7381247604668582,-0.05813004924218078,0.28113703426589864,0.9110110898846078,-1.0053278850840424,1.6129464246290137,0.9001368409041494,42.84842632686761,6.798494985980745,ET_somali
18.587296291033038,14.88160853388149,14.21185989571328,11.4361040672496,11.765796617709503,9.378413819148186,13.734938375697835,5,1.3529914239389917,0.3157675186770018,-1.0549876825709128,-1.4759813025757542,1.4123174523930355,-0.33667610988158714,-1.1056214429427367,21,27,29,30,26,30,47,90,99,80,142,144,94,114,-0.7963231715208423,0.00823037814722508,0.43153191118324025,0.9903462842578282,-0.8114760612824062,1.5310615073607412,0.845754486140632,42.693466940357,6.90781995605809,ET_somali
16.088288967923802,12.169338480159022,12.009866420142362,9.589269118330765,8.629631159095023,8.699398568838857,11.737347060440278,5,1.3529914239389917,0.3157675186770018,-1.0549876825709128,-1.4759813025757542,1.4123174523930355,-0.33667610988158714,-1.1056214429427367,21,27,29,30,26,30,47,92,97,83,142,144,92,127,-0.7963231715208423,0.00823037814722508,0.43153191118324025,0.9903462842578282,-0.8114760612824062,1.5310615073607412,0.845754486140632,42.697419527607124,6.915186141387871,ET_somali
18.728824981640084,17.48472498400767,12.468506678250824,10.818439095347808,14.788596750825192,14.612754990775775,15.14903637086956,5,1.3869023844779442,0.29033591700995026,-1.0644881475602936,-1.4482877695010932,1.3869599699559951,-0.41263332804443714,-1.0879945896679215,21,27,29,30,26,30,47,89,85,88,142,142,93,125,-0.7924194943489292,0.028092417789271996,0.3773680612427183,0.935499828770558,-0.8611025911221218,1.5951465155755056,0.8399069467520772,42.77665093566647,6.870629703295542,ET_somali
20.132301989977073,18.44316057989597,7.991893190024022,9.130519725163166,19.18490074272252,16.741441581119144,15.672240666592161,5,1.2968252562874578,0.13577389998495154,-0.932807901251562,-1.3360313725460908,1.517188342075873,-0.4853783026605439,-1.115584404764774,21,27,29,30,26,30,47,48,38,42,72,71,42,62,-0.71810801624513,-0.03477407210867093,0.258797960983234,0.8395537267676325,-0.8603947812976458,1.5798204419621427,0.9979423483851125,43.09546303000048,6.885451905483515,ET_somali
17.31143763375373,16.380966362502498,15.516271783644346,11.783502724690322,15.421778451605286,12.722167478167698,11.619828209410011,5,1.4084358936560344,0.3309027414984514,-0.9612645639526001,-1.532500104018425,1.3862197198262811,-0.21995833775466872,-1.1443125572127704,21,27,29,30,26,30,46,96,94,97,144,144,100,105,-0.752615673088833,-0.014157427327226852,0.46444866223036946,1.1015266383592515,-0.8206435982246969,1.4784282655600456,0.7852250579535314,42.69544323398206,7.040501123522543,ET_somali
17.49076752490347,18.00498700823995,13.136587755983813,13.24956308081284,13.475948363178942,11.40618261031391,15.28457062292066,5,1.3529914239389917,0.3157675186770018,-1.0549876825709128,-1.4759813025757542,1.4123174523930355,-0.33667610988158714,-1.1056214429427367,21,27,29,30,26,30,47,90,89,76,142,142,94,117,-0.7963231715208423,0.00823037814722508,0.43153191118324025,0.9903462842578282,-0.8114760612824062,1.5310615073607412,0.845754486140632,42.651425785060205,6.888236682864285,ET_somali
15.030732666042068,12.9419165249579,14.738396499475394,9.158121510321896,16.494499690635728,13.220301600648313,10.636065389037391,5,1.3313670647796745,0.33408217025361286,-0.990003927020926,-1.4909706033130243,1.421410209212436,-0.17176761817961644,-1.1574303191230988,21,27,29,30,26,30,47,89,90,91,144,143,100,118,-0.7413820887732112,-0.12491726402441546,0.4997508483887037,1.0970592745075096,-0.6559530465070612,1.4259955867821106,0.848692823892176,42.61791862496254,7.007173626481709,ET_somali
21.895902626999906,20.34302112613816,11.484685427083793,10.933521006282161,20.27983954581013,18.930918351860637,14.173169479611172,5,1.3900782527746869,0.10634274320472821,-0.9941298942515587,-1.3695476548205208,1.6193325981972604,-0.342731296174307,-1.0134492680969163,21,27,30,30,26,30,47,88,91,93,143,144,90,135,-0.8158393355817065,0.10750430265952693,0.3766657731288312,0.9607857411243086,-0.9942215067662312,1.4850915827970534,0.9055173022293398,42.74745568893258,6.703453228920899,ET_somali
21.832534469490295,22.16338589609951,13.207517935106987,13.137356631771487,21.15771228264641,18.528428062067672,20.197333708934305,5,1.4207623097413509,-0.07109237367622483,-0.9074907503036578,-1.1377987028402692,1.770291488954187,-0.4576098370873855,-1.018402160214964,21,27,29,30,26,30,47,41,45,45,72,72,40,66,-0.7510361385738482,-0.06381835551828934,0.3784235724048356,0.9021180721125512,-1.0925271429125925,1.4884877806826518,0.9553551147631955,43.039318324743014,6.73983499792774,ET_somali
19.548640503041103,18.244739840731388,13.608603925491503,11.37337587546217,17.595174973158638,17.31066091101155,13.128813521903789,5,1.5378304748729796,0.29440647957412996,-0.9818492325885356,-1.4681264253172972,1.3087434789943189,-0.2959948798965038,-1.075461385391725,21,27,28,30,26,30,47,45,43,51,72,73,40,61,-0.7383149784943459,-0.06007062330801151,0.3066679868303539,0.8975185215363489,-0.7160638493040622,1.627672463740368,0.9192799526073637,43.00149925128158,7.076433734887324,ET_somali
16.321147269405575,13.661183887261044,15.964215148681392,9.112922621681196,14.948215109658033,13.508209264190919,9.642060295185454,5,1.3313670647796745,0.33408217025361286,-0.990003927020926,-1.4909706033130243,1.421410209212436,-0.17176761817961644,-1.1574303191230988,21,27,29,30,26,30,46,94,86,85,144,144,106,104,-0.7413820887732112,-0.12491726402441546,0.4997508483887037,1.0970592745075096,-0.6559530465070612,1.4259955867821106,0.848692823892176,42.62833908225833,7.018582230590027,ET_somali
20.87889674795315,20.218750599468418,17.379822228008695,11.611927790435482,20.42858055280267,17.734154934115157,18.43904408749618,5,1.4207623097413509,-0.07109237367622483,-0.9074907503036578,-1.1377987028402692,1.770291488954187,-0.4576098370873855,-1.018402160214964,16,21,27,27,24,25,38,44,49,45,72,71,42,63,-0.7510361385738482,-0.06381835551828934,0.3784235724048356,0.9021180721125512,-1.0925271429125925,1.4884877806826518,0.9553551147631955,42.979939684462714,6.702375250579956,ET_somali
19.95213366266342,18.617486181605273,12.475127694484451,10.663325793367255,23.095737204691968,20.615881372159603,16.741266958970026,5,1.3709942589915551,-0.031148745176406693,-0.8838222834745633,-1.140471093245933,1.805235724232554,-0.4442700107354677,-1.0423948605171742,21,27,30,30,26,30,47,42,53,48,72,73,43,62,-0.6814281792928726,-0.05961064273384595,0.3499730134985623,0.8949609845938806,-1.192428572942584,1.462024633282096,0.9679184819796645,43.0580032826527,6.664196851004876,ET_somali
22.979654007601802,23.1138362148636,13.30790023477893,9.32803054391384,24.846219492864194,20.733106548585113,20.0791280810228,5,1.3705031788285946,0.00988723619133849,-0.9398020717560758,-1.237646973423715,1.6680610708290102,-0.4926415993444379,-1.0616273411194674,21,27,29,30,26,30,47,45,48,42,72,72,41,62,-0.7663635515775681,-0.042304921216447196,0.3071713040760836,0.8821498614189275,-0.9571661570966369,1.5599956467140308,0.9629932123119791,43.01479431748655,6.78124733252565,ET_somali
19.254879545548658,20.294966898971335,12.26967658493068,9.503517837853662,22.29202205458057,24.82099979608657,17.70257129962215,5,1.5036942215666544,0.2944230519108203,-0.9673311213594943,-1.4360823744049116,1.3003856784552321,-0.3078870940886418,-1.0960057760121498,21,27,28,30,26,30,47,41,44,47,72,73,44,61,-0.7220619934328142,-0.07688209127668776,0.28686137810829604,0.8669471422337676,-0.6443881354680451,1.5905489531068844,0.9812931950140658,43.059620250164116,7.097993301706193,ET_somali
23.299600885941135,22.149106716859492,15.240693426607026,9.572064750991144,31.13148181068676,26.729474065667358,21.44710868216069,5,1.4207623097413509,-0.07109237367622483,-0.9074907503036578,-1.1377987028402692,1.770291488954187,-0.4576098370873855,-1.018402160214964,21,27,30,30,26,30,47,42,49,46,72,73,39,61,-0.7510361385738482,-0.06381835551828934,0.3784235724048356,0.9021180721125512,-1.0925271429125925,1.4884877806826518,0.9553551147631955,42.9903601417585,6.673269835374484,ET_somali
23.340073141789397,17.253816699939584,18.29411143083856,13.651121812210908,16.64023283978901,16.96334218545027,17.788034243844926,1,1.400619516498148,0.13639916686094228,-1.0588408775515223,-1.4047615765228127,1.4275721494428053,-0.358859270370405,-1.0638005916980284,21,27,29,30,26,30,47,95,95,84,142,142,96,121,-0.8132819311339723,-0.06157498970515298,0.34736931351730216,0.9688983359028114,-0.6432457301813186,1.5194175172262112,0.9543013906016251,42.64702404016802,6.806759486594644,ET_somali
19.598899499570983,17.62783984186868,9.938526858632246,11.310148522872185,18.08162729010861,16.52077405352841,15.34778803547043,5,1.3900782527746869,0.10634274320472821,-0.9941298942515587,-1.3695476548205208,1.6193325981972604,-0.342731296174307,-1.0134492680969163,21,27,30,30,26,30,47,183,192,188,284,287,187,253,-0.8158393355817065,0.10750430265952693,0.3766657731288312,0.9607857411243086,-0.9942215067662312,1.4850915827970534,0.9055173022293398,42.704516218351664,6.698332831801418,ET_somali
23.241175494822034,22.30702777550152,12.880040411187798,14.434812426381685,19.676713954252474,20.099241119002922,17.81925517955105,5,1.2968252562874578,0.13577389998495154,-0.932807901251562,-1.3360313725460908,1.517188342075873,-0.4853783026605439,-1.115584404764774,21,27,29,30,26,30,47,46,44,46,72,72,41,62,-0.71810801624513,-0.03477407210867093,0.258797960983234,0.8395537267676325,-0.8603947812976458,1.5798204419621427,0.9979423483851125,43.08441375200581,6.916174288200402,ET_somali
25.01696077082661,22.512852888352885,11.112977729889492,10.800099059960344,22.071436281396267,21.23433145159699,19.280612426508164,5,1.4290786361220464,-0.12943589964128605,-0.8755010053025455,-1.0740337129080755,1.8495508643579108,-0.4289610178695169,-0.9749693281753323,21,27,30,30,26,30,47,38,53,47,71,73,42,61,-0.7809844432042012,-0.008989467005223623,0.4097504550195662,0.9335393070177366,-1.1666361649848402,1.4290448451675672,0.9400511108489205,42.97113619467834,6.612813216753239,ET_somali
21.901075218497798,21.381835829561272,11.812794838212332,11.436623462297584,22.383477234147993,21.180571817447714,16.436991263305796,5,1.3705031788285946,0.00988723619133849,-0.9398020717560758,-1.237646973423715,1.6680610708290102,-0.4926415993444379,-1.0616273411194674,21,27,29,30,26,30,47,40,46,41,72,72,40,60,-0.7663635515775681,-0.042304921216447196,0.3071713040760836,0.8821498614189275,-0.9571661570966369,1.5599956467140308,0.9629932123119791,43.042372596709015,6.7875355395144865,ET_somali
18.37063157097537,18.605745884945367,13.803157624330872,13.231044220945321,23.029950056571614,22.598714819369864,16.700587478606966,5,1.2968252562874578,0.13577389998495154,-0.932807901251562,-1.3360313725460908,1.517188342075873,-0.4853783026605439,-1.115584404764774,21,27,29,30,26,30,47,40,47,45,72,72,43,66,-0.71810801624513,-0.03477407210867093,0.258797960983234,0.8395537267676325,-0.8603947812976458,1.5798204419621427,0.9979423483851125,43.054769347629865,6.8587719415451645,ET_somali
17.669821614587757,17.887578606270843,11.320933168671024,8.541638735190372,21.0879029819721,20.677944818321595,14.509449549515534,5,1.3095861247509155,0.2242567326815016,-1.0193456512905577,-1.3749493021357968,1.6453684686513759,-0.3884250297343409,-1.0607866350539694,21,27,29,30,26,30,47,93,90,93,142,143,93,131,-0.7381247604668582,-0.05813004924218078,0.28113703426589864,0.9110110898846078,-1.0053278850840424,1.6129464246290137,0.9001368409041494,42.8070139922697,6.7946322302590305,ET_somali
19.820469216399985,16.07054370849418,9.331284426136648,8.960206791899546,15.717064745810012,14.330834433724366,11.528364072822407,5,1.5030451421664652,0.2865923445742261,-0.9822100472435463,-1.5233794192541823,1.2737576631114165,-0.3186936310699852,-1.109038507813507,21,27,29,30,26,30,47,95,86,97,143,143,90,126,-0.8046492038629011,0.010894407206609426,0.3600000564914225,0.9796475322251894,-0.7654554947049417,1.6033128297274721,0.8403850203366645,42.78240015348483,7.026756899675515,ET_somali
20.144817274499996,20.369045134906507,11.110113458412417,8.14922877563346,20.13670655273342,15.789191701442498,13.873396304778709,5,1.3663618028862188,0.19593722101677602,-1.0172774660890156,-1.3942693854685455,1.4662668310454214,-0.4587425174361079,-1.0937059315808724,21,27,29,30,26,30,47,96,90,87,143,143,91,124,-0.7902065993071062,-0.02851830880413578,0.30062857562481743,0.8846597191206492,-0.7993147577048151,1.619773985161801,0.927235899630435,42.86064341473164,6.9318049741440815,ET_somali
25.363540221885614,22.142908380461858,16.342906797109258,13.462510003598437,24.60180833399386,22.037922423166446,16.27257734271751,5,1.5046694561732057,0.28065942854156,-0.8369317792280351,-1.5891316985000545,1.3159318968718623,-0.12785802697163112,-1.1630613499215527,21,27,29,30,26,30,46,88,94,89,144,144,99,116,-0.6129958691309002,-0.013574368469537641,0.4956231497853994,1.1998767711071083,-1.0265116731038026,1.4499448987730565,0.6496597774267892,42.65960045414569,7.059635239074289,ET_somali
17.11201678181678,14.86037882348478,10.801847220891776,10.67029758619505,9.377282823184286,10.276522200779722,11.82073961818311,5,1.3529914239389917,0.3157675186770018,-1.0549876825709128,-1.4759813025757542,1.4123174523930355,-0.33667610988158714,-1.1056214429427367,21,27,29,30,26,30,47,93,97,85,142,144,96,126,-0.7963231715208423,0.00823037814722508,0.43153191118324025,0.9903462842578282,-0.8114760612824062,1.5310615073607412,0.845754486140632,42.6686734385153,6.897309667233892,ET_somali
20.36592602842439,21.102423007890053,13.099849599002601,10.7829021993624,17.805221566677826,16.09395241555972,14.543919857278159,5,1.3705031788285946,0.00988723619133849,-0.9398020717560758,-1.237646973423715,1.6680610708290102,-0.4926415993444379,-1.0616273411194674,21,27,29,30,26,30,47,46,46,43,72,72,41,62,-0.7663635515775681,-0.042304921216447196,0.3071713040760836,0.8821498614189275,-0.9571661570966369,1.5599956467140308,0.9629932123119791,42.995660201934804,6.833619113589818,ET_somali
15.72066603080734,15.124443668812505,11.961167921908729,10.117436690665226,18.979516985079474,17.620683297032645,12.703181144890822,5,1.5036942215666544,0.2944230519108203,-0.9673311213594943,-1.4360823744049116,1.3003856784552321,-0.3078870940886418,-1.0960057760121498,21,27,28,30,26,30,47,45,42,47,72,73,47,60,-0.7220619934328142,-0.07688209127668776,0.28686137810829604,0.8669471422337676,-0.6443881354680451,1.5905489531068844,0.9812931950140658,43.09905629113696,7.059635239074289,ET_somali
18.787125193701403,19.953936771388406,12.30399661502077,10.960165414565076,19.352832864391345,16.84438877998054,16.942070185413233,5,1.3424411761747934,0.02739554883140905,-0.9348763698423411,-1.2005154287487443,1.8152973191414952,-0.4038762530584514,-1.0178160307481257,21,27,29,30,26,30,47,41,49,45,71,72,45,69,-0.6550383075400492,-0.09064583442686555,0.2824648445276315,0.886210832272663,-1.2442335684899954,1.5538265069958421,0.8997763415741118,42.90636766269332,6.730043361330837,ET_somali
29.09133268987508,23.065234483302547,13.373112473532077,11.200508482890834,30.946349953981844,30.172554962540744,21.978257551151657,5,1.3377887939839384,0.1106550626016054,-0.9674301735449801,-1.3400859166638612,1.5336042864399364,-0.49772867155516354,-1.0933258290209085,21,27,29,30,26,30,47,42,46,45,72,72,42,66,-0.7815355128665085,-0.06123112043073587,0.2583328684564888,0.8590161265050622,-0.7931000232324755,1.6102713084275675,0.986605706309144,42.95227157371183,6.927493060780308,ET_somali
18.870676738982983,16.06600589535642,11.904462263062388,8.668870077901751,15.831877218713835,14.7030507714571,13.032169871561992,5,1.5063391777826771,0.24178168662400112,-1.0266675041945612,-1.4539310196894664,1.2622962203743433,-0.38934939310232825,-1.0903858121647927,21,27,29,30,26,30,47,93,91,96,143,142,92,121,-0.78968660210061,-0.027228216287233986,0.30245915798447043,0.8932046212471947,-0.6293373043315555,1.6267083723059321,0.921492451907873,42.8626197083567,7.029092519414226,ET_somali
22.585454472287502,18.17183344113489,10.878324910996591,9.450280867449518,20.540396244920334,19.034436899972697,14.64745814542754,5,1.3996224177041006,0.22208637652186744,-0.9495137425253164,-1.4025347666511756,1.3838583120291659,-0.40338245661009264,-1.1132492145627044,21,27,28,30,26,30,47,43,46,45,72,71,42,61,-0.7408197477089745,-0.04343974161851714,0.2731704108378665,0.854826489579725,-0.7190744037756035,1.5814532421499048,0.9994071672146703,43.09169010580718,6.980673325600184,ET_somali
19.820232629020968,18.769596185031286,11.57129965524302,10.778075588055897,21.608284280173905,21.42336529472718,12.601465078637224,5,1.3996224177041006,0.22208637652186744,-0.9495137425253164,-1.4025347666511756,1.3838583120291659,-0.40338245661009264,-1.1132492145627044,21,27,28,30,26,30,47,45,44,45,72,72,46,62,-0.7408197477089745,-0.04343974161851714,0.2731704108378665,0.854826489579725,-0.7190744037756035,1.5814532421499048,0.9994071672146703,43.07327464248273,6.992710750407385,ET_somali
19.8060938498324,17.91880719823045,12.89383682786473,10.733973848421389,13.320022776489028,13.730741791888187,14.99826245576779,5,1.5063391777826771,0.24178168662400112,-1.0266675041945612,-1.4539310196894664,1.2622962203743433,-0.38934939310232825,-1.0903858121647927,21,27,29,30,26,30,47,92,90,93,144,144,87,114,-0.78968660210061,-0.027228216287233986,0.30245915798447043,0.8932046212471947,-0.6293373043315555,1.6267083723059321,0.921492451907873,42.924154305318886,7.016246610851317,ET_somali
18.901142940765457,18.468481559447863,9.658625562316665,8.363154049247232,19.12725532217661,19.30365821441515,15.165153776136474,5,1.3663618028862188,0.19593722101677602,-1.0172774660890156,-1.3942693854685455,1.4662668310454214,-0.4587425174361079,-1.0937059315808724,21,27,29,30,26,30,47,58,70,55,80,78,52,70,-0.7902065993071062,-0.02851830880413578,0.30062857562481743,0.8846597191206492,-0.7993147577048151,1.619773985161801,0.927235899630435,42.93340695274532,6.9275828923087195,ET_somali
22.31399085032747,27.408999615564486,15.592432799603582,9.961456672187795,25.510730174506897,24.77069265535684,16.708004547416785,5,1.4207623097413509,-0.07109237367622483,-0.9074907503036578,-1.1377987028402692,1.770291488954187,-0.4576098370873855,-1.018402160214964,21,27,29,30,26,30,47,45,53,46,72,72,45,64,-0.7510361385738482,-0.06381835551828934,0.3784235724048356,0.9021180721125512,-1.0925271429125925,1.4884877806826518,0.9553551147631955,43.01775875792414,6.740373987098211,ET_somali
19.616064811158342,19.144599015758995,9.246935317594307,11.454282168396972,23.75022440444958,26.965977720100927,27.305051059125603,5,1.3828660812628286,-0.054890122457852394,-0.8885511442897512,-1.1552850638339327,1.8524248732035342,-0.38116994078135075,-0.9714191822463156,21,27,30,30,26,30,47,45,52,49,71,73,40,59,-0.7669794803000288,-0.008694986236374389,0.3079474922432356,0.9348389342405405,-1.138917779753145,1.4846845014481485,0.9565589698161219,42.93205947981914,6.627006598242328,ET_somali
17.831850805892877,17.6878800960759,10.49549006827287,9.907573839448023,14.097002407365864,11.542492261756001,15.184934985366784,5,1.4732291531304011,-0.005768909465455083,-1.0297108808784314,-1.3352479716191006,1.49333540941377,-0.3711795182549005,-1.0063276757644537,21,27,30,30,26,30,47,85,92,90,144,142,110,129,-0.8653936212969849,0.10317323766718733,0.37019379138198916,0.9743758853594711,-0.8067475922004873,1.4712819050325052,0.9336070808582515,42.64298162138948,6.708124468398321,ET_somali
18.638886610659192,20.085583096636366,13.5099615779913,11.157398739475596,15.713743648192107,13.29311368528628,13.146206014134494,5,1.5063391777826771,0.24178168662400112,-1.0266675041945612,-1.4539310196894664,1.2622962203743433,-0.38934939310232825,-1.0903858121647927,21,27,29,30,26,30,47,86,88,96,144,143,91,121,-0.78968660210061,-0.027228216287233986,0.30245915798447043,0.8932046212471947,-0.6293373043315555,1.6267083723059321,0.921492451907873,42.90430153753985,7.025409426749336,ET_somali
21.37372107132058,22.528530533546935,12.440623302791668,13.093799669842445,20.299012035322615,18.67979157555808,17.00594213984057,5,1.3288115917264236,0.03917750558792415,-0.9013120884647994,-1.263532628022271,1.8370250933675851,-0.3195677028417049,-0.9646230644926007,21,27,30,30,26,30,47,85,94,86,142,143,91,128,-0.7856783066195094,0.08798719049991524,0.3230095202287013,0.9751029937093896,-1.1815055715122695,1.44328535034479,0.9181569757055533,42.82012939541785,6.619191255270488,ET_somali
19.495541665687302,19.888687714423636,13.71896271834603,8.847312369282678,19.39982380235507,16.04423476792441,13.91347423898047,5,1.400619516498148,0.13639916686094228,-1.0588408775515223,-1.4047615765228127,1.4275721494428053,-0.358859270370405,-1.0638005916980284,21,27,29,30,26,30,47,88,88,86,142,142,102,120,-0.8132819311339723,-0.06157498970515298,0.34736931351730216,0.9688983359028114,-0.6432457301813186,1.5194175172262112,0.9543013906016251,42.634717120775576,6.796608523884093,ET_somali
18.359315808678666,16.905726334651618,10.744286302750055,10.063466096907167,18.35183203628387,16.623500527280044,14.403928108918793,5,1.5030451421664652,0.2865923445742261,-0.9822100472435463,-1.5233794192541823,1.2737576631114165,-0.3186936310699852,-1.109038507813507,21,27,29,30,26,30,47,85,91,91,143,144,89,122,-0.8046492038629011,0.010894407206609426,0.3600000564914225,0.9796475322251894,-0.7654554947049417,1.6033128297274721,0.8403850203366645,42.768925424223035,6.986153048833312,ET_somali
16.288406258792936,15.325483067671188,10.780635209850404,7.7066289518814886,14.68724863412552,13.754401570192055,13.633544171671447,5,1.3900782527746869,0.10634274320472821,-0.9941298942515587,-1.3695476548205208,1.6193325981972604,-0.342731296174307,-1.0134492680969163,21,27,30,30,26,30,47,80,77,89,156,150,104,120,-0.8158393355817065,0.10750430265952693,0.3766657731288312,0.9607857411243086,-0.9942215067662312,1.4850915827970534,0.9055173022293398,42.65870213886157,6.656740834146684,ET_somali
13.82475067720232,15.19988319033847,10.326192544308766,9.196531332135404,13.137562675340092,13.751081899902669,12.510514323507525,5,1.3996224177041006,0.22208637652186744,-0.9495137425253164,-1.4025347666511756,1.3838583120291659,-0.40338245661009264,-1.1132492145627044,21,27,28,30,26,30,47,44,46,48,72,72,42,65,-0.7408197477089745,-0.04343974161851714,0.2731704108378665,0.854826489579725,-0.7190744037756035,1.5814532421499048,0.9994071672146703,43.05719479889699,6.969444384548689,ET_somali
19.818139032310388,18.057785821764455,9.91426901106351,7.994484534304726,22.98410584689917,21.78696699802391,15.075259093755008,5,1.5036942215666544,0.2944230519108203,-0.9673311213594943,-1.4360823744049116,1.3003856784552321,-0.3078870940886418,-1.0960057760121498,21,27,28,30,26,30,47,40,48,48,72,73,46,61,-0.7220619934328142,-0.07688209127668776,0.28686137810829604,0.8669471422337676,-0.6443881354680451,1.5905489531068844,0.9812931950140658,43.078934028772686,7.053526695142277,ET_somali
17.974338132484004,17.697168683186767,11.806821138997003,10.887434792041537,14.858117249562854,12.209737038410928,16.61383425054251,5,1.5063391777826771,0.24178168662400112,-1.0266675041945612,-1.4539310196894664,1.2622962203743433,-0.38934939310232825,-1.0903858121647927,21,27,29,30,26,30,47,95,88,98,144,144,92,111,-0.78968660210061,-0.027228216287233986,0.30245915798447043,0.8932046212471947,-0.6293373043315555,1.6267083723059321,0.921492451907873,42.919393234313056,7.022624649368566,ET_somali
18.55148616381115,15.872964616665481,7.795408888923851,5.511482536966682,13.159861483524061,15.488371905620536,9.65164618220216,5,1.3424411761747934,0.02739554883140905,-0.9348763698423411,-1.2005154287487443,1.8152973191414952,-0.4038762530584514,-1.0178160307481257,21,27,30,30,26,30,47,87,87,81,119,109,83,101,-0.6550383075400492,-0.09064583442686555,0.2824648445276315,0.886210832272663,-1.2442335684899954,1.5538265069958421,0.8997763415741118,42.870974040499014,6.692044624812581,ET_somali
22.076376525902756,21.354707130809647,13.688493997706177,8.619672578702245,18.555094841149096,18.90735308278644,14.353201806786977,5,1.3095861247509155,0.2242567326815016,-1.0193456512905577,-1.3749493021357968,1.6453684686513759,-0.3884250297343409,-1.0607866350539694,21,27,29,30,26,30,47,89,96,89,143,143,91,130,-0.7381247604668582,-0.05813004924218078,0.28113703426589864,0.9110110898846078,-1.0053278850840424,1.6129464246290137,0.9001368409041494,42.83468210302058,6.84152428809007,ET_somali
14.03346666635077,15.232016897699461,11.576751442769813,9.64956911348858,13.846486465107143,12.496429020345904,13.254729964058283,5,1.5733858058459746,0.27372393283131174,-0.8375177938835515,-1.598599440962303,1.2702982726484775,-0.18428116743744616,-1.1322006898645225,21,27,29,30,26,30,46,54,47,57,83,81,54,71,-0.7308091217297271,-0.003545944958714707,0.37666470897094495,1.0821154811164058,-0.8795532030806916,1.5804058907242826,0.7647295449680561,42.754642211205535,7.080386322137451,ET_somali
16.071319077380775,14.182094075516314,11.802050845944938,8.52036164883034,10.360923379618097,8.370477444047225,13.44996825961785,5,1.3529914239389917,0.3157675186770018,-1.0549876825709128,-1.4759813025757542,1.4123174523930355,-0.33667610988158714,-1.1056214429427367,21,27,29,30,26,30,47,44,47,43,71,72,50,57,-0.7963231715208423,0.00823037814722508,0.43153191118324025,0.9903462842578282,-0.8114760612824062,1.5310615073607412,0.845754486140632,42.70891796324385,6.908179282171738,ET_somali
20.18888009504302,14.081122082211934,11.731143543809779,9.812295480852688,11.27361860825985,9.719825950255062,13.146700758309544,5,1.3529914239389917,0.3157675186770018,-1.0549876825709128,-1.4759813025757542,1.4123174523930355,-0.33667610988158714,-1.1056214429427367,21,27,29,30,26,30,47,90,92,88,144,144,98,119,-0.7963231715208423,0.00823037814722508,0.43153191118324025,0.9903462842578282,-0.8114760612824062,1.5310615073607412,0.845754486140632,42.692658456601286,6.948333975371881,ET_somali
16.938238799036153,15.736080845540643,13.227323748727839,13.286339842744452,18.18209044091302,14.205429410010865,16.74199479047075,5,1.400619516498148,0.13639916686094228,-1.0588408775515223,-1.4047615765228127,1.4275721494428053,-0.358859270370405,-1.0638005916980284,21,27,29,30,26,30,47,88,92,85,142,144,98,113,-0.8132819311339723,-0.06157498970515298,0.34736931351730216,0.9688983359028114,-0.6432457301813186,1.5194175172262112,0.9543013906016251,42.61163041797371,6.842871761016249,ET_somali
20.60747516573081,19.32207751136816,10.94113028016994,10.45251646464786,17.85118573312872,15.669002626038258,13.152661035790507,5,1.316326212704982,0.11697933222728593,-0.9821046266635719,-1.2911417183386236,1.6998129958690293,-0.44032376715214433,-1.0629881762254807,21,27,29,30,26,30,47,46,47,45,71,72,41,71,-0.6926845850342241,-0.09474057657722082,0.27933752732230815,0.892719244430652,-1.0768064151825376,1.5988688489038072,0.9067895627489803,42.93295779510326,6.824096971578151,ET_somali
19.43211356920267,17.170695500172265,13.181412070627074,11.715683045914032,21.425877212440454,20.079633289472863,15.302015143861055,5,1.5063391777826771,0.24178168662400112,-1.0266675041945612,-1.4539310196894664,1.2622962203743433,-0.38934939310232825,-1.0903858121647927,21,27,29,30,26,30,47,92,90,95,143,143,91,126,-0.78968660210061,-0.027228216287233986,0.30245915798447043,0.8932046212471947,-0.6293373043315555,1.6267083723059321,0.921492451907873,42.850222957435854,6.978517368918297,ET_somali
23.087091824840282,26.86267689395996,12.942820668211455,12.53022555959049,25.887838397117655,26.941392195001534,19.78428140769631,5,1.3828660812628286,-0.054890122457852394,-0.8885511442897512,-1.1552850638339327,1.8524248732035342,-0.38116994078135075,-0.9714191822463156,21,27,30,30,26,30,47,47,53,52,71,74,45,68,-0.7669794803000288,-0.008694986236374389,0.3079474922432356,0.9348389342405405,-1.138917779753145,1.4846845014481485,0.9565589698161219,42.870524882856955,6.601943601815393,ET_somali
17.441534244016374,18.41854986378004,12.227258935377616,11.088061378717978,19.703169785315726,18.822871839550842,17.21998713337733,5,1.4347951163055976,0.2071077944657692,-0.9861766377028576,-1.410938834427696,1.4035154905244418,-0.4105671404388653,-1.0911905601551661,21,27,28,30,26,30,47,58,65,53,78,78,49,67,-0.7715515146044158,-0.036224988584952246,0.2966555311767082,0.8773168631110799,-0.7537062233803018,1.6132816804366965,0.9480107398532608,42.95020544855836,6.998549799754162,ET_somali
20.27044892333922,15.198698977060173,13.557450848562997,9.734879302074994,18.016091514043882,12.14953410976877,11.389135448809855,5,1.3313670647796745,0.33408217025361286,-0.990003927020926,-1.4909706033130243,1.421410209212436,-0.17176761817961644,-1.1574303191230988,21,27,29,30,26,30,47,90,94,86,144,144,102,114,-0.7413820887732112,-0.12491726402441546,0.4997508483887037,1.0970592745075096,-0.6559530465070612,1.4259955867821106,0.848692823892176,42.612528733257825,6.987680184816316,ET_somali
14.141659226342695,14.029411307026615,11.20379070976995,8.499842900593626,13.454269392491911,11.321024838878213,9.821167719858488,5,1.3529914239389917,0.3157675186770018,-1.0549876825709128,-1.4759813025757542,1.4123174523930355,-0.33667610988158714,-1.1056214429427367,21,27,29,30,26,30,47,92,92,90,142,143,88,122,-0.7963231715208423,0.00823037814722508,0.43153191118324025,0.9903462842578282,-0.8114760612824062,1.5310615073607412,0.845754486140632,42.7378437153925,6.891380786358703,ET_somali
21.77808443689635,20.94673415017965,9.308467491117092,10.95840342936145,24.913100521531614,24.493567706993115,18.938565420676294,5,1.4207623097413509,-0.07109237367622483,-0.9074907503036578,-1.1377987028402692,1.770291488954187,-0.4576098370873855,-1.018402160214964,21,27,30,30,26,30,47,38,48,42,72,72,38,57,-0.7510361385738482,-0.06381835551828934,0.3784235724048356,0.9021180721125512,-1.0925271429125925,1.4884877806826518,0.9553551147631955,42.95999708515526,6.6778512433234924,ET_somali
24.704996509932048,18.628115715315335,12.981383540057267,10.333454477430497,21.402963372663436,21.126521079526093,18.98619358340311,5,1.42362209503469,-0.07087024344796874,-0.8843980533966588,-1.0636822526878953,1.8404640340867289,-0.4239166526236274,-1.019117206610683,21,27,30,30,26,30,47,45,47,46,72,73,43,64,-0.7824802733293926,0.02534468688994516,0.41532964288699115,0.926798954029622,-1.2342303007561926,1.4296792912261351,0.9198888932221956,43.07776621890333,6.602033433343805,ET_somali
22.36653863219361,23.69868883474302,9.810973566247565,10.22925185949179,24.035444053480326,18.727196918579512,17.455885562339457,5,1.3424411761747934,0.02739554883140905,-0.9348763698423411,-1.2005154287487443,1.8152973191414952,-0.4038762530584514,-1.0178160307481257,21,27,30,30,26,30,47,40,44,45,71,72,39,62,-0.6550383075400492,-0.09064583442686555,0.2824648445276315,0.886210832272663,-1.2442335684899954,1.5538265069958421,0.8997763415741118,42.921100033352886,6.6989616525003015,ET_somali
18.845945562413924,19.588306762383077,10.109805114736131,5.648807369906498,17.152645584088773,15.153590444477375,12.154766210294696,5,1.4347951163055976,0.2071077944657692,-0.9861766377028576,-1.410938834427696,1.4035154905244418,-0.4105671404388653,-1.0911905601551661,21,27,29,30,26,30,47,45,45,43,72,71,44,68,-0.7715515146044158,-0.036224988584952246,0.2966555311767082,0.8773168631110799,-0.7537062233803018,1.6132816804366965,0.9480107398532608,43.04389973269202,7.034931568761003,ET_somali
13.456581101440532,14.297797256956406,9.798974118754007,8.651285806145252,15.674194894519193,17.059647007946563,16.98710870134878,5,1.5378304748729796,0.29440647957412996,-0.9818492325885356,-1.4681264253172972,1.3087434789943189,-0.2959948798965038,-1.075461385391725,21,27,28,30,26,30,47,45,43,49,72,72,40,66,-0.7383149784943459,-0.06007062330801151,0.3066679868303539,0.8975185215363489,-0.7160638493040622,1.627672463740368,0.9192799526073637,43.03204197094164,7.064396310080123,ET_somali
15.003212992362963,14.020107809056805,10.656398735891463,6.870738555042308,13.244194538801434,14.412283328408583,14.934456169453194,5,1.5063391777826771,0.24178168662400112,-1.0266675041945612,-1.4539310196894664,1.2622962203743433,-0.38934939310232825,-1.0903858121647927,21,27,29,30,26,30,47,88,95,92,136,136,91,119,-0.78968660210061,-0.027228216287233986,0.30245915798447043,0.8932046212471947,-0.6293373043315555,1.6267083723059321,0.921492451907873,42.942929094756984,7.040231628937308,ET_somali
16.61783302653441,15.062377796885999,11.17156570756183,11.14080175025874,14.945829499425729,12.626766584879972,14.098985548273408,5,1.4732291531304011,-0.005768909465455083,-1.0297108808784314,-1.3352479716191006,1.49333540941377,-0.3711795182549005,-1.0063276757644537,21,27,30,30,26,30,47,92,89,86,144,142,104,124,-0.8653936212969849,0.10317323766718733,0.37019379138198916,0.9743758853594711,-0.8067475922004873,1.4712819050325052,0.9336070808582515,42.63741206662794,6.701746429881072,ET_somali
19.379853283702246,19.98887402958235,13.619463825251422,10.591314398243162,20.071644516600102,16.962942384629397,15.709418551832723,5,1.407008483684397,0.1804203383163563,-1.054986298270569,-1.416996578471047,1.4474468092189805,-0.3899890628808443,-1.0579568703894962,21,27,29,30,26,30,47,84,91,95,142,142,87,134,-0.8313221597807433,0.08037278804335077,0.38882913600723923,0.9466293806953973,-0.8403358247454527,1.5351453580767378,0.8825691012324263,42.728411404909245,6.774240473309518,ET_somali
17.695472548522556,15.634002353984663,8.301597521375465,6.60822797204217,15.924118945158604,16.58276676314651,14.242937796218365,5,1.3424411761747934,0.02739554883140905,-0.9348763698423411,-1.2005154287487443,1.8152973191414952,-0.4038762530584514,-1.0178160307481257,21,27,30,30,26,30,47,92,94,93,134,135,90,112,-0.6550383075400492,-0.09064583442686555,0.2824648445276315,0.886210832272663,-1.2442335684899954,1.5538265069958421,0.8997763415741118,42.86342819211241,6.684858102539625,ET_somali
17.24958384521,15.382154087015056,13.954466099176537,12.046502962912394,12.737242298024713,10.421263255109281,12.097908824212652,5,1.3529914239389917,0.3157675186770018,-1.0549876825709128,-1.4759813025757542,1.4123174523930355,-0.33667610988158714,-1.1056214429427367,21,27,29,30,26,30,47,91,94,77,142,142,95,131,-0.7963231715208423,0.00823037814722508,0.43153191118324025,0.9903462842578282,-0.8114760612824062,1.5310615073607412,0.845754486140632,42.65465972008303,6.910155575796801,ET_somali
21.687544876339278,19.80528312225643,12.555836857245165,8.066445286709364,25.61982185317698,22.98886053452597,18.791839830079354,5,1.4207623097413509,-0.07109237367622483,-0.9074907503036578,-1.1377987028402692,1.770291488954187,-0.4576098370873855,-1.018402160214964,21,27,30,30,26,30,47,41,48,46,72,71,41,63,-0.7510361385738482,-0.06381835551828934,0.3784235724048356,0.9021180721125512,-1.0925271429125925,1.4884877806826518,0.9553551147631955,43.04111495531125,6.677761411795081,ET_somali
18.91229971420823,16.67872724715295,13.638071697435498,12.01079685543212,24.757962549143617,25.305379368063132,18.71444049767738,5,1.4290786361220464,-0.12943589964128605,-0.8755010053025455,-1.0740337129080755,1.8495508643579108,-0.4289610178695169,-0.9749693281753323,21,27,30,30,26,30,47,38,50,45,72,72,38,59,-0.7809844432042012,-0.008989467005223623,0.4097504550195662,0.9335393070177366,-1.1666361649848402,1.4290448451675672,0.9400511108489205,43.01039257259436,6.6470390290781936,ET_somali
21.70181243261849,24.928290978609525,13.193074983373634,10.676100465025518,18.711952951316746,16.59022741811086,12.915414195328664,5,1.3663618028862188,0.19593722101677602,-1.0172774660890156,-1.3942693854685455,1.4662668310454214,-0.4587425174361079,-1.0937059315808724,21,27,29,30,26,30,47,91,87,88,143,141,95,121,-0.7902065993071062,-0.02851830880413578,0.30062857562481743,0.8846597191206492,-0.7993147577048151,1.619773985161801,0.927235899630435,42.880765677095916,6.9204862015641755,ET_somali
15.01762830726983,13.944836503510967,11.748645591853077,6.5590483758095575,16.47529507447313,14.5008850352573,14.293573877812262,5,1.4084358936560344,0.3309027414984514,-0.9612645639526001,-1.532500104018425,1.3862197198262811,-0.21995833775466872,-1.1443125572127704,21,27,29,30,26,30,46,49,45,48,72,72,50,57,-0.752615673088833,-0.014157427327226852,0.46444866223036946,1.1015266383592515,-0.8206435982246969,1.4784282655600456,0.7852250579535314,42.72751308962513,7.034212916533707,ET_somali
33.045885981099254,24.088266072654175,15.150158008153463,15.297703085933184,25.378332762372114,28.805462060047553,21.635739187772092,5,1.2968252562874578,0.13577389998495154,-0.932807901251562,-1.3360313725460908,1.517188342075873,-0.4853783026605439,-1.115584404764774,21,27,28,30,26,30,47,45,44,42,72,72,45,60,-0.71810801624513,-0.03477407210867093,0.258797960983234,0.8395537267676325,-0.8603947812976458,1.5798204419621427,0.9979423483851125,43.08297644755122,6.9435729043660475,ET_somali
19.76889683792137,19.931048307523973,12.908576690151317,9.833051481243206,19.58647588008623,16.644389709522965,12.904730909415509,5,1.5378304748729796,0.29440647957412996,-0.9818492325885356,-1.4681264253172972,1.3087434789943189,-0.2959948798965038,-1.075461385391725,21,27,28,30,26,30,47,41,44,45,72,72,38,65,-0.7383149784943459,-0.06007062330801151,0.3066679868303539,0.8975185215363489,-0.7160638493040622,1.627672463740368,0.9192799526073637,43.00976375189548,7.085686382313756,ET_somali
15.311868936411658,12.269258285760635,10.71068682762507,9.330452673410845,7.316802486831506,9.879934523818271,12.267475765781219,5,1.3529914239389917,0.3157675186770018,-1.0549876825709128,-1.4759813025757542,1.4123174523930355,-0.33667610988158714,-1.1056214429427367,21,27,29,30,26,30,47,92,90,89,142,144,98,114,-0.7963231715208423,0.00823037814722508,0.43153191118324025,0.9903462842578282,-0.8114760612824062,1.5310615073607412,0.845754486140632,42.69750935913553,6.936925371263563,ET_somali
20.628259606847063,19.07198498414014,12.801156357419602,8.621301315372849,20.494480128067003,20.0214732009208,17.304360630606762,5,1.3705031788285946,0.00988723619133849,-0.9398020717560758,-1.237646973423715,1.6680610708290102,-0.4926415993444379,-1.0616273411194674,21,27,29,30,26,30,47,50,46,44,72,71,41,60,-0.7663635515775681,-0.042304921216447196,0.3071713040760836,0.8821498614189275,-0.9571661570966369,1.5599956467140308,0.9629932123119791,42.97113619467834,6.835775070271705,ET_somali
20.03434661053667,20.63266734482379,13.774274886141017,11.874321493348049,20.65111432177584,15.258932481955023,19.10394120801551,5,1.400619516498148,0.13639916686094228,-1.0588408775515223,-1.4047615765228127,1.4275721494428053,-0.358859270370405,-1.0638005916980284,21,27,29,30,26,30,47,89,90,94,142,142,92,120,-0.8132819311339723,-0.06157498970515298,0.34736931351730216,0.9688983359028114,-0.6432457301813186,1.5194175172262112,0.9543013906016251,42.601838781376806,6.7984051544523325,ET_somali
19.65117295286892,17.853453815514367,12.720781220609597,9.083806020530611,14.81165303560374,11.159317895817845,12.68519470857086,5,1.407008483684397,0.1804203383163563,-1.054986298270569,-1.416996578471047,1.4474468092189805,-0.3899890628808443,-1.0579568703894962,21,27,29,30,26,30,47,94,93,87,145,142,100,117,-0.8313221597807433,0.08037278804335077,0.38882913600723923,0.9466293806953973,-0.8403358247454527,1.5351453580767378,0.8825691012324263,42.68178884166344,6.781516827110885,ET_somali
21.142192199355996,16.225507141465105,13.490745402234086,8.715109535106302,11.341345395846547,12.616294630194886,10.801271087554145,5,1.3529914239389917,0.3157675186770018,-1.0549876825709128,-1.4759813025757542,1.4123174523930355,-0.33667610988158714,-1.1056214429427367,21,27,29,30,26,30,47,89,86,94,142,142,93,117,-0.7963231715208423,0.00823037814722508,0.43153191118324025,0.9903462842578282,-0.8114760612824062,1.5310615073607412,0.845754486140632,42.746287879063225,6.853382049840447,ET_somali
15.064174785461468,17.223067207991704,7.712093352851742,6.7705809386038105,12.934664676357267,16.03051417027344,13.392239705047063,5,1.5030451421664652,0.2865923445742261,-0.9822100472435463,-1.5233794192541823,1.2737576631114165,-0.3186936310699852,-1.109038507813507,21,27,29,30,26,30,47,86,80,88,143,138,88,124,-0.8046492038629011,0.010894407206609426,0.3600000564914225,0.9796475322251894,-0.7654554947049417,1.6033128297274721,0.8403850203366645,42.75374389592142,6.993249739577857,ET_somali
22.59006505140838,18.7884183992083,10.88261150129555,11.010388080008186,20.22446111051005,20.37489277213757,19.601936526283822,5,1.3138158421270127,0.04552567933431455,-0.9094480541737856,-1.2390249094513237,1.690643784122922,-0.47575578486465264,-1.08408710339862,21,27,29,30,26,30,47,41,42,47,72,72,38,56,-0.6791968017570821,-0.020838891704209404,0.29840599055552197,0.8594985881606318,-1.0797698693748627,1.5316538440340468,0.9664011083099897,43.08908499148323,6.795710208599974,ET_somali
16.939529911718925,15.865248105723197,9.705455556074314,8.424639859420314,17.8012405934274,17.311256935793484,15.967103221116458,5,1.3663618028862188,0.19593722101677602,-1.0172774660890156,-1.3942693854685455,1.4662668310454214,-0.4587425174361079,-1.0937059315808724,21,27,29,30,26,30,47,87,89,80,143,143,89,125,-0.7902065993071062,-0.02851830880413578,0.30062857562481743,0.8846597191206492,-0.7993147577048151,1.619773985161801,0.927235899630435,42.86576381185112,6.857154974033749,ET_somali
18.724627258947546,17.966274224830418,11.301714844717223,10.331737992599555,15.737145654011758,13.419349733272982,8.8725044157082,5,1.3900782527746869,0.10634274320472821,-0.9941298942515587,-1.3695476548205208,1.6193325981972604,-0.342731296174307,-1.0134492680969163,21,27,30,30,26,30,47,175,181,198,284,279,192,249,-0.8158393355817065,0.10750430265952693,0.3766657731288312,0.9607857411243086,-0.9942215067662312,1.4850915827970534,0.9055173022293398,42.698407674419656,6.7262704371375355,ET_somali
29.841858374356804,26.083480534669924,14.184496456082169,13.635053510801132,24.685947206607167,20.438986263500777,17.994997394401643,5,1.316326212704982,0.11697933222728593,-0.9821046266635719,-1.2911417183386236,1.6998129958690293,-0.44032376715214433,-1.0629881762254807,21,27,29,30,26,30,47,89,86,82,122,112,76,102,-0.6926845850342241,-0.09474057657722082,0.27933752732230815,0.892719244430652,-1.0768064151825376,1.5988688489038072,0.9067895627489803,42.90331339072732,6.84107513044801,ET_somali
22.817235053341737,21.455291825496325,11.349813907708,7.232936975816495,25.734096255227197,20.3838196357476,15.130887260461462,5,1.5036942215666544,0.2944230519108203,-0.9673311213594943,-1.4360823744049116,1.3003856784552321,-0.3078870940886418,-1.0960057760121498,21,27,28,30,26,30,47,44,46,45,72,72,46,66,-0.7220619934328142,-0.07688209127668776,0.28686137810829604,0.8669471422337676,-0.6443881354680451,1.5905489531068844,0.9812931950140658,43.068154245363246,7.060713217415233,ET_somali
19.41147958763234,17.77843160356415,11.178588863738264,10.978690948415773,20.88468744792221,20.450364886498537,19.40844850428589,5,1.3424411761747934,0.02739554883140905,-0.9348763698423411,-1.2005154287487443,1.8152973191414952,-0.4038762530584514,-1.0178160307481257,21,27,30,30,26,30,47,40,51,50,71,72,37,64,-0.6550383075400492,-0.09064583442686555,0.2824648445276315,0.886210832272663,-1.2442335684899954,1.5538265069958421,0.8997763415741118,42.89208444967582,6.655123866635269,ET_somali
22.114420395419593,18.899458904010917,18.99064006164086,11.361570653716702,16.968650197978413,14.564358182073388,15.431929155120981,5,1.4067916738589474,0.30024164029479794,-0.9049191400186886,-1.5192074987128292,1.3490569224826838,-0.09587811290398927,-1.1763664281784496,21,27,29,30,26,30,46,92,87,89,144,142,90,98,-0.660834964446682,-0.17369699166714472,0.4538981955983381,1.1062129274018044,-0.6778769465832822,1.472503886308751,0.8294771486119024,42.60264726513251,7.0849677300864595,ET_somali
16.53493667851346,17.492873821969958,10.92673349539592,8.42415149314948,14.605735553961875,13.57385223671766,13.740750325217071,5,1.3529914239389917,0.3157675186770018,-1.0549876825709128,-1.4759813025757542,1.4123174523930355,-0.33667610988158714,-1.1056214429427367,21,27,29,30,26,30,47,95,91,88,142,142,88,124,-0.7963231715208423,0.00823037814722508,0.43153191118324025,0.9903462842578282,-0.8114760612824062,1.5310615073607412,0.845754486140632,42.74871333033035,6.887518030636989,ET_somali
17.956481095234853,18.51325568903873,9.746997868936642,9.362267683793888,19.24723905876317,17.13041443544572,15.439368105776335,5,1.3663618028862188,0.19593722101677602,-1.0172774660890156,-1.3942693854685455,1.4662668310454214,-0.4587425174361079,-1.0937059315808724,21,27,29,30,26,30,47,46,48,43,72,72,42,63,-0.7902065993071062,-0.02851830880413578,0.30062857562481743,0.8846597191206492,-0.7993147577048151,1.619773985161801,0.927235899630435,42.94364774698428,6.903058885052257,ET_somali
17.49546451893789,16.724965113444078,13.849212182452078,11.585542450592976,14.585294548751493,13.389885260144437,16.424560839595717,5,1.3900782527746869,0.10634274320472821,-0.9941298942515587,-1.3695476548205208,1.6193325981972604,-0.342731296174307,-1.0134492680969163,21,27,30,30,26,30,47,109,111,127,184,198,132,185,-0.8158393355817065,0.10750430265952693,0.3766657731288312,0.9607857411243086,-0.9942215067662312,1.4850915827970534,0.9055173022293398,42.679093895811086,6.719083914864579,ET_somali
19.122092215828673,15.359163592449093,16.403176158235127,11.972898904819097,16.21940405392192,14.809563163620634,11.595228697318245,5,1.5030451421664652,0.2865923445742261,-0.9822100472435463,-1.5233794192541823,1.2737576631114165,-0.3186936310699852,-1.109038507813507,21,27,29,30,26,30,47,92,90,92,142,143,94,128,-0.8046492038629011,0.010894407206609426,0.3600000564914225,0.9796475322251894,-0.7654554947049417,1.6033128297274721,0.8403850203366645,42.79758168178645,7.039782471295248,ET_somali
17.964748188941687,12.841447643726346,14.507270369903106,9.452306263631234,14.233712845273317,9.822668742557745,11.040773840916074,5,1.4084358936560344,0.3309027414984514,-0.9612645639526001,-1.532500104018425,1.3862197198262811,-0.21995833775466872,-1.1443125572127704,21,27,29,30,26,30,47,87,87,86,142,142,95,117,-0.752615673088833,-0.014157427327226852,0.46444866223036946,1.1015266383592515,-0.8206435982246969,1.4784282655600456,0.7852250579535314,42.66319371528217,6.966210449525859,ET_somali
19.500537538952006,21.86898267366181,11.930119556237416,11.13137448921814,22.863656366695412,19.365347563357666,17.992577414587966,5,1.4207623097413509,-0.07109237367622483,-0.9074907503036578,-1.1377987028402692,1.770291488954187,-0.4576098370873855,-1.018402160214964,21,27,30,30,26,30,47,41,54,48,72,72,43,65,-0.7510361385738482,-0.06381835551828934,0.3784235724048356,0.9021180721125512,-1.0925271429125925,1.4884877806826518,0.9553551147631955,43.00221790350888,6.684408944897565,ET_somali
20.40864860619324,17.936395667781763,15.722238339699432,9.611868234782884,23.261664465958656,13.516592920215253,18.276957402358136,5,1.3313670647796745,0.33408217025361286,-0.990003927020926,-1.4909706033130243,1.421410209212436,-0.17176761817961644,-1.1574303191230988,21,27,29,30,26,30,47,92,91,81,144,144,100,108,-0.7413820887732112,-0.12491726402441546,0.4997508483887037,1.0970592745075096,-0.6559530465070612,1.4259955867821106,0.848692823892176,42.61675081509319,6.988398837043611,ET_somali
21.238975685743235,20.82980210810249,14.694208613686405,11.78676908524688,18.740997704907212,13.713734347703156,16.415727434448947,5,1.4732291531304011,-0.005768909465455083,-1.0297108808784314,-1.3352479716191006,1.49333540941377,-0.3711795182549005,-1.0063276757644537,21,27,30,30,26,30,47,90,94,85,142,140,108,130,-0.8653936212969849,0.10317323766718733,0.37019379138198916,0.9743758853594711,-0.8067475922004873,1.4712819050325052,0.9336070808582515,42.62420683195138,6.731390834257017,ET_somali
16.168992958957922,14.569758789734584,13.229359856376792,12.07832998567807,14.386356128749703,12.658533993533148,15.805198104436354,5,1.4084358936560344,0.3309027414984514,-0.9612645639526001,-1.532500104018425,1.3862197198262811,-0.21995833775466872,-1.1443125572127704,21,27,29,30,26,30,47,48,45,46,71,72,52,59,-0.752615673088833,-0.014157427327226852,0.46444866223036946,1.1015266383592515,-0.8206435982246969,1.4784282655600456,0.7852250579535314,42.71619431704522,7.024511111465216,ET_somali
20.71072275391383,18.1190058907801,10.077384244468906,10.557178137275601,17.37757198847767,17.081298761685783,12.493702288520746,5,1.316326212704982,0.11697933222728593,-0.9821046266635719,-1.2911417183386236,1.6998129958690293,-0.44032376715214433,-1.0629881762254807,21,27,29,30,26,30,47,93,93,94,142,144,84,128,-0.6926845850342241,-0.09474057657722082,0.27933752732230815,0.892719244430652,-1.0768064151825376,1.5988688489038072,0.9067895627489803,42.87187235578313,6.803974709213874,ET_somali
24.927242095827395,23.487460931783676,16.671645922952038,10.901465555572585,19.300387164982126,17.973036900226873,19.64144583739507,5,1.3869023844779442,0.29033591700995026,-1.0644881475602936,-1.4482877695010932,1.3869599699559951,-0.41263332804443714,-1.0879945896679215,21,27,29,30,26,30,47,92,92,87,143,143,89,125,-0.7924194943489292,0.028092417789271996,0.3773680612427183,0.935499828770558,-0.8611025911221218,1.5951465155755056,0.8399069467520772,42.8340532823217,6.9344999199964406,ET_somali
32.00807604416645,28.01118874538413,14.38729329618911,13.698180319861384,26.93699801180572,23.870058715680344,18.679675817564227,5,1.3705031788285946,0.00988723619133849,-0.9398020717560758,-1.237646973423715,1.6680610708290102,-0.4926415993444379,-1.0616273411194674,21,27,29,30,26,30,47,43,47,45,72,72,40,66,-0.7663635515775681,-0.042304921216447196,0.3071713040760836,0.8821498614189275,-0.9571661570966369,1.5599956467140308,0.9629932123119791,43.002307735037284,6.84799215813573,ET_somali
21.721760076517874,20.29487188648758,12.816071387115214,11.16182586405974,15.814215353600959,15.105920444876567,14.093505432005053,5,1.407008483684397,0.1804203383163563,-1.054986298270569,-1.416996578471047,1.4474468092189805,-0.3899890628808443,-1.0579568703894962,21,27,29,30,26,30,47,94,91,80,142,143,100,121,-0.8313221597807433,0.08037278804335077,0.38882913600723923,0.9466293806953973,-0.8403358247454527,1.5351453580767378,0.8825691012324263,42.66328354681058,6.833978439703466,ET_somali
21.082727344440098,22.4604885046357,6.7934128505712446,9.29320387205156,24.18206866702402,24.323732746724367,27.809065010731953,5,1.3828660812628286,-0.054890122457852394,-0.8885511442897512,-1.1552850638339327,1.8524248732035342,-0.38116994078135075,-0.9714191822463156,21,27,30,30,26,30,47,44,47,47,71,73,37,63,-0.7669794803000288,-0.008694986236374389,0.3079474922432356,0.9348389342405405,-1.138917779753145,1.4846845014481485,0.9565589698161219,42.93529341484197,6.634103288986872,ET_somali
18.794867662399096,13.769953428497178,10.454680524649833,8.923170268890939,13.564921882853263,12.92429269225274,14.258746321968918,5,1.3332550908554919,0.12509206035317993,-0.9554945712583881,-1.3179821989352114,1.7499323323416622,-0.3503192626003524,-1.0163732592748949,21,27,30,30,26,30,47,88,95,94,143,144,90,125,-0.7593107633472526,0.020901687353303326,0.2893957308993633,0.9249750348244967,-1.0923391002007654,1.547630241890747,0.9175203583052862,42.777100093308526,6.662939209607109,ET_somali
25.734601083919134,26.492038427770968,14.27463882379029,13.973858412305152,24.469083632858965,18.258056428698758,20.532340648136945,5,1.3705031788285946,0.00988723619133849,-0.9398020717560758,-1.237646973423715,1.6680610708290102,-0.4926415993444379,-1.0616273411194674,21,27,29,30,26,30,47,43,49,42,72,72,40,63,-0.7663635515775681,-0.042304921216447196,0.3071713040760836,0.8821498614189275,-0.9571661570966369,1.5599956467140308,0.9629932123119791,43.01793842098097,6.777833734445996,ET_somali
19.14834844460309,14.135393663668443,13.919654715542057,10.405920542091888,14.270861702108935,13.168416211296126,13.665576704827066,5,1.3313670647796745,0.33408217025361286,-0.990003927020926,-1.4909706033130243,1.421410209212436,-0.17176761817961644,-1.1574303191230988,21,27,29,30,26,30,46,94,78,91,144,142,102,102,-0.7413820887732112,-0.12491726402441546,0.4997508483887037,1.0970592745075096,-0.6559530465070612,1.4259955867821106,0.848692823892176,42.6251051472355,7.026846731203927,ET_somali
17.165410651102412,15.68447174893914,11.606727225563434,8.992268912795701,16.07944885927456,14.798050977056358,12.183654220993613,5,1.3869023844779442,0.29033591700995026,-1.0644881475602936,-1.4482877695010932,1.3869599699559951,-0.41263332804443714,-1.0879945896679215,21,27,29,30,26,30,47,92,88,89,142,142,94,123,-0.7924194943489292,0.028092417789271996,0.3773680612427183,0.935499828770558,-0.8611025911221218,1.5951465155755056,0.8399069467520772,42.76829660352415,6.8625448657384664,ET_somali
24.57384295933389,22.47390324696333,14.233020627676357,10.079331886695593,16.199160325423772,17.506308668225884,16.330904841996308,5,1.3663618028862188,0.19593722101677602,-1.0172774660890156,-1.3942693854685455,1.4662668310454214,-0.4587425174361079,-1.0937059315808724,21,27,29,30,26,30,47,89,91,91,143,142,92,124,-0.7902065993071062,-0.02851830880413578,0.30062857562481743,0.8846597191206492,-0.7993147577048151,1.619773985161801,0.927235899630435,42.87016555674331,6.867395768272712,ET_somali
21.09696345499673,21.031663506717518,13.458542161131,11.548618098566054,15.854475984158043,14.154912771422842,13.722388718974264,5,1.3287024234453388,0.05459835881637828,-0.9302215416387265,-1.3153444241315635,1.7936634099958764,-0.2878441867731908,-0.9550414046236495,21,27,30,30,26,30,47,140,130,173,268,267,162,202,-0.837693880961428,0.11730431499484556,0.27411487886413144,0.9604009588511686,-1.0693423538664748,1.4837584530268344,0.9521533488411248,42.667595460174354,6.620538728196667,ET_somali
16.057905542786674,14.029058029502483,15.362480051107626,12.02068550515415,16.156483530678738,12.077635751252407,11.872858895581905,5,1.3313670647796745,0.33408217025361286,-0.990003927020926,-1.4909706033130243,1.421410209212436,-0.17176761817961644,-1.1574303191230988,21,27,29,30,26,30,46,86,88,88,144,144,94,107,-0.7413820887732112,-0.12491726402441546,0.4997508483887037,1.0970592745075096,-0.6559530465070612,1.4259955867821106,0.848692823892176,42.633728973963045,7.038255335312245,ET_somali
20.232101771271406,19.356557215793586,9.803001443223902,8.747024890631176,21.145071939428,21.144100647513117,20.158825627264978,5,1.5378304748729796,0.29440647957412996,-0.9818492325885356,-1.4681264253172972,1.3087434789943189,-0.2959948798965038,-1.075461385391725,21,27,29,30,26,30,47,54,68,55,77,77,49,66,-0.7383149784943459,-0.06007062330801151,0.3066679868303539,0.8975185215363489,-0.7160638493040622,1.627672463740368,0.9192799526073637,42.962063210308735,7.051730064574038,ET_somali
15.602262375964244,19.389564769732885,14.565830720750519,8.516684924970923,13.546188583061337,10.38396091249915,9.26980143099949,5,1.3529914239389917,0.3157675186770018,-1.0549876825709128,-1.4759813025757542,1.4123174523930355,-0.33667610988158714,-1.1056214429427367,21,27,29,30,26,30,47,80,73,86,139,135,83,113,-0.7963231715208423,0.00823037814722508,0.43153191118324025,0.9903462842578282,-0.8114760612824062,1.5310615073607412,0.845754486140632,42.72868089949448,6.887967188279049,ET_somali
24.02909864739793,20.958159407528605,12.603654189920263,9.828558793073674,21.29879248870979,25.069378478611377,19.67067451290605,5,1.3709942589915551,-0.031148745176406693,-0.8838222834745633,-1.140471093245933,1.805235724232554,-0.4442700107354677,-1.0423948605171742,21,27,29,30,26,30,47,44,50,46,72,72,43,60,-0.6814281792928726,-0.05961064273384595,0.3499730134985623,0.8949609845938806,-1.192428572942584,1.462024633282096,0.9679184819796645,43.0836052682501,6.732828138711607,ET_somali
25.47665384818208,23.551542482040922,15.447180451797223,10.398139284274192,26.633525886627936,23.236081086200937,17.048846992178706,5,1.3377887939839384,0.1106550626016054,-0.9674301735449801,-1.3400859166638612,1.5336042864399364,-0.49772867155516354,-1.0933258290209085,21,27,29,30,26,30,47,44,49,43,72,71,42,68,-0.7815355128665085,-0.06123112043073587,0.2583328684564888,0.8590161265050622,-0.7931000232324755,1.6102713084275675,0.986605706309144,43.014075665259256,6.895962194307713,ET_somali
18.05200261187961,17.38870864064352,13.680028531993663,13.51635915638126,17.205653291739694,15.547281056778717,11.742806976404356,5,1.3288115917264236,0.03917750558792415,-0.9013120884647994,-1.263532628022271,1.8370250933675851,-0.3195677028417049,-0.9646230644926007,21,27,30,30,26,30,47,93,96,96,142,144,92,126,-0.7856783066195094,0.08798719049991524,0.3230095202287013,0.9751029937093896,-1.1815055715122695,1.44328535034479,0.9181569757055533,42.78976633881461,6.639672843748413,ET_somali
15.805019793924275,12.72255733633948,10.867438983362373,8.659540945611493,16.131249845639527,13.944784322079252,13.767035578682947,5,1.3332550908554919,0.12509206035317993,-0.9554945712583881,-1.3179821989352114,1.7499323323416622,-0.3503192626003524,-1.0163732592748949,21,27,30,30,26,30,47,87,96,97,143,143,95,129,-0.7593107633472526,0.020901687353303326,0.2893957308993633,0.9249750348244967,-1.0923391002007654,1.547630241890747,0.9175203583052862,42.75527103190442,6.653057741481794,ET_somali
17.641183000941734,17.699433754734542,7.545882787764809,9.194344259897134,17.805042888086557,17.799865418712855,15.195202045003853,5,1.3828660812628286,-0.054890122457852394,-0.8885511442897512,-1.1552850638339327,1.8524248732035342,-0.38116994078135075,-0.9714191822463156,21,27,30,30,26,30,47,45,55,49,71,73,41,68,-0.7669794803000288,-0.008694986236374389,0.3079474922432356,0.9348389342405405,-1.138917779753145,1.4846845014481485,0.9565589698161219,42.87825039430038,6.6334744682879885,ET_somali
20.461478827038032,18.994535986193,13.25433847381119,11.730694598862963,18.078737149547333,18.123593345997474,12.269555177593531,5,1.3332550908554919,0.12509206035317993,-0.9554945712583881,-1.3179821989352114,1.7499323323416622,-0.3503192626003524,-1.0163732592748949,21,27,30,30,26,30,47,87,88,92,143,143,89,128,-0.7593107633472526,0.020901687353303326,0.2893957308993633,0.9249750348244967,-1.0923391002007654,1.547630241890747,0.9175203583052862,42.786801898377014,6.686654733107864,ET_somali
22.643969989013673,19.602461286967696,11.695490847420622,9.079164547726002,17.60679182582904,13.165949171569302,12.316575802766506,5,1.3663618028862188,0.19593722101677602,-1.0172774660890156,-1.3942693854685455,1.4662668310454214,-0.4587425174361079,-1.0937059315808724,21,27,29,30,26,30,47,91,86,81,143,144,93,128,-0.7902065993071062,-0.02851830880413578,0.30062857562481743,0.8846597191206492,-0.7993147577048151,1.619773985161801,0.927235899630435,42.85848745804975,6.890931628716643,ET_somali
21.013524384834668,19.243666710580428,14.380143483644629,9.507141439153482,20.332203994569173,18.252778267811166,14.111664781691465,5,1.5063391777826771,0.24178168662400112,-1.0266675041945612,-1.4539310196894664,1.2622962203743433,-0.38934939310232825,-1.0903858121647927,21,27,29,30,26,30,47,91,87,93,142,142,90,130,-0.78968660210061,-0.027228216287233986,0.30245915798447043,0.8932046212471947,-0.6293373043315555,1.6267083723059321,0.921492451907873,42.88759287325522,6.998370136697338,ET_somali
18.32100804257338,19.058452374438243,10.630868510864357,8.279870709232034,15.143724914322831,13.341779641265411,13.681251425082197,5,1.393882301410419,-0.02517015549634814,-0.9696928174383549,-1.2901792547752802,1.7258094835776487,-0.3032088524634255,-0.9482693891086471,21,27,30,30,26,30,47,80,76,78,144,142,94,114,-0.8741532011435286,0.13472682323734192,0.34075208076764874,0.999568210388954,-1.0418677795059146,1.437113971445194,0.9353153955422646,42.634986615360816,6.647578018248665,ET_somali
21.856112492524762,20.16228993201222,15.9852334853263,15.031148162895336,18.218052798346495,16.250566602889293,14.77594394463658,5,1.316326212704982,0.11697933222728593,-0.9821046266635719,-1.2911417183386236,1.6998129958690293,-0.44032376715214433,-1.0629881762254807,21,27,29,30,26,30,47,91,89,90,138,141,88,127,-0.6926845850342241,-0.09474057657722082,0.27933752732230815,0.892719244430652,-1.0768064151825376,1.5988688489038072,0.9067895627489803,42.87672325831738,6.758969113479486,ET_somali
19.450915266936086,18.92302294735514,10.661763784668064,6.182450926727191,16.619156647384763,17.60295238907464,11.49829337829544,5,1.4347951163055976,0.2071077944657692,-0.9861766377028576,-1.410938834427696,1.4035154905244418,-0.4105671404388653,-1.0911905601551661,21,27,29,30,26,30,47,48,44,44,72,71,44,66,-0.7715515146044158,-0.036224988584952246,0.2966555311767082,0.8773168631110799,-0.7537062233803018,1.6132816804366965,0.9480107398532608,43.04398956422043,7.0387943244827165,ET_somali
19.891389761598038,17.4783584670109,12.770589330816726,10.426922815752292,16.144427833617808,17.102987322593748,12.56095315014003,5,1.2968252562874578,0.13577389998495154,-0.932807901251562,-1.3360313725460908,1.517188342075873,-0.4853783026605439,-1.115584404764774,21,27,29,30,26,30,47,42,44,47,72,72,44,70,-0.71810801624513,-0.03477407210867093,0.258797960983234,0.8395537267676325,-0.8603947812976458,1.5798204419621427,0.9979423483851125,43.05018793968086,6.93126598497361,ET_somali
17.475182668884397,17.108258446928335,10.337681629735828,8.832665047113204,17.27103455194435,15.883831466767182,13.249260364757895,5,1.4347951163055976,0.2071077944657692,-0.9861766377028576,-1.410938834427696,1.4035154905244418,-0.4105671404388653,-1.0911905601551661,21,27,28,30,26,30,47,44,45,47,72,72,38,62,-0.7715515146044158,-0.036224988584952246,0.2966555311767082,0.8773168631110799,-0.7537062233803018,1.6132816804366965,0.9480107398532608,43.02009437766285,6.992261592765326,ET_somali
22.421636222540933,21.719763518860677,15.490615018983098,8.97040205917494,20.584921288758704,17.410439529327483,12.65520828178711,5,1.3663618028862188,0.19593722101677602,-1.0172774660890156,-1.3942693854685455,1.4662668310454214,-0.4587425174361079,-1.0937059315808724,21,27,29,30,26,30,47,89,87,81,143,144,86,123,-0.7902065993071062,-0.02851830880413578,0.30062857562481743,0.8846597191206492,-0.7993147577048151,1.619773985161801,0.927235899630435,42.85103144119156,6.929918512047431,ET_somali
22.06436130039964,21.679680588552838,12.067797228112607,9.415324525100546,23.54293092115262,20.59954264654914,12.430820974141525,5,1.3332550908554919,0.12509206035317993,-0.9554945712583881,-1.3179821989352114,1.7499323323416622,-0.3503192626003524,-1.0163732592748949,21,27,29,30,26,30,47,90,90,92,142,142,95,126,-0.7593107633472526,0.020901687353303326,0.2893957308993633,0.9249750348244967,-1.0923391002007654,1.547630241890747,0.9175203583052862,42.83899401638436,6.744057079763102,ET_somali
21.68335370491027,19.559235098472172,11.469445761553603,11.713549499988249,23.280855008913914,25.608500046117886,24.756410397373664,5,1.3900782527746869,0.10634274320472821,-0.9941298942515587,-1.3695476548205208,1.6193325981972604,-0.342731296174307,-1.0134492680969163,21,27,30,30,26,30,47,175,181,179,284,283,175,257,-0.8158393355817065,0.10750430265952693,0.3766657731288312,0.9607857411243086,-0.9942215067662312,1.4850915827970534,0.9055173022293398,42.68771772253863,6.653506899123854,ET_somali
22.994591128775358,20.813874131975314,11.833851176817022,12.619492489369218,21.143551872801304,20.285687418795096,12.029629935684353,5,1.3095861247509155,0.2242567326815016,-1.0193456512905577,-1.3749493021357968,1.6453684686513759,-0.3884250297343409,-1.0607866350539694,21,27,29,30,26,30,47,95,88,94,142,142,93,126,-0.7381247604668582,-0.05813004924218078,0.28113703426589864,0.9110110898846078,-1.0053278850840424,1.6129464246290137,0.9001368409041494,42.83872452179912,6.7531300641327086,ET_somali
16.96099526848159,17.833884818094536,12.755548359638883,9.128625827018679,13.047246879240161,13.918038640081992,13.40552744473148,5,1.3287024234453388,0.05459835881637828,-0.9302215416387265,-1.3153444241315635,1.7936634099958764,-0.2878441867731908,-0.9550414046236495,21,27,30,30,26,30,47,108,108,127,202,222,133,169,-0.837693880961428,0.11730431499484556,0.27411487886413144,0.9604009588511686,-1.0693423538664748,1.4837584530268344,0.9521533488411248,42.66247506305487,6.634642278157344,ET_somali
20.56696681214053,21.323781865259267,9.88604461952979,7.856046115782481,18.174463207886888,16.467249182681112,12.717527657679657,5,1.4347951163055976,0.2071077944657692,-0.9861766377028576,-1.410938834427696,1.4035154905244418,-0.4105671404388653,-1.0911905601551661,21,27,29,30,26,30,47,47,44,43,72,71,44,68,-0.7715515146044158,-0.036224988584952246,0.2966555311767082,0.8773168631110799,-0.7537062233803018,1.6132816804366965,0.9480107398532608,43.04632518395914,7.035560389459886,ET_somali
18.21854933656753,17.50548194182291,13.933160186535996,8.610316614940082,21.10870720246525,22.347500364204304,17.595836247510377,5,1.3709942589915551,-0.031148745176406693,-0.8838222834745633,-1.140471093245933,1.805235724232554,-0.4442700107354677,-1.0423948605171742,21,27,30,30,26,30,47,45,49,48,72,73,39,64,-0.6814281792928726,-0.05961064273384595,0.3499730134985623,0.8949609845938806,-1.192428572942584,1.462024633282096,0.9679184819796645,43.075520430693025,6.6627595465502845,ET_somali
20.457715685348997,20.085480190636233,8.591478566003408,8.23508392423952,17.346242546833025,15.012374394822444,13.61257766362822,5,1.3663618028862188,0.19593722101677602,-1.0172774660890156,-1.3942693854685455,1.4662668310454214,-0.4587425174361079,-1.0937059315808724,21,27,29,30,26,30,47,87,90,85,143,143,87,121,-0.7902065993071062,-0.02851830880413578,0.30062857562481743,0.8846597191206492,-0.7993147577048151,1.619773985161801,0.927235899630435,42.85273824023139,6.944830545763814,ET_somali
30.459634602473223,25.020388421686143,13.439049528206006,12.596031922326071,24.772792960668763,17.97267785088484,17.118141151903355,5,1.316326212704982,0.11697933222728593,-0.9821046266635719,-1.2911417183386236,1.6998129958690293,-0.44032376715214433,-1.0629881762254807,21,27,29,30,26,30,47,52,61,48,76,76,51,68,-0.6926845850342241,-0.09474057657722082,0.27933752732230815,0.892719244430652,-1.0768064151825376,1.5988688489038072,0.9067895627489803,42.91741694068799,6.840266646692302,ET_somali
19.310676676153697,14.284349316619245,12.538915847524875,9.043433397777733,21.122117387827316,14.524898002116943,14.939210382679137,5,1.4084358936560344,0.3309027414984514,-0.9612645639526001,-1.532500104018425,1.3862197198262811,-0.21995833775466872,-1.1443125572127704,21,27,29,30,26,30,47,46,45,42,71,72,52,61,-0.752615673088833,-0.014157427327226852,0.46444866223036946,1.1015266383592515,-0.8206435982246969,1.4784282655600456,0.7852250579535314,42.71448751800539,6.998819294339397,ET_somali
20.05665102286297,20.295990131417966,13.933140377343504,8.472696752820182,21.41520615487278,21.03432029563432,19.22756052813803,5,1.4207623097413509,-0.07109237367622483,-0.9074907503036578,-1.1377987028402692,1.770291488954187,-0.4576098370873855,-1.018402160214964,21,27,30,30,26,30,47,43,49,50,72,72,39,61,-0.7510361385738482,-0.06381835551828934,0.3784235724048356,0.9021180721125512,-1.0925271429125925,1.4884877806826518,0.9553551147631955,43.04111495531125,6.684588607954389,ET_somali
13.727725319658568,13.445766478173308,9.83934265348603,9.72650406271516,14.204910783721584,13.161058483935035,11.533591898447193,5,1.3996224177041006,0.22208637652186744,-0.9495137425253164,-1.4025347666511756,1.3838583120291659,-0.40338245661009264,-1.1132492145627044,21,27,28,30,26,30,47,43,44,44,72,72,39,60,-0.7408197477089745,-0.04343974161851714,0.2731704108378665,0.854826489579725,-0.7190744037756035,1.5814532421499048,0.9994071672146703,43.05467951610146,6.984536081321897,ET_somali
18.084105595025136,21.88635952428276,9.702005686016031,10.281791691821285,18.912672969052903,15.80484546166228,13.188690224862114,5,1.3900782527746869,0.10634274320472821,-0.9941298942515587,-1.3695476548205208,1.6193325981972604,-0.342731296174307,-1.0134492680969163,21,27,30,30,26,30,47,88,98,95,142,144,94,123,-0.8158393355817065,0.10750430265952693,0.3766657731288312,0.9607857411243086,-0.9942215067662312,1.4850915827970534,0.9055173022293398,42.70792981643132,6.666891796857235,ET_somali
16.801864522996098,16.77921397527697,11.778871816285392,9.079505286285771,20.66018749596447,19.676556840566803,18.096169720319295,5,1.4347951163055976,0.2071077944657692,-0.9861766377028576,-1.410938834427696,1.4035154905244418,-0.4105671404388653,-1.0911905601551661,21,27,29,30,26,30,47,45,45,45,72,71,44,67,-0.7715515146044158,-0.036224988584952246,0.2966555311767082,0.8773168631110799,-0.7537062233803018,1.6132816804366965,0.9480107398532608,43.04156411295331,7.012922844300074,ET_somali
22.7928614821939,20.715440408298743,11.984019230851132,10.746398084023822,23.88383044930833,18.566898717172062,20.72488550299474,5,1.3424411761747934,0.02739554883140905,-0.9348763698423411,-1.2005154287487443,1.8152973191414952,-0.4038762530584514,-1.0178160307481257,21,27,30,30,26,30,47,38,44,45,71,72,39,60,-0.6550383075400492,-0.09064583442686555,0.2824648445276315,0.886210832272663,-1.2442335684899954,1.5538265069958421,0.8997763415741118,42.93897650750686,6.680186863062204,ET_somali
17.088311127907872,21.53587594388356,11.896476888242873,11.298774979394697,28.078136703806255,31.058370717027284,36.42886555257169,5,1.3828660812628286,-0.054890122457852394,-0.8885511442897512,-1.1552850638339327,1.8524248732035342,-0.38116994078135075,-0.9714191822463156,21,27,30,30,26,30,47,41,51,47,71,72,38,61,-0.7669794803000288,-0.008694986236374389,0.3079474922432356,0.9348389342405405,-1.138917779753145,1.4846845014481485,0.9565589698161219,42.918405087500524,6.613981026622595,ET_somali
21.045653659089492,20.359403518273556,12.757910767416748,9.835591528222652,19.096406963844256,18.372012893612858,16.511475010397596,5,1.3095861247509155,0.2242567326815016,-1.0193456512905577,-1.3749493021357968,1.6453684686513759,-0.3884250297343409,-1.0607866350539694,21,27,29,30,26,30,47,87,93,90,143,142,94,118,-0.7381247604668582,-0.05813004924218078,0.28113703426589864,0.9110110898846078,-1.0053278850840424,1.6129464246290137,0.9001368409041494,42.8309990103557,6.848171821192554,ET_somali
24.01966307062085,23.59650414934734,13.435654358986408,12.833589482262894,23.095476323616925,20.31135517882212,19.79651665556424,5,1.4207623097413509,-0.07109237367622483,-0.9074907503036578,-1.1377987028402692,1.770291488954187,-0.4576098370873855,-1.018402160214964,21,27,29,30,26,30,47,39,46,43,72,72,42,65,-0.7510361385738482,-0.06381835551828934,0.3784235724048356,0.9021180721125512,-1.0925271429125925,1.4884877806826518,0.9553551147631955,43.039497987799834,6.7427096068369226,ET_somali
22.514369819783973,20.885741409276086,16.313225819165744,12.130543953747752,23.779019752785903,22.00406205491147,16.020890453112294,5,1.4207623097413509,-0.07109237367622483,-0.9074907503036578,-1.1377987028402692,1.770291488954187,-0.4576098370873855,-1.018402160214964,21,27,30,30,26,30,47,44,46,50,72,73,38,58,-0.7510361385738482,-0.06381835551828934,0.3784235724048356,0.9021180721125512,-1.0925271429125925,1.4884877806826518,0.9553551147631955,43.02108252447538,6.6669816283856465,ET_somali
24.768131081586695,23.561689328299945,12.858260501185583,13.114418249696724,24.851315446726336,20.423416801203736,16.816339657869875,5,1.3705031788285946,0.00988723619133849,-0.9398020717560758,-1.237646973423715,1.6680610708290102,-0.4926415993444379,-1.0616273411194674,21,27,29,30,26,30,47,46,48,40,72,71,38,62,-0.7663635515775681,-0.042304921216447196,0.3071713040760836,0.8821498614189275,-0.9571661570966369,1.5599956467140308,0.9629932123119791,43.033838601509885,6.797686502225037,ET_somali
22.53800705051182,20.09259782153663,14.940033724096448,13.947793438492194,25.39481700340197,23.21041825991346,16.585781646280573,5,1.3332550908554919,0.12509206035317993,-0.9554945712583881,-1.3179821989352114,1.7499323323416622,-0.3503192626003524,-1.0163732592748949,21,27,29,30,26,30,47,93,86,94,142,142,96,132,-0.7593107633472526,0.020901687353303326,0.2893957308993633,0.9249750348244967,-1.0923391002007654,1.547630241890747,0.9175203583052862,42.823992151139564,6.746213036444988,ET_somali
15.242541629227905,17.729487857133172,13.854058113028044,9.77481653248618,18.38883180890945,19.689555212591188,20.115122107980575,5,1.5378304748729796,0.29440647957412996,-0.9818492325885356,-1.4681264253172972,1.3087434789943189,-0.2959948798965038,-1.075461385391725,21,27,28,30,26,30,47,42,45,47,72,73,44,66,-0.7383149784943459,-0.06007062330801151,0.3066679868303539,0.8975185215363489,-0.7160638493040622,1.627672463740368,0.9192799526073637,43.03105382412911,7.055862314880987,ET_somali
23.272790435754477,23.900817482048136,15.334264560326327,11.8562214648467,25.227498052679948,33.41874101825307,20.78978499328586,5,1.4207623097413509,-0.07109237367622483,-0.9074907503036578,-1.1377987028402692,1.770291488954187,-0.4576098370873855,-1.018402160214964,21,27,29,30,26,30,47,42,46,45,72,71,39,67,-0.7510361385738482,-0.06381835551828934,0.3784235724048356,0.9021180721125512,-1.0925271429125925,1.4884877806826518,0.9553551147631955,43.047672656885325,6.705429522545962,ET_somali
20.230013326879416,21.87110188008306,14.278827250364172,8.883458021257434,19.07126039947441,17.795800286268577,17.88263960956522,5,1.4207623097413509,-0.07109237367622483,-0.9074907503036578,-1.1377987028402692,1.770291488954187,-0.4576098370873855,-1.018402160214964,21,27,29,30,26,30,47,45,53,45,72,72,42,65,-0.7510361385738482,-0.06381835551828934,0.3784235724048356,0.9021180721125512,-1.0925271429125925,1.4884877806826518,0.9553551147631955,43.0144349913729,6.709382109796088,ET_somali
22.597959331224683,17.860071882557975,12.426821743336072,12.056907696096909,19.000756677750754,18.370149322674138,13.48630880032774,5,1.3332550908554919,0.12509206035317993,-0.9554945712583881,-1.3179821989352114,1.7499323323416622,-0.3503192626003524,-1.0163732592748949,21,27,30,30,26,30,47,87,93,91,143,144,94,130,-0.7593107633472526,0.020901687353303326,0.2893957308993633,0.9249750348244967,-1.0923391002007654,1.547630241890747,0.9175203583052862,42.76506266850132,6.6876428799203955,ET_somali
20.906427203769823,23.24550801679831,8.234346731450993,10.280631588283738,18.94683186653289,17.911817467317846,15.31563864548301,5,1.3287024234453388,0.05459835881637828,-0.9302215416387265,-1.3153444241315635,1.7936634099958764,-0.2878441867731908,-0.9550414046236495,21,27,30,30,26,30,47,164,182,184,282,281,175,229,-0.837693880961428,0.11730431499484556,0.27411487886413144,0.9604009588511686,-1.0693423538664748,1.4837584530268344,0.9521533488411248,42.6739734986916,6.612633553696416,ET_somali
18.316343489460632,14.69582909684873,12.238246670043953,11.456716572534164,17.69613803979713,12.13980041292597,15.051226613475189,5,1.4084358936560344,0.3309027414984514,-0.9612645639526001,-1.532500104018425,1.3862197198262811,-0.21995833775466872,-1.1443125572127704,21,27,29,30,26,30,47,46,44,40,72,72,53,59,-0.752615673088833,-0.014157427327226852,0.46444866223036946,1.1015266383592515,-0.8206435982246969,1.4784282655600456,0.7852250579535314,42.72868089949448,6.999088788924634,ET_somali
16.29223150567027,14.915817873358863,14.382381665260946,8.481356682589068,15.37297320188728,13.319329195452026,10.984486436401012,5,1.4084358936560344,0.3309027414984514,-0.9612645639526001,-1.532500104018425,1.3862197198262811,-0.21995833775466872,-1.1443125572127704,21,27,29,30,26,30,47,88,81,83,144,144,94,120,-0.752615673088833,-0.014157427327226852,0.46444866223036946,1.1015266383592515,-0.8206435982246969,1.4784282655600456,0.7852250579535314,42.65133595353179,6.992171761236913,ET_somali
20.39960712153589,16.705778933028572,13.435335231362908,12.630913711866405,14.040447957420774,12.55190077192603,16.32567235398291,5,1.3529914239389917,0.3157675186770018,-1.0549876825709128,-1.4759813025757542,1.4123174523930355,-0.33667610988158714,-1.1056214429427367,21,27,29,30,26,30,47,93,97,80,142,142,94,126,-0.7963231715208423,0.00823037814722508,0.43153191118324025,0.9903462842578282,-0.8114760612824062,1.5310615073607412,0.845754486140632,42.65322241562844,6.906831809245559,ET_somali
23.10603094047906,18.423039186326566,12.17419002947164,13.961687393586965,22.500302636476636,22.12947424236918,14.809495305801738,5,1.3705031788285946,0.00988723619133849,-0.9398020717560758,-1.237646973423715,1.6680610708290102,-0.4926415993444379,-1.0616273411194674,21,27,29,30,26,30,47,45,45,44,72,71,39,67,-0.7663635515775681,-0.042304921216447196,0.3071713040760836,0.8821498614189275,-0.9571661570966369,1.5599956467140308,0.9629932123119791,43.048301477584204,6.840176815163891,ET_somali
23.810417710788467,23.510049092284913,12.413125106048192,10.321301254023012,18.292206348429012,19.855879445908055,22.49325316609254,5,1.3663618028862188,0.19593722101677602,-1.0172774660890156,-1.3942693854685455,1.4662668310454214,-0.4587425174361079,-1.0937059315808724,21,27,29,30,26,30,47,45,46,42,72,70,42,65,-0.7902065993071062,-0.02851830880413578,0.30062857562481743,0.8846597191206492,-0.7993147577048151,1.619773985161801,0.927235899630435,42.93637139318292,6.8634431810225855,ET_somali
20.596281302686442,22.739459162215095,12.027025852383938,8.85158408514691,17.679120814207632,14.762135288125382,14.974343366116523,5,1.3663618028862188,0.19593722101677602,-1.0172774660890156,-1.3942693854685455,1.4662668310454214,-0.4587425174361079,-1.0937059315808724,21,27,29,30,26,30,47,93,90,91,143,143,93,118,-0.7902065993071062,-0.02851830880413578,0.30062857562481743,0.8846597191206492,-0.7993147577048151,1.619773985161801,0.927235899630435,42.890018324522345,6.903238548109081,ET_somali
22.27082504281164,20.810957356915413,8.186972943472512,8.544140352650855,21.773822762666633,21.047162361943816,12.765921684174794,5,1.3424411761747934,0.02739554883140905,-0.9348763698423411,-1.2005154287487443,1.8152973191414952,-0.4038762530584514,-1.0178160307481257,21,27,30,30,26,30,47,87,95,91,138,142,88,124,-0.6550383075400492,-0.09064583442686555,0.2824648445276315,0.886210832272663,-1.2442335684899954,1.5538265069958421,0.8997763415741118,42.857139985123574,6.671563036334656,ET_somali
19.724842854727992,20.739468200710853,11.971470127337556,7.307434968648189,23.204340219520564,16.81052766666972,13.359720832936626,5,1.3377887939839384,0.1106550626016054,-0.9674301735449801,-1.3400859166638612,1.5336042864399364,-0.49772867155516354,-1.0933258290209085,21,27,29,30,26,30,47,44,44,47,72,72,37,69,-0.7815355128665085,-0.06123112043073587,0.2583328684564888,0.8590161265050622,-0.7931000232324755,1.6102713084275675,0.986605706309144,43.003565376435056,6.946537344803642,ET_somali
16.516271978488458,19.06537913556386,10.604897017137317,11.416382639174975,20.109804346829694,17.34546297148447,15.848612503154344,5,1.3705031788285946,0.00988723619133849,-0.9398020717560758,-1.237646973423715,1.6680610708290102,-0.4926415993444379,-1.0616273411194674,21,27,29,30,26,30,47,41,44,42,72,71,38,61,-0.7663635515775681,-0.042304921216447196,0.3071713040760836,0.8821498614189275,-0.9571661570966369,1.5599956467140308,0.9629932123119791,42.99467205512227,6.815652807907427,ET_somali
18.862290958995317,20.842871138535678,12.45853700348811,8.757524725121769,16.649440035098888,12.43548245856237,15.947800065298042,5,1.3287024234453388,0.05459835881637828,-0.9302215416387265,-1.3153444241315635,1.7936634099958764,-0.2878441867731908,-0.9550414046236495,21,27,30,30,26,30,47,99,104,120,190,206,120,164,-0.837693880961428,0.11730431499484556,0.27411487886413144,0.9604009588511686,-1.0693423538664748,1.4837584530268344,0.9521533488411248,42.656905508293335,6.616406477889718,ET_somali
15.459154883513175,17.127700291701203,9.705697335867331,11.13486993850096,17.342555990470885,15.213987587634936,12.957221476965143,5,1.3900782527746869,0.10634274320472821,-0.9941298942515587,-1.3695476548205208,1.6193325981972604,-0.342731296174307,-1.0134492680969163,21,27,30,30,26,30,47,92,98,98,142,143,95,131,-0.8158393355817065,0.10750430265952693,0.3766657731288312,0.9607857411243086,-0.9942215067662312,1.4850915827970534,0.9055173022293398,42.71367903424969,6.710460088137031,ET_somali
17.119124477718458,17.9662383774287,10.06829899860223,8.356106256410396,19.861951600499868,17.20271534436522,14.419946895671437,5,1.3705031788285946,0.00988723619133849,-0.9398020717560758,-1.237646973423715,1.6680610708290102,-0.4926415993444379,-1.0616273411194674,21,27,29,30,26,30,47,45,45,40,72,72,45,63,-0.7663635515775681,-0.042304921216447196,0.3071713040760836,0.8821498614189275,-0.9571661570966369,1.5599956467140308,0.9629932123119791,42.974549792758,6.791577958293025,ET_somali
21.98132887412622,22.716906532491418,13.170840929816286,10.595257040057604,25.214949271256906,20.79996101955445,22.325293460919312,5,1.3424411761747934,0.02739554883140905,-0.9348763698423411,-1.2005154287487443,1.8152973191414952,-0.4038762530584514,-1.0178160307481257,21,27,30,30,26,30,47,44,49,47,71,72,41,69,-0.6550383075400492,-0.09064583442686555,0.2824648445276315,0.886210832272663,-1.2442335684899954,1.5538265069958421,0.8997763415741118,42.89370141718724,6.667520617556118,ET_somali
17.1755727614045,17.435584435226207,9.20728010763558,10.219801651293272,16.736114056456195,15.210499872191765,10.061876542909037,5,1.316326212704982,0.11697933222728593,-0.9821046266635719,-1.2911417183386236,1.6998129958690293,-0.44032376715214433,-1.0629881762254807,21,27,29,30,26,30,47,90,93,92,142,142,90,128,-0.6926845850342241,-0.09474057657722082,0.27933752732230815,0.892719244430652,-1.0768064151825376,1.5988688489038072,0.9067895627489803,42.86675195866365,6.771006538286687,ET_somali
23.58956055591602,21.70292467576497,11.746353940952382,11.77187054439532,21.051096336750373,19.963379255737788,14.696985379101775,5,1.3424411761747934,0.02739554883140905,-0.9348763698423411,-1.2005154287487443,1.8152973191414952,-0.4038762530584514,-1.0178160307481257,21,27,30,30,26,30,47,40,43,46,71,72,38,66,-0.6550383075400492,-0.09064583442686555,0.2824648445276315,0.886210832272663,-1.2442335684899954,1.5538265069958421,0.8997763415741118,42.930083186194075,6.705878680188022,ET_somali
23.866960102914575,22.70142408785584,11.831307205556001,11.080935321683656,24.455992173717988,20.977022556849807,15.788579738953443,5,1.3705031788285946,0.00988723619133849,-0.9398020717560758,-1.237646973423715,1.6680610708290102,-0.4926415993444379,-1.0616273411194674,21,27,29,30,26,30,47,38,47,41,72,71,39,58,-0.7663635515775681,-0.042304921216447196,0.3071713040760836,0.8821498614189275,-0.9571661570966369,1.5599956467140308,0.9629932123119791,43.02359780727092,6.809634095503827,ET_somali
24.135992042696945,23.68646832092087,14.174021280458684,10.399446169303197,23.819086277896197,21.412742929116572,19.611987354060336,5,1.3424411761747934,0.02739554883140905,-0.9348763698423411,-1.2005154287487443,1.8152973191414952,-0.4038762530584514,-1.0178160307481257,21,27,30,30,26,30,47,53,64,49,75,77,52,73,-0.6550383075400492,-0.09064583442686555,0.2824648445276315,0.886210832272663,-1.2442335684899954,1.5538265069958421,0.8997763415741118,42.887952199368875,6.7107295827222675,ET_somali
20.17142196628231,18.571013046422333,11.073531564748857,10.241474113898837,19.89679980743178,17.38387847885556,15.790961322270654,5,1.3377887939839384,0.1106550626016054,-0.9674301735449801,-1.3400859166638612,1.5336042864399364,-0.49772867155516354,-1.0933258290209085,21,27,29,30,26,30,47,42,48,47,72,71,44,63,-0.7815355128665085,-0.06123112043073587,0.2583328684564888,0.8590161265050622,-0.7931000232324755,1.6102713084275675,0.986605706309144,43.047403162300085,6.922462495189238,ET_somali
23.59176334305429,18.622778595875797,11.462971633018563,12.1135589550658,23.44503393167887,27.54357559735256,25.48466093047032,1,1.3828660812628286,-0.054890122457852394,-0.8885511442897512,-1.1552850638339327,1.8524248732035342,-0.38116994078135075,-0.9714191822463156,21,27,30,30,26,30,47,41,52,48,71,73,43,64,-0.7669794803000288,-0.008694986236374389,0.3079474922432356,0.9348389342405405,-1.138917779753145,1.4846845014481485,0.9565589698161219,42.913194858852634,6.623772663219498,ET_somali
20.887100597751807,18.20415413215604,11.949671669036714,9.788982793679338,15.288585356135059,14.69721696670074,10.858376979726915,5,1.3332550908554919,0.12509206035317993,-0.9554945712583881,-1.3179821989352114,1.7499323323416622,-0.3503192626003524,-1.0163732592748949,21,27,30,30,26,30,47,87,88,94,142,143,88,123,-0.7593107633472526,0.020901687353303326,0.2893957308993633,0.9249750348244967,-1.0923391002007654,1.547630241890747,0.9175203583052862,42.80476820405941,6.725461953381828,ET_somali
16.80489370450788,14.37798528827055,11.741474195110856,12.046471797722688,16.146072201928863,16.02143878078235,18.12905695520386,5,1.5063391777826771,0.24178168662400112,-1.0266675041945612,-1.4539310196894664,1.2622962203743433,-0.38934939310232825,-1.0903858121647927,21,27,29,30,26,30,47,91,90,97,143,143,93,122,-0.78968660210061,-0.027228216287233986,0.30245915798447043,0.8932046212471947,-0.6293373043315555,1.6267083723059321,0.921492451907873,42.890018324522345,7.011844865959131,ET_somali
19.57365315559399,18.433595190711944,10.560270992561913,8.39036675224387,20.546546228381523,22.54268564255868,18.805031925777342,5,1.3709942589915551,-0.031148745176406693,-0.8838222834745633,-1.140471093245933,1.805235724232554,-0.4442700107354677,-1.0423948605171742,21,27,29,30,26,30,47,40,49,47,72,72,40,62,-0.6814281792928726,-0.05961064273384595,0.3499730134985623,0.8949609845938806,-1.192428572942584,1.462024633282096,0.9679184819796645,43.065279636454065,6.747380846314344,ET_somali
20.43638965787291,19.551036510844007,12.499996637351446,9.26570748704214,22.68120176723273,21.618878072165284,16.75199315289039,5,1.4290786361220464,-0.12943589964128605,-0.8755010053025455,-1.0740337129080755,1.8495508643579108,-0.4289610178695169,-0.9749693281753323,21,27,30,30,26,30,47,44,51,48,71,73,39,64,-0.7809844432042012,-0.008989467005223623,0.4097504550195662,0.9335393070177366,-1.1666361649848402,1.4290448451675672,0.9400511108489205,42.97194467843405,6.635091435799404,ET_somali
20.32759849116603,23.54081339416689,14.368183859318014,9.919939084688647,27.31640584886152,20.048564295956265,23.386520610219844,5,1.4347951163055976,0.2071077944657692,-0.9861766377028576,-1.410938834427696,1.4035154905244418,-0.4105671404388653,-1.0911905601551661,21,27,29,30,26,30,47,47,46,47,72,73,40,64,-0.7715515146044158,-0.036224988584952246,0.2966555311767082,0.8773168631110799,-0.7537062233803018,1.6132816804366965,0.9480107398532608,42.96960905869534,7.034841737232591,ET_somali
20.480148281694394,18.097258586212362,10.303771532823976,12.273336613829716,20.10395350451198,17.421585510410907,15.62885098712008,5,1.3138158421270127,0.04552567933431455,-0.9094480541737856,-1.2390249094513237,1.690643784122922,-0.47575578486465264,-1.08408710339862,21,27,29,30,26,30,47,44,46,46,72,71,37,61,-0.6791968017570821,-0.020838891704209404,0.29840599055552197,0.8594985881606318,-1.0797698693748627,1.5316538440340468,0.9664011083099897,43.06060839697665,6.844398896999252,ET_somali
16.44878163591475,14.847878889700672,15.69586808946777,9.659257454321633,17.475293856530968,15.271352229330429,13.29835915046378,5,1.400619516498148,0.13639916686094228,-1.0588408775515223,-1.4047615765228127,1.4275721494428053,-0.358859270370405,-1.0638005916980284,21,27,30,30,26,30,47,84,89,86,142,144,94,123,-0.8132819311339723,-0.06157498970515298,0.34736931351730216,0.9688983359028114,-0.6432457301813186,1.5194175172262112,0.9543013906016251,42.61270839631465,6.772623505798102,ET_somali
19.551928624462533,22.672365828237456,12.389782266662031,11.18454472800036,17.472770305805,17.15149282061408,14.301326046553896,5,1.407008483684397,0.1804203383163563,-1.054986298270569,-1.416996578471047,1.4474468092189805,-0.3899890628808443,-1.0579568703894962,21,27,29,30,26,30,47,86,94,92,143,142,94,127,-0.8313221597807433,0.08037278804335077,0.38882913600723923,0.9466293806953973,-0.8403358247454527,1.5351453580767378,0.8825691012324263,42.71475701259063,6.785918572003071,ET_somali
20.24736164899957,19.358639228924154,11.175853058194765,11.076940089130625,21.446331297799862,18.698270138689207,16.53242099344645,5,1.3663618028862188,0.19593722101677602,-1.0172774660890156,-1.3942693854685455,1.4662668310454214,-0.4587425174361079,-1.0937059315808724,21,27,29,30,26,30,47,47,48,42,72,72,45,66,-0.7902065993071062,-0.02851830880413578,0.30062857562481743,0.8846597191206492,-0.7993147577048151,1.619773985161801,0.927235899630435,42.94876814410377,6.907280966887619,ET_somali
25.17888183770901,21.442928516931012,13.712440211615073,10.935370384324619,21.248169118971788,18.366884021878164,18.38013026551444,5,1.3869023844779442,0.29033591700995026,-1.0644881475602936,-1.4482877695010932,1.3869599699559951,-0.41263332804443714,-1.0879945896679215,21,27,29,30,26,30,47,90,92,86,143,143,87,117,-0.7924194943489292,0.028092417789271996,0.3773680612427183,0.935499828770558,-0.8611025911221218,1.5951465155755056,0.8399069467520772,42.83773637498659,6.889584155790464,ET_somali
20.009750767430162,16.544308939398658,11.857033992471882,6.831620483724984,14.131749705607849,10.868329019915388,12.42569326773867,5,1.5046694561732057,0.28065942854156,-0.8369317792280351,-1.5891316985000545,1.3159318968718623,-0.12785802697163112,-1.1630613499215527,21,27,29,30,26,30,46,46,48,47,72,70,49,62,-0.6129958691309002,-0.013574368469537641,0.4956231497853994,1.1998767711071083,-1.0265116731038026,1.4499448987730565,0.6496597774267892,42.709546783942734,7.083530425631869,ET_somali
19.93442528438416,17.94565335641995,12.664154382468793,11.570346277771984,19.261804031898425,20.33544097817464,15.772670163795242,5,1.3424411761747934,0.02739554883140905,-0.9348763698423411,-1.2005154287487443,1.8152973191414952,-0.4038762530584514,-1.0178160307481257,21,27,30,30,26,30,47,40,48,46,71,72,36,60,-0.6550383075400492,-0.09064583442686555,0.2824648445276315,0.886210832272663,-1.2442335684899954,1.5538265069958421,0.8997763415741118,42.93861718139321,6.688631026732927,ET_somali
18.814491073704914,18.445305519994594,10.309519113060393,11.004382309559618,17.33204633591534,14.38108017446265,16.609786755213747,5,1.3705031788285946,0.00988723619133849,-0.9398020717560758,-1.237646973423715,1.6680610708290102,-0.4926415993444379,-1.0616273411194674,21,27,29,30,26,30,47,46,49,42,72,72,45,60,-0.7663635515775681,-0.042304921216447196,0.3071713040760836,0.8821498614189275,-0.9571661570966369,1.5599956467140308,0.9629932123119791,42.974549792758,6.82499528686227,ET_somali
19.69181635667343,14.721595742211026,15.864672313142972,12.185742582153596,20.586245195913573,15.050570361049504,14.570298311864876,5,1.3313670647796745,0.33408217025361286,-0.990003927020926,-1.4909706033130243,1.421410209212436,-0.17176761817961644,-1.1574303191230988,21,27,29,30,26,30,46,96,87,92,142,144,96,106,-0.7413820887732112,-0.12491726402441546,0.4997508483887037,1.0970592745075096,-0.6559530465070612,1.4259955867821106,0.848692823892176,42.61216940714418,7.0448130368863175,ET_somali
18.29229407760735,15.836603510999188,8.81084976816099,8.689512162376593,12.907297476714373,13.83308302974753,10.134575546207323,5,1.5030451421664652,0.2865923445742261,-0.9822100472435463,-1.5233794192541823,1.2737576631114165,-0.3186936310699852,-1.109038507813507,21,27,29,30,26,30,47,87,84,96,143,142,91,122,-0.8046492038629011,0.010894407206609426,0.3600000564914225,0.9796475322251894,-0.7654554947049417,1.6033128297274721,0.8403850203366645,42.78123234361547,7.034841737232591,ET_somali
15.196987001116687,14.547236555359122,8.50223061086757,6.4925593322678505,10.694756950019137,11.06826889050513,9.74045541542371,5,1.3869023844779442,0.29033591700995026,-1.0644881475602936,-1.4482877695010932,1.3869599699559951,-0.41263332804443714,-1.0879945896679215,21,27,29,30,26,30,47,90,88,87,142,143,94,123,-0.7924194943489292,0.028092417789271996,0.3773680612427183,0.935499828770558,-0.8611025911221218,1.5951465155755056,0.8399069467520772,42.770183065620806,6.860748235170227,ET_somali
19.713666598624087,16.1032123526163,14.223052565693761,11.527776067314294,15.121165181285534,14.139475153561117,13.674318750595816,5,1.5030451421664652,0.2865923445742261,-0.9822100472435463,-1.5233794192541823,1.2737576631114165,-0.3186936310699852,-1.109038507813507,21,27,29,30,26,30,47,93,93,96,143,142,93,125,-0.8046492038629011,0.010894407206609426,0.3600000564914225,0.9796475322251894,-0.7654554947049417,1.6033128297274721,0.8403850203366645,42.83962283708324,7.04355539548855,ET_somali
14.936421288962507,16.276447982007664,10.10581234839018,7.402659692877417,14.549052570017054,14.855703969341407,14.611172768001419,5,1.4347951163055976,0.2071077944657692,-0.9861766377028576,-1.410938834427696,1.4035154905244418,-0.4105671404388653,-1.0911905601551661,21,27,29,30,26,30,47,47,44,47,72,71,42,66,-0.7715515146044158,-0.036224988584952246,0.2966555311767082,0.8773168631110799,-0.7537062233803018,1.6132816804366965,0.9480107398532608,42.974549792758,7.034033253476883,ET_somali
21.202451686055444,21.222612110817238,12.630744164074082,7.604143049346476,22.34471352783688,17.228196550951072,12.895304856016583,5,1.3095861247509155,0.2242567326815016,-1.0193456512905577,-1.3749493021357968,1.6453684686513759,-0.3884250297343409,-1.0607866350539694,21,27,29,30,26,30,47,90,88,95,142,143,95,133,-0.7381247604668582,-0.05813004924218078,0.28113703426589864,0.9110110898846078,-1.0053278850840424,1.6129464246290137,0.9001368409041494,42.77278817994475,6.827420738129393,ET_somali
19.95175116495978,19.759900040616348,10.942427871356845,11.753126455302768,19.299837455656355,20.54936422785502,22.535190515028788,5,1.3288115917264236,0.03917750558792415,-0.9013120884647994,-1.263532628022271,1.8370250933675851,-0.3195677028417049,-0.9646230644926007,21,27,30,30,26,30,47,89,95,98,143,144,86,121,-0.7856783066195094,0.08798719049991524,0.3230095202287013,0.9751029937093896,-1.1815055715122695,1.44328535034479,0.9181569757055533,42.804229214888935,6.617125130117013,ET_somali
17.415182867098128,16.09138454849216,13.779325071610502,15.440475666105378,20.080308355243083,16.653855674196944,15.163514358241516,5,1.3332550908554919,0.12509206035317993,-0.9554945712583881,-1.3179821989352114,1.7499323323416622,-0.3503192626003524,-1.0163732592748949,21,27,30,30,26,30,47,90,94,91,143,144,94,131,-0.7593107633472526,0.020901687353303326,0.2893957308993633,0.9249750348244967,-1.0923391002007654,1.547630241890747,0.9175203583052862,42.761559238893255,6.684858102539625,ET_somali
25.198600592935993,21.87173917532402,14.67065854955665,10.568593826628373,19.40713963497314,15.20259033399801,15.221591587521639,5,1.3869023844779442,0.29033591700995026,-1.0644881475602936,-1.4482877695010932,1.3869599699559951,-0.41263332804443714,-1.0879945896679215,21,27,29,30,26,30,47,89,91,92,143,142,87,122,-0.7924194943489292,0.028092417789271996,0.3773680612427183,0.935499828770558,-0.8611025911221218,1.5951465155755056,0.8399069467520772,42.83288547245235,6.899465623915779,ET_somali
19.988099593256855,19.372462181396838,14.298750640896936,10.930913292572065,13.09652979755543,13.039411663861832,14.843763840435217,5,1.407008483684397,0.1804203383163563,-1.054986298270569,-1.416996578471047,1.4474468092189805,-0.3899890628808443,-1.0579568703894962,21,27,29,30,26,30,47,91,81,89,142,143,95,120,-0.8313221597807433,0.08037278804335077,0.38882913600723923,0.9466293806953973,-0.8403358247454527,1.5351453580767378,0.8825691012324263,42.7295792147786,6.849878620232381,ET_somali
19.529444760621686,19.661767949930145,9.774797376860054,8.370157225147523,16.44486774238429,16.088239678024035,16.377828710393306,5,1.3377887939839384,0.1106550626016054,-0.9674301735449801,-1.3400859166638612,1.5336042864399364,-0.49772867155516354,-1.0933258290209085,21,27,29,30,26,30,47,41,45,45,72,72,39,64,-0.7815355128665085,-0.06123112043073587,0.2583328684564888,0.8590161265050622,-0.7931000232324755,1.6102713084275675,0.986605706309144,43.008326447440886,6.902250401296549,ET_somali
16.01745631219072,17.314389017827178,12.167022062498216,10.120550159298427,16.347738763947902,12.65469069563649,14.567125537813181,5,1.3900782527746869,0.10634274320472821,-0.9941298942515587,-1.3695476548205208,1.6193325981972604,-0.342731296174307,-1.0134492680969163,21,27,30,30,26,30,47,82,95,100,144,142,110,138,-0.8158393355817065,0.10750430265952693,0.3766657731288312,0.9607857411243086,-0.9942215067662312,1.4850915827970534,0.9055173022293398,42.651425785060205,6.682612314329326,ET_somali
22.977201454805364,17.237149950639054,9.772334930848881,7.233253824800253,29.314765199205006,26.767576356936093,19.865327723847606,5,1.3996224177041006,0.22208637652186744,-0.9495137425253164,-1.4025347666511756,1.3838583120291659,-0.40338245661009264,-1.1132492145627044,21,27,28,30,26,30,47,45,49,47,72,72,41,60,-0.7408197477089745,-0.04343974161851714,0.2731704108378665,0.854826489579725,-0.7190744037756035,1.5814532421499048,0.9994071672146703,43.058362608766345,7.004478680629351,ET_somali
18.97909766427768,15.346849258292142,13.410534358538737,10.117908152688829,14.767265254014879,12.312684419812975,11.771568728114572,5,1.4084358936560344,0.3309027414984514,-0.9612645639526001,-1.532500104018425,1.3862197198262811,-0.21995833775466872,-1.1443125572127704,21,27,29,30,26,30,47,91,89,89,142,144,96,122,-0.752615673088833,-0.014157427327226852,0.46444866223036946,1.1015266383592515,-0.8206435982246969,1.4784282655600456,0.7852250579535314,42.66957175379942,6.952735720264067,ET_somali
19.10236648203107,20.486974078601218,11.483610609555122,11.800762827142556,19.838471960227093,18.094434383922607,15.844875187424858,5,1.4347951163055976,0.2071077944657692,-0.9861766377028576,-1.410938834427696,1.4035154905244418,-0.4105671404388653,-1.0911905601551661,21,27,29,30,26,30,47,45,46,45,72,71,42,67,-0.7715515146044158,-0.036224988584952246,0.2966555311767082,0.8773168631110799,-0.7537062233803018,1.6132816804366965,0.9480107398532608,43.034018264566704,7.024870437578864,ET_somali
21.26150553808439,20.78969581064296,11.734353912901144,10.675659242040531,20.3002981668973,19.37841121869779,15.119913438674145,5,1.3705031788285946,0.00988723619133849,-0.9398020717560758,-1.237646973423715,1.6680610708290102,-0.4926415993444379,-1.0616273411194674,21,27,29,30,26,30,47,44,47,46,72,72,43,62,-0.7663635515775681,-0.042304921216447196,0.3071713040760836,0.8821498614189275,-0.9571661570966369,1.5599956467140308,0.9629932123119791,43.0039247025487,6.8257139390895665,ET_somali
18.92782928172198,17.412330638871477,11.475453135828706,8.952019157258896,17.52162113605538,15.128358661378254,12.32386939301918,5,1.3869023844779442,0.29033591700995026,-1.0644881475602936,-1.4482877695010932,1.3869599699559951,-0.41263332804443714,-1.0879945896679215,21,27,29,30,26,30,47,88,87,86,142,142,90,131,-0.7924194943489292,0.028092417789271996,0.3773680612427183,0.935499828770558,-0.8611025911221218,1.5951465155755056,0.8399069467520772,42.79937831235469,6.873504312204725,ET_somali
15.854064093423487,18.628252144848943,7.332803065573373,4.469561613993036,16.830898548477435,16.87616234195974,11.104396235570718,5,1.4207623097413509,-0.07109237367622483,-0.9074907503036578,-1.1377987028402692,1.770291488954187,-0.4576098370873855,-1.018402160214964,21,27,29,30,26,30,47,41,51,49,72,72,41,71,-0.7510361385738482,-0.06381835551828934,0.3784235724048356,0.9021180721125512,-1.0925271429125925,1.4884877806826518,0.9553551147631955,42.96511748227474,6.724473806569296,ET_somali
19.658777826175683,17.92028276067532,11.522215674271605,15.174362132404532,18.09995883999881,15.739123197532935,12.290663299438304,5,1.3288115917264236,0.03917750558792415,-0.9013120884647994,-1.263532628022271,1.8370250933675851,-0.3195677028417049,-0.9646230644926007,21,27,30,30,26,30,47,90,92,88,142,144,94,122,-0.7856783066195094,0.08798719049991524,0.3230095202287013,0.9751029937093896,-1.1815055715122695,1.44328535034479,0.9181569757055533,42.824710803366855,6.62296417946379,ET_somali
19.486649202268328,20.621475480821957,11.810893620293918,10.659744438966166,21.794103035827007,21.45947384442566,14.697072545332844,5,1.3709942589915551,-0.031148745176406693,-0.8838222834745633,-1.140471093245933,1.805235724232554,-0.4442700107354677,-1.0423948605171742,21,27,30,30,26,30,47,42,53,50,72,73,42,67,-0.6814281792928726,-0.05961064273384595,0.3499730134985623,0.8949609845938806,-1.192428572942584,1.462024633282096,0.9679184819796645,43.078664534187446,6.6541357198227375,ET_somali
16.821172004139754,17.92406132777125,13.363954799408523,9.82763790919088,18.59169936437717,15.89134044052655,13.559998666167413,5,1.407008483684397,0.1804203383163563,-1.054986298270569,-1.416996578471047,1.4474468092189805,-0.3899890628808443,-1.0579568703894962,21,27,29,30,26,30,47,89,93,95,142,142,94,128,-0.8313221597807433,0.08037278804335077,0.38882913600723923,0.9466293806953973,-0.8403358247454527,1.5351453580767378,0.8825691012324263,42.72948938325019,6.758969113479486,ET_somali
20.36027783019409,18.5577191562389,10.050281784608186,11.71970776265518,22.27851202195053,20.22588849689863,18.08751307752939,5,1.3424411761747934,0.02739554883140905,-0.9348763698423411,-1.2005154287487443,1.8152973191414952,-0.4038762530584514,-1.0178160307481257,21,27,30,30,26,30,47,41,44,48,71,72,37,61,-0.6550383075400492,-0.09064583442686555,0.2824648445276315,0.886210832272663,-1.2442335684899954,1.5538265069958421,0.8997763415741118,42.93735953999545,6.682522482800914,ET_somali
16.934670068482237,15.21371659673625,12.307801196763005,5.588756910692239,8.738422211306839,8.687243011279985,11.540694524458885,5,1.3529914239389917,0.3157675186770018,-1.0549876825709128,-1.4759813025757542,1.4123174523930355,-0.33667610988158714,-1.1056214429427367,21,27,29,30,26,30,47,89,91,87,142,144,93,123,-0.7963231715208423,0.00823037814722508,0.43153191118324025,0.9903462842578282,-0.8114760612824062,1.5310615073607412,0.845754486140632,42.70334840848231,6.911862374836629,ET_somali
18.1930897556053,16.076106760866594,13.460148996224005,9.50655072796742,16.096520665795023,13.669652543823753,13.878508742257091,5,1.4084358936560344,0.3309027414984514,-0.9612645639526001,-1.532500104018425,1.3862197198262811,-0.21995833775466872,-1.1443125572127704,21,27,29,30,26,30,47,55,56,69,107,114,73,98,-0.752615673088833,-0.014157427327226852,0.46444866223036946,1.1015266383592515,-0.8206435982246969,1.4784282655600456,0.7852250579535314,42.7468268682337,7.015438127095609,ET_somali
19.998137127244284,21.389083277071524,9.16088641406693,11.16060275299155,25.536472822455682,20.682155811883288,16.345682728498023,5,1.3424411761747934,0.02739554883140905,-0.9348763698423411,-1.2005154287487443,1.8152973191414952,-0.4038762530584514,-1.0178160307481257,21,27,29,30,26,30,47,46,52,47,71,72,44,75,-0.6550383075400492,-0.09064583442686555,0.2824648445276315,0.886210832272663,-1.2442335684899954,1.5538265069958421,0.8997763415741118,42.922537337807476,6.744506237405162,ET_somali
20.942720195167123,16.700750442594483,19.948901907554248,11.513454095540267,17.530733011041423,14.729378963637348,14.235738163974668,5,1.4067916738589474,0.30024164029479794,-0.9049191400186886,-1.5192074987128292,1.3490569224826838,-0.09587811290398927,-1.1763664281784496,21,27,29,30,26,30,46,90,88,92,142,141,90,98,-0.660834964446682,-0.17369699166714472,0.4538981955983381,1.1062129274018044,-0.6778769465832822,1.472503886308751,0.8294771486119024,42.606060863212164,7.082452447290925,ET_somali
19.164424241162948,19.769243628336657,12.53810690898777,9.0800246134095,26.477998513870222,24.979180332601214,17.46538463469584,5,1.4207623097413509,-0.07109237367622483,-0.9074907503036578,-1.1377987028402692,1.770291488954187,-0.4576098370873855,-1.018402160214964,21,27,30,30,26,30,47,40,45,47,72,71,42,61,-0.7510361385738482,-0.06381835551828934,0.3784235724048356,0.9021180721125512,-1.0925271429125925,1.4884877806826518,0.9553551147631955,43.04515737408979,6.676593601925726,ET_somali
19.972487389978138,18.02883432608668,12.314585534004463,11.33702608033745,15.215276382281289,15.612121364446814,15.175119172078043,5,1.316326212704982,0.11697933222728593,-0.9821046266635719,-1.2911417183386236,1.6998129958690293,-0.44032376715214433,-1.0629881762254807,21,27,29,30,26,30,47,96,94,92,142,144,86,125,-0.6926845850342241,-0.09474057657722082,0.27933752732230815,0.892719244430652,-1.0768064151825376,1.5988688489038072,0.9067895627489803,42.87034521980013,6.806040834367349,ET_somali
20.155573429978748,20.208305348571862,15.160387546579695,8.689436102953364,19.583170045256477,16.953761541127484,15.924362334850464,5,1.42362209503469,-0.07087024344796874,-0.8843980533966588,-1.0636822526878953,1.8404640340867289,-0.4239166526236274,-1.019117206610683,21,27,30,30,26,30,47,39,52,46,72,73,39,63,-0.7824802733293926,0.02534468688994516,0.41532964288699115,0.926798954029622,-1.2342303007561926,1.4296792912261351,0.9198888932221956,43.09088162205147,6.6401220013904725,ET_somali
18.182480232827626,18.90001513404743,11.00073570807812,13.601797186963074,18.82482251149963,19.003725134412118,16.079600721187745,5,1.4207623097413509,-0.07109237367622483,-0.9074907503036578,-1.1377987028402692,1.770291488954187,-0.4576098370873855,-1.018402160214964,21,27,30,30,26,30,47,42,52,47,72,71,41,61,-0.7510361385738482,-0.06381835551828934,0.3784235724048356,0.9021180721125512,-1.0925271429125925,1.4884877806826518,0.9553551147631955,43.02323848115727,6.688181869090867,ET_somali
20.150313105014412,19.84238783040667,11.483001828955965,11.947604453450134,25.051261056822387,23.82425786666046,23.948111236856164,5,1.3828660812628286,-0.054890122457852394,-0.8885511442897512,-1.1552850638339327,1.8524248732035342,-0.38116994078135075,-0.9714191822463156,21,27,30,30,26,30,47,42,51,47,71,73,41,61,-0.7669794803000288,-0.008694986236374389,0.3079474922432356,0.9348389342405405,-1.138917779753145,1.4846845014481485,0.9565589698161219,42.93610189859768,6.626287946015032,ET_somali
20.19397440172873,18.54671466528476,12.667872263391295,7.4588608512256656,23.121690898634117,23.271852076740934,18.319757514052736,5,1.4207623097413509,-0.07109237367622483,-0.9074907503036578,-1.1377987028402692,1.770291488954187,-0.4576098370873855,-1.018402160214964,21,27,29,30,26,30,47,43,42,48,72,72,41,63,-0.7510361385738482,-0.06381835551828934,0.3784235724048356,0.9021180721125512,-1.0925271429125925,1.4884877806826518,0.9553551147631955,43.044079395748845,6.691954793284169,ET_somali
20.537227889609568,20.46457530836054,13.19825693877642,11.824940685033408,15.115608034489687,12.273217282012626,14.911957059527438,5,1.407008483684397,0.1804203383163563,-1.054986298270569,-1.416996578471047,1.4474468092189805,-0.3899890628808443,-1.0579568703894962,21,27,29,30,26,30,47,92,92,80,142,142,104,114,-0.8313221597807433,0.08037278804335077,0.38882913600723923,0.9466293806953973,-0.8403358247454527,1.5351453580767378,0.8825691012324263,42.6521444372875,6.834786923459173,ET_somali
24.40819628758405,23.831455748623515,11.928059491385552,11.506254451180599,24.807629351510126,22.24004388968739,19.968595366000823,5,1.316326212704982,0.11697933222728593,-0.9821046266635719,-1.2911417183386236,1.6998129958690293,-0.44032376715214433,-1.0629881762254807,21,27,29,30,26,30,47,97,91,95,142,142,92,128,-0.6926845850342241,-0.09474057657722082,0.27933752732230815,0.892719244430652,-1.0768064151825376,1.5988688489038072,0.9067895627489803,42.87735207901626,6.785020256718952,ET_somali
17.994901948722724,20.20670415638969,12.580051084501083,11.275842016539938,23.01246807582712,18.154649920591606,16.11863459284968,5,1.3705031788285946,0.00988723619133849,-0.9398020717560758,-1.237646973423715,1.6680610708290102,-0.4926415993444379,-1.0616273411194674,21,27,29,30,26,30,47,45,48,46,72,72,45,71,-0.7663635515775681,-0.042304921216447196,0.3071713040760836,0.8821498614189275,-0.9571661570966369,1.5599956467140308,0.9629932123119791,42.953259720524365,6.750704612865586,ET_somali
19.05488780586281,15.385803207234025,14.905626681773805,11.291681672986686,18.145986129076746,15.47292698078515,10.15363652444998,5,1.3313670647796745,0.33408217025361286,-0.990003927020926,-1.4909706033130243,1.421410209212436,-0.17176761817961644,-1.1574303191230988,21,27,29,30,26,30,47,94,94,89,144,144,96,128,-0.7413820887732112,-0.12491726402441546,0.4997508483887037,1.0970592745075096,-0.6559530465070612,1.4259955867821106,0.848692823892176,42.639388360253,6.961359546991614,ET_somali
14.887364933977818,15.501950762126269,10.731778148432078,11.579807442316948,18.984062943140597,16.881820989620927,12.334577517534253,5,1.3900782527746869,0.10634274320472821,-0.9941298942515587,-1.3695476548205208,1.6193325981972604,-0.342731296174307,-1.0134492680969163,21,27,30,30,26,30,47,90,97,92,142,143,98,132,-0.8158393355817065,0.10750430265952693,0.3766657731288312,0.9607857411243086,-0.9942215067662312,1.4850915827970534,0.9055173022293398,42.73308264438667,6.723395828228353,ET_somali
22.898540108758795,19.92175528991267,12.883755362239476,7.68629393615269,23.421034469839746,21.73596820367599,16.712712759976586,5,1.3332550908554919,0.12509206035317993,-0.9554945712583881,-1.3179821989352114,1.7499323323416622,-0.3503192626003524,-1.0163732592748949,21,27,30,30,26,30,47,83,89,102,142,142,91,128,-0.7593107633472526,0.020901687353303326,0.2893957308993633,0.9249750348244967,-1.0923391002007654,1.547630241890747,0.9175203583052862,42.84061098389577,6.71638896901222,ET_somali
20.29118357263191,16.749119443194687,13.367439117273097,10.671658153567808,23.528070784705537,24.730639532542096,23.12546548453896,5,1.4290786361220464,-0.12943589964128605,-0.8755010053025455,-1.0740337129080755,1.8495508643579108,-0.4289610178695169,-0.9749693281753323,21,27,30,30,26,30,47,43,46,47,71,73,39,58,-0.7809844432042012,-0.008989467005223623,0.4097504550195662,0.9335393070177366,-1.1666361649848402,1.4290448451675672,0.9400511108489205,43.00410436560553,6.638505033879058,ET_somali
17.59010272935933,14.314832029423199,7.394262965442673,8.081543920126622,15.501852606213479,13.6326188041033,13.388829138507692,5,1.3287024234453388,0.05459835881637828,-0.9302215416387265,-1.3153444241315635,1.7936634099958764,-0.2878441867731908,-0.9550414046236495,21,27,30,30,26,30,47,85,84,88,143,144,87,115,-0.837693880961428,0.11730431499484556,0.27411487886413144,0.9604009588511686,-1.0693423538664748,1.4837584530268344,0.9521533488411248,42.73883186220503,6.609579281730409,ET_somali
20.316894636618574,16.833507144097144,13.680277886213947,10.34643864798047,16.87225442526185,15.607390065759539,17.852248732548045,5,1.407008483684397,0.1804203383163563,-1.054986298270569,-1.416996578471047,1.4474468092189805,-0.3899890628808443,-1.0579568703894962,21,27,29,30,26,30,47,88,86,81,142,142,104,126,-0.8313221597807433,0.08037278804335077,0.38882913600723923,0.9466293806953973,-0.8403358247454527,1.5351453580767378,0.8825691012324263,42.67289552035066,6.84152428809007,ET_somali
21.642084380749793,20.16688002768453,15.82441867241649,8.403791205213825,17.607644047888623,17.930691509705667,13.775871986209816,5,1.3095861247509155,0.2242567326815016,-1.0193456512905577,-1.3749493021357968,1.6453684686513759,-0.3884250297343409,-1.0607866350539694,21,27,29,30,26,30,47,91,92,102,142,142,94,130,-0.7381247604668582,-0.05813004924218078,0.28113703426589864,0.9110110898846078,-1.0053278850840424,1.6129464246290137,0.9001368409041494,42.77826790317788,6.786367729645131,ET_somali
20.50211725914726,19.01531169210124,12.86897002978543,10.256730146983255,17.389514629368552,14.16434481182756,12.436447973385167,5,1.5063391777826771,0.24178168662400112,-1.0266675041945612,-1.4539310196894664,1.2622962203743433,-0.38934939310232825,-1.0903858121647927,21,27,29,30,26,30,47,89,86,90,143,141,96,125,-0.78968660210061,-0.027228216287233986,0.30245915798447043,0.8932046212471947,-0.6293373043315555,1.6267083723059321,0.921492451907873,42.88597590574381,6.967468090923626,ET_somali
20.732364877362034,18.816220081801013,10.143144076484214,9.574936661886264,20.209170230512274,16.536681897369604,15.711040799151073,5,1.3996224177041006,0.22208637652186744,-0.9495137425253164,-1.4025347666511756,1.3838583120291659,-0.40338245661009264,-1.1132492145627044,21,27,28,30,26,30,47,41,44,43,72,71,41,64,-0.7408197477089745,-0.04343974161851714,0.2731704108378665,0.854826489579725,-0.7190744037756035,1.5814532421499048,0.9994071672146703,43.07022037051672,6.967288427866802,ET_somali
16.593776976762182,12.647581922877796,12.56906561421836,9.502362198858611,11.60897925417125,11.256290024907688,10.335302405330031,5,1.3529914239389917,0.3157675186770018,-1.0549876825709128,-1.4759813025757542,1.4123174523930355,-0.33667610988158714,-1.1056214429427367,21,27,29,30,26,30,47,90,92,84,144,144,94,120,-0.7963231715208423,0.00823037814722508,0.43153191118324025,0.9903462842578282,-0.8114760612824062,1.5310615073607412,0.845754486140632,42.69463475022635,6.946806839388878,ET_somali
21.479114085955146,16.359670974976606,15.238800462167474,10.90868677515964,17.873531904389157,14.127672247174692,15.425507273585138,5,1.5046694561732057,0.28065942854156,-0.8369317792280351,-1.5891316985000545,1.3159318968718623,-0.12785802697163112,-1.1630613499215527,21,27,29,30,26,30,46,91,96,89,144,142,91,105,-0.6129958691309002,-0.013574368469537641,0.4956231497853994,1.1998767711071083,-1.0265116731038026,1.4499448987730565,0.6496597774267892,42.69086182603305,7.051280906931978,ET_somali
22.024345359554257,20.980821339625898,14.430730967324074,11.328670647949117,20.81926303624286,17.103533599550413,14.948463904521908,5,1.5378304748729796,0.29440647957412996,-0.9818492325885356,-1.4681264253172972,1.3087434789943189,-0.2959948798965038,-1.075461385391725,21,27,28,30,26,30,47,44,53,49,73,75,50,64,-0.7383149784943459,-0.06007062330801151,0.3066679868303539,0.8975185215363489,-0.7160638493040622,1.627672463740368,0.9192799526073637,42.9715853523204,7.077511713228268,ET_somali
16.40005876476447,18.072935260754583,11.208800943279648,10.222334524519122,17.483096939929865,16.75410901050227,13.23071456436685,5,1.4347951163055976,0.2071077944657692,-0.9861766377028576,-1.410938834427696,1.4035154905244418,-0.4105671404388653,-1.0911905601551661,21,27,29,30,26,30,47,46,45,46,72,72,41,62,-0.7715515146044158,-0.036224988584952246,0.2966555311767082,0.8773168631110799,-0.7537062233803018,1.6132816804366965,0.9480107398532608,42.96547680838839,6.95381369860501,ET_somali
22.067526264643945,20.4373284957811,13.110922382966619,12.555702216502853,24.665404522231988,20.11013729815385,19.42593653898577,5,1.4207623097413509,-0.07109237367622483,-0.9074907503036578,-1.1377987028402692,1.770291488954187,-0.4576098370873855,-1.018402160214964,21,27,29,30,26,30,47,42,51,44,72,72,45,61,-0.7510361385738482,-0.06381835551828934,0.3784235724048356,0.9021180721125512,-1.0925271429125925,1.4884877806826518,0.9553551147631955,43.021621513645854,6.730762013558133,ET_somali
17.880665336127404,17.295986452158022,12.997822767214968,9.481682925417982,14.317458083587425,12.140118979481619,12.672999398293543,5,1.5839103670135475,0.285487724647402,-0.942065920036906,-1.5280650895907144,1.2337395053600813,-0.2556712805170081,-1.0986530123581275,21,27,29,30,26,30,47,92,91,89,144,144,92,122,-0.7633899162410078,-0.03966389454189696,0.31203503079434386,0.9539625310490043,-0.68174250625198,1.6320535541802577,0.8756915711969399,42.89972012959084,7.065923446063126,ET_somali
13.720146556765222,14.767218471155287,10.382128769568503,12.685244074846475,15.431094783918667,14.15220043003917,10.71078132129403,5,1.3900782527746869,0.10634274320472821,-0.9941298942515587,-1.3695476548205208,1.6193325981972604,-0.342731296174307,-1.0134492680969163,21,27,30,30,26,30,47,92,100,96,142,143,92,133,-0.8158393355817065,0.10750430265952693,0.3766657731288312,0.9607857411243086,-0.9942215067662312,1.4850915827970534,0.9055173022293398,42.71475701259063,6.707765142284673,ET_somali
26.03210502826937,25.53039660164722,15.403219899830392,10.752096451461735,27.707718000160295,23.494309524874897,18.42654867153024,5,1.4207623097413509,-0.07109237367622483,-0.9074907503036578,-1.1377987028402692,1.770291488954187,-0.4576098370873855,-1.018402160214964,21,27,29,30,26,30,47,43,53,42,72,72,41,62,-0.7510361385738482,-0.06381835551828934,0.3784235724048356,0.9021180721125512,-1.0925271429125925,1.4884877806826518,0.9553551147631955,43.017399431810496,6.712616044818918,ET_somali
13.79280610267573,16.063396068048515,14.414826681458221,9.473274340212168,15.082493122454956,14.577132865065002,11.883903017627091,5,1.400619516498148,0.13639916686094228,-1.0588408775515223,-1.4047615765228127,1.4275721494428053,-0.358859270370405,-1.0638005916980284,21,27,29,30,26,30,47,96,88,85,142,144,96,121,-0.8132819311339723,-0.06157498970515298,0.34736931351730216,0.9688983359028114,-0.6432457301813186,1.5194175172262112,0.9543013906016251,42.6040845695871,6.832271640663638,ET_somali
16.36443964292075,12.680927760983739,10.81366051506414,11.57850476991391,13.023941881263337,10.829247905671943,18.497759010137123,1,1.4732291531304011,-0.005768909465455083,-1.0297108808784314,-1.3352479716191006,1.49333540941377,-0.3711795182549005,-1.0063276757644537,21,27,30,30,26,30,47,84,91,92,144,142,104,130,-0.8653936212969849,0.10317323766718733,0.37019379138198916,0.9743758853594711,-0.8067475922004873,1.4712819050325052,0.9336070808582515,42.6386697080257,6.673629161488131,ET_somali
18.32384539509369,16.16069437427181,8.404829591564932,10.575719492804177,17.313396777727466,16.21621891324699,14.244390864543425,5,1.3332550908554919,0.12509206035317993,-0.9554945712583881,-1.3179821989352114,1.7499323323416622,-0.3503192626003524,-1.0163732592748949,21,27,30,30,26,30,47,87,89,93,142,143,91,120,-0.7593107633472526,0.020901687353303326,0.2893957308993633,0.9249750348244967,-1.0923391002007654,1.547630241890747,0.9175203583052862,42.8152784928836,6.704531207261843,ET_somali
20.481067849673323,19.452423127198706,14.135096250318417,8.911446341632237,17.614824350119,16.09497381986191,11.59559220778215,5,1.5733858058459746,0.27372393283131174,-0.8375177938835515,-1.598599440962303,1.2702982726484775,-0.18428116743744616,-1.1322006898645225,21,27,29,30,26,30,46,90,92,99,142,141,90,124,-0.7308091217297271,-0.003545944958714707,0.37666470897094495,1.0821154811164058,-0.8795532030806916,1.5804058907242826,0.7647295449680561,42.835490586776295,7.091884757774181,ET_somali
16.60389922611439,13.742947209348056,16.02353451241241,10.120796925620823,13.656395735088145,14.726759132657582,12.492436428966839,5,1.3313670647796745,0.33408217025361286,-0.990003927020926,-1.4909706033130243,1.421410209212436,-0.17176761817961644,-1.1574303191230988,21,27,29,30,26,30,46,86,86,88,144,144,101,116,-0.7413820887732112,-0.12491726402441546,0.4997508483887037,1.0970592745075096,-0.6559530465070612,1.4259955867821106,0.848692823892176,42.638310381912056,7.017953409891144,ET_somali
20.38270040311358,19.024362141906686,11.012951101081832,7.550778115638839,15.755183167170554,15.414682782032394,13.810366555823848,5,1.3869023844779442,0.29033591700995026,-1.0644881475602936,-1.4482877695010932,1.3869599699559951,-0.41263332804443714,-1.0879945896679215,21,27,29,30,26,30,47,92,91,88,143,142,90,121,-0.7924194943489292,0.028092417789271996,0.3773680612427183,0.935499828770558,-0.8611025911221218,1.5951465155755056,0.8399069467520772,42.81860225943485,6.932074468729318,ET_somali
18.495566632240816,20.022887226596268,12.206700152628278,8.597933114535067,18.410549760874833,18.304559038242946,15.822729034208711,5,1.4207623097413509,-0.07109237367622483,-0.9074907503036578,-1.1377987028402692,1.770291488954187,-0.4576098370873855,-1.018402160214964,21,27,29,30,26,30,47,45,50,48,72,72,43,65,-0.7510361385738482,-0.06381835551828934,0.3784235724048356,0.9021180721125512,-1.0925271429125925,1.4884877806826518,0.9553551147631955,43.013087518446724,6.701387103767424,ET_somali
20.60947831946364,16.52349957791849,13.96117337716757,11.176848583170438,12.417686254515242,10.65916423200308,14.81141810902055,5,1.2942671431292656,0.30291830215927723,-1.0441172502983422,-1.4703674622465663,1.456248753572218,-0.27665506445260357,-1.117394992333831,21,27,29,30,26,30,47,96,85,83,142,144,98,120,-0.7195100469260853,-0.20706868697194902,0.38926912421833365,1.0168201095101896,-0.6622709776001293,1.5102863809908826,0.9223782061962802,42.631662848809576,6.91886923405276,ET_somali
22.93843311296843,23.895921085414077,12.563064481473385,9.645831602496575,31.21701053916966,33.10537280822472,28.32128218160895,5,1.3828660812628286,-0.054890122457852394,-0.8885511442897512,-1.1552850638339327,1.8524248732035342,-0.38116994078135075,-0.9714191822463156,21,27,30,30,26,30,47,91,96,85,129,124,89,106,-0.7669794803000288,-0.008694986236374389,0.3079474922432356,0.9348389342405405,-1.138917779753145,1.4846845014481485,0.9565589698161219,42.85067211507791,6.613621700508947,ET_somali
19.081612411082684,18.26671174761371,12.237825267344968,11.309396755387654,18.863253960766393,13.164429888783497,13.21431533431297,5,1.4732291531304011,-0.005768909465455083,-1.0297108808784314,-1.3352479716191006,1.49333540941377,-0.3711795182549005,-1.0063276757644537,21,27,30,30,26,30,47,87,92,82,142,142,96,122,-0.8653936212969849,0.10317323766718733,0.37019379138198916,0.9743758853594711,-0.8067475922004873,1.4712819050325052,0.9336070808582515,42.62968655518451,6.723844985870413,ET_somali
17.896238433266245,19.930671781932055,11.691584161246574,10.113186380030076,14.149136352527515,13.224914888857068,10.174389237981552,5,1.5378304748729796,0.29440647957412996,-0.9818492325885356,-1.4681264253172972,1.3087434789943189,-0.2959948798965038,-1.075461385391725,21,27,28,30,26,30,46,42,46,48,72,72,40,61,-0.7383149784943459,-0.06007062330801151,0.3066679868303539,0.8975185215363489,-0.7160638493040622,1.627672463740368,0.9192799526073637,42.99053980481532,7.099610269217608,ET_somali
23.79433615653393,24.57474487818227,13.625781500344937,11.154181488902358,20.210693416026896,18.208390585649354,19.83808288791668,5,1.3705031788285946,0.00988723619133849,-0.9398020717560758,-1.237646973423715,1.6680610708290102,-0.4926415993444379,-1.0616273411194674,21,27,29,30,26,30,47,43,50,41,72,72,39,59,-0.7663635515775681,-0.042304921216447196,0.3071713040760836,0.8821498614189275,-0.9571661570966369,1.5599956467140308,0.9629932123119791,43.02970635120293,6.764269173655791,ET_somali
19.400868803965395,17.426210798139557,9.915806441850423,10.266691715689388,18.59327698953224,18.19868315275941,17.186026223819937,5,1.3828660812628286,-0.054890122457852394,-0.8885511442897512,-1.1552850638339327,1.8524248732035342,-0.38116994078135075,-0.9714191822463156,21,27,30,30,26,30,47,79,91,79,104,93,65,92,-0.7669794803000288,-0.008694986236374389,0.3079474922432356,0.9348389342405405,-1.138917779753145,1.4846845014481485,0.9565589698161219,42.85893661569181,6.623323505577438,ET_somali
18.68690834818695,17.243029340637065,12.527668992817633,7.828911748186743,18.06048268834736,13.17670868491108,12.144226616419807,5,1.393882301410419,-0.02517015549634814,-0.9696928174383549,-1.2901792547752802,1.7258094835776487,-0.3032088524634255,-0.9482693891086471,21,27,30,30,26,30,47,77,80,88,144,142,96,110,-0.8741532011435286,0.13472682323734192,0.34075208076764874,0.999568210388954,-1.0418677795059146,1.437113971445194,0.9353153955422646,42.639208697196175,6.6217065380660225,ET_somali
18.40644270806836,19.669768893988287,11.439538203551862,7.791291730681179,18.36473161660825,19.017172149651213,15.10546036635846,5,1.4207623097413509,-0.07109237367622483,-0.9074907503036578,-1.1377987028402692,1.770291488954187,-0.4576098370873855,-1.018402160214964,21,27,29,30,26,30,47,43,50,49,72,72,45,71,-0.7510361385738482,-0.06381835551828934,0.3784235724048356,0.9021180721125512,-1.0925271429125925,1.4884877806826518,0.9553551147631955,42.954876688035775,6.729684035217189,ET_somali
16.176457831067488,16.304152261408657,10.285930566394974,11.931578381975415,17.796470658751918,18.508398869202463,15.083652085497311,5,1.5063391777826771,0.24178168662400112,-1.0266675041945612,-1.4539310196894664,1.2622962203743433,-0.38934939310232825,-1.0903858121647927,21,27,29,30,26,30,47,54,68,50,76,78,47,63,-0.78968660210061,-0.027228216287233986,0.30245915798447043,0.8932046212471947,-0.6293373043315555,1.6267083723059321,0.921492451907873,42.94149179030239,6.955430666116425,ET_somali
22.47601873000087,20.78471627348349,11.913948480913715,12.901937595607409,20.0561680189981,19.757506558689254,14.03240531942528,5,1.316326212704982,0.11697933222728593,-0.9821046266635719,-1.2911417183386236,1.6998129958690293,-0.44032376715214433,-1.0629881762254807,21,27,29,30,26,30,47,91,91,89,142,142,91,126,-0.6926845850342241,-0.09474057657722082,0.27933752732230815,0.892719244430652,-1.0768064151825376,1.5988688489038072,0.9067895627489803,42.85803830040769,6.808196791049236,ET_somali
14.765117346055856,16.352165049923933,12.5815242578644,11.77518683283781,14.236339445020603,11.4212318398348,13.945201768174197,5,1.4732291531304011,-0.005768909465455083,-1.0297108808784314,-1.3352479716191006,1.49333540941377,-0.3711795182549005,-1.0063276757644537,21,27,30,30,26,30,47,87,89,83,144,140,104,121,-0.8653936212969849,0.10317323766718733,0.37019379138198916,0.9743758853594711,-0.8067475922004873,1.4712819050325052,0.9336070808582515,42.64630538794072,6.699231147085538,ET_somali
22.487354616119443,22.5083626790511,12.46741204514025,10.409540227463523,23.236782309999057,19.33247445953282,16.495403036467273,5,1.4207623097413509,-0.07109237367622483,-0.9074907503036578,-1.1377987028402692,1.770291488954187,-0.4576098370873855,-1.018402160214964,21,27,29,30,26,30,47,46,48,46,72,72,43,72,-0.7510361385738482,-0.06381835551828934,0.3784235724048356,0.9021180721125512,-1.0925271429125925,1.4884877806826518,0.9553551147631955,42.96475815616109,6.740373987098211,ET_somali
20.99474217376268,17.163338148220106,11.728016572921028,11.359839333241426,24.86821842153877,26.73637027174909,21.05325468426616,5,1.3709942589915551,-0.031148745176406693,-0.8838222834745633,-1.140471093245933,1.805235724232554,-0.4442700107354677,-1.0423948605171742,21,27,29,30,26,30,47,44,53,48,72,72,41,62,-0.6814281792928726,-0.05961064273384595,0.3499730134985623,0.8949609845938806,-1.192428572942584,1.462024633282096,0.9679184819796645,43.095283366943654,6.708843120625616,ET_somali
13.57163312390823,14.22658451195691,11.350375756412767,5.783672060778834,14.407170033618284,16.163531125028044,14.500717920012306,5,1.5378304748729796,0.29440647957412996,-0.9818492325885356,-1.4681264253172972,1.3087434789943189,-0.2959948798965038,-1.075461385391725,21,27,28,30,26,30,47,43,44,49,72,73,42,60,-0.7383149784943459,-0.06007062330801151,0.3066679868303539,0.8975185215363489,-0.7160638493040622,1.627672463740368,0.9192799526073637,43.02467578561186,7.064036983966475,ET_somali
18.534996602670574,17.665583916049986,10.47459274535876,8.694956587942253,14.8674716424619,11.95941864874145,14.080947416914167,5,1.4732291531304011,-0.005768909465455083,-1.0297108808784314,-1.3352479716191006,1.49333540941377,-0.3711795182549005,-1.0063276757644537,21,27,30,30,26,30,47,90,96,86,142,142,98,137,-0.8653936212969849,0.10317323766718733,0.37019379138198916,0.9743758853594711,-0.8067475922004873,1.4712819050325052,0.9336070808582515,42.60489305334281,6.707136321585789,ET_somali
17.76905341350368,17.750365143264762,10.639067460137767,10.334472147225657,15.885164659072888,15.065379334665112,14.830464174414207,5,1.3996224177041006,0.22208637652186744,-0.9495137425253164,-1.4025347666511756,1.3838583120291659,-0.40338245661009264,-1.1132492145627044,21,27,28,30,26,30,47,39,47,43,72,72,42,64,-0.7408197477089745,-0.04343974161851714,0.2731704108378665,0.854826489579725,-0.7190744037756035,1.5814532421499048,0.9994071672146703,43.072915316369084,6.986692038003785,ET_somali
18.967551837150257,18.63960432123926,9.312375321288881,11.632190985418628,24.1583037878363,22.837463403999557,25.260166310667067,5,1.3828660812628286,-0.054890122457852394,-0.8885511442897512,-1.1552850638339327,1.8524248732035342,-0.38116994078135075,-0.9714191822463156,21,27,30,30,26,30,47,44,51,49,71,72,42,67,-0.7669794803000288,-0.008694986236374389,0.3079474922432356,0.9348389342405405,-1.138917779753145,1.4846845014481485,0.9565589698161219,42.882652139192565,6.632216826890221,ET_somali
17.627311467979506,20.857932775472328,10.99119095623072,10.86091790132297,13.477929912912789,13.210139586172742,13.177473358844132,5,1.3377887939839384,0.1106550626016054,-0.9674301735449801,-1.3400859166638612,1.5336042864399364,-0.49772867155516354,-1.0933258290209085,21,27,29,30,26,30,47,45,49,45,72,71,43,67,-0.7815355128665085,-0.06123112043073587,0.2583328684564888,0.8590161265050622,-0.7931000232324755,1.6102713084275675,0.986605706309144,43.01030274106595,6.8696415564830104,ET_somali
20.69711757718361,20.891811189124788,9.691179973909573,10.547712978650058,19.96933180214009,15.692625984459966,18.384878179687085,5,1.3424411761747934,0.02739554883140905,-0.9348763698423411,-1.2005154287487443,1.8152973191414952,-0.4038762530584514,-1.0178160307481257,21,27,30,30,26,30,47,44,50,43,71,72,44,67,-0.6550383075400492,-0.09064583442686555,0.2824648445276315,0.886210832272663,-1.2442335684899954,1.5538265069958421,0.8997763415741118,42.901786254744316,6.706148174773258,ET_somali
20.60085148240794,20.11764999938246,11.009740988618685,8.721100078883385,18.191919625655256,13.304648390040631,13.878844986421026,5,1.3663618028862188,0.19593722101677602,-1.0172774660890156,-1.3942693854685455,1.4662668310454214,-0.4587425174361079,-1.0937059315808724,21,27,29,30,26,30,47,91,88,92,137,139,97,114,-0.7902065993071062,-0.02851830880413578,0.30062857562481743,0.8846597191206492,-0.7993147577048151,1.619773985161801,0.927235899630435,42.900798107931784,6.86227537115323,ET_somali
22.844875175653637,19.168574710587972,8.016537992010196,8.942404284303548,19.62315789168698,19.137482940898767,11.899758943497591,5,1.3332550908554919,0.12509206035317993,-0.9554945712583881,-1.3179821989352114,1.7499323323416622,-0.3503192626003524,-1.0163732592748949,21,27,29,30,26,30,47,91,88,93,142,142,97,132,-0.7593107633472526,0.020901687353303326,0.2893957308993633,0.9249750348244967,-1.0923391002007654,1.547630241890747,0.9175203583052862,42.84653986477096,6.740104492512976,ET_somali
17.89663353687833,19.21667752738254,9.944937768524888,10.495334146120953,17.71351782900875,18.927109409150752,13.522093573919236,5,1.3424411761747934,0.02739554883140905,-0.9348763698423411,-1.2005154287487443,1.8152973191414952,-0.4038762530584514,-1.0178160307481257,21,27,29,30,26,30,47,95,95,88,134,137,91,123,-0.6550383075400492,-0.09064583442686555,0.2824648445276315,0.886210832272663,-1.2442335684899954,1.5538265069958421,0.8997763415741118,42.87681308984579,6.748279161598464,ET_somali
29.653669373258968,22.62353726455676,15.59889164893477,14.491709091039072,31.69387801646358,27.530237797738614,17.412245869256367,5,1.3377887939839384,0.1106550626016054,-0.9674301735449801,-1.3400859166638612,1.5336042864399364,-0.49772867155516354,-1.0933258290209085,21,27,29,30,26,30,47,42,45,48,72,72,39,66,-0.7815355128665085,-0.06123112043073587,0.2583328684564888,0.8590161265050622,-0.7931000232324755,1.6102713084275675,0.986605706309144,42.998804305429225,6.94465088270699,ET_somali
23.22383117473113,17.616220668505665,11.873930571420052,9.93312872519672,21.23806295682816,19.179714956154957,12.954614341496686,5,1.3095861247509155,0.2242567326815016,-1.0193456512905577,-1.3749493021357968,1.6453684686513759,-0.3884250297343409,-1.0607866350539694,21,27,29,30,26,30,47,92,91,96,142,143,97,125,-0.7381247604668582,-0.05813004924218078,0.28113703426589864,0.9110110898846078,-1.0053278850840424,1.6129464246290137,0.9001368409041494,42.788688360473664,6.753219895661121,ET_somali
18.530818618713432,16.89452495627334,9.877667392702092,8.758169781734718,17.567438587074072,16.83812662974295,15.410435762271176,5,1.3828660812628286,-0.054890122457852394,-0.8885511442897512,-1.1552850638339327,1.8524248732035342,-0.38116994078135075,-0.9714191822463156,21,27,30,30,26,30,47,46,59,51,71,76,42,67,-0.7669794803000288,-0.008694986236374389,0.3079474922432356,0.9348389342405405,-1.138917779753145,1.4846845014481485,0.9565589698161219,42.87591477456167,6.645422061566778,ET_somali
22.803288421115624,18.226038820417177,14.437700602652965,13.641355828807754,17.305913861682008,13.181491935969737,15.099994950978026,5,1.407008483684397,0.1804203383163563,-1.054986298270569,-1.416996578471047,1.4474468092189805,-0.3899890628808443,-1.0579568703894962,21,27,29,30,26,30,47,94,84,96,142,142,92,121,-0.8313221597807433,0.08037278804335077,0.38882913600723923,0.9466293806953973,-0.8403358247454527,1.5351453580767378,0.8825691012324263,42.74565905836434,6.8323614721920505,ET_somali
19.038849264829608,16.703237715062357,14.790715846688501,13.236445461334528,15.394203189591506,13.764246520327706,12.393040666020436,5,1.4084358936560344,0.3309027414984514,-0.9612645639526001,-1.532500104018425,1.3862197198262811,-0.21995833775466872,-1.1443125572127704,21,27,29,30,26,30,47,91,88,84,142,144,94,125,-0.752615673088833,-0.014157427327226852,0.46444866223036946,1.1015266383592515,-0.8206435982246969,1.4784282655600456,0.7852250579535314,42.67208703659495,6.953095046377714,ET_somali
21.169399854511035,19.04772883957024,9.76606875989139,10.806467915084903,18.495759363792757,16.556957800039452,12.183568953308193,5,1.4207623097413509,-0.07109237367622483,-0.9074907503036578,-1.1377987028402692,1.770291488954187,-0.4576098370873855,-1.018402160214964,21,27,29,30,26,30,47,43,55,45,72,71,42,61,-0.7510361385738482,-0.06381835551828934,0.3784235724048356,0.9021180721125512,-1.0925271429125925,1.4884877806826518,0.9553551147631955,42.98443126088331,6.710639751193855,ET_somali
17.80459689308027,17.535683005776324,10.488633280456133,10.20800883300852,22.810995355474155,19.925925193369245,16.283735783866828,5,1.3709942589915551,-0.031148745176406693,-0.8838222834745633,-1.140471093245933,1.805235724232554,-0.4442700107354677,-1.0423948605171742,21,27,30,30,26,30,47,43,50,46,72,72,41,59,-0.6814281792928726,-0.05961064273384595,0.3499730134985623,0.8949609845938806,-1.192428572942584,1.462024633282096,0.9679184819796645,43.090342632881,6.669137585067533,ET_somali
18.334211160276787,19.376441035602166,13.085834797793023,9.381003955912055,16.21126105483923,7.897306943466786,12.475554252432827,5,1.4732291531304011,-0.005768909465455083,-1.0297108808784314,-1.3352479716191006,1.49333540941377,-0.3711795182549005,-1.0063276757644537,21,27,30,30,26,30,47,88,94,86,142,142,102,124,-0.8653936212969849,0.10317323766718733,0.37019379138198916,0.9743758853594711,-0.8067475922004873,1.4712819050325052,0.9336070808582515,42.62384750583773,6.725461953381828,ET_somali
17.52947046656466,17.896261716391642,11.620160821718992,8.530505454139325,15.17486324047247,13.63270711221678,11.171926032837803,5,1.393882301410419,-0.02517015549634814,-0.9696928174383549,-1.2901792547752802,1.7258094835776487,-0.3032088524634255,-0.9482693891086471,21,27,30,30,26,30,47,77,82,84,144,142,97,119,-0.8741532011435286,0.13472682323734192,0.34075208076764874,0.999568210388954,-1.0418677795059146,1.437113971445194,0.9353153955422646,42.63283065867893,6.618113276929544,ET_somali
21.381967254611155,20.476639432183838,13.292949613879511,12.389065810867754,22.126626807803817,20.54199909267094,14.161600565131623,5,1.3663618028862188,0.19593722101677602,-1.0172774660890156,-1.3942693854685455,1.4662668310454214,-0.4587425174361079,-1.0937059315808724,21,27,29,30,26,30,47,45,48,43,72,71,40,69,-0.7902065993071062,-0.02851830880413578,0.30062857562481743,0.8846597191206492,-0.7993147577048151,1.619773985161801,0.927235899630435,42.94948679633106,6.863712675607822,ET_somali
20.043812225098367,15.698170429149053,13.61119025536717,9.960786108446287,21.473446800315546,15.723546479902481,14.414980836342052,5,1.4084358936560344,0.3309027414984514,-0.9612645639526001,-1.532500104018425,1.3862197198262811,-0.21995833775466872,-1.1443125572127704,21,27,29,30,26,30,47,85,89,80,144,144,95,119,-0.752615673088833,-0.014157427327226852,0.46444866223036946,1.1015266383592515,-0.8206435982246969,1.4784282655600456,0.7852250579535314,42.65636651912286,6.987770016344728,ET_somali
15.053695241529699,14.544742626257298,10.96694844134565,8.271438406853115,13.149997632489017,10.689494766225906,18.72533707276786,5,1.407008483684397,0.1804203383163563,-1.054986298270569,-1.416996578471047,1.4474468092189805,-0.3899890628808443,-1.0579568703894962,21,27,29,30,26,30,47,88,88,93,142,142,91,128,-0.8313221597807433,0.08037278804335077,0.38882913600723923,0.9466293806953973,-0.8403358247454527,1.5351453580767378,0.8825691012324263,42.74062849277327,6.776306598462992,ET_somali
13.718744222928569,12.99538947283032,10.031505676082675,9.735630659389205,14.757705781155474,15.444847329436517,11.997556733634902,5,1.3900782527746869,0.10634274320472821,-0.9941298942515587,-1.3695476548205208,1.6193325981972604,-0.342731296174307,-1.0134492680969163,21,27,30,30,26,30,47,104,109,125,215,234,148,175,-0.8158393355817065,0.10750430265952693,0.3766657731288312,0.9607857411243086,-0.9942215067662312,1.4850915827970534,0.9055173022293398,42.66849377545847,6.654674708993209,ET_somali
18.799965257188656,19.179559869867443,15.17257623405366,11.002355809866076,19.818321926740087,16.961590573962276,14.808083794244979,5,1.5063391777826771,0.24178168662400112,-1.0266675041945612,-1.4539310196894664,1.2622962203743433,-0.38934939310232825,-1.0903858121647927,21,27,29,30,26,30,47,93,91,91,144,143,86,120,-0.78968660210061,-0.027228216287233986,0.30245915798447043,0.8932046212471947,-0.6293373043315555,1.6267083723059321,0.921492451907873,42.903403222255726,6.992980244992621,ET_somali
19.860724420916206,22.39636270166392,12.673881885988477,10.00948817518045,14.569202009982005,15.907691246924713,14.405985768110087,5,1.3663618028862188,0.19593722101677602,-1.0172774660890156,-1.3942693854685455,1.4662668310454214,-0.4587425174361079,-1.0937059315808724,21,27,29,30,26,30,47,90,92,93,143,143,96,131,-0.7902065993071062,-0.02851830880413578,0.30062857562481743,0.8846597191206492,-0.7993147577048151,1.619773985161801,0.927235899630435,42.891006471334876,6.898926634745307,ET_somali
23.112188642180186,23.3404365089797,17.464814658132262,9.228241563592848,21.869851682502283,18.319350539943937,16.981226518166125,5,1.3869023844779442,0.29033591700995026,-1.0644881475602936,-1.4482877695010932,1.3869599699559951,-0.41263332804443714,-1.0879945896679215,21,27,29,30,26,30,47,92,87,87,143,142,85,119,-0.7924194943489292,0.028092417789271996,0.3773680612427183,0.935499828770558,-0.8611025911221218,1.5951465155755056,0.8399069467520772,42.839263510969595,6.887787525222225,ET_somali
18.343048787475304,16.92831078339506,9.89817288663576,10.88989097712681,18.33228046135137,16.589345798326043,15.94265834231122,5,1.4347951163055976,0.2071077944657692,-0.9861766377028576,-1.410938834427696,1.4035154905244418,-0.4105671404388653,-1.0911905601551661,21,27,28,30,26,30,47,44,43,45,72,72,43,67,-0.7715515146044158,-0.036224988584952246,0.2966555311767082,0.8773168631110799,-0.7537062233803018,1.6132816804366965,0.9480107398532608,43.00122975669635,7.009868572334068,ET_somali
18.726084003923084,18.91915429753781,11.157616103377654,11.486489634206087,13.556200350226662,13.86790300962732,12.156416745419323,5,1.3288115917264236,0.03917750558792415,-0.9013120884647994,-1.263532628022271,1.8370250933675851,-0.3195677028417049,-0.9646230644926007,21,27,30,30,26,30,47,85,92,89,143,143,88,117,-0.7856783066195094,0.08798719049991524,0.3230095202287013,0.9751029937093896,-1.1815055715122695,1.44328535034479,0.9181569757055533,42.77305767452999,6.600146971247154,ET_somali
23.792395578445554,19.396346383557113,14.310268850896968,14.31898001463352,22.00326868601183,20.10439945455469,16.305177838145354,5,1.3332550908554919,0.12509206035317993,-0.9554945712583881,-1.3179821989352114,1.7499323323416622,-0.3503192626003524,-1.0163732592748949,21,27,30,30,26,30,47,92,96,93,142,144,92,123,-0.7593107633472526,0.020901687353303326,0.2893957308993633,0.9249750348244967,-1.0923391002007654,1.547630241890747,0.9175203583052862,42.77548312579711,6.698063337216182,ET_somali
14.946309509398217,13.827398043404441,9.502928216719196,10.221402333219283,16.0784891223085,14.436647496990815,9.259460127946234,5,1.3332550908554919,0.12509206035317993,-0.9554945712583881,-1.3179821989352114,1.7499323323416622,-0.3503192626003524,-1.0163732592748949,21,27,30,30,26,30,47,92,93,97,143,144,94,125,-0.7593107633472526,0.020901687353303326,0.2893957308993633,0.9249750348244967,-1.0923391002007654,1.547630241890747,0.9175203583052862,42.78644257226337,6.669946068823241,ET_somali
11.893473777817091,13.667572565153762,9.050588062128929,9.87749676834676,12.199651546223105,10.407887760308927,8.269822672493985,5,1.3869023844779442,0.29033591700995026,-1.0644881475602936,-1.4482877695010932,1.3869599699559951,-0.41263332804443714,-1.0879945896679215,21,27,29,30,26,30,47,94,92,91,142,143,93,119,-0.7924194943489292,0.028092417789271996,0.3773680612427183,0.935499828770558,-0.8611025911221218,1.5951465155755056,0.8399069467520772,42.75095911854064,6.877187404869614,ET_somali
15.95172294645748,15.62162083211825,8.116287283928827,10.092015901064926,14.694862468905194,14.328259840844346,21.169303193963884,5,1.3900782527746869,0.10634274320472821,-0.9941298942515587,-1.3695476548205208,1.6193325981972604,-0.342731296174307,-1.0134492680969163,21,27,30,30,26,30,47,159,175,174,282,281,171,243,-0.8158393355817065,0.10750430265952693,0.3766657731288312,0.9607857411243086,-0.9942215067662312,1.4850915827970534,0.9055173022293398,42.68160917860662,6.650452627157847,ET_somali
23.08297010951391,17.598215058299754,10.725854762384044,10.481594481177824,15.624867641265109,15.552194344547518,12.21351723964055,5,1.3332550908554919,0.12509206035317993,-0.9554945712583881,-1.3179821989352114,1.7499323323416622,-0.3503192626003524,-1.0163732592748949,21,27,30,30,26,30,47,88,92,91,142,143,93,123,-0.7593107633472526,0.020901687353303326,0.2893957308993633,0.9249750348244967,-1.0923391002007654,1.547630241890747,0.9175203583052862,42.7972223556728,6.698063337216182,ET_somali
18.2479937040037,15.713244904166379,12.735074792954922,8.118077689888784,15.114948692308607,15.467489980522519,13.005784724346013,5,1.5839103670135475,0.285487724647402,-0.942065920036906,-1.5280650895907144,1.2337395053600813,-0.2556712805170081,-1.0986530123581275,21,27,29,30,26,30,46,93,93,94,143,144,90,130,-0.7633899162410078,-0.03966389454189696,0.31203503079434386,0.9539625310490043,-0.68174250625198,1.6320535541802577,0.8756915711969399,42.877172415959436,7.089818632620705,ET_somali
20.561223940788025,18.291351140348127,11.779127778967563,12.351571298400037,17.978986553678077,15.29331175135629,14.305061070061345,5,1.3900782527746869,0.10634274320472821,-0.9941298942515587,-1.3695476548205208,1.6193325981972604,-0.342731296174307,-1.0134492680969163,21,27,30,30,26,30,47,91,94,95,142,143,89,130,-0.8158393355817065,0.10750430265952693,0.3766657731288312,0.9607857411243086,-0.9942215067662312,1.4850915827970534,0.9055173022293398,42.73236399215937,6.682252988215678,ET_somali
23.78982116698825,20.01897800039599,11.0459702394971,10.21142151549883,17.867642276027652,18.663702026692693,11.464130173658539,5,1.3424411761747934,0.02739554883140905,-0.9348763698423411,-1.2005154287487443,1.8152973191414952,-0.4038762530584514,-1.0178160307481257,21,27,29,30,26,30,47,91,92,95,142,143,95,126,-0.6550383075400492,-0.09064583442686555,0.2824648445276315,0.886210832272663,-1.2442335684899954,1.5538265069958421,0.8997763415741118,42.86163156154417,6.738757019586797,ET_somali
18.497047608259706,16.540845779786917,9.664562956664133,9.915374574810723,18.955654168999533,16.1386903702219,16.780812097526717,5,1.3705031788285946,0.00988723619133849,-0.9398020717560758,-1.237646973423715,1.6680610708290102,-0.4926415993444379,-1.0616273411194674,21,27,29,30,26,30,47,45,48,43,72,72,37,65,-0.7663635515775681,-0.042304921216447196,0.3071713040760836,0.8821498614189275,-0.9571661570966369,1.5599956467140308,0.9629932123119791,42.96170388419508,6.77846255514488,ET_somali
28.342664098491312,23.60304132723545,13.920998450847582,14.416700816706818,23.978570893938777,21.520367133648296,20.478001023352327,5,1.2968252562874578,0.13577389998495154,-0.932807901251562,-1.3360313725460908,1.517188342075873,-0.4853783026605439,-1.115584404764774,21,27,29,30,26,30,47,45,47,46,72,72,42,62,-0.71810801624513,-0.03477407210867093,0.258797960983234,0.8395537267676325,-0.8603947812976458,1.5798204419621427,0.9979423483851125,43.09285791567653,6.920665864620999,ET_somali
20.096285717369454,21.11877131993214,12.627137520711676,10.935005790980366,20.037721442071526,16.071280701393686,15.878982575468,5,1.4207623097413509,-0.07109237367622483,-0.9074907503036578,-1.1377987028402692,1.770291488954187,-0.4576098370873855,-1.018402160214964,21,27,29,30,26,30,47,41,49,46,72,72,41,65,-0.7510361385738482,-0.06381835551828934,0.3784235724048356,0.9021180721125512,-1.0925271429125925,1.4884877806826518,0.9553551147631955,43.0392284932146,6.749177476882583,ET_somali
16.71111811417302,18.714656732231237,11.630088582373366,11.814893771372875,21.814358954351842,15.644601624530647,16.896463842327215,5,1.400619516498148,0.13639916686094228,-1.0588408775515223,-1.4047615765228127,1.4275721494428053,-0.358859270370405,-1.0638005916980284,21,27,30,30,26,30,47,94,82,85,142,142,106,119,-0.8132819311339723,-0.06157498970515298,0.34736931351730216,0.9688983359028114,-0.6432457301813186,1.5194175172262112,0.9543013906016251,42.63453745771876,6.769030244661624,ET_somali
19.020752172247352,18.35883120830415,8.54852737398493,11.325905495694775,17.742161512431892,16.671904383725057,13.453917151098837,5,1.4207623097413509,-0.07109237367622483,-0.9074907503036578,-1.1377987028402692,1.770291488954187,-0.4576098370873855,-1.018402160214964,21,27,29,30,26,30,47,40,52,47,72,72,41,70,-0.7510361385738482,-0.06381835551828934,0.3784235724048356,0.9021180721125512,-1.0925271429125925,1.4884877806826518,0.9553551147631955,42.96170388419508,6.718185599580459,ET_somali
22.517955938301597,21.298649233340047,9.651721186362659,8.79997373698193,21.740716915850296,18.70297053173948,15.47971878347222,5,1.4207623097413509,-0.07109237367622483,-0.9074907503036578,-1.1377987028402692,1.770291488954187,-0.4576098370873855,-1.018402160214964,21,27,29,30,26,30,47,44,51,46,72,72,44,64,-0.7510361385738482,-0.06381835551828934,0.3784235724048356,0.9021180721125512,-1.0925271429125925,1.4884877806826518,0.9553551147631955,42.99215677232674,6.747111351729108,ET_somali
17.226296831408952,13.94999702145393,8.145705549906022,6.334478197567521,17.8770580001337,15.793324233619275,13.21844901580282,5,1.3332550908554919,0.12509206035317993,-0.9554945712583881,-1.3179821989352114,1.7499323323416622,-0.3503192626003524,-1.0163732592748949,21,27,30,30,26,30,47,90,98,96,143,143,93,132,-0.7593107633472526,0.020901687353303326,0.2893957308993633,0.9249750348244967,-1.0923391002007654,1.547630241890747,0.9175203583052862,42.75401339050665,6.663568030305992,ET_somali
22.749338517992342,20.961385098679006,11.038082445268417,11.01509141923029,17.745321621721164,14.093410161362486,13.17545125314834,5,1.3288115917264236,0.03917750558792415,-0.9013120884647994,-1.263532628022271,1.8370250933675851,-0.3195677028417049,-0.9646230644926007,21,27,30,30,26,30,47,88,96,96,142,144,97,128,-0.7856783066195094,0.08798719049991524,0.3230095202287013,0.9751029937093896,-1.1815055715122695,1.44328535034479,0.9181569757055533,42.814470009127895,6.641649137373476,ET_somali
19.51770354810373,21.127402915783257,13.186790510083885,10.12438793568235,22.638453951558205,23.371138166735854,22.677838061352972,5,1.3138158421270127,0.04552567933431455,-0.9094480541737856,-1.2390249094513237,1.690643784122922,-0.47575578486465264,-1.08408710339862,21,27,29,30,26,30,47,40,48,42,72,71,42,69,-0.6791968017570821,-0.020838891704209404,0.29840599055552197,0.8594985881606318,-1.0797698693748627,1.5316538440340468,0.9664011083099897,43.05746429348223,6.778821881258527,ET_somali
16.136482824742433,14.439350114168715,8.972775316616303,7.687517716681566,9.622288146100164,12.317836074803829,10.380420245762574,5,1.3869023844779442,0.29033591700995026,-1.0644881475602936,-1.4482877695010932,1.3869599699559951,-0.41263332804443714,-1.0879945896679215,21,27,29,30,26,30,47,95,90,90,142,142,92,123,-0.7924194943489292,0.028092417789271996,0.3773680612427183,0.935499828770558,-0.8611025911221218,1.5951465155755056,0.8399069467520772,42.75329473827936,6.889314661205228,ET_somali
17.35093164514936,18.738884748987616,9.7615557756214,10.36498882050898,19.41587208939343,23.580951248096675,17.284100123969463,5,1.3828660812628286,-0.054890122457852394,-0.8885511442897512,-1.1552850638339327,1.8524248732035342,-0.38116994078135075,-0.9714191822463156,21,27,30,30,26,30,47,76,86,65,92,85,53,85,-0.7669794803000288,-0.008694986236374389,0.3079474922432356,0.9348389342405405,-1.138917779753145,1.4846845014481485,0.9565589698161219,42.86064341473164,6.616765804003365,ET_somali
22.457065096370755,17.671611553745166,14.026462290321472,11.155325729304618,17.402127155555355,19.71333879505112,13.882806100722842,5,1.3332550908554919,0.12509206035317993,-0.9554945712583881,-1.3179821989352114,1.7499323323416622,-0.3503192626003524,-1.0163732592748949,21,27,30,30,26,30,47,89,91,99,142,143,92,134,-0.7593107633472526,0.020901687353303326,0.2893957308993633,0.9249750348244967,-1.0923391002007654,1.547630241890747,0.9175203583052862,42.782310321956416,6.732378981069548,ET_somali
19.91221175101662,19.144367627991787,12.444683564727388,10.496938487504247,18.45471505615925,15.772184403167868,13.865024373077768,5,1.5030451421664652,0.2865923445742261,-0.9822100472435463,-1.5233794192541823,1.2737576631114165,-0.3186936310699852,-1.109038507813507,21,27,29,30,26,30,47,92,88,86,143,143,91,126,-0.8046492038629011,0.010894407206609426,0.3600000564914225,0.9796475322251894,-0.7654554947049417,1.6033128297274721,0.8403850203366645,42.83225665175346,6.953454372491362,ET_somali
23.4764957795874,20.92965307304254,11.581552753557997,11.61666846238103,22.663250911109902,23.675029644170387,22.888697193467824,5,1.3138158421270127,0.04552567933431455,-0.9094480541737856,-1.2390249094513237,1.690643784122922,-0.47575578486465264,-1.08408710339862,21,27,29,30,26,30,47,41,48,42,72,72,42,60,-0.6791968017570821,-0.020838891704209404,0.29840599055552197,0.8594985881606318,-1.0797698693748627,1.5316538440340468,0.9664011083099897,43.07057969663037,6.76651496186609,ET_somali
16.405855427643658,19.1321081601289,10.56790346006506,10.162890796919456,19.06133251254244,16.88953836363195,14.767913394357892,5,1.4207623097413509,-0.07109237367622483,-0.9074907503036578,-1.1377987028402692,1.770291488954187,-0.4576098370873855,-1.018402160214964,21,27,29,30,26,30,47,39,49,46,72,72,47,63,-0.7510361385738482,-0.06381835551828934,0.3784235724048356,0.9021180721125512,-1.0925271429125925,1.4884877806826518,0.9553551147631955,42.99934329459969,6.729773866745601,ET_somali
21.064214574671002,22.730134059872782,12.071033378639623,8.744794791673382,18.094405064709623,17.38457293547142,11.598125682221722,5,1.3332550908554919,0.12509206035317993,-0.9554945712583881,-1.3179821989352114,1.7499323323416622,-0.3503192626003524,-1.0163732592748949,21,27,30,30,26,30,47,88,93,97,142,144,92,126,-0.7593107633472526,0.020901687353303326,0.2893957308993633,0.9249750348244967,-1.0923391002007654,1.547630241890747,0.9175203583052862,42.78078318597341,6.705070196432314,ET_somali
19.604211899572643,18.17834774965664,13.620799770364481,9.58684149275586,23.293519057648492,20.940897357423477,16.70277529218137,5,1.3709942589915551,-0.031148745176406693,-0.8838222834745633,-1.140471093245933,1.805235724232554,-0.4442700107354677,-1.0423948605171742,20,27,30,29,24,24,41,47,48,47,72,72,44,65,-0.6814281792928726,-0.05961064273384595,0.3499730134985623,0.8949609845938806,-1.192428572942584,1.462024633282096,0.9679184819796645,43.06581862562454,6.684678439482801,ET_somali
18.928121367341568,17.564142603540482,12.364994859751858,11.94204719517365,23.03080074445264,22.726639719866988,18.79764943485636,5,1.42362209503469,-0.07087024344796874,-0.8843980533966588,-1.0636822526878953,1.8404640340867289,-0.4239166526236274,-1.019117206610683,21,27,30,30,26,30,47,39,52,47,72,73,38,62,-0.7824802733293926,0.02534468688994516,0.41532964288699115,0.926798954029622,-1.2342303007561926,1.4296792912261351,0.9198888932221956,43.070310202045135,6.647398355191841,ET_somali
17.108759604522064,17.78658071771735,8.986411912419893,12.851065576538808,19.533079022225188,16.470017731028626,13.248369204938847,5,1.3424411761747934,0.02739554883140905,-0.9348763698423411,-1.2005154287487443,1.8152973191414952,-0.4038762530584514,-1.0178160307481257,21,27,29,30,26,30,47,39,49,45,71,72,43,69,-0.6550383075400492,-0.09064583442686555,0.2824648445276315,0.886210832272663,-1.2442335684899954,1.5538265069958421,0.8997763415741118,42.91346435343787,6.718455094165695,ET_somali
21.395397095313246,17.53762362737845,11.438510583975955,10.797789346511586,22.91316416588722,19.479662455367603,20.855238087128438,5,1.5063391777826771,0.24178168662400112,-1.0266675041945612,-1.4539310196894664,1.2622962203743433,-0.38934939310232825,-1.0903858121647927,21,27,29,30,26,30,47,89,91,93,143,142,91,118,-0.78968660210061,-0.027228216287233986,0.30245915798447043,0.8932046212471947,-0.6293373043315555,1.6267083723059321,0.921492451907873,42.912027048983276,7.011755034430719,ET_somali
15.50020252266867,15.985592485320494,11.439483545229672,6.654288536823192,9.352716165760908,10.799885003836565,9.699805470020923,5,1.5030451421664652,0.2865923445742261,-0.9822100472435463,-1.5233794192541823,1.2737576631114165,-0.3186936310699852,-1.109038507813507,21,27,29,30,26,30,47,93,86,94,143,144,88,117,-0.8046492038629011,0.010894407206609426,0.3600000564914225,0.9796475322251894,-0.7654554947049417,1.6033128297274721,0.8403850203366645,42.80342073113322,6.9666596071679185,ET_somali
22.689067688087764,20.572034991889616,15.240216701633797,9.329479081691987,16.742741406775025,17.31667635108579,16.69243579886111,5,1.316326212704982,0.11697933222728593,-0.9821046266635719,-1.2911417183386236,1.6998129958690293,-0.44032376715214433,-1.0629881762254807,21,27,29,30,26,30,47,91,82,93,143,142,89,129,-0.6926845850342241,-0.09474057657722082,0.27933752732230815,0.892719244430652,-1.0768064151825376,1.5988688489038072,0.9067895627489803,42.85031278896427,6.831193662322695,ET_somali
16.53790062583865,16.380357483818077,8.36962846499137,9.840871376496706,15.915953017172535,15.045714393315727,11.99222889570126,5,1.2968252562874578,0.13577389998495154,-0.932807901251562,-1.3360313725460908,1.517188342075873,-0.4853783026605439,-1.115584404764774,21,27,29,30,26,30,47,41,46,46,72,72,42,67,-0.71810801624513,-0.03477407210867093,0.258797960983234,0.8395537267676325,-0.8603947812976458,1.5798204419621427,0.9979423483851125,43.058632103351584,6.86038890905658,ET_somali
20.539756678974285,20.08282276800087,12.65348918211406,13.446410766610457,20.40886248579553,20.358038697224462,15.623941888701292,5,1.3138158421270127,0.04552567933431455,-0.9094480541737856,-1.2390249094513237,1.690643784122922,-0.47575578486465264,-1.08408710339862,21,27,29,30,26,30,47,44,47,44,72,71,43,62,-0.6791968017570821,-0.020838891704209404,0.29840599055552197,0.8594985881606318,-1.0797698693748627,1.5316538440340468,0.9664011083099897,43.05701513584017,6.762742037672788,ET_somali
17.87190778099915,14.61099399465133,16.6877341089886,10.937406857323786,16.11806136987749,12.909730592937608,13.801344590001642,5,1.2942671431292656,0.30291830215927723,-1.0441172502983422,-1.4703674622465663,1.456248753572218,-0.27665506445260357,-1.117394992333831,21,27,29,30,26,30,47,94,85,82,142,144,100,119,-0.7195100469260853,-0.20706868697194902,0.38926912421833365,1.0168201095101896,-0.6622709776001293,1.5102863809908826,0.9223782061962802,42.62007458164443,6.903957200336376,ET_somali
21.197980300482726,21.709384815333188,15.946097911583081,7.057524920112206,19.71571043226322,18.001485851081863,17.382511256854,5,1.3869023844779442,0.29033591700995026,-1.0644881475602936,-1.4482877695010932,1.3869599699559951,-0.41263332804443714,-1.0879945896679215,21,27,29,30,26,30,47,94,87,90,143,142,95,125,-0.7924194943489292,0.028092417789271996,0.3773680612427183,0.935499828770558,-0.8611025911221218,1.5951465155755056,0.8399069467520772,42.831448167997756,6.91976754933688,ET_somali
18.670309312573803,19.439656801570422,12.365002959598955,11.832433344130475,20.58900189257909,17.907055581365153,12.971710887006504,5,1.4290786361220464,-0.12943589964128605,-0.8755010053025455,-1.0740337129080755,1.8495508643579108,-0.4289610178695169,-0.9749693281753323,21,27,30,30,26,30,47,40,46,49,71,73,39,63,-0.7809844432042012,-0.008989467005223623,0.4097504550195662,0.9335393070177366,-1.1666361649848402,1.4290448451675672,0.9400511108489205,43.00105009363952,6.60778265116217,ET_somali
18.545286597663818,20.28506518181829,10.815516275376629,9.66051336348946,20.951849089011567,19.061605366967772,14.381233810498243,5,1.5378304748729796,0.29440647957412996,-0.9818492325885356,-1.4681264253172972,1.3087434789943189,-0.2959948798965038,-1.075461385391725,21,27,29,30,26,30,47,43,45,47,72,72,49,61,-0.7383149784943459,-0.06007062330801151,0.3066679868303539,0.8975185215363489,-0.7160638493040622,1.627672463740368,0.9192799526073637,43.00850611049771,7.053077537500217,ET_somali
17.575171165323948,16.293655798463266,14.080572235806704,12.506480101759964,10.889918520024397,11.968143675375945,11.803657759883341,5,1.2942671431292656,0.30291830215927723,-1.0441172502983422,-1.4703674622465663,1.456248753572218,-0.27665506445260357,-1.117394992333831,21,27,29,30,26,30,47,88,92,84,142,144,95,133,-0.7195100469260853,-0.20706868697194902,0.38926912421833365,1.0168201095101896,-0.6622709776001293,1.5102863809908826,0.9223782061962802,42.64073583317918,6.913928499990103,ET_somali
21.455142453312686,20.821731005833126,10.481618317089671,9.200570361830719,15.651600429454218,14.579920241980933,14.255926548117648,5,1.3377887939839384,0.1106550626016054,-0.9674301735449801,-1.3400859166638612,1.5336042864399364,-0.49772867155516354,-1.0933258290209085,21,27,29,30,26,30,47,41,51,48,72,71,41,65,-0.7815355128665085,-0.06123112043073587,0.2583328684564888,0.8590161265050622,-0.7931000232324755,1.6102713084275675,0.986605706309144,43.00428402866235,6.87512127971614,ET_somali
21.297716857192828,20.350789966764285,15.037086785981835,11.592379550946527,19.99336595385386,17.515231590923364,19.952938663920175,5,1.4207623097413509,-0.07109237367622483,-0.9074907503036578,-1.1377987028402692,1.770291488954187,-0.4576098370873855,-1.018402160214964,21,27,29,30,26,30,47,40,48,49,72,71,42,63,-0.7510361385738482,-0.06381835551828934,0.3784235724048356,0.9021180721125512,-1.0925271429125925,1.4884877806826518,0.9553551147631955,42.986407554508375,6.702015924466308,ET_somali
17.281209412097265,17.414721412048205,16.832697053959166,13.400262361615557,17.823038880194332,13.826972574955272,14.798287808805577,5,1.4067916738589474,0.30024164029479794,-0.9049191400186886,-1.5192074987128292,1.3490569224826838,-0.09587811290398927,-1.1763664281784496,21,27,29,30,26,30,46,86,91,82,144,142,97,96,-0.660834964446682,-0.17369699166714472,0.4538981955983381,1.1062129274018044,-0.6778769465832822,1.472503886308751,0.8294771486119024,42.64459858890089,7.085327056200108,ET_somali
21.940155907911123,19.667111064158053,11.099753918747341,11.846893514693146,22.131509884322025,18.84579521504413,18.915510276554233,5,1.3663618028862188,0.19593722101677602,-1.0172774660890156,-1.3942693854685455,1.4662668310454214,-0.4587425174361079,-1.0937059315808724,21,27,29,30,26,30,47,44,48,48,72,71,42,68,-0.7902065993071062,-0.02851830880413578,0.30062857562481743,0.8846597191206492,-0.7993147577048151,1.619773985161801,0.927235899630435,42.933496784273736,6.875031448187728,ET_somali
22.951299021582493,19.120839950433943,10.65935529350065,10.88063725819873,21.151643269786153,21.818080496610346,19.40467434554767,5,1.3138158421270127,0.04552567933431455,-0.9094480541737856,-1.2390249094513237,1.690643784122922,-0.47575578486465264,-1.08408710339862,21,27,29,30,26,30,47,39,45,45,72,72,37,60,-0.6791968017570821,-0.020838891704209404,0.29840599055552197,0.8594985881606318,-1.0797698693748627,1.5316538440340468,0.9664011083099897,43.07587975680668,6.790050822310021,ET_somali
23.50233984949059,22.576895328901905,14.113516979397387,13.079955735380253,21.91147095080957,19.61027616838104,18.551536591838158,5,1.4290786361220464,-0.12943589964128605,-0.8755010053025455,-1.0740337129080755,1.8495508643579108,-0.4289610178695169,-0.9749693281753323,21,27,30,30,26,30,47,38,53,46,71,73,42,64,-0.7809844432042012,-0.008989467005223623,0.4097504550195662,0.9335393070177366,-1.1666361649848402,1.4290448451675672,0.9400511108489205,42.970148047865806,6.613711532037359,ET_somali
17.258158898847434,13.403134136713549,15.094967193085616,7.848371452903954,16.38901194950437,15.515785492388204,12.064584080436928,5,1.3313670647796745,0.33408217025361286,-0.990003927020926,-1.4909706033130243,1.421410209212436,-0.17176761817961644,-1.1574303191230988,21,27,29,30,26,30,47,88,89,83,144,144,96,124,-0.7413820887732112,-0.12491726402441546,0.4997508483887037,1.0970592745075096,-0.6559530465070612,1.4259955867821106,0.848692823892176,42.61001345046229,6.955879823758485,ET_somali
19.303344710020607,19.033569333661983,13.435371623485345,8.742512776433026,18.159509721851695,17.205342513930862,15.987482616753434,5,1.42362209503469,-0.07087024344796874,-0.8843980533966588,-1.0636822526878953,1.8404640340867289,-0.4239166526236274,-1.019117206610683,21,27,30,30,26,30,47,45,48,46,72,73,40,62,-0.7824802733293926,0.02534468688994516,0.41532964288699115,0.926798954029622,-1.2342303007561926,1.4296792912261351,0.9198888932221956,43.071747506499726,6.620718391253491,ET_somali
28.71986308837572,24.58920105946925,11.60424518480456,11.110568010489368,32.89337983168947,31.352211589142158,28.427463590564415,5,1.3138158421270127,0.04552567933431455,-0.9094480541737856,-1.2390249094513237,1.690643784122922,-0.47575578486465264,-1.08408710339862,21,27,29,30,26,30,47,40,45,41,72,72,40,62,-0.6791968017570821,-0.020838891704209404,0.29840599055552197,0.8594985881606318,-1.0797698693748627,1.5316538440340468,0.9664011083099897,43.052703222476396,6.789960990781609,ET_somali
17.1597281369848,13.732028756199945,10.99898582432591,7.032723962163457,13.659552519671028,13.059935191291144,16.05659808008325,5,1.4084358936560344,0.3309027414984514,-0.9612645639526001,-1.532500104018425,1.3862197198262811,-0.21995833775466872,-1.1443125572127704,21,27,29,30,26,30,46,89,85,91,144,144,100,112,-0.752615673088833,-0.014157427327226852,0.46444866223036946,1.1015266383592515,-0.8206435982246969,1.4784282655600456,0.7852250579535314,42.69786868524918,7.029811171641521,ET_somali
16.20149942884368,16.207135240388546,9.836142357250253,9.000284413349098,18.036686327651754,15.52840480076177,12.552638007541626,5,1.4207623097413509,-0.07109237367622483,-0.9074907503036578,-1.1377987028402692,1.770291488954187,-0.4576098370873855,-1.018402160214964,21,27,29,30,26,30,47,45,54,46,72,72,41,62,-0.7510361385738482,-0.06381835551828934,0.3784235724048356,0.9021180721125512,-1.0925271429125925,1.4884877806826518,0.9553551147631955,42.99000081564485,6.713873686216686,ET_somali
20.33431358056188,18.805259935282802,12.139775669547927,11.55718780703716,18.61825222513371,15.09546504736586,14.007906308823417,5,1.42362209503469,-0.07087024344796874,-0.8843980533966588,-1.0636822526878953,1.8404640340867289,-0.4239166526236274,-1.019117206610683,21,27,30,30,26,30,47,46,50,46,72,73,42,65,-0.7824802733293926,0.02534468688994516,0.41532964288699115,0.926798954029622,-1.2342303007561926,1.4296792912261351,0.9198888932221956,43.065998288681364,6.612453890639592,ET_somali
18.59586891050849,19.662883334677847,14.196938215222943,10.525033478545279,19.058313602016053,19.12369185018675,16.5905706376165,5,1.4347951163055976,0.2071077944657692,-0.9861766377028576,-1.410938834427696,1.4035154905244418,-0.4105671404388653,-1.0911905601551661,21,27,28,30,26,30,47,47,44,45,72,72,45,65,-0.7715515146044158,-0.036224988584952246,0.2966555311767082,0.8773168631110799,-0.7537062233803018,1.6132816804366965,0.9480107398532608,43.00149925128158,7.00537699591347,ET_somali
25.8618611971822,25.249129133731696,18.036545579622977,13.890698816883688,30.507559532663493,19.41003847711664,20.77492309568468,5,1.400619516498148,0.13639916686094228,-1.0588408775515223,-1.4047615765228127,1.4275721494428053,-0.358859270370405,-1.0638005916980284,21,27,30,30,26,30,47,81,88,84,142,142,97,116,-0.8132819311339723,-0.06157498970515298,0.34736931351730216,0.9688983359028114,-0.6432457301813186,1.5194175172262112,0.9543013906016251,42.60794732530882,6.7762167669345805,ET_somali
16.940343226460307,15.304375263189598,8.20016102967156,7.92935579972401,15.185512728771144,15.065677954886764,11.358999444454085,5,1.4347951163055976,0.2071077944657692,-0.9861766377028576,-1.410938834427696,1.4035154905244418,-0.4105671404388653,-1.0911905601551661,21,27,28,30,26,30,47,42,43,43,72,72,44,66,-0.7715515146044158,-0.036224988584952246,0.2966555311767082,0.8773168631110799,-0.7537062233803018,1.6132816804366965,0.9480107398532608,43.04488787950455,6.972049498872636,ET_somali
16.51425846945878,16.559862385346353,13.484512559180398,11.69950102940386,17.413288435283686,14.757638541351469,13.574850813724522,5,1.400619516498148,0.13639916686094228,-1.0588408775515223,-1.4047615765228127,1.4275721494428053,-0.358859270370405,-1.0638005916980284,21,27,30,30,26,30,47,92,86,83,142,140,103,119,-0.8132819311339723,-0.06157498970515298,0.34736931351730216,0.9688983359028114,-0.6432457301813186,1.5194175172262112,0.9543013906016251,42.63633408828699,6.756723325269187,ET_somali
18.41739151164767,15.313328656836237,10.297798833419034,11.079741752543555,14.851627412023863,14.260853532884733,12.708790981571182,5,1.5839103670135475,0.285487724647402,-0.942065920036906,-1.5280650895907144,1.2337395053600813,-0.2556712805170081,-1.0986530123581275,21,27,29,30,26,30,46,96,91,96,143,144,88,126,-0.7633899162410078,-0.03966389454189696,0.31203503079434386,0.9539625310490043,-0.68174250625198,1.6320535541802577,0.8756915711969399,42.871962187311546,7.090806779433237,ET_somali
14.819427305065897,17.33071372602301,10.597596229182102,8.702809537379546,14.415368393752809,15.368603677903465,11.357315079103655,5,1.5378304748729796,0.29440647957412996,-0.9818492325885356,-1.4681264253172972,1.3087434789943189,-0.2959948798965038,-1.075461385391725,21,27,28,30,26,30,46,40,45,46,72,71,42,64,-0.7383149784943459,-0.06007062330801151,0.3066679868303539,0.8975185215363489,-0.7160638493040622,1.627672463740368,0.9192799526073637,42.98452109241172,7.0925135784730635,ET_somali
17.81380035195853,18.628996720893205,12.077418147295758,9.16513703140949,12.736625717124316,11.7219960123515,14.479969730415512,5,1.407008483684397,0.1804203383163563,-1.054986298270569,-1.416996578471047,1.4474468092189805,-0.3899890628808443,-1.0579568703894962,21,27,29,30,26,30,47,136,147,167,266,260,167,217,-0.8313221597807433,0.08037278804335077,0.38882913600723923,0.9466293806953973,-0.8403358247454527,1.5351453580767378,0.8825691012324263,42.70586369127785,6.802717067816106,ET_somali
18.647635028156436,17.777945197508753,8.544449720393201,8.481192037560913,18.579206404970698,14.282493334070821,13.357280989675923,5,1.3900782527746869,0.10634274320472821,-0.9941298942515587,-1.3695476548205208,1.6193325981972604,-0.342731296174307,-1.0134492680969163,21,27,30,30,26,30,47,91,94,100,142,143,91,132,-0.8158393355817065,0.10750430265952693,0.3766657731288312,0.9607857411243086,-0.9942215067662312,1.4850915827970534,0.9055173022293398,42.733172475915076,6.677941074851905,ET_somali
15.53928149187066,16.397149701535042,9.623614976891849,12.376719994348107,18.588141073552546,17.74950959909878,13.590277568661152,5,1.4347951163055976,0.2071077944657692,-0.9861766377028576,-1.410938834427696,1.4035154905244418,-0.4105671404388653,-1.0911905601551661,21,27,28,30,26,30,47,44,40,45,72,72,41,68,-0.7715515146044158,-0.036224988584952246,0.2966555311767082,0.8773168631110799,-0.7537062233803018,1.6132816804366965,0.9480107398532608,42.99323475066768,7.01966020893097,ET_somali
21.387934092356392,20.24853753520031,9.251265417362974,9.68479865235192,21.766487458349427,23.303971925072094,20.00078125029005,5,1.4290786361220464,-0.12943589964128605,-0.8755010053025455,-1.0740337129080755,1.8495508643579108,-0.4289610178695169,-0.9749693281753323,21,27,30,30,26,30,47,39,51,44,71,73,42,63,-0.7809844432042012,-0.008989467005223623,0.4097504550195662,0.9335393070177366,-1.1666361649848402,1.4290448451675672,0.9400511108489205,42.9588292752859,6.608052145747406,ET_somali
21.262133915435516,21.91920035034052,14.273908099660954,10.107981879185566,22.65079259230017,19.145625683869227,15.592348105140891,5,1.3663618028862188,0.19593722101677602,-1.0172774660890156,-1.3942693854685455,1.4662668310454214,-0.4587425174361079,-1.0937059315808724,21,27,29,30,26,30,47,66,74,55,86,79,56,76,-0.7902065993071062,-0.02851830880413578,0.30062857562481743,0.8846597191206492,-0.7993147577048151,1.619773985161801,0.927235899630435,42.928915376324724,6.914197994575339,ET_somali
19.73089463048099,17.25700347014684,13.313381952715572,9.805421889443178,16.672502153814794,19.13818328833371,13.564711121899107,5,1.3869023844779442,0.29033591700995026,-1.0644881475602936,-1.4482877695010932,1.3869599699559951,-0.41263332804443714,-1.0879945896679215,21,27,29,30,26,30,47,91,94,91,142,141,89,125,-0.7924194943489292,0.028092417789271996,0.3773680612427183,0.935499828770558,-0.8611025911221218,1.5951465155755056,0.8399069467520772,42.79668336650233,6.8549990173518625,ET_somali
23.770698889586246,18.670287639702362,10.674095505638627,11.697946309080958,16.120135499594653,11.92078877184223,15.212104599202553,5,1.3288115917264236,0.03917750558792415,-0.9013120884647994,-1.263532628022271,1.8370250933675851,-0.3195677028417049,-0.9646230644926007,21,27,30,30,26,30,47,89,93,91,143,143,90,118,-0.7856783066195094,0.08798719049991524,0.3230095202287013,0.9751029937093896,-1.1815055715122695,1.44328535034479,0.9181569757055533,42.758864293040894,6.621167548895551,ET_somali
21.953055209971197,21.775729276185775,12.153753951354203,8.961788034366977,15.8035590067619,16.074316827784013,13.722552319679318,5,1.3900782527746869,0.10634274320472821,-0.9941298942515587,-1.3695476548205208,1.6193325981972604,-0.342731296174307,-1.0134492680969163,21,27,30,30,26,30,47,152,143,188,273,263,177,228,-0.8158393355817065,0.10750430265952693,0.3766657731288312,0.9607857411243086,-0.9942215067662312,1.4850915827970534,0.9055173022293398,42.69553306551047,6.744955395047221,ET_somali
11.522282970413986,12.112493707615016,10.938117591929235,6.935286389703922,12.195149704642882,11.275938483811338,12.132596961049428,5,1.3869023844779442,0.29033591700995026,-1.0644881475602936,-1.4482877695010932,1.3869599699559951,-0.41263332804443714,-1.0879945896679215,21,27,29,30,26,30,47,91,87,89,143,143,91,130,-0.7924194943489292,0.028092417789271996,0.3773680612427183,0.935499828770558,-0.8611025911221218,1.5951465155755056,0.8399069467520772,42.777279756365346,6.922282832132415,ET_somali
17.564208701510584,21.00147333692568,14.893339329279934,9.195847588285545,20.393014662069888,18.861922779364978,15.37669231339233,5,1.3663618028862188,0.19593722101677602,-1.0172774660890156,-1.3942693854685455,1.4662668310454214,-0.4587425174361079,-1.0937059315808724,21,27,29,30,26,30,47,89,90,91,143,143,90,114,-0.7902065993071062,-0.02851830880413578,0.30062857562481743,0.8846597191206492,-0.7993147577048151,1.619773985161801,0.927235899630435,42.895318384698655,6.949861111354884,ET_somali
21.758606459164923,21.36272640065112,9.371737656200493,12.510289121544147,17.9864214709129,18.098657965097097,17.286498599240204,5,1.3705031788285946,0.00988723619133849,-0.9398020717560758,-1.237646973423715,1.6680610708290102,-0.4926415993444379,-1.0616273411194674,21,27,29,30,26,30,47,44,49,42,72,72,40,62,-0.7663635515775681,-0.042304921216447196,0.3071713040760836,0.8821498614189275,-0.9571661570966369,1.5599956467140308,0.9629932123119791,43.01533330665702,6.77253367426969,ET_somali
24.039600002013085,19.50695612224851,17.09899404734619,12.734405979492546,20.651360224189748,16.825461464516763,18.20414511002664,5,1.2942671431292656,0.30291830215927723,-1.0441172502983422,-1.4703674622465663,1.456248753572218,-0.27665506445260357,-1.117394992333831,21,27,29,30,26,30,47,94,77,88,142,144,97,115,-0.7195100469260853,-0.20706868697194902,0.38926912421833365,1.0168201095101896,-0.6622709776001293,1.5102863809908826,0.9223782061962802,42.60399473805869,6.906472483131911,ET_somali
18.020300604747536,18.955966532168134,10.752305637034397,11.67300443731896,15.235828168509999,17.289999779289534,11.689249376711572,5,1.3288115917264236,0.03917750558792415,-0.9013120884647994,-1.263532628022271,1.8370250933675851,-0.3195677028417049,-0.9646230644926007,21,27,30,30,26,30,47,90,92,90,143,143,87,114,-0.7856783066195094,0.08798719049991524,0.3230095202287013,0.9751029937093896,-1.1815055715122695,1.44328535034479,0.9181569757055533,42.78024419680294,6.604279221554104,ET_somali
22.588872414870917,20.076989651295758,12.522389327023433,10.831041030577671,19.989702980723273,19.952417672188556,15.966473469224669,5,1.3424411761747934,0.02739554883140905,-0.9348763698423411,-1.2005154287487443,1.8152973191414952,-0.4038762530584514,-1.0178160307481257,21,27,30,30,26,30,47,91,91,94,142,144,91,133,-0.6550383075400492,-0.09064583442686555,0.2824648445276315,0.886210832272663,-1.2442335684899954,1.5538265069958421,0.8997763415741118,42.85318739787345,6.688631026732927,ET_somali
21.82502607150943,21.895304954458805,9.089890355743552,11.503664056711466,27.88692312648375,18.699185827545328,17.49611213511498,5,1.3705031788285946,0.00988723619133849,-0.9398020717560758,-1.237646973423715,1.6680610708290102,-0.4926415993444379,-1.0616273411194674,21,27,29,30,26,30,47,40,47,46,72,72,41,63,-0.7663635515775681,-0.042304921216447196,0.3071713040760836,0.8821498614189275,-0.9571661570966369,1.5599956467140308,0.9629932123119791,42.9588292752859,6.764538668241027,ET_somali
19.658899630698635,16.23522292491069,13.13045042786088,12.361509415885962,15.873456884038198,13.819709508708817,12.502583810157944,5,1.400619516498148,0.13639916686094228,-1.0588408775515223,-1.4047615765228127,1.4275721494428053,-0.358859270370405,-1.0638005916980284,21,27,29,30,26,30,47,88,86,86,142,142,106,120,-0.8132819311339723,-0.06157498970515298,0.34736931351730216,0.9688983359028114,-0.6432457301813186,1.5194175172262112,0.9543013906016251,42.64935965990673,6.770647212173039,ET_somali
21.480977997708983,21.13355193526217,11.22299631043331,10.603914440220573,21.738268338052865,21.275128567666336,15.958091287731579,5,1.3377887939839384,0.1106550626016054,-0.9674301735449801,-1.3400859166638612,1.5336042864399364,-0.49772867155516354,-1.0933258290209085,21,27,29,30,26,30,47,44,50,47,72,72,41,66,-0.7815355128665085,-0.06123112043073587,0.2583328684564888,0.8590161265050622,-0.7931000232324755,1.6102713084275675,0.986605706309144,43.04632518395914,6.874941616659316,ET_somali
19.387691686507527,19.409148577511573,10.280557483029316,11.36789167007588,18.656036537241544,17.021400509631114,15.611604148166569,5,1.2968252562874578,0.13577389998495154,-0.932807901251562,-1.3360313725460908,1.517188342075873,-0.4853783026605439,-1.115584404764774,21,27,29,30,26,30,47,42,48,47,72,72,43,62,-0.71810801624513,-0.03477407210867093,0.258797960983234,0.8395537267676325,-0.8603947812976458,1.5798204419621427,0.9979423483851125,43.05090659190815,6.878265383210558,ET_somali
20.32294392055638,15.318545759809309,14.6529324972778,8.710109997186333,20.9150106556197,17.687898649418887,15.66628582896779,5,1.4084358936560344,0.3309027414984514,-0.9612645639526001,-1.532500104018425,1.3862197198262811,-0.21995833775466872,-1.1443125572127704,21,27,29,30,26,30,47,49,52,59,85,91,56,86,-0.752615673088833,-0.014157427327226852,0.46444866223036946,1.1015266383592515,-0.8206435982246969,1.4784282655600456,0.7852250579535314,42.74197596569945,7.013910991112605,ET_somali
17.406292158117935,17.598182788304378,9.476497232039112,8.621441609662922,14.849640328186508,14.539520335305522,14.126971387297479,5,1.3377887939839384,0.1106550626016054,-0.9674301735449801,-1.3400859166638612,1.5336042864399364,-0.49772867155516354,-1.0933258290209085,21,27,29,30,26,30,47,44,46,46,72,72,43,65,-0.7815355128665085,-0.06123112043073587,0.2583328684564888,0.8590161265050622,-0.7931000232324755,1.6102713084275675,0.986605706309144,43.01865707320826,6.876648415699143,ET_somali
21.857273753702025,18.30381070324133,10.055194223405223,12.600411628029798,19.602613801088435,18.436626279977187,15.012350121227401,5,1.3828660812628286,-0.054890122457852394,-0.8885511442897512,-1.1552850638339327,1.8524248732035342,-0.38116994078135075,-0.9714191822463156,21,27,30,30,26,30,47,50,58,51,71,75,40,67,-0.7669794803000288,-0.008694986236374389,0.3079474922432356,0.9348389342405405,-1.138917779753145,1.4846845014481485,0.9565589698161219,42.87321982870931,6.631318511606102,ET_somali
17.370486244696938,16.765053470953188,10.622916175048827,11.105473501506433,15.846961901715444,15.31179258059281,13.230618886665507,5,1.3996224177041006,0.22208637652186744,-0.9495137425253164,-1.4025347666511756,1.3838583120291659,-0.40338245661009264,-1.1132492145627044,21,27,29,30,26,30,47,44,46,44,72,72,44,61,-0.7408197477089745,-0.04343974161851714,0.2731704108378665,0.854826489579725,-0.7190744037756035,1.5814532421499048,0.9994071672146703,43.089354486068466,7.021546671027622,ET_somali
20.323085002067256,20.84422263931428,16.480492820785763,10.562662785983447,16.35088896350604,16.02230051384566,17.739197970404685,5,1.393882301410419,-0.02517015549634814,-0.9696928174383549,-1.2901792547752802,1.7258094835776487,-0.3032088524634255,-0.9482693891086471,21,27,30,30,26,30,47,84,79,87,144,142,92,112,-0.8741532011435286,0.13472682323734192,0.34075208076764874,0.999568210388954,-1.0418677795059146,1.437113971445194,0.9353153955422646,42.64271212680424,6.610118270900881,ET_somali
19.036719647346914,15.907683336651674,10.121189271814321,6.453227440377427,13.37316028057298,14.53901078737098,7.303936335888291,5,1.316326212704982,0.11697933222728593,-0.9821046266635719,-1.2911417183386236,1.6998129958690293,-0.44032376715214433,-1.0629881762254807,21,27,29,30,26,30,47,91,88,90,142,142,90,128,-0.6926845850342241,-0.09474057657722082,0.27933752732230815,0.892719244430652,-1.0768064151825376,1.5988688489038072,0.9067895627489803,42.85444503927121,6.77756423986076,ET_somali
18.540990848732058,20.992144755236307,13.126664718835846,10.916091040864497,18.948575945240364,21.296327771375292,14.961495602914901,5,1.5036942215666544,0.2944230519108203,-0.9673311213594943,-1.4360823744049116,1.3003856784552321,-0.3078870940886418,-1.0960057760121498,21,27,28,30,26,30,47,43,46,47,72,73,46,64,-0.7220619934328142,-0.07688209127668776,0.28686137810829604,0.8669471422337676,-0.6443881354680451,1.5905489531068844,0.9812931950140658,43.06087789156188,7.094130545984479,ET_somali
17.791124734067072,15.228919502876058,11.645840499909488,9.791782759158377,13.820254096212626,15.147073310446249,11.353609708620484,5,1.3869023844779442,0.29033591700995026,-1.0644881475602936,-1.4482877695010932,1.3869599699559951,-0.41263332804443714,-1.0879945896679215,21,27,29,30,26,30,47,94,83,92,143,142,95,122,-0.7924194943489292,0.028092417789271996,0.3773680612427183,0.935499828770558,-0.8611025911221218,1.5951465155755056,0.8399069467520772,42.78787987671796,6.867575431329536,ET_somali
17.805438531206246,19.718421732797623,11.921011291919736,8.787854042935072,19.296292846408193,16.019544694702198,14.30027627685671,5,1.3705031788285946,0.00988723619133849,-0.9398020717560758,-1.237646973423715,1.6680610708290102,-0.4926415993444379,-1.0616273411194674,21,27,29,30,26,30,47,44,50,43,72,72,41,61,-0.7663635515775681,-0.042304921216447196,0.3071713040760836,0.8821498614189275,-0.9571661570966369,1.5599956467140308,0.9629932123119791,42.99359407678133,6.765167488939911,ET_somali
21.004292855165804,18.923497616849357,12.052709485577575,11.826424992368725,20.275685011126242,18.21257752817571,15.567131954182459,5,1.3138158421270127,0.04552567933431455,-0.9094480541737856,-1.2390249094513237,1.690643784122922,-0.47575578486465264,-1.08408710339862,21,27,29,30,26,30,47,42,45,47,72,72,39,60,-0.6791968017570821,-0.020838891704209404,0.29840599055552197,0.8594985881606318,-1.0797698693748627,1.5316538440340468,0.9664011083099897,43.08405442589216,6.801459426418339,ET_somali
24.388782070568315,21.974866573131237,10.375519330240055,14.594944664977978,25.503351112992053,28.777739937774133,26.813378925825102,5,1.3828660812628286,-0.054890122457852394,-0.8885511442897512,-1.1552850638339327,1.8524248732035342,-0.38116994078135075,-0.9714191822463156,21,27,30,30,26,30,47,41,51,52,71,73,43,66,-0.7669794803000288,-0.008694986236374389,0.3079474922432356,0.9348389342405405,-1.138917779753145,1.4846845014481485,0.9565589698161219,42.895048890113415,6.6254794622593245,ET_somali
20.791412206902258,18.93682780281014,11.838205128498808,9.476211469826678,16.17234205776,15.844846600438416,16.056810510632747,5,1.393882301410419,-0.02517015549634814,-0.9696928174383549,-1.2901792547752802,1.7258094835776487,-0.3032088524634255,-0.9482693891086471,21,27,30,30,26,30,47,78,83,77,144,142,102,111,-0.8741532011435286,0.13472682323734192,0.34075208076764874,0.999568210388954,-1.0418677795059146,1.437113971445194,0.9353153955422646,42.623757674309324,6.624042157804733,ET_somali
14.751940794850334,16.06458781765193,9.647804679884489,7.645195360544859,14.656574670321273,15.936156860760716,12.102086416873364,5,1.4347951163055976,0.2071077944657692,-0.9861766377028576,-1.410938834427696,1.4035154905244418,-0.4105671404388653,-1.0911905601551661,21,27,28,30,26,30,47,44,46,47,72,72,39,60,-0.7715515146044158,-0.036224988584952246,0.2966555311767082,0.8773168631110799,-0.7537062233803018,1.6132816804366965,0.9480107398532608,42.966105629087274,7.001154914078109,ET_somali
17.92720379291999,18.875243926180495,10.611059044759827,8.942927322623895,21.759961573833223,20.460193714518514,14.414796198662971,5,1.3377887939839384,0.1106550626016054,-0.9674301735449801,-1.3400859166638612,1.5336042864399364,-0.49772867155516354,-1.0933258290209085,21,27,29,30,26,30,47,46,43,47,72,72,39,59,-0.7815355128665085,-0.06123112043073587,0.2583328684564888,0.8590161265050622,-0.7931000232324755,1.6102713084275675,0.986605706309144,42.9588292752859,6.9477949862014095,ET_somali
19.72476127011189,17.20712354880389,10.019016278848449,9.68272218241959,17.116043207005525,13.236500381293906,14.368974539763375,5,1.4732291531304011,-0.005768909465455083,-1.0297108808784314,-1.3352479716191006,1.49333540941377,-0.3711795182549005,-1.0063276757644537,21,27,30,30,26,30,47,92,93,90,142,142,95,126,-0.8653936212969849,0.10317323766718733,0.37019379138198916,0.9743758853594711,-0.8067475922004873,1.4712819050325052,0.9336070808582515,42.62654245169009,6.707765142284673,ET_somali
24.47024826785309,20.781602490691096,15.715637614152662,11.192846630614861,24.60416846412788,19.74743767443621,19.440408559778028,5,1.3869023844779442,0.29033591700995026,-1.0644881475602936,-1.4482877695010932,1.3869599699559951,-0.41263332804443714,-1.0879945896679215,21,27,29,30,26,30,47,85,92,93,143,143,89,126,-0.7924194943489292,0.028092417789271996,0.3773680612427183,0.935499828770558,-0.8611025911221218,1.5951465155755056,0.8399069467520772,42.83225665175346,6.87835521473897,ET_somali
19.684470266573292,21.838071046512834,13.609997120701667,10.461178407185661,26.544731903562756,22.541635980527346,16.922708939591082,5,1.4207623097413509,-0.07109237367622483,-0.9074907503036578,-1.1377987028402692,1.770291488954187,-0.4576098370873855,-1.018402160214964,21,27,29,30,26,30,47,42,51,45,72,72,44,64,-0.7510361385738482,-0.06381835551828934,0.3784235724048356,0.9021180721125512,-1.0925271429125925,1.4884877806826518,0.9553551147631955,43.02171134517427,6.729324709103541,ET_somali
21.610129337575806,22.300911681300512,13.017119019220253,10.00832678377631,19.37300141183949,20.99838058547726,16.401075436201115,5,1.4347951163055976,0.2071077944657692,-0.9861766377028576,-1.410938834427696,1.4035154905244418,-0.4105671404388653,-1.0911905601551661,21,27,28,30,26,30,47,44,43,47,72,71,43,66,-0.7715515146044158,-0.036224988584952246,0.2966555311767082,0.8773168631110799,-0.7537062233803018,1.6132816804366965,0.9480107398532608,42.98667704909361,6.991812435123266,ET_somali
17.776331799381982,17.271672065803823,14.115493402059068,10.496990850644254,12.3279563347174,11.647013314313226,11.956977405352122,5,1.2942671431292656,0.30291830215927723,-1.0441172502983422,-1.4703674622465663,1.456248753572218,-0.27665506445260357,-1.117394992333831,21,27,29,30,26,30,47,90,90,78,142,144,92,120,-0.7195100469260853,-0.20706868697194902,0.38926912421833365,1.0168201095101896,-0.6622709776001293,1.5102863809908826,0.9223782061962802,42.6438799366736,6.87377380678996,ET_somali
18.16054344158444,15.265920935818558,12.332960615112457,13.611138662477376,12.896310326492857,12.131585975095646,15.56174484072931,5,1.3529914239389917,0.3157675186770018,-1.0549876825709128,-1.4759813025757542,1.4123174523930355,-0.33667610988158714,-1.1056214429427367,21,27,29,30,26,30,47,96,92,86,142,144,98,124,-0.7963231715208423,0.00823037814722508,0.43153191118324025,0.9903462842578282,-0.8114760612824062,1.5310615073607412,0.845754486140632,42.665888661134524,6.897489330290716,ET_somali
17.330277021764164,18.00083058243714,11.554266626263944,10.542608134949134,19.567640776370343,17.841119919460393,17.49726451716722,5,1.3900782527746869,0.10634274320472821,-0.9941298942515587,-1.3695476548205208,1.6193325981972604,-0.342731296174307,-1.0134492680969163,21,27,30,30,26,30,47,84,92,94,142,143,90,128,-0.8158393355817065,0.10750430265952693,0.3766657731288312,0.9607857411243086,-0.9942215067662312,1.4850915827970534,0.9055173022293398,42.74170647111421,6.687732711448808,ET_somali
15.704977755296785,14.732327434072916,10.386105424817186,10.526977497690234,16.86909353864564,12.263353668132357,10.328640353367462,5,1.3332550908554919,0.12509206035317993,-0.9554945712583881,-1.3179821989352114,1.7499323323416622,-0.3503192626003524,-1.0163732592748949,21,27,30,30,26,30,47,91,96,95,143,143,98,131,-0.7593107633472526,0.020901687353303326,0.2893957308993633,0.9249750348244967,-1.0923391002007654,1.547630241890747,0.9175203583052862,42.75455237967712,6.671473204806245,ET_somali
18.729843886568744,17.249451506574445,13.231766974235086,9.833902044078332,23.191575675654388,17.252624438070686,18.268143540751797,5,1.5030451421664652,0.2865923445742261,-0.9822100472435463,-1.5233794192541823,1.2737576631114165,-0.3186936310699852,-1.109038507813507,21,27,29,30,26,30,47,93,90,94,143,144,89,119,-0.8046492038629011,0.010894407206609426,0.3600000564914225,0.9796475322251894,-0.7654554947049417,1.6033128297274721,0.8403850203366645,42.83504142913423,6.980134336429712,ET_somali
15.273375412419536,15.033676850489996,13.062824796479296,9.421895913089074,12.13398538406999,11.393336490539594,14.467009563685687,5,1.2942671431292656,0.30291830215927723,-1.0441172502983422,-1.4703674622465663,1.456248753572218,-0.27665506445260357,-1.117394992333831,21,27,29,30,26,30,47,93,82,77,142,144,102,111,-0.7195100469260853,-0.20706868697194902,0.38926912421833365,1.0168201095101896,-0.6622709776001293,1.5102863809908826,0.9223782061962802,42.627081440860564,6.922462495189238,ET_somali
20.359488894578078,14.462956963753989,15.341265406969084,12.19630328431373,15.150308991594766,11.204574018363473,12.149410490011594,5,1.4067916738589474,0.30024164029479794,-0.9049191400186886,-1.5192074987128292,1.3490569224826838,-0.09587811290398927,-1.1763664281784496,21,27,29,30,26,30,46,92,98,86,144,142,94,110,-0.660834964446682,-0.17369699166714472,0.4538981955983381,1.1062129274018044,-0.6778769465832822,1.472503886308751,0.8294771486119024,42.637591729684765,7.071582832353079,ET_somali
17.94178698739059,18.75776431373805,13.53172810518227,12.347959448473517,18.811655895022447,15.929188288659125,14.112128964977945,5,1.3900782527746869,0.10634274320472821,-0.9941298942515587,-1.3695476548205208,1.6193325981972604,-0.342731296174307,-1.0134492680969163,21,27,30,30,26,30,47,91,96,95,142,143,88,131,-0.8158393355817065,0.10750430265952693,0.3766657731288312,0.9607857411243086,-0.9942215067662312,1.4850915827970534,0.9055173022293398,42.74143697652898,6.677941074851905,ET_somali
17.956055617908444,18.183466141045145,10.841631101357605,11.212187817763802,14.67177910748026,14.376110578861221,12.176051786579311,5,1.3287024234453388,0.05459835881637828,-0.9302215416387265,-1.3153444241315635,1.7936634099958764,-0.2878441867731908,-0.9550414046236495,21,27,30,30,26,30,47,131,123,149,238,255,146,189,-0.837693880961428,0.11730431499484556,0.27411487886413144,0.9604009588511686,-1.0693423538664748,1.4837584530268344,0.9521533488411248,42.665708998077704,6.631588006191337,ET_somali
17.55171549703858,17.54141792388043,11.743994741314054,10.323606241072156,17.821313252062293,19.284942997029674,18.31569013970249,5,1.393882301410419,-0.02517015549634814,-0.9696928174383549,-1.2901792547752802,1.7258094835776487,-0.3032088524634255,-0.9482693891086471,21,27,30,30,26,30,47,81,85,84,144,142,94,119,-0.8741532011435286,0.13472682323734192,0.34075208076764874,0.999568210388954,-1.0418677795059146,1.437113971445194,0.9353153955422646,42.6206135708149,6.607243661991698,ET_somali
18.936535178462933,15.959521733823003,9.31131007609707,10.213884306324628,16.436484781717937,14.835696360504643,11.388305378311307,5,1.5063391777826771,0.24178168662400112,-1.0266675041945612,-1.4539310196894664,1.2622962203743433,-0.38934939310232825,-1.0903858121647927,21,27,29,30,26,30,47,88,86,93,143,142,92,122,-0.78968660210061,-0.027228216287233986,0.30245915798447043,0.8932046212471947,-0.6293373043315555,1.6267083723059321,0.921492451907873,42.86387734975447,6.964773145071268,ET_somali
21.33976044765358,20.32396081010864,13.368001776768397,10.688120076682997,24.609025018995567,21.06567676895841,15.566103476745742,5,1.3705031788285946,0.00988723619133849,-0.9398020717560758,-1.237646973423715,1.6680610708290102,-0.4926415993444379,-1.0616273411194674,21,27,29,30,26,30,47,40,46,47,72,72,40,64,-0.7663635515775681,-0.042304921216447196,0.3071713040760836,0.8821498614189275,-0.9571661570966369,1.5599956467140308,0.9629932123119791,43.040486134612365,6.8257139390895665,ET_somali
17.578002100869394,19.32686885962102,11.515147420253594,12.209290062077622,18.632437551855,14.950564210703618,13.911726702671894,5,1.400619516498148,0.13639916686094228,-1.0588408775515223,-1.4047615765228127,1.4275721494428053,-0.358859270370405,-1.0638005916980284,21,27,29,30,26,30,47,92,86,82,142,142,96,120,-0.8132819311339723,-0.06157498970515298,0.34736931351730216,0.9688983359028114,-0.6432457301813186,1.5194175172262112,0.9543013906016251,42.63381880549146,6.788254191741782,ET_somali
12.408037625883349,13.423494255661826,11.552732687626843,7.056469599596929,11.679829597229594,7.862868656726764,20.55216518271632,5,1.4732291531304011,-0.005768909465455083,-1.0297108808784314,-1.3352479716191006,1.49333540941377,-0.3711795182549005,-1.0063276757644537,21,27,30,30,26,30,47,90,89,92,144,140,108,134,-0.8653936212969849,0.10317323766718733,0.37019379138198916,0.9743758853594711,-0.8067475922004873,1.4712819050325052,0.9336070808582515,42.62654245169009,6.681085178346323,ET_somali
25.555371910406816,22.427100502664043,11.113351178965596,11.580470604748225,22.420419745346454,20.355090010714456,16.439056110607194,5,1.2968252562874578,0.13577389998495154,-0.932807901251562,-1.3360313725460908,1.517188342075873,-0.4853783026605439,-1.115584404764774,21,27,29,30,26,30,47,44,45,46,72,72,39,57,-0.71810801624513,-0.03477407210867093,0.258797960983234,0.8395537267676325,-0.8603947812976458,1.5798204419621427,0.9979423483851125,43.080820490869336,6.920396370035764,ET_somali
22.928823999314893,22.275558561309058,14.754066740917656,9.213169843377791,18.664488597582295,18.109983153585514,17.372379390485936,5,1.3869023844779442,0.29033591700995026,-1.0644881475602936,-1.4482877695010932,1.3869599699559951,-0.41263332804443714,-1.0879945896679215,21,27,29,30,26,30,47,93,89,89,143,142,94,129,-0.7924194943489292,0.028092417789271996,0.3773680612427183,0.935499828770558,-0.8611025911221218,1.5951465155755056,0.8399069467520772,42.82983120048634,6.918509907939113,ET_somali
22.70651730259952,22.753920437510775,13.106859604945928,13.224369945366549,25.194726039866215,19.22065315070628,17.061017142763227,5,1.3705031788285946,0.00988723619133849,-0.9398020717560758,-1.237646973423715,1.6680610708290102,-0.4926415993444379,-1.0616273411194674,21,27,29,30,26,30,47,44,48,42,72,72,43,62,-0.7663635515775681,-0.042304921216447196,0.3071713040760836,0.8821498614189275,-0.9571661570966369,1.5599956467140308,0.9629932123119791,42.966644618257746,6.794362735673794,ET_somali
18.505695398759237,18.919951357891687,11.398827264470752,10.583058810233888,14.424038304568656,16.836589183585538,10.742089196245407,5,1.2968252562874578,0.13577389998495154,-0.932807901251562,-1.3360313725460908,1.517188342075873,-0.4853783026605439,-1.115584404764774,21,27,29,30,26,30,47,43,42,42,72,71,40,63,-0.71810801624513,-0.03477407210867093,0.258797960983234,0.8395537267676325,-0.8603947812976458,1.5798204419621427,0.9979423483851125,43.061506712260766,6.932433794842965,ET_somali
22.139802553628463,19.552737777207742,14.793963135462862,13.902837807938331,20.041997259979315,16.143421951871172,17.23261087579745,5,1.400619516498148,0.13639916686094228,-1.0588408775515223,-1.4047615765228127,1.4275721494428053,-0.358859270370405,-1.0638005916980284,21,27,29,30,26,30,47,91,100,88,142,142,94,114,-0.8132819311339723,-0.06157498970515298,0.34736931351730216,0.9688983359028114,-0.6432457301813186,1.5194175172262112,0.9543013906016251,42.62312885361044,6.819515563629142,ET_somali
22.314881075144783,22.338450924387782,14.274080451853987,10.095446353590898,19.88276810789008,16.46207491391555,13.387790726416688,5,1.42362209503469,-0.07087024344796874,-0.8843980533966588,-1.0636822526878953,1.8404640340867289,-0.4239166526236274,-1.019117206610683,21,27,30,30,26,30,47,42,52,47,72,73,38,65,-0.7824802733293926,0.02534468688994516,0.41532964288699115,0.926798954029622,-1.2342303007561926,1.4296792912261351,0.9198888932221956,43.09734949209713,6.629971038679923,ET_somali
18.94752697922307,17.17469977014231,9.900430324819462,12.527304155469352,23.05821744198607,21.562803937345933,15.694632239175453,5,1.2968252562874578,0.13577389998495154,-0.932807901251562,-1.3360313725460908,1.517188342075873,-0.4853783026605439,-1.115584404764774,21,27,29,30,26,30,47,43,47,49,72,71,42,62,-0.71810801624513,-0.03477407210867093,0.258797960983234,0.8395537267676325,-0.8603947812976458,1.5798204419621427,0.9979423483851125,43.073633968596376,6.863533012550998,ET_somali
16.767520955483388,15.402099929535805,10.1597987720055,9.54160359219054,13.01054785097819,12.651965850010098,10.169187489178102,5,1.5839103670135475,0.285487724647402,-0.942065920036906,-1.5280650895907144,1.2337395053600813,-0.2556712805170081,-1.0986530123581275,21,27,29,30,26,30,46,93,91,97,143,143,87,122,-0.7633899162410078,-0.03966389454189696,0.31203503079434386,0.9539625310490043,-0.68174250625198,1.6320535541802577,0.8756915711969399,42.857858637350866,7.084428740915988,ET_somali
23.009096417669728,22.342684352950446,13.296286284418697,12.957060963491006,27.557416395885717,21.994661982213632,18.716129766028967,5,1.3705031788285946,0.00988723619133849,-0.9398020717560758,-1.237646973423715,1.6680610708290102,-0.4926415993444379,-1.0616273411194674,21,27,29,30,26,30,47,40,46,45,72,72,39,64,-0.7663635515775681,-0.042304921216447196,0.3071713040760836,0.8821498614189275,-0.9571661570966369,1.5599956467140308,0.9629932123119791,43.04389973269202,6.822120677953088,ET_somali
19.783510818522732,20.686217455911258,9.291483850336817,10.135802700828323,21.29858894643056,17.226989392389708,19.089405522892076,5,1.316326212704982,0.11697933222728593,-0.9821046266635719,-1.2911417183386236,1.6998129958690293,-0.44032376715214433,-1.0629881762254807,21,27,29,30,26,30,47,45,56,45,72,72,44,75,-0.6926845850342241,-0.09474057657722082,0.27933752732230815,0.892719244430652,-1.0768064151825376,1.5988688489038072,0.9067895627489803,42.93789852916592,6.765436983525146,ET_somali
15.274518584494023,13.001399591295309,10.558044321707062,9.499909944435585,12.553848019119418,12.160815378327117,9.973814619603937,5,1.5839103670135475,0.285487724647402,-0.942065920036906,-1.5280650895907144,1.2337395053600813,-0.2556712805170081,-1.0986530123581275,21,27,29,30,26,30,47,91,89,94,144,144,93,111,-0.7633899162410078,-0.03966389454189696,0.31203503079434386,0.9539625310490043,-0.68174250625198,1.6320535541802577,0.8756915711969399,42.88597590574381,7.062330184926648,ET_somali
19.61617330831998,18.515818135701277,11.490820985395922,12.003406636673027,21.32863106219671,19.021173934818975,16.327313610545104,5,1.3705031788285946,0.00988723619133849,-0.9398020717560758,-1.237646973423715,1.6680610708290102,-0.4926415993444379,-1.0616273411194674,21,27,29,30,26,30,47,44,45,41,72,72,44,61,-0.7663635515775681,-0.042304921216447196,0.3071713040760836,0.8821498614189275,-0.9571661570966369,1.5599956467140308,0.9629932123119791,42.97320231983181,6.790769474537317,ET_somali
17.65446635304075,14.817688636491907,11.361460596591984,12.199604350536529,12.92237514991048,12.868707192753103,13.529956316523789,5,1.3529914239389917,0.3157675186770018,-1.0549876825709128,-1.4759813025757542,1.4123174523930355,-0.33667610988158714,-1.1056214429427367,21,27,29,30,26,30,47,94,94,76,142,144,104,118,-0.7963231715208423,0.00823037814722508,0.43153191118324025,0.9903462842578282,-0.8114760612824062,1.5310615073607412,0.845754486140632,42.65277325798638,6.892548596228059,ET_somali
24.23541835988817,21.466650692857,11.303249205504784,12.678328980909374,21.566488335311934,18.036720639199327,16.413701933813325,5,1.3705031788285946,0.00988723619133849,-0.9398020717560758,-1.237646973423715,1.6680610708290102,-0.4926415993444379,-1.0616273411194674,21,27,29,30,26,30,47,45,50,46,72,72,42,65,-0.7663635515775681,-0.042304921216447196,0.3071713040760836,0.8821498614189275,-0.9571661570966369,1.5599956467140308,0.9629932123119791,42.99907380001446,6.752770738019061,ET_somali
18.652416193977025,18.561612048297324,15.22255607060269,10.684044076923913,19.762885730789414,18.08633076048011,13.063347582903981,5,1.5030451421664652,0.2865923445742261,-0.9822100472435463,-1.5233794192541823,1.2737576631114165,-0.3186936310699852,-1.109038507813507,21,27,29,30,26,30,47,88,94,90,143,142,85,132,-0.8046492038629011,0.010894407206609426,0.3600000564914225,0.9796475322251894,-0.7654554947049417,1.6033128297274721,0.8403850203366645,42.75302524369412,6.970791857474869,ET_somali
17.28777176883219,14.487361655237317,12.609720733744203,9.615624014222862,16.53899055215945,13.543246593604604,12.547304808187375,5,1.5030451421664652,0.2865923445742261,-0.9822100472435463,-1.5233794192541823,1.2737576631114165,-0.3186936310699852,-1.109038507813507,21,27,29,30,26,30,46,54,56,62,97,104,63,86,-0.8046492038629011,0.010894407206609426,0.3600000564914225,0.9796475322251894,-0.7654554947049417,1.6033128297274721,0.8403850203366645,42.75024046631335,7.03987230282366,ET_somali
17.659536419135232,19.98396560804752,10.3966868657547,11.08481974717734,16.288730924715203,16.3885631948557,13.242869578597116,5,1.3377887939839384,0.1106550626016054,-0.9674301735449801,-1.3400859166638612,1.5336042864399364,-0.49772867155516354,-1.0933258290209085,21,27,29,30,26,30,47,44,45,46,72,72,41,63,-0.7815355128665085,-0.06123112043073587,0.2583328684564888,0.8590161265050622,-0.7931000232324755,1.6102713084275675,0.986605706309144,43.02368763879933,6.939710148644333,ET_somali
18.616108856662198,20.27152277733983,10.801080193305284,10.981973759936015,19.541420321086186,17.580204511747983,14.412446220691308,5,1.2968252562874578,0.13577389998495154,-0.932807901251562,-1.3360313725460908,1.517188342075873,-0.4853783026605439,-1.115584404764774,21,27,29,30,26,30,47,43,47,47,72,72,40,64,-0.71810801624513,-0.03477407210867093,0.258797960983234,0.8395537267676325,-0.8603947812976458,1.5798204419621427,0.9979423483851125,43.05405069540257,6.908987765927446,ET_somali
22.412934759252686,19.786415590736244,12.71152453689487,11.337279748544148,15.907796453191361,15.652733519556236,18.051088831009036,5,1.407008483684397,0.1804203383163563,-1.054986298270569,-1.416996578471047,1.4474468092189805,-0.3899890628808443,-1.0579568703894962,21,27,29,30,26,30,47,90,88,86,142,142,98,117,-0.8313221597807433,0.08037278804335077,0.38882913600723923,0.9466293806953973,-0.8403358247454527,1.5351453580767378,0.8825691012324263,42.651156290474965,6.817179943890431,ET_somali
21.819304348936548,19.068977651786586,9.88071159905467,9.386251233575063,24.09829448060433,20.64529668339593,17.746932057725797,5,1.4207623097413509,-0.07109237367622483,-0.9074907503036578,-1.1377987028402692,1.770291488954187,-0.4576098370873855,-1.018402160214964,21,27,30,30,26,30,47,42,45,43,72,73,38,60,-0.7510361385738482,-0.06381835551828934,0.3784235724048356,0.9021180721125512,-1.0925271429125925,1.4884877806826518,0.9553551147631955,42.97077686856469,6.672281688561951,ET_somali
15.641522051532426,14.436458782252103,9.983302636343167,6.526001671757446,13.568971936345877,13.410484812640833,13.148057159602617,5,1.3996224177041006,0.22208637652186744,-0.9495137425253164,-1.4025347666511756,1.3838583120291659,-0.40338245661009264,-1.1132492145627044,21,27,28,30,26,30,47,42,47,44,72,72,43,63,-0.7408197477089745,-0.04343974161851714,0.2731704108378665,0.854826489579725,-0.7190744037756035,1.5814532421499048,0.9994071672146703,43.06581862562454,6.984086923679838,ET_somali
24.252203241479563,25.968211582949937,16.11940068139674,15.203351788363168,28.142719146956665,21.923653482597445,19.995391854539037,5,1.3900782527746869,0.10634274320472821,-0.9941298942515587,-1.3695476548205208,1.6193325981972604,-0.342731296174307,-1.0134492680969163,21,27,30,30,26,30,47,88,94,85,142,142,92,115,-0.8158393355817065,0.10750430265952693,0.3766657731288312,0.9607857411243086,-0.9942215067662312,1.4850915827970534,0.9055173022293398,42.65025797519085,6.74720118325752,ET_somali
18.767115013306,17.14845910557408,13.163654950155959,14.018666876617381,16.581644686487675,12.660443341402198,10.99974603487627,5,1.5733858058459746,0.27372393283131174,-0.8375177938835515,-1.598599440962303,1.2702982726484775,-0.18428116743744616,-1.1322006898645225,21,27,29,30,26,30,46,96,92,97,141,144,93,122,-0.7308091217297271,-0.003545944958714707,0.37666470897094495,1.0821154811164058,-0.8795532030806916,1.5804058907242826,0.7647295449680561,42.799737638468336,7.05550298876734,ET_somali
18.602033181875605,17.94077768601494,11.588711647176188,9.008116983074105,20.904494399794178,22.25485216671574,22.50677852946813,5,1.393882301410419,-0.02517015549634814,-0.9696928174383549,-1.2901792547752802,1.7258094835776487,-0.3032088524634255,-0.9482693891086471,21,27,30,30,26,30,47,80,83,86,144,142,99,109,-0.8741532011435286,0.13472682323734192,0.34075208076764874,0.999568210388954,-1.0418677795059146,1.437113971445194,0.9353153955422646,42.64343077903154,6.627815081998035,ET_somali
17.71257433459628,18.301292794632516,11.709096437282382,10.001137159883308,21.68506124706945,17.942322584578335,11.728110436673465,5,1.3705031788285946,0.00988723619133849,-0.9398020717560758,-1.237646973423715,1.6680610708290102,-0.4926415993444379,-1.0616273411194674,21,27,29,30,26,30,47,46,48,43,72,72,44,64,-0.7663635515775681,-0.042304921216447196,0.3071713040760836,0.8821498614189275,-0.9571661570966369,1.5599956467140308,0.9629932123119791,42.9783227169513,6.781876153224533,ET_somali
27.09466042194224,26.243771096993427,14.732732398673834,8.687571722974395,23.821710854438845,19.751057779532392,17.447695403217985,5,1.3869023844779442,0.29033591700995026,-1.0644881475602936,-1.4482877695010932,1.3869599699559951,-0.41263332804443714,-1.0879945896679215,21,27,29,30,26,30,47,89,88,87,143,142,86,121,-0.7924194943489292,0.028092417789271996,0.3773680612427183,0.935499828770558,-0.8611025911221218,1.5951465155755056,0.8399069467520772,42.8445635711459,6.887697693693813,ET_somali
19.51416064840853,15.884087340410666,10.696560671814808,11.575004336916399,18.92238245963131,15.828058947170456,11.323233538064597,5,1.3288115917264236,0.03917750558792415,-0.9013120884647994,-1.263532628022271,1.8370250933675851,-0.3195677028417049,-0.9646230644926007,21,27,30,30,26,30,47,82,90,91,143,143,92,124,-0.7856783066195094,0.08798719049991524,0.3230095202287013,0.9751029937093896,-1.1815055715122695,1.44328535034479,0.9181569757055533,42.7573371570579,6.638864359992706,ET_somali
26.110248144425956,27.26960291606758,14.747886448566808,10.515979261951117,20.844816712578606,22.18016905816508,19.146850608750864,5,1.3287024234453388,0.05459835881637828,-0.9302215416387265,-1.3153444241315635,1.7936634099958764,-0.2878441867731908,-0.9550414046236495,21,27,30,30,26,30,47,138,147,158,254,263,159,202,-0.837693880961428,0.11730431499484556,0.27411487886413144,0.9604009588511686,-1.0693423538664748,1.4837584530268344,0.9521533488411248,42.66103775860028,6.604009726968868,ET_somali
18.33244796639429,16.19822925526559,9.325036460050994,5.646139295505576,11.948074686949639,13.474239163115111,10.46615542626871,5,1.3095861247509155,0.2242567326815016,-1.0193456512905577,-1.3749493021357968,1.6453684686513759,-0.3884250297343409,-1.0607866350539694,21,27,29,30,26,30,47,94,91,94,143,142,91,126,-0.7381247604668582,-0.05813004924218078,0.28113703426589864,0.9110110898846078,-1.0053278850840424,1.6129464246290137,0.9001368409041494,42.83072951577046,6.812868030526657,ET_somali
19.3472754760186,23.296893467890204,16.266672563544404,8.56434556760331,15.998426301140729,15.315425227955188,15.470099388059113,5,1.316326212704982,0.11697933222728593,-0.9821046266635719,-1.2911417183386236,1.6998129958690293,-0.44032376715214433,-1.0629881762254807,21,27,29,30,26,30,47,91,90,99,142,142,91,125,-0.6926845850342241,-0.09474057657722082,0.27933752732230815,0.892719244430652,-1.0768064151825376,1.5988688489038072,0.9067895627489803,42.88534708504493,6.823737645464503,ET_somali
15.09321458511069,15.19400754853597,13.771414403011098,10.269474620554975,18.019228270547952,14.182333889053103,14.660444687356765,5,1.400619516498148,0.13639916686094228,-1.0588408775515223,-1.4047615765228127,1.4275721494428053,-0.358859270370405,-1.0638005916980284,21,27,30,30,26,30,47,92,82,84,142,142,104,122,-0.8132819311339723,-0.06157498970515298,0.34736931351730216,0.9688983359028114,-0.6432457301813186,1.5194175172262112,0.9543013906016251,42.63992734942347,6.771276032871923,ET_somali
26.150930056452225,23.60889414875666,13.617222536895564,8.510202911739174,25.290092249431222,18.195370084808996,19.12027269853334,5,1.3377887939839384,0.1106550626016054,-0.9674301735449801,-1.3400859166638612,1.5336042864399364,-0.49772867155516354,-1.0933258290209085,21,27,29,30,26,30,47,43,48,47,72,72,40,63,-0.7815355128665085,-0.06123112043073587,0.2583328684564888,0.8590161265050622,-0.7931000232324755,1.6102713084275675,0.986605706309144,42.98173631503095,6.892907922341706,ET_somali
21.09356297480869,19.134420036332962,14.501224455239159,10.651427500052518,14.5925568167666,12.380737177397268,11.174899956748462,5,1.400619516498148,0.13639916686094228,-1.0588408775515223,-1.4047615765228127,1.4275721494428053,-0.358859270370405,-1.0638005916980284,21,27,30,30,26,30,47,93,94,83,142,140,108,126,-0.8132819311339723,-0.06157498970515298,0.34736931351730216,0.9688983359028114,-0.6432457301813186,1.5194175172262112,0.9543013906016251,42.61675081509319,6.756274167627127,ET_somali
15.201326948623604,16.402653305608048,10.715260076158426,9.240547111778973,13.86990830050068,13.35299425148881,11.244131100376565,5,1.3869023844779442,0.29033591700995026,-1.0644881475602936,-1.4482877695010932,1.3869599699559951,-0.41263332804443714,-1.0879945896679215,21,27,29,30,26,30,47,91,85,88,142,142,92,124,-0.7924194943489292,0.028092417789271996,0.3773680612427183,0.935499828770558,-0.8611025911221218,1.5951465155755056,0.8399069467520772,42.77602211496758,6.870809366352366,ET_somali
29.53876761192505,21.946958003158844,13.749857801165456,9.447322540816224,22.5179349915969,16.778544041713605,18.76225283270007,5,1.3869023844779442,0.29033591700995026,-1.0644881475602936,-1.4482877695010932,1.3869599699559951,-0.41263332804443714,-1.0879945896679215,21,27,29,30,26,30,47,85,93,85,143,142,89,126,-0.7924194943489292,0.028092417789271996,0.3773680612427183,0.935499828770558,-0.8611025911221218,1.5951465155755056,0.8399069467520772,42.83342446162282,6.939620317115922,ET_somali
22.158295075914165,21.051840555937186,13.452423286072257,8.55082868159819,19.142485353771246,16.491154677803646,17.442953399605358,5,1.3663618028862188,0.19593722101677602,-1.0172774660890156,-1.3942693854685455,1.4662668310454214,-0.4587425174361079,-1.0937059315808724,21,27,29,30,26,30,47,85,89,84,143,143,87,120,-0.7902065993071062,-0.02851830880413578,0.30062857562481743,0.8846597191206492,-0.7993147577048151,1.619773985161801,0.927235899630435,42.86630280102159,6.851136261630148,ET_somali
18.826189814384062,18.586601120149822,13.989333381970997,14.561596348204896,20.11492099830661,17.81380035195857,12.196270443674115,5,1.5378304748729796,0.29440647957412996,-0.9818492325885356,-1.4681264253172972,1.3087434789943189,-0.2959948798965038,-1.075461385391725,21,27,28,30,26,30,47,40,40,50,72,72,41,59,-0.7383149784943459,-0.06007062330801151,0.3066679868303539,0.8975185215363489,-0.7160638493040622,1.627672463740368,0.9192799526073637,42.99242626691197,7.063767489381239,ET_somali
19.093565722757205,18.395598913444754,12.78755354347797,9.918317952538018,21.811635235811778,19.495975629879226,17.634237104012897,5,1.3663618028862188,0.19593722101677602,-1.0172774660890156,-1.3942693854685455,1.4662668310454214,-0.4587425174361079,-1.0937059315808724,21,27,29,30,26,30,47,79,84,72,109,95,71,89,-0.7902065993071062,-0.02851830880413578,0.30062857562481743,0.8846597191206492,-0.7993147577048151,1.619773985161801,0.927235899630435,42.92038138112559,6.901980906711313,ET_somali
16.572138640332284,16.404660172924117,6.9595077721731995,11.00170257136709,20.43471554286169,23.64679014463902,25.395583422119604,5,1.3828660812628286,-0.054890122457852394,-0.8885511442897512,-1.1552850638339327,1.8524248732035342,-0.38116994078135075,-0.9714191822463156,21,27,30,30,26,30,47,44,50,51,71,73,42,61,-0.7669794803000288,-0.008694986236374389,0.3079474922432356,0.9348389342405405,-1.138917779753145,1.4846845014481485,0.9565589698161219,42.92684925117125,6.624491315446793,ET_somali
17.020250974414505,15.06694243900913,10.207652821545055,10.278334079626033,17.58905812032571,15.625320838019816,13.080220147795986,5,1.3332550908554919,0.12509206035317993,-0.9554945712583881,-1.3179821989352114,1.7499323323416622,-0.3503192626003524,-1.0163732592748949,21,27,30,30,26,30,47,93,88,95,142,144,92,135,-0.7593107633472526,0.020901687353303326,0.2893957308993633,0.9249750348244967,-1.0923391002007654,1.547630241890747,0.9175203583052862,42.80413938336052,6.671563036334656,ET_somali
21.315400899660062,22.21718002791234,9.846833052534336,9.714632574104673,28.348293675329508,26.22205618279773,21.470058184310233,5,1.3424411761747934,0.02739554883140905,-0.9348763698423411,-1.2005154287487443,1.8152973191414952,-0.4038762530584514,-1.0178160307481257,21,27,30,30,26,30,47,41,49,45,71,73,40,61,-0.6550383075400492,-0.09064583442686555,0.2824648445276315,0.886210832272663,-1.2442335684899954,1.5538265069958421,0.8997763415741118,42.942749431700165,6.656651002618272,ET_somali
16.578821315437374,14.376411840805488,15.493231989987077,8.433623744421364,15.260542121119945,14.256590384182305,11.615699375235447,5,1.3313670647796745,0.33408217025361286,-0.990003927020926,-1.4909706033130243,1.421410209212436,-0.17176761817961644,-1.1574303191230988,21,27,29,30,26,30,47,89,95,92,144,144,100,120,-0.7413820887732112,-0.12491726402441546,0.4997508483887037,1.0970592745075096,-0.6559530465070612,1.4259955867821106,0.848692823892176,42.61890677177507,7.008700762464713,ET_somali
17.16202296379206,16.41121959682251,10.086284359718809,10.578641652018833,16.723166658135415,13.420644506033453,13.102912267661218,5,1.3900782527746869,0.10634274320472821,-0.9941298942515587,-1.3695476548205208,1.6193325981972604,-0.342731296174307,-1.0134492680969163,21,27,30,30,26,30,47,153,143,181,264,261,181,244,-0.8158393355817065,0.10750430265952693,0.3766657731288312,0.9607857411243086,-0.9942215067662312,1.4850915827970534,0.9055173022293398,42.67900406428267,6.677312254153021,ET_somali
20.30219285024691,21.504900899995025,9.199638747047333,12.679417549289765,22.042028078263392,21.78930756906549,28.222055825522588,5,1.3828660812628286,-0.054890122457852394,-0.8885511442897512,-1.1552850638339327,1.8524248732035342,-0.38116994078135075,-0.9714191822463156,21,27,30,30,26,30,47,48,51,50,71,73,41,64,-0.7669794803000288,-0.008694986236374389,0.3079474922432356,0.9348389342405405,-1.138917779753145,1.4846845014481485,0.9565589698161219,42.90061844487496,6.60409955849728,ET_somali
20.289424833513454,18.01966982739597,15.873615421088315,9.871966959417522,17.406314625926676,16.5965045104591,14.163760030563747,5,1.2942671431292656,0.30291830215927723,-1.0441172502983422,-1.4703674622465663,1.456248753572218,-0.27665506445260357,-1.117394992333831,21,27,29,30,26,30,47,94,88,83,142,144,98,120,-0.7195100469260853,-0.20706868697194902,0.38926912421833365,1.0168201095101896,-0.6622709776001293,1.5102863809908826,0.9223782061962802,42.62672211474692,6.8587719415451645,ET_somali
19.792033097916896,17.82179284555983,13.344512534788082,10.155483619776273,16.85720985516925,15.505264182531034,9.987878916694113,5,1.5378304748729796,0.29440647957412996,-0.9818492325885356,-1.4681264253172972,1.3087434789943189,-0.2959948798965038,-1.075461385391725,21,27,28,30,26,30,46,42,42,47,72,71,42,67,-0.7383149784943459,-0.06007062330801151,0.3066679868303539,0.8975185215363489,-0.7160638493040622,1.627672463740368,0.9192799526073637,43.0129078553899,7.0925135784730635,ET_somali
27.053031506343455,21.489267222913686,15.08944726214953,10.65469735131367,25.193468014466664,24.73228129691552,21.85731510143844,5,1.42362209503469,-0.07087024344796874,-0.8843980533966588,-1.0636822526878953,1.8404640340867289,-0.4239166526236274,-1.019117206610683,21,27,30,30,26,30,47,46,48,48,72,73,41,66,-0.7824802733293926,0.02534468688994516,0.41532964288699115,0.926798954029622,-1.2342303007561926,1.4296792912261351,0.9198888932221956,43.080550996284096,6.60131478111651,ET_somali
21.15749182788592,19.893672844394306,12.13470738471245,10.532518022277925,13.821863229343093,13.10030780061658,15.32664213199333,5,1.3900782527746869,0.10634274320472821,-0.9941298942515587,-1.3695476548205208,1.6193325981972604,-0.342731296174307,-1.0134492680969163,21,27,30,30,26,30,47,94,91,87,142,140,99,124,-0.8158393355817065,0.10750430265952693,0.3766657731288312,0.9607857411243086,-0.9942215067662312,1.4850915827970534,0.9055173022293398,42.668314112401646,6.748548656183699,ET_somali
20.003369896620256,19.12851644624386,11.704909954287874,11.530770030707094,21.29532246587082,18.904738772241064,15.893773521918533,5,1.4290786361220464,-0.12943589964128605,-0.8755010053025455,-1.0740337129080755,1.8495508643579108,-0.4289610178695169,-0.9749693281753323,21,27,30,30,26,30,47,43,52,48,71,72,39,67,-0.7809844432042012,-0.008989467005223623,0.4097504550195662,0.9335393070177366,-1.1666361649848402,1.4290448451675672,0.9400511108489205,42.96951922716693,6.639223686106353,ET_somali
16.99056731847714,19.44455445373416,10.705816371530325,11.98407874867563,15.571138587022473,13.411847726726837,14.450621332911563,5,1.3287024234453388,0.05459835881637828,-0.9302215416387265,-1.3153444241315635,1.7936634099958764,-0.2878441867731908,-0.9550414046236495,21,27,30,30,26,30,47,86,90,95,143,144,84,121,-0.837693880961428,0.11730431499484556,0.27411487886413144,0.9604009588511686,-1.0693423538664748,1.4837584530268344,0.9521533488411248,42.72832157338083,6.601135118059686,ET_somali
21.328903477900187,22.728858603360884,9.342668842869346,11.395636700795482,22.161053579581797,20.292618340514288,16.830283030384052,5,1.2968252562874578,0.13577389998495154,-0.932807901251562,-1.3360313725460908,1.517188342075873,-0.4853783026605439,-1.115584404764774,21,27,29,30,26,30,47,44,45,48,72,72,39,58,-0.71810801624513,-0.03477407210867093,0.258797960983234,0.8395537267676325,-0.8603947812976458,1.5798204419621427,0.9979423483851125,43.05997957627776,6.907101303830795,ET_somali
16.47877468338345,18.506976828416615,10.847884854531435,11.432699539837456,16.089219189413924,15.935506965341219,11.922340029444364,5,1.2968252562874578,0.13577389998495154,-0.932807901251562,-1.3360313725460908,1.517188342075873,-0.4853783026605439,-1.115584404764774,21,27,29,30,26,30,47,44,46,49,72,72,42,62,-0.71810801624513,-0.03477407210867093,0.258797960983234,0.8395537267676325,-0.8603947812976458,1.5798204419621427,0.9979423483851125,43.07165767497131,6.927223566195072,ET_somali
23.332216209040567,19.087962241367535,13.134017520226205,10.85232151048565,24.11401697871657,21.06707131285254,15.55113336432495,5,1.3332550908554919,0.12509206035317993,-0.9554945712583881,-1.3179821989352114,1.7499323323416622,-0.3503192626003524,-1.0163732592748949,21,27,30,30,26,30,47,85,100,96,142,141,96,136,-0.7593107633472526,0.020901687353303326,0.2893957308993633,0.9249750348244967,-1.0923391002007654,1.547630241890747,0.9175203583052862,42.752486254523646,6.728965382989894,ET_somali
16.718794430189902,16.0223413606006,13.05744033887736,10.066434832462456,15.291479404538972,12.058075339882759,10.467172269546063,5,1.407008483684397,0.1804203383163563,-1.054986298270569,-1.416996578471047,1.4474468092189805,-0.3899890628808443,-1.0579568703894962,21,27,29,30,26,30,47,94,84,95,142,142,90,119,-0.8313221597807433,0.08037278804335077,0.38882913600723923,0.9466293806953973,-0.8403358247454527,1.5351453580767378,0.8825691012324263,42.74709636281893,6.832720798305698,ET_somali
18.437653217184195,17.893170448812104,15.358450609899187,12.68607734906476,15.226972277718284,14.4662918249643,16.482271154150244,5,1.3900782527746869,0.10634274320472821,-0.9941298942515587,-1.3695476548205208,1.6193325981972604,-0.342731296174307,-1.0134492680969163,21,27,30,30,26,30,47,96,89,102,162,160,110,147,-0.8158393355817065,0.10750430265952693,0.3766657731288312,0.9607857411243086,-0.9942215067662312,1.4850915827970534,0.9055173022293398,42.674512487862074,6.718095768052048,ET_somali
18.14567146246727,17.577290639209007,8.601617405914842,10.391745458275171,15.817504753367663,13.554686096806067,11.79693929824439,5,1.3705031788285946,0.00988723619133849,-0.9398020717560758,-1.237646973423715,1.6680610708290102,-0.4926415993444379,-1.0616273411194674,21,27,29,30,26,30,47,47,47,44,72,71,41,65,-0.7663635515775681,-0.042304921216447196,0.3071713040760836,0.8821498614189275,-0.9571661570966369,1.5599956467140308,0.9629932123119791,42.98452109241172,6.831193662322695,ET_somali
20.969100105463937,18.956286232071985,11.902229623600093,10.480733968867856,22.804976673780406,22.929834053457835,16.67096272134327,5,1.3709942589915551,-0.031148745176406693,-0.8838222834745633,-1.140471093245933,1.805235724232554,-0.4442700107354677,-1.0423948605171742,21,27,29,30,26,30,47,43,50,46,72,72,39,59,-0.6814281792928726,-0.05961064273384595,0.3499730134985623,0.8949609845938806,-1.192428572942584,1.462024633282096,0.9679184819796645,43.0730051478975,6.74675202561546,ET_somali
20.29566510264209,21.685654455990008,18.723662789082354,9.68350719403575,22.037843261121303,19.43908221536214,16.316459673534805,5,1.5063391777826771,0.24178168662400112,-1.0266675041945612,-1.4539310196894664,1.2622962203743433,-0.38934939310232825,-1.0903858121647927,21,27,29,30,26,30,47,90,92,93,143,143,85,120,-0.78968660210061,-0.027228216287233986,0.30245915798447043,0.8932046212471947,-0.6293373043315555,1.6267083723059321,0.921492451907873,42.895767542340714,6.9751037708386425,ET_somali
15.843528368140621,15.035600882464545,12.021146675634402,8.525127921437399,17.689763877826497,13.398551169934816,17.08471525902472,5,1.4084358936560344,0.3309027414984514,-0.9612645639526001,-1.532500104018425,1.3862197198262811,-0.21995833775466872,-1.1443125572127704,21,27,29,30,26,30,47,49,48,48,73,72,46,60,-0.752615673088833,-0.014157427327226852,0.46444866223036946,1.1015266383592515,-0.8206435982246969,1.4784282655600456,0.7852250579535314,42.736765737051556,7.032326454437056,ET_somali
21.688843789360106,18.666496545739637,13.080695310532626,11.357805001637743,21.67781651512348,20.201482960857312,18.231997360408585,5,1.3705031788285946,0.00988723619133849,-0.9398020717560758,-1.237646973423715,1.6680610708290102,-0.4926415993444379,-1.0616273411194674,21,27,29,30,26,30,47,43,50,41,72,72,44,63,-0.7663635515775681,-0.042304921216447196,0.3071713040760836,0.8821498614189275,-0.9571661570966369,1.5599956467140308,0.9629932123119791,42.97365147747387,6.819066405987082,ET_somali
19.812223506356148,19.91874218218591,8.840464335903858,10.635802256815092,18.41363118610762,13.47121846672342,14.436993612678853,5,1.4732291531304011,-0.005768909465455083,-1.0297108808784314,-1.3352479716191006,1.49333540941377,-0.3711795182549005,-1.0063276757644537,21,27,30,30,26,30,47,88,88,82,142,142,98,123,-0.8653936212969849,0.10317323766718733,0.37019379138198916,0.9743758853594711,-0.8067475922004873,1.4712819050325052,0.9336070808582515,42.625644136405974,6.713873686216686,ET_somali
19.037703394292386,15.916396552958318,10.528889126400095,11.121543693753296,18.414828888027753,17.08405031549388,11.63723737407704,5,1.3095861247509155,0.2242567326815016,-1.0193456512905577,-1.3749493021357968,1.6453684686513759,-0.3884250297343409,-1.0607866350539694,21,27,29,30,26,30,47,89,88,98,142,143,95,136,-0.7381247604668582,-0.05813004924218078,0.28113703426589864,0.9110110898846078,-1.0053278850840424,1.6129464246290137,0.9001368409041494,42.770811886319684,6.76561664658197,ET_somali
20.9419880452709,22.044026909901714,12.403972622786542,12.925250389265832,18.82569195252179,15.429788546070826,12.946449201115556,5,1.3287024234453388,0.05459835881637828,-0.9302215416387265,-1.3153444241315635,1.7936634099958764,-0.2878441867731908,-0.9550414046236495,21,27,30,30,26,30,47,162,191,179,280,283,186,231,-0.837693880961428,0.11730431499484556,0.27411487886413144,0.9604009588511686,-1.0693423538664748,1.4837584530268344,0.9521533488411248,42.68735839642498,6.6226048533501425,ET_somali
15.406638909397309,17.136420581164366,12.354973372924524,11.925641299922999,19.195661943643533,11.530363287222398,13.033934064956654,5,1.400619516498148,0.13639916686094228,-1.0588408775515223,-1.4047615765228127,1.4275721494428053,-0.358859270370405,-1.0638005916980284,21,27,29,30,26,30,47,88,95,82,142,142,98,124,-0.8132819311339723,-0.06157498970515298,0.34736931351730216,0.9688983359028114,-0.6432457301813186,1.5194175172262112,0.9543013906016251,42.621332223042195,6.779630365014235,ET_somali
18.521260066088313,15.232187719328053,13.294563839188319,6.198365003362221,16.605151093253244,14.187249633854561,18.021430343715693,5,1.4732291531304011,-0.005768909465455083,-1.0297108808784314,-1.3352479716191006,1.49333540941377,-0.3711795182549005,-1.0063276757644537,21,27,30,30,26,30,47,96,97,87,144,140,104,129,-0.8653936212969849,0.10317323766718733,0.37019379138198916,0.9743758853594711,-0.8067475922004873,1.4712819050325052,0.9336070808582515,42.60615069474058,6.6956378859490595,ET_somali
19.505756850794548,14.409132271202807,11.344371367858304,10.44828026858368,14.529708034238203,16.110239657245508,16.209146236584097,5,1.3095861247509155,0.2242567326815016,-1.0193456512905577,-1.3749493021357968,1.6453684686513759,-0.3884250297343409,-1.0607866350539694,21,27,29,30,26,30,47,94,83,89,142,142,88,116,-0.7381247604668582,-0.05813004924218078,0.28113703426589864,0.9110110898846078,-1.0053278850840424,1.6129464246290137,0.9001368409041494,42.79093414868397,6.849609125647145,ET_somali
22.58788970073994,16.9634603404476,14.515216166404972,10.858478259581094,16.60649921365174,13.627218064226037,13.125947737862605,5,1.5046694561732057,0.28065942854156,-0.8369317792280351,-1.5891316985000545,1.3159318968718623,-0.12785802697163112,-1.1630613499215527,21,27,29,30,26,30,46,49,44,47,72,72,46,62,-0.6129958691309002,-0.013574368469537641,0.4956231497853994,1.1998767711071083,-1.0265116731038026,1.4499448987730565,0.6496597774267892,42.715565496346336,7.06933704414278,ET_somali
18.375382542464667,19.136477677667038,10.099136544130145,8.149218069032901,15.61588155622009,16.44312760295201,12.047826371326869,5,1.316326212704982,0.11697933222728593,-0.9821046266635719,-1.2911417183386236,1.6998129958690293,-0.44032376715214433,-1.0629881762254807,21,27,29,30,26,30,47,94,90,87,142,143,97,128,-0.6926845850342241,-0.09474057657722082,0.27933752732230815,0.892719244430652,-1.0768064151825376,1.5988688489038072,0.9067895627489803,42.86459600198177,6.789960990781609,ET_somali
20.975443625089266,20.828672882471704,11.852336402089714,6.968834784679781,19.547968559439166,21.239774666904765,14.491164973223572,5,1.3332550908554919,0.12509206035317993,-0.9554945712583881,-1.3179821989352114,1.7499323323416622,-0.3503192626003524,-1.0163732592748949,21,27,30,30,26,30,47,84,92,96,142,144,91,127,-0.7593107633472526,0.020901687353303326,0.2893957308993633,0.9249750348244967,-1.0923391002007654,1.547630241890747,0.9175203583052862,42.82848372756016,6.694380244551292,ET_somali
21.465331277087646,16.52430076084605,11.377017740317275,10.611866724162013,22.74121920416633,19.770424338603572,17.80389136221058,5,1.4207623097413509,-0.07109237367622483,-0.9074907503036578,-1.1377987028402692,1.770291488954187,-0.4576098370873855,-1.018402160214964,21,27,30,30,26,30,47,42,47,46,72,73,35,58,-0.7510361385738482,-0.06381835551828934,0.3784235724048356,0.9021180721125512,-1.0925271429125925,1.4884877806826518,0.9553551147631955,42.952541068297066,6.679917368476968,ET_somali
16.248700070689424,13.655024633897009,10.299466344522319,10.545271630457538,12.399030889282441,12.53532216983766,11.748362354042913,5,1.3529914239389917,0.3157675186770018,-1.0549876825709128,-1.4759813025757542,1.4123174523930355,-0.33667610988158714,-1.1056214429427367,21,27,29,30,26,30,47,93,88,86,142,144,100,120,-0.7963231715208423,0.00823037814722508,0.43153191118324025,0.9903462842578282,-0.8114760612824062,1.5310615073607412,0.845754486140632,42.68044136873726,6.9426745890819275,ET_somali
20.090450667503383,19.690508861531107,11.590491246855601,9.967980742535147,18.260265260732258,15.833112162779546,16.78887105023373,5,1.3900782527746869,0.10634274320472821,-0.9941298942515587,-1.3695476548205208,1.6193325981972604,-0.342731296174307,-1.0134492680969163,21,27,30,30,26,30,47,91,91,89,150,144,105,129,-0.8158393355817065,0.10750430265952693,0.3766657731288312,0.9607857411243086,-0.9942215067662312,1.4850915827970534,0.9055173022293398,42.67577012925984,6.746841857143872,ET_somali
20.61565600124103,20.7466059223718,10.386057319415862,10.721093678697985,28.067839691499945,23.69260440987883,22.050120550510467,5,1.3424411761747934,0.02739554883140905,-0.9348763698423411,-1.2005154287487443,1.8152973191414952,-0.4038762530584514,-1.0178160307481257,21,27,30,30,26,30,47,42,44,46,71,73,39,63,-0.6550383075400492,-0.09064583442686555,0.2824648445276315,0.886210832272663,-1.2442335684899954,1.5538265069958421,0.8997763415741118,42.91660845693229,6.684408944897565,ET_somali
19.137519314602383,17.610773775625375,9.02549656189223,7.905445154058337,20.133746344913416,18.44842107921665,15.574694439223299,5,1.3705031788285946,0.00988723619133849,-0.9398020717560758,-1.237646973423715,1.6680610708290102,-0.4926415993444379,-1.0616273411194674,21,27,29,30,26,30,47,45,52,43,72,72,39,64,-0.7663635515775681,-0.042304921216447196,0.3071713040760836,0.8821498614189275,-0.9571661570966369,1.5599956467140308,0.9629932123119791,42.963500514763325,6.774599799423165,ET_somali
15.837730848094534,16.522835581337105,10.344300491566862,11.902548146843053,15.578537713344272,13.928430408393002,13.992815516491607,5,1.3900782527746869,0.10634274320472821,-0.9941298942515587,-1.3695476548205208,1.6193325981972604,-0.342731296174307,-1.0134492680969163,21,27,30,30,26,30,47,184,183,194,284,283,196,255,-0.8158393355817065,0.10750430265952693,0.3766657731288312,0.9607857411243086,-0.9942215067662312,1.4850915827970534,0.9055173022293398,42.70164160944248,6.7295942036887775,ET_somali
17.05650652808551,17.04918346081588,15.055574205992915,10.178338206788228,12.798383884402607,11.5992320860103,11.236967031291371,5,1.4084358936560344,0.3309027414984514,-0.9612645639526001,-1.532500104018425,1.3862197198262811,-0.21995833775466872,-1.1443125572127704,21,27,29,30,26,30,46,94,95,91,144,142,94,108,-0.752615673088833,-0.014157427327226852,0.46444866223036946,1.1015266383592515,-0.8206435982246969,1.4784282655600456,0.7852250579535314,42.670739563668775,7.045441857585201,ET_somali
19.03975913444472,18.064738413581104,10.748619895675152,5.0040592311546925,17.762116125151472,13.389194296195777,13.140188498905413,5,1.3705031788285946,0.00988723619133849,-0.9398020717560758,-1.237646973423715,1.6680610708290102,-0.4926415993444379,-1.0616273411194674,21,27,29,30,26,30,47,42,51,40,72,72,42,62,-0.7663635515775681,-0.042304921216447196,0.3071713040760836,0.8821498614189275,-0.9571661570966369,1.5599956467140308,0.9629932123119791,42.969698890223746,6.768311592434329,ET_somali
24.230571316423152,21.17549522262221,10.824707241518706,8.253098288226893,21.845123031685905,24.034047762833513,19.379243669355695,5,1.3709942589915551,-0.031148745176406693,-0.8838222834745633,-1.140471093245933,1.805235724232554,-0.4442700107354677,-1.0423948605171742,21,27,29,30,26,30,47,44,44,47,72,72,43,64,-0.6814281792928726,-0.05961064273384595,0.3499730134985623,0.8949609845938806,-1.192428572942584,1.462024633282096,0.9679184819796645,43.0775865558465,6.724743301154532,ET_somali
21.397651260498748,23.354078615317807,12.32907940062039,10.814484437527788,19.542323227071513,18.60097014204016,13.58544551658451,5,1.3332550908554919,0.12509206035317993,-0.9554945712583881,-1.3179821989352114,1.7499323323416622,-0.3503192626003524,-1.0163732592748949,21,27,30,30,26,30,47,86,94,96,142,143,87,130,-0.7593107633472526,0.020901687353303326,0.2893957308993633,0.9249750348244967,-1.0923391002007654,1.547630241890747,0.9175203583052862,42.830460021185225,6.673808824544955,ET_somali
20.642570547844677,17.962612512316355,11.510096045799253,9.973053489675793,23.74937544870078,23.252775886702803,17.107529532007824,5,1.3709942589915551,-0.031148745176406693,-0.8838222834745633,-1.140471093245933,1.805235724232554,-0.4442700107354677,-1.0423948605171742,21,27,29,30,26,30,47,46,50,46,72,72,40,72,-0.6814281792928726,-0.05961064273384595,0.3499730134985623,0.8949609845938806,-1.192428572942584,1.462024633282096,0.9679184819796645,43.07165767497131,6.7074058161710255,ET_somali
19.004831699141604,20.23385964121656,12.727163861470554,13.108441845583648,20.162635890804104,16.983900280472753,11.51544608899178,5,1.400619516498148,0.13639916686094228,-1.0588408775515223,-1.4047615765228127,1.4275721494428053,-0.358859270370405,-1.0638005916980284,21,27,30,30,26,30,47,96,86,90,142,140,100,116,-0.8132819311339723,-0.06157498970515298,0.34736931351730216,0.9688983359028114,-0.6432457301813186,1.5194175172262112,0.9543013906016251,42.640646001650765,6.7578013036101305,ET_somali
20.10157410298845,21.839790972506098,14.626025828858813,11.556576356703811,25.856168982609546,23.647618246609717,17.145266745885348,5,1.4207623097413509,-0.07109237367622483,-0.9074907503036578,-1.1377987028402692,1.770291488954187,-0.4576098370873855,-1.018402160214964,21,27,29,30,26,30,47,46,54,46,72,72,45,64,-0.7510361385738482,-0.06381835551828934,0.3784235724048356,0.9021180721125512,-1.0925271429125925,1.4884877806826518,0.9553551147631955,43.017129937225256,6.74073331321186,ET_somali
19.6948190331332,20.232467274824913,13.373099350001263,9.949569161147794,18.64231279414779,16.39165198318299,12.292524995831984,5,1.5733858058459746,0.27372393283131174,-0.8375177938835515,-1.598599440962303,1.2702982726484775,-0.18428116743744616,-1.1322006898645225,21,27,29,30,26,30,46,96,91,94,142,143,91,119,-0.7308091217297271,-0.003545944958714707,0.37666470897094495,1.0821154811164058,-0.8795532030806916,1.5804058907242826,0.7647295449680561,42.842138119878776,7.069247212614369,ET_somali
17.324149664054765,15.949306367141103,12.646348055075757,11.66431383176581,19.12938449773353,17.48463911123814,17.9886161942267,5,1.5378304748729796,0.29440647957412996,-0.9818492325885356,-1.4681264253172972,1.3087434789943189,-0.2959948798965038,-1.075461385391725,21,27,28,30,26,30,47,42,43,42,72,72,46,64,-0.7383149784943459,-0.06007062330801151,0.3066679868303539,0.8975185215363489,-0.7160638493040622,1.627672463740368,0.9192799526073637,43.03437759068036,7.094130545984479,ET_somali
15.806470102020281,13.762724650742872,12.424865990744912,10.95757537072931,14.103705534816214,12.708636253326366,13.692864482144183,5,1.5063391777826771,0.24178168662400112,-1.0266675041945612,-1.4539310196894664,1.2622962203743433,-0.38934939310232825,-1.0903858121647927,21,27,29,30,26,30,47,89,88,97,144,143,91,122,-0.78968660210061,-0.027228216287233986,0.30245915798447043,0.8932046212471947,-0.6293373043315555,1.6267083723059321,0.921492451907873,42.897923499022596,7.030350160811993,ET_somali
16.573068276455764,14.242093557649122,10.191764159007773,8.188743432010758,15.031882988008695,15.085334968270184,13.16192974156279,5,1.5378304748729796,0.29440647957412996,-0.9818492325885356,-1.4681264253172972,1.3087434789943189,-0.2959948798965038,-1.075461385391725,21,27,28,30,26,30,47,44,44,50,72,73,42,63,-0.7383149784943459,-0.06007062330801151,0.3066679868303539,0.8975185215363489,-0.7160638493040622,1.627672463740368,0.9192799526073637,43.02485544866869,7.06888788650072,ET_somali
20.310049104893988,21.408088904426638,9.39446604014276,12.723684511675778,24.139057094283466,21.435004887101098,18.915726970598193,5,1.3705031788285946,0.00988723619133849,-0.9398020717560758,-1.237646973423715,1.6680610708290102,-0.4926415993444379,-1.0616273411194674,21,27,29,30,26,30,47,46,50,45,72,72,42,60,-0.7663635515775681,-0.042304921216447196,0.3071713040760836,0.8821498614189275,-0.9571661570966369,1.5599956467140308,0.9629932123119791,42.969698890223746,6.752950401075885,ET_somali
19.51502582457263,16.439209335975857,10.761430349094281,10.415038183352076,14.862960411033804,13.173709486894028,15.886991977301042,5,1.5063391777826771,0.24178168662400112,-1.0266675041945612,-1.4539310196894664,1.2622962203743433,-0.38934939310232825,-1.0903858121647927,21,27,29,30,26,30,47,87,92,93,143,142,90,122,-0.78968660210061,-0.027228216287233986,0.30245915798447043,0.8932046212471947,-0.6293373043315555,1.6267083723059321,0.921492451907873,42.86513499115224,7.0339434219484716,ET_somali
22.94297650250956,22.16807798553685,12.77214582097305,14.238731098337547,20.597688326237854,19.73869533602467,17.405922522390373,5,1.2968252562874578,0.13577389998495154,-0.932807901251562,-1.3360313725460908,1.517188342075873,-0.4853783026605439,-1.115584404764774,21,27,29,30,26,30,47,45,46,46,72,72,39,61,-0.71810801624513,-0.03477407210867093,0.258797960983234,0.8395537267676325,-0.8603947812976458,1.5798204419621427,0.9979423483851125,43.08333577366487,6.918060750297053,ET_somali
14.829361272392587,10.392940165158919,9.272788972913231,10.00266636593424,13.870874211987912,12.299715584447366,14.779311695880182,1,1.3332550908554919,0.12509206035317993,-0.9554945712583881,-1.3179821989352114,1.7499323323416622,-0.3503192626003524,-1.0163732592748949,21,27,30,30,26,30,47,91,94,94,143,143,95,131,-0.7593107633472526,0.020901687353303326,0.2893957308993633,0.9249750348244967,-1.0923391002007654,1.547630241890747,0.9175203583052862,42.769913571035566,6.666891796857235,ET_somali
18.275787620339916,13.29637772721905,11.834852334375151,10.056885390887405,13.659681053034838,11.338092551981692,12.877534655685638,5,1.3529914239389917,0.3157675186770018,-1.0549876825709128,-1.4759813025757542,1.4123174523930355,-0.33667610988158714,-1.1056214429427367,21,27,29,30,26,30,47,93,90,81,142,144,100,112,-0.7963231715208423,0.00823037814722508,0.43153191118324025,0.9903462842578282,-0.8114760612824062,1.5310615073607412,0.845754486140632,42.6574444974638,6.850148114817617,ET_somali
19.87585455421249,18.23348722119093,9.707117028768758,12.830157066150598,23.285051120522642,18.17011621285018,16.2502876823193,5,1.3705031788285946,0.00988723619133849,-0.9398020717560758,-1.237646973423715,1.6680610708290102,-0.4926415993444379,-1.0616273411194674,21,27,29,30,26,30,47,40,44,41,72,71,40,60,-0.7663635515775681,-0.042304921216447196,0.3071713040760836,0.8821498614189275,-0.9571661570966369,1.5599956467140308,0.9629932123119791,43.00796712132724,6.813856177339188,ET_somali
20.147624223952732,16.50589909218831,13.853580023720175,13.19658745805492,15.123281941993557,12.020633453214966,16.724295329463573,5,1.3529914239389917,0.3157675186770018,-1.0549876825709128,-1.4759813025757542,1.4123174523930355,-0.33667610988158714,-1.1056214429427367,21,27,29,30,26,30,47,91,93,84,142,144,100,118,-0.7963231715208423,0.00823037814722508,0.43153191118324025,0.9903462842578282,-0.8114760612824062,1.5310615073607412,0.845754486140632,42.65295292104321,6.8981181509896,ET_somali
16.64284623642818,17.082886419374418,11.95732588548641,12.631788185979786,15.62829809446474,10.43326299558065,13.81799573606336,5,1.3529914239389917,0.3157675186770018,-1.0549876825709128,-1.4759813025757542,1.4123174523930355,-0.33667610988158714,-1.1056214429427367,21,27,29,30,26,30,47,93,89,80,142,144,95,112,-0.7963231715208423,0.00823037814722508,0.43153191118324025,0.9903462842578282,-0.8114760612824062,1.5310615073607412,0.845754486140632,42.654749551611445,6.887787525222225,ET_somali
20.962075390764976,17.61116146030034,12.787773941341776,11.231889057531625,20.428048207409354,18.69985599782087,18.32122944581835,5,1.4347951163055976,0.2071077944657692,-0.9861766377028576,-1.410938834427696,1.4035154905244418,-0.4105671404388653,-1.0911905601551661,21,27,29,30,26,30,47,45,49,49,72,73,42,59,-0.7715515146044158,-0.036224988584952246,0.2966555311767082,0.8773168631110799,-0.7537062233803018,1.6132816804366965,0.9480107398532608,42.970866700093104,7.048496129551207,ET_somali
21.9936262995806,19.591781817601674,11.959100571985065,12.203327127511225,24.848181734134464,22.14658950639162,18.337145777488733,5,1.4207623097413509,-0.07109237367622483,-0.9074907503036578,-1.1377987028402692,1.770291488954187,-0.4576098370873855,-1.018402160214964,21,27,30,30,26,30,46,40,51,47,72,73,42,56,-0.7510361385738482,-0.06381835551828934,0.3784235724048356,0.9021180721125512,-1.0925271429125925,1.4884877806826518,0.9553551147631955,43.015512969713846,6.6740783191301905,ET_somali
20.3535734375149,21.26961389284337,9.520652233837763,11.913673318417871,17.435379658495027,18.080615756777018,14.085857732682157,5,1.3288115917264236,0.03917750558792415,-0.9013120884647994,-1.263532628022271,1.8370250933675851,-0.3195677028417049,-0.9646230644926007,21,27,30,30,26,30,47,90,95,92,142,144,93,130,-0.7856783066195094,0.08798719049991524,0.3230095202287013,0.9751029937093896,-1.1815055715122695,1.44328535034479,0.9181569757055533,42.814919166769954,6.607243661991698,ET_somali
14.738264403989003,16.546304428810682,7.788676412376731,8.836709504783462,14.453633240385253,13.710796531820245,14.25251620740797,5,1.3287024234453388,0.05459835881637828,-0.9302215416387265,-1.3153444241315635,1.7936634099958764,-0.2878441867731908,-0.9550414046236495,21,27,30,30,26,30,47,82,90,90,142,144,81,121,-0.837693880961428,0.11730431499484556,0.27411487886413144,0.9604009588511686,-1.0693423538664748,1.4837584530268344,0.9521533488411248,42.715026507175864,6.600596128889214,ET_somali
16.40459645433451,15.189054869556713,12.806092109729473,8.968335552878788,13.677382535709551,13.881811181700314,10.358704982018196,5,1.5839103670135475,0.285487724647402,-0.942065920036906,-1.5280650895907144,1.2337395053600813,-0.2556712805170081,-1.0986530123581275,21,27,29,30,26,30,46,93,85,96,144,143,97,118,-0.7633899162410078,-0.03966389454189696,0.31203503079434386,0.9539625310490043,-0.68174250625198,1.6320535541802577,0.8756915711969399,42.88732337866999,7.065743783006302,ET_somali
20.81724624255149,16.66675786294029,15.035300842918089,9.82273101547636,14.756090240724598,10.96261120208417,13.483408851484583,5,1.4084358936560344,0.3309027414984514,-0.9612645639526001,-1.532500104018425,1.3862197198262811,-0.21995833775466872,-1.1443125572127704,21,27,29,30,26,30,47,86,91,91,144,144,102,118,-0.752615673088833,-0.014157427327226852,0.46444866223036946,1.1015266383592515,-0.8206435982246969,1.4784282655600456,0.7852250579535314,42.66939209074259,7.016695768493376,ET_somali
18.16593859147168,16.598869589170494,12.394822577958449,13.768316482839854,16.54385895123817,18.747342615644065,17.10165067885044,5,1.4347951163055976,0.2071077944657692,-0.9861766377028576,-1.410938834427696,1.4035154905244418,-0.4105671404388653,-1.0911905601551661,21,27,28,30,26,30,47,42,41,45,72,72,42,63,-0.7715515146044158,-0.036224988584952246,0.2966555311767082,0.8773168631110799,-0.7537062233803018,1.6132816804366965,0.9480107398532608,42.981107494332065,7.018133072947967,ET_somali
18.67144845872486,18.746351612799437,10.678873788348007,11.274838486837686,16.788867297171013,12.738605162180004,14.290888191731371,5,1.316326212704982,0.11697933222728593,-0.9821046266635719,-1.2911417183386236,1.6998129958690293,-0.44032376715214433,-1.0629881762254807,21,27,29,30,26,30,47,48,54,44,72,72,47,72,-0.6926845850342241,-0.09474057657722082,0.27933752732230815,0.892719244430652,-1.0768064151825376,1.5988688489038072,0.9067895627489803,42.9430189262854,6.763191195314848,ET_somali
18.254553046065087,17.703322804326422,9.290981614290153,4.643255175183455,12.582276705261474,12.801957749490674,9.332497155743134,5,1.3377887939839384,0.1106550626016054,-0.9674301735449801,-1.3400859166638612,1.5336042864399364,-0.49772867155516354,-1.0933258290209085,21,27,29,30,26,30,47,42,48,48,72,72,42,60,-0.7815355128665085,-0.06123112043073587,0.2583328684564888,0.8590161265050622,-0.7931000232324755,1.6102713084275675,0.986605706309144,43.00051110446905,6.861826213511171,ET_somali
17.91142198270403,19.623542016450845,7.431389777887836,9.616444302204577,24.13608907380969,20.179540684079367,15.2157067829046,5,1.3424411761747934,0.02739554883140905,-0.9348763698423411,-1.2005154287487443,1.8152973191414952,-0.4038762530584514,-1.0178160307481257,21,27,29,30,26,30,47,41,51,49,72,72,45,73,-0.6550383075400492,-0.09064583442686555,0.2824648445276315,0.886210832272663,-1.2442335684899954,1.5538265069958421,0.8997763415741118,42.926310262000776,6.734984095393495,ET_somali
19.19699522908295,20.134747193764152,13.336261448078456,7.8677057182510035,23.513900645936083,19.55065296123021,15.7656064546472,5,1.3663618028862188,0.19593722101677602,-1.0172774660890156,-1.3942693854685455,1.4662668310454214,-0.4587425174361079,-1.0937059315808724,21,27,29,30,26,30,47,53,59,49,73,75,49,65,-0.7902065993071062,-0.02851830880413578,0.30062857562481743,0.8846597191206492,-0.7993147577048151,1.619773985161801,0.927235899630435,42.94158162183081,6.943033915195576,ET_somali
17.584168608734295,17.229528063717122,7.803984824159822,9.931167790242434,19.168476984736014,13.84579974414692,12.970285169402285,5,1.3900782527746869,0.10634274320472821,-0.9941298942515587,-1.3695476548205208,1.6193325981972604,-0.342731296174307,-1.0134492680969163,21,27,30,30,26,30,47,87,93,92,143,143,94,127,-0.8158393355817065,0.10750430265952693,0.3766657731288312,0.9607857411243086,-0.9942215067662312,1.4850915827970534,0.9055173022293398,42.744131922381335,6.696536201233179,ET_somali
20.722451240169068,19.103528492169875,12.970405917039164,9.801866774715437,20.349442049919357,18.562255678968185,17.291724217115867,5,1.3095861247509155,0.2242567326815016,-1.0193456512905577,-1.3749493021357968,1.6453684686513759,-0.3884250297343409,-1.0607866350539694,21,27,29,30,26,30,47,88,94,96,142,142,94,134,-0.7381247604668582,-0.05813004924218078,0.28113703426589864,0.9110110898846078,-1.0053278850840424,1.6129464246290137,0.9001368409041494,42.764883005444496,6.79184745287826,ET_somali
19.520367941440213,20.86846779375702,10.559619130077673,12.465351066305193,20.922441462192484,15.8826621602492,18.920551137851113,5,1.3424411761747934,0.02739554883140905,-0.9348763698423411,-1.2005154287487443,1.8152973191414952,-0.4038762530584514,-1.0178160307481257,21,27,30,30,26,30,47,42,46,47,71,72,41,64,-0.6550383075400492,-0.09064583442686555,0.2824648445276315,0.886210832272663,-1.2442335684899954,1.5538265069958421,0.8997763415741118,42.909781260772974,6.699051484028714,ET_somali
17.37588630148256,18.780328563866284,11.830010693593735,9.624771752839314,19.110285882353818,17.08170251712707,13.712131979208678,5,1.3377887939839384,0.1106550626016054,-0.9674301735449801,-1.3400859166638612,1.5336042864399364,-0.49772867155516354,-1.0933258290209085,21,27,29,30,26,30,47,45,47,42,71,71,41,64,-0.7815355128665085,-0.06123112043073587,0.2583328684564888,0.8590161265050622,-0.7931000232324755,1.6102713084275675,0.986605706309144,42.95308005746754,6.8936265745690015,ET_somali
16.785967437379494,12.222865419088798,10.381304622029285,13.04124311294257,17.604728838682398,16.950090380776178,13.682205647234689,5,1.5063391777826771,0.24178168662400112,-1.0266675041945612,-1.4539310196894664,1.2622962203743433,-0.38934939310232825,-1.0903858121647927,21,27,29,30,26,30,47,90,90,92,142,143,83,128,-0.78968660210061,-0.027228216287233986,0.30245915798447043,0.8932046212471947,-0.6293373043315555,1.6267083723059321,0.921492451907873,42.88570641115857,7.006993963424885,ET_somali
18.37952861353081,21.319998475437377,12.637429194881499,14.585417667510557,24.208556407173187,22.52488941487048,16.850181949648828,5,1.4290786361220464,-0.12943589964128605,-0.8755010053025455,-1.0740337129080755,1.8495508643579108,-0.4289610178695169,-0.9749693281753323,21,27,30,30,26,30,47,42,45,48,71,73,42,66,-0.7809844432042012,-0.008989467005223623,0.4097504550195662,0.9335393070177366,-1.1666361649848402,1.4290448451675672,0.9400511108489205,42.99062963634373,6.600506297360802,ET_somali
20.837767828262884,16.375021934649332,11.502145207050713,12.490103829816894,17.94183414308565,17.863481099437568,11.890247888746885,5,1.3424411761747934,0.02739554883140905,-0.9348763698423411,-1.2005154287487443,1.8152973191414952,-0.4038762530584514,-1.0178160307481257,21,27,29,30,26,30,47,90,92,94,142,142,99,125,-0.6550383075400492,-0.09064583442686555,0.2824648445276315,0.886210832272663,-1.2442335684899954,1.5538265069958421,0.8997763415741118,42.858307794992925,6.741092639325507,ET_somali
17.320551037212617,15.535472459249457,12.122679523207989,8.987662445154685,19.076617850977502,18.085131606576486,18.38041561380775,5,1.5839103670135475,0.285487724647402,-0.942065920036906,-1.5280650895907144,1.2337395053600813,-0.2556712805170081,-1.0986530123581275,21,27,29,30,26,30,46,93,90,92,144,145,91,121,-0.7633899162410078,-0.03966389454189696,0.31203503079434386,0.9539625310490043,-0.68174250625198,1.6320535541802577,0.8756915711969399,42.894599732471356,7.074277778205437,ET_somali
20.649600730755257,18.656861373702753,14.733804862864002,13.09979124651851,22.68049274048834,22.093620207526307,16.428641191421256,5,1.4290786361220464,-0.12943589964128605,-0.8755010053025455,-1.0740337129080755,1.8495508643579108,-0.4289610178695169,-0.9749693281753323,21,27,30,30,26,30,47,41,48,48,72,72,37,61,-0.7809844432042012,-0.008989467005223623,0.4097504550195662,0.9335393070177366,-1.1666361649848402,1.4290448451675672,0.9400511108489205,43.014524822901315,6.645601724623602,ET_somali
17.254407318781997,17.9211430988696,8.650023074890154,9.95794041556504,18.652216889347873,13.772765031638558,14.631708868251376,5,1.3705031788285946,0.00988723619133849,-0.9398020717560758,-1.237646973423715,1.6680610708290102,-0.4926415993444379,-1.0616273411194674,21,27,29,30,26,30,47,42,51,45,72,72,42,64,-0.7663635515775681,-0.042304921216447196,0.3071713040760836,0.8821498614189275,-0.9571661570966369,1.5599956467140308,0.9629932123119791,42.96601579755886,6.760496249462489,ET_somali
18.71911265494786,15.5115176488354,9.540623884973758,9.796164720116733,17.463005639759608,14.149656981139898,13.051645676229121,5,1.3288115917264236,0.03917750558792415,-0.9013120884647994,-1.263532628022271,1.8370250933675851,-0.3195677028417049,-0.9646230644926007,21,27,30,30,26,30,47,82,92,93,143,143,91,127,-0.7856783066195094,0.08798719049991524,0.3230095202287013,0.9751029937093896,-1.1815055715122695,1.44328535034479,0.9181569757055533,42.757965977756776,6.6485661650611965,ET_somali
20.06273819153631,17.382847266399615,14.783111202842386,11.960449202023476,21.727410770687392,20.985496095996474,19.190623403649838,5,1.4207623097413509,-0.07109237367622483,-0.9074907503036578,-1.1377987028402692,1.770291488954187,-0.4576098370873855,-1.018402160214964,21,27,30,30,26,30,47,42,45,48,72,72,41,59,-0.7510361385738482,-0.06381835551828934,0.3784235724048356,0.9021180721125512,-1.0925271429125925,1.4884877806826518,0.9553551147631955,43.013267181503544,6.655842518862564,ET_somali
18.32929958946435,17.422119202478804,12.203981498472505,7.455220678280165,19.1951667194805,20.331762209113055,25.54624224769784,5,1.3869023844779442,0.29033591700995026,-1.0644881475602936,-1.4482877695010932,1.3869599699559951,-0.41263332804443714,-1.0879945896679215,21,27,29,30,26,30,47,87,87,95,143,144,89,124,-0.7924194943489292,0.028092417789271996,0.3773680612427183,0.935499828770558,-0.8611025911221218,1.5951465155755056,0.8399069467520772,42.78572392003607,6.943483072837635,ET_somali
19.238377727068773,15.355522213037569,8.337270762038582,10.24693572348192,16.817684817569365,15.011133044230778,13.647028598090982,5,1.3332550908554919,0.12509206035317993,-0.9554945712583881,-1.3179821989352114,1.7499323323416622,-0.3503192626003524,-1.0163732592748949,21,27,30,30,26,30,47,89,94,96,143,144,96,130,-0.7593107633472526,0.020901687353303326,0.2893957308993633,0.9249750348244967,-1.0923391002007654,1.547630241890747,0.9175203583052862,42.77907638693359,6.654674708993209,ET_somali
19.14764977704076,19.398287205747092,15.6963040607096,7.196545246171921,18.02354526646805,18.088107350446702,11.481153511010382,5,1.5030451421664652,0.2865923445742261,-0.9822100472435463,-1.5233794192541823,1.2737576631114165,-0.3186936310699852,-1.109038507813507,21,27,29,30,26,30,47,90,95,88,143,144,88,121,-0.8046492038629011,0.010894407206609426,0.3600000564914225,0.9796475322251894,-0.7654554947049417,1.6033128297274721,0.8403850203366645,42.82102771070197,6.9544425193038935,ET_somali
18.103923020019668,20.74906195552339,14.201198574401332,12.580046107276289,20.862681924866617,17.557778827348763,14.97962457091168,5,1.3663618028862188,0.19593722101677602,-1.0172774660890156,-1.3942693854685455,1.4662668310454214,-0.4587425174361079,-1.0937059315808724,21,27,29,30,26,30,47,69,81,64,92,84,57,77,-0.7902065993071062,-0.02851830880413578,0.30062857562481743,0.8846597191206492,-0.7993147577048151,1.619773985161801,0.927235899630435,42.93268830051802,6.940608463928453,ET_somali
21.3865172978644,19.52275690296629,11.630661806657939,14.015396047837376,24.78240287290653,27.51726429692142,22.154530706889044,5,1.3138158421270127,0.04552567933431455,-0.9094480541737856,-1.2390249094513237,1.690643784122922,-0.47575578486465264,-1.08408710339862,21,27,29,30,26,30,47,45,46,44,72,71,41,59,-0.6791968017570821,-0.020838891704209404,0.29840599055552197,0.8594985881606318,-1.0797698693748627,1.5316538440340468,0.9664011083099897,43.092768084148126,6.767053951036561,ET_somali
19.848042494558708,16.655109187553617,11.119347164450716,13.037769294394481,15.64326694745511,13.947638725154935,12.674784075761822,5,1.5030451421664652,0.2865923445742261,-0.9822100472435463,-1.5233794192541823,1.2737576631114165,-0.3186936310699852,-1.109038507813507,21,27,29,30,26,30,47,95,84,99,143,142,90,117,-0.8046492038629011,0.010894407206609426,0.3600000564914225,0.9796475322251894,-0.7654554947049417,1.6033128297274721,0.8403850203366645,42.80000713305357,7.0194805458741465,ET_somali
21.250159412877885,21.922124484970738,14.555947780795442,11.917387483803111,17.55626516152477,15.227133248744325,15.519224062959603,5,1.4732291531304011,-0.005768909465455083,-1.0297108808784314,-1.3352479716191006,1.49333540941377,-0.3711795182549005,-1.0063276757644537,21,27,30,30,26,30,47,88,83,91,142,140,104,124,-0.8653936212969849,0.10317323766718733,0.37019379138198916,0.9743758853594711,-0.8067475922004873,1.4712819050325052,0.9336070808582515,42.622589864439966,6.742440112251686,ET_somali
20.993999653236383,20.221051549223173,10.204422465371541,12.235142069863711,22.07800612042926,16.328119525994378,14.497564023993563,5,1.3705031788285946,0.00988723619133849,-0.9398020717560758,-1.237646973423715,1.6680610708290102,-0.4926415993444379,-1.0616273411194674,21,27,29,30,26,30,47,45,52,45,72,72,42,65,-0.7663635515775681,-0.042304921216447196,0.3071713040760836,0.8821498614189275,-0.9571661570966369,1.5599956467140308,0.9629932123119791,42.98317361948554,6.767143782564974,ET_somali
14.796471155063289,12.083571740904219,13.557126210834362,8.567386387639775,14.2814123263153,12.114878246155964,10.062426276266415,5,1.3313670647796745,0.33408217025361286,-0.990003927020926,-1.4909706033130243,1.421410209212436,-0.17176761817961644,-1.1574303191230988,21,27,29,30,26,30,47,94,87,86,144,144,92,122,-0.7413820887732112,-0.12491726402441546,0.4997508483887037,1.0970592745075096,-0.6559530465070612,1.4259955867821106,0.848692823892176,42.641903643048536,6.991363277481206,ET_somali
23.089234244851514,23.503059124546972,11.549441132053907,13.412101972742946,22.367380153892515,24.572313797071892,23.4215831946004,5,1.3288115917264236,0.03917750558792415,-0.9013120884647994,-1.263532628022271,1.8370250933675851,-0.3195677028417049,-0.9646230644926007,21,27,30,30,26,30,47,88,95,93,142,144,96,126,-0.7856783066195094,0.08798719049991524,0.3230095202287013,0.9751029937093896,-1.1815055715122695,1.44328535034479,0.9181569757055533,42.82596844476463,6.61146574382706,ET_somali
23.491112008602734,21.39421138371227,13.368538157172518,12.820960457656302,23.756708794213377,23.049832313969937,17.0411545229076,5,1.4290786361220464,-0.12943589964128605,-0.8755010053025455,-1.0740337129080755,1.8495508643579108,-0.4289610178695169,-0.9749693281753323,21,27,30,30,26,30,47,39,49,48,71,73,44,62,-0.7809844432042012,-0.008989467005223623,0.4097504550195662,0.9335393070177366,-1.1666361649848402,1.4290448451675672,0.9400511108489205,42.956313992490365,6.620898054310315,ET_somali
15.609025873842013,13.015276532651153,14.61614318556198,12.570072834576928,14.0357875857136,11.495262784358765,16.49735846654764,5,1.2942671431292656,0.30291830215927723,-1.0441172502983422,-1.4703674622465663,1.456248753572218,-0.27665506445260357,-1.117394992333831,21,27,29,30,26,30,47,88,94,82,142,144,94,120,-0.7195100469260853,-0.20706868697194902,0.38926912421833365,1.0168201095101896,-0.6622709776001293,1.5102863809908826,0.9223782061962802,42.64801218698055,6.865329643119237,ET_somali
18.034698250849505,17.3398165814038,12.588157407792472,9.471349569997066,23.01487104695994,24.875782208431563,21.58867348279425,5,1.4347951163055976,0.2071077944657692,-0.9861766377028576,-1.410938834427696,1.4035154905244418,-0.4105671404388653,-1.0911905601551661,21,27,29,30,26,30,47,45,43,48,72,73,43,64,-0.7715515146044158,-0.036224988584952246,0.2966555311767082,0.8773168631110799,-0.7537062233803018,1.6132816804366965,0.9480107398532608,43.015692632770666,7.0496639394205625,ET_somali
19.62468789195371,21.21627503644852,12.308064626265148,11.388472275587509,23.343647479690954,20.515488528860924,14.680024490319106,5,1.42362209503469,-0.07087024344796874,-0.8843980533966588,-1.0636822526878953,1.8404640340867289,-0.4239166526236274,-1.019117206610683,21,27,30,30,26,30,47,44,48,48,72,73,41,62,-0.7824802733293926,0.02534468688994516,0.41532964288699115,0.926798954029622,-1.2342303007561926,1.4296792912261351,0.9198888932221956,43.08288661602281,6.646589871436134,ET_somali
28.561793752438614,27.573156283964348,12.408726770267483,11.196757479421732,28.79052588386976,20.685432440147128,18.485823645536396,5,1.3705031788285946,0.00988723619133849,-0.9398020717560758,-1.237646973423715,1.6680610708290102,-0.4926415993444379,-1.0616273411194674,21,27,29,30,26,30,47,45,50,45,72,72,44,67,-0.7663635515775681,-0.042304921216447196,0.3071713040760836,0.8821498614189275,-0.9571661570966369,1.5599956467140308,0.9629932123119791,42.98083799974683,6.760496249462489,ET_somali
20.1593968647866,16.097365191981613,15.253685587981751,12.19321690993685,15.89269756354645,13.2631130734957,14.973887729743812,5,1.2942671431292656,0.30291830215927723,-1.0441172502983422,-1.4703674622465663,1.456248753572218,-0.27665506445260357,-1.117394992333831,21,27,29,30,26,30,47,90,93,86,142,144,104,124,-0.7195100469260853,-0.20706868697194902,0.38926912421833365,1.0168201095101896,-0.6622709776001293,1.5102863809908826,0.9223782061962802,42.64172397999171,6.942225431439868,ET_somali
27.353170218829977,24.16271529457705,13.44500466823096,14.061662361507455,25.461532866544193,23.169552505347053,18.204347065888697,5,1.3705031788285946,0.00988723619133849,-0.9398020717560758,-1.237646973423715,1.6680610708290102,-0.4926415993444379,-1.0616273411194674,21,27,29,30,26,30,47,47,47,45,72,71,40,63,-0.7663635515775681,-0.042304921216447196,0.3071713040760836,0.8821498614189275,-0.9571661570966369,1.5599956467140308,0.9629932123119791,42.96880057493963,6.84062597280595,ET_somali
18.971148213727425,19.401569792830465,12.103175315666233,10.884860949129315,17.646225292336855,14.989799288431584,13.043133871796304,5,1.5046694561732057,0.28065942854156,-0.8369317792280351,-1.5891316985000545,1.3159318968718623,-0.12785802697163112,-1.1630613499215527,21,27,29,30,26,30,46,49,46,45,73,71,49,56,-0.6129958691309002,-0.013574368469537641,0.4956231497853994,1.1998767711071083,-1.0265116731038026,1.4499448987730565,0.6496597774267892,42.74637771059164,7.076343903358913,ET_somali
21.085672086159473,22.336181602829438,15.398231665795805,11.569431740854998,21.25846803151165,21.095289484158304,11.88612326011835,5,1.3095861247509155,0.2242567326815016,-1.0193456512905577,-1.3749493021357968,1.6453684686513759,-0.3884250297343409,-1.0607866350539694,21,27,29,30,26,30,47,89,92,94,142,142,98,133,-0.7381247604668582,-0.05813004924218078,0.28113703426589864,0.9110110898846078,-1.0053278850840424,1.6129464246290137,0.9001368409041494,42.751498107711114,6.7540283794168285,ET_somali
19.360355435986417,14.832312329685717,15.57625527530038,12.009071378287404,13.855624466575025,12.317334013899721,12.469659455642523,5,1.3529914239389917,0.3157675186770018,-1.0549876825709128,-1.4759813025757542,1.4123174523930355,-0.33667610988158714,-1.1056214429427367,21,27,29,30,26,30,47,89,92,82,142,144,98,114,-0.7963231715208423,0.00823037814722508,0.43153191118324025,0.9903462842578282,-0.8114760612824062,1.5310615073607412,0.845754486140632,42.65456988855462,6.852393903027916,ET_somali
18.198297167291233,18.473659149998852,10.73690114604488,10.883000795425437,17.09693438468013,12.184653760997664,13.613671094159045,5,1.393882301410419,-0.02517015549634814,-0.9696928174383549,-1.2901792547752802,1.7258094835776487,-0.3032088524634255,-0.9482693891086471,21,27,30,30,26,30,47,80,75,84,144,142,94,110,-0.8741532011435286,0.13472682323734192,0.34075208076764874,0.999568210388954,-1.0418677795059146,1.437113971445194,0.9353153955422646,42.63813071885523,6.647488186720253,ET_somali
24.30592026593878,23.202799975704814,11.606715371641146,13.055159058100585,22.13992164000351,18.11279385437855,17.38819499437726,5,1.2968252562874578,0.13577389998495154,-0.932807901251562,-1.3360313725460908,1.517188342075873,-0.4853783026605439,-1.115584404764774,21,27,29,30,26,30,47,45,45,47,72,71,43,62,-0.71810801624513,-0.03477407210867093,0.258797960983234,0.8395537267676325,-0.8603947812976458,1.5798204419621427,0.9979423483851125,43.07462211540891,6.902789390467021,ET_somali
17.08222288296989,17.41956573716468,9.90296712762222,11.935926548592462,19.189317396292502,17.90402888401825,11.819884409696375,5,1.3900782527746869,0.10634274320472821,-0.9941298942515587,-1.3695476548205208,1.6193325981972604,-0.342731296174307,-1.0134492680969163,21,27,30,30,26,30,47,139,152,167,241,259,168,220,-0.8158393355817065,0.10750430265952693,0.3766657731288312,0.9607857411243086,-0.9942215067662312,1.4850915827970534,0.9055173022293398,42.673793835634775,6.66482567170376,ET_somali
23.292857279196316,21.84465281132045,10.550442694307552,12.543462924126928,15.53778987764824,12.912743460750304,11.578635475742145,5,1.5030451421664652,0.2865923445742261,-0.9822100472435463,-1.5233794192541823,1.2737576631114165,-0.3186936310699852,-1.109038507813507,21,27,29,30,26,30,44,94,92,97,142,142,91,120,-0.8046492038629011,0.010894407206609426,0.3600000564914225,0.9796475322251894,-0.7654554947049417,1.6033128297274721,0.8403850203366645,42.80431904641735,7.0485859610796195,ET_somali
15.62018197854382,14.258167093608758,12.74261130979508,9.901538679149857,12.338851712218196,16.222126040033924,12.587690831492777,5,1.3529914239389917,0.3157675186770018,-1.0549876825709128,-1.4759813025757542,1.4123174523930355,-0.33667610988158714,-1.1056214429427367,21,27,29,30,26,30,47,85,93,90,142,144,100,122,-0.7963231715208423,0.00823037814722508,0.43153191118324025,0.9903462842578282,-0.8114760612824062,1.5310615073607412,0.845754486140632,42.70182127249931,6.938093181132918,ET_somali
18.187823945353653,17.78397004380304,10.820817209829501,14.25696102748977,16.517518861590155,15.063881975698967,11.326082132125022,5,1.3900782527746869,0.10634274320472821,-0.9941298942515587,-1.3695476548205208,1.6193325981972604,-0.342731296174307,-1.0134492680969163,21,27,30,30,26,30,47,90,96,93,142,143,91,121,-0.8158393355817065,0.10750430265952693,0.3766657731288312,0.9607857411243086,-0.9942215067662312,1.4850915827970534,0.9055173022293398,42.72571645905688,6.688900521318163,ET_somali
25.379840709965656,22.41098935500459,14.26375243005863,10.815996919149834,23.959476213144033,22.550283000124764,22.25931932683706,5,1.316326212704982,0.11697933222728593,-0.9821046266635719,-1.2911417183386236,1.6998129958690293,-0.44032376715214433,-1.0629881762254807,21,27,29,30,26,30,47,88,93,90,142,142,86,128,-0.6926845850342241,-0.09474057657722082,0.27933752732230815,0.892719244430652,-1.0768064151825376,1.5988688489038072,0.9067895627489803,42.86800960006142,6.815473144850603,ET_somali
14.632140587971133,15.062272674078999,13.67188998632885,10.502093827678118,10.789521987189437,11.192677971444388,13.388166211871614,5,1.5063391777826771,0.24178168662400112,-1.0266675041945612,-1.4539310196894664,1.2622962203743433,-0.38934939310232825,-1.0903858121647927,21,27,29,30,26,30,47,85,92,96,141,143,94,123,-0.78968660210061,-0.027228216287233986,0.30245915798447043,0.8932046212471947,-0.6293373043315555,1.6267083723059321,0.921492451907873,42.939605328205744,7.041309607278251,ET_somali
18.048751699462844,16.676333886973293,11.782243499130553,10.820935004892915,14.501153454763564,13.705309797112337,14.25199045250994,5,1.5063391777826771,0.24178168662400112,-1.0266675041945612,-1.4539310196894664,1.2622962203743433,-0.38934939310232825,-1.0903858121647927,21,27,28,30,26,30,47,91,80,77,123,111,77,95,-0.78968660210061,-0.027228216287233986,0.30245915798447043,0.8932046212471947,-0.6293373043315555,1.6267083723059321,0.921492451907873,42.9430189262854,7.015258464038785,ET_somali
20.15946984114984,20.29329724255997,11.1435135190726,9.385446910630613,19.639129451935904,18.96692213689351,12.234004374703197,5,1.3332550908554919,0.12509206035317993,-0.9554945712583881,-1.3179821989352114,1.7499323323416622,-0.3503192626003524,-1.0163732592748949,21,27,30,30,26,30,47,83,94,97,142,143,89,128,-0.7593107633472526,0.020901687353303326,0.2893957308993633,0.9249750348244967,-1.0923391002007654,1.547630241890747,0.9175203583052862,42.759672776796606,6.746302867973401,ET_somali
22.997144038828534,22.387280766861576,12.82133466035542,13.707913908757899,23.173005673190623,16.96609075430487,18.414666910961984,5,1.4732291531304011,-0.005768909465455083,-1.0297108808784314,-1.3352479716191006,1.49333540941377,-0.3711795182549005,-1.0063276757644537,21,27,30,30,26,30,47,88,87,78,142,140,98,118,-0.8653936212969849,0.10317323766718733,0.37019379138198916,0.9743758853594711,-0.8067475922004873,1.4712819050325052,0.9336070808582515,42.64909016532149,6.728606056876246,ET_somali
23.846172511629558,21.11570700675275,9.218591655802795,6.467973773673087,19.13970690519109,18.432699689794447,13.247202661557074,5,1.3332550908554919,0.12509206035317993,-0.9554945712583881,-1.3179821989352114,1.7499323323416622,-0.3503192626003524,-1.0163732592748949,21,27,29,30,26,30,47,90,84,92,142,142,91,129,-0.7593107633472526,0.020901687353303326,0.2893957308993633,0.9249750348244967,-1.0923391002007654,1.547630241890747,0.9175203583052862,42.83845502721389,6.73615190526285,ET_somali
24.66410721281191,23.12758522479861,12.287578871835056,10.637934147501316,24.17264635972785,23.4918190980743,17.791922996712557,5,1.316326212704982,0.11697933222728593,-0.9821046266635719,-1.2911417183386236,1.6998129958690293,-0.44032376715214433,-1.0629881762254807,21,27,29,30,26,30,47,96,91,96,141,142,91,129,-0.6926845850342241,-0.09474057657722082,0.27933752732230815,0.892719244430652,-1.0768064151825376,1.5988688489038072,0.9067895627489803,42.87941820416974,6.783043963093888,ET_somali
23.030643909767747,21.109932884953263,12.174355553193626,10.939637176869889,20.3258215481325,19.53149413864559,20.55213121522006,5,1.3705031788285946,0.00988723619133849,-0.9398020717560758,-1.237646973423715,1.6680610708290102,-0.4926415993444379,-1.0616273411194674,21,27,29,30,26,30,47,42,49,46,72,72,39,63,-0.7663635515775681,-0.042304921216447196,0.3071713040760836,0.8821498614189275,-0.9571661570966369,1.5599956467140308,0.9629932123119791,43.04129461836808,6.751872422734942,ET_somali
14.511647444396052,11.414869859725124,12.489694803927112,8.681151716632176,13.576569749252252,12.604518602017054,14.764384010096586,5,1.407008483684397,0.1804203383163563,-1.054986298270569,-1.416996578471047,1.4474468092189805,-0.3899890628808443,-1.0579568703894962,21,27,29,30,26,30,47,92,78,82,142,142,103,113,-0.8313221597807433,0.08037278804335077,0.38882913600723923,0.9466293806953973,-0.8403358247454527,1.5351453580767378,0.8825691012324263,42.683136314589625,6.838919173766123,ET_somali
19.553186068960663,19.58460990539057,10.834162721956243,8.544360705342433,15.306707103183742,15.213873573745868,13.410165097055254,5,1.5378304748729796,0.29440647957412996,-0.9818492325885356,-1.4681264253172972,1.3087434789943189,-0.2959948798965038,-1.075461385391725,21,27,28,30,26,30,46,42,46,45,72,72,41,62,-0.7383149784943459,-0.06007062330801151,0.3066679868303539,0.8975185215363489,-0.7160638493040622,1.627672463740368,0.9192799526073637,42.99646868569051,7.093950882927655,ET_somali
20.03576989022689,19.236075901443634,10.611681881614501,12.871427787360874,21.50294609952972,19.317817211494667,17.342709460621194,5,1.2968252562874578,0.13577389998495154,-0.932807901251562,-1.3360313725460908,1.517188342075873,-0.4853783026605439,-1.115584404764774,21,27,29,30,26,30,47,45,48,41,72,72,39,59,-0.71810801624513,-0.03477407210867093,0.258797960983234,0.8395537267676325,-0.8603947812976458,1.5798204419621427,0.9979423483851125,43.09501387235842,6.862455034210054,ET_somali
23.78013601980666,18.87755124441801,11.423668814456205,9.598764202529926,20.81304185356593,21.013939757974068,15.44232658472799,5,1.3424411761747934,0.02739554883140905,-0.9348763698423411,-1.2005154287487443,1.8152973191414952,-0.4038762530584514,-1.0178160307481257,21,27,29,30,26,30,47,43,46,44,71,72,41,71,-0.6550383075400492,-0.09064583442686555,0.2824648445276315,0.886210832272663,-1.2442335684899954,1.5538265069958421,0.8997763415741118,42.933496784273736,6.713514360103038,ET_somali
23.57468910628364,21.68549486025221,11.122252921599495,9.970812329164662,19.62623585156128,17.70204294623366,13.208981112839673,5,1.3663618028862188,0.19593722101677602,-1.0172774660890156,-1.3942693854685455,1.4662668310454214,-0.4587425174361079,-1.0937059315808724,21,27,29,30,26,30,47,57,70,47,76,76,49,69,-0.7902065993071062,-0.02851830880413578,0.30062857562481743,0.8846597191206492,-0.7993147577048151,1.619773985161801,0.927235899630435,42.92334582156318,6.872246670806957,ET_somali
22.096024991404526,24.37190796369717,17.64467534219333,13.569878460866992,24.123710138889386,21.52038309164459,16.404527361616065,5,1.4207623097413509,-0.07109237367622483,-0.9074907503036578,-1.1377987028402692,1.770291488954187,-0.4576098370873855,-1.018402160214964,21,27,30,30,26,30,47,39,49,46,72,71,39,63,-0.7510361385738482,-0.06381835551828934,0.3784235724048356,0.9021180721125512,-1.0925271429125925,1.4884877806826518,0.9553551147631955,42.98335328254237,6.687463216863572,ET_somali
19.26296138517711,14.937848702371037,12.138838477530225,7.665984943654773,11.501232932370863,12.274694060326725,11.58932897971894,5,1.407008483684397,0.1804203383163563,-1.054986298270569,-1.416996578471047,1.4474468092189805,-0.3899890628808443,-1.0579568703894962,21,27,29,30,26,30,47,91,90,86,142,144,102,108,-0.8313221597807433,0.08037278804335077,0.38882913600723923,0.9466293806953973,-0.8403358247454527,1.5351453580767378,0.8825691012324263,42.69247879354447,6.841164961976422,ET_somali
16.92053161400259,16.848853521741997,10.885405156938816,11.673779174673012,18.28835898974965,15.22129843229549,12.385296925403132,5,1.5030451421664652,0.2865923445742261,-0.9822100472435463,-1.5233794192541823,1.2737576631114165,-0.3186936310699852,-1.109038507813507,21,27,29,30,26,30,47,91,87,97,143,144,90,122,-0.8046492038629011,0.010894407206609426,0.3600000564914225,0.9796475322251894,-0.7654554947049417,1.6033128297274721,0.8403850203366645,42.777998408592644,7.023792459237921,ET_somali
18.932830899177624,16.40747122826384,11.68971380220453,13.052036417898108,18.07288703806939,15.795998225794385,12.937215721977127,5,1.5063391777826771,0.24178168662400112,-1.0266675041945612,-1.4539310196894664,1.2622962203743433,-0.38934939310232825,-1.0903858121647927,21,27,29,30,26,30,47,90,92,92,143,142,89,128,-0.78968660210061,-0.027228216287233986,0.30245915798447043,0.8932046212471947,-0.6293373043315555,1.6267083723059321,0.921492451907873,42.880047024868624,7.008970257049948,ET_somali
20.372835165072434,17.313360350830504,12.470450674196664,11.47880048360683,18.565773812801094,16.466183706330444,12.557515259265717,5,1.4732291531304011,-0.005768909465455083,-1.0297108808784314,-1.3352479716191006,1.49333540941377,-0.3711795182549005,-1.0063276757644537,21,27,30,30,26,30,47,90,87,92,142,140,110,120,-0.8653936212969849,0.10317323766718733,0.37019379138198916,0.9743758853594711,-0.8067475922004873,1.4712819050325052,0.9336070808582515,42.61818811954778,6.741990954609626,ET_somali
23.48186741416452,22.797310339409144,14.166291254246232,10.748557119159713,23.56515873004902,21.741916231030668,19.558123103170146,5,1.5030451421664652,0.2865923445742261,-0.9822100472435463,-1.5233794192541823,1.2737576631114165,-0.3186936310699852,-1.109038507813507,21,27,29,30,26,30,47,89,86,95,144,142,92,127,-0.8046492038629011,0.010894407206609426,0.3600000564914225,0.9796475322251894,-0.7654554947049417,1.6033128297274721,0.8403850203366645,42.76973390797874,7.034392579590531,ET_somali
21.01901490007466,20.269068352642996,13.214873014454069,11.849126927638865,21.465660101448,19.88888018320777,14.697784383962377,5,1.407008483684397,0.1804203383163563,-1.054986298270569,-1.416996578471047,1.4474468092189805,-0.3899890628808443,-1.0579568703894962,21,27,29,30,26,30,47,90,92,94,142,143,94,136,-0.8313221597807433,0.08037278804335077,0.38882913600723923,0.9466293806953973,-0.8403358247454527,1.5351453580767378,0.8825691012324263,42.74655737364846,6.7588792819510735,ET_somali
13.810410152499136,15.313834355069615,10.988700267714707,10.678754444789044,20.179216372578026,18.895670631588676,12.267901267391165,5,1.5036942215666544,0.2944230519108203,-0.9673311213594943,-1.4360823744049116,1.3003856784552321,-0.3078870940886418,-1.0960057760121498,21,27,28,30,26,30,47,42,44,43,72,71,44,66,-0.7220619934328142,-0.07688209127668776,0.28686137810829604,0.8669471422337676,-0.6443881354680451,1.5905489531068844,0.9812931950140658,43.082706952965985,7.078949017682859,ET_somali
22.615743345684972,18.599411500064505,11.42559525971653,10.651918979356088,16.456330419081144,13.716384437768975,11.637301864436669,1,1.3996224177041006,0.22208637652186744,-0.9495137425253164,-1.4025347666511756,1.3838583120291659,-0.40338245661009264,-1.1132492145627044,21,27,29,30,26,30,47,45,46,46,72,71,42,62,-0.7408197477089745,-0.04343974161851714,0.2731704108378665,0.854826489579725,-0.7190744037756035,1.5814532421499048,0.9994071672146703,43.08800701314229,7.029901003169933,ET_somali
15.767563763576788,18.987137202848476,11.551656537370787,8.216170168548523,12.413946093311989,11.070756576928702,13.386026461826154,5,1.407008483684397,0.1804203383163563,-1.054986298270569,-1.416996578471047,1.4474468092189805,-0.3899890628808443,-1.0579568703894962,21,27,29,30,26,30,47,75,76,93,141,134,86,118,-0.8313221597807433,0.08037278804335077,0.38882913600723923,0.9466293806953973,-0.8403358247454527,1.5351453580767378,0.8825691012324263,42.71071459381209,6.804154372270697,ET_somali
24.63736953559934,22.383194833973892,11.984103808725262,10.323620759062162,20.840311710155497,18.36271110665928,15.988151707334273,5,1.3332550908554919,0.12509206035317993,-0.9554945712583881,-1.3179821989352114,1.7499323323416622,-0.3503192626003524,-1.0163732592748949,21,27,30,30,26,30,47,85,90,90,142,144,89,128,-0.7593107633472526,0.020901687353303326,0.2893957308993633,0.9249750348244967,-1.0923391002007654,1.547630241890747,0.9175203583052862,42.79551555663297,6.6923141193978175,ET_somali
16.031351090718545,16.71678654077779,8.508935520038886,9.673036474643201,17.67979475426941,14.420599856257592,16.337269543952576,5,1.316326212704982,0.11697933222728593,-0.9821046266635719,-1.2911417183386236,1.6998129958690293,-0.44032376715214433,-1.0629881762254807,21,27,29,30,26,30,47,46,50,42,71,72,43,73,-0.6926845850342241,-0.09474057657722082,0.27933752732230815,0.892719244430652,-1.0768064151825376,1.5988688489038072,0.9067895627489803,42.933676447330555,6.779001544315351,ET_somali
22.717740238626504,17.537708529321588,18.197649443687432,9.967717706460865,19.767937845481047,16.45063603505238,16.859232897872523,5,1.2942671431292656,0.30291830215927723,-1.0441172502983422,-1.4703674622465663,1.456248753572218,-0.27665506445260357,-1.117394992333831,21,27,29,30,26,30,47,96,78,88,142,144,99,120,-0.7195100469260853,-0.20706868697194902,0.38926912421833365,1.0168201095101896,-0.6622709776001293,1.5102863809908826,0.9223782061962802,42.601569286791566,6.905663999376204,ET_somali
18.38938299731022,16.856927238420838,14.348843045099521,11.267904515133818,14.443729076850762,13.672420168111332,17.22494311152798,5,1.2942671431292656,0.30291830215927723,-1.0441172502983422,-1.4703674622465663,1.456248753572218,-0.27665506445260357,-1.117394992333831,21,27,29,30,26,30,47,94,98,78,142,144,104,134,-0.7195100469260853,-0.20706868697194902,0.38926912421833365,1.0168201095101896,-0.6622709776001293,1.5102863809908826,0.9223782061962802,42.63534594147446,6.883834937972099,ET_somali
19.113660404363543,19.496118550185525,10.776838454073006,12.048056966303676,20.42099042523381,16.338593678530934,16.53092146205176,5,1.3377887939839384,0.1106550626016054,-0.9674301735449801,-1.3400859166638612,1.5336042864399364,-0.49772867155516354,-1.0933258290209085,21,27,29,30,26,30,47,43,42,47,72,72,44,65,-0.7815355128665085,-0.06123112043073587,0.2583328684564888,0.8590161265050622,-0.7931000232324755,1.6102713084275675,0.986605706309144,43.049109961339916,6.935937224451031,ET_somali
24.963842143637287,19.813857816673238,12.124276553615571,11.386590149331688,22.511084994558036,24.142427645390466,21.834005307651935,5,1.3138158421270127,0.04552567933431455,-0.9094480541737856,-1.2390249094513237,1.690643784122922,-0.47575578486465264,-1.08408710339862,21,27,29,30,26,30,47,41,48,47,72,71,37,65,-0.6791968017570821,-0.020838891704209404,0.29840599055552197,0.8594985881606318,-1.0797698693748627,1.5316538440340468,0.9664011083099897,43.09213926344924,6.784121941434832,ET_somali
19.99827913613847,18.16778762328622,12.069778836672207,11.54442839438218,21.3633031345389,20.64053171705205,15.959464959952383,5,1.3709942589915551,-0.031148745176406693,-0.8838222834745633,-1.140471093245933,1.805235724232554,-0.4442700107354677,-1.0423948605171742,21,27,30,30,26,30,47,39,45,48,72,73,41,60,-0.6814281792928726,-0.05961064273384595,0.3499730134985623,0.8949609845938806,-1.192428572942584,1.462024633282096,0.9679184819796645,43.05971008169252,6.6536865621806776,ET_somali
21.878890221384584,19.462352927199607,11.263206633319937,11.618047658927537,18.59359725887076,19.42326425961871,23.57754474640054,5,1.407008483684397,0.1804203383163563,-1.054986298270569,-1.416996578471047,1.4474468092189805,-0.3899890628808443,-1.0579568703894962,21,27,29,30,26,30,47,90,92,97,142,142,96,124,-0.8313221597807433,0.08037278804335077,0.38882913600723923,0.9466293806953973,-0.8403358247454527,1.5351453580767378,0.8825691012324263,42.74799467810305,6.780888006412002,ET_somali
18.237590313522837,17.31050279351914,11.13274225631051,9.36683001409914,16.47983707537082,18.081219330208373,12.700967492096497,5,1.5733858058459746,0.27372393283131174,-0.8375177938835515,-1.598599440962303,1.2702982726484775,-0.18428116743744616,-1.1322006898645225,21,27,29,30,26,30,46,97,92,96,142,143,94,121,-0.7308091217297271,-0.003545944958714707,0.37666470897094495,1.0821154811164058,-0.8795532030806916,1.5804058907242826,0.7647295449680561,42.84591104407208,7.075535419603205,ET_somali
20.792680787138497,20.324685524857657,12.660668882961449,10.838535748214682,21.49176114894423,20.964499422790222,20.699439371803745,5,1.4290786361220464,-0.12943589964128605,-0.8755010053025455,-1.0740337129080755,1.8495508643579108,-0.4289610178695169,-0.9749693281753323,21,27,30,30,26,30,47,41,48,45,71,73,38,60,-0.7809844432042012,-0.008989467005223623,0.4097504550195662,0.9335393070177366,-1.1666361649848402,1.4290448451675672,0.9400511108489205,42.99700767486098,6.625389630730913,ET_somali
20.30012506238237,17.118558059276825,12.806814949883673,11.757818431415053,19.099726862938176,16.325538917705508,15.762367158594511,5,1.5063391777826771,0.24178168662400112,-1.0266675041945612,-1.4539310196894664,1.2622962203743433,-0.38934939310232825,-1.0903858121647927,21,27,29,30,26,30,47,90,88,97,143,143,94,127,-0.78968660210061,-0.027228216287233986,0.30245915798447043,0.8932046212471947,-0.6293373043315555,1.6267083723059321,0.921492451907873,42.895498047755474,6.9981904736405145,ET_somali
15.068798940922294,17.107438139133848,12.082454171140462,10.579176625459143,16.512010531791784,14.427153107244909,18.022251674223128,5,1.3900782527746869,0.10634274320472821,-0.9941298942515587,-1.3695476548205208,1.6193325981972604,-0.342731296174307,-1.0134492680969163,21,27,30,30,26,30,47,85,94,86,142,142,98,125,-0.8158393355817065,0.10750430265952693,0.3766657731288312,0.9607857411243086,-0.9942215067662312,1.4850915827970534,0.9055173022293398,42.663103883753756,6.731301002728604,ET_somali
25.756988024286915,18.624116747969026,18.850206490113642,16.880530072105284,22.287408477710606,21.63889436706383,14.991520960361758,5,1.5839103670135475,0.285487724647402,-0.942065920036906,-1.5280650895907144,1.2337395053600813,-0.2556712805170081,-1.0986530123581275,21,27,28,30,26,30,47,87,91,97,140,144,92,115,-0.7633899162410078,-0.03966389454189696,0.31203503079434386,0.9539625310490043,-0.68174250625198,1.6320535541802577,0.8756915711969399,42.947510502705995,7.076523566415736,ET_somali
16.49818913162976,16.843911415535075,11.859803560635228,10.640745483210308,16.14087812440512,14.58476848441871,15.688326483160772,5,1.3900782527746869,0.10634274320472821,-0.9941298942515587,-1.3695476548205208,1.6193325981972604,-0.342731296174307,-1.0134492680969163,21,27,30,30,26,30,47,120,129,157,226,244,167,210,-0.8158393355817065,0.10750430265952693,0.3766657731288312,0.9607857411243086,-0.9942215067662312,1.4850915827970534,0.9055173022293398,42.67630911843031,6.684947934068037,ET_somali
24.89727515571052,24.797030386643137,13.363976373972292,12.84644618581755,26.537404246607807,20.308398127332314,17.78806901918527,5,1.3705031788285946,0.00988723619133849,-0.9398020717560758,-1.237646973423715,1.6680610708290102,-0.4926415993444379,-1.0616273411194674,21,27,29,30,26,30,47,43,48,40,72,71,39,59,-0.7663635515775681,-0.042304921216447196,0.3071713040760836,0.8821498614189275,-0.9571661570966369,1.5599956467140308,0.9629932123119791,43.03410809609512,6.793015262747615,ET_somali
14.132909408090663,14.305784971420456,14.326101879750981,9.92866452723069,17.37034681063396,14.707561276122561,11.94606585602804,5,1.400619516498148,0.13639916686094228,-1.0588408775515223,-1.4047615765228127,1.4275721494428053,-0.358859270370405,-1.0638005916980284,21,27,29,30,26,30,47,91,88,87,142,144,95,111,-0.8132819311339723,-0.06157498970515298,0.34736931351730216,0.9688983359028114,-0.6432457301813186,1.5194175172262112,0.9543013906016251,42.60300659124616,6.834966586515997,ET_somali
16.260985597873894,16.38108782809123,11.573261293726903,8.111980103827815,17.34944557607519,16.188757824926192,11.982744226445297,5,1.4347951163055976,0.2071077944657692,-0.9861766377028576,-1.410938834427696,1.4035154905244418,-0.4105671404388653,-1.0911905601551661,21,27,29,30,26,30,47,46,46,46,72,73,41,65,-0.7715515146044158,-0.036224988584952246,0.2966555311767082,0.8773168631110799,-0.7537062233803018,1.6132816804366965,0.9480107398532608,43.03132331871435,7.045082531471553,ET_somali
25.19292862445868,15.404304693255204,15.586716933370056,10.554785115098246,11.832688164585894,11.43010692232813,13.992976016767061,5,1.3529914239389917,0.3157675186770018,-1.0549876825709128,-1.4759813025757542,1.4123174523930355,-0.33667610988158714,-1.1056214429427367,21,27,29,30,26,30,47,89,90,90,144,144,100,120,-0.7963231715208423,0.00823037814722508,0.43153191118324025,0.9903462842578282,-0.8114760612824062,1.5310615073607412,0.845754486140632,42.69068216297622,6.949501785241236,ET_somali
18.279567718996855,15.05104376732603,8.837989514139245,9.016649758417907,16.858051696844925,11.933297074746754,14.74311112420062,5,1.3287024234453388,0.05459835881637828,-0.9302215416387265,-1.3153444241315635,1.7936634099958764,-0.2878441867731908,-0.9550414046236495,21,27,30,30,26,30,47,91,87,88,143,143,83,123,-0.837693880961428,0.11730431499484556,0.27411487886413144,0.9604009588511686,-1.0693423538664748,1.4837584530268344,0.9521533488411248,42.74898282491558,6.618203108457957,ET_somali
23.153553148960984,19.07723743054336,12.875773725495998,9.750314193430155,18.93858011728893,19.90357582443046,14.918689052043641,5,1.3095861247509155,0.2242567326815016,-1.0193456512905577,-1.3749493021357968,1.6453684686513759,-0.3884250297343409,-1.0607866350539694,21,27,29,30,26,30,47,95,92,96,142,143,91,126,-0.7381247604668582,-0.05813004924218078,0.28113703426589864,0.9110110898846078,-1.0053278850840424,1.6129464246290137,0.9001368409041494,42.84222795140719,6.783493120735948,ET_somali
17.516865385754343,15.641354788867709,16.55517585278064,9.445833785567936,17.5000946804636,14.505095198084845,13.667073397475601,5,1.3313670647796745,0.33408217025361286,-0.990003927020926,-1.4909706033130243,1.421410209212436,-0.17176761817961644,-1.1574303191230988,21,27,29,30,26,30,46,91,92,83,144,144,101,98,-0.7413820887732112,-0.12491726402441546,0.4997508483887037,1.0970592745075096,-0.6559530465070612,1.4259955867821106,0.848692823892176,42.62294919055361,7.017504252249084,ET_somali
21.672206353482398,20.027095175367137,13.99092344987126,14.84171986357053,22.894808732399536,20.154839115032278,18.40298789690431,5,1.3705031788285946,0.00988723619133849,-0.9398020717560758,-1.237646973423715,1.6680610708290102,-0.4926415993444379,-1.0616273411194674,21,27,29,30,26,30,47,40,46,45,72,72,39,62,-0.7663635515775681,-0.042304921216447196,0.3071713040760836,0.8821498614189275,-0.9571661570966369,1.5599956467140308,0.9629932123119791,43.04066579766919,6.814484998038072,ET_somali
17.686058208762184,17.761268236154088,11.906184813440607,8.363110820087503,14.115967240883252,14.081772602655441,14.047550901473247,5,1.4732291531304011,-0.005768909465455083,-1.0297108808784314,-1.3352479716191006,1.49333540941377,-0.3711795182549005,-1.0063276757644537,21,27,30,30,26,30,47,83,80,90,144,142,103,133,-0.8653936212969849,0.10317323766718733,0.37019379138198916,0.9743758853594711,-0.8067475922004873,1.4712819050325052,0.9336070808582515,42.64208330610536,6.670934215635772,ET_somali
19.267861486326442,17.725845771473548,8.572362345811694,8.990158830682086,18.399816830427614,18.040838266976582,15.586618491236136,5,1.316326212704982,0.11697933222728593,-0.9821046266635719,-1.2911417183386236,1.6998129958690293,-0.44032376715214433,-1.0629881762254807,21,27,29,30,26,30,47,44,53,46,71,71,43,68,-0.6926845850342241,-0.09474057657722082,0.27933752732230815,0.892719244430652,-1.0768064151825376,1.5988688489038072,0.9067895627489803,42.928645881739484,6.790230485366845,ET_somali
18.616371017799942,17.04234337741942,10.329822932975777,9.067468703009437,17.299412859979576,16.5950584328836,9.426555400953893,5,1.3095861247509155,0.2242567326815016,-1.0193456512905577,-1.3749493021357968,1.6453684686513759,-0.3884250297343409,-1.0607866350539694,21,27,29,30,26,30,47,88,93,95,142,143,99,128,-0.7381247604668582,-0.05813004924218078,0.28113703426589864,0.9110110898846078,-1.0053278850840424,1.6129464246290137,0.9001368409041494,42.76353553251832,6.754926694700948,ET_somali
21.66751734176714,19.950501962330762,13.98258999206717,10.007941287111377,19.085459287762887,15.491874855382004,14.640569929364455,5,1.3663618028862188,0.19593722101677602,-1.0172774660890156,-1.3942693854685455,1.4662668310454214,-0.4587425174361079,-1.0937059315808724,21,27,29,30,26,30,47,92,92,91,143,143,92,117,-0.7902065993071062,-0.02851830880413578,0.30062857562481743,0.8846597191206492,-0.7993147577048151,1.619773985161801,0.927235899630435,42.896755689153245,6.948783133013941,ET_somali
21.096646018666096,23.933838285155034,10.48844390880031,11.046950165165057,19.596101855098443,21.295144562678313,18.630669027722004,5,1.3288115917264236,0.03917750558792415,-0.9013120884647994,-1.263532628022271,1.8370250933675851,-0.3195677028417049,-0.9646230644926007,21,27,30,30,26,30,47,94,96,93,142,144,95,124,-0.7856783066195094,0.08798719049991524,0.3230095202287013,0.9751029937093896,-1.1815055715122695,1.44328535034479,0.9181569757055533,42.82444130878162,6.600057139718742,ET_somali
14.603250539298477,18.51889289312387,11.395862746351415,4.57746664457233,13.370982546461752,12.535786668268342,12.728860381848948,5,1.407008483684397,0.1804203383163563,-1.054986298270569,-1.416996578471047,1.4474468092189805,-0.3899890628808443,-1.0579568703894962,21,27,29,30,26,30,47,121,134,152,240,253,158,192,-0.8313221597807433,0.08037278804335077,0.38882913600723923,0.9466293806953973,-0.8403358247454527,1.5351453580767378,0.8825691012324263,42.701731440970896,6.795350882486326,ET_somali
14.04993027071985,14.16810013882265,7.129365813987953,6.406773100272873,11.389268298466353,12.922672784778296,11.077247031212366,5,1.3869023844779442,0.29033591700995026,-1.0644881475602936,-1.4482877695010932,1.3869599699559951,-0.41263332804443714,-1.0879945896679215,21,27,29,30,26,30,47,90,93,93,143,143,94,128,-0.7924194943489292,0.028092417789271996,0.3773680612427183,0.935499828770558,-0.8611025911221218,1.5951465155755056,0.8399069467520772,42.77377632675728,6.92713373466666,ET_somali
17.151538403249805,19.945766892117366,12.701153867695208,14.091932049995416,19.18085925767092,17.311114124821742,18.5276488836963,5,1.4290786361220464,-0.12943589964128605,-0.8755010053025455,-1.0740337129080755,1.8495508643579108,-0.4289610178695169,-0.9749693281753323,21,27,30,30,26,30,47,43,50,48,71,73,42,66,-0.7809844432042012,-0.008989467005223623,0.4097504550195662,0.9335393070177366,-1.1666361649848402,1.4290448451675672,0.9400511108489205,43.01793842098097,6.602572422514277,ET_somali
18.01113260928106,16.273602534266217,8.073202309044015,12.000365246319838,18.493366484734793,17.811673395810324,14.25728588286676,5,1.3900782527746869,0.10634274320472821,-0.9941298942515587,-1.3695476548205208,1.6193325981972604,-0.342731296174307,-1.0134492680969163,21,27,30,30,26,30,47,184,179,194,286,285,187,235,-0.8158393355817065,0.10750430265952693,0.3766657731288312,0.9607857411243086,-0.9942215067662312,1.4850915827970534,0.9055173022293398,42.69732969607871,6.6772224226246095,ET_somali
22.684367672527387,18.099523364042508,14.98372411533152,10.76362819772559,19.536968077810478,13.71129047928277,16.262522492566248,5,1.2942671431292656,0.30291830215927723,-1.0441172502983422,-1.4703674622465663,1.456248753572218,-0.27665506445260357,-1.117394992333831,21,27,29,30,26,30,47,90,90,86,142,144,99,127,-0.7195100469260853,-0.20706868697194902,0.38926912421833365,1.0168201095101896,-0.6622709776001293,1.5102863809908826,0.9223782061962802,42.645946061827075,6.939710148644333,ET_somali
17.896505834669377,12.94570402519919,12.03259227641358,9.477263612038456,12.572049186575331,11.935590032960523,15.581254899154686,5,1.5046694561732057,0.28065942854156,-0.8369317792280351,-1.5891316985000545,1.3159318968718623,-0.12785802697163112,-1.1630613499215527,21,27,29,30,26,30,46,80,86,86,144,142,104,104,-0.6129958691309002,-0.013574368469537641,0.4956231497853994,1.1998767711071083,-1.0265116731038026,1.4499448987730565,0.6496597774267892,42.6746921509189,7.079757501438567,ET_somali
19.298238752373102,17.325404134355345,13.775704454020648,8.756069258653818,19.000303845639902,17.460575749902745,13.82121614938257,5,1.3313670647796745,0.33408217025361286,-0.990003927020926,-1.4909706033130243,1.421410209212436,-0.17176761817961644,-1.1574303191230988,21,27,29,30,26,30,46,90,95,88,144,142,96,98,-0.7413820887732112,-0.12491726402441546,0.4997508483887037,1.0970592745075096,-0.6559530465070612,1.4259955867821106,0.848692823892176,42.61342704854194,7.036009547101946,ET_somali
22.617544076338206,23.30086157855604,14.794346921660845,12.997584663477715,19.417364957153993,18.07847864289585,15.545661564136596,5,1.4207623097413509,-0.07109237367622483,-0.9074907503036578,-1.1377987028402692,1.770291488954187,-0.4576098370873855,-1.018402160214964,21,27,29,30,26,30,47,43,54,44,72,71,42,60,-0.7510361385738482,-0.06381835551828934,0.3784235724048356,0.9021180721125512,-1.0925271429125925,1.4884877806826518,0.9553551147631955,42.98407193476966,6.708663457568792,ET_somali
19.931906277005723,17.69817502008001,9.6377254992522,10.886850506679725,17.925161004623828,17.71519661570345,14.42643081710781,5,1.4207623097413509,-0.07109237367622483,-0.9074907503036578,-1.1377987028402692,1.770291488954187,-0.4576098370873855,-1.018402160214964,21,27,29,30,26,30,47,43,53,47,72,72,39,60,-0.7510361385738482,-0.06381835551828934,0.3784235724048356,0.9021180721125512,-1.0925271429125925,1.4884877806826518,0.9553551147631955,42.98128715738889,6.713963517745098,ET_somali
18.730818177084487,18.14023566947684,9.13955751885931,8.350859082021223,19.04773681165444,17.39828023003868,14.313312297489766,5,1.316326212704982,0.11697933222728593,-0.9821046266635719,-1.2911417183386236,1.6998129958690293,-0.44032376715214433,-1.0629881762254807,21,27,29,30,26,30,47,47,49,46,71,72,45,65,-0.6926845850342241,-0.09474057657722082,0.27933752732230815,0.892719244430652,-1.0768064151825376,1.5988688489038072,0.9067895627489803,42.93592223554086,6.798674649037569,ET_somali
18.01467682181983,18.72313663301786,6.424499836959802,8.778582194195469,18.00403444441376,18.62699573495377,18.581455259367914,5,1.3424411761747934,0.02739554883140905,-0.9348763698423411,-1.2005154287487443,1.8152973191414952,-0.4038762530584514,-1.0178160307481257,21,27,30,30,26,30,47,49,62,53,75,79,44,69,-0.6550383075400492,-0.09064583442686555,0.2824648445276315,0.886210832272663,-1.2442335684899954,1.5538265069958421,0.8997763415741118,42.87510629080597,6.651530605498791,ET_somali
21.625255037245104,20.395031124848547,10.813230617849122,11.511053259060265,21.329695670145167,19.143156434385272,16.959400255209953,5,1.3424411761747934,0.02739554883140905,-0.9348763698423411,-1.2005154287487443,1.8152973191414952,-0.4038762530584514,-1.0178160307481257,21,27,30,30,26,30,47,36,44,44,71,72,38,58,-0.6550383075400492,-0.09064583442686555,0.2824648445276315,0.886210832272663,-1.2442335684899954,1.5538265069958421,0.8997763415741118,42.94212061100128,6.678480064022376,ET_somali
18.35386127655153,16.93761292848237,16.110618602983607,13.28899149573486,18.02386970158086,17.393119734366717,15.908017937852945,5,1.5063391777826771,0.24178168662400112,-1.0266675041945612,-1.4539310196894664,1.2622962203743433,-0.38934939310232825,-1.0903858121647927,21,27,29,30,26,30,47,93,97,95,144,142,91,121,-0.78968660210061,-0.027228216287233986,0.30245915798447043,0.8932046212471947,-0.6293373043315555,1.6267083723059321,0.921492451907873,42.90070827640337,6.976810569878469,ET_somali
15.506155484221225,15.547502692821615,7.458084184257552,4.93337739310593,14.025113250312831,14.163519022918619,13.328118206593487,5,1.5030451421664652,0.2865923445742261,-0.9822100472435463,-1.5233794192541823,1.2737576631114165,-0.3186936310699852,-1.109038507813507,21,27,29,30,26,30,47,88,89,92,142,143,88,119,-0.8046492038629011,0.010894407206609426,0.3600000564914225,0.9796475322251894,-0.7654554947049417,1.6033128297274721,0.8403850203366645,42.77934588151882,6.984805575907133,ET_somali
20.763453510543627,18.32907621203353,9.580900678909194,7.9779695235445525,19.415555109820392,15.938171135652004,13.689597969638191,5,1.3705031788285946,0.00988723619133849,-0.9398020717560758,-1.237646973423715,1.6680610708290102,-0.4926415993444379,-1.0616273411194674,21,27,29,30,26,30,47,41,51,39,72,72,43,62,-0.7663635515775681,-0.042304921216447196,0.3071713040760836,0.8821498614189275,-0.9571661570966369,1.5599956467140308,0.9629932123119791,42.96763276507028,6.768311592434329,ET_somali
22.656602966883156,18.9047929757139,12.417303112925199,11.127983552850946,21.318609581193794,16.37926421457051,15.834962019214425,5,1.5030451421664652,0.2865923445742261,-0.9822100472435463,-1.5233794192541823,1.2737576631114165,-0.3186936310699852,-1.109038507813507,21,27,29,30,26,30,47,94,91,95,143,143,87,125,-0.8046492038629011,0.010894407206609426,0.3600000564914225,0.9796475322251894,-0.7654554947049417,1.6033128297274721,0.8403850203366645,42.835670249833115,6.965581628826976,ET_somali
13.025333929459054,13.626544434577843,13.433155260041987,11.842607156094536,11.116417042390449,11.37256226214137,13.58251279419573,5,1.3529914239389917,0.3157675186770018,-1.0549876825709128,-1.4759813025757542,1.4123174523930355,-0.33667610988158714,-1.1056214429427367,21,27,29,30,26,30,47,100,97,81,142,144,96,120,-0.7963231715208423,0.00823037814722508,0.43153191118324025,0.9903462842578282,-0.8114760612824062,1.5310615073607412,0.845754486140632,42.66993107991306,6.8945248898531215,ET_somali
15.7274502676693,15.64671115271806,9.196802645092847,11.75099109590477,20.103180165550047,18.770842716350394,15.891111602942185,5,1.4347951163055976,0.2071077944657692,-0.9861766377028576,-1.410938834427696,1.4035154905244418,-0.4105671404388653,-1.0911905601551661,21,27,28,30,26,30,47,45,45,45,72,72,40,65,-0.7715515146044158,-0.036224988584952246,0.2966555311767082,0.8773168631110799,-0.7537062233803018,1.6132816804366965,0.9480107398532608,42.96736327048504,6.994237886390389,ET_somali
18.881730933230475,16.135102764479253,12.498058166088539,12.193479697411716,20.193501455696822,17.28338132120471,16.02688414381623,5,1.3900782527746869,0.10634274320472821,-0.9941298942515587,-1.3695476548205208,1.6193325981972604,-0.342731296174307,-1.0134492680969163,21,27,30,30,26,30,47,89,102,92,142,143,96,135,-0.8158393355817065,0.10750430265952693,0.3766657731288312,0.9607857411243086,-0.9942215067662312,1.4850915827970534,0.9055173022293398,42.733621633557135,6.726000942552299,ET_somali
19.277965433096888,19.01816285827604,13.843335246210385,12.510812584856454,30.670682102889646,22.38717260720925,17.104089442939586,5,1.5378304748729796,0.29440647957412996,-0.9818492325885356,-1.4681264253172972,1.3087434789943189,-0.2959948798965038,-1.075461385391725,21,27,28,30,26,30,47,43,43,50,72,72,42,64,-0.7383149784943459,-0.06007062330801151,0.3066679868303539,0.8975185215363489,-0.7160638493040622,1.627672463740368,0.9192799526073637,43.014704485958134,7.054425010426396,ET_somali
22.58251030220904,21.203096119725707,12.620483842466832,13.47267957663242,26.226329755586416,21.508128759701894,12.465110998719467,5,1.3332550908554919,0.12509206035317993,-0.9554945712583881,-1.3179821989352114,1.7499323323416622,-0.3503192626003524,-1.0163732592748949,21,27,29,30,26,30,47,89,90,94,142,143,93,128,-0.7593107633472526,0.020901687353303326,0.2893957308993633,0.9249750348244967,-1.0923391002007654,1.547630241890747,0.9175203583052862,42.79910881776945,6.742440112251686,ET_somali
26.368022747766524,20.146049885591403,12.88504270688004,13.262813496323012,21.58750083302942,19.889745633337025,16.95567526526837,5,1.5378304748729796,0.29440647957412996,-0.9818492325885356,-1.4681264253172972,1.3087434789943189,-0.2959948798965038,-1.075461385391725,21,27,29,30,26,30,47,44,50,51,72,76,47,58,-0.7383149784943459,-0.06007062330801151,0.3066679868303539,0.8975185215363489,-0.7160638493040622,1.627672463740368,0.9192799526073637,42.96880057493963,7.0609827120004685,ET_somali
17.045307395393145,14.534835290625068,7.654153447673158,7.258189936816707,13.139852788492561,14.353549017437848,9.887369222469113,5,1.2968252562874578,0.13577389998495154,-0.932807901251562,-1.3360313725460908,1.517188342075873,-0.4853783026605439,-1.115584404764774,21,27,28,30,26,30,47,43,44,47,72,72,42,59,-0.71810801624513,-0.03477407210867093,0.258797960983234,0.8395537267676325,-0.8603947812976458,1.5798204419621427,0.9979423483851125,43.06456098422677,6.947974649258233,ET_somali
21.698315871636762,18.48325171509081,11.655919466479697,8.150476763616094,20.28060330091374,19.60093672935433,15.604912666629655,5,1.4207623097413509,-0.07109237367622483,-0.9074907503036578,-1.1377987028402692,1.770291488954187,-0.4576098370873855,-1.018402160214964,21,27,30,30,26,30,47,40,50,41,72,73,38,61,-0.7510361385738482,-0.06381835551828934,0.3784235724048356,0.9021180721125512,-1.0925271429125925,1.4884877806826518,0.9553551147631955,42.98595839686631,6.659615443055866,ET_somali
22.984177473919324,21.270730324165154,13.139858510899577,12.3387056099695,20.49390483377154,20.677793774599063,14.38664496419153,5,1.3332550908554919,0.12509206035317993,-0.9554945712583881,-1.3179821989352114,1.7499323323416622,-0.3503192626003524,-1.0163732592748949,21,27,30,30,26,30,47,90,95,95,142,143,91,127,-0.7593107633472526,0.020901687353303326,0.2893957308993633,0.9249750348244967,-1.0923391002007654,1.547630241890747,0.9175203583052862,42.83270580939552,6.663298535720757,ET_somali
17.18538856458437,14.436019598051654,13.47537152031554,9.376530968712176,20.804774698909974,18.56253015195425,20.47108557293408,5,1.4084358936560344,0.3309027414984514,-0.9612645639526001,-1.532500104018425,1.3862197198262811,-0.21995833775466872,-1.1443125572127704,21,27,29,30,26,30,47,49,45,46,72,72,50,62,-0.752615673088833,-0.014157427327226852,0.46444866223036946,1.1015266383592515,-0.8206435982246969,1.4784282655600456,0.7852250579535314,42.7228418501477,7.020917850328738,ET_somali
19.25797922967015,19.52571059978167,10.034173929667977,8.17887835303736,22.72332504185633,25.16906241677472,25.512081309824804,5,1.42362209503469,-0.07087024344796874,-0.8843980533966588,-1.0636822526878953,1.8404640340867289,-0.4239166526236274,-1.019117206610683,21,27,30,30,26,30,47,42,51,44,72,73,40,65,-0.7824802733293926,0.02534468688994516,0.41532964288699115,0.926798954029622,-1.2342303007561926,1.4296792912261351,0.9198888932221956,43.066537277851836,6.621796369594435,ET_somali
19.08078935705969,19.150288324755802,13.657880559749811,12.926854472431383,19.14313924442549,15.754094792254437,12.582318506596524,5,1.316326212704982,0.11697933222728593,-0.9821046266635719,-1.2911417183386236,1.6998129958690293,-0.44032376715214433,-1.0629881762254807,21,27,29,30,26,30,47,47,50,47,72,72,44,73,-0.6926845850342241,-0.09474057657722082,0.27933752732230815,0.892719244430652,-1.0768064151825376,1.5988688489038072,0.9067895627489803,42.94499521991046,6.752860569547473,ET_somali
18.583248711163197,16.739884973000702,12.126699060666473,12.302818383993838,16.97318049761295,17.917417497104502,12.979899019308665,5,1.3332550908554919,0.12509206035317993,-0.9554945712583881,-1.3179821989352114,1.7499323323416622,-0.3503192626003524,-1.0163732592748949,21,27,30,30,26,30,47,90,95,94,142,143,95,130,-0.7593107633472526,0.020901687353303326,0.2893957308993633,0.9249750348244967,-1.0923391002007654,1.547630241890747,0.9175203583052862,42.77404582134252,6.727438247006891,ET_somali
13.467952277088758,14.52479772251047,10.933070616510573,9.018121595913232,16.35335556584184,14.965327135218924,15.991270096875533,5,1.5378304748729796,0.29440647957412996,-0.9818492325885356,-1.4681264253172972,1.3087434789943189,-0.2959948798965038,-1.075461385391725,21,27,28,30,26,30,47,45,43,46,72,73,43,67,-0.7383149784943459,-0.06007062330801151,0.3066679868303539,0.8975185215363489,-0.7160638493040622,1.627672463740368,0.9192799526073637,43.03680304194748,7.056401304051459,ET_somali
15.87340456647302,17.776683322050538,12.412040796489423,9.808651200628116,16.919081154166598,15.860278646681184,10.809268296763344,5,1.4347951163055976,0.2071077944657692,-0.9861766377028576,-1.410938834427696,1.4035154905244418,-0.4105671404388653,-1.0911905601551661,21,27,29,30,26,30,47,45,42,47,72,71,42,68,-0.7715515146044158,-0.036224988584952246,0.2966555311767082,0.8773168631110799,-0.7537062233803018,1.6132816804366965,0.9480107398532608,43.02108252447538,7.031338307624525,ET_somali
21.58584310955609,17.289821782135935,10.952385479955028,11.875369860152503,20.147150235244606,17.92009744099478,21.805017142211902,5,1.3332550908554919,0.12509206035317993,-0.9554945712583881,-1.3179821989352114,1.7499323323416622,-0.3503192626003524,-1.0163732592748949,21,27,30,30,26,30,47,92,92,94,143,144,92,123,-0.7593107633472526,0.020901687353303326,0.2893957308993633,0.9249750348244967,-1.0923391002007654,1.547630241890747,0.9175203583052862,42.780873017501825,6.652518752311322,ET_somali
19.575181695962584,18.702978645373562,16.768615915588473,12.101921987870886,16.720787013755636,17.58979853622529,16.295368962523348,5,1.4347951163055976,0.2071077944657692,-0.9861766377028576,-1.410938834427696,1.4035154905244418,-0.4105671404388653,-1.0911905601551661,21,27,29,30,26,30,47,74,79,66,92,84,57,73,-0.7715515146044158,-0.036224988584952246,0.2966555311767082,0.8773168631110799,-0.7537062233803018,1.6132816804366965,0.9480107398532608,42.955325845677834,7.040590955050956,ET_somali
17.310730861160554,16.634353510752785,6.348701216681179,8.642347614929418,19.17190766746325,20.399367646352946,20.716937754558984,5,1.3828660812628286,-0.054890122457852394,-0.8885511442897512,-1.1552850638339327,1.8524248732035342,-0.38116994078135075,-0.9714191822463156,21,27,30,30,26,30,47,42,52,49,71,73,46,64,-0.7669794803000288,-0.008694986236374389,0.3079474922432356,0.9348389342405405,-1.138917779753145,1.4846845014481485,0.9565589698161219,42.902684570028434,6.609669113258821,ET_somali
18.137683987251382,19.22849208410232,12.450865538794844,11.397560141283975,20.807993195938423,19.802171091474293,18.3184689626967,5,1.5378304748729796,0.29440647957412996,-0.9818492325885356,-1.4681264253172972,1.3087434789943189,-0.2959948798965038,-1.075461385391725,21,27,28,30,26,30,47,41,41,44,72,73,46,64,-0.7383149784943459,-0.06007062330801151,0.3066679868303539,0.8975185215363489,-0.7160638493040622,1.627672463740368,0.9192799526073637,43.04937945592515,7.089818632620705,ET_somali
22.4117917612556,20.4251992816228,11.358704423101448,11.06211110105996,26.484573761674422,22.51465802014059,22.366537492671974,5,1.316326212704982,0.11697933222728593,-0.9821046266635719,-1.2911417183386236,1.6998129958690293,-0.44032376715214433,-1.0629881762254807,21,27,29,30,26,30,47,46,51,42,71,72,41,72,-0.6926845850342241,-0.09474057657722082,0.27933752732230815,0.892719244430652,-1.0768064151825376,1.5988688489038072,0.9067895627489803,42.914632163307225,6.756543662212363,ET_somali
18.457940703997277,22.205350761010102,10.93741142810992,7.388342349063401,17.22031449906008,19.13712052290857,17.332803208287473,5,1.3705031788285946,0.00988723619133849,-0.9398020717560758,-1.237646973423715,1.6680610708290102,-0.4926415993444379,-1.0616273411194674,21,27,29,30,26,30,47,45,47,43,72,72,41,64,-0.7663635515775681,-0.042304921216447196,0.3071713040760836,0.8821498614189275,-0.9571661570966369,1.5599956467140308,0.9629932123119791,42.95622416096196,6.814215503452836,ET_somali
18.12208360392261,15.554152767430262,11.054801181523796,10.664783307925024,20.13285757131432,16.488993051546785,13.631158879272073,5,1.5733858058459746,0.27372393283131174,-0.8375177938835515,-1.598599440962303,1.2702982726484775,-0.18428116743744616,-1.1322006898645225,21,27,29,30,26,30,46,91,94,103,143,145,89,127,-0.7308091217297271,-0.003545944958714707,0.37666470897094495,1.0821154811164058,-0.8795532030806916,1.5804058907242826,0.7647295449680561,42.84896531603808,7.092693241529888,ET_somali
21.85666459392184,17.796562168020873,10.637154265135921,8.264195299539166,19.99998760483826,17.749083590070715,13.642784349345213,5,1.3332550908554919,0.12509206035317993,-0.9554945712583881,-1.3179821989352114,1.7499323323416622,-0.3503192626003524,-1.0163732592748949,21,27,30,30,26,30,47,93,90,95,142,144,91,135,-0.7593107633472526,0.020901687353303326,0.2893957308993633,0.9249750348244967,-1.0923391002007654,1.547630241890747,0.9175203583052862,42.80449870947417,6.673718993016543,ET_somali
18.929295013148703,19.319633896560934,8.560070012993545,8.960571504417247,21.123794744186732,16.657092531974943,16.39452896457528,5,1.3424411761747934,0.02739554883140905,-0.9348763698423411,-1.2005154287487443,1.8152973191414952,-0.4038762530584514,-1.0178160307481257,21,27,30,30,26,30,47,45,56,48,71,74,43,64,-0.6550383075400492,-0.09064583442686555,0.2824648445276315,0.886210832272663,-1.2442335684899954,1.5538265069958421,0.8997763415741118,42.88849118853934,6.687014059221512,ET_somali
19.375110481265377,17.126315453893625,11.598840650955061,11.486403622229401,17.34886100237494,16.551580956222676,14.293970804540914,5,1.4207623097413509,-0.07109237367622483,-0.9074907503036578,-1.1377987028402692,1.770291488954187,-0.4576098370873855,-1.018402160214964,21,27,29,30,26,30,47,43,55,44,72,72,38,66,-0.7510361385738482,-0.06381835551828934,0.3784235724048356,0.9021180721125512,-1.0925271429125925,1.4884877806826518,0.9553551147631955,42.98506008158219,6.716209305955396,ET_somali
18.015377170988458,16.60290146025254,12.032778438856882,8.541102996779536,19.655413414738096,17.618875455497744,13.055170575857293,5,1.5063391777826771,0.24178168662400112,-1.0266675041945612,-1.4539310196894664,1.2622962203743433,-0.38934939310232825,-1.0903858121647927,21,27,29,30,26,30,47,96,91,91,144,144,85,119,-0.78968660210061,-0.027228216287233986,0.30245915798447043,0.8932046212471947,-0.6293373043315555,1.6267083723059321,0.921492451907873,42.9039422114262,6.9906446252539105,ET_somali
20.20472493743746,19.787765674056345,10.119650645644366,14.05980793342177,20.10597818026764,16.023235250732036,15.68295430045657,5,1.4290786361220464,-0.12943589964128605,-0.8755010053025455,-1.0740337129080755,1.8495508643579108,-0.4289610178695169,-0.9749693281753323,21,27,30,30,26,30,47,40,50,48,71,72,38,60,-0.7809844432042012,-0.008989467005223623,0.4097504550195662,0.9335393070177366,-1.1666361649848402,1.4290448451675672,0.9400511108489205,42.95918860139955,6.64685936602137,ET_somali
20.654045911008144,18.456097836799795,11.622229481004242,8.867687159526,21.027086167489937,19.755595806189376,19.28481367122601,5,1.3709942589915551,-0.031148745176406693,-0.8838222834745633,-1.140471093245933,1.805235724232554,-0.4442700107354677,-1.0423948605171742,21,27,29,30,26,30,47,42,52,47,72,72,39,65,-0.6814281792928726,-0.05961064273384595,0.3499730134985623,0.8949609845938806,-1.192428572942584,1.462024633282096,0.9679184819796645,43.07992217558522,6.698243000273006,ET_somali
18.366056255450793,16.561831713728978,11.428846503719884,7.737325772482455,20.74477947681927,19.460295900786065,13.215849847429832,5,1.5378304748729796,0.29440647957412996,-0.9818492325885356,-1.4681264253172972,1.3087434789943189,-0.2959948798965038,-1.075461385391725,21,27,28,30,26,30,47,46,41,48,72,72,42,63,-0.7383149784943459,-0.06007062330801151,0.3066679868303539,0.8975185215363489,-0.7160638493040622,1.627672463740368,0.9192799526073637,43.01317734997513,7.072301484580374,ET_somali
16.863391132748706,15.178255441395493,12.361464854268725,10.08539296463077,14.086372635061366,12.47757242966658,12.880002478244869,5,1.5063391777826771,0.24178168662400112,-1.0266675041945612,-1.4539310196894664,1.2622962203743433,-0.38934939310232825,-1.0903858121647927,21,27,29,30,26,30,47,89,88,95,144,142,95,124,-0.78968660210061,-0.027228216287233986,0.30245915798447043,0.8932046212471947,-0.6293373043315555,1.6267083723059321,0.921492451907873,42.88040635098227,7.047597814267088,ET_somali
13.635614527434605,14.11360767139275,7.980638755521189,9.107263114737767,15.062573023054538,14.268382956215143,12.195908164587228,5,1.4347951163055976,0.2071077944657692,-0.9861766377028576,-1.410938834427696,1.4035154905244418,-0.4105671404388653,-1.0911905601551661,21,27,29,30,26,30,47,45,42,45,72,72,44,68,-0.7715515146044158,-0.036224988584952246,0.2966555311767082,0.8773168631110799,-0.7537062233803018,1.6132816804366965,0.9480107398532608,43.01254852927625,7.022265323254917,ET_somali
21.653178333263913,19.629021625192895,11.768563964786418,12.627714731087815,22.741887739516645,18.91998345360424,14.765939116428878,5,1.5063391777826771,0.24178168662400112,-1.0266675041945612,-1.4539310196894664,1.2622962203743433,-0.38934939310232825,-1.0903858121647927,21,27,29,30,26,30,47,90,90,95,143,144,87,123,-0.78968660210061,-0.027228216287233986,0.30245915798447043,0.8932046212471947,-0.6293373043315555,1.6267083723059321,0.921492451907873,42.86351802364082,6.981032651713831,ET_somali
16.788214251854242,14.875928497315636,14.817543667793585,9.600992552998491,14.161925790444862,12.58549998347606,13.751794236042143,5,1.4084358936560344,0.3309027414984514,-0.9612645639526001,-1.532500104018425,1.3862197198262811,-0.21995833775466872,-1.1443125572127704,21,27,29,30,26,30,46,90,91,95,144,144,94,103,-0.752615673088833,-0.014157427327226852,0.46444866223036946,1.1015266383592515,-0.8206435982246969,1.4784282655600456,0.7852250579535314,42.69032283686258,7.040411291994132,ET_somali
22.322462894507805,19.139392801025817,10.823828670065843,9.328260612820367,17.662561490038424,12.989196241809195,13.234343184293678,5,1.3900782527746869,0.10634274320472821,-0.9941298942515587,-1.3695476548205208,1.6193325981972604,-0.342731296174307,-1.0134492680969163,21,27,30,30,26,30,47,88,97,95,156,150,102,137,-0.8158393355817065,0.10750430265952693,0.3766657731288312,0.9607857411243086,-0.9942215067662312,1.4850915827970534,0.9055173022293398,42.66750562864594,6.696626032761591,ET_somali
25.436865328328686,22.51708804990134,13.204593949315406,14.426612698319927,16.498922801070254,14.346993481808356,14.445432669903369,5,1.3705031788285946,0.00988723619133849,-0.9398020717560758,-1.237646973423715,1.6680610708290102,-0.4926415993444379,-1.0616273411194674,21,27,29,30,26,30,47,45,47,44,72,72,42,67,-0.7663635515775681,-0.042304921216447196,0.3071713040760836,0.8821498614189275,-0.9571661570966369,1.5599956467140308,0.9629932123119791,43.00060093599746,6.845387043811783,ET_somali
15.004499368004339,17.78343977189819,8.50851496832626,10.246340937928775,17.36014121344004,17.067530843513506,15.483339781545203,5,1.4347951163055976,0.2071077944657692,-0.9861766377028576,-1.410938834427696,1.4035154905244418,-0.4105671404388653,-1.0911905601551661,21,27,28,30,26,30,47,45,41,46,72,70,39,69,-0.7715515146044158,-0.036224988584952246,0.2966555311767082,0.8773168631110799,-0.7537062233803018,1.6132816804366965,0.9480107398532608,43.00940442578183,7.007443121066945,ET_somali
19.359149397219664,20.85888390580781,10.368208234379027,8.150083729053813,20.93066299470303,26.598758047404743,18.57014096104987,5,1.4290786361220464,-0.12943589964128605,-0.8755010053025455,-1.0740337129080755,1.8495508643579108,-0.4289610178695169,-0.9749693281753323,21,27,30,30,26,30,47,40,47,47,72,73,40,67,-0.7809844432042012,-0.008989467005223623,0.4097504550195662,0.9335393070177366,-1.1666361649848402,1.4290448451675672,0.9400511108489205,43.01632145346955,6.619909907497783,ET_somali
19.448257357078685,14.427377619137031,14.624361714596974,8.81001885013171,16.035031151572763,12.076000518404332,15.603851152174077,5,1.4084358936560344,0.3309027414984514,-0.9612645639526001,-1.532500104018425,1.3862197198262811,-0.21995833775466872,-1.1443125572127704,21,27,29,30,26,30,46,88,88,89,144,144,90,110,-0.752615673088833,-0.014157427327226852,0.46444866223036946,1.1015266383592515,-0.8206435982246969,1.4784282655600456,0.7852250579535314,42.6791837273395,7.042926574789666,ET_somali
19.216350800813462,21.26185948830452,12.481547630355099,7.452810743633414,19.4265792936381,18.359393591395335,19.27083565792675,5,1.3828660812628286,-0.054890122457852394,-0.8885511442897512,-1.1552850638339327,1.8524248732035342,-0.38116994078135075,-0.9714191822463156,21,27,30,30,26,30,47,46,52,51,71,73,40,62,-0.7669794803000288,-0.008694986236374389,0.3079474922432356,0.9348389342405405,-1.138917779753145,1.4846845014481485,0.9565589698161219,42.90681682033538,6.601584275701746,ET_somali
27.13040905128236,30.93667623270533,11.507644526386228,11.421824161632337,18.948445077931957,19.09028191543774,10.79599886699637,5,1.3287024234453388,0.05459835881637828,-0.9302215416387265,-1.3153444241315635,1.7936634099958764,-0.2878441867731908,-0.9550414046236495,21,27,30,30,26,30,47,175,192,177,279,283,182,229,-0.837693880961428,0.11730431499484556,0.27411487886413144,0.9604009588511686,-1.0693423538664748,1.4837584530268344,0.9521533488411248,42.68870586935116,6.615957320247658,ET_somali
23.39719795934017,22.27282095935444,13.047923933703256,9.294429580982653,19.855624751762644,19.314087642446143,20.461000640236517,5,1.5030451421664652,0.2865923445742261,-0.9822100472435463,-1.5233794192541823,1.2737576631114165,-0.3186936310699852,-1.109038507813507,21,27,29,30,26,30,47,89,79,94,144,140,91,127,-0.8046492038629011,0.010894407206609426,0.3600000564914225,0.9796475322251894,-0.7654554947049417,1.6033128297274721,0.8403850203366645,42.76497283697291,7.036997693914477,ET_somali
18.88518831875958,15.830046086401763,13.720535053330563,11.795335724553505,17.059956664797145,14.604879173474409,17.678694591394187,5,1.5063391777826771,0.24178168662400112,-1.0266675041945612,-1.4539310196894664,1.2622962203743433,-0.38934939310232825,-1.0903858121647927,21,27,29,30,26,30,47,91,86,94,143,143,84,128,-0.78968660210061,-0.027228216287233986,0.30245915798447043,0.8932046212471947,-0.6293373043315555,1.6267083723059321,0.921492451907873,42.884538601289215,7.007712615652181,ET_somali
21.301146520363933,22.671035543505152,11.694611634339786,8.557747859976464,22.155788630204334,17.01251928141516,14.407324268691088,5,1.3663618028862188,0.19593722101677602,-1.0172774660890156,-1.3942693854685455,1.4662668310454214,-0.4587425174361079,-1.0937059315808724,21,27,29,30,26,30,47,92,88,90,143,143,91,125,-0.7902065993071062,-0.02851830880413578,0.30062857562481743,0.8846597191206492,-0.7993147577048151,1.619773985161801,0.927235899630435,42.86028408861799,6.930906658859962,ET_somali
18.889855927038578,13.585244298323083,14.917658218701993,9.156312297811468,17.473923457054113,16.82326592686212,13.845437344954837,5,1.3313670647796745,0.33408217025361286,-0.990003927020926,-1.4909706033130243,1.421410209212436,-0.17176761817961644,-1.1574303191230988,21,27,29,30,26,30,46,84,86,86,144,144,92,106,-0.7413820887732112,-0.12491726402441546,0.4997508483887037,1.0970592745075096,-0.6559530465070612,1.4259955867821106,0.848692823892176,42.62699160933215,7.040411291994132,ET_somali
19.192938388330955,18.740149445823537,11.982060200928492,9.334926156435815,14.63972583631305,14.186421612281787,13.199070711685415,5,1.3424411761747934,0.02739554883140905,-0.9348763698423411,-1.2005154287487443,1.8152973191414952,-0.4038762530584514,-1.0178160307481257,21,27,29,30,26,30,47,97,89,95,141,143,94,128,-0.6550383075400492,-0.09064583442686555,0.2824648445276315,0.886210832272663,-1.2442335684899954,1.5538265069958421,0.8997763415741118,42.8693570729876,6.738667188058384,ET_somali
20.728995496579277,16.75445272823698,12.67222655427123,10.267616189928946,23.287371016858984,21.601403142106825,17.89120576835201,5,1.4207623097413509,-0.07109237367622483,-0.9074907503036578,-1.1377987028402692,1.770291488954187,-0.4576098370873855,-1.018402160214964,21,27,29,30,26,30,47,45,45,45,72,72,44,60,-0.7510361385738482,-0.06381835551828934,0.3784235724048356,0.9021180721125512,-1.0925271429125925,1.4884877806826518,0.9553551147631955,43.02090286141856,6.6985124948582415,ET_somali
19.330013113801968,17.17299992019008,12.800958692694493,9.342328271718166,17.270400666746824,13.911690631544452,10.343068830963471,5,1.5030451421664652,0.2865923445742261,-0.9822100472435463,-1.5233794192541823,1.2737576631114165,-0.3186936310699852,-1.109038507813507,21,27,29,30,26,30,47,91,95,93,143,143,89,126,-0.8046492038629011,0.010894407206609426,0.3600000564914225,0.9796475322251894,-0.7654554947049417,1.6033128297274721,0.8403850203366645,42.83387361926488,6.989925973026614,ET_somali
22.84856234048371,19.89941990052879,12.774424805889073,9.444245699821538,21.351265423630426,17.051554827363418,15.1822669891865,5,1.3095861247509155,0.2242567326815016,-1.0193456512905577,-1.3749493021357968,1.6453684686513759,-0.3884250297343409,-1.0607866350539694,21,27,29,30,26,30,47,86,94,91,143,142,94,119,-0.7381247604668582,-0.05813004924218078,0.28113703426589864,0.9110110898846078,-1.0053278850840424,1.6129464246290137,0.9001368409041494,42.83216682022505,6.848620978834614,ET_somali
20.392353250568227,14.056550056408646,11.192998533415995,9.833789063061479,12.662064580760704,13.814782758465833,17.148249535023496,5,1.4084358936560344,0.3309027414984514,-0.9612645639526001,-1.532500104018425,1.3862197198262811,-0.21995833775466872,-1.1443125572127704,21,27,29,30,26,30,47,94,99,88,144,144,97,113,-0.752615673088833,-0.014157427327226852,0.46444866223036946,1.1015266383592515,-0.8206435982246969,1.4784282655600456,0.7852250579535314,42.70200093555613,6.9713308466453405,ET_somali
19.814444985419644,14.184830014800161,14.59841604363112,11.264169007570954,15.940365947102828,15.594211279697534,14.960767478182275,5,1.4067916738589474,0.30024164029479794,-0.9049191400186886,-1.5192074987128292,1.3490569224826838,-0.09587811290398927,-1.1763664281784496,21,27,29,30,26,30,46,92,94,88,144,142,88,106,-0.660834964446682,-0.17369699166714472,0.4538981955983381,1.1062129274018044,-0.6778769465832822,1.472503886308751,0.8294771486119024,42.63525610994605,7.068079402745013,ET_somali
19.709892684281577,16.69286075976027,9.829525311710912,9.502360885553317,20.2164381054768,17.658837429918652,17.856560218756957,5,1.5063391777826771,0.24178168662400112,-1.0266675041945612,-1.4539310196894664,1.2622962203743433,-0.38934939310232825,-1.0903858121647927,21,27,29,30,26,30,47,88,89,88,143,143,93,122,-0.78968660210061,-0.027228216287233986,0.30245915798447043,0.8932046212471947,-0.6293373043315555,1.6267083723059321,0.921492451907873,42.882472476135746,6.972408824986284,ET_somali
26.433451827029426,27.274409322398288,13.659676462577998,14.085044363149933,30.737192296915556,23.833224851869637,17.861428434677467,5,1.3424411761747934,0.02739554883140905,-0.9348763698423411,-1.2005154287487443,1.8152973191414952,-0.4038762530584514,-1.0178160307481257,21,27,29,30,26,30,47,43,52,44,71,72,46,71,-0.6550383075400492,-0.09064583442686555,0.2824648445276315,0.886210832272663,-1.2442335684899954,1.5538265069958421,0.8997763415741118,42.91283553273898,6.744775731990397,ET_somali
21.39726260698365,19.72373854412685,13.470645147990325,10.92131055675641,19.51200046777571,17.866625390257216,18.121817330245776,5,1.3705031788285946,0.00988723619133849,-0.9398020717560758,-1.237646973423715,1.6680610708290102,-0.4926415993444379,-1.0616273411194674,21,27,29,30,26,30,47,44,48,41,72,72,44,61,-0.7663635515775681,-0.042304921216447196,0.3071713040760836,0.8821498614189275,-0.9571661570966369,1.5599956467140308,0.9629932123119791,42.97580743415576,6.79732717611139,ET_somali
18.112187810874165,16.40429321196544,13.750231791998445,8.724970018565529,14.286827107060187,12.07091311406742,13.668090983240699,5,1.3529914239389917,0.3157675186770018,-1.0549876825709128,-1.4759813025757542,1.4123174523930355,-0.33667610988158714,-1.1056214429427367,21,27,29,30,26,30,47,93,88,87,152,148,98,123,-0.7963231715208423,0.00823037814722508,0.43153191118324025,0.9903462842578282,-0.8114760612824062,1.5310615073607412,0.845754486140632,42.70092295721519,6.854280365124567,ET_somali
19.728156072702358,21.017482505790227,12.497382887494426,11.63581204715434,18.656033826135207,20.947763297738707,16.089729263410838,5,1.407008483684397,0.1804203383163563,-1.054986298270569,-1.416996578471047,1.4474468092189805,-0.3899890628808443,-1.0579568703894962,21,27,29,30,26,30,47,81,89,91,143,139,91,124,-0.8313221597807433,0.08037278804335077,0.38882913600723923,0.9466293806953973,-0.8403358247454527,1.5351453580767378,0.8825691012324263,42.71421802342016,6.801010268776279,ET_somali
20.922129391101947,22.145255165389067,10.748743122596135,9.048150949610488,18.379046590622373,17.039401795951587,19.33997584069107,5,1.3377887939839384,0.1106550626016054,-0.9674301735449801,-1.3400859166638612,1.5336042864399364,-0.49772867155516354,-1.0933258290209085,21,27,29,30,26,30,47,44,48,44,72,72,43,63,-0.7815355128665085,-0.06123112043073587,0.2583328684564888,0.8590161265050622,-0.7931000232324755,1.6102713084275675,0.986605706309144,43.02027404071968,6.883385780330039,ET_somali
22.2816383733131,19.601435664521123,12.608751392104354,12.985300599734659,21.273531914308723,16.660478513113,17.06607625726275,5,1.3287024234453388,0.05459835881637828,-0.9302215416387265,-1.3153444241315635,1.7936634099958764,-0.2878441867731908,-0.9550414046236495,21,27,30,30,26,30,47,85,89,91,143,143,86,122,-0.837693880961428,0.11730431499484556,0.27411487886413144,0.9604009588511686,-1.0693423538664748,1.4837584530268344,0.9521533488411248,42.74781501504623,6.637786381651762,ET_somali
21.20706242238658,20.365964654069632,14.711704179618959,10.17188015555153,16.971264975522786,15.051761780829956,17.069014116901112,5,1.3663618028862188,0.19593722101677602,-1.0172774660890156,-1.3942693854685455,1.4662668310454214,-0.4587425174361079,-1.0937059315808724,21,27,29,30,26,30,47,90,91,90,143,141,92,121,-0.7902065993071062,-0.02851830880413578,0.30062857562481743,0.8846597191206492,-0.7993147577048151,1.619773985161801,0.927235899630435,42.91085923911392,6.932343963314553,ET_somali
29.627584941275785,25.165215734449955,12.354939934320967,14.451167813432429,34.60649606642086,33.139294231679365,30.84702595559467,5,1.3828660812628286,-0.054890122457852394,-0.8885511442897512,-1.1552850638339327,1.8524248732035342,-0.38116994078135075,-0.9714191822463156,21,27,30,30,26,30,47,40,50,48,71,72,45,59,-0.7669794803000288,-0.008694986236374389,0.3079474922432356,0.9348389342405405,-1.138917779753145,1.4846845014481485,0.9565589698161219,42.92118986488129,6.621167548895551,ET_somali
21.952160334549305,20.5135372282665,13.430781720035915,7.245185882500867,16.487943455904816,15.24229834866141,13.90591446121375,5,1.316326212704982,0.11697933222728593,-0.9821046266635719,-1.2911417183386236,1.6998129958690293,-0.44032376715214433,-1.0629881762254807,21,27,29,30,26,30,47,90,91,95,143,142,86,127,-0.6926845850342241,-0.09474057657722082,0.27933752732230815,0.892719244430652,-1.0768064151825376,1.5988688489038072,0.9067895627489803,42.85219925106092,6.841254793504834,ET_somali
21.964792672612504,17.220398719680258,9.565373785839602,12.2648795850081,21.230147279828124,19.596503296702387,17.68213122041064,5,1.4290786361220464,-0.12943589964128605,-0.8755010053025455,-1.0740337129080755,1.8495508643579108,-0.4289610178695169,-0.9749693281753323,21,27,30,30,26,30,47,41,48,49,71,71,39,65,-0.7809844432042012,-0.008989467005223623,0.4097504550195662,0.9335393070177366,-1.1666361649848402,1.4290448451675672,0.9400511108489205,42.96233270489397,6.638954191521117,ET_somali
19.458951334631447,15.97660882690631,10.314132575747612,11.456594318669667,17.56203308961689,19.584133844291777,15.850637615483869,5,1.3332550908554919,0.12509206035317993,-0.9554945712583881,-1.3179821989352114,1.7499323323416622,-0.3503192626003524,-1.0163732592748949,21,27,30,30,26,30,47,92,100,97,142,143,92,132,-0.7593107633472526,0.020901687353303326,0.2893957308993633,0.9249750348244967,-1.0923391002007654,1.547630241890747,0.9175203583052862,42.76685929906956,6.734534937751435,ET_somali
17.905676281131715,18.405069373709384,11.616929025545275,10.328045385380733,22.80027243076884,19.474478693518158,16.52563547366378,5,1.4347951163055976,0.2071077944657692,-0.9861766377028576,-1.410938834427696,1.4035154905244418,-0.4105671404388653,-1.0911905601551661,21,27,29,30,26,30,47,46,41,48,72,72,41,64,-0.7715515146044158,-0.036224988584952246,0.2966555311767082,0.8773168631110799,-0.7537062233803018,1.6132816804366965,0.9480107398532608,42.98272446184348,7.047418151210264,ET_somali
17.373487445197505,12.179158888098659,10.082876828960321,10.823019306019237,14.512493633603745,12.687489053369163,16.710654395096977,5,1.4084358936560344,0.3309027414984514,-0.9612645639526001,-1.532500104018425,1.3862197198262811,-0.21995833775466872,-1.1443125572127704,21,27,29,30,26,30,46,90,93,89,144,142,98,107,-0.752615673088833,-0.014157427327226852,0.46444866223036946,1.1015266383592515,-0.8206435982246969,1.4784282655600456,0.7852250579535314,42.685022776686274,7.034392579590531,ET_somali
23.783244746153425,19.254682964027232,15.866825482758992,12.22135482063886,17.211971016046583,15.140189849961859,21.759999003569302,5,1.2942671431292656,0.30291830215927723,-1.0441172502983422,-1.4703674622465663,1.456248753572218,-0.27665506445260357,-1.117394992333831,21,27,29,30,26,30,47,89,95,74,142,144,98,120,-0.7195100469260853,-0.20706868697194902,0.38926912421833365,1.0168201095101896,-0.6622709776001293,1.5102863809908826,0.9223782061962802,42.64082566470759,6.868473746613655,ET_somali
16.527359544931304,15.461777049028479,11.145712075449627,11.509689668183121,15.718843881118227,15.718335691105436,16.15278209224424,5,1.4347951163055976,0.2071077944657692,-0.9861766377028576,-1.410938834427696,1.4035154905244418,-0.4105671404388653,-1.0911905601551661,21,27,28,30,26,30,47,70,73,56,89,80,54,73,-0.7715515146044158,-0.036224988584952246,0.2966555311767082,0.8773168631110799,-0.7537062233803018,1.6132816804366965,0.9480107398532608,42.952990225939125,7.0241517853515685,ET_somali
27.132980622306494,26.64210599161512,9.31786578306437,9.700899206416546,24.02158795996874,22.169783913841727,17.056509484790727,5,1.2968252562874578,0.13577389998495154,-0.932807901251562,-1.3360313725460908,1.517188342075873,-0.4853783026605439,-1.115584404764774,21,27,29,30,26,30,47,44,44,45,72,72,43,69,-0.71810801624513,-0.03477407210867093,0.258797960983234,0.8395537267676325,-0.8603947812976458,1.5798204419621427,0.9979423483851125,43.06285418518694,6.884553590199395,ET_somali
20.36939894115105,19.563282973689503,8.615557428479908,11.495480369409,21.092256256120766,21.88950532985889,17.478863770920746,5,1.4207623097413509,-0.07109237367622483,-0.9074907503036578,-1.1377987028402692,1.770291488954187,-0.4576098370873855,-1.018402160214964,21,27,30,30,26,30,47,36,48,43,72,72,39,57,-0.7510361385738482,-0.06381835551828934,0.3784235724048356,0.9021180721125512,-1.0925271429125925,1.4884877806826518,0.9553551147631955,42.96430899851903,6.680725852232675,ET_somali
19.462320391236705,19.40103850555229,12.028407552649282,11.96074736609335,20.50186283514669,17.02110646687867,14.908674220283661,5,1.3828660812628286,-0.054890122457852394,-0.8885511442897512,-1.1552850638339327,1.8524248732035342,-0.38116994078135075,-0.9714191822463156,21,27,30,30,26,30,47,41,52,48,71,73,41,66,-0.7669794803000288,-0.008694986236374389,0.3079474922432356,0.9348389342405405,-1.138917779753145,1.4846845014481485,0.9565589698161219,42.94760033423441,6.6141606896794185,ET_somali
31.445744411538158,23.93427171007822,12.510345172183474,13.127877102452628,30.814076190358286,33.578806599481126,20.45604510206574,5,1.3996224177041006,0.22208637652186744,-0.9495137425253164,-1.4025347666511756,1.3838583120291659,-0.40338245661009264,-1.1132492145627044,21,27,28,30,26,30,47,43,47,45,72,72,44,60,-0.7408197477089745,-0.04343974161851714,0.2731704108378665,0.854826489579725,-0.7190744037756035,1.5814532421499048,0.9994071672146703,43.072645821783844,6.956418812928956,ET_somali
21.61408092941806,19.040291478479176,11.814319831213359,9.327768365512464,14.128181215317252,12.263928333021504,13.992226402250864,5,1.3869023844779442,0.29033591700995026,-1.0644881475602936,-1.4482877695010932,1.3869599699559951,-0.41263332804443714,-1.0879945896679215,21,27,29,30,26,30,47,88,93,92,143,142,92,120,-0.7924194943489292,0.028092417789271996,0.3773680612427183,0.935499828770558,-0.8611025911221218,1.5951465155755056,0.8399069467520772,42.81554798746884,6.868383915085244,ET_somali
18.339295796274822,16.813993809062065,9.15989904343274,8.39485284848596,18.861468078023456,18.359680627516504,11.529118021836277,5,1.5030451421664652,0.2865923445742261,-0.9822100472435463,-1.5233794192541823,1.2737576631114165,-0.3186936310699852,-1.109038507813507,21,27,29,30,26,30,47,85,87,89,143,144,86,122,-0.8046492038629011,0.010894407206609426,0.3600000564914225,0.9796475322251894,-0.7654554947049417,1.6033128297274721,0.8403850203366645,42.76685929906956,6.990464962197087,ET_somali
17.434695122895103,16.758018865633588,12.19595332176544,11.267186584669776,15.33484009003714,13.860302574679828,11.689753395241357,5,1.3288115917264236,0.03917750558792415,-0.9013120884647994,-1.263532628022271,1.8370250933675851,-0.3195677028417049,-0.9646230644926007,21,27,30,30,26,30,47,91,95,94,142,144,90,130,-0.7856783066195094,0.08798719049991524,0.3230095202287013,0.9751029937093896,-1.1815055715122695,1.44328535034479,0.9181569757055533,42.78985617034302,6.638505033879058,ET_somali
21.174028861443627,15.754772739455507,13.563685002927658,11.614147592972849,18.2606693549559,11.491578452572117,12.931206319230892,5,1.3313670647796745,0.33408217025361286,-0.990003927020926,-1.4909706033130243,1.421410209212436,-0.17176761817961644,-1.1574303191230988,21,27,29,30,26,30,46,92,86,93,144,144,93,110,-0.7413820887732112,-0.12491726402441546,0.4997508483887037,1.0970592745075096,-0.6559530465070612,1.4259955867821106,0.848692823892176,42.63705274051429,7.047328319681852,ET_somali
25.93500309682598,20.02228502674203,11.298010291533402,15.058594593228674,24.744073294911587,23.509441441350578,19.309895802626112,5,1.3138158421270127,0.04552567933431455,-0.9094480541737856,-1.2390249094513237,1.690643784122922,-0.47575578486465264,-1.08408710339862,21,27,29,30,26,30,47,38,48,49,72,72,37,59,-0.6791968017570821,-0.020838891704209404,0.29840599055552197,0.8594985881606318,-1.0797698693748627,1.5316538440340468,0.9664011083099897,43.091510442750355,6.793374588861263,ET_somali
22.52828720605107,25.20088544226988,16.39375311140854,9.932424843924496,22.044777293849453,15.626850986719981,16.68220186058148,5,1.3869023844779442,0.29033591700995026,-1.0644881475602936,-1.4482877695010932,1.3869599699559951,-0.41263332804443714,-1.0879945896679215,21,27,29,30,26,30,47,86,87,88,143,144,87,125,-0.7924194943489292,0.028092417789271996,0.3773680612427183,0.935499828770558,-0.8611025911221218,1.5951465155755056,0.8399069467520772,42.84627037018573,6.929559185933782,ET_somali
17.227277829485516,13.876531790453509,9.919985650603465,9.409686203234928,15.961524463954692,14.941346437241911,11.681960649427674,5,1.5063391777826771,0.24178168662400112,-1.0266675041945612,-1.4539310196894664,1.2622962203743433,-0.38934939310232825,-1.0903858121647927,21,27,29,30,26,30,47,93,91,96,143,144,90,118,-0.78968660210061,-0.027228216287233986,0.30245915798447043,0.8932046212471947,-0.6293373043315555,1.6267083723059321,0.921492451907873,42.88660472644269,7.025768752862984,ET_somali
22.40860870382067,23.360373571116963,14.282215619400729,10.878817747017097,27.696350265434695,26.70249757521284,24.83498966758518,5,1.3138158421270127,0.04552567933431455,-0.9094480541737856,-1.2390249094513237,1.690643784122922,-0.47575578486465264,-1.08408710339862,21,27,29,30,26,30,47,40,45,36,72,72,40,63,-0.6791968017570821,-0.020838891704209404,0.29840599055552197,0.8594985881606318,-1.0797698693748627,1.5316538440340468,0.9664011083099897,43.06015923933458,6.790679643008905,ET_somali
22.047140353715594,18.62830848114133,15.439287478872545,9.355385376435045,17.111024953963135,15.996924504252556,12.546406575777027,5,1.400619516498148,0.13639916686094228,-1.0588408775515223,-1.4047615765228127,1.4275721494428053,-0.358859270370405,-1.0638005916980284,21,27,29,30,26,30,47,85,90,86,142,143,93,119,-0.8132819311339723,-0.06157498970515298,0.34736931351730216,0.9688983359028114,-0.6432457301813186,1.5194175172262112,0.9543013906016251,42.638579876497296,6.847722663550495,ET_somali
21.079846107883412,18.696232339102306,14.607490292663277,9.636650564695973,21.75852808581285,17.885844177542324,18.341904434555477,5,1.5839103670135475,0.285487724647402,-0.942065920036906,-1.5280650895907144,1.2337395053600813,-0.2556712805170081,-1.0986530123581275,21,27,29,30,26,30,46,95,85,91,144,142,89,116,-0.7633899162410078,-0.03966389454189696,0.31203503079434386,0.9539625310490043,-0.68174250625198,1.6320535541802577,0.8756915711969399,42.92244750627906,7.074277778205437,ET_somali
18.08142400983206,15.453067899941871,14.700414390832504,10.673114543437034,21.157723695775967,18.28051608174432,16.94782796083778,5,1.4084358936560344,0.3309027414984514,-0.9612645639526001,-1.532500104018425,1.3862197198262811,-0.21995833775466872,-1.1443125572127704,21,27,29,30,26,30,46,83,92,90,144,143,91,103,-0.752615673088833,-0.014157427327226852,0.46444866223036946,1.1015266383592515,-0.8206435982246969,1.4784282655600456,0.7852250579535314,42.68771772253863,7.048046971909147,ET_somali
15.825013383235325,15.579868110427094,13.636216905329949,10.656766884397236,15.385079171266682,12.38676155803425,12.85426835756921,5,1.407008483684397,0.1804203383163563,-1.054986298270569,-1.416996578471047,1.4474468092189805,-0.3899890628808443,-1.0579568703894962,21,27,29,30,26,30,47,90,80,82,142,142,104,110,-0.8313221597807433,0.08037278804335077,0.38882913600723923,0.9466293806953973,-0.8403358247454527,1.5351453580767378,0.8825691012324263,42.652593594929556,6.781337164054062,ET_somali
20.094325735790576,17.723037702485556,10.447784101799474,11.022554352851175,16.433029421429815,15.314980325160207,11.885944308350044,5,1.3529914239389917,0.3157675186770018,-1.0549876825709128,-1.4759813025757542,1.4123174523930355,-0.33667610988158714,-1.1056214429427367,21,27,29,30,26,30,47,93,97,76,142,144,99,119,-0.7963231715208423,0.00823037814722508,0.43153191118324025,0.9903462842578282,-0.8114760612824062,1.5310615073607412,0.845754486140632,42.68178884166344,6.869551724954599,ET_somali
21.25096517112282,16.74882978881794,14.299453787511972,11.835685335322422,21.031291965679245,18.909053837031088,16.49081708507117,5,1.42362209503469,-0.07087024344796874,-0.8843980533966588,-1.0636822526878953,1.8404640340867289,-0.4239166526236274,-1.019117206610683,21,27,30,30,26,30,47,41,49,47,72,73,41,62,-0.7824802733293926,0.02534468688994516,0.41532964288699115,0.926798954029622,-1.2342303007561926,1.4296792912261351,0.9198888932221956,43.07111868580084,6.6179336138727205,ET_somali
20.562140039032148,16.60281723552427,11.25180070151021,10.20508574981515,22.63025075747175,18.74652634058973,14.999917000501906,5,1.4290786361220464,-0.12943589964128605,-0.8755010053025455,-1.0740337129080755,1.8495508643579108,-0.4289610178695169,-0.9749693281753323,21,27,30,30,26,30,47,44,50,47,71,73,40,67,-0.7809844432042012,-0.008989467005223623,0.4097504550195662,0.9335393070177366,-1.1666361649848402,1.4290448451675672,0.9400511108489205,42.967542933541864,6.636438908725583,ET_somali
18.59167760312726,15.43360183903043,15.636537197269705,10.649657285003823,14.611654070232335,11.312415687623204,10.36721311696915,5,1.4084358936560344,0.3309027414984514,-0.9612645639526001,-1.532500104018425,1.3862197198262811,-0.21995833775466872,-1.1443125572127704,21,27,29,30,26,30,47,88,80,77,144,144,93,120,-0.752615673088833,-0.014157427327226852,0.46444866223036946,1.1015266383592515,-0.8206435982246969,1.4784282655600456,0.7852250579535314,42.653312247156855,6.989117489270907,ET_somali
20.231309302731454,19.449124048559202,15.38325095505114,11.988671184590318,18.274066692529193,15.236135901005975,21.453380142386305,5,1.3287024234453388,0.05459835881637828,-0.9302215416387265,-1.3153444241315635,1.7936634099958764,-0.2878441867731908,-0.9550414046236495,21,27,30,30,26,30,47,84,90,91,143,143,86,123,-0.837693880961428,0.11730431499484556,0.27411487886413144,0.9604009588511686,-1.0693423538664748,1.4837584530268344,0.9521533488411248,42.74691669976211,6.637067729424467,ET_somali
21.59459885608147,17.076975709952556,12.368132147175602,11.485375784379078,17.12048778488995,13.798710502964875,16.813112347299626,5,1.4084358936560344,0.3309027414984514,-0.9612645639526001,-1.532500104018425,1.3862197198262811,-0.21995833775466872,-1.1443125572127704,21,27,29,30,26,30,47,54,59,70,106,111,67,98,-0.752615673088833,-0.014157427327226852,0.46444866223036946,1.1015266383592515,-0.8206435982246969,1.4784282655600456,0.7852250579535314,42.74278444945516,6.998100642112102,ET_somali
26.907265053426126,22.485448765460564,10.015190904415084,11.113533399618909,22.964791051453002,22.220159200016028,15.214256095309995,5,1.4207623097413509,-0.07109237367622483,-0.9074907503036578,-1.1377987028402692,1.770291488954187,-0.4576098370873855,-1.018402160214964,21,27,29,30,26,30,47,40,51,46,72,72,40,66,-0.7510361385738482,-0.06381835551828934,0.3784235724048356,0.9021180721125512,-1.0925271429125925,1.4884877806826518,0.9553551147631955,42.954427530393716,6.711448234949563,ET_somali
20.526906325978143,20.90155324511374,14.065196534159423,12.608503085831947,19.185068322940314,16.79029415287858,17.237293355684816,5,1.400619516498148,0.13639916686094228,-1.0588408775515223,-1.4047615765228127,1.4275721494428053,-0.358859270370405,-1.0638005916980284,21,27,29,30,26,30,47,87,91,90,142,142,99,123,-0.8132819311339723,-0.06157498970515298,0.34736931351730216,0.9688983359028114,-0.6432457301813186,1.5194175172262112,0.9543013906016251,42.632291669508454,6.807657801878763,ET_somali
21.87144759311755,17.680860585400858,11.255790187705289,6.752287373942833,14.363714184903376,14.6673057923214,13.446120793943837,5,1.3705031788285946,0.00988723619133849,-0.9398020717560758,-1.237646973423715,1.6680610708290102,-0.4926415993444379,-1.0616273411194674,21,27,29,30,26,30,47,46,48,44,72,72,43,63,-0.7663635515775681,-0.042304921216447196,0.3071713040760836,0.8821498614189275,-0.9571661570966369,1.5599956467140308,0.9629932123119791,42.95820045458702,6.830564841623811,ET_somali
28.253176472051514,22.71401781133936,12.953322187100603,11.804144243407036,25.532257839086267,20.239184392109955,11.437076137104508,5,1.3095861247509155,0.2242567326815016,-1.0193456512905577,-1.3749493021357968,1.6453684686513759,-0.3884250297343409,-1.0607866350539694,21,27,29,30,26,30,47,88,92,97,142,143,96,128,-0.7381247604668582,-0.05813004924218078,0.28113703426589864,0.9110110898846078,-1.0053278850840424,1.6129464246290137,0.9001368409041494,42.80908011742318,6.761753890860256,ET_somali
25.584436174439766,25.311152538876787,17.928183547007198,11.79429731716131,26.190271602380854,21.383397418610677,18.64323520266254,5,1.3869023844779442,0.29033591700995026,-1.0644881475602936,-1.4482877695010932,1.3869599699559951,-0.41263332804443714,-1.0879945896679215,21,27,29,30,26,30,47,84,89,92,143,142,96,127,-0.7924194943489292,0.028092417789271996,0.3773680612427183,0.935499828770558,-0.8611025911221218,1.5951465155755056,0.8399069467520772,42.82524979253733,6.865778800761297,ET_somali
17.742194240353243,15.586272325147185,9.874248029441633,9.230519343043655,18.672646453921843,16.56819605501097,17.33194954127246,5,1.3996224177041006,0.22208637652186744,-0.9495137425253164,-1.4025347666511756,1.3838583120291659,-0.40338245661009264,-1.1132492145627044,21,27,28,30,26,30,47,41,46,40,72,72,40,64,-0.7408197477089745,-0.04343974161851714,0.2731704108378665,0.854826489579725,-0.7190744037756035,1.5814532421499048,0.9994071672146703,43.06977121287466,6.979415684202416,ET_somali
17.52923148015918,14.65008670124039,12.096782213442358,10.632654743573633,16.356681787048405,11.76829395609327,13.936535449960097,5,1.5839103670135475,0.285487724647402,-0.942065920036906,-1.5280650895907144,1.2337395053600813,-0.2556712805170081,-1.0986530123581275,21,27,29,30,26,30,47,88,89,93,144,143,92,115,-0.7633899162410078,-0.03966389454189696,0.31203503079434386,0.9539625310490043,-0.68174250625198,1.6320535541802577,0.8756915711969399,42.88543691657334,7.059275912960642,ET_somali
17.845720539160048,16.570048104130763,10.083873699150704,9.70877436293026,18.666413224098484,16.407576384270698,17.65551364841369,5,1.3424411761747934,0.02739554883140905,-0.9348763698423411,-1.2005154287487443,1.8152973191414952,-0.4038762530584514,-1.0178160307481257,21,27,29,30,26,30,47,42,49,47,72,72,43,69,-0.6550383075400492,-0.09064583442686555,0.2824648445276315,0.886210832272663,-1.2442335684899954,1.5538265069958421,0.8997763415741118,42.928466218682665,6.72465346962612,ET_somali
21.809919617197142,22.665670342520144,12.346166822448854,12.95750768891312,22.824773209350273,21.04556188991879,16.121606599785146,5,1.316326212704982,0.11697933222728593,-0.9821046266635719,-1.2911417183386236,1.6998129958690293,-0.44032376715214433,-1.0629881762254807,21,27,29,30,26,30,47,46,52,42,71,73,40,70,-0.6926845850342241,-0.09474057657722082,0.27933752732230815,0.892719244430652,-1.0768064151825376,1.5988688489038072,0.9067895627489803,42.906008336579674,6.753399558717945,ET_somali
18.68441997465216,17.87789068776058,9.940338151398933,11.889554409870678,20.16232830226784,21.151414943469277,23.191974822957278,5,1.3828660812628286,-0.054890122457852394,-0.8885511442897512,-1.1552850638339327,1.8524248732035342,-0.38116994078135075,-0.9714191822463156,21,27,30,30,26,30,47,44,53,50,71,73,42,64,-0.7669794803000288,-0.008694986236374389,0.3079474922432356,0.9348389342405405,-1.138917779753145,1.4846845014481485,0.9565589698161219,42.90187608627272,6.605357199895048,ET_somali
20.010081513169695,18.617202982284564,14.489679811056591,11.766089010854884,17.05084870084261,14.859999240741654,14.668002775478005,5,1.400619516498148,0.13639916686094228,-1.0588408775515223,-1.4047615765228127,1.4275721494428053,-0.358859270370405,-1.0638005916980284,21,27,29,30,26,30,47,90,86,80,142,142,104,118,-0.8132819311339723,-0.06157498970515298,0.34736931351730216,0.9688983359028114,-0.6432457301813186,1.5194175172262112,0.9543013906016251,42.649988480605614,6.7757676092925205,ET_somali
20.515503376377385,17.51234615615592,9.827035795464571,8.724541221105378,16.764740782487475,16.26025310361906,14.803632090642532,5,1.3332550908554919,0.12509206035317993,-0.9554945712583881,-1.3179821989352114,1.7499323323416622,-0.3503192626003524,-1.0163732592748949,21,27,30,30,26,30,47,89,94,100,142,143,91,132,-0.7593107633472526,0.020901687353303326,0.2893957308993633,0.9249750348244967,-1.0923391002007654,1.547630241890747,0.9175203583052862,42.78428661558148,6.7291450460467175,ET_somali
21.036493574126165,19.748506704760878,12.331265333227412,7.576710647843823,22.11528772246258,20.61207992379753,16.763738036552947,5,1.316326212704982,0.11697933222728593,-0.9821046266635719,-1.2911417183386236,1.6998129958690293,-0.44032376715214433,-1.0629881762254807,21,27,29,30,26,30,47,90,91,94,132,128,83,107,-0.6926845850342241,-0.09474057657722082,0.27933752732230815,0.892719244430652,-1.0768064151825376,1.5988688489038072,0.9067895627489803,42.894869227056596,6.81762910153249,ET_somali
14.69420519476086,15.792505299987855,12.047774434921312,8.02024500584645,18.29753843902023,12.857656447382102,13.263104568241912,5,1.393882301410419,-0.02517015549634814,-0.9696928174383549,-1.2901792547752802,1.7258094835776487,-0.3032088524634255,-0.9482693891086471,21,27,30,30,26,30,47,78,85,82,144,142,94,115,-0.8741532011435286,0.13472682323734192,0.34075208076764874,0.999568210388954,-1.0418677795059146,1.437113971445194,0.9353153955422646,42.608486314479286,6.619460749855724,ET_somali
20.382161930409058,15.175430591259634,16.84434987302527,9.693518620546815,19.391356053027973,13.988223009566708,13.294610037897263,5,1.2942671431292656,0.30291830215927723,-1.0441172502983422,-1.4703674622465663,1.456248753572218,-0.27665506445260357,-1.117394992333831,21,27,29,30,26,30,47,89,80,80,144,144,98,125,-0.7195100469260853,-0.20706868697194902,0.38926912421833365,1.0168201095101896,-0.6622709776001293,1.5102863809908826,0.9223782061962802,42.612079575615766,6.946178018689994,ET_somali
19.83252007795853,17.615575896524636,11.229875268895558,11.664038226466372,19.77133129861935,22.586158422258602,21.493100913728693,5,1.3138158421270127,0.04552567933431455,-0.9094480541737856,-1.2390249094513237,1.690643784122922,-0.47575578486465264,-1.08408710339862,21,27,29,30,26,30,47,41,48,48,72,72,37,65,-0.6791968017570821,-0.020838891704209404,0.29840599055552197,0.8594985881606318,-1.0797698693748627,1.5316538440340468,0.9664011083099897,43.091779937335595,6.785020256718952,ET_somali
18.14355707240758,17.190556686050236,12.415730093915894,9.902470408747293,16.550050383603477,12.102468007776473,14.122926342689453,5,1.4732291531304011,-0.005768909465455083,-1.0297108808784314,-1.3352479716191006,1.49333540941377,-0.3711795182549005,-1.0063276757644537,21,27,30,30,26,30,47,84,93,80,142,142,102,122,-0.8653936212969849,0.10317323766718733,0.37019379138198916,0.9743758853594711,-0.8067475922004873,1.4712819050325052,0.9336070808582515,42.63103402811069,6.727168752421655,ET_somali
18.423501575272642,22.36413468877583,16.215579172292767,11.168824845635825,20.93678343518979,17.167977984728168,17.226599189576262,5,1.3869023844779442,0.29033591700995026,-1.0644881475602936,-1.4482877695010932,1.3869599699559951,-0.41263332804443714,-1.0879945896679215,21,27,29,30,26,30,47,89,89,91,143,143,88,123,-0.7924194943489292,0.028092417789271996,0.3773680612427183,0.935499828770558,-0.8611025911221218,1.5951465155755056,0.8399069467520772,42.80189359515022,6.90000461308625,ET_somali
23.30297282037309,15.275122646016488,12.60007371042416,6.935855560603433,23.95450192360684,21.860950499648066,16.767007645539564,5,1.4084358936560344,0.3309027414984514,-0.9612645639526001,-1.532500104018425,1.3862197198262811,-0.21995833775466872,-1.1443125572127704,21,27,29,30,26,30,47,53,56,61,99,107,66,87,-0.752615673088833,-0.014157427327226852,0.46444866223036946,1.1015266383592515,-0.8206435982246969,1.4784282655600456,0.7852250579535314,42.74655737364846,7.0208280188003265,ET_somali
21.033710192820976,19.31554546858516,9.896562101003395,11.418781210540626,21.4086626915818,18.964235678767608,15.99259692502252,5,1.3828660812628286,-0.054890122457852394,-0.8885511442897512,-1.1552850638339327,1.8524248732035342,-0.38116994078135075,-0.9714191822463156,21,27,30,30,26,30,47,42,50,45,71,72,43,64,-0.7669794803000288,-0.008694986236374389,0.3079474922432356,0.9348389342405405,-1.138917779753145,1.4846845014481485,0.9565589698161219,42.94436639921158,6.640301664447297,ET_somali
20.73040431790886,16.26501451663794,10.098770552678078,8.949166573440738,15.80925811824256,13.402628112048552,12.364665799052952,5,1.400619516498148,0.13639916686094228,-1.0588408775515223,-1.4047615765228127,1.4275721494428053,-0.358859270370405,-1.0638005916980284,21,27,29,30,26,30,47,89,88,86,142,142,97,117,-0.8132819311339723,-0.06157498970515298,0.34736931351730216,0.9688983359028114,-0.6432457301813186,1.5194175172262112,0.9543013906016251,42.64334094750313,6.822929161708796,ET_somali
18.64449733887679,16.095960752432088,10.42760803588198,8.800841022599753,19.735994414346013,16.849088397590318,12.066111934593385,5,1.5063391777826771,0.24178168662400112,-1.0266675041945612,-1.4539310196894664,1.2622962203743433,-0.38934939310232825,-1.0903858121647927,21,27,29,30,26,30,47,93,85,89,143,142,94,126,-0.78968660210061,-0.027228216287233986,0.30245915798447043,0.8932046212471947,-0.6293373043315555,1.6267083723059321,0.921492451907873,42.86279937141352,7.004209186044115,ET_somali
20.993543356789807,20.84554542035712,10.806910797735869,11.524301674422905,19.899019231825342,17.285120263318433,18.461142528804647,5,1.2968252562874578,0.13577389998495154,-0.932807901251562,-1.3360313725460908,1.517188342075873,-0.4853783026605439,-1.115584404764774,21,27,29,30,26,30,47,42,45,43,72,71,42,59,-0.71810801624513,-0.03477407210867093,0.258797960983234,0.8395537267676325,-0.8603947812976458,1.5798204419621427,0.9979423483851125,43.091869768864,6.873594143733136,ET_somali
18.518141316076598,13.133257040240599,15.650024417261436,12.539982369480674,15.978197547367351,15.420884838462133,9.635131207626223,5,1.3313670647796745,0.33408217025361286,-0.990003927020926,-1.4909706033130243,1.421410209212436,-0.17176761817961644,-1.1574303191230988,21,27,29,30,26,30,47,92,86,90,144,144,96,118,-0.7413820887732112,-0.12491726402441546,0.4997508483887037,1.0970592745075096,-0.6559530465070612,1.4259955867821106,0.848692823892176,42.633549310906226,6.973666466384051,ET_somali
22.38933456766419,23.171424891262735,14.701456696373649,14.162841167378398,29.702564651153946,27.38370702976183,21.62841637839509,5,1.3663618028862188,0.19593722101677602,-1.0172774660890156,-1.3942693854685455,1.4662668310454214,-0.4587425174361079,-1.0937059315808724,21,27,29,30,26,30,47,63,69,48,78,78,51,72,-0.7902065993071062,-0.02851830880413578,0.30062857562481743,0.8846597191206492,-0.7993147577048151,1.619773985161801,0.927235899630435,42.92999335466567,6.907999619114914,ET_somali
15.020800874285287,15.264130673784708,11.129352854655357,9.450181831183174,16.13321933121045,13.160860419652293,14.474936219360332,5,1.4732291531304011,-0.005768909465455083,-1.0297108808784314,-1.3352479716191006,1.49333540941377,-0.3711795182549005,-1.0063276757644537,21,27,30,30,26,30,47,87,84,81,144,140,106,126,-0.8653936212969849,0.10317323766718733,0.37019379138198916,0.9743758853594711,-0.8067475922004873,1.4712819050325052,0.9336070808582515,42.6371425720427,6.695009065250176,ET_somali
22.01151469192329,20.862061549775476,14.465468161649643,11.9087655518851,14.529778033983247,12.187795673815584,13.230271220385989,5,1.407008483684397,0.1804203383163563,-1.054986298270569,-1.416996578471047,1.4474468092189805,-0.3899890628808443,-1.0579568703894962,21,27,29,30,26,30,47,92,102,117,164,167,113,136,-0.8313221597807433,0.08037278804335077,0.38882913600723923,0.9466293806953973,-0.8403358247454527,1.5351453580767378,0.8825691012324263,42.688795700879574,6.7799896911278825,ET_somali
23.322608802478985,20.521687710201295,13.746993247844642,9.066709269193732,16.90114641694849,15.330250843168697,13.121166562712586,5,1.3869023844779442,0.29033591700995026,-1.0644881475602936,-1.4482877695010932,1.3869599699559951,-0.41263332804443714,-1.0879945896679215,21,27,29,30,26,30,47,86,93,90,143,142,95,128,-0.7924194943489292,0.028092417789271996,0.3773680612427183,0.935499828770558,-0.8611025911221218,1.5951465155755056,0.8399069467520772,42.80818180213906,6.857154974033749,ET_somali
19.0181528782489,16.807425990272545,11.851990157917832,8.185591911571212,10.946224965299436,14.688087490699937,13.278467663928987,5,1.3529914239389917,0.3157675186770018,-1.0549876825709128,-1.4759813025757542,1.4123174523930355,-0.33667610988158714,-1.1056214429427367,21,27,29,30,26,30,47,88,94,78,142,144,98,116,-0.7963231715208423,0.00823037814722508,0.43153191118324025,0.9903462842578282,-0.8114760612824062,1.5310615073607412,0.845754486140632,42.68340580917486,6.877367067926438,ET_somali
14.96944225667947,15.284302498785864,11.452653125048808,9.933434144030137,12.739690631035085,11.616404663223152,11.849954716200104,5,1.3529914239389917,0.3157675186770018,-1.0549876825709128,-1.4759813025757542,1.4123174523930355,-0.33667610988158714,-1.1056214429427367,21,27,29,30,26,30,47,58,59,68,104,112,67,98,-0.7963231715208423,0.00823037814722508,0.43153191118324025,0.9903462842578282,-0.8114760612824062,1.5310615073607412,0.845754486140632,42.727962247267186,6.930906658859962,ET_somali
22.72141269202988,21.13974253286426,15.708464824793998,11.88384616394487,29.535865010231532,29.21635664026743,28.8631275823067,5,1.4207623097413509,-0.07109237367622483,-0.9074907503036578,-1.1377987028402692,1.770291488954187,-0.4576098370873855,-1.018402160214964,21,27,29,30,26,30,47,43,51,44,72,72,40,62,-0.7510361385738482,-0.06381835551828934,0.3784235724048356,0.9021180721125512,-1.0925271429125925,1.4884877806826518,0.9553551147631955,43.037162368061125,6.708124468398321,ET_somali
25.796047375417544,21.790655026683904,15.37976637784836,8.682045142088935,18.342795258275796,17.24397357807237,15.93570912269722,5,1.3869023844779442,0.29033591700995026,-1.0644881475602936,-1.4482877695010932,1.3869599699559951,-0.41263332804443714,-1.0879945896679215,21,27,29,30,26,30,47,88,89,90,143,142,97,125,-0.7924194943489292,0.028092417789271996,0.3773680612427183,0.935499828770558,-0.8611025911221218,1.5951465155755056,0.8399069467520772,42.82758541227604,6.90781995605809,ET_somali
19.636801836251333,18.790375210774155,12.522373327737494,10.03918123197465,20.032577026676606,17.7680381736869,18.873268115020725,5,1.316326212704982,0.11697933222728593,-0.9821046266635719,-1.2911417183386236,1.6998129958690293,-0.44032376715214433,-1.0629881762254807,21,27,29,30,26,30,47,46,51,47,71,70,43,71,-0.6926845850342241,-0.09474057657722082,0.27933752732230815,0.892719244430652,-1.0768064151825376,1.5988688489038072,0.9067895627489803,42.92145935946653,6.789960990781609,ET_somali
23.282328940202824,18.089825817289377,12.642011743915797,9.844128484929671,14.817594534161445,13.84410544802341,11.744904393268508,5,1.5839103670135475,0.285487724647402,-0.942065920036906,-1.5280650895907144,1.2337395053600813,-0.2556712805170081,-1.0986530123581275,21,27,29,30,26,30,46,91,90,101,143,145,92,127,-0.7633899162410078,-0.03966389454189696,0.31203503079434386,0.9539625310490043,-0.68174250625198,1.6320535541802577,0.8756915711969399,42.853097566345035,7.0929627361151235,ET_somali
22.919066322609094,20.241847204293734,15.916640057681766,11.75715875044986,23.12797713582718,23.250654299122203,17.466254374087452,5,1.3095861247509155,0.2242567326815016,-1.0193456512905577,-1.3749493021357968,1.6453684686513759,-0.3884250297343409,-1.0607866350539694,21,27,29,30,26,30,47,92,90,91,143,142,95,130,-0.7381247604668582,-0.05813004924218078,0.28113703426589864,0.9110110898846078,-1.0053278850840424,1.6129464246290137,0.9001368409041494,42.797491850258034,6.814574829566484,ET_somali
16.075943905338413,16.800437121434793,10.618508348044172,8.856591691762564,16.877886714624008,17.937686798881394,18.523701334016863,5,1.4347951163055976,0.2071077944657692,-0.9861766377028576,-1.410938834427696,1.4035154905244418,-0.4105671404388653,-1.0911905601551661,21,27,29,30,26,30,47,47,43,48,72,71,42,66,-0.7715515146044158,-0.036224988584952246,0.2966555311767082,0.8773168631110799,-0.7537062233803018,1.6132816804366965,0.9480107398532608,42.974549792758,7.027745046488047,ET_somali
19.41693517385919,19.83212705922023,9.27163847853942,9.995401511593291,23.568485041910495,20.373564442639747,16.8581301968743,5,1.4207623097413509,-0.07109237367622483,-0.9074907503036578,-1.1377987028402692,1.770291488954187,-0.4576098370873855,-1.018402160214964,21,27,30,30,26,30,47,41,51,46,71,72,36,60,-0.7510361385738482,-0.06381835551828934,0.3784235724048356,0.9021180721125512,-1.0925271429125925,1.4884877806826518,0.9553551147631955,42.95721230777449,6.650272964101023,ET_somali
17.52577230239145,18.425920359207748,11.767329741344223,12.824324965073753,18.116066429620954,14.334496250662117,11.911698686224549,5,1.2968252562874578,0.13577389998495154,-0.932807901251562,-1.3360313725460908,1.517188342075873,-0.4853783026605439,-1.115584404764774,21,27,28,30,26,30,47,47,47,46,72,72,44,60,-0.71810801624513,-0.03477407210867093,0.258797960983234,0.8395537267676325,-0.8603947812976458,1.5798204419621427,0.9979423483851125,43.06977121287466,6.9468966709172895,ET_somali
12.765376132967551,13.900336294672924,8.137268440580526,8.118701015346094,16.18925784725313,13.781662455297473,10.598684296948152,5,1.5378304748729796,0.29440647957412996,-0.9818492325885356,-1.4681264253172972,1.3087434789943189,-0.2959948798965038,-1.075461385391725,21,27,28,30,26,30,46,47,57,49,74,78,46,72,-0.7383149784943459,-0.06007062330801151,0.3066679868303539,0.8975185215363489,-0.7160638493040622,1.627672463740368,0.9192799526073637,42.97338198288864,7.08820166510929,ET_somali
22.288471206961507,22.24740882554304,13.968763119260363,11.3507271733167,22.311210322444225,20.140457229774547,17.81001191688825,5,1.4207623097413509,-0.07109237367622483,-0.9074907503036578,-1.1377987028402692,1.770291488954187,-0.4576098370873855,-1.018402160214964,21,27,29,30,26,30,47,43,50,41,72,72,42,58,-0.7510361385738482,-0.06381835551828934,0.3784235724048356,0.9021180721125512,-1.0925271429125925,1.4884877806826518,0.9553551147631955,43.04731333077167,6.74217061766645,ET_somali
20.073167595785858,15.469252393806528,17.65394089550172,10.814588434552228,20.099180551332086,15.424440238812519,18.685373539288594,5,1.2942671431292656,0.30291830215927723,-1.0441172502983422,-1.4703674622465663,1.456248753572218,-0.27665506445260357,-1.117394992333831,21,27,29,30,26,30,47,87,85,75,142,144,93,118,-0.7195100469260853,-0.20706868697194902,0.38926912421833365,1.0168201095101896,-0.6622709776001293,1.5102863809908826,0.9223782061962802,42.60713884155311,6.872156839278546,ET_somali
22.550530625458393,23.630619380431888,15.144463532245595,11.091927562242821,21.734906750258002,20.27575195558243,20.822603207024052,5,1.3663618028862188,0.19593722101677602,-1.0172774660890156,-1.3942693854685455,1.4662668310454214,-0.4587425174361079,-1.0937059315808724,21,27,29,30,26,30,47,44,47,43,72,72,44,63,-0.7902065993071062,-0.02851830880413578,0.30062857562481743,0.8846597191206492,-0.7993147577048151,1.619773985161801,0.927235899630435,42.94625286130823,6.913928499990103,ET_somali
19.546842339965565,18.397424960178444,9.737158840423271,10.930752076597953,18.945871622429387,17.150280426416593,13.238702676619669,5,1.3332550908554919,0.12509206035317993,-0.9554945712583881,-1.3179821989352114,1.7499323323416622,-0.3503192626003524,-1.0163732592748949,21,27,30,30,26,30,47,87,90,98,142,144,90,135,-0.7593107633472526,0.020901687353303326,0.2893957308993633,0.9249750348244967,-1.0923391002007654,1.547630241890747,0.9175203583052862,42.8152784928836,6.66482567170376,ET_somali
21.788555247883423,18.385943650825705,13.367043366166357,11.807250276818433,22.729047148495827,22.725200759102627,20.690756976731283,5,1.4290786361220464,-0.12943589964128605,-0.8755010053025455,-1.0740337129080755,1.8495508643579108,-0.4289610178695169,-0.9749693281753323,21,27,30,30,26,30,47,38,43,45,71,73,38,58,-0.7809844432042012,-0.008989467005223623,0.4097504550195662,0.9335393070177366,-1.1666361649848402,1.4290448451675672,0.9400511108489205,42.99772632708828,6.637157560952878,ET_somali
19.579048481691196,17.796004592852228,13.109119618153137,9.78187987038282,14.05639919431845,15.878936615022461,14.262859236966998,5,1.4084358936560344,0.3309027414984514,-0.9612645639526001,-1.532500104018425,1.3862197198262811,-0.21995833775466872,-1.1443125572127704,21,27,29,30,26,30,47,54,58,56,87,96,59,80,-0.752615673088833,-0.014157427327226852,0.46444866223036946,1.1015266383592515,-0.8206435982246969,1.4784282655600456,0.7852250579535314,42.72939955172178,6.954801845417541,ET_somali
22.186936820590176,19.54550803263354,9.32472602687537,10.372308181874407,21.972128167770375,20.059916064071395,21.09749411162406,5,1.3138158421270127,0.04552567933431455,-0.9094480541737856,-1.2390249094513237,1.690643784122922,-0.47575578486465264,-1.08408710339862,21,27,29,30,26,30,47,42,49,47,72,72,37,58,-0.6791968017570821,-0.020838891704209404,0.29840599055552197,0.8594985881606318,-1.0797698693748627,1.5316538440340468,0.9664011083099897,43.07974251252839,6.796698355412506,ET_somali
16.44013631984108,16.223186927639812,9.946221970124002,9.300818662619408,13.76055547351336,15.534117305332646,10.048640463266738,5,1.316326212704982,0.11697933222728593,-0.9821046266635719,-1.2911417183386236,1.6998129958690293,-0.44032376715214433,-1.0629881762254807,21,27,29,30,26,30,47,95,94,91,142,142,88,128,-0.6926845850342241,-0.09474057657722082,0.27933752732230815,0.892719244430652,-1.0768064151825376,1.5988688489038072,0.9067895627489803,42.862350213771464,6.776306598462992,ET_somali
19.166381706358163,16.094229280234643,13.348039400469945,12.497598299254634,14.003118843827668,9.311811225358582,17.124529213463944,1,1.4732291531304011,-0.005768909465455083,-1.0297108808784314,-1.3352479716191006,1.49333540941377,-0.3711795182549005,-1.0063276757644537,21,27,30,30,26,30,47,83,87,74,144,142,104,118,-0.8653936212969849,0.10317323766718733,0.37019379138198916,0.9743758853594711,-0.8067475922004873,1.4712819050325052,0.9336070808582515,42.6190864348319,6.651710268555615,ET_somali
21.604279860046276,17.92707489258946,13.722697639371601,11.2217218486325,21.935029804584904,23.17104800105823,16.629594955529168,5,1.3424411761747934,0.02739554883140905,-0.9348763698423411,-1.2005154287487443,1.8152973191414952,-0.4038762530584514,-1.0178160307481257,21,27,30,30,26,30,46,90,95,94,142,143,94,135,-0.6550383075400492,-0.09064583442686555,0.2824648445276315,0.886210832272663,-1.2442335684899954,1.5538265069958421,0.8997763415741118,42.852648408702976,6.707315984642613,ET_somali
18.254918502327282,16.932975875371817,13.395965731496242,11.273982367504672,18.679517410767364,17.519274027427574,12.681020600142224,5,1.5378304748729796,0.29440647957412996,-0.9818492325885356,-1.4681264253172972,1.3087434789943189,-0.2959948798965038,-1.075461385391725,21,27,28,30,26,30,47,45,44,52,72,73,40,64,-0.7383149784943459,-0.06007062330801151,0.3066679868303539,0.8975185215363489,-0.7160638493040622,1.627672463740368,0.9192799526073637,43.00033144141222,7.079937164495391,ET_somali
19.565202697133607,17.86000613779158,11.994815384355341,9.31458850123782,19.358475056633186,20.07783153406802,13.317658620646807,5,1.3996224177041006,0.22208637652186744,-0.9495137425253164,-1.4025347666511756,1.3838583120291659,-0.40338245661009264,-1.1132492145627044,21,27,29,30,26,30,47,46,47,44,72,72,46,58,-0.7408197477089745,-0.04343974161851714,0.2731704108378665,0.854826489579725,-0.7190744037756035,1.5814532421499048,0.9994071672146703,43.091959600392414,7.00214306089064,ET_somali
24.41805451654153,24.364630125078257,14.876386221113574,13.85104533688865,25.147516461875504,23.47933166387734,25.279164255224526,5,1.4207623097413509,-0.07109237367622483,-0.9074907503036578,-1.1377987028402692,1.770291488954187,-0.4576098370873855,-1.018402160214964,21,27,29,30,26,30,47,39,46,43,72,72,42,66,-0.7510361385738482,-0.06381835551828934,0.3784235724048356,0.9021180721125512,-1.0925271429125925,1.4884877806826518,0.9553551147631955,43.04021664002713,6.742529943780099,ET_somali
15.816919312841533,14.533224033221275,9.605281400541218,7.62637873751579,10.866800734520009,10.410952479246834,12.579211897038002,5,1.5030451421664652,0.2865923445742261,-0.9822100472435463,-1.5233794192541823,1.2737576631114165,-0.3186936310699852,-1.109038507813507,21,27,29,30,26,30,47,88,92,97,143,143,86,128,-0.8046492038629011,0.010894407206609426,0.3600000564914225,0.9796475322251894,-0.7654554947049417,1.6033128297274721,0.8403850203366645,42.78572392003607,6.970252868304397,ET_somali
17.280453998618572,17.39662259341551,9.961271174913367,8.026598147783757,15.276363614782063,11.873632366379816,12.01990470274816,5,1.393882301410419,-0.02517015549634814,-0.9696928174383549,-1.2901792547752802,1.7258094835776487,-0.3032088524634255,-0.9482693891086471,21,27,30,30,26,30,47,80,87,81,144,142,98,114,-0.8741532011435286,0.13472682323734192,0.34075208076764874,0.999568210388954,-1.0418677795059146,1.437113971445194,0.9353153955422646,42.60067097150745,6.632576153003869,ET_somali
22.90449262517956,23.32383163142794,14.041881338071489,10.584705479745697,25.703894102760263,22.686347626456133,17.496273674952537,5,1.4207623097413509,-0.07109237367622483,-0.9074907503036578,-1.1377987028402692,1.770291488954187,-0.4576098370873855,-1.018402160214964,21,27,30,30,26,30,47,43,50,46,72,72,38,61,-0.7510361385738482,-0.06381835551828934,0.3784235724048356,0.9021180721125512,-1.0925271429125925,1.4884877806826518,0.9553551147631955,43.02081302989015,6.676593601925726,ET_somali
17.571348737604755,14.729800209034346,15.025034127214845,11.037863889534064,12.916107740823637,12.396520412487197,9.499183473358793,5,1.3313670647796745,0.33408217025361286,-0.990003927020926,-1.4909706033130243,1.421410209212436,-0.17176761817961644,-1.1574303191230988,21,27,29,30,26,30,47,88,86,87,144,144,96,118,-0.7413820887732112,-0.12491726402441546,0.4997508483887037,1.0970592745075096,-0.6559530465070612,1.4259955867821106,0.848692823892176,42.6356154360597,6.972498656514696,ET_somali
16.606152520928728,13.161102286217574,13.96553563707754,13.444358448616008,9.47816949408028,10.982162685606092,12.522578317066962,5,1.3529914239389917,0.3157675186770018,-1.0549876825709128,-1.4759813025757542,1.4123174523930355,-0.33667610988158714,-1.1056214429427367,21,27,29,30,26,30,47,93,87,87,142,142,104,133,-0.7963231715208423,0.00823037814722508,0.43153191118324025,0.9903462842578282,-0.8114760612824062,1.5310615073607412,0.845754486140632,42.68583126044198,6.923720136587006,ET_somali
17.14291236975378,15.684473352931564,11.92038360684914,11.242669956131206,19.143674109673604,15.991600633487536,13.225926055999556,5,1.3996224177041006,0.22208637652186744,-0.9495137425253164,-1.4025347666511756,1.3838583120291659,-0.40338245661009264,-1.1132492145627044,21,27,29,30,26,30,47,41,50,46,72,72,46,59,-0.7408197477089745,-0.04343974161851714,0.2731704108378665,0.854826489579725,-0.7190744037756035,1.5814532421499048,0.9994071672146703,43.083156110608044,7.006454974254414,ET_somali
16.52576505185163,14.674758579696864,13.18738544717306,8.866353729848717,13.80593988250641,11.394283626876534,12.942392805159471,5,1.3869023844779442,0.29033591700995026,-1.0644881475602936,-1.4482877695010932,1.3869599699559951,-0.41263332804443714,-1.0879945896679215,21,27,29,30,26,30,47,89,91,90,142,141,89,121,-0.7924194943489292,0.028092417789271996,0.3773680612427183,0.935499828770558,-0.8611025911221218,1.5951465155755056,0.8399069467520772,42.766050815313854,6.86272452879529,ET_somali
20.636110205930997,18.379935676153245,16.532628997267523,12.4805143184383,15.644516401481463,14.117508665021177,17.74355239756678,5,1.2942671431292656,0.30291830215927723,-1.0441172502983422,-1.4703674622465663,1.456248753572218,-0.27665506445260357,-1.117394992333831,21,27,29,30,26,30,47,93,90,80,142,144,98,116,-0.7195100469260853,-0.20706868697194902,0.38926912421833365,1.0168201095101896,-0.6622709776001293,1.5102863809908826,0.9223782061962802,42.63435779466193,6.873144986091077,ET_somali
19.344914119172437,18.170522938983996,10.628904487625634,7.77284430366184,19.729138758544124,18.03023183334511,17.871625187314933,5,1.3377887939839384,0.1106550626016054,-0.9674301735449801,-1.3400859166638612,1.5336042864399364,-0.49772867155516354,-1.0933258290209085,21,27,29,30,26,30,47,45,46,46,72,72,44,68,-0.7815355128665085,-0.06123112043073587,0.2583328684564888,0.8590161265050622,-0.7931000232324755,1.6102713084275675,0.986605706309144,42.96601579755886,6.931445648030434,ET_somali
16.551402104761284,14.718227025414775,11.560773618556574,10.18655525201213,16.259664607174223,15.107011100752596,10.86691113696892,5,1.5839103670135475,0.285487724647402,-0.942065920036906,-1.5280650895907144,1.2337395053600813,-0.2556712805170081,-1.0986530123581275,21,27,29,30,26,30,47,89,88,88,143,144,88,124,-0.7633899162410078,-0.03966389454189696,0.31203503079434386,0.9539625310490043,-0.68174250625198,1.6320535541802577,0.8756915711969399,42.87187235578313,7.058647092261758,ET_somali
18.431622427458,17.470569221352104,11.316408388645124,10.880235245616362,15.236884993888932,13.916118579063157,15.313768680895343,5,1.3705031788285946,0.00988723619133849,-0.9398020717560758,-1.237646973423715,1.6680610708290102,-0.4926415993444379,-1.0616273411194674,21,27,29,30,26,30,47,42,49,45,72,72,44,66,-0.7663635515775681,-0.042304921216447196,0.3071713040760836,0.8821498614189275,-0.9571661570966369,1.5599956467140308,0.9629932123119791,43.021891008231094,6.753219895661121,ET_somali
15.98045709345224,14.545535998335605,10.423748899033917,8.238635760206812,12.613689701234001,13.831917739822384,12.330459232491481,5,1.2968252562874578,0.13577389998495154,-0.932807901251562,-1.3360313725460908,1.517188342075873,-0.4853783026605439,-1.115584404764774,21,27,29,30,26,30,47,44,44,45,72,72,41,61,-0.71810801624513,-0.03477407210867093,0.258797960983234,0.8395537267676325,-0.8603947812976458,1.5798204419621427,0.9979423483851125,43.056925304311754,6.943483072837635,ET_somali
11.792472726315086,13.91591483904013,8.476296808547891,8.387519371297573,13.335810270492708,14.442772023260884,11.098192913013396,5,1.5378304748729796,0.29440647957412996,-0.9818492325885356,-1.4681264253172972,1.3087434789943189,-0.2959948798965038,-1.075461385391725,21,27,28,30,26,30,46,65,69,55,89,80,56,74,-0.7383149784943459,-0.06007062330801151,0.3066679868303539,0.8975185215363489,-0.7160638493040622,1.627672463740368,0.9192799526073637,42.9700582163374,7.09970010074602,ET_somali
18.262563085570733,17.034306130414187,11.68808609290516,10.715003530791805,15.267491157937336,16.30867730079267,15.706865543704431,5,1.3424411761747934,0.02739554883140905,-0.9348763698423411,-1.2005154287487443,1.8152973191414952,-0.4038762530584514,-1.0178160307481257,21,27,30,30,26,30,47,84,86,80,114,103,70,100,-0.6550383075400492,-0.09064583442686555,0.2824648445276315,0.886210832272663,-1.2442335684899954,1.5538265069958421,0.8997763415741118,42.874118143993435,6.70165659835266,ET_somali
20.398215017754527,20.70942546407272,11.582731987802465,11.759932356679982,19.706867780876482,20.625306047652078,16.350302870835876,5,1.3332550908554919,0.12509206035317993,-0.9554945712583881,-1.3179821989352114,1.7499323323416622,-0.3503192626003524,-1.0163732592748949,21,27,30,30,26,30,47,88,87,95,142,142,89,126,-0.7593107633472526,0.020901687353303326,0.2893957308993633,0.9249750348244967,-1.0923391002007654,1.547630241890747,0.9175203583052862,42.82794473838969,6.729504372160365,ET_somali
24.41268811251027,23.342458462296364,9.651457376069699,9.82958119164535,27.091826983959653,22.902229125429404,19.460070727974948,5,1.3663618028862188,0.19593722101677602,-1.0172774660890156,-1.3942693854685455,1.4662668310454214,-0.4587425174361079,-1.0937059315808724,21,27,29,30,26,30,47,48,52,43,72,72,44,65,-0.7902065993071062,-0.02851830880413578,0.30062857562481743,0.8846597191206492,-0.7993147577048151,1.619773985161801,0.927235899630435,42.936820550824976,6.904316526450025,ET_somali
22.15077435575748,17.94279060362732,10.669655882179221,9.183326434756443,15.727420672832055,16.725775750765674,12.146735879223014,5,1.5030451421664652,0.2865923445742261,-0.9822100472435463,-1.5233794192541823,1.2737576631114165,-0.3186936310699852,-1.109038507813507,21,27,29,30,26,30,47,92,85,95,142,143,88,125,-0.8046492038629011,0.010894407206609426,0.3600000564914225,0.9796475322251894,-0.7654554947049417,1.6033128297274721,0.8403850203366645,42.79309010536585,7.028284035658518,ET_somali
18.096018949281433,20.236749401852965,13.687555781957036,11.819108530415203,18.05135401398338,19.358013928096288,13.151539516946531,5,1.3900782527746869,0.10634274320472821,-0.9941298942515587,-1.3695476548205208,1.6193325981972604,-0.342731296174307,-1.0134492680969163,21,27,30,30,26,30,47,184,180,193,286,283,183,258,-0.8158393355817065,0.10750430265952693,0.3766657731288312,0.9607857411243086,-0.9942215067662312,1.4850915827970534,0.9055173022293398,42.69059233144781,6.688631026732927,ET_somali
20.33852775730909,18.282041518922203,10.23291626893535,6.344117438579557,15.297466414266157,14.819418828374811,14.455161112028847,5,1.4084358936560344,0.3309027414984514,-0.9612645639526001,-1.532500104018425,1.3862197198262811,-0.21995833775466872,-1.1443125572127704,21,27,29,30,26,30,47,69,68,80,122,128,76,115,-0.752615673088833,-0.014157427327226852,0.46444866223036946,1.1015266383592515,-0.8206435982246969,1.4784282655600456,0.7852250579535314,42.74323360709722,6.9826496192252465,ET_somali
20.681037298721748,19.715021464536104,12.316702852072842,9.58097102115198,16.582042017941333,16.825446483967486,14.305820068756498,5,1.5030451421664652,0.2865923445742261,-0.9822100472435463,-1.5233794192541823,1.2737576631114165,-0.3186936310699852,-1.109038507813507,21,27,29,30,26,30,47,93,83,94,143,143,93,121,-0.8046492038629011,0.010894407206609426,0.3600000564914225,0.9796475322251894,-0.7654554947049417,1.6033128297274721,0.8403850203366645,42.79452740982044,7.023073807010625,ET_somali
22.46918328104473,21.397193076516842,10.799009065641442,10.372372005047222,18.72090419487542,18.64314092910582,16.894093731780355,5,1.3663618028862188,0.19593722101677602,-1.0172774660890156,-1.3942693854685455,1.4662668310454214,-0.4587425174361079,-1.0937059315808724,21,27,29,30,26,30,47,54,70,52,76,77,50,65,-0.7902065993071062,-0.02851830880413578,0.30062857562481743,0.8846597191206492,-0.7993147577048151,1.619773985161801,0.927235899630435,42.93798836069433,6.9393508225306855,ET_somali
19.628353616318716,19.46136381056261,12.509606484997036,11.63499934024898,22.490006792923648,19.1608588354332,14.039166372259752,5,1.5063391777826771,0.24178168662400112,-1.0266675041945612,-1.4539310196894664,1.2622962203743433,-0.38934939310232825,-1.0903858121647927,21,27,29,30,26,30,47,84,90,90,143,142,88,119,-0.78968660210061,-0.027228216287233986,0.30245915798447043,0.8932046212471947,-0.6293373043315555,1.6267083723059321,0.921492451907873,42.883909780590336,6.9788766950319445,ET_somali
17.78792778831236,17.361167920221718,10.379701860802202,10.925220145228241,15.600777440956824,15.808488536750612,14.290022132640797,5,1.3288115917264236,0.03917750558792415,-0.9013120884647994,-1.263532628022271,1.8370250933675851,-0.3195677028417049,-0.9646230644926007,21,27,30,30,26,30,47,88,91,88,143,143,89,117,-0.7856783066195094,0.08798719049991524,0.3230095202287013,0.9751029937093896,-1.1815055715122695,1.44328535034479,0.9181569757055533,42.772249190774275,6.6150590049635385,ET_somali
15.800942794198585,14.9248001946489,8.334242331054348,9.754764507424461,15.981623366865033,13.086332741840257,12.810710162332642,5,1.3900782527746869,0.10634274320472821,-0.9941298942515587,-1.3695476548205208,1.6193325981972604,-0.342731296174307,-1.0134492680969163,21,27,30,30,26,30,47,165,187,182,282,281,186,238,-0.8158393355817065,0.10750430265952693,0.3766657731288312,0.9607857411243086,-0.9942215067662312,1.4850915827970534,0.9055173022293398,42.682417662362326,6.657369654845568,ET_somali
21.461584710422137,19.44959351807363,12.122779666304707,11.683021749030772,20.36354730109115,19.47528443546829,14.985503486412814,5,1.3288115917264236,0.03917750558792415,-0.9013120884647994,-1.263532628022271,1.8370250933675851,-0.3195677028417049,-0.9646230644926007,21,27,30,30,26,30,47,93,93,96,142,144,90,131,-0.7856783066195094,0.08798719049991524,0.3230095202287013,0.9751029937093896,-1.1815055715122695,1.44328535034479,0.9181569757055533,42.84420424503225,6.632665984532281,ET_somali
17.251697474196448,15.857250221236312,10.321410162508414,8.577252577414528,14.186180097072784,10.51175052974277,13.643394689181402,5,1.5030451421664652,0.2865923445742261,-0.9822100472435463,-1.5233794192541823,1.2737576631114165,-0.3186936310699852,-1.109038507813507,21,27,29,30,26,30,47,92,87,92,143,143,87,115,-0.8046492038629011,0.010894407206609426,0.3600000564914225,0.9796475322251894,-0.7654554947049417,1.6033128297274721,0.8403850203366645,42.8054868562867,6.97312747721358,ET_somali
23.424098118778193,22.33596652505872,8.303026952634115,10.841712940559137,25.484550576902055,19.51245615000482,18.889086440924576,5,1.316326212704982,0.11697933222728593,-0.9821046266635719,-1.2911417183386236,1.6998129958690293,-0.44032376715214433,-1.0629881762254807,21,27,29,30,26,30,47,45,53,49,72,72,44,79,-0.6926845850342241,-0.09474057657722082,0.27933752732230815,0.892719244430652,-1.0768064151825376,1.5988688489038072,0.9067895627489803,42.928017061040606,6.751872422734942,ET_somali
13.541519803657641,14.131705304731698,11.900752533075098,7.188661051350813,11.760864194684496,8.880004945193937,8.213610363902387,5,1.3869023844779442,0.29033591700995026,-1.0644881475602936,-1.4482877695010932,1.3869599699559951,-0.41263332804443714,-1.0879945896679215,21,27,29,30,26,30,47,95,92,91,143,143,91,124,-0.7924194943489292,0.028092417789271996,0.3773680612427183,0.935499828770558,-0.8611025911221218,1.5951465155755056,0.8399069467520772,42.759672776796606,6.885362073955102,ET_somali
20.332063597645348,18.207220711860092,10.8223068776205,10.56048156758535,23.59092905888669,25.939253719091553,19.123973113083007,5,1.3138158421270127,0.04552567933431455,-0.9094480541737856,-1.2390249094513237,1.690643784122922,-0.47575578486465264,-1.08408710339862,21,27,29,30,26,30,47,42,54,43,72,72,44,62,-0.6791968017570821,-0.020838891704209404,0.29840599055552197,0.8594985881606318,-1.0797698693748627,1.5316538440340468,0.9664011083099897,43.09303757873336,6.750524949808762,ET_somali
21.453020905677068,20.786667048759007,13.44728903865198,11.785879602617364,18.399441789629673,17.933544864275508,19.20272299079914,5,1.393882301410419,-0.02517015549634814,-0.9696928174383549,-1.2901792547752802,1.7258094835776487,-0.3032088524634255,-0.9482693891086471,21,27,30,30,26,30,47,79,85,86,144,142,98,114,-0.8741532011435286,0.13472682323734192,0.34075208076764874,0.999568210388954,-1.0418677795059146,1.437113971445194,0.9353153955422646,42.644508757372485,6.635450761913051,ET_somali
20.505893645573998,23.407497417587198,11.124825324273617,11.304975806955973,19.789944962602323,19.496430372813396,17.70417908276954,5,1.4290786361220464,-0.12943589964128605,-0.8755010053025455,-1.0740337129080755,1.8495508643579108,-0.4289610178695169,-0.9749693281753323,21,27,30,30,26,30,47,45,47,48,71,73,44,67,-0.7809844432042012,-0.008989467005223623,0.4097504550195662,0.9335393070177366,-1.1666361649848402,1.4290448451675672,0.9400511108489205,42.989910984116435,6.605896189065519,ET_somali
20.242727632022007,20.691006723996438,12.40838876125801,9.858083412158324,18.67308323983676,18.423268324088752,15.455595884776868,5,1.3424411761747934,0.02739554883140905,-0.9348763698423411,-1.2005154287487443,1.8152973191414952,-0.4038762530584514,-1.0178160307481257,21,27,29,30,26,30,47,92,88,91,142,143,93,129,-0.6550383075400492,-0.09064583442686555,0.2824648445276315,0.886210832272663,-1.2442335684899954,1.5538265069958421,0.8997763415741118,42.86342819211241,6.733636622467315,ET_somali
17.708093497255742,16.41326534520566,12.61281200689201,10.869381102035799,15.373422191363838,14.87046092719593,11.611779142418829,5,1.5733858058459746,0.27372393283131174,-0.8375177938835515,-1.598599440962303,1.2702982726484775,-0.18428116743744616,-1.1322006898645225,21,27,29,30,26,30,46,97,88,95,141,142,94,121,-0.7308091217297271,-0.003545944958714707,0.37666470897094495,1.0821154811164058,-0.8795532030806916,1.5804058907242826,0.7647295449680561,42.84869582145285,7.072570979165611,ET_somali
20.74235050679446,19.4873088794954,9.852364157699126,10.978268574603804,15.911947209186193,13.934607983692876,9.597691447389916,5,1.3288115917264236,0.03917750558792415,-0.9013120884647994,-1.263532628022271,1.8370250933675851,-0.3195677028417049,-0.9646230644926007,21,27,30,30,26,30,47,87,95,91,143,143,89,117,-0.7856783066195094,0.08798719049991524,0.3230095202287013,0.9751029937093896,-1.1815055715122695,1.44328535034479,0.9181569757055533,42.76209822806373,6.621796369594435,ET_somali
21.138139733306726,18.847652997869957,12.67533840200356,10.466645957932569,18.429343587642787,20.21886351997767,19.692554359690114,5,1.3705031788285946,0.00988723619133849,-0.9398020717560758,-1.237646973423715,1.6680610708290102,-0.4926415993444379,-1.0616273411194674,21,27,29,30,26,30,47,41,49,38,72,72,40,62,-0.7663635515775681,-0.042304921216447196,0.3071713040760836,0.8821498614189275,-0.9571661570966369,1.5599956467140308,0.9629932123119791,43.049559118981975,6.782504973923417,ET_somali
20.075798452506156,21.200970316982794,11.18132400840771,9.518470805928212,18.103229471186225,17.257735031121474,14.107409960508637,5,1.316326212704982,0.11697933222728593,-0.9821046266635719,-1.2911417183386236,1.6998129958690293,-0.44032376715214433,-1.0629881762254807,21,27,29,30,26,30,47,44,46,41,72,71,41,67,-0.6926845850342241,-0.09474057657722082,0.27933752732230815,0.892719244430652,-1.0768064151825376,1.5988688489038072,0.9067895627489803,42.929634028552016,6.843500581715133,ET_somali
21.46101938277677,15.528632368486853,15.672878726059114,13.19498995634168,24.382796213630133,14.190855752759123,14.926578012192698,5,1.2942671431292656,0.30291830215927723,-1.0441172502983422,-1.4703674622465663,1.456248753572218,-0.27665506445260357,-1.117394992333831,21,27,29,30,26,30,47,95,92,85,144,144,104,120,-0.7195100469260853,-0.20706868697194902,0.38926912421833365,1.0168201095101896,-0.6622709776001293,1.5102863809908826,0.9223782061962802,42.63058487046863,6.9426745890819275,ET_somali
22.134256021374817,20.441832729179552,11.511416132096207,12.657753354711298,20.32102362052693,18.514596014911177,14.207582350169554,5,1.3705031788285946,0.00988723619133849,-0.9398020717560758,-1.237646973423715,1.6680610708290102,-0.4926415993444379,-1.0616273411194674,21,27,29,30,26,30,47,40,47,43,72,72,39,57,-0.7663635515775681,-0.042304921216447196,0.3071713040760836,0.8821498614189275,-0.9571661570966369,1.5599956467140308,0.9629932123119791,43.02566393242439,6.820863036555321,ET_somali
19.76077283548102,14.124620726377806,13.929206805175932,7.573709145311862,15.554244133063486,15.271774501922385,16.004880340794042,5,1.5046694561732057,0.28065942854156,-0.8369317792280351,-1.5891316985000545,1.3159318968718623,-0.12785802697163112,-1.1630613499215527,21,27,29,30,26,30,46,96,90,95,144,144,100,120,-0.6129958691309002,-0.013574368469537641,0.4956231497853994,1.1998767711071083,-1.0265116731038026,1.4499448987730565,0.6496597774267892,42.693826266470644,7.073379462921318,ET_somali
20.03690958320771,17.874568188637816,11.989202454808469,10.477020569546378,17.910183306899427,12.12550180104353,15.675713169656651,5,1.4732291531304011,-0.005768909465455083,-1.0297108808784314,-1.3352479716191006,1.49333540941377,-0.3711795182549005,-1.0063276757644537,21,27,30,30,26,30,47,87,81,81,144,142,100,122,-0.8653936212969849,0.10317323766718733,0.37019379138198916,0.9743758853594711,-0.8067475922004873,1.4712819050325052,0.9336070808582515,42.61270839631465,6.651620437027203,ET_somali
21.602483794382863,19.517867081581443,14.163458770379618,10.87249191697871,20.310971047781504,19.39755215681344,17.200173568689216,5,1.4207623097413509,-0.07109237367622483,-0.9074907503036578,-1.1377987028402692,1.770291488954187,-0.4576098370873855,-1.018402160214964,21,27,29,30,26,30,47,41,50,47,72,72,42,57,-0.7510361385738482,-0.06381835551828934,0.3784235724048356,0.9021180721125512,-1.0925271429125925,1.4884877806826518,0.9553551147631955,43.00437386019076,6.709741435909736,ET_somali
22.56662187777881,24.534693737815815,15.669292422730088,12.723728809137492,29.908199750272633,26.030978648275344,19.146440105361677,5,1.4207623097413509,-0.07109237367622483,-0.9074907503036578,-1.1377987028402692,1.770291488954187,-0.4576098370873855,-1.018402160214964,21,27,29,30,26,30,47,41,53,46,72,72,43,63,-0.7510361385738482,-0.06381835551828934,0.3784235724048356,0.9021180721125512,-1.0925271429125925,1.4884877806826518,0.9553551147631955,43.01434515984449,6.710549919665444,ET_somali
15.582505166016272,16.289691744355526,14.468825018052028,11.942021000364292,16.61649262335123,14.267294743301955,15.862225364107282,5,1.400619516498148,0.13639916686094228,-1.0588408775515223,-1.4047615765228127,1.4275721494428053,-0.358859270370405,-1.0638005916980284,21,27,29,30,26,30,47,84,97,80,142,142,101,130,-0.8132819311339723,-0.06157498970515298,0.34736931351730216,0.9688983359028114,-0.6432457301813186,1.5194175172262112,0.9543013906016251,42.61675081509319,6.7984051544523325,ET_somali
17.663558302884837,21.005137249006406,11.96563412069383,10.270582466383653,23.70151043354483,24.362314451076042,15.766425154050962,5,1.4347951163055976,0.2071077944657692,-0.9861766377028576,-1.410938834427696,1.4035154905244418,-0.4105671404388653,-1.0911905601551661,21,27,28,30,26,30,47,43,39,44,72,72,39,60,-0.7715515146044158,-0.036224988584952246,0.2966555311767082,0.8773168631110799,-0.7537062233803018,1.6132816804366965,0.9480107398532608,43.00652981687265,6.990015804555027,ET_somali
21.636707073539252,20.16430207447032,10.438941251298374,11.726105004452092,18.090552679182572,14.848128481541577,12.034246838662995,5,1.3288115917264236,0.03917750558792415,-0.9013120884647994,-1.263532628022271,1.8370250933675851,-0.3195677028417049,-0.9646230644926007,21,27,30,30,26,30,47,82,90,84,143,144,87,115,-0.7856783066195094,0.08798719049991524,0.3230095202287013,0.9751029937093896,-1.1815055715122695,1.44328535034479,0.9181569757055533,42.777100093308526,6.621257380423963,ET_somali
22.62067558085015,19.161421628088124,11.436591752530086,10.370578787302183,21.31481338671416,19.438368194330053,16.33513205640174,5,1.4347951163055976,0.2071077944657692,-0.9861766377028576,-1.410938834427696,1.4035154905244418,-0.4105671404388653,-1.0911905601551661,21,27,28,30,26,30,47,43,44,45,72,71,42,61,-0.7715515146044158,-0.036224988584952246,0.2966555311767082,0.8773168631110799,-0.7537062233803018,1.6132816804366965,0.9480107398532608,43.00635015381582,6.974295287082935,ET_somali
22.315008981522137,20.127023864203576,9.705242064701855,7.014464573269874,21.647921781558455,19.812297708767506,16.915866171132468,5,1.3377887939839384,0.1106550626016054,-0.9674301735449801,-1.3400859166638612,1.5336042864399364,-0.49772867155516354,-1.0933258290209085,21,27,29,30,26,30,47,42,46,44,72,72,45,67,-0.7815355128665085,-0.06123112043073587,0.2583328684564888,0.8590161265050622,-0.7931000232324755,1.6102713084275675,0.986605706309144,42.96673444978615,6.93036766968949,ET_somali
21.58415108120605,19.907862082270963,15.360122916391317,12.335075842753009,23.212887120315,17.90290820347577,13.70425831584158,5,1.3332550908554919,0.12509206035317993,-0.9554945712583881,-1.3179821989352114,1.7499323323416622,-0.3503192626003524,-1.0163732592748949,21,27,30,30,26,30,47,91,92,92,143,144,86,128,-0.7593107633472526,0.020901687353303326,0.2893957308993633,0.9249750348244967,-1.0923391002007654,1.547630241890747,0.9175203583052862,42.80674449768447,6.681534335988383,ET_somali
20.357392402078563,18.946921344471868,12.408985063580607,10.32474221275994,26.208263485355513,24.934358667202837,20.187409363834934,5,1.4207623097413509,-0.07109237367622483,-0.9074907503036578,-1.1377987028402692,1.770291488954187,-0.4576098370873855,-1.018402160214964,21,27,30,30,26,30,47,46,45,46,72,72,42,61,-0.7510361385738482,-0.06381835551828934,0.3784235724048356,0.9021180721125512,-1.0925271429125925,1.4884877806826518,0.9553551147631955,43.047403162300085,6.678480064022376,ET_somali
15.446426661306084,18.389678515695074,9.719538286266895,10.86507555230338,15.216907050443858,13.052849546143532,9.44637541819866,5,1.3900782527746869,0.10634274320472821,-0.9941298942515587,-1.3695476548205208,1.6193325981972604,-0.342731296174307,-1.0134492680969163,21,27,30,30,26,30,47,180,192,198,284,285,197,252,-0.8158393355817065,0.10750430265952693,0.3766657731288312,0.9607857411243086,-0.9942215067662312,1.4850915827970534,0.9055173022293398,42.7010127887436,6.716658463597456,ET_somali
17.126433253999842,14.343713738889344,12.88585841345384,9.342789041514344,14.096002722406743,14.227620198448387,8.744647904737134,5,1.4084358936560344,0.3309027414984514,-0.9612645639526001,-1.532500104018425,1.3862197198262811,-0.21995833775466872,-1.1443125572127704,21,27,29,30,26,30,47,94,86,85,142,144,96,121,-0.752615673088833,-0.014157427327226852,0.46444866223036946,1.1015266383592515,-0.8206435982246969,1.4784282655600456,0.7852250579535314,42.66490051432199,6.9901954676118505,ET_somali
21.10072234966585,20.652147707828263,9.13857605409352,11.427894534172863,17.81521062724919,21.41704864698556,14.932387305287161,5,1.3828660812628286,-0.054890122457852394,-0.8885511442897512,-1.1552850638339327,1.8524248732035342,-0.38116994078135075,-0.9714191822463156,21,27,30,30,26,30,47,48,54,55,71,73,42,68,-0.7669794803000288,-0.008694986236374389,0.3079474922432356,0.9348389342405405,-1.138917779753145,1.4846845014481485,0.9565589698161219,42.87375881787978,6.614340352736242,ET_somali
22.35744976508311,21.519073907446035,10.400178818712545,8.62710500377705,20.198915519184073,18.48987060816864,14.849927113677403,5,1.3828660812628286,-0.054890122457852394,-0.8885511442897512,-1.1552850638339327,1.8524248732035342,-0.38116994078135075,-0.9714191822463156,21,27,30,30,26,30,47,72,85,62,91,86,53,86,-0.7669794803000288,-0.008694986236374389,0.3079474922432356,0.9348389342405405,-1.138917779753145,1.4846845014481485,0.9565589698161219,42.86747061089095,6.648925491174844,ET_somali
19.674605053308028,16.073919821581807,10.415619841424862,11.33291587468878,18.127080065058863,16.86619885442901,18.997231638050664,5,1.5030451421664652,0.2865923445742261,-0.9822100472435463,-1.5233794192541823,1.2737576631114165,-0.3186936310699852,-1.109038507813507,21,27,29,30,26,30,47,91,90,90,143,143,87,118,-0.8046492038629011,0.010894407206609426,0.3600000564914225,0.9796475322251894,-0.7654554947049417,1.6033128297274721,0.8403850203366645,42.802073258207045,6.999627778095105,ET_somali
15.003486858705784,15.884667200183511,11.037371274149104,9.678976718931622,15.386032832464096,12.64852358339791,9.68849293100969,5,1.5030451421664652,0.2865923445742261,-0.9822100472435463,-1.5233794192541823,1.2737576631114165,-0.3186936310699852,-1.109038507813507,21,27,29,30,26,30,46,91,84,95,142,143,93,133,-0.8046492038629011,0.010894407206609426,0.3600000564914225,0.9796475322251894,-0.7654554947049417,1.6033128297274721,0.8403850203366645,42.77997470221771,7.049843602477386,ET_somali
16.834293239739804,17.59272690104899,12.259920437167471,12.64621931405249,22.380589305179303,18.52915399315099,18.093672767563245,5,1.4207623097413509,-0.07109237367622483,-0.9074907503036578,-1.1377987028402692,1.770291488954187,-0.4576098370873855,-1.018402160214964,21,27,29,30,26,30,47,45,48,42,72,72,43,62,-0.7510361385738482,-0.06381835551828934,0.3784235724048356,0.9021180721125512,-1.0925271429125925,1.4884877806826518,0.9553551147631955,43.029526688146106,6.713244865517802,ET_somali
20.896413175092786,21.349895739068746,9.63739396583841,9.812892129490027,18.884438075711753,18.013847445366103,12.85116792951885,5,1.3424411761747934,0.02739554883140905,-0.9348763698423411,-1.2005154287487443,1.8152973191414952,-0.4038762530584514,-1.0178160307481257,21,27,29,30,26,30,47,96,94,87,133,134,91,124,-0.6550383075400492,-0.09064583442686555,0.2824648445276315,0.886210832272663,-1.2442335684899954,1.5538265069958421,0.8997763415741118,42.87771140512991,6.7480096670132275,ET_somali
21.01902940743987,19.10690416303733,10.886331626123965,11.0007993350342,18.410343124886957,17.622200198225226,12.731975338490207,5,1.3900782527746869,0.10634274320472821,-0.9941298942515587,-1.3695476548205208,1.6193325981972604,-0.342731296174307,-1.0134492680969163,21,27,30,30,26,30,47,90,93,97,142,143,88,126,-0.8158393355817065,0.10750430265952693,0.3766657731288312,0.9607857411243086,-0.9942215067662312,1.4850915827970534,0.9055173022293398,42.73398095967079,6.681624167516794,ET_somali
19.693294266304257,21.794660718899923,13.374884971408209,13.23461593064041,23.19117652186105,20.730698321251236,18.16162579512196,5,1.4207623097413509,-0.07109237367622483,-0.9074907503036578,-1.1377987028402692,1.770291488954187,-0.4576098370873855,-1.018402160214964,21,27,29,30,26,30,47,41,51,44,72,72,42,64,-0.7510361385738482,-0.06381835551828934,0.3784235724048356,0.9021180721125512,-1.0925271429125925,1.4884877806826518,0.9553551147631955,43.033569106924645,6.741272302382331,ET_somali
13.954515547922762,13.7348644098101,9.180467670644195,9.618588145378922,14.537342111492212,12.440830624089532,12.15825030011391,5,1.3900782527746869,0.10634274320472821,-0.9941298942515587,-1.3695476548205208,1.6193325981972604,-0.342731296174307,-1.0134492680969163,21,27,30,30,26,30,47,130,144,159,236,253,170,223,-0.8158393355817065,0.10750430265952693,0.3766657731288312,0.9607857411243086,-0.9942215067662312,1.4850915827970534,0.9055173022293398,42.673614172577956,6.6703053949368885,ET_somali
17.866705951700016,16.13964662200074,9.402997541417104,10.550430853231337,16.47569795680445,15.485794734911925,14.610551349504027,5,1.5063391777826771,0.24178168662400112,-1.0266675041945612,-1.4539310196894664,1.2622962203743433,-0.38934939310232825,-1.0903858121647927,21,27,28,30,26,30,47,92,84,84,131,125,81,102,-0.78968660210061,-0.027228216287233986,0.30245915798447043,0.8932046212471947,-0.6293373043315555,1.6267083723059321,0.921492451907873,42.9385273498648,7.006993963424885,ET_somali
20.370999093441792,17.46296951533931,9.674208040026782,11.814797410646174,18.86499408407139,21.96700973638842,19.2955429071066,5,1.3424411761747934,0.02739554883140905,-0.9348763698423411,-1.2005154287487443,1.8152973191414952,-0.4038762530584514,-1.0178160307481257,21,27,30,30,26,30,47,45,47,51,71,72,40,68,-0.6550383075400492,-0.09064583442686555,0.2824648445276315,0.886210832272663,-1.2442335684899954,1.5538265069958421,0.8997763415741118,42.90250490697161,6.655932350390977,ET_somali
20.891222040690007,16.07337088801,14.846816174803136,11.326245518402402,16.93767767475314,13.3612511421141,10.668264611810997,5,1.3313670647796745,0.33408217025361286,-0.990003927020926,-1.4909706033130243,1.421410209212436,-0.17176761817961644,-1.1574303191230988,21,27,29,30,26,30,47,89,92,84,144,144,100,128,-0.7413820887732112,-0.12491726402441546,0.4997508483887037,1.0970592745075096,-0.6559530465070612,1.4259955867821106,0.848692823892176,42.64208330610536,6.9544425193038935,ET_somali
13.59974483197798,12.610268935496194,15.751401887241274,9.793346875541047,15.036158322026017,14.175097027966384,11.797489681739576,5,1.3313670647796745,0.33408217025361286,-0.990003927020926,-1.4909706033130243,1.421410209212436,-0.17176761817961644,-1.1574303191230988,21,27,29,30,26,30,47,90,94,91,144,144,102,118,-0.7413820887732112,-0.12491726402441546,0.4997508483887037,1.0970592745075096,-0.6559530465070612,1.4259955867821106,0.848692823892176,42.621601717627435,7.009419414692008,ET_somali
14.438197127631366,14.609608428628992,9.923272405792396,7.783748925270205,15.493561515939609,12.035327226923876,10.861016856494693,5,1.3900782527746869,0.10634274320472821,-0.9941298942515587,-1.3695476548205208,1.6193325981972604,-0.342731296174307,-1.0134492680969163,21,27,30,30,26,30,47,167,178,189,280,277,182,241,-0.8158393355817065,0.10750430265952693,0.3766657731288312,0.9607857411243086,-0.9942215067662312,1.4850915827970534,0.9055173022293398,42.681429515549794,6.66069342139681,ET_somali
20.216098048361044,23.58892395440182,13.387468605966774,10.797671301951224,25.206453410616234,28.183252978606767,31.095793383921606,5,1.3828660812628286,-0.054890122457852394,-0.8885511442897512,-1.1552850638339327,1.8524248732035342,-0.38116994078135075,-0.9714191822463156,21,27,30,30,26,30,47,40,53,50,72,72,42,66,-0.7669794803000288,-0.008694986236374389,0.3079474922432356,0.9348389342405405,-1.138917779753145,1.4846845014481485,0.9565589698161219,42.920111886540354,6.628533734225331,ET_somali
19.132063838272956,17.823606262011545,11.70277126502271,9.471325853778653,18.895357977729887,13.575170417040328,12.895030888381575,5,1.3705031788285946,0.00988723619133849,-0.9398020717560758,-1.237646973423715,1.6680610708290102,-0.4926415993444379,-1.0616273411194674,21,27,29,30,26,30,47,42,50,42,72,72,41,65,-0.7663635515775681,-0.042304921216447196,0.3071713040760836,0.8821498614189275,-0.9571661570966369,1.5599956467140308,0.9629932123119791,42.98461092394013,6.762562374615964,ET_somali
18.68981521920234,20.61900183984421,9.912124272301144,9.208148631352175,18.051230868796058,18.158562211426172,17.554826846261392,5,1.3377887939839384,0.1106550626016054,-0.9674301735449801,-1.3400859166638612,1.5336042864399364,-0.49772867155516354,-1.0933258290209085,21,27,29,30,26,30,47,40,48,48,72,71,44,66,-0.7815355128665085,-0.06123112043073587,0.2583328684564888,0.8590161265050622,-0.7931000232324755,1.6102713084275675,0.986605706309144,43.04165394448172,6.891829944000762,ET_somali
21.701050189328377,19.337749814996375,11.562803000298778,9.906616120526161,18.936398218082456,19.0521256205766,14.332521383057669,5,1.3424411761747934,0.02739554883140905,-0.9348763698423411,-1.2005154287487443,1.8152973191414952,-0.4038762530584514,-1.0178160307481257,21,27,30,30,26,30,47,42,44,47,71,72,41,62,-0.6550383075400492,-0.09064583442686555,0.2824648445276315,0.886210832272663,-1.2442335684899954,1.5538265069958421,0.8997763415741118,42.92397464226207,6.705609185602786,ET_somali
22.538589096682944,17.767620410000127,14.81502302544209,8.620984560137503,19.30197979385325,15.658797005162244,17.64773363133717,5,1.2942671431292656,0.30291830215927723,-1.0441172502983422,-1.4703674622465663,1.456248753572218,-0.27665506445260357,-1.117394992333831,21,27,29,30,26,30,47,90,78,90,142,144,96,119,-0.7195100469260853,-0.20706868697194902,0.38926912421833365,1.0168201095101896,-0.6622709776001293,1.5102863809908826,0.9223782061962802,42.60049130845063,6.908987765927446,ET_somali
19.733644381556708,17.203599418628208,13.133382994745578,8.621077129071978,17.477835101612726,16.866099467185947,10.818934626586197,5,1.3095861247509155,0.2242567326815016,-1.0193456512905577,-1.3749493021357968,1.6453684686513759,-0.3884250297343409,-1.0607866350539694,21,27,29,30,26,30,47,94,90,95,142,143,90,127,-0.7381247604668582,-0.05813004924218078,0.28113703426589864,0.9110110898846078,-1.0053278850840424,1.6129464246290137,0.9001368409041494,42.795425725104565,6.790679643008905,ET_somali
19.397708177431767,15.210442026215986,11.433290181671582,7.46870502548932,12.420395136899229,14.046306577045627,10.754128867653927,5,1.5839103670135475,0.285487724647402,-0.942065920036906,-1.5280650895907144,1.2337395053600813,-0.2556712805170081,-1.0986530123581275,21,27,29,30,26,30,46,92,94,94,143,143,96,128,-0.7633899162410078,-0.03966389454189696,0.31203503079434386,0.9539625310490043,-0.68174250625198,1.6320535541802577,0.8756915711969399,42.88355045447668,7.081104974364746,ET_somali
23.042620846063265,22.33009020519699,16.225200643432704,11.074422169933946,26.056645894232048,23.02089102012894,23.95041807211221,5,1.407008483684397,0.1804203383163563,-1.054986298270569,-1.416996578471047,1.4474468092189805,-0.3899890628808443,-1.0579568703894962,21,27,29,30,26,30,47,90,82,91,142,143,89,124,-0.8313221597807433,0.08037278804335077,0.38882913600723923,0.9466293806953973,-0.8403358247454527,1.5351453580767378,0.8825691012324263,42.743143775568804,6.800381448077395,ET_somali
17.93222668593508,18.66384227035588,11.055376698489393,9.275232126744143,18.819042499680602,20.78612576129012,15.95587992243446,5,1.5036942215666544,0.2944230519108203,-0.9673311213594943,-1.4360823744049116,1.3003856784552321,-0.3078870940886418,-1.0960057760121498,21,27,28,30,26,30,47,43,42,47,72,73,50,64,-0.7220619934328142,-0.07688209127668776,0.28686137810829604,0.8669471422337676,-0.6443881354680451,1.5905489531068844,0.9812931950140658,43.09070195899465,7.063408163267591,ET_somali
22.894880066374533,25.7190395293716,17.816264365461315,12.542224969992422,25.095527965129445,19.477382205685426,17.49455291294164,5,1.4732291531304011,-0.005768909465455083,-1.0297108808784314,-1.3352479716191006,1.49333540941377,-0.3711795182549005,-1.0063276757644537,21,27,30,30,26,30,47,92,85,82,142,142,95,124,-0.8653936212969849,0.10317323766718733,0.37019379138198916,0.9743758853594711,-0.8067475922004873,1.4712819050325052,0.9336070808582515,42.62627295710485,6.722767007529469,ET_somali
23.992392238841152,23.847932006879024,12.633410068735968,10.682665185265217,24.46324501771005,21.041288162892688,16.10909417262631,5,1.4207623097413509,-0.07109237367622483,-0.9074907503036578,-1.1377987028402692,1.770291488954187,-0.4576098370873855,-1.018402160214964,21,27,29,30,26,30,47,46,48,46,72,72,43,72,-0.7510361385738482,-0.06381835551828934,0.3784235724048356,0.9021180721125512,-1.0925271429125925,1.4884877806826518,0.9553551147631955,42.96529714533156,6.7400146609845635,ET_somali
20.981233697853284,18.528724851118213,12.061480072114511,8.705882572424539,25.406929555135193,23.123439415313847,22.132147532585083,5,1.3996224177041006,0.22208637652186744,-0.9495137425253164,-1.4025347666511756,1.3838583120291659,-0.40338245661009264,-1.1132492145627044,21,27,29,30,26,30,47,42,49,40,72,72,44,61,-0.7408197477089745,-0.04343974161851714,0.2731704108378665,0.854826489579725,-0.7190744037756035,1.5814532421499048,0.9994071672146703,43.070310202045135,7.01777374683432,ET_somali
21.78206428309488,20.274262234951582,15.854296626468521,13.709037388255279,23.42730480929995,23.334865568894084,15.978711072094292,5,1.4207623097413509,-0.07109237367622483,-0.9074907503036578,-1.1377987028402692,1.770291488954187,-0.4576098370873855,-1.018402160214964,21,27,30,30,26,30,47,42,51,46,72,73,41,59,-0.7510361385738482,-0.06381835551828934,0.3784235724048356,0.9021180721125512,-1.0925271429125925,1.4884877806826518,0.9553551147631955,42.9941330659518,6.666262976158351,ET_somali
22.06705824185301,19.823457657128813,7.7201592791244105,13.434020384396735,21.285560769334467,19.84643834668002,15.873615421088385,5,1.3828660812628286,-0.054890122457852394,-0.8885511442897512,-1.1552850638339327,1.8524248732035342,-0.38116994078135075,-0.9714191822463156,21,27,30,30,26,30,47,48,58,52,71,74,40,67,-0.7669794803000288,-0.008694986236374389,0.3079474922432356,0.9348389342405405,-1.138917779753145,1.4846845014481485,0.9565589698161219,42.87447747010708,6.629072723395803,ET_somali
17.980724232259597,17.60967517138932,8.730481063138459,10.114291408600868,17.355341141631445,14.07086135113044,13.14648436956247,5,1.3287024234453388,0.05459835881637828,-0.9302215416387265,-1.3153444241315635,1.7936634099958764,-0.2878441867731908,-0.9550414046236495,21,27,30,30,26,30,47,171,181,173,282,285,167,237,-0.837693880961428,0.11730431499484556,0.27411487886413144,0.9604009588511686,-1.0693423538664748,1.4837584530268344,0.9521533488411248,42.682866820004385,6.644613577811071,ET_somali
21.805436228076932,19.551101298916283,15.065813916926801,12.088756388354183,25.003058541061996,21.19092305760312,14.284184994359379,5,1.5063391777826771,0.24178168662400112,-1.0266675041945612,-1.4539310196894664,1.2622962203743433,-0.38934939310232825,-1.0903858121647927,21,27,29,30,26,30,47,93,89,91,143,143,87,121,-0.78968660210061,-0.027228216287233986,0.30245915798447043,0.8932046212471947,-0.6293373043315555,1.6267083723059321,0.921492451907873,42.86666212713524,6.988488668572024,ET_somali
17.87328677616583,15.44976960345464,17.49993822186804,12.425091708725443,19.31006037211726,15.320170620149996,12.824861213147688,5,1.4067916738589474,0.30024164029479794,-0.9049191400186886,-1.5192074987128292,1.3490569224826838,-0.09587811290398927,-1.1763664281784496,21,27,29,30,26,30,46,90,96,90,142,142,86,104,-0.660834964446682,-0.17369699166714472,0.4538981955983381,1.1062129274018044,-0.6778769465832822,1.472503886308751,0.8294771486119024,42.61037277657594,7.07760154475668,ET_somali
21.237806188967753,20.221188293519106,10.221374231782551,8.544524142106082,20.585789514660064,17.50062533178374,13.771115662480971,5,1.3996224177041006,0.22208637652186744,-0.9495137425253164,-1.4025347666511756,1.3838583120291659,-0.40338245661009264,-1.1132492145627044,21,27,28,30,26,30,47,46,47,44,72,71,46,60,-0.7408197477089745,-0.04343974161851714,0.2731704108378665,0.854826489579725,-0.7190744037756035,1.5814532421499048,0.9994071672146703,43.093846062489064,6.987231027174256,ET_somali
24.64080397654293,22.167568883420078,17.661345947772134,13.134836156729879,31.233477452685467,28.242538082378516,19.704759407062788,5,1.3095861247509155,0.2242567326815016,-1.0193456512905577,-1.3749493021357968,1.6453684686513759,-0.3884250297343409,-1.0607866350539694,21,27,29,30,26,30,47,94,88,101,142,142,87,131,-0.7381247604668582,-0.05813004924218078,0.28113703426589864,0.9110110898846078,-1.0053278850840424,1.6129464246290137,0.9001368409041494,42.77925604999041,6.794811893315854,ET_somali
15.88791387549212,13.95124616654836,12.397634334222094,9.47068417597955,15.245564589480427,14.569027904300746,10.901895454098447,5,1.3313670647796745,0.33408217025361286,-0.990003927020926,-1.4909706033130243,1.421410209212436,-0.17176761817961644,-1.1574303191230988,21,27,29,30,26,30,47,89,81,87,144,144,96,125,-0.7413820887732112,-0.12491726402441546,0.4997508483887037,1.0970592745075096,-0.6559530465070612,1.4259955867821106,0.848692823892176,42.648281681565784,6.995136201674508,ET_somali
21.79524816931942,17.61505504736105,11.13735191420827,10.627405664834445,25.314408058705002,21.80280718388452,16.704623400509075,5,1.4207623097413509,-0.07109237367622483,-0.9074907503036578,-1.1377987028402692,1.770291488954187,-0.4576098370873855,-1.018402160214964,21,27,30,30,26,30,47,44,45,50,72,73,40,58,-0.7510361385738482,-0.06381835551828934,0.3784235724048356,0.9021180721125512,-1.0925271429125925,1.4884877806826518,0.9553551147631955,43.02054353530492,6.6659036500447035,ET_somali
22.66404878785486,21.17714333776615,13.231812441035606,12.013568985706847,19.37916591443154,18.333307526635465,16.89229336599072,5,1.4290786361220464,-0.12943589964128605,-0.8755010053025455,-1.0740337129080755,1.8495508643579108,-0.4289610178695169,-0.9749693281753323,21,27,30,30,26,30,47,39,48,48,71,73,40,67,-0.7809844432042012,-0.008989467005223623,0.4097504550195662,0.9335393070177366,-1.1666361649848402,1.4290448451675672,0.9400511108489205,42.953978372751656,6.603470737798396,ET_somali
25.00240245653332,21.002180518879157,11.485815675244535,10.949737688642006,20.645978009768157,16.245549969730437,16.057875757619893,5,1.316326212704982,0.11697933222728593,-0.9821046266635719,-1.2911417183386236,1.6998129958690293,-0.44032376715214433,-1.0629881762254807,21,27,29,30,26,30,47,90,91,88,132,128,84,110,-0.6926845850342241,-0.09474057657722082,0.27933752732230815,0.892719244430652,-1.0768064151825376,1.5988688489038072,0.9067895627489803,42.90124726557384,6.845836201453843,ET_somali
20.011612252754613,16.03978936255602,10.930676612994615,10.782928853390406,17.81048542530749,19.7349825205973,15.124981291138457,5,1.3332550908554919,0.12509206035317993,-0.9554945712583881,-1.3179821989352114,1.7499323323416622,-0.3503192626003524,-1.0163732592748949,21,27,30,30,26,30,47,91,94,93,142,144,92,128,-0.7593107633472526,0.020901687353303326,0.2893957308993633,0.9249750348244967,-1.0923391002007654,1.547630241890747,0.9175203583052862,42.77458481051299,6.705609185602786,ET_somali
16.79388291369948,17.497360425500684,8.696522578616353,11.056342234168785,20.083368927757384,15.936033674790574,14.936805702742669,5,1.3705031788285946,0.00988723619133849,-0.9398020717560758,-1.237646973423715,1.6680610708290102,-0.4926415993444379,-1.0616273411194674,21,27,29,30,26,30,47,45,52,45,72,72,42,61,-0.7663635515775681,-0.042304921216447196,0.3071713040760836,0.8821498614189275,-0.9571661570966369,1.5599956467140308,0.9629932123119791,42.968531080354396,6.757172482911247,ET_somali
24.77889526643264,22.751856355313503,11.816406850864153,9.076718551961058,22.733820326148876,23.276912755906345,15.817161127792414,5,1.3709942589915551,-0.031148745176406693,-0.8838222834745633,-1.140471093245933,1.805235724232554,-0.4442700107354677,-1.0423948605171742,21,27,29,30,26,30,47,42,45,47,72,72,41,61,-0.6814281792928726,-0.05961064273384595,0.3499730134985623,0.8949609845938806,-1.192428572942584,1.462024633282096,0.9679184819796645,43.098247807381256,6.722767007529469,ET_somali
19.986567126653682,17.856320521756594,11.46103174606134,13.189362045639127,24.58245788371061,20.668294934630094,18.064943273699598,5,1.3828660812628286,-0.054890122457852394,-0.8885511442897512,-1.1552850638339327,1.8524248732035342,-0.38116994078135075,-0.9714191822463156,21,27,30,30,26,30,47,40,49,48,71,73,42,62,-0.7669794803000288,-0.008694986236374389,0.3079474922432356,0.9348389342405405,-1.138917779753145,1.4846845014481485,0.9565589698161219,42.94265960017175,6.625120136145677,ET_somali
24.294286671985468,24.205968135837384,12.944702326208215,9.287586114939234,24.06460393004922,21.87853240186563,19.616829445536826,5,1.4207623097413509,-0.07109237367622483,-0.9074907503036578,-1.1377987028402692,1.770291488954187,-0.4576098370873855,-1.018402160214964,21,27,30,30,26,30,47,42,44,47,72,72,38,65,-0.7510361385738482,-0.06381835551828934,0.3784235724048356,0.9021180721125512,-1.0925271429125925,1.4884877806826518,0.9553551147631955,43.02575376395281,6.673090172317659,ET_somali
15.948378457407873,13.769903330042139,11.526737763938707,11.321027047789844,14.657682572288577,12.896264669117304,12.2584327160517,5,1.4084358936560344,0.3309027414984514,-0.9612645639526001,-1.532500104018425,1.3862197198262811,-0.21995833775466872,-1.1443125572127704,21,27,29,30,26,30,47,96,92,86,142,144,100,123,-0.752615673088833,-0.014157427327226852,0.46444866223036946,1.1015266383592515,-0.8206435982246969,1.4784282655600456,0.7852250579535314,42.68987367922052,6.984266586736662,ET_somali
20.421010930975722,17.572868326241867,11.206134895230196,10.938889978453576,21.149504120516262,20.42313285801754,21.026468613056743,5,1.3424411761747934,0.02739554883140905,-0.9348763698423411,-1.2005154287487443,1.8152973191414952,-0.4038762530584514,-1.0178160307481257,21,27,30,30,26,30,47,38,42,46,71,73,39,61,-0.6550383075400492,-0.09064583442686555,0.2824648445276315,0.886210832272663,-1.2442335684899954,1.5538265069958421,0.8997763415741118,42.928645881739484,6.69015816271593,ET_somali
22.741314550110847,20.75269683971093,13.065870098203595,14.469896656309077,24.99451843590387,24.879272896819053,22.74534565467391,5,1.3138158421270127,0.04552567933431455,-0.9094480541737856,-1.2390249094513237,1.690643784122922,-0.47575578486465264,-1.08408710339862,21,27,29,30,26,30,47,46,50,46,72,71,37,63,-0.6791968017570821,-0.020838891704209404,0.29840599055552197,0.8594985881606318,-1.0797698693748627,1.5316538440340468,0.9664011083099897,43.0925884210913,6.7762167669345805,ET_somali
19.417925813859405,15.890495546708209,10.508581739930346,11.410240467766803,15.225219649743705,14.769694361218129,8.512994908019465,5,1.3332550908554919,0.12509206035317993,-0.9554945712583881,-1.3179821989352114,1.7499323323416622,-0.3503192626003524,-1.0163732592748949,21,27,30,30,26,30,47,90,92,95,143,143,90,132,-0.7593107633472526,0.020901687353303326,0.2893957308993633,0.9249750348244967,-1.0923391002007654,1.547630241890747,0.9175203583052862,42.782220490428,6.689888668130695,ET_somali
27.306838514259038,22.461816417750246,13.001144204771085,14.396976478940662,25.92548777956087,26.17434890438527,16.863234179893485,5,1.2968252562874578,0.13577389998495154,-0.932807901251562,-1.3360313725460908,1.517188342075873,-0.4853783026605439,-1.115584404764774,21,27,29,30,26,30,47,43,43,43,72,72,43,65,-0.71810801624513,-0.03477407210867093,0.258797960983234,0.8395537267676325,-0.8603947812976458,1.5798204419621427,0.9979423483851125,43.09447488318795,6.9364762136215035,ET_somali
13.554063511969508,14.229815715500166,10.571809827063356,8.302669617729517,12.536075348006719,13.206056496217908,14.713736790645886,5,1.4347951163055976,0.2071077944657692,-0.9861766377028576,-1.410938834427696,1.4035154905244418,-0.4105671404388653,-1.0911905601551661,21,27,29,30,26,30,47,47,45,48,72,71,41,63,-0.7715515146044158,-0.036224988584952246,0.2966555311767082,0.8773168631110799,-0.7537062233803018,1.6132816804366965,0.9480107398532608,42.97167518384881,7.026936562732339,ET_somali
15.50737840830591,15.106217450321068,10.16025968532127,8.21457095251726,17.72810302426359,16.314926178809248,11.877138706473675,5,1.407008483684397,0.1804203383163563,-1.054986298270569,-1.416996578471047,1.4474468092189805,-0.3899890628808443,-1.0579568703894962,21,27,29,30,26,30,47,89,89,99,142,142,101,126,-0.8313221597807433,0.08037278804335077,0.38882913600723923,0.9466293806953973,-0.8403358247454527,1.5351453580767378,0.8825691012324263,42.723560502375,6.757711472081718,ET_somali
20.27343630517112,24.437818995077578,17.72820128320854,10.273938116562677,20.27751120502707,18.758542361910937,13.811953206236758,5,1.5063391777826771,0.24178168662400112,-1.0266675041945612,-1.4539310196894664,1.2622962203743433,-0.38934939310232825,-1.0903858121647927,21,27,29,30,26,30,47,89,91,87,143,143,89,118,-0.78968660210061,-0.027228216287233986,0.30245915798447043,0.8932046212471947,-0.6293373043315555,1.6267083723059321,0.921492451907873,42.87636393220373,6.976181749179586,ET_somali
22.067772679758978,21.138961588375984,16.089937356562945,12.674658583266776,24.82909854625422,15.201894161806996,15.36214614514932,5,1.400619516498148,0.13639916686094228,-1.0588408775515223,-1.4047615765228127,1.4275721494428053,-0.358859270370405,-1.0638005916980284,21,27,29,30,26,30,47,83,94,82,142,142,100,122,-0.8132819311339723,-0.06157498970515298,0.34736931351730216,0.9688983359028114,-0.6432457301813186,1.5194175172262112,0.9543013906016251,42.62097289692855,6.808825611748119,ET_somali
18.939915459104345,17.305175528895834,9.312482509085307,11.54525280577725,20.26017384082249,14.836891938733542,11.783747971568575,5,1.3424411761747934,0.02739554883140905,-0.9348763698423411,-1.2005154287487443,1.8152973191414952,-0.4038762530584514,-1.0178160307481257,21,27,30,30,26,30,47,37,47,47,71,72,41,62,-0.6550383075400492,-0.09064583442686555,0.2824648445276315,0.886210832272663,-1.2442335684899954,1.5538265069958421,0.8997763415741118,42.91184738592645,6.710100762023384,ET_somali
16.67944715416913,17.57998413911832,8.107449276591918,7.4037450027138325,14.591688491784868,13.114230960204685,9.219779835455455,5,1.3288115917264236,0.03917750558792415,-0.9013120884647994,-1.263532628022271,1.8370250933675851,-0.3195677028417049,-0.9646230644926007,21,27,30,30,26,30,47,87,90,89,143,143,87,111,-0.7856783066195094,0.08798719049991524,0.3230095202287013,0.9751029937093896,-1.1815055715122695,1.44328535034479,0.9181569757055533,42.77260851688793,6.608950461031526,ET_somali
19.42763725195631,13.11651743222257,14.336311492654671,10.748382738048969,15.146441859080037,13.329137672013568,10.566826446478068,5,1.4084358936560344,0.3309027414984514,-0.9612645639526001,-1.532500104018425,1.3862197198262811,-0.21995833775466872,-1.1443125572127704,21,27,29,30,26,30,47,91,89,84,142,142,101,123,-0.752615673088833,-0.014157427327226852,0.46444866223036946,1.1015266383592515,-0.8206435982246969,1.4784282655600456,0.7852250579535314,42.652593594929556,6.968635900792982,ET_somali
19.182351898275297,18.928575862645726,11.793930299733875,9.591528280722073,14.17445867222021,13.859396583687179,13.03290249698401,5,1.3287024234453388,0.05459835881637828,-0.9302215416387265,-1.3153444241315635,1.7936634099958764,-0.2878441867731908,-0.9550414046236495,20,27,30,30,26,30,47,145,150,177,275,267,162,201,-0.837693880961428,0.11730431499484556,0.27411487886413144,0.9604009588511686,-1.0693423538664748,1.4837584530268344,0.9521533488411248,42.667325965589114,6.614789510378302,ET_somali
19.978075625355046,19.9504708266171,10.27665223882811,12.473633122913126,19.919960841244116,15.114167921671282,14.170596063530473,5,1.316326212704982,0.11697933222728593,-0.9821046266635719,-1.2911417183386236,1.6998129958690293,-0.44032376715214433,-1.0629881762254807,21,27,29,30,26,30,47,42,52,45,71,73,43,71,-0.6926845850342241,-0.09474057657722082,0.27933752732230815,0.892719244430652,-1.0768064151825376,1.5988688489038072,0.9067895627489803,42.90924227160251,6.772713337326515,ET_somali
22.503938462910202,18.494137487818016,13.497604304842659,8.887892126539322,23.986401989390465,21.093544299336592,11.971773247063444,5,1.3424411761747934,0.02739554883140905,-0.9348763698423411,-1.2005154287487443,1.8152973191414952,-0.4038762530584514,-1.0178160307481257,21,27,29,30,26,30,47,91,94,93,142,142,95,128,-0.6550383075400492,-0.09064583442686555,0.2824648445276315,0.886210832272663,-1.2442335684899954,1.5538265069958421,0.8997763415741118,42.8558823437258,6.730851845086544,ET_somali
22.011796411374412,20.34415367434787,10.35849999765699,8.412199957440913,16.500675539510627,16.775591367962992,14.466426349385651,5,1.393882301410419,-0.02517015549634814,-0.9696928174383549,-1.2901792547752802,1.7258094835776487,-0.3032088524634255,-0.9482693891086471,21,27,30,30,26,30,47,84,81,88,144,142,98,126,-0.8741532011435286,0.13472682323734192,0.34075208076764874,0.999568210388954,-1.0418677795059146,1.437113971445194,0.9353153955422646,42.62600346251962,6.601404612644922,ET_somali
20.651721695654796,19.751780825932514,14.059681202446258,12.304399507914109,23.770025442246922,21.389888800855427,15.911342219917909,5,1.4207623097413509,-0.07109237367622483,-0.9074907503036578,-1.1377987028402692,1.770291488954187,-0.4576098370873855,-1.018402160214964,21,27,30,30,26,30,47,40,54,46,72,71,40,62,-0.7510361385738482,-0.06381835551828934,0.3784235724048356,0.9021180721125512,-1.0925271429125925,1.4884877806826518,0.9553551147631955,43.03114365565752,6.691236141056874,ET_somali
17.616727156691848,16.42472493138904,10.331718650318326,11.783304187817297,16.106638849095347,15.3114625221325,10.954955058959044,5,1.3288115917264236,0.03917750558792415,-0.9013120884647994,-1.263532628022271,1.8370250933675851,-0.3195677028417049,-0.9646230644926007,21,27,30,30,26,30,47,95,93,97,142,144,92,129,-0.7856783066195094,0.08798719049991524,0.3230095202287013,0.9751029937093896,-1.1815055715122695,1.44328535034479,0.9181569757055533,42.79003583339984,6.644254251697423,ET_somali
19.145884821597356,21.079211341440274,14.683648116051863,11.191185619394691,15.762747065277933,14.130419396066856,15.064412532888067,5,1.3663618028862188,0.19593722101677602,-1.0172774660890156,-1.3942693854685455,1.4662668310454214,-0.4587425174361079,-1.0937059315808724,21,27,29,30,26,30,47,87,89,85,143,144,90,120,-0.7902065993071062,-0.02851830880413578,0.30062857562481743,0.8846597191206492,-0.7993147577048151,1.619773985161801,0.927235899630435,42.85031278896427,6.893896069154238,ET_somali
17.62359881519771,18.76394873530804,12.746556277468876,10.379209672535483,20.323917114199194,18.994826417592872,16.595037936415796,5,1.3709942589915551,-0.031148745176406693,-0.8838222834745633,-1.140471093245933,1.805235724232554,-0.4442700107354677,-1.0423948605171742,21,27,30,30,26,30,47,42,53,45,72,72,41,65,-0.6814281792928726,-0.05961064273384595,0.3499730134985623,0.8949609845938806,-1.192428572942584,1.462024633282096,0.9679184819796645,43.091959600392414,6.675066465942722,ET_somali
15.65856485606824,15.525287362317505,13.613825844004937,11.39922657145945,11.136007157537323,10.390379912620354,12.307143107302366,5,1.2942671431292656,0.30291830215927723,-1.0441172502983422,-1.4703674622465663,1.456248753572218,-0.27665506445260357,-1.117394992333831,21,27,29,30,26,30,47,90,100,85,142,144,104,128,-0.7195100469260853,-0.20706868697194902,0.38926912421833365,1.0168201095101896,-0.6622709776001293,1.5102863809908826,0.9223782061962802,42.64370027361677,6.887338367580165,ET_somali
23.393204867780042,21.141823113562896,13.213043395668278,13.013031317490166,25.95311590902859,26.289438545122525,19.302701289217868,5,1.3138158421270127,0.04552567933431455,-0.9094480541737856,-1.2390249094513237,1.690643784122922,-0.47575578486465264,-1.08408710339862,21,27,29,30,26,30,47,44,47,47,72,72,42,60,-0.6791968017570821,-0.020838891704209404,0.29840599055552197,0.8594985881606318,-1.0797698693748627,1.5316538440340468,0.9664011083099897,43.08001200711362,6.75501652622936,ET_somali
23.97775089280068,21.80126662466392,11.564463240580794,14.800929207861294,21.99642294152974,21.353214995364844,18.39515920712747,5,1.2968252562874578,0.13577389998495154,-0.932807901251562,-1.3360313725460908,1.517188342075873,-0.4853783026605439,-1.115584404764774,21,27,29,30,26,30,47,41,46,45,72,71,39,65,-0.71810801624513,-0.03477407210867093,0.258797960983234,0.8395537267676325,-0.8603947812976458,1.5798204419621427,0.9979423483851125,43.07426278929526,6.912221700950276,ET_somali
19.505725683076808,18.69145656969085,11.020477846750122,8.435452192598879,21.431360076857583,21.69594484777929,17.559346265447267,5,1.4207623097413509,-0.07109237367622483,-0.9074907503036578,-1.1377987028402692,1.770291488954187,-0.4576098370873855,-1.018402160214964,21,27,30,30,26,30,47,43,45,48,72,72,41,63,-0.7510361385738482,-0.06381835551828934,0.3784235724048356,0.9021180721125512,-1.0925271429125925,1.4884877806826518,0.9553551147631955,43.0452472056182,6.688361532147691,ET_somali
21.682315621024472,20.291853143069286,10.214533534142122,10.227808687652193,24.603238914826587,21.011002351378103,18.234089368759594,5,1.3138158421270127,0.04552567933431455,-0.9094480541737856,-1.2390249094513237,1.690643784122922,-0.47575578486465264,-1.08408710339862,21,27,29,30,26,30,47,42,44,44,72,72,41,61,-0.6791968017570821,-0.020838891704209404,0.29840599055552197,0.8594985881606318,-1.0797698693748627,1.5316538440340468,0.9664011083099897,43.08980364371053,6.813137525111893,ET_somali
20.868196339597446,18.43135773116668,12.143907125370882,11.386887752152749,17.61225280919629,11.662955046146493,16.892065042721516,5,1.4732291531304011,-0.005768909465455083,-1.0297108808784314,-1.3352479716191006,1.49333540941377,-0.3711795182549005,-1.0063276757644537,21,27,30,30,26,30,47,86,95,86,142,141,107,136,-0.8653936212969849,0.10317323766718733,0.37019379138198916,0.9743758853594711,-0.8067475922004873,1.4712819050325052,0.9336070808582515,42.60507271639963,6.7182754311088715,ET_somali
22.483753098543694,18.45411643659528,12.774418922621763,12.083776807524307,16.456957227736314,13.685962319844664,15.341819374308029,5,1.400619516498148,0.13639916686094228,-1.0588408775515223,-1.4047615765228127,1.4275721494428053,-0.358859270370405,-1.0638005916980284,21,27,29,30,26,30,47,98,92,85,142,142,94,118,-0.8132819311339723,-0.06157498970515298,0.34736931351730216,0.9688983359028114,-0.6432457301813186,1.5194175172262112,0.9543013906016251,42.645946061827075,6.810891736901594,ET_somali
22.973005549203272,20.102598565584803,10.315914916121006,15.653363515202658,22.254069581945092,20.007313732010385,16.34264944357619,5,1.2968252562874578,0.13577389998495154,-0.932807901251562,-1.3360313725460908,1.517188342075873,-0.4853783026605439,-1.115584404764774,21,27,29,30,26,30,47,50,49,44,72,71,41,61,-0.71810801624513,-0.03477407210867093,0.258797960983234,0.8395537267676325,-0.8603947812976458,1.5798204419621427,0.9979423483851125,43.0738136316532,6.892279101642822,ET_somali
19.490755100335956,18.187035544437713,15.308732294670484,12.00030997920252,24.837082814607147,22.542627957594092,18.92284377335279,5,1.4207623097413509,-0.07109237367622483,-0.9074907503036578,-1.1377987028402692,1.770291488954187,-0.4576098370873855,-1.018402160214964,21,27,30,30,26,30,47,44,44,48,72,72,42,61,-0.7510361385738482,-0.06381835551828934,0.3784235724048356,0.9021180721125512,-1.0925271429125925,1.4884877806826518,0.9553551147631955,43.01353667608878,6.655303529692093,ET_somali
14.88528207736203,15.413651724301749,10.85830907566572,9.442389074415418,16.432886869770783,12.664821900263917,19.42086614375323,5,1.3900782527746869,0.10634274320472821,-0.9941298942515587,-1.3695476548205208,1.6193325981972604,-0.342731296174307,-1.0134492680969163,21,27,30,30,26,30,47,89,94,94,142,144,90,137,-0.8158393355817065,0.10750430265952693,0.3766657731288312,0.9607857411243086,-0.9942215067662312,1.4850915827970534,0.9055173022293398,42.74718619434734,6.674886802885898,ET_somali
16.51183278938343,15.527619221695966,15.13533539703591,9.467813886350829,16.238852577194187,14.490287237857316,14.077591826988966,5,1.3313670647796745,0.33408217025361286,-0.990003927020926,-1.4909706033130243,1.421410209212436,-0.17176761817961644,-1.1574303191230988,21,27,29,30,26,30,46,92,84,88,144,144,98,102,-0.7413820887732112,-0.12491726402441546,0.4997508483887037,1.0970592745075096,-0.6559530465070612,1.4259955867821106,0.848692823892176,42.6295967236561,7.032416285965468,ET_somali
13.324317107527188,13.05576468660023,12.401523703570872,12.044991359703532,14.216062020862015,11.48549011404919,11.202412535635231,5,1.4732291531304011,-0.005768909465455083,-1.0297108808784314,-1.3352479716191006,1.49333540941377,-0.3711795182549005,-1.0063276757644537,21,27,30,30,26,30,47,84,93,90,144,142,112,132,-0.8653936212969849,0.10317323766718733,0.37019379138198916,0.9743758853594711,-0.8067475922004873,1.4712819050325052,0.9336070808582515,42.647113871696426,6.6871937222783355,ET_somali
20.99354819818115,16.102503360642515,16.372800789767204,11.641541332418821,18.449422034102803,16.56200969511353,16.18094448163934,5,1.4067916738589474,0.30024164029479794,-0.9049191400186886,-1.5192074987128292,1.3490569224826838,-0.09587811290398927,-1.1763664281784496,21,27,29,30,26,30,46,86,90,81,144,142,98,101,-0.660834964446682,-0.17369699166714472,0.4538981955983381,1.1062129274018044,-0.6778769465832822,1.472503886308751,0.8294771486119024,42.64873083920784,7.098622122405077,ET_somali
18.423653873036784,17.461819998480426,10.386355569351585,14.276020152851725,17.232298373860694,13.737650188526207,11.692875478400607,5,1.3900782527746869,0.10634274320472821,-0.9941298942515587,-1.3695476548205208,1.6193325981972604,-0.342731296174307,-1.0134492680969163,21,27,30,30,26,30,47,89,98,94,142,142,93,128,-0.8158393355817065,0.10750430265952693,0.3766657731288312,0.9607857411243086,-0.9942215067662312,1.4850915827970534,0.9055173022293398,42.71619431704522,6.696895527346826,ET_somali
18.87900331497366,18.248150185536474,10.351683791486769,11.003324804420298,17.916204594647187,16.26917170820647,15.00164926435926,5,1.3288115917264236,0.03917750558792415,-0.9013120884647994,-1.263532628022271,1.8370250933675851,-0.3195677028417049,-0.9646230644926007,21,27,30,30,26,30,47,93,94,93,143,144,91,125,-0.7856783066195094,0.08798719049991524,0.3230095202287013,0.9751029937093896,-1.1815055715122695,1.44328535034479,0.9181569757055533,42.80081561680928,6.625299799202501,ET_somali
20.307161840140257,21.88621644359118,14.319451640841333,12.001877173952154,24.639193423164738,19.832453616778324,17.17564324494423,5,1.42362209503469,-0.07087024344796874,-0.8843980533966588,-1.0636822526878953,1.8404640340867289,-0.4239166526236274,-1.019117206610683,21,27,30,30,26,30,47,38,49,47,72,73,37,62,-0.7824802733293926,0.02534468688994516,0.41532964288699115,0.926798954029622,-1.2342303007561926,1.4296792912261351,0.9198888932221956,43.08872566536959,6.643805094055363,ET_somali
19.656835945067144,20.833375977771503,13.053290169817167,8.361418745918925,19.366986050613683,16.97238802128834,17.193578062421654,5,1.3377887939839384,0.1106550626016054,-0.9674301735449801,-1.3400859166638612,1.5336042864399364,-0.49772867155516354,-1.0933258290209085,21,27,29,30,26,30,47,45,50,44,72,71,41,63,-0.7815355128665085,-0.06123112043073587,0.2583328684564888,0.8590161265050622,-0.7931000232324755,1.6102713084275675,0.986605706309144,42.969968384808986,6.862455034210054,ET_somali
18.676633368231766,20.895756676200648,8.803096701834368,11.050483295194407,15.693068456051849,16.021828412260575,12.47400452384203,5,1.3288115917264236,0.03917750558792415,-0.9013120884647994,-1.263532628022271,1.8370250933675851,-0.3195677028417049,-0.9646230644926007,21,27,30,30,26,30,47,88,92,93,143,144,91,122,-0.7856783066195094,0.08798719049991524,0.3230095202287013,0.9751029937093896,-1.1815055715122695,1.44328535034479,0.9181569757055533,42.80180376362181,6.610208102429293,ET_somali
17.1231618001194,17.618987913637003,13.380026816058207,13.212495125515153,18.165378074304396,16.75280628067618,14.99426819442889,5,1.4347951163055976,0.2071077944657692,-0.9861766377028576,-1.410938834427696,1.4035154905244418,-0.4105671404388653,-1.0911905601551661,21,27,28,30,26,30,47,45,44,48,72,72,39,64,-0.7715515146044158,-0.036224988584952246,0.2966555311767082,0.8773168631110799,-0.7537062233803018,1.6132816804366965,0.9480107398532608,43.00096026211111,7.016336442379728,ET_somali
18.295988005258103,14.685830765923656,15.730548626792997,10.473178245486707,20.986648738931894,17.508927706899144,11.325197818730247,5,1.3313670647796745,0.33408217025361286,-0.990003927020926,-1.4909706033130243,1.421410209212436,-0.17176761817961644,-1.1574303191230988,21,27,29,30,26,30,47,90,83,86,144,144,94,120,-0.7413820887732112,-0.12491726402441546,0.4997508483887037,1.0970592745075096,-0.6559530465070612,1.4259955867821106,0.848692823892176,42.64944949143514,6.993429402634681,ET_somali
17.724242027262505,16.633705176745558,10.240839990421032,9.765892370402858,14.751142104140667,14.202885578084526,13.63787032147365,5,1.5839103670135475,0.285487724647402,-0.942065920036906,-1.5280650895907144,1.2337395053600813,-0.2556712805170081,-1.0986530123581275,21,27,29,30,26,30,46,89,88,90,143,144,89,122,-0.7633899162410078,-0.03966389454189696,0.31203503079434386,0.9539625310490043,-0.68174250625198,1.6320535541802577,0.8756915711969399,42.866212969493176,7.073199799864494,ET_somali
18.706978253788073,19.411927752685894,7.838812135185607,7.998469708974552,15.528821870800696,13.769936121778342,14.872636196207871,5,1.316326212704982,0.11697933222728593,-0.9821046266635719,-1.2911417183386236,1.6998129958690293,-0.44032376715214433,-1.0629881762254807,21,27,29,30,26,30,47,45,51,46,71,71,42,69,-0.6926845850342241,-0.09474057657722082,0.27933752732230815,0.892719244430652,-1.0768064151825376,1.5988688489038072,0.9067895627489803,42.92559160977348,6.789601664667961,ET_somali
22.368777116151673,22.747118722663505,14.398523313319146,11.73019978005633,23.62623775511784,26.339798640411594,24.441217901812973,5,1.3138158421270127,0.04552567933431455,-0.9094480541737856,-1.2390249094513237,1.690643784122922,-0.47575578486465264,-1.08408710339862,21,27,29,30,26,30,47,46,50,45,72,71,37,63,-0.6791968017570821,-0.020838891704209404,0.29840599055552197,0.8594985881606318,-1.0797698693748627,1.5316538440340468,0.9664011083099897,43.09169010580718,6.7766659245766405,ET_somali
20.829543586447443,18.62202020062313,10.632838050673424,9.707946373753657,16.916774473266045,16.59894472590535,14.933638416849943,5,1.5030451421664652,0.2865923445742261,-0.9822100472435463,-1.5233794192541823,1.2737576631114165,-0.3186936310699852,-1.109038507813507,21,27,29,30,26,30,47,87,91,94,143,144,87,121,-0.8046492038629011,0.010894407206609426,0.3600000564914225,0.9796475322251894,-0.7654554947049417,1.6033128297274721,0.8403850203366645,42.77494413662664,6.9897463099697905,ET_somali
19.91438051482844,18.86324792538747,12.127741407419105,10.291681934944622,21.783203591936168,20.13750636709837,18.794791619021566,5,1.3709942589915551,-0.031148745176406693,-0.8838222834745633,-1.140471093245933,1.805235724232554,-0.4442700107354677,-1.0423948605171742,21,27,29,30,26,30,47,42,48,49,72,71,45,68,-0.6814281792928726,-0.05961064273384595,0.3499730134985623,0.8949609845938806,-1.192428572942584,1.462024633282096,0.9679184819796645,43.05818294570952,6.693481929267173,ET_somali
23.549444135478065,20.95127853075116,14.149248107440018,14.514106277714959,24.658898627446604,18.98241332151096,16.095280385256665,5,1.3705031788285946,0.00988723619133849,-0.9398020717560758,-1.237646973423715,1.6680610708290102,-0.4926415993444379,-1.0616273411194674,21,27,29,30,26,30,47,48,47,42,72,72,43,64,-0.7663635515775681,-0.042304921216447196,0.3071713040760836,0.8821498614189275,-0.9571661570966369,1.5599956467140308,0.9629932123119791,42.99170761468468,6.788523686327018,ET_somali
19.60982525450519,15.87345926210528,10.298570166298434,9.082407919674726,16.958381184016833,16.097477792214132,17.211879428408686,5,1.3996224177041006,0.22208637652186744,-0.9495137425253164,-1.4025347666511756,1.3838583120291659,-0.40338245661009264,-1.1132492145627044,21,27,28,30,26,30,47,46,45,44,72,71,41,57,-0.7408197477089745,-0.04343974161851714,0.2731704108378665,0.854826489579725,-0.7190744037756035,1.5814532421499048,0.9994071672146703,43.091959600392414,6.978607200446708,ET_somali
20.940287082376067,20.562512887244985,11.542270133164424,11.773102173299518,19.515946778049805,18.483988248409577,14.000550653961824,5,1.3377887939839384,0.1106550626016054,-0.9674301735449801,-1.3400859166638612,1.5336042864399364,-0.49772867155516354,-1.0933258290209085,21,27,29,30,26,30,47,42,50,45,72,71,40,62,-0.7815355128665085,-0.06123112043073587,0.2583328684564888,0.8590161265050622,-0.7931000232324755,1.6102713084275675,0.986605706309144,43.0392284932146,6.871258523994426,ET_somali
24.227186403093658,22.713186783380884,12.519170065502113,13.434277018104927,28.152016358002506,27.684512976528563,16.19238128573305,5,1.5036942215666544,0.2944230519108203,-0.9673311213594943,-1.4360823744049116,1.3003856784552321,-0.3078870940886418,-1.0960057760121498,21,27,28,30,26,30,47,42,44,42,72,72,43,63,-0.7220619934328142,-0.07688209127668776,0.28686137810829604,0.8669471422337676,-0.6443881354680451,1.5905489531068844,0.9812931950140658,43.07803571348856,7.08865082275135,ET_somali
29.832396066457555,27.04276201642846,17.904137492622826,16.690781898929462,25.24341337831696,21.928300246610466,17.7631167685641,5,1.3332550908554919,0.12509206035317993,-0.9554945712583881,-1.3179821989352114,1.7499323323416622,-0.3503192626003524,-1.0163732592748949,21,27,30,30,26,30,47,90,93,92,143,143,88,131,-0.7593107633472526,0.020901687353303326,0.2893957308993633,0.9249750348244967,-1.0923391002007654,1.547630241890747,0.9175203583052862,42.78105268055865,6.687014059221512,ET_somali
23.637133603752705,23.840602026256,12.927076411731797,9.186085175048767,20.31188170811457,19.907839160055808,16.555579888762328,5,1.393882301410419,-0.02517015549634814,-0.9696928174383549,-1.2901792547752802,1.7258094835776487,-0.3032088524634255,-0.9482693891086471,21,27,30,30,26,30,47,82,86,88,144,142,96,128,-0.8741532011435286,0.13472682323734192,0.34075208076764874,0.999568210388954,-1.0418677795059146,1.437113971445194,0.9353153955422646,42.62717127238898,6.601853770286981,ET_somali
22.40089467873678,19.572540652963227,12.23672055166321,10.590863785627487,20.78975811636349,17.04536360852051,15.103238818164652,5,1.400619516498148,0.13639916686094228,-1.0588408775515223,-1.4047615765228127,1.4275721494428053,-0.358859270370405,-1.0638005916980284,21,27,29,30,26,30,47,95,84,88,142,142,97,118,-0.8132819311339723,-0.06157498970515298,0.34736931351730216,0.9688983359028114,-0.6432457301813186,1.5194175172262112,0.9543013906016251,42.64073583317918,6.81852741681661,ET_somali
19.25199374532267,20.330999046760212,14.342184749769626,12.152992900376606,21.73154876663244,17.260164094853142,14.296588318750166,5,1.42362209503469,-0.07087024344796874,-0.8843980533966588,-1.0636822526878953,1.8404640340867289,-0.4239166526236274,-1.019117206610683,21,27,30,30,26,30,47,44,52,47,72,73,39,67,-0.7824802733293926,0.02534468688994516,0.41532964288699115,0.926798954029622,-1.2342303007561926,1.4296792912261351,0.9198888932221956,43.096271513756186,6.6376965501233505,ET_somali
18.288544156176524,13.462782867006739,14.230488682216311,10.994792938659806,15.863226397108518,12.512465906778846,12.073090134811498,5,1.3313670647796745,0.33408217025361286,-0.990003927020926,-1.4909706033130243,1.421410209212436,-0.17176761817961644,-1.1574303191230988,21,27,29,30,26,30,47,87,82,86,144,144,98,108,-0.7413820887732112,-0.12491726402441546,0.4997508483887037,1.0970592745075096,-0.6559530465070612,1.4259955867821106,0.848692823892176,42.63013571282657,6.950759426639004,ET_somali
19.947172718691444,15.696962002310444,12.065486502064909,8.460036686416501,14.783204670066958,12.876129822189164,12.921864210499104,5,1.4732291531304011,-0.005768909465455083,-1.0297108808784314,-1.3352479716191006,1.49333540941377,-0.3711795182549005,-1.0063276757644537,21,27,30,30,26,30,47,92,91,82,144,142,97,122,-0.8653936212969849,0.10317323766718733,0.37019379138198916,0.9743758853594711,-0.8067475922004873,1.4712819050325052,0.9336070808582515,42.60758799919517,6.68000720000538,ET_somali
21.36935348193784,19.360075515856572,9.277752642202023,7.009221652587844,18.625338723663205,17.51757202112296,12.597201050712167,5,1.3377887939839384,0.1106550626016054,-0.9674301735449801,-1.3400859166638612,1.5336042864399364,-0.49772867155516354,-1.0933258290209085,21,27,29,30,26,30,47,46,45,45,72,72,38,69,-0.7815355128665085,-0.06123112043073587,0.2583328684564888,0.8590161265050622,-0.7931000232324755,1.6102713084275675,0.986605706309144,42.985149913110604,6.934679583053264,ET_somali
17.551750006613585,15.75757925016216,10.987694735924189,10.997772107093516,17.288291225099407,16.807090073175882,13.543410465392906,5,1.3900782527746869,0.10634274320472821,-0.9941298942515587,-1.3695476548205208,1.6193325981972604,-0.342731296174307,-1.0134492680969163,21,27,30,30,26,30,47,162,160,187,274,267,183,250,-0.8158393355817065,0.10750430265952693,0.3766657731288312,0.9607857411243086,-0.9942215067662312,1.4850915827970534,0.9055173022293398,42.68484311362945,6.695098896778588,ET_somali
17.856674763127018,16.695842738557253,11.10083838601841,10.21527318839929,17.66354472658828,16.921660907476205,23.290066868076543,5,1.5378304748729796,0.29440647957412996,-0.9818492325885356,-1.4681264253172972,1.3087434789943189,-0.2959948798965038,-1.075461385391725,21,27,28,30,26,30,47,40,42,44,71,73,46,64,-0.7383149784943459,-0.06007062330801151,0.3066679868303539,0.8975185215363489,-0.7160638493040622,1.627672463740368,0.9192799526073637,43.02566393242439,7.086854192183111,ET_somali
20.413250896148845,24.13778891458294,15.886392398703327,11.735672568157954,22.42191588975638,21.206668640994756,18.691204895950225,5,1.3138158421270127,0.04552567933431455,-0.9094480541737856,-1.2390249094513237,1.690643784122922,-0.47575578486465264,-1.08408710339862,21,27,29,30,26,30,47,42,49,43,72,72,42,64,-0.6791968017570821,-0.020838891704209404,0.29840599055552197,0.8594985881606318,-1.0797698693748627,1.5316538440340468,0.9664011083099897,43.07013053898831,6.762831869201199,ET_somali
22.35810238377446,19.12012773891439,11.988621083254879,12.457587244700983,22.588221039669747,19.824759929588854,17.720434352536163,5,1.3138158421270127,0.04552567933431455,-0.9094480541737856,-1.2390249094513237,1.690643784122922,-0.47575578486465264,-1.08408710339862,21,27,29,30,26,30,47,44,49,45,72,72,44,64,-0.6791968017570821,-0.020838891704209404,0.29840599055552197,0.8594985881606318,-1.0797698693748627,1.5316538440340468,0.9664011083099897,43.08306627907963,6.845207380754959,ET_somali
14.689971113071328,17.424401516824194,14.12148858147127,9.298850468003536,17.9381000263263,17.40752277284,16.870230657437734,5,1.5378304748729796,0.29440647957412996,-0.9818492325885356,-1.4681264253172972,1.3087434789943189,-0.2959948798965038,-1.075461385391725,21,27,29,30,26,30,47,46,44,46,72,73,43,71,-0.7383149784943459,-0.06007062330801151,0.3066679868303539,0.8975185215363489,-0.7160638493040622,1.627672463740368,0.9192799526073637,43.030245340373405,7.050023265534211,ET_somali
19.48415133329512,17.917457667413487,16.996682226704596,8.509539202807302,19.31314956975653,19.871399659263428,14.325584026880406,5,1.3095861247509155,0.2242567326815016,-1.0193456512905577,-1.3749493021357968,1.6453684686513759,-0.3884250297343409,-1.0607866350539694,21,27,29,30,26,30,47,92,86,97,142,142,95,121,-0.7381247604668582,-0.05813004924218078,0.28113703426589864,0.9110110898846078,-1.0053278850840424,1.6129464246290137,0.9001368409041494,42.81878192249167,6.805322182140053,ET_somali
20.12020405820866,20.68924615908881,12.456319783610539,11.54679747289527,26.548292675133464,22.75895376755919,15.040216074224036,5,1.5036942215666544,0.2944230519108203,-0.9673311213594943,-1.4360823744049116,1.3003856784552321,-0.3078870940886418,-1.0960057760121498,21,27,28,30,26,30,47,41,44,41,72,71,43,63,-0.7220619934328142,-0.07688209127668776,0.28686137810829604,0.8669471422337676,-0.6443881354680451,1.5905489531068844,0.9812931950140658,43.075071273050966,7.083171099518221,ET_somali
19.07760028024455,16.3993115796856,10.460286379219898,10.111398326536706,17.74723435437149,17.205149008016758,16.765039941281035,5,1.3996224177041006,0.22208637652186744,-0.9495137425253164,-1.4025347666511756,1.3838583120291659,-0.40338245661009264,-1.1132492145627044,21,27,28,30,26,30,47,45,47,44,72,71,41,58,-0.7408197477089745,-0.04343974161851714,0.2731704108378665,0.854826489579725,-0.7190744037756035,1.5814532421499048,0.9994071672146703,43.09312741026177,6.976181749179586,ET_somali
20.732356915435904,17.944556301537688,9.39412068861453,8.698614431771597,16.499893852743046,18.588440343499474,17.96937019535742,5,1.3424411761747934,0.02739554883140905,-0.9348763698423411,-1.2005154287487443,1.8152973191414952,-0.4038762530584514,-1.0178160307481257,21,27,30,30,26,30,47,82,91,82,113,102,76,101,-0.6550383075400492,-0.09064583442686555,0.2824648445276315,0.886210832272663,-1.2442335684899954,1.5538265069958421,0.8997763415741118,42.872860502595664,6.693032771625113,ET_somali
18.60143845773134,17.834494340868254,11.617714986950876,8.786382270625799,14.605812935321099,14.818777976799968,11.11093141391638,5,1.316326212704982,0.11697933222728593,-0.9821046266635719,-1.2911417183386236,1.6998129958690293,-0.44032376715214433,-1.0629881762254807,21,27,29,30,26,30,47,91,85,97,142,142,89,130,-0.6926845850342241,-0.09474057657722082,0.27933752732230815,0.892719244430652,-1.0768064151825376,1.5988688489038072,0.9067895627489803,42.8655841487943,6.761753890860256,ET_somali
20.96706557502312,17.397067110293467,8.599101933877995,10.017439686769956,19.157017945273864,15.7470549176454,15.094633338673352,5,1.3828660812628286,-0.054890122457852394,-0.8885511442897512,-1.1552850638339327,1.8524248732035342,-0.38116994078135075,-0.9714191822463156,21,27,30,30,26,30,47,78,88,62,97,93,62,90,-0.7669794803000288,-0.008694986236374389,0.3079474922432356,0.9348389342405405,-1.138917779753145,1.4846845014481485,0.9565589698161219,42.86468583351018,6.644433914754247,ET_somali
18.73523461809556,16.195026846728336,11.636058213199249,11.124834313729181,15.126215175980404,15.212253329690476,11.010195091770138,5,1.5839103670135475,0.285487724647402,-0.942065920036906,-1.5280650895907144,1.2337395053600813,-0.2556712805170081,-1.0986530123581275,21,27,29,30,26,30,46,86,88,96,143,145,96,125,-0.7633899162410078,-0.03966389454189696,0.31203503079434386,0.9539625310490043,-0.68174250625198,1.6320535541802577,0.8756915711969399,42.859026447220224,7.0967356603084255,ET_somali
17.520114527534464,16.646060954647016,10.953251581321064,9.10277191760848,17.127678942022463,14.986997596164233,13.289727187830469,5,1.393882301410419,-0.02517015549634814,-0.9696928174383549,-1.2901792547752802,1.7258094835776487,-0.3032088524634255,-0.9482693891086471,21,27,30,30,26,30,47,79,75,84,144,142,96,106,-0.8741532011435286,0.13472682323734192,0.34075208076764874,0.999568210388954,-1.0418677795059146,1.437113971445194,0.9353153955422646,42.63992734942347,6.623952326276322,ET_somali
16.975887420964387,17.711947211700114,9.945588049478715,7.882060076794111,13.44398636894607,12.507708522719426,12.11436377045857,5,1.5378304748729796,0.29440647957412996,-0.9818492325885356,-1.4681264253172972,1.3087434789943189,-0.2959948798965038,-1.075461385391725,21,27,28,30,26,30,46,43,46,45,72,72,40,63,-0.7383149784943459,-0.06007062330801151,0.3066679868303539,0.8975185215363489,-0.7160638493040622,1.627672463740368,0.9192799526073637,42.99655851721892,7.094220377512891,ET_somali
17.127430842138033,16.497288988121664,14.120638119975712,9.506674123975758,14.716270980633757,14.464648792434295,9.616017293851357,5,1.5733858058459746,0.27372393283131174,-0.8375177938835515,-1.598599440962303,1.2702982726484775,-0.18428116743744616,-1.1322006898645225,21,27,29,30,26,30,46,81,71,94,136,134,83,119,-0.7308091217297271,-0.003545944958714707,0.37666470897094495,1.0821154811164058,-0.8795532030806916,1.5804058907242826,0.7647295449680561,42.76407452168879,7.057569113920815,ET_somali
20.805670163928895,19.64470613591264,9.596414388837367,10.644883645355085,21.323189802523583,21.063182414678206,16.82684486241794,5,1.3332550908554919,0.12509206035317993,-0.9554945712583881,-1.3179821989352114,1.7499323323416622,-0.3503192626003524,-1.0163732592748949,21,27,29,30,26,30,47,85,90,94,142,143,87,123,-0.7593107633472526,0.020901687353303326,0.2893957308993633,0.9249750348244967,-1.0923391002007654,1.547630241890747,0.9175203583052862,42.80692416074129,6.740373987098211,ET_somali
22.44764135721735,21.656522619012694,11.373286820587401,10.775433029463292,16.4476100898986,15.90370398349274,15.449720770811195,5,1.3900782527746869,0.10634274320472821,-0.9941298942515587,-1.3695476548205208,1.6193325981972604,-0.342731296174307,-1.0134492680969163,21,27,30,30,26,30,47,103,121,137,211,222,142,184,-0.8158393355817065,0.10750430265952693,0.3766657731288312,0.9607857411243086,-0.9942215067662312,1.4850915827970534,0.9055173022293398,42.68807704865228,6.749087645354171,ET_somali
22.95212021926003,24.278034821126248,10.963522105915775,10.68724093189561,17.174265828279275,15.803465862191585,12.1956895604645,5,1.3287024234453388,0.05459835881637828,-0.9302215416387265,-1.3153444241315635,1.7936634099958764,-0.2878441867731908,-0.9550414046236495,21,27,30,30,26,30,47,176,191,174,284,283,176,231,-0.837693880961428,0.11730431499484556,0.27411487886413144,0.9604009588511686,-1.0693423538664748,1.4837584530268344,0.9521533488411248,42.68816688018069,6.600506297360802,ET_somali
20.810583273608323,19.547597911812172,8.684128968123925,7.115124685417079,16.900676575426868,12.762340840431698,17.863638715431474,5,1.5030451421664652,0.2865923445742261,-0.9822100472435463,-1.5233794192541823,1.2737576631114165,-0.3186936310699852,-1.109038507813507,21,27,29,30,26,30,47,91,88,96,143,142,86,122,-0.8046492038629011,0.010894407206609426,0.3600000564914225,0.9796475322251894,-0.7654554947049417,1.6033128297274721,0.8403850203366645,42.80413938336052,7.018582230590027,ET_somali
17.167092131426944,19.275352243027626,17.01993691303037,12.595181851239001,13.963496188508266,15.609845326666944,13.664018358537692,5,1.407008483684397,0.1804203383163563,-1.054986298270569,-1.416996578471047,1.4474468092189805,-0.3899890628808443,-1.0579568703894962,21,27,29,30,26,30,47,86,91,91,142,142,95,125,-0.8313221597807433,0.08037278804335077,0.38882913600723923,0.9466293806953973,-0.8403358247454527,1.5351453580767378,0.8825691012324263,42.7137688657781,6.787445707986074,ET_somali
21.134349907592465,19.581008123539174,12.983039674489959,11.074155785936497,19.529444760621725,19.459028132198902,13.874310441113739,5,1.3900782527746869,0.10634274320472821,-0.9941298942515587,-1.3695476548205208,1.6193325981972604,-0.342731296174307,-1.0134492680969163,21,27,30,30,26,30,47,87,92,92,142,141,90,125,-0.8158393355817065,0.10750430265952693,0.3766657731288312,0.9607857411243086,-0.9942215067662312,1.4850915827970534,0.9055173022293398,42.73290298132984,6.699141315557125,ET_somali
21.111741786350418,19.366611420231038,11.452900990223307,12.099293927580174,18.517209483500803,16.029522529345662,15.541820880549396,5,1.3424411761747934,0.02739554883140905,-0.9348763698423411,-1.2005154287487443,1.8152973191414952,-0.4038762530584514,-1.0178160307481257,21,27,30,30,26,30,47,42,49,47,71,74,41,65,-0.6550383075400492,-0.09064583442686555,0.2824648445276315,0.886210832272663,-1.2442335684899954,1.5538265069958421,0.8997763415741118,42.89244377578947,6.692763277039877,ET_somali
17.53649540105044,19.95293548718083,9.373952918389703,9.59116523660501,18.12230177822699,14.175735355555243,14.405127355689801,5,1.316326212704982,0.11697933222728593,-0.9821046266635719,-1.2911417183386236,1.6998129958690293,-0.44032376715214433,-1.0629881762254807,21,27,29,30,26,30,47,49,53,45,72,72,45,75,-0.6926845850342241,-0.09474057657722082,0.27933752732230815,0.892719244430652,-1.0768064151825376,1.5988688489038072,0.9067895627489803,42.939605328205744,6.764628499769438,ET_somali
23.83301881163014,20.299323263823904,11.221461145661351,13.212044540754148,18.183779480902484,20.477010671139595,12.609929291521745,5,1.3332550908554919,0.12509206035317993,-0.9554945712583881,-1.3179821989352114,1.7499323323416622,-0.3503192626003524,-1.0163732592748949,21,27,30,30,26,30,47,85,93,92,142,144,89,122,-0.7593107633472526,0.020901687353303326,0.2893957308993633,0.9249750348244967,-1.0923391002007654,1.547630241890747,0.9175203583052862,42.78841886588843,6.699231147085538,ET_somali
19.11308831227972,19.219310906463658,10.918408077584754,8.40236544157842,20.963074124382732,18.114067946375087,14.75433576200023,5,1.3705031788285946,0.00988723619133849,-0.9398020717560758,-1.237646973423715,1.6680610708290102,-0.4926415993444379,-1.0616273411194674,21,27,29,30,26,30,47,45,47,42,72,72,40,61,-0.7663635515775681,-0.042304921216447196,0.3071713040760836,0.8821498614189275,-0.9571661570966369,1.5599956467140308,0.9629932123119791,42.982095641144596,6.801459426418339,ET_somali
19.595178703368877,17.54724379425847,13.842398261712814,8.097076386783934,14.120287078917949,14.159184629820057,12.901196690009643,5,1.3332550908554919,0.12509206035317993,-0.9554945712583881,-1.3179821989352114,1.7499323323416622,-0.3503192626003524,-1.0163732592748949,21,27,30,30,26,30,47,93,93,95,143,144,97,130,-0.7593107633472526,0.020901687353303326,0.2893957308993633,0.9249750348244967,-1.0923391002007654,1.547630241890747,0.9175203583052862,42.772069527717456,6.6598849376411025,ET_somali
15.094108814680506,14.571890046809498,6.567163329716916,6.566672315606691,15.72867240705787,13.888746147171341,12.273425347004546,5,1.3900782527746869,0.10634274320472821,-0.9941298942515587,-1.3695476548205208,1.6193325981972604,-0.342731296174307,-1.0134492680969163,21,27,30,30,26,30,47,87,99,92,142,142,92,134,-0.8158393355817065,0.10750430265952693,0.3766657731288312,0.9607857411243086,-0.9942215067662312,1.4850915827970534,0.9055173022293398,42.73020803547748,6.6643765140617,ET_somali
19.305205988605895,15.907635874933156,14.64387721746166,9.077022275736155,13.281621992722075,11.244569184729645,12.25930984973549,5,1.4084358936560344,0.3309027414984514,-0.9612645639526001,-1.532500104018425,1.3862197198262811,-0.21995833775466872,-1.1443125572127704,21,27,29,30,26,30,47,46,47,45,72,72,51,57,-0.752615673088833,-0.014157427327226852,0.46444866223036946,1.1015266383592515,-0.8206435982246969,1.4784282655600456,0.7852250579535314,42.71278071896557,6.980313999486536,ET_somali
17.084032603003156,17.36732184113403,10.686860960231279,10.265269567561603,16.01983773845474,15.490136871916535,11.334950202178407,5,1.5030451421664652,0.2865923445742261,-0.9822100472435463,-1.5233794192541823,1.2737576631114165,-0.3186936310699852,-1.109038507813507,21,27,29,30,26,30,47,88,91,92,143,143,90,130,-0.8046492038629011,0.010894407206609426,0.3600000564914225,0.9796475322251894,-0.7654554947049417,1.6033128297274721,0.8403850203366645,42.8468093593562,7.047777477323912,ET_somali
21.383753607438234,21.36360667272915,11.785888094411,9.727036626977783,27.41359038916127,24.261605480791594,16.11621114561492,5,1.4347951163055976,0.2071077944657692,-0.9861766377028576,-1.410938834427696,1.4035154905244418,-0.4105671404388653,-1.0911905601551661,21,27,28,30,26,30,47,39,42,47,72,72,41,63,-0.7715515146044158,-0.036224988584952246,0.2966555311767082,0.8773168631110799,-0.7537062233803018,1.6132816804366965,0.9480107398532608,43.02126218753221,6.981481809355891,ET_somali
20.106847280182745,18.76620252027747,7.966157401433546,9.881405229739526,19.9055251594785,16.698602362673295,17.709748548601564,5,1.2968252562874578,0.13577389998495154,-0.932807901251562,-1.3360313725460908,1.517188342075873,-0.4853783026605439,-1.115584404764774,21,27,29,30,26,30,47,48,38,42,72,71,42,62,-0.71810801624513,-0.03477407210867093,0.258797960983234,0.8395537267676325,-0.8603947812976458,1.5798204419621427,0.9979423483851125,43.095103703886835,6.885362073955102,ET_somali
21.296354037658354,14.743819937194537,13.727378136986612,9.992266945296947,23.79251273748495,22.298463312208792,23.13419112286699,5,1.4084358936560344,0.3309027414984514,-0.9612645639526001,-1.532500104018425,1.3862197198262811,-0.21995833775466872,-1.1443125572127704,21,27,29,30,26,30,46,47,48,47,72,71,45,60,-0.752615673088833,-0.014157427327226852,0.46444866223036946,1.1015266383592515,-0.8206435982246969,1.4784282655600456,0.7852250579535314,42.73739455775044,7.037626514613361,ET_somali
21.858029648457347,19.201191001991276,9.543309012929967,10.469085150088587,20.45494206091334,17.634168397459668,13.858245230633921,5,1.3377887939839384,0.1106550626016054,-0.9674301735449801,-1.3400859166638612,1.5336042864399364,-0.49772867155516354,-1.0933258290209085,21,27,29,30,26,30,47,46,43,47,72,71,37,67,-0.7815355128665085,-0.06123112043073587,0.2583328684564888,0.8590161265050622,-0.7931000232324755,1.6102713084275675,0.986605706309144,43.00626032228741,6.949771279826472,ET_somali
17.354813454944395,12.742174871878506,14.773815125156776,10.607317730940721,16.477140456928172,13.080947254861385,10.837167058524694,5,1.3313670647796745,0.33408217025361286,-0.990003927020926,-1.4909706033130243,1.421410209212436,-0.17176761817961644,-1.1574303191230988,21,27,29,30,26,30,46,87,85,91,144,144,88,108,-0.7413820887732112,-0.12491726402441546,0.4997508483887037,1.0970592745075096,-0.6559530465070612,1.4259955867821106,0.848692823892176,42.62968655518451,7.046070678284084,ET_somali
19.09184699518402,16.744264644578994,8.978210469203429,11.553276138407659,17.05415505078582,15.758371212834414,18.07757733500306,5,1.3332550908554919,0.12509206035317993,-0.9554945712583881,-1.3179821989352114,1.7499323323416622,-0.3503192626003524,-1.0163732592748949,21,27,30,30,26,30,47,86,90,97,142,143,96,130,-0.7593107633472526,0.020901687353303326,0.2893957308993633,0.9249750348244967,-1.0923391002007654,1.547630241890747,0.9175203583052862,42.77269834841634,6.7402841555698,ET_somali
17.34663668487746,13.44446102519375,6.952991515085825,10.155112259800703,13.55208548567506,12.28591716175953,15.761782116773588,5,1.3332550908554919,0.12509206035317993,-0.9554945712583881,-1.3179821989352114,1.7499323323416622,-0.3503192626003524,-1.0163732592748949,21,27,30,30,26,30,47,88,90,94,143,143,88,139,-0.7593107633472526,0.020901687353303326,0.2893957308993633,0.9249750348244967,-1.0923391002007654,1.547630241890747,0.9175203583052862,42.7528455806373,6.704710870318666,ET_somali
20.252193202528883,20.397565587022424,11.958527175719478,12.16792008590348,21.752966401226203,19.300055242059287,15.168155335501945,5,1.2968252562874578,0.13577389998495154,-0.932807901251562,-1.3360313725460908,1.517188342075873,-0.4853783026605439,-1.115584404764774,21,27,29,30,26,30,47,45,46,48,72,72,42,58,-0.71810801624513,-0.03477407210867093,0.258797960983234,0.8395537267676325,-0.8603947812976458,1.5798204419621427,0.9979423483851125,43.061686375317585,6.909077597455858,ET_somali
18.734027656247672,19.518027369069454,12.567673706230044,8.737301861230089,22.776718938319053,20.870432388327885,13.994608713130425,5,1.4347951163055976,0.2071077944657692,-0.9861766377028576,-1.410938834427696,1.4035154905244418,-0.4105671404388653,-1.0911905601551661,21,27,29,30,26,30,47,42,45,45,72,71,47,66,-0.7715515146044158,-0.036224988584952246,0.2966555311767082,0.8773168631110799,-0.7537062233803018,1.6132816804366965,0.9480107398532608,43.00473318630441,7.048496129551207,ET_somali
19.057860094923157,14.412902657916526,14.603603109811473,9.955853898413876,16.499941945839474,12.531689507630258,13.660874520472813,5,1.4067916738589474,0.30024164029479794,-0.9049191400186886,-1.5192074987128292,1.3490569224826838,-0.09587811290398927,-1.1763664281784496,21,27,29,30,26,30,46,90,93,85,144,142,100,108,-0.660834964446682,-0.17369699166714472,0.4538981955983381,1.1062129274018044,-0.6778769465832822,1.472503886308751,0.8294771486119024,42.63696290898588,7.08775250746723,ET_somali
18.651981653010207,19.09418676122369,12.797357146430144,12.319930488085303,23.35709422530755,23.659740973830893,15.463320540376946,5,1.3424411761747934,0.02739554883140905,-0.9348763698423411,-1.2005154287487443,1.8152973191414952,-0.4038762530584514,-1.0178160307481257,21,27,29,30,26,30,47,43,48,47,72,72,46,77,-0.6550383075400492,-0.09064583442686555,0.2824648445276315,0.886210832272663,-1.2442335684899954,1.5538265069958421,0.8997763415741118,42.93969515973416,6.735882410677614,ET_somali
20.18572113185592,18.753671969379177,13.28600870336479,10.121792567256211,15.116913332752546,12.960185790164338,15.124352262851177,1,1.4732291531304011,-0.005768909465455083,-1.0297108808784314,-1.3352479716191006,1.49333540941377,-0.3711795182549005,-1.0063276757644537,21,27,30,30,26,30,47,82,84,81,144,142,98,124,-0.8653936212969849,0.10317323766718733,0.37019379138198916,0.9743758853594711,-0.8067475922004873,1.4712819050325052,0.9336070808582515,42.60076080303586,6.664017187948052,ET_somali
20.196700700397187,13.80442524645873,10.703902128670803,9.944583736873545,11.686832786365686,9.740031229192969,11.929323472943219,5,1.4084358936560344,0.3309027414984514,-0.9612645639526001,-1.532500104018425,1.3862197198262811,-0.21995833775466872,-1.1443125572127704,21,27,29,30,26,30,47,92,96,89,144,144,98,114,-0.752615673088833,-0.014157427327226852,0.46444866223036946,1.1015266383592515,-0.8206435982246969,1.4784282655600456,0.7852250579535314,42.700024641931066,6.952286562622007,ET_somali
14.842759236914798,14.792158700412422,12.50052853820337,13.154815193762085,12.534468047874231,10.240943647876199,10.731122612170882,5,1.4084358936560344,0.3309027414984514,-0.9612645639526001,-1.532500104018425,1.3862197198262811,-0.21995833775466872,-1.1443125572127704,21,27,29,30,26,30,47,92,92,84,142,144,94,121,-0.752615673088833,-0.014157427327226852,0.46444866223036946,1.1015266383592515,-0.8206435982246969,1.4784282655600456,0.7852250579535314,42.672356531180185,6.955610329173249,ET_somali
15.921804191291933,17.167253733179315,10.915629636124665,9.684576977023783,14.354482159979035,14.204223376515866,13.619264941656004,5,1.3529914239389917,0.3157675186770018,-1.0549876825709128,-1.4759813025757542,1.4123174523930355,-0.33667610988158714,-1.1056214429427367,21,27,29,30,26,30,47,90,92,79,142,144,98,118,-0.7963231715208423,0.00823037814722508,0.43153191118324025,0.9903462842578282,-0.8114760612824062,1.5310615073607412,0.845754486140632,42.67864473816903,6.867395768272712,ET_somali
24.754727157091548,29.829276664033593,16.261107935223095,11.598086859145758,26.697281372377706,22.214850780478265,19.8003598436783,5,1.3663618028862188,0.19593722101677602,-1.0172774660890156,-1.3942693854685455,1.4662668310454214,-0.4587425174361079,-1.0937059315808724,21,27,29,30,26,30,47,91,89,94,143,143,93,124,-0.7902065993071062,-0.02851830880413578,0.30062857562481743,0.8846597191206492,-0.7993147577048151,1.619773985161801,0.927235899630435,42.893431922602,6.928211713007603,ET_somali
16.709925237543192,17.324446725918797,8.187787445872049,8.22846803629889,14.723630430097582,12.377581794304291,9.235763552169994,5,1.3288115917264236,0.03917750558792415,-0.9013120884647994,-1.263532628022271,1.8370250933675851,-0.3195677028417049,-0.9646230644926007,21,27,30,30,26,30,47,87,90,91,143,143,89,110,-0.7856783066195094,0.08798719049991524,0.3230095202287013,0.9751029937093896,-1.1815055715122695,1.44328535034479,0.9181569757055533,42.77422548439934,6.607243661991698,ET_somali
19.67008515663862,18.08944177703395,13.129214415370589,13.151003975231303,17.07506631938886,14.548443228606843,12.796865771287793,5,1.4732291531304011,-0.005768909465455083,-1.0297108808784314,-1.3352479716191006,1.49333540941377,-0.3711795182549005,-1.0063276757644537,21,27,30,30,26,30,47,88,85,90,142,140,108,119,-0.8653936212969849,0.10317323766718733,0.37019379138198916,0.9743758853594711,-0.8067475922004873,1.4712819050325052,0.9336070808582515,42.61594233133748,6.739206177228856,ET_somali
19.556249995287924,20.836720081957303,13.061909630932224,10.524079141437847,25.505995639966585,25.96071454279645,17.171748608866896,5,1.42362209503469,-0.07087024344796874,-0.8843980533966588,-1.0636822526878953,1.8404640340867289,-0.4239166526236274,-1.019117206610683,21,27,30,30,26,30,47,44,49,47,72,73,42,63,-0.7824802733293926,0.02534468688994516,0.41532964288699115,0.926798954029622,-1.2342303007561926,1.4296792912261351,0.9198888932221956,43.082437458380745,6.647937344362313,ET_somali
16.20958661933216,12.538949801846513,10.312959116081196,9.907044585058529,9.459597561713357,12.524778994495374,12.557059529627484,5,1.3529914239389917,0.3157675186770018,-1.0549876825709128,-1.4759813025757542,1.4123174523930355,-0.33667610988158714,-1.1056214429427367,21,27,29,30,26,30,47,93,88,84,142,144,102,122,-0.7963231715208423,0.00823037814722508,0.43153191118324025,0.9903462842578282,-0.8114760612824062,1.5310615073607412,0.845754486140632,42.68529227127151,6.942135599911456,ET_somali
15.54298281128273,14.789556538435129,10.518739684824814,9.880528391645361,11.184807398164873,12.037857810558714,10.304981175345043,5,1.3095861247509155,0.2242567326815016,-1.0193456512905577,-1.3749493021357968,1.6453684686513759,-0.3884250297343409,-1.0607866350539694,21,27,29,30,26,30,47,94,92,92,142,142,88,124,-0.7381247604668582,-0.05813004924218078,0.28113703426589864,0.9110110898846078,-1.0053278850840424,1.6129464246290137,0.9001368409041494,42.842138119878776,6.807927296463999,ET_somali
17.8820994591371,15.519698904945027,6.7059258477835435,7.871908219007946,16.381437613342683,13.441923428097242,15.486870636819157,5,1.3288115917264236,0.03917750558792415,-0.9013120884647994,-1.263532628022271,1.8370250933675851,-0.3195677028417049,-0.9646230644926007,21,27,30,30,26,30,47,89,91,88,143,144,92,126,-0.7856783066195094,0.08798719049991524,0.3230095202287013,0.9751029937093896,-1.1815055715122695,1.44328535034479,0.9181569757055533,42.77907638693359,6.6447932408678945,ET_somali
14.649776373919567,17.45496183451535,10.347859417046484,7.609587278817025,13.353515265078496,15.840566720407244,11.741055472834578,5,1.4347951163055976,0.2071077944657692,-0.9861766377028576,-1.410938834427696,1.4035154905244418,-0.4105671404388653,-1.0911905601551661,21,27,28,30,26,30,47,44,44,43,72,72,42,60,-0.7715515146044158,-0.036224988584952246,0.2966555311767082,0.8773168631110799,-0.7537062233803018,1.6132816804366965,0.9480107398532608,43.00985358342389,6.996393843072275,ET_somali
17.503934340954018,15.353667634591739,9.870570747822049,8.233252174441084,14.35456873720419,12.767116714435636,12.193882079923558,5,1.3869023844779442,0.29033591700995026,-1.0644881475602936,-1.4482877695010932,1.3869599699559951,-0.41263332804443714,-1.0879945896679215,21,27,29,30,26,30,47,90,90,91,143,142,92,121,-0.7924194943489292,0.028092417789271996,0.3773680612427183,0.935499828770558,-0.8611025911221218,1.5951465155755056,0.8399069467520772,42.786352740734955,6.910694564967272,ET_somali
20.25563030619243,15.046836871672104,10.953755920119958,9.755291705040811,16.729151238036074,15.153740565128825,17.724509090330137,5,1.3332550908554919,0.12509206035317993,-0.9554945712583881,-1.3179821989352114,1.7499323323416622,-0.3503192626003524,-1.0163732592748949,21,27,30,30,26,30,47,93,96,97,143,144,91,125,-0.7593107633472526,0.020901687353303326,0.2893957308993633,0.9249750348244967,-1.0923391002007654,1.547630241890747,0.9175203583052862,42.77979503916088,6.663478198777581,ET_somali
16.555059433854538,15.74562883768943,10.665110167199241,9.11925445355247,17.209179945295613,11.85357984316942,17.57763955325573,1,1.3287024234453388,0.05459835881637828,-0.9302215416387265,-1.3153444241315635,1.7936634099958764,-0.2878441867731908,-0.9550414046236495,21,27,30,30,26,30,47,91,93,87,143,144,92,128,-0.837693880961428,0.11730431499484556,0.27411487886413144,0.9604009588511686,-1.0693423538664748,1.4837584530268344,0.9521533488411248,42.73739455775044,6.641199979731416,ET_somali
16.06107500416937,14.450381535392003,16.51515847647502,12.12393899561675,17.820637407826744,14.060566510929762,10.069179490567572,5,1.3313670647796745,0.33408217025361286,-0.990003927020926,-1.4909706033130243,1.421410209212436,-0.17176761817961644,-1.1574303191230988,21,27,29,30,26,30,46,91,89,88,142,144,105,113,-0.7413820887732112,-0.12491726402441546,0.4997508483887037,1.0970592745075096,-0.6559530465070612,1.4259955867821106,0.848692823892176,42.60192861290522,7.009868572334068,ET_somali
19.318674455658044,17.1562041202456,12.129335717624823,12.012002252212733,14.395094597485288,9.12280641664677,13.410010845631824,5,1.4732291531304011,-0.005768909465455083,-1.0297108808784314,-1.3352479716191006,1.49333540941377,-0.3711795182549005,-1.0063276757644537,21,27,30,30,26,30,47,88,89,84,142,142,102,132,-0.8653936212969849,0.10317323766718733,0.37019379138198916,0.9743758853594711,-0.8067475922004873,1.4712819050325052,0.9336070808582515,42.63651375134382,6.710999077307503,ET_somali
22.746881536141164,20.375326189418377,9.944154362596858,7.715039719675894,14.21005381773737,14.54417023251208,10.011740719616085,5,1.316326212704982,0.11697933222728593,-0.9821046266635719,-1.2911417183386236,1.6998129958690293,-0.44032376715214433,-1.0629881762254807,21,27,29,30,26,30,47,88,89,92,142,142,92,131,-0.6926845850342241,-0.09474057657722082,0.27933752732230815,0.892719244430652,-1.0768064151825376,1.5988688489038072,0.9067895627489803,42.85731964818039,6.771635358985571,ET_somali
22.12867708786064,21.11647372664162,12.228794405208847,13.799076832368153,23.045244049101445,19.86205242637289,16.761480517455958,5,1.3705031788285946,0.00988723619133849,-0.9398020717560758,-1.237646973423715,1.6680610708290102,-0.4926415993444379,-1.0616273411194674,21,27,29,30,26,30,47,42,48,39,72,71,39,59,-0.7663635515775681,-0.042304921216447196,0.3071713040760836,0.8821498614189275,-0.9571661570966369,1.5599956467140308,0.9629932123119791,43.033209780811,6.804962856026405,ET_somali
22.584590171673607,19.680056841906588,12.715459289547372,12.676711763585399,21.814966320478746,17.97806988738188,15.307114461980376,5,1.2968252562874578,0.13577389998495154,-0.932807901251562,-1.3360313725460908,1.517188342075873,-0.4853783026605439,-1.115584404764774,21,27,29,30,26,30,47,41,44,43,72,71,43,67,-0.71810801624513,-0.03477407210867093,0.258797960983234,0.8395537267676325,-0.8603947812976458,1.5798204419621427,0.9979423483851125,43.08216796379551,6.861736381982759,ET_somali
19.587488027146826,19.4096502925965,11.497379714365366,11.78041600581722,22.729553295074584,19.158432435647764,18.046942670751047,5,1.3705031788285946,0.00988723619133849,-0.9398020717560758,-1.237646973423715,1.6680610708290102,-0.4926415993444379,-1.0616273411194674,21,27,29,30,26,30,47,43,48,43,72,71,40,61,-0.7663635515775681,-0.042304921216447196,0.3071713040760836,0.8821498614189275,-0.9571661570966369,1.5599956467140308,0.9629932123119791,42.9889228373039,6.805322182140053,ET_somali
18.58095175653729,18.126655671981027,9.74904157397366,8.786925875575603,21.21385989580535,21.934039621027388,19.60302480804382,5,1.3709942589915551,-0.031148745176406693,-0.8838222834745633,-1.140471093245933,1.805235724232554,-0.4442700107354677,-1.0423948605171742,21,27,29,30,26,30,47,44,52,47,72,72,44,60,-0.6814281792928726,-0.05961064273384595,0.3499730134985623,0.8949609845938806,-1.192428572942584,1.462024633282096,0.9679184819796645,43.08261712143757,6.733636622467315,ET_somali
16.86535142916259,15.947906591982912,12.476734488566677,7.468139560285074,14.516640819962333,11.03049730720261,14.267622887201712,5,1.4732291531304011,-0.005768909465455083,-1.0297108808784314,-1.3352479716191006,1.49333540941377,-0.3711795182549005,-1.0063276757644537,21,27,30,30,26,30,47,88,91,88,142,142,104,134,-0.8653936212969849,0.10317323766718733,0.37019379138198916,0.9743758853594711,-0.8067475922004873,1.4712819050325052,0.9336070808582515,42.60076080303586,6.715131327614453,ET_somali
18.477217503698636,18.085964108299173,11.08480621492732,6.539552902728278,16.647496672270574,13.85624733811963,13.72620770247182,5,1.3287024234453388,0.05459835881637828,-0.9302215416387265,-1.3153444241315635,1.7936634099958764,-0.2878441867731908,-0.9550414046236495,21,27,30,30,26,30,47,87,94,87,143,144,89,125,-0.837693880961428,0.11730431499484556,0.27411487886413144,0.9604009588511686,-1.0693423538664748,1.4837584530268344,0.9521533488411248,42.74107765041533,6.636618571782407,ET_somali
16.348034553521384,15.849401620415877,10.127240354480103,9.689304531824574,20.303383189670058,19.46081587120543,11.066214410882376,5,1.3424411761747934,0.02739554883140905,-0.9348763698423411,-1.2005154287487443,1.8152973191414952,-0.4038762530584514,-1.0178160307481257,21,27,29,30,26,30,47,46,49,45,72,72,45,74,-0.6550383075400492,-0.09064583442686555,0.2824648445276315,0.886210832272663,-1.2442335684899954,1.5538265069958421,0.8997763415741118,42.93619173012609,6.726809426308007,ET_somali
15.875085778727499,17.669098017932356,9.271871280048865,8.724474040941933,26.31143734504472,22.187200922259933,19.690823517340128,5,1.5063391777826771,0.24178168662400112,-1.0266675041945612,-1.4539310196894664,1.2622962203743433,-0.38934939310232825,-1.0903858121647927,21,27,28,30,26,30,47,70,77,59,92,81,54,74,-0.78968660210061,-0.027228216287233986,0.30245915798447043,0.8932046212471947,-0.6293373043315555,1.6267083723059321,0.921492451907873,42.94589353519458,6.995315864731332,ET_somali
19.452159455077588,20.073376686767247,12.453546204326901,11.20928834964338,21.504058079403066,19.609468650805162,16.993678080317704,5,1.3663618028862188,0.19593722101677602,-1.0172774660890156,-1.3942693854685455,1.4662668310454214,-0.4587425174361079,-1.0937059315808724,21,27,29,30,26,30,47,48,46,43,72,72,43,64,-0.7902065993071062,-0.02851830880413578,0.30062857562481743,0.8846597191206492,-0.7993147577048151,1.619773985161801,0.927235899630435,42.943468083927456,6.901711412126078,ET_somali
22.03002915760598,18.786824936942836,15.238087757246225,11.807924151108098,21.345603319688383,17.166164361906613,14.412373921130422,5,1.400619516498148,0.13639916686094228,-1.0588408775515223,-1.4047615765228127,1.4275721494428053,-0.358859270370405,-1.0638005916980284,21,27,29,30,26,30,47,83,86,82,142,142,94,120,-0.8132819311339723,-0.06157498970515298,0.34736931351730216,0.9688983359028114,-0.6432457301813186,1.5194175172262112,0.9543013906016251,42.63265099562211,6.84107513044801,ET_somali
18.65351775564628,19.490085137961835,12.865684187454137,8.336654695706244,23.270847279608088,20.41461529073299,18.625775221791244,5,1.3996224177041006,0.22208637652186744,-0.9495137425253164,-1.4025347666511756,1.3838583120291659,-0.40338245661009264,-1.1132492145627044,21,27,29,30,26,30,47,42,44,47,72,72,45,56,-0.7408197477089745,-0.04343974161851714,0.2731704108378665,0.854826489579725,-0.7190744037756035,1.5814532421499048,0.9994071672146703,43.06905256064737,7.033673927363235,ET_somali
22.205255529064477,17.359609308228908,8.835458954182606,12.190226282958044,23.976506702752463,20.660741769074132,18.354355642956865,5,1.3705031788285946,0.00988723619133849,-0.9398020717560758,-1.237646973423715,1.6680610708290102,-0.4926415993444379,-1.0616273411194674,21,27,29,30,26,30,47,44,49,46,72,72,44,64,-0.7663635515775681,-0.042304921216447196,0.3071713040760836,0.8821498614189275,-0.9571661570966369,1.5599956467140308,0.9629932123119791,42.99557037040639,6.750165623695114,ET_somali
17.281381656485678,15.83683232147015,9.372589741528914,9.512298772071444,15.036173365092807,18.209073325407523,14.709486860627592,5,1.3900782527746869,0.10634274320472821,-0.9941298942515587,-1.3695476548205208,1.6193325981972604,-0.342731296174307,-1.0134492680969163,21,27,30,30,26,30,47,91,96,95,143,142,97,138,-0.8158393355817065,0.10750430265952693,0.3766657731288312,0.9607857411243086,-0.9942215067662312,1.4850915827970534,0.9055173022293398,42.74377259626769,6.662849378078697,ET_somali
21.040086443032617,17.8334862458467,14.97913134398853,10.568144620575472,25.171611273942542,24.22003578545775,17.51594405311568,5,1.3095861247509155,0.2242567326815016,-1.0193456512905577,-1.3749493021357968,1.6453684686513759,-0.3884250297343409,-1.0607866350539694,21,27,29,30,26,30,47,92,90,93,142,142,94,125,-0.7381247604668582,-0.05813004924218078,0.28113703426589864,0.9110110898846078,-1.0053278850840424,1.6129464246290137,0.9001368409041494,42.82713625463398,6.809184937861767,ET_somali
16.918800285898232,18.83992136620113,11.551873074544352,9.817765747200786,18.985030656910293,21.818085163473455,18.78784282900835,5,1.5036942215666544,0.2944230519108203,-0.9673311213594943,-1.4360823744049116,1.3003856784552321,-0.3078870940886418,-1.0960057760121498,21,27,28,30,26,30,47,42,42,46,72,73,50,64,-0.7220619934328142,-0.07688209127668776,0.28686137810829604,0.8669471422337676,-0.6443881354680451,1.5905489531068844,0.9812931950140658,43.091061285108296,7.063767489381239,ET_somali
17.971595742422366,15.651409162384459,9.815275821248166,9.347410185008568,16.35420181276494,12.61173565714656,9.056314369379187,5,1.4207623097413509,-0.07109237367622483,-0.9074907503036578,-1.1377987028402692,1.770291488954187,-0.4576098370873855,-1.018402160214964,21,27,29,30,26,30,47,41,51,50,72,72,40,62,-0.7510361385738482,-0.06381835551828934,0.3784235724048356,0.9021180721125512,-1.0925271429125925,1.4884877806826518,0.9553551147631955,42.97643625485465,6.726090774080711,ET_somali
19.38323098406102,16.800202335227112,10.081198647033197,6.799466009374255,20.62289994269218,17.645329098198232,15.51496443691015,5,1.5063391777826771,0.24178168662400112,-1.0266675041945612,-1.4539310196894664,1.2622962203743433,-0.38934939310232825,-1.0903858121647927,21,27,29,30,26,30,47,88,90,93,143,143,91,118,-0.78968660210061,-0.027228216287233986,0.30245915798447043,0.8932046212471947,-0.6293373043315555,1.6267083723059321,0.921492451907873,42.87034521980013,6.9972921583563945,ET_somali
19.04718872338833,20.1647341662415,9.540704986016992,8.656290246482524,23.073232046916694,20.40724527894566,19.046792097317685,5,1.3424411761747934,0.02739554883140905,-0.9348763698423411,-1.2005154287487443,1.8152973191414952,-0.4038762530584514,-1.0178160307481257,21,27,30,30,26,30,47,43,44,45,71,73,42,67,-0.6550383075400492,-0.09064583442686555,0.2824648445276315,0.886210832272663,-1.2442335684899954,1.5538265069958421,0.8997763415741118,42.917955929858465,6.685217428653273,ET_somali
23.944632695779674,23.189154226414182,13.471303159505887,10.142521107407191,22.42408206176536,17.556550510856013,20.65376991968054,5,1.3663618028862188,0.19593722101677602,-1.0172774660890156,-1.3942693854685455,1.4662668310454214,-0.4587425174361079,-1.0937059315808724,21,27,29,30,26,30,47,85,83,79,114,101,72,96,-0.7902065993071062,-0.02851830880413578,0.30062857562481743,0.8846597191206492,-0.7993147577048151,1.619773985161801,0.927235899630435,42.916518625403874,6.889134998148404,ET_somali
16.965070587109068,14.58464019422913,8.631461729494745,5.059512626249779,14.95380613415468,13.154182606576182,16.59074072614164,5,1.5030451421664652,0.2865923445742261,-0.9822100472435463,-1.5233794192541823,1.2737576631114165,-0.3186936310699852,-1.109038507813507,21,27,29,30,26,30,47,91,93,97,143,143,87,122,-0.8046492038629011,0.010894407206609426,0.3600000564914225,0.9796475322251894,-0.7654554947049417,1.6033128297274721,0.8403850203366645,42.79174263243967,6.971420678173753,ET_somali
19.934522578972917,18.074191802244577,10.58871190800204,6.907777909227953,17.572017343558212,16.130773045122407,13.389239238004796,5,1.407008483684397,0.1804203383163563,-1.054986298270569,-1.416996578471047,1.4474468092189805,-0.3899890628808443,-1.0579568703894962,21,27,29,30,26,30,47,86,89,91,142,142,86,124,-0.8313221597807433,0.08037278804335077,0.38882913600723923,0.9466293806953973,-0.8403358247454527,1.5351453580767378,0.8825691012324263,42.7318250029889,6.771635358985571,ET_somali
20.050756222312636,20.825222040536726,16.956623127907356,11.094117057829909,19.043025414171133,15.788138282910083,15.040988062472096,5,1.400619516498148,0.13639916686094228,-1.0588408775515223,-1.4047615765228127,1.4275721494428053,-0.358859270370405,-1.0638005916980284,21,27,29,30,26,30,47,81,89,88,142,142,95,111,-0.8132819311339723,-0.06157498970515298,0.34736931351730216,0.9688983359028114,-0.6432457301813186,1.5194175172262112,0.9543013906016251,42.60399473805869,6.780079522656294,ET_somali
20.416454443506083,20.24287990156627,13.639672486593474,9.124266741393464,20.37759152288058,19.326718840198687,17.87183289409381,5,1.4207623097413509,-0.07109237367622483,-0.9074907503036578,-1.1377987028402692,1.770291488954187,-0.4576098370873855,-1.018402160214964,21,27,29,30,26,30,47,43,49,48,72,72,43,62,-0.7510361385738482,-0.06381835551828934,0.3784235724048356,0.9021180721125512,-1.0925271429125925,1.4884877806826518,0.9553551147631955,43.015512969713846,6.699231147085538,ET_somali
25.10291009819069,27.748769134805535,12.052020027452345,10.742098502026792,16.99003755103285,14.459274895946983,15.039421487451921,5,1.3287024234453388,0.05459835881637828,-0.9302215416387265,-1.3153444241315635,1.7936634099958764,-0.2878441867731908,-0.9550414046236495,21,27,30,30,26,30,47,176,194,191,280,287,177,232,-0.837693880961428,0.11730431499484556,0.27411487886413144,0.9604009588511686,-1.0693423538664748,1.4837584530268344,0.9521533488411248,42.68259732541915,6.624042157804733,ET_somali
14.731961677740994,14.970122127496143,12.072551099034962,11.1314935297284,14.282827287747507,13.811295680757764,7.928527501022344,5,1.5733858058459746,0.27372393283131174,-0.8375177938835515,-1.598599440962303,1.2702982726484775,-0.18428116743744616,-1.1322006898645225,21,27,29,30,26,30,46,80,74,95,137,132,86,115,-0.7308091217297271,-0.003545944958714707,0.37666470897094495,1.0821154811164058,-0.8795532030806916,1.5804058907242826,0.7647295449680561,42.76757795129686,7.072481147637198,ET_somali
13.7188511855468,14.667341755389966,9.98318382546168,7.187044361311786,16.418845002891565,16.342781202913393,14.514670315704663,5,1.4347951163055976,0.2071077944657692,-0.9861766377028576,-1.410938834427696,1.4035154905244418,-0.4105671404388653,-1.0911905601551661,21,27,28,30,26,30,47,44,49,44,72,73,42,65,-0.7715515146044158,-0.036224988584952246,0.2966555311767082,0.8773168631110799,-0.7537062233803018,1.6132816804366965,0.9480107398532608,42.96296152559285,7.022714480896977,ET_somali
16.53740019602571,16.27336577862859,11.05088145187147,10.449843938214636,14.45610954635226,11.735867635714524,8.483956771320189,5,1.5839103670135475,0.285487724647402,-0.942065920036906,-1.5280650895907144,1.2337395053600813,-0.2556712805170081,-1.0986530123581275,21,27,29,30,26,30,47,91,87,94,144,143,97,118,-0.7633899162410078,-0.03966389454189696,0.31203503079434386,0.9539625310490043,-0.68174250625198,1.6320535541802577,0.8756915711969399,42.9099609238298,7.050831749289918,ET_somali
18.132449306544867,18.50299496306571,14.098810209754843,8.686686039274187,18.492407472187157,14.29320065146332,20.811673162362368,5,1.4347951163055976,0.2071077944657692,-0.9861766377028576,-1.410938834427696,1.4035154905244418,-0.4105671404388653,-1.0911905601551661,21,27,28,30,26,30,47,45,50,46,72,75,44,64,-0.7715515146044158,-0.036224988584952246,0.2966555311767082,0.8773168631110799,-0.7537062233803018,1.6132816804366965,0.9480107398532608,42.960625905854144,7.021905997141269,ET_somali
17.262630819163444,17.292119559655426,11.93568752910581,9.476734263340543,15.135254019894582,12.887715196216776,13.662108274668679,5,1.3900782527746869,0.10634274320472821,-0.9941298942515587,-1.3695476548205208,1.6193325981972604,-0.342731296174307,-1.0134492680969163,21,27,30,30,26,30,47,85,102,105,156,156,108,144,-0.8158393355817065,0.10750430265952693,0.3766657731288312,0.9607857411243086,-0.9942215067662312,1.4850915827970534,0.9055173022293398,42.665439503492465,6.6847682710112135,ET_somali
15.694038324060038,16.66709879494179,10.138463494990207,12.465002514803112,15.747787482327434,16.03159524992359,15.483327599222097,5,1.3287024234453388,0.05459835881637828,-0.9302215416387265,-1.3153444241315635,1.7936634099958764,-0.2878441867731908,-0.9550414046236495,21,27,30,30,26,30,47,180,183,193,282,287,173,244,-0.837693880961428,0.11730431499484556,0.27411487886413144,0.9604009588511686,-1.0693423538664748,1.4837584530268344,0.9521533488411248,42.696251717737766,6.6485661650611965,ET_somali
18.723895806148086,16.011253242730316,14.147149454183719,9.870441740143882,14.62915949380388,11.643111000041925,11.677787068283592,5,1.4067916738589474,0.30024164029479794,-0.9049191400186886,-1.5192074987128292,1.3490569224826838,-0.09587811290398927,-1.1763664281784496,21,27,29,30,26,30,46,92,90,90,144,143,88,105,-0.660834964446682,-0.17369699166714472,0.4538981955983381,1.1062129274018044,-0.6778769465832822,1.472503886308751,0.8294771486119024,42.638759539554115,7.063497994796004,ET_somali
26.30191463815746,20.36816059354978,14.284703437977356,9.348248450883526,28.682207740812565,30.760846209192678,27.269484141842426,5,1.42362209503469,-0.07087024344796874,-0.8843980533966588,-1.0636822526878953,1.8404640340867289,-0.4239166526236274,-1.019117206610683,21,27,30,30,26,30,47,42,48,47,72,72,42,59,-0.7824802733293926,0.02534468688994516,0.41532964288699115,0.926798954029622,-1.2342303007561926,1.4296792912261351,0.9198888932221956,43.0527930540048,6.61146574382706,ET_somali
18.841765609127165,15.236230777093336,6.659080386006123,6.869672810012562,19.36022594070921,20.158012153225297,15.071910123969074,5,1.3709942589915551,-0.031148745176406693,-0.8838222834745633,-1.140471093245933,1.805235724232554,-0.4442700107354677,-1.0423948605171742,21,27,29,30,26,30,47,44,52,50,72,72,41,63,-0.6814281792928726,-0.05961064273384595,0.3499730134985623,0.8949609845938806,-1.192428572942584,1.462024633282096,0.9679184819796645,43.0760594198635,6.711538066477975,ET_somali
16.16900463760224,17.138004020608932,11.698518392863598,10.41119603452787,21.884730329341384,22.05425522850063,16.193681962319083,5,1.5036942215666544,0.2944230519108203,-0.9673311213594943,-1.4360823744049116,1.3003856784552321,-0.3078870940886418,-1.0960057760121498,21,27,28,30,26,30,47,44,48,48,72,73,45,60,-0.7220619934328142,-0.07688209127668776,0.28686137810829604,0.8669471422337676,-0.6443881354680451,1.5905489531068844,0.9812931950140658,43.080371333227276,7.05738945086399,ET_somali
14.65827890324368,13.382436358784428,7.7837665346718525,8.293090954409331,15.42643648889775,12.631056487218295,23.80952244106106,5,1.3900782527746869,0.10634274320472821,-0.9941298942515587,-1.3695476548205208,1.6193325981972604,-0.342731296174307,-1.0134492680969163,21,27,30,30,26,30,47,89,90,93,143,144,91,138,-0.8158393355817065,0.10750430265952693,0.3766657731288312,0.9607857411243086,-0.9942215067662312,1.4850915827970534,0.9055173022293398,42.74889299338717,6.703812555034547,ET_somali
16.998904963314626,17.14967971274448,9.620374752297092,8.0804627399667,12.390452201826408,12.473444406920029,12.800565311390903,5,1.5030451421664652,0.2865923445742261,-0.9822100472435463,-1.5233794192541823,1.2737576631114165,-0.3186936310699852,-1.109038507813507,21,27,29,30,26,30,47,92,92,92,143,143,85,122,-0.8046492038629011,0.010894407206609426,0.3600000564914225,0.9796475322251894,-0.7654554947049417,1.6033128297274721,0.8403850203366645,42.78787987671796,6.97959534725924,ET_somali
25.996936132705425,22.38714642111355,11.052778157229302,12.279260971217651,24.757254824805617,19.16310462669126,14.374409424428112,5,1.3377887939839384,0.1106550626016054,-0.9674301735449801,-1.3400859166638612,1.5336042864399364,-0.49772867155516354,-1.0933258290209085,21,27,29,30,26,30,47,42,45,44,72,71,41,60,-0.7815355128665085,-0.06123112043073587,0.2583328684564888,0.8590161265050622,-0.7931000232324755,1.6102713084275675,0.986605706309144,43.03518607443606,6.940338969343217,ET_somali
16.46522908048991,17.53378319693589,9.058245292721983,10.158513021770663,18.332713352016924,17.70524705748593,15.497720584658138,5,1.5063391777826771,0.24178168662400112,-1.0266675041945612,-1.4539310196894664,1.2622962203743433,-0.38934939310232825,-1.0903858121647927,21,27,29,30,26,30,47,50,59,50,72,75,45,64,-0.78968660210061,-0.027228216287233986,0.30245915798447043,0.8932046212471947,-0.6293373043315555,1.6267083723059321,0.921492451907873,42.94598336672299,6.962437525332557,ET_somali
19.210586755002414,19.48143212160624,11.962401259042016,9.170921646888694,20.602634057924853,17.717789311773597,13.642185932927111,5,1.4207623097413509,-0.07109237367622483,-0.9074907503036578,-1.1377987028402692,1.770291488954187,-0.4576098370873855,-1.018402160214964,21,27,29,30,26,30,47,42,55,44,72,71,42,61,-0.7510361385738482,-0.06381835551828934,0.3784235724048356,0.9021180721125512,-1.0925271429125925,1.4884877806826518,0.9553551147631955,42.98649738603678,6.709382109796088,ET_somali
21.66744628870687,21.22961080601756,12.664945510872766,11.935800749450596,21.1165411293175,20.54035113606273,16.703914353862093,5,1.2968252562874578,0.13577389998495154,-0.932807901251562,-1.3360313725460908,1.517188342075873,-0.4853783026605439,-1.115584404764774,21,27,29,30,26,30,47,43,46,45,72,72,39,58,-0.71810801624513,-0.03477407210867093,0.258797960983234,0.8395537267676325,-0.8603947812976458,1.5798204419621427,0.9979423483851125,43.08216796379551,6.922462495189238,ET_somali
20.266830835764022,18.758170197169044,11.376351671718997,9.396021294381926,23.57566162171572,20.908876837675184,17.345847672892276,5,1.4207623097413509,-0.07109237367622483,-0.9074907503036578,-1.1377987028402692,1.770291488954187,-0.4576098370873855,-1.018402160214964,21,27,30,30,26,30,47,41,51,45,72,71,42,62,-0.7510361385738482,-0.06381835551828934,0.3784235724048356,0.9021180721125512,-1.0925271429125925,1.4884877806826518,0.9553551147631955,43.028538541333575,6.691146309528461,ET_somali
18.61927764361914,18.0346541312086,12.908960041684704,11.833358496300223,17.80904572345069,17.775448347059687,19.264533333146435,5,1.4347951163055976,0.2071077944657692,-0.9861766377028576,-1.410938834427696,1.4035154905244418,-0.4105671404388653,-1.0911905601551661,21,27,28,30,26,30,47,56,65,51,76,78,48,63,-0.7715515146044158,-0.036224988584952246,0.2966555311767082,0.8773168631110799,-0.7537062233803018,1.6132816804366965,0.9480107398532608,42.95523601414943,7.018851725175264,ET_somali
16.837712715341425,17.280640847831062,12.286398071794041,12.581603884022238,19.401971838769867,17.264796227882385,10.87664174988438,5,1.5030451421664652,0.2865923445742261,-0.9822100472435463,-1.5233794192541823,1.2737576631114165,-0.3186936310699852,-1.109038507813507,21,27,29,30,26,30,47,91,91,97,143,144,91,128,-0.8046492038629011,0.010894407206609426,0.3600000564914225,0.9796475322251894,-0.7654554947049417,1.6033128297274721,0.8403850203366645,42.84186862529354,7.048406298022796,ET_somali
17.90047689037597,17.699476543058214,11.91415222315351,10.400274900094862,15.317304844077642,12.812734078550294,10.498931674841305,5,1.5733858058459746,0.27372393283131174,-0.8375177938835515,-1.598599440962303,1.2702982726484775,-0.18428116743744616,-1.1322006898645225,21,27,29,30,26,30,46,91,88,92,142,143,90,118,-0.7308091217297271,-0.003545944958714707,0.37666470897094495,1.0821154811164058,-0.8795532030806916,1.5804058907242826,0.7647295449680561,42.82300400432703,7.067181087460893,ET_somali
16.75952120556605,17.271522365286266,7.799332168271,7.943721828515344,19.195417300487186,16.513759631472478,13.072125405922597,5,1.3377887939839384,0.1106550626016054,-0.9674301735449801,-1.3400859166638612,1.5336042864399364,-0.49772867155516354,-1.0933258290209085,21,27,29,30,26,30,47,44,51,49,72,72,42,63,-0.7815355128665085,-0.06123112043073587,0.2583328684564888,0.8590161265050622,-0.7931000232324755,1.6102713084275675,0.986605706309144,43.02314864962886,6.906472483131911,ET_somali
17.811353728709566,18.556095693063458,9.835582643633304,9.408263167939738,21.58203866791801,20.09246339418531,19.5884302811956,5,1.3709942589915551,-0.031148745176406693,-0.8838222834745633,-1.140471093245933,1.805235724232554,-0.4442700107354677,-1.0423948605171742,21,27,29,30,26,30,47,39,56,46,72,72,38,61,-0.6814281792928726,-0.05961064273384595,0.3499730134985623,0.8949609845938806,-1.192428572942584,1.462024633282096,0.9679184819796645,43.09285791567653,6.685037765596449,ET_somali
19.098535474043427,19.432115524279002,9.096180485370706,6.685769248865561,18.24946360995855,15.212045932897402,14.76820683457906,5,1.3900782527746869,0.10634274320472821,-0.9941298942515587,-1.3695476548205208,1.6193325981972604,-0.342731296174307,-1.0134492680969163,21,27,30,30,26,30,47,88,100,92,142,143,90,133,-0.8158393355817065,0.10750430265952693,0.3766657731288312,0.9607857411243086,-0.9942215067662312,1.4850915827970534,0.9055173022293398,42.72679443739783,6.666262976158351,ET_somali
19.935471972193195,20.536868816917135,7.516485691501938,7.864071464702037,22.98683030120621,23.169300675615744,20.781281066215218,5,1.3828660812628286,-0.054890122457852394,-0.8885511442897512,-1.1552850638339327,1.8524248732035342,-0.38116994078135075,-0.9714191822463156,21,27,30,30,26,30,47,42,50,45,71,73,42,58,-0.7669794803000288,-0.008694986236374389,0.3079474922432356,0.9348389342405405,-1.138917779753145,1.4846845014481485,0.9565589698161219,42.939425665148924,6.64093048514618,ET_somali
26.871274108151937,21.026961691179554,18.053163314991007,15.198845354670423,30.60996310095798,33.79219526246225,21.864718641351175,5,1.3095861247509155,0.2242567326815016,-1.0193456512905577,-1.3749493021357968,1.6453684686513759,-0.3884250297343409,-1.0607866350539694,21,27,29,30,26,30,47,85,92,94,142,143,89,135,-0.7381247604668582,-0.05813004924218078,0.28113703426589864,0.9110110898846078,-1.0053278850840424,1.6129464246290137,0.9001368409041494,42.814919166769954,6.782325310866593,ET_somali
21.484766332041406,19.690532026540602,11.583389586237091,10.697354961717137,15.544528144985827,16.34973370215348,12.151315126933413,5,1.5063391777826771,0.24178168662400112,-1.0266675041945612,-1.4539310196894664,1.2622962203743433,-0.38934939310232825,-1.0903858121647927,21,27,29,30,26,30,47,89,87,91,143,142,92,125,-0.78968660210061,-0.027228216287233986,0.30245915798447043,0.8932046212471947,-0.6293373043315555,1.6267083723059321,0.921492451907873,42.87259100801043,6.959023927252903,ET_somali
19.14686316830226,21.436858808624766,9.346149976366107,12.237875386375908,19.55013917482694,17.09938043773201,15.124751121268302,5,1.316326212704982,0.11697933222728593,-0.9821046266635719,-1.2911417183386236,1.6998129958690293,-0.44032376715214433,-1.0629881762254807,21,27,29,30,26,30,47,46,54,46,72,72,47,75,-0.6926845850342241,-0.09474057657722082,0.27933752732230815,0.892719244430652,-1.0768064151825376,1.5988688489038072,0.9067895627489803,42.937718866109094,6.75959793417837,ET_somali
15.68007139569066,15.289101719870937,10.807165186971824,10.698151529223095,17.304032619900358,14.955128587897432,14.88735902676463,5,1.3900782527746869,0.10634274320472821,-0.9941298942515587,-1.3695476548205208,1.6193325981972604,-0.342731296174307,-1.0134492680969163,21,27,30,30,26,30,47,88,95,94,142,143,98,135,-0.8158393355817065,0.10750430265952693,0.3766657731288312,0.9607857411243086,-0.9942215067662312,1.4850915827970534,0.9055173022293398,42.732633486744604,6.720611050847582,ET_somali
18.688708954458942,19.507533331597017,11.127169081979222,10.527080741527465,17.97370509296411,16.02393823214474,11.882619533106519,5,1.3377887939839384,0.1106550626016054,-0.9674301735449801,-1.3400859166638612,1.5336042864399364,-0.49772867155516354,-1.0933258290209085,21,27,29,30,26,30,47,44,45,48,72,72,42,68,-0.7815355128665085,-0.06123112043073587,0.2583328684564888,0.8590161265050622,-0.7931000232324755,1.6102713084275675,0.986605706309144,42.991168625514206,6.917252266541345,ET_somali
19.09504703638666,17.357971347885275,14.591757340011126,14.344375346995365,14.02357350749082,14.174886311707247,15.260397145060113,5,1.407008483684397,0.1804203383163563,-1.054986298270569,-1.416996578471047,1.4474468092189805,-0.3899890628808443,-1.0579568703894962,21,27,30,30,26,30,47,95,108,118,168,182,103,160,-0.8313221597807433,0.08037278804335077,0.38882913600723923,0.9466293806953973,-0.8403358247454527,1.5351453580767378,0.8825691012324263,42.685741428913566,6.7584301243090135,ET_somali
22.299106140925893,20.911256948504615,11.164353431644853,9.350833524735643,20.20584168419382,19.560003809858337,13.120499907845502,5,1.3900782527746869,0.10634274320472821,-0.9941298942515587,-1.3695476548205208,1.6193325981972604,-0.342731296174307,-1.0134492680969163,21,27,30,30,26,30,47,179,175,190,284,276,194,237,-0.8158393355817065,0.10750430265952693,0.3766657731288312,0.9607857411243086,-0.9942215067662312,1.4850915827970534,0.9055173022293398,42.70271958778343,6.745853710331341,ET_somali
17.317750713862,16.241386119912026,14.437760603932125,9.613479516255504,19.004908264201298,16.07022101899181,14.531310167973116,5,1.5063391777826771,0.24178168662400112,-1.0266675041945612,-1.4539310196894664,1.2622962203743433,-0.38934939310232825,-1.0903858121647927,21,27,29,30,26,30,47,93,85,94,143,143,92,129,-0.78968660210061,-0.027228216287233986,0.30245915798447043,0.8932046212471947,-0.6293373043315555,1.6267083723059321,0.921492451907873,42.89136579744853,6.996663337657511,ET_somali
24.19775374111224,22.316539806987645,11.613992511196015,12.834256140994723,23.528952247613656,23.54825081553644,18.43023170231014,5,1.2968252562874578,0.13577389998495154,-0.932807901251562,-1.3360313725460908,1.517188342075873,-0.4853783026605439,-1.115584404764774,21,27,29,30,26,30,47,44,46,46,72,71,39,64,-0.71810801624513,-0.03477407210867093,0.258797960983234,0.8395537267676325,-0.8603947812976458,1.5798204419621427,0.9979423483851125,43.072466158727025,6.9133895108196315,ET_somali
22.778653770688337,16.412267057113603,8.816925705249014,10.146062662561397,20.836190399309842,20.13129283526528,17.34890026538578,5,1.3828660812628286,-0.054890122457852394,-0.8885511442897512,-1.1552850638339327,1.8524248732035342,-0.38116994078135075,-0.9714191822463156,21,27,30,30,26,30,47,91,89,77,119,108,75,97,-0.7669794803000288,-0.008694986236374389,0.3079474922432356,0.9348389342405405,-1.138917779753145,1.4846845014481485,0.9565589698161219,42.8528280717598,6.610926754656589,ET_somali
20.325205481518612,18.699707223372208,11.250440557527869,10.68380550265666,20.963226839352917,19.275617583726373,16.515553549241485,5,1.3705031788285946,0.00988723619133849,-0.9398020717560758,-1.237646973423715,1.6680610708290102,-0.4926415993444379,-1.0616273411194674,21,27,29,30,26,30,47,43,51,44,72,72,42,61,-0.7663635515775681,-0.042304921216447196,0.3071713040760836,0.8821498614189275,-0.9571661570966369,1.5599956467140308,0.9629932123119791,43.02557410089598,6.761843722388668,ET_somali
19.71586596095838,19.8416711474676,12.106901452788032,10.630112798119841,16.973166386352275,12.21250567724128,16.421213479116577,5,1.4732291531304011,-0.005768909465455083,-1.0297108808784314,-1.3352479716191006,1.49333540941377,-0.3711795182549005,-1.0063276757644537,21,27,30,30,26,30,47,82,93,84,142,141,104,136,-0.8653936212969849,0.10317323766718733,0.37019379138198916,0.9743758853594711,-0.8067475922004873,1.4712819050325052,0.9336070808582515,42.60489305334281,6.720700882375994,ET_somali
15.939888324347757,19.3871495832342,10.814022216574607,9.112576277291764,20.093276256280088,19.449578542099196,15.258439012800956,5,1.316326212704982,0.11697933222728593,-0.9821046266635719,-1.2911417183386236,1.6998129958690293,-0.44032376715214433,-1.0629881762254807,21,27,29,30,26,30,47,46,55,48,72,72,44,76,-0.6926845850342241,-0.09474057657722082,0.27933752732230815,0.892719244430652,-1.0768064151825376,1.5988688489038072,0.9067895627489803,42.93313745816008,6.7602267548772526,ET_somali
21.404075548461673,16.77348565528769,14.625933096714197,11.16674385407701,12.73536591273004,12.05070641911229,13.804606975043086,5,1.400619516498148,0.13639916686094228,-1.0588408775515223,-1.4047615765228127,1.4275721494428053,-0.358859270370405,-1.0638005916980284,21,27,29,30,26,30,47,98,92,84,142,142,98,119,-0.8132819311339723,-0.06157498970515298,0.34736931351730216,0.9688983359028114,-0.6432457301813186,1.5194175172262112,0.9543013906016251,42.64846134462261,6.812059546770949,ET_somali
16.81090624755486,17.567256131108937,5.950595832317741,8.89095499545411,18.712999773466894,21.134839981849037,24.495659431703842,5,1.3424411761747934,0.02739554883140905,-0.9348763698423411,-1.2005154287487443,1.8152973191414952,-0.4038762530584514,-1.0178160307481257,21,27,30,30,26,30,47,41,51,50,71,73,40,67,-0.6550383075400492,-0.09064583442686555,0.2824648445276315,0.886210832272663,-1.2442335684899954,1.5538265069958421,0.8997763415741118,42.92163902252335,6.658806959300159,ET_somali
19.07031481643457,17.26833819291254,9.447844276681586,9.618259851423414,15.928109920602745,12.151410917562226,10.37355567386728,5,1.5733858058459746,0.27372393283131174,-0.8375177938835515,-1.598599440962303,1.2702982726484775,-0.18428116743744616,-1.1322006898645225,21,27,29,30,26,30,46,95,90,99,141,143,89,116,-0.7308091217297271,-0.003545944958714707,0.37666470897094495,1.0821154811164058,-0.8795532030806916,1.5804058907242826,0.7647295449680561,42.79605454580344,7.0614318696425284,ET_somali
20.960259009333274,21.72050697579089,9.465062712409248,13.452773701968065,16.53236842064926,17.769848373165264,12.40236664580821,5,1.3288115917264236,0.03917750558792415,-0.9013120884647994,-1.263532628022271,1.8370250933675851,-0.3195677028417049,-0.9646230644926007,21,27,30,30,26,30,47,91,98,87,142,144,93,125,-0.7856783066195094,0.08798719049991524,0.3230095202287013,0.9751029937093896,-1.1815055715122695,1.44328535034479,0.9181569757055533,42.818063270264375,6.611735238412296,ET_somali
18.44015451745955,18.56193897450343,8.802515834245742,10.48918708382296,16.322339214531798,19.336647841086968,13.032444851202415,5,1.3288115917264236,0.03917750558792415,-0.9013120884647994,-1.263532628022271,1.8370250933675851,-0.3195677028417049,-0.9646230644926007,21,27,30,30,26,30,47,87,90,94,143,144,92,123,-0.7856783066195094,0.08798719049991524,0.3230095202287013,0.9751029937093896,-1.1815055715122695,1.44328535034479,0.9181569757055533,42.795605388161384,6.617035298588601,ET_somali
23.959806160623955,23.05268120017946,11.32257759879824,9.846389315515273,23.46056561077703,20.900662313226853,14.782603070912108,5,1.3663618028862188,0.19593722101677602,-1.0172774660890156,-1.3942693854685455,1.4662668310454214,-0.4587425174361079,-1.0937059315808724,21,27,29,30,26,30,47,44,46,45,72,71,40,67,-0.7902065993071062,-0.02851830880413578,0.30062857562481743,0.8846597191206492,-0.7993147577048151,1.619773985161801,0.927235899630435,42.94481555685364,6.871617850108073,ET_somali
22.97957570301665,18.539748509038112,13.107501128148353,14.50497227793319,26.68933365393557,24.75398672522038,19.249542230613386,5,1.3709942589915551,-0.031148745176406693,-0.8838222834745633,-1.140471093245933,1.805235724232554,-0.4442700107354677,-1.0423948605171742,21,27,29,30,26,30,47,44,53,49,72,72,40,66,-0.6814281792928726,-0.05961064273384595,0.3499730134985623,0.8949609845938806,-1.192428572942584,1.462024633282096,0.9679184819796645,43.08046116475568,6.6909666464716375,ET_somali
20.106693392835968,16.75490474047699,12.153727176338496,9.744085240113368,12.844834182064552,10.347147245967589,8.25799958333496,5,1.3529914239389917,0.3157675186770018,-1.0549876825709128,-1.4759813025757542,1.4123174523930355,-0.33667610988158714,-1.1056214429427367,21,27,29,30,26,30,47,91,88,94,142,142,96,114,-0.7963231715208423,0.00823037814722508,0.43153191118324025,0.9903462842578282,-0.8114760612824062,1.5310615073607412,0.845754486140632,42.74853366727352,6.852483734556328,ET_somali
20.629961150899224,22.184263484351632,11.1062490240701,10.492786696486368,22.71852002238204,15.4757207552025,15.476764840679838,5,1.4207623097413509,-0.07109237367622483,-0.9074907503036578,-1.1377987028402692,1.770291488954187,-0.4576098370873855,-1.018402160214964,21,27,29,30,26,30,47,45,49,44,72,72,44,69,-0.7510361385738482,-0.06381835551828934,0.3784235724048356,0.9021180721125512,-1.0925271429125925,1.4884877806826518,0.9553551147631955,42.968980237996455,6.73938584028568,ET_somali
13.47935682374335,15.50406786194103,10.930090037438735,8.270607970600995,10.879180754314016,11.025428615871228,8.554907689732476,5,1.5733858058459746,0.27372393283131174,-0.8375177938835515,-1.598599440962303,1.2702982726484775,-0.18428116743744616,-1.1322006898645225,21,27,29,30,26,30,46,95,82,96,143,143,92,122,-0.7308091217297271,-0.003545944958714707,0.37666470897094495,1.0821154811164058,-0.8795532030806916,1.5804058907242826,0.7647295449680561,42.78060352291659,7.060803048943645,ET_somali
20.604874237446673,19.13924202926409,10.846428614091261,8.247235890046671,20.33567680696179,25.616274604859246,18.778922347240833,5,1.3332550908554919,0.12509206035317993,-0.9554945712583881,-1.3179821989352114,1.7499323323416622,-0.3503192626003524,-1.0163732592748949,21,27,30,30,26,30,47,89,91,94,142,144,88,134,-0.7593107633472526,0.020901687353303326,0.2893957308993633,0.9249750348244967,-1.0923391002007654,1.547630241890747,0.9175203583052862,42.83279564092393,6.6994108101423615,ET_somali
25.04747581172304,21.066061604320588,13.979598986753075,9.210034443795095,19.163365518370025,12.595181851239001,16.455507649653068,5,1.5030451421664652,0.2865923445742261,-0.9822100472435463,-1.5233794192541823,1.2737576631114165,-0.3186936310699852,-1.109038507813507,21,27,29,30,26,30,47,93,86,84,143,143,92,124,-0.8046492038629011,0.010894407206609426,0.3600000564914225,0.9796475322251894,-0.7654554947049417,1.6033128297274721,0.8403850203366645,42.83396345079329,6.951837404979947,ET_somali
18.056725432523958,13.839287824774376,10.195715043099495,8.772040621133952,17.52360791022138,14.634946891560597,10.10665377580563,5,1.4084358936560344,0.3309027414984514,-0.9612645639526001,-1.532500104018425,1.3862197198262811,-0.21995833775466872,-1.1443125572127704,21,27,29,30,26,30,47,87,91,85,142,144,99,118,-0.752615673088833,-0.014157427327226852,0.46444866223036946,1.1015266383592515,-0.8206435982246969,1.4784282655600456,0.7852250579535314,42.67136838436765,6.9859733857764885,ET_somali
22.31979012536691,19.277449914916392,11.376936407270648,8.854362209974598,28.170719895513386,29.28382771095764,21.74357784286412,5,1.5063391777826771,0.24178168662400112,-1.0266675041945612,-1.4539310196894664,1.2622962203743433,-0.38934939310232825,-1.0903858121647927,21,27,29,30,26,30,47,84,79,73,108,94,70,85,-0.78968660210061,-0.027228216287233986,0.30245915798447043,0.8932046212471947,-0.6293373043315555,1.6267083723059321,0.921492451907873,42.935562909427205,6.966839270224743,ET_somali
20.256490121028307,13.500517049080306,14.158310681430551,9.410987039586159,15.768755746834017,13.30824779311178,15.27340257298383,5,1.5046694561732057,0.28065942854156,-0.8369317792280351,-1.5891316985000545,1.3159318968718623,-0.12785802697163112,-1.1630613499215527,21,27,29,30,26,30,46,90,89,81,144,142,95,102,-0.6129958691309002,-0.013574368469537641,0.4956231497853994,1.1998767711071083,-1.0265116731038026,1.4499448987730565,0.6496597774267892,42.654030899384146,7.093142399171947,ET_somali
17.196320254729713,18.10323365767474,9.389070477658574,6.008504588748779,13.787094824464445,12.502887265126256,13.087635926507275,5,1.5030451421664652,0.2865923445742261,-0.9822100472435463,-1.5233794192541823,1.2737576631114165,-0.3186936310699852,-1.109038507813507,21,27,29,30,26,30,47,94,88,95,143,142,87,122,-0.8046492038629011,0.010894407206609426,0.3600000564914225,0.9796475322251894,-0.7654554947049417,1.6033128297274721,0.8403850203366645,42.805666519343525,7.0203788611582665,ET_somali
22.63819766197421,18.71905725779033,10.062760072762897,11.350077208851742,27.041674733692034,25.870352860709293,29.81326354353918,5,1.4084358936560344,0.3309027414984514,-0.9612645639526001,-1.532500104018425,1.3862197198262811,-0.21995833775466872,-1.1443125572127704,21,27,29,30,26,30,47,48,46,41,74,72,52,63,-0.752615673088833,-0.014157427327226852,0.46444866223036946,1.1015266383592515,-0.8206435982246969,1.4784282655600456,0.7852250579535314,42.726524942812595,6.9830987768673065,ET_somali
18.31321589955084,13.139655363945856,13.9787795590263,11.883859850966955,16.081677331888493,11.382592083119297,11.681435953558672,5,1.3313670647796745,0.33408217025361286,-0.990003927020926,-1.4909706033130243,1.421410209212436,-0.17176761817961644,-1.1574303191230988,21,27,29,30,26,30,46,94,86,94,144,144,92,114,-0.7413820887732112,-0.12491726402441546,0.4997508483887037,1.0970592745075096,-0.6559530465070612,1.4259955867821106,0.848692823892176,42.63795105579841,7.046160509812497,ET_somali
20.016568012195304,16.70127478383165,16.518620770795284,11.80405203562996,15.09789331403298,14.17573092896979,17.68007388953271,5,1.5030451421664652,0.2865923445742261,-0.9822100472435463,-1.5233794192541823,1.2737576631114165,-0.3186936310699852,-1.109038507813507,21,27,29,30,26,30,39,95,88,92,142,144,97,118,-0.8046492038629011,0.010894407206609426,0.3600000564914225,0.9796475322251894,-0.7654554947049417,1.6033128297274721,0.8403850203366645,42.79596471427503,7.046699498982968,ET_somali
21.71591637215518,19.945905445251384,6.78609205858868,9.542974230225155,20.60795133200019,21.10157691064126,16.74341423690837,5,1.3424411761747934,0.02739554883140905,-0.9348763698423411,-1.2005154287487443,1.8152973191414952,-0.4038762530584514,-1.0178160307481257,21,27,30,30,26,30,47,54,71,54,75,79,52,69,-0.6550383075400492,-0.09064583442686555,0.2824648445276315,0.886210832272663,-1.2442335684899954,1.5538265069958421,0.8997763415741118,42.87941820416974,6.677042759567785,ET_somali
18.07523792393081,14.57005785633299,11.305471285764721,8.444231245353013,6.2791902938707524,11.561787271587471,14.857702097948549,5,1.3529914239389917,0.3157675186770018,-1.0549876825709128,-1.4759813025757542,1.4123174523930355,-0.33667610988158714,-1.1056214429427367,21,27,29,30,26,30,47,88,94,87,142,144,98,116,-0.7963231715208423,0.00823037814722508,0.43153191118324025,0.9903462842578282,-0.8114760612824062,1.5310615073607412,0.845754486140632,42.6987670005333,6.9389016648886255,ET_somali
22.5921617570723,22.99055365385561,10.168924692343344,10.866827185207699,21.4673663562018,19.956780892637358,12.153943434421,5,1.316326212704982,0.11697933222728593,-0.9821046266635719,-1.2911417183386236,1.6998129958690293,-0.44032376715214433,-1.0629881762254807,21,27,29,30,26,30,47,95,87,97,142,142,90,129,-0.6926845850342241,-0.09474057657722082,0.27933752732230815,0.892719244430652,-1.0768064151825376,1.5988688489038072,0.9067895627489803,42.86154173001576,6.762292880030728,ET_somali
17.054681406888424,17.701060353727204,14.309486398536379,12.70761125510365,16.54558650591932,12.06319712583642,16.434142202727678,5,1.3529914239389917,0.3157675186770018,-1.0549876825709128,-1.4759813025757542,1.4123174523930355,-0.33667610988158714,-1.1056214429427367,21,27,29,30,26,30,47,92,97,84,142,144,97,114,-0.7963231715208423,0.00823037814722508,0.43153191118324025,0.9903462842578282,-0.8114760612824062,1.5310615073607412,0.845754486140632,42.669032764628945,6.883745106443687,ET_somali
22.715479339983574,22.75049963763557,12.360456098989715,10.944209527105487,22.237845816241638,22.062648784893376,17.163758398837377,5,1.2968252562874578,0.13577389998495154,-0.932807901251562,-1.3360313725460908,1.517188342075873,-0.4853783026605439,-1.115584404764774,21,27,29,30,26,30,47,46,48,43,72,71,41,62,-0.71810801624513,-0.03477407210867093,0.258797960983234,0.8395537267676325,-0.8603947812976458,1.5798204419621427,0.9979423483851125,43.06518980492565,6.892548596228059,ET_somali
21.462903753087367,18.731032879027232,10.69318545765896,11.127667882161028,26.572472375972794,24.864508167040842,16.006540237768544,5,1.4347951163055976,0.2071077944657692,-0.9861766377028576,-1.410938834427696,1.4035154905244418,-0.4105671404388653,-1.0911905601551661,21,27,28,30,26,30,47,39,42,45,72,72,41,62,-0.7715515146044158,-0.036224988584952246,0.2966555311767082,0.8773168631110799,-0.7537062233803018,1.6132816804366965,0.9480107398532608,43.02216050281633,6.976271580707998,ET_somali
18.920433456717024,19.206417342322386,11.826453555284829,8.444935481235358,14.306240352806299,14.083330167573678,14.79751703095146,5,1.407008483684397,0.1804203383163563,-1.054986298270569,-1.416996578471047,1.4474468092189805,-0.3899890628808443,-1.0579568703894962,21,27,29,30,26,30,47,86,92,94,142,142,91,133,-0.8313221597807433,0.08037278804335077,0.38882913600723923,0.9466293806953973,-0.8403358247454527,1.5351453580767378,0.8825691012324263,42.73541826412538,6.782055816281357,ET_somali
18.774323148384326,15.383595856052665,10.794558863227333,9.372219626396122,15.93772819015844,13.93036411606751,9.07069971904062,5,1.5030451421664652,0.2865923445742261,-0.9822100472435463,-1.5233794192541823,1.2737576631114165,-0.3186936310699852,-1.109038507813507,21,27,29,30,26,30,47,91,88,91,142,143,90,126,-0.8046492038629011,0.010894407206609426,0.3600000564914225,0.9796475322251894,-0.7654554947049417,1.6033128297274721,0.8403850203366645,42.788239202831605,7.03295527513594,ET_somali
21.937814395507882,23.042011531302137,13.172653472574392,9.776816175360397,28.148645531389338,30.65066643588573,23.23516385969698,5,1.4290786361220464,-0.12943589964128605,-0.8755010053025455,-1.0740337129080755,1.8495508643579108,-0.4289610178695169,-0.9749693281753323,21,27,30,30,26,30,47,39,44,47,72,72,41,65,-0.7809844432042012,-0.008989467005223623,0.4097504550195662,0.9335393070177366,-1.1666361649848402,1.4290448451675672,0.9400511108489205,43.01623162194114,6.624670978503617,ET_somali
18.558426270250163,13.886003645928202,12.674209962305948,10.616492638014273,14.809871912858833,13.553149473285316,15.252473311532807,5,1.4084358936560344,0.3309027414984514,-0.9612645639526001,-1.532500104018425,1.3862197198262811,-0.21995833775466872,-1.1443125572127704,21,27,29,30,26,30,47,83,88,88,142,144,94,124,-0.752615673088833,-0.014157427327226852,0.46444866223036946,1.1015266383592515,-0.8206435982246969,1.4784282655600456,0.7852250579535314,42.68259732541915,6.953544204019774,ET_somali
21.6393100466275,23.98855550557911,14.419269527307517,14.182225929207084,24.469627484617913,21.05976224789897,13.7867691234656,5,1.3424411761747934,0.02739554883140905,-0.9348763698423411,-1.2005154287487443,1.8152973191414952,-0.4038762530584514,-1.0178160307481257,21,27,29,30,26,30,47,45,49,48,72,72,44,74,-0.6550383075400492,-0.09064583442686555,0.2824648445276315,0.886210832272663,-1.2442335684899954,1.5538265069958421,0.8997763415741118,42.94436639921158,6.748189330070051,ET_somali
20.193722542015642,20.95844187142793,11.356364900223873,9.622221994367866,22.279499666867153,20.670175750128926,18.636092848180745,5,1.3663618028862188,0.19593722101677602,-1.0172774660890156,-1.3942693854685455,1.4662668310454214,-0.4587425174361079,-1.0937059315808724,21,27,29,30,26,30,47,74,76,57,89,80,57,78,-0.7902065993071062,-0.02851830880413578,0.30062857562481743,0.8846597191206492,-0.7993147577048151,1.619773985161801,0.927235899630435,42.92262716933588,6.889584155790464,ET_somali
22.59081458136757,21.46572112598148,8.509295976514496,13.197698568994968,21.65732453996782,20.483217278646695,13.08321932825435,5,1.3828660812628286,-0.054890122457852394,-0.8885511442897512,-1.1552850638339327,1.8524248732035342,-0.38116994078135075,-0.9714191822463156,21,27,30,30,26,30,47,62,72,56,75,79,50,72,-0.7669794803000288,-0.008694986236374389,0.3079474922432356,0.9348389342405405,-1.138917779753145,1.4846845014481485,0.9565589698161219,42.865943474907944,6.619460749855724,ET_somali
16.168058640802354,16.89164494992452,11.640521634979681,10.07255689664912,13.086698527337076,14.921722195421383,13.387346872420418,5,1.5733858058459746,0.27372393283131174,-0.8375177938835515,-1.598599440962303,1.2702982726484775,-0.18428116743744616,-1.1322006898645225,21,27,29,30,26,30,46,92,92,96,142,144,96,122,-0.7308091217297271,-0.003545944958714707,0.37666470897094495,1.0821154811164058,-0.8795532030806916,1.5804058907242826,0.7647295449680561,42.80198342667863,7.094849198211775,ET_somali
23.472281900031444,23.774403066563806,14.008154417770605,8.827350109564742,21.649816513286606,21.492016207470748,15.031230090527975,5,1.2968252562874578,0.13577389998495154,-0.932807901251562,-1.3360313725460908,1.517188342075873,-0.4853783026605439,-1.115584404764774,21,27,29,30,26,30,47,43,48,46,72,72,39,63,-0.71810801624513,-0.03477407210867093,0.258797960983234,0.8395537267676325,-0.8603947812976458,1.5798204419621427,0.9979423483851125,43.053601537760514,6.8940757322110615,ET_somali
17.036185171956657,15.643785555049789,12.455957915757155,10.20092666760295,14.412457544686688,12.955463457817128,14.707967761494878,5,1.5030451421664652,0.2865923445742261,-0.9822100472435463,-1.5233794192541823,1.2737576631114165,-0.3186936310699852,-1.109038507813507,21,27,29,30,26,30,47,95,95,92,143,143,88,121,-0.8046492038629011,0.010894407206609426,0.3600000564914225,0.9796475322251894,-0.7654554947049417,1.6033128297274721,0.8403850203366645,42.78931718117255,6.977529222105765,ET_somali
19.454420413318115,19.609152741236617,12.874538014336428,11.292327204036143,18.03190240009505,20.533791422657547,12.291108380120592,5,1.3900782527746869,0.10634274320472821,-0.9941298942515587,-1.3695476548205208,1.6193325981972604,-0.342731296174307,-1.0134492680969163,21,27,30,30,26,30,47,89,90,99,142,141,92,124,-0.8158393355817065,0.10750430265952693,0.3766657731288312,0.9607857411243086,-0.9942215067662312,1.4850915827970534,0.9055173022293398,42.71251122438033,6.737589209717441,ET_somali
12.364571635481955,15.68923650513958,11.966382858789084,8.961149167780077,10.694311814386047,8.729018265292288,12.473591967005298,5,1.3529914239389917,0.3157675186770018,-1.0549876825709128,-1.4759813025757542,1.4123174523930355,-0.33667610988158714,-1.1056214429427367,21,27,29,30,26,30,47,86,91,84,142,144,100,118,-0.7963231715208423,0.00823037814722508,0.43153191118324025,0.9903462842578282,-0.8114760612824062,1.5310615073607412,0.845754486140632,42.661666579299165,6.884463758670983,ET_somali
25.32031770410451,19.779134632319437,15.63998365176,12.045455769031282,19.854353149127864,16.185357585521828,14.017785240794545,5,1.3869023844779442,0.29033591700995026,-1.0644881475602936,-1.4482877695010932,1.3869599699559951,-0.41263332804443714,-1.0879945896679215,21,27,29,30,26,30,47,88,88,93,143,143,94,126,-0.7924194943489292,0.028092417789271996,0.3773680612427183,0.935499828770558,-0.8611025911221218,1.5951465155755056,0.8399069467520772,42.82632777087827,6.9041368633932,ET_somali
23.630610185230115,19.075144447448015,11.370171665813299,10.612783825781392,25.16535186897162,23.62523474203348,19.16644708396006,5,1.3138158421270127,0.04552567933431455,-0.9094480541737856,-1.2390249094513237,1.690643784122922,-0.47575578486465264,-1.08408710339862,21,27,29,30,26,30,47,40,45,45,72,71,36,65,-0.6791968017570821,-0.020838891704209404,0.29840599055552197,0.8594985881606318,-1.0797698693748627,1.5316538440340468,0.9664011083099897,43.05611682055605,6.806939149651468,ET_somali
22.582164204249988,12.709768584716722,15.613593164212364,12.352704412258225,11.068803061281615,11.046534895369476,15.007700602133875,5,1.4084358936560344,0.3309027414984514,-0.9612645639526001,-1.532500104018425,1.3862197198262811,-0.21995833775466872,-1.1443125572127704,21,27,29,30,26,30,47,93,85,85,142,144,96,131,-0.752615673088833,-0.014157427327226852,0.46444866223036946,1.1015266383592515,-0.8206435982246969,1.4784282655600456,0.7852250579535314,42.6822379993055,6.967198596338391,ET_somali
15.25256726425978,15.617361064000377,8.427491061410509,3.8906759591751885,13.112770776505695,13.755976314773186,11.777355045212172,5,1.3996224177041006,0.22208637652186744,-0.9495137425253164,-1.4025347666511756,1.3838583120291659,-0.40338245661009264,-1.1132492145627044,21,27,28,30,26,30,47,43,46,45,72,72,42,63,-0.7408197477089745,-0.04343974161851714,0.2731704108378665,0.854826489579725,-0.7190744037756035,1.5814532421499048,0.9994071672146703,43.070310202045135,7.003580365345231,ET_somali
18.086733720399774,17.273967072851843,17.822931210261224,12.055666238827934,16.84404385181552,15.70098680153862,17.160113935599412,5,1.2942671431292656,0.30291830215927723,-1.0441172502983422,-1.4703674622465663,1.456248753572218,-0.27665506445260357,-1.117394992333831,21,27,29,30,26,30,47,93,96,80,142,144,96,128,-0.7195100469260853,-0.20706868697194902,0.38926912421833365,1.0168201095101896,-0.6622709776001293,1.5102863809908826,0.9223782061962802,42.629956049769746,6.86685677910224,ET_somali
24.106970703785855,19.899747309270865,12.729094570789595,12.250731913018925,24.289794317830737,22.038563221308422,15.040775853110299,5,1.4207623097413509,-0.07109237367622483,-0.9074907503036578,-1.1377987028402692,1.770291488954187,-0.4576098370873855,-1.018402160214964,21,27,30,30,26,30,47,40,46,45,72,72,36,62,-0.7510361385738482,-0.06381835551828934,0.3784235724048356,0.9021180721125512,-1.0925271429125925,1.4884877806826518,0.9553551147631955,42.97850238000812,6.6645561771185236,ET_somali
21.280884415018317,20.75060226611252,11.454365143038913,10.65406761849952,20.404795918913447,20.640241406324737,18.69563779963044,5,1.3138158421270127,0.04552567933431455,-0.9094480541737856,-1.2390249094513237,1.690643784122922,-0.47575578486465264,-1.08408710339862,21,27,29,30,26,30,47,44,44,43,72,72,42,64,-0.6791968017570821,-0.020838891704209404,0.29840599055552197,0.8594985881606318,-1.0797698693748627,1.5316538440340468,0.9664011083099897,43.05710496736858,6.75501652622936,ET_somali
17.81472306690369,14.550267725929277,13.461463200779551,8.326800461995125,14.666688412863945,13.570371895721726,13.533393119545716,5,1.4084358936560344,0.3309027414984514,-0.9612645639526001,-1.532500104018425,1.3862197198262811,-0.21995833775466872,-1.1443125572127704,21,27,29,30,26,30,46,91,90,86,144,144,94,116,-0.752615673088833,-0.014157427327226852,0.46444866223036946,1.1015266383592515,-0.8206435982246969,1.4784282655600456,0.7852250579535314,42.66058860095822,7.023882290766332,ET_somali
17.35232526809033,16.5901044041302,9.85801249579025,8.430755377219125,16.384918157396775,16.73646792080593,10.385217844687624,5,1.4347951163055976,0.2071077944657692,-0.9861766377028576,-1.410938834427696,1.4035154905244418,-0.4105671404388653,-1.0911905601551661,21,27,28,30,26,30,47,46,41,46,72,70,37,67,-0.7715515146044158,-0.036224988584952246,0.2966555311767082,0.8773168631110799,-0.7537062233803018,1.6132816804366965,0.9480107398532608,43.012638360804665,7.007802447180593,ET_somali
17.99867518925174,14.725343279091145,18.32662991924517,8.055772413904327,17.872494149103854,16.009979017198425,13.812089430052941,5,1.4067916738589474,0.30024164029479794,-0.9049191400186886,-1.5192074987128292,1.3490569224826838,-0.09587811290398927,-1.1763664281784496,21,27,29,30,26,30,46,92,82,84,144,142,92,99,-0.660834964446682,-0.17369699166714472,0.4538981955983381,1.1062129274018044,-0.6778769465832822,1.472503886308751,0.8294771486119024,42.62330851666726,7.067809908159777,ET_somali
17.917360412831208,21.654881089727386,15.819062908620694,14.882564145639554,23.696670747035547,17.912544967758162,15.694151337935832,5,1.400619516498148,0.13639916686094228,-1.0588408775515223,-1.4047615765228127,1.4275721494428053,-0.358859270370405,-1.0638005916980284,21,27,29,30,26,30,47,86,86,79,142,142,99,128,-0.8132819311339723,-0.06157498970515298,0.34736931351730216,0.9688983359028114,-0.6432457301813186,1.5194175172262112,0.9543013906016251,42.62429666347979,6.778372723616467,ET_somali
15.57514098472901,16.150891312719672,8.782472441535313,9.45711980512396,14.182491402794309,13.68826403073632,12.344208633224639,5,1.5030451421664652,0.2865923445742261,-0.9822100472435463,-1.5233794192541823,1.2737576631114165,-0.3186936310699852,-1.109038507813507,21,27,29,30,26,30,47,92,92,90,143,142,91,124,-0.8046492038629011,0.010894407206609426,0.3600000564914225,0.9796475322251894,-0.7654554947049417,1.6033128297274721,0.8403850203366645,42.76479317391608,6.969444384548689,ET_somali
19.051466730294624,17.89458596207969,12.364096756823484,10.886344254038217,14.32182356735115,12.916908910048479,14.22966488906415,5,1.3529914239389917,0.3157675186770018,-1.0549876825709128,-1.4759813025757542,1.4123174523930355,-0.33667610988158714,-1.1056214429427367,21,27,29,30,26,30,47,91,85,92,143,143,88,130,-0.7963231715208423,0.00823037814722508,0.43153191118324025,0.9903462842578282,-0.8114760612824062,1.5310615073607412,0.845754486140632,42.74871333033035,6.9426745890819275,ET_somali
22.552996561786685,19.47274419109714,9.303361811938299,12.153927987540856,23.40891088474213,18.181232314394908,14.005898886359711,5,1.3705031788285946,0.00988723619133849,-0.9398020717560758,-1.237646973423715,1.6680610708290102,-0.4926415993444379,-1.0616273411194674,21,27,29,30,26,30,47,42,45,43,72,72,39,58,-0.7663635515775681,-0.042304921216447196,0.3071713040760836,0.8821498614189275,-0.9571661570966369,1.5599956467140308,0.9629932123119791,43.005721333116945,6.817808764589314,ET_somali
24.201010301588138,23.2065571426111,15.369317836858132,14.5126381212091,22.914388703243457,23.570212011645015,20.524023536296163,5,1.3138158421270127,0.04552567933431455,-0.9094480541737856,-1.2390249094513237,1.690643784122922,-0.47575578486465264,-1.08408710339862,21,27,29,30,26,30,47,41,51,43,72,71,44,62,-0.6791968017570821,-0.020838891704209404,0.29840599055552197,0.8594985881606318,-1.0797698693748627,1.5316538440340468,0.9664011083099897,43.062674522130116,6.770108223002568,ET_somali
18.035507792722402,16.580691964962607,15.465748510767629,10.469588670656124,17.887169191284244,14.445180620060816,11.671446236592693,5,1.400619516498148,0.13639916686094228,-1.0588408775515223,-1.4047615765228127,1.4275721494428053,-0.358859270370405,-1.0638005916980284,21,27,30,30,26,30,47,88,96,84,142,144,96,126,-0.8132819311339723,-0.06157498970515298,0.34736931351730216,0.9688983359028114,-0.6432457301813186,1.5194175172262112,0.9543013906016251,42.611360923388474,6.769209907718448,ET_somali
20.183655109738105,16.532468232632763,11.547995370307428,9.3137874224427,17.00874999329173,14.700120481781052,14.870378134115022,5,1.5839103670135475,0.285487724647402,-0.942065920036906,-1.5280650895907144,1.2337395053600813,-0.2556712805170081,-1.0986530123581275,21,27,29,30,26,30,46,93,90,94,143,143,93,123,-0.7633899162410078,-0.03966389454189696,0.31203503079434386,0.9539625310490043,-0.68174250625198,1.6320535541802577,0.8756915711969399,42.88184365543686,7.077960870870328,ET_somali
19.08462777311555,16.712529552868343,11.75562644738241,9.907354580311127,18.487020935391012,15.018214846444716,13.829772810611887,5,1.3332550908554919,0.12509206035317993,-0.9554945712583881,-1.3179821989352114,1.7499323323416622,-0.3503192626003524,-1.0163732592748949,21,27,30,30,26,30,47,89,93,91,143,144,92,132,-0.7593107633472526,0.020901687353303326,0.2893957308993633,0.9249750348244967,-1.0923391002007654,1.547630241890747,0.9175203583052862,42.75895412456931,6.684049618783917,ET_somali
20.590172040865546,23.08259130146693,10.99465765798936,12.700714056410881,22.52491488313373,19.10666504983193,15.218069231060948,5,1.3424411761747934,0.02739554883140905,-0.9348763698423411,-1.2005154287487443,1.8152973191414952,-0.4038762530584514,-1.0178160307481257,21,27,30,30,26,30,47,39,43,45,71,72,38,61,-0.6550383075400492,-0.09064583442686555,0.2824648445276315,0.886210832272663,-1.2442335684899954,1.5538265069958421,0.8997763415741118,42.91804576138688,6.699141315557125,ET_somali
19.40641730634303,19.050554742119612,16.44331985426715,10.254562527509881,14.873524799164452,16.036775910071857,13.537168075313918,5,1.5063391777826771,0.24178168662400112,-1.0266675041945612,-1.4539310196894664,1.2622962203743433,-0.38934939310232825,-1.0903858121647927,21,27,29,30,26,30,47,94,96,91,143,143,85,120,-0.78968660210061,-0.027228216287233986,0.30245915798447043,0.8932046212471947,-0.6293373043315555,1.6267083723059321,0.921492451907873,42.90187608627272,6.95704763362784,ET_somali
21.698297692575004,15.909015372620425,11.943800023149212,9.874156998948896,22.12820050881695,21.559623405684373,10.988409082336728,5,1.5839103670135475,0.285487724647402,-0.942065920036906,-1.5280650895907144,1.2337395053600813,-0.2556712805170081,-1.0986530123581275,21,27,28,30,26,30,46,89,87,96,144,144,93,115,-0.7633899162410078,-0.03966389454189696,0.31203503079434386,0.9539625310490043,-0.68174250625198,1.6320535541802577,0.8756915711969399,42.9407731380751,7.081015142836334,ET_somali
23.627867160059367,22.12182676602443,11.760690810248414,9.765796505227144,25.224688401928514,24.679121850535033,16.145397009252232,5,1.3709942589915551,-0.031148745176406693,-0.8838222834745633,-1.140471093245933,1.805235724232554,-0.4442700107354677,-1.0423948605171742,21,27,29,30,26,30,47,45,52,40,72,71,39,63,-0.6814281792928726,-0.05961064273384595,0.3499730134985623,0.8949609845938806,-1.192428572942584,1.462024633282096,0.9679184819796645,43.05135574955021,6.728965382989894,ET_somali
18.012882013087893,21.381300011774414,10.443762497648432,9.495345268496015,19.717943634216834,17.27746560479927,14.342838549992237,5,1.4207623097413509,-0.07109237367622483,-0.9074907503036578,-1.1377987028402692,1.770291488954187,-0.4576098370873855,-1.018402160214964,21,27,29,30,26,30,47,43,49,46,72,72,44,62,-0.7510361385738482,-0.06381835551828934,0.3784235724048356,0.9021180721125512,-1.0925271429125925,1.4884877806826518,0.9553551147631955,42.993773739838154,6.734355274694611,ET_somali
16.274476798923974,15.761027836534799,9.472508957812705,9.14485344117417,11.487891866435485,13.343617288501404,11.809540870993542,5,1.3869023844779442,0.29033591700995026,-1.0644881475602936,-1.4482877695010932,1.3869599699559951,-0.41263332804443714,-1.0879945896679215,21,27,29,30,26,30,47,85,87,91,142,143,96,123,-0.7924194943489292,0.028092417789271996,0.3773680612427183,0.935499828770558,-0.8611025911221218,1.5951465155755056,0.8399069467520772,42.77449497898458,6.85535834346551,ET_somali
20.89905538391167,18.43906670800981,11.915658128894162,10.39790864064096,16.100151822407806,14.61387043875315,13.078868332008968,5,1.407008483684397,0.1804203383163563,-1.054986298270569,-1.416996578471047,1.4474468092189805,-0.3899890628808443,-1.0579568703894962,21,27,29,30,26,30,47,96,89,84,142,142,106,120,-0.8313221597807433,0.08037278804335077,0.38882913600723923,0.9466293806953973,-0.8403358247454527,1.5351453580767378,0.8825691012324263,42.6596902856741,6.801369594889927,ET_somali
21.853176464710955,22.452774921672393,11.85597030883988,12.577769321537238,25.119691874818063,22.506851027717072,15.77777575067169,5,1.3138158421270127,0.04552567933431455,-0.9094480541737856,-1.2390249094513237,1.690643784122922,-0.47575578486465264,-1.08408710339862,21,27,29,30,26,30,47,45,47,45,72,71,37,68,-0.6791968017570821,-0.020838891704209404,0.29840599055552197,0.8594985881606318,-1.0797698693748627,1.5316538440340468,0.9664011083099897,43.05845244029476,6.834697091930761,ET_somali
19.409765770115985,20.509098811862017,14.141747966726673,7.659663192602357,14.023084978054888,12.78227365315634,16.368072959263895,5,1.3663618028862188,0.19593722101677602,-1.0172774660890156,-1.3942693854685455,1.4662668310454214,-0.4587425174361079,-1.0937059315808724,21,27,29,30,26,30,47,91,87,89,143,142,87,125,-0.7902065993071062,-0.02851830880413578,0.30062857562481743,0.8846597191206492,-0.7993147577048151,1.619773985161801,0.927235899630435,42.89064714522123,6.916803108899286,ET_somali
20.3678404054285,20.44921376859462,13.913032415758682,9.469669525631971,19.700669997489477,17.91711022659594,16.412433570452876,5,1.3709942589915551,-0.031148745176406693,-0.8838222834745633,-1.140471093245933,1.805235724232554,-0.4442700107354677,-1.0423948605171742,21,27,29,30,26,30,47,45,50,47,72,72,43,65,-0.6814281792928726,-0.05961064273384595,0.3499730134985623,0.8949609845938806,-1.192428572942584,1.462024633282096,0.9679184819796645,43.071747506499726,6.699051484028714,ET_somali
21.756631836725877,19.78049736525794,9.684980370820371,12.232205539731376,24.047581062233146,19.85059342093905,21.367157764180465,5,1.3705031788285946,0.00988723619133849,-0.9398020717560758,-1.237646973423715,1.6680610708290102,-0.4926415993444379,-1.0616273411194674,21,27,29,30,26,30,47,44,51,47,72,72,42,63,-0.7663635515775681,-0.042304921216447196,0.3071713040760836,0.8821498614189275,-0.9571661570966369,1.5599956467140308,0.9629932123119791,42.968980237996455,6.751692759678117,ET_somali
15.961548905212245,15.406496907504806,11.44583421111015,9.055817111178113,17.696498949906303,15.353763439363115,11.71845352101174,5,1.3332550908554919,0.12509206035317993,-0.9554945712583881,-1.3179821989352114,1.7499323323416622,-0.3503192626003524,-1.0163732592748949,21,27,30,30,26,30,47,96,97,96,143,144,90,133,-0.7593107633472526,0.020901687353303326,0.2893957308993633,0.9249750348244967,-1.0923391002007654,1.547630241890747,0.9175203583052862,42.80243258432069,6.657818812487627,ET_somali
19.980806048452948,19.0212165097202,12.501599284235622,9.760961134999377,18.87193225187759,19.318028249003177,14.717942851446962,5,1.3424411761747934,0.02739554883140905,-0.9348763698423411,-1.2005154287487443,1.8152973191414952,-0.4038762530584514,-1.0178160307481257,21,27,30,30,26,30,47,89,91,96,142,142,95,137,-0.6550383075400492,-0.09064583442686555,0.2824648445276315,0.886210832272663,-1.2442335684899954,1.5538265069958421,0.8997763415741118,42.858577289578164,6.720431387790758,ET_somali
19.3518488349168,20.07165904670527,15.88430597848474,8.681719095461146,15.007193205384976,15.952055070034138,17.00807846209209,5,1.3663618028862188,0.19593722101677602,-1.0172774660890156,-1.3942693854685455,1.4662668310454214,-0.4587425174361079,-1.0937059315808724,21,27,29,30,26,30,47,88,88,89,143,141,91,124,-0.7902065993071062,-0.02851830880413578,0.30062857562481743,0.8846597191206492,-0.7993147577048151,1.619773985161801,0.927235899630435,42.90349305378414,6.9351287406953235,ET_somali
24.31595432618799,18.679591875662286,9.072850345999958,9.658321877766532,20.61851421958244,19.090455598317693,11.523510514260744,5,1.3332550908554919,0.12509206035317993,-0.9554945712583881,-1.3179821989352114,1.7499323323416622,-0.3503192626003524,-1.0163732592748949,21,27,30,30,26,30,47,90,92,97,142,144,92,127,-0.7593107633472526,0.020901687353303326,0.2893957308993633,0.9249750348244967,-1.0923391002007654,1.547630241890747,0.9175203583052862,42.79174263243967,6.716927958182692,ET_somali
20.416386076352932,18.653776020410998,14.87770780021589,10.12997980248801,16.29974110258906,16.874617804062133,16.09372169145507,5,1.407008483684397,0.1804203383163563,-1.054986298270569,-1.416996578471047,1.4474468092189805,-0.3899890628808443,-1.0579568703894962,21,27,30,28,25,27,45,134,143,161,240,255,155,210,-0.8313221597807433,0.08037278804335077,0.38882913600723923,0.9466293806953973,-0.8403358247454527,1.5351453580767378,0.8825691012324263,42.69418559258429,6.760406417934077,ET_somali
19.919457476904384,14.373525584681303,9.820037672290113,8.603617663646617,21.486720340416124,19.599074016434145,14.957159936563169,5,1.3996224177041006,0.22208637652186744,-0.9495137425253164,-1.4025347666511756,1.3838583120291659,-0.40338245661009264,-1.1132492145627044,21,27,28,30,26,30,47,47,44,43,72,72,44,63,-0.7408197477089745,-0.04343974161851714,0.2731704108378665,0.854826489579725,-0.7190744037756035,1.5814532421499048,0.9994071672146703,43.05090659190815,6.9897463099697905,ET_somali
12.990313205176868,14.108361712348803,9.866871865452277,9.339700785684338,8.828751538589959,9.886735354329055,7.919556877913842,5,1.3869023844779442,0.29033591700995026,-1.0644881475602936,-1.4482877695010932,1.3869599699559951,-0.41263332804443714,-1.0879945896679215,21,27,29,30,26,30,47,93,93,92,142,143,93,122,-0.7924194943489292,0.028092417789271996,0.3773680612427183,0.935499828770558,-0.8611025911221218,1.5951465155755056,0.8399069467520772,42.750869287012236,6.875839931943435,ET_somali
23.5907193999852,18.38113068471848,15.928662938745909,9.83653071143198,20.270817519228682,17.721036254300575,21.402374586361866,5,1.3095861247509155,0.2242567326815016,-1.0193456512905577,-1.3749493021357968,1.6453684686513759,-0.3884250297343409,-1.0607866350539694,21,27,29,30,26,30,47,87,90,96,143,142,89,134,-0.7381247604668582,-0.05813004924218078,0.28113703426589864,0.9110110898846078,-1.0053278850840424,1.6129464246290137,0.9001368409041494,42.82983120048634,6.837481869311532,ET_somali
27.562547586429655,20.48270116275867,12.008736882532174,10.291509610049179,24.73062346679265,25.0342908694149,22.857740114552403,5,1.3138158421270127,0.04552567933431455,-0.9094480541737856,-1.2390249094513237,1.690643784122922,-0.47575578486465264,-1.08408710339862,21,27,29,30,26,30,47,41,45,41,72,72,39,62,-0.6791968017570821,-0.020838891704209404,0.29840599055552197,0.8594985881606318,-1.0797698693748627,1.5316538440340468,0.9664011083099897,43.05378120081733,6.791128800650965,ET_somali
20.292497686216592,20.907032954732102,11.70888383628306,11.991986808125722,21.503925591058614,18.731673594933408,16.232466622166108,5,1.3377887939839384,0.1106550626016054,-0.9674301735449801,-1.3400859166638612,1.5336042864399364,-0.49772867155516354,-1.0933258290209085,21,27,29,30,26,30,47,40,47,43,72,72,44,67,-0.7815355128665085,-0.06123112043073587,0.2583328684564888,0.8590161265050622,-0.7931000232324755,1.6102713084275675,0.986605706309144,43.03806068334524,6.878624709324206,ET_somali
15.74632711329596,13.299692818752302,13.06457149420299,7.719928479186747,15.525510114597727,14.725644372349292,13.24533011537202,5,1.5046694561732057,0.28065942854156,-0.8369317792280351,-1.5891316985000545,1.3159318968718623,-0.12785802697163112,-1.1630613499215527,21,27,29,30,26,30,46,49,44,47,72,71,46,57,-0.6129958691309002,-0.013574368469537641,0.4956231497853994,1.1998767711071083,-1.0265116731038026,1.4499448987730565,0.6496597774267892,42.72939955172178,7.077511713228268,ET_somali
19.728468867347,17.509900560754208,15.54424578891633,13.88951207375164,25.014013644605686,23.300321133000693,18.779764877148914,5,1.42362209503469,-0.07087024344796874,-0.8843980533966588,-1.0636822526878953,1.8404640340867289,-0.4239166526236274,-1.019117206610683,21,27,30,30,26,30,47,41,51,47,72,73,42,65,-0.7824802733293926,0.02534468688994516,0.41532964288699115,0.926798954029622,-1.2342303007561926,1.4296792912261351,0.9198888932221956,43.059620250164116,6.635540593441464,ET_somali
17.36995464651602,15.480951867512175,13.608029836754843,10.578405452143151,18.96768924787725,16.40412431511757,12.44999063003123,5,1.5378304748729796,0.29440647957412996,-0.9818492325885356,-1.4681264253172972,1.3087434789943189,-0.2959948798965038,-1.075461385391725,21,27,28,30,26,30,47,42,43,50,72,73,41,64,-0.7383149784943459,-0.06007062330801151,0.3066679868303539,0.8975185215363489,-0.7160638493040622,1.627672463740368,0.9192799526073637,43.00787728979883,7.074726935847497,ET_somali
21.921910777264912,21.95365718701966,14.195079882182878,10.916347495714605,26.55288415534174,21.91152614509866,20.310664362557098,5,1.4207623097413509,-0.07109237367622483,-0.9074907503036578,-1.1377987028402692,1.770291488954187,-0.4576098370873855,-1.018402160214964,21,27,29,30,26,30,47,43,50,42,72,72,43,61,-0.7510361385738482,-0.06381835551828934,0.3784235724048356,0.9021180721125512,-1.0925271429125925,1.4884877806826518,0.9553551147631955,43.026921573822165,6.711717729534799,ET_somali
19.898914126670736,17.203112670090338,10.613692609152801,7.872476509698327,12.470515937480803,11.7738746660348,14.675984947208386,5,1.3900782527746869,0.10634274320472821,-0.9941298942515587,-1.3695476548205208,1.6193325981972604,-0.342731296174307,-1.0134492680969163,21,27,30,30,26,30,47,88,99,93,150,148,102,128,-0.8158393355817065,0.10750430265952693,0.3766657731288312,0.9607857411243086,-0.9942215067662312,1.4850915827970534,0.9055173022293398,42.665259840435645,6.6960870435911195,ET_somali
21.251442510815885,16.75013582824305,7.849220857101549,9.117678403366394,23.40395084306548,21.38484295119552,15.764911405381248,5,1.4207623097413509,-0.07109237367622483,-0.9074907503036578,-1.1377987028402692,1.770291488954187,-0.4576098370873855,-1.018402160214964,21,27,29,30,26,30,47,40,51,45,72,71,41,68,-0.7510361385738482,-0.06381835551828934,0.3784235724048356,0.9021180721125512,-1.0925271429125925,1.4884877806826518,0.9553551147631955,43.04506754256138,6.727528078535302,ET_somali
19.749800246999857,23.88238297725278,17.375722225292453,11.235511643884381,19.88629253945334,18.576083430023115,17.62331022049592,5,1.3663618028862188,0.19593722101677602,-1.0172774660890156,-1.3942693854685455,1.4662668310454214,-0.4587425174361079,-1.0937059315808724,21,27,29,30,26,30,47,92,91,91,134,134,90,115,-0.7902065993071062,-0.02851830880413578,0.30062857562481743,0.8846597191206492,-0.7993147577048151,1.619773985161801,0.927235899630435,42.920291549597174,6.938272844189742,ET_somali
19.876105811079025,19.353165225178234,10.789912283370994,11.118152045573883,15.536755458701368,17.845046296782712,19.531947438343135,5,1.4290786361220464,-0.12943589964128605,-0.8755010053025455,-1.0740337129080755,1.8495508643579108,-0.4289610178695169,-0.9749693281753323,21,27,30,30,26,30,47,45,50,49,72,73,39,65,-0.7809844432042012,-0.008989467005223623,0.4097504550195662,0.9335393070177366,-1.1666361649848402,1.4290448451675672,0.9400511108489205,43.0309639926007,6.6037402323836325,ET_somali
23.624829522018977,19.197462715092676,10.421250070285375,10.381138581555005,21.139345150386895,17.875517535058506,14.948813555329048,5,1.3705031788285946,0.00988723619133849,-0.9398020717560758,-1.237646973423715,1.6680610708290102,-0.4926415993444379,-1.0616273411194674,21,27,29,30,26,30,47,48,48,44,72,71,40,61,-0.7663635515775681,-0.042304921216447196,0.3071713040760836,0.8821498614189275,-0.9571661570966369,1.5599956467140308,0.9629932123119791,42.96718360742821,6.841793782675306,ET_somali
16.868821575422963,17.16135210861231,15.670953234287454,11.885820093208585,16.841911280285398,14.487686652228321,15.470448902251254,5,1.400619516498148,0.13639916686094228,-1.0588408775515223,-1.4047615765228127,1.4275721494428053,-0.358859270370405,-1.0638005916980284,21,27,29,30,26,30,47,88,93,89,142,142,90,119,-0.8132819311339723,-0.06157498970515298,0.34736931351730216,0.9688983359028114,-0.6432457301813186,1.5194175172262112,0.9543013906016251,42.604443895700754,6.809005274804943,ET_somali
22.892650222900535,24.75119050161995,15.530653610223291,10.800646330340879,20.407194292344123,22.95701569317335,25.911252615597665,5,1.3663618028862188,0.19593722101677602,-1.0172774660890156,-1.3942693854685455,1.4662668310454214,-0.4587425174361079,-1.0937059315808724,21,27,29,30,26,30,47,93,92,86,143,143,94,121,-0.7902065993071062,-0.02851830880413578,0.30062857562481743,0.8846597191206492,-0.7993147577048151,1.619773985161801,0.927235899630435,42.884358938232396,6.899106297802131,ET_somali
19.179472097093292,19.72117186868425,14.288492789205266,16.97542998404909,21.261463685490906,23.671373459605928,17.050161771481438,5,1.3900782527746869,0.10634274320472821,-0.9941298942515587,-1.3695476548205208,1.6193325981972604,-0.342731296174307,-1.0134492680969163,21,27,30,30,26,30,47,175,190,198,284,287,190,245,-0.8158393355817065,0.10750430265952693,0.3766657731288312,0.9607857411243086,-0.9942215067662312,1.4850915827970534,0.9055173022293398,42.704516218351664,6.663927356419641,ET_somali
19.40357863720471,17.99193095720662,12.057667455647334,12.677256127564958,20.314117594366305,16.131035248086558,15.117902625616782,5,1.3705031788285946,0.00988723619133849,-0.9398020717560758,-1.237646973423715,1.6680610708290102,-0.4926415993444379,-1.0616273411194674,21,27,29,30,26,30,47,38,45,41,72,72,38,62,-0.7663635515775681,-0.042304921216447196,0.3071713040760836,0.8821498614189275,-0.9571661570966369,1.5599956467140308,0.9629932123119791,43.00293655573617,6.812508704413009,ET_somali
19.671168528536906,20.186039060090593,15.484155163776244,5.076915604329135,20.176627986657362,17.758366780620843,13.962878007234423,5,1.3095861247509155,0.2242567326815016,-1.0193456512905577,-1.3749493021357968,1.6453684686513759,-0.3884250297343409,-1.0607866350539694,21,27,29,30,26,30,47,91,89,95,142,143,87,121,-0.7381247604668582,-0.05813004924218078,0.28113703426589864,0.9110110898846078,-1.0053278850840424,1.6129464246290137,0.9001368409041494,42.75095911854064,6.804873024497994,ET_somali
18.055867844163757,18.53781188082499,11.792730519694473,9.488513903047888,15.894809826801186,12.652660725628532,15.904892353143168,5,1.3900782527746869,0.10634274320472821,-0.9941298942515587,-1.3695476548205208,1.6193325981972604,-0.342731296174307,-1.0134492680969163,21,27,30,30,26,30,47,89,98,86,144,142,104,129,-0.8158393355817065,0.10750430265952693,0.3766657731288312,0.9607857411243086,-0.9942215067662312,1.4850915827970534,0.9055173022293398,42.66319371528217,6.697793842630946,ET_somali
19.42107806050976,19.84055966489239,12.53433817636091,14.579106306016975,22.068567884478185,25.24231675443178,20.93899914001795,5,1.3828660812628286,-0.054890122457852394,-0.8885511442897512,-1.1552850638339327,1.8524248732035342,-0.38116994078135075,-0.9714191822463156,21,27,30,30,26,30,47,40,50,49,71,73,43,70,-0.7669794803000288,-0.008694986236374389,0.3079474922432356,0.9348389342405405,-1.138917779753145,1.4846845014481485,0.9565589698161219,42.94068330654669,6.608770797974701,ET_somali
20.661316919928503,17.4367131979967,12.75205698180992,8.80037904767818,19.571653972688008,14.751997842568727,16.105160165313173,5,1.5046694561732057,0.28065942854156,-0.8369317792280351,-1.5891316985000545,1.3159318968718623,-0.12785802697163112,-1.1630613499215527,21,27,29,30,26,30,46,91,96,88,144,142,91,106,-0.6129958691309002,-0.013574368469537641,0.4956231497853994,1.1998767711071083,-1.0265116731038026,1.4499448987730565,0.6496597774267892,42.69086182603305,7.0514605699888016,ET_somali
18.899440161930013,17.120417081110553,9.209874598107433,10.852237447216199,15.587514937797739,14.67447443837909,20.80507074970282,5,1.5030451421664652,0.2865923445742261,-0.9822100472435463,-1.5233794192541823,1.2737576631114165,-0.3186936310699852,-1.109038507813507,21,27,29,30,26,30,47,91,89,90,143,144,91,119,-0.8046492038629011,0.010894407206609426,0.3600000564914225,0.9796475322251894,-0.7654554947049417,1.6033128297274721,0.8403850203366645,42.81429034607107,7.01319233888531,ET_somali
19.302815414290375,18.73369215074038,12.907327565866794,7.327769751374914,14.991025601331666,15.844862482103741,16.6945544604108,5,1.393882301410419,-0.02517015549634814,-0.9696928174383549,-1.2901792547752802,1.7258094835776487,-0.3032088524634255,-0.9482693891086471,21,27,30,30,26,30,47,78,81,84,144,142,97,111,-0.8741532011435286,0.13472682323734192,0.34075208076764874,0.999568210388954,-1.0418677795059146,1.437113971445194,0.9353153955422646,42.64145448540648,6.618921760685252,ET_somali
18.681952941354034,18.89990870858188,12.58431983446216,9.591793723719327,14.75223710005326,14.263286040499253,14.474723705765465,5,1.3095861247509155,0.2242567326815016,-1.0193456512905577,-1.3749493021357968,1.6453684686513759,-0.3884250297343409,-1.0607866350539694,21,27,29,30,26,30,47,95,88,93,143,143,92,129,-0.7381247604668582,-0.05813004924218078,0.28113703426589864,0.9110110898846078,-1.0053278850840424,1.6129464246290137,0.9001368409041494,42.83809570110024,6.830834336209048,ET_somali
17.615215530673684,18.38701868515755,12.597812414629784,12.24207852868616,18.86801730624658,16.661081218739174,13.470189081895208,5,1.4207623097413509,-0.07109237367622483,-0.9074907503036578,-1.1377987028402692,1.770291488954187,-0.4576098370873855,-1.018402160214964,21,27,29,30,26,30,47,46,50,47,72,72,42,60,-0.7510361385738482,-0.06381835551828934,0.3784235724048356,0.9021180721125512,-1.0925271429125925,1.4884877806826518,0.9553551147631955,42.99314491913927,6.714233012330333,ET_somali
21.833447997582912,18.41173255435781,14.07562267113935,12.527116235166485,15.809351229556407,15.38149118862891,15.964049605093109,5,1.4084358936560344,0.3309027414984514,-0.9612645639526001,-1.532500104018425,1.3862197198262811,-0.21995833775466872,-1.1443125572127704,21,27,29,30,26,30,46,93,91,91,144,142,94,106,-0.752615673088833,-0.014157427327226852,0.46444866223036946,1.1015266383592515,-0.8206435982246969,1.4784282655600456,0.7852250579535314,42.68196850472027,7.029811171641521,ET_somali
17.740150056072025,17.40176540856077,11.628105204940917,10.564350440610648,15.998084101775097,11.439968902115556,12.946309846746596,5,1.4732291531304011,-0.005768909465455083,-1.0297108808784314,-1.3352479716191006,1.49333540941377,-0.3711795182549005,-1.0063276757644537,21,27,30,30,26,30,47,90,92,86,144,142,103,126,-0.8653936212969849,0.10317323766718733,0.37019379138198916,0.9743758853594711,-0.8067475922004873,1.4712819050325052,0.9336070808582515,42.6356154360597,6.704800701847079,ET_somali
18.982225355859995,16.231704176648282,11.356232771802572,8.287617653811752,16.818242335028796,16.32632178013912,14.189847509695591,5,1.3095861247509155,0.2242567326815016,-1.0193456512905577,-1.3749493021357968,1.6453684686513759,-0.3884250297343409,-1.0607866350539694,21,27,29,30,26,30,47,94,80,93,142,142,92,129,-0.7381247604668582,-0.05813004924218078,0.28113703426589864,0.9110110898846078,-1.0053278850840424,1.6129464246290137,0.9001368409041494,42.77745941942217,6.829666526339692,ET_somali
16.628294871749954,15.674556019465788,10.00361872590389,8.629060381546925,15.76454351991678,19.132787529045412,13.812891307549513,5,1.5030451421664652,0.2865923445742261,-0.9822100472435463,-1.5233794192541823,1.2737576631114165,-0.3186936310699852,-1.109038507813507,21,27,29,30,26,30,47,95,91,90,143,143,90,116,-0.8046492038629011,0.010894407206609426,0.3600000564914225,0.9796475322251894,-0.7654554947049417,1.6033128297274721,0.8403850203366645,42.80297157349116,6.975373265423879,ET_somali
17.2296356637447,16.14739054166269,11.149955424436495,12.609794225919684,15.566811218526333,14.208428596973912,15.399031032288171,5,1.5378304748729796,0.29440647957412996,-0.9818492325885356,-1.4681264253172972,1.3087434789943189,-0.2959948798965038,-1.075461385391725,21,27,28,30,26,30,47,42,44,49,72,73,44,63,-0.7383149784943459,-0.06007062330801151,0.3066679868303539,0.8975185215363489,-0.7160638493040622,1.627672463740368,0.9192799526073637,42.98712620673567,7.0825422788193375,ET_somali
15.982981683464686,14.288454136289461,9.459877225470464,7.960172792746711,15.670498113536036,11.938817472172873,12.718669058224544,5,1.3900782527746869,0.10634274320472821,-0.9941298942515587,-1.3695476548205208,1.6193325981972604,-0.342731296174307,-1.0134492680969163,21,27,30,30,26,30,47,156,162,176,272,267,178,228,-0.8158393355817065,0.10750430265952693,0.3766657731288312,0.9607857411243086,-0.9942215067662312,1.4850915827970534,0.9055173022293398,42.67684810760078,6.657549317902392,ET_somali
19.80047953174367,20.265886313557615,10.972309229929552,11.219280587944018,19.901979793368366,18.875674181561777,14.628056346931034,5,1.3138158421270127,0.04552567933431455,-0.9094480541737856,-1.2390249094513237,1.690643784122922,-0.47575578486465264,-1.08408710339862,21,27,29,30,26,30,47,44,46,44,72,72,42,65,-0.6791968017570821,-0.020838891704209404,0.29840599055552197,0.8594985881606318,-1.0797698693748627,1.5316538440340468,0.9664011083099897,43.0767780720908,6.815832470964251,ET_somali
25.755978177528725,23.866148817853333,13.3446102286105,11.497342731221734,26.38386124067091,21.221336334932325,21.11147452370978,5,1.3377887939839384,0.1106550626016054,-0.9674301735449801,-1.3400859166638612,1.5336042864399364,-0.49772867155516354,-1.0933258290209085,21,27,29,30,26,30,47,47,48,45,72,72,43,65,-0.7815355128665085,-0.06123112043073587,0.2583328684564888,0.8590161265050622,-0.7931000232324755,1.6102713084275675,0.986605706309144,42.96960905869534,6.919498054751644,ET_somali
15.792439178054408,18.168785426891404,11.521992074626976,10.249335238832977,18.505323795466026,14.473134527726991,12.43023073913991,5,1.3705031788285946,0.00988723619133849,-0.9398020717560758,-1.237646973423715,1.6680610708290102,-0.4926415993444379,-1.0616273411194674,21,27,29,30,26,30,47,45,48,41,72,72,42,64,-0.7663635515775681,-0.042304921216447196,0.3071713040760836,0.8821498614189275,-0.9571661570966369,1.5599956467140308,0.9629932123119791,42.96718360742821,6.790050822310021,ET_somali
22.079879003515043,22.67221339767003,9.544200838196254,7.31674290222947,21.727519120079137,20.491011407893264,16.85197845671295,5,1.316326212704982,0.11697933222728593,-0.9821046266635719,-1.2911417183386236,1.6998129958690293,-0.44032376715214433,-1.0629881762254807,21,27,29,30,26,30,47,44,51,44,72,71,43,71,-0.6926845850342241,-0.09474057657722082,0.27933752732230815,0.892719244430652,-1.0768064151825376,1.5988688489038072,0.9067895627489803,42.91858475055735,6.7913084637077885,ET_somali
22.54040358650298,21.204636690080047,20.14908640863166,11.996980976317639,21.98910151910161,24.923175805572853,14.197897347189507,5,1.3095861247509155,0.2242567326815016,-1.0193456512905577,-1.3749493021357968,1.6453684686513759,-0.3884250297343409,-1.0607866350539694,21,27,29,30,26,30,47,92,94,97,142,142,96,127,-0.7381247604668582,-0.05813004924218078,0.28113703426589864,0.9110110898846078,-1.0053278850840424,1.6129464246290137,0.9001368409041494,42.79821050248533,6.80702898117988,ET_somali
19.438114111420557,15.721880682900323,14.384684960299598,10.891089029561627,16.67723521361277,13.269597243508736,12.933820998547278,5,1.400619516498148,0.13639916686094228,-1.0588408775515223,-1.4047615765228127,1.4275721494428053,-0.358859270370405,-1.0638005916980284,21,27,30,30,26,30,47,91,93,83,142,140,103,126,-0.8132819311339723,-0.06157498970515298,0.34736931351730216,0.9688983359028114,-0.6432457301813186,1.5194175172262112,0.9543013906016251,42.618457614133014,6.759238608064721,ET_somali
20.06801356942165,20.975819138901144,8.659245739378907,10.231137935249414,24.832645972755365,26.914639235667387,30.710446313978466,5,1.3828660812628286,-0.054890122457852394,-0.8885511442897512,-1.1552850638339327,1.8524248732035342,-0.38116994078135075,-0.9714191822463156,21,27,30,30,26,30,47,47,51,48,71,73,44,70,-0.7669794803000288,-0.008694986236374389,0.3079474922432356,0.9348389342405405,-1.138917779753145,1.4846845014481485,0.9565589698161219,42.92038138112559,6.600057139718742,ET_somali
18.11931403340441,14.809905840962697,14.379570789566934,10.657635618140139,18.24577443475495,15.364322953630378,13.680001946170368,5,1.3313670647796745,0.33408217025361286,-0.990003927020926,-1.4909706033130243,1.421410209212436,-0.17176761817961644,-1.1574303191230988,21,27,29,30,26,30,46,87,96,88,144,142,101,100,-0.7413820887732112,-0.12491726402441546,0.4997508483887037,1.0970592745075096,-0.6559530465070612,1.4259955867821106,0.848692823892176,42.61351688007036,7.03160780220976,ET_somali
19.65318370404118,16.648217134669366,11.687403265980178,11.465277691377194,16.81360330305276,14.077006189549834,12.341078546106216,1,1.3900782527746869,0.10634274320472821,-0.9941298942515587,-1.3695476548205208,1.6193325981972604,-0.342731296174307,-1.0134492680969163,21,27,30,30,26,30,47,90,99,105,156,150,102,142,-0.8158393355817065,0.10750430265952693,0.3766657731288312,0.9607857411243086,-0.9942215067662312,1.4850915827970534,0.9055173022293398,42.663822535981055,6.679737705420144,ET_somali
20.045958475776025,20.494744547709786,9.715657851039415,10.392561575566909,21.79279257316674,23.158257850757554,18.169213736098822,5,1.4290786361220464,-0.12943589964128605,-0.8755010053025455,-1.0740337129080755,1.8495508643579108,-0.4289610178695169,-0.9749693281753323,21,27,30,30,26,30,47,42,48,49,71,73,40,61,-0.7809844432042012,-0.008989467005223623,0.4097504550195662,0.9335393070177366,-1.1666361649848402,1.4290448451675672,0.9400511108489205,42.980478673633186,6.632486321475457,ET_somali
21.03596507281733,19.984797926339898,13.930975606490916,11.871597420441965,25.64241040102516,20.975782193472053,17.417883988747086,5,1.3996224177041006,0.22208637652186744,-0.9495137425253164,-1.4025347666511756,1.3838583120291659,-0.40338245661009264,-1.1132492145627044,21,27,29,30,26,30,47,42,47,44,72,72,42,57,-0.7408197477089745,-0.04343974161851714,0.2731704108378665,0.854826489579725,-0.7190744037756035,1.5814532421499048,0.9994071672146703,43.07147801191449,7.028104372601694,ET_somali
20.217268775459452,18.964495201146317,9.67330099232688,14.461296196488572,19.931237203772426,16.597022943096462,13.388113775621159,5,1.3900782527746869,0.10634274320472821,-0.9941298942515587,-1.3695476548205208,1.6193325981972604,-0.342731296174307,-1.0134492680969163,21,27,30,30,26,30,47,89,97,93,142,142,92,124,-0.8158393355817065,0.10750430265952693,0.3766657731288312,0.9607857411243086,-0.9942215067662312,1.4850915827970534,0.9055173022293398,42.72266218709088,6.688810689789751,ET_somali
16.551030696576255,16.74266313400267,10.537626513221944,9.041682828777615,17.64848596620296,18.52039937174975,12.64904537819674,5,1.407008483684397,0.1804203383163563,-1.054986298270569,-1.416996578471047,1.4474468092189805,-0.3899890628808443,-1.0579568703894962,21,27,29,30,26,30,47,88,91,97,142,142,96,127,-0.8313221597807433,0.08037278804335077,0.38882913600723923,0.9466293806953973,-0.8403358247454527,1.5351453580767378,0.8825691012324263,42.73811320997773,6.757711472081718,ET_somali
17.208422931823048,16.7206219787201,11.35010254713773,8.51638480432145,19.197402713975034,15.28759369268502,11.867731024488588,5,1.3663618028862188,0.19593722101677602,-1.0172774660890156,-1.3942693854685455,1.4662668310454214,-0.4587425174361079,-1.0937059315808724,21,27,29,30,26,30,47,47,47,47,72,72,43,69,-0.7902065993071062,-0.02851830880413578,0.30062857562481743,0.8846597191206492,-0.7993147577048151,1.619773985161801,0.927235899630435,42.94409690462634,6.878624709324206,ET_somali
20.868823843986533,16.974306390972746,16.861047903354034,12.065140063005009,19.44462544436035,15.527355193636053,15.71847734567956,5,1.5839103670135475,0.285487724647402,-0.942065920036906,-1.5280650895907144,1.2337395053600813,-0.2556712805170081,-1.0986530123581275,21,27,29,30,26,30,46,88,80,98,144,144,87,120,-0.7633899162410078,-0.03966389454189696,0.31203503079434386,0.9539625310490043,-0.68174250625198,1.6320535541802577,0.8756915711969399,42.93798836069433,7.094939029740186,ET_somali
20.060440066794232,16.589610820601823,13.289278231769407,11.14928830158836,13.480020928551198,14.126868342922451,17.042019354111527,5,1.407008483684397,0.1804203383163563,-1.054986298270569,-1.416996578471047,1.4474468092189805,-0.3899890628808443,-1.0579568703894962,21,27,29,30,26,30,47,96,81,80,142,144,102,123,-0.8313221597807433,0.08037278804335077,0.38882913600723923,0.9466293806953973,-0.8403358247454527,1.5351453580767378,0.8825691012324263,42.677207433714436,6.8361343963853525,ET_somali
15.756318576325079,17.959375488843488,10.876956572276741,8.114027987266097,15.230485196043986,15.612711067296615,11.83066742718983,5,1.393882301410419,-0.02517015549634814,-0.9696928174383549,-1.2901792547752802,1.7258094835776487,-0.3032088524634255,-0.9482693891086471,21,27,30,30,26,30,47,82,86,78,144,142,98,115,-0.8741532011435286,0.13472682323734192,0.34075208076764874,0.999568210388954,-1.0418677795059146,1.437113971445194,0.9353153955422646,42.61791862496254,6.616316646361305,ET_somali
20.245169452047243,17.803847398587685,10.653064895350617,9.485723948095693,19.20576420700836,14.002413668092329,11.398017638156198,5,1.5030451421664652,0.2865923445742261,-0.9822100472435463,-1.5233794192541823,1.2737576631114165,-0.3186936310699852,-1.109038507813507,21,27,29,30,26,30,47,87,94,94,143,143,91,120,-0.8046492038629011,0.010894407206609426,0.3600000564914225,0.9796475322251894,-0.7654554947049417,1.6033128297274721,0.8403850203366645,42.81941074319055,6.998639631282574,ET_somali
16.93357511450051,16.26212221672846,13.195513296790885,10.538414862045459,17.859229907687705,14.498863074011043,14.508475102907854,5,1.407008483684397,0.1804203383163563,-1.054986298270569,-1.416996578471047,1.4474468092189805,-0.3899890628808443,-1.0579568703894962,21,27,29,30,26,30,47,96,84,82,142,142,106,114,-0.8313221597807433,0.08037278804335077,0.38882913600723923,0.9466293806953973,-0.8403358247454527,1.5351453580767378,0.8825691012324263,42.650976627418146,6.79184745287826,ET_somali
22.872300162543024,19.987129128733816,13.98912440894892,8.91490692420579,20.658361120748822,17.68420830415093,17.001616809454983,5,1.3705031788285946,0.00988723619133849,-0.9398020717560758,-1.237646973423715,1.6680610708290102,-0.4926415993444379,-1.0616273411194674,21,27,29,30,26,30,47,46,52,44,72,72,44,63,-0.7663635515775681,-0.042304921216447196,0.3071713040760836,0.8821498614189275,-0.9571661570966369,1.5599956467140308,0.9629932123119791,43.00814678438407,6.755375852343008,ET_somali
22.5580090531498,19.12199690876434,10.431198723809091,10.454923072513196,21.87954650028305,18.882958271086128,16.16846196125222,5,1.3424411761747934,0.02739554883140905,-0.9348763698423411,-1.2005154287487443,1.8152973191414952,-0.4038762530584514,-1.0178160307481257,21,27,30,30,26,30,47,40,46,46,71,71,37,64,-0.6550383075400492,-0.09064583442686555,0.2824648445276315,0.886210832272663,-1.2442335684899954,1.5538265069958421,0.8997763415741118,42.93125099606343,6.700578620011717,ET_somali
16.94159772547163,18.696535351068764,11.463283643088102,10.620027235105535,22.32145364872391,30.173665301603368,23.77354954588923,5,1.4347951163055976,0.2071077944657692,-0.9861766377028576,-1.410938834427696,1.4035154905244418,-0.4105671404388653,-1.0911905601551661,21,27,29,30,26,30,47,46,40,46,72,72,43,66,-0.7715515146044158,-0.036224988584952246,0.2966555311767082,0.8773168631110799,-0.7537062233803018,1.6132816804366965,0.9480107398532608,42.981376988917305,7.039153650596364,ET_somali
16.20086456184255,14.197276791634428,12.880908948268438,12.216415160236151,13.818444169164128,11.937958023814721,11.584467147414042,5,1.4732291531304011,-0.005768909465455083,-1.0297108808784314,-1.3352479716191006,1.49333540941377,-0.3711795182549005,-1.0063276757644537,21,27,30,30,26,30,47,84,93,90,144,140,115,134,-0.8653936212969849,0.10317323766718733,0.37019379138198916,0.9743758853594711,-0.8067475922004873,1.4712819050325052,0.9336070808582515,42.64792235545214,6.6876428799203955,ET_somali
17.51080562814098,15.499180261063836,11.289512288902927,8.248443459316602,17.80022358396689,15.733920635418913,13.283102631225583,5,1.5378304748729796,0.29440647957412996,-0.9818492325885356,-1.4681264253172972,1.3087434789943189,-0.2959948798965038,-1.075461385391725,21,27,28,30,26,30,47,44,44,49,72,73,42,64,-0.7383149784943459,-0.06007062330801151,0.3066679868303539,0.8975185215363489,-0.7160638493040622,1.627672463740368,0.9192799526073637,43.01075189870801,7.074187946677026,ET_somali
23.020968637398695,19.440098479189665,14.409943404021899,12.789848436855562,19.48907267949428,18.46356887563955,17.082659830777512,5,1.42362209503469,-0.07087024344796874,-0.8843980533966588,-1.0636822526878953,1.8404640340867289,-0.4239166526236274,-1.019117206610683,21,27,30,30,26,30,47,42,49,45,72,73,40,60,-0.7824802733293926,0.02534468688994516,0.41532964288699115,0.926798954029622,-1.2342303007561926,1.4296792912261351,0.9198888932221956,43.05773378806746,6.610477597014529,ET_somali
16.098429389945025,15.499882870154877,13.448205476941354,10.441242085896796,15.665125590970138,15.471247879017568,18.08834756822067,5,1.4084358936560344,0.3309027414984514,-0.9612645639526001,-1.532500104018425,1.3862197198262811,-0.21995833775466872,-1.1443125572127704,21,27,29,30,26,30,46,48,46,47,72,72,52,59,-0.752615673088833,-0.014157427327226852,0.46444866223036946,1.1015266383592515,-0.8206435982246969,1.4784282655600456,0.7852250579535314,42.71179257215304,7.0443638792442576,ET_somali
18.385874225167093,18.472717625249476,14.238907393369638,10.940603661509305,17.3909625613776,12.326953004402084,16.895326945727746,5,1.4732291531304011,-0.005768909465455083,-1.0297108808784314,-1.3352479716191006,1.49333540941377,-0.3711795182549005,-1.0063276757644537,21,27,30,30,26,30,47,92,92,89,142,140,108,134,-0.8653936212969849,0.10317323766718733,0.37019379138198916,0.9743758853594711,-0.8067475922004873,1.4712819050325052,0.9336070808582515,42.622050875269494,6.729773866745601,ET_somali
19.328749575776197,18.91190036380068,14.605468155288925,9.772354091254833,15.404834411036921,13.13435910192457,11.075387194568581,5,1.393882301410419,-0.02517015549634814,-0.9696928174383549,-1.2901792547752802,1.7258094835776487,-0.3032088524634255,-0.9482693891086471,21,27,30,30,26,30,47,76,81,83,144,142,98,116,-0.8741532011435286,0.13472682323734192,0.34075208076764874,0.999568210388954,-1.0418677795059146,1.437113971445194,0.9353153955422646,42.634178131605104,6.631857500776573,ET_somali
20.316011667777026,19.990195769257056,9.77284075309457,11.038149256790344,25.380528642166034,17.793615198915322,15.651818213973232,5,1.3705031788285946,0.00988723619133849,-0.9398020717560758,-1.237646973423715,1.6680610708290102,-0.4926415993444379,-1.0616273411194674,21,27,29,30,26,30,47,41,51,42,72,72,40,64,-0.7663635515775681,-0.042304921216447196,0.3071713040760836,0.8821498614189275,-0.9571661570966369,1.5599956467140308,0.9629932123119791,42.959907253626845,6.767413277150209,ET_somali
16.96993832192248,18.646914903304893,10.127823565734317,9.677264028837696,12.265979762262152,10.430240687836156,11.814073092032864,5,1.3869023844779442,0.29033591700995026,-1.0644881475602936,-1.4482877695010932,1.3869599699559951,-0.41263332804443714,-1.0879945896679215,21,27,29,30,26,30,47,91,89,89,143,143,92,134,-0.7924194943489292,0.028092417789271996,0.3773680612427183,0.935499828770558,-0.8611025911221218,1.5951465155755056,0.8399069467520772,42.7558998526033,6.946178018689994,ET_somali
20.67647424615667,19.130347778782976,13.694302384705605,14.382639156485604,20.19049017983105,17.339266612296626,14.127437742718636,5,1.5378304748729796,0.29440647957412996,-0.9818492325885356,-1.4681264253172972,1.3087434789943189,-0.2959948798965038,-1.075461385391725,21,27,28,30,26,30,47,39,44,47,72,72,44,64,-0.7383149784943459,-0.06007062330801151,0.3066679868303539,0.8975185215363489,-0.7160638493040622,1.627672463740368,0.9192799526073637,42.980658336690006,7.072301484580374,ET_somali
17.5208642465999,16.452334063740953,9.722533944773765,10.450292195318596,17.972177559218633,17.809130790206247,12.718431726114263,5,1.3424411761747934,0.02739554883140905,-0.9348763698423411,-1.2005154287487443,1.8152973191414952,-0.4038762530584514,-1.0178160307481257,21,27,29,30,26,30,47,95,87,95,142,141,98,127,-0.6550383075400492,-0.09064583442686555,0.2824648445276315,0.886210832272663,-1.2442335684899954,1.5538265069958421,0.8997763415741118,42.8550738599701,6.745674047274517,ET_somali
16.383787520645765,16.65815521364931,9.583267284162272,9.594148561083625,16.531757345200763,13.253635843268441,15.54072764969547,5,1.3996224177041006,0.22208637652186744,-0.9495137425253164,-1.4025347666511756,1.3838583120291659,-0.40338245661009264,-1.1132492145627044,21,27,28,30,26,30,47,41,43,47,72,72,42,60,-0.7408197477089745,-0.04343974161851714,0.2731704108378665,0.854826489579725,-0.7190744037756035,1.5814532421499048,0.9994071672146703,43.062944016715356,6.950939089695828,ET_somali
18.046952468670764,19.009906986913315,15.96417652199367,10.242321583668284,19.22606928985462,16.135623908707846,12.94907053047143,5,1.400619516498148,0.13639916686094228,-1.0588408775515223,-1.4047615765228127,1.4275721494428053,-0.358859270370405,-1.0638005916980284,21,27,29,30,26,30,47,91,86,84,142,142,97,125,-0.8132819311339723,-0.06157498970515298,0.34736931351730216,0.9688983359028114,-0.6432457301813186,1.5194175172262112,0.9543013906016251,42.63390863701987,6.773791315667458,ET_somali
15.274884809862428,15.847227088998432,12.624624071905426,7.973509973784861,13.655089840026305,13.38316794356316,10.66706057317383,5,1.5839103670135475,0.285487724647402,-0.942065920036906,-1.5280650895907144,1.2337395053600813,-0.2556712805170081,-1.0986530123581275,21,27,29,30,26,30,46,92,82,92,144,143,94,117,-0.7633899162410078,-0.03966389454189696,0.31203503079434386,0.9539625310490043,-0.68174250625198,1.6320535541802577,0.8756915711969399,42.92280683239271,7.08083547977951,ET_somali
19.16598679466324,15.647947477465898,12.379515571714974,8.372239175153092,12.048939834804536,10.019468646886985,13.81437052916386,5,1.407008483684397,0.1804203383163563,-1.054986298270569,-1.416996578471047,1.4474468092189805,-0.3899890628808443,-1.0579568703894962,21,27,29,30,26,30,47,90,82,82,142,142,105,121,-0.8313221597807433,0.08037278804335077,0.38882913600723923,0.9466293806953973,-0.8403358247454527,1.5351453580767378,0.8825691012324263,42.68062103179409,6.801459426418339,ET_somali
19.513727072894337,19.530021331216464,9.933026916853034,9.194256060682562,19.490207305398936,18.336349795334087,17.084489431961963,5,1.3663618028862188,0.19593722101677602,-1.0172774660890156,-1.3942693854685455,1.4662668310454214,-0.4587425174361079,-1.0937059315808724,21,27,29,30,26,30,47,49,50,47,72,73,42,63,-0.7902065993071062,-0.02851830880413578,0.30062857562481743,0.8846597191206492,-0.7993147577048151,1.619773985161801,0.927235899630435,42.94499521991046,6.940159306286393,ET_somali
20.034809867392635,16.80452024161358,14.386015801759983,13.240794807929964,13.684264198160385,14.578431868253293,14.468150757249196,5,1.407008483684397,0.1804203383163563,-1.054986298270569,-1.416996578471047,1.4474468092189805,-0.3899890628808443,-1.0579568703894962,21,27,29,30,26,30,47,92,94,82,142,142,102,114,-0.8313221597807433,0.08037278804335077,0.38882913600723923,0.9466293806953973,-0.8403358247454527,1.5351453580767378,0.8825691012324263,42.65672584523651,6.832002146078403,ET_somali
18.959682472620734,17.752547560225285,13.919078790055774,12.235992203902184,17.76283889649654,18.26404777056636,12.333634603570035,5,1.3095861247509155,0.2242567326815016,-1.0193456512905577,-1.3749493021357968,1.6453684686513759,-0.3884250297343409,-1.0607866350539694,21,27,29,30,26,30,47,94,91,96,142,142,94,131,-0.7381247604668582,-0.05813004924218078,0.28113703426589864,0.9110110898846078,-1.0053278850840424,1.6129464246290137,0.9001368409041494,42.791832463968085,6.805142519083229,ET_somali
19.591633748615802,17.946881220980185,8.888046487631335,10.29844889133015,22.960582440829338,20.50017155063521,16.911939585426193,5,1.4290786361220464,-0.12943589964128605,-0.8755010053025455,-1.0740337129080755,1.8495508643579108,-0.4289610178695169,-0.9749693281753323,21,27,30,30,26,30,47,39,53,44,71,72,38,60,-0.7809844432042012,-0.008989467005223623,0.4097504550195662,0.9335393070177366,-1.1666361649848402,1.4290448451675672,0.9400511108489205,42.9528105628823,6.6476678497770765,ET_somali
18.58281192986305,18.728515045683547,12.106526202126402,10.61161006295101,19.41402362401498,15.443056143855001,15.775905803048081,5,1.4732291531304011,-0.005768909465455083,-1.0297108808784314,-1.3352479716191006,1.49333540941377,-0.3711795182549005,-1.0063276757644537,21,27,30,30,26,30,47,90,90,79,144,140,106,124,-0.8653936212969849,0.10317323766718733,0.37019379138198916,0.9743758853594711,-0.8067475922004873,1.4712819050325052,0.9336070808582515,42.643251115974714,6.699051484028714,ET_somali
24.038248115466477,22.694786735845327,13.266466561225094,9.259458780501507,23.48439420104415,17.11193572814129,14.716015788504901,5,1.5030451421664652,0.2865923445742261,-0.9822100472435463,-1.5233794192541823,1.2737576631114165,-0.3186936310699852,-1.109038507813507,21,27,29,30,26,30,47,91,88,88,143,143,91,127,-0.8046492038629011,0.010894407206609426,0.3600000564914225,0.9796475322251894,-0.7654554947049417,1.6033128297274721,0.8403850203366645,42.838814353327535,6.955071340002777,ET_somali
19.940124198611002,20.836771891421943,12.895680823563424,9.564904070307596,28.373134133012112,25.85403018597365,16.828436344932225,5,1.5036942215666544,0.2944230519108203,-0.9673311213594943,-1.4360823744049116,1.3003856784552321,-0.3078870940886418,-1.0960057760121498,21,27,28,30,26,30,47,37,47,43,72,72,45,63,-0.7220619934328142,-0.07688209127668776,0.28686137810829604,0.8669471422337676,-0.6443881354680451,1.5905489531068844,0.9812931950140658,43.07183733802814,7.089279643450234,ET_somali
19.506110081584293,20.32066089154762,8.56407622360519,7.788362835510864,20.15104820738951,19.93889909252419,19.44999916742495,5,1.3424411761747934,0.02739554883140905,-0.9348763698423411,-1.2005154287487443,1.8152973191414952,-0.4038762530584514,-1.0178160307481257,21,27,30,30,26,30,47,44,55,52,71,73,40,64,-0.6550383075400492,-0.09064583442686555,0.2824648445276315,0.886210832272663,-1.2442335684899954,1.5538265069958421,0.8997763415741118,42.917237277631166,6.6654544924026435,ET_somali
18.250398945115748,12.890267600221522,10.903587372037252,10.447635845033906,8.838587823681891,10.82712900932111,12.687648970967164,5,1.3529914239389917,0.3157675186770018,-1.0549876825709128,-1.4759813025757542,1.4123174523930355,-0.33667610988158714,-1.1056214429427367,21,27,29,30,26,30,47,95,88,84,142,144,100,133,-0.7963231715208423,0.00823037814722508,0.43153191118324025,0.9903462842578282,-0.8114760612824062,1.5310615073607412,0.845754486140632,42.690233005334164,6.91886923405276,ET_somali
19.343854429083823,20.198893541688907,14.51556131361349,9.966125565271435,14.909453705770476,12.740290352894881,12.552957230314147,5,1.393882301410419,-0.02517015549634814,-0.9696928174383549,-1.2901792547752802,1.7258094835776487,-0.3032088524634255,-0.9482693891086471,21,27,30,30,26,30,47,80,79,81,144,142,100,119,-0.8741532011435286,0.13472682323734192,0.34075208076764874,0.999568210388954,-1.0418677795059146,1.437113971445194,0.9353153955422646,42.634717120775576,6.634282952043696,ET_somali
20.103513852825092,18.661102931192683,10.87813190626452,10.068236989253553,20.100135733595728,18.628027476795317,13.35163576723486,5,1.3996224177041006,0.22208637652186744,-0.9495137425253164,-1.4025347666511756,1.3838583120291659,-0.40338245661009264,-1.1132492145627044,21,27,29,30,26,30,47,42,45,47,72,72,44,58,-0.7408197477089745,-0.04343974161851714,0.2731704108378665,0.854826489579725,-0.7190744037756035,1.5814532421499048,0.9994071672146703,43.093396904847005,7.00582615355553,ET_somali
20.563132023218177,18.39901797090817,12.808461975706996,14.860615529528904,22.079711736448353,19.48098354338795,17.603563197625956,5,1.5063391777826771,0.24178168662400112,-1.0266675041945612,-1.4539310196894664,1.2622962203743433,-0.38934939310232825,-1.0903858121647927,21,27,29,30,26,30,47,90,87,87,143,143,87,118,-0.78968660210061,-0.027228216287233986,0.30245915798447043,0.8932046212471947,-0.6293373043315555,1.6267083723059321,0.921492451907873,42.87250117648202,6.9901954676118505,ET_somali
18.116222617519977,15.702204539784582,12.355839705686808,12.342783658058119,12.291674638324695,12.699747602309708,12.768607895133327,5,1.3529914239389917,0.3157675186770018,-1.0549876825709128,-1.4759813025757542,1.4123174523930355,-0.33667610988158714,-1.1056214429427367,21,27,29,30,26,30,47,95,100,81,142,144,102,118,-0.7963231715208423,0.00823037814722508,0.43153191118324025,0.9903462842578282,-0.8114760612824062,1.5310615073607412,0.845754486140632,42.68996351074893,6.886440052296046,ET_somali
22.56551790155693,22.489322662852093,13.568203977642694,10.540549631313803,18.85100635919717,16.26643725784315,20.51229793024745,5,1.4207623097413509,-0.07109237367622483,-0.9074907503036578,-1.1377987028402692,1.770291488954187,-0.4576098370873855,-1.018402160214964,21,27,29,30,26,30,47,40,46,43,72,72,41,65,-0.7510361385738482,-0.06381835551828934,0.3784235724048356,0.9021180721125512,-1.0925271429125925,1.4884877806826518,0.9553551147631955,43.04461838491932,6.741451965439155,ET_somali
19.076002232392067,20.962498403633393,16.38166593078608,9.852796225004823,18.225674191215653,17.27242200994833,13.432156612687667,5,1.407008483684397,0.1804203383163563,-1.054986298270569,-1.416996578471047,1.4474468092189805,-0.3899890628808443,-1.0579568703894962,21,27,29,30,26,30,47,89,91,90,142,142,92,133,-0.8313221597807433,0.08037278804335077,0.38882913600723923,0.9466293806953973,-0.8403358247454527,1.5351453580767378,0.8825691012324263,42.73667590552314,6.776037103877757,ET_somali
16.24658534523076,18.16931107773983,13.1757042708279,10.289906366288479,15.521658896206741,16.671157708647375,12.70263195773984,5,1.5378304748729796,0.29440647957412996,-0.9818492325885356,-1.4681264253172972,1.3087434789943189,-0.2959948798965038,-1.075461385391725,21,27,28,30,26,30,46,42,43,46,72,71,40,64,-0.7383149784943459,-0.06007062330801151,0.3066679868303539,0.8975185215363489,-0.7160638493040622,1.627672463740368,0.9192799526073637,43.00976375189548,7.093950882927655,ET_somali
20.378452635047804,16.814636888055137,13.352587753151413,12.025843791887501,17.903440693880583,14.940684628622982,15.78527808939835,5,1.42362209503469,-0.07087024344796874,-0.8843980533966588,-1.0636822526878953,1.8404640340867289,-0.4239166526236274,-1.019117206610683,21,27,30,30,26,30,47,41,49,46,72,72,39,61,-0.7824802733293926,0.02534468688994516,0.41532964288699115,0.926798954029622,-1.2342303007561926,1.4296792912261351,0.9198888932221956,43.09447488318795,6.617843782344309,ET_somali
22.197248348079555,20.032094099181425,11.89273208907114,11.251091757823657,16.343363705496067,16.416359586395657,11.132257155936989,5,1.316326212704982,0.11697933222728593,-0.9821046266635719,-1.2911417183386236,1.6998129958690293,-0.44032376715214433,-1.0629881762254807,21,27,29,30,26,30,47,89,90,96,142,142,91,121,-0.6926845850342241,-0.09474057657722082,0.27933752732230815,0.892719244430652,-1.0768064151825376,1.5988688489038072,0.9067895627489803,42.85067211507791,6.766335298809266,ET_somali
19.79071274991065,18.93535461545539,13.058147581147084,11.595075523371083,17.441194989949146,15.266706478285208,11.607603305127812,5,1.5030451421664652,0.2865923445742261,-0.9822100472435463,-1.5233794192541823,1.2737576631114165,-0.3186936310699852,-1.109038507813507,21,27,29,30,26,30,47,92,84,92,143,142,92,127,-0.8046492038629011,0.010894407206609426,0.3600000564914225,0.9796475322251894,-0.7654554947049417,1.6033128297274721,0.8403850203366645,42.83010069507157,7.0043888491009385,ET_somali
17.76616100442,16.849715964277173,8.719232405777595,11.790358186571915,20.547341878144753,15.344126815218074,11.466264771376798,5,1.4207623097413509,-0.07109237367622483,-0.9074907503036578,-1.1377987028402692,1.770291488954187,-0.4576098370873855,-1.018402160214964,21,27,29,30,26,30,47,40,53,47,72,72,41,62,-0.7510361385738482,-0.06381835551828934,0.3784235724048356,0.9021180721125512,-1.0925271429125925,1.4884877806826518,0.9553551147631955,42.97814305389447,6.718005936523635,ET_somali
19.93576193227298,21.43228453685822,11.631758706039927,7.038499756167993,18.924795879608638,16.99455564105284,12.77129256969755,5,1.3377887939839384,0.1106550626016054,-0.9674301735449801,-1.3400859166638612,1.5336042864399364,-0.49772867155516354,-1.0933258290209085,21,27,29,30,26,30,47,44,48,44,72,71,39,62,-0.7815355128665085,-0.06123112043073587,0.2583328684564888,0.8590161265050622,-0.7931000232324755,1.6102713084275675,0.986605706309144,42.97212434149087,6.860927898227051,ET_somali
18.23377617127072,17.67889521007152,10.179766236132032,9.976108928231852,18.948461102547117,17.88509585931529,12.803836277484299,5,1.3900782527746869,0.10634274320472821,-0.9941298942515587,-1.3695476548205208,1.6193325981972604,-0.342731296174307,-1.0134492680969163,21,27,30,30,26,30,47,88,90,95,142,144,91,133,-0.8158393355817065,0.10750430265952693,0.3766657731288312,0.9607857411243086,-0.9942215067662312,1.4850915827970534,0.9055173022293398,42.749881140199705,6.678569895550789,ET_somali
20.13086698514632,15.749309225365556,14.8102196723222,10.199818683232479,14.728886074512145,11.856260509637298,13.943946693937797,5,1.5046694561732057,0.28065942854156,-0.8369317792280351,-1.5891316985000545,1.3159318968718623,-0.12785802697163112,-1.1630613499215527,21,27,29,30,26,30,46,89,93,93,144,144,98,114,-0.6129958691309002,-0.013574368469537641,0.4956231497853994,1.1998767711071083,-1.0265116731038026,1.4499448987730565,0.6496597774267892,42.67900406428267,7.058647092261758,ET_somali
15.358763311159532,14.576432493413913,10.44015095696321,6.7864351669564416,13.627275118788482,15.85319821589746,13.705814919246523,5,1.3869023844779442,0.29033591700995026,-1.0644881475602936,-1.4482877695010932,1.3869599699559951,-0.41263332804443714,-1.0879945896679215,21,27,29,30,26,30,47,91,91,94,143,143,96,126,-0.7924194943489292,0.028092417789271996,0.3773680612427183,0.935499828770558,-0.8611025911221218,1.5951465155755056,0.8399069467520772,42.76066092360914,6.921115022263059,ET_somali
24.206876043261985,20.616069795217303,10.61001344530275,11.338119019512249,23.206774477243137,21.24795255086897,19.546360210844103,5,1.3138158421270127,0.04552567933431455,-0.9094480541737856,-1.2390249094513237,1.690643784122922,-0.47575578486465264,-1.08408710339862,21,27,29,30,26,30,47,41,46,46,72,72,37,61,-0.6791968017570821,-0.020838891704209404,0.29840599055552197,0.8594985881606318,-1.0797698693748627,1.5316538440340468,0.9664011083099897,43.0760594198635,6.793105094276028,ET_somali
19.99400132793449,16.762567591486786,13.038804327981113,10.031513144190418,19.357501114594292,19.923326259683567,14.690066014711334,5,1.5063391777826771,0.24178168662400112,-1.0266675041945612,-1.4539310196894664,1.2622962203743433,-0.38934939310232825,-1.0903858121647927,21,27,29,30,26,30,47,88,89,95,143,143,91,120,-0.78968660210061,-0.027228216287233986,0.30245915798447043,0.8932046212471947,-0.6293373043315555,1.6267083723059321,0.921492451907873,42.883370791419864,7.034212916533707,ET_somali
25.63319588544119,24.07183249614633,15.212705296404607,14.422488925913985,24.140673508462243,18.955850397722916,18.182843614452846,5,1.3332550908554919,0.12509206035317993,-0.9554945712583881,-1.3179821989352114,1.7499323323416622,-0.3503192626003524,-1.0163732592748949,21,27,30,30,26,30,47,89,91,98,143,144,90,128,-0.7593107633472526,0.020901687353303326,0.2893957308993633,0.9249750348244967,-1.0923391002007654,1.547630241890747,0.9175203583052862,42.81482933524154,6.650991616328319,ET_somali
18.213558394005748,19.60174393831254,11.657871352937862,8.964498887221653,13.389837511729205,11.672383967935188,14.91774749297015,5,1.4732291531304011,-0.005768909465455083,-1.0297108808784314,-1.3352479716191006,1.49333540941377,-0.3711795182549005,-1.0063276757644537,21,27,30,30,26,30,47,85,79,78,144,142,102,123,-0.8653936212969849,0.10317323766718733,0.37019379138198916,0.9743758853594711,-0.8067475922004873,1.4712819050325052,0.9336070808582515,42.60489305334281,6.652608583839735,ET_somali
16.748944146451823,12.989707471645573,14.580358629281468,10.629936496682753,14.818246456328714,12.002724814028923,13.147934202677904,5,1.3313670647796745,0.33408217025361286,-0.990003927020926,-1.4909706033130243,1.421410209212436,-0.17176761817961644,-1.1574303191230988,21,27,29,30,26,30,46,96,92,86,144,144,104,116,-0.7413820887732112,-0.12491726402441546,0.4997508483887037,1.0970592745075096,-0.6559530465070612,1.4259955867821106,0.848692823892176,42.63076453352545,7.016516105436552,ET_somali
16.176728651812688,15.215754696250196,10.146356813886754,11.83632167528181,16.325200308748368,14.773188494560593,12.402254593263871,5,1.316326212704982,0.11697933222728593,-0.9821046266635719,-1.2911417183386236,1.6998129958690293,-0.44032376715214433,-1.0629881762254807,21,27,29,30,26,30,47,93,84,79,123,112,82,105,-0.6926845850342241,-0.09474057657722082,0.27933752732230815,0.892719244430652,-1.0768064151825376,1.5988688489038072,0.9067895627489803,42.89289293343153,6.790949137594141,ET_somali
14.505750466482047,16.467205585897435,7.185080627401229,6.678131522484462,13.599055113478562,14.06156955655866,12.002525681255136,5,1.4347951163055976,0.2071077944657692,-0.9861766377028576,-1.410938834427696,1.4035154905244418,-0.4105671404388653,-1.0911905601551661,21,27,28,30,26,30,47,42,45,45,72,70,40,63,-0.7715515146044158,-0.036224988584952246,0.2966555311767082,0.8773168631110799,-0.7537062233803018,1.6132816804366965,0.9480107398532608,42.975448108042116,7.0057363220271185,ET_somali
15.49059066549071,14.723881227933058,9.320377547649542,8.172398777622972,11.368413040298673,12.448636916309113,12.456312747389887,5,1.5733858058459746,0.27372393283131174,-0.8375177938835515,-1.598599440962303,1.2702982726484775,-0.18428116743744616,-1.1322006898645225,21,27,29,30,26,30,46,95,97,99,142,143,95,125,-0.7308091217297271,-0.003545944958714707,0.37666470897094495,1.0821154811164058,-0.8795532030806916,1.5804058907242826,0.7647295449680561,42.82740574921922,7.098172964763017,ET_somali
15.912046061511843,20.807053880998968,12.026090410789637,7.362052991518774,13.226304158040891,14.907839073256621,14.89968408450316,5,1.407008483684397,0.1804203383163563,-1.054986298270569,-1.416996578471047,1.4474468092189805,-0.3899890628808443,-1.0579568703894962,21,27,29,30,26,30,47,82,90,92,143,139,92,124,-0.8313221597807433,0.08037278804335077,0.38882913600723923,0.9466293806953973,-0.8403358247454527,1.5351453580767378,0.8825691012324263,42.71520617023269,6.800561111134219,ET_somali
25.627883445620263,23.7749268891564,16.191952110120145,14.36293982728106,26.15307429181488,21.073008598561586,19.113122744213857,5,1.4207623097413509,-0.07109237367622483,-0.9074907503036578,-1.1377987028402692,1.770291488954187,-0.4576098370873855,-1.018402160214964,21,27,29,30,26,30,47,42,52,46,72,71,46,64,-0.7510361385738482,-0.06381835551828934,0.3784235724048356,0.9021180721125512,-1.0925271429125925,1.4884877806826518,0.9553551147631955,43.01560280124226,6.73067218202972,ET_somali
16.756687102590877,14.416667725308871,8.737932700080405,10.20229648587587,17.66453005366532,16.7469209576379,12.940050928258634,5,1.3332550908554919,0.12509206035317993,-0.9554945712583881,-1.3179821989352114,1.7499323323416622,-0.3503192626003524,-1.0163732592748949,21,27,30,30,26,30,47,82,87,92,143,144,94,135,-0.7593107633472526,0.020901687353303326,0.2893957308993633,0.9249750348244967,-1.0923391002007654,1.547630241890747,0.9175203583052862,42.75491170579077,6.700488788483304,ET_somali
27.188543156045622,21.997784959192884,12.695543671473203,11.470404140909844,30.404498257135657,27.728426702422976,28.042890406946988,5,1.3709942589915551,-0.031148745176406693,-0.8838222834745633,-1.140471093245933,1.805235724232554,-0.4442700107354677,-1.0423948605171742,21,27,29,30,26,30,47,40,47,45,72,72,43,64,-0.6814281792928726,-0.05961064273384595,0.3499730134985623,0.8949609845938806,-1.192428572942584,1.462024633282096,0.9679184819796645,43.070310202045135,6.728067067705774,ET_somali
21.191098796254558,19.6715098883088,14.050868869725232,11.649706480203102,21.86811479615876,24.301724956637198,17.86677944604316,5,1.4207623097413509,-0.07109237367622483,-0.9074907503036578,-1.1377987028402692,1.770291488954187,-0.4576098370873855,-1.018402160214964,21,27,30,30,26,30,47,42,51,40,72,73,39,63,-0.7510361385738482,-0.06381835551828934,0.3784235724048356,0.9021180721125512,-1.0925271429125925,1.4884877806826518,0.9553551147631955,42.99152795162785,6.657100160260332,ET_somali
22.786074691996877,23.737362648209505,12.62597607890634,14.877477271037444,25.38424975008133,19.854457842256902,15.004324340152184,5,1.3705031788285946,0.00988723619133849,-0.9398020717560758,-1.237646973423715,1.6680610708290102,-0.4926415993444379,-1.0616273411194674,21,27,29,30,26,30,47,43,47,43,72,71,40,63,-0.7663635515775681,-0.042304921216447196,0.3071713040760836,0.8821498614189275,-0.9571661570966369,1.5599956467140308,0.9629932123119791,43.02386730185616,6.797057681526153,ET_somali
21.916770161651456,18.446103814815253,9.90348903407887,12.355080781169356,21.37978228748678,19.011638836580325,18.201850572868064,5,1.3424411761747934,0.02739554883140905,-0.9348763698423411,-1.2005154287487443,1.8152973191414952,-0.4038762530584514,-1.0178160307481257,21,27,30,30,26,30,47,43,46,48,71,72,38,65,-0.6550383075400492,-0.09064583442686555,0.2824648445276315,0.886210832272663,-1.2442335684899954,1.5538265069958421,0.8997763415741118,42.89801333055101,6.6809953468179115,ET_somali
21.14540130350555,24.878903388983346,10.929724126606201,12.108927401701218,22.958086272765314,22.120573917840005,19.04707843955051,5,1.3705031788285946,0.00988723619133849,-0.9398020717560758,-1.237646973423715,1.6680610708290102,-0.4926415993444379,-1.0616273411194674,21,27,29,30,26,30,47,45,50,44,72,72,41,62,-0.7663635515775681,-0.042304921216447196,0.3071713040760836,0.8821498614189275,-0.9571661570966369,1.5599956467140308,0.9629932123119791,43.01479431748655,6.771904853570807,ET_somali
18.017393945423677,17.207784611728066,12.23317763875875,8.327800477632804,18.513197649379453,18.09612574555871,13.351985024245824,5,1.5378304748729796,0.29440647957412996,-0.9818492325885356,-1.4681264253172972,1.3087434789943189,-0.2959948798965038,-1.075461385391725,21,27,28,30,26,30,47,42,44,50,72,72,42,63,-0.7383149784943459,-0.06007062330801151,0.3066679868303539,0.8975185215363489,-0.7160638493040622,1.627672463740368,0.9192799526073637,43.00679931145788,7.070864180125784,ET_somali
20.87589738952498,19.629232672732446,10.941343890579684,8.604206057407808,16.007296610823815,18.77562326636077,12.455454299107926,5,1.3332550908554919,0.12509206035317993,-0.9554945712583881,-1.3179821989352114,1.7499323323416622,-0.3503192626003524,-1.0163732592748949,21,27,30,30,26,30,47,89,92,96,142,144,87,129,-0.7593107633472526,0.020901687353303326,0.2893957308993633,0.9249750348244967,-1.0923391002007654,1.547630241890747,0.9175203583052862,42.836299070532,6.668239269783414,ET_somali
18.16945987041741,15.26905381294127,14.230532781174864,9.273911073221397,16.46838189486666,12.213600251736473,16.01573857991389,5,1.4084358936560344,0.3309027414984514,-0.9612645639526001,-1.532500104018425,1.3862197198262811,-0.21995833775466872,-1.1443125572127704,21,27,29,30,26,30,47,48,44,43,72,72,53,59,-0.752615673088833,-0.014157427327226852,0.46444866223036946,1.1015266383592515,-0.8206435982246969,1.4784282655600456,0.7852250579535314,42.72688426892624,7.004568512157763,ET_somali
19.792255922316382,15.984828026329383,12.267730864414267,10.562279567277782,11.936876289944083,10.847918262844669,14.142968979020898,5,1.4084358936560344,0.3309027414984514,-0.9612645639526001,-1.532500104018425,1.3862197198262811,-0.21995833775466872,-1.1443125572127704,21,27,29,30,26,30,47,46,45,46,71,71,48,59,-0.752615673088833,-0.014157427327226852,0.46444866223036946,1.1015266383592515,-0.8206435982246969,1.4784282655600456,0.7852250579535314,42.719607915124875,6.969893542190749,ET_somali
21.929376596940788,20.423998344817786,10.63101776666628,7.531789858927539,19.057540708143176,16.568906943307187,16.84424287844837,5,1.3900782527746869,0.10634274320472821,-0.9941298942515587,-1.3695476548205208,1.6193325981972604,-0.342731296174307,-1.0134492680969163,21,27,30,30,26,30,47,160,169,180,276,267,178,230,-0.8158393355817065,0.10750430265952693,0.3766657731288312,0.9607857411243086,-0.9942215067662312,1.4850915827970534,0.9055173022293398,42.677836254413315,6.658627296243335,ET_somali
20.60429018669037,20.761264558526594,12.771976155931602,10.666162141661207,18.506353883968554,14.976579396141982,10.28265773705913,5,1.3529914239389917,0.3157675186770018,-1.0549876825709128,-1.4759813025757542,1.4123174523930355,-0.33667610988158714,-1.1056214429427367,21,27,29,30,26,30,47,73,68,82,135,132,86,105,-0.7963231715208423,0.00823037814722508,0.43153191118324025,0.9903462842578282,-0.8114760612824062,1.5310615073607412,0.845754486140632,42.7228418501477,6.87422296443202,ET_somali
17.086875967642293,15.369252394086423,11.264645169660804,11.404230999300747,16.424383710683816,14.083144836888035,13.155713530536357,5,1.3287024234453388,0.05459835881637828,-0.9302215416387265,-1.3153444241315635,1.7936634099958764,-0.2878441867731908,-0.9550414046236495,21,27,30,30,26,30,47,93,88,94,143,143,86,124,-0.837693880961428,0.11730431499484556,0.27411487886413144,0.9604009588511686,-1.0693423538664748,1.4837584530268344,0.9521533488411248,42.72778258421036,6.637516887066527,ET_somali
20.051245042413687,18.724973051604007,13.32696228094366,14.241268659267583,18.741310815851918,17.90754423516987,18.339436365949044,5,1.4290786361220464,-0.12943589964128605,-0.8755010053025455,-1.0740337129080755,1.8495508643579108,-0.4289610178695169,-0.9749693281753323,21,27,30,30,26,30,47,40,46,52,71,73,38,59,-0.7809844432042012,-0.008989467005223623,0.4097504550195662,0.9335393070177366,-1.1666361649848402,1.4290448451675672,0.9400511108489205,43.000870430582694,6.612633553696416,ET_somali
24.349475686891925,18.28780762526308,14.977287474226388,12.430294195762144,15.049112478917866,14.636702494575667,14.515399553891486,5,1.407008483684397,0.1804203383163563,-1.054986298270569,-1.416996578471047,1.4474468092189805,-0.3899890628808443,-1.0579568703894962,21,27,29,30,26,30,47,92,89,82,142,143,98,116,-0.8313221597807433,0.08037278804335077,0.38882913600723923,0.9466293806953973,-0.8403358247454527,1.5351453580767378,0.8825691012324263,42.65960045414569,6.8332597874761705,ET_somali
19.746658646153744,21.90104673696473,11.43380532802403,11.690293773470003,21.529403466026444,25.56462464096236,21.937172541698846,5,1.3138158421270127,0.04552567933431455,-0.9094480541737856,-1.2390249094513237,1.690643784122922,-0.47575578486465264,-1.08408710339862,21,27,29,30,26,30,47,43,45,47,72,72,38,63,-0.6791968017570821,-0.020838891704209404,0.29840599055552197,0.8594985881606318,-1.0797698693748627,1.5316538440340468,0.9664011083099897,43.0595304186357,6.8030763939297545,ET_somali
20.261332110670878,16.51540482601584,13.072810779674656,12.20473839231425,17.40693211728464,14.11815665396853,13.94810196064864,5,1.400619516498148,0.13639916686094228,-1.0588408775515223,-1.4047615765228127,1.4275721494428053,-0.358859270370405,-1.0638005916980284,21,27,29,30,26,30,47,92,90,86,142,142,98,110,-0.8132819311339723,-0.06157498970515298,0.34736931351730216,0.9688983359028114,-0.6432457301813186,1.5194175172262112,0.9543013906016251,42.64370027361677,6.830744504680635,ET_somali
26.99215766310882,21.350626446429995,12.828683661828972,9.350286407644468,24.485936719994694,21.464513046453394,14.508953680159095,5,1.3095861247509155,0.2242567326815016,-1.0193456512905577,-1.3749493021357968,1.6453684686513759,-0.3884250297343409,-1.0607866350539694,21,27,29,30,26,30,47,95,92,96,142,142,92,131,-0.7381247604668582,-0.05813004924218078,0.28113703426589864,0.9110110898846078,-1.0053278850840424,1.6129464246290137,0.9001368409041494,42.834771934548996,6.785469414361011,ET_somali
22.6365032651885,21.314377961066622,13.237861945976583,15.23710773483729,24.626778916718965,18.274078447086904,16.93049383845344,5,1.3705031788285946,0.00988723619133849,-0.9398020717560758,-1.237646973423715,1.6680610708290102,-0.4926415993444379,-1.0616273411194674,21,27,29,30,26,30,47,42,44,44,72,71,38,62,-0.7663635515775681,-0.042304921216447196,0.3071713040760836,0.8821498614189275,-0.9571661570966369,1.5599956467140308,0.9629932123119791,42.996199191105276,6.807298475765116,ET_somali
20.102752482980303,18.104172105234596,11.105560173590751,10.75304007897417,16.54488225733218,20.026766598392353,20.392526849742378,5,1.3828660812628286,-0.054890122457852394,-0.8885511442897512,-1.1552850638339327,1.8524248732035342,-0.38116994078135075,-0.9714191822463156,21,27,30,30,26,30,47,40,49,49,71,72,40,63,-0.7669794803000288,-0.008694986236374389,0.3079474922432356,0.9348389342405405,-1.138917779753145,1.4846845014481485,0.9565589698161219,42.916069467761815,6.604009726968868,ET_somali
18.62337402051197,18.12834830898786,8.223506819917777,10.825263672144825,20.10675204675293,19.107786406230222,14.774078693355811,5,1.316326212704982,0.11697933222728593,-0.9821046266635719,-1.2911417183386236,1.6998129958690293,-0.44032376715214433,-1.0629881762254807,21,27,29,30,26,30,47,47,52,48,72,72,48,78,-0.6926845850342241,-0.09474057657722082,0.27933752732230815,0.892719244430652,-1.0768064151825376,1.5988688489038072,0.9067895627489803,42.9347544256715,6.754387705530476,ET_somali
21.51002043295103,19.12392877307906,12.445045755229483,12.482160555216403,26.709821827218118,22.957681614794936,19.06492844535018,5,1.4207623097413509,-0.07109237367622483,-0.9074907503036578,-1.1377987028402692,1.770291488954187,-0.4576098370873855,-1.018402160214964,21,27,30,30,26,30,47,41,47,47,72,72,42,61,-0.7510361385738482,-0.06381835551828934,0.3784235724048356,0.9021180721125512,-1.0925271429125925,1.4884877806826518,0.9553551147631955,43.01605195888432,6.66572398698788,ET_somali
23.124206249802324,21.119839998649123,10.531962913339184,10.317273261771282,20.794461072305193,18.797072118486668,16.336314529945433,5,1.3138158421270127,0.04552567933431455,-0.9094480541737856,-1.2390249094513237,1.690643784122922,-0.47575578486465264,-1.08408710339862,21,27,29,30,26,30,47,45,47,46,72,72,41,61,-0.6791968017570821,-0.020838891704209404,0.29840599055552197,0.8594985881606318,-1.0797698693748627,1.5316538440340468,0.9664011083099897,43.075071273050966,6.813856177339188,ET_somali
28.41329792839365,20.966244560127112,12.357526603163377,11.197819273228667,23.966880850286422,19.12705747855698,21.819205183162044,5,1.3095861247509155,0.2242567326815016,-1.0193456512905577,-1.3749493021357968,1.6453684686513759,-0.3884250297343409,-1.0607866350539694,21,27,29,30,26,30,47,91,89,96,142,143,87,126,-0.7381247604668582,-0.05813004924218078,0.28113703426589864,0.9110110898846078,-1.0053278850840424,1.6129464246290137,0.9001368409041494,42.823542993497504,6.759867428763605,ET_somali
19.86463671941467,15.724156909026787,11.810401055028773,8.6421701426931,17.801546961826883,15.797873023048382,14.97167144876131,5,1.3332550908554919,0.12509206035317993,-0.9554945712583881,-1.3179821989352114,1.7499323323416622,-0.3503192626003524,-1.0163732592748949,21,27,30,30,26,30,47,93,87,94,142,144,93,137,-0.7593107633472526,0.020901687353303326,0.2893957308993633,0.9249750348244967,-1.0923391002007654,1.547630241890747,0.9175203583052862,42.80952927506524,6.669856237294829,ET_somali
16.265637658129442,14.118932602396276,10.378499629230475,7.519322685370621,18.604413254245795,17.432485762159935,13.24810903571547,5,1.5046694561732057,0.28065942854156,-0.8369317792280351,-1.5891316985000545,1.3159318968718623,-0.12785802697163112,-1.1630613499215527,21,27,29,30,26,30,46,47,45,48,72,71,49,56,-0.6129958691309002,-0.013574368469537641,0.4956231497853994,1.1998767711071083,-1.0265116731038026,1.4499448987730565,0.6496597774267892,42.727692752681946,7.059635239074289,ET_somali
18.633393681855722,17.689945823734025,13.218736306412682,9.153240729443734,15.820907208460605,17.438017699079882,13.45716525639078,5,1.3095861247509155,0.2242567326815016,-1.0193456512905577,-1.3749493021357968,1.6453684686513759,-0.3884250297343409,-1.0607866350539694,21,27,29,30,26,30,47,93,85,94,142,142,97,130,-0.7381247604668582,-0.05813004924218078,0.28113703426589864,0.9110110898846078,-1.0053278850840424,1.6129464246290137,0.9001368409041494,42.79677319803074,6.819964721271201,ET_somali
17.115291775619383,17.766973141705197,10.312991814888727,13.012059749188797,16.923162545894478,16.773307600738274,16.564278414578833,5,1.3424411761747934,0.02739554883140905,-0.9348763698423411,-1.2005154287487443,1.8152973191414952,-0.4038762530584514,-1.0178160307481257,21,27,30,30,26,30,47,40,57,53,71,75,42,63,-0.6550383075400492,-0.09064583442686555,0.2824648445276315,0.886210832272663,-1.2442335684899954,1.5538265069958421,0.8997763415741118,42.88462843281763,6.67497663441431,ET_somali
26.789304566951454,17.829500049249653,12.58112313355397,7.891332042960263,17.113094023482248,16.715878240566955,17.906502040191246,5,1.3095861247509155,0.2242567326815016,-1.0193456512905577,-1.3749493021357968,1.6453684686513759,-0.3884250297343409,-1.0607866350539694,21,27,29,30,26,30,47,95,93,94,142,143,92,121,-0.7381247604668582,-0.05813004924218078,0.28113703426589864,0.9110110898846078,-1.0053278850840424,1.6129464246290137,0.9001368409041494,42.836658396645646,6.7988543120943925,ET_somali
19.236156844919044,20.589427296312525,11.80419511635942,12.235307804529475,18.63266284721664,18.888997368780043,19.43072867597142,5,1.3424411761747934,0.02739554883140905,-0.9348763698423411,-1.2005154287487443,1.8152973191414952,-0.4038762530584514,-1.0178160307481257,21,27,29,30,26,30,47,94,90,91,142,143,93,134,-0.6550383075400492,-0.09064583442686555,0.2824648445276315,0.886210832272663,-1.2442335684899954,1.5538265069958421,0.8997763415741118,42.86567398032271,6.734534937751435,ET_somali
24.36696766353658,22.91780304795555,11.915756835830116,8.429121157582165,19.81907203275134,20.57705262743098,15.466939592689902,5,1.316326212704982,0.11697933222728593,-0.9821046266635719,-1.2911417183386236,1.6998129958690293,-0.44032376715214433,-1.0629881762254807,21,27,29,30,26,30,47,43,51,47,72,71,42,66,-0.6926845850342241,-0.09474057657722082,0.27933752732230815,0.892719244430652,-1.0768064151825376,1.5988688489038072,0.9067895627489803,42.93897650750686,6.822030846424676,ET_somali
19.436218161218473,16.67481897740088,11.272507296366141,11.41293176701936,14.269099883125735,13.060775659176187,17.040837876024653,5,1.400619516498148,0.13639916686094228,-1.0588408775515223,-1.4047615765228127,1.4275721494428053,-0.358859270370405,-1.0638005916980284,21,27,29,30,26,30,47,88,92,86,142,142,94,108,-0.8132819311339723,-0.06157498970515298,0.34736931351730216,0.9688983359028114,-0.6432457301813186,1.5194175172262112,0.9543013906016251,42.646125724883895,6.833798776646642,ET_somali
19.18512044405949,16.32281905461861,7.944278739733635,8.66169492880477,16.23664200281939,17.234362102301457,17.8847689900577,5,1.3424411761747934,0.02739554883140905,-0.9348763698423411,-1.2005154287487443,1.8152973191414952,-0.4038762530584514,-1.0178160307481257,21,27,30,30,26,30,47,85,89,81,115,103,72,103,-0.6550383075400492,-0.09064583442686555,0.2824648445276315,0.886210832272663,-1.2442335684899954,1.5538265069958421,0.8997763415741118,42.87357915482296,6.700129462369657,ET_somali
21.547604029003562,18.739802573450827,15.092257019350496,10.695725436466978,24.27054118994429,23.437306695711882,17.328610897037034,5,1.4290786361220464,-0.12943589964128605,-0.8755010053025455,-1.0740337129080755,1.8495508643579108,-0.4289610178695169,-0.9749693281753323,21,27,30,30,26,30,47,36,46,46,72,73,38,56,-0.7809844432042012,-0.008989467005223623,0.4097504550195662,0.9335393070177366,-1.1666361649848402,1.4290448451675672,0.9400511108489205,43.03509624290765,6.649913637987376,ET_somali
17.780197468839027,19.82578276644057,12.1938276769302,11.157106300000704,19.08886654212853,19.773266226806662,19.603148237761456,5,1.4290786361220464,-0.12943589964128605,-0.8755010053025455,-1.0740337129080755,1.8495508643579108,-0.4289610178695169,-0.9749693281753323,21,27,30,30,26,30,47,43,47,47,72,73,38,64,-0.7809844432042012,-0.008989467005223623,0.4097504550195662,0.9335393070177366,-1.1666361649848402,1.4290448451675672,0.9400511108489205,43.029796182731346,6.622425190293319,ET_somali
21.305577562708766,17.377752018032183,15.355062068710897,11.32611193925462,18.10292245947866,16.265069477877372,15.244383841054379,5,1.5030451421664652,0.2865923445742261,-0.9822100472435463,-1.5233794192541823,1.2737576631114165,-0.3186936310699852,-1.109038507813507,21,27,29,30,26,30,47,90,92,90,143,144,92,124,-0.8046492038629011,0.010894407206609426,0.3600000564914225,0.9796475322251894,-0.7654554947049417,1.6033128297274721,0.8403850203366645,42.816356471224545,6.95471201388913,ET_somali
20.77557285153372,19.5753531804242,13.680551987363511,11.580641249607512,21.620155609135313,20.8949700673217,20.465626385228727,5,1.4290786361220464,-0.12943589964128605,-0.8755010053025455,-1.0740337129080755,1.8495508643579108,-0.4289610178695169,-0.9749693281753323,21,27,30,30,26,30,47,41,49,44,71,73,39,59,-0.7809844432042012,-0.008989467005223623,0.4097504550195662,0.9335393070177366,-1.1666361649848402,1.4290448451675672,0.9400511108489205,42.99512121276433,6.625030304617265,ET_somali
21.167159142760195,17.49447502042187,12.771743721033877,11.876684667657663,15.5048513607191,16.80588281728646,17.378302984349208,5,1.316326212704982,0.11697933222728593,-0.9821046266635719,-1.2911417183386236,1.6998129958690293,-0.44032376715214433,-1.0629881762254807,21,27,29,30,26,30,47,94,92,90,142,143,89,120,-0.6926845850342241,-0.09474057657722082,0.27933752732230815,0.892719244430652,-1.0768064151825376,1.5988688489038072,0.9067895627489803,42.85363655551551,6.796249197770446,ET_somali
20.625840290866243,15.505398002624808,12.920875239089389,10.206535771126484,16.317269197244133,13.586750595234896,16.513446134049495,5,1.3529914239389917,0.3157675186770018,-1.0549876825709128,-1.4759813025757542,1.4123174523930355,-0.33667610988158714,-1.1056214429427367,21,27,29,30,26,30,47,91,92,84,142,144,104,114,-0.7963231715208423,0.00823037814722508,0.43153191118324025,0.9903462842578282,-0.8114760612824062,1.5310615073607412,0.845754486140632,42.67873456969743,6.854100702067743,ET_somali
21.046431870452906,15.449767161826015,16.509699735380693,10.192866883735816,14.60306737133064,18.918533744932176,14.626650038608073,1,1.3095861247509155,0.2242567326815016,-1.0193456512905577,-1.3749493021357968,1.6453684686513759,-0.3884250297343409,-1.0607866350539694,21,27,29,30,26,30,47,94,84,92,142,142,91,129,-0.7381247604668582,-0.05813004924218078,0.28113703426589864,0.9110110898846078,-1.0053278850840424,1.6129464246290137,0.9001368409041494,42.77638144108123,6.835236081101233,ET_somali
21.526370091096364,20.12235636154456,11.085550464451607,13.615396273089928,22.242668475562038,21.074191040404965,19.760692675850287,5,1.4290786361220464,-0.12943589964128605,-0.8755010053025455,-1.0740337129080755,1.8495508643579108,-0.4289610178695169,-0.9749693281753323,21,27,30,30,26,30,47,43,47,48,71,73,42,61,-0.7809844432042012,-0.008989467005223623,0.4097504550195662,0.9335393070177366,-1.1666361649848402,1.4290448451675672,0.9400511108489205,42.98056850516159,6.624670978503617,ET_somali
20.50018207514647,20.994993910971452,14.02896143564902,13.321042850243602,22.261512526071726,18.24572734603043,14.661386979893086,5,1.5063391777826771,0.24178168662400112,-1.0266675041945612,-1.4539310196894664,1.2622962203743433,-0.38934939310232825,-1.0903858121647927,21,27,29,30,26,30,47,92,87,87,143,144,88,119,-0.78968660210061,-0.027228216287233986,0.30245915798447043,0.8932046212471947,-0.6293373043315555,1.6267083723059321,0.921492451907873,42.85318739787345,6.952196731093594,ET_somali
21.120863498973517,18.154702108383763,9.131562159440055,7.543960764475773,19.109965352398323,17.86567558675225,11.96376102752046,5,1.3095861247509155,0.2242567326815016,-1.0193456512905577,-1.3749493021357968,1.6453684686513759,-0.3884250297343409,-1.0607866350539694,21,27,29,30,26,30,47,90,94,98,142,143,94,126,-0.7381247604668582,-0.05813004924218078,0.28113703426589864,0.9110110898846078,-1.0053278850840424,1.6129464246290137,0.9001368409041494,42.805397024758285,6.751423265092882,ET_somali
21.663697778478628,20.170699522154493,10.381501942076339,9.400385534517422,22.064318012887938,20.30628971142226,12.137089686673749,5,1.3332550908554919,0.12509206035317993,-0.9554945712583881,-1.3179821989352114,1.7499323323416622,-0.3503192626003524,-1.0163732592748949,21,27,30,30,26,30,47,87,91,96,142,142,100,128,-0.7593107633472526,0.020901687353303326,0.2893957308993633,0.9249750348244967,-1.0923391002007654,1.547630241890747,0.9175203583052862,42.843036435162894,6.723126333643116,ET_somali
19.500121858545892,17.81507598251397,10.679576952553635,9.578145205175373,16.502933373914985,15.803990490014282,15.195882800795,5,1.3996224177041006,0.22208637652186744,-0.9495137425253164,-1.4025347666511756,1.3838583120291659,-0.40338245661009264,-1.1132492145627044,21,27,28,30,26,30,47,44,45,45,72,71,42,60,-0.7408197477089745,-0.04343974161851714,0.2731704108378665,0.854826489579725,-0.7190744037756035,1.5814532421499048,0.9994071672146703,43.09204943192083,6.9800445049013,ET_somali
18.751539482431937,18.484125704137927,13.844096387069799,11.687736122263694,9.823766722009875,13.294348871693744,11.096818688126852,5,1.3529914239389917,0.3157675186770018,-1.0549876825709128,-1.4759813025757542,1.4123174523930355,-0.33667610988158714,-1.1056214429427367,21,27,29,30,26,30,47,90,92,87,142,142,102,124,-0.7963231715208423,0.00823037814722508,0.43153191118324025,0.9903462842578282,-0.8114760612824062,1.5310615073607412,0.845754486140632,42.69445508716953,6.870809366352366,ET_somali
17.990425277210836,19.255993909316082,8.771592780588467,10.363774054125006,12.691517977758377,15.400614948426671,12.167821337383334,5,1.3377887939839384,0.1106550626016054,-0.9674301735449801,-1.3400859166638612,1.5336042864399364,-0.49772867155516354,-1.0933258290209085,21,27,29,30,26,30,47,48,47,45,72,71,41,66,-0.7815355128665085,-0.06123112043073587,0.2583328684564888,0.8590161265050622,-0.7931000232324755,1.6102713084275675,0.986605706309144,43.010482404122776,6.8663177899317684,ET_somali
19.63271625573652,14.59980092845838,18.040903374350847,12.720374570003266,18.560034551278637,15.3740625312644,14.259417951537072,1,1.4067916738589474,0.30024164029479794,-0.9049191400186886,-1.5192074987128292,1.3490569224826838,-0.09587811290398927,-1.1763664281784496,21,27,29,30,26,30,46,90,93,89,142,140,86,106,-0.660834964446682,-0.17369699166714472,0.4538981955983381,1.1062129274018044,-0.6778769465832822,1.472503886308751,0.8294771486119024,42.612349070201006,7.072750642222434,ET_somali
22.854185536621642,14.576609096995774,13.620361528245652,11.836887165051563,15.930167053483437,10.095259582593108,11.11794179046864,5,1.4084358936560344,0.3309027414984514,-0.9612645639526001,-1.532500104018425,1.3862197198262811,-0.21995833775466872,-1.1443125572127704,21,27,29,30,26,30,47,47,47,41,72,71,51,63,-0.752615673088833,-0.014157427327226852,0.46444866223036946,1.1015266383592515,-0.8206435982246969,1.4784282655600456,0.7852250579535314,42.71592482245998,6.997651484470042,ET_somali
19.369509557139192,14.851600344088007,16.062595251712228,10.765415872155678,18.95196550583601,14.24120167828523,16.624432676700458,5,1.4067916738589474,0.30024164029479794,-0.9049191400186886,-1.5192074987128292,1.3490569224826838,-0.09587811290398927,-1.1763664281784496,21,27,29,30,26,30,46,94,88,86,144,142,96,97,-0.660834964446682,-0.17369699166714472,0.4538981955983381,1.1062129274018044,-0.6778769465832822,1.472503886308751,0.8294771486119024,42.62214070679791,7.050202928591035,ET_somali
17.99829067230926,15.582946650696243,13.851113260471676,12.232283310453226,15.212915989386717,12.508997886609938,12.362191999076162,5,1.407008483684397,0.1804203383163563,-1.054986298270569,-1.416996578471047,1.4474468092189805,-0.3899890628808443,-1.0579568703894962,21,27,29,30,26,30,47,91,90,93,150,146,102,122,-0.8313221597807433,0.08037278804335077,0.38882913600723923,0.9466293806953973,-0.8403358247454527,1.5351453580767378,0.8825691012324263,42.68259732541915,6.775408283178873,ET_somali
19.245211232530302,18.217841973695293,8.85541575528549,9.285089745634426,18.82703635198255,15.422861156041632,11.100107536393155,5,1.4207623097413509,-0.07109237367622483,-0.9074907503036578,-1.1377987028402692,1.770291488954187,-0.4576098370873855,-1.018402160214964,21,27,29,30,26,30,47,45,49,50,72,72,41,64,-0.7510361385738482,-0.06381835551828934,0.3784235724048356,0.9021180721125512,-1.0925271429125925,1.4884877806826518,0.9553551147631955,42.96799209118392,6.729414540631954,ET_somali
19.263051420645777,17.334368522485153,13.024829845961975,9.84971686069129,17.546116167068124,16.632474334930176,14.755906374793497,5,1.5839103670135475,0.285487724647402,-0.942065920036906,-1.5280650895907144,1.2337395053600813,-0.2556712805170081,-1.0986530123581275,21,27,29,30,26,30,46,94,91,96,143,143,93,128,-0.7633899162410078,-0.03966389454189696,0.31203503079434386,0.9539625310490043,-0.68174250625198,1.6320535541802577,0.8756915711969399,42.880047024868624,7.079038849211271,ET_somali
18.05909164058475,14.963840987320173,8.480602523539666,8.154531414409911,14.673727257969533,11.915729533992394,11.879160077709583,5,1.4732291531304011,-0.005768909465455083,-1.0297108808784314,-1.3352479716191006,1.49333540941377,-0.3711795182549005,-1.0063276757644537,21,27,30,30,26,30,47,90,92,87,142,142,98,132,-0.8653936212969849,0.10317323766718733,0.37019379138198916,0.9743758853594711,-0.8067475922004873,1.4712819050325052,0.9336070808582515,42.604443895700754,6.708124468398321,ET_somali
16.14256183560433,15.80787491459252,10.289956130030241,7.999465304961012,17.99275288774338,15.638525533977433,15.942847782096758,5,1.4084358936560344,0.3309027414984514,-0.9612645639526001,-1.532500104018425,1.3862197198262811,-0.21995833775466872,-1.1443125572127704,21,27,29,30,26,30,47,92,87,88,142,144,107,106,-0.752615673088833,-0.014157427327226852,0.46444866223036946,1.1015266383592515,-0.8206435982246969,1.4784282655600456,0.7852250579535314,42.68816688018069,7.004119354515703,ET_somali
16.247597409226223,14.232797523769364,14.549114711080774,7.907954332965147,13.966002782441773,14.085154834440003,14.315784302566248,5,1.4067916738589474,0.30024164029479794,-0.9049191400186886,-1.5192074987128292,1.3490569224826838,-0.09587811290398927,-1.1763664281784496,21,27,29,30,26,30,46,91,90,78,144,142,98,99,-0.660834964446682,-0.17369699166714472,0.4538981955983381,1.1062129274018044,-0.6778769465832822,1.472503886308751,0.8294771486119024,42.6348967838324,7.096376334194778,ET_somali
19.98309328756887,17.58835713676184,16.474465580686353,11.402841646167603,16.08672883215843,15.326278754438118,16.334566998899838,5,1.5046694561732057,0.28065942854156,-0.8369317792280351,-1.5891316985000545,1.3159318968718623,-0.12785802697163112,-1.1630613499215527,21,27,29,30,26,30,46,93,92,90,144,141,100,127,-0.6129958691309002,-0.013574368469537641,0.4956231497853994,1.1998767711071083,-1.0265116731038026,1.4499448987730565,0.6496597774267892,42.705055207522136,7.083260931046633,ET_somali
19.08828776787352,19.393476914808115,9.599069753473247,10.323967974972852,19.220831626831945,16.78640436169977,15.06944774649451,5,1.316326212704982,0.11697933222728593,-0.9821046266635719,-1.2911417183386236,1.6998129958690293,-0.44032376715214433,-1.0629881762254807,21,27,29,30,26,30,47,89,93,86,132,132,94,117,-0.6926845850342241,-0.09474057657722082,0.27933752732230815,0.892719244430652,-1.0768064151825376,1.5988688489038072,0.9067895627489803,42.88022668792544,6.754836863172536,ET_somali
22.8329979275292,20.06724458957676,9.939553130507365,10.076656880497852,21.559026895620395,15.447558961564784,15.31848831217301,5,1.316326212704982,0.11697933222728593,-0.9821046266635719,-1.2911417183386236,1.6998129958690293,-0.44032376715214433,-1.0629881762254807,21,27,29,30,26,30,47,48,54,47,71,74,44,70,-0.6926845850342241,-0.09474057657722082,0.27933752732230815,0.892719244430652,-1.0768064151825376,1.5988688489038072,0.9067895627489803,42.91678811998911,6.815832470964251,ET_somali
20.545045656485616,21.77565388366397,13.218171200898462,11.439545855696343,22.34318852627296,22.520250339838288,16.22230764518894,5,1.3424411761747934,0.02739554883140905,-0.9348763698423411,-1.2005154287487443,1.8152973191414952,-0.4038762530584514,-1.0178160307481257,21,27,29,30,26,30,47,46,53,47,71,72,43,77,-0.6550383075400492,-0.09064583442686555,0.2824648445276315,0.886210832272663,-1.2442335684899954,1.5538265069958421,0.8997763415741118,42.923615316148414,6.746662194087048,ET_somali
18.287813843749074,17.952368677148662,16.365448463172932,11.742962511105189,19.478992126298753,16.545502758965153,14.95939175700556,5,1.400619516498148,0.13639916686094228,-1.0588408775515223,-1.4047615765228127,1.4275721494428053,-0.358859270370405,-1.0638005916980284,21,27,29,30,26,30,47,92,81,80,142,142,101,121,-0.8132819311339723,-0.06157498970515298,0.34736931351730216,0.9688983359028114,-0.6432457301813186,1.5194175172262112,0.9543013906016251,42.640646001650765,6.7753184516504605,ET_somali
19.38951774885215,18.078510083084772,12.481197517592246,11.519729786990345,18.888272051966112,17.4106815444901,14.030364665649454,5,1.3332550908554919,0.12509206035317993,-0.9554945712583881,-1.3179821989352114,1.7499323323416622,-0.3503192626003524,-1.0163732592748949,21,27,30,30,26,30,47,87,91,96,143,143,85,128,-0.7593107633472526,0.020901687353303326,0.2893957308993633,0.9249750348244967,-1.0923391002007654,1.547630241890747,0.9175203583052862,42.78653240379178,6.675964781226842,ET_somali
18.454592457111012,17.57641329894464,11.027590345016272,13.358568530718172,22.317452202373268,20.48187398828857,14.4554546815417,5,1.4290786361220464,-0.12943589964128605,-0.8755010053025455,-1.0740337129080755,1.8495508643579108,-0.4289610178695169,-0.9749693281753323,21,27,30,30,26,30,47,39,47,48,71,73,41,64,-0.7809844432042012,-0.008989467005223623,0.4097504550195662,0.9335393070177366,-1.1666361649848402,1.4290448451675672,0.9400511108489205,42.99952295765652,6.604728379196164,ET_somali
17.81465716022684,16.894765930012245,14.648933657072117,13.042814921201343,20.48608016372143,18.823707769676425,14.587761034942872,5,1.5063391777826771,0.24178168662400112,-1.0266675041945612,-1.4539310196894664,1.2622962203743433,-0.38934939310232825,-1.0903858121647927,21,27,29,30,26,30,47,90,91,92,143,143,89,127,-0.78968660210061,-0.027228216287233986,0.30245915798447043,0.8932046212471947,-0.6293373043315555,1.6267083723059321,0.921492451907873,42.88157416085162,7.019211051288911,ET_somali
17.57189023132635,19.558229966160837,11.016743473013259,9.706175733623901,24.612445989238584,24.688602937362905,15.377734782766272,5,1.5036942215666544,0.2944230519108203,-0.9673311213594943,-1.4360823744049116,1.3003856784552321,-0.3078870940886418,-1.0960057760121498,21,27,28,30,26,30,47,45,46,43,72,71,44,68,-0.7220619934328142,-0.07688209127668776,0.28686137810829604,0.8669471422337676,-0.6443881354680451,1.5905489531068844,0.9812931950140658,43.08234762685234,7.07670322947256,ET_somali
21.274520275333316,21.224448979810912,14.265640715155172,12.935575129037929,22.085911349044686,20.97380400812443,16.0548413078064,5,1.3709942589915551,-0.031148745176406693,-0.8838222834745633,-1.140471093245933,1.805235724232554,-0.4442700107354677,-1.0423948605171742,21,27,30,30,26,30,47,43,48,49,72,73,43,59,-0.6814281792928726,-0.05961064273384595,0.3499730134985623,0.8949609845938806,-1.192428572942584,1.462024633282096,0.9679184819796645,43.05036760273768,6.657639149430803,ET_somali
19.759681355134788,19.402693673877913,10.130211549331245,11.000198273037107,18.616341134326788,15.428532728486182,13.291741647650332,5,1.3377887939839384,0.1106550626016054,-0.9674301735449801,-1.3400859166638612,1.5336042864399364,-0.49772867155516354,-1.0933258290209085,21,27,29,30,26,30,47,45,46,46,72,71,46,66,-0.7815355128665085,-0.06123112043073587,0.2583328684564888,0.8590161265050622,-0.7931000232324755,1.6102713084275675,0.986605706309144,43.0414742814249,6.9318049741440815,ET_somali
18.238524851366197,15.291273878966685,11.947195995297054,9.79775617357744,13.451938653579893,11.818829074555735,12.3646587114969,5,1.5839103670135475,0.285487724647402,-0.942065920036906,-1.5280650895907144,1.2337395053600813,-0.2556712805170081,-1.0986530123581275,21,27,29,30,26,30,47,89,88,100,144,143,95,124,-0.7633899162410078,-0.03966389454189696,0.31203503079434386,0.9539625310490043,-0.68174250625198,1.6320535541802577,0.8756915711969399,42.92379497920524,7.050382591647859,ET_somali
14.241673182589897,15.018503505866668,10.104816384349053,9.673651951072625,11.776469110833753,10.049409593885589,9.887674777997475,5,1.3869023844779442,0.29033591700995026,-1.0644881475602936,-1.4482877695010932,1.3869599699559951,-0.41263332804443714,-1.0879945896679215,21,27,29,30,26,30,47,91,89,95,143,142,90,131,-0.7924194943489292,0.028092417789271996,0.3773680612427183,0.935499828770558,-0.8611025911221218,1.5951465155755056,0.8399069467520772,42.770632223262865,6.878085720153734,ET_somali
17.6762148767977,16.90401292133264,10.46451180046387,10.395868665724654,17.87291377943121,15.844162880038095,18.931537176846938,5,1.3900782527746869,0.10634274320472821,-0.9941298942515587,-1.3695476548205208,1.6193325981972604,-0.342731296174307,-1.0134492680969163,21,27,30,30,26,30,47,106,116,127,184,203,129,181,-0.8158393355817065,0.10750430265952693,0.3766657731288312,0.9607857411243086,-0.9942215067662312,1.4850915827970534,0.9055173022293398,42.673614172577956,6.69339209773876,ET_somali
22.390129172132927,17.59148946983192,12.205608045238602,10.996898103297674,20.755576166120274,21.255140649691356,13.983585060033798,5,1.5063391777826771,0.24178168662400112,-1.0266675041945612,-1.4539310196894664,1.2622962203743433,-0.38934939310232825,-1.0903858121647927,21,27,28,30,26,30,47,57,68,51,78,78,49,71,-0.78968660210061,-0.027228216287233986,0.30245915798447043,0.8932046212471947,-0.6293373043315555,1.6267083723059321,0.921492451907873,42.94858848104694,6.990734456782322,ET_somali
20.22610924399675,18.11922967812161,15.58611658830758,11.422128522227595,19.565000697655805,16.589436923928083,13.764940875458388,5,1.5063391777826771,0.24178168662400112,-1.0266675041945612,-1.4539310196894664,1.2622962203743433,-0.38934939310232825,-1.0903858121647927,21,27,29,30,26,30,47,87,92,92,143,142,87,121,-0.78968660210061,-0.027228216287233986,0.30245915798447043,0.8932046212471947,-0.6293373043315555,1.6267083723059321,0.921492451907873,42.89199461814741,6.97959534725924,ET_somali
19.35168329863475,14.378135464232935,16.884489876065608,11.897284602686645,18.36613951538252,14.687612913989982,14.323012891992093,5,1.2942671431292656,0.30291830215927723,-1.0441172502983422,-1.4703674622465663,1.456248753572218,-0.27665506445260357,-1.117394992333831,21,27,29,30,26,30,47,86,86,88,142,144,98,118,-0.7195100469260853,-0.20706868697194902,0.38926912421833365,1.0168201095101896,-0.6622709776001293,1.5102863809908826,0.9223782061962802,42.62079323387173,6.909706418154741,ET_somali
18.62559668642431,20.03159660256462,14.898235388637582,8.988174544714392,17.56535675608268,17.135809830069313,13.784507203905545,5,1.3095861247509155,0.2242567326815016,-1.0193456512905577,-1.3749493021357968,1.6453684686513759,-0.3884250297343409,-1.0607866350539694,21,27,29,30,26,30,47,83,91,96,142,143,95,128,-0.7381247604668582,-0.05813004924218078,0.28113703426589864,0.9110110898846078,-1.0053278850840424,1.6129464246290137,0.9001368409041494,42.75257608605206,6.775498114707285,ET_somali
20.045291156479557,21.165396794871405,10.51437541706263,10.647446747340448,23.13948106842155,24.42761751439511,24.372370313377708,5,1.3828660812628286,-0.054890122457852394,-0.8885511442897512,-1.1552850638339327,1.8524248732035342,-0.38116994078135075,-0.9714191822463156,21,27,30,30,26,30,47,41,50,48,71,73,43,66,-0.7669794803000288,-0.008694986236374389,0.3079474922432356,0.9348389342405405,-1.138917779753145,1.4846845014481485,0.9565589698161219,42.930532343836134,6.6075131565769345,ET_somali
21.285293200061254,18.11376320428184,16.86277751375721,10.442874979406213,21.01478438630956,17.71905168431342,16.28671634829505,5,1.5046694561732057,0.28065942854156,-0.8369317792280351,-1.5891316985000545,1.3159318968718623,-0.12785802697163112,-1.1630613499215527,21,27,29,30,26,30,46,92,94,80,144,144,96,98,-0.6129958691309002,-0.013574368469537641,0.4956231497853994,1.1998767711071083,-1.0265116731038026,1.4499448987730565,0.6496597774267892,42.65268342645797,7.081913458120454,ET_somali
18.556961602560552,16.762823938524452,12.224942063826273,10.727233991094115,19.54339266184235,20.564957845801803,19.27799104448234,5,1.42362209503469,-0.07087024344796874,-0.8843980533966588,-1.0636822526878953,1.8404640340867289,-0.4239166526236274,-1.019117206610683,21,27,30,30,26,30,47,45,46,48,72,73,40,61,-0.7824802733293926,0.02534468688994516,0.41532964288699115,0.926798954029622,-1.2342303007561926,1.4296792912261351,0.9198888932221956,43.07641874597715,6.609309787145174,ET_somali
19.24091021874759,19.228403867943065,12.11524291167866,8.572849602768557,19.91559179205569,17.981857779838883,11.505212057796495,5,1.5036942215666544,0.2944230519108203,-0.9673311213594943,-1.4360823744049116,1.3003856784552321,-0.3078870940886418,-1.0960057760121498,21,27,28,30,26,30,47,43,44,45,72,73,47,64,-0.7220619934328142,-0.07688209127668776,0.28686137810829604,0.8669471422337676,-0.6443881354680451,1.5905489531068844,0.9812931950140658,43.06680677243707,7.0572097878071665,ET_somali
24.579989468535658,26.65601885775629,16.574878755058492,12.57004593654898,23.037689390574176,20.57173573527037,23.44026369106996,5,1.3424411761747934,0.02739554883140905,-0.9348763698423411,-1.2005154287487443,1.8152973191414952,-0.4038762530584514,-1.0178160307481257,21,27,30,30,26,30,47,80,91,71,107,93,70,96,-0.6550383075400492,-0.09064583442686555,0.2824648445276315,0.886210832272663,-1.2442335684899954,1.5538265069958421,0.8997763415741118,42.88031651945386,6.719802567091874,ET_somali
17.911548172116863,13.419802824268961,12.525576783564276,10.462146775421887,20.37156151620616,17.473948728798103,16.867637290328567,5,1.4084358936560344,0.3309027414984514,-0.9612645639526001,-1.532500104018425,1.3862197198262811,-0.21995833775466872,-1.1443125572127704,21,27,29,30,26,30,46,90,87,98,144,144,106,116,-0.752615673088833,-0.014157427327226852,0.46444866223036946,1.1015266383592515,-0.8206435982246969,1.4784282655600456,0.7852250579535314,42.70056363110154,7.0321467913802325,ET_somali
22.062356715379703,22.14677009667846,12.77880808005058,9.363557724855161,21.31751760762547,18.062321873551316,13.472738203911904,5,1.3705031788285946,0.00988723619133849,-0.9398020717560758,-1.237646973423715,1.6680610708290102,-0.4926415993444379,-1.0616273411194674,21,27,29,30,26,30,47,38,49,46,72,72,39,62,-0.7663635515775681,-0.042304921216447196,0.3071713040760836,0.8821498614189275,-0.9571661570966369,1.5599956467140308,0.9629932123119791,43.03419792762353,6.822030846424676,ET_somali
20.756810133673916,19.652816252247373,10.204597468915184,8.933033269578907,27.629838414337257,26.655832314611747,18.701833913291544,5,1.3709942589915551,-0.031148745176406693,-0.8838222834745633,-1.140471093245933,1.805235724232554,-0.4442700107354677,-1.0423948605171742,21,27,29,30,26,30,47,43,50,44,72,71,38,67,-0.6814281792928726,-0.05961064273384595,0.3499730134985623,0.8949609845938806,-1.192428572942584,1.462024633282096,0.9679184819796645,43.055038842215104,6.708124468398321,ET_somali
18.105327482413248,18.46880802306601,8.587258529079559,8.226180245230548,19.797396222496566,18.71521352511981,17.06306771143162,5,1.42362209503469,-0.07087024344796874,-0.8843980533966588,-1.0636822526878953,1.8404640340867289,-0.4239166526236274,-1.019117206610683,21,27,30,30,26,30,47,40,52,45,72,73,35,64,-0.7824802733293926,0.02534468688994516,0.41532964288699115,0.926798954029622,-1.2342303007561926,1.4296792912261351,0.9198888932221956,43.09546303000048,6.6443440832258345,ET_somali
17.638296056252884,20.967334594628344,17.534322215990205,10.564450958228441,14.49466240094213,12.72677906285515,14.362011593067546,5,1.400619516498148,0.13639916686094228,-1.0588408775515223,-1.4047615765228127,1.4275721494428053,-0.358859270370405,-1.0638005916980284,21,27,29,30,26,30,47,84,95,82,142,142,96,125,-0.8132819311339723,-0.06157498970515298,0.34736931351730216,0.9688983359028114,-0.6432457301813186,1.5194175172262112,0.9543013906016251,42.614684689939715,6.799483132793276,ET_somali
19.18597679432816,18.091332575488856,9.898015225264064,7.2638748227754295,16.68865371218844,15.971292544108485,16.877031644319874,5,1.5030451421664652,0.2865923445742261,-0.9822100472435463,-1.5233794192541823,1.2737576631114165,-0.3186936310699852,-1.109038507813507,21,27,29,30,26,30,47,87,89,96,143,141,85,124,-0.8046492038629011,0.010894407206609426,0.3600000564914225,0.9796475322251894,-0.7654554947049417,1.6033128297274721,0.8403850203366645,42.758864293040894,7.0010650825496965,ET_somali
19.717396763187,20.839914362437373,12.829080101088392,10.438645683935773,20.54491715471785,23.026472179807516,18.809297750720965,5,1.3138158421270127,0.04552567933431455,-0.9094480541737856,-1.2390249094513237,1.690643784122922,-0.47575578486465264,-1.08408710339862,21,27,29,30,26,30,47,45,48,44,72,71,41,59,-0.6791968017570821,-0.020838891704209404,0.29840599055552197,0.8594985881606318,-1.0797698693748627,1.5316538440340468,0.9664011083099897,43.09142061122194,6.764808162826262,ET_somali
21.850539485976007,17.772705397147973,18.662458081890748,12.414933426127957,17.116850591730856,14.581180247760912,13.632793580034132,5,1.4067916738589474,0.30024164029479794,-0.9049191400186886,-1.5192074987128292,1.3490569224826838,-0.09587811290398927,-1.1763664281784496,21,27,29,30,26,30,46,90,86,92,142,142,92,94,-0.660834964446682,-0.17369699166714472,0.4538981955983381,1.1062129274018044,-0.6778769465832822,1.472503886308751,0.8294771486119024,42.60507271639963,7.075984577245265,ET_somali
18.341573723701174,17.795654148917155,13.324918243058018,7.94240234316171,16.673776218800526,11.905649892730557,13.664279012814335,5,1.3900782527746869,0.10634274320472821,-0.9941298942515587,-1.3695476548205208,1.6193325981972604,-0.342731296174307,-1.0134492680969163,21,27,30,30,26,30,47,118,127,146,209,226,155,215,-0.8158393355817065,0.10750430265952693,0.3766657731288312,0.9607857411243086,-0.9942215067662312,1.4850915827970534,0.9055173022293398,42.67109888978242,6.671652867863068,ET_somali
21.071263461596477,19.73736000669268,13.110735044410692,12.887007511082079,21.27048469016293,18.51994887399656,15.04797095943298,5,1.3705031788285946,0.00988723619133849,-0.9398020717560758,-1.237646973423715,1.6680610708290102,-0.4926415993444379,-1.0616273411194674,21,27,29,30,26,30,47,42,44,43,72,71,37,62,-0.7663635515775681,-0.042304921216447196,0.3071713040760836,0.8821498614189275,-0.9571661570966369,1.5599956467140308,0.9629932123119791,42.9986246423724,6.808106959520823,ET_somali
15.814378447169133,15.375388107531093,9.308899094065207,10.470329589843487,19.438117368913968,14.568079768329966,17.281067090266287,5,1.3332550908554919,0.12509206035317993,-0.9554945712583881,-1.3179821989352114,1.7499323323416622,-0.3503192626003524,-1.0163732592748949,21,27,30,30,26,30,47,88,92,94,143,143,90,134,-0.7593107633472526,0.020901687353303326,0.2893957308993633,0.9249750348244967,-1.0923391002007654,1.547630241890747,0.9175203583052862,42.75122861312588,6.708124468398321,ET_somali
18.677436339642437,20.948570450397973,10.518263432356472,8.827313375593482,17.605133139525623,17.9859362939919,10.614212888322516,5,1.3288115917264236,0.03917750558792415,-0.9013120884647994,-1.263532628022271,1.8370250933675851,-0.3195677028417049,-0.9646230644926007,21,27,30,30,26,30,47,95,93,95,142,143,95,124,-0.7856783066195094,0.08798719049991524,0.3230095202287013,0.9751029937093896,-1.1815055715122695,1.44328535034479,0.9181569757055533,42.841958456821956,6.643445767941715,ET_somali
19.71207830941707,19.969597801548495,9.320485982930128,11.037367876726226,25.84445180485923,22.08304473835057,19.000802626310595,5,1.3377887939839384,0.1106550626016054,-0.9674301735449801,-1.3400859166638612,1.5336042864399364,-0.49772867155516354,-1.0933258290209085,21,27,29,30,26,30,47,44,46,47,72,72,41,65,-0.7815355128665085,-0.06123112043073587,0.2583328684564888,0.8590161265050622,-0.7931000232324755,1.6102713084275675,0.986605706309144,42.977783727780825,6.947076333974113,ET_somali
15.800958718862999,13.678376447660272,16.947035821455064,9.01258298371532,21.688858455976955,21.48122666551794,16.132667680363486,5,1.5046694561732057,0.28065942854156,-0.8369317792280351,-1.5891316985000545,1.3159318968718623,-0.12785802697163112,-1.1630613499215527,21,27,29,30,26,30,46,47,44,49,72,72,48,59,-0.6129958691309002,-0.013574368469537641,0.4956231497853994,1.1998767711071083,-1.0265116731038026,1.4499448987730565,0.6496597774267892,42.74188613417104,7.090627116376413,ET_somali
18.215812665895594,18.565406093722316,10.973507505107891,7.754869054896092,15.202229022862738,14.12005334304155,10.289800769267883,5,1.5733858058459746,0.27372393283131174,-0.8375177938835515,-1.598599440962303,1.2702982726484775,-0.18428116743744616,-1.1322006898645225,21,27,29,30,26,30,46,93,83,96,143,141,90,125,-0.7308091217297271,-0.003545944958714707,0.37666470897094495,1.0821154811164058,-0.8795532030806916,1.5804058907242826,0.7647295449680561,42.771800033132216,7.058467429204934,ET_somali
19.877259385340512,15.762493263062996,14.717839591709062,7.59957863849452,15.103862880789539,12.585767641249856,13.65156735319785,5,1.4084358936560344,0.3309027414984514,-0.9612645639526001,-1.532500104018425,1.3862197198262811,-0.21995833775466872,-1.1443125572127704,21,27,29,30,26,30,46,96,92,86,144,142,98,112,-0.752615673088833,-0.014157427327226852,0.46444866223036946,1.1015266383592515,-0.8206435982246969,1.4784282655600456,0.7852250579535314,42.674512487862074,7.0383451668406565,ET_somali
