a2019,a2020,a2021,a2022,a2023,a2024,a2025,dw,pz2019,pz2020,pz2021,pz2022,pz2023,pz2024,pz2025,s1_2019,s1_2020,s1_2021,s1_2022,s1_2023,s1_2024,s1_2025,s2_2019,s2_2020,s2_2021,s2_2022,s2_2023,s2_2024,s2_2025,tz2019,tz2020,tz2021,tz2022,tz2023,tz2024,tz2025,lon,lat,roi
22.573144123689673,25.18940678923306,12.96162709892299,16.331535560902438,24.31177012244963,21.53831394007292,18.32328816536802,5,0.5342808864029268,0.7273444369247666,-1.3224132733786904,-1.3478338884784125,0.25567344252841123,0.39758357195029115,-0.5086107467434442,52,59,57,25,29,31,50,62,56,50,70,72,56,71,0.2946253737774745,-0.1260224605423913,0.6145866484342932,0.11293750323462683,-1.2528954244119903,1.0038655340665739,0.9920421291742726,37.70602048292541,2.336742632815905,KE_marsa
27.608865592277226,25.19435933407194,21.915089092522237,13.24621390630013,28.815716060387366,24.14711906809459,17.792590672450856,1,0.736745264290688,0.4225986219090218,-1.239455039262038,-1.2627489606440898,0.47139133040866826,0.23864360814856375,-0.6560051140404585,53,59,59,25,29,31,50,62,55,54,70,71,55,71,0.2952343358392597,-0.07713094951043663,0.513696539032457,-0.044215704414065284,-1.154093583666392,1.113034286377658,1.0876372678494775,37.86915453852152,2.3024269889625395,KE_marsa
21.090432504332625,24.465698829761116,22.571072857371917,11.02598977614079,31.042239036440055,32.456989856792354,27.222430420576295,5,0.49606335404457236,0.3880203197055291,-1.2888218408558467,-1.2401440326662025,0.1903392992835394,0.4346601228953286,-0.7071363863991699,53,59,59,25,29,31,50,58,58,50,71,71,60,72,0.35357873050929634,0.13249855409993727,0.48348122100194496,-0.06422656303389036,-1.2350492748184052,1.0583632067885973,1.1156025665350011,37.63541290159362,2.079914293086134,KE_marsa
21.944048618000444,22.943142802897974,18.3914666477492,13.806435034114262,29.54922713972253,31.02188218297907,23.973274299050505,5,0.47571444522283485,0.4549653781561657,-1.23401926819428,-1.1964575855007875,0.13297418332906444,0.2624462798204412,-0.7102437994189669,53,59,59,25,29,31,50,62,55,47,70,71,58,70,0.35498774763823143,-0.015082551434850133,0.3400444339572716,-0.13840780077443637,-1.1499520804945564,1.1708055703470557,1.209159829378894,37.69748648772628,2.147287939395098,KE_marsa
21.138179413915502,26.42631428595795,14.085435463334823,13.617153469263332,17.158253941357593,17.190299196078865,11.280291968944892,5,0.7560610196981756,0.13354557888134322,-1.4297171226087853,-1.3723929369609071,0.4835067423336221,0.9762487176838844,-0.638789883425777,53,59,59,25,29,31,50,60,61,52,70,71,57,75,0.21097535806192427,0.03255238434256544,0.3235283044403796,-0.08537461268982853,-0.9261479379798349,1.219410996173364,1.263029754947292,37.42915971235978,2.243677169381123,KE_marsa
22.323472096995822,23.547301111347224,21.417223209786766,10.255388224773633,25.63579333942354,34.13461904968372,20.096143110596753,5,0.7626721556106882,0.31342198670392013,-1.2756072997194436,-1.2149979351629616,0.34031397095792465,0.18347716423379914,-0.8196115192383446,53,59,59,25,29,31,50,52,51,47,68,71,60,63,0.5894349558020856,-0.05314608184084066,0.26464081675390516,-0.2790068437938897,-1.4207818460564392,1.082817266575859,1.133764582716796,37.77563991744468,2.0243085769991356,KE_marsa
30.61207753564937,27.565319468838908,26.87826082748153,15.56796244376599,32.308106571287546,42.54675667761753,27.925808777563102,5,0.6371825659538705,0.48908872442968265,-1.253503993058475,-1.2336839183006616,0.28303440500518234,0.22113944830807858,-0.6927322260008901,53,59,59,25,29,31,50,58,52,45,69,71,54,60,0.1441052275901866,0.11615286226279438,0.5654309956370787,0.019289030022729838,-1.10170669070866,1.1063755668042694,1.123374675833945,37.806811457803626,2.1692068323276144,KE_marsa
29.749713482346447,27.471771206531876,21.138646557556687,18.915848692746778,38.48829767501217,42.48333255599694,29.2757914094543,5,0.6228939646088839,0.6166206935679469,-1.2872120047326825,-1.30632247931752,0.3568307904058222,0.30935763670160216,-0.5732575146718258,53,59,59,25,29,31,50,61,55,51,69,72,56,69,0.031237304646195008,0.04101901549461771,0.660976707504434,0.15665369078285266,-1.0434897168621644,1.105494271817141,1.0704437599930172,37.78965363587694,2.2683808396944096,KE_marsa
23.310597985413825,25.264165088823386,23.747956331374553,13.781420361172865,26.20681815510691,31.878246440374753,26.95454685237554,5,0.5562814929718619,0.43060874536472243,-1.290092410915158,-1.2450566342505223,0.20178462706550457,0.28439612847376244,-0.7310949164627861,53,59,59,25,29,31,50,56,57,51,69,71,58,65,0.35133667603107804,-0.023561666526892684,0.3577145556910882,-0.10989913365031034,-1.1827676008932893,1.1541629418876675,1.228082728568484,37.689491481697615,1.9976286130607859,KE_marsa
24.917016539053368,21.07126466768216,15.124387163372782,17.64946781661844,24.11914495704086,20.897181496921743,17.555634789523552,5,0.6254585620661952,0.6695366236938834,-1.310153572165373,-1.3586367379585476,0.404512042434183,0.3861183987673942,-0.49991287661477474,53,59,59,25,29,31,50,57,51,43,70,71,52,72,0.2920916615247672,-0.20954862948761646,0.6010824826894805,0.111380045901557,-1.2534876421256704,0.9911744378323858,0.9779466718084652,37.836545693707976,2.351834329589113,KE_marsa
17.40002471641328,17.602332956626164,15.59933348761364,12.319905084881375,22.433912317676306,25.350441133313325,19.305715547465788,5,0.49606335404457236,0.3880203197055291,-1.2888218408558467,-1.2401440326662025,0.1903392992835394,0.4346601228953286,-0.7071363863991699,53,59,59,25,29,31,50,61,58,52,70,71,60,71,0.35357873050929634,0.13249855409993727,0.48348122100194496,-0.06422656303389036,-1.2350492748184052,1.0583632067885973,1.1156025665350011,37.616009291456635,2.1169248827918583,KE_marsa
35.35228631485359,30.823366527876598,29.76441951772034,17.91167859043888,34.27595993572073,32.63721532573875,24.499563187593065,5,0.736745264290688,0.4225986219090218,-1.239455039262038,-1.2627489606440898,0.47139133040866826,0.23864360814856375,-0.6560051140404585,53,59,59,25,29,31,50,61,51,58,69,71,65,83,0.2952343358392597,-0.07713094951043663,0.513696539032457,-0.044215704414065284,-1.154093583666392,1.113034286377658,1.0876372678494775,37.879664827345714,2.2799691068595513,KE_marsa
21.27083252145684,22.028297920422563,29.116848696967843,12.749829079882456,32.71683072186993,24.515867842852078,27.19179713793765,5,0.6349626309356782,0.25357918289720127,-1.322023350376927,-1.265412999029925,0.21571062597533164,0.38682162179980384,-0.7432067227824761,53,59,59,25,29,31,50,62,59,51,69,71,55,72,-0.12909769146474212,0.18120716845527873,0.47673517821169326,0.11827946431428694,-0.7199319730902944,1.2129730457533303,1.298463908767033,37.595078545336655,1.9926878789981286,KE_marsa
22.10355418449833,21.450586125621125,18.184301933986074,11.123179009278365,26.206211329976274,24.790052714323238,17.571631695225857,1,0.47571444522283485,0.4549653781561657,-1.23401926819428,-1.1964575855007875,0.13297418332906444,0.2624462798204412,-0.7102437994189669,53,59,59,25,29,31,50,60,54,47,70,71,56,71,0.35498774763823143,-0.015082551434850133,0.3400444339572716,-0.13840780077443637,-1.1499520804945564,1.1708055703470557,1.209159829378894,37.71176970074378,2.1484557492644534,KE_marsa
23.622517640858195,26.1780114698441,14.2287713646729,17.092107651321644,22.55796723023287,21.48256172793846,14.175543240504725,5,0.5883022643229917,0.40585706698301083,-1.3932675594236479,-1.3695979085088248,0.36962555992937324,0.7418474722353607,-0.5869428502828263,53,59,59,25,29,31,50,58,59,54,70,71,56,65,0.5034674459061117,-0.11104618129925803,0.33076563048239305,-0.1484920359086722,-1.2224064492405695,1.07955264667406,1.1351040626449729,37.487280711242306,2.1502523798326925,KE_marsa
29.840310270263366,29.43465078021153,22.947944443420052,14.52272454921659,29.73631045221307,39.26132684148072,23.738406975159595,5,0.8784681258110237,0.2906551965235563,-1.3521554396235662,-1.29629892262722,0.41180506685351026,0.30103224920241356,-0.8000468156235728,53,59,59,25,29,31,50,51,50,46,69,71,56,67,0.5936001363001027,-0.06932361638323364,0.2921997209278591,-0.24096429056362623,-1.4504151913612224,1.0428905735948668,1.1406486534677742,37.7856112170984,1.9096835467454847,KE_marsa
28.573126407898577,30.88772398454164,17.52231102292694,17.618380488164444,22.021074462760243,23.709958234226065,15.467568838070983,5,0.8349908583724864,0.26935625716010037,-1.3991091941465488,-1.4338422055411533,0.38049377289487013,0.7085163685508227,-0.5397328372269872,53,59,59,25,29,31,50,57,56,53,70,72,57,69,0.13219189802526693,-0.0847563637533805,0.3413386976698663,-0.008613458109488053,-0.8734056293334118,1.236354009825797,1.2520830697832104,37.40777980859773,2.303504967303483,KE_marsa
22.608765781745532,27.27704120585874,17.48787962306665,9.546788233410185,31.619074684395446,32.251567262092465,25.07379042578212,5,0.5532661719354374,0.6737542231708705,-1.3625870498364006,-1.389953846684573,0.28924733256724705,0.5296637489516713,-0.47884646323459795,53,59,59,25,29,31,50,61,56,53,70,72,55,74,0.5235020344610957,-0.2465888477094906,0.4707197466599101,-0.029557247184032756,-1.3352918847539867,0.9550829632094235,0.9885189412098633,37.56408666803453,2.3377307796284366,KE_marsa
33.4104074387404,27.67434041042566,27.020057074512465,16.731838499529538,31.792373076245543,29.597096252101085,22.71899270833055,5,0.736745264290688,0.4225986219090218,-1.239455039262038,-1.2627489606440898,0.47139133040866826,0.23864360814856375,-0.6560051140404585,51,49,56,25,29,31,50,60,51,57,69,71,63,83,0.2952343358392597,-0.07713094951043663,0.513696539032457,-0.044215704414065284,-1.154093583666392,1.113034286377658,1.0876372678494775,37.88604286586296,2.2984744017124137,KE_marsa
20.561420250841884,23.03453732312657,16.774679399769926,20.374671078276805,31.807226184991453,26.11848291273292,20.789649386656706,5,0.5532661719354374,0.6737542231708705,-1.3625870498364006,-1.389953846684573,0.28924733256724705,0.5296637489516713,-0.47884646323459795,53,59,59,25,29,31,50,59,57,55,70,72,56,71,0.5235020344610957,-0.2465888477094906,0.4707197466599101,-0.029557247184032756,-1.3352918847539867,0.9550829632094235,0.9885189412098633,37.57297998934731,2.320213631588106,KE_marsa
27.4343930391263,24.269149178290434,17.86423453414121,14.2488998274184,24.562208029214926,26.913240133824196,21.414282179944053,5,0.6845184817076019,0.5075251393331524,-1.3842897479566922,-1.4272276157698165,0.3337347274609011,0.6069665793395186,-0.4967432881972412,53,59,59,25,29,31,50,62,54,53,70,71,60,76,0.36894994334540226,-0.172051661769092,0.4245713873993176,-0.01949307236150211,-1.169676193125167,1.075786000131078,1.1005979781517305,37.519260735356966,2.311410141803735,KE_marsa
34.09755166967936,34.5912008733505,31.281354581932337,20.00163698430933,34.78369081989834,39.67547808639702,25.43113294672833,5,0.8052302311375974,0.34308223526812054,-1.2241015847627021,-1.197322751065316,0.4048343567765568,0.128585264466091,-0.7751089869610863,53,59,59,25,29,31,50,53,50,54,70,72,64,74,0.10667003453864889,0.14305055569150635,0.47891516852204324,-0.07708946705250201,-1.0309639670613346,1.2024605937548178,1.1876280584483014,37.86960369616358,2.227148168153324,KE_marsa
21.756430621549054,22.566842779873838,19.061954562035883,13.884719835593755,21.141445004640527,19.6583241140608,14.918441456269596,1,0.6371825659538705,0.48908872442968265,-1.253503993058475,-1.2336839183006616,0.28303440500518234,0.22113944830807858,-0.6927322260008901,53,59,59,25,29,31,50,51,49,46,69,71,53,59,0.1441052275901866,0.11615286226279438,0.5654309956370787,0.019289030022729838,-1.10170669070866,1.1063755668042694,1.123374675833945,37.84813396087312,2.1911257252601306,KE_marsa
18.19379110428254,22.786321568788182,16.873523548839714,11.028354275046635,22.70834041834486,29.310536365937303,21.72503573999428,5,0.49606335404457236,0.3880203197055291,-1.2888218408558467,-1.2401440326662025,0.1903392992835394,0.4346601228953286,-0.7071363863991699,53,59,59,25,29,31,50,58,53,54,69,72,60,76,0.35357873050929634,0.13249855409993727,0.48348122100194496,-0.06422656303389036,-1.2350492748184052,1.0583632067885973,1.1156025665350011,37.55321705309668,2.05718691639791,KE_marsa
19.345618366573213,24.121866656555003,20.18735281936387,12.061865003587005,28.329059925814335,37.18781464676813,29.4203276573553,5,0.48302881787156493,0.5888665059223266,-1.2695204901245416,-1.2616190021236586,0.17182076668345736,0.3191696573012483,-0.6174272826559026,53,59,59,25,29,31,50,60,54,48,70,71,57,71,0.36074377348444603,-0.03676437151355772,0.497807353362473,-0.024221881847738273,-1.2441657708483869,1.0669694234243223,1.0746833108675222,37.69577968868645,2.1637271090944856,KE_marsa
18.918299026496925,17.911506579053498,16.0308847444246,10.476127490661588,25.571695373924502,26.277761085336667,19.47505877892733,5,0.6005464002835755,0.21766109881480927,-1.3754357338056684,-1.3008224235655041,0.3446359432483733,0.7300210300315947,-0.7219502845298655,53,59,59,25,29,31,50,60,59,54,70,71,57,76,0.13187070196879216,0.06343144561204801,0.3523617935692746,-0.03355646975659141,-0.8729401826200195,1.222051700015507,1.3057489297563765,37.54028131300536,2.1409099008778494,KE_marsa
23.32542291603712,25.99560601923975,27.103799154214563,13.759975754244703,27.149716717289078,31.512391668523932,22.374601647981013,1,0.6697727196772705,0.3537199728779275,-1.2260377244334115,-1.1758960368335771,0.2430524243675249,0.15780376381003702,-0.7950333621063828,53,59,59,25,29,31,50,58,55,48,69,71,55,62,0.33514522129763374,-0.005177319968916776,0.33653032518501613,-0.16021393981457643,-1.1713328858491858,1.197071071671015,1.2244004047139114,37.80106223998526,2.13632849292884,KE_marsa
27.24340754915357,27.745778954871056,18.031393891215156,16.727879010890884,17.0013498703009,19.445080038977547,13.841447621047502,5,0.6845184817076019,0.5075251393331524,-1.3842897479566922,-1.4272276157698165,0.3337347274609011,0.6069665793395186,-0.4967432881972412,53,59,59,25,29,31,50,58,57,55,70,71,56,74,0.36894994334540226,-0.172051661769092,0.4245713873993176,-0.01949307236150211,-1.169676193125167,1.075786000131078,1.1005979781517305,37.47524328643511,2.277363992535605,KE_marsa
26.67458303181898,33.516211911751185,26.409891098955114,23.439832563988883,27.421909712266626,35.77222299327576,20.059372452684574,1,0.8880165010877011,0.23068054864323853,-1.20866743552325,-1.1437417407638932,0.37005131349755055,0.04986710075367472,-0.8832477726494887,53,59,59,25,29,31,50,54,42,37,69,71,47,57,0.37253264912098705,0.1532516905399333,0.4134150921443803,-0.21718344757830416,-1.3448330796280572,1.1073991867607107,1.1297775193574384,37.89179208368133,2.143784509787032,KE_marsa
19.644584246863744,19.69309288567007,16.891482282493797,12.368792102740343,20.33988634691647,13.91649810467229,12.589186004181439,5,0.6228939646088839,0.6166206935679469,-1.2872120047326825,-1.30632247931752,0.3568307904058222,0.30935763670160216,-0.5732575146718258,53,59,59,25,29,31,50,62,55,51,70,71,53,76,0.031237304646195008,0.04101901549461771,0.660976707504434,0.15665369078285266,-1.0434897168621644,1.105494271817141,1.0704437599930172,37.83196428575897,2.284370851751737,KE_marsa
22.54446758661663,23.54442790055405,16.336326862998735,14.793826430505964,25.232669426373523,26.79346817476945,20.15084870012506,5,0.6254585620661952,0.6695366236938834,-1.310153572165373,-1.3586367379585476,0.404512042434183,0.3861183987673942,-0.49991287661477474,53,59,59,25,29,31,50,56,56,48,70,71,54,71,0.2920916615247672,-0.20954862948761646,0.6010824826894805,0.111380045901557,-1.2534876421256704,0.9911744378323858,0.9779466718084652,37.760278726086234,2.376268505317164,KE_marsa
25.376371951283442,25.41196071408604,23.063403206925603,15.144066010791818,24.632301303110992,25.630340557853415,17.397625460107157,1,0.6371825659538705,0.48908872442968265,-1.253503993058475,-1.2336839183006616,0.28303440500518234,0.22113944830807858,-0.6927322260008901,53,59,59,25,29,31,50,57,51,45,69,71,54,59,0.1441052275901866,0.11615286226279438,0.5654309956370787,0.019289030022729838,-1.10170669070866,1.1063755668042694,1.123374675833945,37.8246879319576,2.1751357132028035,KE_marsa
22.356362217101747,24.813113491422193,17.73078501948889,14.113105301691531,20.374068881328647,25.356617335436393,19.81259003808581,5,0.6845184817076019,0.5075251393331524,-1.3842897479566922,-1.4272276157698165,0.3337347274609011,0.6069665793395186,-0.4967432881972412,53,59,59,25,29,31,50,60,56,54,70,72,55,75,0.36894994334540226,-0.172051661769092,0.4245713873993176,-0.01949307236150211,-1.169676193125167,1.075786000131078,1.1005979781517305,37.48862818416849,2.299013390882885,KE_marsa
25.474521657352604,29.154058451256248,20.210704084841197,18.93505729214565,27.317939396717343,29.078918777566734,20.734878862478414,5,0.5540901411450757,0.8461026095240971,-1.3565904189731375,-1.4011463059647922,0.31492164119815735,0.4552554592462674,-0.4248592481866136,53,59,59,25,29,31,50,60,55,47,70,72,52,69,0.34695980916259744,-0.2913233803483608,0.5792105723091912,0.12564458087109096,-1.2682997624412267,0.9825610691576665,0.9567580359730049,37.724076620136216,2.3679141731748525,KE_marsa
26.950213016437452,28.600904041080625,26.083331121549058,16.907464180903638,28.653651779416375,24.591955153102592,23.923299136237414,5,0.6697727196772705,0.3537199728779275,-1.2260377244334115,-1.1758960368335771,0.2430524243675249,0.15780376381003702,-0.7950333621063828,53,59,59,25,29,31,50,60,51,48,69,71,52,68,0.33514522129763374,-0.005177319968916776,0.33653032518501613,-0.16021393981457643,-1.1713328858491858,1.197071071671015,1.2244004047139114,37.75372102451216,2.1256385410478176,KE_marsa
24.36396477100273,24.904010504679373,17.163284514119,16.656348237398532,24.0014312093331,24.74693553131633,19.72649439174034,5,0.6254585620661952,0.6695366236938834,-1.310153572165373,-1.3586367379585476,0.404512042434183,0.3861183987673942,-0.49991287661477474,53,59,59,25,29,31,50,59,55,47,70,71,57,65,0.2920916615247672,-0.20954862948761646,0.6010824826894805,0.111380045901557,-1.2534876421256704,0.9911744378323858,0.9779466718084652,37.77590941202991,2.3646802381520224,KE_marsa
22.866051252723278,25.850328415658648,15.434335059213145,13.35052221590552,26.357502795030676,29.470269563082425,22.825906104793575,5,0.5342808864029268,0.7273444369247666,-1.3224132733786904,-1.3478338884784125,0.25567344252841123,0.39758357195029115,-0.5086107467434442,53,59,59,25,29,31,50,63,55,52,70,72,54,77,0.2946253737774745,-0.1260224605423913,0.6145866484342932,0.11293750323462683,-1.2528954244119903,1.0038655340665739,0.9920421291742726,37.690928786152206,2.3199441370028704,KE_marsa
22.246460488645145,25.901958480578113,16.911306062047267,14.22054182929469,24.947020907241534,25.87753796032823,16.637560736616322,5,0.5540901411450757,0.8461026095240971,-1.3565904189731375,-1.4011463059647922,0.31492164119815735,0.4552554592462674,-0.4248592481866136,53,59,59,25,29,31,50,58,54,50,70,72,53,67,0.34695980916259744,-0.2913233803483608,0.5792105723091912,0.12564458087109096,-1.2682997624412267,0.9825610691576665,0.9567580359730049,37.66415899068544,2.3885754247096016,KE_marsa
29.65449891036488,30.188195081667693,24.555905529370133,17.529701531744994,26.91840081427533,34.37401647952732,23.253700145317275,1,0.6371825659538705,0.48908872442968265,-1.253503993058475,-1.2336839183006616,0.28303440500518234,0.22113944830807858,-0.6927322260008901,53,59,59,25,29,31,50,56,52,46,69,71,54,61,0.1441052275901866,0.11615286226279438,0.5654309956370787,0.019289030022729838,-1.10170669070866,1.1063755668042694,1.123374675833945,37.83807282969098,2.1933715134704297,KE_marsa
23.393488276723655,21.372409277510684,11.596822882321284,16.423981138066033,22.32589389220623,23.83462845636885,15.00905525259988,5,0.6369651962271666,0.16648077104460507,-1.4377319076134067,-1.4287684846466202,0.4840264245456095,1.090110003450854,-0.7524027591960399,53,59,59,25,29,31,50,58,53,53,70,71,61,77,0.4308503766457592,0.08802570676198325,0.4052042997938647,-0.08822931979986348,-1.1618402369881626,1.0347084601909682,1.2231220732880423,37.42574611428012,1.9557671208208163,KE_marsa
39.95021711361894,36.731759017694294,32.206923028607385,19.955972863778932,33.62087680037732,41.0756430300137,27.913229735973832,5,0.8052302311375974,0.34308223526812054,-1.2241015847627021,-1.197322751065316,0.4048343567765568,0.128585264466091,-0.7751089869610863,53,59,59,25,29,31,50,54,44,41,69,71,53,64,0.10667003453864889,0.14305055569150635,0.47891516852204324,-0.07708946705250201,-1.0309639670613346,1.2024605937548178,1.1876280584483014,37.86124936402127,2.1731594195777406,KE_marsa
23.36556484343161,23.074938120204045,17.3960932196422,11.335558003435743,23.296375960362568,23.284584921163255,17.620870946998338,5,0.5893312700186629,0.8017765235197415,-1.3768802554729471,-1.4274970264047302,0.33358582122942754,0.49311227071881963,-0.41744714103250674,53,59,59,25,29,31,50,58,55,48,70,72,53,67,0.4377548315643209,-0.3820181116931545,0.45739113198742,0.04338119699194123,-1.2542479483357911,1.0095466719533386,0.9972575304479322,37.61088889433716,2.3907313813914883,KE_marsa
16.876359507131863,23.400387929811234,17.455337691926935,14.389992772319879,23.27434002177335,21.721020175430375,18.219374559719064,5,0.49606335404457236,0.3880203197055291,-1.2888218408558467,-1.2401440326662025,0.1903392992835394,0.4346601228953286,-0.7071363863991699,53,59,59,25,29,31,50,60,59,52,70,72,61,75,0.35357873050929634,0.13249855409993727,0.48348122100194496,-0.06422656303389036,-1.2350492748184052,1.0583632067885973,1.1156025665350011,37.5706443696086,2.1103671812177858,KE_marsa
26.695388636826618,32.24896488518906,28.61006147395834,15.14549504873978,30.457511036292406,40.68902413100457,30.874054340589932,5,0.7626721556106882,0.31342198670392013,-1.2756072997194436,-1.2149979351629616,0.34031397095792465,0.18347716423379914,-0.8196115192383446,53,59,59,25,29,31,50,55,47,46,68,71,51,68,0.5894349558020856,-0.05314608184084066,0.26464081675390516,-0.2790068437938897,-1.4207818460564392,1.082817266575859,1.133764582716796,37.78857565753599,2.0434426925508813,KE_marsa
25.87069819737514,26.367306600592848,19.608066724423818,15.593866084519826,22.843284657179154,29.59367553963486,21.53103342670846,5,0.6845184817076019,0.5075251393331524,-1.3842897479566922,-1.4272276157698165,0.3337347274609011,0.6069665793395186,-0.4967432881972412,53,59,59,25,29,31,50,57,51,53,70,72,57,69,0.36894994334540226,-0.172051661769092,0.4245713873993176,-0.01949307236150211,-1.169676193125167,1.075786000131078,1.1005979781517305,37.520159050641084,2.344198649674097,KE_marsa
23.38533474309071,23.31734386807209,16.26247681360322,15.642076900768863,22.873304769084644,16.488770762695083,18.42094388889439,5,0.736745264290688,0.4225986219090218,-1.239455039262038,-1.2627489606440898,0.47139133040866826,0.23864360814856375,-0.6560051140404585,53,59,59,25,29,31,50,59,54,56,69,71,61,79,0.2952343358392597,-0.07713094951043663,0.513696539032457,-0.044215704414065284,-1.154093583666392,1.113034286377658,1.0876372678494775,37.89556500787463,2.3186864956051028,KE_marsa
21.375594334516883,25.02686110548458,21.31387810582607,12.230211987121608,30.71746532180647,24.77440882481542,18.494931014451094,5,0.6349626309356782,0.25357918289720127,-1.322023350376927,-1.265412999029925,0.21571062597533164,0.38682162179980384,-0.7432067227824761,53,59,59,25,29,31,50,60,57,54,69,71,58,72,-0.12909769146474212,0.18120716845527873,0.47673517821169326,0.11827946431428694,-0.7199319730902944,1.2129730457533303,1.298463908767033,37.55151025405686,2.0179305384818873,KE_marsa
24.873187473747752,30.172078721857638,19.200981366147115,16.159458109675747,18.532597698327773,17.603497959663375,12.665021654417053,5,0.7560610196981756,0.13354557888134322,-1.4297171226087853,-1.3723929369609071,0.4835067423336221,0.9762487176838844,-0.638789883425777,53,59,59,25,29,31,50,59,58,53,70,71,53,78,0.21097535806192427,0.03255238434256544,0.3235283044403796,-0.08537461268982853,-0.9261479379798349,1.219410996173364,1.263029754947292,37.43203432126896,2.2313702499886854,KE_marsa
25.408438444636925,26.461116582106214,24.975246737226826,12.9012005742896,30.4281647437477,27.689414835444424,25.572870722198868,5,0.7624685869938174,0.19988593257745585,-1.3751641952101814,-1.3275425886937566,0.2817473966748804,0.38845138009843005,-0.7568709888914547,53,59,59,25,29,31,50,55,49,46,68,71,58,73,-0.23708346974849043,0.23093236534980094,0.5452979098368164,0.20810577691695947,-0.6369387178656325,1.1714846324989228,1.2957789670548048,37.638197678974386,1.9116598403705476,KE_marsa
17.868028098507157,21.213401522708523,14.52910826981013,15.387667896222998,22.207247287558715,18.71435940909864,17.007312025285753,5,0.5540901411450757,0.8461026095240971,-1.3565904189731375,-1.4011463059647922,0.31492164119815735,0.4552554592462674,-0.4248592481866136,53,59,59,25,29,31,50,59,56,46,70,72,56,71,0.34695980916259744,-0.2913233803483608,0.5792105723091912,0.12564458087109096,-1.2682997624412267,0.9825610691576665,0.9567580359730049,37.694971204930745,2.3893839084653092,KE_marsa
22.70107408972236,24.54286326871658,23.637332059540732,9.678066244856,26.576393647353573,30.768850389157986,30.700995216023173,5,0.6349626309356782,0.25357918289720127,-1.322023350376927,-1.265412999029925,0.21571062597533164,0.38682162179980384,-0.7432067227824761,53,59,59,25,29,31,50,59,56,51,69,71,57,72,-0.12909769146474212,0.18120716845527873,0.47673517821169326,0.11827946431428694,-0.7199319730902944,1.2129730457533303,1.298463908767033,37.61304485101904,1.9987065914017292,KE_marsa
26.087216097101596,27.65473281162209,19.216578719508167,18.126728843886408,26.940307828499215,30.571690149835533,21.460052248496577,5,0.5540901411450757,0.8461026095240971,-1.3565904189731375,-1.4011463059647922,0.31492164119815735,0.4552554592462674,-0.4248592481866136,53,59,59,25,29,31,50,59,53,44,70,71,53,70,0.34695980916259744,-0.2913233803483608,0.5792105723091912,0.12564458087109096,-1.2682997624412267,0.9825610691576665,0.9567580359730049,37.74554635542667,2.3626141129985476,KE_marsa
37.04485581105047,36.24410433542197,28.836058522709543,15.633889720738585,31.364283151982175,40.66551076184102,29.045550342622086,5,0.6697727196772705,0.3537199728779275,-1.2260377244334115,-1.1758960368335771,0.2430524243675249,0.15780376381003702,-0.7950333621063828,53,59,59,25,29,31,50,54,45,45,68,71,54,61,0.33514522129763374,-0.005177319968916776,0.33653032518501613,-0.16021393981457643,-1.1713328858491858,1.197071071671015,1.2244004047139114,37.82908967684979,2.136238661400428,KE_marsa
17.76406192850642,27.23282064310832,18.41012550250567,11.602145333767403,15.091955582022088,17.28876981186303,11.996988277758414,5,0.8633549308570097,0.36323793513696423,-1.3792592239770782,-1.4452955335331705,0.3306733674959706,0.5118584583533343,-0.4908658118779817,53,59,59,25,29,31,50,57,53,50,68,71,54,68,0.17514411301482868,-0.11217904952160823,0.4076858244021504,0.022782864284705676,-0.9679257850801178,1.1814831354422897,1.1542762289715502,37.41379852100133,2.397109419908737,KE_marsa
23.60034564546281,24.440219656537113,15.599214160122292,13.56827606222269,22.636466086252344,23.394474449062862,17.678313338438844,5,0.5893312700186629,0.8017765235197415,-1.3768802554729471,-1.4274970264047302,0.33358582122942754,0.49311227071881963,-0.41744714103250674,53,59,59,25,29,31,50,60,58,51,70,72,53,73,0.4377548315643209,-0.3820181116931545,0.45739113198742,0.04338119699194123,-1.2542479483357911,1.0095466719533386,0.9972575304479322,37.586454718609104,2.3697108037430916,KE_marsa
19.174335726682536,19.209954183228305,14.214315624479482,9.935247612541136,20.195893084524513,23.006827121318132,15.77702700013277,5,0.5023476396552822,0.5395769425090994,-1.3240291778453357,-1.310486796920535,0.2350368064427182,0.4905881754692866,-0.5979190105537024,53,59,59,25,29,31,50,58,61,55,70,72,56,75,0.5040928575301021,-0.06793108448889754,0.44421215991077573,-0.09148910244354551,-1.3290066057441234,1.0043916843371823,1.046702579264177,37.56489515179024,2.15887620656024,KE_marsa
20.476886718949117,21.62381893476523,19.865948523488665,13.375850328027282,27.992582713129412,30.21784522937838,24.545552302470814,5,0.49606335404457236,0.3880203197055291,-1.2888218408558467,-1.2401440326662025,0.1903392992835394,0.4346601228953286,-0.7071363863991699,53,59,59,25,29,31,50,58,58,49,70,71,59,74,0.35357873050929634,0.13249855409993727,0.48348122100194496,-0.06422656303389036,-1.2350492748184052,1.0583632067885973,1.1156025665350011,37.64834864168494,2.0984195879389964,KE_marsa
21.484555589730558,26.090996516292808,14.075061024484052,14.850880488474635,24.496686930080887,24.748627036600762,21.88725230444333,5,0.5532661719354374,0.6737542231708705,-1.3625870498364006,-1.389953846684573,0.28924733256724705,0.5296637489516713,-0.47884646323459795,53,59,59,25,29,31,50,61,60,55,70,72,53,74,0.5235020344610957,-0.2465888477094906,0.4707197466599101,-0.029557247184032756,-1.3352918847539867,0.9550829632094235,0.9885189412098633,37.597683659660596,2.254906110432617,KE_marsa
19.14861415657351,21.221907747824332,15.765774028073178,11.82949881833335,23.054997716677818,22.378977787368996,14.150425029294311,5,0.5023476396552822,0.5395769425090994,-1.3240291778453357,-1.310486796920535,0.2350368064427182,0.4905881754692866,-0.5979190105537024,53,59,59,25,29,31,50,60,58,52,70,72,56,74,0.5040928575301021,-0.06793108448889754,0.44421215991077573,-0.09148910244354551,-1.3290066057441234,1.0043916843371823,1.046702579264177,37.5766630820122,2.170644136782206,KE_marsa
22.409950337750054,25.48155221569328,13.987641778583612,13.275119986027924,18.33689423695047,18.50387898261961,16.08341716314146,5,0.5883022643229917,0.40585706698301083,-1.3932675594236479,-1.3695979085088248,0.36962555992937324,0.7418474722353607,-0.5869428502828263,53,59,59,25,29,31,50,60,58,52,70,71,57,74,0.5034674459061117,-0.11104618129925803,0.33076563048239305,-0.1484920359086722,-1.2224064492405695,1.07955264667406,1.1351040626449729,37.485394249145656,2.2274176627385596,KE_marsa
31.88258924957457,34.84303370027174,28.050774485552548,21.95193646528184,31.223445496785796,43.88888913501385,21.55527164837849,1,0.8052302311375974,0.34308223526812054,-1.2241015847627021,-1.197322751065316,0.4048343567765568,0.128585264466091,-0.7751089869610863,53,59,59,25,29,31,50,53,46,53,70,71,61,73,0.10667003453864889,0.14305055569150635,0.47891516852204324,-0.07708946705250201,-1.0309639670613346,1.2024605937548178,1.1876280584483014,37.88442589835155,2.2161887216870655,KE_marsa
20.1557590496627,21.518294862514683,12.045449535465883,13.215825190382448,24.318438936615927,23.12518780704308,15.881366793933898,5,0.48302881787156493,0.5888665059223266,-1.2695204901245416,-1.2616190021236586,0.17182076668345736,0.3191696573012483,-0.6174272826559026,53,59,59,25,29,31,50,62,58,52,70,72,55,72,0.36074377348444603,-0.03676437151355772,0.497807353362473,-0.024221881847738273,-1.2441657708483869,1.0669694234243223,1.0746833108675222,37.668021746407156,2.196425785436436,KE_marsa
25.69156262488647,31.617192984596866,27.364107999439447,16.88671127170346,21.388470940755713,24.552643095049866,21.02744932008413,1,0.6697727196772705,0.3537199728779275,-1.2260377244334115,-1.1758960368335771,0.2430524243675249,0.15780376381003702,-0.7950333621063828,53,59,59,25,29,31,50,49,48,42,69,71,54,61,0.33514522129763374,-0.005177319968916776,0.33653032518501613,-0.16021393981457643,-1.1713328858491858,1.197071071671015,1.2244004047139114,37.842294911526345,2.08754997300115,KE_marsa
36.52090717806686,36.29871734138771,30.534247864761188,23.22369646599374,35.24996013320547,45.326404297949914,25.48133954631072,5,0.8052302311375974,0.34308223526812054,-1.2241015847627021,-1.197322751065316,0.4048343567765568,0.128585264466091,-0.7751089869610863,53,59,59,25,29,31,50,58,43,41,69,71,54,55,0.10667003453864889,0.14305055569150635,0.47891516852204324,-0.07708946705250201,-1.0309639670613346,1.2024605937548178,1.1876280584483014,37.854691662447195,2.158696543503416,KE_marsa
24.373634902766565,23.790615016621423,15.018258354878462,15.762854012188248,29.70740548737959,34.826743631259454,25.917269891600515,5,0.48302881787156493,0.5888665059223266,-1.2695204901245416,-1.2616190021236586,0.17182076668345736,0.3191696573012483,-0.6174272826559026,53,59,59,25,29,31,50,62,56,52,69,72,56,78,0.36074377348444603,-0.03676437151355772,0.497807353362473,-0.024221881847738273,-1.2441657708483869,1.0669694234243223,1.0746833108675222,37.66065556107738,2.231729576102333,KE_marsa
29.691732301872857,33.92884399091354,20.2565107862132,15.046956297218145,15.629045742435931,15.512719083582573,11.890385737916437,5,0.7303404309489688,0.6077934861352635,-1.3821092428324238,-1.4518869641552705,0.3337707990520069,0.4958340291599453,-0.44632741267408893,53,59,59,25,29,31,50,57,52,52,70,71,55,72,0.3379187720151774,-0.2241284268637097,0.4860855457444098,0.051472958974369695,-1.1862595921299304,1.0408473027141638,1.03276726090456,37.459612600491425,2.359559841032541,KE_marsa
35.40402972251959,40.08121849225358,34.56922443184963,21.672046663484036,37.23490311201416,46.30355424764089,28.67209128263741,5,0.6697727196772705,0.3537199728779275,-1.2260377244334115,-1.1758960368335771,0.2430524243675249,0.15780376381003702,-0.7950333621063828,53,59,59,25,29,31,50,59,53,49,69,71,53,60,0.33514522129763374,-0.005177319968916776,0.33653032518501613,-0.16021393981457643,-1.1713328858491858,1.197071071671015,1.2244004047139114,37.79567234828054,2.1335437155480697,KE_marsa
20.49852904442701,21.91869156530671,17.211348210789133,15.662591243465313,28.81943766402429,33.85858737693536,26.95952661930475,5,0.6371825659538705,0.48908872442968265,-1.253503993058475,-1.2336839183006616,0.28303440500518234,0.22113944830807858,-0.6927322260008901,53,59,59,25,29,31,50,60,56,52,70,71,56,70,0.1441052275901866,0.11615286226279438,0.5654309956370787,0.019289030022729838,-1.10170669070866,1.1063755668042694,1.123374675833945,37.752193888529156,2.2274176627385596,KE_marsa
20.110420428739896,19.4584527941853,15.079264897623894,12.342497629291215,24.19873916254174,24.12167036430221,19.841554252974056,5,0.5023476396552822,0.5395769425090994,-1.3240291778453357,-1.310486796920535,0.2350368064427182,0.4905881754692866,-0.5979190105537024,53,59,59,25,29,31,50,61,58,53,70,71,55,74,0.5040928575301021,-0.06793108448889754,0.44421215991077573,-0.09148910244354551,-1.3290066057441234,1.0043916843371823,1.046702579264177,37.55348654768192,2.207744558016342,KE_marsa
34.87294754178919,33.621591020451085,32.73214547769171,14.00467691687724,38.499920685898324,31.729145769360052,21.377522757679394,5,0.736745264290688,0.4225986219090218,-1.239455039262038,-1.2627489606440898,0.47139133040866826,0.23864360814856375,-0.6560051140404585,53,59,59,25,29,31,50,60,51,58,69,71,64,84,0.2952343358392597,-0.07713094951043663,0.513696539032457,-0.044215704414065284,-1.154093583666392,1.113034286377658,1.0876372678494775,37.89170225215292,2.280687759086847,KE_marsa
25.360648476117955,28.1664306755044,21.10204241868557,16.4089072803017,25.836994968284095,33.53382725526137,24.920272843466535,5,0.7303404309489688,0.6077934861352635,-1.3821092428324238,-1.4518869641552705,0.3337707990520069,0.4958340291599453,-0.44632741267408893,53,59,59,25,29,31,50,57,60,53,70,72,55,72,0.3379187720151774,-0.2241284268637097,0.4860855457444098,0.051472958974369695,-1.1862595921299304,1.0408473027141638,1.03276726090456,37.52276416496503,2.3682734992885006,KE_marsa
19.52092076251931,23.79117236262787,16.1986543830762,13.156482260817956,20.596476060443063,21.985013112584237,16.578125278115806,5,0.5893312700186629,0.8017765235197415,-1.3768802554729471,-1.4274970264047302,0.33358582122942754,0.49311227071881963,-0.41744714103250674,53,59,59,25,29,31,50,62,53,50,70,72,53,73,0.4377548315643209,-0.3820181116931545,0.45739113198742,0.04338119699194123,-1.2542479483357911,1.0095466719533386,0.9972575304479322,37.6255314334683,2.384443174402652,KE_marsa
32.95158218355051,40.108256390297235,35.010588225307295,10.318785151521011,41.74137335425818,63.42530923605892,52.65315778949298,5,0.7624685869938174,0.19988593257745585,-1.3751641952101814,-1.3275425886937566,0.2817473966748804,0.38845138009843005,-0.7568709888914547,53,59,59,25,29,31,50,56,54,49,68,71,54,74,-0.23708346974849043,0.23093236534980094,0.5452979098368164,0.20810577691695947,-0.6369387178656325,1.1714846324989228,1.2957789670548048,37.620051710235174,1.9192056887571516,KE_marsa
35.40625975401766,34.03590251244361,21.3260927275423,17.403874892589002,33.40342994509205,39.34693599578732,29.500672744287602,5,0.6371825659538705,0.48908872442968265,-1.253503993058475,-1.2336839183006616,0.28303440500518234,0.22113944830807858,-0.6927322260008901,53,59,59,25,29,31,50,60,55,50,69,71,55,70,0.1441052275901866,0.11615286226279438,0.5654309956370787,0.019289030022729838,-1.10170669070866,1.1063755668042694,1.123374675833945,37.78821633142235,2.225980358283968,KE_marsa
26.098185696911877,27.802002070465498,30.038756351487518,8.080866849796244,28.813220801583416,37.89615575484205,28.176380068465907,5,0.5562814929718619,0.43060874536472243,-1.290092410915158,-1.2450566342505223,0.20178462706550457,0.28439612847376244,-0.7310949164627861,53,59,59,25,29,31,50,53,55,51,69,71,57,67,0.35133667603107804,-0.023561666526892684,0.3577145556910882,-0.10989913365031034,-1.1827676008932893,1.1541629418876675,1.228082728568484,37.67098618684475,1.9920590582992448,KE_marsa
18.347931320278086,23.208539493367198,15.624417651699243,13.810431950786226,19.263188116057844,22.03092333866773,17.46170150231674,5,0.5893312700186629,0.8017765235197415,-1.3768802554729471,-1.4274970264047302,0.33358582122942754,0.49311227071881963,-0.41744714103250674,53,59,59,25,29,31,50,58,58,50,70,71,56,69,0.4377548315643209,-0.3820181116931545,0.45739113198742,0.04338119699194123,-1.2542479483357911,1.0095466719533386,0.9972575304479322,37.55465435755127,2.380400755624114,KE_marsa
21.738467371626708,30.30501696417823,21.37493404048276,16.14713873205569,31.974425446141886,31.437431973740164,26.717952452245154,5,0.5342808864029268,0.7273444369247666,-1.3224132733786904,-1.3478338884784125,0.25567344252841123,0.39758357195029115,-0.5086107467434442,53,59,59,25,29,31,50,58,60,55,70,72,52,72,0.2946253737774745,-0.1260224605423913,0.6145866484342932,0.11293750323462683,-1.2528954244119903,1.0038655340665739,0.9920421291742726,37.65023510378159,2.2784419708765484,KE_marsa
23.858146033867182,23.465267707750453,22.835819882980015,11.798529932852505,27.815842412503773,28.210055941219597,19.5990210151743,5,0.7162599948351275,0.3822822484921685,-1.3738696802755126,-1.3213841258507368,0.333185038885595,0.3277727216993398,-0.7509345185523304,53,59,59,25,29,31,50,57,50,48,69,71,58,76,0.34962387765891156,0.0004678552316811912,0.3999591770922947,-0.07051498561197497,-1.2252257188665687,1.1144628753832369,1.2278787321446183,37.67053702920269,1.9019580353020569,KE_marsa
21.31672856240348,24.619372466032544,11.209911797766214,18.886592267881475,19.47184208708103,20.924422463500168,13.890852345643923,5,0.8349908583724864,0.26935625716010037,-1.3991091941465488,-1.4338422055411533,0.38049377289487013,0.7085163685508227,-0.5397328372269872,53,59,59,25,29,31,50,59,59,54,69,71,59,73,0.13219189802526693,-0.0847563637533805,0.3413386976698663,-0.008613458109488053,-0.8734056293334118,1.236354009825797,1.2520830697832104,37.41254087960356,2.2876047867745672,KE_marsa
21.633674501460955,22.12230117256147,12.649316663521146,10.744346777962669,20.961234795153764,22.265521223761855,18.82259363622036,5,0.5883022643229917,0.40585706698301083,-1.3932675594236479,-1.3695979085088248,0.36962555992937324,0.7418474722353607,-0.5869428502828263,53,59,59,25,29,31,50,60,57,53,70,71,57,73,0.5034674459061117,-0.11104618129925803,0.33076563048239305,-0.1484920359086722,-1.2224064492405695,1.07955264667406,1.1351040626449729,37.53776603020982,2.191395219845367,KE_marsa
23.113792582958276,27.869851192816224,19.419667631147792,15.939551216920796,25.939232405635124,28.94468334733524,20.61935831282946,5,0.5540901411450757,0.8461026095240971,-1.3565904189731375,-1.4011463059647922,0.31492164119815735,0.4552554592462674,-0.4248592481866136,53,59,59,25,29,31,50,63,57,50,70,72,54,75,0.34695980916259744,-0.2913233803483608,0.5792105723091912,0.12564458087109096,-1.2682997624412267,0.9825610691576665,0.9567580359730049,37.73431741437518,2.352013992645937,KE_marsa
22.612316846453613,25.38371920595332,26.670562599260226,10.94565976607978,25.32197132234093,29.68490728564798,22.363112411482266,5,0.5562814929718619,0.43060874536472243,-1.290092410915158,-1.2450566342505223,0.20178462706550457,0.28439612847376244,-0.7310949164627861,53,59,59,25,29,31,50,56,54,50,69,71,57,68,0.35133667603107804,-0.023561666526892684,0.3577145556910882,-0.10989913365031034,-1.1827676008932893,1.1541629418876675,1.228082728568484,37.663440338458145,1.9848725360262887,KE_marsa
29.212402693495562,36.09508544738811,20.73742684579175,14.856893745775427,16.757042048921917,18.985155283260788,16.465720168773295,5,0.5883022643229917,0.40585706698301083,-1.3932675594236479,-1.3695979085088248,0.36962555992937324,0.7418474722353607,-0.5869428502828263,53,59,59,25,29,31,50,60,58,54,70,71,54,79,0.5034674459061117,-0.11104618129925803,0.33076563048239305,-0.1484920359086722,-1.2224064492405695,1.07955264667406,1.1351040626449729,37.45467186642877,2.210170009283465,KE_marsa
22.642252347870905,22.9369689010844,18.474136052932153,9.11691627526955,25.314884690780854,28.899672769030474,19.124529009212964,5,0.8784681258110237,0.2906551965235563,-1.3521554396235662,-1.29629892262722,0.41180506685351026,0.30103224920241356,-0.8000468156235728,53,59,59,25,29,31,50,52,47,44,69,72,57,64,0.5936001363001027,-0.06932361638323364,0.2921997209278591,-0.24096429056362623,-1.4504151913612224,1.0428905735948668,1.1406486534677742,37.8104047189401,1.9470534625648568,KE_marsa
24.988725145200792,22.88338310785605,10.629340576429339,11.735431660643444,24.256428234339467,23.1850760936838,13.19674890723067,5,0.736745264290688,0.4225986219090218,-1.239455039262038,-1.2627489606440898,0.47139133040866826,0.23864360814856375,-0.6560051140404585,53,59,59,25,29,31,50,59,57,52,70,71,52,71,0.2952343358392597,-0.07713094951043663,0.513696539032457,-0.044215704414065284,-1.154093583666392,1.113034286377658,1.0876372678494775,37.878047859834304,2.3225492513268167,KE_marsa
20.883753253891964,21.249260303022325,16.475209451187446,12.724783043965774,23.189775303021246,25.183345648886856,19.761937359387304,5,0.6845184817076019,0.5075251393331524,-1.3842897479566922,-1.4272276157698165,0.3337347274609011,0.6069665793395186,-0.4967432881972412,53,59,59,25,29,31,50,58,52,54,70,72,56,71,0.36894994334540226,-0.172051661769092,0.4245713873993176,-0.01949307236150211,-1.169676193125167,1.075786000131078,1.1005979781517305,37.52743540444245,2.3342273500203707,KE_marsa
32.29628263408041,24.91442891325185,27.6830177621474,11.771713260806555,31.123916547018815,27.822176526889084,20.425088075105194,1,0.736745264290688,0.4225986219090218,-1.239455039262038,-1.2627489606440898,0.47139133040866826,0.23864360814856375,-0.6560051140404585,53,59,59,25,29,31,50,60,52,50,69,71,53,75,0.2952343358392597,-0.07713094951043663,0.513696539032457,-0.044215704414065284,-1.154093583666392,1.113034286377658,1.0876372678494775,37.8502000860266,2.2721537638877116,KE_marsa
19.99585534279819,19.812128833926796,15.86247840441082,11.20649189194392,22.51075710997154,20.227317668029055,15.526592241319026,5,0.5883022643229917,0.40585706698301083,-1.3932675594236479,-1.3695979085088248,0.36962555992937324,0.7418474722353607,-0.5869428502828263,53,59,59,25,29,31,50,61,61,54,70,71,57,73,0.5034674459061117,-0.11104618129925803,0.33076563048239305,-0.1484920359086722,-1.2224064492405695,1.07955264667406,1.1351040626449729,37.54630002540896,2.153396483327111,KE_marsa
21.262535087145636,20.437807212711053,14.620672181552706,15.455922125715812,25.818542483690983,24.735461406643697,19.09221686892149,5,0.5532661719354374,0.6737542231708705,-1.3625870498364006,-1.389953846684573,0.28924733256724705,0.5296637489516713,-0.47884646323459795,53,59,59,25,29,31,50,62,56,52,70,71,57,74,0.5235020344610957,-0.2465888477094906,0.4707197466599101,-0.029557247184032756,-1.3352918847539867,0.9550829632094235,0.9885189412098633,37.55366621073874,2.2932641730645202,KE_marsa
32.99909895624148,32.39956458347532,28.222932429576453,19.45929822302449,27.72028914407262,33.401392253405696,25.519523942366703,1,0.6371825659538705,0.48908872442968265,-1.253503993058475,-1.2336839183006616,0.28303440500518234,0.22113944830807858,-0.6927322260008901,53,59,59,25,29,31,50,58,52,44,69,71,54,65,0.1441052275901866,0.11615286226279438,0.5654309956370787,0.019289030022729838,-1.10170669070866,1.1063755668042694,1.123374675833945,37.827742203923606,2.2032529815957442,KE_marsa
19.516358889581685,20.26370605257968,18.621432882130215,13.344026873344305,28.50381513264582,33.87940421561186,25.784660135603538,5,0.48302881787156493,0.5888665059223266,-1.2695204901245416,-1.2616190021236586,0.17182076668345736,0.3191696573012483,-0.6174272826559026,53,59,59,25,29,31,50,60,55,51,69,71,58,68,0.36074377348444603,-0.03676437151355772,0.497807353362473,-0.024221881847738273,-1.2441657708483869,1.0669694234243223,1.0746833108675222,37.66568612666845,2.157079575992001,KE_marsa
22.75880636986882,25.064055341649663,23.009618919386867,10.528683859317299,29.986779425689054,42.1266893232512,35.800617015394664,5,0.47571444522283485,0.4549653781561657,-1.23401926819428,-1.1964575855007875,0.13297418332906444,0.2624462798204412,-0.7102437994189669,53,59,59,25,29,31,50,59,54,48,69,71,55,71,0.35498774763823143,-0.015082551434850133,0.3400444339572716,-0.13840780077443637,-1.1499520804945564,1.1708055703470557,1.209159829378894,37.70170856956164,2.0822499128248446,KE_marsa
23.329527694281563,23.618692532203212,18.670694679266933,12.171072423359115,26.193498876257514,29.089530200677252,20.307417349567398,5,0.47571444522283485,0.4549653781561657,-1.23401926819428,-1.1964575855007875,0.13297418332906444,0.2624462798204412,-0.7102437994189669,53,59,59,25,29,31,50,62,52,47,70,71,56,70,0.35498774763823143,-0.015082551434850133,0.3400444339572716,-0.13840780077443637,-1.1499520804945564,1.1708055703470557,1.209159829378894,37.70323570554464,2.1410895639346736,KE_marsa
19.246299167458712,29.645172085852046,16.99794010629373,12.551951651530704,14.912107871156135,18.51019027195679,13.585972546886198,5,0.8633549308570097,0.36323793513696423,-1.3792592239770782,-1.4452955335331705,0.3306733674959706,0.5118584583533343,-0.4908658118779817,53,59,59,25,29,31,50,58,54,53,70,71,54,72,0.17514411301482868,-0.11217904952160823,0.4076858244021504,0.022782864284705676,-0.9679257850801178,1.1814831354422897,1.1542762289715502,37.40265941147825,2.3849821635731234,KE_marsa
16.383976605903204,21.080820827673676,16.078914200292644,15.028167539612001,24.76336278840862,29.019880591006064,25.82723751785167,5,0.48302881787156493,0.5888665059223266,-1.2695204901245416,-1.2616190021236586,0.17182076668345736,0.3191696573012483,-0.6174272826559026,53,59,59,25,29,31,50,62,55,52,70,71,58,70,0.36074377348444603,-0.03676437151355772,0.497807353362473,-0.024221881847738273,-1.2441657708483869,1.0669694234243223,1.0746833108675222,37.677364225362,2.1594151957307117,KE_marsa
23.862287087969758,20.421383137834997,16.731554579433645,15.087765660344903,23.69007050702081,27.033016994684825,20.11517506443935,5,0.48302881787156493,0.5888665059223266,-1.2695204901245416,-1.2616190021236586,0.17182076668345736,0.3191696573012483,-0.6174272826559026,53,59,59,25,29,31,50,62,56,54,70,71,55,74,0.36074377348444603,-0.03676437151355772,0.497807353362473,-0.024221881847738273,-1.2441657708483869,1.0669694234243223,1.0746833108675222,37.70862559724936,2.2028936554820966,KE_marsa
25.464164804951256,27.709532783629438,17.013512234633666,12.557768546164567,18.4801910712985,20.777702912068694,18.89110284563402,5,0.5883022643229917,0.40585706698301083,-1.3932675594236479,-1.3695979085088248,0.36962555992937324,0.7418474722353607,-0.5869428502828263,53,59,59,25,29,31,50,59,57,54,70,71,56,76,0.5034674459061117,-0.11104618129925803,0.33076563048239305,-0.1484920359086722,-1.2224064492405695,1.07955264667406,1.1351040626449729,37.486112901372955,2.237748288505934,KE_marsa
27.240667984987326,28.574465017088137,20.837641053027376,14.315331849027492,27.338840828068882,33.12711705708613,25.399820579693408,5,0.6845184817076019,0.5075251393331524,-1.3842897479566922,-1.4272276157698165,0.3337347274609011,0.6069665793395186,-0.4967432881972412,53,59,59,25,29,31,50,61,52,54,70,72,54,70,0.36894994334540226,-0.172051661769092,0.4245713873993176,-0.01949307236150211,-1.169676193125167,1.075786000131078,1.1005979781517305,37.51620646339096,2.3244357134234677,KE_marsa
20.149117250002867,29.426909280228315,29.56980395195166,16.887003107369882,31.853981172221534,37.112020775294994,30.6253270061091,5,0.6349626309356782,0.25357918289720127,-1.322023350376927,-1.265412999029925,0.21571062597533164,0.38682162179980384,-0.7432067227824761,53,59,59,25,29,31,50,61,56,51,69,71,55,75,-0.12909769146474212,0.18120716845527873,0.47673517821169326,0.11827946431428694,-0.7199319730902944,1.2129730457533303,1.298463908767033,37.57711223965426,1.9628638115653605,KE_marsa
24.850500324963765,29.85318263201878,25.946009758994297,16.23830209324498,24.702865901386215,25.013597800887226,18.7151810910207,5,0.6697727196772705,0.3537199728779275,-1.2260377244334115,-1.1758960368335771,0.2430524243675249,0.15780376381003702,-0.7950333621063828,53,59,59,25,29,31,50,51,44,47,69,71,56,67,0.33514522129763374,-0.005177319968916776,0.33653032518501613,-0.16021393981457643,-1.1713328858491858,1.197071071671015,1.2244004047139114,37.817950567326704,2.0777583364042473,KE_marsa
20.658705267857815,26.29612068273341,18.250711867044274,16.37604934575748,15.459453396324417,23.921074323409794,17.962021256265633,5,0.8349908583724864,0.26935625716010037,-1.3991091941465488,-1.4338422055411533,0.38049377289487013,0.7085163685508227,-0.5397328372269872,53,59,59,25,29,31,50,60,54,53,70,71,56,70,0.13219189802526693,-0.0847563637533805,0.3413386976698663,-0.008613458109488053,-0.8734056293334118,1.236354009825797,1.2520830697832104,37.41918841270605,2.3477919108105754,KE_marsa
18.617448150283355,18.45113538826845,12.667402643519347,14.964270893515156,17.461100339044958,19.372850428770324,11.897513865949156,5,0.8349908583724864,0.26935625716010037,-1.3991091941465488,-1.4338422055411533,0.38049377289487013,0.7085163685508227,-0.5397328372269872,53,59,59,25,29,31,50,59,56,54,69,72,56,73,0.13219189802526693,-0.0847563637533805,0.3413386976698663,-0.008613458109488053,-0.8734056293334118,1.236354009825797,1.2520830697832104,37.42511729358124,2.3268611646905906,KE_marsa
25.384715042415273,27.52816631929836,18.835721992969717,15.988228060643463,28.078476192736176,28.84123085685763,24.121473540021857,5,0.5342808864029268,0.7273444369247666,-1.3224132733786904,-1.3478338884784125,0.25567344252841123,0.39758357195029115,-0.5086107467434442,53,59,59,25,29,31,50,61,58,51,70,72,53,78,0.2946253737774745,-0.1260224605423913,0.6145866484342932,0.11293750323462683,-1.2528954244119903,1.0038655340665739,0.9920421291742726,37.71338666825519,2.3244357134234677,KE_marsa
16.2686462145316,20.956826444059793,15.61951927335619,16.215572961095067,15.247493832640616,18.450904529426037,12.50835322101344,5,0.8349908583724864,0.26935625716010037,-1.3991091941465488,-1.4338422055411533,0.38049377289487013,0.7085163685508227,-0.5397328372269872,53,59,59,25,29,31,50,58,55,51,70,71,55,79,0.13219189802526693,-0.0847563637533805,0.3413386976698663,-0.008613458109488053,-0.8734056293334118,1.236354009825797,1.2520830697832104,37.43374112030879,2.3382697687989085,KE_marsa
27.624028104021466,27.18156187107396,22.04928313077192,11.309375749411373,24.667294001059645,27.415171658842855,24.650749570241622,1,0.6371825659538705,0.48908872442968265,-1.253503993058475,-1.2336839183006616,0.28303440500518234,0.22113944830807858,-0.6927322260008901,53,59,59,25,29,31,50,60,53,47,69,71,55,63,0.1441052275901866,0.11615286226279438,0.5654309956370787,0.019289030022729838,-1.10170669070866,1.1063755668042694,1.123374675833945,37.81408781160499,2.1959766277943764,KE_marsa
27.937618128418062,30.31691919954881,29.726419308544898,12.973915809520266,31.76910251266157,37.834844505469455,27.550752968831535,5,0.7162599948351275,0.3822822484921685,-1.3738696802755126,-1.3213841258507368,0.333185038885595,0.3277727216993398,-0.7509345185523304,53,59,59,25,29,31,50,58,52,46,69,71,54,66,0.34962387765891156,0.0004678552316811912,0.3999591770922947,-0.07051498561197497,-1.2252257188665687,1.1144628753832369,1.2278787321446183,37.67826254064612,1.9334889017746522,KE_marsa
22.187423109831087,24.936769002955423,16.66890615053768,17.37928872901219,22.832985076848342,24.638491862917935,17.777350841532453,5,0.5893312700186629,0.8017765235197415,-1.3768802554729471,-1.4274970264047302,0.33358582122942754,0.49311227071881963,-0.41744714103250674,53,59,59,25,29,31,50,60,55,49,70,72,54,70,0.4377548315643209,-0.3820181116931545,0.45739113198742,0.04338119699194123,-1.2542479483357911,1.0095466719533386,0.9972575304479322,37.60154641538231,2.3792329457547585,KE_marsa
19.81188831282899,24.5879984624699,27.192595157890256,9.619434132400967,31.451096014180496,28.86709823311953,25.336515472213765,5,0.6349626309356782,0.25357918289720127,-1.322023350376927,-1.265412999029925,0.21571062597533164,0.38682162179980384,-0.7432067227824761,53,59,59,25,29,31,50,61,57,53,69,71,56,69,-0.12909769146474212,0.18120716845527873,0.47673517821169326,0.11827946431428694,-0.7199319730902944,1.2129730457533303,1.298463908767033,37.58672421319434,1.9865793350661158,KE_marsa
27.052261622233818,27.531564294063173,23.772034973122494,10.425130490991753,25.089192012571107,38.55439626889599,28.93957585404295,5,0.6697727196772705,0.3537199728779275,-1.2260377244334115,-1.1758960368335771,0.2430524243675249,0.15780376381003702,-0.7950333621063828,53,59,59,25,29,31,50,62,53,47,69,71,53,62,0.33514522129763374,-0.005177319968916776,0.33653032518501613,-0.16021393981457643,-1.1713328858491858,1.197071071671015,1.2244004047139114,37.77833486329703,2.129052139127472,KE_marsa
18.17484064621582,22.53618106393817,21.06408487866822,9.883958234547114,24.749774671092545,29.04805415534218,25.28764236242557,5,0.6349626309356782,0.25357918289720127,-1.322023350376927,-1.265412999029925,0.21571062597533164,0.38682162179980384,-0.7432067227824761,53,59,59,25,29,31,50,62,61,52,69,71,56,71,-0.12909769146474212,0.18120716845527873,0.47673517821169326,0.11827946431428694,-0.7199319730902944,1.2129730457533303,1.298463908767033,37.584119098870396,1.995921814020959,KE_marsa
28.64535783096249,32.31105353605487,29.59057411065602,21.59347599979858,29.25094808414127,32.524646161009805,25.223598140014744,1,0.8052302311375974,0.34308223526812054,-1.2241015847627021,-1.197322751065316,0.4048343567765568,0.128585264466091,-0.7751089869610863,53,59,59,25,29,31,50,54,51,53,69,71,64,79,0.10667003453864889,0.14305055569150635,0.47891516852204324,-0.07708946705250201,-1.0309639670613346,1.2024605937548178,1.1876280584483014,37.8502000860266,2.2312804184602735,KE_marsa
27.36364148999222,24.678563636125467,23.80076678275452,13.646270463300391,28.993433266627964,35.890050689102544,27.415506455299116,5,0.6371825659538705,0.48908872442968265,-1.253503993058475,-1.2336839183006616,0.28303440500518234,0.22113944830807858,-0.6927322260008901,53,59,59,25,29,31,50,61,53,48,69,71,56,64,0.1441052275901866,0.11615286226279438,0.5654309956370787,0.019289030022729838,-1.10170669070866,1.1063755668042694,1.123374675833945,37.791989255615654,2.1862748227258852,KE_marsa
19.19673477725937,19.13320955958137,13.478247120379043,14.029884416942263,20.83749660150023,19.003794379753057,12.190287889154321,5,0.7280617785643784,0.07227458016886995,-1.371831522859177,-1.3121996088871382,0.29987371309389366,0.5953434495759284,-0.7674613265011467,53,59,59,25,29,31,50,61,53,52,70,71,58,77,-0.22229440815240487,0.31346966869010745,0.5772900007489548,0.1964699604182578,-0.6528336904709527,1.1372799788902161,1.2470631354825132,37.48772986888437,1.9534315010821055,KE_marsa
17.121222056354014,25.073588852005813,13.39115100032233,14.085364193023297,26.38800168701731,23.270083364912352,21.92812897803713,5,0.48302881787156493,0.5888665059223266,-1.2695204901245416,-1.2616190021236586,0.17182076668345736,0.3191696573012483,-0.6174272826559026,53,59,59,25,29,31,50,60,59,53,69,72,54,77,0.36074377348444603,-0.03676437151355772,0.497807353362473,-0.024221881847738273,-1.2441657708483869,1.0669694234243223,1.0746833108675222,37.65266055504871,2.244844979250478,KE_marsa
29.325375799394884,27.851342603423173,17.871385685783608,16.50160374579011,25.664539886285546,25.017739541324886,15.408196765840243,5,0.6228939646088839,0.6166206935679469,-1.2872120047326825,-1.30632247931752,0.3568307904058222,0.30935763670160216,-0.5732575146718258,53,59,59,25,29,31,50,58,57,49,70,71,53,74,0.031237304646195008,0.04101901549461771,0.660976707504434,0.15665369078285266,-1.0434897168621644,1.105494271817141,1.0704437599930172,37.841576259299046,2.312937277786738,KE_marsa
19.77537399570679,24.22574978065925,13.679823178111526,13.557213151600772,18.081329005234032,19.774162807951754,13.86240577048087,5,0.7560610196981756,0.13354557888134322,-1.4297171226087853,-1.3723929369609071,0.4835067423336221,0.9762487176838844,-0.638789883425777,53,59,59,25,29,31,50,59,61,52,70,71,57,76,0.21097535806192427,0.03255238434256544,0.3235283044403796,-0.08537461268982853,-0.9261479379798349,1.219410996173364,1.263029754947292,37.435537750877025,2.2457432945345976,KE_marsa
30.110533304816027,34.25709726565886,31.102806593332826,14.313706057395336,29.42224451186805,35.33770088859759,24.29543914809817,5,0.6697727196772705,0.3537199728779275,-1.2260377244334115,-1.1758960368335771,0.2430524243675249,0.15780376381003702,-0.7950333621063828,53,59,59,25,29,31,50,50,46,42,69,71,54,59,0.33514522129763374,-0.005177319968916776,0.33653032518501613,-0.16021393981457643,-1.1713328858491858,1.197071071671015,1.2244004047139114,37.83385074785562,2.0977009357117007,KE_marsa
22.699050966649263,24.858284231632616,13.436665813752354,14.379427612558672,23.185108034164244,33.76470111226485,15.54995180859644,5,0.7227825021838574,0.19673257237143388,-1.3998931152220446,-1.398584461960407,0.33457274850069074,0.6114587663258841,-0.7768081980262938,53,59,59,25,29,31,50,62,56,55,70,71,60,77,-0.0099132244292497,0.16982826823896327,0.5299913658565841,0.14952257994414894,-0.8323199183349577,1.1191232209144406,1.2975685159735895,37.47398564503734,1.9125581556546671,KE_marsa
22.10752612714353,19.784759888718515,14.206574386373632,14.045915302678747,24.927861965338735,26.38391539674285,21.8183074217298,5,0.6845184817076019,0.5075251393331524,-1.3842897479566922,-1.4272276157698165,0.3337347274609011,0.6069665793395186,-0.4967432881972412,53,59,59,25,29,31,50,60,56,54,70,71,58,76,0.36894994334540226,-0.172051661769092,0.4245713873993176,-0.01949307236150211,-1.169676193125167,1.075786000131078,1.1005979781517305,37.52860321431181,2.2991032224112975,KE_marsa
22.80227641970836,26.553495262405747,17.66546960171729,19.302585195805857,19.73603614747296,25.001362126852676,19.680694838804317,5,0.6845184817076019,0.5075251393331524,-1.3842897479566922,-1.4272276157698165,0.3337347274609011,0.6069665793395186,-0.4967432881972412,53,59,59,25,29,31,50,59,56,53,70,71,57,81,0.36894994334540226,-0.172051661769092,0.4245713873993176,-0.01949307236150211,-1.169676193125167,1.075786000131078,1.1005979781517305,37.451258268349115,2.292096363195165,KE_marsa
22.048177112874775,29.264533305374346,16.487611910738767,12.280541322946492,17.527125096012135,16.098479431366755,15.62765584586362,5,0.5883022643229917,0.40585706698301083,-1.3932675594236479,-1.3695979085088248,0.36962555992937324,0.7418474722353607,-0.5869428502828263,53,59,59,25,29,31,50,60,60,55,70,71,56,80,0.5034674459061117,-0.11104618129925803,0.33076563048239305,-0.1484920359086722,-1.2224064492405695,1.07955264667406,1.1351040626449729,37.45323456197418,2.2067564112038105,KE_marsa
17.547038841729268,22.087766297790772,17.90973067958935,11.836026764443709,24.474831451984944,23.98200746271168,19.330236468145586,5,0.5023476396552822,0.5395769425090994,-1.3240291778453357,-1.310486796920535,0.2350368064427182,0.4905881754692866,-0.5979190105537024,53,59,59,25,29,31,50,60,58,54,69,72,53,77,0.5040928575301021,-0.06793108448889754,0.44421215991077573,-0.09148910244354551,-1.3290066057441234,1.0043916843371823,1.046702579264177,37.60801428542797,2.244755147722066,KE_marsa
27.311747552448175,34.04009509202555,29.76375741846109,19.28561915389175,29.8431950968265,38.236737182425735,22.405452520954583,5,0.6697727196772705,0.3537199728779275,-1.2260377244334115,-1.1758960368335771,0.2430524243675249,0.15780376381003702,-0.7950333621063828,53,59,59,25,29,31,50,48,48,46,69,71,52,55,0.33514522129763374,-0.005177319968916776,0.33653032518501613,-0.16021393981457643,-1.1713328858491858,1.197071071671015,1.2244004047139114,37.84831362392995,2.140101417122142,KE_marsa
20.032614369228945,21.607694936996904,21.41216627675198,14.712963389332149,24.716372404193148,25.699749225542117,21.587739492797112,1,0.48302881787156493,0.5888665059223266,-1.2695204901245416,-1.2616190021236586,0.17182076668345736,0.3191696573012483,-0.6174272826559026,53,59,59,25,29,31,50,61,53,51,70,71,54,72,0.36074377348444603,-0.03676437151355772,0.497807353362473,-0.024221881847738273,-1.2441657708483869,1.0669694234243223,1.0746833108675222,37.73629370800024,2.1634576145092494,KE_marsa
31.371110774067343,23.683850678328195,14.898879645241351,14.550189192575427,26.556031217359003,39.313583173788594,22.26460566438507,5,0.7227825021838574,0.19673257237143388,-1.3998931152220446,-1.398584461960407,0.33457274850069074,0.6114587663258841,-0.7768081980262938,53,59,59,25,29,31,50,59,54,54,70,71,58,77,-0.0099132244292497,0.16982826823896327,0.5299913658565841,0.14952257994414894,-0.8323199183349577,1.1191232209144406,1.2975685159735895,37.45691765463907,1.9164209113763813,KE_marsa
21.23360351370596,24.433309492244753,16.117017178394313,10.986733480859861,25.34795466083343,23.31829583467975,19.98120133685078,5,0.5532661719354374,0.6737542231708705,-1.3625870498364006,-1.389953846684573,0.28924733256724705,0.5296637489516713,-0.47884646323459795,53,59,59,25,29,31,50,56,59,52,70,71,54,73,0.5235020344610957,-0.2465888477094906,0.4707197466599101,-0.029557247184032756,-1.3352918847539867,0.9550829632094235,0.9885189412098633,37.5699257173813,2.2572417301713275,KE_marsa
33.35048557083951,30.501391414265953,24.042298238914757,16.25086333827042,33.48103566455926,33.2229904931911,22.770262024198036,5,0.6228939646088839,0.6166206935679469,-1.2872120047326825,-1.30632247931752,0.3568307904058222,0.30935763670160216,-0.5732575146718258,53,59,59,25,29,31,50,61,55,51,70,71,54,75,0.031237304646195008,0.04101901549461771,0.660976707504434,0.15665369078285266,-1.0434897168621644,1.105494271817141,1.0704437599930172,37.841037270128574,2.281316579785731,KE_marsa
32.502507587587964,34.62673330384357,30.269803144762758,17.806362374401015,33.37946692094792,37.43330679812868,24.883870958518063,5,0.6697727196772705,0.3537199728779275,-1.2260377244334115,-1.1758960368335771,0.2430524243675249,0.15780376381003702,-0.7950333621063828,53,59,59,25,29,31,50,58,49,47,69,71,56,59,0.33514522129763374,-0.005177319968916776,0.33653032518501613,-0.16021393981457643,-1.1713328858491858,1.197071071671015,1.2244004047139114,37.82360995361666,2.109558697462078,KE_marsa
22.202171181215235,23.53167138889831,15.592265023470292,14.503429629923993,26.899130398138603,25.63806735100452,18.302345013198796,5,0.5893312700186629,0.8017765235197415,-1.3768802554729471,-1.4274970264047302,0.33358582122942754,0.49311227071881963,-0.41744714103250674,53,59,59,25,29,31,50,60,53,48,70,72,54,72,0.4377548315643209,-0.3820181116931545,0.45739113198742,0.04338119699194123,-1.2542479483357911,1.0095466719533386,0.9972575304479322,37.59328191476841,2.382377049249177,KE_marsa
20.994457755660033,26.850544348511743,20.30891848335714,10.448691531341403,28.73209077969877,35.750996106938175,27.158518185496305,5,0.6349626309356782,0.25357918289720127,-1.322023350376927,-1.265412999029925,0.21571062597533164,0.38682162179980384,-0.7432067227824761,53,59,59,25,29,31,50,59,59,53,69,71,55,71,-0.12909769146474212,0.18120716845527873,0.47673517821169326,0.11827946431428694,-0.7199319730902944,1.2129730457533303,1.298463908767033,37.60478035040514,2.025386555340079,KE_marsa
23.45091958133853,25.61320185828373,18.256066736530652,17.943713235174737,26.04353670235217,29.499306510617043,21.953979046922985,5,0.5342808864029268,0.7273444369247666,-1.3224132733786904,-1.3478338884784125,0.25567344252841123,0.39758357195029115,-0.5086107467434442,53,59,59,25,29,31,50,61,58,52,70,72,52,79,0.2946253737774745,-0.1260224605423913,0.6145866484342932,0.11293750323462683,-1.2528954244119903,1.0038655340665739,0.9920421291742726,37.69003047086809,2.3117694679173826,KE_marsa
25.5988350784982,34.66794671028396,30.373739140471095,14.120168878359193,27.398063765919403,38.37375922996552,29.201450276211695,5,0.9741522005740268,0.18824345649757335,-1.2574550001250757,-1.1919734820848553,0.41385466036953517,0.1443159270552167,-0.8812202819491528,53,59,59,25,29,31,50,50,41,41,68,71,57,65,0.5343144069232696,0.012221672742669328,0.27076509675953286,-0.30692811648401586,-1.4363267658295475,1.1009073998403411,1.1359712311453347,37.8652917827998,2.0473952798010076,KE_marsa
22.713382751352118,24.877523744581048,20.227982992887295,11.95818500847138,30.431543088800968,34.24835307691812,25.270379777156197,5,0.8784681258110237,0.2906551965235563,-1.3521554396235662,-1.29629892262722,0.41180506685351026,0.30103224920241356,-0.8000468156235728,53,59,59,25,29,31,50,60,50,45,69,71,58,68,0.5936001363001027,-0.06932361638323364,0.2921997209278591,-0.24096429056362623,-1.4504151913612224,1.0428905735948668,1.1406486534677742,37.77186699325137,1.9350160377576553,KE_marsa
19.84068997973485,29.830315771316652,15.373561220118818,12.72455862021914,14.314432161436736,19.03203886714915,14.140980344355397,5,0.8633549308570097,0.36323793513696423,-1.3792592239770782,-1.4452955335331705,0.3306733674959706,0.5118584583533343,-0.4908658118779817,53,59,59,25,29,31,50,59,56,53,70,71,53,73,0.17514411301482868,-0.11217904952160823,0.4076858244021504,0.022782864284705676,-0.9679257850801178,1.1814831354422897,1.1542762289715502,37.40328823217713,2.3815685654934695,KE_marsa
26.728726411738986,24.24207046880358,13.076626180329118,14.787025285643695,28.34525662589957,29.318677338187328,19.81187040157134,5,0.6228939646088839,0.6166206935679469,-1.2872120047326825,-1.30632247931752,0.3568307904058222,0.30935763670160216,-0.5732575146718258,53,59,59,25,29,31,50,63,55,47,70,72,54,75,0.031237304646195008,0.04101901549461771,0.660976707504434,0.15665369078285266,-1.0434897168621644,1.105494271817141,1.0704437599930172,37.76953137351266,2.334766339190842,KE_marsa
28.664171500380686,30.948777549843587,19.425385683282787,17.113183913451895,23.689701947489457,28.75666529110201,20.57392669097369,5,0.6845184817076019,0.5075251393331524,-1.3842897479566922,-1.4272276157698165,0.3337347274609011,0.6069665793395186,-0.4967432881972412,53,59,59,25,29,31,50,60,54,51,70,71,57,74,0.36894994334540226,-0.172051661769092,0.4245713873993176,-0.01949307236150211,-1.169676193125167,1.075786000131078,1.1005979781517305,37.46356518774155,2.2879641128882153,KE_marsa
19.673313848027327,22.564894703020776,14.864333021732858,16.61864267619762,15.21702186816508,20.35021577212257,13.156910901664537,5,0.8349908583724864,0.26935625716010037,-1.3991091941465488,-1.4338422055411533,0.38049377289487013,0.7085163685508227,-0.5397328372269872,53,59,59,25,29,31,50,61,54,51,70,71,58,74,0.13219189802526693,-0.0847563637533805,0.3413386976698663,-0.008613458109488053,-0.8734056293334118,1.236354009825797,1.2520830697832104,37.4120917219615,2.344827470372981,KE_marsa
31.547828803789216,30.919329576725683,19.894222072122947,17.44476370941548,31.547748412690083,35.70435594136505,26.450685027753682,5,0.6228939646088839,0.6166206935679469,-1.2872120047326825,-1.30632247931752,0.3568307904058222,0.30935763670160216,-0.5732575146718258,53,59,59,25,29,31,50,63,56,46,70,72,54,75,0.031237304646195008,0.04101901549461771,0.660976707504434,0.15665369078285266,-1.0434897168621644,1.105494271817141,1.0704437599930172,37.77447210757532,2.3339578554351346,KE_marsa
18.614956256255347,21.590606749301767,17.776091765897064,17.01211245075785,26.218197635751626,21.85540138035924,15.807593165903757,5,0.6005464002835755,0.21766109881480927,-1.3754357338056684,-1.3008224235655041,0.3446359432483733,0.7300210300315947,-0.7219502845298655,53,59,59,25,29,31,50,60,60,54,70,71,58,74,0.13187070196879216,0.06343144561204801,0.3523617935692746,-0.03355646975659141,-0.8729401826200195,1.222051700015507,1.3057489297563765,37.529501529595926,2.149893053719045,KE_marsa
30.558691749185662,26.35543213268546,24.352487092428845,15.369110055119085,25.882028325342592,30.449827013743587,24.90011883447651,1,0.6371825659538705,0.48908872442968265,-1.253503993058475,-1.2336839183006616,0.28303440500518234,0.22113944830807858,-0.6927322260008901,53,59,59,25,29,31,50,61,54,51,69,71,56,65,0.1441052275901866,0.11615286226279438,0.5654309956370787,0.019289030022729838,-1.10170669070866,1.1063755668042694,1.123374675833945,37.80833859378663,2.202175003254801,KE_marsa
29.79628360857706,34.95067140473617,22.56636029540986,14.541458185154843,20.72657272237023,22.616292487087737,15.780728950813558,5,0.6845184817076019,0.5075251393331524,-1.3842897479566922,-1.4272276157698165,0.3337347274609011,0.6069665793395186,-0.4967432881972412,53,59,59,25,29,31,50,57,61,54,70,71,57,76,0.36894994334540226,-0.172051661769092,0.4245713873993176,-0.01949307236150211,-1.169676193125167,1.075786000131078,1.1005979781517305,37.46949406861674,2.2526603222223183,KE_marsa
30.26504826856381,29.44214165775131,20.89911130022686,13.23206913613472,29.30507867089684,28.819617570881228,20.0906791523185,5,0.6228939646088839,0.6166206935679469,-1.2872120047326825,-1.30632247931752,0.3568307904058222,0.30935763670160216,-0.5732575146718258,53,59,59,25,29,31,50,60,57,49,70,72,57,74,0.031237304646195008,0.04101901549461771,0.660976707504434,0.15665369078285266,-1.0434897168621644,1.105494271817141,1.0704437599930172,37.833940579384034,2.3248848710655277,KE_marsa
18.0421494717162,22.00098333072325,17.243460872873804,13.045935888411805,23.446727520101536,23.50774559293668,14.386795924263463,5,0.5883022643229917,0.40585706698301083,-1.3932675594236479,-1.3695979085088248,0.36962555992937324,0.7418474722353607,-0.5869428502828263,53,59,59,25,29,31,50,61,61,53,70,71,58,68,0.5034674459061117,-0.11104618129925803,0.33076563048239305,-0.1484920359086722,-1.2224064492405695,1.07955264667406,1.1351040626449729,37.52483029011851,2.1558219345942335,KE_marsa
19.020096892342035,24.048581312785274,16.037119659854667,7.215160986243737,20.794762759713894,18.85600681271264,13.33387661678642,5,0.6005464002835755,0.21766109881480927,-1.3754357338056684,-1.3008224235655041,0.3446359432483733,0.7300210300315947,-0.7219502845298655,53,59,59,25,29,31,50,58,55,52,70,72,57,74,0.13187070196879216,0.06343144561204801,0.3523617935692746,-0.03355646975659141,-0.8729401826200195,1.222051700015507,1.3057489297563765,37.529501529595926,2.0589835469661493,KE_marsa
19.523628200599898,28.919874721597616,15.437781553429295,12.731548379921286,14.621707163420535,18.812332959942754,11.606026746028274,5,0.8633549308570097,0.36323793513696423,-1.3792592239770782,-1.4452955335331705,0.3306733674959706,0.5118584583533343,-0.4908658118779817,53,59,59,25,29,31,50,58,55,53,70,71,54,71,0.17514411301482868,-0.11217904952160823,0.4076858244021504,0.022782864284705676,-0.9679257850801178,1.1814831354422897,1.1542762289715502,37.40607300955791,2.382466880777589,KE_marsa
19.25365663248738,22.201997904070375,17.62851925946843,11.421998239355293,23.940254998225434,21.5503925548539,15.766552822738042,5,0.6005464002835755,0.21766109881480927,-1.3754357338056684,-1.3008224235655041,0.3446359432483733,0.7300210300315947,-0.7219502845298655,53,59,59,25,29,31,50,59,56,53,70,72,56,75,0.13187070196879216,0.06343144561204801,0.3523617935692746,-0.03355646975659141,-0.8729401826200195,1.222051700015507,1.3057489297563765,37.52545911081739,2.066619226881165,KE_marsa
29.80514784063561,28.774778203053334,17.519494419408392,17.29130625320458,31.83422648191406,36.538479315984695,28.342934001833033,5,0.5342808864029268,0.7273444369247666,-1.3224132733786904,-1.3478338884784125,0.25567344252841123,0.39758357195029115,-0.5086107467434442,53,59,59,25,29,31,50,63,56,50,70,71,54,77,0.2946253737774745,-0.1260224605423913,0.6145866484342932,0.11293750323462683,-1.2528954244119903,1.0038655340665739,0.9920421291742726,37.738359833153716,2.3365629697590813,KE_marsa
20.372735518032524,20.22917814209327,19.216264507218494,14.599844795380832,31.071676188285313,31.721469411978596,26.98818391532988,5,0.47571444522283485,0.4549653781561657,-1.23401926819428,-1.1964575855007875,0.13297418332906444,0.2624462798204412,-0.7102437994189669,53,59,59,25,29,31,50,61,56,49,69,71,59,73,0.35498774763823143,-0.015082551434850133,0.3400444339572716,-0.13840780077443637,-1.1499520804945564,1.1708055703470557,1.209159829378894,37.67026753461746,2.1059654363256004,KE_marsa
27.322121052594813,28.12434669104601,17.37940486619956,15.70408704603282,22.764480808781745,25.373832197223937,18.270214261403773,5,0.8349908583724864,0.26935625716010037,-1.3991091941465488,-1.4338422055411533,0.38049377289487013,0.7085163685508227,-0.5397328372269872,53,59,59,25,29,31,50,58,56,55,70,71,58,72,0.13219189802526693,-0.0847563637533805,0.3413386976698663,-0.008613458109488053,-0.8734056293334118,1.236354009825797,1.2520830697832104,37.43940050659874,2.2613739804782775,KE_marsa
22.042407638442317,21.286444083516457,23.651739971622984,14.684461515219763,26.91868911484801,28.753614584341285,25.290677915703995,5,0.6349626309356782,0.25357918289720127,-1.322023350376927,-1.265412999029925,0.21571062597533164,0.38682162179980384,-0.7432067227824761,53,59,59,25,29,31,50,59,60,52,68,72,56,71,-0.12909769146474212,0.18120716845527873,0.47673517821169326,0.11827946431428694,-0.7199319730902944,1.2129730457533303,1.298463908767033,37.6405332987131,2.016313570970472,KE_marsa
25.66819754041903,28.19286374927433,17.850460764935523,12.6130771086884,23.320045210435545,26.803646192781756,17.796096813830516,5,0.7227825021838574,0.19673257237143388,-1.3998931152220446,-1.398584461960407,0.33457274850069074,0.6114587663258841,-0.7768081980262938,53,59,59,25,29,31,50,57,59,48,70,71,56,77,-0.0099132244292497,0.16982826823896327,0.5299913658565841,0.14952257994414894,-0.8323199183349577,1.1191232209144406,1.2975685159735895,37.53884400855077,1.9095937152170728,KE_marsa
31.062572534530037,32.9936972494341,25.765905904482047,17.138363806532602,36.740078009514434,39.33196953086892,28.24062834429754,5,0.5342808864029268,0.7273444369247666,-1.3224132733786904,-1.3478338884784125,0.25567344252841123,0.39758357195029115,-0.5086107467434442,53,59,59,25,29,31,50,58,57,55,69,72,55,74,0.2946253737774745,-0.1260224605423913,0.6145866484342932,0.11293750323462683,-1.2528954244119903,1.0038655340665739,0.9920421291742726,37.68598805208955,2.267392692881878,KE_marsa
26.12345964445187,29.653666305729246,12.223983655579207,20.01148680729423,23.87580860469387,31.22419666606889,18.371253453736312,5,0.8349908583724864,0.26935625716010037,-1.3991091941465488,-1.4338422055411533,0.38049377289487013,0.7085163685508227,-0.5397328372269872,53,59,59,25,29,31,50,59,58,51,70,71,57,72,0.13219189802526693,-0.0847563637533805,0.3413386976698663,-0.008613458109488053,-0.8734056293334118,1.236354009825797,1.2520830697832104,37.40607300955791,2.2672130298250543,KE_marsa
26.988425183780787,27.03902216647319,19.27215539955964,12.844417739814453,22.457381805108422,31.37093501868681,20.984208381897094,5,0.7303404309489688,0.6077934861352635,-1.3821092428324238,-1.4518869641552705,0.3337707990520069,0.4958340291599453,-0.44632741267408893,53,59,59,25,29,31,50,58,54,52,70,72,57,73,0.3379187720151774,-0.2241284268637097,0.4860855457444098,0.051472958974369695,-1.1862595921299304,1.0408473027141638,1.03276726090456,37.49078414085037,2.3512055088902297,KE_marsa
22.596550414489364,20.957265924818564,14.68787799472184,13.746824458129502,23.287005771060656,22.329907598689964,16.727390884586054,5,0.6254585620661952,0.6695366236938834,-1.310153572165373,-1.3586367379585476,0.404512042434183,0.3861183987673942,-0.49991287661477474,53,59,59,25,29,31,50,55,55,47,70,71,55,72,0.2920916615247672,-0.20954862948761646,0.6010824826894805,0.111380045901557,-1.2534876421256704,0.9911744378323858,0.9779466718084652,37.77159749866614,2.3775261467149313,KE_marsa
19.057927158852127,22.078503340325,21.26670600825072,11.739418798723275,25.544095364860073,26.298223575404766,24.25532837772485,5,0.6349626309356782,0.25357918289720127,-1.322023350376927,-1.265412999029925,0.21571062597533164,0.38682162179980384,-0.7432067227824761,53,59,59,25,29,31,50,62,59,51,69,71,56,70,-0.12909769146474212,0.18120716845527873,0.47673517821169326,0.11827946431428694,-0.7199319730902944,1.2129730457533303,1.298463908767033,37.61529063922934,2.004545640748506,KE_marsa
18.692018088032466,21.817797566260392,14.476010884207211,18.191786288725385,16.911256869856224,16.748788409223955,14.909689650281337,5,0.8349908583724864,0.26935625716010037,-1.3991091941465488,-1.4338422055411533,0.38049377289487013,0.7085163685508227,-0.5397328372269872,53,59,59,25,29,31,50,58,56,50,70,71,56,77,0.13219189802526693,-0.0847563637533805,0.3413386976698663,-0.008613458109488053,-0.8734056293334118,1.236354009825797,1.2520830697832104,37.43832252825779,2.3179678433778075,KE_marsa
21.0540899611773,21.146996967094296,16.076561651693066,11.73416521705529,29.34032520805952,29.672286156961945,22.187986894134422,5,0.5023476396552822,0.5395769425090994,-1.3240291778453357,-1.310486796920535,0.2350368064427182,0.4905881754692866,-0.5979190105537024,53,59,59,25,29,31,50,57,56,54,70,72,54,80,0.5040928575301021,-0.06793108448889754,0.44421215991077573,-0.09148910244354551,-1.3290066057441234,1.0043916843371823,1.046702579264177,37.61852457425217,2.231999070687569,KE_marsa
23.234688471210035,31.694514767650613,19.586371752202503,15.627004717939286,16.986903136614753,19.474355780912415,13.357590686332893,5,0.7560610196981756,0.13354557888134322,-1.4297171226087853,-1.3723929369609071,0.4835067423336221,0.9762487176838844,-0.638789883425777,53,59,59,25,29,31,50,60,56,53,70,71,55,77,0.21097535806192427,0.03255238434256544,0.3235283044403796,-0.08537461268982853,-0.9261479379798349,1.219410996173364,1.263029754947292,37.4315851636269,2.218793836011012,KE_marsa
25.138320505394052,26.570803092082418,22.630527980265963,12.275747483800364,29.255775258094822,28.302148206309752,25.019253951731994,5,0.7162599948351275,0.3822822484921685,-1.3738696802755126,-1.3213841258507368,0.333185038885595,0.3277727216993398,-0.7509345185523304,53,59,59,25,29,31,50,59,49,48,68,71,58,73,0.34962387765891156,0.0004678552316811912,0.3999591770922947,-0.07051498561197497,-1.2252257188665687,1.1144628753832369,1.2278787321446183,37.65894876203755,1.9233379390641014,KE_marsa
26.93012496812199,28.186376269699725,26.735533637908816,10.338435521815045,26.78184840300609,43.342453570472564,32.977253205488815,5,0.7626721556106882,0.31342198670392013,-1.2756072997194436,-1.2149979351629616,0.34031397095792465,0.18347716423379914,-0.8196115192383446,53,59,59,25,29,31,50,50,51,46,69,71,57,66,0.5894349558020856,-0.05314608184084066,0.26464081675390516,-0.2790068437938897,-1.4207818460564392,1.082817266575859,1.133764582716796,37.754799002853105,2.029608637175441,KE_marsa
28.753626753504044,30.84474972107454,30.644372060005107,17.98362959963203,31.590210361717414,38.85280163535448,26.961372054411815,5,0.6697727196772705,0.3537199728779275,-1.2260377244334115,-1.1758960368335771,0.2430524243675249,0.15780376381003702,-0.7950333621063828,53,59,59,25,29,31,50,54,50,49,69,71,55,61,0.33514522129763374,-0.005177319968916776,0.33653032518501613,-0.16021393981457643,-1.1713328858491858,1.197071071671015,1.2244004047139114,37.80537415334903,2.1047976264562447,KE_marsa
20.654538260943767,24.552615441142063,20.56991233948317,13.976156714800185,29.793000194268924,32.00427415058126,29.699815328512276,5,0.47571444522283485,0.4549653781561657,-1.23401926819428,-1.1964575855007875,0.13297418332906444,0.2624462798204412,-0.7102437994189669,53,59,59,25,29,31,50,61,54,48,70,71,59,73,0.35498774763823143,-0.015082551434850133,0.3400444339572716,-0.13840780077443637,-1.1499520804945564,1.1708055703470557,1.209159829378894,37.657960615225015,2.108121393007487,KE_marsa
25.82183535992361,27.163958224176696,27.670390874594485,15.072910639172157,27.45002252192288,46.44011105685991,36.493696309799155,5,0.7626721556106882,0.31342198670392013,-1.2756072997194436,-1.2149979351629616,0.34031397095792465,0.18347716423379914,-0.8196115192383446,53,59,59,25,29,31,50,48,50,47,69,71,56,63,0.5894349558020856,-0.05314608184084066,0.26464081675390516,-0.2790068437938897,-1.4207818460564392,1.082817266575859,1.133764582716796,37.76468047097842,2.040388420584875,KE_marsa
18.043192489251126,21.859312516170796,18.39779111026457,11.066323977576973,19.67339499349884,21.691554606444416,14.365600964255036,5,0.9741522005740268,0.18824345649757335,-1.2574550001250757,-1.1919734820848553,0.41385466036953517,0.1443159270552167,-0.8812202819491528,53,59,59,25,29,31,50,50,42,41,69,72,53,65,0.5343144069232696,0.012221672742669328,0.27076509675953286,-0.30692811648401586,-1.4363267658295475,1.1009073998403411,1.1359712311453347,37.8952955132894,2.008767722583868,KE_marsa
23.377924382635513,27.72439338428301,19.719446008686827,12.164760770547558,25.06428820623015,25.97847756162233,20.226504325369802,5,0.6371825659538705,0.48908872442968265,-1.253503993058475,-1.2336839183006616,0.28303440500518234,0.22113944830807858,-0.6927322260008901,53,59,59,25,29,31,50,61,53,51,69,71,54,70,0.1441052275901866,0.11615286226279438,0.5654309956370787,0.019289030022729838,-1.10170669070866,1.1063755668042694,1.123374675833945,37.75354136145533,2.186364654254297,KE_marsa
34.94274746783281,31.629125397004913,28.44362575193153,17.06496067284667,31.11893099045262,39.846861371477964,26.99581563158762,5,0.6371825659538705,0.48908872442968265,-1.253503993058475,-1.2336839183006616,0.28303440500518234,0.22113944830807858,-0.6927322260008901,53,59,59,25,29,31,50,58,52,44,69,71,54,61,0.1441052275901866,0.11615286226279438,0.5654309956370787,0.019289030022729838,-1.10170669070866,1.1063755668042694,1.123374675833945,37.81031488741169,2.1696559899696743,KE_marsa
26.101400885213952,26.41864575601757,18.54563016157092,14.123494121128083,30.4700922293795,37.635322575230695,28.72635329861583,5,0.48302881787156493,0.5888665059223266,-1.2695204901245416,-1.2616190021236586,0.17182076668345736,0.3191696573012483,-0.6174272826559026,53,59,59,25,29,31,50,60,55,50,70,71,57,68,0.36074377348444603,-0.03676437151355772,0.497807353362473,-0.024221881847738273,-1.2441657708483869,1.0669694234243223,1.0746833108675222,37.70072042274911,2.1621999731114823,KE_marsa
21.604417061840234,26.400959187315376,21.21488745606661,14.980405481088349,31.748946621460533,23.630644802442678,24.815713591727942,5,0.5532661719354374,0.6737542231708705,-1.3625870498364006,-1.389953846684573,0.28924733256724705,0.5296637489516713,-0.47884646323459795,53,59,59,25,29,31,50,59,56,50,70,72,54,73,0.5235020344610957,-0.2465888477094906,0.4707197466599101,-0.029557247184032756,-1.3352918847539867,0.9550829632094235,0.9885189412098633,37.60567866568926,2.3100626688775554,KE_marsa
27.674620032822407,31.666138295319378,31.149392704328285,15.353136194111773,30.442925598501237,38.92167195570515,26.74320074970193,5,0.7162599948351275,0.3822822484921685,-1.3738696802755126,-1.3213841258507368,0.333185038885595,0.3277727216993398,-0.7509345185523304,53,59,59,25,29,31,50,61,53,51,69,71,56,69,0.34962387765891156,0.0004678552316811912,0.3999591770922947,-0.07051498561197497,-1.2252257188665687,1.1144628753832369,1.2278787321446183,37.67592692090741,1.9453466635250298,KE_marsa
24.072837114272847,29.697650889215158,19.486475017901324,14.279902296803433,19.4328825512954,19.596924769562584,16.57318837292856,5,0.6845184817076019,0.5075251393331524,-1.3842897479566922,-1.4272276157698165,0.3337347274609011,0.6069665793395186,-0.4967432881972412,53,59,59,25,29,31,50,56,60,53,70,71,57,72,0.36894994334540226,-0.172051661769092,0.4245713873993176,-0.01949307236150211,-1.169676193125167,1.075786000131078,1.1005979781517305,37.47209918294069,2.253109479864378,KE_marsa
27.663068854404962,26.179894173423087,20.178116441722665,17.38085288860444,34.524250137957864,35.44069653787429,27.595981391541414,5,0.6228939646088839,0.6166206935679469,-1.2872120047326825,-1.30632247931752,0.3568307904058222,0.30935763670160216,-0.5732575146718258,53,59,59,25,29,31,50,61,54,52,70,71,53,69,0.031237304646195008,0.04101901549461771,0.660976707504434,0.15665369078285266,-1.0434897168621644,1.105494271817141,1.0704437599930172,37.78093997762098,2.2558942572451484,KE_marsa
23.633396177061577,28.078905500339342,24.01505265291575,14.132029427984717,29.208817022262803,36.45580721225535,22.23105895834719,5,0.48302881787156493,0.5888665059223266,-1.2695204901245416,-1.2616190021236586,0.17182076668345736,0.3191696573012483,-0.6174272826559026,53,59,59,25,29,31,50,58,54,50,69,71,54,71,0.36074377348444603,-0.03676437151355772,0.497807353362473,-0.024221881847738273,-1.2441657708483869,1.0669694234243223,1.0746833108675222,37.749498942676794,2.1636372775660733,KE_marsa
21.723933946425586,26.172919529281206,16.842796516367258,14.523795753725212,17.59757538459102,20.123844252498714,15.65090044517893,5,0.6845184817076019,0.5075251393331524,-1.3842897479566922,-1.4272276157698165,0.3337347274609011,0.6069665793395186,-0.4967432881972412,53,59,59,25,29,31,50,61,55,51,70,71,57,77,0.36894994334540226,-0.172051661769092,0.4245713873993176,-0.01949307236150211,-1.169676193125167,1.075786000131078,1.1005979781517305,37.4563786654686,2.2876946183029796,KE_marsa
23.922829166766803,25.2323042531813,18.85736321613461,14.299928677619727,23.678616734476304,18.60767025594178,16.131616605933015,5,0.5342808864029268,0.7273444369247666,-1.3224132733786904,-1.3478338884784125,0.25567344252841123,0.39758357195029115,-0.5086107467434442,53,59,59,25,29,31,50,61,58,55,70,72,53,73,0.2946253737774745,-0.1260224605423913,0.6145866484342932,0.11293750323462683,-1.2528954244119903,1.0038655340665739,0.9920421291742726,37.70341536860147,2.2929946784792845,KE_marsa
21.65420305773945,29.185699332573144,27.769113204720448,15.969575492447907,43.249206088144184,58.33466219213986,52.61176344372689,5,0.6349626309356782,0.25357918289720127,-1.322023350376927,-1.265412999029925,0.21571062597533164,0.38682162179980384,-0.7432067227824761,53,59,59,25,29,31,50,62,57,54,70,71,57,72,-0.12909769146474212,0.18120716845527873,0.47673517821169326,0.11827946431428694,-0.7199319730902944,1.2129730457533303,1.298463908767033,37.58636488708069,1.9698706707814926,KE_marsa
19.627236992338954,25.189823483937403,26.72134090237406,7.086607979820054,24.795098475254882,27.411430251980804,26.32389104250573,5,0.6349626309356782,0.25357918289720127,-1.322023350376927,-1.265412999029925,0.21571062597533164,0.38682162179980384,-0.7432067227824761,53,59,59,25,29,31,50,63,61,51,69,71,55,73,-0.12909769146474212,0.18120716845527873,0.47673517821169326,0.11827946431428694,-0.7199319730902944,1.2129730457533303,1.298463908767033,37.597144670490124,1.9979879391744337,KE_marsa
20.95559282000603,23.05104001658498,21.823915084114844,13.338502074724335,22.89215139199558,24.156447953004076,21.653067867089216,5,0.6697727196772705,0.3537199728779275,-1.2260377244334115,-1.1758960368335771,0.2430524243675249,0.15780376381003702,-0.7950333621063828,53,59,59,25,29,31,50,54,49,47,69,71,53,64,0.33514522129763374,-0.005177319968916776,0.33653032518501613,-0.16021393981457643,-1.1713328858491858,1.197071071671015,1.2244004047139114,37.761716030540825,2.0784769886315426,KE_marsa
30.93063009101582,39.87716464464553,32.24969625125412,10.249067164138637,37.79451136620621,57.48756766088783,49.28706292892616,5,0.7624685869938174,0.19988593257745585,-1.3751641952101814,-1.3275425886937566,0.2817473966748804,0.38845138009843005,-0.7568709888914547,53,59,59,25,29,31,50,58,56,51,69,71,58,72,-0.23708346974849043,0.23093236534980094,0.5452979098368164,0.20810577691695947,-0.6369387178656325,1.1714846324989228,1.2957789670548048,37.61448215547363,1.9415737393317278,KE_marsa
21.893264146277545,21.103746588326473,18.264059531352167,8.39258335959865,25.031479905420355,25.74544493311333,16.307687456288615,5,0.5023476396552822,0.5395769425090994,-1.3240291778453357,-1.310486796920535,0.2350368064427182,0.4905881754692866,-0.5979190105537024,53,59,59,25,29,31,50,60,59,52,70,71,58,76,0.5040928575301021,-0.06793108448889754,0.44421215991077573,-0.09148910244354551,-1.3290066057441234,1.0043916843371823,1.046702579264177,37.55321705309668,2.189329094691892,KE_marsa
22.847921887478336,20.877579027790198,21.715935123148444,12.06010106730984,28.82339537773596,29.360109292890478,22.918912662045308,1,0.7162599948351275,0.3822822484921685,-1.3738696802755126,-1.3213841258507368,0.333185038885595,0.3277727216993398,-0.7509345185523304,53,59,59,25,29,31,50,57,52,51,68,71,59,72,0.34962387765891156,0.0004678552316811912,0.3999591770922947,-0.07051498561197497,-1.2252257188665687,1.1144628753832369,1.2278787321446183,37.66056572954896,1.916690405961617,KE_marsa
22.04017525015705,24.82273873402963,15.117932552818994,14.384746050743546,26.829224753816963,27.158245064644944,20.946681387630456,5,0.5532661719354374,0.6737542231708705,-1.3625870498364006,-1.389953846684573,0.28924733256724705,0.5296637489516713,-0.47884646323459795,53,59,59,25,29,31,50,60,58,55,70,72,54,79,0.5235020344610957,-0.2465888477094906,0.4707197466599101,-0.029557247184032756,-1.3352918847539867,0.9550829632094235,0.9885189412098633,37.63217896657079,2.2534688059780255,KE_marsa
20.52278608108307,28.404618855068605,22.088135309423297,11.877804458676342,30.065009193117806,32.9440191483369,27.810013520227372,5,0.6349626309356782,0.25357918289720127,-1.322023350376927,-1.265412999029925,0.21571062597533164,0.38682162179980384,-0.7432067227824761,53,59,59,25,29,31,50,58,57,54,70,71,57,70,-0.12909769146474212,0.18120716845527873,0.47673517821169326,0.11827946431428694,-0.7199319730902944,1.2129730457533303,1.298463908767033,37.60774479084274,2.037064654033633,KE_marsa
17.05691085290849,20.968745075909673,19.606856597174218,11.206783059075903,24.333134804233275,28.767476714563458,25.255441289944287,5,0.6349626309356782,0.25357918289720127,-1.322023350376927,-1.265412999029925,0.21571062597533164,0.38682162179980384,-0.7432067227824761,53,59,59,25,29,31,50,63,59,52,69,72,58,75,-0.12909769146474212,0.18120716845527873,0.47673517821169326,0.11827946431428694,-0.7199319730902944,1.2129730457533303,1.298463908767033,37.58070550079074,2.004994798390566,KE_marsa
23.97002120543801,23.821001188073474,14.497018389018256,11.789412729498286,26.71630606280936,24.282077389070924,19.304825614486084,5,0.5532661719354374,0.6737542231708705,-1.3625870498364006,-1.389953846684573,0.28924733256724705,0.5296637489516713,-0.47884646323459795,53,59,59,25,29,31,50,57,58,52,70,71,53,73,0.5235020344610957,-0.2465888477094906,0.4707197466599101,-0.029557247184032756,-1.3352918847539867,0.9550829632094235,0.9885189412098633,37.57019521196654,2.2551756050178526,KE_marsa
28.919994428331865,28.461108434591562,16.837758373653553,13.932615423679632,28.626643717568307,30.131575070819913,25.337130027587104,5,0.5342808864029268,0.7273444369247666,-1.3224132733786904,-1.3478338884784125,0.25567344252841123,0.39758357195029115,-0.5086107467434442,53,59,59,25,29,31,50,60,57,53,70,72,55,76,0.2946253737774745,-0.1260224605423913,0.6145866484342932,0.11293750323462683,-1.2528954244119903,1.0038655340665739,0.9920421291742726,37.714734141181374,2.3288374583156535,KE_marsa
24.62976421897638,21.970765217964573,15.353120635491264,15.026743492425686,20.03035660713937,21.367105992630016,20.622637710884792,5,0.5883022643229917,0.40585706698301083,-1.3932675594236479,-1.3695979085088248,0.36962555992937324,0.7418474722353607,-0.5869428502828263,53,59,59,25,29,31,50,61,60,51,70,71,55,77,0.5034674459061117,-0.11104618129925803,0.33076563048239305,-0.1484920359086722,-1.2224064492405695,1.07955264667406,1.1351040626449729,37.53623889422682,2.2070259057890462,KE_marsa
24.717431221541894,25.5278746744762,18.717716868626912,18.35016895814214,20.390299197369927,24.108548269501423,15.438192052453683,5,0.8349908583724864,0.26935625716010037,-1.3991091941465488,-1.4338422055411533,0.38049377289487013,0.7085163685508227,-0.5397328372269872,53,59,59,25,29,31,50,58,56,50,70,71,56,77,0.13219189802526693,-0.0847563637533805,0.3413386976698663,-0.008613458109488053,-0.8734056293334118,1.236354009825797,1.2520830697832104,37.437693707558914,2.318237337963043,KE_marsa
23.855907996445097,26.419322603096578,24.585164221275274,11.808069304600902,24.307732193225068,30.794224669812884,20.738827772305186,5,0.7626721556106882,0.31342198670392013,-1.2756072997194436,-1.2149979351629616,0.34031397095792465,0.18347716423379914,-0.8196115192383446,53,59,59,25,29,31,50,53,45,40,69,71,57,66,0.5894349558020856,-0.05314608184084066,0.26464081675390516,-0.2790068437938897,-1.4207818460564392,1.082817266575859,1.133764582716796,37.7863298693257,2.0019405264245598,KE_marsa
30.84759636478021,36.527834477027945,32.78445661802879,16.664055113385615,32.39793589404469,45.252349655013575,31.34980127635818,5,0.6697727196772705,0.3537199728779275,-1.2260377244334115,-1.1758960368335771,0.2430524243675249,0.15780376381003702,-0.7950333621063828,53,59,59,25,29,31,50,54,46,46,69,71,52,64,0.33514522129763374,-0.005177319968916776,0.33653032518501613,-0.16021393981457643,-1.1713328858491858,1.197071071671015,1.2244004047139114,37.81031488741169,2.085034690205615,KE_marsa
20.587394530396928,27.669218051922837,13.151860641116913,10.778358474333476,15.104158261650477,21.044097153946176,14.377844715193422,5,0.8633549308570097,0.36323793513696423,-1.3792592239770782,-1.4452955335331705,0.3306733674959706,0.5118584583533343,-0.4908658118779817,53,59,59,25,29,31,50,56,55,53,70,71,54,64,0.17514411301482868,-0.11217904952160823,0.4076858244021504,0.022782864284705676,-0.9679257850801178,1.1814831354422897,1.1542762289715502,37.444610735246634,2.3853414896867715,KE_marsa
23.804386514038082,23.21123959060899,21.12737825371873,13.856247338119708,26.768489566894274,28.40685846639304,19.865766687905978,1,0.48302881787156493,0.5888665059223266,-1.2695204901245416,-1.2616190021236586,0.17182076668345736,0.3191696573012483,-0.6174272826559026,53,59,59,25,29,31,50,60,54,52,70,71,54,71,0.36074377348444603,-0.03676437151355772,0.497807353362473,-0.024221881847738273,-1.2441657708483869,1.0669694234243223,1.0746833108675222,37.73350893061947,2.1750458816743916,KE_marsa
22.05362352509264,25.89874607408439,14.959096103593415,12.098693976665178,16.427926702683543,22.12373584809731,16.164098884314907,5,0.7303404309489688,0.6077934861352635,-1.3821092428324238,-1.4518869641552705,0.3337707990520069,0.4958340291599453,-0.44632741267408893,53,59,59,25,29,31,50,56,52,54,70,71,56,71,0.3379187720151774,-0.2241284268637097,0.4860855457444098,0.051472958974369695,-1.1862595921299304,1.0408473027141638,1.03276726090456,37.45574984476971,2.365398890379318,KE_marsa
23.16941198798224,27.64928099859607,12.376196007282832,16.17562977704751,20.88215663847223,22.52558836730308,13.214497436492646,5,0.8349908583724864,0.26935625716010037,-1.3991091941465488,-1.4338422055411533,0.38049377289487013,0.7085163685508227,-0.5397328372269872,53,59,59,25,29,31,50,59,57,51,70,71,58,73,0.13219189802526693,-0.0847563637533805,0.3413386976698663,-0.008613458109488053,-0.8734056293334118,1.236354009825797,1.2520830697832104,37.41002559680803,2.2558942572451484,KE_marsa
22.173081075718027,22.787567670134408,22.51727487787135,13.4195449846363,32.24278547021032,35.82522344701162,31.142462718150945,5,0.47571444522283485,0.4549653781561657,-1.23401926819428,-1.1964575855007875,0.13297418332906444,0.2624462798204412,-0.7102437994189669,53,59,59,25,29,31,50,56,55,50,70,71,57,72,0.35498774763823143,-0.015082551434850133,0.3400444339572716,-0.13840780077443637,-1.1499520804945564,1.1708055703470557,1.209159829378894,37.66981837697539,2.093209359291103,KE_marsa
24.197341683073272,28.435444186371953,27.840918365349584,12.055184569320481,22.650656913711458,25.647928412206824,20.11128682243155,5,0.8880165010877011,0.23068054864323853,-1.20866743552325,-1.1437417407638932,0.37005131349755055,0.04986710075367472,-0.8832477726494887,53,59,59,25,29,31,50,51,46,41,69,71,53,59,0.37253264912098705,0.1532516905399333,0.4134150921443803,-0.21718344757830416,-1.3448330796280572,1.1073991867607107,1.1297775193574384,37.85271536882213,2.089975424268273,KE_marsa
24.014385125408232,24.510792251137087,18.219079841310236,14.864260337327277,20.106379938477822,33.08349316380889,28.000979947156516,5,0.6845184817076019,0.5075251393331524,-1.3842897479566922,-1.4272276157698165,0.3337347274609011,0.6069665793395186,-0.4967432881972412,53,59,59,25,29,31,50,56,54,51,70,72,54,73,0.36894994334540226,-0.172051661769092,0.4245713873993176,-0.01949307236150211,-1.169676193125167,1.075786000131078,1.1005979781517305,37.49788083159492,2.329735773599773,KE_marsa
21.375436103663734,25.28441814171201,18.469044825475805,14.346317991800225,24.860254864024583,18.16559991870506,16.781935501002668,5,0.5540901411450757,0.8461026095240971,-1.3565904189731375,-1.4011463059647922,0.31492164119815735,0.4552554592462674,-0.4248592481866136,53,59,59,25,29,31,50,56,52,47,70,72,51,72,0.34695980916259744,-0.2913233803483608,0.5792105723091912,0.12564458087109096,-1.2682997624412267,0.9825610691576665,0.9567580359730049,37.67197433365728,2.3907313813914883,KE_marsa
29.885612600473102,28.800546676961012,24.73605261505025,15.33227135931523,24.047151155291136,27.876810677205643,21.496975368743783,1,0.6371825659538705,0.48908872442968265,-1.253503993058475,-1.2336839183006616,0.28303440500518234,0.22113944830807858,-0.6927322260008901,53,59,59,25,29,31,50,57,54,47,69,71,54,63,0.1441052275901866,0.11615286226279438,0.5654309956370787,0.019289030022729838,-1.10170669070866,1.1063755668042694,1.123374675833945,37.827023551696314,2.198132584476263,KE_marsa
23.07394901052948,23.599647038541956,16.226721439051268,14.491976810460262,23.22143984743664,22.39825184239195,16.00585459718921,5,0.5893312700186629,0.8017765235197415,-1.3768802554729471,-1.4274970264047302,0.33358582122942754,0.49311227071881963,-0.41744714103250674,53,59,59,25,29,31,50,60,55,49,70,72,53,66,0.4377548315643209,-0.3820181116931545,0.45739113198742,0.04338119699194123,-1.2542479483357911,1.0095466719533386,0.9972575304479322,37.60181590996755,2.3873177833118344,KE_marsa
20.76058562666062,22.680135688937426,16.94403131547187,14.129450448543471,23.079493149971796,21.440444007740954,15.000243699646113,5,0.5540901411450757,0.8461026095240971,-1.3565904189731375,-1.4011463059647922,0.31492164119815735,0.4552554592462674,-0.4248592481866136,53,59,59,25,29,31,50,58,52,48,70,72,58,70,0.34695980916259744,-0.2913233803483608,0.5792105723091912,0.12564458087109096,-1.2682997624412267,0.9825610691576665,0.9567580359730049,37.717159592448496,2.3992653765906238,KE_marsa
29.58953262454183,30.012317542698927,20.06043184972376,17.863300864253073,24.83559672304091,31.379598456633133,24.27947855499033,5,0.7227825021838574,0.19673257237143388,-1.3998931152220446,-1.398584461960407,0.33457274850069074,0.6114587663258841,-0.7768081980262938,53,59,59,25,29,31,50,59,56,47,69,71,53,76,-0.0099132244292497,0.16982826823896327,0.5299913658565841,0.14952257994414894,-0.8323199183349577,1.1191232209144406,1.2975685159735895,37.53111849710734,1.9076174215920099,KE_marsa
23.368133013514374,28.86099631227832,21.802652490496516,11.607665802776822,33.60273801372063,32.895416233747206,29.470931485536987,5,0.6349626309356782,0.25357918289720127,-1.322023350376927,-1.265412999029925,0.21571062597533164,0.38682162179980384,-0.7432067227824761,53,59,59,25,29,31,50,60,59,50,69,71,55,70,-0.12909769146474212,0.18120716845527873,0.47673517821169326,0.11827946431428694,-0.7199319730902944,1.2129730457533303,1.298463908767033,37.594809050751415,2.0343697081812744,KE_marsa
27.758634950637894,26.20367882330107,21.17564947602566,12.460280555031392,22.469972938226203,30.810643463027098,22.31088536355118,5,0.8784681258110237,0.2906551965235563,-1.3521554396235662,-1.29629892262722,0.41180506685351026,0.30103224920241356,-0.8000468156235728,53,59,59,25,29,31,50,55,48,47,69,71,56,66,0.5936001363001027,-0.06932361638323364,0.2921997209278591,-0.24096429056362623,-1.4504151913612224,1.0428905735948668,1.1406486534677742,37.758841421631644,1.9080665792340696,KE_marsa
24.58882694724947,22.49205453080474,22.599680726036315,15.902270229333762,29.506041137139217,32.14825337865909,25.79473054016772,5,0.48302881787156493,0.5888665059223266,-1.2695204901245416,-1.2616190021236586,0.17182076668345736,0.3191696573012483,-0.6174272826559026,53,59,59,25,29,31,50,63,57,54,70,71,53,75,0.36074377348444603,-0.03676437151355772,0.497807353362473,-0.024221881847738273,-1.2441657708483869,1.0669694234243223,1.0746833108675222,37.72892752267046,2.2142124280620026,KE_marsa
26.157782280282582,31.175379538830096,19.344045557055807,13.775081653797804,18.88050217848612,19.11002495546768,16.182714375766334,5,0.6845184817076019,0.5075251393331524,-1.3842897479566922,-1.4272276157698165,0.3337347274609011,0.6069665793395186,-0.4967432881972412,53,59,59,25,29,31,50,61,58,52,70,72,56,70,0.36894994334540226,-0.172051661769092,0.4245713873993176,-0.01949307236150211,-1.169676193125167,1.075786000131078,1.1005979781517305,37.46122956800284,2.314105087656093,KE_marsa
29.395680008089336,29.031826109945218,24.200764897054544,11.797311525691208,33.13516699487767,45.33330283742623,30.967164876392882,5,0.6697727196772705,0.3537199728779275,-1.2260377244334115,-1.1758960368335771,0.2430524243675249,0.15780376381003702,-0.7950333621063828,53,59,59,25,29,31,50,53,44,48,69,71,55,62,0.33514522129763374,-0.005177319968916776,0.33653032518501613,-0.16021393981457643,-1.1713328858491858,1.197071071671015,1.2244004047139114,37.815345453002756,2.072458276227942,KE_marsa
21.922494403682105,28.74706373599538,30.991673184658133,11.236673298363053,27.13033583261426,33.20572745536636,29.210460412174342,5,0.5562814929718619,0.43060874536472243,-1.290092410915158,-1.2450566342505223,0.20178462706550457,0.28439612847376244,-0.7310949164627861,53,59,59,25,29,31,50,58,55,49,69,71,54,69,0.35133667603107804,-0.023561666526892684,0.3577145556910882,-0.10989913365031034,-1.1827676008932893,1.1541629418876675,1.228082728568484,37.653199544219184,1.9885556286911787,KE_marsa
22.620698128448108,24.34695618580206,25.03659742243475,12.461370780806297,25.636820125541938,44.72205612596041,35.630054427149176,5,0.6697727196772705,0.3537199728779275,-1.2260377244334115,-1.1758960368335771,0.2430524243675249,0.15780376381003702,-0.7950333621063828,53,59,59,25,29,31,50,54,52,44,68,71,55,63,0.33514522129763374,-0.005177319968916776,0.33653032518501613,-0.16021393981457643,-1.1713328858491858,1.197071071671015,1.2244004047139114,37.75875159010323,2.0645531017276904,KE_marsa
33.039756988726225,34.045468785054545,27.17651149646102,23.381168736860797,34.04352814492978,44.53279122256528,24.9484272801424,1,0.6371825659538705,0.48908872442968265,-1.253503993058475,-1.2336839183006616,0.28303440500518234,0.22113944830807858,-0.6927322260008901,53,59,59,25,29,31,50,56,47,42,69,71,54,57,0.1441052275901866,0.11615286226279438,0.5654309956370787,0.019289030022729838,-1.10170669070866,1.1063755668042694,1.123374675833945,37.846337330304884,2.1748662186175673,KE_marsa
27.883608625017253,26.890102803614145,24.480995524895317,13.25409922418063,25.61609808294329,27.701029587395638,21.244271767678182,1,0.6371825659538705,0.48908872442968265,-1.253503993058475,-1.2336839183006616,0.28303440500518234,0.22113944830807858,-0.6927322260008901,53,59,59,25,29,31,50,61,52,46,69,71,53,59,0.1441052275901866,0.11615286226279438,0.5654309956370787,0.019289030022729838,-1.10170669070866,1.1063755668042694,1.123374675833945,37.81857938802559,2.1766628491858064,KE_marsa
20.56593982484768,22.322463465335943,20.73406131342116,9.519048985000861,26.021115946512293,24.079550565726223,18.692854246646984,5,0.7162599948351275,0.3822822484921685,-1.3738696802755126,-1.3213841258507368,0.333185038885595,0.3277727216993398,-0.7509345185523304,53,59,59,25,29,31,50,60,52,47,69,71,59,66,0.34962387765891156,0.0004678552316811912,0.3999591770922947,-0.07051498561197497,-1.2252257188665687,1.1144628753832369,1.2278787321446183,37.67314214352664,1.9312431135643533,KE_marsa
20.839475565135103,21.03518165955629,13.320985449605878,18.694748323718542,24.558013660641787,16.59096396475907,13.551798657596844,5,0.736745264290688,0.4225986219090218,-1.239455039262038,-1.2627489606440898,0.47139133040866826,0.23864360814856375,-0.6560051140404585,53,59,59,25,29,31,50,59,56,58,70,71,60,75,0.2952343358392597,-0.07713094951043663,0.513696539032457,-0.044215704414065284,-1.154093583666392,1.113034286377658,1.0876372678494775,37.88936663241421,2.321561104514285,KE_marsa
28.201448431095557,25.55418877479132,17.36959733395984,10.959840409215145,20.110159999188074,30.095694572725115,18.549875804698136,5,0.6204886311450694,0.2616322527814561,-1.4155854661746379,-1.472269466512952,0.3657239944975819,0.9216795579988052,-0.7603544363659056,53,59,59,25,29,31,50,62,52,53,70,71,57,78,0.39009601430627927,0.05539934426387167,0.45149069825921856,0.0066675120369668875,-1.1209230326256419,0.9993879255465352,1.2645774482664802,37.44272427314998,1.9101327043875445,KE_marsa
19.41563533351589,20.45870569091084,18.782465307008156,12.793469685642693,30.733229572939436,29.395083685256342,24.889066331357018,5,0.47571444522283485,0.4549653781561657,-1.23401926819428,-1.1964575855007875,0.13297418332906444,0.2624462798204412,-0.7102437994189669,53,59,59,25,29,31,50,57,55,49,69,71,57,70,0.35498774763823143,-0.015082551434850133,0.3400444339572716,-0.13840780077443637,-1.1499520804945564,1.1708055703470557,1.209159829378894,37.65436735408854,2.077488841819011,KE_marsa
19.69458871697364,22.790409502725588,15.565512052009934,10.01857386079954,23.07108047643139,22.281557174647958,17.4541161266677,5,0.6005464002835755,0.21766109881480927,-1.3754357338056684,-1.3008224235655041,0.3446359432483733,0.7300210300315947,-0.7219502845298655,53,59,59,25,29,31,50,58,55,54,70,72,57,73,0.13187070196879216,0.06343144561204801,0.3523617935692746,-0.03355646975659141,-0.8729401826200195,1.222051700015507,1.3057489297563765,37.529501529595926,2.071200634830175,KE_marsa
21.3402168280025,24.09533979569561,18.233214897282704,14.248995841326078,27.777947054830836,28.841994925761337,27.844825206296576,5,0.49606335404457236,0.3880203197055291,-1.2888218408558467,-1.2401440326662025,0.1903392992835394,0.4346601228953286,-0.7071363863991699,53,59,59,25,29,31,50,62,59,50,70,71,57,72,0.35357873050929634,0.13249855409993727,0.48348122100194496,-0.06422656303389036,-1.2350492748184052,1.0583632067885973,1.1156025665350011,37.6405332987131,2.139652259480082,KE_marsa
18.673966262197624,20.884118786388534,16.12778629178003,14.428662840390873,23.911409820046607,25.69555072114568,20.89741551363645,5,0.48302881787156493,0.5888665059223266,-1.2695204901245416,-1.2616190021236586,0.17182076668345736,0.3191696573012483,-0.6174272826559026,53,59,59,25,29,31,50,61,56,54,70,71,54,76,0.36074377348444603,-0.03676437151355772,0.497807353362473,-0.024221881847738273,-1.2441657708483869,1.0669694234243223,1.0746833108675222,37.724525777778275,2.2154700694597698,KE_marsa
22.660922399327298,21.23732855695935,18.66562063445606,18.09148128971664,35.4094139230165,37.66270055126842,29.27527311248734,5,0.6371825659538705,0.48908872442968265,-1.253503993058475,-1.2336839183006616,0.28303440500518234,0.22113944830807858,-0.6927322260008901,53,59,59,25,29,31,50,61,55,53,70,71,53,77,0.1441052275901866,0.11615286226279438,0.5654309956370787,0.019289030022729838,-1.10170669070866,1.1063755668042694,1.123374675833945,37.758841421631644,2.2478094196880725,KE_marsa
34.29069139404713,26.503293473121005,18.15124557170017,14.160537993286365,25.22886894213722,33.79319942684242,22.29769875169083,5,0.6204886311450694,0.2616322527814561,-1.4155854661746379,-1.472269466512952,0.3657239944975819,0.9216795579988052,-0.7603544363659056,53,59,59,25,29,31,50,61,51,51,70,71,60,80,0.39009601430627927,0.05539934426387167,0.45149069825921856,0.0066675120369668875,-1.1209230326256419,0.9993879255465352,1.2645774482664802,37.42062571716064,1.90716826394995,KE_marsa
23.4571142993707,26.807997147099435,18.419856356676572,14.220409440986193,31.260776854770622,28.471010178299018,25.91350310703352,5,0.5342808864029268,0.7273444369247666,-1.3224132733786904,-1.3478338884784125,0.25567344252841123,0.39758357195029115,-0.5086107467434442,53,59,59,25,29,31,50,59,59,53,70,72,53,76,0.2946253737774745,-0.1260224605423913,0.6145866484342932,0.11293750323462683,-1.2528954244119903,1.0038655340665739,0.9920421291742726,37.6637996645718,2.2647875785579314,KE_marsa
37.87157314610205,43.20286100455977,31.657565471955618,27.880505181449546,40.229316721533394,50.0793123462423,28.211347501925,5,0.8052302311375974,0.34308223526812054,-1.2241015847627021,-1.197322751065316,0.4048343567765568,0.128585264466091,-0.7751089869610863,53,59,59,25,29,31,50,54,49,50,69,71,62,75,0.10667003453864889,0.14305055569150635,0.47891516852204324,-0.07708946705250201,-1.0309639670613346,1.2024605937548178,1.1876280584483014,37.88083263721507,2.220410803522427,KE_marsa
19.9563082757941,21.37099269197896,13.394312029220677,11.105010863887756,21.96950012928732,24.07593204704039,15.615264584449484,5,0.6845184817076019,0.5075251393331524,-1.3842897479566922,-1.4272276157698165,0.3337347274609011,0.6069665793395186,-0.4967432881972412,53,59,59,25,29,31,50,59,53,55,70,72,56,74,0.36894994334540226,-0.172051661769092,0.4245713873993176,-0.01949307236150211,-1.169676193125167,1.075786000131078,1.1005979781517305,37.51153522391353,2.3226390828552286,KE_marsa
29.979245266563787,26.766725221201504,25.838253583710305,17.19941763723581,28.826187066036578,32.347475922326886,24.98005467140882,1,0.6371825659538705,0.48908872442968265,-1.253503993058475,-1.2336839183006616,0.28303440500518234,0.22113944830807858,-0.6927322260008901,53,59,59,25,29,31,50,60,57,49,69,71,54,70,0.1441052275901866,0.11615286226279438,0.5654309956370787,0.019289030022729838,-1.10170669070866,1.1063755668042694,1.123374675833945,37.795043527581655,2.217176868499597,KE_marsa
20.19652674531637,25.006338722104694,18.140996092831777,15.46603795597082,24.53135763872269,24.948605127570374,14.25428883897808,5,0.5540901411450757,0.8461026095240971,-1.3565904189731375,-1.4011463059647922,0.31492164119815735,0.4552554592462674,-0.4248592481866136,53,59,59,25,29,31,50,58,58,47,70,72,54,71,0.34695980916259744,-0.2913233803483608,0.5792105723091912,0.12564458087109096,-1.2682997624412267,0.9825610691576665,0.9567580359730049,37.65787078369661,2.38435334287424,KE_marsa
28.335389977814824,40.85924036588265,35.74212140613118,14.823463366958997,29.897191498769867,41.25014040669796,26.489453043120417,5,0.6697727196772705,0.3537199728779275,-1.2260377244334115,-1.1758960368335771,0.2430524243675249,0.15780376381003702,-0.7950333621063828,53,59,59,25,29,31,50,51,45,42,69,71,53,58,0.33514522129763374,-0.005177319968916776,0.33653032518501613,-0.16021393981457643,-1.1713328858491858,1.197071071671015,1.2244004047139114,37.84382204750935,2.12204527991134,KE_marsa
22.068211257571676,25.36637548392495,15.426864398636283,15.215869522461654,18.61123785263531,21.594595910571073,17.26637482313407,5,0.6845184817076019,0.5075251393331524,-1.3842897479566922,-1.4272276157698165,0.3337347274609011,0.6069665793395186,-0.4967432881972412,53,59,59,25,29,31,50,57,57,53,70,71,57,76,0.36894994334540226,-0.172051661769092,0.4245713873993176,-0.01949307236150211,-1.169676193125167,1.075786000131078,1.1005979781517305,37.458175296036835,2.2965879396157627,KE_marsa
23.99947974522497,22.21335344853723,15.268358952964737,13.651053831507063,28.727511704716765,23.19654666122165,17.58170972165722,5,0.5532661719354374,0.6737542231708705,-1.3625870498364006,-1.389953846684573,0.28924733256724705,0.5296637489516713,-0.47884646323459795,53,59,59,25,29,31,50,61,59,52,70,71,57,78,0.5235020344610957,-0.2465888477094906,0.4707197466599101,-0.029557247184032756,-1.3352918847539867,0.9550829632094235,0.9885189412098633,37.55294755851145,2.2708062909615325,KE_marsa
31.473963474599277,26.460451918562942,27.864433495573547,14.14917981287409,24.958912083186494,28.94555557111992,22.25505940132226,1,0.6371825659538705,0.48908872442968265,-1.253503993058475,-1.2336839183006616,0.28303440500518234,0.22113944830807858,-0.6927322260008901,53,59,59,25,29,31,50,58,53,50,69,72,57,73,0.1441052275901866,0.11615286226279438,0.5654309956370787,0.019289030022729838,-1.10170669070866,1.1063755668042694,1.123374675833945,37.82369978514507,2.239634750602585,KE_marsa
22.171020906822154,25.81124100840033,16.63020859712587,11.508291142917846,24.51495762190798,25.142218493031855,18.376089549616974,5,0.5893312700186629,0.8017765235197415,-1.3768802554729471,-1.4274970264047302,0.33358582122942754,0.49311227071881963,-0.41744714103250674,53,59,59,25,29,31,50,60,57,52,70,72,55,72,0.4377548315643209,-0.3820181116931545,0.45739113198742,0.04338119699194123,-1.2542479483357911,1.0095466719533386,0.9972575304479322,37.59965995328566,2.355517422254003,KE_marsa
30.355883122269503,24.922237857217738,16.976479991908437,12.147838350699855,27.23442865372952,34.880252555613524,18.734331428872892,5,0.6204886311450694,0.2616322527814561,-1.4155854661746379,-1.472269466512952,0.3657239944975819,0.9216795579988052,-0.7603544363659056,53,59,59,25,29,31,50,60,50,54,70,71,57,79,0.39009601430627927,0.05539934426387167,0.45149069825921856,0.0066675120369668875,-1.1209230326256419,0.9993879255465352,1.2645774482664802,37.443442925377276,1.927739683956287,KE_marsa
23.291988770841314,26.26128105722263,25.74232016846296,12.945221089979432,26.933315422462936,40.8863733356378,30.259573774581522,5,0.6697727196772705,0.3537199728779275,-1.2260377244334115,-1.1758960368335771,0.2430524243675249,0.15780376381003702,-0.7950333621063828,53,59,59,25,29,31,50,56,46,47,69,71,52,67,0.33514522129763374,-0.005177319968916776,0.33653032518501613,-0.16021393981457643,-1.1713328858491858,1.197071071671015,1.2244004047139114,37.77824503176862,2.081800755182785,KE_marsa
31.373107742889946,31.341842811695173,27.575899550795235,16.084111322670985,24.343233018275413,26.103455278519405,18.135149372108984,5,0.8052302311375974,0.34308223526812054,-1.2241015847627021,-1.197322751065316,0.4048343567765568,0.128585264466091,-0.7751089869610863,53,59,59,25,29,31,50,54,48,50,70,72,62,76,0.10667003453864889,0.14305055569150635,0.47891516852204324,-0.07708946705250201,-1.0309639670613346,1.2024605937548178,1.1876280584483014,37.87068167450452,2.2174463630848327,KE_marsa
22.590430224445278,23.88959113736496,18.657265984812078,11.779517553929962,28.489151093858492,27.461383581367507,23.473295974226534,5,0.49606335404457236,0.3880203197055291,-1.2888218408558467,-1.2401440326662025,0.1903392992835394,0.4346601228953286,-0.7071363863991699,53,59,59,25,29,31,50,62,57,51,70,71,62,75,0.35357873050929634,0.13249855409993727,0.48348122100194496,-0.06422656303389036,-1.2350492748184052,1.0583632067885973,1.1156025665350011,37.63065183058779,2.1128824640133206,KE_marsa
19.265634674678584,21.038990948843807,14.113537429603124,10.210347681913182,21.438146675052227,23.053928071493445,14.392843523055731,5,0.5023476396552822,0.5395769425090994,-1.3240291778453357,-1.310486796920535,0.2350368064427182,0.4905881754692866,-0.5979190105537024,53,59,59,25,29,31,50,59,57,52,70,72,56,74,0.5040928575301021,-0.06793108448889754,0.44421215991077573,-0.09148910244354551,-1.3290066057441234,1.0043916843371823,1.046702579264177,37.575944429784904,2.1708237998390296,KE_marsa
26.14083140784813,24.15353545782563,17.533542108452554,15.274911144839406,28.83341921326522,32.387681770142294,22.681450287101924,5,0.6254585620661952,0.6695366236938834,-1.310153572165373,-1.3586367379585476,0.404512042434183,0.3861183987673942,-0.49991287661477474,53,59,59,25,29,31,50,57,53,46,70,72,56,71,0.2920916615247672,-0.20954862948761646,0.6010824826894805,0.111380045901557,-1.2534876421256704,0.9911744378323858,0.9779466718084652,37.7923485817293,2.363781922867903,KE_marsa
27.8173459207777,36.890630734858,35.78420260719935,13.920412666380741,42.49102242502982,56.48939986868047,54.64371537546346,5,0.6349626309356782,0.25357918289720127,-1.322023350376927,-1.265412999029925,0.21571062597533164,0.38682162179980384,-0.7432067227824761,53,59,59,25,29,31,50,61,53,52,68,71,57,68,-0.12909769146474212,0.18120716845527873,0.47673517821169326,0.11827946431428694,-0.7199319730902944,1.2129730457533303,1.298463908767033,37.60415152970626,1.9714876382929079,KE_marsa
31.899625324744186,27.84573592538981,23.13937624071385,14.282727981268744,31.09978833415214,26.548467791572165,22.63572024203734,1,0.736745264290688,0.4225986219090218,-1.239455039262038,-1.2627489606440898,0.47139133040866826,0.23864360814856375,-0.6560051140404585,53,59,59,25,29,31,50,61,55,55,69,71,61,72,0.2952343358392597,-0.07713094951043663,0.513696539032457,-0.044215704414065284,-1.154093583666392,1.113034286377658,1.0876372678494775,37.89511585023257,2.305840587042194,KE_marsa
25.616119145276933,25.618167630806422,14.014417518286752,18.421868757117405,20.665266367174937,22.816017882713243,17.241425996934247,5,0.8349908583724864,0.26935625716010037,-1.3991091941465488,-1.4338422055411533,0.38049377289487013,0.7085163685508227,-0.5397328372269872,53,59,59,25,29,31,50,59,58,53,70,71,55,73,0.13219189802526693,-0.0847563637533805,0.3413386976698663,-0.008613458109488053,-0.8734056293334118,1.236354009825797,1.2520830697832104,37.418918918120816,2.3087151959513763,KE_marsa
21.180251976430306,25.751690907403905,19.452042266365417,12.537867213632508,20.179005190310598,24.06527174228368,18.394670021925677,5,0.5883022643229917,0.40585706698301083,-1.3932675594236479,-1.3695979085088248,0.36962555992937324,0.7418474722353607,-0.5869428502828263,53,59,59,25,29,31,50,58,57,52,70,71,58,74,0.5034674459061117,-0.11104618129925803,0.33076563048239305,-0.1484920359086722,-1.2224064492405695,1.07955264667406,1.1351040626449729,37.52294382802185,2.1902274099760115,KE_marsa
22.614359723954596,19.46650083425889,15.344405389574522,13.483271230491214,27.741003179197108,26.493091179498773,18.94917151403462,5,0.47571444522283485,0.4549653781561657,-1.23401926819428,-1.1964575855007875,0.13297418332906444,0.2624462798204412,-0.7102437994189669,53,59,59,25,29,31,50,58,54,51,69,71,55,72,0.35498774763823143,-0.015082551434850133,0.3400444339572716,-0.13840780077443637,-1.1499520804945564,1.1708055703470557,1.209159829378894,37.69568985715804,2.0954551475014016,KE_marsa
30.623770541496164,28.06920821923886,21.391543154978102,22.503726605475972,29.190852857755193,35.408930092570714,27.52604872202477,5,0.6371825659538705,0.48908872442968265,-1.253503993058475,-1.2336839183006616,0.28303440500518234,0.22113944830807858,-0.6927322260008901,53,59,59,25,29,31,50,59,54,51,69,71,54,70,0.1441052275901866,0.11615286226279438,0.5654309956370787,0.019289030022729838,-1.10170669070866,1.1063755668042694,1.123374675833945,37.7623448512397,2.1896884208055396,KE_marsa
36.12413099868456,38.70978699604242,32.22221638055104,22.83931348814806,30.835900017850513,36.562464945716926,19.923945325293182,5,0.8052302311375974,0.34308223526812054,-1.2241015847627021,-1.197322751065316,0.4048343567765568,0.128585264466091,-0.7751089869610863,53,59,59,25,29,31,50,55,49,46,69,72,58,68,0.10667003453864889,0.14305055569150635,0.47891516852204324,-0.07708946705250201,-1.0309639670613346,1.2024605937548178,1.1876280584483014,37.8599917226235,2.207115737317458,KE_marsa
27.887956342437697,30.54854818906605,26.768274385069326,16.4119716261782,23.46264967242899,28.57495910485347,20.465130928292737,1,0.8052302311375974,0.34308223526812054,-1.2241015847627021,-1.197322751065316,0.4048343567765568,0.128585264466091,-0.7751089869610863,53,59,59,25,29,31,50,54,50,53,70,71,64,73,0.10667003453864889,0.14305055569150635,0.47891516852204324,-0.07708946705250201,-1.0309639670613346,1.2024605937548178,1.1876280584483014,37.871669821317056,2.2272379996817357,KE_marsa
20.704184014397818,26.12958750558775,18.384223744635236,13.335635435149102,27.52274630285761,23.41542652722329,15.20473405118627,5,0.6349626309356782,0.25357918289720127,-1.322023350376927,-1.265412999029925,0.21571062597533164,0.38682162179980384,-0.7432067227824761,53,59,59,25,29,31,50,58,55,51,69,72,60,73,-0.12909769146474212,0.18120716845527873,0.47673517821169326,0.11827946431428694,-0.7199319730902944,1.2129730457533303,1.298463908767033,37.55249840086939,2.028979816476557,KE_marsa
23.209761395645938,23.365147176279383,17.502272702950293,15.305129309268505,21.720311886599497,24.498924279014542,18.79867079887812,5,0.6845184817076019,0.5075251393331524,-1.3842897479566922,-1.4272276157698165,0.3337347274609011,0.6069665793395186,-0.4967432881972412,53,59,59,25,29,31,50,60,55,54,70,72,53,71,0.36894994334540226,-0.172051661769092,0.4245713873993176,-0.01949307236150211,-1.169676193125167,1.075786000131078,1.1005979781517305,37.536688051868886,2.3323408879237197,KE_marsa
26.161041800789885,24.196143027458454,15.051827736206382,12.384054532611998,23.00329212219797,28.7953802654636,17.53811792378148,5,0.6845184817076019,0.5075251393331524,-1.3842897479566922,-1.4272276157698165,0.3337347274609011,0.6069665793395186,-0.4967432881972412,53,59,59,25,29,31,50,57,55,52,69,72,53,74,0.36894994334540226,-0.172051661769092,0.4245713873993176,-0.01949307236150211,-1.169676193125167,1.075786000131078,1.1005979781517305,37.48952649945261,2.3402460624239714,KE_marsa
22.739604435061388,24.349347903437817,11.831594830336972,11.786042007128847,17.643443584995495,18.9326832213373,13.124538486026736,5,0.7560610196981756,0.13354557888134322,-1.4297171226087853,-1.3723929369609071,0.4835067423336221,0.9762487176838844,-0.638789883425777,53,59,59,25,29,31,50,59,60,52,70,71,54,77,0.21097535806192427,0.03255238434256544,0.3235283044403796,-0.08537461268982853,-0.9261479379798349,1.219410996173364,1.263029754947292,37.44110730563857,2.2370296362786384,KE_marsa
21.668940117933705,22.89643932994481,20.470962826276303,13.925888357830024,30.91722186762197,33.95038148405942,30.106107061867817,5,0.47571444522283485,0.4549653781561657,-1.23401926819428,-1.1964575855007875,0.13297418332906444,0.2624462798204412,-0.7102437994189669,53,59,59,25,29,31,50,55,56,50,69,71,58,73,0.35498774763823143,-0.015082551434850133,0.3400444339572716,-0.13840780077443637,-1.1499520804945564,1.1708055703470557,1.209159829378894,37.66451831679909,2.089885592739861,KE_marsa
20.710983306067785,25.3881109295565,24.44247181133886,14.221338781408006,27.131899059054163,31.29999547576453,28.901133464862486,5,0.6349626309356782,0.25357918289720127,-1.322023350376927,-1.265412999029925,0.21571062597533164,0.38682162179980384,-0.7432067227824761,53,59,59,25,29,31,50,63,52,50,69,71,54,68,-0.12909769146474212,0.18120716845527873,0.47673517821169326,0.11827946431428694,-0.7199319730902944,1.2129730457533303,1.298463908767033,37.628406042377485,1.9943048465095436,KE_marsa
25.50106791303236,28.778939234936168,21.50826536286026,14.84114513065906,18.70628128872885,20.349160859448073,16.598843025599212,5,0.5883022643229917,0.40585706698301083,-1.3932675594236479,-1.3695979085088248,0.36962555992937324,0.7418474722353607,-0.5869428502828263,53,59,59,25,29,31,50,60,57,52,70,71,56,77,0.5034674459061117,-0.11104618129925803,0.33076563048239305,-0.1484920359086722,-1.2224064492405695,1.07955264667406,1.1351040626449729,37.480453515083,2.2426890225685914,KE_marsa
25.69990171367011,30.21776725652194,19.98660645460625,13.637409628508637,19.226714519194342,25.246208373155955,18.681596227692076,5,0.6845184817076019,0.5075251393331524,-1.3842897479566922,-1.4272276157698165,0.3337347274609011,0.6069665793395186,-0.4967432881972412,53,59,59,25,29,31,50,57,55,48,70,72,54,73,0.36894994334540226,-0.172051661769092,0.4245713873993176,-0.01949307236150211,-1.169676193125167,1.075786000131078,1.1005979781517305,37.4706618784861,2.345456291071865,KE_marsa
22.67981180764977,24.612897850918674,21.53302655706083,15.10096701748655,27.19692458468405,26.183344732823215,26.734553357496203,5,0.7626721556106882,0.31342198670392013,-1.2756072997194436,-1.2149979351629616,0.34031397095792465,0.18347716423379914,-0.8196115192383446,53,59,59,25,29,31,50,56,49,45,68,71,51,63,0.5894349558020856,-0.05314608184084066,0.26464081675390516,-0.2790068437938897,-1.4207818460564392,1.082817266575859,1.133764582716796,37.78525189098475,2.04613763840324,KE_marsa
22.117376431293657,25.019939868374212,23.738867994842902,13.926100963470056,27.25693681090337,43.65366805438453,30.214357812147696,5,0.6697727196772705,0.3537199728779275,-1.2260377244334115,-1.1758960368335771,0.2430524243675249,0.15780376381003702,-0.7950333621063828,53,59,59,25,29,31,50,56,52,45,68,71,51,63,0.33514522129763374,-0.005177319968916776,0.33653032518501613,-0.16021393981457643,-1.1713328858491858,1.197071071671015,1.2244004047139114,37.76962120504108,2.0682361943925804,KE_marsa
19.644929919735606,21.33268714997452,24.59137528569228,15.279044363902536,25.255070326369474,26.431186011063865,21.154646743637556,5,0.6349626309356782,0.25357918289720127,-1.322023350376927,-1.265412999029925,0.21571062597533164,0.38682162179980384,-0.7432067227824761,53,59,59,25,29,31,50,63,55,53,69,71,55,69,-0.12909769146474212,0.18120716845527873,0.47673517821169326,0.11827946431428694,-0.7199319730902944,1.2129730457533303,1.298463908767033,37.63047216753096,1.9738232580316186,KE_marsa
24.279546046784297,26.850408500550287,26.181088305460882,13.276110403482335,26.970404345161086,38.095464621107695,28.602946604872205,5,0.6697727196772705,0.3537199728779275,-1.2260377244334115,-1.1758960368335771,0.2430524243675249,0.15780376381003702,-0.7950333621063828,53,59,59,25,29,31,50,53,52,45,68,71,51,65,0.33514522129763374,-0.005177319968916776,0.33653032518501613,-0.16021393981457643,-1.1713328858491858,1.197071071671015,1.2244004047139114,37.76962120504108,2.0529648345625486,KE_marsa
27.10592434248308,33.41838868838323,29.229777585850307,15.230621371732411,34.615981091947205,41.35663003993018,26.861853980160177,5,0.6349626309356782,0.25357918289720127,-1.322023350376927,-1.265412999029925,0.21571062597533164,0.38682162179980384,-0.7432067227824761,53,59,59,25,29,31,50,60,56,49,69,71,55,76,-0.12909769146474212,0.18120716845527873,0.47673517821169326,0.11827946431428694,-0.7199319730902944,1.2129730457533303,1.298463908767033,37.5699257173813,1.9668163988154863,KE_marsa
31.49544115193408,33.73206859010403,30.081630844166373,20.050785943912878,34.66316972411714,40.69424898236295,28.0148055610151,5,0.6697727196772705,0.3537199728779275,-1.2260377244334115,-1.1758960368335771,0.2430524243675249,0.15780376381003702,-0.7950333621063828,53,59,59,25,29,31,50,60,49,47,69,71,57,56,0.33514522129763374,-0.005177319968916776,0.33653032518501613,-0.16021393981457643,-1.1713328858491858,1.197071071671015,1.2244004047139114,37.80788943614456,2.11378077929744,KE_marsa
23.980820559876882,30.31863119951239,25.456697991178896,16.244771845882138,32.46302587158133,41.26904012843606,27.041304189945507,5,0.6371825659538705,0.48908872442968265,-1.253503993058475,-1.2336839183006616,0.28303440500518234,0.22113944830807858,-0.6927322260008901,53,59,59,25,29,31,50,59,54,49,68,71,54,67,0.1441052275901866,0.11615286226279438,0.5654309956370787,0.019289030022729838,-1.10170669070866,1.1063755668042694,1.123374675833945,37.760009231500995,2.1527676626282273,KE_marsa
22.15892164527379,27.204039762228625,18.923225518979013,16.17244870090796,26.538076342036586,25.76227863921916,20.515839917325838,5,0.5540901411450757,0.8461026095240971,-1.3565904189731375,-1.4011463059647922,0.31492164119815735,0.4552554592462674,-0.4248592481866136,53,59,59,25,29,31,50,58,56,46,70,72,55,72,0.34695980916259744,-0.2913233803483608,0.5792105723091912,0.12564458087109096,-1.2682997624412267,0.9825610691576665,0.9567580359730049,37.687335525015726,2.365668384964554,KE_marsa
28.22432201586703,28.466148401675646,20.051988052378032,11.88804524522217,32.70478210678081,36.03054094444699,24.950149163460956,5,0.6228939646088839,0.6166206935679469,-1.2872120047326825,-1.30632247931752,0.3568307904058222,0.30935763670160216,-0.5732575146718258,53,59,59,25,29,31,50,60,55,49,70,72,56,73,0.031237304646195008,0.04101901549461771,0.660976707504434,0.15665369078285266,-1.0434897168621644,1.105494271817141,1.0704437599930172,37.781029809149395,2.3181475064346313,KE_marsa
33.152882021614715,32.49110189536667,29.053197807384805,13.247150623613667,34.822995267481296,42.105104938485724,29.162375834096668,5,0.6371825659538705,0.48908872442968265,-1.253503993058475,-1.2336839183006616,0.28303440500518234,0.22113944830807858,-0.6927322260008901,53,59,59,25,29,31,50,58,50,46,69,71,55,62,0.1441052275901866,0.11615286226279438,0.5654309956370787,0.019289030022729838,-1.10170669070866,1.1063755668042694,1.123374675833945,37.80043341928637,2.1617508154694223,KE_marsa
29.18111060969441,32.33534743310459,19.13423946169206,13.392489636172927,20.18612702357679,24.31403818594042,22.603936004394583,5,0.6845184817076019,0.5075251393331524,-1.3842897479566922,-1.4272276157698165,0.3337347274609011,0.6069665793395186,-0.4967432881972412,53,59,59,25,29,31,50,57,58,54,70,71,57,78,0.36894994334540226,-0.172051661769092,0.4245713873993176,-0.01949307236150211,-1.169676193125167,1.075786000131078,1.1005979781517305,37.49069430932197,2.2741300575127745,KE_marsa
33.212891303896484,29.17247517877574,22.11477689032608,16.747836651154905,29.5801797091854,39.05370234088897,25.899302017694996,5,0.8784681258110237,0.2906551965235563,-1.3521554396235662,-1.29629892262722,0.41180506685351026,0.30103224920241356,-0.8000468156235728,53,59,59,25,29,31,50,53,46,44,69,71,57,64,0.5936001363001027,-0.06932361638323364,0.2921997209278591,-0.24096429056362623,-1.4504151913612224,1.0428905735948668,1.1406486534677742,37.79064178268947,1.9005207308474656,KE_marsa
28.66220841884981,32.48962462109537,26.016970696332766,17.72142658948287,26.239322153123172,25.17284687306335,17.921019793226964,5,0.5540901411450757,0.8461026095240971,-1.3565904189731375,-1.4011463059647922,0.31492164119815735,0.4552554592462674,-0.4248592481866136,53,59,59,25,29,31,50,60,57,49,70,72,52,68,0.34695980916259744,-0.2913233803483608,0.5792105723091912,0.12564458087109096,-1.2682997624412267,0.9825610691576665,0.9567580359730049,37.69461187881709,2.3742023801636893,KE_marsa
22.969982870477914,22.236130522626553,19.16790976914125,14.113562325466448,24.625536935199367,23.763168380936342,16.497175989634584,5,0.48302881787156493,0.5888665059223266,-1.2695204901245416,-1.2616190021236586,0.17182076668345736,0.3191696573012483,-0.6174272826559026,53,59,59,25,29,31,50,59,52,50,70,71,54,72,0.36074377348444603,-0.03676437151355772,0.497807353362473,-0.024221881847738273,-1.2441657708483869,1.0669694234243223,1.0746833108675222,37.74626500765397,2.179537458094989,KE_marsa
21.880972446027034,22.590527301962133,12.278827701415576,11.135034971476307,24.203646666140994,22.837557810882377,14.47414600031597,5,0.7624685869938174,0.19988593257745585,-1.3751641952101814,-1.3275425886937566,0.2817473966748804,0.38845138009843005,-0.7568709888914547,53,59,59,25,29,31,50,62,53,50,70,71,58,73,-0.23708346974849043,0.23093236534980094,0.5452979098368164,0.20810577691695947,-0.6369387178656325,1.1714846324989228,1.2957789670548048,37.55797812410252,1.948490767019448,KE_marsa
26.262878436468107,29.538155448434523,22.195316000561196,17.305281215125905,37.13631837872456,37.06613834274029,25.313417245629132,5,0.6349626309356782,0.25357918289720127,-1.322023350376927,-1.265412999029925,0.21571062597533164,0.38682162179980384,-0.7432067227824761,53,59,59,25,29,31,50,61,56,49,70,71,57,76,-0.12909769146474212,0.18120716845527873,0.47673517821169326,0.11827946431428694,-0.7199319730902944,1.2129730457533303,1.298463908767033,37.579088533279325,1.9545993109514608,KE_marsa
19.074853866864974,18.9359712964317,20.256774422102563,15.111878598135021,33.48385308777825,35.66654911564641,31.97770935539305,5,0.48302881787156493,0.5888665059223266,-1.2695204901245416,-1.2616190021236586,0.17182076668345736,0.3191696573012483,-0.6174272826559026,53,59,59,25,29,31,50,60,57,52,70,71,55,72,0.36074377348444603,-0.03676437151355772,0.497807353362473,-0.024221881847738273,-1.2441657708483869,1.0669694234243223,1.0746833108675222,37.73261061533535,2.2405330658867046,KE_marsa
19.353248968762628,23.55621334255576,22.548643406631292,13.836789553353313,19.832814677346924,18.507796461338117,13.672232130167737,1,0.8880165010877011,0.23068054864323853,-1.20866743552325,-1.1437417407638932,0.37005131349755055,0.04986710075367472,-0.8832477726494887,53,59,59,25,29,31,50,49,42,39,69,71,51,58,0.37253264912098705,0.1532516905399333,0.4134150921443803,-0.21718344757830416,-1.3448330796280572,1.1073991867607107,1.1297775193574384,37.89278023049386,2.0670683845232247,KE_marsa
22.133853213476062,23.811972408022527,11.06068950501566,15.091433465331255,19.41873185505779,23.19005004732219,17.077253314844242,5,0.8349908583724864,0.26935625716010037,-1.3991091941465488,-1.4338422055411533,0.38049377289487013,0.7085163685508227,-0.5397328372269872,53,59,59,25,29,31,50,59,58,52,70,72,57,78,0.13219189802526693,-0.0847563637533805,0.3413386976698663,-0.008613458109488053,-0.8734056293334118,1.236354009825797,1.2520830697832104,37.44182595786586,2.2912878794394573,KE_marsa
26.0519164707943,27.055458773045228,24.435351024803175,15.664641397672911,36.76086805137089,50.729020172063315,40.73143776377874,5,0.7624685869938174,0.19988593257745585,-1.3751641952101814,-1.3275425886937566,0.2817473966748804,0.38845138009843005,-0.7568709888914547,53,59,59,25,29,31,50,58,54,47,68,71,56,68,-0.23708346974849043,0.23093236534980094,0.5452979098368164,0.20810577691695947,-0.6369387178656325,1.1714846324989228,1.2957789670548048,37.62598059111036,1.9113903457853119,KE_marsa
22.006558298756218,27.067312878082028,16.936061923013558,13.481349971847205,17.981017809452624,18.84299948305378,15.13903428432289,5,0.7560610196981756,0.13354557888134322,-1.4297171226087853,-1.3723929369609071,0.4835067423336221,0.9762487176838844,-0.638789883425777,53,59,59,25,29,31,50,59,61,53,70,71,56,78,0.21097535806192427,0.03255238434256544,0.3235283044403796,-0.08537461268982853,-0.9261479379798349,1.219410996173364,1.263029754947292,37.44164629480904,2.2422398649265314,KE_marsa
30.00062286092272,30.960552623908672,20.630959245563925,11.302945004672809,28.246659102318795,33.19251605283414,23.285958264366613,5,0.7303404309489688,0.6077934861352635,-1.3821092428324238,-1.4518869641552705,0.3337707990520069,0.4958340291599453,-0.44632741267408893,53,59,59,25,29,31,50,59,60,51,70,72,57,73,0.3379187720151774,-0.2241284268637097,0.4860855457444098,0.051472958974369695,-1.1862595921299304,1.0408473027141638,1.03276726090456,37.546389856937374,2.376358336845576,KE_marsa
16.80682913307461,21.90436430807739,16.905899306957796,14.344116308226942,21.042055659230954,24.072624499969244,18.728620383949018,5,0.49606335404457236,0.3880203197055291,-1.2888218408558467,-1.2401440326662025,0.1903392992835394,0.4346601228953286,-0.7071363863991699,53,59,59,25,29,31,50,58,54,55,70,72,58,74,0.35357873050929634,0.13249855409993727,0.48348122100194496,-0.06422656303389036,-1.2350492748184052,1.0583632067885973,1.1156025665350011,37.551420422528444,2.054042812903492,KE_marsa
30.411799883692538,37.66472522059605,30.946574676121227,23.606349611845925,29.59169239779395,43.709299490053546,25.180245518769937,1,0.8052302311375974,0.34308223526812054,-1.2241015847627021,-1.197322751065316,0.4048343567765568,0.128585264466091,-0.7751089869610863,53,59,59,25,29,31,50,56,46,49,70,71,54,69,0.10667003453864889,0.14305055569150635,0.47891516852204324,-0.07708946705250201,-1.0309639670613346,1.2024605937548178,1.1876280584483014,37.87463426175465,2.2028038239536847,KE_marsa
21.61277479633884,19.31706283258076,13.366753579031892,12.19929039204396,26.862566533697343,25.356286231860224,15.893369748949343,5,0.6907680815861699,0.4754940980710728,-1.2523416141409611,-1.3047821134804283,0.5183766851300641,0.31723010762766185,-0.5767597529451935,53,59,59,25,29,31,50,58,54,51,69,72,52,68,0.44555792533982547,-0.18267492121022316,0.5462781394873478,-0.023695955821485794,-1.346157494966413,0.9513508398537023,0.9332544830668238,37.873286788828466,2.3721362550102145,KE_marsa
20.028770267796972,25.914275059101154,18.367909906843153,14.222578691917308,28.055719324773513,28.00457627225404,17.715121087861533,5,0.5532661719354374,0.6737542231708705,-1.3625870498364006,-1.389953846684573,0.28924733256724705,0.5296637489516713,-0.47884646323459795,53,59,59,25,29,31,50,60,58,51,70,72,55,69,0.5235020344610957,-0.2465888477094906,0.4707197466599101,-0.029557247184032756,-1.3352918847539867,0.9550829632094235,0.9885189412098633,37.604331192763084,2.348600394566283,KE_marsa
28.227685920911856,32.037763486453485,20.617005728478567,12.088221146706966,22.909903999696272,23.737975569428365,18.51690773753993,5,0.5883022643229917,0.40585706698301083,-1.3932675594236479,-1.3695979085088248,0.36962555992937324,0.7418474722353607,-0.5869428502828263,53,59,59,25,29,31,50,60,57,51,70,71,57,79,0.5034674459061117,-0.11104618129925803,0.33076563048239305,-0.1484920359086722,-1.2224064492405695,1.07955264667406,1.1351040626449729,37.501833418845045,2.23801778309117,KE_marsa
24.65981581650062,24.36601806393328,17.16086052388272,13.96956246614629,28.05628724310417,33.8368882557267,25.149934719639422,5,0.5342808864029268,0.7273444369247666,-1.3224132733786904,-1.3478338884784125,0.25567344252841123,0.39758357195029115,-0.5086107467434442,53,59,59,25,29,31,50,62,58,49,70,71,54,75,0.2946253737774745,-0.1260224605423913,0.6145866484342932,0.11293750323462683,-1.2528954244119903,1.0038655340665739,0.9920421291742726,37.73961747455148,2.341234209236503,KE_marsa
20.45725292266194,23.828496771808098,18.779469894803565,11.694756035121898,24.399422347430832,27.830876453955128,22.178826871973683,5,0.6349626309356782,0.25357918289720127,-1.322023350376927,-1.265412999029925,0.21571062597533164,0.38682162179980384,-0.7432067227824761,53,59,59,25,29,31,50,59,58,54,70,72,59,74,-0.12909769146474212,0.18120716845527873,0.47673517821169326,0.11827946431428694,-0.7199319730902944,1.2129730457533303,1.298463908767033,37.55968492314234,2.046227469931652,KE_marsa
23.35489134581266,26.41544062512707,17.280343055971866,15.897724427737725,28.796271924647417,29.38081459032656,20.361034956516953,5,0.5893312700186629,0.8017765235197415,-1.3768802554729471,-1.4274970264047302,0.33358582122942754,0.49311227071881963,-0.41744714103250674,53,59,59,25,29,31,50,59,55,48,70,72,53,73,0.4377548315643209,-0.3820181116931545,0.45739113198742,0.04338119699194123,-1.2542479483357911,1.0095466719533386,0.9972575304479322,37.62535177041148,2.3647700696804344,KE_marsa
20.573517639029838,20.721993521660153,17.98726611197414,10.75314350115145,24.22653652496442,26.80797503340489,19.09624791281583,5,0.48302881787156493,0.5888665059223266,-1.2695204901245416,-1.2616190021236586,0.17182076668345736,0.3191696573012483,-0.6174272826559026,53,59,59,25,29,31,50,60,56,51,70,71,57,72,0.36074377348444603,-0.03676437151355772,0.497807353362473,-0.024221881847738273,-1.2441657708483869,1.0669694234243223,1.0746833108675222,37.723268136380504,2.172261104293621,KE_marsa
22.293356055966793,27.23452577590021,24.00451028519079,11.246265768710703,27.812970392338613,30.20308702003851,22.866038977584683,5,0.7626721556106882,0.31342198670392013,-1.2756072997194436,-1.2149979351629616,0.34031397095792465,0.18347716423379914,-0.8196115192383446,53,59,59,25,29,31,50,53,49,46,68,71,58,60,0.5894349558020856,-0.05314608184084066,0.26464081675390516,-0.2790068437938897,-1.4207818460564392,1.082817266575859,1.133764582716796,37.78327559735969,1.9873878188218232,KE_marsa
25.953052495812422,28.816679113572494,17.435755924900718,16.287107532138332,29.689289800686378,31.31240092856116,23.108077234994685,5,0.5342808864029268,0.7273444369247666,-1.3224132733786904,-1.3478338884784125,0.25567344252841123,0.39758357195029115,-0.5086107467434442,53,59,59,25,29,31,50,58,57,51,70,72,54,76,0.2946253737774745,-0.1260224605423913,0.6145866484342932,0.11293750323462683,-1.2528954244119903,1.0038655340665739,0.9920421291742726,37.67996933968595,2.308984690536612,KE_marsa
15.600032503078511,19.649514047207735,10.56893190084005,11.545306970064424,14.013167624701786,16.730627476183425,10.298697503494779,5,0.8633549308570097,0.36323793513696423,-1.3792592239770782,-1.4452955335331705,0.3306733674959706,0.5118584583533343,-0.4908658118779817,53,59,59,25,29,31,50,56,55,52,69,71,53,67,0.17514411301482868,-0.11217904952160823,0.4076858244021504,0.022782864284705676,-0.9679257850801178,1.1814831354422897,1.1542762289715502,37.431495332098486,2.3765379999024,KE_marsa
27.442854265155564,22.879392873626635,23.77827232097852,15.645957896475016,27.771211862197436,25.66905194086509,24.14284747544282,1,0.736745264290688,0.4225986219090218,-1.239455039262038,-1.2627489606440898,0.47139133040866826,0.23864360814856375,-0.6560051140404585,53,59,59,25,29,31,50,61,58,56,69,71,61,82,0.2952343358392597,-0.07713094951043663,0.513696539032457,-0.044215704414065284,-1.154093583666392,1.113034286377658,1.0876372678494775,37.8802936480446,2.301887999792068,KE_marsa
24.491456463867838,32.3317331485918,20.23784815936455,12.26759617298687,19.752572490894945,20.210667685334997,14.846030936410052,5,0.5883022643229917,0.40585706698301083,-1.3932675594236479,-1.3695979085088248,0.36962555992937324,0.7418474722353607,-0.5869428502828263,53,59,59,25,29,31,50,58,60,51,70,71,56,76,0.5034674459061117,-0.11104618129925803,0.33076563048239305,-0.1484920359086722,-1.2224064492405695,1.07955264667406,1.1351040626449729,37.4571871492243,2.2470009359323653,KE_marsa
27.208957389007573,26.71231556553955,10.89922981320623,16.73708678949641,22.05178548220014,25.453316700652714,18.054126664777353,5,0.8349908583724864,0.26935625716010037,-1.3991091941465488,-1.4338422055411533,0.38049377289487013,0.7085163685508227,-0.5397328372269872,53,59,59,25,29,31,50,58,57,56,70,71,57,70,0.13219189802526693,-0.0847563637533805,0.3413386976698663,-0.008613458109488053,-0.8734056293334118,1.236354009825797,1.2520830697832104,37.401940759250955,2.2872454606609196,KE_marsa
19.66453986850982,22.68701769304364,29.64566257646173,10.730662665236753,34.380106845831925,27.69589684746776,27.30691224091924,5,0.6349626309356782,0.25357918289720127,-1.322023350376927,-1.265412999029925,0.21571062597533164,0.38682162179980384,-0.7432067227824761,53,59,59,25,29,31,50,62,59,51,69,71,55,72,-0.12909769146474212,0.18120716845527873,0.47673517821169326,0.11827946431428694,-0.7199319730902944,1.2129730457533303,1.298463908767033,37.5954378714503,1.9923285528844807,KE_marsa
21.943693549283307,23.73520491761911,15.061028666440256,11.747209102016013,20.900188876951756,20.4046939338696,15.474186596774842,5,0.5893312700186629,0.8017765235197415,-1.3768802554729471,-1.4274970264047302,0.33358582122942754,0.49311227071881963,-0.41744714103250674,53,59,59,25,29,31,50,60,59,50,70,71,55,68,0.4377548315643209,-0.3820181116931545,0.45739113198742,0.04338119699194123,-1.2542479483357911,1.0095466719533386,0.9972575304479322,37.555193346721744,2.3968399253235013,KE_marsa
39.04490377712221,35.28455659651029,35.109349005857084,20.631828694832546,38.60301833692005,43.72662126614167,31.216334514968818,5,0.6371825659538705,0.48908872442968265,-1.253503993058475,-1.2336839183006616,0.28303440500518234,0.22113944830807858,-0.6927322260008901,53,59,59,25,29,31,50,56,51,53,69,71,63,79,0.1441052275901866,0.11615286226279438,0.5654309956370787,0.019289030022729838,-1.10170669070866,1.1063755668042694,1.123374675833945,37.84912210768565,2.235951657937695,KE_marsa
22.399281132873128,24.37015673961054,21.364520833503104,14.433544267876867,22.2870563201316,19.808349897991018,12.725613771679985,5,0.8880165010877011,0.23068054864323853,-1.20866743552325,-1.1437417407638932,0.37005131349755055,0.04986710075367472,-0.8832477726494887,53,59,59,25,29,31,50,53,43,39,68,71,47,58,0.37253264912098705,0.1532516905399333,0.4134150921443803,-0.21718344757830416,-1.3448330796280572,1.1073991867607107,1.1297775193574384,37.89215140979498,2.0841363749214956,KE_marsa
19.16828483318319,24.907577797941343,16.1857799311992,13.35725001962248,24.408886217696402,25.248930393762457,17.312044561501775,5,0.5893312700186629,0.8017765235197415,-1.3768802554729471,-1.4274970264047302,0.33358582122942754,0.49311227071881963,-0.41744714103250674,53,59,59,25,29,31,50,61,54,49,70,72,53,72,0.4377548315643209,-0.3820181116931545,0.45739113198742,0.04338119699194123,-1.2542479483357911,1.0095466719533386,0.9972575304479322,37.64592319041782,2.3755498530898684,KE_marsa
25.594704956412926,24.712752296628445,17.82011102558796,17.48074049012514,23.61449122008462,21.938184643021636,17.929540044107103,5,0.5342808864029268,0.7273444369247666,-1.3224132733786904,-1.3478338884784125,0.25567344252841123,0.39758357195029115,-0.5086107467434442,53,59,59,25,29,31,50,61,58,52,70,72,56,74,0.2946253737774745,-0.1260224605423913,0.6145866484342932,0.11293750323462683,-1.2528954244119903,1.0038655340665739,0.9920421291742726,37.69551019410122,2.298115075598766,KE_marsa
23.72069225954708,27.200665709975425,25.002866693147844,15.069182556768732,20.094049329567657,21.168564117103696,19.901763243380262,5,0.6697727196772705,0.3537199728779275,-1.2260377244334115,-1.1758960368335771,0.2430524243675249,0.15780376381003702,-0.7950333621063828,53,59,59,25,29,31,50,51,46,45,69,71,56,60,0.33514522129763374,-0.005177319968916776,0.33653032518501613,-0.16021393981457643,-1.1713328858491858,1.197071071671015,1.2244004047139114,37.83403041091245,2.093029696234279,KE_marsa
21.72799350865954,29.1199452633254,17.986255065782622,15.562748547630472,31.745941946316417,31.73900492086992,20.629869461711944,5,0.5893312700186629,0.8017765235197415,-1.3768802554729471,-1.4274970264047302,0.33358582122942754,0.49311227071881963,-0.41744714103250674,53,59,59,25,29,31,50,59,57,48,70,72,53,71,0.4377548315643209,-0.3820181116931545,0.45739113198742,0.04338119699194123,-1.2542479483357911,1.0095466719533386,0.9972575304479322,37.6322687980992,2.3626141129985476,KE_marsa
20.3772117009457,27.412157850060687,18.198856704798807,15.902525813939501,13.76079428171815,16.99754183697581,12.37901192820475,5,0.8633549308570097,0.36323793513696423,-1.3792592239770782,-1.4452955335331705,0.3306733674959706,0.5118584583533343,-0.4908658118779817,53,59,59,25,29,31,50,59,53,53,70,71,55,71,0.17514411301482868,-0.11217904952160823,0.4076858244021504,0.022782864284705676,-0.9679257850801178,1.1814831354422897,1.1542762289715502,37.437244549916855,2.3528224764016445,KE_marsa
18.382763558466003,22.637788719494964,14.165099676309614,17.630079890929206,17.29546649068311,19.23423056453777,13.566945209398398,5,0.8349908583724864,0.26935625716010037,-1.3991091941465488,-1.4338422055411533,0.38049377289487013,0.7085163685508227,-0.5397328372269872,53,59,59,25,29,31,50,60,56,52,69,71,56,75,0.13219189802526693,-0.0847563637533805,0.3413386976698663,-0.008613458109488053,-0.8734056293334118,1.236354009825797,1.2520830697832104,37.438861517428265,2.302786315076187,KE_marsa
17.099931250603497,20.397604155300833,19.179749932895575,11.921836259882989,30.3091733035977,26.23920985394791,21.18422055929976,5,0.49606335404457236,0.3880203197055291,-1.2888218408558467,-1.2401440326662025,0.1903392992835394,0.4346601228953286,-0.7071363863991699,53,59,59,25,29,31,50,53,57,49,70,71,58,72,0.35357873050929634,0.13249855409993727,0.48348122100194496,-0.06422656303389036,-1.2350492748184052,1.0583632067885973,1.1156025665350011,37.64215026622451,2.0834177226942003,KE_marsa
21.898809954747705,26.34686755813125,18.401667885241174,13.55234455107724,25.644291107664415,24.207264154668334,15.224998390193548,5,0.6254585620661952,0.6695366236938834,-1.310153572165373,-1.3586367379585476,0.404512042434183,0.3861183987673942,-0.49991287661477474,53,59,59,25,29,31,50,58,56,50,70,72,55,68,0.2920916615247672,-0.20954862948761646,0.6010824826894805,0.111380045901557,-1.2534876421256704,0.9911744378323858,0.9779466718084652,37.75183456241551,2.3980975667212685,KE_marsa
24.886984491605162,26.842850415220468,16.864818591224797,9.61318610377585,20.88563437339553,19.217987673582048,13.011444417821759,5,0.7624685869938174,0.19988593257745585,-1.3751641952101814,-1.3275425886937566,0.2817473966748804,0.38845138009843005,-0.7568709888914547,53,59,59,25,29,31,50,55,54,46,68,71,56,71,-0.23708346974849043,0.23093236534980094,0.5452979098368164,0.20810577691695947,-0.6369387178656325,1.1714846324989228,1.2957789670548048,37.62445345512736,1.9000715732054059,KE_marsa
19.80947846935098,19.464463748745924,12.17927501668402,11.41866841216094,24.38237448926002,26.243898577617635,17.548782661996526,5,0.5023476396552822,0.5395769425090994,-1.3240291778453357,-1.310486796920535,0.2350368064427182,0.4905881754692866,-0.5979190105537024,53,59,59,25,29,31,50,58,59,54,70,71,55,79,0.5040928575301021,-0.06793108448889754,0.44421215991077573,-0.09148910244354551,-1.3290066057441234,1.0043916843371823,1.046702579264177,37.57369864157461,2.2270583366249115,KE_marsa
25.874452400775603,28.312627075573047,16.167293239355377,12.961019081105688,20.98493064926168,23.04153570127231,16.42843727389729,5,0.7560610196981756,0.13354557888134322,-1.4297171226087853,-1.3723929369609071,0.4835067423336221,0.9762487176838844,-0.638789883425777,53,59,59,25,29,31,50,59,61,52,69,71,56,79,0.21097535806192427,0.03255238434256544,0.3235283044403796,-0.08537461268982853,-0.9261479379798349,1.219410996173364,1.263029754947292,37.44595820817281,2.239724582130997,KE_marsa
26.073535182118324,29.504326024770748,17.879627981354243,15.08711762425578,16.873691612993714,24.181774387935448,16.14492217484683,5,0.8349908583724864,0.26935625716010037,-1.3991091941465488,-1.4338422055411533,0.38049377289487013,0.7085163685508227,-0.5397328372269872,53,59,59,25,29,31,50,61,54,48,70,71,58,76,0.13219189802526693,-0.0847563637533805,0.3413386976698663,-0.008613458109488053,-0.8734056293334118,1.236354009825797,1.2520830697832104,37.41343919488769,2.33602398058861,KE_marsa
27.242802252411742,31.722470591057217,27.801185328930043,18.50425744530178,36.499174800083004,32.62197155018366,24.30578541976633,5,0.5342808864029268,0.7273444369247666,-1.3224132733786904,-1.3478338884784125,0.25567344252841123,0.39758357195029115,-0.5086107467434442,53,59,59,25,29,31,50,60,57,51,70,72,53,77,0.2946253737774745,-0.1260224605423913,0.6145866484342932,0.11293750323462683,-1.2528954244119903,1.0038655340665739,0.9920421291742726,37.70072042274911,2.2767351718367212,KE_marsa
23.73199922074559,29.6953698894229,26.524640656836638,14.165456717026775,29.09525036661353,51.22996809473638,36.61001245387358,5,0.6697727196772705,0.3537199728779275,-1.2260377244334115,-1.1758960368335771,0.2430524243675249,0.15780376381003702,-0.7950333621063828,53,59,59,25,29,31,50,55,49,45,68,71,51,62,0.33514522129763374,-0.005177319968916776,0.33653032518501613,-0.16021393981457643,-1.1713328858491858,1.197071071671015,1.2244004047139114,37.76764491141601,2.0683260259209924,KE_marsa
18.80679203624541,26.184362326362823,19.217517374578257,10.704549974341273,26.806299150797308,27.74267576486767,24.09965488057794,5,0.6349626309356782,0.25357918289720127,-1.322023350376927,-1.265412999029925,0.21571062597533164,0.38682162179980384,-0.7432067227824761,53,59,59,25,29,31,50,58,59,52,69,71,58,69,-0.12909769146474212,0.18120716845527873,0.47673517821169326,0.11827946431428694,-0.7199319730902944,1.2129730457533303,1.298463908767033,37.59912096411519,2.042364714209938,KE_marsa
29.788111334106375,29.186313335594942,26.437313332310115,16.04816606141373,28.593570544186623,33.40998297426446,21.359401409979004,5,0.8052302311375974,0.34308223526812054,-1.2241015847627021,-1.197322751065316,0.4048343567765568,0.128585264466091,-0.7751089869610863,53,59,59,25,29,31,50,58,50,57,69,71,65,80,0.10667003453864889,0.14305055569150635,0.47891516852204324,-0.07708946705250201,-1.0309639670613346,1.2024605937548178,1.1876280584483014,37.86457313057251,2.2479890827448967,KE_marsa
25.44373805309176,27.413341277361596,26.76655864985005,13.738039112566616,28.522728801113367,37.939720721457505,32.26284368943048,5,0.6349626309356782,0.25357918289720127,-1.322023350376927,-1.265412999029925,0.21571062597533164,0.38682162179980384,-0.7432067227824761,53,59,59,25,29,31,50,60,52,52,68,71,57,68,-0.12909769146474212,0.18120716845527873,0.47673517821169326,0.11827946431428694,-0.7199319730902944,1.2129730457533303,1.298463908767033,37.632717955741256,1.9632231376790081,KE_marsa
22.553408091612905,29.271988005905307,28.75233319020652,10.263664702715854,30.819556411096112,34.455485567138105,27.03497131503704,5,0.6349626309356782,0.25357918289720127,-1.322023350376927,-1.265412999029925,0.21571062597533164,0.38682162179980384,-0.7432067227824761,53,59,59,25,29,31,50,61,54,50,68,71,53,66,-0.12909769146474212,0.18120716845527873,0.47673517821169326,0.11827946431428694,-0.7199319730902944,1.2129730457533303,1.298463908767033,37.636041722292504,1.9939455203958958,KE_marsa
22.74785830342674,23.386153549167915,20.931894987554617,15.723713690177416,26.094100634608676,28.07237817600225,21.894570633202136,5,0.47571444522283485,0.4549653781561657,-1.23401926819428,-1.1964575855007875,0.13297418332906444,0.2624462798204412,-0.7102437994189669,53,59,59,25,29,31,50,59,57,49,69,71,58,70,0.35498774763823143,-0.015082551434850133,0.3400444339572716,-0.13840780077443637,-1.1499520804945564,1.1708055703470557,1.209159829378894,37.69811530842516,2.1030009958880056,KE_marsa
22.597970615764382,31.750483060855938,27.171829632341268,15.420629627623013,32.68457493858651,39.994150369619774,28.602750053542756,5,0.6371825659538705,0.48908872442968265,-1.253503993058475,-1.2336839183006616,0.28303440500518234,0.22113944830807858,-0.6927322260008901,53,59,59,25,29,31,50,58,54,49,68,71,54,68,0.1441052275901866,0.11615286226279438,0.5654309956370787,0.019289030022729838,-1.10170669070866,1.1063755668042694,1.123374675833945,37.75938041080211,2.1522286734577554,KE_marsa
21.21486768421801,23.07563290706094,16.247568737507084,16.0541976598693,25.754681388384483,25.081201046986617,17.254713584943918,5,0.6845184817076019,0.5075251393331524,-1.3842897479566922,-1.4272276157698165,0.3337347274609011,0.6069665793395186,-0.4967432881972412,53,59,59,25,29,31,50,62,56,56,70,72,56,70,0.36894994334540226,-0.172051661769092,0.4245713873993176,-0.01949307236150211,-1.169676193125167,1.075786000131078,1.1005979781517305,37.522853996493446,2.32084245228699,KE_marsa
23.183586409571454,23.767043661915498,20.6578184633655,10.529979467292248,22.45069653559987,27.062575910421447,18.94010984097116,5,0.7162599948351275,0.3822822484921685,-1.3738696802755126,-1.3213841258507368,0.333185038885595,0.3277727216993398,-0.7509345185523304,53,59,59,25,29,31,50,53,50,47,69,71,56,63,0.34962387765891156,0.0004678552316811912,0.3999591770922947,-0.07051498561197497,-1.2252257188665687,1.1144628753832369,1.2278787321446183,37.70260688484576,1.9096835467454847,KE_marsa
23.692431749989904,25.003149847874365,20.98012073675856,9.877843069544777,24.779319452387924,27.87232733302378,21.394424756987487,5,0.6697727196772705,0.3537199728779275,-1.2260377244334115,-1.1758960368335771,0.2430524243675249,0.15780376381003702,-0.7950333621063828,53,59,59,25,29,31,50,62,49,50,69,71,54,61,0.33514522129763374,-0.005177319968916776,0.33653032518501613,-0.16021393981457643,-1.1713328858491858,1.197071071671015,1.2244004047139114,37.75614647577928,2.1142299369394997,KE_marsa
29.166681191020015,36.06076477095923,38.389750025937275,16.060530345316533,42.95112078623882,58.82653475447498,58.36803549810011,5,0.6349626309356782,0.25357918289720127,-1.322023350376927,-1.265412999029925,0.21571062597533164,0.38682162179980384,-0.7432067227824761,53,59,59,25,29,31,50,59,56,53,68,71,53,67,-0.12909769146474212,0.18120716845527873,0.47673517821169326,0.11827946431428694,-0.7199319730902944,1.2129730457533303,1.298463908767033,37.6045108558199,1.9737334265032067,KE_marsa
24.741141330469944,27.161455380480845,24.350484260120567,13.099787420117135,24.389800143375368,29.84864947645297,19.896213697051195,5,0.7626721556106882,0.31342198670392013,-1.2756072997194436,-1.2149979351629616,0.34031397095792465,0.18347716423379914,-0.8196115192383446,53,59,59,25,29,31,50,51,47,43,69,71,59,66,0.5894349558020856,-0.05314608184084066,0.26464081675390516,-0.2790068437938897,-1.4207818460564392,1.082817266575859,1.133764582716796,37.785072227927934,2.016133907913648,KE_marsa
23.493102142239994,25.0851687009633,17.55332299831064,13.934013756431709,28.96367420869524,32.83328812383961,25.071934764250653,5,0.48302881787156493,0.5888665059223266,-1.2695204901245416,-1.2616190021236586,0.17182076668345736,0.3191696573012483,-0.6174272826559026,53,59,59,25,29,31,50,60,55,47,70,71,57,70,0.36074377348444603,-0.03676437151355772,0.497807353362473,-0.024221881847738273,-1.2441657708483869,1.0669694234243223,1.0746833108675222,37.703325537073056,2.156630418349941,KE_marsa
28.792195562268137,34.55683630728626,20.568605323099554,15.237097010345943,17.293146534015523,19.347740122805224,17.065098093026368,5,0.8349908583724864,0.26935625716010037,-1.3991091941465488,-1.4338422055411533,0.38049377289487013,0.7085163685508227,-0.5397328372269872,53,59,59,25,29,31,50,57,59,54,70,71,56,78,0.13219189802526693,-0.0847563637533805,0.3413386976698663,-0.008613458109488053,-0.8734056293334118,1.236354009825797,1.2520830697832104,37.443173430792044,2.2517620069381987,KE_marsa
20.377008088691326,24.12048143777719,14.288010498901007,10.473014838304879,16.254770766208125,21.957748823321417,15.381881084151182,5,0.6845184817076019,0.5075251393331524,-1.3842897479566922,-1.4272276157698165,0.3337347274609011,0.6069665793395186,-0.4967432881972412,53,59,59,25,29,31,50,57,57,50,70,72,55,72,0.36894994334540226,-0.172051661769092,0.4245713873993176,-0.01949307236150211,-1.169676193125167,1.075786000131078,1.1005979781517305,37.47910604215682,2.34294100827633,KE_marsa
24.81351026473404,25.48072269494045,21.588376495825464,10.544689936212015,23.292279921935897,22.46863697263803,19.479567531357112,5,0.6697727196772705,0.3537199728779275,-1.2260377244334115,-1.1758960368335771,0.2430524243675249,0.15780376381003702,-0.7950333621063828,53,59,59,25,29,31,50,60,50,47,69,71,54,66,0.33514522129763374,-0.005177319968916776,0.33653032518501613,-0.16021393981457643,-1.1713328858491858,1.197071071671015,1.2244004047139114,37.75111591018821,2.1180028611328017,KE_marsa
18.536237885651953,21.182563369192113,13.678349858687161,16.005359219798518,14.63541541574206,20.019849454570583,14.277572782815545,5,0.8349908583724864,0.26935625716010037,-1.3991091941465488,-1.4338422055411533,0.38049377289487013,0.7085163685508227,-0.5397328372269872,53,59,59,25,29,31,50,61,54,52,70,71,54,76,0.13219189802526693,-0.0847563637533805,0.3413386976698663,-0.008613458109488053,-0.8734056293334118,1.236354009825797,1.2520830697832104,37.42700375567789,2.3403358939523833,KE_marsa
20.532063092111247,24.056357990139393,21.874437153891375,8.45334637214247,24.54719627665772,34.813927575736706,25.048973689810115,5,0.5562814929718619,0.43060874536472243,-1.290092410915158,-1.2450566342505223,0.20178462706550457,0.28439612847376244,-0.7310949164627861,53,59,59,25,29,31,50,58,54,49,69,72,54,67,0.35133667603107804,-0.023561666526892684,0.3577145556910882,-0.10989913365031034,-1.1827676008932893,1.1541629418876675,1.228082728568484,37.66927938780493,2.038681621545048,KE_marsa
18.0449276892776,24.191332503340348,20.964295814397662,13.000972659356595,24.734222986781155,30.390046676438043,22.574706350485705,5,0.6349626309356782,0.25357918289720127,-1.322023350376927,-1.265412999029925,0.21571062597533164,0.38682162179980384,-0.7432067227824761,53,59,59,25,29,31,50,62,58,52,69,72,58,73,-0.12909769146474212,0.18120716845527873,0.47673517821169326,0.11827946431428694,-0.7199319730902944,1.2129730457533303,1.298463908767033,37.57917836480774,2.0062524397883332,KE_marsa
23.40076515230514,27.46187159599211,18.60779188169786,16.973385480956747,25.48727804377282,24.148210306602948,19.197384911410893,5,0.5540901411450757,0.8461026095240971,-1.3565904189731375,-1.4011463059647922,0.31492164119815735,0.4552554592462674,-0.4248592481866136,53,59,59,25,29,31,50,62,60,49,70,72,53,72,0.34695980916259744,-0.2913233803483608,0.5792105723091912,0.12564458087109096,-1.2682997624412267,0.9825610691576665,0.9567580359730049,37.70826627113571,2.361446303129192,KE_marsa
19.42112696406087,25.663450555292293,17.308165843167828,13.580343084443367,28.205906159923817,27.60979142787949,20.58750119834953,5,0.5532661719354374,0.6737542231708705,-1.3625870498364006,-1.389953846684573,0.28924733256724705,0.5296637489516713,-0.47884646323459795,53,59,59,21,22,25,50,59,60,52,70,71,55,78,0.5235020344610957,-0.2465888477094906,0.4707197466599101,-0.029557247184032756,-1.3352918847539867,0.9550829632094235,0.9885189412098633,37.6337959340822,2.2898505749848663,KE_marsa
26.233565877407383,27.5927863903002,14.91073366094506,13.885961185378049,14.902920806778438,23.58354443115549,17.136987898506515,5,0.8633549308570097,0.36323793513696423,-1.3792592239770782,-1.4452955335331705,0.3306733674959706,0.5118584583533343,-0.4908658118779817,53,59,59,25,29,31,50,58,54,53,69,71,53,68,0.17514411301482868,-0.11217904952160823,0.4076858244021504,0.022782864284705676,-0.9679257850801178,1.1814831354422897,1.1542762289715502,37.43517842476338,2.3680938362316764,KE_marsa
21.340629707168546,27.712181555552718,20.737963225197305,16.665199770362733,32.89814270548426,29.376700936028797,27.035718759142267,5,0.5342808864029268,0.7273444369247666,-1.3224132733786904,-1.3478338884784125,0.25567344252841123,0.39758357195029115,-0.5086107467434442,53,59,59,25,29,31,50,58,58,53,69,72,54,73,0.2946253737774745,-0.1260224605423913,0.6145866484342932,0.11293750323462683,-1.2528954244119903,1.0038655340665739,0.9920421291742726,37.68248462248148,2.2723334269445354,KE_marsa
17.427807071683787,21.759683773096572,14.73297110954986,4.428582284237388,19.762252846813027,20.793866845802935,13.911090935618452,5,0.6005464002835755,0.21766109881480927,-1.3754357338056684,-1.3008224235655041,0.3446359432483733,0.7300210300315947,-0.7219502845298655,53,59,59,25,29,31,50,62,55,51,70,72,58,76,0.13187070196879216,0.06343144561204801,0.3523617935692746,-0.03355646975659141,-0.8729401826200195,1.222051700015507,1.3057489297563765,37.51997938758426,2.0608700090628003,KE_marsa
32.823598261457406,32.15857842214763,27.981424541337528,14.216236825513226,26.212249051439162,33.560221820926145,26.86992952214906,1,0.6371825659538705,0.48908872442968265,-1.253503993058475,-1.2336839183006616,0.28303440500518234,0.22113944830807858,-0.6927322260008901,53,59,59,25,29,31,50,59,53,46,69,71,51,61,0.1441052275901866,0.11615286226279438,0.5654309956370787,0.019289030022729838,-1.10170669070866,1.1063755668042694,1.123374675833945,37.82028618706541,2.183310382288291,KE_marsa
25.33896449136968,34.354998968598366,20.485254978390742,14.325796953375821,22.10835280978372,18.4979503529182,12.574315040656137,5,0.7560610196981756,0.13354557888134322,-1.4297171226087853,-1.3723929369609071,0.4835067423336221,0.9762487176838844,-0.638789883425777,53,59,59,25,29,31,50,58,58,53,70,71,55,74,0.21097535806192427,0.03255238434256544,0.3235283044403796,-0.08537461268982853,-0.9261479379798349,1.219410996173364,1.263029754947292,37.412900205717214,2.2325380598580407,KE_marsa
18.235980915688828,21.836323595656122,16.439158005632,9.829449111293293,25.282643438213118,27.279705967789603,19.219597408758062,5,0.5883022643229917,0.40585706698301083,-1.3932675594236479,-1.3695979085088248,0.36962555992937324,0.7418474722353607,-0.5869428502828263,53,59,59,25,29,31,50,60,60,53,70,71,56,81,0.5034674459061117,-0.11104618129925803,0.33076563048239305,-0.1484920359086722,-1.2224064492405695,1.07955264667406,1.1351040626449729,37.538305019380296,2.2385567722616417,KE_marsa
27.510496621784835,36.16558963120119,23.584740944100027,13.817396592647633,23.507516209708278,18.82950991276515,10.487423149258577,5,0.7560610196981756,0.13354557888134322,-1.4297171226087853,-1.3723929369609071,0.4835067423336221,0.9762487176838844,-0.638789883425777,53,59,59,25,29,31,50,58,60,54,70,71,53,77,0.21097535806192427,0.03255238434256544,0.3235283044403796,-0.08537461268982853,-0.9261479379798349,1.219410996173364,1.263029754947292,37.407869640126144,2.2104395038687006,KE_marsa
16.300145886966522,24.11908447154958,18.909114049861614,11.1059575058956,26.789944827981195,30.01880885431889,23.224596526282337,5,0.6349626309356782,0.25357918289720127,-1.322023350376927,-1.265412999029925,0.21571062597533164,0.38682162179980384,-0.7432067227824761,53,59,59,25,29,31,50,59,58,54,70,72,57,74,-0.12909769146474212,0.18120716845527873,0.47673517821169326,0.11827946431428694,-0.7199319730902944,1.2129730457533303,1.298463908767033,37.56678161388689,2.034549371238098,KE_marsa
34.66540238501126,34.04927658742153,27.388436037576913,27.472304169144415,33.00186201146532,43.40294745683134,27.411534330209147,1,0.8052302311375974,0.34308223526812054,-1.2241015847627021,-1.197322751065316,0.4048343567765568,0.128585264466091,-0.7751089869610863,53,59,59,25,29,31,50,52,47,44,69,71,52,64,0.10667003453864889,0.14305055569150635,0.47891516852204324,-0.07708946705250201,-1.0309639670613346,1.2024605937548178,1.1876280584483014,37.86286633153268,2.1845680236860585,KE_marsa
21.3224564100319,25.72862943302,24.519921128426073,10.84604839293493,24.08394003684167,27.769100174905393,19.632211631174993,5,0.7626721556106882,0.31342198670392013,-1.2756072997194436,-1.2149979351629616,0.34031397095792465,0.18347716423379914,-0.8196115192383446,53,59,59,25,29,31,50,52,50,48,69,72,54,61,0.5894349558020856,-0.05314608184084066,0.26464081675390516,-0.2790068437938897,-1.4207818460564392,1.082817266575859,1.133764582716796,37.76423131333636,1.980650454190927,KE_marsa
42.68540743738803,38.358281264703926,31.90609174748881,15.297684185202257,37.15883318818728,37.97984913172564,22.655347793337846,5,0.736745264290688,0.4225986219090218,-1.239455039262038,-1.2627489606440898,0.47139133040866826,0.23864360814856375,-0.6560051140404585,53,59,59,25,29,31,50,58,51,56,69,71,65,80,0.2952343358392597,-0.07713094951043663,0.513696539032457,-0.044215704414065284,-1.154093583666392,1.113034286377658,1.0876372678494775,37.87265796812959,2.256343414887208,KE_marsa
19.74984772666532,19.229868600739422,14.469249344027256,13.851985370263288,25.31893268318899,23.984156016336357,16.572370484011486,5,0.5023476396552822,0.5395769425090994,-1.3240291778453357,-1.310486796920535,0.2350368064427182,0.4905881754692866,-0.5979190105537024,53,59,59,25,29,31,50,61,60,51,70,72,55,72,0.5040928575301021,-0.06793108448889754,0.44421215991077573,-0.09148910244354551,-1.3290066057441234,1.0043916843371823,1.046702579264177,37.61547030228616,2.168308517043495,KE_marsa
18.600773704351308,19.803289761555547,12.707720657828661,15.30235033038244,13.022547762485733,19.34059973838717,14.156386213235312,5,0.8349908583724864,0.26935625716010037,-1.3991091941465488,-1.4338422055411533,0.38049377289487013,0.7085163685508227,-0.5397328372269872,53,59,59,25,29,31,50,60,55,53,70,71,54,73,0.13219189802526693,-0.0847563637533805,0.3413386976698663,-0.008613458109488053,-0.8734056293334118,1.236354009825797,1.2520830697832104,37.436975055331615,2.3472529216401035,KE_marsa
24.52910113132385,24.52189059555224,18.538227863205,13.92402882373921,25.91372040675981,27.446242221357174,22.494850685603147,5,0.6254585620661952,0.6695366236938834,-1.310153572165373,-1.3586367379585476,0.404512042434183,0.3861183987673942,-0.49991287661477474,53,59,59,25,29,31,50,54,55,46,70,71,56,71,0.2920916615247672,-0.20954862948761646,0.6010824826894805,0.111380045901557,-1.2534876421256704,0.9911744378323858,0.9779466718084652,37.77303480312073,2.375190526976221,KE_marsa
18.527403934050874,21.475883848534174,15.693634353080935,13.68582578127389,30.327220373716614,29.575345422393497,22.9654878776212,5,0.5023476396552822,0.5395769425090994,-1.3240291778453357,-1.310486796920535,0.2350368064427182,0.4905881754692866,-0.5979190105537024,53,59,59,25,29,31,50,61,56,54,69,72,58,79,0.5040928575301021,-0.06793108448889754,0.44421215991077573,-0.09148910244354551,-1.3290066057441234,1.0043916843371823,1.046702579264177,37.64619268500305,2.2294837878920344,KE_marsa
22.83627797962963,25.41696720131318,13.0078221460207,14.213626896744959,22.528426978196215,27.17009522600659,20.06686988332625,5,0.5342808864029268,0.7273444369247666,-1.3224132733786904,-1.3478338884784125,0.25567344252841123,0.39758357195029115,-0.5086107467434442,53,59,59,25,29,31,50,61,55,53,70,72,56,79,0.2946253737774745,-0.1260224605423913,0.6145866484342932,0.11293750323462683,-1.2528954244119903,1.0038655340665739,0.9920421291742726,37.686616872788434,2.3256933548212353,KE_marsa
21.068103894113463,25.48308419263634,21.202827558011137,18.05708706279522,27.51470759143317,25.823569002897347,19.162535276524665,5,0.5540901411450757,0.8461026095240971,-1.3565904189731375,-1.4011463059647922,0.31492164119815735,0.4552554592462674,-0.4248592481866136,53,59,59,25,29,31,50,59,55,47,70,72,57,69,0.34695980916259744,-0.2913233803483608,0.5792105723091912,0.12564458087109096,-1.2682997624412267,0.9825610691576665,0.9567580359730049,37.7224596526248,2.3742023801636893,KE_marsa
21.80656386954719,26.643615453741603,15.786961273618543,12.170073841656741,18.640684228712054,26.406016609345958,19.77578219479391,5,0.6845184817076019,0.5075251393331524,-1.3842897479566922,-1.4272276157698165,0.3337347274609011,0.6069665793395186,-0.4967432881972412,53,59,59,25,29,31,50,57,54,52,69,72,56,73,0.36894994334540226,-0.172051661769092,0.4245713873993176,-0.01949307236150211,-1.169676193125167,1.075786000131078,1.1005979781517305,37.48764003735596,2.347971573867399,KE_marsa
23.149347760478232,22.10410732419144,21.96180727030603,12.935882150473558,27.87215944978469,31.510888384523323,20.616339495943453,5,0.8784681258110237,0.2906551965235563,-1.3521554396235662,-1.29629892262722,0.41180506685351026,0.30103224920241356,-0.8000468156235728,53,59,59,25,29,31,50,58,51,46,69,71,57,69,0.5936001363001027,-0.06932361638323364,0.2921997209278591,-0.24096429056362623,-1.4504151913612224,1.0428905735948668,1.1406486534677742,37.7675550798876,1.9364533422122465,KE_marsa
24.711031521183177,31.005627348374613,20.092575732594415,14.885788470655992,18.69688908449441,22.936778636058094,16.572451818587968,5,0.6845184817076019,0.5075251393331524,-1.3842897479566922,-1.4272276157698165,0.3337347274609011,0.6069665793395186,-0.4967432881972412,53,59,59,25,29,31,50,60,55,51,70,71,57,80,0.36894994334540226,-0.172051661769092,0.4245713873993176,-0.01949307236150211,-1.169676193125167,1.075786000131078,1.1005979781517305,37.45323456197418,2.2890420912291587,KE_marsa
31.64119057534168,26.862972945287073,28.190180802236274,14.861318862886979,31.522946444916187,22.4815073296166,19.28855853003929,1,0.736745264290688,0.4225986219090218,-1.239455039262038,-1.2627489606440898,0.47139133040866826,0.23864360814856375,-0.6560051140404585,53,59,59,25,29,31,50,61,52,56,69,71,59,82,0.2952343358392597,-0.07713094951043663,0.513696539032457,-0.044215704414065284,-1.154093583666392,1.113034286377658,1.0876372678494775,37.869693527691986,2.27943011768908,KE_marsa
27.56980519470479,27.66704223255048,19.911709471956407,13.158620565892987,31.80204722849689,39.6544456340651,25.91067904856217,5,0.7162599948351275,0.3822822484921685,-1.3738696802755126,-1.3213841258507368,0.333185038885595,0.3277727216993398,-0.7509345185523304,53,59,59,25,29,31,50,54,48,46,69,71,57,62,0.34962387765891156,0.0004678552316811912,0.3999591770922947,-0.07051498561197497,-1.2252257188665687,1.1144628753832369,1.2278787321446183,37.701888232618465,1.905281801853299,KE_marsa
28.700027283614236,29.193511542442607,24.875382242015064,15.141787742433207,21.98366598073046,30.69848243559563,20.693247570504923,1,0.6697727196772705,0.3537199728779275,-1.2260377244334115,-1.1758960368335771,0.2430524243675249,0.15780376381003702,-0.7950333621063828,53,59,59,25,29,31,50,55,49,44,68,71,51,63,0.33514522129763374,-0.005177319968916776,0.33653032518501613,-0.16021393981457643,-1.1713328858491858,1.197071071671015,1.2244004047139114,37.828910013792964,2.1481862546792176,KE_marsa
19.55906606873921,23.378643990632675,17.39107281995011,17.137801683792986,25.16781797704452,24.52333390653971,16.317899657187855,5,0.5540901411450757,0.8461026095240971,-1.3565904189731375,-1.4011463059647922,0.31492164119815735,0.4552554592462674,-0.4248592481866136,53,59,59,25,29,31,50,60,55,48,70,72,57,70,0.34695980916259744,-0.2913233803483608,0.5792105723091912,0.12564458087109096,-1.2682997624412267,0.9825610691576665,0.9567580359730049,37.70745778738,2.3817482285502933,KE_marsa
24.05645266389041,29.86683712681937,16.457941400592414,16.901281400818505,20.073845396727762,17.660033128321025,11.823481589559233,5,0.7560610196981756,0.13354557888134322,-1.4297171226087853,-1.3723929369609071,0.4835067423336221,0.9762487176838844,-0.638789883425777,53,59,59,25,29,31,50,59,58,51,70,71,55,72,0.21097535806192427,0.03255238434256544,0.3235283044403796,-0.08537461268982853,-0.9261479379798349,1.219410996173364,1.263029754947292,37.412001890433096,2.2461924521766576,KE_marsa
21.578878521432593,25.294948227419034,19.875512100224974,14.529854946902807,31.378194395957134,32.76360084203564,25.88945322153443,5,0.47571444522283485,0.4549653781561657,-1.23401926819428,-1.1964575855007875,0.13297418332906444,0.2624462798204412,-0.7102437994189669,53,59,59,25,29,31,50,60,55,46,70,71,58,72,0.35498774763823143,-0.015082551434850133,0.3400444339572716,-0.13840780077443637,-1.1499520804945564,1.1708055703470557,1.209159829378894,37.68104731802689,2.1301301174684153,KE_marsa
26.790515326622355,30.552486041268065,25.14452548033011,13.969686405806238,26.03839660755713,30.513509176337948,24.886533172989754,5,0.6845184817076019,0.5075251393331524,-1.3842897479566922,-1.4272276157698165,0.3337347274609011,0.6069665793395186,-0.4967432881972412,53,59,59,25,29,31,50,61,57,54,70,71,55,73,0.36894994334540226,-0.172051661769092,0.4245713873993176,-0.01949307236150211,-1.169676193125167,1.075786000131078,1.1005979781517305,37.5465695199942,2.32084245228699,KE_marsa
27.218281553945303,32.627932137705955,16.272427233926166,16.913635078778544,20.220586110162905,27.76444677499234,19.724939214093613,5,0.8349908583724864,0.26935625716010037,-1.3991091941465488,-1.4338422055411533,0.38049377289487013,0.7085163685508227,-0.5397328372269872,53,59,59,25,29,31,50,57,58,54,70,71,58,73,0.13219189802526693,-0.0847563637533805,0.3413386976698663,-0.008613458109488053,-0.8734056293334118,1.236354009825797,1.2520830697832104,37.43347162572355,2.273680899870715,KE_marsa
25.047888568715138,25.860378480453136,30.159267707937882,11.149758094723863,27.731453083838357,33.361889568900025,27.0399965192824,5,0.5562814929718619,0.43060874536472243,-1.290092410915158,-1.2450566342505223,0.20178462706550457,0.28439612847376244,-0.7310949164627861,53,59,59,25,29,31,50,59,55,50,69,71,56,68,0.35133667603107804,-0.023561666526892684,0.3577145556910882,-0.10989913365031034,-1.1827676008932893,1.1541629418876675,1.228082728568484,37.65023510378159,1.9837945576853453,KE_marsa
23.577311667270607,20.386479289046623,15.168606927997763,9.75253384213585,27.146973647273555,23.829908151385155,19.909165423238488,5,0.5883022643229917,0.40585706698301083,-1.3932675594236479,-1.3695979085088248,0.36962555992937324,0.7418474722353607,-0.5869428502828263,53,59,59,25,29,31,50,59,60,55,70,71,57,79,0.5034674459061117,-0.11104618129925803,0.33076563048239305,-0.1484920359086722,-1.2224064492405695,1.07955264667406,1.1351040626449729,37.52788456208451,2.230921092346626,KE_marsa
23.78051670074146,24.042026831519866,25.71846846583986,10.90441604208832,28.167135712157833,30.42945970194686,25.698891776595552,5,0.6349626309356782,0.25357918289720127,-1.322023350376927,-1.265412999029925,0.21571062597533164,0.38682162179980384,-0.7432067227824761,53,59,59,25,29,31,50,64,54,50,68,71,55,69,-0.12909769146474212,0.18120716845527873,0.47673517821169326,0.11827946431428694,-0.7199319730902944,1.2129730457533303,1.298463908767033,37.6427790869234,1.9594502134857061,KE_marsa
20.092204634884798,22.94125503182747,17.232708943188094,10.535839768545246,22.861099960091913,24.51802570267746,17.041352794217243,5,0.5540901411450757,0.8461026095240971,-1.3565904189731375,-1.4011463059647922,0.31492164119815735,0.4552554592462674,-0.4248592481866136,53,59,59,25,29,31,50,58,56,46,70,72,53,69,0.34695980916259744,-0.2913233803483608,0.5792105723091912,0.12564458087109096,-1.2682997624412267,0.9825610691576665,0.9567580359730049,37.65310971269077,2.3929771696017874,KE_marsa
27.29501434988197,30.564712129807145,19.88988647268616,11.031546574357307,27.497839484300798,41.211506468364384,25.73828740186228,5,1.0605775984255648,0.16808338018117777,-1.3317690466809389,-1.2879832990093363,0.38893818673020714,0.37591723713568376,-0.8141753698496995,53,59,59,25,29,31,50,56,49,43,69,72,55,68,0.399929536237974,0.01701209473160318,0.3427466736214829,-0.20305061542016636,-1.3431272640493184,1.1199455683116604,1.1920869425038498,37.87023251686246,1.9120191664841955,KE_marsa
24.997806848382613,27.124834401259882,16.0056014061661,16.37993079434929,18.278790053733097,20.978029089324842,16.01004583591979,5,0.8349908583724864,0.26935625716010037,-1.3991091941465488,-1.4338422055411533,0.38049377289487013,0.7085163685508227,-0.5397328372269872,53,59,59,25,29,31,50,61,58,54,70,71,55,72,0.13219189802526693,-0.0847563637533805,0.3413386976698663,-0.008613458109488053,-0.8734056293334118,1.236354009825797,1.2520830697832104,37.40355772676237,2.313296603900386,KE_marsa
23.225735712341372,25.326695897027573,22.762287628266048,12.897430339581845,32.51108684886008,32.619782836015986,28.457295730952126,5,0.6349626309356782,0.25357918289720127,-1.322023350376927,-1.265412999029925,0.21571062597533164,0.38682162179980384,-0.7432067227824761,53,59,59,25,29,31,50,59,52,51,68,72,56,71,-0.12909769146474212,0.18120716845527873,0.47673517821169326,0.11827946431428694,-0.7199319730902944,1.2129730457533303,1.298463908767033,37.61529063922934,1.9647502736620115,KE_marsa
24.50316211538193,31.003856185597108,27.192493152978656,13.121996491970004,19.533808519984504,28.108867976461244,18.2595719145595,5,0.6697727196772705,0.3537199728779275,-1.2260377244334115,-1.1758960368335771,0.2430524243675249,0.15780376381003702,-0.7950333621063828,53,59,59,25,29,31,50,51,41,43,69,71,54,57,0.33514522129763374,-0.005177319968916776,0.33653032518501613,-0.16021393981457643,-1.1713328858491858,1.197071071671015,1.2244004047139114,37.84597800419123,2.1217757853261037,KE_marsa
28.12042588075379,30.148328364593176,22.955383051752705,10.333772358808254,28.598891237825804,32.29920540404494,16.67941995990919,5,1.0605775984255648,0.16808338018117777,-1.3317690466809389,-1.2879832990093363,0.38893818673020714,0.37591723713568376,-0.8141753698496995,53,59,59,25,29,31,50,57,45,44,69,71,50,69,0.399929536237974,0.01701209473160318,0.3427466736214829,-0.20305061542016636,-1.3431272640493184,1.1199455683116604,1.1920869425038498,37.88703101267549,1.9136361339956107,KE_marsa
24.479537837457507,25.35617535682448,27.728865651422563,10.390282538589405,28.96442502845273,33.32666173176287,26.645875630796887,5,0.5562814929718619,0.43060874536472243,-1.290092410915158,-1.2450566342505223,0.20178462706550457,0.28439612847376244,-0.7310949164627861,53,59,59,25,29,31,50,60,59,51,69,72,56,69,0.35133667603107804,-0.023561666526892684,0.3577145556910882,-0.10989913365031034,-1.1827676008932893,1.1541629418876675,1.228082728568484,37.65266055504871,2.0072405866008647,KE_marsa
27.51858339246579,25.080826651802198,22.7475476710652,13.705366532755045,28.771451774139628,26.991543816998092,20.251468508580384,1,0.736745264290688,0.4225986219090218,-1.239455039262038,-1.2627489606440898,0.47139133040866826,0.23864360814856375,-0.6560051140404585,53,59,59,25,29,31,50,60,53,57,69,71,63,83,0.2952343358392597,-0.07713094951043663,0.513696539032457,-0.044215704414065284,-1.154093583666392,1.113034286377658,1.0876372678494775,37.89197174673815,2.3021574943773038,KE_marsa
26.958797307861374,34.81472203053358,31.693614729085176,12.039445135978832,26.840533577792392,33.02082884243789,24.05749352017129,5,0.7626721556106882,0.31342198670392013,-1.2756072997194436,-1.2149979351629616,0.34031397095792465,0.18347716423379914,-0.8196115192383446,53,59,59,25,29,31,50,51,44,42,69,71,52,57,0.5894349558020856,-0.05314608184084066,0.26464081675390516,-0.2790068437938897,-1.4207818460564392,1.082817266575859,1.133764582716796,37.84022878637287,2.04245454573835,KE_marsa
23.502490991399483,29.99044306339613,15.42767128263474,15.442181645986782,20.610410227575528,28.934051217879702,23.112974608399398,5,0.8349908583724864,0.26935625716010037,-1.3991091941465488,-1.4338422055411533,0.38049377289487013,0.7085163685508227,-0.5397328372269872,53,59,59,25,29,31,50,59,58,53,70,71,58,73,0.13219189802526693,-0.0847563637533805,0.3413386976698663,-0.008613458109488053,-0.8734056293334118,1.236354009825797,1.2520830697832104,37.43562758240544,2.2725130900013593,KE_marsa
31.706283316317794,34.87427093054278,21.72938089227829,15.556971115830509,26.681643511343946,32.34898734257162,25.955892077557483,5,0.5342808864029268,0.7273444369247666,-1.3224132733786904,-1.3478338884784125,0.25567344252841123,0.39758357195029115,-0.5086107467434442,53,59,59,25,29,31,50,63,53,52,70,71,54,76,0.2946253737774745,-0.1260224605423913,0.6145866484342932,0.11293750323462683,-1.2528954244119903,1.0038655340665739,0.9920421291742726,37.72865802808523,2.337371453514789,KE_marsa
30.230539882761665,29.578697786330086,17.594582531229197,17.176317229626207,32.13798936239131,40.00903351000746,26.132721818885138,5,0.6371825659538705,0.48908872442968265,-1.253503993058475,-1.2336839183006616,0.28303440500518234,0.22113944830807858,-0.6927322260008901,53,59,59,25,29,31,50,63,55,52,70,71,58,73,0.1441052275901866,0.11615286226279438,0.5654309956370787,0.019289030022729838,-1.10170669070866,1.1063755668042694,1.123374675833945,37.76593811237618,2.2313702499886854,KE_marsa
28.556716185254068,28.17923226046183,25.326289416264075,31.235821825472282,31.040132537978412,34.57204317609692,28.126399810482667,1,0.8052302311375974,0.34308223526812054,-1.2241015847627021,-1.197322751065316,0.4048343567765568,0.128585264466091,-0.7751089869610863,53,59,59,25,29,31,50,56,49,56,69,71,65,80,0.10667003453864889,0.14305055569150635,0.47891516852204324,-0.07708946705250201,-1.0309639670613346,1.2024605937548178,1.1876280584483014,37.85684761912908,2.243497506324299,KE_marsa
23.035760189763437,23.134256792074684,16.817512463109946,13.17558917691129,29.310675431604725,31.316212097064653,21.6398474202574,5,0.6254585620661952,0.6695366236938834,-1.310153572165373,-1.3586367379585476,0.404512042434183,0.3861183987673942,-0.49991287661477474,53,59,59,25,29,31,50,55,55,49,70,72,55,69,0.2920916615247672,-0.20954862948761646,0.6010824826894805,0.111380045901557,-1.2534876421256704,0.9911744378323858,0.9779466718084652,37.770070362683136,2.3997145342326838,KE_marsa
23.63043331216354,22.88850431904666,21.416557607616788,12.246299671136645,26.22421022287083,30.732505788318942,28.866274142935943,5,0.6349626309356782,0.25357918289720127,-1.322023350376927,-1.265412999029925,0.21571062597533164,0.38682162179980384,-0.7432067227824761,53,59,59,25,29,31,50,60,59,53,69,71,58,70,-0.12909769146474212,0.18120716845527873,0.47673517821169326,0.11827946431428694,-0.7199319730902944,1.2129730457533303,1.298463908767033,37.606756644030206,2.0072405866008647,KE_marsa
20.79844740563704,28.56249346309776,23.604292679084946,14.903692999503823,29.995236497742777,35.935784529190016,24.482853356619184,5,0.49606335404457236,0.3880203197055291,-1.2888218408558467,-1.2401440326662025,0.1903392992835394,0.4346601228953286,-0.7071363863991699,53,59,59,25,29,31,50,57,57,52,70,71,59,68,0.35357873050929634,0.13249855409993727,0.48348122100194496,-0.06422656303389036,-1.2350492748184052,1.0583632067885973,1.1156025665350011,37.60738546472909,2.086202500074971,KE_marsa
21.609160318471712,25.82817758689715,24.2675418627375,14.114011332759812,29.948889493114702,30.84266786779293,24.368971325554273,5,0.7624685869938174,0.19988593257745585,-1.3751641952101814,-1.3275425886937566,0.2817473966748804,0.38845138009843005,-0.7568709888914547,53,59,59,25,29,31,50,61,54,49,69,71,61,72,-0.23708346974849043,0.23093236534980094,0.5452979098368164,0.20810577691695947,-0.6369387178656325,1.1714846324989228,1.2957789670548048,37.64421639137799,1.9325905864905326,KE_marsa
20.55464898752343,22.96850500419454,20.87861264787742,11.121579662008951,25.54913901580915,30.992218878654686,23.516017198190216,5,0.47571444522283485,0.4549653781561657,-1.23401926819428,-1.1964575855007875,0.13297418332906444,0.2624462798204412,-0.7102437994189669,53,59,59,25,29,31,50,57,55,50,69,71,55,70,0.35498774763823143,-0.015082551434850133,0.3400444339572716,-0.13840780077443637,-1.1499520804945564,1.1708055703470557,1.209159829378894,37.72802920738634,2.051886856221605,KE_marsa
21.000390439399307,25.78110013266911,17.185012122066073,11.618374938694734,24.905545801950147,25.251415808930638,15.46500617349064,5,0.5893312700186629,0.8017765235197415,-1.3768802554729471,-1.4274970264047302,0.33358582122942754,0.49311227071881963,-0.41744714103250674,53,59,59,25,29,31,50,61,56,48,70,72,52,71,0.4377548315643209,-0.3820181116931545,0.45739113198742,0.04338119699194123,-1.2542479483357911,1.0095466719533386,0.9972575304479322,37.648707967798586,2.372585412652274,KE_marsa
26.563893723558035,27.954699174889857,18.001957293485987,13.919731323588305,25.573268520971773,31.30344913413553,22.295553506610997,5,0.7624685869938174,0.19988593257745585,-1.3751641952101814,-1.3275425886937566,0.2817473966748804,0.38845138009843005,-0.7568709888914547,53,59,59,25,29,31,50,55,52,50,68,71,57,76,-0.23708346974849043,0.23093236534980094,0.5452979098368164,0.20810577691695947,-0.6369387178656325,1.1714846324989228,1.2957789670548048,37.562110374409464,1.9217209715526864,KE_marsa
28.41372304712343,31.70166350430009,29.41486556516606,13.977377537350494,22.4730314769017,28.83084352703905,21.359340691276675,1,0.6697727196772705,0.3537199728779275,-1.2260377244334115,-1.1758960368335771,0.2430524243675249,0.15780376381003702,-0.7950333621063828,53,59,59,25,29,31,50,47,44,45,69,71,55,62,0.33514522129763374,-0.005177319968916776,0.33653032518501613,-0.16021393981457643,-1.1713328858491858,1.197071071671015,1.2244004047139114,37.84957126532771,2.082519407410081,KE_marsa
23.816227332274302,26.718505567848815,22.17367220607048,12.015049072240325,29.7337541239879,39.421736874246314,32.20385487444226,5,0.47571444522283485,0.4549653781561657,-1.23401926819428,-1.1964575855007875,0.13297418332906444,0.2624462798204412,-0.7102437994189669,53,59,59,25,29,31,50,60,54,51,69,71,54,71,0.35498774763823143,-0.015082551434850133,0.3400444339572716,-0.13840780077443637,-1.1499520804945564,1.1708055703470557,1.209159829378894,37.729556343369346,2.143425183673384,KE_marsa
21.313282798248697,28.62734242938592,15.939104361243372,14.023697874043007,17.638789766953575,19.179257613124147,13.860620246084439,5,0.7560610196981756,0.13354557888134322,-1.4297171226087853,-1.3723929369609071,0.4835067423336221,0.9762487176838844,-0.638789883425777,53,59,59,25,29,31,50,59,60,51,70,71,56,78,0.21097535806192427,0.03255238434256544,0.3235283044403796,-0.08537461268982853,-0.9261479379798349,1.219410996173364,1.263029754947292,37.43059701681437,2.2426890225685914,KE_marsa
23.48822143560899,26.959372628506877,18.757700261592678,14.808977031682993,18.543946367054065,22.864001776138007,16.536086212064532,5,0.6845184817076019,0.5075251393331524,-1.3842897479566922,-1.4272276157698165,0.3337347274609011,0.6069665793395186,-0.4967432881972412,53,59,59,25,29,31,50,56,57,52,70,72,54,73,0.36894994334540226,-0.172051661769092,0.4245713873993176,-0.01949307236150211,-1.169676193125167,1.075786000131078,1.1005979781517305,37.465361818309795,2.3093440166502597,KE_marsa
27.83296711038578,27.101055120861233,21.381018717180446,15.143540669313522,29.466367823727044,32.80434177290207,23.71164421913215,5,0.6371825659538705,0.48908872442968265,-1.253503993058475,-1.2336839183006616,0.28303440500518234,0.22113944830807858,-0.6927322260008901,53,59,59,25,29,31,50,63,55,52,70,71,58,73,0.1441052275901866,0.11615286226279438,0.5654309956370787,0.019289030022729838,-1.10170669070866,1.1063755668042694,1.123374675833945,37.766746596131895,2.230292271647742,KE_marsa
17.060985366304227,22.359386479404602,19.69182472128539,9.721113913739654,20.22178920519861,23.528078388338795,17.660784241269454,5,0.7626721556106882,0.31342198670392013,-1.2756072997194436,-1.2149979351629616,0.34031397095792465,0.18347716423379914,-0.8196115192383446,53,59,59,25,29,31,50,52,46,41,68,72,54,66,0.5894349558020856,-0.05314608184084066,0.26464081675390516,-0.2790068437938897,-1.4207818460564392,1.082817266575859,1.133764582716796,37.847325477117415,1.9784944975090402,KE_marsa
23.822856370696528,25.87083682772141,17.16793097538498,16.927849864731535,21.68513811279566,21.14799817982355,15.285786993465765,5,0.6845184817076019,0.5075251393331524,-1.3842897479566922,-1.4272276157698165,0.3337347274609011,0.6069665793395186,-0.4967432881972412,53,59,59,25,29,31,50,58,55,51,70,71,54,75,0.36894994334540226,-0.172051661769092,0.4245713873993176,-0.01949307236150211,-1.169676193125167,1.075786000131078,1.1005979781517305,37.46482282913932,2.290120069570102,KE_marsa
24.521076706440418,26.099779045179602,23.291141616752945,14.339837130168297,30.928162824365423,32.02782025584046,24.703590130478762,5,0.7162599948351275,0.3822822484921685,-1.3738696802755126,-1.3213841258507368,0.333185038885595,0.3277727216993398,-0.7509345185523304,53,59,59,25,29,31,50,60,51,44,69,71,56,69,0.34962387765891156,0.0004678552316811912,0.3999591770922947,-0.07051498561197497,-1.2252257188665687,1.1144628753832369,1.2278787321446183,37.667482757236684,1.9488500931330959,KE_marsa
31.351911142565687,32.57972664204676,23.723498458835486,18.951241843289203,25.492438474118018,36.21389821452809,24.648152401430647,5,0.6371825659538705,0.48908872442968265,-1.253503993058475,-1.2336839183006616,0.28303440500518234,0.22113944830807858,-0.6927322260008901,53,59,59,25,29,31,50,57,49,44,69,71,55,58,0.1441052275901866,0.11615286226279438,0.5654309956370787,0.019289030022729838,-1.10170669070866,1.1063755668042694,1.123374675833945,37.838701650389865,2.1881612848225362,KE_marsa
22.913487151283302,30.479215147086176,17.900457139498496,13.834542000269089,16.618732887597456,17.349594624772642,10.102585616145465,5,0.7560610196981756,0.13354557888134322,-1.4297171226087853,-1.3723929369609071,0.4835067423336221,0.9762487176838844,-0.638789883425777,53,59,59,25,29,31,50,59,57,52,70,71,57,75,0.21097535806192427,0.03255238434256544,0.3235283044403796,-0.08537461268982853,-0.9261479379798349,1.219410996173364,1.263029754947292,37.418918918120816,2.2386466037900536,KE_marsa
26.060712727709998,28.537445562140178,25.434303953439734,13.430711711621969,30.212995918762932,40.79858251317925,27.556249454321087,5,0.6697727196772705,0.3537199728779275,-1.2260377244334115,-1.1758960368335771,0.2430524243675249,0.15780376381003702,-0.7950333621063828,53,59,59,25,29,31,50,52,44,44,69,71,51,67,0.33514522129763374,-0.005177319968916776,0.33653032518501613,-0.16021393981457643,-1.1713328858491858,1.197071071671015,1.2244004047139114,37.78453323875746,2.0624869765742155,KE_marsa
30.880943492055533,31.874306296300226,24.917306782102916,19.43417606958639,26.33908422407702,31.154176486413085,24.941590562778988,1,0.6371825659538705,0.48908872442968265,-1.253503993058475,-1.2336839183006616,0.28303440500518234,0.22113944830807858,-0.6927322260008901,53,59,59,25,29,31,50,56,50,43,69,71,55,57,0.1441052275901866,0.11615286226279438,0.5654309956370787,0.019289030022729838,-1.10170669070866,1.1063755668042694,1.123374675833945,37.84166609082746,2.1918443774874263,KE_marsa
18.966038921672656,24.302656369833507,20.455148032425534,8.620744454866244,25.63454049817876,24.591790519993054,21.285830724368644,5,0.6005464002835755,0.21766109881480927,-1.3754357338056684,-1.3008224235655041,0.3446359432483733,0.7300210300315947,-0.7219502845298655,53,59,59,25,29,31,50,60,58,52,70,72,58,73,0.13187070196879216,0.06343144561204801,0.3523617935692746,-0.03355646975659141,-0.8729401826200195,1.222051700015507,1.3057489297563765,37.543066090386134,2.1003958815640593,KE_marsa
25.645605121260946,26.613408714275458,26.681909555340138,12.792902769220552,28.089714971017873,40.87990230448384,28.608473991463832,5,0.7626721556106882,0.31342198670392013,-1.2756072997194436,-1.2149979351629616,0.34031397095792465,0.18347716423379914,-0.8196115192383446,53,59,59,25,29,31,50,48,50,46,69,71,56,63,0.5894349558020856,-0.05314608184084066,0.26464081675390516,-0.2790068437938897,-1.4207818460564392,1.082817266575859,1.133764582716796,37.76521946014889,2.0399392629428155,KE_marsa
26.561034086685165,25.669566470347565,13.14796565688251,12.206377144971363,24.960751457835453,21.507559866665225,12.832166252029472,5,0.736745264290688,0.4225986219090218,-1.239455039262038,-1.2627489606440898,0.47139133040866826,0.23864360814856375,-0.6560051140404585,53,59,59,25,29,31,50,60,54,50,70,71,53,69,0.2952343358392597,-0.07713094951043663,0.513696539032457,-0.044215704414065284,-1.154093583666392,1.113034286377658,1.0876372678494775,37.87032234839087,2.3176983487925713,KE_marsa
27.322554678987377,25.364664847132346,14.935744125199106,15.077136266537545,23.20668479255203,30.90175588822815,23.887775101009506,5,0.6845184817076019,0.5075251393331524,-1.3842897479566922,-1.4272276157698165,0.3337347274609011,0.6069665793395186,-0.4967432881972412,53,59,59,25,29,31,50,60,55,53,70,71,54,73,0.36894994334540226,-0.172051661769092,0.4245713873993176,-0.01949307236150211,-1.169676193125167,1.075786000131078,1.1005979781517305,37.48476542844678,2.293892993763404,KE_marsa
20.017248284093323,18.944887957989263,17.344546636145175,9.830000281127933,24.985155351500257,30.513237169131507,26.245408688931818,5,0.7626721556106882,0.31342198670392013,-1.2756072997194436,-1.2149979351629616,0.34031397095792465,0.18347716423379914,-0.8196115192383446,53,59,59,25,29,31,50,52,50,46,69,72,53,66,0.5894349558020856,-0.05314608184084066,0.26464081675390516,-0.2790068437938897,-1.4207818460564392,1.082817266575859,1.133764582716796,37.79405538076912,1.9661875781166027,KE_marsa
28.004888875736487,28.71450650394381,21.374415309371045,22.00573434815838,35.22404619031229,43.13610210194759,28.17083608512261,5,0.6228939646088839,0.6166206935679469,-1.2872120047326825,-1.30632247931752,0.3568307904058222,0.30935763670160216,-0.5732575146718258,53,59,59,25,29,31,50,60,55,52,70,71,53,70,0.031237304646195008,0.04101901549461771,0.660976707504434,0.15665369078285266,-1.0434897168621644,1.105494271817141,1.0704437599930172,37.786240037797285,2.254995941961029,KE_marsa
24.080027221872662,26.65993163550509,24.602432758010004,14.47750435654826,28.911834055355325,37.64573595657503,27.70569232634651,5,0.6697727196772705,0.3537199728779275,-1.2260377244334115,-1.1758960368335771,0.2430524243675249,0.15780376381003702,-0.7950333621063828,53,59,59,25,29,31,50,57,54,47,69,71,53,61,0.33514522129763374,-0.005177319968916776,0.33653032518501613,-0.16021393981457643,-1.1713328858491858,1.197071071671015,1.2244004047139114,37.763602492637474,2.1073129092517795,KE_marsa
19.2713855060967,22.244868387515616,13.79955404619576,16.7257456162323,19.044098550090503,21.66958424282053,16.369342357552668,5,0.8349908583724864,0.26935625716010037,-1.3991091941465488,-1.4338422055411533,0.38049377289487013,0.7085163685508227,-0.5397328372269872,53,59,59,25,29,31,50,60,58,53,70,72,56,80,0.13219189802526693,-0.0847563637533805,0.3413386976698663,-0.008613458109488053,-0.8734056293334118,1.236354009825797,1.2520830697832104,37.44829382791152,2.2950608036327593,KE_marsa
18.624710094714302,21.109878705924384,20.39026808325664,13.398845895659282,25.141548454988232,27.47826480504418,19.005338354580548,1,0.47571444522283485,0.4549653781561657,-1.23401926819428,-1.1964575855007875,0.13297418332906444,0.2624462798204412,-0.7102437994189669,53,59,59,25,29,31,50,63,55,47,70,71,57,69,0.35498774763823143,-0.015082551434850133,0.3400444339572716,-0.13840780077443637,-1.1499520804945564,1.1708055703470557,1.209159829378894,37.701169580391166,2.145760803412095,KE_marsa
16.53788386891414,28.54423054335704,20.26543438013125,13.813048408438524,16.138772269964388,19.118604606085675,14.152720948235878,5,0.8633549308570097,0.36323793513696423,-1.3792592239770782,-1.4452955335331705,0.3306733674959706,0.5118584583533343,-0.4908658118779817,53,59,59,25,29,31,50,56,53,52,69,71,55,70,0.17514411301482868,-0.11217904952160823,0.4076858244021504,0.022782864284705676,-0.9679257850801178,1.1814831354422897,1.1542762289715502,37.417661276723045,2.3967500937950894,KE_marsa
25.754590575938128,26.617767663139528,17.02336239669612,15.102571459330468,20.64418425504361,25.86944105190634,17.92795111542458,5,0.6845184817076019,0.5075251393331524,-1.3842897479566922,-1.4272276157698165,0.3337347274609011,0.6069665793395186,-0.4967432881972412,53,59,59,25,29,31,50,57,57,54,70,71,55,77,0.36894994334540226,-0.172051661769092,0.4245713873993176,-0.01949307236150211,-1.169676193125167,1.075786000131078,1.1005979781517305,37.48979599403784,2.2841911886949133,KE_marsa
25.633728626568402,24.013368617429922,24.71937452299743,16.92241993631612,28.094135570289414,23.976733990718316,18.836891112817916,1,0.736745264290688,0.4225986219090218,-1.239455039262038,-1.2627489606440898,0.47139133040866826,0.23864360814856375,-0.6560051140404585,53,59,59,25,29,31,50,63,53,56,69,71,60,82,0.2952343358392597,-0.07713094951043663,0.513696539032457,-0.044215704414065284,-1.154093583666392,1.113034286377658,1.0876372678494775,37.87984449040254,2.2913777109678692,KE_marsa
22.140243802993435,25.205414849756384,22.092303581014473,13.49962917327029,21.37846787430739,21.567230923152273,15.47432149165404,1,0.8880165010877011,0.23068054864323853,-1.20866743552325,-1.1437417407638932,0.37005131349755055,0.04986710075367472,-0.8832477726494887,53,59,59,25,29,31,50,46,40,37,68,71,53,55,0.37253264912098705,0.1532516905399333,0.4134150921443803,-0.21718344757830416,-1.3448330796280572,1.1073991867607107,1.1297775193574384,37.892600567437036,2.076231200421244,KE_marsa
20.110364307390697,27.838968005648397,25.658041809089976,12.856236811108083,26.03787701432419,31.031507165794988,25.06422065012063,5,0.6349626309356782,0.25357918289720127,-1.322023350376927,-1.265412999029925,0.21571062597533164,0.38682162179980384,-0.7432067227824761,53,59,59,25,29,31,50,63,57,53,69,71,57,67,-0.12909769146474212,0.18120716845527873,0.47673517821169326,0.11827946431428694,-0.7199319730902944,1.2129730457533303,1.298463908767033,37.582232636773746,1.9898132700889462,KE_marsa
17.429766566183535,18.54845274287448,12.589855442710943,6.668881572870006,22.33087882077639,20.497750775685642,14.278979326341133,5,0.5883022643229917,0.40585706698301083,-1.3932675594236479,-1.3695979085088248,0.36962555992937324,0.7418474722353607,-0.5869428502828263,53,59,59,25,29,31,50,60,59,53,70,71,56,79,0.5034674459061117,-0.11104618129925803,0.33076563048239305,-0.1484920359086722,-1.2224064492405695,1.07955264667406,1.1351040626449729,37.54872547667608,2.2329872175001007,KE_marsa
28.59257615432308,31.03088554763826,17.16693199732593,16.246651991454236,22.727395083612013,29.254804557539856,18.30854114705597,5,0.6845184817076019,0.5075251393331524,-1.3842897479566922,-1.4272276157698165,0.3337347274609011,0.6069665793395186,-0.4967432881972412,53,59,59,25,29,31,50,57,58,54,70,71,58,80,0.36894994334540226,-0.172051661769092,0.4245713873993176,-0.01949307236150211,-1.169676193125167,1.075786000131078,1.1005979781517305,37.452515909746886,2.2686503342796454,KE_marsa
26.24894095550396,21.782637450167215,13.651074042021204,12.969105648375074,24.63871028990998,35.758619706675944,22.19055877216763,5,0.7227825021838574,0.19673257237143388,-1.3998931152220446,-1.398584461960407,0.33457274850069074,0.6114587663258841,-0.7768081980262938,53,59,59,25,29,31,50,61,58,56,70,71,59,79,-0.0099132244292497,0.16982826823896327,0.5299913658565841,0.14952257994414894,-0.8323199183349577,1.1191232209144406,1.2975685159735895,37.46733811193486,1.914803943864966,KE_marsa
22.297825037318248,26.19106543795919,21.090947652647372,11.342969267855288,27.650860584605027,28.453564924960503,20.71454244124106,5,0.5562814929718619,0.43060874536472243,-1.290092410915158,-1.2450566342505223,0.20178462706550457,0.28439612847376244,-0.7310949164627861,53,59,59,25,29,31,50,57,57,51,69,71,55,69,0.35133667603107804,-0.023561666526892684,0.3577145556910882,-0.10989913365031034,-1.1827676008932893,1.1541629418876675,1.228082728568484,37.655894490071546,2.030776447044796,KE_marsa
34.8888366848707,27.96056089559467,15.669570975843866,15.973441166415483,23.957137093923222,32.42230277615803,17.407451025532776,5,0.6204886311450694,0.2616322527814561,-1.4155854661746379,-1.472269466512952,0.3657239944975819,0.9216795579988052,-0.7603544363659056,53,59,59,25,29,31,50,59,47,50,70,71,59,77,0.39009601430627927,0.05539934426387167,0.45149069825921856,0.0066675120369668875,-1.1209230326256419,0.9993879255465352,1.2645774482664802,37.426015608865356,1.9014190461315852,KE_marsa
25.70882455055163,30.84791644938744,26.375702986615924,12.370458032683207,20.35591152059996,25.972894787100767,17.674476091143106,5,0.8880165010877011,0.23068054864323853,-1.20866743552325,-1.1437417407638932,0.37005131349755055,0.04986710075367472,-0.8832477726494887,53,59,59,25,29,31,50,42,38,36,69,71,51,50,0.37253264912098705,0.1532516905399333,0.4134150921443803,-0.21718344757830416,-1.3448330796280572,1.1073991867607107,1.1297775193574384,37.88981579005627,2.1131519585985563,KE_marsa
27.814326748438077,24.11224869218071,17.094600104316058,15.953582278458189,18.247920309563938,28.40968304449818,22.058340098324127,5,0.8349908583724864,0.26935625716010037,-1.3991091941465488,-1.4338422055411533,0.38049377289487013,0.7085163685508227,-0.5397328372269872,53,59,59,25,29,31,50,60,56,52,70,72,55,76,0.13219189802526693,-0.0847563637533805,0.3413386976698663,-0.008613458109488053,-0.8734056293334118,1.236354009825797,1.2520830697832104,37.42951903847342,2.3323408879237197,KE_marsa
19.1122851042565,22.829754869031394,21.136013710706926,15.011677978519064,23.025340862157094,27.586832181448965,20.770683007679523,1,0.48302881787156493,0.5888665059223266,-1.2695204901245416,-1.2616190021236586,0.17182076668345736,0.3191696573012483,-0.6174272826559026,53,59,59,25,29,31,50,60,53,50,70,71,56,73,0.36074377348444603,-0.03676437151355772,0.497807353362473,-0.024221881847738273,-1.2441657708483869,1.0669694234243223,1.0746833108675222,37.7239867886078,2.162649130753542,KE_marsa
23.27490133856121,23.903473204283134,24.12086820305475,15.111256522174644,31.323045376564625,37.37777272390798,25.495189331277196,5,0.6371825659538705,0.48908872442968265,-1.253503993058475,-1.2336839183006616,0.28303440500518234,0.22113944830807858,-0.6927322260008901,53,59,59,25,29,31,50,61,53,49,69,71,54,70,0.1441052275901866,0.11615286226279438,0.5654309956370787,0.019289030022729838,-1.10170669070866,1.1063755668042694,1.123374675833945,37.76998053115472,2.162379636168306,KE_marsa
19.64274679429793,22.10231763925784,13.855140092547392,13.145552046752039,22.089615909709355,19.73089463048097,17.398824765802647,5,0.5540901411450757,0.8461026095240971,-1.3565904189731375,-1.4011463059647922,0.31492164119815735,0.4552554592462674,-0.4248592481866136,53,59,59,25,29,31,50,57,58,48,70,72,56,73,0.34695980916259744,-0.2913233803483608,0.5792105723091912,0.12564458087109096,-1.2682997624412267,0.9825610691576665,0.9567580359730049,37.69820513995357,2.389922897635781,KE_marsa
22.681800009788933,24.408534696656744,14.408176453687362,15.168121361957501,18.544469927062178,20.95911831525851,15.769193742714174,5,0.8349908583724864,0.26935625716010037,-1.3991091941465488,-1.4338422055411533,0.38049377289487013,0.7085163685508227,-0.5397328372269872,53,59,59,25,29,31,50,60,58,53,70,72,56,79,0.13219189802526693,-0.0847563637533805,0.3413386976698663,-0.008613458109488053,-0.8734056293334118,1.236354009825797,1.2520830697832104,37.449371806252465,2.2934438361213445,KE_marsa
31.408996658438664,33.81838069869787,27.415415575621335,25.031341552866778,31.584903502884394,45.021936149394385,26.27709554530276,1,0.6371825659538705,0.48908872442968265,-1.253503993058475,-1.2336839183006616,0.28303440500518234,0.22113944830807858,-0.6927322260008901,53,59,59,25,29,31,50,55,51,50,69,72,58,74,0.1441052275901866,0.11615286226279438,0.5654309956370787,0.019289030022729838,-1.10170669070866,1.1063755668042694,1.123374675833945,37.84867295004359,2.212775123607411,KE_marsa
20.487475224529113,25.463462340769496,23.080552826171548,13.652795502638984,20.723332336406493,22.317845583455814,15.28087405299103,1,0.8880165010877011,0.23068054864323853,-1.20866743552325,-1.1437417407638932,0.37005131349755055,0.04986710075367472,-0.8832477726494887,53,59,59,25,29,31,50,46,41,38,68,71,53,55,0.37253264912098705,0.1532516905399333,0.4134150921443803,-0.21718344757830416,-1.3448330796280572,1.1073991867607107,1.1297775193574384,37.89170225215292,2.076680358063304,KE_marsa
19.207951566035508,26.286461617750827,22.891975266001335,10.174282454873948,25.3951253934772,26.159879767002458,22.108811937215872,5,0.6349626309356782,0.25357918289720127,-1.322023350376927,-1.265412999029925,0.21571062597533164,0.38682162179980384,-0.7432067227824761,53,59,59,25,29,31,50,62,57,53,69,71,56,66,-0.12909769146474212,0.18120716845527873,0.47673517821169326,0.11827946431428694,-0.7199319730902944,1.2129730457533303,1.298463908767033,37.580974995375975,1.9870284927081756,KE_marsa
31.21592789011265,31.978708265616607,27.87747978309305,17.111760356186657,26.674618287813725,30.07879834921337,23.154471223936476,1,0.6371825659538705,0.48908872442968265,-1.253503993058475,-1.2336839183006616,0.28303440500518234,0.22113944830807858,-0.6927322260008901,53,59,59,25,29,31,50,60,53,47,69,71,55,63,0.1441052275901866,0.11615286226279438,0.5654309956370787,0.019289030022729838,-1.10170669070866,1.1063755668042694,1.123374675833945,37.8246879319576,2.200108878101326,KE_marsa
23.146018672000643,20.339575712879192,15.067675558778602,11.882908039480865,28.47808566276638,28.808995010108614,22.48767148720737,5,0.5532661719354374,0.6737542231708705,-1.3625870498364006,-1.389953846684573,0.28924733256724705,0.5296637489516713,-0.47884646323459795,53,59,59,25,29,31,50,62,58,51,70,71,57,72,0.5235020344610957,-0.2465888477094906,0.4707197466599101,-0.029557247184032756,-1.3352918847539867,0.9550829632094235,0.9885189412098633,37.56471548873341,2.2899404065132782,KE_marsa
30.77472008592006,31.767785965705535,26.406591868886807,18.10731922443057,27.68240406805107,37.21267002637394,24.48406184411569,1,0.6371825659538705,0.48908872442968265,-1.253503993058475,-1.2336839183006616,0.28303440500518234,0.22113944830807858,-0.6927322260008901,53,59,59,25,29,31,50,57,51,45,69,72,55,61,0.1441052275901866,0.11615286226279438,0.5654309956370787,0.019289030022729838,-1.10170669070866,1.1063755668042694,1.123374675833945,37.84022878637287,2.2070259057890462,KE_marsa
20.90033959975294,25.083017198628216,15.886256955835492,14.149377600146146,21.959354894015945,26.40445164952679,17.73839171868191,5,0.7303404309489688,0.6077934861352635,-1.3821092428324238,-1.4518869641552705,0.3337707990520069,0.4958340291599453,-0.44632741267408893,53,59,59,25,29,31,50,57,55,53,70,72,54,69,0.3379187720151774,-0.2241284268637097,0.4860855457444098,0.051472958974369695,-1.1862595921299304,1.0408473027141638,1.03276726090456,37.52096753439679,2.3550682646119436,KE_marsa
30.227309608710833,37.3104047068565,27.41629045755976,23.28504508741079,31.40189097987575,41.299758264194786,22.628704561568515,1,0.8880165010877011,0.23068054864323853,-1.20866743552325,-1.1437417407638932,0.37005131349755055,0.04986710075367472,-0.8832477726494887,53,59,59,25,29,31,50,52,41,39,68,71,53,54,0.37253264912098705,0.1532516905399333,0.4134150921443803,-0.21718344757830416,-1.3448330796280572,1.1073991867607107,1.1297775193574384,37.88298859389696,2.1452218142416233,KE_marsa
24.902832456619368,21.783120628795928,17.403492884129584,14.873263798545365,28.02956381408642,28.283474571134438,20.460730221175567,5,0.6228939646088839,0.6166206935679469,-1.2872120047326825,-1.30632247931752,0.3568307904058222,0.30935763670160216,-0.5732575146718258,53,59,59,25,29,31,50,57,57,47,70,71,55,71,0.031237304646195008,0.04101901549461771,0.660976707504434,0.15665369078285266,-1.0434897168621644,1.105494271817141,1.0704437599930172,37.83016765519073,2.349947867492462,KE_marsa
19.587291422320998,24.227992123558018,23.507195504498828,11.823267842032253,27.493357494955436,34.50173569902404,26.529463590635636,5,0.5562814929718619,0.43060874536472243,-1.290092410915158,-1.2450566342505223,0.20178462706550457,0.28439612847376244,-0.7310949164627861,53,59,59,25,29,31,50,55,57,52,69,71,56,66,0.35133667603107804,-0.023561666526892684,0.3577145556910882,-0.10989913365031034,-1.1827676008932893,1.1541629418876675,1.228082728568484,37.67278281741299,1.9930472051117762,KE_marsa
24.512030801093914,25.971518474989836,24.46560564461714,11.9241481794858,30.867337488809333,31.072200873442174,22.308865263502216,5,0.7162599948351275,0.3822822484921685,-1.3738696802755126,-1.3213841258507368,0.333185038885595,0.3277727216993398,-0.7509345185523304,53,59,59,25,29,31,50,62,51,47,69,71,57,70,0.34962387765891156,0.0004678552316811912,0.3999591770922947,-0.07051498561197497,-1.2252257188665687,1.1144628753832369,1.2278787321446183,37.6646081483275,1.9444483482409103,KE_marsa
28.074141322126096,24.643301517173228,15.819226748823933,12.957438070362535,24.286342833342953,32.42187453371076,21.04595069878626,5,0.6204886311450694,0.2616322527814561,-1.4155854661746379,-1.472269466512952,0.3657239944975819,0.9216795579988052,-0.7603544363659056,53,59,59,25,29,31,50,61,51,53,70,71,59,78,0.39009601430627927,0.05539934426387167,0.45149069825921856,0.0066675120369668875,-1.1209230326256419,0.9993879255465352,1.2645774482664802,37.43993949576921,1.923966759762985,KE_marsa
23.783056039848645,25.76279093449505,19.084991150633194,10.484168450031461,23.747126143003143,25.83113543641485,20.16688128545238,5,0.5893312700186629,0.8017765235197415,-1.3768802554729471,-1.4274970264047302,0.33358582122942754,0.49311227071881963,-0.41744714103250674,53,59,59,25,29,31,50,62,57,52,69,72,55,74,0.4377548315643209,-0.3820181116931545,0.45739113198742,0.04338119699194123,-1.2542479483357911,1.0095466719533386,0.9972575304479322,37.563996836506114,2.357493715879066,KE_marsa
23.86510386158337,23.475712602800304,10.475186635881164,12.07651038626937,23.917955193956995,28.750161056005428,14.398209425473574,5,0.7227825021838574,0.19673257237143388,-1.3998931152220446,-1.398584461960407,0.33457274850069074,0.6114587663258841,-0.7768081980262938,53,59,59,25,29,31,50,62,55,48,70,71,55,71,-0.0099132244292497,0.16982826823896327,0.5299913658565841,0.14952257994414894,-0.8323199183349577,1.1191232209144406,1.2975685159735895,37.48817902652643,1.9005207308474656,KE_marsa
29.045064472064198,26.345864590421336,26.696019884225613,15.657213665671758,29.926619648081214,24.938363602775745,18.757653065140016,1,0.736745264290688,0.4225986219090218,-1.239455039262038,-1.2627489606440898,0.47139133040866826,0.23864360814856375,-0.6560051140404585,53,59,59,25,29,31,50,62,51,56,69,71,64,82,0.2952343358392597,-0.07713094951043663,0.513696539032457,-0.044215704414065284,-1.154093583666392,1.113034286377658,1.0876372678494775,37.88532421363567,2.290569227212162,KE_marsa
28.792461604220904,20.884182647511913,15.633020809101938,14.141818071244385,27.89741125216053,32.01631536766514,25.347563691688006,5,0.5023476396552822,0.5395769425090994,-1.3240291778453357,-1.310486796920535,0.2350368064427182,0.4905881754692866,-0.5979190105537024,53,59,59,25,29,31,50,57,58,52,70,71,54,78,0.5040928575301021,-0.06793108448889754,0.44421215991077573,-0.09148910244354551,-1.3290066057441234,1.0043916843371823,1.046702579264177,37.55393570532398,2.234244858897868,KE_marsa
24.36101461884101,24.858747376917993,19.79566970086238,18.03051132223054,31.91124328785414,37.56321217021021,30.880748754300203,5,0.6371825659538705,0.48908872442968265,-1.253503993058475,-1.2336839183006616,0.28303440500518234,0.22113944830807858,-0.6927322260008901,53,59,59,25,29,31,50,61,54,52,70,71,56,70,0.1441052275901866,0.11615286226279438,0.5654309956370787,0.019289030022729838,-1.10170669070866,1.1063755668042694,1.123374675833945,37.76512962862048,2.2381974461479937,KE_marsa
21.119432029417965,22.684778068248665,15.992623680833667,16.946294971254645,19.005400936610027,16.732113377922158,20.08439491192163,5,0.7303404309489688,0.6077934861352635,-1.3821092428324238,-1.4518869641552705,0.3337707990520069,0.4958340291599453,-0.44632741267408893,53,59,59,25,29,31,50,59,56,47,70,71,56,68,0.3379187720151774,-0.2241284268637097,0.4860855457444098,0.051472958974369695,-1.1862595921299304,1.0408473027141638,1.03276726090456,37.51890140924332,2.3998941972895076,KE_marsa
23.362321177622366,19.15127042023874,19.10004557052991,21.024863615660536,28.61048346087179,21.66348047162833,19.89196135238839,5,0.6228939646088839,0.6166206935679469,-1.2872120047326825,-1.30632247931752,0.3568307904058222,0.30935763670160216,-0.5732575146718258,53,59,59,25,29,31,50,61,54,51,70,71,54,76,0.031237304646195008,0.04101901549461771,0.660976707504434,0.15665369078285266,-1.0434897168621644,1.105494271817141,1.0704437599930172,37.821274333877945,2.2814962428425547,KE_marsa
23.376044670098615,25.52902121675935,17.353577037213796,13.32235264797672,22.905831795375715,25.48905153210725,20.164151752253947,5,0.6845184817076019,0.5075251393331524,-1.3842897479566922,-1.4272276157698165,0.3337347274609011,0.6069665793395186,-0.4967432881972412,53,59,59,25,29,31,50,60,54,51,70,72,54,74,0.36894994334540226,-0.172051661769092,0.4245713873993176,-0.01949307236150211,-1.169676193125167,1.075786000131078,1.1005979781517305,37.537316872567764,2.3376409481000247,KE_marsa
31.582097221097293,30.195833710389863,21.75658679743603,13.605135994028569,27.348065106033385,27.923194399544936,19.68402806572397,5,0.6371825659538705,0.48908872442968265,-1.253503993058475,-1.2336839183006616,0.28303440500518234,0.22113944830807858,-0.6927322260008901,53,59,59,25,29,31,50,60,55,50,70,72,56,69,0.1441052275901866,0.11615286226279438,0.5654309956370787,0.019289030022729838,-1.10170669070866,1.1063755668042694,1.123374675833945,37.80627246863315,2.2497857133131354,KE_marsa
24.322795774830247,29.085899940299626,28.03376662519582,14.4106220726522,20.4571530489713,22.609959115739,17.595854177607777,1,0.8880165010877011,0.23068054864323853,-1.20866743552325,-1.1437417407638932,0.37005131349755055,0.04986710075367472,-0.8832477726494887,53,59,59,25,29,31,50,47,44,42,69,71,55,61,0.37253264912098705,0.1532516905399333,0.4134150921443803,-0.21718344757830416,-1.3448330796280572,1.1073991867607107,1.1297775193574384,37.85271536882213,2.0847651956203794,KE_marsa
21.38968132922836,24.3642617123309,15.634746518048592,18.11992821208,16.09574335079236,23.65353362399027,17.449199392393595,5,0.8349908583724864,0.26935625716010037,-1.3991091941465488,-1.4338422055411533,0.38049377289487013,0.7085163685508227,-0.5397328372269872,53,59,59,25,29,31,50,59,55,52,70,71,53,72,0.13219189802526693,-0.0847563637533805,0.3413386976698663,-0.008613458109488053,-0.8734056293334118,1.236354009825797,1.2520830697832104,37.429608870001836,2.346085111770748,KE_marsa
19.379680790195078,23.609173490675303,18.515999057583446,15.514729378673563,27.363501394215664,29.65182924180082,22.056461436158614,5,0.6349626309356782,0.25357918289720127,-1.322023350376927,-1.265412999029925,0.21571062597533164,0.38682162179980384,-0.7432067227824761,53,59,59,25,29,31,50,62,58,55,70,71,56,71,-0.12909769146474212,0.18120716845527873,0.47673517821169326,0.11827946431428694,-0.7199319730902944,1.2129730457533303,1.298463908767033,37.572620663233664,2.040208757528051,KE_marsa
38.56975310254393,42.244449851501344,31.634236281455227,26.852736549017937,34.7923455351767,42.58109614970413,22.58364792974044,5,0.8052302311375974,0.34308223526812054,-1.2241015847627021,-1.197322751065316,0.4048343567765568,0.128585264466091,-0.7751089869610863,53,59,59,25,29,31,50,55,46,46,69,72,58,68,0.10667003453864889,0.14305055569150635,0.47891516852204324,-0.07708946705250201,-1.0309639670613346,1.2024605937548178,1.1876280584483014,37.861608690134915,2.209092030942521,KE_marsa
17.92937453705692,26.672484497909494,13.182034817547976,10.986527568084746,16.995772136028144,21.968120796581736,15.971524202297225,5,0.8633549308570097,0.36323793513696423,-1.3792592239770782,-1.4452955335331705,0.3306733674959706,0.5118584583533343,-0.4908658118779817,53,59,59,25,29,31,50,57,54,52,70,71,54,68,0.17514411301482868,-0.11217904952160823,0.4076858244021504,0.022782864284705676,-0.9679257850801178,1.1814831354422897,1.1542762289715502,37.436975055331615,2.387677109425482,KE_marsa
23.255555697045757,23.330100896365156,21.92480553537075,11.39761609511166,21.971768315106498,24.99328998761052,18.316279328337348,5,0.5562814929718619,0.43060874536472243,-1.290092410915158,-1.2450566342505223,0.20178462706550457,0.28439612847376244,-0.7310949164627861,53,59,59,25,29,31,50,53,50,48,69,72,56,66,0.35133667603107804,-0.023561666526892684,0.3577145556910882,-0.10989913365031034,-1.1827676008932893,1.1541629418876675,1.228082728568484,37.73961747455148,2.0358070126358654,KE_marsa
27.13507279928463,32.483955530437534,20.780960859161187,15.429789360975247,20.791154450696318,21.81915676677523,15.948935525171697,5,0.6845184817076019,0.5075251393331524,-1.3842897479566922,-1.4272276157698165,0.3337347274609011,0.6069665793395186,-0.4967432881972412,53,59,59,23,22,25,50,55,58,53,70,71,55,74,0.36894994334540226,-0.172051661769092,0.4245713873993176,-0.01949307236150211,-1.169676193125167,1.075786000131078,1.1005979781517305,37.47236867752593,2.2556247626599126,KE_marsa
31.87222868738024,33.3492621994193,22.649856901067412,15.368847460889567,31.36450767834792,37.01231864079129,26.362904364060135,5,0.6228939646088839,0.6166206935679469,-1.2872120047326825,-1.30632247931752,0.3568307904058222,0.30935763670160216,-0.5732575146718258,53,59,59,25,29,31,50,64,58,48,70,72,52,74,0.031237304646195008,0.04101901549461771,0.660976707504434,0.15665369078285266,-1.0434897168621644,1.105494271817141,1.0704437599930172,37.76764491141601,2.3338680239067227,KE_marsa
26.01582294602953,23.925426454764885,21.14167403482194,16.37149934573176,31.659100926450694,30.721139588999094,24.82614242516093,5,0.6228939646088839,0.6166206935679469,-1.2872120047326825,-1.30632247931752,0.3568307904058222,0.30935763670160216,-0.5732575146718258,53,59,59,25,29,31,50,63,58,51,70,71,55,68,0.031237304646195008,0.04101901549461771,0.660976707504434,0.15665369078285266,-1.0434897168621644,1.105494271817141,1.0704437599930172,37.77078901491043,2.250863691654079,KE_marsa
23.51425169630103,24.13190845009735,25.023548586940354,10.464338709542304,30.30440339425971,31.209959327553776,24.183424636171853,5,0.6349626309356782,0.25357918289720127,-1.322023350376927,-1.265412999029925,0.21571062597533164,0.38682162179980384,-0.7432067227824761,53,59,59,25,29,31,50,59,58,50,69,71,57,69,-0.12909769146474212,0.18120716845527873,0.47673517821169326,0.11827946431428694,-0.7199319730902944,1.2129730457533303,1.298463908767033,37.64861813627017,2.0053541245042137,KE_marsa
20.37375002764665,29.584424381235774,29.559647262648536,13.047356362727434,36.07335991753457,37.707916671303586,34.960235194373574,5,0.6349626309356782,0.25357918289720127,-1.322023350376927,-1.265412999029925,0.21571062597533164,0.38682162179980384,-0.7432067227824761,53,59,59,25,29,31,50,62,54,50,69,71,55,73,-0.12909769146474212,0.18120716845527873,0.47673517821169326,0.11827946431428694,-0.7199319730902944,1.2129730457533303,1.298463908767033,37.57971735397821,1.9634028007358322,KE_marsa
19.043166287345844,23.65546926286392,13.371047236651389,15.235069124077658,17.24537338547166,16.59053570851318,9.284740362097295,5,0.8349908583724864,0.26935625716010037,-1.3991091941465488,-1.4338422055411533,0.38049377289487013,0.7085163685508227,-0.5397328372269872,53,59,59,25,29,31,50,58,58,54,70,71,56,72,0.13219189802526693,-0.0847563637533805,0.3413386976698663,-0.008613458109488053,-0.8734056293334118,1.236354009825797,1.2520830697832104,37.401940759250955,2.3098830058207316,KE_marsa
17.20780806361895,23.202750998879313,20.953396373179938,12.083120167977025,25.6795248264137,23.527435873148118,20.68048907109292,5,0.49606335404457236,0.3880203197055291,-1.2888218408558467,-1.2401440326662025,0.1903392992835394,0.4346601228953286,-0.7071363863991699,53,59,59,25,29,31,50,60,59,51,70,71,59,69,0.35357873050929634,0.13249855409993727,0.48348122100194496,-0.06422656303389036,-1.2350492748184052,1.0583632067885973,1.1156025665350011,37.61061939975192,2.1071332461949557,KE_marsa
20.17836345976901,25.120968164511797,20.370476518987882,14.029852220921947,30.212129465407443,38.43942823936482,32.4581792028771,5,0.47571444522283485,0.4549653781561657,-1.23401926819428,-1.1964575855007875,0.13297418332906444,0.2624462798204412,-0.7102437994189669,53,59,59,25,29,31,50,55,55,50,69,71,58,68,0.35498774763823143,-0.015082551434850133,0.3400444339572716,-0.13840780077443637,-1.1499520804945564,1.1708055703470557,1.209159829378894,37.65724196299772,2.0715599609438224,KE_marsa
32.886858280531115,35.4345838903353,28.66384786934441,21.834550945406463,35.70745194588403,39.72409325492683,20.961569946361514,5,0.8052302311375974,0.34308223526812054,-1.2241015847627021,-1.197322751065316,0.4048343567765568,0.128585264466091,-0.7751089869610863,53,59,59,25,29,31,50,51,42,38,69,71,47,55,0.10667003453864889,0.14305055569150635,0.47891516852204324,-0.07708946705250201,-1.0309639670613346,1.2024605937548178,1.1876280584483014,37.882090278612836,2.1617508154694223,KE_marsa
23.666287610771708,31.083857833707338,18.543448699137446,17.428272534296426,19.243077287458068,23.656378669783468,15.297729382564459,5,0.8349908583724864,0.26935625716010037,-1.3991091941465488,-1.4338422055411533,0.38049377289487013,0.7085163685508227,-0.5397328372269872,53,59,59,25,29,31,50,61,57,49,70,71,56,79,0.13219189802526693,-0.0847563637533805,0.3413386976698663,-0.008613458109488053,-0.8734056293334118,1.236354009825797,1.2520830697832104,37.445778545115985,2.2817657374277904,KE_marsa
16.17212487726178,18.38826960780021,14.074822986656892,13.906330344663058,18.256452234120324,16.78681725253913,14.034434059809463,5,0.7280617785643784,0.07227458016886995,-1.371831522859177,-1.3121996088871382,0.29987371309389366,0.5953434495759284,-0.7674613265011467,53,59,59,25,29,31,50,64,57,51,69,71,56,76,-0.22229440815240487,0.31346966869010745,0.5772900007489548,0.1964699604182578,-0.6528336904709527,1.1372799788902161,1.2470631354825132,37.543784742613425,1.9628638115653605,KE_marsa
19.99451303729234,23.676028509148058,21.050978031954536,12.536608739033992,25.94134335000813,25.350164138385928,20.586376533915175,5,0.49606335404457236,0.3880203197055291,-1.2888218408558467,-1.2401440326662025,0.1903392992835394,0.4346601228953286,-0.7071363863991699,53,59,59,25,29,31,50,60,57,52,70,71,60,74,0.35357873050929634,0.13249855409993727,0.48348122100194496,-0.06422656303389036,-1.2350492748184052,1.0583632067885973,1.1156025665350011,37.62705856945131,2.1091095398200186,KE_marsa
24.10167463868065,25.245948610450977,25.291259509360298,13.642642790797535,28.458073323903765,38.63454779130455,24.56572585663397,5,0.7626721556106882,0.31342198670392013,-1.2756072997194436,-1.2149979351629616,0.34031397095792465,0.18347716423379914,-0.8196115192383446,53,59,59,25,29,31,50,52,49,48,68,71,58,64,0.5894349558020856,-0.05314608184084066,0.26464081675390516,-0.2790068437938897,-1.4207818460564392,1.082817266575859,1.133764582716796,37.77635856967197,2.0260153760389628,KE_marsa
23.893254402489696,24.90257552399753,19.001806142804323,14.144473805598018,31.872766167392445,37.08679560491798,29.10493547640553,5,0.47571444522283485,0.4549653781561657,-1.23401926819428,-1.1964575855007875,0.13297418332906444,0.2624462798204412,-0.7102437994189669,53,59,59,25,29,31,50,60,54,47,70,71,59,73,0.35498774763823143,-0.015082551434850133,0.3400444339572716,-0.13840780077443637,-1.1499520804945564,1.1708055703470557,1.209159829378894,37.68104731802689,2.126986013973997,KE_marsa
22.543518100194955,23.011251803597983,18.674051582777167,17.350972357634344,28.12671438920392,30.500990304452586,21.490054964034183,5,0.6371825659538705,0.48908872442968265,-1.253503993058475,-1.2336839183006616,0.28303440500518234,0.22113944830807858,-0.6927322260008901,53,59,59,25,29,31,50,61,54,52,70,71,56,74,0.1441052275901866,0.11615286226279438,0.5654309956370787,0.019289030022729838,-1.10170669070866,1.1063755668042694,1.123374675833945,37.75848209551799,2.2239142331304933,KE_marsa
18.41280338942752,22.59079934266483,16.60695286221457,8.600495320130394,24.035550515515272,23.001003973824922,18.459727930644327,5,0.6005464002835755,0.21766109881480927,-1.3754357338056684,-1.3008224235655041,0.3446359432483733,0.7300210300315947,-0.7219502845298655,53,59,59,25,29,31,50,58,57,53,70,72,58,73,0.13187070196879216,0.06343144561204801,0.3523617935692746,-0.03355646975659141,-0.8729401826200195,1.222051700015507,1.3057489297563765,37.53174731780623,2.0715599609438224,KE_marsa
19.678115689836567,26.02494285042532,17.80028245006417,15.546904106650157,15.903458703354456,22.442423761095945,14.981933634903271,5,0.8349908583724864,0.26935625716010037,-1.3991091941465488,-1.4338422055411533,0.38049377289487013,0.7085163685508227,-0.5397328372269872,53,59,59,25,29,31,50,60,54,51,70,71,58,72,0.13219189802526693,-0.0847563637533805,0.3413386976698663,-0.008613458109488053,-0.8734056293334118,1.236354009825797,1.2520830697832104,37.41523582545592,2.343569828975214,KE_marsa
24.708830341507593,24.306692457440246,17.901953208800386,14.517318066297726,23.003671609993027,35.33159861905428,15.105288145381747,5,0.7227825021838574,0.19673257237143388,-1.3998931152220446,-1.398584461960407,0.33457274850069074,0.6114587663258841,-0.7768081980262938,53,59,59,25,29,31,50,59,56,52,70,71,59,76,-0.0099132244292497,0.16982826823896327,0.5299913658565841,0.14952257994414894,-0.8323199183349577,1.1191232209144406,1.2975685159735895,37.48260947176489,1.9240565912913972,KE_marsa
29.106011913434692,32.466588355920365,22.875960834667918,13.969310991060494,25.722214387173914,27.804479121342602,21.408056234944702,5,0.5893312700186629,0.8017765235197415,-1.3768802554729471,-1.4274970264047302,0.33358582122942754,0.49311227071881963,-0.41744714103250674,53,59,59,25,29,31,50,59,60,51,70,71,56,72,0.4377548315643209,-0.3820181116931545,0.45739113198742,0.04338119699194123,-1.2542479483357911,1.0095466719533386,0.9972575304479322,37.567590097642594,2.3724057495954503,KE_marsa
22.734437453922904,23.28730081988824,20.187303814032823,14.148026738982773,22.90535050479796,19.39195746536831,15.76458820926989,5,0.6371825659538705,0.48908872442968265,-1.253503993058475,-1.2336839183006616,0.28303440500518234,0.22113944830807858,-0.6927322260008901,53,59,59,25,29,31,50,57,52,46,69,71,52,59,0.1441052275901866,0.11615286226279438,0.5654309956370787,0.019289030022729838,-1.10170669070866,1.1063755668042694,1.123374675833945,37.815794610644815,2.166871212588904,KE_marsa
23.832588482594975,24.61782825996685,19.73185214043741,10.56809378817536,23.72809753493258,25.61576910725501,16.95828009129241,5,0.9741522005740268,0.18824345649757335,-1.2574550001250757,-1.1919734820848553,0.41385466036953517,0.1443159270552167,-0.8812202819491528,53,59,59,25,29,31,50,48,44,39,69,71,51,60,0.5343144069232696,0.012221672742669328,0.27076509675953286,-0.30692811648401586,-1.4363267658295475,1.1009073998403411,1.1359712311453347,37.87607156620924,2.0115524999646386,KE_marsa
20.311129073263377,19.40100652343922,11.801409504110605,9.715729796274344,28.536153017242142,27.285865742856277,23.206593456885983,5,0.5532661719354374,0.6737542231708705,-1.3625870498364006,-1.389953846684573,0.28924733256724705,0.5296637489516713,-0.47884646323459795,53,59,59,24,28,29,50,59,58,55,70,71,55,76,0.5235020344610957,-0.2465888477094906,0.4707197466599101,-0.029557247184032756,-1.3352918847539867,0.9550829632094235,0.9885189412098633,37.58780219153528,2.2796097807459037,KE_marsa
33.390219622326654,28.14538418535045,26.056548658099086,14.669782761137224,28.591791039638625,30.165879638397186,23.69336463884853,1,0.6371825659538705,0.48908872442968265,-1.253503993058475,-1.2336839183006616,0.28303440500518234,0.22113944830807858,-0.6927322260008901,53,59,59,25,29,31,50,60,51,53,69,72,63,77,0.1441052275901866,0.11615286226279438,0.5654309956370787,0.019289030022729838,-1.10170669070866,1.1063755668042694,1.123374675833945,37.8351982207818,2.2403534028298804,KE_marsa
24.979749195162693,28.370157470367843,17.374329695228415,14.884313131260622,28.395504236737736,26.762785984899992,20.747157987926872,5,0.5532661719354374,0.6737542231708705,-1.3625870498364006,-1.389953846684573,0.28924733256724705,0.5296637489516713,-0.47884646323459795,53,59,59,25,29,31,50,59,54,48,70,71,52,71,0.5235020344610957,-0.2465888477094906,0.4707197466599101,-0.029557247184032756,-1.3352918847539867,0.9550829632094235,0.9885189412098633,37.64188077163928,2.3483308999810473,KE_marsa
28.501080435956368,26.268113875752242,25.609331724575284,11.22873741533423,23.52415080314955,24.07681108215861,19.985920742089455,1,0.6371825659538705,0.48908872442968265,-1.253503993058475,-1.2336839183006616,0.28303440500518234,0.22113944830807858,-0.6927322260008901,53,59,59,25,29,31,50,58,52,48,69,71,53,68,0.1441052275901866,0.11615286226279438,0.5654309956370787,0.019289030022729838,-1.10170669070866,1.1063755668042694,1.123374675833945,37.8231607959746,2.206397085090163,KE_marsa
24.17569645449678,23.650461260775202,23.351159456620483,10.56809969893183,26.23212674773334,34.38110664910228,27.055908739094463,5,0.5562814929718619,0.43060874536472243,-1.290092410915158,-1.2450566342505223,0.20178462706550457,0.28439612847376244,-0.7310949164627861,53,59,59,25,29,31,50,58,50,48,69,72,58,64,0.35133667603107804,-0.023561666526892684,0.3577145556910882,-0.10989913365031034,-1.1827676008932893,1.1541629418876675,1.228082728568484,37.73350893061947,1.98999293314577,KE_marsa
25.080575517676984,30.798338682842623,15.751230970060286,11.243483950022611,17.156872965719774,17.378239105064115,13.394150110981142,5,0.5883022643229917,0.40585706698301083,-1.3932675594236479,-1.3695979085088248,0.36962555992937324,0.7418474722353607,-0.5869428502828263,53,59,59,25,29,31,50,59,60,52,70,71,57,74,0.5034674459061117,-0.11104618129925803,0.33076563048239305,-0.1484920359086722,-1.2224064492405695,1.07955264667406,1.1351040626449729,37.46590080748027,2.2439466639663586,KE_marsa
18.251484457399762,21.824787549091756,20.805162310988575,11.647098156258846,29.220449112081297,30.744104431048875,24.151491692609486,5,0.49606335404457236,0.3880203197055291,-1.2888218408558467,-1.2401440326662025,0.1903392992835394,0.4346601228953286,-0.7071363863991699,53,59,59,25,29,31,50,60,58,50,70,71,59,70,0.35357873050929634,0.13249855409993727,0.48348122100194496,-0.06422656303389036,-1.2350492748184052,1.0583632067885973,1.1156025665350011,37.614841481587284,2.0822499128248446,KE_marsa
20.691870078701402,22.978207831149838,16.0008340818108,11.7550709388883,22.055440059097858,21.906226890425568,16.395435361661022,5,0.5893312700186629,0.8017765235197415,-1.3768802554729471,-1.4274970264047302,0.33358582122942754,0.49311227071881963,-0.41744714103250674,53,59,59,25,29,31,50,59,59,50,70,71,56,73,0.4377548315643209,-0.3820181116931545,0.45739113198742,0.04338119699194123,-1.2542479483357911,1.0095466719533386,0.9972575304479322,37.56606296165959,2.380131261038878,KE_marsa
29.522271223477787,24.133724167371096,18.91253517328792,15.120974018643162,31.47353284841879,37.21923615625011,23.923440820436717,5,0.6845184817076019,0.5075251393331524,-1.3842897479566922,-1.4272276157698165,0.3337347274609011,0.6069665793395186,-0.4967432881972412,53,59,59,25,29,31,50,62,52,53,70,72,54,72,0.36894994334540226,-0.172051661769092,0.4245713873993176,-0.01949307236150211,-1.169676193125167,1.075786000131078,1.1005979781517305,37.516565789504604,2.325962849406471,KE_marsa
18.83408403312701,23.93265608246011,14.033774236605822,15.478778065995282,17.060615868378807,18.59858828505448,12.422987538135784,5,0.8349908583724864,0.26935625716010037,-1.3991091941465488,-1.4338422055411533,0.38049377289487013,0.7085163685508227,-0.5397328372269872,53,59,59,25,29,31,50,61,58,52,70,71,52,75,0.13219189802526693,-0.0847563637533805,0.3413386976698663,-0.008613458109488053,-0.8734056293334118,1.236354009825797,1.2520830697832104,37.40867812388185,2.314105087656093,KE_marsa
25.945086054400242,27.211327704855528,23.878202891213814,11.769471744505564,28.16058398830788,35.22222414946761,25.966004624724473,5,0.48302881787156493,0.5888665059223266,-1.2695204901245416,-1.2616190021236586,0.17182076668345736,0.3191696573012483,-0.6174272826559026,53,59,59,25,29,31,50,59,51,49,70,71,55,72,0.36074377348444603,-0.03676437151355772,0.497807353362473,-0.024221881847738273,-1.2441657708483869,1.0669694234243223,1.0746833108675222,37.744737871670964,2.1715424520663253,KE_marsa
24.68392823601031,29.138757464646684,25.47073572613447,15.207651115883962,29.634889809357468,40.09541596840785,29.51493220603797,5,0.6697727196772705,0.3537199728779275,-1.2260377244334115,-1.1758960368335771,0.2430524243675249,0.15780376381003702,-0.7950333621063828,53,59,59,25,29,31,50,55,53,48,69,71,56,64,0.33514522129763374,-0.005177319968916776,0.33653032518501613,-0.16021393981457643,-1.1713328858491858,1.197071071671015,1.2244004047139114,37.76539912320571,2.0928500331774553,KE_marsa
21.806442469817316,21.952648083650807,14.70313192295565,10.180355056493234,23.68726057631712,24.145861356882406,16.834419011734717,5,0.5893312700186629,0.8017765235197415,-1.3768802554729471,-1.4274970264047302,0.33358582122942754,0.49311227071881963,-0.41744714103250674,53,59,59,25,29,31,50,60,57,51,70,72,53,72,0.4377548315643209,-0.3820181116931545,0.45739113198742,0.04338119699194123,-1.2542479483357911,1.0095466719533386,0.9972575304479322,37.58061566926233,2.3607276509018966,KE_marsa
21.9126462701086,23.44923009246289,22.310539268824453,7.427018374340282,27.95865012189248,34.63268934231774,33.13948578850197,5,0.6349626309356782,0.25357918289720127,-1.322023350376927,-1.265412999029925,0.21571062597533164,0.38682162179980384,-0.7432067227824761,53,59,59,25,29,31,50,62,55,51,69,71,55,68,-0.12909769146474212,0.18120716845527873,0.47673517821169326,0.11827946431428694,-0.7199319730902944,1.2129730457533303,1.298463908767033,37.632717955741256,1.999335412100613,KE_marsa
18.737744156723625,23.54842935589035,17.81231838348188,9.147566406085865,23.64885710531331,28.600684831177624,23.035688160353434,5,0.6349626309356782,0.25357918289720127,-1.322023350376927,-1.265412999029925,0.21571062597533164,0.38682162179980384,-0.7432067227824761,53,59,59,25,29,31,50,61,61,54,69,72,57,70,-0.12909769146474212,0.18120716845527873,0.47673517821169326,0.11827946431428694,-0.7199319730902944,1.2129730457533303,1.298463908767033,37.572620663233664,2.0040964831064465,KE_marsa
23.945286561046053,25.74683149662134,14.813349996339436,13.878851313519574,27.444560522361098,27.041658996408344,23.288624657233868,5,0.5532661719354374,0.6737542231708705,-1.3625870498364006,-1.389953846684573,0.28924733256724705,0.5296637489516713,-0.47884646323459795,53,59,59,25,29,31,50,60,57,55,70,72,56,79,0.5235020344610957,-0.2465888477094906,0.4707197466599101,-0.029557247184032756,-1.3352918847539867,0.9550829632094235,0.9885189412098633,37.633885765610614,2.2518518384666106,KE_marsa
19.608544165464274,24.85571306101946,11.289925378431718,9.329117971250358,17.112513411660526,20.89330314110877,13.903686886556953,5,0.7303404309489688,0.6077934861352635,-1.3821092428324238,-1.4518869641552705,0.3337707990520069,0.4958340291599453,-0.44632741267408893,53,59,59,25,29,31,50,58,56,49,70,71,53,65,0.3379187720151774,-0.2241284268637097,0.4860855457444098,0.051472958974369695,-1.1862595921299304,1.0408473027141638,1.03276726090456,37.45404304572989,2.3931568326586112,KE_marsa
23.44426992640444,26.692201301886172,17.249113709571713,18.479212245994407,28.153251086134013,29.988331511208095,22.127311213881825,5,0.5532661719354374,0.6737542231708705,-1.3625870498364006,-1.389953846684573,0.28924733256724705,0.5296637489516713,-0.47884646323459795,53,59,59,25,29,31,50,60,59,51,70,72,57,74,0.5235020344610957,-0.2465888477094906,0.4707197466599101,-0.029557247184032756,-1.3352918847539867,0.9550829632094235,0.9885189412098633,37.59597686062077,2.34662410094122,KE_marsa
31.58340704027103,34.66892513615092,24.360514221258576,14.28865442756225,24.95752887208422,24.243268574463745,19.85689372306837,5,0.5883022643229917,0.40585706698301083,-1.3932675594236479,-1.3695979085088248,0.36962555992937324,0.7418474722353607,-0.5869428502828263,53,59,59,25,29,31,50,60,57,52,70,71,55,77,0.5034674459061117,-0.11104618129925803,0.33076563048239305,-0.1484920359086722,-1.2224064492405695,1.07955264667406,1.1351040626449729,37.49877914687904,2.2389160983752894,KE_marsa
19.67265630024694,23.23971723126621,19.270970329423694,11.680302959533101,30.913265185552333,35.03834703938736,29.214270673207544,5,0.47571444522283485,0.4549653781561657,-1.23401926819428,-1.1964575855007875,0.13297418332906444,0.2624462798204412,-0.7102437994189669,53,59,59,25,29,31,50,54,57,50,69,71,56,72,0.35498774763823143,-0.015082551434850133,0.3400444339572716,-0.13840780077443637,-1.1499520804945564,1.1708055703470557,1.209159829378894,37.66146404483308,2.0622174819889794,KE_marsa
31.70940066797103,27.184805235347593,25.247312972188976,16.824442757658126,33.60923790327706,27.668160978246025,20.768432417291077,5,0.6228939646088839,0.6166206935679469,-1.2872120047326825,-1.30632247931752,0.3568307904058222,0.30935763670160216,-0.5732575146718258,53,59,59,25,29,31,50,60,55,51,70,71,55,74,0.031237304646195008,0.04101901549461771,0.660976707504434,0.15665369078285266,-1.0434897168621644,1.105494271817141,1.0704437599930172,37.82217264916207,2.2761961826662493,KE_marsa
24.843634251912864,28.55135744839843,19.52980730804529,20.30305327551783,27.45397446165375,29.435676075546546,23.767362674911784,5,0.5893312700186629,0.8017765235197415,-1.3768802554729471,-1.4274970264047302,0.33358582122942754,0.49311227071881963,-0.41744714103250674,53,59,59,25,29,31,50,60,54,49,70,72,54,69,0.4377548315643209,-0.3820181116931545,0.45739113198742,0.04338119699194123,-1.2542479483357911,1.0095466719533386,0.9972575304479322,37.589598822103525,2.382197386192353,KE_marsa
30.625795165796276,27.8784762273362,22.946193851135924,11.239484590173342,27.342350659267154,48.81574819115651,29.93773624788424,5,0.8784681258110237,0.2906551965235563,-1.3521554396235662,-1.29629892262722,0.41180506685351026,0.30103224920241356,-0.8000468156235728,53,59,59,25,29,31,50,53,49,42,68,71,52,66,0.5936001363001027,-0.06932361638323364,0.2921997209278591,-0.24096429056362623,-1.4504151913612224,1.0428905735948668,1.1406486534677742,37.81624376828688,1.9245955804618688,KE_marsa
24.324902334858617,29.648096510535414,17.332143130034076,11.251524018703236,16.400760612473714,18.397859118605343,14.698193697270462,5,0.6845184817076019,0.5075251393331524,-1.3842897479566922,-1.4272276157698165,0.3337347274609011,0.6069665793395186,-0.4967432881972412,53,59,59,25,29,31,50,60,60,53,70,71,57,74,0.36894994334540226,-0.172051661769092,0.4245713873993176,-0.01949307236150211,-1.169676193125167,1.075786000131078,1.1005979781517305,37.482519640236475,2.2534688059780255,KE_marsa
18.91287163406012,18.61099260572565,17.036095627868757,12.639274300902148,24.299523253333,24.852451416434043,17.913338700174066,5,0.48302881787156493,0.5888665059223266,-1.2695204901245416,-1.2616190021236586,0.17182076668345736,0.3191696573012483,-0.6174272826559026,53,59,59,25,29,31,50,62,52,52,70,71,55,72,0.36074377348444603,-0.03676437151355772,0.497807353362473,-0.024221881847738273,-1.2441657708483869,1.0669694234243223,1.0746833108675222,37.722639315681626,2.1895985892771277,KE_marsa
22.183576727466413,21.49334708093783,15.233603733860397,14.721984785559965,21.520403186883055,21.785614065738606,14.874219934313667,5,0.5893312700186629,0.8017765235197415,-1.3768802554729471,-1.4274970264047302,0.33358582122942754,0.49311227071881963,-0.41744714103250674,53,59,59,25,29,31,50,58,49,49,70,71,56,66,0.4377548315643209,-0.3820181116931545,0.45739113198742,0.04338119699194123,-1.2542479483357911,1.0095466719533386,0.9972575304479322,37.601995573024375,2.3947738001700265,KE_marsa
31.305396569408185,27.34080421327037,24.19185153089544,23.87894095007275,24.11589127179247,32.55977959629344,22.260636301188466,1,0.8052302311375974,0.34308223526812054,-1.2241015847627021,-1.197322751065316,0.4048343567765568,0.128585264466091,-0.7751089869610863,53,59,59,25,29,31,50,56,50,46,69,71,55,63,0.10667003453864889,0.14305055569150635,0.47891516852204324,-0.07708946705250201,-1.0309639670613346,1.2024605937548178,1.1876280584483014,37.85352385257784,2.1940901656977254,KE_marsa
26.105800227358166,32.68574567109735,21.207229642511567,16.173461387496783,18.609043427336672,19.16637642331015,17.55789885147152,5,0.6845184817076019,0.5075251393331524,-1.3842897479566922,-1.4272276157698165,0.3337347274609011,0.6069665793395186,-0.4967432881972412,53,59,59,25,29,31,50,58,61,53,70,71,56,77,0.36894994334540226,-0.172051661769092,0.4245713873993176,-0.01949307236150211,-1.169676193125167,1.075786000131078,1.1005979781517305,37.48216031412283,2.2672130298250543,KE_marsa
20.474312689422046,23.976777207214802,10.50157400491769,14.329598440380861,19.44340228662587,22.585101078175846,15.616321315322697,5,0.8349908583724864,0.26935625716010037,-1.3991091941465488,-1.4338422055411533,0.38049377289487013,0.7085163685508227,-0.5397328372269872,53,59,59,25,29,31,50,60,56,54,70,71,59,74,0.13219189802526693,-0.0847563637533805,0.3413386976698663,-0.008613458109488053,-0.8734056293334118,1.236354009825797,1.2520830697832104,37.43041735375754,2.2690994919217053,KE_marsa
19.848352836830045,20.30808640734294,11.962536196721144,13.116442910683396,16.979082462436015,20.585348006434206,15.60643187195278,5,0.6845184817076019,0.5075251393331524,-1.3842897479566922,-1.4272276157698165,0.3337347274609011,0.6069665793395186,-0.4967432881972412,53,59,59,25,29,31,50,59,57,53,70,72,56,74,0.36894994334540226,-0.172051661769092,0.4245713873993176,-0.01949307236150211,-1.169676193125167,1.075786000131078,1.1005979781517305,37.46060074730396,2.323896724252996,KE_marsa
21.31453602752195,24.8000109505965,14.504583601168672,14.515839847610609,12.513012296420014,18.877289900495246,14.060405874333822,5,0.8633549308570097,0.36323793513696423,-1.3792592239770782,-1.4452955335331705,0.3306733674959706,0.5118584583533343,-0.4908658118779817,53,59,59,25,29,31,50,58,55,52,69,71,55,72,0.17514411301482868,-0.11217904952160823,0.4076858244021504,0.022782864284705676,-0.9679257850801178,1.1814831354422897,1.1542762289715502,37.423320663013,2.3677345101180287,KE_marsa
22.386322113511373,24.61580873647414,16.057974518755874,17.803906253091252,30.17517200789733,27.923440707909815,21.91453664808643,5,0.5532661719354374,0.6737542231708705,-1.3625870498364006,-1.389953846684573,0.28924733256724705,0.5296637489516713,-0.47884646323459795,53,59,59,25,29,31,50,60,57,49,70,72,57,73,0.5235020344610957,-0.2465888477094906,0.4707197466599101,-0.029557247184032756,-1.3352918847539867,0.9550829632094235,0.9885189412098633,37.62041103634882,2.3471630901116916,KE_marsa
21.151390308120792,23.50446173273384,14.75956199214582,17.00641212342958,23.719595455587317,25.341216745371934,18.761717608593543,5,0.6845184817076019,0.5075251393331524,-1.3842897479566922,-1.4272276157698165,0.3337347274609011,0.6069665793395186,-0.4967432881972412,53,59,59,25,29,31,50,60,54,54,70,72,53,73,0.36894994334540226,-0.172051661769092,0.4245713873993176,-0.01949307236150211,-1.169676193125167,1.075786000131078,1.1005979781517305,37.53561007352794,2.3338680239067227,KE_marsa
21.3364934220827,22.879636009027948,26.21967624347611,13.657394818214422,21.96851721827594,17.57154551570705,17.483628091018325,1,0.8880165010877011,0.23068054864323853,-1.20866743552325,-1.1437417407638932,0.37005131349755055,0.04986710075367472,-0.8832477726494887,53,59,59,25,29,31,50,48,46,38,69,71,55,62,0.37253264912098705,0.1532516905399333,0.4134150921443803,-0.21718344757830416,-1.3448330796280572,1.1073991867607107,1.1297775193574384,37.862596836947446,2.0701226564892314,KE_marsa
23.782258726702477,27.093291341954682,17.556359320112975,15.644189172926534,26.82627170670408,26.351294750863577,16.231430370312534,5,0.5540901411450757,0.8461026095240971,-1.3565904189731375,-1.4011463059647922,0.31492164119815735,0.4552554592462674,-0.4248592481866136,53,59,59,25,29,31,50,59,53,50,70,72,54,69,0.34695980916259744,-0.2913233803483608,0.5792105723091912,0.12564458087109096,-1.2682997624412267,0.9825610691576665,0.9567580359730049,37.68176597025418,2.3778854728285794,KE_marsa
27.829759086981362,27.435480057698044,25.015680031111046,16.30415689517957,33.448476850579745,35.6951583130819,24.246631843963637,5,0.6349626309356782,0.25357918289720127,-1.322023350376927,-1.265412999029925,0.21571062597533164,0.38682162179980384,-0.7432067227824761,53,59,59,25,29,31,50,63,56,49,70,71,57,71,-0.12909769146474212,0.18120716845527873,0.47673517821169326,0.11827946431428694,-0.7199319730902944,1.2129730457533303,1.298463908767033,37.55896627091505,1.984064052270581,KE_marsa
20.161056385358734,20.36625247521766,16.152743904682406,11.915212887592588,22.402687314978838,22.300310040378612,15.235096351309762,5,0.5023476396552822,0.5395769425090994,-1.3240291778453357,-1.310486796920535,0.2350368064427182,0.4905881754692866,-0.5979190105537024,53,59,59,25,29,31,50,60,61,53,70,72,54,71,0.5040928575301021,-0.06793108448889754,0.44421215991077573,-0.09148910244354551,-1.3290066057441234,1.0043916843371823,1.046702579264177,37.5744172938019,2.155372776952174,KE_marsa
19.50888831312337,22.02193776532121,17.86116335285971,11.06469505092627,22.164478981484535,26.094124787906964,19.201495563350118,5,0.9741522005740268,0.18824345649757335,-1.2574550001250757,-1.1919734820848553,0.41385466036953517,0.1443159270552167,-0.8812202819491528,53,59,59,25,29,31,50,48,44,43,69,71,50,63,0.5343144069232696,0.012221672742669328,0.27076509675953286,-0.30692811648401586,-1.4363267658295475,1.1009073998403411,1.1359712311453347,37.871669821317056,1.999065917515377,KE_marsa
23.578519860877186,28.482794180506403,28.34947900714114,12.373231731002685,26.17405005891794,42.29228762297589,32.688457965730734,5,0.6697727196772705,0.3537199728779275,-1.2260377244334115,-1.1758960368335771,0.2430524243675249,0.15780376381003702,-0.7950333621063828,53,59,59,25,29,31,50,52,53,43,69,71,52,66,0.33514522129763374,-0.005177319968916776,0.33653032518501613,-0.16021393981457643,-1.1713328858491858,1.197071071671015,1.2244004047139114,37.76890255281378,2.051617361636369,KE_marsa
21.74271749535779,29.175834098944705,25.579229286417863,10.636329689479226,26.25895244578267,31.59602997543143,28.481089721250058,5,0.6349626309356782,0.25357918289720127,-1.322023350376927,-1.265412999029925,0.21571062597533164,0.38682162179980384,-0.7432067227824761,53,59,59,25,29,31,50,63,61,52,70,72,57,72,-0.12909769146474212,0.18120716845527873,0.47673517821169326,0.11827946431428694,-0.7199319730902944,1.2129730457533303,1.298463908767033,37.591664947256994,2.0168525601409435,KE_marsa
32.370913684968414,28.196138407715512,24.259050496135096,15.446512136114015,30.59643287636967,31.245429300254305,19.0026464736877,5,0.736745264290688,0.4225986219090218,-1.239455039262038,-1.2627489606440898,0.47139133040866826,0.23864360814856375,-0.6560051140404585,53,59,59,25,29,31,50,60,53,52,70,71,53,76,0.2952343358392597,-0.07713094951043663,0.513696539032457,-0.044215704414065284,-1.154093583666392,1.113034286377658,1.0876372678494775,37.85091873825389,2.2897607434564544,KE_marsa
18.997928304566386,18.882853762777938,15.360672127583442,11.59739880670087,25.13803979580977,25.704003077980193,20.178240893925025,5,0.49606335404457236,0.3880203197055291,-1.2888218408558467,-1.2401440326662025,0.1903392992835394,0.4346601228953286,-0.7071363863991699,53,59,59,25,29,31,50,60,58,50,70,71,57,73,0.35357873050929634,0.13249855409993727,0.48348122100194496,-0.06422656303389036,-1.2350492748184052,1.0583632067885973,1.1156025665350011,37.62975351530366,2.1374064712697836,KE_marsa
22.306830709665576,32.46439031998643,19.673964290785143,13.291043788210295,17.983836055167075,17.00347414846104,11.388193380101624,5,0.7560610196981756,0.13354557888134322,-1.4297171226087853,-1.3723929369609071,0.4835067423336221,0.9762487176838844,-0.638789883425777,53,59,59,25,29,31,50,58,58,53,70,71,55,74,0.21097535806192427,0.03255238434256544,0.3235283044403796,-0.08537461268982853,-0.9261479379798349,1.219410996173364,1.263029754947292,37.41325953183086,2.2314600815170973,KE_marsa
30.007175860161897,28.252102401132678,17.323499459949826,14.195902104591262,25.436025361202812,29.027669616033954,21.929665705139005,5,0.7303404309489688,0.6077934861352635,-1.3821092428324238,-1.4518869641552705,0.3337707990520069,0.4958340291599453,-0.44632741267408893,53,59,59,25,29,31,50,60,60,53,69,72,57,70,0.3379187720151774,-0.2241284268637097,0.4860855457444098,0.051472958974369695,-1.1862595921299304,1.0408473027141638,1.03276726090456,37.52941169806751,2.3774363151865194,KE_marsa
25.807522068043358,30.344889518015652,27.20795259064259,12.242614301630322,29.841303714427617,39.42488331797569,28.26138168710052,5,0.7626721556106882,0.31342198670392013,-1.2756072997194436,-1.2149979351629616,0.34031397095792465,0.18347716423379914,-0.8196115192383446,53,59,59,25,29,31,50,48,46,44,69,71,55,65,0.5894349558020856,-0.05314608184084066,0.26464081675390516,-0.2790068437938897,-1.4207818460564392,1.082817266575859,1.133764582716796,37.8269337201679,2.0116423314930505,KE_marsa
27.28436269264684,30.578146776853036,23.141196868688194,11.044018053167257,25.109765490786458,34.30677368350299,19.025987643441958,5,0.8784681258110237,0.2906551965235563,-1.3521554396235662,-1.29629892262722,0.41180506685351026,0.30103224920241356,-0.8000468156235728,53,59,59,25,29,31,50,56,49,43,69,71,51,69,0.5936001363001027,-0.06932361638323364,0.2921997209278591,-0.24096429056362623,-1.4504151913612224,1.0428905735948668,1.1406486534677742,37.83097613894644,1.903754665870296,KE_marsa
15.324585615860174,17.844261654215032,14.912496267426242,10.999950566972236,24.91992603100848,30.1669069307496,21.79410478773228,5,0.48302881787156493,0.5888665059223266,-1.2695204901245416,-1.2616190021236586,0.17182076668345736,0.3191696573012483,-0.6174272826559026,53,59,59,25,29,31,50,61,58,52,70,72,55,74,0.36074377348444603,-0.03676437151355772,0.497807353362473,-0.024221881847738273,-1.2441657708483869,1.0669694234243223,1.0746833108675222,37.68428125304972,2.1991207312887946,KE_marsa
30.67982973804723,37.94009098663122,31.98138635366789,19.375330067995247,29.734453549637255,36.8344677265802,25.08578491835093,5,0.6697727196772705,0.3537199728779275,-1.2260377244334115,-1.1758960368335771,0.2430524243675249,0.15780376381003702,-0.7950333621063828,53,59,59,25,29,31,50,59,48,45,69,71,55,58,0.33514522129763374,-0.005177319968916776,0.33653032518501613,-0.16021393981457643,-1.1713328858491858,1.197071071671015,1.2244004047139114,37.8028588705535,2.1125231378996725,KE_marsa
18.065817924234075,22.636853645654856,15.687690639908718,13.35435541612255,25.364288290128872,21.46505280946181,20.37252314372168,5,0.49606335404457236,0.3880203197055291,-1.2888218408558467,-1.2401440326662025,0.1903392992835394,0.4346601228953286,-0.7071363863991699,53,59,59,25,29,31,50,60,59,53,70,72,59,72,0.35357873050929634,0.13249855409993727,0.48348122100194496,-0.06422656303389036,-1.2350492748184052,1.0583632067885973,1.1156025665350011,37.55088143335797,2.1047976264562447,KE_marsa
28.032133087605192,26.772184475103224,19.753758006742487,13.251852151096081,30.31206275972976,29.439255530779107,18.78158720330014,5,0.6228939646088839,0.6166206935679469,-1.2872120047326825,-1.30632247931752,0.3568307904058222,0.30935763670160216,-0.5732575146718258,53,59,59,25,29,31,50,63,54,49,70,72,55,77,0.031237304646195008,0.04101901549461771,0.660976707504434,0.15665369078285266,-1.0434897168621644,1.105494271817141,1.0704437599930172,37.81184202339469,2.2741300575127745,KE_marsa
27.430615458315103,26.197551356953436,19.2660407626563,13.286415314973182,22.929412785304052,31.15606358089282,22.23006124762501,5,0.7303404309489688,0.6077934861352635,-1.3821092428324238,-1.4518869641552705,0.3337707990520069,0.4958340291599453,-0.44632741267408893,53,59,59,25,29,31,50,58,55,51,70,72,57,74,0.3379187720151774,-0.2241284268637097,0.4860855457444098,0.051472958974369695,-1.1862595921299304,1.0408473027141638,1.03276726090456,37.49078414085037,2.3514750034754655,KE_marsa
18.205939734728627,18.319611280293174,14.364625707026454,13.40136530695904,25.74809920798342,20.944231731374376,20.769493849462492,5,0.49606335404457236,0.3880203197055291,-1.2888218408558467,-1.2401440326662025,0.1903392992835394,0.4346601228953286,-0.7071363863991699,53,59,59,25,29,31,50,62,57,50,70,71,61,72,0.35357873050929634,0.13249855409993727,0.48348122100194496,-0.06422656303389036,-1.2350492748184052,1.0583632067885973,1.1156025665350011,37.61978221564994,2.1117146541439653,KE_marsa
26.95162660662134,31.44249265815315,22.89530973766606,14.974759552511674,26.07906338896751,35.023990450941035,22.6190746469669,5,0.6845184817076019,0.5075251393331524,-1.3842897479566922,-1.4272276157698165,0.3337347274609011,0.6069665793395186,-0.4967432881972412,53,59,59,25,29,31,50,61,55,53,70,72,54,76,0.36894994334540226,-0.172051661769092,0.4245713873993176,-0.01949307236150211,-1.169676193125167,1.075786000131078,1.1005979781517305,37.48189081953759,2.329825605128185,KE_marsa
22.37891229933536,23.113315388431143,17.953850715587844,12.123498194934285,35.19421145246444,35.23178453255287,29.086836533535056,5,0.48302881787156493,0.5888665059223266,-1.2695204901245416,-1.2616190021236586,0.17182076668345736,0.3191696573012483,-0.6174272826559026,53,59,59,25,29,31,50,61,57,52,69,72,55,80,0.36074377348444603,-0.03676437151355772,0.497807353362473,-0.024221881847738273,-1.2441657708483869,1.0669694234243223,1.0746833108675222,37.69748648772628,2.2413415496424123,KE_marsa
19.709199021067338,23.846620843267715,13.596282984125324,15.131830810620466,16.678655481420012,21.604646122213953,16.70367221527757,5,0.8349908583724864,0.26935625716010037,-1.3991091941465488,-1.4338422055411533,0.38049377289487013,0.7085163685508227,-0.5397328372269872,53,59,59,25,29,31,50,60,56,47,69,71,58,74,0.13219189802526693,-0.0847563637533805,0.3413386976698663,-0.008613458109488053,-0.8734056293334118,1.236354009825797,1.2520830697832104,37.4135290264161,2.331532404168012,KE_marsa
24.81564126971778,27.648340962973297,26.4921147365646,9.760838366016195,21.459359465632097,21.779429049022568,18.11571569937329,5,0.8880165010877011,0.23068054864323853,-1.20866743552325,-1.1437417407638932,0.37005131349755055,0.04986710075367472,-0.8832477726494887,53,59,59,25,29,31,50,51,42,41,69,71,56,61,0.37253264912098705,0.1532516905399333,0.4134150921443803,-0.21718344757830416,-1.3448330796280572,1.1073991867607107,1.1297775193574384,37.871130832146584,2.0775786733474235,KE_marsa
28.46387621880348,29.462570525418222,19.583008329544164,19.941058714643816,35.74163851833828,35.37193502751814,26.351216598313226,5,0.6228939646088839,0.6166206935679469,-1.2872120047326825,-1.30632247931752,0.3568307904058222,0.30935763670160216,-0.5732575146718258,53,59,59,25,29,31,50,60,56,50,70,72,55,72,0.031237304646195008,0.04101901549461771,0.660976707504434,0.15665369078285266,-1.0434897168621644,1.105494271817141,1.0704437599930172,37.761446535955585,2.2759266880810136,KE_marsa
20.638693221525532,17.462298310441543,19.314345260609016,13.726934096070933,23.483207557236213,19.043111798784008,15.136845778858689,5,0.48302881787156493,0.5888665059223266,-1.2695204901245416,-1.2616190021236586,0.17182076668345736,0.3191696573012483,-0.6174272826559026,53,59,59,25,29,31,50,61,55,54,70,71,54,74,0.36074377348444603,-0.03676437151355772,0.497807353362473,-0.024221881847738273,-1.2441657708483869,1.0669694234243223,1.0746833108675222,37.72740038668746,2.1967851115500836,KE_marsa
25.37890691531382,28.369342077647698,21.090530112303938,13.898239628877693,23.913721056972165,31.298098655711943,22.25479491926398,5,0.6845184817076019,0.5075251393331524,-1.3842897479566922,-1.4272276157698165,0.3337347274609011,0.6069665793395186,-0.4967432881972412,53,59,59,25,29,31,50,56,54,51,70,72,56,72,0.36894994334540226,-0.172051661769092,0.4245713873993176,-0.01949307236150211,-1.169676193125167,1.075786000131078,1.1005979781517305,37.51171488697036,2.344288481202509,KE_marsa
26.390233384794822,22.20581601512163,12.769355383119441,11.420730368113384,22.257343440418925,29.576432167324445,15.780217122639243,5,0.6204886311450694,0.2616322527814561,-1.4155854661746379,-1.472269466512952,0.3657239944975819,0.9216795579988052,-0.7603544363659056,53,59,59,25,29,31,50,61,48,54,70,71,59,78,0.39009601430627927,0.05539934426387167,0.45149069825921856,0.0066675120369668875,-1.1209230326256419,0.9993879255465352,1.2645774482664802,37.43419027795085,1.931871934263237,KE_marsa
21.56054380580696,24.70261584058786,17.229104977018583,13.652158936092087,18.501772024932052,17.60341479884418,12.373978430275493,5,0.7303404309489688,0.6077934861352635,-1.3821092428324238,-1.4518869641552705,0.3337707990520069,0.4958340291599453,-0.44632741267408893,53,59,59,25,29,31,50,58,58,49,70,71,55,71,0.3379187720151774,-0.2241284268637097,0.4860855457444098,0.051472958974369695,-1.1862595921299304,1.0408473027141638,1.03276726090456,37.511894550027186,2.390012729164193,KE_marsa
19.28667141867774,22.28550299064778,14.537977819638666,11.449064492519595,26.23805545138396,22.13055280368302,19.609737396200995,5,0.5023476396552822,0.5395769425090994,-1.3240291778453357,-1.310486796920535,0.2350368064427182,0.4905881754692866,-0.5979190105537024,53,59,59,25,29,31,50,59,59,52,70,71,56,77,0.5040928575301021,-0.06793108448889754,0.44421215991077573,-0.09148910244354551,-1.3290066057441234,1.0043916843371823,1.046702579264177,37.55582216742063,2.2461026206482457,KE_marsa
21.476213703345277,22.209311722267326,15.67684456054442,14.054451234773813,23.964544012559518,22.379093956998783,16.49965796558254,5,0.6254585620661952,0.6695366236938834,-1.310153572165373,-1.3586367379585476,0.404512042434183,0.3861183987673942,-0.49991287661477474,53,59,59,25,29,31,50,56,56,46,70,71,57,71,0.2920916615247672,-0.20954862948761646,0.6010824826894805,0.111380045901557,-1.2534876421256704,0.9911744378323858,0.9779466718084652,37.78067048303574,2.3722260865386264,KE_marsa
39.24079020317037,37.383360975461606,31.784940899024676,20.214693215581057,38.0397690439155,40.358037905485155,25.295861575647287,1,0.736745264290688,0.4225986219090218,-1.239455039262038,-1.2627489606440898,0.47139133040866826,0.23864360814856375,-0.6560051140404585,53,59,59,25,29,31,50,60,49,57,69,71,63,81,0.2952343358392597,-0.07713094951043663,0.513696539032457,-0.044215704414065284,-1.154093583666392,1.113034286377658,1.0876372678494775,37.86295616306109,2.250953523182491,KE_marsa
15.619709310697328,23.296514657830404,18.893992150819848,10.807331693086045,23.774945174348225,21.784182183758723,18.17886687885788,5,0.49606335404457236,0.3880203197055291,-1.2888218408558467,-1.2401440326662025,0.1903392992835394,0.4346601228953286,-0.7071363863991699,53,59,59,25,29,31,50,58,59,53,70,71,62,74,0.35357873050929634,0.13249855409993727,0.48348122100194496,-0.06422656303389036,-1.2350492748184052,1.0583632067885973,1.1156025665350011,37.59184461031382,2.105067121041481,KE_marsa
29.263640487828322,30.487061275942512,29.52973570996266,18.158709697832947,28.017130529095088,37.68292924319924,25.661642250776183,5,0.6697727196772705,0.3537199728779275,-1.2260377244334115,-1.1758960368335771,0.2430524243675249,0.15780376381003702,-0.7950333621063828,53,59,59,25,29,31,50,60,52,46,69,71,52,61,0.33514522129763374,-0.005177319968916776,0.33653032518501613,-0.16021393981457643,-1.1713328858491858,1.197071071671015,1.2244004047139114,37.807260615445685,2.1334538840196577,KE_marsa
17.241279699253106,22.779572691563335,15.82149091473977,9.444291945659444,22.17644555082578,22.655756435544998,17.98541599614043,5,0.6005464002835755,0.21766109881480927,-1.3754357338056684,-1.3008224235655041,0.3446359432483733,0.7300210300315947,-0.7219502845298655,53,59,59,25,29,31,50,57,57,53,70,72,57,75,0.13187070196879216,0.06343144561204801,0.3523617935692746,-0.03355646975659141,-0.8729401826200195,1.222051700015507,1.3057489297563765,37.53659822034047,2.0759617058360083,KE_marsa
22.219552617197195,23.854536129197715,16.63158580149073,12.372401001230072,26.115266724590725,26.189805410050468,20.06033514088253,5,0.5532661719354374,0.6737542231708705,-1.3625870498364006,-1.389953846684573,0.28924733256724705,0.5296637489516713,-0.47884646323459795,53,59,59,25,29,31,50,57,60,52,70,71,53,73,0.5235020344610957,-0.2465888477094906,0.4707197466599101,-0.029557247184032756,-1.3352918847539867,0.9550829632094235,0.9885189412098633,37.570015548909716,2.2553552680746765,KE_marsa
23.87008871941697,32.34538373728493,25.426044731689913,15.654217666247561,32.71000749597345,41.71982606553759,28.519527597630404,5,0.7626721556106882,0.31342198670392013,-1.2756072997194436,-1.2149979351629616,0.34031397095792465,0.18347716423379914,-0.8196115192383446,53,59,59,25,29,31,50,55,47,45,69,71,54,65,0.5894349558020856,-0.05314608184084066,0.26464081675390516,-0.2790068437938897,-1.4207818460564392,1.082817266575859,1.133764582716796,37.80564364793427,2.046496964516888,KE_marsa
18.85508236520867,19.564755964834582,12.918066930319984,12.18149563761015,19.022197702716593,17.16417055801811,16.333976481928705,5,0.7280617785643784,0.07227458016886995,-1.371831522859177,-1.3121996088871382,0.29987371309389366,0.5953434495759284,-0.7674613265011467,53,59,59,25,29,31,50,60,56,51,70,71,58,73,-0.22229440815240487,0.31346966869010745,0.5772900007489548,0.1964699604182578,-0.6528336904709527,1.1372799788902161,1.2470631354825132,37.54989328654544,1.9784944975090402,KE_marsa
23.69832633533078,29.025255356423077,20.05248885781814,14.110032907537388,16.084274880253318,22.727136938200957,17.196066515237373,5,0.7303404309489688,0.6077934861352635,-1.3821092428324238,-1.4518869641552705,0.3337707990520069,0.4958340291599453,-0.44632741267408893,53,59,59,25,29,31,50,59,56,50,70,72,58,70,0.3379187720151774,-0.2241284268637097,0.4860855457444098,0.051472958974369695,-1.1862595921299304,1.0408473027141638,1.03276726090456,37.47901621062841,2.3585716942200095,KE_marsa
18.929125921577548,19.07743908823592,16.442563857410544,11.886056943008054,24.05361389470467,24.414881280729432,17.174901685319746,5,0.5023476396552822,0.5395769425090994,-1.3240291778453357,-1.310486796920535,0.2350368064427182,0.4905881754692866,-0.5979190105537024,53,59,59,25,29,31,50,59,61,54,70,71,54,77,0.5040928575301021,-0.06793108448889754,0.44421215991077573,-0.09148910244354551,-1.3290066057441234,1.0043916843371823,1.046702579264177,37.56058323842646,2.2211294557497228,KE_marsa
26.673122526362253,30.92000764500439,29.18276787263644,11.496223391728654,26.450433864206058,28.49157005258968,20.350693333572643,5,0.8880165010877011,0.23068054864323853,-1.20866743552325,-1.1437417407638932,0.37005131349755055,0.04986710075367472,-0.8832477726494887,53,59,59,25,29,31,50,51,42,40,69,71,54,61,0.37253264912098705,0.1532516905399333,0.4134150921443803,-0.21718344757830416,-1.3448330796280572,1.1073991867607107,1.1297775193574384,37.87598173468083,2.093119527762691,KE_marsa
23.39906897073866,26.908628991746852,15.895560295277834,15.640011799447791,21.821326070620277,26.792320548790638,21.85275824970756,5,0.5342808864029268,0.7273444369247666,-1.3224132733786904,-1.3478338884784125,0.25567344252841123,0.39758357195029115,-0.5086107467434442,53,59,59,25,29,31,50,60,55,51,70,72,56,76,0.2946253737774745,-0.1260224605423913,0.6145866484342932,0.11293750323462683,-1.2528954244119903,1.0038655340665739,0.9920421291742726,37.6833829377656,2.334137518491959,KE_marsa
29.5893859707839,31.943996971336443,34.194660847650994,12.785537464320573,50.418276658491266,61.06704429136127,64.3036161169184,5,0.6349626309356782,0.25357918289720127,-1.322023350376927,-1.265412999029925,0.21571062597533164,0.38682162179980384,-0.7432067227824761,53,59,59,25,29,31,50,57,55,49,68,71,55,69,-0.12909769146474212,0.18120716845527873,0.47673517821169326,0.11827946431428694,-0.7199319730902944,1.2129730457533303,1.298463908767033,37.61475165005887,1.9509162182865707,KE_marsa
23.50667421383547,20.971849269704226,16.884863860718117,17.244337070521187,28.051419489954064,38.10708252273123,30.8078758665278,5,0.47571444522283485,0.4549653781561657,-1.23401926819428,-1.1964575855007875,0.13297418332906444,0.2624462798204412,-0.7102437994189669,53,59,59,25,29,31,50,58,54,48,69,71,56,71,0.35498774763823143,-0.015082551434850133,0.3400444339572716,-0.13840780077443637,-1.1499520804945564,1.1708055703470557,1.209159829378894,37.692815248248856,2.0908737395523924,KE_marsa
19.542975913040124,24.100176294992508,18.857821366770604,13.019144111086309,24.677076391309942,20.769971966141096,21.786555168290285,5,0.49606335404457236,0.3880203197055291,-1.2888218408558467,-1.2401440326662025,0.1903392992835394,0.4346601228953286,-0.7071363863991699,53,59,59,25,29,31,50,59,59,53,70,72,62,74,0.35357873050929634,0.13249855409993727,0.48348122100194496,-0.06422656303389036,-1.2350492748184052,1.0583632067885973,1.1156025665350011,37.57558510367126,2.1108163388598458,KE_marsa
30.734055585014524,37.050708282666115,34.45052143878957,17.7357022960473,32.43242990865586,42.51990715005001,29.458104438323527,5,0.6697727196772705,0.3537199728779275,-1.2260377244334115,-1.1758960368335771,0.2430524243675249,0.15780376381003702,-0.7950333621063828,53,59,59,25,29,31,50,57,48,44,69,71,54,61,0.33514522129763374,-0.005177319968916776,0.33653032518501613,-0.16021393981457643,-1.1713328858491858,1.197071071671015,1.2244004047139114,37.82387944820189,2.097072115012817,KE_marsa
20.830267317414815,26.019629321981764,16.106559134840982,17.563402577211377,25.662941919074132,25.792134053834268,20.16114382424485,5,0.5532661719354374,0.6737542231708705,-1.3625870498364006,-1.389953846684573,0.28924733256724705,0.5296637489516713,-0.47884646323459795,53,59,59,25,29,31,50,60,59,51,70,72,57,73,0.5235020344610957,-0.2465888477094906,0.4707197466599101,-0.029557247184032756,-1.3352918847539867,0.9550829632094235,0.9885189412098633,37.59732433354695,2.344827470372981,KE_marsa
31.562610598947355,31.70783356996865,24.621352685018255,10.005394643770792,22.396149879350137,32.842814738943275,20.0675213497514,5,0.7162599948351275,0.3822822484921685,-1.3738696802755126,-1.3213841258507368,0.333185038885595,0.3277727216993398,-0.7509345185523304,53,59,59,25,29,31,50,59,45,47,70,71,56,62,0.34962387765891156,0.0004678552316811912,0.3999591770922947,-0.07051498561197497,-1.2252257188665687,1.1144628753832369,1.2278787321446183,37.71608161410755,1.9039343289271198,KE_marsa
19.92750093677335,29.051930277961738,24.511987426707847,11.843871674689,30.495951890836306,34.1525130701739,23.787503972310322,5,0.49606335404457236,0.3880203197055291,-1.2888218408558467,-1.2401440326662025,0.1903392992835394,0.4346601228953286,-0.7071363863991699,53,59,59,25,29,31,50,56,57,51,70,71,56,71,0.35357873050929634,0.13249855409993727,0.48348122100194496,-0.06422656303389036,-1.2350492748184052,1.0583632067885973,1.1156025665350011,37.62346530831483,2.059881862250269,KE_marsa
31.875009206908192,38.751694773200754,37.828219362488156,15.785820042803259,49.32505421096539,64.2166687223567,62.40959834057336,5,0.6349626309356782,0.25357918289720127,-1.322023350376927,-1.265412999029925,0.21571062597533164,0.38682162179980384,-0.7432067227824761,53,59,59,25,29,31,50,58,55,51,68,71,53,70,-0.12909769146474212,0.18120716845527873,0.47673517821169326,0.11827946431428694,-0.7199319730902944,1.2129730457533303,1.298463908767033,37.609541421410974,1.9697808392530807,KE_marsa
20.17314466596712,27.492951715808402,18.521297605407057,16.011306693586384,20.602414093743963,22.701189258211713,16.15402430909044,5,0.7303404309489688,0.6077934861352635,-1.3821092428324238,-1.4518869641552705,0.3337707990520069,0.4958340291599453,-0.44632741267408893,53,59,59,25,29,31,50,58,56,53,70,72,58,72,0.3379187720151774,-0.2241284268637097,0.4860855457444098,0.051472958974369695,-1.1862595921299304,1.0408473027141638,1.03276726090456,37.52770489902769,2.3596496725609533,KE_marsa
20.906149536992807,22.43639722127156,19.414094721966144,14.597662474665482,24.874604455028788,26.956933057031755,19.728096339302542,5,0.49606335404457236,0.3880203197055291,-1.2888218408558467,-1.2401440326662025,0.1903392992835394,0.4346601228953286,-0.7071363863991699,53,59,59,25,29,31,50,58,57,50,70,71,57,73,0.35357873050929634,0.13249855409993727,0.48348122100194496,-0.06422656303389036,-1.2350492748184052,1.0583632067885973,1.1156025665350011,37.636580711462976,2.098868745581056,KE_marsa
20.259528938766874,22.048159785804298,22.02257322334873,12.701552248843921,25.049994759356885,22.794298636891405,22.02928638887307,5,0.6349626309356782,0.25357918289720127,-1.322023350376927,-1.265412999029925,0.21571062597533164,0.38682162179980384,-0.7432067227824761,53,59,59,25,29,31,50,56,57,50,69,71,57,69,-0.12909769146474212,0.18120716845527873,0.47673517821169326,0.11827946431428694,-0.7199319730902944,1.2129730457533303,1.298463908767033,37.64780965251447,2.0282611642492614,KE_marsa
29.294702421203446,31.21123588124768,21.1150931302337,11.843697375522527,22.241258269762504,23.687777579657197,21.09518045179325,5,0.5883022643229917,0.40585706698301083,-1.3932675594236479,-1.3695979085088248,0.36962555992937324,0.7418474722353607,-0.5869428502828263,53,59,59,25,29,31,50,59,57,51,70,71,54,77,0.5034674459061117,-0.11104618129925803,0.33076563048239305,-0.1484920359086722,-1.2224064492405695,1.07955264667406,1.1351040626449729,37.50003678827681,2.235771994880871,KE_marsa
20.25060097278148,23.646543114149647,17.726901089582316,14.563828791239947,26.195139879431114,26.09492479254949,18.858331155749305,5,0.5342808864029268,0.7273444369247666,-1.3224132733786904,-1.3478338884784125,0.25567344252841123,0.39758357195029115,-0.5086107467434442,53,59,59,25,29,31,50,60,58,54,70,72,54,79,0.2946253737774745,-0.1260224605423913,0.6145866484342932,0.11293750323462683,-1.2528954244119903,1.0038655340665739,0.9920421291742726,37.653199544219184,2.2521213330518464,KE_marsa
26.33952352872769,25.088538035399818,20.47500379686869,12.429085443386514,27.61721064670438,32.91926267434527,32.735313432514396,5,0.49606335404457236,0.3880203197055291,-1.2888218408558467,-1.2401440326662025,0.1903392992835394,0.4346601228953286,-0.7071363863991699,53,59,59,25,29,31,50,60,57,50,70,71,59,70,0.35357873050929634,0.13249855409993727,0.48348122100194496,-0.06422656303389036,-1.2350492748184052,1.0583632067885973,1.1156025665350011,37.64637234805988,2.142077710747205,KE_marsa
21.307775749732688,23.618816996761666,23.559673740992118,15.007326335856826,26.856092930034194,25.49722572410012,23.812555059215743,5,0.6349626309356782,0.25357918289720127,-1.322023350376927,-1.265412999029925,0.21571062597533164,0.38682162179980384,-0.7432067227824761,53,59,59,25,29,31,50,56,58,50,69,72,57,68,-0.12909769146474212,0.18120716845527873,0.47673517821169326,0.11827946431428694,-0.7199319730902944,1.2129730457533303,1.298463908767033,37.642958749980224,2.0230509356013684,KE_marsa
30.975886839917102,29.716289427038234,29.33135276655658,14.738471495107358,35.20956345435839,26.762416684056795,17.517658457804853,5,0.736745264290688,0.4225986219090218,-1.239455039262038,-1.2627489606440898,0.47139133040866826,0.23864360814856375,-0.6560051140404585,53,59,59,25,29,31,50,60,51,59,69,71,65,84,0.2952343358392597,-0.07713094951043663,0.513696539032457,-0.044215704414065284,-1.154093583666392,1.113034286377658,1.0876372678494775,37.89197174673815,2.2800589383879633,KE_marsa
31.50969657971516,30.477782747317143,26.081949875438802,19.2122313478217,29.804319496926002,37.872077828941734,23.418425952230475,5,0.6371825659538705,0.48908872442968265,-1.253503993058475,-1.2336839183006616,0.28303440500518234,0.22113944830807858,-0.6927322260008901,53,59,59,25,29,31,50,57,50,45,69,71,53,59,0.1441052275901866,0.11615286226279438,0.5654309956370787,0.019289030022729838,-1.10170669070866,1.1063755668042694,1.123374675833945,37.81049455046851,2.166332223418432,KE_marsa
21.06360047243858,25.314679841426404,12.245537129509666,12.678626321325998,15.2482151764532,24.734227650395912,16.79476385487268,5,0.8633549308570097,0.36323793513696423,-1.3792592239770782,-1.4452955335331705,0.3306733674959706,0.5118584583533343,-0.4908658118779817,53,59,59,25,29,31,50,61,57,49,70,71,59,72,0.17514411301482868,-0.11217904952160823,0.4076858244021504,0.022782864284705676,-0.9679257850801178,1.1814831354422897,1.1542762289715502,37.41236121654674,2.372765075709098,KE_marsa
32.540124784522845,29.286181743206775,29.385698321270432,17.56811523844895,36.32616454487185,38.128658587032234,27.229956423494663,5,0.6371825659538705,0.48908872442968265,-1.253503993058475,-1.2336839183006616,0.28303440500518234,0.22113944830807858,-0.6927322260008901,53,59,59,25,29,31,50,61,54,48,70,71,54,68,0.1441052275901866,0.11615286226279438,0.5654309956370787,0.019289030022729838,-1.10170669070866,1.1063755668042694,1.123374675833945,37.772405982421844,2.1899579153907753,KE_marsa
22.119457467379902,26.811772572482905,17.50890752863534,16.812338033062204,13.616585259829767,20.781647709722755,17.86946390916716,5,0.8633549308570097,0.36323793513696423,-1.3792592239770782,-1.4452955335331705,0.3306733674959706,0.5118584583533343,-0.4908658118779817,53,59,59,25,29,31,50,62,56,53,70,71,56,74,0.17514411301482868,-0.11217904952160823,0.4076858244021504,0.022782864284705676,-0.9679257850801178,1.1814831354422897,1.1542762289715502,37.42215285314364,2.3502173620776983,KE_marsa
26.147045519466474,26.334577415705436,28.755105947764758,11.132047163885668,27.115530974831447,40.60814447476261,26.20157673875614,5,0.7626721556106882,0.31342198670392013,-1.2756072997194436,-1.2149979351629616,0.34031397095792465,0.18347716423379914,-0.8196115192383446,53,59,59,25,29,31,50,53,48,46,69,71,58,64,0.5894349558020856,-0.05314608184084066,0.26464081675390516,-0.2790068437938897,-1.4207818460564392,1.082817266575859,1.133764582716796,37.767914406001246,2.029428974118617,KE_marsa
24.9806419974278,31.095757701398473,22.221105162640697,11.911136697349589,20.55265554386033,26.329367939175075,19.671878936907483,5,0.6845184817076019,0.5075251393331524,-1.3842897479566922,-1.4272276157698165,0.3337347274609011,0.6069665793395186,-0.4967432881972412,53,59,59,25,29,31,50,58,57,53,70,72,55,76,0.36894994334540226,-0.172051661769092,0.4245713873993176,-0.01949307236150211,-1.169676193125167,1.075786000131078,1.1005979781517305,37.48808919499802,2.3041337880023667,KE_marsa
25.612465591801683,24.448908085630315,20.00251676905018,11.682000268376036,25.15198139579955,19.472018348485523,17.531917016341932,1,0.6228939646088839,0.6166206935679469,-1.2872120047326825,-1.30632247931752,0.3568307904058222,0.30935763670160216,-0.5732575146718258,53,59,59,25,29,31,50,62,52,52,69,71,58,80,0.031237304646195008,0.04101901549461771,0.660976707504434,0.15665369078285266,-1.0434897168621644,1.105494271817141,1.0704437599930172,37.843732215980936,2.2646977470295195,KE_marsa
21.453565093704395,30.565086476056795,18.536245387667854,14.367693703423244,18.65618700304779,21.43435523684848,14.523201802420894,5,0.8633549308570097,0.36323793513696423,-1.3792592239770782,-1.4452955335331705,0.3306733674959706,0.5118584583533343,-0.4908658118779817,53,59,59,25,29,31,50,56,54,51,70,71,54,64,0.17514411301482868,-0.11217904952160823,0.4076858244021504,0.022782864284705676,-0.9679257850801178,1.1814831354422897,1.1542762289715502,37.43490893017814,2.3963907676814413,KE_marsa
21.464094736039527,26.778275517821772,14.560192384793346,12.774851335667318,22.461000951722614,23.191273971041237,17.090506069730626,5,0.5342808864029268,0.7273444369247666,-1.3224132733786904,-1.3478338884784125,0.25567344252841123,0.39758357195029115,-0.5086107467434442,53,59,59,25,29,31,50,58,54,52,70,72,53,79,0.2946253737774745,-0.1260224605423913,0.6145866484342932,0.11293750323462683,-1.2528954244119903,1.0038655340665739,0.9920421291742726,37.681586307197364,2.3192254847755747,KE_marsa
20.69132887530274,26.37140992315445,17.56898076949842,16.329553111523417,24.069869390414972,24.57977420087018,19.256337738826687,5,0.5540901411450757,0.8461026095240971,-1.3565904189731375,-1.4011463059647922,0.31492164119815735,0.4552554592462674,-0.4248592481866136,53,59,59,25,29,31,50,63,56,50,70,72,55,75,0.34695980916259744,-0.2913233803483608,0.5792105723091912,0.12564458087109096,-1.2682997624412267,0.9825610691576665,0.9567580359730049,37.72380712555098,2.35030719360611,KE_marsa
22.65051278955403,27.754919935044896,21.466089047093558,11.982509260186486,22.200959935615554,32.45132134597651,21.047543898290726,5,0.7162599948351275,0.3822822484921685,-1.3738696802755126,-1.3213841258507368,0.333185038885595,0.3277727216993398,-0.7509345185523304,53,59,59,25,29,31,50,55,51,50,69,71,57,61,0.34962387765891156,0.0004678552316811912,0.3999591770922947,-0.07051498561197497,-1.2252257188665687,1.1144628753832369,1.2278787321446183,37.730454658653464,1.907527590063598,KE_marsa
22.489569224017,30.128551160765976,15.90622778119338,11.676250922976253,14.373655718576803,18.66824012121771,12.689038788577808,5,0.7303404309489688,0.6077934861352635,-1.3821092428324238,-1.4518869641552705,0.3337707990520069,0.4958340291599453,-0.44632741267408893,53,59,59,25,29,31,50,56,57,50,70,71,54,67,0.3379187720151774,-0.2241284268637097,0.4860855457444098,0.051472958974369695,-1.1862595921299304,1.0408473027141638,1.03276726090456,37.452695572803705,2.381927891607117,KE_marsa
25.523634213906014,31.419323906170245,32.34372789579526,16.32407336276062,34.409540456045995,37.84122445327044,25.91478505168106,5,0.6349626309356782,0.25357918289720127,-1.322023350376927,-1.265412999029925,0.21571062597533164,0.38682162179980384,-0.7432067227824761,53,59,59,25,29,31,50,65,56,49,70,71,56,73,-0.12909769146474212,0.18120716845527873,0.47673517821169326,0.11827946431428694,-0.7199319730902944,1.2129730457533303,1.298463908767033,37.57423763074508,1.977057193054449,KE_marsa
19.240416115260782,18.62522739130175,17.958547158909266,8.19802200327093,27.192755992823606,35.18073405867553,23.048855476343963,1,0.9741522005740268,0.18824345649757335,-1.2574550001250757,-1.1919734820848553,0.41385466036953517,0.1443159270552167,-0.8812202819491528,53,59,59,25,29,31,50,47,47,39,68,71,49,59,0.5343144069232696,0.012221672742669328,0.27076509675953286,-0.30692811648401586,-1.4363267658295475,1.1009073998403411,1.1359712311453347,37.85496115703243,2.0081389018849842,KE_marsa
19.277550392748704,25.178857376431882,11.871224327290838,13.672703596120448,13.92955445866266,21.793154651449786,13.87101258154806,5,0.8633549308570097,0.36323793513696423,-1.3792592239770782,-1.4452955335331705,0.3306733674959706,0.5118584583533343,-0.4908658118779817,53,59,59,25,29,31,50,58,55,52,70,71,56,75,0.17514411301482868,-0.11217904952160823,0.4076858244021504,0.022782864284705676,-0.9679257850801178,1.1814831354422897,1.1542762289715502,37.405084862745376,2.3759990107319284,KE_marsa
16.283840943810294,18.92988715635097,14.491982008847755,20.10762615988557,21.11608555544999,21.146302822476564,22.84465682065123,5,0.6349626309356782,0.25357918289720127,-1.322023350376927,-1.265412999029925,0.21571062597533164,0.38682162179980384,-0.7432067227824761,53,59,59,25,29,31,50,62,56,53,70,71,56,68,-0.12909769146474212,0.18120716845527873,0.47673517821169326,0.11827946431428694,-0.7199319730902944,1.2129730457533303,1.298463908767033,37.55124075947162,2.0080490703565723,KE_marsa
23.153623177513268,25.205914280338472,18.49056381859079,14.271633035591892,24.99323918590058,29.187876077975325,21.386669505002693,5,0.6845184817076019,0.5075251393331524,-1.3842897479566922,-1.4272276157698165,0.3337347274609011,0.6069665793395186,-0.4967432881972412,53,59,59,25,29,31,50,59,57,53,70,71,56,74,0.36894994334540226,-0.172051661769092,0.4245713873993176,-0.01949307236150211,-1.169676193125167,1.075786000131078,1.1005979781517305,37.542796595800894,2.3176085172641594,KE_marsa
21.255939051335794,23.924420291111346,22.298703303653724,10.38548605092927,29.34428689040481,31.055590655535728,26.364779193888115,5,0.7624685869938174,0.19988593257745585,-1.3751641952101814,-1.3275425886937566,0.2817473966748804,0.38845138009843005,-0.7568709888914547,53,59,59,25,29,31,50,61,53,49,69,71,58,70,-0.23708346974849043,0.23093236534980094,0.5452979098368164,0.20810577691695947,-0.6369387178656325,1.1714846324989228,1.2957789670548048,37.64197060316769,1.9433703698999667,KE_marsa
21.766703201770614,26.117061531040353,15.90150186885085,9.72013800477902,23.693770372652526,21.550249713235736,14.488360023288532,5,0.7303404309489688,0.6077934861352635,-1.3821092428324238,-1.4518869641552705,0.3337707990520069,0.4958340291599453,-0.44632741267408893,53,59,59,25,29,31,50,59,58,52,70,72,57,67,0.3379187720151774,-0.2241284268637097,0.4860855457444098,0.051472958974369695,-1.1862595921299304,1.0408473027141638,1.03276726090456,37.54180844898836,2.3905517183346645,KE_marsa
18.184405450229264,23.00176523427776,14.390609551361866,13.413078719501042,15.747049325420816,20.10395161220024,12.192898683261994,5,0.6845184817076019,0.5075251393331524,-1.3842897479566922,-1.4272276157698165,0.3337347274609011,0.6069665793395186,-0.4967432881972412,53,59,59,25,29,31,50,59,55,51,70,72,55,72,0.36894994334540226,-0.172051661769092,0.4245713873993176,-0.01949307236150211,-1.169676193125167,1.075786000131078,1.1005979781517305,37.47452463420781,2.3382697687989085,KE_marsa
