i,sa2020,sa2021,sa2022,sa2023,sa2024,sa2025,roi
1401,2.2373270499987163,1.4502644779319105,0.6759790337471114,3.430046355301153,9.111450723441775,8.620597223547303,ET_somali
1359,4.814637220369459,5.378841665668211,2.7270772125244296,7.175249018998871,4.687556722271151,5.648145629820041,ET_somali
661,5.970239036497692,4.895151304624959,1.9745583503388784,8.204392410848985,5.57629948653935,5.358367592364875,ET_somali
708,6.14381565893039,4.80224788542031,3.731617856723616,2.0188781806146427,6.233016705676496,8.315991201361205,ET_somali
1027,4.140515537667473,1.7766119921893202,2.7696327643922074,1.2314061397152445,9.746626030377476,2.138294755721466,ET_somali
1473,19.143674506106912,10.400672470549624,2.5894901028981945,2.788202072345117,15.323086473666624,6.341905909542104,ET_somali
1117,3.645040022912314,3.9311818663042266,4.003610530030052,2.195107138005213,3.941371968556032,0.8924353692252494,ET_somali
1141,4.731379786576563,1.4390646075760023,3.766714081477593,1.634655447842312,3.4107579028927155,4.56375268669163,ET_somali
823,1.530005009375465,1.575428675688998,1.3172030892129845,1.567913007816357,3.081342367362601,1.6028492172121709,ET_somali
571,3.824482902206856,5.227899658700343,2.3421520328865446,3.827494241519432,4.708066154110078,7.294979606378094,ET_somali
190,3.506726418705473,1.392497223285243,2.147898101780469,1.8333919984234148,3.616965766310338,2.1370949008635205,ET_somali
1444,9.425057006354114,8.034153731214287,3.485335232493373,4.670271175952603,6.707356144298485,6.280573461761223,ET_somali
1525,1.082386663715009,1.5311104450803843,1.9119646289066283,4.176724566804564,12.105540705091473,6.868205771240401,ET_somali
385,3.833385060519828,2.7280404886202305,0.8908832607333452,4.666541251325097,3.955215375921356,4.198749186563077,ET_somali
664,2.087933433844189,4.605499233994211,8.958443944859315,3.604390065473568,5.849683161425461,3.2723156270498093,ET_somali
746,8.013851668359278,7.475317376465728,3.729891784549084,11.666542177419585,5.3868665361679735,12.513116627319574,ET_somali
913,3.123451036322076,1.6788460488318766,2.659873274011471,1.4399977401467423,5.910952207725152,3.028449145503587,ET_somali
527,15.867168298010723,11.33736361266307,5.124576965048623,4.369327267358429,17.409641742414866,3.8634217207839736,ET_somali
1541,3.486241776189825,2.095627099819421,4.265407444932564,3.5661751857386625,5.020492636870921,2.701768989063056,ET_somali
108,4.246408877575567,2.655893708846858,1.3210138691660436,5.7184759346783975,9.578336012308824,6.969841758348266,ET_somali
1479,3.1398430643455977,1.86685332195776,3.792450356382748,4.611776222675402,12.798206682789084,7.89158324943131,ET_somali
302,4.565556436845144,4.998275807614781,2.4639103778129843,3.972804261606576,3.802925701077137,2.9895681773847147,ET_somali
47,8.851127328760306,7.194825076169868,7.137949949394711,7.466686372403608,10.042271883539383,3.847499446845742,ET_somali
1248,8.103361692819743,7.76734127733288,3.644048427794166,6.090165601551844,3.512825814000441,4.180775302287907,ET_somali
1353,5.324356273694623,5.665028558895035,4.735283969019405,1.9317926996375243,4.978609336862554,2.489369915294203,ET_somali
1714,2.6791754449394616,2.678921962412184,1.6779022483331272,3.3786921047634464,6.034188078677876,5.851500601908066,ET_somali
1678,7.836170844822138,3.820359417874841,2.478402760413779,5.767515200120769,4.474160512865975,5.496452490378492,ET_somali
529,3.781737827756736,3.950024982602629,0.9944527571962094,1.1061118140028992,8.009190567131057,3.80647404314824,ET_somali
816,4.960566844163424,4.760384818585409,3.0521483168747743,2.659559158412476,5.158991604282534,5.771057792782796,ET_somali
1130,4.111149626784432,1.3059505074306637,4.427345107719984,2.5246953573888664,6.167622083816617,2.6475598056081733,ET_somali
462,8.890223195487645,5.374877524379993,0.9181689699613046,7.313369031935057,6.776702611648574,3.840566047996151,ET_somali
48,3.4354989201607418,5.234375347683312,1.2548859386502895,12.467978569277514,6.367077601171551,5.12704169511896,ET_somali
808,11.730162521895355,6.841548939356223,6.931903046932312,12.069730103130574,9.202816862936292,3.690989093981099,ET_somali
1246,7.644174701985462,8.016791176923492,2.920263401740048,3.961895310351849,16.934269236726657,12.71425374852454,ET_somali
1676,9.676585613979393,11.60289164141514,2.216284436069312,7.161903682678578,8.193294776535181,5.463811183258773,ET_somali
223,3.775663030907101,2.373606743997805,2.2792768814602544,2.939904583210873,14.064742891565416,9.196493256342558,ET_somali
126,3.006410697542872,3.1741354631900407,4.156534690828809,4.730902734583224,4.745612843107163,3.334199385683669,ET_somali
1343,6.422870766506943,5.059392863583507,3.374595902630327,9.321049184111246,15.286367892550365,10.76892459517051,ET_somali
592,11.45996155539556,8.140299787321469,5.119020765850244,2.1593943106715825,12.148725078265258,2.406484245192264,ET_somali
1094,5.751896960905243,4.624475234937105,1.916589015647655,4.033268068791456,3.736228312861911,2.3605749501760966,ET_somali
406,5.830163829748193,4.640017529700657,1.1887716955233538,2.8978040507539573,1.1561730160358905,1.6690398812096163,ET_somali
1487,5.08145222363867,3.761701831914501,2.614869146374033,4.774678549422639,5.239140719440218,5.356739952128284,ET_somali
845,4.947688734776327,3.124718310881414,3.841627432047034,2.508121755696924,14.682180159579758,4.123779994041849,ET_somali
1216,8.709337127611724,7.040258490112838,2.171298670721716,7.148616431677032,4.617179388399347,9.90118168510798,ET_somali
834,1.333504364505632,3.646424057189008,2.866307373334083,5.248728915061118,3.55282060612584,2.7452636602119367,ET_somali
1004,7.199293938085757,4.723451897594117,4.918245671058027,7.834209649618028,8.76010270501967,4.505644759188343,ET_somali
761,3.16482081407494,3.0744861210883063,2.478861690607425,2.537372902504897,2.383915656172506,2.297649332607909,ET_somali
1747,4.729091620120787,5.557209743515859,5.145542380722026,8.654768521422755,2.1775891702327974,2.390437571140475,ET_somali
1751,5.742122038545682,6.469010716960215,2.096691503554775,6.064694787002881,7.395208738309341,6.6571988720114215,ET_somali
1679,2.5190622382447474,6.334744948366468,6.440562467638473,10.673883412840128,5.946415208096459,3.105524620329922,ET_somali
301,5.715429575025309,4.254581663325555,2.6141955694366774,1.9015493601356133,5.135081641622243,5.013811373273684,ET_somali
650,5.441269958064862,2.8790939140620257,4.949294010930738,9.955864257937028,5.6589689748444485,0.9723298655243632,ET_somali
918,2.17770068991698,1.6856748163791209,3.2534706749741136,2.189051852746833,4.462838577746174,2.6721006224532844,ET_somali
264,6.345063345762432,3.7702102842753744,3.4253851580968586,2.8702674029781714,8.805937176193272,5.137687721702172,ET_somali
186,4.518058942714329,3.611882960774072,2.6639457073646726,1.1686618503366548,9.000140902987853,7.319359229063955,ET_somali
1420,10.513097948460093,4.970070358234879,4.400790457982567,11.884430183445232,6.48384255390159,7.835292907757984,ET_somali
1467,0.8027038326629617,3.2344862469365787,1.4463547481486136,3.072661189062898,5.842663896030317,4.17746287020731,ET_somali
1597,3.34876839100687,4.295746303490259,2.0108689177854524,3.0799470555107447,1.8459658362969635,0.7920691114456291,ET_somali
1267,5.541679832155725,2.844905126293747,3.1822998322293783,2.875799523448358,8.103248561503095,1.5016140012836832,ET_somali
1177,4.434443256471628,4.424789922524211,1.1919377721477808,2.3559162618770846,2.2110818881305505,2.674079523723619,ET_somali
767,6.44515355218033,5.138325839563111,2.294378884513451,4.316762821295973,7.8509188143098365,5.431092559629612,ET_somali
282,4.715897700924447,2.536214864150862,3.5574866418604576,1.9203932321756645,4.470888053323907,2.218219775076628,ET_somali
1017,4.884273145070435,4.094815605768317,3.731763299255898,7.063701246336525,5.180355142941804,2.71709439655906,ET_somali
1080,4.5479152272029415,3.0087090105061853,5.861437705979573,8.586924813291466,5.220810316915198,3.1148477377511385,ET_somali
292,3.993231037024437,4.284319574755562,2.767961976417161,9.52473575414197,6.452611354600858,4.462509719125169,ET_somali
305,8.639090864352427,6.971921127288271,3.814139874672836,0.814341790150867,6.463222877829473,5.778606031236537,ET_somali
941,4.5429427047363085,2.133429643695514,4.715840735525577,7.095873449027612,11.975144633657552,13.624850408729928,ET_somali
599,3.7331607100012607,2.944438822459529,1.6678875035203005,2.112021945831473,2.8880423372512976,1.5995452345515278,ET_somali
1447,8.058048386487897,2.7329228430163326,6.112118617436268,1.3488947855478215,5.8067720826340485,1.6660987724096608,ET_somali
268,5.020885915103877,2.1092279699657186,3.144040789841426,4.007164348942956,3.1764357273788435,3.7796972936719744,ET_somali
248,9.594021724877932,4.044569272035759,6.99803775241429,9.251822005225684,4.558619258554758,4.440270665573596,ET_somali
1717,4.042320190314646,4.397999952857293,2.9352449020352998,5.175699142787151,8.428725024568687,6.999948114418447,ET_somali
1658,6.168061210409348,4.731806365979985,1.3502364218875722,2.332149188072256,3.5280200826894483,2.136852773067518,ET_somali
531,11.238926174934276,7.9724440923469215,2.0820922450891284,1.300930544796001,10.708800112162656,3.414901935226202,ET_somali
1385,1.8961610922766745,2.1355897226475844,2.0189291268504856,2.001398343986104,8.531187569855973,5.059591374198533,ET_somali
995,5.857287654624107,4.3659253907282,2.4600701239221494,3.8199170705278607,8.885627004930694,7.999366776872985,ET_somali
1020,0.3095288691058361,1.0124579168816408,1.4157415004463287,4.155407506445791,4.369964985224437,8.026809708615735,ET_somali
1196,4.875693107005839,3.552383829472248,1.7122583972349188,1.6405184811945757,11.734521855023653,5.812866792577519,ET_somali
231,3.741891386650665,6.781394856040439,2.4844887259823656,9.45616988662167,8.192781335621772,7.506632838241325,ET_somali
1432,2.172706820548328,1.9134679102427152,0.79701680993527,4.535255111807638,1.1737067594909605,4.447621595505289,ET_somali
854,7.009528705458627,3.650343588594051,3.807425896958188,0.8872969897000235,13.423662846510132,4.401838438663718,ET_somali
675,9.155150157526096,7.61518739161205,2.6087346854495075,3.729411207279476,9.301828300302462,10.98273911323203,ET_somali
1028,13.602116741010686,9.269193607199014,1.972720120800244,5.488617334020594,10.198490056107032,3.5509190574685943,ET_somali
961,5.229082356644077,5.235396810345378,2.6656849595250387,3.4110152588072595,7.913930733878212,7.119589280558895,ET_somali
799,8.155352069966318,5.533743440606848,3.968917323202943,12.206327007591243,8.553921814302774,3.661898163954125,ET_somali
608,6.163167849862511,5.189453985415662,1.9964579365438824,4.615121961495007,8.062017640920253,8.161752152008457,ET_somali
102,2.594063520211769,4.758563973288247,3.192813338528902,6.854858167553249,4.3497179022339525,5.188707530762229,ET_somali
389,4.633700017254699,1.527105524277249,5.099452036895161,2.867767246676925,9.460132616512125,2.455282975474528,ET_somali
1690,5.261029665269555,3.587032973140918,2.6412039589580085,8.285074443263413,6.19081737722821,3.7550603918573855,ET_somali
111,6.622003029609037,2.5961542436678755,3.7798900935200623,4.050988674918064,4.613144595770661,3.79533464145266,ET_somali
940,7.569191997243872,5.322668302712021,3.640940382964189,0.5117952290444514,6.910237798733354,3.9945869532716514,ET_somali
888,7.7460797576050116,4.625965511756567,2.815242082331372,1.3321195047933347,11.62792796226408,4.076780841449103,ET_somali
1452,2.580245387802057,3.403458734232262,1.0388793654287805,3.5767825646911846,4.2413827093033865,1.8645275933173355,ET_somali
628,8.206873211511834,4.890271005481956,2.341451515345333,1.317416065671223,5.7410083562068,2.3755923388358817,ET_somali
900,4.264998209631857,2.551334584791465,4.22419169397809,4.145736256760694,1.2619738789105044,1.5414273688304403,ET_somali
158,11.53916835040318,6.1062239635272,2.36077685678291,1.146805540530469,9.462532407335257,6.853245481686265,ET_somali
120,8.07382412254868,5.770541204454544,2.761026547155089,4.793945510574773,8.274812378330921,1.4633648802030463,ET_somali
1256,21.340742580253643,7.101743902026143,12.611484636086564,14.949438146243905,5.071002533991682,9.123460724701674,ET_somali
304,3.054639941084196,2.5649187471842683,1.491677432808324,3.3488726133404483,2.820118553659772,1.9627437888005408,ET_somali
1387,10.320813156364553,10.691944396502,3.673519167454081,6.509887762056161,7.968446320144024,2.5899766993744278,ET_somali
906,4.618174760661626,3.5290778374331224,1.7092209688728304,3.1328723268403085,3.986822535467508,2.5134789021567285,ET_somali
1152,4.857549293374203,2.528021204831054,2.882525760318868,1.6397713730760044,6.764051132857216,4.199199416154952,ET_somali
920,9.402387111062916,7.943390127191862,3.3008745221389857,2.1777036123944558,6.756100358499314,1.4715616537637788,ET_somali
1003,6.229797017573789,4.73045852478314,2.214745017533005,8.237401121641772,3.1558298865425307,1.302467623040518,ET_somali
75,8.902389907430104,5.963904838465263,3.5334364765084665,8.833086136735854,4.575487365129867,5.102299735959325,ET_somali
1073,2.272576741521017,0.8364450417296443,1.5335952045861554,3.767814818614751,4.495275823987651,4.864542434639247,ET_somali
341,10.929853075025637,6.218694522601616,3.469031143502158,0.7782032475505467,13.493032091958938,4.329991740934959,ET_somali
1549,2.3502442536322,2.1738635477847623,0.5748941484787832,2.279010483308078,4.161585598533478,5.289412471410927,ET_somali
546,6.367629632950632,5.37226045882765,2.3017737791158317,3.62429487864049,7.81497333797211,4.33351109370265,ET_somali
275,5.183829357981813,4.615766063251234,2.705251941191613,2.773006252016301,7.423529134309416,0.9053146088590244,ET_somali
1681,5.673509479528149,4.080408923335078,3.164999488580094,0.9953691485058936,11.986530809089995,5.811483009030489,ET_somali
60,2.930527814805646,2.7683735164030985,2.5112618447225223,6.936553888174031,6.319938106757932,8.716865266005156,ET_somali
649,2.405958927338072,3.135357084131688,0.9259995757187496,5.662771225345685,10.978183508643465,13.787249650168237,ET_somali
1445,5.144642047339372,4.4797082757857805,3.387944285778275,1.765048025804957,3.985468652744197,1.9307040021760924,ET_somali
1146,2.52313281068098,1.6747038885747567,1.2277357302095662,1.9235887848074813,5.7367936959734935,3.228900959980737,ET_somali
507,8.43415167231965,12.40744619601312,2.018519189093217,10.327835603012945,5.189731456193401,2.891034857586613,ET_somali
1053,11.059140651370535,10.697867909515768,5.591773199554545,3.788316326147988,10.367721554265328,5.789427018419927,ET_somali
1745,6.985744979523266,5.371799202090733,2.387639579740994,6.97756522168531,1.899126932419614,4.395888235549566,ET_somali
375,1.385261808697354,1.389386805470428,1.9283833981464464,1.512877103530028,5.150001607048066,2.075473553822273,ET_somali
1539,1.3781928519630935,1.6771735324402162,4.066262702805312,3.779885633587997,3.864486641458341,1.9490131905673296,ET_somali
1250,0.5758503740557249,1.2052762214134864,0.6724970895328864,1.0573255693966792,0.7624160836229714,1.5280726793183623,ET_somali
1719,7.074388703186157,4.66011176699531,2.9499807926853534,4.518714148695369,11.97207352713538,7.98215820134147,ET_somali
258,11.11604562551247,9.054533576191606,2.1236785224411827,10.484391965496949,4.486228957729294,4.568302101660371,ET_somali
1623,4.097291396342374,2.19837882937583,1.4431722801684448,3.1150790644279427,3.280807181279801,0.8992002580374358,ET_somali
1330,3.0738494176691087,2.337585068452799,1.5906493690141792,4.428988372079763,10.36356148998506,9.313863274579708,ET_somali
632,18.135728550143924,18.10785018431626,3.0172646648253787,9.839805053043328,6.266760559540107,10.121878839577017,ET_somali
1614,6.154421006231544,4.912950903178611,0.8498979979740492,6.126552423533701,4.849007721970349,3.667482255907528,ET_somali
285,4.772415714446916,5.931144583458843,2.012534652984457,4.448166062331588,18.793428405455654,12.5958237701298,ET_somali
1531,9.965604794162008,4.962581751091883,5.123803972243486,4.055848653313841,10.596972987680331,7.666767065268216,ET_somali
98,5.5744631604530825,2.563837877067166,2.8925756743130444,6.443786261688109,9.298563933585047,4.399260742492964,ET_somali
733,7.655461388080021,3.3808028462984607,3.19434301049622,5.719479478742699,2.499618413283396,3.2031343059821618,ET_somali
1271,2.330829076968989,3.636261935708613,1.8839530843268133,4.401780868336378,3.5307348241584924,6.430791133271251,ET_somali
1670,6.190737073981893,6.712711801395447,1.713168079850005,5.973381077034777,1.643403875402304,1.8738017603940256,ET_somali
368,13.653693302815997,10.153586906512952,5.175750063262287,0.4039779556748358,12.531143729441723,2.425572693677712,ET_somali
241,5.646284994733684,3.1962808893068044,2.4720108750834653,2.1795023361518155,10.393965298535155,3.322666874545497,ET_somali
1529,3.9393514813521033,5.324890466696466,2.393365953798514,6.848316987071747,11.302348645599276,10.376935907477677,ET_somali
1283,5.05011657129546,5.790923936929366,4.088145945272155,5.983041003054535,6.018282723625273,6.210672649416198,ET_somali
1038,6.435173655482734,4.859312462634429,1.131535678276801,5.832550135367455,5.0189207408966,9.151350173834963,ET_somali
510,6.006788229815175,2.4973442459158206,5.160021737688715,13.181589213565644,11.22612492090722,5.187473574452533,ET_somali
351,2.029563155478836,0.7335769655615372,1.9395856024171247,0.7702010453920312,3.5129272325985745,1.150985703291259,ET_somali
1114,1.5672156314970431,2.003002632021464,1.4861212063097593,1.909850731388521,4.999210217611094,3.155894736465876,ET_somali
194,5.314278860369172,3.57727172470624,4.48196485048963,8.250665514803373,1.3971679318199317,4.80708988814474,ET_somali
587,2.394269090694872,2.043492002900274,1.9569666960291312,2.8946619107535,2.3919606092521044,1.7354545610458167,ET_somali
82,4.378251685535576,2.5019729948159557,2.2167437748797814,3.681167563961281,4.732599240684546,1.80988032367044,ET_somali
1707,3.219349383429304,4.109201294402379,0.9403018863184864,4.440112372239595,3.8643730576325903,3.846078199363858,ET_somali
874,3.290564452250312,4.614885865636158,2.919687507483675,4.482010598129459,4.847021651299808,6.878755971586968,ET_somali
382,9.81352928105567,6.711946841287977,4.026132138584978,5.5417239705406,3.92535816364614,7.809858895314279,ET_somali
428,2.963672413245749,5.942451826562125,3.9564313162027007,6.522105858909877,6.260016763445441,1.5836537983532122,ET_somali
1071,5.959445859193983,3.75734304817625,1.6992802940387557,2.9869274635668046,3.119209387971887,2.473627696777202,ET_somali
1491,3.069743392712905,2.89595348268428,1.8688632999064183,4.763613581241409,3.242149903843201,5.247534718568831,ET_somali
1576,16.23703534453896,12.177729242632758,5.267760921784683,11.379090335123426,18.666046964208597,9.664331916128097,ET_somali
745,4.660088401289282,4.418939835348264,1.6434731057844782,0.9408464558431828,10.95421838351688,7.832709614801061,ET_somali
893,1.5014767921122651,0.4702569183750843,1.6175940948571332,1.0556046176634617,3.438282325203034,1.0172953847187651,ET_somali
620,4.542662950411675,4.556794752860309,0.6659870370624218,1.4685083449008158,5.126313223517954,2.382279263611092,ET_somali
1070,14.439177022237972,7.830326143376338,2.39797646473512,1.7718968384175475,13.161638186389377,2.363557053244846,ET_somali
1765,7.38552483611836,4.989633194613866,2.229557009342496,0.9979189431448025,6.093389598133037,2.2032778101067207,ET_somali
133,7.022228880249429,3.725416884847044,2.506903108862932,4.664994104978891,2.954391827009456,1.932463832686212,ET_somali
1752,6.233897809789683,7.563629135029313,2.479768408595226,4.986690030649112,2.4986370892094296,2.054481654459245,ET_somali
636,3.9835538899236047,3.071640944460763,1.1152940770415725,6.210613349828267,3.4020449045690824,6.332682043676556,ET_somali
91,5.971843094126976,5.8761951586481525,2.291108878265801,4.744430694894142,10.460884016578232,15.314897003919002,ET_somali
1666,3.912219712178432,3.552704630239561,1.612762369331589,2.420979194402928,2.2776229613871832,2.174312170618427,ET_somali
1178,6.123561732862192,4.5032940171357625,3.631056634705618,5.551725550711241,4.527849124458606,3.875954929718268,ET_somali
1755,15.335218533407453,13.64797618161216,3.074087807071201,7.127341995894226,8.687589519362982,6.34387198222245,ET_somali
1456,3.2052444215223037,2.3462178792395463,2.714825604596874,1.9695815968300008,2.1686652947986627,1.8688467294552769,ET_somali
177,4.606832515575508,3.652058097738976,4.395049343163094,4.602054178310092,8.541830376265706,7.915745203043559,ET_somali
672,3.4643120853583738,2.657161339865246,1.6156238850649616,1.7919908317178574,5.609053069507768,3.5978879969999435,ET_somali
827,16.579582220170604,11.210137361380951,6.878603303632529,7.909854654821517,8.361758372983395,6.6109462843700575,ET_somali
53,6.986727187839863,2.797614904229609,5.843635770675357,10.800956805961082,5.714101252909643,2.410851096412709,ET_somali
1119,3.899726827252588,3.3786158664140813,1.733321453598659,4.724857443047781,12.149573885005598,7.241791982922356,ET_somali
828,3.0059563009086623,1.6698431716855533,1.5442315946790646,6.098446991495625,3.3642525557699137,6.636732472407581,ET_somali
281,2.1649045833602343,1.4583872515841518,1.2069025799378303,1.49077930124611,2.087625562050745,1.5731275434115084,ET_somali
1687,7.470624250706911,6.145574268425152,1.917356302630687,4.971356961585878,5.439183177104224,9.779038001531354,ET_somali
435,2.847993064032785,2.2632552168511224,1.152132795478385,2.379283098722138,4.404674791077869,3.233781684649235,ET_somali
1241,2.1876766878087506,2.452955407955299,1.2910396610675683,2.2986768118018963,9.443869938013489,7.342379836005695,ET_somali
1180,4.708077355960316,1.661507998959731,6.087185105806548,12.239610001183204,4.298198455403448,8.124914795316254,ET_somali
1240,7.960780726376114,6.875584867322786,1.3419760540155352,3.0334701181811226,16.507591271025618,10.943495037014433,ET_somali
679,9.096484352361276,5.877551847708647,7.99393291446076,1.0377738274653967,11.526767806108502,2.453078919499388,ET_somali
107,7.9446996819219535,5.3453394005692205,3.425099992005045,8.515535306172747,6.24646373190152,4.196268709418889,ET_somali
1307,5.744342388503035,2.3119559964021232,2.514755120913107,4.968460222947968,2.1744317773826407,1.410462797710067,ET_somali
65,14.590045646061062,8.720129383179408,10.514421021647133,12.451925538674432,13.3342495565926,5.909922914881784,ET_somali
1381,3.858074102862844,2.872111155898534,2.30754659281454,2.3643172661727303,6.074530740381453,5.316447283966547,ET_somali
1148,2.327771829112188,2.8819719658870944,0.6708518305627789,3.0828564473002475,2.481493336302381,4.801488160733745,ET_somali
1615,1.52724311726829,1.6311742713970498,1.812397317621273,1.8085354622659624,2.6083322731848053,0.9500832478177516,ET_somali
167,2.089005785174162,3.8710767825187102,1.5081981536883076,3.47774553910883,3.5556294048642867,3.2493893891584613,ET_somali
1276,1.8770667461993011,1.1698614006728951,1.2665607837456498,1.6984048854052751,4.29057346739067,2.2114419156925758,ET_somali
1026,5.988594253797989,2.505588837574426,2.5038962351513017,4.05042878212291,10.51531510953528,6.287207821410379,ET_somali
386,4.850708463767933,3.582238774514067,3.0405831180964924,2.595704947947854,6.890288625020643,2.8830259737944326,ET_somali
1515,6.733075945638795,4.392640833792311,1.6506035275947308,2.091957412044067,7.369546844188159,4.504777896368436,ET_somali
1526,3.716192196742563,3.219055445793925,1.4267971915912272,3.43576055244639,6.317073795513221,4.951551576263122,ET_somali
8,11.093719616470477,6.783117175520586,5.209202340853408,6.139596900616045,11.49452862365514,11.319555100760802,ET_somali
1726,7.051680377659433,2.7603110997118883,3.643105777000814,3.2896085447221357,5.93079593863093,1.6763851221593222,ET_somali
942,4.594221678660137,4.52513219814395,3.2038663593932197,4.690292009535514,8.108397384464327,5.822797579966982,ET_somali
408,1.727981778172115,2.1677732794842504,2.388722217984592,3.2777405844402607,3.003928968742748,2.2206251342206884,ET_somali
1646,2.426925327966201,3.258781759936785,2.5702992464354795,5.30289744460153,4.3484291082026125,7.7450381101388786,ET_somali
1103,8.713044895230468,3.004992121122636,4.93125441712196,8.72247895212319,4.499640475682704,4.396525790871362,ET_somali
1761,2.205370623956622,3.0446475598070712,1.6587212226913766,3.442648211557391,5.461978180461304,7.566732968730029,ET_somali
202,3.3110790714466813,1.924783556443873,0.682797682707679,5.752364985073715,3.7748839142328663,3.868944717047096,ET_somali
1505,6.276772627214571,4.995616776744336,4.134119675844003,5.832854317787523,6.7133873816410725,1.5324993138579974,ET_somali
1221,3.3586292532219435,2.608993219726603,1.4782618874454434,4.882449088486156,1.7384521326103497,0.4885861659862761,ET_somali
660,9.43010848178244,6.886502571014209,3.075497268450524,2.390510334209445,7.918049550808234,2.897560449832769,ET_somali
297,5.294604153148732,0.884395186163266,5.621999487813499,3.9326464178036975,11.949081714313492,6.514640474871404,ET_somali
622,5.989826038817307,6.497243905576225,1.3889123276931985,5.395606386468025,10.151586274138626,2.6201343928905354,ET_somali
625,12.344537385616638,4.217049608372952,9.23741812217496,3.990600361231972,7.5200263385368675,7.267807058958704,ET_somali
336,15.302031780929791,12.8410873309402,3.411949617914205,10.94620010258914,3.808612249748957,8.946933337794189,ET_somali
1147,6.652676931424562,4.702939981011179,3.8869404593395,2.4253987959598464,9.773118197765417,3.4401384049005768,ET_somali
1477,2.560036587278103,2.04761985021367,2.5547378953791027,2.952651940057517,10.270361641206224,8.879974287265197,ET_somali
1466,9.312688244983509,6.364380974011471,2.372928955888554,1.6489392792373616,17.70476349405949,5.417509197447176,ET_somali
1274,8.64106058085186,6.118791851468851,6.514895092766071,4.661889409847039,10.295684661012206,1.00130618886755,ET_somali
418,5.041676564760059,3.2244753628375635,2.039304563938529,1.8722021737279877,5.589853428402059,4.314974751694863,ET_somali
976,7.757051358282228,6.381728100954197,1.2710956696593143,3.994796290665068,6.060967043755704,2.22349804383298,ET_somali
1369,19.13422452756875,18.115451546859383,5.584854316252248,3.8099012608608502,15.6861900305882,4.774514746277865,ET_somali
1459,19.451701455198947,10.603713353125974,7.975207638676712,5.968624494965866,16.285872674472408,7.070438548140447,ET_somali
1655,6.876731078971846,3.866158456190889,2.8766366764933293,1.818713367142588,10.20653690625519,7.560464096085917,ET_somali
970,1.164732733768298,1.559907115472538,1.081234381391823,2.1169872618173247,2.4420456650732927,2.3110152114844458,ET_somali
962,18.07544526168032,14.036264878208364,5.253587260756254,12.280798586092928,13.278279035934842,9.180225527467544,ET_somali
996,7.939646515582947,7.456743816556866,1.6627082992524438,8.214565913008759,6.261987486526309,4.435442586388971,ET_somali
1376,6.682160107477116,4.866380755146572,5.435579633466445,2.5968656337863294,13.864199975188932,4.770269556867079,ET_somali
790,13.098384412767432,13.61470662649749,6.121593996945962,15.446958633625956,6.472497094401684,6.239230047662865,ET_somali
859,8.816996546669282,6.705377204810378,4.381342422035732,16.76468353327991,7.442562808681193,8.246145381344222,ET_somali
558,7.7193172937062515,4.800899285097255,7.534395992135157,6.918267026504264,6.073001932161868,1.6561397512285123,ET_somali
1441,8.348044348233532,2.2565059086206025,4.4552474424784645,1.9113334184006645,7.037613289384534,3.5348746187573843,ET_somali
1430,3.3581150860292484,3.4594169660559317,2.0673796354198006,2.363276838647126,9.026217688705207,4.379587149075131,ET_somali
1112,0.8035826002850339,0.7132710690209084,2.0008864300342157,5.285186746035206,5.877686148246015,2.897063690122159,ET_somali
1013,5.894781328787731,4.01548401713916,5.365739839875569,8.55109855229165,15.060020444774532,9.951300635215423,ET_somali
1499,1.2954125585733558,1.7801811587672751,1.2562220798502837,0.89707978518328,3.2258051076773504,1.1949270182430922,ET_somali
994,3.693718674212135,2.715366800573737,2.512428272045214,4.012111076547788,3.959604982362478,4.123456256472788,ET_somali
361,2.255078461813269,1.545495559268115,2.99654586427192,2.687381362076172,5.218631529615714,3.428801791753533,ET_somali
742,3.4793083349084286,2.6346764808390253,1.3617085909633562,3.5601392791332644,9.04495331180964,6.792028829606168,ET_somali
719,6.05120063557263,5.861287751410242,0.8033486658529604,2.252403087356958,7.456733903215167,3.894997713359325,ET_somali
3,3.0498703062391685,1.1613416913420296,1.1996787996314504,1.0522526841888602,2.955232345342361,1.5587122362943158,ET_somali
1511,4.7950058557262745,2.6746184351162983,1.9468356097947743,6.993162077059542,3.887625247169714,5.314602032942897,ET_somali
372,6.7258648969803,5.28123394969148,2.220041072021675,3.576088368354237,5.0028710738045294,1.011415598865098,ET_somali
948,4.726694384448852,3.892839607399336,1.631316581618707,3.730155630016705,5.253797117559516,3.7184223949554234,ET_somali
1097,5.430604530317974,2.742539364179964,2.782404208314958,2.8310991516600343,11.716068766086432,6.561311048077823,ET_somali
1051,3.8790851157605744,2.373576416835649,2.190681890768668,2.367190005003914,3.508740659585968,1.6559157328679446,ET_somali
37,4.983787011024548,3.1757247592276183,1.005696631803155,1.926189305101648,8.476549461918237,5.576136813604689,ET_somali
140,7.156200025105421,3.4802233090554413,3.021057649935629,2.655702232438607,6.123263733974359,2.503664156030448,ET_somali
161,11.74632508649021,11.621136400564724,4.671465130586285,10.981419914449477,4.309863002607768,8.118907172558824,ET_somali
804,0.4828389049426388,2.783076892497148,5.956593588290547,3.3229437267830093,11.009797349703224,4.034708238234503,ET_somali
1470,8.87678040266918,9.25876676025602,4.730436114685488,2.8405606489659294,15.500555619295506,2.8131364648043693,ET_somali
1437,1.9175674636025983,1.7919547422983906,2.2183415328855074,5.075213333381161,0.9427309419494768,1.5219041651944851,ET_somali
1262,2.581626747804359,5.409248147116199,1.4541918524234114,8.962726163372425,4.782153403794785,3.8893687436893303,ET_somali
480,1.6164933437557043,4.640316029923815,2.964700767582545,3.848389430195941,4.345050338853287,6.68472360287212,ET_somali
730,10.979387576853314,6.729194539355803,4.063151500870299,9.085067470494128,2.1131779095334844,3.5248654474296623,ET_somali
1507,7.001724945483738,4.333634616569185,1.0913605723673117,4.927683661276192,6.328810369021687,2.3936869954829945,ET_somali
1176,8.240856643072318,5.639722468806813,3.5851512686771225,4.053438036450893,12.217498227526972,7.981226545938802,ET_somali
925,10.775677061125135,8.85483887838406,9.286117117824528,9.925483093919194,5.954753101470249,0.8611890602240101,ET_somali
537,3.122678001885265,2.521606077272857,2.631124163963871,1.7167789669238194,5.010437430080127,2.4063328185299904,ET_somali
181,8.10744773354642,5.214174308966351,2.4925329846166977,11.092362865616671,1.8475030072573135,7.879432209597765,ET_somali
1692,5.86312169363064,4.058274542827409,2.910675821606102,22.54643915744667,4.096601110168721,10.288616213538944,ET_somali
267,5.221964245762722,3.137260374285291,2.253635838603256,1.9450990446209604,7.104773196229134,1.7152036551513905,ET_somali
1289,2.5642760265149733,2.718220054847797,1.8574394432522228,1.2360917318500044,6.337364728684442,3.2302526330427024,ET_somali
366,11.696552271604476,8.777113030226774,4.829132539628027,6.445413903902277,13.078520625928627,8.263771944684365,ET_somali
1279,11.63643398460863,6.040505275794623,5.535857866830699,3.583713197787841,10.290636987838182,3.856500743051648,ET_somali
674,4.170030057510598,4.789479937910129,3.6310809796309615,2.1717696024033826,4.20279652387136,1.0824558748600177,ET_somali
701,10.66101188217108,4.444556444843029,6.92732569361734,10.388706980257885,11.98185526748308,4.512796936286002,ET_somali
802,5.226276586554416,4.922754634914558,3.72865242646865,3.720345682269193,8.433887770168194,4.160198234098169,ET_somali
643,7.957875719606285,8.366926641524195,4.013805065133022,6.304307375436316,4.619194988318387,4.599705030543625,ET_somali
1129,3.5682799199178987,3.199454986690186,0.631856674833758,3.484907603760936,7.174100869236509,4.094659348434133,ET_somali
1611,14.68231366662043,8.634882000076713,3.1136505536495505,5.481165566641629,14.529066750844446,1.6628596688098207,ET_somali
0,13.55606587903294,15.486981640062089,6.057463916518664,10.380906879404185,8.894401036385851,5.628676205983542,ET_somali
763,9.858889010349891,10.432814363319835,2.955528373919724,11.743868425981995,2.562170558488301,5.645747760419104,ET_somali
623,3.272807895959313,2.5266774694131198,2.8178440855909344,4.07890438308738,3.351682861883299,4.008688895019038,ET_somali
1720,8.045270202110133,7.247676665241842,3.566218168542252,3.693859709223137,5.2674095761340105,6.700036391983111,ET_somali
115,5.288560632959956,1.3335987938965104,1.1045911014955134,1.867182100611752,11.474896183757528,6.802345146419246,ET_somali
789,9.769574150445674,7.277057923894891,2.0511522960009025,2.6153715698125795,14.247703671353197,9.311352144707566,ET_somali
201,6.145166222248001,5.98405900195138,2.055659697190394,3.1360330724362995,5.832994800158411,7.879191236163495,ET_somali
30,12.404593532649644,6.354802408928866,4.069181200553125,2.5548289910422888,5.481401191029761,1.5047953772189595,ET_somali
1115,2.581633534900686,5.193048036403458,1.5194144278720267,8.323265600664627,9.786888595240825,16.733297282747902,ET_somali
1006,10.55635727278178,7.956062529230971,5.845950035602445,4.320863044798901,12.783120814941167,8.426160642845872,ET_somali
424,7.326925005388869,6.404238284814957,2.068820167902944,1.8519052094505952,6.263549299288385,6.277269780281829,ET_somali
1209,5.052113522337742,4.027685851956779,3.564942770472066,3.71631302992486,5.004806440608855,0.8753562919343871,ET_somali
1464,5.316820159692452,6.040996655822328,4.5781500689730015,10.760395892186144,4.161602360479697,2.242908538890029,ET_somali
464,6.050441173377428,5.471616546302434,0.6582491273421962,4.227184394776205,1.5594104428736102,4.215553988854929,ET_somali
851,2.2996356866003014,5.4303878195763415,1.2573877132456703,2.444030824271243,12.155702140066875,5.52522621621697,ET_somali
1409,14.97351885297389,12.992802603789997,2.8753946415053897,3.441140217250368,12.839590820453456,6.6428161863729045,ET_somali
602,6.1285241446148335,4.066644132185022,2.377228123606823,3.1354170938175474,3.850923048355672,4.898308339506619,ET_somali
1302,6.101911923587361,3.952233145625244,1.1066441174848625,1.2885569822595715,6.259285460817924,4.5189650348898445,ET_somali
400,3.578689403702441,2.328375080088758,1.5379700407731096,2.833159756874915,4.062528933909905,1.9996694318376949,ET_somali
573,6.129722422530272,3.245488999581609,2.610998295837809,4.862322028860998,10.24105982206246,2.664169045443637,ET_somali
1128,7.650577700350213,5.054560430221421,2.919814280397237,5.834603421097298,13.49385580560211,9.301240698661376,ET_somali
1729,2.319848823231513,1.953079282276777,2.3339828601711243,3.324328576687714,6.578554936578189,5.559825354232961,ET_somali
39,3.959564438414875,4.385093394023736,1.247373008613878,3.9075082564091335,9.593537822525937,8.463533633479981,ET_somali
330,1.565281283417116,2.33337597113313,0.8819605115042367,3.2259670919758885,0.9184839786062629,1.4453872625477686,ET_somali
1408,14.73682947975807,13.941107868486558,9.092785939435066,3.776686689675769,18.20228479173917,5.13543670994135,ET_somali
634,4.889839544955601,4.779073261584463,1.2337145186525469,2.8719986632761114,1.9019805905725928,0.8099303209064335,ET_somali
80,3.2265904253334345,0.9763198985705468,2.104156104814753,2.595380210018841,4.307243181880663,4.117283659716267,ET_somali
553,4.75046619716675,3.836210676575358,2.881237665232057,2.448798908233731,15.646282268644253,10.569632649460605,ET_somali
101,1.485703773950239,1.4337978459782,1.5683599697463468,4.461939407989043,0.9933308639693078,1.743105583019171,ET_somali
447,3.615677443786212,3.4872124105197475,2.678984664654501,3.4354509539691387,3.889492202348206,3.995562686265567,ET_somali
1641,8.429139123010827,5.304963119423341,2.563766777397832,0.7376382647958186,8.47433563154724,5.872338274284394,ET_somali
1513,7.383114227998732,3.622948098469658,3.7814003443100015,3.926806144865701,7.024523744994972,4.672492183759953,ET_somali
309,1.9493551553665824,1.7107423943886195,3.4068211233606966,3.0872164823014163,2.097243724627723,0.9196579468418004,ET_somali
613,1.960979768614316,3.9543015947623097,1.8292646679022333,2.798118388057805,12.229002911734396,7.708014327078239,ET_somali
589,4.241915253026272,6.708920194684877,0.913280870127936,2.819247418382794,5.649226892039875,5.972006355200264,ET_somali
1229,3.834793611637042,3.1094731819275614,3.1033635016010845,2.2199124953114024,6.604578596648907,6.1228527890670135,ET_somali
1041,4.564740646145196,2.880132041126962,3.930234038939168,3.3547202880850784,8.313585326452875,4.644644774517311,ET_somali
1341,8.091229090537963,5.599115055353957,3.328179344078378,7.888721456861969,9.27091985854732,2.432556935206584,ET_somali
1723,4.822902928771948,3.562298240904339,2.3357136371994622,6.393968182490979,4.29184873780823,3.368726100742831,ET_somali
1742,6.623797356279679,5.271073626517458,2.019450112927872,3.348085005405443,5.635225117639143,4.232126316713931,ET_somali
713,5.523986931746886,3.0948965469785343,4.737112323962862,4.38838525003553,10.586032127451618,4.552508103483823,ET_somali
1205,3.982110588815551,3.859588886133441,2.749183522798885,2.951206355735242,4.20148474083646,2.690615476566012,ET_somali
1396,5.639817727934883,4.543463472866184,1.2343294470473896,3.773128732153301,9.827731532362275,6.359096990934215,ET_somali
1552,8.401984310359758,7.357654908515617,6.38677913154139,8.490690760480634,12.576435498284168,6.0880237113968345,ET_somali
1166,10.046795195243366,8.270108739820886,3.857536721610457,9.499080134884544,9.733921322447635,5.435405380280926,ET_somali
432,2.4783610549318875,2.1573632428170955,1.8345668618339936,4.097423901853492,3.759944347814947,5.786755125420858,ET_somali
283,2.447024378083297,1.3915261062936628,1.5123830219797108,1.2316723622440553,6.371749776607387,4.391452170445983,ET_somali
303,4.175223775306439,2.901983684707313,1.12485484734997,3.9253521033997454,3.428902667131056,2.877814708440475,ET_somali
860,8.905530069105557,7.040957059780717,1.8572895812593195,6.660292528111169,5.18400711581845,9.551564700055458,ET_somali
1392,8.884244005989368,9.471570550559743,3.5739414554963638,21.02927997703325,4.4815743369278,8.889202202414637,ET_somali
40,2.7639839085802507,3.271322263467796,2.885225699891426,0.908714135656852,5.317129677104889,1.835044768494256,ET_somali
1292,6.941518554844092,5.9376060645531,3.748103708537642,4.2368348917537695,12.569759230946364,9.886439126343031,ET_somali
58,1.8262751849265493,2.096803421117112,2.118337386569974,5.816550231688098,8.244765399746848,8.066982804660928,ET_somali
693,1.669396791405244,2.147442665043144,3.313877500120396,3.058544514557126,10.797302699957642,10.281365114922307,ET_somali
255,2.0268703236036827,3.4451952668233723,1.4531063671683453,8.17281714626552,7.433877282965619,14.36937506777901,ET_somali
421,15.547052059726624,15.924342582174024,2.765881327250382,7.156460747043934,20.202222795878583,12.120430448027928,ET_somali
793,3.99792904439855,3.183760978770899,1.218890493983206,2.6276973842427465,6.260451377962002,5.179671179359944,ET_somali
348,6.636947945184161,3.930489291492136,3.521636070889566,2.9415200390922385,5.439889634858666,1.7189689005383442,ET_somali
1181,1.8004757800921545,1.9779742870136408,2.095325501729027,2.672525866965012,2.672779642279173,2.7071288349291973,ET_somali
512,2.8075343315894155,2.2155670307034243,2.044953354277917,2.1285927102428475,2.649735382653407,1.6976077156660403,ET_somali
1298,5.654461984492007,2.977476757435104,2.367558043950489,3.745785356633583,3.280155410887022,1.6698877575772602,ET_somali
1198,4.425499611039382,4.306992809049162,2.9228253971679004,7.276458085470061,5.474191019758642,8.126763365209941,ET_somali
119,10.243487851686178,7.038608123599543,5.261852997459516,1.2237872645983752,14.532029295874684,7.0210560229323065,ET_somali
1368,3.731981811888224,3.04251034392874,1.5326480256357211,2.1671052475114045,3.1000920044070504,2.061331526481744,ET_somali
1446,2.28303859112094,1.4324513972579656,3.108524537263704,3.9156201109433177,4.585868874907075,5.767455947262527,ET_somali
952,3.3431446673815084,3.4225255717473297,1.9925531565016652,4.066516776058022,3.826224513477368,4.673674689149167,ET_somali
912,7.029185823941217,8.305594307072623,4.928172881614003,1.8447533406414465,7.233938192919249,4.323798041628975,ET_somali
1722,2.064091247626356,1.3938552071174797,1.7148239434725765,3.993434750151653,1.4194062260094649,0.82177372549775,ET_somali
1083,10.686785160491857,3.26125821215907,10.186186907961115,10.377466434621404,5.798626277949527,1.4013107673068754,ET_somali
169,2.9736267148015,3.026186413657375,4.148514153181486,1.592850809940462,6.358212825168501,0.9022569797865566,ET_somali
839,4.48979551449106,2.445642953984245,3.6815229892734016,1.50230124668637,7.625777842595901,1.874821420630837,ET_somali
771,0.3524176821133908,1.0943792364958782,3.0769708087403096,3.700082637391869,3.062016995695626,3.320977237098912,ET_somali
1386,6.354112999451037,4.369674490988003,3.7868515541452794,8.022493911685872,9.536200866342387,3.3309773350812306,ET_somali
453,5.549765499169762,1.7666895046635185,1.896803016810872,2.402040376782009,4.910814674280435,3.071965264396978,ET_somali
270,4.967411421162646,6.743995224050058,1.7528861162048583,3.2094995453773523,8.369236327032592,6.052601533208108,ET_somali
703,7.786272043019578,7.020675485687188,3.114610277842819,7.447258886119487,6.192272837139727,6.650458177070654,ET_somali
1434,4.899526123106543,4.246469045049966,3.0273972776701865,2.6264304038769177,4.050411674400109,4.073249459580508,ET_somali
612,6.605430680894943,3.366511406137406,4.107522065680093,1.4835060043517228,11.847621820749731,6.3312031465428085,ET_somali
1102,6.952779134700631,2.3366856889031444,2.523158814920744,8.071605055681657,9.6766321736609,7.10761272588056,ET_somali
1583,13.49471343434811,6.897100444238694,9.768304445445288,8.718385402408956,9.930707095780097,2.1198117589108327,ET_somali
927,7.674318983632,7.551053574720771,0.9382326317257376,9.380189266614243,5.806299799485046,8.739266961561606,ET_somali
1378,5.235171579462752,4.759655382452893,2.5316631184708203,6.681079754315505,6.512959170835453,5.019450289656378,ET_somali
653,9.05544319649984,8.607030886687882,3.518612246526518,6.02975698882189,11.466041753818084,4.537892203805264,ET_somali
481,4.074232532412851,2.1366085417580245,1.995717016173398,2.3109421766993603,3.1642854686675097,1.3060769957629128,ET_somali
208,1.3259563040284057,1.0767992099046917,2.133590531018415,1.943140736467074,5.4926480502917325,1.086692038104894,ET_somali
288,9.657802120919095,5.565438550803434,4.804292196263777,8.406528402928686,4.768371696469391,2.9615261892759204,ET_somali
104,10.569686846123066,10.799714696963086,3.2392222556076944,14.138741211931745,4.925426734489001,7.347264854921333,ET_somali
236,4.812399876667489,3.7181737493331055,4.616655302290929,3.0767325692876435,5.408219674677095,0.868393666788879,ET_somali
1461,6.0914576920702,1.7751637192551393,3.198568246471296,7.107733653481111,6.199510277282172,7.080504573420747,ET_somali
1458,8.003097619935174,5.973352367179437,3.4710157522618124,5.916795309489547,6.230712726545045,1.7846086600223123,ET_somali
22,8.93951082786527,7.212481715023706,1.51387733258887,3.4401909644837843,4.780850047237932,2.1653237590041354,ET_somali
204,6.515045167238222,4.784066497291771,0.9434150036674293,3.901589593092759,2.025475880107892,1.11828875365699,ET_somali
1753,1.387741863311434,2.7462278241251923,2.112035958971815,3.181198771468182,4.931053434381592,4.23904011438013,ET_somali
951,2.587607430781953,2.231057321741512,1.802555478478085,5.084978422371505,4.386172509240872,9.346385169300742,ET_somali
1622,2.7368043667609543,3.633870204177366,6.168308310298,3.460730282077054,15.268200309816695,8.133378231991657,ET_somali
872,6.1820523648039245,3.507567682028601,4.372370439345888,11.272760393654124,10.994666204557834,7.777338515179442,ET_somali
1338,8.139623104369987,5.032825968721553,7.538020205151632,3.0535557495914705,12.891720892256712,3.299424363541627,ET_somali
1703,4.3959216449072125,2.9250876735949283,2.2486137352442244,4.705638020299855,6.688349705985254,7.290028407542323,ET_somali
791,6.217645951823727,4.748763816493376,0.8965602492095742,2.848299932467246,9.798483992236244,8.058325842755885,ET_somali
1457,6.453498346051913,5.401888727294791,2.0351778351825867,4.730212413723006,5.568808290654994,4.627434265533435,ET_somali
563,10.391848473181913,9.909525360025455,1.7261781390804771,10.448684863591897,3.880325379235323,9.128480360728116,ET_somali
1163,4.103865283918458,5.093762799663772,1.8115537525311,1.4518087968577116,12.542112011811522,9.309629042323891,ET_somali
19,6.628411973855141,3.621733678797302,4.154707140819557,3.041823294689428,15.682618058418829,6.916775344041751,ET_somali
726,4.608337976752511,3.589038566939313,1.7810951514658857,5.574633511209051,1.4639634799011372,3.4976945716641863,ET_somali
1497,5.599264245197074,4.67801466773926,2.48648497126212,2.722773602868735,7.913840583547047,6.308178767309325,ET_somali
434,4.558118271397451,5.418535911856125,4.924697644430487,2.1920052215252386,6.738644738787795,3.0857553013940358,ET_somali
81,16.731041501064073,15.341950054357808,4.814970369724644,5.195272953533587,6.009303500672692,6.898689670907873,ET_somali
748,10.352427858620157,5.780671086705236,4.891259482561044,20.783361067642257,9.60945752031216,0.5873544303264371,ET_somali
51,3.6730558526232633,3.907315533104596,1.8260131509892144,4.287203428032105,13.091525993086888,15.279821988188305,ET_somali
259,7.955631775352945,7.043779923162735,5.623302904600463,4.832284952185845,5.481006856422283,2.118337122454144,ET_somali
396,12.795371514792764,10.508135589819114,6.158102199978063,4.964594573654792,11.919622045766154,4.051871690985102,ET_somali
729,5.664343700908595,4.218634680341157,1.4072393300582091,4.616295946928282,9.261076014324276,8.935086740287854,ET_somali
1671,11.735555294379123,6.632858683410307,9.456300745004356,9.567528419278146,6.865817949157674,10.437563173064282,ET_somali
1310,4.044736739032151,2.842142818118356,2.179813087961596,1.3149484892931216,13.82740151657372,8.656932068568757,ET_somali
1092,7.020926514604986,3.600460694607352,4.209153898889913,3.320501690616254,12.587117443324027,2.4246717328166474,ET_somali
1468,3.173748087642003,3.5998808686636736,2.3661144939321668,4.5188476434036415,8.408146685344455,4.966455629446264,ET_somali
1269,7.346123980846064,8.764783109025378,4.459603817649151,8.572245316128264,4.763180108232235,4.5766343568038605,ET_somali
536,4.388715173330086,3.089163066919559,3.271883451506031,1.4074055637429606,8.192032651542032,4.759321536930869,ET_somali
49,5.72320668752976,9.230104779428483,4.125229912640027,5.876437129515348,10.961788337567944,6.650731620177621,ET_somali
94,1.4175429664593355,0.718638620410012,1.5461957171701983,1.3988551492989485,2.0627133656008154,0.8559947657684154,ET_somali
1617,8.322033335983772,6.655277104792555,2.975248407683316,4.065200558933375,8.630350997515178,9.181686452457129,ET_somali
528,5.226733854118811,4.672142103970227,1.9378182835338416,6.279889249112863,7.084959370286808,6.343079811981301,ET_somali
299,7.319849081251897,6.250612480375959,1.236190107368322,2.6754870365206744,10.373491705759172,3.5264243518367318,ET_somali
1156,5.458538558847614,3.86984938884597,2.464013826307464,1.783944217417846,2.2561517762586254,1.4161782531512108,ET_somali
1100,7.03348836465127,4.779523675484962,4.758179947014208,7.401458105840361,6.114039545723496,2.3229950542592137,ET_somali
638,7.032329050422049,5.62018564872055,2.6868410689143247,5.763102037387127,9.412821409943628,12.326051419768444,ET_somali
1322,5.865179099282094,5.60836122626564,4.75809098916764,1.4673312350753651,9.012856669724076,1.5154726241043064,ET_somali
984,2.3906742959178557,4.3950797697036,5.291509544052661,7.872053934998474,4.021774508314872,1.5328875130110071,ET_somali
1419,5.231309967800985,3.699915802616617,4.150094166077261,3.5846931850887898,9.704008419676962,5.132582229043036,ET_somali
1428,4.847854716062149,3.13311980726739,5.523692601180335,2.989443980481059,6.948666583503102,2.6741779596280986,ET_somali
1634,7.216420348338401,7.984045948239662,2.5393503339668437,2.7355286063934243,14.181975589124374,6.520151236073427,ET_somali
1043,4.720562590932144,2.093466476575089,1.4456733665187944,2.091351531090921,2.7509383046078906,2.373718747740718,ET_somali
885,8.866813771222365,4.119421890274732,3.734171272966409,1.5184232519417566,4.612203758080517,2.5445062273822625,ET_somali
1167,2.170325309458156,2.664197136960324,5.2246247390401415,3.828395357601042,1.661479160032166,2.3632810421487407,ET_somali
403,4.233289540685676,1.1043811919632245,1.9342159761228663,2.657606755104417,11.78186529693629,8.428383834871775,ET_somali
1756,3.141884083422909,4.347672009775133,4.148757003196492,2.497667728856773,10.050585028303152,3.3318690417071086,ET_somali
1334,6.186888394172886,5.169564987019755,4.121090339780458,1.840774162486816,4.554950025668026,3.3335083620525947,ET_somali
1580,7.284065981435644,5.122146295327764,1.7497264511841892,0.9672506758039824,7.29441921509849,3.3163988751914584,ET_somali
861,1.7492769468536495,2.365219007638841,1.867485670938868,2.549597544679746,4.897184549538403,3.547575808391562,ET_somali
779,2.3423353150981603,1.5020345566212747,1.1019692988122805,6.813546294424667,2.194130645301376,5.3653978285282085,ET_somali
1082,4.552495229909066,4.141288493854911,2.254019437633666,1.7270123846457195,7.504245772881442,2.4318683736184954,ET_somali
852,3.7273457701717208,3.022451152110646,3.3772874728740128,10.845696955911112,5.190803507047408,5.931342432679656,ET_somali
1118,11.075658126426775,7.314537708469856,7.295154810642953,11.146229389444676,7.711693270945836,4.635122584227402,ET_somali
702,4.631514540630247,4.417465943469784,0.4579335146831208,2.641782226178925,7.976602000102912,5.895629675473195,ET_somali
228,3.564160000231257,3.5784320707025024,3.187998976687296,4.67655288550167,4.431799140550004,4.121985526267187,ET_somali
1642,2.907929129646293,1.5096055323483173,1.96998803122748,4.16722449221846,4.5471953735236,5.659092537969674,ET_somali
525,7.91382101261158,6.755616102617871,3.112988275890404,1.092547509267808,8.432926484106005,4.27398434299826,ET_somali
1551,4.579048038739141,3.672277917252485,2.639637565217608,3.6226913318125873,1.7047970509244286,2.754753231997527,ET_somali
840,2.7807362458696923,2.092107327929377,2.806904013978044,2.2822367978819766,8.016162941259745,4.672115903825637,ET_somali
286,10.888186234288678,7.18024017969388,3.032350484095786,2.5508760620340194,8.286980711867352,6.728108476955972,ET_somali
655,8.113979006721594,5.914963504459466,3.0540075693487183,2.4142252346347286,17.166651386001895,2.845830944907953,ET_somali
1616,6.59918825672159,5.937930528511257,2.42362233779472,5.259206514502112,2.1409495730550216,4.357420081959072,ET_somali
1744,8.089425349137576,5.444264154176098,2.048892885606337,6.249329502935776,5.337119526912764,5.319812727044445,ET_somali
1620,5.727504359699184,5.549068549473938,2.2145000532258137,2.209798584414139,8.413648888661287,8.255976042098494,ET_somali
711,13.678460581671365,6.855603035051858,3.407796599581746,1.55676689428946,9.605127232919768,3.228684356808831,ET_somali
750,0.857083739055835,2.0139755907148467,1.000067386624332,3.785170536309139,15.398639920696311,11.597949918376097,ET_somali
135,12.55610335600409,9.821844347764785,4.363791110597137,8.166021110911997,5.87737137245183,1.73654828007939,ET_somali
1383,1.8732689186292637,4.710664298683346,5.982865842096484,6.879933692861189,5.314299795555112,1.8923007442061013,ET_somali
1451,4.149185717526439,3.579628342375939,3.4867688527706653,8.93387836241629,10.09486541877962,5.421901353022644,ET_somali
1453,6.465327737121963,2.945053214563847,4.900373269248323,2.299343502169628,6.961634743246618,4.622973008256511,ET_somali
211,3.897136356064512,2.595528676166021,3.839446138051228,1.8929990987817351,15.246549216032042,3.735616984878215,ET_somali
478,6.01482204307406,3.627725316086632,3.904294463843741,4.793447587075168,2.470872408235227,5.628707361932404,ET_somali
1328,3.473644043191826,2.523775593127144,1.3952636826555944,1.7322230221975987,5.876466730724136,1.8644968901974517,ET_somali
88,2.010338013588572,1.2460216455770994,2.473520227105588,2.1469800280820626,4.379369485312903,1.1543571329225686,ET_somali
596,2.71257661608663,2.220895862399478,5.189166933640323,6.735584789835048,14.953156132808504,3.7173935880017406,ET_somali
1172,5.529725690100777,2.9105858140721645,3.166006166316534,7.733662382990325,2.749156017319698,3.371289010795968,ET_somali
298,7.931550874626399,2.50234052151991,5.028572182941833,1.5794614915045218,10.993524320318496,3.0138893987097624,ET_somali
535,4.397664102640491,1.9454158697478483,1.2133021953404404,3.199337981158918,4.961409221037221,2.568714565573832,ET_somali
671,10.155417921129295,6.157833667666538,3.283301941729981,1.8063355506977776,9.982806967451118,5.1199532459764505,ET_somali
1374,1.8632147435439343,2.039131720223063,1.7916826888881114,2.6165185872444487,11.415309603096782,6.502381545696152,ET_somali
810,4.594901050095994,6.4008050671503565,2.241776173360768,5.499037334592109,7.469685410788868,2.0106508764309976,ET_somali
1412,3.681200730991482,2.802525936055378,2.647525727436196,3.218522978242698,2.736698504295207,3.85785801843093,ET_somali
764,3.5816463740733018,3.0303707910571176,1.3218393450358346,2.9705042107483863,10.587254056413457,5.865625518763385,ET_somali
353,18.160856828547026,18.153188262072277,6.809489795376934,1.778283167367655,25.571559752313146,10.57457138763193,ET_somali
772,6.665495169957369,6.2302867383271145,1.5085592214783816,3.675282531823024,7.65996274143462,8.61381126204938,ET_somali
1060,13.21726388595155,11.77029914758048,3.411690640024094,7.56863472502085,5.744837341120305,6.647191816653963,ET_somali
774,3.888377606594724,1.1027589712362806,2.4809781850475323,1.5853346052604622,9.618446927637049,4.587602087229983,ET_somali
1604,3.424617041910164,4.286799806152231,1.2240910027997711,7.626257306957599,7.238305883130843,6.043716839377233,ET_somali
647,11.878192274895769,11.616856623649293,4.699636762609209,7.802266704233106,8.94841056891537,3.418403278738901,ET_somali
45,7.653356149190959,6.410618052992407,3.758609285629181,1.0846917123081696,2.661592604444712,0.8307015297132371,ET_somali
778,6.33771016664864,5.478570631187585,2.6623329833167038,1.6498665793713116,15.295383218477491,6.4594890782907655,ET_somali
414,7.596591510035687,3.638020022129653,4.72495445516382,8.438009204579538,2.2977826098083467,2.9881701763297643,ET_somali
577,3.870012371167357,3.046815095258674,2.049391317629095,2.7290961732002685,2.043575049274003,0.99832054723661,ET_somali
1536,3.199944599969021,2.3994803595706595,3.1895581678149125,1.5831773169679393,3.61977523951516,2.756584714382313,ET_somali
1030,15.00063108700648,13.436515188240662,4.1772267420190925,2.503317272312141,12.395412643902072,6.972994252342755,ET_somali
192,6.141058996683989,4.10611499439241,2.271129873181464,5.44973402472648,11.37972856930826,11.93913281457027,ET_somali
16,12.408375829931774,7.615615906993908,1.5551648415586066,7.052664640456343,5.419849538456892,4.66809118758895,ET_somali
1524,9.912042791004549,8.705523244663986,5.37569186200183,8.009663963096795,2.161268437585328,3.4343705447408746,ET_somali
697,6.060057352584822,4.33512617643703,1.826074749453912,3.4438611488691,8.853978804257851,1.8575253174368505,ET_somali
1247,7.50848002970074,4.3093719210939145,3.636516110829632,5.795280173039633,9.42147589338439,4.551204697679536,ET_somali
807,9.927533312462744,6.997366812034449,3.013980442704688,6.768952488617176,8.55778081192599,5.721188566458471,ET_somali
654,5.280767566949788,2.685401406652516,2.709456933990493,4.812212057995219,2.837380814649033,2.234775673107168,ET_somali
724,3.811729629671715,3.502757645575373,2.527838267495885,3.381234101653303,7.252845451768527,5.414884493820229,ET_somali
110,6.832587344983479,5.7785269664208725,4.443029524055693,4.660335185146616,5.003547834666952,4.3571483388907,ET_somali
1728,10.869059207895392,8.73766126821012,11.652806626054458,4.241330737201252,22.38957801479283,10.787095197729748,ET_somali
547,1.7863690415284048,2.449223033426931,1.2919930222219234,5.931118976383544,5.06781152436878,2.179144255490508,ET_somali
1565,3.690196470677392,3.222684741009617,2.4675821241154856,2.196731894547882,6.108044454217587,6.309313013708295,ET_somali
1127,2.519849048261688,3.33775961039708,0.4006733257727152,3.733708422966294,3.6130848095787087,2.1862305381691813,ET_somali
1363,4.931066961761846,5.115518334103368,2.1036572144706174,3.3384911229500998,5.367663876523587,4.92093291801316,ET_somali
1243,9.541976227927318,6.9126027885423325,4.707907221473812,5.530524635507368,8.963814939228481,5.225530721399267,ET_somali
556,5.870105349494441,4.3294658164901705,3.765966350954398,6.579778056707991,4.675088303225659,4.235003266829037,ET_somali
321,6.59543551019838,5.081583200206198,2.645287520729703,0.5839215758278119,7.904208096081013,0.7842486911127071,ET_somali
1145,11.260391247320973,7.844183412494241,3.687085714081114,11.802037490675144,3.3891184826879317,9.502477396444222,ET_somali
62,6.076738561750844,5.176063484419313,1.1335394505692211,8.187597591666545,5.320131735820124,5.60720032232422,ET_somali
146,15.794635857987776,8.098550853157017,8.371767566500639,3.996176527539773,13.81641210301932,1.6614753177848456,ET_somali
1282,8.690778883075208,6.708420410086948,3.494349013619526,5.301774927638587,5.4487396282247165,4.208730649436588,ET_somali
935,1.141067762674375,2.3388596490599256,0.9989542934350158,2.529050141470747,1.355620614983863,0.7626825520472593,ET_somali
1440,3.1103353477124265,4.8577768267868775,2.59242929719924,7.205448372081192,3.295017745876382,4.654638160463136,ET_somali
977,4.136199567102513,3.734784483537049,3.266121023254516,1.9025801973366647,3.887307709653026,2.7474091186403924,ET_somali
1602,3.361690053616384,2.5366493106083703,4.369778203842911,4.514159518080338,10.198680032523596,3.075434219195233,ET_somali
56,2.724405921298761,2.4417406089125384,2.001124667739878,1.4303508682865873,13.200826114103494,7.874202334108279,ET_somali
142,3.7509369099682175,4.156346048793439,3.019213291776085,2.4951266958781213,1.854561464008715,1.1704484840758145,ET_somali
919,3.3999412500267674,4.443459451081902,1.6883457227984828,6.8269047537709895,9.67386978396213,11.501064902674916,ET_somali
555,9.651397129444332,6.781974645439271,5.504299269903614,6.794720179360031,15.13041190523798,14.72639495613766,ET_somali
1427,4.743481624217703,4.512244963373536,0.9465158565747404,10.57934305125456,7.24225374079972,3.546983555887694,ET_somali
1403,8.697451916106425,4.736935587947498,3.336417711700425,11.48590886737022,11.569934415755704,13.213215382428478,ET_somali
1533,5.1858812877954055,4.010034002617983,2.426078775446156,6.618728710913399,5.421223629774165,2.5910103953336363,ET_somali
991,7.895195297435065,8.183840315722573,5.194869023805682,7.247674348286917,8.04298435526749,4.018895693915264,ET_somali
705,4.564176474678861,3.696626095117068,1.748079795954207,2.561375125945168,8.382569778767376,7.864481907350703,ET_somali
575,4.641567012975619,1.792015566860616,3.626568737389761,4.101450891106144,9.33383316961666,9.18776278201256,ET_somali
325,2.5290442639973585,3.491870446318718,0.6326254123193408,2.996845399705688,5.433183615168729,2.654601359051169,ET_somali
198,15.690198366600043,8.119495154340651,8.110640484965378,6.544142328748111,18.343573982489545,2.743515174629912,ET_somali
1029,3.7835071811360215,4.582467841520272,1.3220425629569104,2.8974100049340046,4.633446915136797,5.892719765520079,ET_somali
1735,16.52221351276281,12.8168062412564,3.2873820858017155,6.599409533169722,10.319067878045008,11.665043940056488,ET_somali
460,4.321473134143664,4.346404485345651,1.2984326676031372,5.863577375863095,6.766732116267514,11.645997960939807,ET_somali
1400,6.485684412490565,5.895319655967466,3.8685133802188383,4.024244470648428,4.01027406611238,7.641546005934421,ET_somali
335,6.667127744159132,6.933290168284925,2.901051503763144,2.6495735125698023,6.414682269264292,0.6181047156858671,ET_somali
159,7.588111987205633,3.94292497352546,3.513052372658373,4.183272354873978,5.3522705937393455,6.447526739886158,ET_somali
227,2.886142803602712,3.8435350730892166,3.071134550246029,2.343694501254725,9.27154271466392,7.172773429135875,ET_somali
446,8.364843651649975,6.74286354479302,4.274172601645827,3.4656927273506737,17.58748312653601,11.32168887422177,ET_somali
825,14.3292096187961,10.141686802818544,1.5018355553492886,6.477648123500461,8.825468189094964,6.05058262641003,ET_somali
812,4.100748647040048,3.1686176838357185,2.015060337195951,1.4967579053180229,5.868759596295702,3.826697634025504,ET_somali
700,11.911262447524836,7.098767254980693,5.68667286917169,2.153521089664985,23.44960795325965,7.881735591813221,ET_somali
1104,6.593541315909449,4.908035029258215,3.94040648769802,5.457245414513525,9.065738960992755,7.9931919691045215,ET_somali
619,5.115868798945538,2.93397562565675,8.2305104436009,7.899356067189413,12.209235094675336,11.85288771492403,ET_somali
1732,3.707356223524111,2.8505650721841707,3.105114723028231,5.453244073717609,4.296705002192417,3.86769443018528,ET_somali
83,6.014757153831741,5.917219284409856,2.6980873258905547,5.385611931602206,5.107209573250344,9.498548353935089,ET_somali
1711,6.810098230272734,7.165591641145553,5.287019863405899,4.218695493888324,4.794935686959096,3.746092373661962,ET_somali
1291,10.859382783362536,7.675365352921542,5.519531649928308,6.376420054877764,15.624546224329338,10.433564516984028,ET_somali
640,3.652623025074008,3.0746341983176366,0.6932199049963124,5.360461857119226,3.348953848310296,4.67373580871919,ET_somali
813,11.40958899778432,11.810526749911284,5.473401183480805,8.441802693394951,3.6153173195901775,4.046024765211991,ET_somali
331,11.872389744796136,10.479633463950588,4.1546828567616085,7.787573171475592,5.440390832700128,2.9980967419006577,ET_somali
427,3.892369239941957,2.9317226236039984,5.572775524610534,3.8188289572078418,6.789145351667776,4.890478705157513,ET_somali
289,6.345244474870599,4.825768972934868,3.2880746945039787,6.772148255957924,3.875760029788338,5.4684036229614055,ET_somali
1066,3.4955958556018305,3.687253453138764,1.5538585755362853,4.172455581319954,6.092653053039146,3.691168905306648,ET_somali
824,11.845457158595323,7.287351881433272,4.800028202593579,5.4388674869956,10.34531430178003,3.1172968509011687,ET_somali
561,5.279166195848938,4.804141017009344,0.6286451716495559,2.407056876434891,1.5783647900184306,3.691872094464981,ET_somali
698,3.1957741988424067,4.252078319919133,1.8580366383369769,1.3312571257322106,7.327182750834547,8.673537643469892,ET_somali
442,7.16879739033835,4.2100325603253,4.599686866630866,5.8635968058961945,6.955190841855504,4.227505383675376,ET_somali
1157,5.229780948361049,3.869748850556448,2.4456499932472298,3.776019731344017,4.283308651704515,4.84109174135896,ET_somali
1304,7.228963910384486,5.326210789189006,1.78809146361575,1.7414898117512836,9.02274844052586,4.587835261163911,ET_somali
87,4.21715239928097,5.779706737966372,3.9171430737163737,4.42784984601021,5.1006944660362565,5.479464695966818,ET_somali
401,8.759047249098199,7.034819290491351,8.12197816093787,1.4177335768309838,19.822842079264564,3.3496508885466483,ET_somali
154,7.142077623349148,5.591077034521292,4.288500256156213,5.882091631494315,7.5506914027355165,6.934732810824796,ET_somali
1293,8.0017488146072,4.732656302392049,2.888960615896951,5.570924286565456,9.538531843870528,10.043145545844412,ET_somali
1123,3.517060139264802,5.126072428538664,1.529126477145422,5.404090663923958,6.061607266908933,3.0319467766589314,ET_somali
890,4.186956795604602,2.109595599749376,4.614491965420842,3.1958099681774224,8.429050622212372,3.565406927442508,ET_somali
826,8.076286856869435,3.1091381641618274,6.408813994484987,9.99365595411508,11.010307535577926,9.550290978307428,ET_somali
1563,3.191983862158351,3.211164506882147,2.1271636052321186,5.077605085238217,3.52030451604206,3.346165269585533,ET_somali
644,2.9652115544525457,3.1227820238401063,2.064656278692376,5.7321155017348255,9.43160869079739,11.169841253041804,ET_somali
1635,14.480260346602195,15.19428456658328,1.1760229110562668,3.751165264035982,11.828041238259846,4.041613298213654,ET_somali
598,3.643425700489938,4.112876542798497,2.840342104708466,2.443988927507303,5.078407195500886,6.2843991001723385,ET_somali
1135,14.082777166475893,10.857333119499948,4.313049196067467,6.475286083128316,14.951937064088678,7.951903734288619,ET_somali
757,4.401008124212757,5.685781741441423,3.1211875525594848,3.57686667047906,3.568122394658648,6.68030320192225,ET_somali
314,11.000994573517456,7.735648473202547,5.231233189751107,11.94551823553994,10.813118787852416,5.440177380794127,ET_somali
759,5.745670406936229,2.9323814308924803,2.2366571882522317,4.287473694881861,11.087596261716444,10.383506595942896,ET_somali
534,6.77988265008524,4.783126953573388,2.0884028539092347,5.023188470041603,7.210223881036546,10.443542094417888,ET_somali
426,5.374933069842168,4.596962031930174,3.106601428166882,2.8192081360403454,3.131350893961151,1.853789291077546,ET_somali
1586,20.781586087499555,13.499444011782796,11.957513157055304,16.10712128020013,10.66321838720468,8.641054217191122,ET_somali
846,4.301832909924332,3.124173921837714,1.5568059472206324,3.4992866567004386,5.835445278050167,4.091163077164397,ET_somali
1631,0.6437412629438051,0.7878953317426839,1.375955104207929,2.676936312511192,4.593846740213389,2.2230393172025327,ET_somali
1037,1.1573662634317956,1.2009432478324409,0.8851922155971494,8.733128646802411,2.9987023011793545,7.155273276437602,ET_somali
490,3.198344747259374,2.8971441138612657,0.905613371375008,2.581615330425521,2.18195888501327,0.5072239687189944,ET_somali
521,4.290627015588176,5.986776120268954,2.4828500759142127,4.782213591537042,6.024514196823766,0.779047458468556,ET_somali
1047,1.9450271121502083,1.9070101953915528,3.351507289179936,3.4065258524841204,3.938753101607191,3.2447311819086617,ET_somali
491,3.4022621485528406,2.6019037946775385,1.096669176347012,1.6399025736693575,4.020453368730476,5.129685378479762,ET_somali
422,2.696553801861823,3.1595568366292848,2.0916176404220583,2.2268594026252804,5.526387229235527,5.105878986573912,ET_somali
1520,4.125613628941173,3.810788776098644,2.199303393464106,5.965188500365884,9.867480541811922,10.332336195951124,ET_somali
579,3.928961170963954,3.3601119943690216,2.139970428157532,0.4230194943574508,1.9033492338083853,2.8881541781129147,ET_somali
443,3.1904321296553104,5.732801653975898,0.4556343058240374,1.8490101288082967,8.243710879716524,6.587962785215498,ET_somali
1418,12.11701967262067,9.530819957094742,2.0090299948975456,6.12441280552216,10.061626903741145,5.391138089385138,ET_somali
1660,6.021938731220249,3.4287052837956224,4.72308221199157,1.9526223900757425,8.545789419634385,1.8737451953767108,ET_somali
1317,3.3023752121620307,1.4731706606935768,2.09210494753069,2.9955345057987177,1.3974667935327922,2.8534662398021946,ET_somali
1672,4.336632720042908,2.9457308667421,2.141865478164707,6.520721462243309,8.00416889200124,3.6493954600297167,ET_somali
1224,7.236150339666795,4.25464932544935,2.733397896554344,4.16331070432858,5.724989625165458,6.290712952284464,ET_somali
801,7.274091938235714,5.536388956298865,2.8646743061774247,5.887987348546816,8.985871093194278,2.922416362949671,ET_somali
1253,9.180128789266568,8.034128361530271,4.1826475788828965,10.780003395220424,12.351000344517448,12.425246650803285,ET_somali
1382,4.643045985263438,1.1710248003389676,4.33519641665521,4.394536879885336,9.014059545509356,4.96316384954295,ET_somali
409,10.439778313485526,4.797442699787341,5.020177688826262,13.894989871788365,7.849867866538642,4.719869933590373,ET_somali
12,0.7181610824370966,1.6319706637611735,0.9867686854958684,2.1755563393326014,0.975180844276836,3.027012327086676,ET_somali
868,6.619956888855677,3.2817201787915584,4.103827914103752,4.338114382083967,7.204922830574261,6.532508661866444,ET_somali
404,2.4933254602953423,2.564422899706381,1.6941268364703308,1.502434298063715,1.9046276987292163,1.8183193390036043,ET_somali
631,5.210676370766061,1.0034987958890649,5.0682595486195385,3.4535682272040003,6.497108185968307,5.144324387536089,ET_somali
73,9.203301147467686,9.82329436234169,2.0619445914414443,7.568284137684864,3.814461422285559,3.959583544564561,ET_somali
195,1.910515619603427,1.4392586696518164,1.53941735883735,2.65310370146997,3.648317921908911,4.103849622298702,ET_somali
399,12.523844917068647,7.243577538618181,4.976036824480611,6.6582161816256455,11.009826044494316,5.938876842228507,ET_somali
308,4.042179109104777,2.261801476977352,2.7429234782152223,4.576572697425731,6.904765865349189,5.373062231539989,ET_somali
572,10.683894986563848,9.037711809800934,3.075813122294337,8.259859216536922,16.451633691361806,14.488068017326084,ET_somali
1252,3.257457809454836,4.940380754171426,2.485272165510985,4.719492049267438,7.123983494304938,5.404829064608294,ET_somali
1496,16.2647064111196,9.44334858526634,5.952973151261905,8.711821750191483,9.483592513183265,3.0136872844692104,ET_somali
863,12.137140535994757,8.9437627952801,6.47473474866274,9.553794839165132,4.9376708304247785,9.63378394608208,ET_somali
593,6.797101670653789,4.1648303341157495,3.3943970136960133,2.295340938751569,8.233578325499224,3.5604228524222274,ET_somali
215,9.235589507613495,3.641905923954728,4.196828019386537,9.203005521581924,11.90319627340908,5.57651957847263,ET_somali
979,2.149797568171731,1.8053249003946787,2.129812315927475,1.3648173004721549,1.7048447678187573,2.935611650980555,ET_somali
163,4.805588304417796,6.195634282304393,4.661130068230531,3.5150872709447247,5.686673718740487,2.404115991430351,ET_somali
1048,4.033366241481112,1.9870837628734888,2.509517976791996,2.529091414763052,2.5408326176481317,3.423068719924636,ET_somali
1574,8.376473212873131,5.364502137316019,3.641910422576832,4.490725498709967,8.249694241369093,0.9548360441865156,ET_somali
559,8.851219811498707,5.160361434807984,2.660244204520357,3.1589808145730087,12.977294208046551,12.820930851307676,ET_somali
833,11.11674264721752,10.324104071291224,6.766447415915184,6.561183726132692,4.103756962992324,7.4082162232265185,ET_somali
538,7.779572689266786,6.520638586633927,3.099095088540909,3.2606376938769563,9.59115802287269,4.975986221683364,ET_somali
614,4.165286194807275,3.259794049985444,2.943589794399838,2.943991107925939,5.491732606746655,1.6742171026162342,ET_somali
1694,3.41149109308223,1.5187523834700596,0.3794107839490854,1.993988223364928,9.039827165155382,8.628370351226293,ET_somali
280,4.2457575854675005,2.900716253851402,2.231595372603573,2.969199813291203,6.588843745259034,4.725225545077089,ET_somali
1698,3.560822120393213,1.656225479936496,3.3910001769043223,3.607421225968603,2.8535918946769887,1.96339601206015,ET_somali
496,3.994363932343151,5.472232775855553,2.1028929591101475,6.828860050833603,5.309888902110339,6.811848937631256,ET_somali
311,5.67803250059242,5.58667688539868,3.168487187111125,2.529161781009782,7.242259578504258,4.910545102812333,ET_somali
131,6.50081989317589,4.767718817782331,1.6577686856578626,5.286429441392475,3.426563300133491,5.263516082877881,ET_somali
251,8.783678172550264,11.191665001731945,2.2494630021566007,8.08106094830745,3.3278148747614504,1.766399879042869,ET_somali
1510,7.717189838012576,7.626532845689761,4.092471891668863,2.7433561198599445,9.347013980234134,7.167260557871929,ET_somali
494,7.646576756664562,4.48849201272465,6.292330950757544,3.556219556893561,7.966182941446144,5.541648190189946,ET_somali
1068,12.58748139321838,12.06924120112294,3.7704653890668185,4.929577975546226,9.404140848746406,6.1857895103038665,ET_somali
821,2.5418173459643163,1.6400122447630636,2.4206087974701167,3.038502375613257,11.894368102785869,9.07885945915245,ET_somali
1032,4.564357411879004,5.547209322985754,0.6476002486964009,3.271789688929589,3.219362032037024,4.052783599218581,ET_somali
725,5.61755746080187,2.477791759157332,0.9888923081428332,4.013269684944389,2.6033980022229737,3.1493871376947893,ET_somali
584,8.253778894735477,6.120930998091208,2.871043471285128,2.85860553378206,10.064113461065944,8.58992061683722,ET_somali
1138,6.9441874288927545,5.128187634995149,2.6996882435164067,4.687249166908667,4.60699951951736,6.309835090958464,ET_somali
1313,4.0694244556515615,3.102080014640121,1.9074432909489756,1.997765907058454,7.827617331406199,4.452179021214759,ET_somali
904,9.966926588063368,5.6638311264635925,4.646937005476825,6.141278080207278,8.299788985561603,4.470357564715043,ET_somali
359,12.743663741129792,6.116322136205059,5.104013266845386,7.102752086028891,10.881801038300733,8.893425003179132,ET_somali
1201,5.097837106437523,4.109612413750028,1.45114354724108,0.6695780759108318,8.658712138671083,4.068576464146728,ET_somali
786,13.83385421648532,4.695751219886249,10.407829878326517,8.327386224355436,14.287637598752516,3.6156896617986014,ET_somali
1090,7.440336023419883,5.938502261113884,3.1051830915750576,6.572829516529551,4.536056004791178,7.025254927528691,ET_somali
1206,4.061907362440894,4.709961145260961,2.313169714328194,2.862009557633658,5.587165961601935,6.273268799578374,ET_somali
239,6.067669615353041,4.188047678959408,4.0527230006924215,6.684053741906224,8.682232959622771,7.629684199196064,ET_somali
350,4.753640731160422,3.0689455894571,2.5766233445544198,1.2668705928303945,3.1439669188378656,1.1060317497231205,ET_somali
966,7.338121465578835,5.679316961576278,3.6975879455553486,8.372725190269149,8.67014352200317,4.561512080109194,ET_somali
1739,1.7673999218675085,2.901587631398604,2.4257250069966365,1.369928381242093,8.843673655679263,4.967264809464452,ET_somali
1650,2.807049553931292,2.2868641658890683,1.4440737146672664,1.288820301735803,7.498203428890259,4.239388137842374,ET_somali
607,0.7603903284576801,2.099946406703249,1.3634783731161595,5.443801894198085,2.903597696863227,4.310814654249419,ET_somali
1489,6.155397486132529,4.234232303154821,2.2796547292600144,1.859071474358476,6.58422081186333,4.664183473238039,ET_somali
678,7.399387414027453,4.324004080680501,2.7482152257906804,3.715330604807973,6.711686621000385,3.540080397136917,ET_somali
1450,5.900623373810955,4.240345557121183,2.7150396254455704,4.202982955771546,7.367966533970364,4.427800262789368,ET_somali
570,4.211295914992064,4.151141216362223,1.272150121060534,2.395100200143123,9.620544810278664,7.631068491161896,ET_somali
1734,5.232570795171699,5.345626453708155,1.6070110366271606,5.156397748636557,3.901976799335287,3.05692057509925,ET_somali
1476,1.0805506043290891,2.413410503382881,0.6171307228178347,3.8735874669963017,3.6792836051105824,2.631951035049356,ET_somali
1618,8.782863741242902,5.900176258558971,8.122013728869646,17.977144508657382,7.266133557809568,12.08654076720708,ET_somali
1257,5.919533946586648,5.580464930379813,5.786285753400358,3.033292237526427,13.381809937396463,2.6193714487403708,ET_somali
27,5.072055674175372,5.751960870117388,5.027524845600518,9.405317381139056,7.080021480021547,12.23852321752574,ET_somali
425,3.275339581761304,3.807824182730816,1.6219154713635802,4.158546920617163,5.2777328932842975,2.483039999985845,ET_somali
819,9.368624976364536,4.796576546998917,5.366718943718029,3.3204340081962487,11.736993779957812,3.710394956387193,ET_somali
1008,16.370667186904146,8.17403412121345,13.746792451266254,8.981636340809695,14.426969050654398,1.9033478794987488,ET_somali
1287,8.520027669846034,7.025088274868407,2.922818784135669,2.18094682803187,10.064064244308655,2.3706917638001808,ET_somali
487,2.9632267341246,1.698927974950087,1.910758130515033,3.090959242428499,6.50428173134289,2.9217751449272744,ET_somali
737,4.815271712050567,5.05680663113684,2.019162259585533,4.242488419841707,5.516964109277612,8.71430148644608,ET_somali
1124,9.78747885221995,9.758229045789124,2.3902518489559954,6.750415093322043,5.928850707938549,3.293771818751308,ET_somali
898,5.6569323965201175,4.284936501664096,3.47324400564166,1.064781015528124,7.749857021977998,5.096089283859237,ET_somali
1649,2.752326749533767,2.4914831294530475,0.8355794972937188,3.0960451324727285,1.846486878975204,1.6206545312786391,ET_somali
495,4.662667469741845,3.642337497990255,2.4149126815162822,1.516865808931566,5.343921544774385,4.32477879795733,ET_somali
597,12.443116718707264,11.737616193794985,2.182525395675802,4.627264297347947,9.866958154656915,3.425430815331929,ET_somali
669,12.457679121790992,7.553237896606315,7.164627207962173,4.704528653919279,9.88318895894052,3.613881008767916,ET_somali
1153,7.428511723276189,2.867942714435286,5.361010664952268,5.553171097075551,2.4197607115595328,3.3859286824555723,ET_somali
90,3.87432124632721,3.529033203315477,1.930457385136308,4.798697615717611,5.843189040491889,5.209532420804474,ET_somali
983,7.668109897465702,5.704788462397492,2.3012144999111053,4.86972134133019,4.8630551719481465,3.463864807777927,ET_somali
262,3.2684907406450376,5.01488073345014,4.136936701948295,1.4021591064900083,9.701910379830975,3.813401752269894,ET_somali
1014,3.887467712308847,3.248645636914264,1.3661079798453502,3.017957438601474,1.1557901319686452,1.603207676091517,ET_somali
1272,8.163456722000072,3.3897334006050186,3.600661880053767,2.593095741398968,6.836558080504067,1.9377022333126896,ET_somali
148,9.49687020296383,10.091255326244305,0.5704828671772516,12.324665291432108,9.94401319603618,2.6862418870678986,ET_somali
1259,9.689303137442543,6.353529106054806,2.3957347393888777,2.769613212523672,11.935526235698113,5.154856600713013,ET_somali
390,9.312927043917393,9.152378978563956,1.3928727263216172,0.7174527740123424,7.166011829812197,2.6584767305260533,ET_somali
1657,6.568758052303414,5.178332445550726,4.564839838340277,3.6025831342581696,8.26199194089679,2.2441566774529664,ET_somali
78,14.607972786670729,10.98911706900464,2.3979545146153054,3.8514757008464464,13.405344943270793,8.275769332559827,ET_somali
1361,14.529798808570838,8.219750873869668,11.337989068680356,14.038207970118444,8.83853924454292,7.001461730860296,ET_somali
659,5.2688448678691495,7.045461354052197,2.7026227854480886,10.856040284525672,13.73174975044092,11.365443506374902,ET_somali
1105,4.9269086519357055,3.550120300479494,1.6068055628935924,2.3707511397154817,7.637658267842175,6.08100948520574,ET_somali
35,6.323505937322127,4.636000087437634,2.1507066597581743,4.457547316335154,8.883261221506382,8.652169323267344,ET_somali
707,6.017459823839219,6.399818938886693,2.884880164865051,7.513354193608129,5.925687574520064,4.50496931565079,ET_somali
1582,10.830594990296262,3.812108690992372,2.786611118143021,1.1752319045042348,14.063181536275389,1.9885608506297765,ET_somali
1365,5.9793682512136295,5.348815078220233,2.317035790843386,3.5334053162917503,7.763449669343752,7.935581634264897,ET_somali
969,3.322754034745022,3.564273253319737,2.1557333634638343,0.9087366470501944,5.1818227069706895,2.053050220073776,ET_somali
323,7.5297138749501,4.802588365293866,4.898626286335587,4.5937608171461655,8.534704175029898,5.412830804800518,ET_somali
1044,1.911324399376997,1.6135630425252574,1.8563861900840528,3.523672120130568,2.3127166404441324,1.433840659793605,ET_somali
6,13.37660062836594,8.322621866993572,4.297878585923752,13.356785284064385,5.2638920488965,3.717431638671853,ET_somali
1715,3.915439452228749,1.7964300319503643,3.72124842792272,0.689833329476824,6.803539003310432,0.8090208209183891,ET_somali
1718,7.717643447489575,8.218254541858153,4.448767270550448,9.6999591855902,5.682477896018594,6.375782744084607,ET_somali
452,12.93479498294776,8.776247509469542,5.906786444506121,6.200540270817797,14.40669901766988,13.60311618770458,ET_somali
718,9.348687426185856,2.006313202422338,7.851933628463431,3.5329267041990424,16.40639118917348,7.336070304158687,ET_somali
1528,10.651499033526685,7.006226620402647,3.0427531160429555,11.014595181427213,4.084697581596737,4.366833337904698,ET_somali
216,10.102150507984764,4.866898161229935,5.922474082307274,10.61649200468101,14.53285712511112,9.813764851293175,ET_somali
957,6.122313649997136,5.009402916123424,3.422976653495695,10.679168996014074,6.205885583661598,5.50386299197248,ET_somali
395,4.2530777197762495,1.2674345152663995,4.3512071735432505,9.798729186725032,7.982791047723896,13.929038629898775,ET_somali
1010,3.3959666089192284,1.4536230515234545,2.5580111774275696,2.778681890928932,4.309937876728899,2.9635842090963616,ET_somali
503,5.207698096034022,1.962089102098347,1.934922448039572,3.764878657686386,2.2513940460392017,1.5030813218061834,ET_somali
383,0.6151672370202916,3.2646424945046064,3.2446460861954245,4.692463065037566,5.854366812080891,5.5317275586922126,ET_somali
310,7.824863826052989,3.252611773116929,5.748267624497431,7.183062269841466,2.753684023067887,4.103425740427402,ET_somali
972,5.123023789843628,4.242377469221599,3.3832022948076266,6.381848189631332,5.978603894964986,5.169871912246576,ET_somali
1351,6.434139558023852,7.209348386410233,4.112727122613141,3.889330906677719,6.177523839570057,8.759593006055455,ET_somali
520,8.85283752523407,6.02248220110684,4.544584305595425,4.746258443453533,9.964874414059068,5.307440873456333,ET_somali
1058,5.016832357086797,2.3564839023735247,1.573605493208835,0.7551611067480944,6.946720709314069,1.5766686077221674,ET_somali
1389,9.569765729519611,2.8688537788236084,7.559148308685351,7.125035151886714,5.341095223454737,4.830123451863741,ET_somali
205,7.882669294975251,6.587457302124106,4.906272917621888,6.021178338471745,11.672062741972368,9.028816940364829,ET_somali
1654,2.5674564674372435,1.5453507733975282,2.737188411354487,2.7039698192834,8.29903948418048,6.773623510835419,ET_somali
1315,12.09126536044344,7.035860408116108,4.296068063505525,4.947635997447911,12.881395185752952,2.5463509787414,ET_somali
1340,8.209445789693085,6.424973925857585,3.45168896561358,4.910428529578625,7.138088477052228,6.848781935499443,ET_somali
683,9.655362880767576,7.6403903650492975,5.838506224140166,4.61086191096538,5.711117179232873,4.114661754448605,ET_somali
1158,0.6064044966937022,2.7263572177532533,1.8027221584388664,3.996126449683031,1.4188538618272115,0.7272505609751087,ET_somali
663,9.152705690990606,8.492831252939654,2.16016475079922,8.425740085364993,2.9817625790842475,4.668888499360187,ET_somali
1567,5.7229104162141775,3.984219368245197,2.055515018900885,6.426301473266364,8.201249914403515,8.206007428498237,ET_somali
574,11.956562382153509,9.330530212344229,4.096674253469441,4.570979827951671,6.272949691022117,6.075001996402772,ET_somali
1503,5.409748925786397,4.97993666481672,2.052303659840633,4.490983735262255,6.102325062274224,3.867154010425139,ET_somali
629,2.245069057833596,3.037403548054161,4.028581301144797,2.505153701089528,7.471645297882468,2.899963648659391,ET_somali
315,5.254740647132165,4.327803191111486,2.189152391336858,1.703930845830257,4.884259695487858,3.467786542740741,ET_somali
926,5.096916621419103,4.846522260467123,1.4194693106992535,7.264743912043197,5.119972227881796,5.137544761652263,ET_somali
1545,3.803604740601504,2.290573716233165,2.971241524773799,3.7484207854071,3.843360118775664,4.508775834781176,ET_somali
1664,5.176482469308979,6.28775179265799,2.40115381087428,6.241648243595102,6.505945031715291,8.986094701004086,ET_somali
1656,4.105295797532275,3.903232843584814,0.7564468021050731,4.898837181419395,8.62628674536974,10.50075272081745,ET_somali
936,9.846730387340637,6.38786493188244,2.3418439438469902,4.806716639580701,9.373335111897186,5.883672120447524,ET_somali
1736,2.390322701358636,1.5963085649429536,6.342470473447016,3.5363489237340198,22.161558526696687,5.065401329373621,ET_somali
1519,12.13573800465417,8.83602245848236,4.788869025233397,8.62666989041825,15.030267373548632,5.557118436265506,ET_somali
892,2.964963703736566,1.20182160485576,3.735458392900565,3.662532778729677,2.441682631300088,3.9547420824587287,ET_somali
1610,6.010002192779527,4.805187236237828,2.13502655524791,4.5596583299613895,3.049589753699684,0.4387029411762634,ET_somali
1086,4.755820400104926,1.0244786922542393,3.857415917127955,2.0831222627237125,8.125225625343948,1.6146422872330606,ET_somali
1663,5.55019642808724,5.640171674703474,3.138964549319501,4.861093160737605,6.098347051972797,3.52898295833438,ET_somali
188,4.073866665089581,3.57633652554304,1.7898766271360846,2.448576441898762,5.751925808025434,2.731011175617774,ET_somali
189,15.440437540518255,11.656833752570996,5.417771543126546,12.133111427002405,3.4401377603725423,1.6774795601481365,ET_somali
736,8.537210064665032,4.170643028713177,1.260844684621292,4.184725341321709,8.818757778567257,4.130437416723292,ET_somali
662,10.223889779119425,5.579285539164389,3.435056938041201,3.6023539096284303,10.95021937711912,7.093103060608539,ET_somali
242,1.865841036927269,1.4148645011406469,2.031380384941809,2.3820753601008007,10.045732127099,4.4785108373433244,ET_somali
1568,13.003011815149907,8.696144691940825,5.041753442467879,17.73867727177495,7.354788266723099,10.154716296482327,ET_somali
1484,4.992223317170327,2.5237508440882053,3.55771041647672,1.6843298537812246,7.295055226676414,3.777256502602405,ET_somali
688,9.799918945639558,5.388410703010768,4.931765156266209,4.519362830320036,6.480805153719824,2.518118431088201,ET_somali
498,8.727693778668907,7.324377940165267,2.1625434572188413,2.87163010224727,9.700632354485784,3.7911483239025054,ET_somali
41,6.823864786956386,5.794787492472274,2.6703664451100986,5.086831475510708,4.6012262358674825,6.358448867239574,ET_somali
448,4.913659473816769,5.411775938157681,5.519636977680561,9.195771065145356,7.929671571951532,7.059506042668346,ET_somali
99,4.971014761897316,3.478949106522949,1.3653817871287663,3.1307069322353662,5.653649934722341,3.374951977474302,ET_somali
1087,2.381915908635695,0.978289111785956,0.9880577863078288,3.532927876449538,2.303358009131144,1.7086853864365754,ET_somali
582,4.63603733551111,3.6534549031373977,1.2127176520158605,5.258192075689169,4.239678140867939,2.113305126661821,ET_somali
768,5.796723433595072,4.184500474865427,3.006181014979161,5.126534489208853,4.150994034506082,4.083140663822107,ET_somali
484,6.021323041087863,5.937244747136096,3.8164888926956784,7.051493169622515,3.562825119393587,3.830646484274241,ET_somali
1680,4.748339021384563,4.198329098915607,2.045164359681959,2.789273641843867,4.22236638549612,5.266619677852559,ET_somali
250,5.160011891998715,3.7870213989012456,2.2884627837915223,2.7691600838186075,6.200102460045936,3.256940495695731,ET_somali
436,5.931100274025642,4.828218374442227,2.738865035332295,6.083309612865158,9.196765186336693,6.094455471507231,ET_somali
76,8.756871492234172,7.205233172536395,1.3496204399078089,7.000715848117796,6.300165691364763,9.556583630647085,ET_somali
857,4.580079644176679,3.445587298351048,4.199099198238423,6.022134446421435,5.573207322252741,7.338587382456541,ET_somali
516,1.9377615091974656,2.193446263543652,2.4269223152161064,6.020697204563883,4.086360132229553,5.519666989177746,ET_somali
1575,3.3568413180546397,2.5089082060390315,1.4243042508448114,5.749669316821915,9.965681043351855,8.749148450116936,ET_somali
1162,4.08488973448013,4.753464765410888,1.801413784502614,9.938661072080407,6.643710370932091,12.809930292149962,ET_somali
685,1.732099851469628,4.598888142692131,1.736590941304428,6.318608115767987,9.177916883831603,5.255037180001458,ET_somali
1546,5.9619480033756185,4.625583964427825,5.948767107025641,2.319026427806603,16.49823381415687,3.806174488921545,ET_somali
439,6.727230680125398,4.682959664028347,3.622074524365031,5.256188763377732,5.142047008875566,1.0100659963942122,ET_somali
419,6.12875655253851,3.176158301552269,2.7847453194714338,6.700193011507498,10.906308627720842,12.87530451241152,ET_somali
1237,1.4049931107870364,1.1426975248754827,2.9650658310743614,1.688172104314976,7.359815537106178,4.232591840231724,ET_somali
502,5.229188893132512,2.479236863743134,5.403710193770235,4.013520785817128,8.845430041350506,6.955289651403609,ET_somali
1012,6.13201906238094,6.6676413451033,0.8070768531539954,5.661187869388168,10.274087503747038,8.791691567549089,ET_somali
1725,8.696853272760368,6.144900074961696,5.534587796285474,6.530058130903741,10.509641663667807,6.555755506347181,ET_somali
1595,1.7625790240511476,5.179341904054538,2.191836438683391,2.828387228063668,6.256790978768004,1.855004285207169,ET_somali
1085,12.827861845387504,6.710964324781823,7.070303390703098,10.057503293724135,14.99553984797235,3.0172264463359864,ET_somali
200,3.557518983986318,4.868329407760035,2.331356693188002,3.576465684402573,8.647776608649057,9.601183109695247,ET_somali
349,8.261601195910867,6.0185838547513,1.536974882288203,2.4994828074144824,13.519833933985666,9.218963188479268,ET_somali
1407,9.004535097197017,7.306177642300827,2.866439749051161,4.3097411880791086,8.559172689051437,4.650608301937832,ET_somali
987,3.078477264013378,4.73980682758072,0.927066046418244,4.020514616615892,5.143039003445768,2.170081188011883,ET_somali
635,7.313914001766752,5.783947380445759,3.396696213480047,7.920987507201236,4.463480110526109,8.033220787448368,ET_somali
1609,1.989634880375013,2.632283260634948,5.608906440446354,6.315126627998695,1.5788705464463615,3.8342881153588895,ET_somali
1226,10.586497773625924,6.963649402956129,4.172941674098106,6.523269859431616,9.521989067965608,9.744428020414302,ET_somali
318,11.76025668056872,8.097040124852644,2.106982833558664,4.607213666177617,12.646870642336642,10.799276171716189,ET_somali
870,6.284736781011374,5.232435351540076,2.242941415496241,5.505036872488154,9.169151418918876,14.76761868968712,ET_somali
777,5.177937459998918,3.4835930842236422,1.7183090468923263,2.1218351951359598,7.5094400676547455,5.464411666772575,ET_somali
581,1.0255050626769602,3.81917111033078,4.5631279466932,3.779507310852303,9.954030941253206,5.6840541775445335,ET_somali
355,7.308412572368072,6.657741449401948,3.4954575940427386,4.342415334512134,8.775963498831949,4.735894606706078,ET_somali
943,8.285200421626811,6.006147157483952,3.875186331005785,3.0974640918444094,5.142018594365479,3.6568984885866582,ET_somali
493,15.916703533624991,10.52631026795606,5.124630910800365,6.912626637960658,25.256234517128306,12.265649134311364,ET_somali
723,3.4497419280544723,2.5762137154495752,3.065387398605585,2.9749311246066648,2.8726448259477086,2.4642107914908724,ET_somali
180,15.286934203749269,5.878176044036499,5.927000615959945,6.916548654068039,4.271982285174425,6.078259960931807,ET_somali
244,4.538778861236129,4.2299405452111465,1.9598672270414177,1.3338667417091736,3.6453174525793526,3.165169315109824,ET_somali
1504,4.132970595550155,4.786059141777134,1.8201697398174628,4.296602230600096,7.375080755050392,8.569395274451058,ET_somali
274,7.673386396949723,7.328165053836247,5.009705948253752,1.079863506912509,7.165241783082919,4.803300777085325,ET_somali
1454,6.404455610195371,6.170782020804676,5.536500520040022,6.4133458502583,5.498811008274704,0.9716779603593724,ET_somali
1078,5.548537036042845,3.734700605074978,2.450793285740144,2.460327478552744,4.368434329735185,3.127075979611523,ET_somali
392,6.299442014475775,4.933045585144484,1.59927548501531,4.154693362034126,6.57198131138758,4.97178453793093,ET_somali
1264,6.639304882443811,3.494952423109174,3.5429811895927346,2.810291517118596,9.08481048363695,1.5186675996626755,ET_somali
220,5.704209635683406,5.914148043084655,3.902945723338781,3.8570660560573735,7.185753954139737,5.146680883841855,ET_somali
234,3.459084619743057,7.708666814976608,0.8908042492309743,5.757415618882318,2.101154445145567,4.383961813071392,ET_somali
34,4.637377732077096,3.5914447775026384,1.1308661765864936,1.925895742474894,6.687209712181176,4.701464649788673,ET_somali
85,3.902773496301362,2.7029239356971484,1.3774626735801463,1.755963588852238,3.176098650021101,2.3091573914915657,ET_somali
156,5.767980044194706,1.531441165456615,2.865586858879485,1.124839976214184,11.277987639241369,5.935341356873233,ET_somali
1109,5.14928723077665,3.2566169220907355,2.208003590832228,1.7904890655813697,6.576256067052955,4.037522299155444,ET_somali
1015,2.6716137322594062,2.4434774552381198,1.8713172597557903,1.6509325079937092,5.441271297487397,4.475460882255586,ET_somali
895,6.7795520941853455,5.939368497875835,3.3558506906277232,4.014772468964148,4.628086857405668,6.565764185441948,ET_somali
363,12.786579905543988,6.081840080182685,4.227103617409297,5.456446827784889,17.389227135247037,6.613093052301484,ET_somali
891,2.1847465574407985,2.5704361834583795,0.3370196140026271,1.876057140008179,5.9956150801002455,4.838392973738324,ET_somali
1234,3.690590498783661,3.4282748618303778,3.083848204290537,1.1840294586103424,10.914196665396812,2.727016884570778,ET_somali
380,6.85857044206398,5.917229706802085,3.283399507814521,2.5269418762767057,11.059675476275997,4.302061701321616,ET_somali
1605,3.352579037322072,2.847171304281857,2.24186771055877,6.567017668374635,6.634454162177709,5.638612415976163,ET_somali
1173,2.953143556755553,4.424425928790289,1.5944699018652249,10.323664004699848,2.161020111457153,5.672080939377217,ET_somali
509,3.253918099447347,3.1063472394569525,2.2460958239473805,6.151558598422342,4.40478348350308,2.673413910218878,ET_somali
67,13.17159255928985,6.606524382759129,2.7053354399177616,3.349304078422864,2.368510910822312,5.4749145220445605,ET_somali
1573,10.662510621800822,11.358928427595382,1.7731302094401071,4.075354991046226,0.7580074972510285,3.125749590301383,ET_somali
1435,5.186376616649666,4.103000254788558,2.391153630993406,1.3095505894067163,3.156110136940205,1.7141046845365644,ET_somali
1426,9.234684118985736,5.3695047957055255,5.204351669007171,3.8436504032749887,9.9633782627015,5.536605321819226,ET_somali
1036,5.13354423756797,5.779993512362096,2.158230861489017,9.355913971502424,5.925297570200243,6.52378656768532,ET_somali
858,5.167074160862548,2.9109271784075497,2.1389406790465912,3.095383402666352,1.5339459404624756,2.012967306921008,ET_somali
471,4.597947108434873,2.4457419985904125,3.145186845238093,3.629767050921953,5.157155963888804,2.5724480041012203,ET_somali
993,12.05805377537607,8.059216894134677,2.2262847739683456,3.167858303034685,13.886680531694092,6.943102652221641,ET_somali
393,10.86665030223101,7.122874855981699,2.5247739754691367,1.6120350789817075,10.647221153501505,1.607891214716483,ET_somali
1098,2.664524901066047,2.250677025562679,2.0025032190432683,4.441124807078373,6.633789554817305,7.833538567504016,ET_somali
1606,3.893287261799979,4.9563580160646445,3.4085190454419734,5.312002912207714,4.378593916418789,8.327067193906265,ET_somali
1290,14.59924908838818,5.7541181392827125,5.115483828863583,7.192231902836283,5.7381684967735245,9.298415519007657,ET_somali
1183,6.657237228190329,5.126551449584789,2.042066513044264,6.010103451088427,7.950040333687486,4.072340928407645,ET_somali
347,5.917128168652906,3.540820741273376,3.339095403844904,2.741933301556643,6.845904034188343,4.783616385130216,ET_somali
74,2.5821792782490207,2.400754968429753,1.8038125516818813,4.759361808729798,1.923226656573482,2.794217139808296,ET_somali
329,1.5731984128039354,2.0110091286857044,2.245217056853528,1.982194795524073,3.4741499486534986,1.9878160242562093,ET_somali
1410,3.4690588841337924,2.9047235176502806,3.409126347311662,4.690467780236917,7.9601761271260765,4.806087017730265,ET_somali
916,3.132951392174976,2.946840479154927,1.065968386212493,3.166494118507418,4.024683673086763,3.246843981116152,ET_somali
986,12.69966496277933,7.615703036044398,6.0923887195507005,8.238059014156947,3.8134341049434832,2.4858176217517585,ET_somali
134,1.6527702225981895,4.122830993631779,3.512776266368679,3.6812442066465314,2.249454181956316,3.2314443586435404,ET_somali
103,2.7788106544842623,1.3775721298989525,1.9320388065994372,5.512540861439673,6.928313605677573,10.484856825073708,ET_somali
9,9.02339573405832,8.258828631427834,2.0642910988653065,6.414869869901596,1.8087754251839212,5.207889112137729,ET_somali
1548,4.926541726240734,3.989944704118314,2.951514101775865,0.9507714847271008,9.165454982564505,2.739852716839148,ET_somali
543,3.384281320652533,2.856291876534304,3.059536715162298,3.266564780405918,7.758975641031848,4.319226926294147,ET_somali
10,4.912348989228318,4.594516591272458,1.5208618329722083,2.5984744693437443,6.362221840387964,4.988541598678548,ET_somali
899,2.4764865911662586,0.4605544612491071,0.83996088129906,4.518519736869202,4.472385652746815,7.062485814680459,ET_somali
639,6.009993610181111,4.444328062384777,2.324453690217856,2.792978603829191,7.854838724567553,3.781724620674252,ET_somali
766,3.9366825841953865,4.591401449284926,2.6097706756067227,4.439851397203414,4.661266086232813,6.493390314192097,ET_somali
902,6.474754297358284,4.576289505138511,2.3279750276124007,2.948772310244816,10.064890668203947,9.463542051120516,ET_somali
1143,5.0458262269232925,4.389976561516569,1.0476675572380223,1.815075583755019,6.552842385532795,4.80161363392651,ET_somali
950,9.325813598910589,4.011847904528871,7.372006191965516,9.161240443724846,15.427078984673216,6.343857216121142,ET_somali
284,6.265505029010796,3.7504830510473455,2.616039900245612,3.8509887593161576,7.449792527706179,6.691808279612149,ET_somali
955,7.474796838816882,3.7543805177459935,1.8318569826649165,3.596330814761416,13.454818253446254,9.03396828329239,ET_somali
616,6.415994847136661,2.960588160374178,5.132363346162029,4.911021955163383,8.11912718177075,2.761195369617621,ET_somali
370,5.344689503378556,4.978284435013911,2.4103714457904504,4.536822770286122,4.288165243636249,6.938473127499246,ET_somali
894,3.719391484973982,1.047292665130955,2.3199237374267256,2.7977338307217514,3.0594318763509354,3.703906759951374,ET_somali
921,6.458851175222427,2.9223824918735097,4.504428456920308,5.479330219538535,7.4327583715003955,7.42153277319404,ET_somali
1424,3.628050005307064,3.140911259036564,2.624914404022908,2.278473206539537,8.41586757220822,3.8247556587557776,ET_somali
125,6.0155841264059,6.555324638274057,1.6526890665604042,3.2414175774301697,8.27404113905902,7.910127296465851,ET_somali
407,3.563085219285532,3.144671304024412,2.922912116826513,5.974623144546796,6.0711443474946885,8.771128949940366,ET_somali
922,7.753514189721755,7.080258698918128,2.901251162304756,11.104037175776776,9.209250738544272,5.307853182485624,ET_somali
1249,3.125757415714049,2.628523607909928,2.609937948262571,4.895847184891794,4.488576495312505,2.9928453073993264,ET_somali
887,5.335132858891278,6.941795611461179,0.7605971984040253,4.087962630496933,1.7647711896391725,0.7880553860432448,ET_somali
982,4.720019165005078,3.085347991735776,3.178430441326209,3.009100678586113,13.104821674375597,11.608170310904578,ET_somali
1498,6.579018237498871,6.992307308989302,2.6018800110303677,5.440742181537832,6.407419287802727,5.743830634941104,ET_somali
1684,3.262651374924709,2.4830906660805105,3.9878621576528337,1.642942756630854,5.696669802361338,2.8055921053810278,ET_somali
541,5.162282126393399,4.221313719675942,1.7641100277433306,5.074927042120695,9.802812050870772,13.85361479188366,ET_somali
139,1.0061166056186954,1.0900628662041936,2.5038418854855657,2.8132840676820274,3.564182958799547,3.907800845238137,ET_somali
260,6.291786998125381,7.283218827508833,5.042841377233353,10.89549725045737,4.237172933404332,1.9246396813995597,ET_somali
473,5.885153340067113,4.139211444535753,2.375372062840247,1.6458968872258513,14.161790563451106,7.801710411439376,ET_somali
165,6.317366542150004,2.811604420673847,3.8018077065034936,10.78618334221574,4.610006566315152,5.173603840086802,ET_somali
226,1.935385103166148,1.9661158142999384,2.376327672072992,2.8115963817703067,3.2899314835198155,2.5161444728699176,ET_somali
1388,5.877480890066065,5.363366421897235,2.3301152823510467,5.009551963854598,2.9491903876108867,1.6716751637962846,ET_somali
692,4.893114874927272,4.269996531329711,3.359756115504298,2.573576462537297,12.026227577873946,2.076396924129102,ET_somali
191,3.290159059433325,1.9782948501328448,1.667309765764481,9.58463225626046,3.6820943260491865,6.7541172357338,ET_somali
306,4.492993880242002,2.798832725146124,1.4019117573027502,0.5778874521807633,3.414553516113832,1.2733579028282656,ET_somali
1512,9.298243283228429,8.87904590895237,4.0959056541403385,6.653249389502198,3.6811888195267546,4.940831541399109,ET_somali
1577,8.099913659894577,5.76739826561261,1.1153526863091558,4.519957833451937,4.384648269357613,6.662888433548384,ET_somali
1543,10.88118302123874,5.6343980869981625,5.416996833321674,7.516040834537445,12.509007972699438,8.140973095365652,ET_somali
482,8.009810535352917,6.628263806896799,2.2434882004490766,3.816005863955693,12.997055171476417,4.099195998648828,ET_somali
1422,3.735980824227585,1.8825501039782675,1.9442100828050168,1.722580191941022,4.537404056335122,3.5323131699646786,ET_somali
1244,6.622703497831392,4.098782246701271,2.63421028509094,1.99380100848199,4.82720922823397,3.954942844635586,ET_somali
1227,4.38511360925959,2.890636868784621,2.8921967776494872,3.39297328208224,6.681697783102961,6.440654072044584,ET_somali
1665,4.700771193884736,8.823081806544646,3.128230274795184,10.597459569486327,15.935380930576184,16.208703068574522,ET_somali
1093,7.024649207321718,6.69643579389238,6.150857082678661,7.078926688817914,3.311009995023135,1.9964693512148768,ET_somali
1325,3.904592395271876,4.840167534624592,3.524369676895448,3.705568414368844,7.293428626946731,6.621499573748357,ET_somali
320,6.513802337290199,6.742388428442077,3.119918793927285,4.12494755994356,6.515240240009576,3.46873467304253,ET_somali
1685,12.590219766522967,8.810338041224288,4.108067357286367,3.9367698375452,8.304828127524331,3.267173243830067,ET_somali
1517,4.33061414894856,4.599925617442814,6.243195793772677,10.806647067977195,5.111858448877675,3.0706138752899834,ET_somali
754,3.769894764872834,2.772218054088567,1.5762262216468836,5.362162244304911,2.4285023510730275,3.832338359657567,ET_somali
17,17.59303790819853,16.244810043907968,6.22939991740275,9.449364126203356,3.5140439118811138,2.220087160140163,ET_somali
1134,5.508919433147419,3.861156030243784,2.627734680640042,4.926523149515471,6.849511326306788,5.236625476145859,ET_somali
430,10.798432828384565,7.295316132054827,5.076131312742446,5.426945552304536,8.06861842848079,3.652195201077068,ET_somali
1724,4.986766450753614,5.435220389425181,2.402092026078585,6.834214800876068,2.298539992017678,7.260403348513526,ET_somali
1699,2.8920334515713613,3.405903199611811,2.5116965973391685,3.784152752297021,5.870764417393836,4.1023098384584245,ET_somali
1555,15.8678035438701,8.952491902842208,5.044199815433955,5.828554157016436,4.996128533320185,0.4394121680666986,ET_somali
1144,7.277914505968109,4.999285860654368,1.6829981115559467,7.529916962566201,7.187983083725571,2.297759935043952,ET_somali
1233,5.90846611818371,7.137065210662192,2.5656751097166266,3.973598377426004,1.6146339487470498,2.742795614209682,ET_somali
207,7.327861994506138,4.339239936905202,3.480829595016903,5.054211510230255,7.451711982095738,9.330035505164687,ET_somali
237,1.713069659097916,3.39977164506389,1.0872747644953475,3.310259404633883,3.091662545612067,0.7243876411010447,ET_somali
1333,5.871271017840662,4.73244688521872,2.702836037682564,6.617500986042555,3.767956897404112,3.0688799665865223,ET_somali
785,4.010682012478195,3.675384973525342,2.744178305923588,2.7099267193362957,2.5316666869758486,3.727946637074141,ET_somali
1398,0.9496994163893344,0.9161868286404656,2.192837699162952,1.1369536869991972,8.795447955344049,5.525809151033679,ET_somali
1215,4.045671359449299,5.173953763004144,1.7945687642311332,4.900679810182925,6.761225173935997,6.418326408745708,ET_somali
345,4.088698404460684,2.20871459181732,2.0933675109955368,3.906831591057304,1.6461257981117177,0.4757541069187972,ET_somali
1268,7.713227332693917,5.934414830896894,3.038664204692099,2.759541005526795,11.397602572790197,4.031893911196833,ET_somali
1203,4.7565041028794095,4.405718231593031,2.882218777353576,3.487422923534176,7.119049885704597,3.475747481345007,ET_somali
1023,10.22215727663691,8.932578886842848,4.885734873573871,8.31895052759256,5.401526663867836,10.16156482414747,ET_somali
1195,11.6704005459755,9.38041499308362,3.934167957781899,0.730983765478495,13.95934974787162,7.171712605611779,ET_somali
340,4.096451298068166,4.654005551713785,2.5184957748246446,16.01277532963583,9.503083415559434,6.407941617712278,ET_somali
1394,8.694388206158571,4.082409160890161,6.140360291019388,2.085737107606377,13.443083540795763,4.712715911625878,ET_somali
457,3.6030008562552553,2.88998487366143,2.416092481941804,6.561830948861244,4.270776430663335,2.44734914161387,ET_somali
175,8.46754275472096,6.956520092041375,1.7678706835435576,3.797710799763868,4.67791602888262,6.169753036489454,ET_somali
549,5.659092927661685,4.546176294925445,3.100510430239342,2.5345419034052226,5.569814539786783,3.243117086262428,ET_somali
1493,4.661955655847657,5.296973089523823,4.860114831414605,4.52142808903274,9.072558633795872,5.103167080432217,ET_somali
300,9.702356943604368,7.785177243234694,0.4237259673658146,3.6506380064824815,4.497665932084948,2.177550644945086,ET_somali
1035,8.660473265763631,4.175858111537605,3.5699732557045483,7.820445462295699,1.601029619246028,8.13023773751651,ET_somali
459,7.3487255108262195,3.9351998035849314,2.0561363024114936,3.473799102426185,7.8795926673465395,3.048305938023788,ET_somali
1449,1.6056215039775228,1.2956347709614893,1.4875586962893066,4.26956925430251,7.8638542919378915,8.240122668755365,ET_somali
881,4.525963987487751,4.0568740074936205,1.5354637484093812,4.017339560421182,3.8699383265658303,1.343019694904793,ET_somali
1518,7.201851368784788,4.95203543665636,4.71980529109916,5.163064786072587,5.887445940780041,3.069886203305771,ET_somali
985,9.087663114844236,5.370298937015254,3.80611534059246,5.325046099964435,9.448220827664056,6.510719722933214,ET_somali
1347,1.3441009680107936,2.109331424099481,1.0668225812108736,2.4953605819821183,10.455513477342972,13.642160594409326,ET_somali
1057,2.7930600368989893,0.6631637479925723,2.367460014974985,1.0899651639256602,7.558809779687617,3.815078390358325,ET_somali
1364,6.829088327090364,3.610000517788495,4.001438225219079,2.7588353138239654,8.314763126281443,6.715805345120675,ET_somali
1197,3.475561608306992,2.7213722467289805,1.6592022915034017,2.237098530432564,3.798382908352346,1.6994575340982234,ET_somali
463,4.300064036724067,3.577711964610358,3.422242876496141,0.809951047829333,4.569077973371769,2.147155781622199,ET_somali
924,3.960992436053176,3.508342774503744,2.729096514468652,2.765058598567633,4.613437170780961,3.672695015503431,ET_somali
841,6.175123634783192,6.048810488925783,2.7019762160749607,4.539728759972961,4.878322259381071,10.02296216868027,ET_somali
1159,1.4758445968975356,2.4792750183212497,2.8249211921341355,1.5982948952523464,8.854952363560004,6.986339685940189,ET_somali
326,5.42118325252511,4.456486834813491,6.893281141796439,2.1821644768747075,9.972022882087352,2.4265126030806003,ET_somali
1760,1.5427013191389187,5.591545832428619,4.113146774636539,3.861291482521403,16.094396926580906,6.698161387401635,ET_somali
1009,9.782160782691989,6.67157381019427,1.2370235571255843,3.6582771829510903,9.67831636259615,4.486246463854467,ET_somali
1230,3.3364580559627584,1.8322057036388109,2.6463412876759733,8.507860527132316,0.9010391031354352,6.912951531026237,ET_somali
1297,11.952296421234555,7.205384584588259,5.608300401280452,3.1754816813358606,10.719752880430631,1.6189928554880146,ET_somali
1460,13.69393831419962,9.825932563693978,4.34243251899318,9.281873280654242,4.824565396469349,11.301171313065652,ET_somali
59,5.964293603565389,4.09593307056522,3.0580645770378228,1.5844387293213125,7.352064383664202,4.861215576578445,ET_somali
13,5.929441699891333,4.241743140110984,1.370675197299518,5.044553166314751,8.818396646759082,10.466438180895128,ET_somali
1758,8.08505027776414,7.625034845205452,2.504105484098097,3.808288647737085,14.10808865823431,11.07176055370878,ET_somali
1589,6.185392794474597,3.744625762518045,2.934570077239482,3.36677255101486,4.759098249899098,2.286908460551288,ET_somali
387,9.211461464031258,5.910953534142337,2.8035885263508806,0.9836573538266712,11.427723494413446,4.676686564612729,ET_somali
523,6.014352304965707,3.33940969490448,1.4732032497431624,4.409824820183555,5.922189448152805,4.444846316910637,ET_somali
1065,3.590494148190205,2.664702200714029,6.861846862668192,4.578238727939483,6.071901568838195,1.0724329209677754,ET_somali
26,1.886852787295804,0.8739672171803811,1.3394530151452064,2.0834758074427167,3.83544928672814,0.8076506648269876,ET_somali
1211,7.600786288976191,5.208958005971471,2.701417516234097,4.917960217811612,7.628923808870037,3.844379221933044,ET_somali
603,3.7839382477925616,2.328406787638002,2.4031412131472973,1.5100350532780498,9.764243443071768,8.123336611660905,ET_somali
1089,8.645956567195082,8.797354835211426,3.4068039223036863,4.188627395391043,11.541099772182646,2.521528032676829,ET_somali
322,12.165390698211162,5.30713563099656,3.0364326576837453,3.40416446585262,4.332921041913068,5.577774559015696,ET_somali
1535,4.4347222807804805,2.970387757897455,2.436051094265399,1.3174745414786195,6.514828388465647,4.36601554073421,ET_somali
1553,5.552479576907091,3.024341498639437,1.1087071040420184,3.96453518543682,8.190472062893807,11.284542162698084,ET_somali
1621,4.895168140616359,4.212367280333173,1.7995187458025834,3.384225759966325,3.4503282331932423,3.757918287823869,ET_somali
1225,1.391175459711445,2.731111253719754,1.2039397472019442,3.727207419371065,14.506564796537276,4.12164083246565,ET_somali
1397,4.693223548886626,3.3199538425816284,1.3105995724380688,2.689433166065638,12.65567099240102,14.052882698143032,ET_somali
1131,2.2613090110339567,2.2377973278736505,3.7855480843790574,3.322155749274015,2.457256033386165,2.386070442674965,ET_somali
441,9.207187381564072,7.183052654727081,6.405336179390455,9.518420398407628,5.946791541514343,0.2493889762789604,ET_somali
1710,3.688480988986276,3.5237127867674247,4.140286069034175,3.5578333640795994,7.846478166214638,5.252327196351883,ET_somali
1357,3.0730641736759554,3.476873921861156,1.9028197917384175,4.596715275971945,3.8072245234804662,3.703505181754866,ET_somali
554,2.0576611044020283,1.6692931285159975,0.9742108915872912,4.461923393256481,0.9339137512607912,1.179716304127281,ET_somali
256,5.565979932876555,4.813339407595463,2.4342702070994697,1.64537776353524,1.626654406362155,1.1751366477232357,ET_somali
560,2.455757506194264,1.22845992448967,0.9570065333703632,3.110699036995162,2.2304855710564877,2.697077876988213,ET_somali
830,5.224531390574302,3.183454215916618,3.646545727957217,0.8604977848015599,11.367475167537808,7.034430246120204,ET_somali
959,8.152542951597498,3.267006594119817,8.659073492303751,6.004814212175169,12.34391185592361,8.928377754716271,ET_somali
1438,5.552888971888937,5.20089270633817,2.4686445991536305,3.8941879310061847,4.581909732310956,1.946502690156194,ET_somali
1045,5.560900590874606,4.260047712021909,4.081814450797944,3.8164792376411074,8.146001324088754,8.930418550118878,ET_somali
968,7.129403237265576,6.447417951838175,2.6096886631364287,5.086655056129164,2.4691137919717665,4.791646178681677,ET_somali
307,8.170133230390588,5.419987387179359,3.5875618677904626,4.006512576384326,6.375998647958734,2.045134194898182,ET_somali
4678,8.680938324835228,3.115646143176771,3.761414675967063,9.443786061463944,6.724118234167879,12.720162051388796,US_az
4753,11.3066294175897,3.08706299572136,6.323953369860985,9.931151683889842,3.396572197989494,10.846866026309916,US_az
4517,1.748267365443857,4.213209580584935,1.0780905439354085,7.000434716226873,3.900180282430196,4.131567981914416,US_az
4612,1.8914955802953288,0.6873860613259143,2.709054456605349,2.251158963148966,3.62361192466142,4.297560256662606,US_az
4906,3.60474807953336,2.5277686011716622,3.256593884508664,9.298443768090308,8.433968743785892,16.826307532673905,US_az
5257,4.00282153084071,6.926686789913853,7.180344852092864,13.130919391382523,9.05338351794544,15.249749357405486,US_az
5300,7.368557593137199,2.734280598551313,2.6220982242459527,5.208365028818129,4.941969223759358,6.615882450559173,US_az
4113,2.6449612172103194,1.1232599642709613,1.6758874332142832,3.471961502800142,5.012933261835511,3.262379858182577,US_az
5119,7.907326153738933,5.518668122003841,6.590782456159618,3.719333033658609,1.4360333211960337,8.572770037749075,US_az
4144,6.012965747430073,7.388236439338284,2.856721509242216,11.95295862636268,11.661710375871593,20.839244099976487,US_az
4957,4.761051777685767,1.016752442933656,7.990401558881804,5.387917813832008,2.6684072646776054,3.350357790729709,US_az
5065,2.2943893938700906,4.59094304087064,7.779075370954827,6.088385286170095,1.1615211906318486,5.555578333648541,US_az
4101,6.723765835833805,5.840870975854231,2.05995059838798,7.384705033069732,5.541518160043503,8.508995512287042,US_az
4993,4.949776538101251,1.2221739377361611,2.9283190243661226,7.50125548926352,1.8750861854970189,10.845286360389892,US_az
5160,7.56104403674763,2.406868330160437,5.819703482030544,5.74681234413233,4.054271260583196,13.72806120937067,US_az
4356,1.3182564353710318,3.691240998718866,3.720526517591762,8.424138747664466,5.964119119855933,5.303443996433819,US_az
4969,7.12007211912815,5.768463118948706,4.535495077814726,3.6541153795118047,3.4087983472371066,8.140108203203203,US_az
4736,1.5644153666415015,1.6091346433232845,1.4989617246068363,1.9855279271314288,1.568400187997537,2.2125088221513507,US_az
4988,1.425828986243664,4.797820005753932,4.703508848833357,7.714918349432138,9.240349847440529,7.063327653818901,US_az
5083,5.135179094464011,2.6584291730261693,3.5105478925216507,5.310678813674428,4.265877738707371,4.459785039315295,US_az
4884,3.5724828453074333,8.942677583158805,6.723239349745958,8.993981931289172,6.9285543104309175,6.27856433525187,US_az
5042,5.125321260518476,2.50713026077813,1.5187306325459564,4.71861711942074,2.139589356235453,6.154910858172647,US_az
4724,7.8366568824483185,12.616452796514595,3.234476094311764,9.7769467769074,12.658021405313905,12.730439054077731,US_az
4056,2.994919722223183,7.168801500553012,1.4866902580822132,7.778552301738907,7.4046871621893695,3.846338300546449,US_az
4461,2.207279998745208,9.255010244729185,6.179450801217673,11.263663186421391,9.530856303407324,9.669559099637292,US_az
4533,2.948094350759275,1.77908016734685,3.3225405370996586,3.4093513570873557,1.367989896474906,3.6403657580104727,US_az
4853,9.304247196150593,1.3863376513303654,7.307120206318604,12.647233851862987,9.378264316317283,8.268372263227246,US_az
4754,2.198028634197696,1.9366102894834245,8.561229150648714,15.101553712218015,7.616933215902754,11.941531376629202,US_az
4456,12.52428282453031,10.715291487532827,8.084920628075078,16.512403591845583,13.483178120643627,20.420232682124613,US_az
4760,1.139294686911822,4.217129339564309,4.625415200112525,18.006179934064946,5.706191736927749,10.77055328589842,US_az
4439,7.892851977951404,9.708264657884444,7.819712492927592,9.753499313383644,5.170708778424266,1.0958876628700798,US_az
4312,3.038068089172498,0.869393745659168,7.168238543400643,7.385028673066295,5.709445916310775,6.113538343271503,US_az
5150,1.5979821903616902,8.672825179284589,5.326667601465362,9.2859147457023,4.169898645300799,15.87270817850385,US_az
5121,5.448021093611312,3.3773251513262807,1.6091408062305022,6.869950601086081,10.252877813106448,8.920735747925441,US_az
5175,5.3720104155804576,5.03326041350999,8.310193242399762,14.493959090080132,4.34493855926562,7.63257773478428,US_az
5177,0.8997212127119736,7.06881744115577,10.38020050257962,13.94190224152356,9.69590263450249,11.528364405650448,US_az
5198,7.640809476861126,5.503447584270327,5.929312515076756,4.070230251567031,8.581026824364676,1.4502938606358375,US_az
5181,8.511109928012509,3.7385024189775615,5.285474303118449,5.771911924361585,6.403449366715469,3.158784293886692,US_az
4600,10.4701254720267,13.599385096963497,11.318325648393609,16.50704423334549,4.249169338683551,7.506314314280507,US_az
4141,6.441322447744335,12.550295674165705,2.571769418756836,1.6550841140116317,8.855227686547098,13.902544410156208,US_az
4351,3.072556703115765,5.973894421418747,4.773140131075828,5.67098007410925,11.478032429929817,15.078160075887611,US_az
5011,2.030050654889932,5.898613680860923,1.502355915021744,8.864701177859166,16.197477648162682,11.623712948966324,US_az
4254,3.3228239879519053,5.981429249376011,6.624292708779349,5.03078665150603,6.199355591483059,8.315502941357021,US_az
4642,5.957125429633109,2.544238810844274,9.336869758897755,2.753266586935073,6.417538168758103,13.34605920908715,US_az
4072,1.4614757472685924,4.694362596493672,4.29626694606896,16.899970423653873,12.532703906640831,14.25432990979562,US_az
4822,4.023304321054378,3.295724336248537,2.9892895583430685,6.102102838732601,2.3301146048789967,13.228781500620338,US_az
4692,1.1477951283337302,2.697024093377354,1.3594680549376543,4.741145391397181,7.624185192255767,7.817481252155154,US_az
4738,1.8179155255212367,4.665418689465662,2.6429890603045454,2.1119786566910568,3.1301243479797427,3.992350643813076,US_az
4526,2.6779848488801403,3.199289145006384,0.8387701046859655,3.274248393566044,3.019405665600256,2.528359326690368,US_az
4488,4.334422859541881,5.242930483507005,5.675663628758063,5.1335301193419545,8.28706793600766,3.793290400638296,US_az
5262,4.686566404384478,0.8808673922114727,2.2949797188509486,2.8230345968588004,1.0943377457838694,2.0870056961388705,US_az
4762,2.796505389925047,1.70185971683188,1.0737408310187029,3.167949472699084,1.7038170727348585,7.368786002025091,US_az
5346,7.731127463279169,2.082774390016219,4.959225306675124,8.56709056464706,8.674226937046855,7.882871067520949,US_az
5321,4.869301714974134,4.98735721241603,1.802017600552764,10.322430839267374,7.550219929485719,4.832823935165781,US_az
5118,1.9799092137289336,5.01802441864385,9.221643134036947,7.919706861593541,1.6254832886630035,6.293593546583302,US_az
4569,2.930628185067909,5.38504945067621,4.254865620976489,9.510276379116076,6.3871035476203,5.7165335962962205,US_az
4336,2.791962919138876,4.879437910969765,6.987704128315228,5.7195464323659,6.543366141594673,16.648256503413545,US_az
4257,3.019720610375421,1.507315322911298,5.148217397118149,5.683565528505715,2.60124334425223,8.13515110461402,US_az
4816,7.247610061428205,3.448726141232669,2.7485146538563705,3.125302434990056,4.697560406109872,1.533232829652958,US_az
4989,4.898309151849606,3.836931236060232,6.254126385299026,6.340778060234939,2.182878953961249,6.759360984373719,US_az
4829,4.572026722784464,2.5569225380333105,1.6647754739266354,4.676951234454477,7.962617454321991,10.830659442184228,US_az
4820,7.48393690007827,5.514216059328203,4.26053991411666,12.190462044832053,7.576734906506941,12.250717160825108,US_az
4914,10.119064956602797,4.398734239275544,7.994388954109461,12.350275485591942,7.953656767632305,6.324272718040008,US_az
4684,1.9943229644298488,7.329751836074878,3.684851574591873,8.152716254543922,7.078073683833347,8.179592954228003,US_az
4133,2.7811520926990667,5.141498888942965,3.023227934477545,6.566278170272994,4.489599803371985,6.1184993368536,US_az
4320,13.149688421578134,6.86966988984761,5.533363399655199,7.764411454737652,1.9443238480316016,12.31971442386834,US_az
5389,5.320117382980533,3.2429711237338803,3.667370457701815,5.443620462113015,4.062946640510331,4.590519273436584,US_az
5374,5.651496715612614,13.015097753395356,3.875089947032516,11.482143944738231,4.220833290092524,5.36384415855269,US_az
5340,7.358939961877485,4.806346015640059,10.455673215205463,18.32317888156141,13.571706005592407,21.76484071050533,US_az
5226,13.04896221622208,14.24471449929583,1.4912398547619712,20.104017709244,6.913021789316394,10.983123156146323,US_az
5005,4.458654384002529,4.376578431595622,4.823690513008041,9.298244205308192,3.98790886323358,4.407669209165419,US_az
5155,12.097654752946143,12.778908058346287,7.917372189281676,11.848798460975134,8.571977842165001,14.461347831068473,US_az
5268,3.4406384183956336,0.7053006693405899,2.023407724236223,1.971908442720108,1.830376039816324,1.3923099599031867,US_az
4941,0.8233663989942488,6.170014716845249,2.2297335488861214,12.195880770746331,7.870882509153403,9.262645422576892,US_az
4374,3.811987047313109,6.665977409246167,10.702966560015971,18.09516523590749,10.544117448584371,9.52098577850617,US_az
5333,2.6636137607417183,5.190768941925348,3.7693259894324935,15.25625613524426,6.851960442272159,13.3495191541776,US_az
5126,1.3614581256802876,0.7607579258028359,7.307041916924995,11.73895342239791,5.110040857918976,3.4072826758320587,US_az
4543,8.845325540755137,6.313312756879318,8.5989378867145,6.857584950610312,0.8796548251086019,14.406315272357824,US_az
4161,3.732929025029754,0.8578014440350151,2.233928198237624,4.228717811323433,2.218440853111431,4.741588573132287,US_az
4118,2.2370274248848614,5.652487813494413,3.7487116054403296,4.059677212594095,2.259400632564067,7.501657455823143,US_az
4728,4.082279261592211,5.5915783489878885,5.643259762328456,8.638539460293554,9.80406920671146,5.300768367997273,US_az
4819,4.530545692431459,6.233244050292581,6.160441081802152,4.948215683218958,6.644562960609029,9.11298199161479,US_az
4454,3.453993733567652,7.6578423253599315,7.522953706080256,5.679082245196815,1.1261261282637878,3.631523623701564,US_az
5215,6.870854247498938,7.298284562491585,10.877413506575794,3.459597308117089,1.909987301740678,16.71104601461372,US_az
5183,6.2480051439218,7.207242420205779,3.774312727286174,7.132215683874223,5.852911123178116,12.90443291187974,US_az
5239,2.2163696573511835,1.4127308823730411,0.8395551242559519,1.891791436004088,0.9984662398317286,2.8843460531304443,US_az
4584,9.731351412370977,4.929548869670639,1.047254609769988,3.9368568221542257,8.02727560891671,19.128940228854944,US_az
5168,1.333715652721606,1.077794233492936,5.477852251846175,6.401735996557953,3.309336163097548,7.784962387824533,US_az
4794,6.322110657267766,6.152157106754892,5.803201013429127,10.342586116667606,4.400382441550905,18.181273994297424,US_az
5108,6.078107321585807,5.803505916830129,7.559874586630314,9.535388883436363,8.28344466693812,4.636729386904826,US_az
5329,8.247544123127774,3.0480017977464904,5.520283368592166,11.30177785343431,6.737175729800264,10.898495981879837,US_az
4383,3.306596874964959,4.095450656039741,11.2881240375249,6.38746739456721,5.687446861087319,11.350453149342776,US_az
5229,3.3359357208555385,1.882664272080915,7.618199274522504,15.57358779203638,6.068213582071907,11.206986016460176,US_az
4168,1.5578567977868614,4.228900069323995,9.646356465720412,8.86568453018151,9.195160549947616,8.591647190681751,US_az
4154,7.715856078443295,1.7180291922284774,1.6808403445434177,1.910420556075344,3.192382970527514,3.5981189203346102,US_az
5295,10.891655805351109,6.317125331937955,8.068105944414526,8.2226834803943,10.116224980879014,13.804636647994483,US_az
4421,4.988347603823311,6.093094562975549,4.136064648565433,5.481041149268109,3.403480142698004,5.441815351367904,US_az
5332,1.365008848516022,2.545290993281835,1.983097571812112,3.712037812896616,2.2487381277838336,4.656926387243551,US_az
5199,6.231986631461191,2.970991854917814,4.233161927018776,3.689923228606614,3.1406297046985525,3.9275183281966495,US_az
5101,2.6821669186313155,7.184295534612773,2.367259029231532,4.68052925818444,4.90955353559592,12.80931474762505,US_az
4388,3.044719639011931,1.89875539349536,6.27755438316018,12.37621605867335,5.366929725459835,16.074708434413402,US_az
4308,5.797295777280891,3.122207113500228,5.81042192971772,8.99870367740218,7.459218409337598,13.431128331890733,US_az
5238,3.8888587527318608,8.52137730590702,5.7849964419063165,12.12058854261812,6.351346848941718,8.874012425001249,US_az
4925,15.823605181263025,1.97036801536526,3.269310751467832,2.4130866488145832,4.158457898619797,15.842186159958258,US_az
4341,1.9446030337622329,1.8871176321394267,2.205422639659482,6.320749042817151,4.715604427260264,4.89880178558623,US_az
4872,3.6651637096121537,1.796352440932966,8.864718601082997,11.7200021845915,10.782542077278572,8.045038475907523,US_az
4752,1.487223833990305,4.50204460967086,2.8645256325437845,5.492036855270333,2.9359661084884543,5.821716012757082,US_az
4220,8.864401819085394,1.957096965991664,7.259308754564899,6.675640117813029,11.988101012254868,10.013030035018586,US_az
4956,4.2668266544275575,7.482776282898575,4.023446737263119,8.828803392049513,17.11165526958324,13.445526197464297,US_az
4733,4.037239960724097,3.5559187689514484,3.349169263315209,8.115021704043047,2.352451927274234,10.750958495446454,US_az
4239,4.822735263379313,5.780312744607481,6.92214466626383,4.035251532068352,2.1546801545939545,4.973216744547409,US_az
4650,1.8892909547539003,8.079878479251533,8.69189050608183,3.47946492024606,4.198929823665379,16.680418209804074,US_az
4354,2.8514041282552127,0.9770069624189412,4.675664764062088,11.062085696099071,4.56555894251317,3.421806564613496,US_az
4443,3.3490484201779163,8.159796324613465,4.213651017130639,11.800310905626116,1.511902389954726,3.735429610360689,US_az
4549,3.2858893465335526,5.757812937646204,7.209933543606107,8.809881144633126,5.521004014322863,4.663959820411747,US_az
4764,7.22623512668551,2.4587482965784275,4.918487209724732,3.998724445272008,3.238511341182869,7.074810339378852,US_az
4128,3.992438849935085,3.238006414977983,8.777248048915775,12.290299470576256,2.29615319586875,6.630760162979321,US_az
4492,9.020515733929589,7.514912272727583,5.588203199707859,2.671763815795281,8.743457789906598,14.07015944384965,US_az
4985,5.942487759036165,2.993041655886618,2.553669448527319,9.243088295027672,4.705259519025021,10.02910035148471,US_az
4333,1.7404077724693685,6.750686112431668,7.457251314037689,8.177303757487548,2.3179747693063164,3.037631497961306,US_az
4649,0.5192545027015268,0.4796706692916526,4.240335338432253,5.379363933877451,3.3849782082595925,3.0113221268819865,US_az
4164,5.665240940428799,6.295898098979604,6.897900987927516,4.363647044896054,2.8897632582403485,6.603675832321622,US_az
4276,4.920511677548944,3.972071026261732,3.842116895556953,17.17244545641412,11.27752578226801,18.12666423561753,US_az
4534,5.022670476688092,3.866850117816921,9.37395571355638,8.286396448976866,8.47930605973431,17.034405254861994,US_az
4357,2.3758460117640463,6.678158576689604,8.241180068456583,8.325526164704835,0.8422022296185323,8.042922525871267,US_az
5336,8.871794983869345,2.56805120182476,11.396233532957464,4.552164317056306,11.868811526640616,3.971635855597648,US_az
4234,3.444676140174331,3.253065777148953,10.736242999173092,10.7811194767032,6.360674449371657,2.78282987083971,US_az
5247,6.852907524934556,3.9087484456883423,4.601875478902455,11.279652326966657,9.243314395464887,10.5540580102992,US_az
4714,1.7718135781724065,3.657551027481619,5.653514807919622,7.809880793102206,2.794503305148391,4.109568976921647,US_az
4485,2.8915277682678657,1.2452392061030737,1.3606119851687233,8.444816791921918,8.016852539421768,22.32140245406755,US_az
4368,1.8005966861664655,1.671539036006469,10.134792772095444,12.330247760283454,4.29716430850364,6.260199307257606,US_az
4817,5.170492449376892,2.467719904340917,2.998646205963405,1.7594200664422637,2.162484445600319,3.417145337262517,US_az
4703,2.792600768378846,2.081597463193068,3.921040979204103,1.6754266566629008,10.685016040130025,14.424437566583787,US_az
5256,4.040909979180393,7.344162025603573,6.621363217022748,2.597491085609224,2.087223986063178,5.497418235544638,US_az
4251,1.3076714011435382,5.178854674046012,1.0878586936842043,7.09487922412137,6.723374851171577,4.6885768414590645,US_az
5367,5.031243078897193,13.521056309018174,7.456200682794997,14.392473136058555,6.976719456237742,10.879462721673963,US_az
5162,2.9386841919813254,7.209112194023352,8.956167775724351,11.631619411589549,2.046446402526084,2.811601784531065,US_az
4607,4.771773902702063,8.074574790066952,9.116803485055302,9.91348760076714,4.716848434488866,2.0317901774080327,US_az
4799,6.556636021081175,2.692629180878237,2.022934916712248,7.352852793636138,7.1515178446021865,4.323727505097581,US_az
4756,6.268036771154159,12.593190601463638,2.679474808824085,11.268230293461915,24.697986347008897,20.12070328835708,US_az
4173,1.2665123960675906,1.412975157627194,3.926040842867335,5.080139621159958,3.303350848381922,2.7530522915472098,US_az
4687,3.798941316409089,2.9504697406224403,2.703823821320753,2.213283043414205,3.222873782392821,5.838077515630186,US_az
4929,4.694317591983513,5.451672991495492,3.741043509572044,0.7019651053561546,4.471803197228698,5.026205604227408,US_az
4562,8.967962762460402,3.138201666072912,6.791597473038546,5.890035455111907,8.288529111564722,10.0152652745065,US_az
4268,3.0189012553707304,1.846854709889659,1.6815954948260488,1.699703860148882,2.1291951365485,1.6044223519939542,US_az
4873,3.799120409303976,2.425181931210957,1.034086750486016,5.186053288287149,3.007145653778432,5.268755396665168,US_az
4589,5.939131207295593,6.118705254835532,1.787414840724134,9.933803168701091,5.687293871400195,10.365483272707676,US_az
4186,0.9958157403588904,2.6700956246632064,5.716758444384327,3.564183224650673,2.462246407247812,6.241428015817872,US_az
4247,1.762313598466042,2.655307917422376,1.4416572026044967,2.692225689678232,0.9918508957399018,6.787324376333348,US_az
4212,1.0935390689469129,7.212192235217479,6.178875403203239,5.820245531036103,3.431449476738508,11.531409151539544,US_az
4134,8.429852140091608,5.788768485633269,3.641741399638224,7.608682231908154,4.316678791389058,13.78755246408144,US_az
5382,5.5440484485787005,7.846259016964693,10.00697932869451,4.038145585749317,6.996418474497171,9.19636262309728,US_az
4952,4.225347779842229,5.072954881795813,5.184764089682896,7.241093770500147,1.941564952988962,17.03983027331331,US_az
4195,1.7889574087505118,3.0163294092484625,5.790273490029889,13.59352214612631,16.274609395054238,23.88240406003183,US_az
5170,6.269756690969514,2.7734195246800346,14.739225827941311,16.420528541097365,4.066076557260423,9.79729864567206,US_az
5030,1.6574260213888854,5.476129775579163,0.9922838933666206,3.5604208409008957,3.287563149830676,4.169983814275433,US_az
4109,3.4220753495678964,1.5550583264165003,9.16476774104533,20.971436188640943,6.804334711336296,4.900201154749476,US_az
5364,7.562059184679968,3.5199710320318567,13.947107713235004,11.75133303944696,13.718905981746794,18.52837952290229,US_az
5286,4.082407575424157,12.653095987077878,9.09664704098394,19.821067322236043,2.2229027569610893,12.668226595158696,US_az
5206,3.884779502058196,1.459081991196142,3.6859033475579865,9.271610987123765,4.70596603453086,8.769873871952377,US_az
4323,2.31575252324917,1.4924479950198817,2.8205361174064736,3.0345621069101623,2.4434788583903533,8.517635401837959,US_az
4172,1.9320533191298432,3.034321794630412,1.7919325240830803,2.2485162334306006,2.1073033473448897,4.604358408522253,US_az
5033,3.23340759746219,3.235066414445507,4.281603605944214,13.616385126126684,6.307758329490004,3.2303637050016847,US_az
4160,6.776468094942264,2.2299514486477414,9.321619162046408,9.486493396891596,8.463822905671343,15.913385608799755,US_az
5050,3.485823725692013,7.432151767449871,3.0841175059728587,6.544628339529043,5.903572969730812,3.694382436980379,US_az
4230,1.7518658324173932,7.023770322146631,2.603798532805546,2.7537919030495237,6.045712887412796,4.47363888304723,US_az
4311,3.8942746766535534,6.083271942453473,6.8220284806711184,5.96898227015372,1.8584068968667888,6.098599244699692,US_az
5212,7.292518297324774,3.172741374636981,2.477295256153423,10.51402204904672,7.429873431574081,8.945709098608102,US_az
5038,4.299021836262178,2.901283990182927,5.774268583444682,11.241954822241215,13.646880187745072,15.1985067955038,US_az
5079,5.089597174829676,6.036120146503038,4.81010945825546,16.45016932358498,11.715840167805924,5.35805741745755,US_az
5022,12.640052387355064,2.211332737035297,3.409172349288577,2.7700440336752767,4.989125619464394,2.707564384217404,US_az
4065,1.7557536433211258,9.1389774785498,4.053070333911658,7.305150591973771,3.737426154705588,9.728947092587168,US_az
4783,0.7004703345074235,3.175235123575043,6.256817711182353,14.034633136572904,10.587364501065936,11.666997642006487,US_az
4315,3.517258762380206,6.9996938304287415,7.121970344732221,11.411064419568737,4.971441733193062,8.959835469985995,US_az
5297,0.7452421829040795,3.3422471957865008,2.1233881882001584,1.7944361363837626,3.0748016307928143,7.58238458429821,US_az
4126,17.078469745965425,6.622309258802499,6.999413278245688,5.749867717254114,4.301987134510637,4.274601207244514,US_az
5276,5.709214369155,5.078732159766085,7.137531822562797,10.74486777512944,4.314443452428942,6.300582735397899,US_az
4702,5.416738698271679,6.128611152084408,2.836914231956837,4.26637917093985,5.134462274148349,9.927195882460664,US_az
4547,2.191840696174394,2.963088684007447,2.384788894582726,4.299297867546593,2.580949725140393,2.9398618960463025,US_az
4102,3.564500423359213,1.3207006694993386,5.730418610379068,12.535003814711498,12.682318842640337,16.39952892687259,US_az
4243,5.14772720761231,11.878409175865178,2.202452798370794,8.81741274518184,11.976160950822184,16.92600566913375,US_az
4140,3.083428277812034,1.554528247804268,2.7010949101887123,13.30761405757727,9.02693516146702,5.757329905765378,US_az
4778,6.246023494650136,6.701508114418777,6.892795642489746,10.958734605994223,3.1712613535959417,8.450872213709737,US_az
4216,13.810792565593456,12.655523185436351,5.4329007669444165,13.204503791196222,14.132723194127385,15.040104874151076,US_az
4100,4.73509906018849,1.7857502324160552,4.541833509027351,3.4006542493235656,3.5065523794008704,10.212426864741388,US_az
4151,4.51448162661856,2.1606122008451,8.588169657816751,6.133554137442371,7.331221650053047,15.11570425480652,US_az
5357,3.983542253036122,2.620925844236577,1.5495551102755678,8.690344753531653,3.6487003387807135,6.514518041330345,US_az
5104,1.7168307079631528,0.9208803259723838,1.8610622089960016,2.482132494939921,2.899848497283653,5.820983359912114,US_az
5035,4.806085612336745,8.323311246221255,7.750771098788468,11.244495121531289,2.507571343707556,9.445463218427292,US_az
4355,8.028189473176111,5.435709885388259,5.970194505968345,6.493732208583405,5.000521874372913,6.321433127387559,US_az
4773,9.844564787164812,5.908717742340315,4.375154178584305,10.43519940811336,14.59654574537145,23.29798919825072,US_az
5352,2.931113356337531,2.1491282892097874,3.313446410291897,5.837446980207374,0.454072194132427,10.980406181346943,US_az
4453,1.0504856118344976,3.3801943485744195,2.7090239040174926,1.3242782684604402,0.5560361282880552,2.5119458136636186,US_az
4606,3.8214980646163657,1.2434860711420992,2.3588031312224653,1.924718278222853,2.4915265384207315,8.179777510073405,US_az
4184,1.012200009334433,3.955116630243501,3.0106228453115085,6.845066088608233,7.323014105047394,11.085251561473443,US_az
4435,0.8490395158371562,3.0677048198866097,8.352289682226571,10.854202513669623,9.482063333328426,21.564996541748044,US_az
4955,3.1144889198731427,7.218061207575488,2.820908248366464,11.009777647273062,7.847203208613524,12.520345970319294,US_az
5159,4.074737598304083,3.31730687672173,3.730941260963932,9.30692666641428,2.224422692690147,5.878277148779239,US_az
5073,7.617471055004214,5.652270003116311,7.281334948653627,13.477651432561537,3.785763898780351,10.555333200815673,US_az
4188,7.723203884605261,14.421664414019538,2.5269580909503992,13.41645971999575,10.69772231797724,15.311960392370338,US_az
4524,1.6057190966770651,0.8120431807355676,3.5701099344422875,7.052196850039616,8.131431099895279,15.134450953559082,US_az
4535,1.8130342750892767,1.6396991618319054,1.822026120024976,5.248621000514075,2.9914897173170942,2.7857224865950583,US_az
4673,4.8405682425112,3.1098654836253687,1.7703605914194889,2.700420602357904,1.417553793709507,6.309467932715802,US_az
4591,5.87414422064487,4.8498700424815935,3.613817050891442,3.361715187564549,1.862102527033133,5.467145165452616,US_az
5088,5.740739267732342,3.976535858837305,3.1892187693518963,8.992800577291225,3.862311113163076,4.953683727602137,US_az
4475,3.380148468313628,3.3759653640120844,6.923314197281404,7.440823346710978,3.1923217904813743,10.831611464228011,US_az
5138,2.014011550103721,1.1094378274287902,0.8601005244307538,2.728050271795065,1.968687828008363,3.512405192953308,US_az
4839,5.376144844318906,15.938085108439711,10.125752787598918,8.261882345186342,13.427501948862089,10.25678632370122,US_az
5014,8.531244410438756,9.191712375529718,11.019703628284566,3.0038311754390152,8.761530119733761,15.178489812971767,US_az
5123,5.010721754781058,4.601501315786851,2.737129730590804,1.4686279616617854,2.5299492537875183,4.325290514839516,US_az
5366,6.230363219731621,4.848312244963704,7.105597523567477,11.120618259248296,4.202986401418969,11.24318578980403,US_az
4321,3.2888337219929986,4.489252155432738,2.1717918281865924,3.3514578404403625,2.159317481960697,7.810623475675208,US_az
4481,6.2737482366352255,10.666093871895676,7.839427550453764,1.659459657884593,1.0719152217696255,12.524887671598297,US_az
4467,6.885706154517272,1.790494052743563,7.502564996841374,9.83375716984372,5.483200056829119,10.5476927098126,US_az
4865,2.861509132373962,3.267966408154914,10.471132993774674,6.6836917332789785,3.2212597414463846,9.337234360039792,US_az
4345,5.787757241662341,3.827134304731814,13.972545299289434,13.912240470984166,3.34171210466006,14.307802994163035,US_az
4403,2.2940348279673604,3.3975941303494928,3.101530911853872,5.9815838693027965,4.122641557360869,1.4867638268433765,US_az
4289,2.822444892967761,0.8886497166877035,3.7847719836193776,1.205042459087844,1.9816706866802556,3.017328019308578,US_az
5384,13.372201202815203,10.348841930474151,8.48137875837747,5.1144095271996095,12.376274623150014,18.46858462818191,US_az
4448,6.5927870915430455,11.697775743164769,3.9154184747413394,7.941495106720115,10.84200184680627,14.230869784455054,US_az
4870,2.130912973338457,1.9746744844095905,4.27476698802141,5.5157768817131085,5.466771337226588,6.251448366629591,US_az
4782,6.847311975958478,3.894390316654583,3.469400906482411,7.521804190545296,5.061987135192677,9.92115447374064,US_az
5189,7.471087246848071,7.142532126830735,6.256481917124328,12.236078352060806,7.668690118137683,11.576178220709412,US_az
5006,7.452903008024609,1.9142414369363865,3.448713768523254,8.628112522656687,4.471050305644365,6.420411791026693,US_az
4111,3.762138757274671,1.3012629719097009,6.453015839712256,15.30663917667681,4.042310417003967,6.70583866181815,US_az
4301,2.2185595373393525,2.778444121893488,5.974883715087083,10.228726519469989,15.448982533544308,18.188128827600604,US_az
4772,2.0867258025968503,3.772601005518292,2.750444027471226,8.80115842941474,6.6612738970021175,3.699601986792817,US_az
5176,3.1632958458580647,2.657893799052228,1.7562800512786811,1.8196216655788209,8.633136312778863,13.375763129635107,US_az
4630,1.8096280554495288,8.673568676962583,4.707550542883687,5.959646265986335,6.076786515341521,7.162546569870259,US_az
4147,3.5962600708213373,1.3670329234971228,3.820126982058882,1.203103134539861,3.999240551205837,6.074996646066524,US_az
5253,1.9227330451202944,4.429798742765101,2.5408807681753984,1.4482162548784805,1.256773104865833,3.0449427113471392,US_az
5086,3.6766741074226,10.461106485915542,3.737835453723336,2.797544678920672,5.928629027341009,16.644160920600147,US_az
4362,6.252083589711987,5.450665824012595,3.295657561530995,4.606082849749122,5.233535870275629,8.475037077882481,US_az
4887,4.63473584517101,3.657868864406895,4.73520397323606,9.58647453384433,5.450832503279009,10.916629670819294,US_az
4735,1.6625568409708038,4.3833688106157,12.264601913542633,4.142585350816006,5.871726657626851,3.590360231493404,US_az
5219,1.9739382671005008,0.4836757594946154,1.1068962675890353,3.170205409675374,2.2424099316608688,2.7153225375963013,US_az
4080,0.7331701424600863,2.054520169122636,3.3296605524074607,2.482255410614273,5.059711032469152,4.41364050172469,US_az
4222,6.888605199667636,4.977256868285564,9.63499263591816,5.144158567666522,12.161523470701686,15.171200125747664,US_az
4779,7.171009600585252,1.2461513993163855,11.254642478153755,10.73178493043727,2.6002024450799026,11.283588152167628,US_az
4657,5.15032289750868,9.33276381611264,7.32532615840453,4.856691847450878,7.056127892807125,3.8574111546989367,US_az
4975,6.94118809701526,2.763980073714773,1.2059106237695794,1.583243714715487,3.640744623005362,2.452270547230456,US_az
4378,1.6079661504201437,5.997020437740759,4.551832413508845,10.120493693290566,13.112623686159395,7.457195995631327,US_az
4179,1.6556606545516372,2.6078693476794075,1.963964050775497,2.49980407000136,2.5035247967752543,9.95699932184794,US_az
5076,2.572118356510664,13.501119900805184,4.505214413780144,14.874463634373395,9.830565535022853,18.353373881163375,US_az
4855,7.103712164770858,6.135925069129933,9.911090250227655,13.11947433861765,3.460545456615768,25.240814861057597,US_az
4104,2.7447023173075027,2.814687536988525,2.08544569776536,4.734509572441578,2.741118560209111,5.526388992508285,US_az
4284,1.9094881536499575,10.775504381215152,4.267820731604467,18.82406920700343,13.933332447532589,4.847085378358564,US_az
4573,1.621980355125011,8.699835038442227,6.036168884970204,15.397928594276449,14.8409723207877,11.867094275382811,US_az
4363,2.654139293648597,1.2008301164027733,1.853886669891668,1.655181930572562,2.677642865757652,3.09048029197289,US_az
4506,2.4600771971139044,3.2207538458412865,2.3106063699020565,1.4091670701839527,1.2665710411607298,4.619568497266699,US_az
5202,9.827764754395403,3.883653168818429,7.65233804128949,1.8336254223033328,12.010348848710075,11.983070605283226,US_az
4292,3.845979392869535,6.700181175222781,4.049786703090136,1.5373027951355316,1.9042073369353387,2.987198025293164,US_az
4436,8.547765377052947,3.42389298230926,5.862915984437441,6.1861462675796846,6.715582497100711,2.8511229439442274,US_az
5008,3.36296539578576,1.923236589728461,2.906462824123468,10.398862497196552,7.300615281835931,18.442141981362404,US_az
4248,1.465956126646181,1.2151930908083708,7.981763711681175,10.06404992573962,7.444934603290026,8.372520846518416,US_az
4394,5.03083787969788,5.052250174749346,6.46988169239337,14.67906733173016,8.966108073416857,4.036047219507683,US_az
4892,5.399174952154008,6.694524389662464,11.544516000928574,11.079351904251135,4.702670772492395,8.266210819867892,US_az
4472,6.677775376121812,4.770573457650166,0.7169669881508625,3.7697447804485096,9.701236132509356,12.596885994736004,US_az
4143,1.6354188181050977,5.081512237285048,1.9373152052043212,4.33973226177732,0.8557565795113259,2.7063569145879467,US_az
4814,3.689492808314645,1.4872605784714945,3.057864727681679,8.849921021421094,5.558005016427409,13.914756593735625,US_az
4713,4.705101862607361,5.554531509019447,13.166269004887724,15.291978442783954,3.367719961400732,9.566989075142777,US_az
4556,10.988857940556745,14.041236536058811,1.7269419605670049,12.866761670361363,13.654634616402555,11.800778691671134,US_az
4201,3.8975775179229033,9.44446461274623,4.6748909912722185,3.8287910963162,4.327543080452789,6.398731249592681,US_az
4675,3.263495152149508,3.217959696191482,1.4789476559264378,6.109646849101299,4.431237857605148,6.770986636884693,US_az
5172,2.262068430757485,3.344429786865584,7.328923388404814,7.652510843907844,4.654487532498246,6.194032788526642,US_az
4131,12.156588374364066,3.046628622812463,6.3798348366204864,15.150478587237489,19.668722951015933,13.202200173863671,US_az
4613,3.912176689411324,2.2387785463175764,1.3320339781934956,8.183596008409191,8.00696077347535,10.045861779049398,US_az
4578,5.337335891163378,2.2369909532535748,4.213638628777414,7.807968321819436,5.259311319867009,6.028320284944276,US_az
4088,2.934501277645589,3.0713654240637305,1.432807396267303,6.954200628584142,7.50973462805289,3.75594187597774,US_az
5085,14.12635999922375,3.855385862484082,4.493128451221731,4.597454685655144,8.299558126736041,5.774675618445761,US_az
4599,3.139873138532425,7.842334378917094,3.836574518860214,3.98893343557189,3.908748102116175,6.483269161779866,US_az
4594,1.1120802434422203,1.658651142027708,3.130549066608641,4.252517604684228,2.49536334436892,10.946311701562932,US_az
4059,2.0410214898132417,3.9799705606686304,4.571497882984878,6.826665189431384,2.225614187905537,5.508582738086395,US_az
5397,4.379447950543396,5.534841229651956,11.48747164289727,5.986538887586142,4.741810191308234,6.240064276303367,US_az
5016,1.3997102872792364,0.9891438470857998,5.818006363739548,17.998738409781318,5.694331465548765,13.101394861958251,US_az
5269,4.74866365337843,2.4315693580936584,1.4069098133841789,5.3163677415989,5.633493063660808,4.399221135784852,US_az
5096,1.0349630729710897,1.6007394085501283,1.5784521128867326,7.509823967673452,1.0170666481796662,3.954436912002527,US_az
5230,18.65771901604872,11.489573970683724,8.800935507243288,13.89103279190299,6.569669611414347,21.07437055934092,US_az
4269,12.7598846711748,5.947241452381631,8.340030998763977,9.018494691008282,1.5472870142918618,8.57550390609063,US_az
4879,3.161905483571009,6.779278649161582,6.960469209962452,9.939640399546844,9.66932358633554,8.093736833279074,US_az
5311,2.0884900427270665,4.225952237246665,4.404239794734538,5.645033130303383,8.274817266109734,7.795162899299398,US_az
4574,11.10784433805934,3.0434539444684647,7.999330791619263,3.47711753334063,0.7939947097693484,9.101579042284154,US_az
4255,2.9255546483493986,1.756142477192035,4.453606615247405,4.182662456029448,2.3692429334134,7.472492879677356,US_az
4891,4.755619846234521,7.422462601773136,3.119559165868984,11.500759354450432,6.372260729484467,4.916143674310854,US_az
4462,2.7900472367757114,0.5378768715493489,2.5061736729516246,2.765327355074259,3.144745808444549,2.19642535456444,US_az
4846,7.113642811364576,4.395573433771222,5.829504148492721,3.6207926338863863,6.363015524709808,4.083273677025421,US_az
4505,2.832829996761989,4.092292095743066,1.4617933968130357,4.499355581242695,1.872535681120878,4.140717247203381,US_az
4061,1.201431019453579,5.124683885362065,3.8357215340934014,9.57325713064211,10.343789407143284,9.701088433262044,US_az
4294,2.1946590707208338,1.9304054948645648,3.3902639058584016,3.874646771760416,4.652662383629482,9.513254791045766,US_az
4364,7.881144022570659,20.215224461668395,7.56226265071078,9.411510743980504,18.055227533369493,18.67486778875945,US_az
4479,3.0153965430141576,2.9725879805600237,1.853939478680584,2.198099212507939,2.111788632101714,3.7620868552993154,US_az
5376,5.569862181515297,2.321741152926344,12.142355426799837,15.49550116665482,8.64507492924485,4.98416443581891,US_az
5063,3.1857824510208173,4.432943449006252,2.794019122623751,4.594241744173582,5.933494903964199,2.260506735246253,US_az
5089,3.162264846683164,4.143928514689532,3.358048759674592,6.770894320367927,6.052219116003977,8.945395445051918,US_az
4457,2.4017695131569083,2.127465552149902,0.6389738437731577,2.489952384963452,1.2081003939997097,3.528413335899976,US_az
5394,4.487992764150142,5.429619036211383,7.927445644866466,3.508289080185228,12.845594699050542,20.48016528543845,US_az
4803,2.5064931148723284,6.5713651640218025,4.682096311137433,4.096455897827382,3.680046687728393,4.979959848839837,US_az
4404,3.151238717582717,2.406561867289956,3.850107614198652,3.4428510048893197,5.139075071902359,6.77891676389786,US_az
4546,4.858864526849502,1.189521804248319,11.598787918870132,8.287675422137703,7.039879313425156,11.54528847922134,US_az
4647,1.7407003146571314,2.7510783756700863,1.1449378433623552,2.9044214402457094,3.3079645312063093,4.269997185139493,US_az
4689,6.598858927201056,4.09644887703079,6.057204096335412,7.442020198672985,5.894592851816486,4.277001734986536,US_az
4638,9.73747017740927,11.218063129831396,10.586012567827702,16.70496613747661,12.011388135786891,20.84560336304564,US_az
4115,11.774379179105129,2.6388545030466064,7.168563705147653,1.9628632623770448,2.101372782898018,18.374270279615818,US_az
4602,2.8379077317482917,2.034225780923044,4.829811204054797,4.79754412424932,0.9039912092736696,4.868667303693006,US_az
5263,2.5620137806684395,3.2884333923677427,1.2671568317923985,2.2757714872228934,3.7957671025922073,2.273361054375403,US_az
5368,1.030443264768669,17.436348876915087,15.997273075328902,3.7702737493871306,2.9701296428922617,16.30353883441551,US_az
4428,5.5276247109050365,2.979681647029245,7.683124043533513,6.89813249062235,11.478227310329313,19.21562086068083,US_az
4581,6.9351654288660365,1.1305927930107726,4.898899868531713,8.454566500702226,5.500854369597382,4.29822075226011,US_az
5143,0.9485019759012736,2.2195371185039154,2.162088536427457,1.836392665914364,1.4277124217576256,11.183843131063323,US_az
4544,2.3638462939712093,3.927900914781284,2.894596733829274,3.026754024677252,3.678706300570697,7.408915934790787,US_az
5319,7.13812334028579,9.785691772500517,3.333013462188461,8.823749943890025,11.382409691127672,8.980846056592577,US_az
4207,6.044767391864597,0.9093300162782232,2.2905268547749875,2.235700621934538,4.431791820261242,3.4105104191697904,US_az
4587,3.277019753289386,4.617261150423062,4.951725771908082,5.131659961087237,7.329796768058617,7.0755088984140055,US_az
5245,1.4541412751049858,3.2497795323460013,3.09081665254337,6.449063205027279,2.4033362364623927,2.5606651678376826,US_az
5208,2.488717482916346,6.797276238421841,2.7653027883936145,3.251890202066248,2.7296972902080587,4.478236608587916,US_az
4241,3.398204824997733,4.0307979652242,3.84049237902844,1.8103154128014023,0.5785316199211951,11.37689889203381,US_az
4242,2.02949444898771,1.2859002235716104,1.3185445994767684,1.716244649622506,3.4441135090409376,5.79250237061975,US_az
4830,6.487309315036359,2.407376859921205,5.120670456135122,12.86810427519089,17.032326795258374,11.185525588496184,US_az
5040,3.3731215635301703,13.843814815428848,12.315783485063353,21.93744217461188,6.963368530329481,6.644621328026567,US_az
4676,5.4645874747826335,4.030109757005722,2.870014306525753,7.887806078819519,4.529828978425902,7.96026704116041,US_az
4496,3.9343166160456025,0.8692121742557273,1.9615799056140528,2.39962657484493,3.485626276318092,19.051008026772664,US_az
5291,3.95806428006068,6.740091373283159,8.037994238549885,6.426880830736524,6.931768572938796,12.907115451103891,US_az
5343,3.1343266091986326,15.08671053335896,4.530775811940238,15.226383299438147,6.353453928499751,10.67323256656092,US_az
4094,9.693131227573597,1.4177233550440054,5.935326573629852,8.403443195809626,6.604123180745535,3.227695698197531,US_az
5363,1.3906197486989138,2.6437526455855447,2.703855223076094,4.093823736700582,4.427424340729078,3.677863559174024,US_az
4152,3.9211938562676334,2.418982591753956,4.16040783060444,2.1422608423738576,1.4646130155766557,2.9382988394388345,US_az
4972,5.397152173099977,8.594507877829505,9.828815631618204,11.228488167335078,5.627730941435638,11.539848930283272,US_az
4877,0.93330011401864,11.152011558444093,5.207595803770716,4.475274207107534,1.2954310212412905,7.22983320547866,US_az
4389,5.364109619897447,8.989842234937727,2.96623087654274,14.042565362446496,5.18075176620517,9.791388601553336,US_az
5139,0.8720596755929741,5.536779746420007,9.094827496917896,19.13959410693701,13.77264574244148,9.559291353194592,US_az
5233,1.507149433061752,2.479183463713252,2.7683779444048384,4.194383850536647,4.860038326593637,7.6781280734677075,US_az
4261,7.213756774548605,7.152982320630168,4.867972507894924,6.166311772237817,5.990215785938682,6.886927945261276,US_az
4136,7.259091691347125,13.347370822202878,8.826758673820072,15.31098136270149,11.940026507239262,17.837389973864827,US_az
4789,7.505129151896695,1.1399810183750436,8.589558491785516,4.052701174194275,4.877393845112654,13.966271443421958,US_az
4303,4.572020028510885,5.721938294018315,9.75802367286953,12.248230977920793,7.020323799219476,9.388504645195631,US_az
4129,4.168518073376871,5.786005858854787,6.036380351769154,1.3916606348461855,3.983406211378208,8.767020611009444,US_az
4281,2.558283321849727,1.0953276112871173,2.222004362359263,5.261310322764856,5.558745910227056,6.715720898383779,US_az
4894,3.342117719140872,2.701274933605291,5.3212334816671305,3.932940170694345,4.206861325235098,3.175729112299727,US_az
5075,1.8883311993820449,8.142995498791986,3.5815987165070133,3.876557310806486,5.819991611118581,7.497598755753264,US_az
4983,4.110788093895882,2.352061572703261,3.5189543131849708,3.666307807885628,3.6891542891367854,10.901151881071566,US_az
4477,4.521631241776652,5.305207213022536,5.432213833623203,8.849561598000527,4.778435841420782,14.632671367704663,US_az
4808,1.991620328771175,5.635480890375334,5.033510019984078,2.4609592682700803,0.9986515611359464,13.36974878627502,US_az
4827,8.836015478416885,42.37694406784778,12.316648566590246,52.91780558722313,43.56179091348451,16.857903175928037,US_az
4682,3.15018746103281,2.4989104860836937,4.225724309846894,1.223546480964409,4.192431910427938,6.4761266155250645,US_az
4697,1.3076320670858474,5.9270728754215085,3.0243396807236103,7.929931018057115,6.688958408382274,12.34477100908517,US_az
4962,2.895066105242133,1.8709634073974308,1.216450563889458,2.3754623267262334,3.854935835008052,1.183775471670416,US_az
5274,5.32444350444605,3.673207784566643,5.550249296392986,15.765509270182692,9.620508479248477,17.443935781630135,US_az
5157,4.109929532377188,1.195215668912228,4.163917862933593,2.593821390150288,1.4641834260544684,1.2480890715600517,US_az
5316,9.742286923033634,5.910954902753614,7.061796338809806,4.620964724855503,2.673267187690735,4.548199677045012,US_az
4537,14.743680599660646,6.47018441514928,7.054436144128533,17.08030028776515,10.111252566451077,9.989132181196368,US_az
5282,2.475957518532564,5.282688001580485,4.796088851840425,7.180455785696426,3.951711917256597,5.092852702356651,US_az
5113,4.977308054120403,3.8500435740243577,4.05957535002209,4.6628436750396745,6.505566746678545,15.28820284471494,US_az
5067,4.43631850132151,11.166792817270844,14.731404204473227,13.827103523205787,2.4841993191028693,13.405695480751632,US_az
4921,4.959087729221719,5.506658591129561,10.046932508057498,6.2621986467135375,3.794909377839312,10.516849594205157,US_az
4833,2.428126369911311,2.048279367311764,4.1398053964486765,12.195924604521888,1.6606874984649305,15.338861821049765,US_az
4253,8.724432556222922,4.71741320104956,8.38020445168439,6.793169731646466,3.827748981523425,17.732962663699304,US_az
4402,5.3913898476461215,4.076782756624874,11.518982935526788,7.174466559642634,5.4229368923783285,6.3324599553777805,US_az
4766,2.6028017771570493,8.170521177702739,3.080500873581774,8.211511711725004,2.373061629541036,4.964787603822246,US_az
4807,1.1413430804452065,4.412051269626433,9.407268451992172,13.253791352139846,7.494089405974879,5.58395314665189,US_az
5234,4.800344294188959,6.004003871476177,9.660429632935784,6.817980887803567,2.5424126770397493,8.878221765277459,US_az
5182,1.5777897127155684,7.374689714023849,3.4808106015325886,6.195520968632966,2.1327124822739174,14.032778676973656,US_az
4700,5.286594997440203,2.147615967465877,4.41655321257707,2.474329127354721,6.143508003796609,10.981766059791562,US_az
4913,4.572222429113999,1.0875024075104165,7.181838335315404,7.897216724551883,10.357830597780286,14.533871328283922,US_az
5071,6.216286966855148,4.768857191757294,4.177594344794156,9.229120367947871,10.240148295317368,17.925827307013275,US_az
5044,1.3263615576403616,12.382786459801444,6.335307516835088,20.784627494102683,15.204349998881565,20.739508997887835,US_az
4831,4.264692174793856,9.38206988581146,3.752115047761413,2.536537851320353,8.710028028415488,9.484734289571216,US_az
4712,1.8781377301477788,4.393917480837264,2.857690606833608,5.9657072547906775,5.276932972652583,7.537138970723546,US_az
4408,7.417851574323731,7.463631086440511,4.145470427564421,5.973629863996432,7.436574667363847,7.125106935768513,US_az
4499,4.718436493219248,5.000042559764057,7.093490679692397,5.74054742585396,11.680170206133235,13.342330863608094,US_az
5074,16.303979249162257,7.770563840942554,1.4805814368667591,5.418417285761833,7.733107228616215,3.8349055331906503,US_az
4548,9.73970119859703,7.584121857218511,11.029124585417868,12.293901124875372,13.18296225653462,11.766003371835788,US_az
4264,3.1393118009522523,3.9137024982509945,9.73966564618533,8.152252518525069,2.630623075191617,9.099719999961902,US_az
4513,2.796294364347659,6.065937198503432,0.8988790100831489,2.5433478182378577,4.671190859217387,11.303628535889072,US_az
4297,11.702767431683672,10.522846769591215,5.73902316961903,16.954565811953163,2.663342041524464,9.677028070761432,US_az
5223,1.6041446936322137,6.175173492139067,2.116817007099039,1.5050061758525268,2.868634347571426,9.367339040487582,US_az
4327,1.2145468090400235,2.28546424714134,2.947364324255054,14.050642859143704,10.226823668770452,11.858655066758146,US_az
4258,7.28138657371176,2.216474928069048,3.679462788586741,15.112468327131776,10.2045766250678,11.55715435026242,US_az
5365,1.7329705949541645,8.107207486970673,4.475578483029321,10.256426304559614,5.235047220092091,10.583696641264217,US_az
4339,2.403512726345668,1.292464858454781,8.80117840777056,15.039651825016108,14.835899309891358,11.97343143246994,US_az
4945,5.748520937848195,4.925394189785126,7.796975033473714,7.432570344430561,9.825528082347972,7.056296712009854,US_az
4273,11.612067116115725,9.584003886904744,0.831451055944801,13.508112753897905,9.739344529460295,17.7430363593039,US_az
4727,5.719754339767444,2.314630309435276,6.923243760942613,2.879507008971701,17.31445734781464,17.807985026222028,US_az
4087,9.699484558126812,7.298787867641656,8.030333714609062,10.003458170252577,3.3947182163529765,5.586470932258546,US_az
4138,10.146725295592336,2.850970741045564,6.522103901269347,8.390636384242312,3.4969824942953647,17.285639396551513,US_az
4287,6.404223684854254,2.2926417944681976,8.356314161999007,6.67005537907341,4.1393061078004685,11.08973055798557,US_az
4209,5.257914116760655,5.66846770992798,9.491737857004694,6.489316632983053,1.974239564491837,2.89383874287089,US_az
4384,8.413366535392791,4.737935895054864,4.937244416900424,1.6071300860670277,6.771356226255822,25.90939846035481,US_az
4771,12.82418620398472,7.918934481823491,4.774874458294976,7.26942518329562,3.652340433620344,7.743611310017225,US_az
4694,2.143356059853868,5.251153564819541,6.625845806408567,6.536665100478252,5.441217793871693,15.75332635921006,US_az
4588,2.4957495794684683,3.1518144084683484,4.558348703774106,2.434558261848991,6.974492573025587,5.489946957288462,US_az
5161,2.2619878686706283,2.585875711842656,4.098183677940235,2.994035019074566,0.9520599068434992,5.782945937613039,US_az
5254,4.613159047295249,5.269635521667105,3.9550641955531054,37.47258274509287,18.759471416303107,14.840523023076964,US_az
4669,5.868537311938205,4.12818459396141,6.424140639562878,4.292691524163148,1.81372136841391,4.079750746590157,US_az
5140,1.7583287055824637,5.276417505856288,7.754019709454291,14.434494439930289,7.306983241939476,8.438842597035645,US_az
4843,5.972033455960833,4.37565268603618,4.203766867629421,4.0320247801207225,2.359893709447983,7.5115155033646,US_az
4912,1.915351284033777,10.654089031928216,9.532230496406138,20.31395936053217,14.768374330779965,8.5554551538798,US_az
5287,1.014544398011562,1.0855511924238852,4.539663219681073,4.2799459393121415,4.447143713692185,3.899911180474262,US_az
4844,8.234613770845527,17.328358734863357,1.9410445540940733,8.329950658801504,7.4582898232983075,13.409107858474236,US_az
4980,3.406211797132793,2.1944408505924105,4.31794001304243,2.7882687412401923,5.204420415644198,1.5914719593550004,US_az
5261,2.2044434686823355,3.3672307461332838,2.379734096802511,1.9065111467386928,3.8078019598961705,3.5410744441822373,US_az
5047,2.6397080956556334,2.928197811468837,4.2763742174543085,1.6477249777618457,3.924956584391986,14.147072754189637,US_az
4863,3.020762651417741,4.416245215474795,6.814625355296678,8.608311495578103,7.149019400838618,15.397064564459662,US_az
4317,3.7624619336151617,6.591142945249862,5.436789469303206,4.05252280407792,7.342121551147013,9.952976288538125,US_az
5371,4.119365768379408,4.64265337385314,13.30617749681411,3.5549524634097605,8.084800770996408,5.671169550553363,US_az
5342,1.5925111787849102,1.2739287532164538,1.597437591839841,3.498629286161901,0.5914359268260985,2.251835710187692,US_az
4446,1.6348442590411407,4.005600102911821,17.924165661300812,29.87843526098345,14.576250186032452,10.430547912461009,US_az
5317,12.000331780004084,12.073430944884244,3.685794737883924,4.035612725954741,6.804595162882085,8.009431263275223,US_az
5216,11.246511660488256,8.412239916417738,11.352444746727294,17.994837321526543,16.99552109821169,17.784577145765788,US_az
4106,7.555693569568359,4.20665005726439,6.664944120908517,5.699353177451899,4.105970842877291,11.58861416087992,US_az
4797,0.5041493530140467,7.7519271157648975,2.8025420351151293,1.365124119247472,4.9948219474270745,18.49618067101459,US_az
4400,8.738340010673939,6.880989110220654,7.842017809521131,9.014427258064512,17.196701485362347,15.34128256020891,US_az
4723,4.284752576002668,6.942702266819899,8.128186499986748,5.833156253186064,2.3134424567345797,12.148411331118067,US_az
4382,6.223773909816438,1.4206876784935052,5.090302727184094,6.9821260601532735,3.100050271159792,12.835748615441572,US_az
5048,5.962974661599288,5.634235292600475,2.2418447726695026,5.897137052806339,3.4821162809034703,5.399339817449457,US_az
5134,2.067469522740052,5.105817197989871,4.910342104457473,9.386521914194685,8.016997866510193,7.188889380708592,US_az
4376,7.914699776112164,2.292693961702976,9.102833371066682,4.045195341293876,2.1941337806308328,7.68342800670252,US_az
5000,2.94973886421358,5.213275577475996,4.816011920073926,5.297743464234394,6.918584595336649,3.721986338215306,US_az
4187,6.314774096690311,6.767274283309109,4.869025151422365,10.253586897630624,14.770407194279988,23.55386410189608,US_az
4717,2.2079824540823747,2.0363414211662727,2.3473915841087134,5.734172162786962,2.1529533248843578,2.7227271416907803,US_az
4947,1.9396313626449455,4.236106080910115,2.28074412585007,3.46710556844536,5.4429067740476125,15.557210286697853,US_az
4565,6.522885175889521,3.799403605890415,4.64650698099179,7.4943480800981535,16.48966803353584,18.90592180682606,US_az
4416,6.425017570905862,3.0966613194903307,5.509240700501249,15.734081893692403,4.281693432821815,18.486858841888708,US_az
4063,1.81339497536886,3.5740705077699544,4.049845733179275,8.982293943486509,5.73707235355662,3.294017347568017,US_az
5010,2.377361781234373,9.030016976589168,5.965972246667656,14.555259204096306,8.158895306537376,5.78885042644298,US_az
4590,2.170554924320027,2.135547401370174,1.374394008266147,3.4226258301011616,1.178973736464244,2.4051610552931946,US_az
4646,3.989711682770569,5.161719355376017,2.0576531731209653,4.801950973931946,7.977662604107151,16.655216020934194,US_az
4732,3.855232288977642,4.194675170885871,11.693199902768464,3.455900729664916,9.012015169615358,4.3748215885795165,US_az
4367,13.000872833755375,10.399838474849668,5.112939489926354,3.6579455708118935,6.24525642016993,9.512002113306623,US_az
4933,6.527573113870964,2.2837395303669705,7.25763759930498,15.332559504833265,4.233567458582901,4.262386800110791,US_az
5235,6.795552734683665,13.04993930047914,2.199430623541122,12.545652739254992,13.87699561323994,12.27931643490533,US_az
4810,3.8696341073370095,5.816662187688708,3.9466012154172248,6.208387001679925,9.455481525263016,14.340090768334749,US_az
5191,3.9885104908468128,2.8760674688434107,7.16926222698936,10.66303159568433,4.601908706642882,6.420142105517852,US_az
5066,4.10535887755031,13.027005463857678,15.795697756904923,19.26791393658217,9.914671390639054,15.893883316288557,US_az
4625,7.145007091197359,1.023342720201926,1.5100291632573586,3.9324966960730423,5.626901396651174,16.952282020742295,US_az
4761,1.051512873347965,1.4951412621001432,4.894389420288482,8.972506469910225,3.687890794624824,3.970513673310488,US_az
4157,2.833084984009285,6.3854565487981,3.258036619154391,7.020428349663426,3.585110218615685,15.248866942754962,US_az
4495,3.7828462958771785,8.697318284524982,3.951178540472589,12.093823844629508,17.08517908556438,11.654548923303848,US_az
4423,2.6126748047485364,0.9759234206461854,6.502382366967978,12.222356152774188,5.1022219504621145,8.800760944203795,US_az
4685,4.556961559322968,7.393094440257989,9.911663765584995,2.046737548824592,2.9452821415165307,19.064025257907268,US_az
5185,4.025841551361702,3.414470593549844,4.619192317931422,6.43837896327304,4.993613502005018,7.035373239171864,US_az
4660,6.085179008219964,3.059696565769076,5.867868335115084,12.552285529163404,6.307544925811908,12.54809427011057,US_az
4178,4.069745337497618,4.478327205113686,2.761443960660217,8.389313675947426,4.205530080071848,5.115703942435623,US_az
4763,3.759953825002519,1.7053295769385837,4.431983487804212,8.331423055833074,4.1274633902676605,7.506981355023745,US_az
5053,5.682578974979255,5.940853262432553,9.51847800159989,10.318704912163602,2.876463626293634,7.718446637381866,US_az
5288,9.285005142540196,14.205444017847704,5.256915808803257,5.956888461982428,5.347127960766111,13.366512718356883,US_az
4637,11.610493349712348,6.222039460936932,5.411808218980109,3.331024357482748,5.862218479510666,13.139543664359946,US_az
5196,0.7104346409721015,3.228646285155967,4.3699409288637785,6.400607173514057,3.897167812536736,9.20405295546322,US_az
5158,4.067239039173216,1.6949232877486085,2.329034505336657,4.7439795090489545,2.984466743574405,4.739380158938499,US_az
5204,1.9016354865789424,7.046810176789121,5.270433394439876,2.57137046465108,0.7363209194258747,4.184150104302466,US_az
4614,2.1722198651963898,2.125051802764001,2.4138027252616703,3.311335118985931,1.270768112332009,9.51309602261485,US_az
4920,2.584351170331242,1.8377017646602996,1.051490920585967,2.63889653437327,2.40643478413415,3.4334385945574266,US_az
4192,4.074415086619597,4.77856291327553,3.7643466530048513,2.7616240733799504,1.630445425297589,4.653355520733375,US_az
4352,1.9774028069123333,3.5472535803442145,9.353691543697124,11.830368872225622,2.459267473828133,7.804130418736847,US_az
5019,3.107093055658531,0.3831296530805819,1.1044550339154502,5.928542800795842,4.105275558105852,2.7902385631213185,US_az
5165,4.954761798659967,3.26338726154436,6.52825064976199,17.884227826358707,12.05844709735842,17.743797270826388,US_az
4218,4.389773283704441,3.2712566233541365,2.262673293233617,2.358588987516284,3.917631368024255,6.553169667311309,US_az
5021,2.6342054192522206,0.5087675487027005,1.736571976232386,0.9629189366398616,4.527335395384484,3.0660203330374256,US_az
4279,0.9314170458152335,1.323211312496955,3.2812533914048467,9.667803158922736,6.377282048230616,3.821116744552075,US_az
4471,5.051370596572389,4.482888711199781,5.509360366735723,5.248616951655436,3.0104912920174303,5.125695613613584,US_az
5122,9.298059646196691,2.579654772410406,8.057744483157196,15.219464249916925,7.481996686239885,7.68487609012401,US_az
4233,13.266418841373609,19.579573572225662,6.325857357067559,35.52712477644812,28.99056223731577,21.005705614517687,US_az
4244,0.7836528160278899,3.6237867080066897,1.78304038153491,5.074367262439463,6.110733706274213,2.273972785824665,US_az
4401,2.7132708818233184,4.137909250154512,4.647054638375164,2.987011302738646,2.1492720426041863,7.178511063740658,US_az
4359,2.280668874793125,6.09859139412179,4.837042495501794,4.671229305993911,6.707434105915037,7.394728803570403,US_az
4540,4.6195576588745615,5.409654614130512,3.493089355367475,6.704152570551996,5.949624935265357,4.202440535361124,US_az
5290,20.57022845477039,12.980978343490026,9.540936167506825,11.749116197080912,7.836068816852712,13.78048543145951,US_az
5241,4.953558500017989,1.81558366293698,5.496990453186897,3.8265921258062,6.187563642415344,9.025738725964263,US_az
5147,2.327748270029983,2.4047058236781726,5.036490559920856,3.20143032369599,2.40156400922196,5.04524071712026,US_az
4425,1.4924497114466788,7.516361168120244,2.4745928674979387,3.5057161971423976,5.996441398924709,10.91281897058965,US_az
4940,2.1986170529571107,11.581607212104124,3.896971848633672,13.49327144610569,11.811039274950648,13.80285791369676,US_az
4919,5.315974634332759,4.613547330332533,9.472660766504596,12.19173947199369,3.3245788279489235,8.559939698001733,US_az
5154,6.518252985961976,6.020700855799731,3.372059288438031,4.112824357748249,13.362175616333484,19.0290158716469,US_az
4531,2.5724681460927834,5.075007632848521,1.7180409278610498,12.161413150870091,1.960303354377779,5.37683002534033,US_az
4795,2.6011314566080026,1.928753392727864,4.080764595600504,2.5869455294683847,2.8951658647351737,4.709151257874709,US_az
5171,5.303887335351854,2.658561745043417,2.388960101926416,7.575627920760289,2.9534177531352688,10.881346469205232,US_az
5221,4.648190099966046,4.67994470631834,8.583025569890074,10.639955606742374,0.9203043819872117,9.030542306410185,US_az
4295,3.439776572864301,1.4959818733841528,2.52085776026158,9.94137832783742,10.881579148859332,7.521368844401584,US_az
4070,2.826741114254194,1.85664991720382,0.607376523669077,3.2260682442304622,2.7838313273530817,6.441964807025633,US_az
5129,4.65302323777965,11.282275138539635,4.034156482817096,6.665702625676715,3.6300583018414794,9.196572159254693,US_az
4928,7.250148145367354,1.0910551633315684,7.062981072558514,9.815739854187877,18.010162328079737,12.060722751797766,US_az
5369,2.9574139634395777,1.5595989499301544,2.331084681427166,3.988994387789228,2.742229683526465,2.662553552887238,US_az
4915,5.130604942677584,6.74964842668031,1.4184464970577375,5.196430022386108,6.466212086567491,7.855959992205789,US_az
5251,4.547554410956609,5.165017718673359,3.7774170658031374,8.937845915696087,7.903499292689181,8.209505532537776,US_az
4812,6.438786874957229,0.5695821091057637,5.746570202081776,11.270075350294617,7.835819736187404,11.079735121842464,US_az
5306,7.089519401665605,13.510359137765096,2.216056572794116,4.150039614697087,14.22152305339855,14.501975808624278,US_az
4260,7.401694375335794,1.9797351081307093,2.1798397830758662,6.387611555127588,8.347901764441614,7.133947146852771,US_az
4290,4.195288504913381,7.3250094329711954,4.429908624308785,3.10790543777537,2.9952189465405468,8.291331233068655,US_az
4582,7.850565477679518,13.523296849708627,4.346677916714497,17.56242994845708,15.179883962344649,6.331129544784287,US_az
4851,1.9270494868235624,3.78136755138278,3.115271246498762,1.6756485365886966,2.100144187194388,3.1409205652055823,US_az
4328,5.820667500281314,8.686069812057811,2.48538471027598,8.408562129987692,7.707730806031436,4.04685232551617,US_az
4788,6.083780064687935,5.916615192779199,5.182004000860716,6.512379261809831,4.211093597809689,9.725423526918163,US_az
4398,1.5276471432580596,7.678040227411917,4.892434338586457,4.876654636019641,4.781998268116415,8.278616170982659,US_az
5348,11.08078569867674,3.9624209282745904,3.2239913514096354,5.267139434807596,5.488021369882604,11.860944802984609,US_az
5062,8.505771919632906,4.281807979560257,8.447888275615256,8.200775514874739,2.387428789063797,11.03735565014554,US_az
4946,5.290024259826185,11.664622433752823,13.487611072774902,13.074846171171975,6.253471600077807,3.32428765846614,US_az
4666,2.152657641064049,0.991779664155632,6.946247979384485,9.007401929002164,4.475739850255164,20.891119927165207,US_az
5036,7.488720121990392,3.793490340599325,4.538865659733557,1.6154875503262565,4.893407546474362,14.633999171840069,US_az
4393,10.219833763582855,6.7897866013442245,3.130972275937692,2.3194564029402827,3.068348818867925,19.88903265025494,US_az
4907,4.286004060089749,6.597811482359278,7.047088566239697,5.825938692574387,7.500752921894562,12.799343812759288,US_az
4510,5.964863145082601,0.4728304856674321,4.358739163068412,2.364055903416124,2.478174513413884,5.063398640379868,US_az
4228,0.9223694335028064,8.214126876855728,5.279828071285189,5.5725666763116575,6.992939330211308,7.8607142014653215,US_az
4090,2.9738269173113645,2.6222405066844403,4.341448263671825,7.171990967052915,1.828035942743908,9.60813663998623,US_az
4373,2.9915192837086977,9.65105464388134,2.409237173629021,17.076773895676677,11.192914180389815,14.332523254157628,US_az
4990,9.038527591311308,3.278654704403821,7.548244542784547,5.31239564239818,3.537387896582067,9.428189639877756,US_az
5145,2.0144899405491,16.225765919447223,10.285067471013246,4.868546876319957,2.740147102398633,15.61385154736615,US_az
4512,8.453835340921213,5.0535195277221945,7.396147616370483,5.110527899115334,14.14029592212406,13.86064027953416,US_az
4483,2.5164250227467666,2.2736855060990275,4.728864352914581,7.454892084383642,3.1820140758891653,2.668817544879265,US_az
4640,11.570276544246816,2.7573696373852408,4.046106105731433,7.943179286513264,5.192283622598679,9.64385134586816,US_az
4632,4.189487959793697,3.250392059406401,4.685319316741028,14.935258942892858,12.956149869644571,16.501021702546957,US_az
5222,1.7980781251137488,2.7606174415311133,5.340656382847516,2.778854648768192,5.650959858634205,12.441606680022424,US_az
5032,2.606553923178455,6.39845549865013,4.714093074860581,11.1572516247817,7.470762261677783,6.319383154760726,US_az
4655,1.3322292774630151,3.07826247197903,1.902680597571124,6.474841371840074,1.7710159060697357,2.4004626185847218,US_az
4580,5.413857658499885,5.8413035694958415,1.7155312804882292,11.61956064066464,6.5972424205610665,19.66555588082631,US_az
4624,2.4422204775611105,11.293854056722614,4.884259936114992,12.847447996958474,10.96502582593132,11.706553981698605,US_az
4621,3.798787545203341,6.285124347349376,2.660733785366405,6.358489411577468,9.626798461266262,16.615793930437306,US_az
4516,1.6650896953549528,2.6071254094701666,1.2947712036411816,5.531288331195352,5.33611473443276,4.718891516984956,US_az
4693,5.182638744676468,2.3603126838209234,2.070878311663811,2.305080401353901,4.629380938733453,5.9682823719803695,US_az
4379,4.481629166542165,3.8377688518598654,10.181106535708064,6.521413859594532,2.6685938312038595,10.488067123465806,US_az
4991,3.742483934408711,2.89376642887903,8.866586309368428,7.448639651901195,4.879453503698203,8.786016981862891,US_az
5144,4.650627262761662,7.470028842092928,0.9093359526856374,7.63263890635326,5.747595752118469,10.535334303580973,US_az
4611,1.943825984137621,2.819131477381569,2.964696440203047,10.04158124664717,5.620417433506016,8.279007452586013,US_az
5179,3.1332184665844447,5.309423407381628,6.086744204374903,5.617858920163051,1.9690317192274307,8.110770333838285,US_az
4112,3.1822047605878074,7.653850863392522,5.85251268999938,6.857136792834413,13.824783050133249,11.69126334143208,US_az
4066,5.813573660252682,4.285016969607315,4.302075448464817,7.984576915316917,8.244807929603633,15.945616741370555,US_az
5395,9.895110208452454,2.509435315036052,2.3876204014609645,6.740617410825003,8.221651755278412,8.05541792830191,US_az
5151,8.310084827780438,6.184289489174351,7.505127104825714,4.456970285382796,1.5135748456517055,16.37274868095297,US_az
4866,4.660209761364094,2.206360905591945,8.63673920637444,20.3000439490497,8.262935656070091,9.750487341222597,US_az
4747,4.220737370085479,2.531235192935208,0.983708635297273,2.0204516699150434,1.9550441589161325,2.117263192515143,US_az
4842,8.74893983096903,10.387556826588025,13.25647815869514,9.701001534800062,15.30122074453918,18.149230775727972,US_az
5112,1.2004618788530763,1.435436381942217,0.7818010966036371,1.518006302232524,0.5055212599500919,11.3013114152918,US_az
4375,1.837038819411933,0.6550552476310322,2.686618013102761,3.9562757454971296,4.180148798618882,2.7692249592098164,US_az
4494,4.781772826783778,10.91440444025918,5.109381242995136,13.85320761461566,4.4345860741629615,6.031333894485113,US_az
5360,5.194165020453871,9.736399607185508,4.939937922701309,5.448687888142194,3.748512966545529,6.4075743527929045,US_az
4850,1.33769366992918,7.438065157619537,4.5598127194197975,2.24511582031444,2.9143192338240507,5.303374107433156,US_az
4309,1.9520140317267485,1.5946689093294848,2.153010290881933,2.5907952166595902,4.0791292826095225,5.624725537343142,US_az
4628,2.0188839340675453,1.0888934846800773,3.93591342385699,4.452713773575259,1.5521893906449518,2.733388924355701,US_az
4634,3.3951633714116336,2.6593452326044997,2.728573512111155,0.6029871017238205,2.920473506152485,2.38451674119606,US_az
4755,5.665445351145241,6.464540209193516,3.379279485077649,9.76594215420106,5.356416744123891,3.791494804828876,US_az
4125,2.214347592847553,6.63768160986768,9.556049003439762,8.594790556176665,4.341103584785835,7.298705278650761,US_az
4310,4.956751593851536,5.580467331424803,4.546052162408137,6.343924845259778,2.3812572003614507,10.053139279739854,US_az
4930,2.275163567099397,4.864372753725565,3.19493522009327,5.126500935123826,1.7649004944458844,3.3990192073507663,US_az
4055,1.273264560049763,4.461145149982857,4.551474699171036,2.17808394592019,1.552204178250011,4.78745278963143,US_az
5285,5.437003206590619,10.339015144049734,8.123013223405783,4.325968795478683,1.00236421527677,17.291382527051866,US_az
5110,3.7600272310155423,5.361815207873667,7.046032980451262,3.423957411059302,0.7051830029743927,11.286823573830654,US_az
4860,3.135443177132219,3.357007758197695,4.526212407961994,10.77211110587064,7.739341180527938,4.238937420710933,US_az
4420,7.771825679596782,9.54723068088292,8.91838056444994,13.162147910288796,6.972717571532003,16.259458486210086,US_az
4777,7.000317893748992,5.769821125840851,10.48043080677013,6.269838872198378,3.449221263528892,6.188571315272717,US_az
4532,1.727376706277701,4.396684210904928,3.332876932580228,5.9176657815556055,4.999523956171038,2.2200221057069287,US_az
4609,6.222298922195515,2.249516151076579,1.2847105662733869,3.4624481474862456,4.5003598666651685,1.5664828253509726,US_az
4170,6.1580511317790485,6.163568607134117,7.337058438053734,4.603826930076821,4.840751812218668,7.348141439585513,US_az
4838,3.936264854500952,3.3116258953446787,6.192036315890947,15.648637855092169,6.743462453068588,7.564466344563272,US_az
4058,4.717919588975032,2.544289833534301,1.889380220276552,7.148334041490462,4.082418437739999,6.239411745620573,US_az
5315,17.462132983429704,15.787638550190849,4.715090857488423,15.122917135113374,21.62688369808412,16.53174571256308,US_az
4854,5.886556604251401,9.304602635935291,4.611435738144519,21.98479702294445,1.486648449222418,14.77913431816758,US_az
5100,7.1492528887096185,8.269443903289687,5.637874145980043,6.546761127540693,6.704308603616437,18.41237049418101,US_az
5227,2.3075388444439104,3.969910918086388,3.615902171554967,2.816696398032131,2.334807723015188,8.755772608021696,US_az
4626,9.291023464509829,9.385874796735743,10.700164896458046,10.18267628343623,8.559170453143745,9.45305051313785,US_az
5061,6.143770381513231,1.456388109508966,3.3916236485575078,8.970826449888975,3.2961442335971625,12.703308833533391,US_az
5057,8.248746978008919,5.95402438284128,2.620027534498657,5.879504887908324,5.701224431648768,11.45461020358456,US_az
4064,4.239545455157489,6.484233387246419,3.019629349291868,6.073095988679929,7.651551806200048,8.030852816856322,US_az
4948,5.245843376648437,10.277676417875895,10.574150551019038,14.936786731895648,11.110691347403398,10.458265288467151,US_az
4385,4.888605999236806,1.1469904165196676,2.7929656784285064,6.449746313328149,2.528710150162601,1.0310888606965745,US_az
5049,6.360343819055506,3.328598443164629,4.607188902092657,13.089678506404764,14.00766077367871,10.434876141893108,US_az
5401,4.403329081022661,3.7460545918922175,3.748970903070888,3.3635071648115376,2.073235134385625,3.3216495645894693,US_az
5349,4.680828310792085,3.698560585950991,11.462631642090166,6.817251224372342,8.05062430684382,7.887392846432698,US_az
4107,9.90180796479512,2.700842432121586,9.27228232918464,7.971463723296996,2.866034560673896,16.17087942915649,US_az
5249,7.057309968124623,4.401530409040787,5.794417067591162,13.096679904957975,13.690981094551692,10.174216825957876,US_az
4286,16.551194215455187,9.032365235859682,7.11423012812172,9.284349271766985,6.8103401523722855,18.099182472681704,US_az
4137,2.006203483239699,1.52343458457359,2.482997259639981,1.564855315939322,2.226445982985915,2.643902226208227,US_az
5106,2.700757149826013,3.7545911586949887,3.0327425435042685,6.020522343585371,1.9936396204065765,3.662999185871105,US_az
4117,4.641883358612801,13.9619522036269,1.7971429830466077,11.9784078956912,5.611897553284035,11.1906208816393,US_az
4240,10.010956676734455,2.116889144144738,4.128704320208636,13.838321243867298,9.001693360295215,8.32557098430284,US_az
4857,7.223888437060357,6.718129452808667,5.985192752239166,2.5796338466694024,1.887695360681328,14.162217948824413,US_az
4204,1.7007867652710071,0.9244105566511864,4.95232212150479,4.176807068005907,2.3144626573982205,4.866160366358217,US_az
5097,2.129832902216943,4.211391397918925,7.704410095430807,7.251599418603947,2.6244632624133906,4.571328615059884,US_az
4691,10.0643295660482,6.230884558200779,3.213601042141618,7.87990462898997,10.50451497447688,10.15859624347159,US_az
4441,1.1937020247339702,2.7293485079118858,2.761696611888086,3.3917104674177696,3.4171911834740425,2.8404206416022566,US_az
4190,7.349143318252214,2.635264886467771,4.730541045058762,7.564879784248061,10.070472904660033,2.375295003529565,US_az
4225,3.7439579487589993,9.516428126122594,15.456849045820697,10.60137624651724,14.123545505556375,8.606484851456067,US_az
4583,5.719955915431924,15.030866605384444,8.116964050241416,7.716338325969787,1.905957536835955,7.480155167695405,US_az
4725,2.255398881063207,4.495148344875866,2.801279613737811,7.407631528117191,3.096206467511899,1.2773037338189936,US_az
4508,20.357754478389623,26.53504948674528,9.992944741794572,9.730526751889546,13.190976415421776,10.201954942025225,US_az
5117,4.735555432335719,3.0762222049128147,0.2841695671245254,1.6123624215263122,7.37150720809645,7.297256666500745,US_az
5124,4.42666017418505,4.49973718286391,8.094468288792076,9.759190397483042,3.4222058550677814,14.428509467749135,US_az
4784,6.087643281198792,2.934595420012517,1.3265477481666792,8.43966174933245,8.49714917216599,6.738830626871625,US_az
4427,4.51964137456607,3.309418655952556,10.90169726930806,10.957103759914787,7.934296098347344,11.85513081783425,US_az
4904,6.538922490276906,1.6872100102414471,2.0442056731927094,3.163864621755508,0.3853184317418468,16.09849345041768,US_az
4213,2.3626560922469904,0.816867934937758,1.6772244551400537,0.4798430654832014,2.142587482576308,2.2795980808421343,US_az
4103,3.587118694710958,1.50532048585484,3.3258564881312327,2.219187914522172,4.695926208226032,3.126299327520901,US_az
5098,6.078386432335476,8.411343488146665,4.15812693426339,14.157378969840645,14.423275662297884,19.90388993097109,US_az
5218,5.19211773698093,2.614112656568813,5.339471853108289,10.430870769569962,5.875224485807456,27.05600935029465,US_az
4085,4.377791350344539,3.261842290076129,1.4820865862272794,7.842919069873018,1.5422798847283743,5.728508494640006,US_az
4291,6.831052589794995,10.299091453396738,7.503651236457758,14.100485810468813,12.87923488514814,9.195567339730712,US_az
4652,2.9341570723919954,1.3730419925178483,2.301746859264571,1.9394296761555447,1.6362886684805973,2.166891831207844,US_az
4407,4.925275074555008,2.017854141845887,2.6966031840383176,4.419891704940085,1.1115351234698048,10.364063811848911,US_az
4217,13.705632546013648,16.556300386517155,5.710344759405622,12.837073863175974,9.257707537994053,16.18104651096179,US_az
4539,3.155217824347364,4.315224297047994,7.400282717521667,17.645117244275145,7.285567723258174,14.136885932621048,US_az
4707,2.2124273556463794,4.125225258085981,6.84115757903308,7.304835677812274,5.848275451798996,8.55699975993258,US_az
4862,1.5860221710404885,3.2609062839447995,5.502331299811341,7.395351186086784,2.5978644718850443,7.027067414525346,US_az
4750,2.245476348834904,4.210666771672617,5.637557658969446,6.589492629642914,1.9432094790866568,6.340161385437723,US_az
4348,4.06799195285376,4.580433299370808,3.201608229331177,5.739881585974181,4.700116962343842,3.829355173927656,US_az
4883,5.598364468904939,0.8674607767442846,1.8864327068124,4.250782677420649,4.017917454573198,18.01734377401236,US_az
4527,6.321642398707571,3.529890490723154,3.8095237659784495,5.774534694744483,8.2155786665976,9.235624837156184,US_az
4681,3.013321817772272,0.7164879252753492,2.4188527258658863,5.048998487272038,2.344997191716033,3.423243705615078,US_az
4525,4.513976871954229,2.9357445521879835,2.5247190287563024,3.375392998333681,2.255171756592122,2.502608622057568,US_az
5015,5.365178668356162,1.739408977178862,2.1318695859058034,2.608470901703223,1.9434286648750525,3.8011391340204286,US_az
4706,5.439812912691877,2.3516462014501958,2.4333669313634467,6.743754096191319,8.2770779922631,10.140981426705482,US_az
4665,1.5134550690483963,5.135181893971395,5.517263113628038,3.976867861501896,1.4385670342874697,8.553593314847532,US_az
4994,4.650414057969523,4.357872226186923,6.546388186959779,18.57775678297384,16.196775949250224,23.552895709185584,US_az
4150,1.6589380827080449,0.593554146205873,3.352882540468957,9.055880553434466,4.09832647902114,9.810458953995248,US_az
4977,11.512919911183088,9.31616711949025,9.63630851903651,9.381725470350558,7.16679986053498,11.33539457115273,US_az
4629,2.1303948096532155,7.365870514847728,10.060605316025852,11.113064463058796,6.673148600922918,1.7296020198948745,US_az
4825,2.1116260632171464,3.780442924493572,3.4346812351781093,5.598425645552728,3.5032471084036865,5.389542726434415,US_az
5069,2.2622405414095623,4.86182299323599,0.975313044944121,3.359215460928142,2.4851564513998423,4.985697979304497,US_az
4603,3.75273268838003,5.949253600861267,3.0371287353851306,5.791906986726194,2.3997552642568283,7.723959982767338,US_az
4361,1.7793784326364874,1.426873085519384,11.129996788725,16.79295284819966,12.378421946290048,11.300577448947166,US_az
4852,2.794691889261894,2.6363479015693074,7.928713972407816,11.206873733933437,5.782716586697639,15.82098165524756,US_az
4726,3.207122811055916,2.062990050045678,1.228707645064711,1.0397920170481876,8.671255366452632,12.253676414218852,US_az
5046,1.279704526370364,0.7525851344059613,0.7223235251531173,0.6881182175549979,1.0681434741026443,1.6264043138941982,US_az
4486,0.8167398791805509,1.675490153919051,2.9912275938518933,1.246260858086574,3.6495655859070393,2.6825261846117616,US_az
4635,2.569935310970331,12.759703643962212,12.844229719900316,5.77785800230955,1.6366854332523313,16.060149310684256,US_az
5370,10.70881775671299,5.430533386051695,7.702710830159136,16.276238163534572,3.4129901271308425,8.711427413456985,US_az
5248,1.7003739885391027,1.3439608335643871,1.440947741275694,2.5844572710997364,1.5430310847951234,2.8058445608029463,US_az
5133,4.16362687247464,5.89147291863855,7.264441647037541,12.436936329645004,2.94554075297606,7.28843732184449,US_az
4938,8.911554688295167,2.6114105792048528,6.258568439376705,11.794623390244698,4.760730605269844,7.768417332705416,US_az
4881,3.956129950064098,3.883398166585328,3.198051678269184,4.199565589850199,2.3489858754326938,5.511469885544389,US_az
4620,1.995041961564049,4.13952868711154,6.315640577986056,4.3386563979738,5.807659723210479,3.6226790825473327,US_az
4672,3.89918143792446,8.368226590826911,5.697086003768579,1.1968051712869687,1.2071385598930302,16.681562745730183,US_az
4545,6.14727388930685,3.974446372700312,3.749832169245576,5.881302981503143,11.403453735793171,11.855737183750929,US_az
4438,1.689217803101492,1.9681619045278191,4.419049156585049,11.624090775230403,8.689987863786166,8.982832700931416,US_az
4334,9.414233796969883,6.352054919638913,8.289042147206317,13.71369279516096,3.736264947841101,9.878590160688766,US_az
5012,3.633291253487293,4.682394379360876,7.924969138188679,6.790776857898615,4.429641402936906,7.41885884632839,US_az
4536,1.4106558180063369,9.245613747801835,6.432341234280625,3.648272835294458,6.465835657145604,11.388546394588534,US_az
4335,2.770278988086993,1.1616591654044852,2.85224819278251,5.336440606553,3.435316320235435,3.408691398536517,US_az
4490,4.414885927354135,3.246033016329635,13.347943670953876,14.98504253813578,7.43693447215059,9.340121397250634,US_az
5081,4.156278197059356,2.22195885168202,2.8363086967137945,4.797041901641788,1.5551357594513886,13.299246646409443,US_az
4601,1.858799905281204,9.739945812392625,2.7182526987136773,10.833944559976688,4.60723001268064,12.155233361284427,US_az
4745,9.701211944615723,14.415632278060546,5.511705666862421,13.488911513686071,16.797489130981848,19.929031165853733,US_az
4950,1.1742431500777306,2.5469777512395133,2.232032515213908,10.67187059389377,7.708382273192185,15.427192084017657,US_az
4716,2.4334594523136204,4.557581512037533,0.6742543577865797,5.156359108733903,6.235129130259201,6.637340881788027,US_az
4982,7.087267811004366,6.627125987517187,5.564250259545145,3.9754368077025486,1.609485968162574,5.172755987823612,US_az
4828,5.0713447316898055,3.9572591715402896,5.200377435829316,6.719108366993041,5.3931704075725895,9.462028336910574,US_az
5345,7.372596814775752,9.066557004665505,5.221577824178353,5.345622464759639,4.983436927022396,3.7290997026294823,US_az
5194,7.429547869578449,1.7382965012584926,4.294730790113928,10.342963347764233,18.80599503123132,10.799640713278349,US_az
5337,1.695347464865245,1.5258414685746555,1.8067146492583903,2.1732927349637285,1.289332776157493,1.8358567828165056,US_az
4174,7.579208493590596,5.615100397518152,5.736673721779254,4.33769144262536,2.57544785723032,14.706975152389486,US_az
5131,3.839188608396588,6.689272349921207,13.176817227907849,6.007116372090133,6.042625095790145,13.341794187175797,US_az
4739,8.37682345421032,6.35053271101769,2.3592835656615936,9.150071148961995,5.345332614792366,5.747777030144395,US_az
4069,3.029779287429393,7.388101107450254,1.7590649984629798,1.7223441033391365,5.785088980771847,7.785734833674549,US_az
5386,1.2748946108258703,5.834988468970846,1.6844967182268684,5.21175866237366,8.026944115749071,4.153609859277768,US_az
4746,8.871590667935775,5.041667346960573,11.66781858462091,18.79980343115981,22.57233104193373,25.434004960350546,US_az
5264,3.474127109148652,4.737577599623876,1.9710096158288504,7.210592991790341,3.6808468830300174,4.398411635007184,US_az
4910,5.645734191023816,4.051816069782561,3.400452066882313,12.324997613547987,10.059909035480445,10.620881501573235,US_az
4798,9.214669437622511,3.2025720566519182,8.713033315580631,7.579023816988139,5.377077934325863,6.856882181255055,US_az
4346,3.997108266503999,2.6773840145538723,4.582360316841825,7.805088485637685,3.668304608273415,5.250297246790303,US_az
5377,3.997140427599902,1.4407317061435156,6.9079556022739785,9.69222131282845,2.2609925900258805,3.118996654275355,US_az
4974,4.061711369406066,2.967082499007259,3.2504230469038293,4.554224530486214,4.835281249402627,8.014102488483339,US_az
4159,5.373933142636879,2.0624508866253306,8.05050220109063,7.734013385811091,12.992605603669514,6.654431881266528,US_az
4076,2.88857403295502,3.481830254412277,3.634168157026224,5.628849954188963,3.989886471309665,1.7021875332005558,US_az
4122,6.03679306822179,1.629274578065714,7.822366206376702,7.816351983074472,10.547328388375174,17.91501814832318,US_az
4876,3.122323640960201,2.426239036775706,7.298802287063061,8.029719839789072,4.841345673655817,4.208897576475457,US_az
4478,1.0686685053611569,2.0897182369129474,2.981421593682005,6.310285980868972,2.7135656494677973,5.230314871853919,US_az
4976,4.228386338866972,0.9404141852342282,1.1751177012389251,2.573026419651547,1.5738564999081373,5.776804819756435,US_az
4953,3.5489617190359906,5.04565564413493,4.733167988414701,8.902889471860282,6.259963184720365,4.50068095686693,US_az
4156,3.83525018381008,4.94657392162276,7.893513351361903,4.72791690276442,7.27207531246345,6.90208601491331,US_az
4608,3.0127858524026667,11.75226667448696,3.367084754596016,9.4129442584425,6.541343535254548,8.611812644636075,US_az
5209,2.2903245623210857,1.4806693905449897,2.7215438795017515,3.866642358908751,2.330294510465982,7.50530576086974,US_az
5045,2.0628753979934435,2.552565469039134,31.19376122301127,10.620394712474882,11.177903363689756,11.42460679301416,US_az
5116,4.826869410571668,7.947797840063548,8.857126931308256,19.828235384716688,22.33498630691399,12.0181531756473,US_az
5326,4.1721375042015785,2.5662677797593774,6.293304543689507,8.568266045525503,2.7240758221981904,3.387217701312806,US_az
4127,1.508433859572535,1.6154057716634245,1.378777024119207,8.080994361143333,6.007627970929945,4.882615353277759,US_az
4560,3.523379338050208,5.353994952092309,2.5930120774036323,5.682428101272747,7.033538786673309,6.42595444208563,US_az
5277,10.716103925551092,9.944186331687424,7.796764282064061,17.015669962855227,14.071189513940318,15.409096553382392,US_az
4271,2.9580192957017983,2.366722267795022,2.091628207781827,4.779882079043011,4.399195276746291,2.6693391384310394,US_az
5252,7.7048475523957425,4.700985968136259,10.596649696414978,7.379463724673252,4.801564179874989,8.085146307927628,US_az
5334,2.714539806764143,2.4432526582928302,2.4696094608201555,2.7805891708684087,2.9497696159665945,1.1735088613231268,US_az
4318,1.5946461540361236,2.541067066236744,2.122826966900597,1.4353736146613127,3.063910411913189,2.320894545451249,US_az
4818,2.266202622828952,5.621080282982922,5.835967715583169,12.81512472963966,7.946296173399375,12.75499741859874,US_az
4758,8.440274135105511,2.0993525984660213,5.559291550937924,6.185430206048146,3.435379733804616,6.126911449892699,US_az
4487,0.757482500139498,5.03976745829626,4.798078238723217,4.937922516398419,2.069362059570881,6.065780115391243,US_az
4163,3.049300403650061,4.214675573996404,4.480979221305593,4.414667054370893,1.6424820500171449,8.194735463095721,US_az
5344,5.058576034453758,3.529767421664952,3.3289943120660426,13.171651123118725,12.545319468120338,18.079908590364504,US_az
4093,8.163636036827596,0.9286007610903738,1.822989527528356,2.4377201991917943,3.467034648958596,4.390729500561425,US_az
5351,5.646515785639072,1.7786905876730492,1.5375276235025646,4.75194806226411,3.176135213091963,5.211602339614674,US_az
4329,2.332020120912399,4.123603155601743,5.719944297214573,6.115544627872983,5.663068505104659,14.32052500950783,US_az
4392,5.994681701194755,1.8225794195969,11.943906518371232,12.353657927478194,9.207689156909032,23.52817008433196,US_az
5393,1.004834431525731,5.742991103990281,4.4942314862334,10.459976266917856,6.887283066415676,4.27342822495816,US_az
4861,6.632620734253107,7.17455321262017,7.74459333125124,13.860305914648016,12.446147946983196,13.83757202431029,US_az
4238,2.663919306141444,1.5441177876375858,2.651586145888896,5.3142209248936165,7.072659242878394,11.617392685674274,US_az
4966,2.0067151752571,5.722157388103342,6.1912449954293045,8.532890017122352,2.28329750612348,0.950837517000934,US_az
4821,4.134029069907734,12.713906234107162,8.75758893636172,1.9693906699614911,2.059026374802821,15.632086483474264,US_az
5281,2.7026667013582646,5.394570258239817,1.7758201207183542,3.144056577365885,1.703754198796768,8.585416887106852,US_az
4114,4.04110440794066,1.6209791156542936,5.4897350347729805,11.409789287915626,7.956183591341427,6.304333529619617,US_az
4631,2.049512614615967,6.37221184133195,2.585145782751927,3.3403994841432336,4.923376919324281,4.577747570152827,US_az
4708,7.928605138690013,7.819425358514365,12.7337352604445,11.954510143703205,13.74474703890118,9.626948740364847,US_az
4874,1.821662913498576,2.022025966898786,2.2226875498227927,4.103299548466971,1.374773449459146,2.7649046199232963,US_az
4440,2.3849454917905604,1.973311399537705,5.006922654541539,3.348156804428061,3.9549213106774914,2.112115936620489,US_az
4180,1.5728380175358552,6.401709888567143,4.625260006618704,1.2932268361937704,3.125709838624225,1.6422917144489937,US_az
5272,1.7162940331346288,5.802986746003771,3.818236979004381,15.198606056820966,8.454758785476285,4.974558615013033,US_az
4304,3.791766117331567,1.969802209093768,3.951107632565463,12.753456450913465,8.102158867594733,7.882961475695352,US_az
5220,5.57144294618801,6.975344600132004,8.351667750227527,3.2815890197828224,5.569488573291853,8.577463486090995,US_az
4886,9.104331223611611,3.901931294888608,6.238662466776019,4.584665402517935,10.389943892351829,16.42740244042337,US_az
4360,0.7329597252628448,0.9125220692638608,3.040274057490493,3.999709027462878,3.14098965351172,7.004619223828461,US_az
4246,1.431218221996787,1.2477314278483864,1.3664718632997717,6.057986202359565,2.508118207454195,3.711017657678218,US_az
4699,6.78889685590837,2.308437750355379,13.12466451030902,9.141186531055707,5.984323111390998,7.961836196508388,US_az
4555,7.651723549188309,3.806311678056151,12.816218591525812,3.4567644011029564,13.0953041496952,22.502222098543427,US_az
4086,3.5407062053602982,1.866424900212468,3.071647043624026,5.089435147657342,2.857891836272475,5.234806052334678,US_az
5059,4.622107729009255,2.93715598648287,3.464870074575291,4.402375817820601,4.855545274719889,10.605567480073017,US_az
4805,1.668829251796131,2.0317555629072896,0.8228648153257893,1.9939934810059448,10.12681013169525,4.696277343292969,US_az
4110,2.774445538000915,1.3563489322020477,1.4112524109567337,3.070914963068037,2.219905216668538,6.376917476243006,US_az
5156,3.9767506305226,1.9677035739250004,2.9565956751185447,3.180315342070209,7.138060896093112,6.419309354501242,US_az
4411,11.288750401257795,4.7562332211026535,7.52357070876002,9.359712166986318,2.767198854459794,8.834612319118449,US_az
4098,2.7063318986010167,5.539306630197513,4.662021626106053,9.25192791434472,4.703529264747857,2.7899798329316403,US_az
5132,9.711380922887756,7.135624436138419,9.438293644829264,12.652658350225204,5.686105198832949,6.41729228905998,US_az
5082,3.675709638124809,5.799061562679452,2.0813716010946752,5.387816750875142,5.195509020045103,2.4040752224182405,US_az
5174,4.1528265105307245,10.699019340792082,7.270174652663992,14.876273286092404,19.71475338400039,15.768924720417129,US_az
4121,10.86402136902454,6.962598110720263,6.818335493802529,3.384501364235218,2.149292923213232,9.046766999188124,US_az
4371,7.653599098247497,6.448796651496375,8.854758663841878,7.041668812439048,5.709795789971166,7.89483760357053,US_az
4344,4.1818520544140005,2.658436412713346,7.423778178628839,2.3416238751774863,3.076529436703007,7.216041504799974,US_az
4099,4.7430281996646775,5.443345280055453,11.58889485397851,14.23494481050992,1.351976291678018,9.1281602722444,US_az
4330,2.7362205676441977,3.8997837194215497,4.978993681448986,0.5162080629277583,5.325001249377624,4.176150069409298,US_az
5302,3.44476860666045,4.7794025257234125,1.231461402454166,7.112832576940977,6.820183010613273,11.871908133258597,US_az
4350,7.38907179916348,7.274307342209833,6.74527542584256,13.07533886959252,9.988797532613564,7.448219419242775,US_az
4277,3.030974137184564,3.692938773325469,11.748209425340782,6.991618369772916,3.5465971612622686,7.345831947032347,US_az
5192,6.410321736667348,8.66310426635078,5.636397979168781,7.536049767447439,17.297601013928656,23.077580012036314,US_az
4998,6.028020222765245,4.549608263680722,13.294262252361229,13.59210897970936,10.25377978733177,15.239654427694152,US_az
4417,3.977443001312069,2.847845510951741,4.197908704841541,5.397998779201598,5.019612723658314,7.736924968594635,US_az
4995,5.142748926310581,3.2854105560627485,10.799141064233194,5.156475387115577,11.185957176787948,5.996272411109019,US_az
4419,2.0590348914291976,1.3343279190008253,1.773253953571018,3.4705049345656502,2.7446205605566174,2.7049352453094038,US_az
4053,5.522069618838622,5.00883402750687,8.108194470881756,17.441588987441303,6.113871813987165,7.469000118784153,US_az
4119,1.832379027885328,9.259992156549584,5.785711163724967,2.1269818133466907,3.927531546017464,10.161365234730384,US_az
4905,3.757744687916584,2.097190526383963,6.662785230801357,6.201640124905947,8.811094849240007,5.2728725091271285,US_az
4084,4.56303520657482,1.314007756451359,1.4193479535182567,2.862974677119306,1.718754737687333,5.067889384227839,US_az
4790,2.673767973273138,8.54149660505203,9.623839534435984,1.6516683616540948,6.41344652553102,9.199210950426975,US_az
5094,5.906280469720769,5.369496609471372,7.398087102239731,12.392985920086147,18.5395418818305,12.52466776937213,US_az
5043,4.91327356083444,2.034980669596601,2.550690174650347,7.421287261764971,6.147051888683944,8.268618598483854,US_az
4347,3.002642231546011,6.16738759729091,14.942381027781414,13.219757100111202,11.966357214311817,14.719598185003845,US_az
5169,4.760520904955414,1.5230141193240558,1.570128846981728,0.8391895176583835,3.4108123200353093,4.366432465789808,US_az
4166,1.4653616264503793,4.687875407823605,2.6791079404312863,4.40047252876893,4.901065016599965,9.692384544779474,US_az
4298,3.196411181731403,2.8828999665112773,2.9577883032545214,9.021703478686522,9.825545290861132,8.72753461253954,US_az
4468,8.81121322120446,8.005662093309706,5.35647851278984,5.210013300604358,4.706996511241321,7.500000462527643,US_az
4214,1.542275309233058,6.319861291223221,1.9401030747151269,6.112169821220888,6.668656714163991,7.000699979618502,US_az
4731,3.1213566019579004,1.7062828794343392,3.1555658209586475,1.2792122520755624,3.44576783212491,5.962724902142639,US_az
4464,1.615962895197084,0.6278911324156351,2.199201611748351,5.858219605020773,1.7850578022882246,4.498455711400658,US_az
5115,2.29980001893288,3.0506491005752454,2.46609722732364,2.288563099171689,4.911430022057011,4.72433539575406,US_az
4973,6.482985810115502,10.992847843171884,2.623048732425981,9.34918792408293,13.054944725006832,11.177652748095,US_az
5003,2.6382709159270044,1.230891903495932,7.678757453760098,4.458690733969466,6.930900099031415,9.87880971552462,US_az
5313,3.785198576630652,5.947195185698055,9.29295822875694,4.130662848073119,3.5817454562581754,10.920174485748682,US_az
4054,1.7876897038327186,4.051449164850406,3.5856576795388357,4.117208164232241,6.463099246041007,6.6655641472098495,US_az
4300,2.454771242097868,6.605335435722014,4.431077932318649,4.783838583027633,1.3661057113199258,8.003058282098408,US_az
5296,2.3008623722668493,4.640158621796124,4.856757697263234,1.6054518273769287,2.36861542656014,5.872345360118662,US_az
4718,7.172072271354158,5.895435756489089,12.301107826839983,3.7269081792211343,8.949003416108802,11.149761390818128,US_az
5339,5.821399353480439,5.871353329552763,6.855953419967499,4.930356934070101,9.113828414569143,9.82360269453972,US_az
5080,11.689440455490727,3.8396445027425945,5.278240609855425,3.408300072144629,8.61078067917946,8.477378401839797,US_az
5379,1.7409926058937115,4.595973756306165,4.692108982378916,5.952319368831045,5.687282821349857,2.233697784718072,US_az
4145,3.868528669026652,3.4339612082811426,5.325312901626341,4.598164559753629,9.31810515470363,12.21622148102985,US_az
4434,5.476061311873146,8.67074329374151,5.683412850131623,5.820187967899349,7.259123621751573,8.94066457106803,US_az
4167,2.651932779688252,7.576879457668928,8.229601760946306,12.101244506216895,5.988810688803603,13.993643190756671,US_az
5009,8.055160040899514,9.038739047113712,3.1202361698123395,19.56187937085506,10.215544385991311,14.012335829829334,US_az
4307,2.497023107698865,5.760514304003737,3.7403316817499697,2.9287411239173653,0.961363840069974,19.406832854496542,US_az
4482,2.212950840218257,5.66717382826713,3.094112789522312,2.7779962249309142,4.0522105883940736,4.600688646156954,US_az
4641,1.8948601374946228,1.3840631035703712,6.766216187970303,15.527968088262291,9.706680019897965,12.06580117037557,US_az
4231,1.2062852045012915,0.9946138019494056,1.6884759347498943,1.3608526542134218,5.871732954305857,4.810808777667487,US_az
5060,3.622159587518612,3.1227108949790776,5.275140737976353,4.6822029706617085,3.217574149068202,9.30476497830511,US_az
4442,2.8666440019790382,5.28557619056777,6.197427254523894,5.4747319084048165,2.6401473598785854,9.637663091829642,US_az
4185,4.067413848372707,3.725625248231743,4.7149717006059255,11.36916078593728,8.475253420763044,6.57205637242962,US_az
4978,11.91659121128687,5.411068014971815,12.646165435776242,5.955808502600453,6.252153585373978,10.794147629272338,US_az
5324,6.40470613176397,1.6436203716193338,8.66029879087483,5.318008706689977,5.724920136052148,8.047277173088013,US_az
4623,3.850303293003544,6.895032998785117,6.550573961747147,13.62008939012635,8.191064205413523,6.636429663394366,US_az
4342,1.6877053723120818,1.702432295474062,8.059587592073125,13.317603225271757,3.3432345076508514,10.060629396410068,US_az
4299,5.374943617611754,3.2498331081898435,4.208292516028355,0.8682093381024509,2.459586368164625,6.552225394871506,US_az
4605,1.1594334167611022,3.4811337032842884,4.224760641682019,6.490349249910816,1.4888103816680571,9.333667666117623,US_az
4142,5.0537619534772205,0.7038750987048227,3.3761857607721604,6.410081971651773,6.199652950039509,7.178036825789174,US_az
4245,2.559452941964324,8.670079080022074,8.196477182216599,22.32041425125272,14.703590491271408,13.590802051575077,US_az
4880,2.855404560312166,5.37192833957197,5.523807851430812,9.49748823188637,2.5899628433071533,2.1781743786333863,US_az
5380,10.478063782328014,6.359434052626874,5.63126179375569,4.772843042719509,3.53163651613961,8.766239934029857,US_az
4489,3.942684531643308,6.900118010577029,7.0563001391011735,5.890476446679271,4.449154489754946,18.65116486279065,US_az
5372,6.001271087081708,15.687514265784198,10.423964425065131,14.334921781505225,7.569764431064211,19.222591930376552,US_az
4832,4.583282195014596,9.650358616404256,4.933013870547885,7.345702924841244,12.209910341904328,13.786724804978045,US_az
4704,2.652793709481474,9.587746586141671,5.599742758020942,11.951580289680418,9.365713853245564,12.615789248758428,US_az
5093,3.508164785701917,3.695140774162552,5.735887813405825,7.53980482382986,2.406622514765545,2.83685442428627,US_az
4199,2.9901634107136985,1.1389897104616642,3.64532976502267,7.825906561433409,4.782716817712964,3.618309540681009,US_az
4171,3.695896333309096,1.4857884508180537,3.37162518065375,3.4705700345411685,1.6320235461100951,3.8626905517627206,US_az
4944,3.1630263804671044,3.3995987609942198,2.514748885179596,6.804026974492664,7.668015403700221,10.27976197758109,US_az
5350,16.42218392407747,10.506167455921672,7.984467049614092,14.00556262615078,6.966361320083263,13.94835385653028,US_az
5355,5.828546045281031,4.34117413798402,7.535885879912628,10.346845385855229,4.909921296494118,23.526998549614365,US_az
4893,3.3979182949097755,10.626116670983723,1.4231530867490527,12.35520047963154,7.117662246893233,10.66126041584676,US_az
5224,1.6593092403487204,2.190619546027749,0.7056125549690265,1.2834792923679597,2.745106615060092,0.6928469530678055,US_az
4868,1.964612179956582,2.4379291146829867,2.8023822486087293,4.048641060644745,2.0796695727842924,5.345024342670638,US_az
4079,1.4106448827596572,4.00435890076321,2.9546955460711954,6.364057136142958,6.527025830246369,8.00101692051212,US_az
4729,2.5102937194698693,1.3725041079385034,9.457021459926793,17.54832616099306,11.823861564936072,13.785685645032665,US_az
4067,3.786824738923905,2.1859363775357328,4.43629561985247,4.460432377579883,3.8204894056613856,5.036537619813374,US_az
4553,3.6634611186074064,9.914315110572591,5.9175958716008505,9.490251941787236,4.287952066826249,10.359484740867796,US_az
4135,9.22418937242798,6.143116793101608,3.408990515131776,7.651376359386354,7.11490284017248,14.577665103048837,US_az
4943,2.8893582934988067,4.299794477388114,4.036211967848108,4.460789438328352,2.386845010336969,3.5333848269338204,US_az
5193,8.038792165299235,3.52408486086389,1.820913166011548,6.754325289375026,6.63445226623925,5.124611527748868,US_az
4965,2.331613772528179,3.057367645472741,1.8552453956980748,6.8052939152350325,7.022837978588914,4.25574183984583,US_az
4653,12.92048733063298,2.944654036055305,1.7607722376045456,6.65804213209529,1.3884390510882838,8.627621482585623,US_az
4326,5.524304831013512,3.3795077126844,3.166778366311372,6.993253802105128,9.742954003411972,4.993832690210169,US_az
4737,2.227021705018255,6.363087848278666,6.926676293034062,4.192614062397654,8.518491426480804,3.460157690295122,US_az
5056,4.164848906388221,1.5072097378356069,12.669906941696883,15.827093458488768,8.068210639167605,12.387619832208715,US_az
4519,0.5032607700799487,6.384413391160549,7.583389458019393,8.863186444678403,5.5618924092182525,6.235439331176471,US_az
5298,17.244234353301255,14.224426154712308,13.672554605614572,23.962290068564865,15.062221415473786,13.552683114721308,US_az
5236,7.847650799452883,7.075068262165246,6.915212182391898,21.177110133482444,5.844892384404785,6.914905322196927,US_az
4715,4.026715659747395,2.953851301378493,4.24536956655585,10.128975603459365,10.326981184472324,4.484308750748993,US_az
4500,2.70712833175746,5.550488032077606,7.301594982789106,3.354959063229064,2.6854129156818445,3.240716847725869,US_az
4424,8.221439649161582,8.335029086897205,7.419665715782975,12.71623316120059,11.0411997720876,13.05683627841542,US_az
4610,2.686383269329447,2.930210520191145,4.245627105480663,9.557502654816956,6.486141858665213,6.050701189687341,US_az
4951,4.685803831169436,5.07958902515382,11.129662445798717,8.016442532772473,4.061865238920347,4.568029828112464,US_az
4324,6.146179915155039,2.777790364704457,11.348254551897726,22.69553961978957,5.354808284526836,6.590864679680157,US_az
4658,6.26955048009617,1.2616172108586352,1.4034688817544805,1.56351214881197,2.04287425242732,1.2223772634569297,US_az
4502,5.665194605367649,3.0066957475492946,8.450147438602432,16.726907292369134,13.152494180194823,7.423898281861128,US_az
5210,2.019625856290698,5.560644927033089,10.66172578891674,8.98443371808357,6.623208632828873,11.856825859206868,US_az
4576,5.215715101274161,2.350622723473212,3.930054973464189,7.163401845563072,4.667735703089543,6.892840313055511,US_az
4267,3.2980588836447144,7.026965535630015,2.221366822550534,4.629545946229504,1.3386543696596729,1.429291496835965,US_az
4397,3.5188935883385164,1.8684858844519243,5.482441600471373,6.615366608616076,3.7281026071594754,9.322799183963934,US_az
5232,3.429914544603635,3.594981598704746,1.0119525016991635,2.0869618359784607,6.395194147207192,12.613889750978158,US_az
4200,3.5275328023680284,3.36655205091693,3.5011497947462185,3.327307717644035,5.558333494736593,6.052494590520983,US_az
5271,6.632998475985963,8.821844262809705,6.654223045833993,8.140909399905038,11.609159982930944,11.956822715120746,US_az
5077,2.57853726247856,0.9990263389508698,2.389872172831273,3.1373054116676053,0.7124890008827177,2.199759380276055,US_az
4776,1.0821271371291623,4.173419591611859,3.7012817470870334,15.21688710215629,6.435766839721869,13.284493215389167,US_az
4465,2.1613892276665068,2.4111464528993145,1.7738012354230106,5.499455640473078,4.994353218531807,8.011860410759551,US_az
4971,1.5694550565411818,4.284047559928628,9.218710517777271,10.282569547069391,4.753806936061872,2.0836534357325687,US_az
5265,4.628577309543196,6.619335817542275,2.7622039728524546,3.698961839526984,4.721745994445673,9.46713689042476,US_az
4836,1.992823498424813,2.202052276155862,2.488078203080817,5.414749015423912,3.681879558937419,8.713800652156502,US_az
4395,9.792792842896205,1.8154645578753608,0.8098554596190329,8.52883772194137,10.854572300560896,6.438971383624835,US_az
4992,3.379770505249428,1.8811969927396428,3.5858505397587184,3.9288220787690697,4.28380977422132,4.429950579879899,US_az
4226,8.727481328060486,5.394509882448492,8.892870344586369,7.84555077723635,3.3320727632952094,13.617239462280406,US_az
4927,12.04013892558539,8.459841882807057,7.930878498875297,15.833024774240643,14.283565431219328,9.624938544339704,US_az
5070,8.061032216207037,1.5785217768732085,7.970552525460219,8.949908265194011,5.182735535439494,14.101911816060571,US_az
4911,6.959828846391809,8.113001846735168,1.8787720874484213,9.786665091740923,5.77801994286559,11.141569836899333,US_az
4791,1.044091116588544,2.910508030583006,2.4340907965317653,3.828544298795755,1.1881919310012,8.729938455847805,US_az
4358,10.965923794277064,7.93291627816731,12.92964998258294,16.49731626752539,11.406602979984235,16.52135472090825,US_az
4596,5.110336307742109,5.793023385867531,4.711966401829919,7.088273697423536,11.618833859242372,15.703802708132612,US_az
5091,2.523058445177776,1.4657909628218022,1.3259556413745852,4.100704550172154,4.191813670859764,7.185105180654121,US_az
5184,1.3704175634902718,3.506301132275105,6.22631180439712,17.734464019001127,6.376756598062627,10.793118944449896,US_az
4071,6.749073571745297,2.2799560998632327,9.564084698492904,16.827691192918163,8.434129484433505,10.849625985403645,US_az
4338,4.60673265079588,1.7379240047191338,6.916471555802294,11.755054352104311,6.5807152291074456,7.5406488626563375,US_az
4274,2.2278085768211464,2.57833093713084,4.893646820641241,15.696401532445572,10.962415578135603,13.394793826623912,US_az
5301,1.1351253080319017,1.8226160636081148,3.021265987382704,0.9980728432338496,1.232165235846833,4.40474175693268,US_az
4075,3.8674932742005694,1.5954286746517647,1.0213102276224246,1.2223740056478154,2.985651223668699,3.852762723461106,US_az
5127,4.950159635148632,1.9688025003536909,4.428225373983548,5.353039212585733,3.971282003752485,5.25668115961876,US_az
4169,1.545998224963251,6.230892479343569,2.20029792823681,3.3507465622337103,2.315221300226614,9.53301941907336,US_az
5031,3.417242495396631,8.022051746419375,16.780764302123742,2.9040177203063,11.232818536742652,14.898356200175664,US_az
4459,1.0785296951363734,2.8951398553027587,6.186711861627726,8.669039847471891,4.079273575695065,6.656181182739163,US_az
4414,2.345240458032253,2.663204437616698,6.538190709194992,2.674754974889932,3.1247656726114967,8.840790597881332,US_az
4148,7.4389280283205315,4.815762408853501,7.517457676083191,5.264612335706325,3.5542072197338084,6.583859631417262,US_az
5166,5.20294671013599,4.200274335596544,2.292142946175805,4.56571045581085,3.739700262664909,17.380171745320915,US_az
4314,4.282484112575095,7.845400418820845,11.657331714752294,5.840660507303482,3.7355798845236494,12.036001825715845,US_az
5167,3.592435071018529,4.033867415603268,12.155085027504567,6.170504702278714,5.991734999234248,15.618409414786736,US_az
5058,6.8772825261457005,4.480154326258608,9.33535228197379,15.539980437662829,13.066938824442651,10.460088991585906,US_az
4996,2.861970427272231,3.4423289938576294,5.3422701812925295,7.07072991189581,8.550466684090445,24.87364115758501,US_az
4232,4.0376717850682375,10.29833259504271,6.352802387771687,14.554876905192264,8.895325889645665,14.001215702764094,US_az
4155,2.195535676166669,7.709230275026567,9.497421288421844,4.686743603415336,2.8667283543686817,10.636379424114995,US_az
4627,6.666597420754072,7.34228017564065,1.5298927303770518,6.824406741460301,2.996095115748111,4.875937036833186,US_az
4769,1.5431770779725555,3.4140766111490426,9.174298171118044,8.319681613776249,3.7879666970273114,5.466987384363812,US_az
4616,1.8107372272935884,4.606398462316587,1.5373695166886463,2.439117090882453,8.402712782979304,7.893774208685275,US_az
4237,6.718472280292266,3.9095119906475935,9.345994754652729,11.973034148871502,5.275486523040075,6.190630158971317,US_az
4520,5.791744897596332,2.827740594373138,6.330599228807942,10.068336560500311,11.407369079400752,15.80114424920134,US_az
4433,5.680935934447563,13.09157019088624,1.4407784263064871,17.467546277305086,7.770404919870354,14.291360880492537,US_az
4656,2.176401190635372,0.980191052204265,2.652275593820238,6.063772940845808,2.2240053312260253,0.9194489666416672,US_az
4124,3.3483568813785256,6.303211510657125,3.092909741128192,6.264567046849796,1.971885006290695,7.147230115175469,US_az
5197,2.17867935992363,0.950224140271742,1.466897545691111,3.4458449280520806,2.653746576540799,2.6290103628514307,US_az
5023,12.919288571062166,8.321661663892806,10.476491956213849,1.9624568252068668,1.814615744548236,26.19081784849985,US_az
4399,1.4050010480810309,5.391626093120855,6.672141489296,6.675238639401394,3.786462079891058,7.343267503975222,US_az
4934,2.036427636534119,6.555932759367386,6.706663734922497,12.420760232273842,3.266477322342513,12.157833863520894,US_az
5279,6.100962174025734,5.451419121369846,4.101668635124274,8.630044683594388,3.8392658138233022,14.100361691231123,US_az
4082,2.516173564796337,4.474632959580621,7.127074494286225,2.1217192315881546,5.680173560703449,4.954307618030641,US_az
5178,3.910573513113515,2.778470162129329,1.675233508206274,2.501667530693816,0.7300192657011388,8.87100587179038,US_az
4849,2.667078099185372,3.4979445044702926,2.702263007334226,2.643152222241286,4.381067765097645,8.145628754057537,US_az
4092,6.880432516978999,4.277899399602027,8.863603205363376,4.707177765294017,3.1475554532907157,3.626036089167543,US_az
4557,11.85904214460242,5.08523024324801,2.8309069855596496,3.4066682373084527,1.178583440679675,13.091094503640887,US_az
4210,3.1179912972558723,6.266765653195785,3.6630964973894935,3.7900991627892258,6.192853417441284,3.2589234476192064,US_az
4711,4.336258790267761,10.420077600501314,8.564378954245786,2.9557682330129342,1.5229962371393702,13.393331790665366,US_az
4786,5.247501955888775,8.278694684463984,6.053570048584901,31.98130635684012,15.469213950496233,10.01837083704936,US_az
4688,2.6134422326214577,3.1140969697802623,5.282693705560676,2.0361099351313623,3.3009513949553404,3.826384404436482,US_az
5250,2.99369727037255,7.255316002075713,7.137944492562826,22.03281804499397,12.679359018778785,7.679931170744587,US_az
5068,3.888776355645593,5.348285226056701,6.518130634271763,14.549117178837369,12.515075774282073,14.547773524239055,US_az
4447,8.351188725363887,3.3393734837883544,6.559658550096118,7.686703741537951,3.845039269507957,11.356018060946411,US_az
4105,10.51595341705006,7.095213004353789,4.325499881370398,7.688427932862185,6.529048537798681,16.177330992277117,US_az
5135,1.0724523080633084,4.924330107490437,3.883173349903806,14.87807562633011,15.112158281695722,18.244486690589003,US_az
4412,2.471543988477141,5.144864622747154,2.5757276204251425,7.0469648177705615,3.723168860544154,5.071887701232603,US_az
5041,3.345210503951954,2.188048388889042,7.907704326518816,11.03506503150894,9.7572479117359,11.60153726199216,US_az
4455,3.970142205738327,8.411020304810705,3.25276857034166,5.76587268703809,8.821794675780344,10.115412207226784,US_az
4474,3.9969403870506026,5.7795795645577055,9.568336258252208,6.433672354838964,2.988950473153952,19.440431329948357,US_az
4501,8.169523810618923,11.169332757480442,8.231698829204142,8.731835904037677,6.533978465471876,5.606386868869485,US_az
4730,5.337311175559835,2.8830185251766296,5.003362994924095,11.415406178896433,15.71544217748087,7.867515343958118,US_az
4337,1.6039644928592012,5.081937582878239,7.5357765765176445,5.224970766492974,4.120322438351473,8.628817843577838,US_az
4645,10.920569569069595,8.889236382901338,13.504041380378968,4.26495869244758,3.2204035656778283,6.251661441230416,US_az
4280,4.282254248823702,7.5197540234863105,12.941410312259832,17.55739634325901,10.339342896262984,9.976616993262397,US_az
4406,4.926143380506046,4.929863315201308,3.1065391150052077,4.315716585351317,2.5566976989425885,3.631305355156242,US_az
4875,2.49693468819118,4.046465000278938,2.1446405447357604,3.7310171117256816,3.173290111225922,6.006323766494213,US_az
4824,20.710816506661583,7.812610307376685,5.798177094348941,1.4931125976575612,5.58829112394388,11.779054497260192,US_az
4888,6.9290702957398205,4.538534246222247,6.559800289490775,13.000524315575865,16.53832135088224,24.404879155644824,US_az
4062,5.766724664082816,9.041003677486165,8.111307028751513,2.439425903437305,3.505905981769159,8.085249295303043,US_az
5180,3.540841768347996,0.8033861010340811,1.708551016616744,1.2019522703078158,0.486817147268188,2.216291221024456,US_az
4083,0.9837510763914812,0.9357626265974128,2.964002255138181,6.441314065160937,2.451089599921925,3.737103463319417,US_az
5260,2.25620859677462,2.5571486576374927,3.483829997770129,5.8867113253617065,2.909315290487872,4.216426254618655,US_az
4744,4.046039390376219,2.670338578158152,1.9605908111504,3.982661206389889,4.757920981825822,3.4158033659652847,US_az
5361,3.924350058238163,4.45026666818204,1.3047593664603974,5.270195153393455,3.56252664367658,9.93760175926215,US_az
2534,3.243487831178572,6.252570559770438,2.533688019094738,7.242327886374355,10.576994998822029,4.566259735323833,BR_caat
2591,17.40662321695915,7.483403738997961,6.925603511239327,12.454587925126274,11.586869575180549,10.638561683235633,BR_caat
2894,13.913865031030888,4.7223216755704085,23.964224469803025,22.195462984719796,16.251113578615815,17.332217708263393,BR_caat
2027,1.8415696703101072,4.501963999817051,19.52643230135249,19.54176976959991,4.95752206211089,5.016822189575431,BR_caat
2365,19.90141646429119,16.470832470529327,26.49229771807368,17.95377684040702,3.144962951270106,8.632523210179729,BR_caat
2885,14.163072698326117,4.5143040772674174,8.236359762016729,4.5485724293877485,2.2912567163516555,11.560785029417628,BR_caat
1910,24.927905628209697,5.48808331991563,4.361153669151084,3.934109416438088,13.744207794601431,5.684045899051061,BR_caat
2898,5.356152676194832,1.7751954737378146,12.41368194098525,6.954520228666932,4.268776183493069,6.737084418964042,BR_caat
2797,10.944620330182126,8.752799713931664,3.438729797144829,11.87792186265545,3.838555826660501,6.271117208668807,BR_caat
2691,14.452102095453771,7.998385182913687,3.398007826415008,15.270133640198605,5.724336166248481,5.869339721336249,BR_caat
2993,19.79483633925219,5.5856127031821625,24.487719531861647,18.346268285538823,1.5227475596372344,6.82365141203899,BR_caat
2572,22.307068552497785,2.158272557968198,18.531593347187936,23.913709856679777,2.723002567235884,13.77020812753725,BR_caat
2655,10.97812454363548,10.861058486832752,3.2718367201345884,1.7112118636360685,2.507577205249012,1.527264920717316,BR_caat
1984,9.411379659339287,22.331271731856987,26.985976923771048,7.2120009170323325,2.166372386389375,7.908908776171705,BR_caat
2781,26.21586463077873,12.127067002928747,16.271030704959234,13.437056680933212,17.3955757646509,29.423108774895745,BR_caat
1833,3.3215655473053345,5.494355903355722,12.569033744275815,10.833043096448304,10.367372652435549,6.392865120969809,BR_caat
2030,8.203716303688047,9.816651743293916,4.433244004544698,9.296013748600156,6.165206421662577,11.228090276394417,BR_caat
2004,12.82113818672783,6.994083487350936,14.370563568833074,5.829391576069713,8.430917819255997,2.4580218446617192,BR_caat
2169,17.22961422229278,19.6634631095396,30.191974314351366,37.775849908182806,15.731516564883597,15.052408149681728,BR_caat
2048,3.0367548051364768,2.330504824954891,10.96715072365193,8.115597758877428,9.93411030490936,15.437678845708012,BR_caat
1875,24.348379426577026,26.220557639252316,22.006250758854552,5.216564926946342,12.074968340274996,18.19925528817838,BR_caat
3019,8.676022880522837,7.868832359496536,23.269051704338118,20.201191080952174,17.487684963021817,18.95264965366297,BR_caat
2339,21.01394277547168,21.383214958985334,1.454784230645901,2.76631190800073,12.157044311775357,14.06841814872196,BR_caat
1849,12.542538441864128,5.754223060615685,15.96317722425638,19.89935971991655,11.579093482888537,13.728546961824104,BR_caat
2645,8.273003850002668,3.106275720606896,11.959129081905177,12.27675969468334,6.223460573803697,8.653835540315727,BR_caat
1843,8.984937879955735,1.288338140362443,6.832040654303224,13.601375576552648,10.182415292937144,4.621741943723063,BR_caat
2890,10.340509738157715,2.756332806798676,15.543039276559815,11.463354404282589,2.7795622671099225,8.755785972104357,BR_caat
2855,3.3737964609546056,1.7558995346243114,3.14677628606602,19.45022118647896,15.059891086101816,5.295096425118397,BR_caat
2589,20.424405961263677,4.942694059740544,7.058946442655299,9.428314012484314,5.135139841617497,13.818062931369218,BR_caat
1828,9.249095751910216,3.606165554474052,5.49330503226809,1.188510236094587,4.8524330944171625,5.485265977692946,BR_caat
2026,27.40172236131141,25.51508426735603,13.255168873893144,3.976945159059216,6.714648195738135,5.381550660742777,BR_caat
1949,8.255252604662779,6.999294587021123,4.675026848555432,8.139001499815985,2.6227518393425555,2.538479146682089,BR_caat
2543,8.523594332915579,7.56246079646848,9.62415723157778,9.57129314737018,9.66204919691485,6.610811919840506,BR_caat
2581,16.329859122987063,19.292598674294887,20.94516282805941,7.028847131639948,9.902994249919194,8.12860661202252,BR_caat
2744,22.35217556711625,6.359223640047756,3.239112818423405,3.847995712481757,9.733473870783987,11.203814752926856,BR_caat
2690,3.357958701731769,1.5955029354881611,0.9760107427802714,20.243334071615003,7.88257917919231,1.3630385620045922,BR_caat
2713,19.560486029005585,22.470841743194644,3.879863383565596,3.037293423259318,2.6729811008356426,3.9706454631091774,BR_caat
1931,5.312557276126638,6.121355876089703,22.677780175236595,14.72996952015875,6.203511351788398,6.540771988220216,BR_caat
2830,16.80315952713787,13.90534068065233,11.565439372279444,6.839179366060819,8.145354625145474,9.137627227796346,BR_caat
2857,12.970132913256258,13.389448285539023,11.177552334492786,3.056631106041077,2.807153932659641,3.4088132832140507,BR_caat
2347,5.826988607854986,12.601985403195252,18.513222178252622,13.713856224480418,9.441760794906587,15.985972857660222,BR_caat
2875,19.508735559220053,18.91731665204459,32.88357607077256,29.518064730270066,7.004016647755578,7.030194155037092,BR_caat
2036,4.605238208373795,7.092527528339208,15.18370689300686,14.058433549818933,5.791398160883444,5.319499533715306,BR_caat
1937,4.023691166920533,14.35037258235629,6.398062491450213,9.111612648648263,6.239241122952365,5.845362943548639,BR_caat
1887,14.985371105596588,4.51152181652631,7.842119485435885,11.694246425354828,5.220806131402375,11.989384198442156,BR_caat
3036,6.999591986354627,4.007072709020317,8.291536914290784,13.783324156836766,16.33711463003906,21.94688457325687,BR_caat
2214,13.29369823075401,10.836290457641065,6.622716513039047,12.00997785510967,7.767688003883565,10.869871526952553,BR_caat
1879,14.811311193666514,9.711594603003135,12.690956544642829,14.869062328094907,7.627004690984999,12.718412811336718,BR_caat
2619,11.614394736488212,3.022742309470074,15.521740221621185,12.563846782341518,8.57528796250571,6.296073171208926,BR_caat
2848,12.702565373876704,1.6776726450336932,1.7922245198510625,5.716024344602599,9.209576921633747,11.999531233559194,BR_caat
2753,3.7469729012424615,4.774420066505308,15.977176963421035,7.031386493812861,7.521468225292076,16.262009538893007,BR_caat
1856,10.607171903285456,18.88633456482762,20.831857921494144,23.938717687486037,24.2084440868613,25.269719622413557,BR_caat
2453,4.030117692933207,6.167576473977911,9.010983250169572,2.7724181159565777,6.322015748361983,3.953897361724626,BR_caat
2961,26.92364408651464,15.337303668720104,16.463147306635367,9.328588048595869,8.271297886829165,15.30220137033198,BR_caat
2759,11.394188254992557,5.167455096515697,7.374811049353408,19.283446242826894,7.3737792572331955,3.3093426362570764,BR_caat
2468,13.606731447721574,1.494944746382104,13.003523642181392,16.90552900240213,19.26813166367784,30.2544907817901,BR_caat
2140,17.545838488824298,15.081759130174794,12.089755373286527,14.10768473009441,20.107789499072624,23.603345919451225,BR_caat
2093,5.542944962894336,8.197556038001913,18.33602721273431,11.847488614360769,10.569634056559632,8.845404711280663,BR_caat
2726,16.827428611158485,3.2958388662494515,12.689120415752344,11.076872489813214,12.069858436426316,10.65929648948266,BR_caat
2277,8.484031125070302,6.673087571568318,16.696732902814794,4.1237550087711705,7.782833752824457,5.645116675131103,BR_caat
2352,8.030300966908761,6.315097240454301,20.695961770502453,14.37003378263734,5.219858034166896,12.992899066363616,BR_caat
1901,5.126721049141154,3.4804781533186624,7.781799116130665,6.499033192443927,2.695377763163073,6.331114738897403,BR_caat
2876,6.547948803511465,22.212967633048684,21.078919411518054,11.246699664264218,6.190155942617477,12.163115343519824,BR_caat
2914,20.840318310088307,14.537901221275083,11.264740519352625,16.765553445583638,13.577422805271835,16.370216719316673,BR_caat
2687,21.61603936937227,14.013731413566235,11.460482897218938,7.0639687624410925,7.468084227286453,10.850250392439742,BR_caat
2123,18.619680798453675,6.822618292056573,5.198307514416515,14.677267820692045,1.331501453522735,4.681686478941718,BR_caat
2755,11.274723822343828,5.633228316218814,8.081425243009651,13.709602224412306,4.163756391246,5.410739204267883,BR_caat
2648,8.172888206366862,6.501563280167794,4.03511531140056,7.12391282081512,10.144135810174754,13.58396502204222,BR_caat
2077,3.341684173761037,4.064414163024293,15.565569634772682,13.061310029182682,7.9643248613184285,16.57785748074057,BR_caat
1958,3.3812319730854474,8.794608206292915,10.128182308455768,7.693567913924251,3.238351191939484,6.540759772836981,BR_caat
2606,16.508352460931324,4.06475676272732,21.891147651487216,21.65320895724586,13.557934740330422,21.175584067826847,BR_caat
2544,14.043064857181944,8.318810042121736,6.175535535388208,5.552056331050334,6.3993968611230825,13.810699042696076,BR_caat
2252,22.814056920175904,11.256884856270712,15.439261871007226,7.700037778146123,6.3367297592178025,3.871980278490645,BR_caat
2335,14.878192704420712,1.8745032038776728,8.879373570638032,8.877752997906327,14.405515635961413,10.559335818638148,BR_caat
2409,8.741025402856092,7.484696993195736,5.483767403859023,11.070013078051376,3.622024482974433,5.931249799783959,BR_caat
2815,10.003655795193142,2.817940492759252,7.189893945974017,8.2683972694399,12.588698015141343,25.709126474729345,BR_caat
1899,12.960827376430071,3.1166040781243707,9.816414618335552,7.990755594251417,5.945410698053657,4.461490748279216,BR_caat
2479,11.382224473533684,15.440132354643543,30.37241953117635,24.581875225971185,9.977157071441908,19.423972207082063,BR_caat
2448,11.482267952450508,9.262523926037437,15.2813205480074,18.65512713988177,15.060075908218195,18.52567964428337,BR_caat
2854,13.96215219441847,22.11937599483062,19.880342632092876,11.82177082708256,13.053402692941813,15.170725189227086,BR_caat
2072,0.8364496968223571,0.8651537238750395,1.1444513411057635,0.8583674556004336,5.259663643014521,53.83233580753237,BR_caat
2023,10.941533629026369,12.029948744175144,16.3260862288134,12.705349906448433,2.135843149641214,3.196116426763405,BR_caat
2423,18.70665136080218,3.2450288283887385,16.82395651514697,15.871149426121647,18.46758594733586,14.304922753352695,BR_caat
2239,13.122001082711408,3.359788258769832,4.865910879633772,4.292186012964857,1.8906006596729368,5.257545015193348,BR_caat
2418,4.290574902885364,4.050798739303973,5.612304175346721,4.648869006067147,5.1694322403497175,13.481277484762336,BR_caat
1999,1.8963021992853035,2.6848953505530777,5.053100200939839,8.094832919536763,7.157144887295583,3.766756515605944,BR_caat
2883,6.665903078791474,4.451725562113057,3.0240245618901294,4.941664808776316,12.796190069165783,39.34459857434965,BR_caat
2228,27.60651683531875,10.05173060705545,15.310445804367577,17.280283765921684,2.554445991303828,2.231495883891224,BR_caat
2182,2.497360311067779,3.367805567294101,0.9196255028464964,0.6583787828443938,3.7256363110267534,2.956280248376876,BR_caat
2447,6.1228970292656575,4.841636539571433,10.14687646339295,14.196853488968282,4.834107935226338,3.4268942931595574,BR_caat
1876,3.7868237303136274,9.732466715510938,5.614583393668033,8.735343145365334,8.48152935185578,8.650705609037098,BR_caat
2263,11.243792580360983,12.284080353699885,17.34401677245088,18.40134663402475,8.865368244520692,10.863193796832975,BR_caat
1817,14.59440329016649,14.663902410842436,19.25675078230303,20.538538400404967,1.3050092174693284,3.684882081179564,BR_caat
2104,5.323445276827373,3.58130483171013,17.424616977907654,13.831381569440891,11.011776861620742,12.694477471458166,BR_caat
2796,18.563055141998788,6.985489785615725,10.38638406887006,13.269417851214438,6.543924490969547,8.025137526294834,BR_caat
2016,22.87743505007868,26.790863795655863,16.642386653168312,1.1546676838313017,8.841863531634305,10.203865651203598,BR_caat
2762,9.504787556395817,14.571606682156254,8.539859889560438,4.495565001997111,13.440122525738332,6.620614003764497,BR_caat
2158,5.751972533285865,2.934571700825541,2.3608366529485565,3.147709671494101,5.831165927212058,6.151294220323441,BR_caat
2227,1.317462217772693,2.497195261375146,2.2528735070316714,2.1837569409363438,1.9009478608195656,1.2865865286785616,BR_caat
1945,15.745403160032884,1.3810319928037411,12.054224132014657,3.806544586622852,11.925801803396949,9.866565176101254,BR_caat
2340,5.868963176408745,5.170485975345058,7.05434303430188,9.145258905042196,5.294279211541591,3.546753739653777,BR_caat
2038,8.66656990001169,6.89716134051512,13.14796822676881,9.34476306515618,6.016200389521089,9.569807641925989,BR_caat
2083,3.909783356937941,8.8790793809026,10.73962213077955,10.018077572361497,5.784080123288272,7.24845600690492,BR_caat
2729,18.16688919825091,13.111806692735506,21.302144737766938,17.35754957700708,8.67482910823958,12.770824344730595,BR_caat
2718,7.704223244997549,4.826145224170477,9.176282594175303,5.100567799962753,7.891311589105089,21.082176239329723,BR_caat
2638,11.64726399630838,15.88271566936304,29.80140315679845,33.692764056670335,24.137131542200294,20.743787696418543,BR_caat
2518,8.34756450828544,9.074977927227216,11.258385744717966,7.695967460280143,15.242113270327607,9.504860825049091,BR_caat
2318,13.83496761596845,10.14804341546694,4.136834435539503,4.497093385766343,5.497484224687174,25.516704759267025,BR_caat
2432,1.577673076299843,2.2675371392688914,1.066701097086198,2.124272191694311,1.9898423259847475,0.5280534627827517,BR_caat
2460,13.865926962814871,10.34828957950237,20.377051837594443,20.92650088403465,6.208364510469053,3.934949214148906,BR_caat
2994,2.677024036273549,4.03135324993802,14.575071940866748,14.665989967041808,10.995207261427264,10.356009933100228,BR_caat
2408,12.473838988114348,9.26809124329674,11.102890452953256,13.31022605561655,15.057898064691472,17.85102158727266,BR_caat
2035,13.104796067272469,8.51845572366248,9.554668913777991,4.070975076414043,7.663060267440922,12.52045760532114,BR_caat
2288,11.620274271283405,2.2290687737471098,5.047926728792459,9.66807395077761,5.377019478387798,15.011092660002303,BR_caat
2414,18.865324991702728,11.349096841204046,24.265289640330955,18.043830885628097,10.369946060927312,18.710196407654987,BR_caat
2852,8.47045064944932,0.667527386457143,6.065606032905517,6.368444879967447,7.479012811262135,13.870308142562896,BR_caat
1903,2.2169477083465328,8.205249821194675,5.417107011100326,14.061228797739524,6.120550147280571,15.704811569989722,BR_caat
2066,20.090530853111936,10.357344911369772,11.42989976765928,17.238311457131896,13.255549326429568,21.005835249329674,BR_caat
2540,3.335456244518304,8.458385039470706,5.510947617973719,15.626952730301594,13.76124631114463,12.65861941570966,BR_caat
1963,5.205961632430724,7.983214291320801,13.409704384062396,12.1046868821834,9.72484137371164,12.159517600384786,BR_caat
2881,9.362723168382727,5.887575376886575,20.94388978777442,7.264733534875088,5.67881630001484,3.733833814221025,BR_caat
2695,10.2798681748197,17.9637099881059,32.24526759120989,16.966676994695742,8.236531647772681,10.440446411264675,BR_caat
2103,2.348145336514316,8.831877744932461,5.8004022906327375,5.284942606816676,9.664279863484335,4.489304780675445,BR_caat
2945,25.84138309768668,8.787830363801627,9.943439617670432,1.776745413193933,2.759362805887555,9.806520173549194,BR_caat
2827,10.83317900418819,5.899685237389523,10.58854265831765,5.446237426839673,6.355620634245339,12.2014348538057,BR_caat
1780,14.742093386588872,8.074765843991587,1.1489059567498645,7.208389814860054,16.521963106254585,8.825453935615714,BR_caat
2942,19.551048907729054,4.667572238234419,3.308607406795708,6.492453654556575,6.784090003663805,18.64917486191777,BR_caat
2249,11.025000784848196,5.246317906968072,12.653570142770524,10.971225254045043,7.9931670336901615,12.48787325554552,BR_caat
2071,9.691860559434213,13.780803664673838,16.831355534518778,23.896190844285844,20.05473897843388,11.462387580724874,BR_caat
2712,15.523175564132044,11.850939867971922,22.63911314107372,17.53431297698933,4.198797866971063,3.428878694421457,BR_caat
2470,15.095710732873872,2.86378174761367,6.191456032464258,2.5322073762405606,6.098749656748387,6.47282300779294,BR_caat
2438,9.34057616197608,3.776319078885845,7.106722613495881,11.08124794420493,5.2526866046082406,10.665631457530926,BR_caat
2895,20.431258955519407,1.810073394726791,3.294871671141494,1.5167086543395534,4.265998820827476,15.174680607462772,BR_caat
2211,4.4057640360451575,2.807687882547917,6.8650270072805695,5.825176053744323,5.505507548729436,7.969470659885141,BR_caat
2396,16.582846626590754,12.876843185913987,8.4097615962176,13.638172398667088,9.591456348013038,9.286269218439037,BR_caat
2461,3.518167009963914,6.737397675639937,16.613051133455613,23.526363338662428,4.882890899325095,6.828854475005962,BR_caat
2232,6.313364566300415,1.5511100152514803,1.3597579250768552,4.972537527310866,1.957331553079937,1.050139125631681,BR_caat
2545,4.70667870964132,5.162113675655181,3.853759925981088,2.94557487156914,11.382830912193432,9.145641015939354,BR_caat
2428,34.51170454670522,1.4873416822212338,4.775307267905804,5.187955758900478,10.63261279178754,13.204888327174665,BR_caat
2738,11.322763702892802,7.799256696311165,22.01741963788769,15.561768065233382,7.532485596787501,11.589869753668806,BR_caat
1935,14.477734467736722,8.151238270178395,7.348809069607003,2.2978896572609755,9.92236288923413,15.761715923145385,BR_caat
1826,7.224690237808486,9.448854445463002,10.50519699190402,12.536080146496564,11.872317313820076,20.87009811800784,BR_caat
1927,6.519806940972638,6.090525289049788,6.053266601903381,4.828162693375638,4.970751133437927,13.237978429036314,BR_caat
2407,23.094586556593764,7.418350383036287,8.669966538364989,16.097057397447465,4.405943880376711,18.68539108806562,BR_caat
2362,29.59925699579888,34.30412650875112,10.413647014617466,7.245189201682359,5.944759970862405,15.444067450524557,BR_caat
2138,8.784193463279479,5.723815387704705,12.451275787449784,15.14468261197839,6.12043777812301,9.01412205155794,BR_caat
3012,22.54967747940703,5.589795980632933,18.14042521442403,12.006360417548892,6.247432425737535,7.195145333100839,BR_caat
2697,22.01974786245544,4.0341593511405165,7.888643684802953,2.3858097305046533,10.686610019448487,6.490242585517865,BR_caat
2514,5.545130461568857,3.2415459007173872,13.695238117162235,15.091046355692766,9.990183073900496,17.099092103460865,BR_caat
2494,7.001173162659335,4.703613702020719,1.925939816509687,4.720060439653339,2.103123917111448,1.7756226759204932,BR_caat
2551,16.987647178083993,7.031696254763094,8.047999643942159,17.908813469275046,18.868540406684275,4.8063822744651965,BR_caat
1795,6.95313103451331,8.399600223165,6.981760811589617,3.2394298747862877,21.415871634906058,16.712688470462073,BR_caat
3025,12.991303505326592,9.404136897878113,18.75304921289268,17.52953166202752,12.89429454134767,5.831130193835996,BR_caat
2904,12.932728691603296,9.870073787236452,21.225392439353865,13.8162441333734,11.529971910418809,9.434046956410777,BR_caat
2200,16.979185715448654,6.748432750879539,2.147367672460504,1.836522312699359,3.625664660667007,14.046663877570316,BR_caat
1894,7.898906020272407,4.051076598588852,3.0846235781642792,5.245305499102828,6.063222262132373,7.415271645272241,BR_caat
1972,16.2248092053246,9.80426358466287,14.53851154498084,9.786516136968984,5.741399463257746,11.860855230765978,BR_caat
1819,25.4342382982146,15.25845969993304,6.460784683052989,7.226027935063918,6.842828817128941,3.886803032129347,BR_caat
1970,5.563741990093956,4.336434831191641,9.007969887248608,10.751721393246868,6.468721456311811,12.339070180874907,BR_caat
1954,6.28663523169417,3.541026112041608,3.097023120136028,6.970371528460573,14.313104125429858,22.886847767392464,BR_caat
3008,13.45948785124094,4.067642626758901,1.580620203889422,7.792206062033623,10.751836945432933,11.036407758757123,BR_caat
2442,3.420289969449888,3.9641204459002073,2.37482313677027,1.938857851783216,1.4812919445892188,0.2628173086958383,BR_caat
2667,10.079558772082148,14.178991668107336,6.444622285922713,17.283914559700577,28.8360610754218,22.737539846202225,BR_caat
2629,13.566462455474932,12.12464024993047,16.07838455229134,11.03389826013468,5.441520917126305,5.9249561348564965,BR_caat
2865,11.956005677147076,6.717711847534732,29.4539871384458,28.609150030225717,5.05051912211652,13.338330740393175,BR_caat
1858,16.44841270170655,11.162414559442444,13.398606766295952,18.343427662721417,19.741682665701383,21.32760353322196,BR_caat
2327,4.140066087962103,9.052195211107454,4.027426119110042,6.36940901010641,5.302260544954495,0.9797255815797034,BR_caat
2079,3.849415984551369,3.398323788080103,6.173869522450096,7.097817928233578,11.35207332503431,7.692875226309155,BR_caat
2343,21.2920903031584,8.541407768498832,12.195039303535964,11.70354485482879,12.03229408971463,13.722152141504262,BR_caat
2635,25.702822020645023,16.48753792935792,4.907844284303394,4.810468972272315,11.500479942218838,9.245899660477091,BR_caat
2314,11.188372434349738,5.599962116556863,6.66765434456861,7.559664820260859,9.546702369682684,13.08627736412823,BR_caat
1969,17.627928011504043,18.91672079820616,32.69773196942144,18.271460170170524,10.662170921179566,5.02070175856323,BR_caat
1848,6.818881716911175,5.035752790909815,20.524855826658765,15.43161375324159,4.5024702651581,11.672116654786208,BR_caat
2950,3.2905184086892048,1.9855525345878684,1.0486129381554257,2.016713252801256,3.112342299229293,1.0240084913934568,BR_caat
2720,12.335658060522125,13.832196535832084,11.82109250992558,15.811905250468651,9.174675353925403,6.3665873335683205,BR_caat
1846,5.588470149788824,8.473449994773402,6.4700430712743575,7.389652865049417,5.794207801476853,4.240268405492934,BR_caat
2246,21.774387989432963,13.381220726219198,10.624265153141993,13.24886211536896,3.266003366542292,7.868064667905565,BR_caat
2533,17.403988715216048,4.847444946863988,23.67063950937615,4.045257983583218,6.995745041727336,23.353703098115453,BR_caat
1803,23.579023285906903,14.46157396309151,10.320683752275452,11.882712883258598,13.351125899012883,15.470942241860916,BR_caat
2765,6.603836607970979,4.697779180695226,10.111223907423096,9.865858211259642,8.51449313542341,3.7003744053496894,BR_caat
2481,4.807156014519564,4.714218351334699,2.857750176991691,3.4472671919822337,6.3389957476752405,3.459530817523108,BR_caat
2746,5.612042647531687,8.242661884974206,18.821405926469662,17.09088753765839,13.77304752620771,16.22483466846833,BR_caat
2078,9.79994187942258,5.655107377477971,2.5473165457078766,6.285927954148455,8.363271239146918,4.021381213889947,BR_caat
2714,10.08415693891469,16.082336653770632,20.046995805681515,13.692357044187512,4.63160207398915,9.543833799164984,BR_caat
1774,1.352919282543844,5.41749174071083,15.003657167688248,27.082073085647885,19.313286955411453,9.97492007200709,BR_caat
2388,10.454734779047596,14.529705785038209,30.827791327144528,12.478330225217867,6.451307878851481,12.970647014378937,BR_caat
2960,25.47473073244728,24.75646717453676,7.983265816649938,2.669954182781558,13.884529918339538,6.718577952151162,BR_caat
2805,16.672579648634404,6.260322662781048,8.019184336368829,14.92473212565628,9.828776015796777,6.748971751842184,BR_caat
1815,12.804087591889594,6.274596881546352,13.577714833016756,6.039174788316875,3.6177221883007737,12.75821586476244,BR_caat
3017,14.895051596114198,16.361618184208126,14.051147095722405,4.820764640463418,7.86870824007268,13.6397977522146,BR_caat
2834,16.740084419940395,20.629303681131745,18.369092215892497,37.985176128612935,18.780299748177978,7.768187339096513,BR_caat
2734,19.77569502541988,5.136331026237023,10.7985459103211,15.745861847917878,7.315984632915941,7.809243852253669,BR_caat
2774,10.958346753488776,8.159660811532952,5.81920958089492,8.388282159545275,3.145697642070173,1.1135196302538537,BR_caat
2842,8.342572161100561,5.498687873315694,5.691304996349603,11.520618970908105,2.665019107125836,1.590405014176287,BR_caat
1862,29.40720792055117,5.523844594736083,10.984192362988477,17.6256566285879,7.594316189953424,9.368387292132889,BR_caat
2349,13.678534846622805,5.044210430110938,4.402447605806499,6.661095376205847,3.723309463487052,9.57873109711867,BR_caat
2977,13.1848106634981,3.1187944863685995,6.831759922273726,5.614603411387136,7.428957102045268,17.481343746759965,BR_caat
2117,3.466996830566273,6.828505151020322,9.649527716620502,0.9406091983732826,2.971338202658318,3.5951390883832,BR_caat
2680,15.750960655899911,11.518543938749511,11.693259902903952,13.254238944490208,2.718546975277937,5.056967998635769,BR_caat
2477,7.011423324398159,13.803578322827356,14.02930187820589,11.479649033295964,3.528665389685208,4.250416053870189,BR_caat
2940,14.433713760406109,4.016349348613162,6.5362944674794266,5.3073903704550265,5.82667982824095,8.851303567418137,BR_caat
1916,8.621793714509208,10.08344915986112,3.161746125716372,9.423908597489524,3.199594110181312,12.248321916074769,BR_caat
2176,6.720892356065968,3.516747041997601,8.640981547212515,11.829568848810316,7.1192016860072025,5.825419300093681,BR_caat
1776,9.558655379350547,8.193014767857184,14.501420554241982,10.950182788259044,9.825062114550931,12.62427441985699,BR_caat
2163,9.903829465065234,8.200720801601893,13.388199191723428,18.72386039833705,9.736000070842428,9.712654526688722,BR_caat
2259,20.938768101033546,29.732498845497545,36.61265262385288,26.424052776145555,6.758452666596325,12.491675382956176,BR_caat
1888,18.36819118586289,8.631186877073402,21.14186595307639,8.895493468041941,9.135345611717332,11.03890705858764,BR_caat
2643,28.307806555603666,22.790905484396404,17.67620885181614,23.41196689876888,20.69889520530016,16.475479414143354,BR_caat
2567,1.9097383537511825,5.036197761230161,1.798080633668863,3.547358537002779,2.3850185666012838,0.7283204003114175,BR_caat
2566,17.042444751920662,4.106290374460475,11.873030020108502,9.2174808169336,3.54386896883316,6.184325112587796,BR_caat
2284,9.636956088574497,14.678899204032463,6.064875448440413,12.75678787272898,21.59313857227669,20.674107837459385,BR_caat
2706,13.233150543223577,5.416345549113597,19.28713831218838,7.510543156596811,15.242138602857237,4.102781599769375,BR_caat
1787,7.694140301247607,4.045944930909501,8.12404945039916,4.9901992294947375,11.386919235087497,6.3701861768730375,BR_caat
1962,3.430826899556754,3.143406159852197,2.894532040248197,4.903855825202974,6.029583484826565,2.2635082564119267,BR_caat
1855,9.215443897522524,4.8996918705878985,20.150467511876744,25.1746537689624,12.912240359591337,11.97922595221277,BR_caat
2007,9.131595751974617,3.8708421268670503,13.43970099754415,20.218987708215103,3.947065412391203,2.96847749882441,BR_caat
2154,21.29245514104214,3.410916305215234,13.89141148735167,7.780728170202585,2.006745324878862,4.95128960335463,BR_caat
2512,13.548893551864188,5.954597043562541,5.132234127912732,16.536970869212922,10.696381982582764,1.9330807996621155,BR_caat
3005,7.200302337186367,7.407517534645769,23.258725413562004,21.76618192633583,12.7028729122953,8.874487614210572,BR_caat
3039,11.54858174563952,17.539686633976224,19.091707710445167,16.658660666330498,3.1886193726663463,4.1631254082626885,BR_caat
1830,15.5410460020817,7.964794116824021,4.895663221292602,8.118059279631288,20.29200910417852,7.150947149191374,BR_caat
2631,9.237634905536408,1.8521529915546069,8.354288356984949,13.198207649061215,13.923324311331609,17.111350488487712,BR_caat
2973,10.714638678545176,13.769436732534135,5.010969672316632,5.539422850335575,8.69430319363415,8.813344649392555,BR_caat
2725,4.479284865824915,10.920725894146036,5.6752376479196185,4.456104388333447,4.028327643383115,9.836843755080253,BR_caat
2198,9.68918008285989,12.401319567134651,19.26519136888671,8.178254802075188,2.5945416812163007,8.430524576472974,BR_caat
2497,19.730223019103857,21.609896023335526,21.7370295442354,15.001913499475098,26.593882671875622,11.046328289634245,BR_caat
2985,12.322033533599065,1.107414936627105,4.577985950022741,3.896544816085988,11.269923031677267,12.34733557291369,BR_caat
2803,9.686194027250693,9.028228455059862,5.648341712526267,7.583211864732001,4.9252005034951125,8.08413536862324,BR_caat
1869,17.065573870220817,12.529703172013008,16.48580494198517,11.384612462637598,4.88872225255088,13.368770408303412,BR_caat
2393,21.24567939891984,16.144717761636382,10.503198671186132,5.306442606611693,9.090682412809972,13.290376409106022,BR_caat
2186,13.08127235812817,11.648638781102376,16.00660140302654,10.658610741985596,5.36302389255474,6.444852050145984,BR_caat
2778,6.149337597648242,2.8512391164153352,7.666741513548606,4.177086851591096,10.343685689809393,9.24421134207856,BR_caat
2671,2.806576214972762,3.0231718178787843,1.863697020412096,2.072882729064582,3.593688809229098,51.4792118168227,BR_caat
1922,1.6660458249384515,7.479338629025997,9.404042151355764,8.19189001627072,12.43736815421558,21.755889494301385,BR_caat
2417,6.048451240559912,3.50521552597633,9.44612796635043,10.180439868882123,1.7768423998889324,0.9089060316279224,BR_caat
2548,12.763196126790485,1.828256001397878,4.402609493196145,6.882348802067634,4.8988331211013545,7.822665647006134,BR_caat
3015,3.416015911428369,1.659393021359572,10.88552461195479,11.80255655502221,2.2540539576892367,5.9347771646796375,BR_caat
2487,10.205945491510189,3.614467761236777,5.989933014233193,5.218270821538867,9.342452139063465,19.129306520729244,BR_caat
1956,15.587945722924236,11.770749539320487,11.223009784260972,11.696687422845926,6.230748309411266,14.243047455659672,BR_caat
1957,13.020781629666333,10.642390565274818,5.091512605570497,5.045728723627544,5.781110156343535,11.784254966991414,BR_caat
1966,20.432241336540468,10.953103112261353,1.9883226131243772,14.653682255853592,21.0418452312135,11.929974858249356,BR_caat
2296,21.24295768890717,4.134501108601389,6.87770801108861,6.397597533467257,3.19565673313306,14.00202576281388,BR_caat
2529,8.507366052222434,3.823038349350222,5.064130106585028,2.745753912722303,1.8860847737499589,7.27111785398943,BR_caat
2056,0.9271350436248674,2.1078952527757564,1.6814709918056778,0.5098490222435744,1.180597919779058,2.0176337150246817,BR_caat
2451,10.909451795355864,9.73806211723955,18.958266579364476,23.83372107761249,5.47335639881594,8.565076759729195,BR_caat
2653,12.706055850533946,17.400777134921086,7.928146145181433,2.1388737878164963,1.0841071787350804,12.28206565868245,BR_caat
2370,6.87872979126649,12.15176616699959,22.603297451864613,35.17125160417513,18.210691652407235,17.639381233203896,BR_caat
2786,6.359151820366732,1.0368716058148293,1.517175576680081,8.059912336850552,5.947227869933041,2.3312831420800157,BR_caat
2397,15.118934552941518,7.679948924071408,4.7244177238984335,4.837919398119627,4.3937352413925375,10.02454525854406,BR_caat
2531,24.8055836986672,8.899294182852564,4.42158018173165,6.0582156698365415,5.654441131080803,8.51710516028959,BR_caat
2640,10.337365652820544,4.445450090716847,14.27860860664791,12.45158937032827,11.904018592686285,13.71527548700079,BR_caat
1809,22.783839599923315,16.557543576627342,8.811865597452703,18.42689409369978,31.631405898573604,15.89996076814789,BR_caat
1991,16.187615205179178,6.64457709748357,15.129467998118264,16.301805961048274,7.140362923971393,5.922089528810475,BR_caat
2832,26.72066634829783,18.97451011652944,27.712579568794485,28.495582372672438,20.287758280204407,14.773046235610147,BR_caat
2151,8.910537525245383,1.4148793110586873,17.987397666847134,12.0891425998631,1.4616816269924704,3.799260693677984,BR_caat
2689,3.099100425093781,3.916267132105584,6.85644691949866,5.13412229261536,6.400406068975418,16.823805201215183,BR_caat
1867,7.779096271078704,1.983773755365772,6.489295849831066,19.24474624423256,13.626770789068484,2.493475990380481,BR_caat
2608,22.672172429188947,1.2916108267878026,8.8737735051397,12.227078387604143,6.312234514596197,10.012150122268125,BR_caat
2150,6.602757720793372,13.82637066161404,28.91352865658984,16.50224092329698,9.589495757261371,10.49799380336036,BR_caat
2792,15.551929250805063,14.38303789186989,19.626430899517008,9.36822444429344,3.089949652986506,13.280419348028223,BR_caat
2089,21.53714353697673,18.305581784799195,5.869166743242641,10.916785197764188,10.58878627531886,12.404272296996512,BR_caat
1976,16.796652766532542,7.919334988216603,5.654536554210092,6.028876680983434,5.716112958531086,3.599261266485646,BR_caat
2788,11.52842506052848,7.60436138598772,7.008054555651295,14.064106985880493,7.309832553716645,11.251017978230164,BR_caat
2915,1.5491694622738748,8.806936095596853,3.3239657643749445,5.142889495134666,10.257375952712932,12.244472057076688,BR_caat
1844,16.06394489660981,6.353348451839174,22.0018977226052,19.257652229487302,8.507130349415473,6.728187385685009,BR_caat
1996,13.631629421805146,5.716018241246034,6.665562047298698,5.622104232515628,5.278275109618686,6.632563015390548,BR_caat
2051,8.225204936812252,8.76722366696226,7.009844602773794,3.92535987273586,1.0147035199801524,4.330284240575612,BR_caat
2693,17.346388392431518,23.961901251460176,1.818022282976239,9.544748100644036,4.069198708581384,2.723300792963962,BR_caat
2603,20.82347070449897,20.111232075761063,21.50710894326476,2.7147172645643294,4.306576481114003,12.512371710901084,BR_caat
2761,8.137446099530825,4.263760269013103,2.219815741540794,23.360935620505064,21.651752783826023,22.47802589319564,BR_caat
2841,9.09815461353161,12.433867961586632,17.117557421213252,9.68307949707978,5.509552459903121,21.795315362695938,BR_caat
2069,12.67266344736889,9.946175029884404,13.142580691167725,8.392126892722962,6.371444653696382,5.656203649473266,BR_caat
2694,1.456729900796732,2.086444671171796,23.539435284508063,17.034777676479646,7.007435656051628,4.828890240304959,BR_caat
2192,9.909646727025455,5.634152238674563,19.57762259220839,18.50454368224157,5.070456841647719,8.04905917372198,BR_caat
2739,11.756010769511926,2.4398435597986383,6.1993491984556135,13.292258936911407,8.470136728828356,10.12603426584552,BR_caat
2659,2.688240327966611,2.48008798527793,3.2514554947527765,0.7675234965167389,1.2929436523873,3.8244314464715896,BR_caat
2775,8.441820748813663,9.0923138642408,13.90197739926096,15.145291876972664,11.834077263971324,8.062325228577308,BR_caat
1968,14.866656227434424,2.9934363934844024,8.872340287049909,4.500857877326533,10.345897585855589,17.005406149704424,BR_caat
3006,12.75640090653829,5.71392649811836,2.8054158844776853,2.752101039903473,7.164750341531358,22.45324672360848,BR_caat
2810,7.473757936292614,7.503845653293952,8.047917693694501,3.3172433700544124,14.975958113245504,25.183830778537693,BR_caat
2833,3.5630755543781585,3.2018488191928194,13.610564850864268,7.398822171587376,15.215666897843198,17.873429149271953,BR_caat
2118,8.050741772902027,16.206615128366973,25.44048993820338,18.847069338453025,10.14541679386212,14.039975941391942,BR_caat
2295,8.562973494776971,18.21566491413765,4.269941276394852,16.71921982528561,13.005193694644392,14.652160327184264,BR_caat
2171,5.873038389152591,14.445768214218615,22.933499021475065,5.918703894988477,4.270354631171097,30.327886079909906,BR_caat
2350,5.129516808838836,7.152527317129487,2.2314755630213265,1.7238643463180343,3.023616767199264,1.550229237339347,BR_caat
2115,13.006573617137464,5.706771386932464,12.854151955757736,9.108425175564289,3.5986027281538897,12.32147930013379,BR_caat
2704,5.655391792823267,6.732107362311981,2.5119217154146525,4.417622523001809,9.166645299823529,19.17099818181153,BR_caat
1979,14.868644835041469,4.40366199231852,17.137282508337858,15.331814288884727,3.7750945678287855,3.4775437770166797,BR_caat
2399,25.916637095775503,17.297731540580784,17.758220883026187,15.957728319839823,8.091121204295726,6.83370695849199,BR_caat
2012,7.175312509485517,4.089777095860867,2.7441626212468297,9.558317147212067,12.431927271710034,7.130600182999061,BR_caat
2357,6.709111452882779,12.895912557876557,20.675084740263262,22.27654139858802,20.340974849429944,7.166249833333303,BR_caat
2042,10.335265594916358,5.787824358802286,15.909955306370982,18.89529067832088,22.11159508109667,11.788085836768625,BR_caat
1973,9.952762973522692,9.346317166618825,17.933572753440956,10.889867050067576,1.421537970285465,20.78065109715244,BR_caat
2719,6.6845179289416174,6.680013049901215,22.016409442196487,15.181394775854448,10.88838731351153,9.452656923539712,BR_caat
2054,11.842090567567334,8.833588715665313,9.726151224437524,8.19771705083441,5.754273312185515,11.622194147372632,BR_caat
2341,15.694599174647122,7.709220940671155,12.05294993001846,7.584255494520593,6.365676137474157,2.750479577778098,BR_caat
1988,3.5677934519926784,4.9418142240799225,5.2675831169332,9.301805557634363,6.685085457736327,6.566807080535608,BR_caat
2161,10.907683700793443,7.904842867881211,12.538133605024832,11.204548081396968,5.008770170428702,14.440019314585731,BR_caat
1802,13.979937337654349,3.745517034173776,7.456239684826778,18.59741535109469,22.248273957081206,11.217711879342373,BR_caat
1853,9.666236827206996,7.3883549781684605,25.570181925591843,23.37795532590676,23.607382835850512,11.815392281859245,BR_caat
2703,4.529103663806295,7.4122425599850335,9.824799291308247,7.0217571167371,2.997855768183204,2.727431163054792,BR_caat
1924,9.126100148897429,3.781588026143369,4.179229505297704,4.708276925489605,5.460817359473975,5.47854952563271,BR_caat
2406,12.472202591315178,3.488959075193516,8.45915340040474,6.99905500989033,14.847103576106935,3.2100354995324696,BR_caat
2525,24.7895878385891,5.2066449773559285,6.916599078390445,11.79428569948698,16.071823630548092,26.597850154853276,BR_caat
2302,6.6286943802246565,1.9252592694982809,7.7646350936144675,8.963973037363285,20.86178310074526,24.393603724607537,BR_caat
2873,23.01689316769009,6.447119415925368,10.787888643815124,7.607952919690454,4.745096843494876,9.013489410304542,BR_caat
3020,8.54691264466735,3.96579449383622,12.336505481604208,13.146703377140126,15.45089769498883,21.710961503329788,BR_caat
2367,8.368995370511259,4.54221208507117,8.982281087672037,2.3306507804759247,4.889740428555055,10.845353646541351,BR_caat
2933,11.60954919449362,3.1478979699285405,13.423502183388138,21.535398192603704,6.691412487618041,6.940716932295769,BR_caat
2475,5.315846810524534,3.699036833568464,6.371938903007279,5.201421727167575,3.28031589537157,7.802396454754922,BR_caat
2849,12.822584866091988,17.853542379467882,15.290264573331516,12.656425627069993,9.762698575800588,3.809530119737433,BR_caat
2231,2.990432095454674,3.1128547256623005,8.442618770599735,13.296247785245354,11.130339360617278,7.218563161756758,BR_caat
2492,29.364836338693703,3.010113225615699,10.630951927456936,4.094179758701131,11.152707081520584,6.916277350567649,BR_caat
2752,13.528812352791777,15.863583088219391,16.761900281007595,7.348404231681799,6.7977355494770775,8.355658615109466,BR_caat
2250,18.186660513338364,3.219513170380736,10.311843989516625,9.777230409190004,8.22616248854237,12.59204686328332,BR_caat
2707,16.54182399366734,2.215093522661605,1.8990836651933736,7.882920629989877,12.265136315557386,23.383120350851584,BR_caat
2826,5.417595840762444,11.083517051705554,10.600443502032906,14.080797331753995,7.495899825145717,15.049781850564484,BR_caat
2280,6.12903084570764,4.874683951707428,11.561780833184642,17.211569987742855,3.1227733816879564,6.084088761809536,BR_caat
2322,3.7578410795107913,2.045449330209227,6.796893974586107,3.006751784327017,8.905375131691928,3.410840800634943,BR_caat
2415,10.86470515829494,5.863019066030003,13.421706060159542,11.685222105410723,14.342682287922848,7.243530631238005,BR_caat
2488,15.606538214321729,20.80472047772153,4.951286022187884,6.129982240359214,8.107627919423951,6.467917590927062,BR_caat
2361,19.315271867700385,30.524832921373736,9.026736190542234,4.3992654767944686,2.7239184198001847,3.969349192428604,BR_caat
2654,28.78713878879163,20.455992125396804,23.986308024049745,29.720072888158363,25.91885581333409,19.568901000801866,BR_caat
2225,4.145619617042647,7.715605039783015,4.176738138617226,6.4415650371946205,4.8121599074147765,3.601327216840586,BR_caat
2091,6.346710231297694,7.178608662645242,8.920903939956958,6.015096809090509,3.694879688451194,6.295144488414925,BR_caat
2900,2.0648177107564,7.063565577902508,6.423504229695082,3.5559403299016923,5.496549326017964,4.67225636306919,BR_caat
1902,10.539727257767892,4.512836938273575,11.06650280541753,15.489846558904144,16.0646904034791,23.94000346977729,BR_caat
2355,3.269707566354994,4.935629910693029,13.878039012542237,16.807454261264635,13.292184784211418,11.927927724822323,BR_caat
2570,34.93412522468104,29.76243853958204,32.786160823875896,37.44047585425585,15.181403320228217,20.878228212796472,BR_caat
2620,9.324095560062457,0.4746932171585832,11.30763070135926,15.757235031980004,5.316551597581404,5.391474428056932,BR_caat
1778,18.253352874424586,3.636884843780609,10.08991027730458,10.124542079061127,4.23182084055416,9.925371390895677,BR_caat
2920,5.067347027556095,2.4060170681702435,9.05151126861395,11.857481477578146,4.9131198359354205,4.315645186504924,BR_caat
2324,20.739327584373704,9.185560679345503,13.379866193919876,18.83638277265929,10.32378383434743,7.00126631635304,BR_caat
2082,12.061463738446111,19.25697844124969,28.645218459034847,14.688499388228248,11.563623477482173,9.734906272687123,BR_caat
2109,12.785141730629576,10.640907525114176,25.97581200548419,22.78575482342383,4.548797886682332,14.615468076973546,BR_caat
2391,7.971490886806472,8.26118606228752,16.63479888339506,14.58205610154669,6.534162574795599,11.942898321566506,BR_caat
2441,8.142750624233548,15.065112791457963,17.330581674291874,7.658926862796029,6.100379672673356,16.993837558186353,BR_caat
2999,14.125262415731758,16.624738589091965,4.387330361531663,2.8459935907612253,8.956944014268933,6.099479003100905,BR_caat
2982,8.899386246621601,8.400569651003115,7.848370314772397,3.85332888708778,8.95662519331327,13.623126252663432,BR_caat
2927,21.21114598130768,10.328264205449596,15.188563057625936,10.72373522611564,5.141532260194913,3.67214528522992,BR_caat
1872,6.929547947383184,6.632533940148235,7.444349685187514,5.917021105808971,1.9786318435120769,9.09357786589465,BR_caat
2594,15.684923188534125,7.224240195400632,9.302665258611905,18.849765831604486,18.463798847152937,13.237087783880876,BR_caat
2248,14.158504043964182,9.005770043335504,2.727539066267736,3.0921273988033184,16.406325204934188,9.244822104173858,BR_caat
2306,8.092956834374286,3.664269222481435,7.840269780746956,4.959727120272511,5.313699028794283,9.30575547085056,BR_caat
2676,15.595238338565366,14.31085576471737,20.96045572605893,12.651893479819476,4.71627059574293,9.21217857501632,BR_caat
2846,24.443980062783528,17.019996052991292,40.00869443514276,31.470517523989017,4.867658338619628,2.6003490386904016,BR_caat
3002,8.756084132306286,8.320629996660667,17.736998284312627,7.596223019176138,12.88154169714872,20.867765553633102,BR_caat
2131,9.859381635819304,8.975402139965087,11.939769549009084,5.251149568931737,5.217665403112389,1.6707811574444662,BR_caat
2315,7.7942928826188815,4.964660581931844,6.293335627051078,25.303665958802373,13.069935875444736,3.0434506636927705,BR_caat
2172,21.219507171132477,14.810675072941072,11.387434265594823,4.482719551588034,4.596481161382739,15.152275222521515,BR_caat
3035,6.742544241490655,10.50073925204317,6.04696020178407,4.440133788259439,11.899028251857525,2.714972625362263,BR_caat
1907,15.76977755459482,2.8525366847264446,14.768083750705204,4.387256560141917,5.944670686891002,15.058864918758216,BR_caat
2196,4.795141685793934,10.990398815201848,13.445579016342618,21.27673736062997,16.918530558427047,14.77354833718229,BR_caat
2630,17.2773512266047,20.50648886417081,18.655682374337736,33.162811300520964,16.242805957432363,8.397504491890622,BR_caat
1933,12.683181617530671,1.218158950442431,16.988538648820743,23.32078526503606,7.290876506896254,14.65397733925476,BR_caat
2632,4.740615087677387,12.630826952050318,9.431851511542783,10.041406867003298,5.464159616089357,13.068736689906023,BR_caat
1994,3.2535431159547223,17.954119438269622,10.989615554710255,5.643078603444403,16.315426704641013,24.34947406890999,BR_caat
2760,8.786060651326846,7.553075360349846,10.021829146779847,13.00486432181602,10.485303935075525,8.865686122386872,BR_caat
1948,14.11260823400664,9.18868096839467,6.3582883710096745,5.886255935859874,6.184971028936715,3.2025092149322685,BR_caat
1959,13.095896757606642,5.423822457440593,6.4478299708742535,14.192539006635378,9.29965203446353,12.519754812672518,BR_caat
2116,10.363765164252834,3.622007905383377,10.654809731752955,19.02301972655631,2.9847409231054955,10.591554996542191,BR_caat
2074,7.955864548853191,3.641267415161032,21.00335576935654,12.420676370065308,3.7775286686122223,5.20461436075922,BR_caat
2558,12.372876282482572,0.9956192579833364,12.879352448429984,19.41873076462073,17.617302928301275,5.891026022625719,BR_caat
2711,12.786289246736258,3.3045237732591937,2.217355204363519,2.501390521547663,7.692116247750173,8.260276575368792,BR_caat
2922,27.16944696944472,13.493989455849396,4.157784191222131,7.749784431622783,7.5453615043286435,6.526418820705338,BR_caat
2800,26.93874337391564,10.06988387160505,12.739514747767284,17.587760680780555,7.81655862243722,6.738257073788952,BR_caat
2565,8.453125707829301,4.30876272484247,8.167413473278087,6.157129449792124,5.6888838616753095,6.516934986028748,BR_caat
2546,8.680380000496033,14.564587862717874,30.427985578891693,18.07696416566738,7.8042127356910305,9.659649907791698,BR_caat
3032,4.8891203801564265,3.7735803869759272,4.044149904013716,12.417000991766448,10.08595074192781,9.8041596502157,BR_caat
2143,27.13041569470928,6.949568012968333,12.902764606103716,13.34506734041581,1.8854781832954857,8.86407174723055,BR_caat
2910,15.061321566101036,21.582879189348283,14.360232917091777,11.202471005211336,8.798568787355777,16.862991855378677,BR_caat
2621,3.914688739055616,3.277827221066136,8.544084932222747,6.890436375003873,2.964670637752825,5.260477043921035,BR_caat
2870,2.412912919404508,2.0859268585221544,3.570697407646398,3.276924147508181,2.3211699362099005,4.023085804063222,BR_caat
2010,11.876931162150235,10.828902962100294,14.881151080943994,15.03194156864232,6.559251972710993,12.008896973367207,BR_caat
1785,18.05753915020996,3.8973948580038975,14.190031626863608,20.59955173808683,14.761447081000396,16.297119368093732,BR_caat
2688,10.021658721011448,14.39669184867928,4.470382712164768,13.976867805629483,7.056671614147839,3.553170853033522,BR_caat
2177,10.216720636867974,3.9917662545513126,18.274576828073965,24.27448568425544,19.103887029323907,5.126925955934723,BR_caat
2542,17.39982575267242,15.109807618291995,22.107684474211965,16.85127130262133,7.630186814655517,13.598778757386208,BR_caat
2443,2.990781368640529,3.3311364854774466,19.772998977373305,12.516861049521111,10.440799984041965,20.690880746263385,BR_caat
1975,11.583890476256968,7.923050588155892,8.888345003495202,10.193183658662084,10.15184654571233,15.177313320202783,BR_caat
2705,12.107871333760196,4.865067275794629,15.625685332077866,21.07549061652412,5.321327853665984,8.270377649153232,BR_caat
2187,11.52054372296868,6.408467248350656,22.614444995178,27.55466855907996,14.484131853389272,8.371117696596334,BR_caat
2853,14.111495080533556,11.545273086558224,12.641866455095174,18.057297769472545,8.90061792631564,12.25953094219672,BR_caat
2043,23.12093340401452,10.091707191771672,19.822424502371792,25.15587797312593,6.9274448381187215,9.318973421937812,BR_caat
2698,7.473078715355731,10.237045242459326,19.52639174926769,3.7886864729050034,3.747216382858954,7.460215686223504,BR_caat
2113,2.365026945272225,9.96618177919792,4.55802222073864,3.712811474160276,13.963801447425247,7.679383076346539,BR_caat
2672,5.006254009959426,2.0995481730290613,7.084003214151958,6.484662982771689,8.887983549488219,9.832811441752591,BR_caat
2221,10.376606346764218,7.140432747894002,9.015064828917414,10.17756407836009,3.9878793879389183,6.0032864265941095,BR_caat
2297,4.628032305520717,4.991907905492164,6.230719731905538,9.5983109991866,13.749087940773087,23.23445527070508,BR_caat
2108,3.38661605958095,8.343576228640423,18.509860172019074,18.1733017226858,7.457908680786648,17.14120187738439,BR_caat
1943,22.281414606942693,25.411494987079312,25.467802987134657,25.542590926656707,11.621118530727044,4.053912775424048,BR_caat
1805,7.060320757072799,7.674965487174639,19.65951975882917,15.62812323119098,9.341476497281835,2.013305867966118,BR_caat
2088,10.342706124776226,16.77604438366387,18.02633067917932,1.2172129829143137,3.955186647032437,14.175068709960566,BR_caat
2607,4.81014378744717,3.317382050009806,7.3981543278394915,15.37110536438227,4.524703538741747,7.753000145652797,BR_caat
2798,7.561157037050345,9.98150814736866,11.959183357496318,14.021544716299465,6.0343305727716094,11.352639109123173,BR_caat
2700,16.47309113335398,7.928985231887381,3.4493647362437674,3.1833359914260173,5.069518558594213,2.56668351417394,BR_caat
2190,10.505826594145502,8.97545915670741,31.013983178400707,26.394713294359452,4.130556116242245,5.579755761483982,BR_caat
2871,7.386674395062141,5.963467674305071,11.609294413247914,2.399928261635748,5.189731369500645,7.696425646579478,BR_caat
2289,8.999867117259377,5.78431507159003,11.706428059300196,16.600618398401185,8.551586150651609,13.829736708168282,BR_caat
2220,15.799363604735255,14.805320726969263,15.31465431636692,25.3313989004909,5.861934893363239,3.112701219474122,BR_caat
2812,12.025247150368966,1.9497870381097635,13.60654505026912,9.16879922823968,13.5948952956909,25.29817047964099,BR_caat
2261,16.03586112846405,20.342688470857915,8.564107188160646,6.536122438310363,12.168657725747511,15.75098586491436,BR_caat
2255,6.666009314591737,9.128371004703334,7.677385441209288,11.303270024332868,9.041546175147102,11.566885865938556,BR_caat
2097,12.167327603493986,7.825193416574151,4.662395209070925,3.630309612081553,8.286529779707557,13.337708559428773,BR_caat
2247,15.239310718223482,6.621690670296707,13.023988338036162,18.641744727616416,10.799321923066652,13.13403507425905,BR_caat
2094,4.997626506486793,13.26129263856518,10.099109591790093,4.029977666653821,9.96073988015342,15.50032995945258,BR_caat
2328,7.995746672596256,2.0347774911918197,6.111707530539447,5.784132242397983,5.1370754292191965,5.463872656995254,BR_caat
2305,14.492690263648036,8.290748634086928,25.415567381934338,19.58037271854922,8.007791932447608,6.964821715063961,BR_caat
2527,9.540711484680044,15.144868034258089,26.25974418201007,8.876512050568941,4.560328292872002,17.927460785930244,BR_caat
3010,21.193483311426583,25.708758869789214,16.50697623177223,10.12514798283391,6.424583469808071,13.687842346101291,BR_caat
2569,5.113770582546302,9.24773989697482,4.493843008577926,5.708631526977559,17.101947541794818,2.6857878773284782,BR_caat
1827,8.579425263234603,11.930969888242794,14.616120703340137,6.8822316283981975,6.968119334133415,8.197477860413215,BR_caat
1781,3.8780592903391566,1.5454508864666252,10.167677566312314,6.707241231362126,8.850608679367431,1.435335778656463,BR_caat
2262,1.26102467522018,3.681457891918964,4.336354891806191,3.501362085606828,4.445362304823288,10.609618747359075,BR_caat
2861,19.257443419042943,6.860884911491726,12.033304627671578,4.4051846176129175,4.723236348446788,17.354910830329185,BR_caat
2754,23.45659476437165,2.9266923590490874,3.115679297900276,6.757393210265543,11.431403425385414,18.070251012632752,BR_caat
2381,7.138393915606364,9.806701829894656,14.955142333986505,18.028004157510328,15.924121769304795,22.65318056866856,BR_caat
2384,0.6401571520896822,2.7426315255148945,1.7488905555589025,1.8159817688980089,3.014574246910821,3.0576456518802395,BR_caat
2473,2.8272826170346863,2.742481829198314,19.019174052633023,29.138800534129008,8.196904377469375,7.359183087107938,BR_caat
2909,14.352135216698896,9.19433773446805,16.631795659170137,13.693214480166414,3.712830379100799,5.671154592344542,BR_caat
1859,4.3302886166731485,1.87568957018165,8.196311231031189,4.432494813461318,6.133859151195414,3.289167740385023,BR_caat
2241,1.2574225402555967,12.265119740635116,3.262883085108249,3.525238257188793,14.370857159451926,13.498179888066025,BR_caat
2090,7.4724151786360435,10.142157782353168,8.52077188002759,13.240045805604437,5.97658378285172,9.322381058388862,BR_caat
2476,13.504875277692204,6.900554423732575,10.644092935292964,9.905479114669728,0.7336367598995656,5.246118751847331,BR_caat
2099,14.188254666301212,7.710459373761261,5.949983514574066,10.23036947358175,4.8685804370967,14.031203856296186,BR_caat
2804,13.427812447054997,6.908949605818936,4.386296231447624,8.634556309978516,6.115165506162561,12.104448194073331,BR_caat
2293,13.48306583105817,6.602668151326118,7.556020881950357,6.112888597363555,8.230643908092977,14.970502166155072,BR_caat
1821,4.221453426884271,5.53173851523325,2.8076568040157364,6.8331383461316335,6.040257250698513,12.966926038184504,BR_caat
2067,4.535859655083557,6.157005284795048,14.093591090390252,16.537400672648296,4.250689377322081,7.523064035452002,BR_caat
1771,5.939509569968489,16.46529339822797,23.7375359685373,23.03262969016061,10.819860856829436,11.2596128683038,BR_caat
2299,19.782165223608384,30.96335334714256,12.33533706027409,5.649662827191092,4.335118813746959,4.629950230508984,BR_caat
2309,6.504074788810453,7.493461937653514,23.61923212667353,29.941039270326208,20.769777597432213,9.35809768619508,BR_caat
2024,19.61536194459528,13.659029001121112,8.956563744849648,6.8777301160762505,15.263139780356378,22.39373527577014,BR_caat
1816,6.419085218252031,5.845375319497131,16.811780894903148,17.556821646492672,6.0328871907341375,15.433910719349278,BR_caat
2554,14.572975659321983,8.084203152758908,5.497375688720446,4.490214118066767,8.975488075963458,11.755054018628504,BR_caat
2823,7.072570011402658,5.577054976331164,8.84873204618223,2.788997723828915,5.313465458753043,3.274387697702811,BR_caat
1983,12.060298726157706,15.328743693092717,25.093647244773894,10.122182585671208,12.358235985292213,24.73167988749729,BR_caat
2136,15.181194930507475,5.682905573895966,18.895366901128245,19.768149716111797,7.731626154315662,8.28613658677395,BR_caat
2808,9.962223643446166,4.503518891986464,5.439279457417517,6.280810938690086,2.027424708526953,11.596910829126037,BR_caat
1840,15.440160879637878,9.998080032657766,5.957355890861984,8.805495202578182,12.220070602788889,11.608946735503404,BR_caat
2025,18.3763168908483,15.204330888495983,15.781359266248684,18.859732322714464,22.9604841619692,10.569025865842152,BR_caat
2498,10.840681958305362,4.1084040761980045,28.861883855309053,4.790422834901155,11.948859964177805,14.90604433171292,BR_caat
1770,6.912862123679114,2.792827953140445,3.586862978123121,3.998932968923597,2.2938419809693307,3.8650149992226193,BR_caat
2931,6.187977909587774,3.87308583687864,11.347440982076304,8.91286706117417,6.316385459334403,3.926529389866104,BR_caat
2740,12.316192338614238,13.642930041076516,19.26938588299128,18.98585872150148,4.2668147491314246,8.711789917748018,BR_caat
2009,16.397799992054154,24.058827864591503,11.089852717408585,5.614424928450729,4.290764926671781,4.277966307490284,BR_caat
2523,5.493055480595836,22.108705298205887,10.18076380021296,6.625730672739908,8.280242207563836,1.798956917411242,BR_caat
2469,21.14221682796053,14.630845877175844,14.071565597398694,5.882860916489697,6.481010327559846,24.56225966411727,BR_caat
2670,8.461189798079305,6.222587852001796,26.527786182168672,19.184207543795058,7.763887400913176,8.084334542739679,BR_caat
2877,16.57249576281921,16.481774845142873,16.326245826336493,12.77462120667876,19.99509365590883,19.11159225739944,BR_caat
3023,12.543751253248082,11.78700804248591,6.175958070833152,6.1662979251090215,8.542353018792186,12.28199142804722,BR_caat
2839,26.805224925016915,31.627286140053936,14.566327176602506,11.831311699323305,6.730706324983538,16.16344998937917,BR_caat
2642,10.201173975689004,20.709876928077566,18.80987586613353,3.76381480658906,6.295575174650455,17.49081570559924,BR_caat
2609,19.788271549680765,9.870585150684544,13.910655188156728,10.441996190509096,3.477214968901409,3.9828675103033664,BR_caat
2412,8.318373854010018,3.002578052020316,4.951029471571461,6.805984608960934,1.856460381349152,4.137515696040208,BR_caat
2400,15.4917298442101,5.967504778063271,1.944396551509652,6.872639515142034,14.182789179939638,13.275695947882063,BR_caat
2303,9.567776845169888,13.60599149698268,2.953213207717819,7.396185936177558,6.476710031641845,6.177271204606384,BR_caat
2465,10.940186605619871,4.995593994844121,3.851270492337537,4.9346736763901085,7.832117304302903,15.251235699786614,BR_caat
2736,34.62554346308392,3.31822882547891,9.872819442760411,12.96424845383995,7.306760090537266,5.778458437567179,BR_caat
2194,9.45830019516914,11.898217364168984,13.46023570946897,11.287748295356868,3.706462966974801,12.439139323393016,BR_caat
1841,1.5829291661043954,4.713363336629684,13.633632982971156,16.818181589957444,13.639196852446563,9.251982078935054,BR_caat
1885,14.250469501954582,4.886809906485881,8.231984500187354,5.915020879587711,8.267854228722838,4.955449047555681,BR_caat
2203,12.34721829439883,8.229756052578702,18.319359779138523,17.290444498639264,7.354141260919177,5.132765579957587,BR_caat
2908,7.945418257841785,7.1797644659187405,25.566028985713658,18.80511303746047,11.180658073955009,12.365960313597167,BR_caat
2828,6.860768838823192,19.81526612429993,37.351953810896845,33.80425375745081,17.915832618864034,21.11849914008425,BR_caat
2934,7.708281170856276,7.247663066171058,12.515873570326816,3.8453423243217206,21.50550798057018,14.743261539004914,BR_caat
2135,12.18856726827311,7.494781256493687,9.333017228101587,7.515664002011416,11.933095631157087,10.14012115104983,BR_caat
1773,7.175776886039919,6.304838439178961,8.56497835207875,7.4255749804372435,3.5416501859900915,23.93245035497149,BR_caat
2959,6.726060143929412,9.34519022764707,6.662624809037158,2.9829418146875275,4.730407979766759,12.82037343700653,BR_caat
2264,2.7014286646380348,4.413315940466018,8.334753643653807,15.030658785005317,9.273902310229404,6.749447239174149,BR_caat
2723,4.688348706522446,4.181193652465594,5.006258514642206,1.1329110499481614,3.807248606493217,4.713969176173076,BR_caat
2656,13.13398290230664,7.362479752508016,13.714785818873002,14.348110860923711,5.586449062274771,8.11730774102125,BR_caat
2271,23.257342205140805,5.179543241286379,11.530759620787952,9.86752240607866,7.0236178047360935,14.312944574416424,BR_caat
2098,23.6955535066535,10.721329572711635,3.1754670427706184,4.51649516041263,12.050964229821298,2.0846026200106604,BR_caat
2666,10.02628390816406,5.395481049166369,25.692634304238297,24.22710325858987,11.863000324587496,8.034242936251907,BR_caat
2662,30.952473091739872,16.65189350728667,6.006080126796853,7.9800376607041725,11.651513822831015,20.177489387964904,BR_caat
1779,20.76182423549501,13.562993691094832,5.840941839062845,8.207461592441724,8.683172543980408,8.944430586688782,BR_caat
2329,9.412050915127493,13.908581870408907,5.100812187637477,7.507311025691614,12.50459797282968,3.627862121624881,BR_caat
2372,8.043504048126692,3.897746788135397,2.9384152938826804,1.5823083455062563,2.2290288804301337,1.2574916411258446,BR_caat
2100,11.497542831687245,4.923184725011424,14.694352716485357,4.492655432783753,5.41399174091155,10.581085634286854,BR_caat
3018,28.33160963296975,22.51235175467981,6.940245873177686,14.73406001966688,9.34234580350816,16.573519837577265,BR_caat
2207,30.570005745177458,24.03680229593885,5.467573281810742,8.986788403068783,7.051118537362783,2.5389447215995418,BR_caat
2032,3.73608740803277,6.510645643816181,3.518127065989813,7.634434388416329,8.051956256404507,4.928806794383708,BR_caat
2439,4.427086914522005,2.45532241965339,20.633993420841747,8.312219712092006,10.381334829723531,7.493195393645944,BR_caat
1824,2.7914350312422203,2.292994600133253,6.601049272521978,8.65565897987854,6.483953590066019,9.216281576221483,BR_caat
2018,30.82903148031417,23.38011821796025,8.168900746320737,7.673147998234051,7.08357559237393,7.386339617993967,BR_caat
2429,19.74629717030352,18.906249573707274,19.63690379800054,29.423171595748123,25.275657946377784,13.622532513947654,BR_caat
2963,5.727297574073513,5.3789699090113,3.23700282109348,4.222486526675044,4.261621916066374,22.34626238377194,BR_caat
2991,11.265605292695362,10.659198711409063,2.3477543993232954,12.134342660752589,11.123796460293756,13.13748534163502,BR_caat
1822,2.559358521499401,1.286359715607828,3.437788452137478,0.6490031853487219,8.68026283644082,24.013178977490508,BR_caat
2404,3.190196924475539,9.942202169803636,13.277844683544716,9.591923993840958,5.590435528546768,11.14936376464511,BR_caat
2001,7.438684952147714,10.818674848969692,4.662144032183501,15.305608385252352,15.62343834885669,9.79519030227254,BR_caat
2917,13.95810196471647,3.387883920685593,7.968689147933858,11.774694121053832,4.828164151299639,18.009021547748027,BR_caat
1852,15.736803512117383,9.41516517567712,17.612710063168663,13.079666137647909,10.697403785603417,16.769712010450608,BR_caat
3033,27.437723649468943,13.844046619362818,15.431489828483606,13.62231175187062,10.796668521384744,11.460520291561313,BR_caat
2427,14.163700902293014,11.573033840721,19.45777369819036,19.952077742769053,7.410433957556527,7.104352579240651,BR_caat
2825,10.394424003982584,10.420421359182663,3.211010230983861,2.9289228593619394,10.248735533991024,8.395760173965803,BR_caat
1832,2.159186323813235,5.153062167044827,20.2720707258416,14.818039854008566,4.838788099038712,10.369231659432604,BR_caat
1893,12.423500102692726,7.572818092937963,4.7009161311276735,5.452923417360557,9.063809240094397,17.43337106621998,BR_caat
3009,7.849227645995971,1.8571984312592127,12.466512712112054,13.942252971947102,3.801703433395118,11.411568602966446,BR_caat
1955,9.962228638089748,6.640591646747763,8.200519189237484,8.889210154976292,10.259584228478609,13.529697304884293,BR_caat
2336,18.180691008335767,18.55719426677243,19.90795917368765,9.481650049901654,2.9036365738865,2.775681899265709,BR_caat
2353,3.6315295575891815,8.456666099796069,12.788480998648298,15.59570172988271,4.813960770212598,3.5801362855682,BR_caat
1919,5.754671530609089,2.9399416036132844,12.923921733539188,14.866944374846378,15.272533638595808,25.432334255354785,BR_caat
2727,8.277790792887757,9.608791088161926,6.153436292901353,10.38532921302177,10.13073447696488,11.881091061971798,BR_caat
2536,21.302552281311893,5.091143922765056,21.601817204680007,21.668763112480352,23.21241148490585,20.754366182315945,BR_caat
2156,18.16344184109183,4.240809228090129,14.333425097870007,19.939005372346507,1.7584802004660978,7.9324922063277565,BR_caat
1905,2.5439616744034743,3.500050567978142,2.3184431752787606,3.739422256175121,10.40176377002049,13.071686029370948,BR_caat
2772,5.107889215005048,5.303094057619184,5.969551734837352,3.087452778928326,12.19116408152671,8.611313259998447,BR_caat
1940,2.7846946428535824,5.88097721392322,7.832906720922531,12.078683722203191,5.071179786713025,7.725438541319302,BR_caat
2751,16.72912671311552,10.420485255148453,16.6533298228451,4.986453312857034,10.148212500184682,11.12182392318624,BR_caat
2304,16.570525419829856,3.398211326162251,6.390146135574845,6.187224951979965,2.4715075962847,7.772052822855626,BR_caat
2984,4.5700372734554975,1.827494375678817,6.609240071952009,13.18068074288278,8.982897800301881,7.533143399514319,BR_caat
2223,8.980733578680503,3.265768285726503,15.979312745982384,6.511121284852512,7.982800289939022,6.489051185847733,BR_caat
2821,11.959387787657471,16.561735133075768,10.123583056222536,6.821456300237651,6.217496461564782,10.29179668807604,BR_caat
2462,11.255161598796295,9.966551376645118,1.3157880823457409,1.590905697527247,8.965700412476417,7.047038204668973,BR_caat
2142,12.376812024931048,6.101329944997846,16.935397889522378,12.204864807729663,2.701657250349146,7.72600956624535,BR_caat
2575,22.33055398684669,8.178073075824134,17.139663871191125,7.5371543397119,6.896990015727446,6.969538740006021,BR_caat
1928,8.101555518727823,8.455024311052945,7.087189835134359,7.545953660844024,3.6282603444203767,7.3545767037649155,BR_caat
1818,30.1309320832829,4.592139826313808,12.949858893968008,12.998133619521372,7.232689110755799,12.575437021440148,BR_caat
2822,19.46470102962841,15.696810364104348,18.83574373961272,15.272813195062213,12.59146109642736,14.3503542092899,BR_caat
2580,15.365827915560894,6.697702043755059,7.78078953595125,10.44207166860362,5.0322811414674575,10.35465176218734,BR_caat
1800,20.873955896873863,19.76545934395185,2.5475526891186817,2.577202797406993,6.08189561971491,6.474991490831657,BR_caat
2006,11.495178595621766,18.11541538336432,22.39725463361736,4.64639854273838,8.58181456997658,18.68513395742503,BR_caat
2298,25.563645809854297,11.823440307946388,9.794693276731724,7.495128485274412,7.457500048522503,33.256146851069985,BR_caat
2122,6.358346157478018,10.497864416154885,6.173218849237026,8.087921853932722,7.899609928014489,1.81686110702152,BR_caat
2745,18.02957403868665,3.721904041554022,15.995374697504932,14.11516150380415,8.51908017079665,14.725117075026915,BR_caat
2254,7.926166232248287,1.420669717803865,18.281278981553022,3.422832513046411,17.507511187537236,4.288041449179697,BR_caat
2345,27.13234975912264,23.40435353354495,22.77472204530752,12.540029281394771,7.365428718470142,18.949810464008475,BR_caat
2493,8.888998829028704,17.096379599368703,21.191212070016405,9.363421218692492,1.7287313890853278,16.13071586516774,BR_caat
2387,11.487263034884869,7.475400371168532,17.863659003562592,10.865347202647516,2.461661615625974,7.78322121800216,BR_caat
2790,1.7215336848641694,9.381185056499868,16.86175652290209,9.418932883776334,4.606966231739412,4.920977310117299,BR_caat
2510,19.04654068307697,9.211339571641894,13.73500602866839,19.324864413380983,6.74154833398309,4.868255387255871,BR_caat
2242,7.575739412755484,4.914687361946497,7.240939068892256,7.998943247887593,5.132601539296173,7.424375863769076,BR_caat
2321,4.741498027255494,11.677536384271988,4.388911139060905,14.70377202599198,23.215188753479534,16.677208745760414,BR_caat
2240,14.325686865690567,10.833666801759458,16.354806609309932,10.17973177208549,8.002592542692401,7.092023003530636,BR_caat
2896,6.974467608676322,9.761861818386627,7.035252910660316,4.069476864376729,5.451317986048432,10.752583488862792,BR_caat
2344,3.741307876083512,8.152796330208476,7.4949758719626685,10.562010901310762,4.463846080866642,8.263988340195164,BR_caat
2901,8.057193011870103,4.440091118306788,5.007230636949064,1.90479471711422,5.359548481042123,8.298558342844553,BR_caat
2872,24.28779180874798,6.774986344320645,14.601941084446375,28.65738661775474,29.039410378321083,37.91489503636052,BR_caat
2710,9.613006112819487,6.15138609121382,5.110074502867564,10.965733974404488,4.844180628222037,11.91847608684609,BR_caat
3013,16.738740914624447,15.596068538036867,20.23977710200028,6.44531457455768,4.942186021094916,4.571568449243288,BR_caat
2467,8.941603301481317,8.911326118499588,7.22891512168573,8.711771302605817,10.738059500260324,6.791537267118302,BR_caat
2813,33.88097164342079,6.770533832411783,16.787672202425714,2.783158260946171,7.106376067489388,24.237564275515226,BR_caat
2076,28.271023653827253,15.56453049057422,18.006890112244225,3.4069860419920013,2.090074907311263,14.241173236511797,BR_caat
2375,12.906091869221562,4.924372353548743,4.537888512572116,7.730386647207447,10.836705716145795,5.118954856873825,BR_caat
2364,10.472033577596129,18.083665343165706,19.3713050463034,16.65025892643436,9.944556223892516,7.932632422422912,BR_caat
2446,12.896777016668326,6.189896637997156,6.430679389216868,4.5099634949579785,4.418128535649217,10.91621756601215,BR_caat
2201,11.609834760278666,5.365501150905115,16.005562640035578,16.386658760224247,2.8002737288906507,5.598932269209239,BR_caat
3011,11.898949390486468,9.06204338792069,12.7782404430831,22.227957172572005,9.97370256172315,7.289659821412899,BR_caat
2583,3.761446531842113,1.794906851550309,12.75102363065827,6.341967829406686,3.6128660015214544,1.4292702945889475,BR_caat
2777,6.3877288800302,2.965090781978869,4.135865349455936,9.217705799258477,3.1088789329008235,1.0892196400100689,BR_caat
2681,14.121601408747756,8.551670170289585,11.399643704048088,7.133713592287742,7.011212667453101,11.950691850713568,BR_caat
2260,12.419074125740154,5.604119601069721,16.543845892105853,13.56961965924808,3.833357137174367,10.589729160058486,BR_caat
2153,1.833222859077043,3.805812961525053,2.016373429765659,7.510466525701167,7.291111613257605,12.016338142750788,BR_caat
2049,22.38076407062314,20.46822628027412,18.75053832547489,26.38864901899348,31.861864086643678,29.38309181915217,BR_caat
2625,4.156147625807674,4.440115716984244,5.921311023434902,10.78848034098569,11.425930365799887,6.392385329986885,BR_caat
2251,11.655523138757824,4.485972033163667,8.950352654924169,5.27896639542987,12.714406170051038,14.718410225963083,BR_caat
2050,20.126451679151167,15.221896457527608,15.608323224492738,16.798008941964795,3.4153569894599616,6.972006158545075,BR_caat
2205,13.408136923738924,2.1804899082131377,12.209334838216416,17.566735093572834,1.175258621989972,11.342684673811254,BR_caat
2380,14.360337575481458,22.77813567569626,14.653928610012906,11.885663005045965,5.849053565962637,5.017800448271645,BR_caat
2316,23.737623724359263,8.35877830360903,11.958163180391349,15.894576497064207,10.596366455778124,9.591292549016448,BR_caat
2716,10.5835274397615,3.714306076456878,10.094276123552463,11.7365341138361,5.1688177271492926,13.786707843368529,BR_caat
2578,3.8065688749345967,9.801786591349336,11.084590028958225,9.486293366095088,8.286527389897278,20.179187370765742,BR_caat
2978,6.497167587379256,8.171422974978425,10.22764822896089,8.016960656556897,6.742446578592599,4.649769951590808,BR_caat
2602,1.311659411190561,3.6007816617131625,6.630134028247393,1.941341606256462,9.421727704361723,14.06501313137852,BR_caat
2987,17.86815741907017,7.756974068170259,22.41608425538173,26.976397258123367,15.970286093087772,5.420667465429949,BR_caat
2844,5.85144226162115,11.758882912908316,12.971937338488395,12.596269554409536,3.535798468644953,11.058715446447213,BR_caat
2979,12.198396747459052,11.598957600802096,15.374697866497185,14.22337777620728,12.920957830100477,8.849556918222785,BR_caat
1889,16.80901082315896,11.202174298366716,2.1912948268184174,1.0339866657551011,5.539486104345215,8.70147251682335,BR_caat
2773,19.39823826915205,29.61160462460681,0.8658087292756421,13.859814687798272,2.7009742531103016,12.11423194524579,BR_caat
2928,7.196081483993013,16.64354725129096,6.723058353277538,9.498571365154984,9.565024151847474,10.647007240642104,BR_caat
1784,16.58942734833485,9.499688254526651,16.31506546173364,22.954840544678564,17.566722276751985,13.036038581287938,BR_caat
3027,25.57529278501003,4.137412749182424,23.79081575868198,17.034266492253696,8.473754851371112,9.3804912376291,BR_caat
2911,3.994689382153992,1.3444689944412107,5.011551760134488,5.864701273759882,1.760382449684956,15.342219127966931,BR_caat
2537,22.8939390668146,8.863046853555282,3.220991362385061,7.982009343612381,10.331951136517894,1.217033327940208,BR_caat
2431,18.499988916159545,18.95876164557413,13.164124966315365,7.419120858129953,11.6854471491767,16.108445042786798,BR_caat
2061,12.6804604811621,5.892079275181484,10.917510254511528,11.290462232431851,6.485554129601946,10.74778171388022,BR_caat
2791,12.257823478261225,1.9983938565895771,8.072743355144825,2.1038209061659674,5.604549268165723,1.656140190743759,BR_caat
2783,3.9237100474886497,4.953670272608059,5.783985493966746,13.207576279533686,2.640854840995071,14.921832198529277,BR_caat
1874,7.417113630296123,3.252388462316189,13.73680135911013,16.858103015404073,5.202742241880078,13.266359027341595,BR_caat
1791,24.91300080145584,27.77661014364367,4.171541231961341,14.04787157990695,3.2882542805203623,19.477793016540737,BR_caat
1837,9.585701823972276,5.928556195234373,11.072048229277293,17.994785217831474,19.161132964479663,16.71369045605826,BR_caat
2505,16.482104254689645,7.555247726405959,16.35750903285695,15.212203310992797,7.136813378090325,11.15806703306187,BR_caat
2990,25.460728725813908,28.941350771381245,12.649558709953046,4.768488823753699,11.125498802924383,18.015445357866124,BR_caat
2989,6.740303443371039,4.500511286740673,10.728611786493746,1.882298987923458,6.8219016546099045,13.201534873496756,BR_caat
2576,16.22277050945924,6.769901682220358,5.950387316845718,5.14920017667158,3.4848970259735648,6.665389724968173,BR_caat
1871,7.10790912183738,12.070811985540514,8.946827398632182,9.888884601013228,6.558963450471548,3.012727980464057,BR_caat
2323,4.491637692030275,2.022493464419048,5.285188153291084,5.560345641395632,2.3369929685093283,7.6289246741677506,BR_caat
2858,10.325416186173925,8.266599875346202,20.004456095876925,16.192289041874975,6.907083272586909,2.87498639406615,BR_caat
2946,6.59821115941678,6.051516812378473,14.05829934104951,13.992407062890592,14.7218781709905,6.126451006606333,BR_caat
2454,21.70395413463871,16.25235886794619,14.214905174026798,14.287619388882304,12.425385157173253,8.083061101582159,BR_caat
3030,24.078668541744783,1.5470249305997974,15.89268266791442,14.22133428975278,11.919027260612909,9.148940688180828,BR_caat
1842,19.06269866718472,24.59501354900202,9.034109101770284,4.577298234954351,7.063973433472885,6.38731113451512,BR_caat
2275,6.68446007846487,2.61231772565095,4.514562560545761,8.801280032062953,14.35318767629618,7.0670674629463095,BR_caat
2923,23.962292556663865,9.98298231695741,11.653535683148332,26.125279133028123,23.51977691402033,4.983707131656504,BR_caat
1986,20.01040371538756,23.15609935141836,11.57131616507334,4.44518953246661,5.260865895533383,15.853628161503034,BR_caat
2899,12.760513257471672,3.0263027627101318,24.901546986906613,16.516841655021846,21.105308710940445,26.73514291483968,BR_caat
2601,22.203803264024675,9.300617227484713,17.09070669558069,4.993108308052206,5.811363513824936,13.146161002924591,BR_caat
2033,7.104123871308453,20.456698083552773,20.5096239507299,17.130662986343793,17.270058167537243,28.099278879817728,BR_caat
2771,6.402732985017009,8.593416341883172,3.008228782701049,7.87869604974372,13.692732733422671,9.948997874645327,BR_caat
2421,10.015177968178124,10.366104725595566,1.3145540021816828,8.457520797689623,18.590604285342277,11.975221156894788,BR_caat
2202,14.982806187675584,7.5331508265632765,6.3537964501652215,4.539805748025174,3.840792901333153,8.85395356023334,BR_caat
1878,17.035400530444637,20.473102690513223,15.059541800383844,13.764212250156604,12.453308736483056,14.231781228394125,BR_caat
2590,19.846717690359164,2.6356423313446014,4.370718289928252,6.406026042858593,6.545386665201447,11.479515735980016,BR_caat
1808,17.10424753101767,7.552377756773565,21.47541417874676,8.832075450916777,5.62529659002242,2.6137233152246298,BR_caat
2665,10.822045838196193,1.6796806835134206,23.822392847336825,11.811882470667843,2.988209983052656,8.043935149850544,BR_caat
2044,10.564534744702083,8.688628490576042,4.985372952802651,5.485659504132242,15.363546432199811,16.842760053656963,BR_caat
2107,19.556704516119744,20.541914305652,20.29569565138258,13.429198980910918,10.057831311320498,25.958238449656854,BR_caat
3031,10.704020582334918,11.32073160519118,15.812160067610913,10.500313049554087,3.63640179838726,5.593905306888284,BR_caat
2677,13.741343462233012,13.825984159157011,12.856715198955992,7.2303343872978365,11.975678696979896,10.283163400786682,BR_caat
1953,20.17085736649708,5.564415395109538,6.002837727681747,7.623269531928513,19.84564495469816,34.74993434585196,BR_caat
2588,8.885451389624118,6.889980335545617,9.8183180164027,7.52154271654511,6.007339562674383,4.313480780424446,BR_caat
2715,11.24250755401276,5.804966142724285,5.607425485348825,5.254301743182458,6.498320985124176,15.751215101836038,BR_caat
2699,28.54210063282192,31.326444855599828,6.224173380702865,8.762119111336228,7.6845121802683485,9.654195546456563,BR_caat
1829,16.047672436977546,5.77654744796882,14.108797469097995,4.915169725635966,15.65981183805377,4.060640126723127,BR_caat
2346,22.41613990457949,6.326426716672429,7.37983698106629,16.015009968403994,12.23858032833305,17.555929928019456,BR_caat
2503,14.337870861109415,6.952268520515728,8.85849930856936,9.106111843922672,3.408084782452518,10.069373924862711,BR_caat
2155,3.167599814478597,8.699532811844351,7.216424458026375,2.915590304480224,4.509603932751777,6.225077140471604,BR_caat
1895,20.91395489938573,16.61706072483563,18.964782444318203,10.535437829783469,3.309093836932425,11.47199617678078,BR_caat
2988,4.114815062937876,12.203027499360584,4.268284634947171,5.621168656503102,6.608011144862251,18.67423417462292,BR_caat
2019,7.702393232617839,3.3666094599131293,6.504211979494804,5.618160575592069,0.8454502071499492,7.650212004997023,BR_caat
2869,6.9982458319795215,6.463890008327438,5.5485693631189,12.135369074028407,22.53756881954404,3.272868348607227,BR_caat
2513,5.265037240962047,5.883535136232177,5.088248232982019,10.36590310591613,5.849253736661492,4.726595518195368,BR_caat
2075,12.614910771727692,9.746613015414814,26.85337104535951,21.58791054663419,9.16880986692887,4.33967628868079,BR_caat
1961,18.45854249546332,15.028310497599104,5.443196323322289,3.534957735835324,7.122982096457175,16.209060738747517,BR_caat
2270,7.788505292877493,3.0902135085267117,12.916743892084671,12.74973515888086,3.1846219413476677,7.133710686738662,BR_caat
1801,10.17811080107268,2.479924065951111,10.300922018833822,3.764079339914108,3.5525627688716246,8.62072432434133,BR_caat
2974,8.951032817250784,6.917305411985132,10.130818884841084,2.917918488789049,12.393912835929418,10.909343741103354,BR_caat
1825,9.833514609969969,1.1982604898826394,5.177900919981885,1.5268858815529602,9.902692008131758,17.265152559397162,BR_caat
2596,4.334388548411268,9.287262358433246,11.74691541222384,9.647736256342643,7.776615691642684,13.175768404775743,BR_caat
2126,6.8883051975769485,6.797536266645591,8.875394197284256,9.564255125035402,5.48521513317084,5.014079922971049,BR_caat
1813,14.21162962660716,5.904696631221681,10.165045807759556,6.463242033184812,4.998118243716029,12.15373196383437,BR_caat
2776,4.8126166025990536,4.76986089796895,7.142337849447129,7.665277369880682,1.950784567339,8.147910473529766,BR_caat
2692,3.628957610565153,4.289137582950306,5.222047600946054,6.434242675235501,13.041264830352269,6.012453388557335,BR_caat
2811,8.666128196576022,2.858773348834488,8.951537272087664,21.484754127235718,18.21317213461364,12.989922685562195,BR_caat
1836,11.113671220770588,3.637887393408479,8.750369293350182,6.725437880208474,4.159344028657447,3.831433471981684,BR_caat
2086,22.88103896227843,15.541043896930246,9.060341862613356,8.168377700867167,11.740433475710889,21.463996134063763,BR_caat
2059,7.933478390040812,2.3597074721006783,6.112169180787599,16.390801185937008,4.77500802944413,6.01461778688573,BR_caat
1814,18.78495816914818,5.9093867876768735,5.957515689117496,12.93344050862186,5.675749075219237,16.76471534273958,BR_caat
2045,6.787920409602607,8.886180812062499,26.49784762886841,27.879712402773706,2.5168108208695785,16.33174861842887,BR_caat
2947,8.135624815774259,14.0191106446329,15.338298838920364,9.576029092222765,13.409927301055308,11.309244092051898,BR_caat
2065,10.480609476337063,14.916093291245865,24.38672240692014,12.544958922686014,9.32948549864051,19.774727029437,BR_caat
1992,14.011971335866756,2.5779908124650235,19.016687893338396,10.452107414477783,3.243162641992213,5.781550676602467,BR_caat
2440,6.694239676644494,2.7191988646525886,5.219544939663552,3.5170694922055845,15.1230469212766,8.217739615530938,BR_caat
2614,24.43123436948625,10.603005018826655,26.108556749902657,20.46272435297881,5.601243145327164,9.05332564939943,BR_caat
2132,1.4311683355414715,8.20287909440161,8.020759299992532,5.9612856714180085,7.411601256378108,10.46222215259129,BR_caat
2641,8.930272410583983,6.218591532051149,15.27292158344044,13.873268550934332,5.417854809725204,13.300213265606736,BR_caat
2134,6.832298062206442,5.740381190678956,4.1104661502032895,7.648904745830545,3.804744007589656,0.9379090074377154,BR_caat
1768,3.736080021886005,3.5922202140505384,7.690019933562316,7.80935267107036,2.1228266912136227,2.7822785872045936,BR_caat
1834,3.770513957018679,4.818943399141338,15.604588428299431,20.28990865840545,3.162585178631342,20.288158206270992,BR_caat
2532,11.647139663412656,8.47335262800521,7.652254196232447,19.494549790846225,12.17203506293962,15.53469704240058,BR_caat
1799,9.564526193284037,2.11568348929146,5.891843745296803,14.153207877681297,10.524231973908185,7.538909531130853,BR_caat
2903,15.082104760992763,1.9207662943138408,18.9273144051928,20.42118368972353,1.3161564434742798,12.42643429172794,BR_caat
2649,16.194708032813118,13.538377710090682,9.552467917319587,6.298894066056467,18.90767868148206,12.644839806383825,BR_caat
2062,13.003636644859288,7.821535534237103,8.927305851534069,10.007864463987987,6.886037607717163,10.869399153046055,BR_caat
2886,11.549748700679183,9.261743962401855,6.864950054032122,9.242218890650138,8.834143878881907,6.9460418858131705,BR_caat
1881,9.579483430411454,6.911325498228283,13.971135411232895,10.83273674961019,12.085713261568442,17.446734716713348,BR_caat
2013,6.97297935652173,11.85459922289374,13.90547243163423,19.433023701547217,14.510480458415389,10.03841954082579,BR_caat
2183,10.58929579742952,6.7925094624819575,9.225581121380523,1.9758654842582144,12.770717995602569,6.614933008547119,BR_caat
1929,18.07934593151216,2.795523325984938,12.866269517996042,9.660372352210802,2.147044115113618,5.928996985712841,BR_caat
2179,14.13866973713066,2.6827571119331184,15.502166077567214,10.087947095057192,3.1002049599973334,7.3491144507316895,BR_caat
2747,10.849112888336771,8.798841218502005,11.292768927124223,8.373635381356609,6.860942141426329,13.697734539612483,BR_caat
2595,6.076643463837242,1.6499660127068505,7.874936739972905,1.3666556631653064,10.221601674889676,19.992357010175937,BR_caat
2522,16.958337835364752,3.610108519908262,1.5421361337770194,6.482508083750553,0.4368613965817488,2.7687500519519825,BR_caat
2957,12.44292602693362,11.057627229126156,12.36853845870125,9.74828695069823,13.15776304186508,15.369163711388746,BR_caat
1769,3.564371399164999,1.957641840116524,2.934088023583894,1.9128991455370328,1.564011213445183,4.028040281080039,BR_caat
2015,9.978972974775129,4.60926958959089,8.015849258587263,10.343020144453954,8.79307322192023,5.7216490163856015,BR_caat
2941,12.483792325534765,14.147897998887563,22.89686955298925,20.57306194865329,11.575367203978915,12.040029787262776,BR_caat
2433,15.651451541350903,8.514919792877334,11.237596713651712,9.066014274790527,1.893133954017944,13.201248752896715,BR_caat
2938,11.604671129799485,4.210102312856437,1.9618131575844056,4.685898788187297,4.794187520046745,9.183178419563102,BR_caat
1860,13.246713518451504,2.0409463849749114,8.524472985059969,4.129458391940196,8.928773785043532,7.029543599449866,BR_caat
2149,6.092302411815088,1.981950687280831,4.707459308292278,5.233305836117784,11.396396349451692,15.1060546794886,BR_caat
1882,10.752595752595605,14.920222403305807,28.54885147717916,24.1325840715783,12.2641816387551,15.90022974181794,BR_caat
2622,2.9935129516408976,13.196905002194,6.1080314719371325,1.9146574872170583,4.093099491875172,16.40671076485319,BR_caat
2022,14.341262096074908,4.5089955592307005,11.405106950653552,11.180794142103462,14.185187672627883,5.395087439726337,BR_caat
2197,2.7176647924498885,5.374731200227195,11.865953489620598,17.092967541335625,15.671576987447471,11.40602271843587,BR_caat
2356,6.51134941228835,4.81970249406447,14.34500295135694,14.831805779005418,4.925585674253624,5.465063315018639,BR_caat
1946,32.06345579858537,21.236764458950518,25.207881983932623,20.29971839190666,9.355116459392594,14.409244413462572,BR_caat
2626,9.988717472694669,5.445241986751158,7.584559694503902,5.446453642778343,5.00385059261046,10.020440868928576,BR_caat
2157,22.394416969269862,13.09823743522038,18.26599150145585,17.401282471754165,1.8110961887560129,9.175107431408415,BR_caat
1900,5.922968789365801,5.438207481434189,6.314702765007449,7.750733880076808,7.577959037979404,8.60158925173155,BR_caat
2598,8.7853263918129,8.799030698759069,1.8165135412303928,15.186631257407916,3.831785479343212,14.461906045096947,BR_caat
2968,13.82590932509142,10.114631372893337,6.483851822900632,6.2072573942814495,10.528278895360785,7.811012187105419,BR_caat
2709,13.293865215328514,18.643578984589052,22.30632359210036,19.578821902202705,15.196224754057551,25.744289405143704,BR_caat
2057,12.498520465375847,7.686250050464324,5.043621829401921,4.160116726169296,11.453982118036558,11.175189545328628,BR_caat
2014,10.981101251697442,7.658672743613194,25.18059212553799,29.935413992174976,18.897864208217555,16.130241581529532,BR_caat
2320,13.173732654662365,1.1035491468670335,10.781217899723236,13.849485478766391,14.742246375319578,21.680860550105773,BR_caat
1857,13.428349437124654,10.411439994550838,28.60761652623456,31.458371328082293,22.489123119441683,13.56677194089281,BR_caat
1960,13.753935446717415,1.853072450183784,21.966477859130507,12.850196569785089,11.347805856203935,17.19921070745102,BR_caat
2737,3.713401159460756,9.820028116655685,2.6455606132247955,2.7361146433813173,2.5880218738106637,2.8258428596981364,BR_caat
3021,5.065262358109378,3.675469819798005,14.39487735698152,12.130491503311106,3.466164569752154,2.526072690891674,BR_caat
2204,18.52402059393908,16.949012899211787,14.95409882169878,11.618017513214667,8.449218587467987,12.37571745254358,BR_caat
2509,19.73328867349808,9.15130672646995,22.489055589393885,19.85566766782713,4.1831074553580505,12.128905959379235,BR_caat
2975,10.272983525997656,3.615328142911435,6.773005114927418,5.869645576773442,13.9541268143745,6.926242875497406,BR_caat
2419,14.891485690855594,13.266522185174916,17.720756973579228,11.407240543300189,6.646180937729412,9.10977620118275,BR_caat
2478,2.802517246658404,1.8428038576182664,6.97739630666121,2.793872885858629,6.077235984871177,15.479806264635563,BR_caat
1914,10.362657727219467,16.41626070280133,8.585770544085486,9.282628763501323,7.552155170538594,13.951841678551403,BR_caat
1886,9.089710103415923,17.303368389245303,29.69697750018104,17.7623914611967,14.876039518886436,26.55155737994444,BR_caat
2504,18.58563986168238,7.179405944686745,4.6284914652757925,1.0537646700552343,9.439505664532174,13.689993641245852,BR_caat
2992,7.798252347508778,10.870854339715182,23.993340218019203,11.690593194145444,7.678357540386671,12.226009884944062,BR_caat
2936,18.13115188607493,14.81738786795026,3.182966369871702,8.830796965691928,14.585349077398186,7.981377020531775,BR_caat
2520,46.62280680962916,3.1489063597690152,29.1190362045128,23.52862758748614,1.3934759733217268,1.579549392295298,BR_caat
2585,15.17105826210639,5.658995086250085,8.460149936715435,14.245534042246105,8.037442828178445,12.8872159855162,BR_caat
2499,8.488395604578677,7.940434361023662,7.648227041865714,7.69747516923646,7.373755803259011,7.642086953774268,BR_caat
1794,20.58242436550237,1.3999962448386545,7.427041806934895,14.12593923723218,9.779678653081929,7.166802715307475,BR_caat
2683,20.717799874865914,20.436264431632136,26.51429664459402,20.50758130625076,4.314293329093379,7.295917603410039,BR_caat
1782,3.364927122959472,5.393017313581662,25.219550419757944,31.78925600919313,2.139257344622901,6.6086531643965705,BR_caat
2268,4.02763421594794,9.13897322561612,2.881119676778773,5.811043203111514,3.579427600573291,8.719921544068383,BR_caat
1850,4.580688036798177,3.5394433534338083,5.73930912368114,5.195335130066259,8.46848469775835,7.550745022853907,BR_caat
2568,0.4579798167543458,16.700818838264148,2.480155699505413,6.189224670600657,5.986980946896262,3.758719228028618,BR_caat
2843,43.93593465667164,18.34974566808963,15.080021422851669,6.001885674894191,8.316597529145724,18.00121043538069,BR_caat
2587,19.57423395023738,7.034229265427174,11.954930893886022,11.938784089755776,10.666939232470822,11.10427486183009,BR_caat
2368,10.085566580567288,10.901614099374004,15.284230519698744,10.966634008693616,3.976842321161441,4.269919461524836,BR_caat
2041,17.13553801452553,10.163139286824908,10.199848465107404,6.086127617848478,7.3408825973777105,5.490230505022022,BR_caat
2452,20.56260174065884,14.562571004287692,24.843209928318636,19.44306260961697,6.101129557585663,14.330513638527416,BR_caat
2661,5.323887196990525,5.721011276893656,9.910960092205304,17.173738625863326,8.872314329516572,7.509092801025949,BR_caat
2234,29.86993383297228,26.0452128657148,19.43274917282352,13.429108733399168,16.10883228524224,25.28186666553647,BR_caat
2976,5.971250088819866,4.820561551054057,1.5986696284144966,3.530683353337087,4.234422437602555,6.560715456625984,BR_caat
2884,24.69751097549431,23.60025117576908,22.59439800792996,31.335760852380965,15.7604869571712,9.901934799600562,BR_caat
2986,19.626784578947607,6.189767359262964,13.96381532268454,12.758769838580326,16.7772512138899,20.725915996273123,BR_caat
2215,15.410853450673567,12.500562953550777,14.079376527147124,11.217140087747444,6.65984784558482,1.8899755704199517,BR_caat
2139,8.995893752807412,6.699472526400662,3.706063724111364,3.713137385719208,5.384805007926785,7.665486475276287,BR_caat
2325,15.555002056199184,11.020782901688127,14.9455736121233,16.601346236951215,11.675938782706304,14.68815480015174,BR_caat
2809,14.530328399668605,5.603945489332003,10.229501641095297,26.134542529043,14.083124872354851,18.77421109771884,BR_caat
2039,4.701069286825238,3.285281663323404,6.517359628605966,6.405700305330517,5.668351047124161,14.853520784189152,BR_caat
2373,1.9514086594485287,1.4243154363627264,14.551348563071942,7.230720202007133,3.93298371002328,7.309940843449746,BR_caat
2217,5.219133550152977,2.149662064991796,19.59230914653928,17.414289947676817,2.9230599403919144,3.209137170565356,BR_caat
2859,3.049326083554881,6.506745605535319,12.351485684162794,10.418849968768283,5.528710015432408,11.40598020387825,BR_caat
2291,11.420451937209869,11.287124869546764,21.513437799097925,19.865793676960248,12.039624168809764,7.284281337880968,BR_caat
1982,6.710015453969072,3.419205800506702,10.779158625172732,5.022668002837591,6.315311901323135,5.94783404147647,BR_caat
2112,17.634779827337795,10.442691063203002,14.687740786935134,16.28365565019618,7.285157004347499,11.279240934858125,BR_caat
2880,6.238118797290078,0.929450158321466,12.549809854168757,10.586492672725772,8.411043678137602,14.533393274031376,BR_caat
1915,3.459334613421282,3.649239951495478,11.22278179344605,8.946625988172936,26.82993062827591,32.055858151047325,BR_caat
2491,2.813443231291417,4.961376534243308,16.37944020785553,8.770775146673929,1.1641553796478532,3.051839776883531,BR_caat
2180,1.7679104443477311,2.302204649325455,10.565687890411164,4.747774626127613,5.664743631713272,12.441000573557876,BR_caat
2644,14.375968047624164,17.47285186417284,19.7317544955679,17.202215502173985,9.228162818406894,8.74208007141164,BR_caat
2912,22.03080779812984,2.044509540198319,24.065682402925365,15.774577502101408,9.92405089447463,6.416054291410158,BR_caat
2110,1.1205034326599812,1.242953176509353,2.468270529442772,2.006473346499372,5.904921505033713,2.0304041747682446,BR_caat
1941,14.74162180690247,5.582124841150467,10.950642175471586,6.479247535866695,14.536910424748358,7.042174902403128,BR_caat
2553,19.79094337319308,23.063013175809004,1.0402840228593746,5.938552745491626,26.196136397814733,25.367792983208744,BR_caat
2674,9.316148389187203,2.1703473701408518,14.752728293155888,14.084956263806168,24.11110623994265,15.854961758518044,BR_caat
2748,12.525889842783508,3.62951544471814,4.8279697916101005,5.550236654311443,1.674347807406951,5.610239143922715,BR_caat
2506,9.609336464486004,3.065966967958532,5.870388232713265,6.114990929834892,0.7165786970125764,9.048993837570082,BR_caat
2073,20.63470002500536,15.708809779416658,11.660136895453286,9.67522774916474,9.07440611102845,13.413817378843593,BR_caat
2311,7.16857054320674,25.730467102943408,19.43763997369872,5.301642549347476,18.238206796635783,9.209192355132236,BR_caat
2592,18.997770695828606,9.639334358390796,22.0213039091236,10.95414956438036,1.7917756825180169,1.6331680361697103,BR_caat
2557,4.814549645746608,5.572186843550662,27.291357155854392,19.066952926661585,14.277159907965036,4.601114283270395,BR_caat
2730,17.201860312859015,12.486838694224543,19.208324636501978,22.62748501377474,14.209381901767609,14.128655390915103,BR_caat
2053,2.569215870142316,1.5191136726473051,7.949453082894547,9.569734013359708,12.590929049529898,14.01511951051338,BR_caat
1989,4.031311390039525,2.429649041702978,6.819537518000737,6.777660267635901,17.082312081447725,24.44540040729581,BR_caat
2561,17.7294963343012,4.497002304056243,9.804868279285431,4.940305322362842,5.3696646917283175,19.53969534123672,BR_caat
1790,22.83275813579566,16.277293008992938,27.43709615389008,41.22354471102612,15.709002384404208,10.059468849106262,BR_caat
2768,22.16432974469948,10.714328832734644,15.584231923433348,5.571195846901371,18.519728820823683,12.288495152589734,BR_caat
1884,34.91579141079926,16.21786429785242,18.803493269514995,4.156269045492159,2.893301293685077,11.793062680169854,BR_caat
2535,4.094881599428871,7.3915982978194785,5.733742199293693,11.16845114642024,8.759904033817833,9.084839903890352,BR_caat
2780,12.956615305004265,13.837227992524628,12.78008171994492,9.849230673065565,3.579026135275827,6.336454109969974,BR_caat
2129,7.24209310869315,4.520614748889437,20.99702444567704,8.984540150014013,12.79382557832375,15.81079428191122,BR_caat
1863,14.03844024725072,9.230728706845824,1.133840953348804,7.551451979051659,4.270049451823102,7.6065673827127025,BR_caat
2997,10.370438012507623,2.084547044149597,17.500875659624366,12.352028044612492,6.762419660627868,15.685674531008395,BR_caat
2029,5.09784944412175,13.838265785242324,6.027371215831999,11.585141191596408,16.089751910859285,17.556824192943935,BR_caat
2819,4.011596272305079,5.376796203930498,6.705869459521496,9.765125964789304,7.811709630403295,5.7763567994702285,BR_caat
2708,11.446994868522289,13.229798264189697,23.244909328992705,12.864514134444835,10.959528956522291,23.515929833975022,BR_caat
2613,16.59566384392416,4.759148116339225,13.683785016260948,16.321626632454468,12.87573370501009,6.248314247805147,BR_caat
1947,3.339842456547281,2.826497980936324,4.210434581158886,10.726481675887673,3.039657715721182,8.823211290277042,BR_caat
1870,11.153232618313384,1.894783025672946,2.8641130089778684,4.593297181113434,7.886643507073213,11.100320339848878,BR_caat
2342,18.14367033681984,20.416584756138885,2.301401114370288,7.694920794438968,7.494003102650332,9.015244594366044,BR_caat
2764,4.796489318908284,2.9083430568749096,12.26067093222223,11.038637854798525,13.018037221117112,20.45724290582655,BR_caat
2331,12.027190010347216,6.670043219972679,11.109158713957113,16.156050492001658,16.566148996072734,8.244656272955476,BR_caat
1952,14.95251691176336,5.259037477951459,7.635338626558978,14.158364484535111,9.486366754657237,15.413684059308569,BR_caat
2235,20.73826162586428,9.76293759545801,21.359364616913528,11.6324474815989,8.565181288387725,12.845003655221705,BR_caat
2148,11.661312167463237,3.862361245349053,1.170062383280577,4.1953819884979024,6.972179872801678,4.054006930326318,BR_caat
2371,9.568692697697973,10.279035840580166,13.07628181232943,4.444006805817907,3.2423978823499864,3.564134405611069,BR_caat
1839,13.760772056285484,9.850039497538488,11.68514387882199,8.981085381269798,7.445836210555413,7.674336842523698,BR_caat
2847,11.59155925483579,19.498322439097542,13.193584429909098,7.901346993247962,11.687490865684271,13.653550991431246,BR_caat
2634,26.391915322744104,9.868106754334338,4.4431838511520105,3.240748156443526,1.623521534817839,17.807896692065786,BR_caat
2114,14.679556384106244,11.870998660814465,7.787801482363287,9.384138626143486,8.741634207993245,16.625106494125493,BR_caat
2559,11.690637293575726,4.555500473875456,15.649243015503007,12.94931654296205,4.045096827179774,4.320656395803099,BR_caat
2925,22.365543695367183,22.00628360599301,4.2320086971608175,6.022090357055457,9.280088786549875,14.683312211763656,BR_caat
1797,8.916645942495007,5.225549733776817,5.418859673706647,4.343028144739671,7.861617763070491,5.292612366528927,BR_caat
3041,20.812025063348457,10.051665577388045,8.426226265582358,16.262584072308552,11.960694437449748,15.000241472114858,BR_caat
1807,15.922483637182374,20.8894444680521,7.408446169556885,8.352115355444642,13.705035321279585,10.850191361088552,BR_caat
2272,9.654707767599325,9.58630309562896,17.83418554134395,30.727140866667074,5.149681398973284,9.662117476834984,BR_caat
1925,9.065795736864208,5.162179519809894,7.432022464455659,7.663675077247193,1.9772816119937608,1.1012581471614145,BR_caat
2426,24.93106266870373,27.091719525148733,6.499429074581789,6.196549456830689,6.7183072971737685,13.14314297542859,BR_caat
2766,5.73079888417371,2.8963573173782358,8.650487959577147,5.01932497228899,1.448486712321551,7.750029992388288,BR_caat
2403,20.45486984334609,15.60282168695959,17.03642079342923,22.269409583560908,26.98435523697905,25.749949658116424,BR_caat
2897,3.248483980634289,5.076248436026593,5.618182516349117,1.3702766640709905,8.177631845313764,5.675637199346855,BR_caat
2162,19.06882024647435,26.825793417766203,7.841220529317195,9.145741366756898,3.9162063339711377,10.529324844434193,BR_caat
1820,17.526413884311502,0.8614650424334799,5.788574933585898,3.597612617692522,6.827610380463937,8.829865765613032,BR_caat
2684,10.528515719312995,3.698063976326312,4.451514152502623,4.255150652122971,4.231843521966688,6.455633849027026,BR_caat
2127,10.999777410895426,8.397920247760696,11.17364796523387,4.967865238935468,4.908579706510549,11.655897065881142,BR_caat
2577,16.16803331648055,11.40125561165968,16.195254486107828,15.56035532175447,6.555136703500953,6.94478401316845,BR_caat
2170,3.192647486396353,1.1226682739178029,11.353392619522234,17.437950794483793,10.46124456044345,8.839238068480268,BR_caat
2189,23.97523265451713,27.870092022775616,32.244094646451366,32.21327958817059,24.04051743103012,28.5271342792454,BR_caat
2216,20.536415861802123,13.204872402424874,24.017867912795527,15.865678178079014,5.233727655845027,16.599046349755955,BR_caat
2445,16.948685360604074,3.3630091556644186,2.4399234713592315,6.889473079079493,3.903977915959552,5.8078795234288245,BR_caat
2052,9.130082043019428,3.806682395892968,7.376279647071184,14.848790185510682,10.807612300424587,15.700179160057424,BR_caat
2360,14.565042588101509,10.549156462348533,17.196238433537054,13.192965157816316,1.8015772930032377,4.349320693289608,BR_caat
1995,9.642528473847038,10.054566503895972,5.871559047840872,22.73313000930942,9.83026017063487,10.071549099549,BR_caat
2121,13.762259444922886,17.98222471760948,19.47460825010973,16.09367406362417,5.71615950272433,4.854690803724591,BR_caat
2539,1.0351758848995951,14.840930962195838,3.733385741007336,5.910190800679909,1.8739026924544515,3.3258689022899315,BR_caat
1777,9.37802543403272,3.876183018615976,11.290098358768414,11.697249402336393,9.223925622930176,12.39642434943138,BR_caat
2831,27.54141505857664,32.00088062058869,26.98859431421062,26.251665709817228,26.325156125290714,13.12700295868901,BR_caat
1798,20.6999230549036,27.071775749725425,17.800425229944075,6.120486531570664,11.81606042839416,25.62481209552472,BR_caat
2907,19.73866715942413,5.291133050340999,1.8218588410456715,8.004367808447132,6.334763826523891,14.957316465638185,BR_caat
2459,0.9986243524978756,5.638592708971851,12.37047499488294,16.084832375886442,6.172187729445106,7.326733307191994,BR_caat
2801,3.647800395779532,1.9101018047142648,4.241653975308355,2.96853453329182,3.4819660822430607,3.2164202836685263,BR_caat
2628,7.027372589933577,13.4726134206576,5.967782201438589,4.341371838895334,5.1081172954385465,13.706736872677904,BR_caat
2102,11.809886256950572,12.268913170896386,6.726138018280194,8.924900956356455,6.366451779610341,18.070049325144996,BR_caat
2573,13.961396338712438,4.764447741206238,6.079079787286699,9.27259821852742,23.26664076693175,33.50065999056618,BR_caat
2230,12.897627683354976,10.61723748974624,2.374469345876417,1.7136365605039636,9.681952643259583,6.85985033933268,BR_caat
1775,7.097377316283008,2.945960434124156,23.311719433817856,29.122341020526783,12.126449419923226,7.431582688209206,BR_caat
2285,17.476956018980562,13.236180799736273,9.551574125574804,20.174917988674345,30.28096743042597,26.95791180931311,BR_caat
1965,22.46710878784738,26.18827887772673,30.95797927315073,33.58991734907546,20.56575479773476,15.88861559955776,BR_caat
2064,12.279703500672346,14.95945998386259,11.418655744826284,11.340657615245854,14.382646777935513,8.3616578744821,BR_caat
2160,12.686918732889136,0.7282355464501779,4.897643386399538,4.06233152043282,2.869394801285472,6.466843266313315,BR_caat
2636,21.56827468970273,4.433241203990717,9.54470723331175,12.437496279820984,2.989403917963352,13.694479735679431,BR_caat
2906,17.478047517366768,5.216055822773377,6.261548864326684,6.725023964490501,9.712493272149867,2.287996445317816,BR_caat
2789,1.165961713213197,0.9376567075108068,0.9510077465674688,0.3297315952582106,2.7816468351899446,2.22776282286051,BR_caat
2763,5.55282728219641,13.913079902767464,7.071498893111468,6.028867948363996,16.973624454273434,23.97944575130473,BR_caat
2541,12.604319392253144,7.429332387631769,14.068133016315,16.244520739090408,13.492495090499643,19.596187193622427,BR_caat
2278,8.586809116673567,2.381913963928852,1.838814668557185,3.353895060299089,6.681408589610949,5.631850513521007,BR_caat
2794,17.539876173206686,14.248108752369104,23.96788431801283,19.497976478258337,17.287968105270465,17.0748913378841,BR_caat
1890,24.28325768016664,5.979450955166188,13.192189388353723,18.52948584735793,4.884413804865955,2.1262203515943203,BR_caat
2456,13.918329240681228,2.5806168276423147,9.22593496067322,15.503787805245556,5.977834300672015,9.702944096062394,BR_caat
2146,16.585091762144856,6.761284660096346,11.90622090504637,10.90867413931257,8.08179102978466,3.9112490093151577,BR_caat
1806,8.972786475967164,3.06693332815124,2.193248427491369,3.1668081469733598,11.638522209201676,0.6062521260386132,BR_caat
2887,9.774125119197864,3.121513483270693,4.396904299537089,15.113046526666476,16.01957969948562,15.313988199646303,BR_caat
2866,16.71258523872407,5.925214438774874,10.37165883072526,2.9335323694049,4.410602319216346,19.18962131462426,BR_caat
2599,8.308779164681493,14.449297908005247,13.978445771005182,17.73966513304772,9.503385504050442,15.6072231345639,BR_caat
1930,8.873021716545006,3.3532940198007064,9.860021985358284,3.3207952046193827,2.6852245426806296,14.566344031762956,BR_caat
1835,3.6004395610412674,3.8426824214510313,14.196602016213175,16.21009546124053,7.62121216240036,7.861493218105418,BR_caat
1892,19.53162978608575,19.43211246492974,25.82885428451067,17.85800761475836,9.6480583573762,12.583374603024648,BR_caat
2319,12.150821055268478,5.264813574695936,14.387741983779602,7.92148076528607,7.54198016835856,1.0357277900633333,BR_caat
1772,24.60289153861194,5.219006219461303,16.416436856397603,21.59903775190713,9.112361649935956,15.917666413852016,BR_caat
2893,16.857344674735625,5.417952746784112,4.812347487998276,4.5186433053317465,4.708175918259081,12.390664275952355,BR_caat
2301,6.82694884050512,4.187878755865486,12.651257496631912,8.66012816038229,10.2571840176648,17.02031413130098,BR_caat
2860,10.14469992564351,18.26127936217418,14.704449342330156,1.5597275698890762,12.44739238586143,18.812302587176,BR_caat
2068,8.286821286552522,4.547129465572122,16.13791826374979,16.45072560836788,5.402175848556494,9.122552496982893,BR_caat
2379,9.792832361372016,3.3807287427142625,6.641155502644373,9.633637175900516,10.325959070607412,7.999888746200254,BR_caat
2515,7.406591631450395,7.288391318544303,23.969389060127668,21.754761993182303,14.466986799052334,9.844327080891864,BR_caat
2055,2.278957528056681,9.626609280936009,8.28493957072911,6.123791556950675,8.141032181827304,1.9929096192817388,BR_caat
2516,23.55987070028804,9.795642455071734,10.060518799536574,4.861728231399054,2.8789189584917843,16.952207920227064,BR_caat
2195,13.304997762984076,3.250683291458138,7.378008985398915,4.028774825907026,14.163457822825176,6.725955245765148,BR_caat
2376,11.587134176161378,14.41965127755688,18.41487854830461,13.98818141361595,4.269252419202518,9.039816678423875,BR_caat
2757,13.901501484565305,8.451821397382938,5.186004703698044,10.356799909355074,8.591836173201097,3.2197282423307154,BR_caat
2964,0.9585143557326748,4.10175146808748,14.351390577736243,13.441650246493133,10.41254917043746,9.718996492292744,BR_caat
2660,6.983586490316704,4.705586608095813,2.7896918168919256,3.4661157854188,8.382546275891286,10.485218428488324,BR_caat
2610,6.627665072415673,5.080707904362965,8.013095372364917,24.54661087926233,16.369118176011366,10.347203731615936,BR_caat
2274,9.064682698191964,16.526226640112807,26.81472996941972,10.374042325117545,11.365612516820098,8.495138357530282,BR_caat
2124,13.285343958054575,9.543068151137522,3.3655826658498404,13.42515444729731,11.153514413893538,5.658622266832113,BR_caat
2167,1.6396441207312793,0.6586228269234226,2.128254134755824,1.2446507177505766,2.600697726282293,1.360989223634448,BR_caat
2785,3.2649210402575526,4.8883575044258345,12.340836766137144,4.784854504692899,5.722974174681604,13.342625713482692,BR_caat
2120,12.859315390377205,9.22151260985691,2.710562658544036,4.198579076514927,6.462704200403072,20.46179329181454,BR_caat
2612,10.97590326838566,6.301707911253932,15.477499616177898,23.939051647180555,12.376728644228317,10.42618517448652,BR_caat
2944,20.21661784504554,4.014049091517406,16.674610806551136,21.688319198647037,9.301220319914226,9.951288077500584,BR_caat
2816,18.16717933832373,7.810074179637936,15.328356740251992,19.525446105929525,16.60718861403148,16.744030291819488,BR_caat
2466,2.3400736981856607,1.3146070669363012,1.9605086028702288,1.5123570825214323,1.7360219654781917,0.4052920709497238,BR_caat
2411,16.29194783432021,11.892558553289916,5.919104335822865,11.999737334981596,9.73921596757682,7.216714481939445,BR_caat
2604,9.009860441055022,14.674605021618586,12.047296159089596,3.528207467518768,8.397539182244065,9.61737229046044,BR_caat
2435,8.366889227981636,7.251796535340419,20.03434681840067,30.7454660139928,4.805684772126393,6.258342801748146,BR_caat
2028,17.046557372651545,16.783017790135546,29.014242257957388,10.103999287844465,8.477520970819365,19.06289671966045,BR_caat
2838,1.0296225717773253,0.6649715615461489,13.109853619830783,8.110153817038322,3.6183808707493488,1.7846976012457365,BR_caat
2101,5.607568906727409,7.273623101873659,4.867494326074303,5.380590959501904,2.4660548696124893,7.12353008807455,BR_caat
1921,11.533742033115445,8.525224233394647,22.06622744666473,21.85631082159516,11.359708727810284,5.486888005491865,BR_caat
2164,8.346558540207592,10.21689988287882,4.185977764639199,3.767570212148257,8.0285541948596,12.705219601985345,BR_caat
2555,11.776942011754937,7.050400554823993,1.7161246270961024,23.91204743409825,12.508921225236875,5.8783204929679895,BR_caat
2269,3.527144645723793,4.289157019424043,5.600914518597233,4.829341856887838,3.7053339642645966,7.398231350103992,BR_caat
2584,5.994782222919006,5.310621652126225,12.002001930352677,8.096127981395227,4.576016452760378,21.114477572142107,BR_caat
2966,2.827962426841295,1.0981958636745206,2.073288369553924,1.9972192521599577,2.474651953795334,5.7783134651817445,BR_caat
2489,8.960030532068927,5.98998556572763,4.3488667648126,6.655188556063897,9.685652184695554,13.032592690022271,BR_caat
2141,2.816279135015268,16.319918376392412,2.0377490079152305,7.296244306814476,1.5459176624675497,6.36461940834905,BR_caat
2623,2.6021868275378925,2.8933870874008325,12.084299773637015,11.159840529553884,2.9807389553500085,10.389458548944386,BR_caat
2358,9.421017161880805,5.7631332478007575,5.72317898625715,4.53955359728347,11.080048924978644,6.6053779113301445,BR_caat
2080,20.58054793303657,18.87446274882544,19.56286955859875,20.227380367828,11.181953491063789,7.733573843646341,BR_caat
2593,5.559280727602867,9.650263825594443,10.907828716096311,6.439026972685061,5.339279509263235,8.533172207516643,BR_caat
2366,14.600780444873452,8.023716242569291,18.61577718176308,6.348478533090908,8.579473540916764,19.693618578253908,BR_caat
1810,11.645772059984518,7.736834689074575,6.332449966181505,7.639627015851598,2.06490376538459,5.548854675167885,BR_caat
2413,8.153535260010964,1.6668271232941227,20.642617235998124,21.114035957063276,7.647555818372221,11.596643630637336,BR_caat
2954,23.11977633364305,26.03511027417939,13.27042733149148,10.928119175811815,22.786120942552728,19.463876954330164,BR_caat
1796,8.251487881428304,12.282317169768412,8.30394799292234,17.51869618618744,14.676246033034383,19.470878224290967,BR_caat
2290,11.630767387392048,10.967883148235002,15.958827589186132,5.26848676767388,2.9189926547786427,8.244980760775023,BR_caat
2806,11.188472154759337,4.581799147718909,4.0815757141554325,8.611031087158162,3.4478255698896825,3.717865780097876,BR_caat
2530,13.72055214501187,12.52658195940714,5.134468141471472,9.627196275559443,6.716930315275084,17.058970361491436,BR_caat
2851,6.139115942414088,7.888763552916956,10.051206174076995,14.950404411936017,12.65850689852531,15.061290998138327,BR_caat
1908,17.163510673478005,23.10387473526259,2.7599841844050643,6.207144492208723,5.142619934464986,7.7338149022374845,BR_caat
2668,5.269420566792825,13.54305680291214,3.5900214755058446,10.58721936674377,7.663967370783718,10.021668126015946,BR_caat
2472,18.271315089462504,11.51662369099975,8.18940781439113,16.262591855529,12.105509872203363,11.411646215490206,BR_caat
2836,19.48739167658013,7.573824965103406,8.723940574712397,9.822125670498378,5.12705940290289,7.2758318573956275,BR_caat
2779,13.512138130815211,7.376857213961986,12.285855223378382,19.36801193051415,13.303642748363748,4.436321166708332,BR_caat
2175,12.205112472438335,5.484901623442014,2.719114698826642,4.3605661391286885,13.082865526615311,10.205485479008814,BR_caat
2756,12.65269697087125,5.543795966109744,28.06872031320006,16.7343963318946,15.007409641945491,32.61440148874492,BR_caat
2731,9.34919244399643,29.523362668934407,3.219333935560658,22.686729540887665,9.50893119423335,3.3431157620543046,BR_caat
1904,12.36121633095958,4.848801043419091,15.860415271498791,6.814543714146804,11.063114218519733,11.46526786512508,BR_caat
2795,16.923429814959142,9.674801785331791,22.32289116683459,7.326424236036644,5.230450378273817,16.4717733598651,BR_caat
2724,2.911910759993589,1.4791021667284414,14.135997504160276,19.39103339841021,12.07807606686296,17.642233895681457,BR_caat
2550,15.207120464756713,3.905566927863514,19.996870910669927,26.26313519644849,13.70467398814834,10.462175820340102,BR_caat
2213,7.253146884324945,6.985945272629935,4.296485681901058,32.5093867795708,15.234794826777671,6.279700088007383,BR_caat
2437,15.724529575290571,13.027896156136686,12.43636529632566,18.665787242570055,12.42717152030818,7.521679447244972,BR_caat
3958,13.836411253759946,5.324792692326658,5.0922199689716905,10.315924632359904,7.695147814337694,1.9665034530871268,SN_ferlo
3743,4.8798476318477295,4.293759373804453,2.9699773500780338,3.906696587798152,2.93127892819723,2.693254759298614,SN_ferlo
3335,6.8798973415126685,3.0625708342434024,3.941512471909249,2.607034978069202,4.886588486110189,1.2934883713769816,SN_ferlo
3549,5.1928177328605845,2.0431779841218622,1.9130984342822024,1.585966610874345,2.793502945747723,3.404207936285371,SN_ferlo
4013,3.682215099139811,3.300415680958449,3.622425049357653,3.229550140941523,8.009166382640563,4.660227516911583,SN_ferlo
3290,2.359669121161082,1.5545307802535715,3.0253056105868805,1.175063340492427,4.05588206340021,3.696812202138088,SN_ferlo
3761,2.304679686559155,3.2052459243246734,2.210568181760009,2.211604453729108,4.0959010412692285,3.1430181820489085,SN_ferlo
3953,0.7913698561756454,2.334570055914332,1.7754791603069708,2.499992154613956,0.7011647229756603,0.3404740991193756,SN_ferlo
3371,5.5957884038437244,4.622104509885734,2.9087364466803765,3.966266414279242,8.07720912157891,4.58556437277701,SN_ferlo
3091,9.046088888855111,4.61697915123816,9.821660135759632,6.5872717947584185,13.276784349511331,5.814591840463868,SN_ferlo
3501,3.5393543534134624,3.3081731130132046,2.6086720223508078,1.937368226002989,1.131156038801167,2.05313114011432,SN_ferlo
3184,6.373941844842481,1.4287542504898454,1.7651978392634882,4.485592221181774,5.321261392047485,2.911323069223987,SN_ferlo
3424,0.8626448395494994,2.1491183084884478,1.4972143328712542,1.4860802205909218,2.7977354019754777,3.406070195846013,SN_ferlo
3292,8.52531939123829,2.1273915463333184,5.696103277915604,4.536225463473684,4.949743075416268,1.849517520669962,SN_ferlo
3849,3.237624206409341,1.2832298744577957,0.4539202307241401,1.1240132167840355,1.0685101511652744,1.6235368717424847,SN_ferlo
3175,0.9274425718145656,2.5013021758061016,2.140545837858681,1.4216047102060876,4.279421440803479,2.6169907258449663,SN_ferlo
3146,3.190202974061078,5.07645282614219,4.117855827832305,5.368618094572342,4.708680914523658,2.7651093477040423,SN_ferlo
3048,0.9528391859245964,1.6849315312322828,9.058641458348136,5.08684862315074,2.788511354766684,2.087410296248067,SN_ferlo
3964,4.0479456112087,6.613958755254701,4.971016427297347,4.146644056380776,4.3759204479272364,4.582273040826664,SN_ferlo
3551,6.0612512881129375,1.1079841548435123,3.0964519433434616,4.794145993057392,3.2401399353906446,0.8223646919821039,SN_ferlo
4020,0.4686557716893233,1.456235848215684,1.840761972116244,1.4208512168382896,1.4576455980991716,1.047996925076722,SN_ferlo
3615,1.4835139688150716,1.4846411861932802,3.4451289682768462,5.652140265404119,5.889965597435216,3.754476981432737,SN_ferlo
3476,2.0792121361592133,2.9793816291806583,0.7813479055468836,2.0943495376059733,4.31705162065611,3.7355171610028033,SN_ferlo
3069,1.0528734210551811,3.8083002637565513,11.319759170028052,4.798622597816022,6.93277208373947,5.680764368086498,SN_ferlo
4036,7.935021732682595,6.038792697216269,3.3042026580261874,1.0622702175486003,4.932996535244503,3.0621997175651354,SN_ferlo
3161,1.7288302731278415,5.696683512561028,3.5159812090473537,2.092546478650087,2.1159899654166447,3.325399885239817,SN_ferlo
3150,1.1974531026944375,0.8573913542389371,3.698445391992309,2.5982782114058365,4.884268674433892,0.4690162675883051,SN_ferlo
3808,4.905876880721557,5.979385997557418,3.0066336203398025,6.122509834196439,5.088078701612736,4.29323141435571,SN_ferlo
3876,7.331870088750305,5.2907107021607525,3.9239605456535793,1.3127305929121695,7.213538405195632,1.0926027181896507,SN_ferlo
3885,3.059756540509805,2.5281931687351302,2.062651853643552,3.062433888867664,3.317957600754934,4.771644647065964,SN_ferlo
3963,2.67347992824295,2.3750779556389485,2.861652268978738,1.8471910639772915,3.747664990846349,1.9389291531535149,SN_ferlo
3768,0.8449032800289262,2.199459419063201,2.6317805117545485,0.9314759633722028,3.239702807411214,2.452409607317849,SN_ferlo
4019,1.962374445851802,0.9000245026661525,3.972399628926276,1.36661423704937,4.781581275602939,1.4478263212114884,SN_ferlo
3822,3.323976936001823,0.517139523121215,2.237271428390601,1.211487232549563,0.7071831913039125,1.5073853762957057,SN_ferlo
3316,0.451273996833489,1.4262548127766013,2.0724989100909137,1.2210787684073854,2.453686373364498,0.8993170852931424,SN_ferlo
3242,2.389554478114188,3.759972219964035,1.96027627697578,3.9002916432416095,5.250156815756346,3.464904603621397,SN_ferlo
3120,6.1958135580507845,1.6341542870832444,5.067159082323685,6.951324740819239,8.65995776370282,2.637353697612925,SN_ferlo
3626,5.148213827310412,2.107365988243619,3.2546351669497264,2.1566938653431453,1.9496768368850736,1.0571143528091662,SN_ferlo
3304,1.5984419502659024,5.871444973358504,4.9031356427309385,3.66785467292284,1.824276710261804,3.501299706779349,SN_ferlo
3664,1.073392116130499,2.983153177252817,3.632129457915224,2.528336432846103,3.038478576600568,1.7432918820365808,SN_ferlo
3585,4.354124531499026,5.114801951682544,4.024644966711159,5.353417715501895,4.255816220664861,2.833261346156257,SN_ferlo
3198,2.204709917837429,0.9672415314267732,0.6792597949211097,0.7153884711489115,3.075320881484932,1.3541194279338005,SN_ferlo
3132,1.841900197820349,3.153831381786964,2.162952746067472,1.2131105276492216,3.633698204318464,2.2398444247739606,SN_ferlo
3143,0.7394420525729424,4.647391710658803,4.139142075372916,2.7408736222676224,2.9789252858656425,1.4063301446955117,SN_ferlo
3136,6.714166320693823,2.377587843117589,1.601074990648368,2.831329040167577,5.952654293928974,2.028320506118496,SN_ferlo
3843,2.920904165300893,6.909681368560083,2.9947724736874344,3.66151079139665,5.798058324830924,4.461554295863796,SN_ferlo
3952,2.3782266080013548,2.796858591788312,0.9776313845778168,1.035783343450502,2.517362646966913,4.660181742633503,SN_ferlo
3083,7.093488256422672,8.865984218093331,8.591426656508139,1.0895344766529471,3.901858355095238,4.050904428425094,SN_ferlo
3752,2.1242138252958984,0.5480171272564226,1.7253190000594727,1.3237925171838931,2.247166593903492,1.4250522586328531,SN_ferlo
3909,2.5718667011470933,3.173549410277947,4.254505400084146,3.389517027403056,3.5400929324375245,1.8920980645103305,SN_ferlo
3478,3.398639601548253,4.674833574268377,2.870642850094938,2.693223873509257,3.592362960129608,2.596906897467418,SN_ferlo
3076,2.8104257616465285,7.720582890932991,3.7963444673299622,3.020269374998473,6.661034599137686,7.580658812076087,SN_ferlo
3217,2.276807897559157,6.285019037154133,3.964075939317028,2.791317608705394,2.3757594269706965,4.903640556513625,SN_ferlo
3077,5.000229641215528,0.762659895544577,3.610620299809336,2.3435715424361736,4.783124492121328,2.757763123611303,SN_ferlo
3190,15.84334748442726,4.096054660295039,1.2936586781450112,6.352253023922046,7.561597680784204,3.5563184044310243,SN_ferlo
3818,3.613039818156595,5.033646424029358,1.3929204213484867,3.0068076815416744,8.384151279727496,0.9462431248987456,SN_ferlo
3644,3.390643955924758,2.538483363824201,2.115811610980588,1.147513572848908,2.467446033622698,3.107905521547255,SN_ferlo
3727,2.9176943327291998,0.7940196925472267,2.169113271634753,2.292427335781032,1.0693173595887897,0.9100274067840176,SN_ferlo
3969,4.975854502235065,3.801427886597212,5.355749645587344,3.66947531688078,10.552185035270773,6.584372019784924,SN_ferlo
3869,2.132623905386532,5.162685570230491,3.395063228397048,0.7955556875557341,3.8736998096660575,3.3157876830597024,SN_ferlo
3353,7.31477894284625,4.429525448717379,1.6735138865000347,1.5755113899123678,4.818668764787104,2.4270024931009013,SN_ferlo
3742,3.3163344588691133,4.482771432743712,1.8243309979652664,1.615821113273033,6.469152495967752,2.48600853370097,SN_ferlo
3721,10.299738734492715,0.8848327802436164,4.229131808466337,3.228192542526594,6.189597829846073,2.842713814611117,SN_ferlo
3785,3.880955353158232,8.913105538160181,4.484965937938889,2.6187577893802647,7.4700803598078656,3.816254746102485,SN_ferlo
3680,1.9969562275712205,1.6503646447275448,1.1582869805157798,2.6269319068578176,3.5673714479599554,1.9016564886881275,SN_ferlo
3618,4.228025800069972,1.3235482362406534,2.8648403214177875,2.8132888415685398,2.368028333352188,2.919123170228057,SN_ferlo
3538,5.941227066947584,6.531521373475158,3.831884323707806,2.19176517373122,1.5131919149647357,3.2702196931158203,SN_ferlo
3868,0.8762303480372291,2.4471822857104404,3.1336657748963583,2.096020303038334,3.318403653083421,1.7237145045357385,SN_ferlo
3978,1.2184302761074095,6.24174145057893,3.1123618971507114,2.515753776456439,1.862190798986734,1.810944663754545,SN_ferlo
3059,4.286817515189873,3.235902894722305,1.036604573291726,4.297530262226586,6.666950871465402,4.203145154184601,SN_ferlo
3249,11.08878829794459,3.4699684281541767,2.438061142992236,9.00929728726819,3.672449108714628,2.9153484012959203,SN_ferlo
3382,2.8301558252661243,0.5169992360279241,1.1912551587582014,1.1178326218775585,1.3491009710762074,1.2756201725879197,SN_ferlo
3286,1.6317637282193302,5.85276133495719,5.155018530913678,2.8932741965626225,2.338297125802531,2.991159474625797,SN_ferlo
3647,4.745430800784424,1.0396425779671372,1.822328724383078,1.7776575291332546,2.7555009232347705,2.08319381764192,SN_ferlo
3283,7.856358601727024,7.848085382626821,8.725521264897885,3.430000204828665,0.6952349804793582,4.350993015817486,SN_ferlo
3107,2.998046953992717,7.045488444890028,5.092060817535303,2.648633873891054,5.661400667383156,9.842253342177436,SN_ferlo
3400,3.865310297371415,2.6770655317152805,2.567460875777305,4.902993559984005,2.867831092743801,9.567752338351852,SN_ferlo
3356,8.146742483561237,3.172460551466799,1.6093326171057625,3.5975338278344755,2.9142094459501013,3.859272317146325,SN_ferlo
3601,2.5166499738820503,2.1390105599935607,1.582048003236493,1.0372580390084774,1.198693355254406,3.139068413674041,SN_ferlo
3233,5.559110632632226,7.429631440085993,17.08017621414071,8.160934297161006,7.826113142018016,2.8679261799317213,SN_ferlo
3410,5.302564014187703,3.5910255025576023,2.561079102439753,3.050663649963087,5.62602437960229,4.69673050427934,SN_ferlo
4028,5.668859058529005,6.78000509387975,2.1802191904174086,3.207820393226805,3.6880676477986265,3.920795105119917,SN_ferlo
3691,2.945237395755501,3.204676866067744,0.8873974977190449,0.9538992042961436,3.9398121159943433,1.692100094628996,SN_ferlo
3265,9.253996880458857,5.963613351426617,3.494438073728469,2.5102523198141227,5.565508682149884,2.7567356844503768,SN_ferlo
3228,0.7157630021036573,5.310009306476448,1.261717847709203,0.584530631221854,3.736735288173368,2.7710255951923184,SN_ferlo
3222,1.372439047697782,3.572114584677354,3.3590138066464696,2.5048446754771665,1.4488553905525774,2.1188141041421305,SN_ferlo
3310,4.582201069278282,0.5201922045654381,3.020409228959536,1.301957427871777,1.474029113895809,0.3895000580791622,SN_ferlo
3609,11.30048131693066,4.573075070057223,5.289185050992617,7.657652044353917,2.4413766139159288,3.076265583269085,SN_ferlo
3623,2.549638875362183,3.4564994608599267,1.5678957274038854,1.857823038834796,2.3082546583435346,1.169246810521299,SN_ferlo
3387,13.278378861691868,7.051969338964275,5.178129136320731,4.921794042612736,7.576059422069799,6.377022496590427,SN_ferlo
3988,1.4430731367432923,5.585851819842647,2.034682210653848,4.605289989166242,8.38709470847552,3.6181312047237313,SN_ferlo
3642,4.471849661664641,2.515101474522876,1.4151237609778224,1.383720420583159,3.433004316776897,1.1479652184574798,SN_ferlo
3850,3.395174855192494,3.545703157928938,3.120150061656003,2.255747776926768,0.9324121307133374,2.7557125417770405,SN_ferlo
3471,11.389360270031489,2.245920988910488,5.492465258559767,3.3972360665834067,6.5201164194899,5.501017278345161,SN_ferlo
3563,3.416609702124295,6.0729064260887,0.962478481526316,3.915833849123681,2.4931353641768617,1.8530975865227088,SN_ferlo
4009,3.830948580665106,3.39078849549944,1.9993318321492568,8.34220454356168,15.048457440355838,3.701499818236623,SN_ferlo
3733,2.921388456569032,2.9727515250607066,2.20383144522256,2.143695467842773,3.132574928958869,1.922104668386823,SN_ferlo
3845,5.04060309744433,3.127127421464216,2.0567756996652795,2.8025656897209914,1.565252584047168,4.999688481880398,SN_ferlo
3450,7.245170082340727,4.162965293904317,4.355892571882093,1.5610202356968998,8.302351346651973,1.619391284647909,SN_ferlo
3196,2.743449744194759,3.829942016260787,3.2235317513291863,1.8880897657712816,4.359603944602678,2.981393660168121,SN_ferlo
4021,2.042993502641244,3.761636505773597,4.964741701182604,1.4626322456766796,3.6896235903814487,3.07837130787351,SN_ferlo
3055,12.673673111805364,8.753082115161703,5.708486967644231,5.845126884681435,6.190607544615818,2.4425574339032914,SN_ferlo
3719,0.8047601303761962,3.721394787482256,0.522373402993317,1.1106768317294524,2.613169776072923,0.5633659747774658,SN_ferlo
3523,1.1859804866888355,4.405255789260301,1.4237650374025788,2.2031312392623428,4.026718414993681,1.9666544995293145,SN_ferlo
3667,5.787105755616195,6.526765276496843,3.381549294100135,4.245552366641163,1.0938283349410682,6.255392233587601,SN_ferlo
3914,6.297246469296037,3.945891973182943,2.170355062582288,3.8018041836649337,4.625212214831848,2.088426244756319,SN_ferlo
3838,1.9440819791982964,7.003541232173918,2.3639306059963765,2.723241997443397,2.8352167499530885,7.171272843999573,SN_ferlo
3573,0.712581255699542,0.7201415426593676,2.1644429509386987,1.0748047085951773,1.863299749273584,1.603448449176302,SN_ferlo
3701,11.136457284936991,4.776977675037287,2.015181210073723,4.941449569084086,5.995488917116568,9.957096063509008,SN_ferlo
3864,3.72079853697261,5.102628565466909,5.484526745795456,2.235300169088141,3.538241935491093,1.3044660496444287,SN_ferlo
3509,8.93308822172229,2.319394072649101,3.0793273531864256,1.3472092026616147,3.2578164090402475,2.0179720618628827,SN_ferlo
3348,4.33547793446194,1.439107533757315,5.751570686636578,1.145987607855322,3.3066778574041047,6.39365000309691,SN_ferlo
3309,2.8686618640406407,1.992477752526572,4.570976645340621,2.820075623875952,5.186204015942716,2.5556172194331994,SN_ferlo
3101,6.721721481790622,2.634362752926282,2.3205672578152106,3.9313142636488303,4.481167754356777,3.613385382566326,SN_ferlo
3921,7.038948924050692,5.190743207876096,2.778732243328829,2.46456725996473,2.3099071962825897,2.8294983323235896,SN_ferlo
3994,2.513417943954001,6.097843929062554,2.533866674139198,3.551290081135821,7.399233081646691,2.1804622461044416,SN_ferlo
3231,2.896269323487501,8.580187553809008,6.216218002005285,1.3366666921095256,2.568952604181259,6.075429126818005,SN_ferlo
3689,0.778985519954079,3.9629090541594505,4.431400914103,2.980986048196565,4.275563308261169,0.7573074139906381,SN_ferlo
3162,6.707246896113281,2.429660063151724,4.23805908578518,2.0931466961275595,3.583293148021179,0.9137566019207372,SN_ferlo
3837,2.73166861573952,3.793035138877461,4.641698589096069,2.7773968652868875,6.838020510318054,1.515124402547496,SN_ferlo
3982,7.499210456071362,3.886590196522592,2.376803866590255,2.052804254767118,4.75476060475328,1.7726644697658982,SN_ferlo
3787,3.087853948244064,1.549755182094676,2.389216024003948,1.4970650693518128,1.3542866667267557,1.8241158559465456,SN_ferlo
3045,4.3921802450343055,2.524372604348004,3.232556374751437,1.818265486961019,5.482047457580488,2.155353149748559,SN_ferlo
3237,5.49015854866575,3.208103264355185,5.654038115063056,1.6435964446805058,7.20984168625277,6.13450696393434,SN_ferlo
3247,6.171417823208178,5.356458823780041,4.89393488175854,3.2008854710914942,2.556187168337143,6.807661228211038,SN_ferlo
3373,1.2854508796511916,1.007169030062797,5.480400965911703,2.727350454394875,3.040204560084075,1.310047671971833,SN_ferlo
3746,3.6514846262687657,4.7122649255962425,2.324683267072968,4.444210494022956,5.068024116178649,1.9524440794268236,SN_ferlo
3753,2.5273686898804866,10.387975114619774,7.525198491834502,13.003259488573114,8.96971934103244,9.445134545106116,SN_ferlo
3980,5.8632634429967005,2.634272818904644,5.618872600959558,3.5971000190105413,5.517997735782084,3.4795339908291933,SN_ferlo
3533,2.823236403314771,0.9288604375618644,3.800388998079239,0.7872829245460329,2.7428608736983127,0.97003906392564,SN_ferlo
3505,3.9255528319633175,6.260737568052025,3.6400659282784336,5.84077529337552,6.9335702318749375,4.611412220454809,SN_ferlo
3351,7.530759937161436,3.0378861322854784,3.105516088293989,1.888259216371257,6.234670122963963,2.783329306893712,SN_ferlo
3682,6.150971347350698,2.931982105166433,2.7914730592676995,1.807088640319482,7.046618297918704,1.2222708925233992,SN_ferlo
3044,9.51389675733764,2.079989826705565,3.041049885016353,2.463032825194248,7.597491712442494,2.419032475546265,SN_ferlo
3912,2.029268600353184,2.448665744345356,1.39731856316854,0.6457805658094534,2.770780773233936,0.5420830697015593,SN_ferlo
4049,0.5849500587919515,2.632066677839409,1.1664926676329168,1.4265474502693294,2.916340009835233,1.410339803304546,SN_ferlo
3916,2.4297612107252493,3.893625142866492,2.405133247093143,3.110210063304778,2.863510500753476,7.889815815487362,SN_ferlo
4004,9.017495299174376,1.6544410750547671,2.689081784112425,1.863459785382468,6.933486844986653,7.422837009487146,SN_ferlo
3766,6.024492341273698,4.070854433817822,7.055434454505353,5.177310391209494,7.055450899463318,5.09370880144958,SN_ferlo
4005,3.7692825417126032,0.9822432729282669,0.4304683219349435,0.8574413860057113,1.8656759528135,1.082626748209524,SN_ferlo
3115,2.746874449912448,4.783108356641526,5.590985450325239,9.17255170113576,3.069347257054224,3.010046515620503,SN_ferlo
3159,0.6724884931551706,1.103771434092473,2.4022693967540656,0.6824194756712745,3.459341307689065,1.241559307694451,SN_ferlo
3431,9.3512106600549,1.1177061773827983,4.837574428887856,3.31457595050809,10.43247909168448,2.4593376043516884,SN_ferlo
3536,12.025276161952872,3.801528046298536,5.832088935404802,2.323189605170367,11.298476081812376,0.8357332166258767,SN_ferlo
3153,1.4444022802587486,3.5715451005687746,1.736960033221786,2.598797824417012,2.8266977262671813,2.6335848921713185,SN_ferlo
3047,5.121141249445183,4.779600529526178,1.2478971967518917,1.378211969943263,2.266014505206497,3.528470244815292,SN_ferlo
3446,0.8570252107116094,2.8509310255276725,2.8567196043666767,1.6044397534304606,1.3892388352147271,2.691200998566943,SN_ferlo
3836,1.7334735767667406,2.628494636055636,2.045066373065469,2.0796320572402114,1.6775696742244794,4.683821976441207,SN_ferlo
3605,2.123854231415664,1.441646493809866,2.287895594109754,0.7180091904482374,3.307730620610684,1.615563827106893,SN_ferlo
3524,5.390894118494049,1.770764262697839,1.3555943653826634,2.172320912280296,2.821467589585372,1.017811510610275,SN_ferlo
3983,2.7683187919239365,4.637413999239893,3.116630077034652,1.2829762302362475,2.6161896485253826,1.5090410069340263,SN_ferlo
3515,4.630248617154981,2.4098844989865,10.808313567582587,8.869399863203743,6.725879921569071,2.0267695946755127,SN_ferlo
3050,5.64135265273867,2.9334703756030285,3.064697775251342,3.40783020020709,3.206658050996288,1.7599445140110035,SN_ferlo
3613,2.931584659934301,2.1566035100540577,5.2889467705115845,3.1092347008297105,5.465648352855487,1.5667261667182206,SN_ferlo
3098,3.0863662147316906,0.5009078567541201,3.879065261867357,2.195614603425985,6.633076657933469,2.648992041241295,SN_ferlo
3300,3.55204993801372,2.425063444261263,2.3904717655580137,3.2297591985971583,3.057943501018479,3.981695880696083,SN_ferlo
3863,1.0019762452858647,7.97177312397492,7.448830698223642,3.67344479131582,5.179224532832977,5.358922688784397,SN_ferlo
4017,1.4919074409837445,3.629119089496769,3.0450607530229585,2.008580730396705,4.131090526578529,3.694113869262142,SN_ferlo
3741,11.137776212148808,3.3534053288823458,2.119429191626053,4.427997180551561,4.04001978243368,2.1415755948178266,SN_ferlo
3126,3.2460104463451587,2.4869770583626982,1.83002085155924,4.070668769357036,3.127082784073038,0.7683640481450467,SN_ferlo
3445,8.233015288525321,2.3101002091347023,7.254087216373924,7.976536278638686,3.18301287082008,1.9060275000968407,SN_ferlo
3201,1.815927207660854,6.4750493151300335,4.22138391137595,2.791846824055628,4.69583221058832,1.8003514696362433,SN_ferlo
3851,6.025406397536801,1.376565267900751,1.9251539268763305,1.4079290888979965,3.4419121097759104,2.48112721424946,SN_ferlo
3167,0.3552922276908439,3.262984215720794,2.2536243655141623,1.4333777811609802,3.168752041343938,1.604896897070753,SN_ferlo
3873,3.150751131977094,3.0742824127721686,1.5487079718103094,2.3100743825933567,4.660722407683738,3.1588994357883697,SN_ferlo
3940,1.6024180663071663,5.073570480895175,7.465879828434537,4.157490735668677,5.348709266706969,3.2041510876353456,SN_ferlo
3528,8.033707558578135,4.151988014978147,3.313312644915257,1.9765858558953484,4.023618906507001,3.724302086313542,SN_ferlo
3396,8.607717619841889,4.683073827821456,6.999882137019742,5.235704081441961,7.458240257394131,5.727121011344265,SN_ferlo
3824,2.0121745908928066,7.351300191712854,3.752611739306932,1.0913273159536705,3.2001702133138727,3.065415170978257,SN_ferlo
3848,2.336231336884848,1.8805144520539472,2.1868975842903544,1.827107677532212,4.0748491157327145,0.8268667378903181,SN_ferlo
3430,2.2889781781013387,0.8046271870232762,1.158274655175879,1.097081501894113,1.8066365136045028,1.2734321910380026,SN_ferlo
3381,12.447686242484483,1.9370412893311368,3.622267988420801,2.111149553681245,2.4854171521854607,4.866502728122254,SN_ferlo
3123,9.417303879157624,2.5181917784659444,2.3149743537155323,4.419638148943097,5.921883727670265,5.77329613711327,SN_ferlo
3280,2.7008367043677635,3.666622349350448,4.078509661660101,2.8013175522517924,3.700227011190418,2.40957825900183,SN_ferlo
3997,1.3337037032997914,6.936788226553179,3.890754400037293,1.713228128676611,7.582274723246051,6.63215985038799,SN_ferlo
3755,3.609592842005052,4.362519393954006,2.803560273861774,2.670546650985097,1.9188158063024092,3.3301199200425784,SN_ferlo
3244,4.856411260931354,6.040241284505352,3.0989271532756253,1.3880501783348944,2.372156613935468,1.860335326475256,SN_ferlo
4003,7.795019155903371,7.305491707558276,2.282205782890403,5.185256434939667,2.015000717114324,7.463257080972157,SN_ferlo
3270,9.46889911089958,6.618588239623279,6.020380810156363,2.55237606656081,10.056999298654333,3.1609290405342403,SN_ferlo
4035,2.04777928202988,4.823916114179235,2.564347388733064,1.6670816229738905,5.181847512158173,2.361237173170514,SN_ferlo
3258,4.959272046330044,3.932838108684679,5.341635956316912,4.272727371261046,3.657434223153453,7.721795824600675,SN_ferlo
3639,2.3914044723339614,2.2229928448672447,2.2135951732459813,1.3679010183874116,3.916729929714776,3.132785560795884,SN_ferlo
3092,4.832473416708022,2.791103071530921,4.20463987353943,3.132661460007492,5.829834701059197,1.010665241074598,SN_ferlo
3559,7.394869127861768,1.9485335036507965,3.4261740015311783,7.394336687267406,7.418756486564332,1.0590389854280802,SN_ferlo
3558,0.1881596433209139,4.388426234921008,4.732046804642814,1.0373799678804787,4.697297358037054,4.5817802662087495,SN_ferlo
3694,1.351686565971729,8.377532122863474,1.1475337521939846,3.2955475440617903,3.526880902276338,4.0795662141328135,SN_ferlo
4001,2.3575595040634347,1.2581510911228146,1.634626199479912,4.199431928961358,3.582010538074279,3.545132189564764,SN_ferlo
3243,6.142925793262609,4.48906014891378,3.5873591150510986,3.2621827036314177,4.744672979521622,6.672066113822714,SN_ferlo
4024,2.428825373823749,2.624052230159737,2.2036088592229244,3.8316459105200633,3.1146147868725023,1.8115760362494355,SN_ferlo
3236,4.221392097486075,4.411795093013004,2.792870358996701,2.189188494140619,7.454277903786313,10.43413855526081,SN_ferlo
3884,6.837473677140572,0.6178673532970054,3.0604427127762768,5.114423695685838,3.49037379288028,1.3399087057618355,SN_ferlo
3715,1.418296029122005,1.181524481295019,5.883306475230271,2.0124436153045986,4.372382125739886,0.6055823644245137,SN_ferlo
3878,3.101099936810796,1.3339494291170668,1.9330316624314032,1.6718487270900677,3.2826047754424743,1.7761750259306797,SN_ferlo
3278,3.546417152188373,1.5332875586408077,3.0249996704971704,2.5931318699412973,3.155732475308738,1.2442173935159495,SN_ferlo
3634,6.949979349300143,2.950114102591268,1.859826896705985,5.057949102814709,4.94619937879086,2.331265545434445,SN_ferlo
3297,1.20052671772888,2.354792393314238,3.954877401281927,0.8376432088137493,2.888205194445898,0.6750774851774334,SN_ferlo
3485,5.572046668704214,2.338392608686743,4.932389948249805,3.719993186118293,8.15777531003994,3.2620446722345005,SN_ferlo
3801,5.927384857933975,2.5959660829366227,2.9461439050529226,4.678865102257053,3.9169466975639953,3.904636275655281,SN_ferlo
3641,5.202529535317747,4.090155602833967,9.421750451747071,5.562639232918675,4.2417678031472414,2.659769065760561,SN_ferlo
3970,3.1525540457330883,10.410046460167404,6.6213927793619005,5.668240033601915,3.7026608267510994,3.945142741527757,SN_ferlo
3468,2.7848146954326696,3.4272545151034306,1.7444213640726187,4.573537985996508,5.459773594657475,4.416168190297126,SN_ferlo
3494,3.3082769312055,2.6965546255332957,5.397825193017715,4.929278376053886,5.310145104322375,1.646305941884333,SN_ferlo
4027,13.023069448326952,7.094601943309931,2.552321719339891,2.668973015734096,4.515945707897536,3.2725098569059186,SN_ferlo
3521,4.748929250041762,3.455681245842697,0.9805233197853376,1.344499337578687,9.978654830845242,1.07175826568385,SN_ferlo
3089,3.6424262235310185,1.3907894861990548,2.676937065269303,6.7363890323846825,6.7338143616762345,1.7224301705967002,SN_ferlo
3570,1.848176077913701,7.950977315586805,2.798077078339289,3.760747745315471,2.9780123513488648,6.005178725590898,SN_ferlo
3686,6.727078762489539,1.211289952429092,3.005078138583103,2.572459778608809,2.999488442780218,2.294611193041409,SN_ferlo
3061,2.859519160024766,4.988582741662829,2.9842496469654267,8.982228108533823,4.776939683178939,2.2980939644495733,SN_ferlo
3709,3.200967706660132,1.6440354359786655,2.719287830099528,1.7652929578023469,3.274098448890418,1.1878198139230336,SN_ferlo
3565,0.4512288682398748,4.1260719978577445,1.0898681982469032,2.5976935104792878,1.4416579628072586,1.7751098310554303,SN_ferlo
3383,5.4959269533893,2.8775516136934205,1.7313041078988272,4.384589259977311,4.467492771375711,1.0133381754524622,SN_ferlo
3725,4.421488984983261,4.689164931171287,1.6955421023622517,2.3580632795373138,2.886048107872028,3.5167229261321444,SN_ferlo
3718,4.790378931865567,4.424753523505196,6.938639071046555,2.2082997323722373,6.180862422843944,2.625337172563996,SN_ferlo
4000,1.2876937747354589,6.445026094247723,1.4197387094924874,4.1317601508948725,4.231966892679692,4.400267887418383,SN_ferlo
3799,2.5409042821040915,3.308028537124755,3.4956421233835373,1.613743869532012,4.641939584523985,5.217420741815116,SN_ferlo
3875,1.8898718040805345,2.8543771708332315,2.0342530873786737,2.5425228342104216,3.5702351118003306,1.5570174993385302,SN_ferlo
3971,4.070124658885538,2.830825018597111,0.9837898380963654,2.294839348817505,7.383922605662393,1.3792701059256194,SN_ferlo
3406,7.363589962344071,3.9703820095811713,5.618898653776504,5.818830208433778,8.694642516274792,3.028654239529256,SN_ferlo
3219,0.5105945992537925,1.7798351307837852,1.1097069371353094,0.8885629405949371,1.5844464651788452,0.9629060421919552,SN_ferlo
3683,1.1499232243485655,1.3068387081662594,2.46546763121601,0.7462026663231486,2.2710871622025355,1.4739370290534737,SN_ferlo
3102,6.237895122672772,3.682039095448304,6.26841144220632,0.7391747620050023,6.090936766802535,1.2775757981449596,SN_ferlo
3827,2.6730185981223635,0.5292603620729324,2.3694069148732484,3.727644979126856,1.7681009420428409,1.2085593346871832,SN_ferlo
3636,1.4431305564559538,3.388507982178049,3.1618200967036465,0.9605335671000664,3.986113684943526,2.1706952056584186,SN_ferlo
3346,1.5414605081138573,0.9544080741296618,1.082635073646375,0.9117576081046,0.860955666013328,0.7218451096029822,SN_ferlo
3961,5.706673848293466,1.336754477903531,2.634869265296621,6.777243434545257,2.785883931472958,1.668015540024799,SN_ferlo
3811,2.226335849101381,1.7655107220322377,1.9690233528738428,2.791114255082914,3.6647859429581806,1.1254860668961648,SN_ferlo
3812,4.667229612685249,0.8799051070391459,1.3724872849945104,5.56682978447118,5.358121915787203,3.047513084669433,SN_ferlo
3149,2.641622752854504,3.1077682358481926,2.761099238637945,1.5125602777880502,5.549250304147708,4.901220086952153,SN_ferlo
3798,3.7681858441981326,1.907607313956183,3.321021089179165,2.2834860877228698,2.745686786724713,7.206188996221624,SN_ferlo
4041,8.467046820517828,1.901145893003892,3.2574182499006707,0.9505335657498386,8.006425401532995,0.6955091100670884,SN_ferlo
3944,9.691141094087616,1.4257672933560208,6.083997870246317,4.067854520766587,6.847810988916437,3.8808489894301608,SN_ferlo
3858,2.8418752849133826,11.040171122076632,4.544555267351893,1.1811615126010926,3.5444871580960187,6.3837093956615085,SN_ferlo
3141,3.321947490568242,1.1290643217570229,4.401799268357779,3.2812883433247837,4.327713285521592,2.28979867445737,SN_ferlo
3275,7.228220068290315,5.33173139927753,7.32290726947397,3.608957908307776,5.37794749011316,2.135175270203153,SN_ferlo
3284,9.649601673596472,5.543951582008435,5.319484438054551,4.253648009211488,5.56595786411088,7.525306029356478,SN_ferlo
3544,1.244254957205698,10.755844925149336,4.144943490617672,2.72436697108548,3.7868886103898687,13.564096616978787,SN_ferlo
3481,4.151656736104929,3.112939003743607,0.7226432108546297,2.867306774054017,0.8551056771166603,0.9130489155185996,SN_ferlo
3461,8.701444041847985,6.151422974076309,3.1587116632403,4.311128558579704,7.391164980877746,8.974125677450301,SN_ferlo
3895,4.382695067497771,2.744514367584029,1.7932819668710205,2.601040217342943,2.488471152179561,1.7397790929238708,SN_ferlo
3437,4.9193239386907495,2.200628030299882,4.786813236265559,2.1051585913850626,2.6919906958063606,1.8716557451811535,SN_ferlo
3408,2.265532914006636,0.707790429577328,2.326465424259088,0.4512767702249241,2.9650178910677973,0.8514586906507117,SN_ferlo
3223,0.8047794467869769,2.2558383972591027,4.9075900363161455,4.744297147902941,4.845314868851348,4.072411416150102,SN_ferlo
3054,1.0355972137691662,2.0139700047137663,2.8328223465945803,1.0274021408978824,1.9339886061861689,1.6984607136979406,SN_ferlo
3981,1.33962610722285,4.122020523217531,5.278321506578374,2.1695601467272176,5.600072675094897,1.6489063694159414,SN_ferlo
3127,1.490374429459507,6.606750786973742,1.2389838785969824,1.619853503309431,8.524922549472896,1.2892997740071612,SN_ferlo
3577,8.291164339345755,1.4468398654186,2.994470531663775,5.2693361473251255,2.571613446808246,3.130817777006752,SN_ferlo
3763,4.236863340200616,2.256140280556423,4.8789539244549855,3.53458118302151,4.715805046521143,2.1445619206728206,SN_ferlo
4007,5.110092985593503,2.778016913035726,1.5664874288218396,4.786580001660986,3.678187394019656,2.0731897806756203,SN_ferlo
3649,4.514116419528411,4.751436345199394,2.6773124627014173,4.976499636238125,5.5795760495342686,3.557194801317014,SN_ferlo
3943,0.9770211949367849,2.490418265764464,1.960610440051649,3.9246241594151257,4.655656644887103,5.064010898755765,SN_ferlo
3998,7.722248342772199,1.2652791152405984,4.882720768827777,5.234748461996344,4.885322189245258,3.2931594877258656,SN_ferlo
3177,1.1106047103607508,1.7000420996749217,1.2671751345867004,0.9974661712823444,2.793877010182325,1.2819955948173318,SN_ferlo
3769,1.761431379481953,3.793819897351732,1.3922290400598707,1.4343427505084203,4.778667821366711,2.0512395120660343,SN_ferlo
3343,1.01023207837637,2.5732829159403474,1.0316051744378996,1.2101519696503824,3.1828668890888405,1.1562067798996394,SN_ferlo
3202,1.847605556473727,0.3625840386198787,0.7837876210610828,0.6112878513190094,1.2993623669677887,1.5075414150621465,SN_ferlo
3829,1.805829739220087,2.0734853673788507,2.976373694980707,2.6205810534785243,2.050079821545655,1.5322940009959332,SN_ferlo
3362,8.660083203398779,4.4646207819992085,2.757958281990062,4.781575680131708,11.883178994970631,5.207701454795363,SN_ferlo
3516,2.185422313800621,2.5724075431812907,2.124862141801405,0.943066160634347,2.1168172273838874,3.022097488989227,SN_ferlo
3992,0.4868390065940517,1.2695146241396362,1.3219622864425316,1.3037990713326109,1.3121640592838837,0.8087348848749378,SN_ferlo
3588,4.677632354094429,9.342278461687702,5.975161173131595,1.3841827995168476,7.561770347585769,5.78481168860089,SN_ferlo
3946,4.267729676616315,6.456210410664553,4.4038690074104,5.537938775372272,10.33721973739216,4.46102879728385,SN_ferlo
3877,1.4615301981219968,8.882552609825233,4.121365057399558,4.348652949020702,3.020055151940528,4.2580796835631896,SN_ferlo
3163,1.089391158471419,6.164656686055162,1.9851257671134328,2.0708197430369912,1.709230746411502,2.469909928885337,SN_ferlo
3782,6.202489490238934,4.719173893855133,0.7021046015674777,5.240708283922201,4.020465064021214,2.51986691242707,SN_ferlo
3229,3.7706677037672818,4.702187579815017,2.606727226960152,1.379882242237266,2.685530628721825,1.0726613036994608,SN_ferlo
3058,3.67211017456756,3.228285204319102,1.4150464676532215,2.7231393987130685,5.951755597818933,6.134622452737419,SN_ferlo
3936,9.692507800590956,1.9018190697491368,0.7127619411991347,3.6175303451409664,4.9229630948205525,4.690604130207882,SN_ferlo
3529,1.1263284513608849,1.0085834351124607,3.637122379024458,2.112522184260356,1.389164119733271,1.1296658749556947,SN_ferlo
3506,0.9738663512100324,2.46468639256614,4.178334669439611,1.9835648149757292,5.472507579021358,1.6703061264291854,SN_ferlo
3391,0.4736966926291198,7.735656038344693,7.473299374289568,6.426988706479021,5.496393291889458,3.267200410040302,SN_ferlo
3696,2.8128220850808856,3.502758162852017,3.8835571893322767,1.9676930482699155,1.991350349700581,2.2698060464610728,SN_ferlo
3522,5.316763128614125,5.8380137147487,2.516410158581465,5.046810102033335,5.474386321416605,3.2813910940895608,SN_ferlo
3148,8.172810894177594,4.21493923345796,2.9207541111743605,5.9873640307280205,7.184729324186496,4.090421471633724,SN_ferlo
3857,2.1237297542073925,2.824168529369224,1.333071072204565,0.7618037117725254,2.450948744561571,5.422642679792936,SN_ferlo
3065,2.8725943152925297,4.611400809298383,2.533545716398621,0.8834641475611995,5.364134738512384,2.466065210143577,SN_ferlo
3883,1.5414165687991062,0.9455543073987268,0.656113109944774,0.6706797688751001,1.0359933204320704,1.33808982441293,SN_ferlo
3111,8.264588139047468,2.807559936103915,0.8276512764384085,3.007195797918513,6.875935506059231,1.7904845375660825,SN_ferlo
3783,2.606953453557093,0.9264004603146888,6.265366771534749,4.81461582384918,3.4190517190094,0.5580854212902505,SN_ferlo
3495,4.594635215440758,1.9677365690649,2.699901367807956,1.3476900340289597,2.74530997594402,2.286108387669502,SN_ferlo
3595,4.394185218851065,4.998119015218222,0.8032345693847015,1.5246106038869898,1.630506605782533,4.774778570857826,SN_ferlo
3852,13.750854615073887,5.70246268727485,3.7679058577560673,0.8936901773270676,4.936743853277296,0.753162656817138,SN_ferlo
3693,1.0788288526679108,4.757652297466107,0.3862927535789858,2.901228723739849,4.936734773217876,1.4012020317673324,SN_ferlo
3389,5.7375285410582055,2.0183881652083917,1.369122681370584,4.649138607559426,4.789587015247257,1.2212384308678643,SN_ferlo
3414,3.781691307307411,8.409270668017928,6.999196754483108,3.546432947231544,8.518406064437887,2.430469782598561,SN_ferlo
3926,2.849668607328848,1.3658674891334528,2.576260150653629,1.9235796928483215,1.8738420547342067,2.452029739724962,SN_ferlo
3116,7.476534392123564,3.990010996798296,5.068388376824282,4.367234046367039,6.609286562564234,2.8945839774381694,SN_ferlo
3260,4.823470091064274,5.795559142797161,1.1887451846283326,3.921943836335932,5.3835000777091775,1.0485968764140554,SN_ferlo
3918,11.316903712939675,6.053844334848914,6.073813140497012,7.43681007135982,4.3333418749965285,5.776414480193509,SN_ferlo
3307,4.724726718379369,2.2939032597351194,2.2703297531308,3.210123803454814,2.662408192870866,3.2244787422290835,SN_ferlo
3973,4.437530592881473,5.240863714314876,1.133347684723707,3.5481261395455657,4.666701750284279,5.285631244683393,SN_ferlo
3152,2.292690999744907,1.406501706236616,1.3804372058792962,1.6003094382351335,1.46014227025193,1.4070504985832133,SN_ferlo
4023,1.18424670425152,1.64063395366611,1.237955945142347,2.9511651631432536,2.4398043955882813,3.0491873067417035,SN_ferlo
4033,9.488155724624916,5.651340031594834,4.723495551520716,5.814770914100324,4.857157638718131,3.4101719845611087,SN_ferlo
3340,3.5171336599637724,1.3489490012183296,6.0828780197853245,5.181415855295087,4.754676930492932,6.632079532383751,SN_ferlo
3227,2.3913441847050283,3.2873775241924377,1.9668091398383132,2.0425241768007094,2.7484355522229715,2.344258575979319,SN_ferlo
3328,2.163855793165565,3.722067134227304,1.9205547769643896,3.7419054172263393,4.631021327099265,4.090358256038585,SN_ferlo
3632,1.568268186222432,1.296770524617615,0.90954672533516,2.156160008908089,1.5905735875765723,1.195663007588869,SN_ferlo
3412,2.3155745813779047,2.48657826685928,1.0996843194636967,0.7513099574241917,3.734902275901759,0.5817075203723913,SN_ferlo
3499,3.765010729250752,5.969517643508759,3.8514946609694727,2.689948170934084,5.481472301488915,2.9007895027644945,SN_ferlo
3470,1.5035306100248986,8.799965680674717,2.151260611332163,1.814418956117894,4.707919740063155,3.857635034699162,SN_ferlo
3103,13.129537081127117,3.2488216400819274,3.7010853717226415,3.290015152114138,5.589154288472391,12.458900072898958,SN_ferlo
3583,3.8754651172459935,2.7026480602938148,3.479667409775341,3.78259209484241,6.754444534966901,5.94481898153061,SN_ferlo
3377,3.241670451997237,3.844476627431383,2.757125500755019,1.0198018683678394,5.920542925582274,3.090107668510495,SN_ferlo
3514,4.3308595283951,1.94338189823956,2.2620128232895627,2.501981177007236,2.123176139893701,0.6234146477740403,SN_ferlo
3720,1.8589883564022367,3.229541017601825,3.0655072869429305,2.1642399910204184,6.114338931991629,2.0258933410855247,SN_ferlo
3955,5.765290887114091,7.040643923079381,1.8776372390457892,3.2489013978490813,1.448229439747318,3.837502297616727,SN_ferlo
3856,3.9283264572521768,1.219881877302276,4.788544182386103,3.3295611419953857,4.799780527968901,2.0098729594166804,SN_ferlo
3788,2.2845835476702367,6.882034059060139,6.175857913297661,2.829823654155572,10.921434499862686,1.8036654092587892,SN_ferlo
3656,2.02634746446098,4.316974718018192,1.5750334389155864,3.736997089998452,3.5296575785262627,2.5030838992655395,SN_ferlo
3349,0.9342702135121472,8.800236876849576,4.014337023642913,7.562589681587474,3.539775199257609,2.743657033881683,SN_ferlo
3897,4.470157278854932,3.228886235398618,4.976821545358329,1.615315323683138,6.875411692554525,2.106381212718702,SN_ferlo
3176,3.599557097520276,4.507495170864304,4.839636746595735,4.455986636753509,5.456090301445501,1.9977551815282368,SN_ferlo
3075,2.2524582372421125,6.520784784247827,6.64485805277808,2.838992096380764,5.331175333516004,4.988933088727646,SN_ferlo
3815,1.1671986315000582,1.4084829564686316,1.3372663408227674,1.418758373266232,2.4866054707182275,1.7057791234334805,SN_ferlo
3397,6.435867970700829,7.205876977122001,5.773980656234471,3.467139400862743,7.977986452259823,4.770101978359104,SN_ferlo
3099,2.4358155698328154,4.599685880275596,2.522191028599959,4.796992766157191,5.698008894650918,2.171003328065145,SN_ferlo
3456,6.038920036397772,1.867912969460655,4.161289300616794,9.123802298165666,1.6142054296659096,10.035111665831948,SN_ferlo
3671,8.411541068838082,2.029758479886264,3.73454271294637,1.558183849101021,6.122761095001005,3.0074873992794866,SN_ferlo
3803,2.2012779792444817,4.736883230633548,1.8789583596691064,5.039247271362189,5.24933988896806,2.317336616266233,SN_ferlo
4006,1.2448338008974724,6.179470960236596,5.365525685206471,6.019981668958292,5.366169122414331,3.533796350792295,SN_ferlo
3620,4.423310521585646,4.5094088692042416,4.689601892530055,7.593189754539763,5.097003056213436,2.707018016637024,SN_ferlo
3360,2.2209291604487214,0.4485696748399625,2.656447854007568,1.5157020716425924,3.2303624202078947,1.591334107497569,SN_ferlo
3333,2.188259470891816,0.9412321571938328,1.7274713245089324,1.407760051312344,2.1318788794603183,1.7203363696756788,SN_ferlo
3088,0.444280206412786,1.966843552267732,1.572749859258472,1.4788215934806332,1.260205215493566,0.3613910400088532,SN_ferlo
3319,0.5892334455549727,2.6963012523284733,3.106777430460472,2.394659899303153,3.41279219751918,1.382297381077577,SN_ferlo
3893,3.67969522246218,3.0054893963915017,2.1725538105668925,1.3509438433500005,1.7459495697416356,2.38823931856026,SN_ferlo
3979,0.4439331188967783,6.490093166098252,4.892590330430585,5.541705343307736,6.888222298668625,3.7166107144528575,SN_ferlo
3266,1.7234296614938305,0.8152677680433938,1.2384457447571893,1.550889946337632,1.859099768051092,0.8060133676066952,SN_ferlo
3580,1.1791226690913457,2.017042025950099,1.2867072107227635,1.1834371564346229,1.8461482985326565,2.90861375290323,SN_ferlo
3322,3.5984632156427274,1.2643613093214634,1.302358010284371,1.862178421883537,3.249147917306048,0.785118075229444,SN_ferlo
3870,1.5517416956477148,6.3673951463596605,4.405920531435843,1.15942868213065,1.986289124420332,5.428031977067468,SN_ferlo
3042,3.019924142936588,10.38081569618661,4.784697337830971,5.528813677884369,7.083844412555594,5.529763579345546,SN_ferlo
3890,1.2463562703102558,1.188598409751006,1.7354581191271783,1.182719330452034,1.882550640137556,0.6130125927099531,SN_ferlo
3807,8.089302160843385,2.0720235552152704,3.448689428900159,3.4477290656399493,8.954955109886981,4.099244400574081,SN_ferlo
3722,2.968872028090366,3.2605287531239773,2.079313372993901,2.268982592087528,7.007126718102568,4.933525084801066,SN_ferlo
3108,2.3074780122381964,2.3314902802636426,1.6653434386019217,1.0572723691929533,2.1047289602423107,0.515060602605916,SN_ferlo
3989,1.1812807703171508,5.335737708899796,3.3784480654931595,1.5777310229157533,4.520871406752274,3.6500249061190337,SN_ferlo
3726,5.102256293278213,4.695190707417776,4.970021205123048,1.9787536440652091,4.433003101349252,1.0007185973978987,SN_ferlo
3457,0.384898318766475,3.696870499673597,2.226420471968968,0.7277178400187486,4.069233488444093,0.8792231089018816,SN_ferlo
3621,6.69427150204628,2.1470054525298146,4.368335530668958,6.319150052196092,3.256173314970571,1.6551743716346985,SN_ferlo
3597,2.211670407399384,4.023469984044438,2.0949192615550065,1.835900474025898,2.870512579996652,2.153188806170034,SN_ferlo
3336,0.9332849187164606,2.6745507121426333,3.730261129706479,2.61980842588312,3.5905973494065986,0.7483913973907581,SN_ferlo
3717,8.717025429529631,1.7933535257459456,1.2606875756906897,3.984065261857831,7.903544610814635,2.119609725361681,SN_ferlo
3911,1.1783983721310811,2.21182119425666,4.215541956113473,5.087296263930627,2.7992183471564784,2.841719450944522,SN_ferlo
3287,7.262216468244182,1.7052591104666963,1.7965717397484162,3.242195257921456,5.5253250149048165,5.928867101369265,SN_ferlo
3299,3.76786787271468,3.5393582938153485,7.897894231631585,4.409908584470344,4.949793753880433,2.334077297123049,SN_ferlo
3203,0.4142696239935141,2.0562627040791823,1.454990037351797,0.6817001361493057,3.1723070386288934,0.4568518479365386,SN_ferlo
3773,4.299977651318317,4.809314853407329,7.905795406268249,1.9138899473468165,4.168818863916528,1.1752626269379045,SN_ferlo
3655,5.287903255463095,3.887152521098116,4.273139236500569,2.496459089441975,4.708093553860882,1.3489116943491843,SN_ferlo
3569,6.369886413179254,3.758712213520584,2.067716358939706,0.8141578962518896,1.5228273457126138,2.764920506287427,SN_ferlo
3491,0.7248923725572687,2.003653348321718,1.368923108702312,1.0929356292807462,2.247607697787392,1.326862366148923,SN_ferlo
3907,1.3357882890817936,2.8156913215240613,2.5325299962183743,3.44062601338483,4.405743250857364,1.6385536047148046,SN_ferlo
3692,2.242632495808092,9.180282091256728,3.669088909472566,3.2811037910347984,7.027985431925671,0.581709070829382,SN_ferlo
3488,1.029317435109902,4.5602736609884,2.21212643248021,2.4893335287627747,1.6984501204164872,2.590767313236328,SN_ferlo
3289,4.660641718309729,4.143518805777136,1.7240251875625945,3.875301508945939,5.423219755777011,2.787534938233379,SN_ferlo
3629,0.7764704707759654,4.803441864682068,1.0508448374719923,1.282499639211406,3.869902668905672,2.2378374514934025,SN_ferlo
3281,2.1580136261558995,1.34904188838687,2.1446452426640708,0.7993113000934083,5.251861988888097,6.243084727185412,SN_ferlo
3262,6.813806329627834,8.552496194435253,12.046542361396584,5.623407158302513,12.152930046951395,4.099501811637,SN_ferlo
3881,8.407741666528814,3.629550946648875,1.151419361742772,1.7973059199532897,6.148642562765331,3.9178450862404857,SN_ferlo
3134,6.719876004966112,2.8420893400396863,2.8335048917815544,2.2104375433502703,3.409645268111333,0.4306510595322544,SN_ferlo
3156,2.038178893614086,5.312679835354977,5.68668413646797,5.326105647972177,3.1375417931930487,6.279121804628355,SN_ferlo
3619,1.729459319383687,2.993143147556105,1.340785808323821,1.3113329626679724,1.6755821775281463,0.4198843763726949,SN_ferlo
4032,3.5618803604725846,4.099959203959274,2.9518640501497826,2.4300830126300474,5.491572582300777,2.3478454515497904,SN_ferlo
3118,3.1645616487170543,6.696855197479869,6.239674077651509,2.638465407373238,8.756749411171125,6.944076299760545,SN_ferlo
4034,2.6741994976307297,5.567526690713692,0.7077996219653421,1.1740066814535826,6.038104102262127,6.739425250705008,SN_ferlo
3713,8.36573822171464,1.6361116973341518,3.364654899333193,2.0736279035476266,6.492392175060101,2.795782528883426,SN_ferlo
3428,3.707875538877176,2.2620708262322204,0.753470005557059,5.056944863745562,6.089016469249496,1.9865790878771417,SN_ferlo
3174,5.85697145616392,7.451204892976731,2.959583225711138,3.7182123861168304,7.017220457738109,5.525598449929633,SN_ferlo
3571,4.597418087904932,3.3129651665052844,4.696147023918298,1.6359087223805244,3.0135472791657976,1.5064578225596306,SN_ferlo
3594,8.860368424828298,0.8284062160229703,7.560930994319246,5.346134843516641,2.6919973206708745,9.76658146874857,SN_ferlo
3100,2.7123809436476987,8.389867546425096,3.554063951642599,6.378712477901032,9.976908997015116,2.640228174381383,SN_ferlo
3331,2.357070274804175,10.658355912917134,2.4011936162262844,3.221066273235299,3.791397626403181,4.193006334610782,SN_ferlo
3288,2.282670191461821,3.1951735483563675,1.8866918688387344,1.8133318334624,1.9065377676109712,1.857693688313816,SN_ferlo
3416,4.597874142620885,1.7890594846118797,3.3187320240398352,1.909550825293052,4.868224225821861,2.406594778283764,SN_ferlo
3924,4.317213333993184,1.2038255075947224,1.385479282691298,2.101701591342421,4.968080434888822,3.342073400323975,SN_ferlo
3082,3.4262344723861333,4.4696850373286665,2.2987236560481525,1.7112199945214617,2.864740600773608,2.71895369327677,SN_ferlo
3131,4.318851289943944,1.2015823162878985,2.9248328838098887,6.204496195613509,6.442852450458937,3.20111227713498,SN_ferlo
3234,1.7816321169316292,7.563939690185757,3.089574187870312,2.55577179281885,5.500472095644467,3.4758241531774487,SN_ferlo
3477,1.399025742994603,1.224188219931881,1.6170792520599582,1.420376967602008,1.8017755722312347,1.096262572875298,SN_ferlo
3110,1.1163462915216358,4.163456488799754,1.6068148444283088,2.2475796825581003,1.4720455847178897,0.4521754577383445,SN_ferlo
3711,6.230505136582456,1.413649436876575,2.391408729386303,3.9337786969324746,5.920291762262379,2.2319300702096205,SN_ferlo
3479,2.9178143252475475,1.6919707186245494,2.9915716927487184,0.6566447573947821,4.24269697263679,2.194854598154394,SN_ferlo
3425,1.5369181350792764,1.0075148121286135,1.1790466233398278,0.920474193175012,3.9508821382135713,2.9935202621366512,SN_ferlo
3181,6.354154387375716,1.5281343040195303,3.3892441555668493,2.7208052986947435,3.432323682688178,2.203271050769288,SN_ferlo
3602,8.417900434014975,1.608870949868167,4.661195238624548,2.498516501303458,2.4694360323469424,4.638658740155765,SN_ferlo
3525,4.880163291443198,6.872450337382452,4.381165388312677,2.07220091756773,4.971346595093581,2.32690857632942,SN_ferlo
3160,3.197644571742766,7.8694804773801135,3.8469170507955095,4.7673870310204,5.971347187816576,9.882680782506489,SN_ferlo
3472,2.6213736213438885,3.971416462105688,2.256161281404094,1.604486657274651,4.0635981483236,1.8721718473890363,SN_ferlo
3975,0.2989735698845401,4.1166677210044,4.676917115612684,3.954681389758791,9.070043835919872,4.169281441910835,SN_ferlo
3842,3.0580505373604847,3.373970612070334,2.858746643083543,1.866381254979596,3.3616394182762765,3.091181975652574,SN_ferlo
3392,1.761449027441368,7.715471394071254,6.316991966827503,5.44324709550888,6.981106462006925,4.187643186365132,SN_ferlo
3779,8.602577269710869,5.036072500630551,5.305675619700984,8.773368953051678,5.836549866800721,1.233079215479495,SN_ferlo
3739,0.712324354501391,2.303769885154727,1.4308979893589575,1.4778792455882692,2.23533657071106,0.5858343977643942,SN_ferlo
3464,4.845487766708414,0.4022173621364041,1.7988829549229934,0.7806030740173953,1.0011494042176423,1.9153363488792647,SN_ferlo
3427,1.2506662926895424,2.325811212698096,2.8970160730197225,1.9598817202619907,1.9745274942963813,1.1438985348212976,SN_ferlo
3984,1.5387555877835113,9.760344040163837,1.690484819030978,3.846424889697503,3.9580514385588175,2.773829043899165,SN_ferlo
3804,3.801669542232181,0.6063284149797264,1.6901086604574398,0.734832304258921,0.992096046497384,2.6891588803840247,SN_ferlo
3056,3.981091209374572,3.430988915377739,2.4066354124739515,1.6639792088957424,8.094399366097088,2.6874268005673856,SN_ferlo
3417,6.590406103475528,1.6385158149174248,1.2224510128280086,1.4721071253817704,4.136143666067164,5.231352069903196,SN_ferlo
3124,3.019932709664521,7.118009274395495,3.948576129391741,3.730867262886211,12.11654078945608,5.939106605622426,SN_ferlo
3546,2.8411446087238867,10.23841360525252,4.490736319346215,2.194416148410629,6.376444041235039,2.592767573701772,SN_ferlo
3747,6.216242093947659,2.2528958525831277,3.4959074792336606,2.6478178364420693,2.078975915048665,1.2945457820673127,SN_ferlo
3825,3.90847970943491,2.0967341546840625,3.640352227957548,2.9941065260293223,1.121155824669725,1.0383503915943997,SN_ferlo
3716,6.352212369340705,3.194811510160609,4.722113286386563,6.325398686127672,2.7650053605596305,6.017259847147654,SN_ferlo
3130,3.392699208757642,1.855635286465767,3.3247646622830844,4.487083690745744,6.043417726043098,1.941117063973959,SN_ferlo
3405,2.388779335680971,3.884534985090407,2.081823718875857,1.731424847142406,4.039595533135541,2.5486318839106046,SN_ferlo
3315,0.7068259514183134,5.250085607321011,3.722334098360581,2.340644659999024,2.9273616659745243,1.9875139105332869,SN_ferlo
3927,5.42989587689677,2.52600188899796,4.110049315949054,2.8560024461397866,3.948756425960826,4.486743554834275,SN_ferlo
3214,2.061497159395385,0.8944161988648556,2.083647488389787,1.2286610224721963,1.7018089018735234,1.3263138315639351,SN_ferlo
3800,7.728424831669739,1.4539776065219676,3.1453724117001163,4.526153786716749,7.069013655229483,1.8809666518902608,SN_ferlo
3145,2.391899695579098,1.7173509219486625,0.9725466923930292,1.5538831671671571,1.041569563463838,2.5939396517849582,SN_ferlo
3805,5.5155489831435895,1.90523937578416,2.9898620021083544,2.173127036138665,4.081716719442733,2.754439147124818,SN_ferlo
3497,1.1082743523499112,3.8120152656218265,4.60573568467124,1.5571467582700764,7.221134475010563,2.5066255997368443,SN_ferlo
3413,3.549509492968836,0.6846626599401646,1.8190386237363545,3.792145376719663,6.357651711921907,1.7092794632042618,SN_ferlo
3087,0.8760417716056743,4.775807227380812,2.829811337816344,2.5959769407932645,3.762253987059992,0.7532473754085882,SN_ferlo
3475,8.797736194041535,2.33977625048511,4.422086802730853,5.763644017619322,4.338308447296856,6.578404285305011,SN_ferlo
3751,3.505015067387966,1.9755026720580928,5.939150882791212,2.847161418766995,6.779456168236085,3.899364036588462,SN_ferlo
3474,7.182559605625914,6.105116838231032,4.989506557566543,2.949552751909733,10.368653287744822,12.076377345080669,SN_ferlo
3654,0.8061335915913213,6.44983912747652,3.946186400984665,2.801977410409753,3.2643409496880227,6.832535853806387,SN_ferlo
3775,6.517086869747317,1.9423533954124717,5.867095010801254,6.156663518987578,11.04676999302466,6.790225797159824,SN_ferlo
3053,0.6319521271115698,7.06547080255019,5.017729349835292,7.714532841973306,10.403365095478506,4.028457397126663,SN_ferlo
3256,0.7823644429341264,2.5493143692099736,2.4600959664499387,1.1072459193560735,1.099586002856646,1.5939208758270702,SN_ferlo
3386,4.274534026100844,3.637810639951105,10.23392170166968,6.081071843659235,3.596526876242541,3.467504912222788,SN_ferlo
3750,3.214236581344112,2.7033169579498377,3.963194596841244,3.384837511308004,2.7290329425810897,1.749428783167418,SN_ferlo
3941,5.151888602527428,1.2384402053809729,2.120233449641181,1.4445447421832176,1.7296659836424202,0.7198106519722199,SN_ferlo
3189,10.664208880345218,5.389933447251484,3.212056158124541,3.401358452930525,1.6083427793240328,2.3702278461276087,SN_ferlo
3341,8.007761736922724,4.130827474493479,3.694012089959737,1.8587620087522476,5.6280554672673935,2.114906308305946,SN_ferlo
3325,1.5559715561366838,1.0002453068568598,1.4536712594404988,1.27501977464744,2.17974199231908,0.8716091826478682,SN_ferlo
3796,1.2087387299834171,1.0224237606321764,1.3973308704659295,1.1271926453041965,2.952697362876814,1.1312172249867969,SN_ferlo
3454,6.351482607627754,2.152095304657993,3.654695265139161,2.3705988815411416,4.107345927017382,1.2808113841905733,SN_ferlo
3706,2.4365089871731582,4.1691350998947385,2.1234195395366635,0.7441011254859144,3.9433169142417994,3.2278098249638667,SN_ferlo
3846,2.015935593308475,9.971646863132698,3.8599871096006098,2.5749412022703364,5.359447207869308,6.8363738371713785,SN_ferlo
3792,5.693371118326343,3.912695637951544,1.846054389806306,3.0590659194818426,3.1928662815896134,3.774502189690783,SN_ferlo
3740,0.7370396747359,3.288160595016795,4.978857619224977,1.392831041158614,2.1945407950371982,3.2733121944755577,SN_ferlo
3786,5.35826588874178,6.1022358197111854,4.157336446567926,3.754715659077089,6.654929020857464,3.980275815729553,SN_ferlo
3215,5.4778209652294825,1.3679194750786805,2.764401324714282,1.854611408005675,5.898675909277653,2.845361332178441,SN_ferlo
3724,0.5616452935686072,6.478693843000883,1.9086578479261316,1.617865988382927,5.487605098965444,1.634123318743061,SN_ferlo
3631,1.4920475200001369,3.908194057874244,5.357795699862186,1.945656661067706,6.711567882256748,2.2869603683307647,SN_ferlo
3268,2.4923002842305864,3.300980138171252,3.5063844988585764,1.1601107264418191,5.030864038929447,1.9185811711284049,SN_ferlo
3347,5.116856217478001,3.7772600105209295,2.405813638107256,5.637273207471037,4.343889201395007,4.458463535063959,SN_ferlo
3073,2.7812883343053185,5.4938427065654905,1.9648553836363696,3.4883624047667854,1.2420096513165468,0.7555526645191171,SN_ferlo
3567,3.843874444283783,13.132892106764434,2.7191064982815583,5.0104915342834335,9.417386832261254,6.005759073508699,SN_ferlo
3854,3.1517561153177223,2.2429361405667305,6.44941375419721,3.217926058356995,4.408889164005246,5.4521507102972855,SN_ferlo
3703,7.1446034285236655,3.2434638762081605,2.439191918427563,3.4545276898407025,10.30582008615626,1.6104315451550453,SN_ferlo
3327,3.070429146513043,3.340352075998203,3.278358306182985,2.573829684508298,2.481650378569752,2.8531386597269672,SN_ferlo
3526,1.5729766705052952,7.417613615894286,3.309898658469037,1.5093949848497177,6.65333816514728,1.828183529969028,SN_ferlo
3537,2.31637829368734,3.5603388181774966,5.473664355387989,4.517608748227393,5.4217715297913776,7.544775038153381,SN_ferlo
3966,2.989526421627186,3.2708650500820062,2.649308816868638,1.406852902693608,1.7424857568576435,3.6264522667683297,SN_ferlo
3900,4.099071109821222,1.1650744732398814,2.8104955056072023,1.7228638520950177,3.091352957947862,0.6429712787822317,SN_ferlo
3158,3.278343154259159,2.031747726303099,1.9860860327263965,4.605296935326531,2.318757234241408,1.6057322824746567,SN_ferlo
4047,0.9952450285709524,3.140231651246152,2.201158468591783,4.023272117237193,4.09100486143024,0.9041781431593384,SN_ferlo
3674,6.76931627170676,6.378478301545978,7.691514909536832,2.584995527457809,5.9976541675980855,3.45595722215387,SN_ferlo
3403,3.825311103204477,6.074376025511498,1.566212115541621,5.340465072738548,8.638641592658043,3.9387087712153175,SN_ferlo
3137,5.582565892099279,2.669598648157511,1.9542130078977995,1.587664430457839,1.0575586757184263,1.313396522194633,SN_ferlo
3303,1.9633179163139665,2.5607911602603477,3.4927762606983688,0.6379131592111169,3.718734169219181,1.101128961020687,SN_ferlo
3685,1.1991656530260753,4.794979134194588,4.493545417916548,5.472890742412769,4.391060811504258,3.445536413995969,SN_ferlo
3554,0.4395362516763638,2.4474152854840665,1.541888046393853,2.1621721977517443,3.387529839401567,0.8760990829236456,SN_ferlo
3624,2.4913064002541865,5.185025847025471,2.570860428668752,2.833874708927632,2.4939093153222545,3.121227955598235,SN_ferlo
3221,15.567790201410784,7.536717611695646,2.745041204556639,4.109726762351899,3.520058014314272,1.676770482680191,SN_ferlo
3144,3.3653390601998043,3.1884856870241576,3.915463959037232,1.01244457942961,6.415341916464271,2.4631454083959063,SN_ferlo
3104,1.7339013292285836,0.6648014843409596,1.2806783974865137,1.9875421594340128,2.386097173651313,0.7761950722791351,SN_ferlo
3246,5.499465470931829,7.080885985747432,4.0837848556496965,3.2398906734603656,4.369167951806443,3.1399945321637017,SN_ferlo
4050,12.640593348259236,3.456846340753965,4.702961610683132,1.020624773051499,6.466674457093689,2.6366435328350946,SN_ferlo
3886,1.4007516454394204,4.084075341325359,5.230165236320624,2.3126074459047774,7.041680993005879,4.769619413830694,SN_ferlo
3226,4.556261774750419,3.377170483305413,2.491367687263106,2.2211831940633333,2.522026099230199,3.268836156360637,SN_ferlo
3728,0.8147265660625759,1.440650289535426,1.6377222925301604,1.753874466873527,1.4505558188017942,1.1032546623501955,SN_ferlo
3784,0.7576961593612209,2.789797423800129,2.3060848771216103,1.4146757935387235,2.2405889350442463,1.6146306995799755,SN_ferlo
3133,4.453618810015653,3.757939153637861,1.016977515577885,5.870536864290194,2.171779515070835,1.7533171594228638,SN_ferlo
3995,5.418960612064844,8.294947364098212,2.9531524854287903,1.1942058259766493,3.7050625395633823,3.220982659121444,SN_ferlo
3758,20.487324402170625,3.440832718343489,1.830663920707752,7.503561288322201,9.491843401601024,4.071735940761918,SN_ferlo
3592,6.701768800128219,5.194890959728214,1.8857190484305104,3.182375992183049,6.703872693483062,4.414303743803728,SN_ferlo
3665,2.7224090807480987,1.690767647207235,2.4249062953147864,3.0232938336883897,4.259516819543764,2.449920979976292,SN_ferlo
3972,2.189719718166743,3.4614050392743883,1.9584934698377328,2.9153184749153924,2.2664557424544785,2.171367072885685,SN_ferlo
3453,2.2211044580360952,2.559457887802139,0.5716564971996361,1.7777068500394675,1.3922734480020276,1.69092944852585,SN_ferlo
3388,13.67476308885872,4.264699665734372,5.498349522911751,2.106668899842332,7.964991553639691,4.8561741097203,SN_ferlo
3535,2.93176784561724,1.73822772226778,2.6002276418772863,5.473126953567133,2.4958374831984416,2.449879986838704,SN_ferlo
3866,3.4692922463677096,1.4655806086600376,6.810825519049897,4.7754340157181225,3.137475936261591,1.4490064441879968,SN_ferlo
3071,2.515389743848466,1.3866487725396075,1.980057616058333,1.9824882547116471,6.415682793774991,1.2957491727967057,SN_ferlo
3096,5.497753687790808,4.10006836860469,7.02520433558562,2.6005606916112387,5.057920778732606,2.2072955170000164,SN_ferlo
3760,6.304488128704958,5.927554305043194,2.138425834272766,1.68048676333319,3.8940135032294063,5.898686235704889,SN_ferlo
3081,2.592755577986743,2.3007766417932016,2.6578143223186577,1.2410826287150576,4.683928420422917,3.5434320165386977,SN_ferlo
3199,6.681510053853942,1.7008002880661426,2.6942926801940934,0.4712103136793827,3.498982468260921,0.6751360623871396,SN_ferlo
3844,1.3600565433195,3.791410768444509,6.289783380636004,4.247378887870866,6.960473170414744,3.5512687131499523,SN_ferlo
3188,1.6848672488606988,6.142847072210036,2.3837276595671004,7.531249981540589,2.651887063796511,2.982827012218922,SN_ferlo
3263,6.624530670943683,8.777349752993581,0.8816494999472165,5.879804942738475,7.90042990649116,5.474662742281849,SN_ferlo
3734,7.187276384172005,1.9360570740540308,2.3804618804319624,2.618971182101214,6.95889829406294,0.9226635114431526,SN_ferlo
3823,6.798297291432377,8.425536472942264,5.988994837428538,6.54263784878165,0.929941300065508,0.9917613059911672,SN_ferlo
3965,1.066078720339237,7.485568394801136,2.3386590115537342,2.5808498949173595,2.3344965539239784,3.0129821715412444,SN_ferlo
3767,7.562859295925973,7.138336323464807,10.98748617338632,3.31357194144398,6.895148073260152,4.32532390867246,SN_ferlo
3436,8.840984829950289,3.6120741930832505,2.220022777378677,5.450143872220154,2.236493458573784,3.323343835885254,SN_ferlo
3094,5.103484331928628,3.5204618302449178,1.261219472052826,3.7898652942315785,5.857040866297951,0.8570351610651523,SN_ferlo
3874,3.149591747600669,5.949156940690283,6.459088760778792,3.331849117495861,4.520219314916726,1.4780976493909948,SN_ferlo
3616,7.844287340332767,3.0175020028173103,3.9059409323859056,1.6660181515607146,4.764340577450889,0.8357453011180437,SN_ferlo
3401,2.39980437596782,2.8630672646689943,9.968247147526029,5.74130967784684,5.319392577814378,1.5362285591250793,SN_ferlo
3635,5.954541428028922,5.540131016849,4.303857180482436,7.905132926951457,5.237969780476662,1.601969131910046,SN_ferlo
3444,0.7975706379798448,7.234887872716512,2.8753335405353093,6.697530524418563,3.9580936476694943,2.129592539989129,SN_ferlo
3821,3.54428653975397,1.3815800318736418,1.803723957133416,4.953042713584545,1.36944408318886,4.975196971870029,SN_ferlo
3463,3.3865492698013018,8.72337643473196,3.360540284211307,3.673874046295501,8.835041605758956,4.761205624350252,SN_ferlo
3490,5.129975077498028,4.972702458812943,3.020041664227179,4.738433770644861,8.50934261098219,5.023036016467501,SN_ferlo
3207,1.7394525647530257,2.2218220773994948,0.7683893771306166,0.8341321558473526,2.885809986533519,2.458511833821302,SN_ferlo
3326,2.0178878842445616,2.842611051867252,2.8925107105968606,0.6652044371178273,2.7296939355015604,0.8381981144332333,SN_ferlo
3122,2.3519607878639217,4.761853022775513,2.197729351378397,1.2353860210176788,5.355979114673667,1.8890509629579888,SN_ferlo
3269,10.410852127704556,1.5020629795782927,2.9561974590892603,1.957662375414036,4.2600054026765,8.22990280967372,SN_ferlo
3489,5.616926849371428,1.8765307250323136,2.312852773444626,2.616214339128061,4.306897633188962,2.217273546941252,SN_ferlo
3395,0.6480674430449432,1.950179244336124,1.265757601640198,1.3606413687722676,3.658642739064308,1.1744511764455774,SN_ferlo
3352,1.0304188118999196,2.95401078068725,2.535650228450407,3.658022023771101,4.21444557293463,4.230463214491076,SN_ferlo
3777,5.015384587275823,1.000497603817064,2.7521934277618705,6.721536481109627,6.224306704173209,1.569268630070685,SN_ferlo
3301,4.41713824158325,2.64941787620527,3.657320825177835,6.2272701166631625,5.892157138420861,3.910307555401168,SN_ferlo
3365,4.361553294037089,3.5642210595056403,1.603136218277221,1.793195707531993,2.468993254094022,2.1930876598070306,SN_ferlo
3051,1.5357194775282623,4.674363882068066,1.1478603761450767,1.0393624786080011,2.3509316378568395,1.0985819933128815,SN_ferlo
3772,7.363109916316398,4.530164154938646,3.648258697201047,2.4000692518568734,1.222703034995087,2.2824991631447173,SN_ferlo
3579,1.5577002991606748,6.666061844525251,8.486170064590572,2.922396329827135,3.079367346241827,8.015581196823483,SN_ferlo
3072,6.232512604438585,9.111050442792711,9.228725210183615,7.739307051737277,10.979283054468825,2.559274823317547,SN_ferlo
3840,3.092067416632455,1.01905244878419,1.2765411664493422,0.7298768165795002,4.805271056055742,0.7982499252318385,SN_ferlo
3376,0.4380404444925265,2.3367700711263977,1.6326307651724103,2.479662179797556,2.229988320829515,1.0953007496044738,SN_ferlo
3833,1.4237978090302976,3.1586618780411317,5.318893873776843,3.6135003960768777,5.45961930418579,3.4498720276771047,SN_ferlo
4012,3.859910012994842,1.367509155996807,2.3516067904226854,2.639580889689321,1.5515740746981757,5.113838774738909,SN_ferlo
3239,4.006327426326994,1.6306737004152956,3.3033964416958943,1.9354778676083215,6.028063084259931,6.721609291060005,SN_ferlo
3841,3.8267767591671857,3.486937242071781,2.3185422086212357,0.753591683768264,2.7343143238524044,1.1252316016898456,SN_ferlo
3434,0.7842868130547846,1.7586546481346403,1.933204653814866,2.250245409138205,2.998363348149052,2.282512727019987,SN_ferlo
3593,0.2199199652752272,2.664422374411653,2.5488717143640804,1.9419280363591715,1.0781103591287284,2.364216599982073,SN_ferlo
3839,7.227101279937415,4.733306337517731,7.330274623619891,3.187535911441417,2.36903525148643,4.0671498617640935,SN_ferlo
3681,5.351689007622963,1.1629839492676337,6.6653236048666376,5.179027320262232,6.316013258445189,2.726700124862737,SN_ferlo
3650,7.346507933532158,2.0204301136870697,0.7592235742885015,1.1217886587988284,4.961795995180521,4.546249570614807,SN_ferlo
3552,2.926272656603704,8.431876137722897,1.2169395102188296,5.0987491252896,2.2267009309951247,3.330048288858178,SN_ferlo
3164,1.3715592021431722,1.9887195134252145,1.8616608001685155,3.4543746748693964,1.795686607032602,0.6716020200127378,SN_ferlo
3420,1.62186904967751,4.021919022030713,1.15882950574193,3.446622140027006,3.821219954825591,4.369082834854969,SN_ferlo
3080,2.449799057803685,1.7775490791602455,3.6393182907367776,5.449673669056495,1.7855539817071138,2.223283479163761,SN_ferlo
3596,6.365068002518135,5.788940150875294,4.2644253527003,8.69891240694963,9.504863321799291,3.124219710121756,SN_ferlo
3572,2.468119240786651,6.021637781764449,3.291197627929219,6.961388082483908,4.038533774241214,2.7030260726363964,SN_ferlo
3204,0.6378995569241027,4.46958926818578,1.6279118687292262,1.810820849422612,0.868461839585743,2.4344822971855624,SN_ferlo
3109,7.354128161067922,2.2611844252148643,0.7632746976431656,7.476652105103071,5.055889702052254,3.1767905718148874,SN_ferlo
3166,0.5237400918712967,4.909527653716483,2.582389817274433,2.345531736438822,3.5696646399978307,3.2643725877879053,SN_ferlo
3046,2.035650906627211,4.297374141809199,4.487462194261421,4.292427824149091,4.372722982549329,3.5099125907384274,SN_ferlo
3730,1.019868423316226,2.238044443387907,2.283963671252041,1.903906413425316,5.068426716127221,2.6217515484814258,SN_ferlo
3744,4.993688257071152,2.7356046503346287,1.052991294006654,2.134818878016121,3.6857546904836456,6.240014929682468,SN_ferlo
3810,1.6017547495851028,5.508684053711009,1.9861715872891312,2.1087032884484542,4.793878591403478,3.825368249605177,SN_ferlo
3469,3.1563172985100603,3.7765609643010634,2.163744013857473,1.1023764629020127,3.869320535694091,2.2324149581762422,SN_ferlo
3661,2.7373401625459777,1.6849420671427584,1.3519588772765416,2.479889032262648,9.379927307178196,3.565859325278531,SN_ferlo
3991,4.063012615833386,0.6393041705623422,1.3116861023286095,1.358250261856899,1.3030745843797429,1.4494494081588871,SN_ferlo
3548,0.8980229557890418,0.918200133297321,2.922061694330401,2.0337761595416777,2.733138893157735,0.3958028813992681,SN_ferlo
3960,9.064318659931915,1.4058549099465094,2.3164598723041325,1.5359069815447102,4.473755495828758,3.3388667332089765,SN_ferlo
3441,6.131991568189251,4.365597769205436,1.4256126288652675,3.435077643635388,5.853319562003907,1.222408691763086,SN_ferlo
3678,2.8016315360365827,2.0509071277500177,2.010840061294068,2.410526975175083,1.0564326860002045,2.4827295301711305,SN_ferlo
3394,8.7013584480395,2.691644036856504,5.558926324495546,5.224193008626463,7.258871749874975,1.6404831992023294,SN_ferlo
3904,2.970219621604373,1.273352134545023,1.7872280131439913,1.546269286184606,1.0392606532640922,0.3509294672864,SN_ferlo
3922,7.751972296668641,3.1262238037727674,4.9197222394303015,1.8230368463794853,5.523168791795644,6.918653786390305,SN_ferlo
3302,3.767671538549471,4.738557740781209,2.156138921180053,0.9738417632386812,4.161600075503953,2.24176575984225,SN_ferlo
3375,5.594109182489,3.201544257785309,9.124459130420949,3.1564862151692874,9.107366109835809,2.6577676980344367,SN_ferlo
3195,3.89605297325856,3.6363167573197583,1.8612061536850573,4.252077624706513,3.8700494893346455,1.2111749892040231,SN_ferlo
3438,1.9721250724262465,6.850403752306368,2.1970238153477646,3.4198552095569683,4.186159869621647,1.5269511335948531,SN_ferlo
3543,3.269042251967772,2.627723952563761,1.539824387970697,0.6054332190870707,2.175020389302108,1.325349746792657,SN_ferlo
3415,4.899628544621644,1.4385754409301148,2.441743191814382,3.172288870957879,3.3308651313634514,2.5375650569441763,SN_ferlo
3354,7.4757425833540765,3.376698889697926,3.5002880679136448,3.543192123227296,10.809317652546053,3.809305655801115,SN_ferlo
3084,1.6314907846864917,3.2797425548571755,1.7685834232898154,0.605332340015244,3.5472263562285127,1.030402942091277,SN_ferlo
4048,1.407482620435295,5.294387007846239,6.608090544539566,4.642527591681516,5.816490356870076,2.7298240813608525,SN_ferlo
3564,4.791623901376858,0.72184511853452,1.4966388425381782,1.0091676007454982,2.4093752173831637,1.7365477057049594,SN_ferlo
3700,2.980940308331525,2.928334274187725,1.8448430454654476,1.8105116946791755,5.545667829281734,4.990435367265462,SN_ferlo
3898,2.03284546468574,5.237149362260658,8.21195193953649,4.543874530520406,6.521915055724207,1.0960485679532792,SN_ferlo
3673,7.0094679692661614,2.856377648335753,2.316423201397864,5.822452091796021,7.287133515754513,1.1864624960127108,SN_ferlo
3745,4.838558323796258,3.1123458191858044,6.55007314546346,1.3203756636398662,3.00492959305904,4.108850254273058,SN_ferlo
3660,3.002440609201905,3.6044640464636646,3.057056982253991,4.025242007094525,2.350071055316204,2.58293483853447,SN_ferlo
3646,5.550934646262877,5.4140687718131,2.266230696374463,1.0081920730959877,4.821693231927889,3.6649171421233113,SN_ferlo
3806,4.489742877791042,1.5227794796976075,1.3351809436888489,1.8653725630436024,2.4271340514362745,0.6466783244043186,SN_ferlo
4045,1.7481195776524625,5.590203000642887,5.218623246653518,7.501790356689262,4.775838761905231,2.8139494667797518,SN_ferlo
3640,4.054751680127984,5.250779033915291,3.6273429910793697,5.013422377947278,2.136256986206368,1.2491273671533076,SN_ferlo
3487,1.9402009817727792,6.97352690562464,3.966483586191596,4.518131183900023,5.344839121590218,2.711150816589569,SN_ferlo
3314,4.280543843282159,4.028470381207204,2.3576472746508066,1.9439375593017567,3.775547696866015,2.611923195096268,SN_ferlo
3930,2.415918844251949,4.003699784515828,0.649832677281215,2.1692191543982555,2.4095324022048974,0.9121669242077792,SN_ferlo
3561,1.6336791469429186,8.40095286834997,7.998645638918903,10.150715176297815,4.372662294722906,5.639858518983504,SN_ferlo
3419,4.475082008813103,2.4480523999283785,3.726006204633657,2.9223800653779817,2.645625255509214,1.9644424305571648,SN_ferlo
3540,10.087728175751506,0.7815375547429919,3.480971836990338,6.788552411175705,6.93031876059443,2.3913449381180496,SN_ferlo
3931,0.7869642812393145,1.5026683392179918,1.4901001802807246,2.733872616546708,2.692633063201617,1.48137542481499,SN_ferlo
3872,5.371633177421313,7.353284606320256,3.75139411945528,5.594778572011254,7.504099739513839,6.144803210556661,SN_ferlo
3677,4.0073874459611085,2.4543804549466475,5.454362068000103,1.8215346454792052,3.597201400604563,2.427032827799752,SN_ferlo
3139,2.110090624132294,1.5617228824264446,4.398558402180267,2.0857607254664954,3.2678495000768173,2.810106955002617,SN_ferlo
3170,1.950549999375591,3.4956821685584902,6.613848673549816,2.288101479108013,5.224785117335995,1.3802263439655962,SN_ferlo
3586,3.364015365761307,4.635173662975641,3.0010689452880506,3.888331649246916,2.358544023942113,1.2710700251836653,SN_ferlo
3421,1.3667877455229616,10.718454082645168,4.380762597318503,6.595088834860854,1.4198018365149707,4.793688467497717,SN_ferlo
3245,1.1407395672757532,1.0392905978968532,1.7731274926318707,0.6598845870990231,2.115842902701549,1.0830329465412636,SN_ferlo
3385,1.6261750483029689,3.514292291500839,2.346864081141547,1.391615157529513,2.8791917037822263,2.437477107827437,SN_ferlo
3778,0.9137177517891242,6.300638270991193,1.3133403610671353,2.79264261241359,5.70526731523001,8.852697753760863,SN_ferlo
3860,7.6480585302624124,2.1966257568723493,2.8109379751015724,3.879181609383741,2.004307805532063,4.551981424340259,SN_ferlo
3560,7.415697158458591,3.507941936105713,4.936731009492524,1.490670903884826,7.285647583176401,1.548514686491383,SN_ferlo
3830,2.7969702428552643,2.7263773352140173,2.612941062483882,3.770396610413867,4.432782060340021,4.984335788733348,SN_ferlo
3530,7.397873147400695,6.4726385493148975,1.3519374410566811,2.921656371399511,4.482802618506502,3.843578383366777,SN_ferlo
3279,2.2384516990901573,1.7822378399356111,1.9055263650390304,0.8228558154200949,2.329968688304029,1.4293854431121862,SN_ferlo
3591,4.83108166603011,3.729677859783884,5.472879055984323,1.781481454958861,2.2505813947972437,4.573988668706805,SN_ferlo
3442,1.7631076260644738,1.3070294950673778,4.941883356633562,1.468400687927019,2.570983387325206,2.0879463681969668,SN_ferlo
3612,9.003026347998304,1.860868866356809,1.866425138127267,2.414628938966834,6.156904891915599,1.847327476474232,SN_ferlo
3274,1.8347725934379209,2.745430558799812,2.580174576344856,2.002795798218341,3.49461143973068,1.5002549538055825,SN_ferlo
3484,3.222425943998306,6.132116878676781,3.1565355606394063,3.5447826279196217,4.372461900809957,1.5220263820931876,SN_ferlo
3140,5.829730184776532,4.33176570556765,3.213613378597421,5.725913555567007,2.4575553397611483,1.0833031673619886,SN_ferlo
3928,4.392526105603452,1.9300600729638648,7.114022341032191,9.920053610692037,3.9099036877946816,4.848298557247866,SN_ferlo
4031,4.001734738577226,7.738572209765642,3.009772935426206,6.197945779156133,3.483378001769832,1.1552001061847743,SN_ferlo
3553,5.541221558874021,2.078439793502934,3.066022738804771,2.066474339514804,5.574691770342195,5.0724735813727,SN_ferlo
3797,3.411655700301324,2.167908643878337,2.355122369577683,3.7237065695074407,6.240310063342365,1.690410377759325,SN_ferlo
3259,0.8466553799670185,5.792892879205632,2.7822637379160904,3.249853636142352,2.177305937481029,3.324085385010849,SN_ferlo
3402,5.182328367310702,5.359640905039655,2.021703357553165,2.880808141766076,6.598127555359,2.668143123386542,SN_ferlo
3600,3.629708750627154,3.897968393090879,1.8430716685318769,11.68844226679846,9.368498014986956,4.02994454464189,SN_ferlo
3789,4.300070688868045,4.797365842972231,4.336609818094629,3.210811580549051,3.927410880605535,0.822293096776019,SN_ferlo
4011,3.276434417032926,3.2779980949366467,2.0257789953155307,5.435513130750356,6.419885962176161,4.027618076839695,SN_ferlo
3267,0.6681578036456954,4.558501229939488,0.7009248715151469,1.477402935966948,2.374549028845039,0.4073258296521623,SN_ferlo
3060,8.122278278293901,4.3474249127083455,2.654709587566324,1.3230874322275803,4.611878281116391,2.7543017799450347,SN_ferlo
3210,1.7385755149463944,2.4009602241409507,3.3484526001436734,1.8922248371336103,2.3029189100844683,1.6770258486424814,SN_ferlo
3334,3.17632218743918,1.3339580704399887,1.0871591649017132,2.730252789792059,0.8682583497748616,1.0757154779840543,SN_ferlo
3888,5.949198652522498,3.5021944886598626,1.4910851264077978,3.228291407219432,1.816965519474163,1.3758292195845032,SN_ferlo
3439,1.0919353957268976,1.6497727771959565,2.0552852139660285,2.183161156713301,1.864241072149468,1.1267134527615492,SN_ferlo
3582,2.9646147729859416,2.009569559102511,1.5372959843095773,1.354029234503213,3.187133966377492,3.209376914485024,SN_ferlo
3370,2.9850648542967746,2.2929683230769804,2.935882487463585,2.6951831752445456,7.336512792410303,1.4349679947302982,SN_ferlo
3826,1.2897419202682736,3.020728037949552,2.7879977920227685,1.630829835246461,0.9088624265474732,2.23047813042907,SN_ferlo
3676,6.867063893152365,3.082760790593242,1.4865940303698522,2.1384792808278874,5.511765038161238,5.369518545440686,SN_ferlo
3135,4.909746135331177,2.9937031833569563,5.814287740764953,4.54084062725519,5.11857152393988,4.592544759370682,SN_ferlo
3255,1.282228647287068,1.518387273075329,2.720939165443313,2.5888975586166927,5.317085101150426,0.7302355951583381,SN_ferlo
3379,4.568867627095999,6.517999480144282,1.636691975229695,2.5222078007069406,4.724105334122789,4.852993703168029,SN_ferlo
3467,4.105593387287625,3.8020661020408855,2.526929644285633,1.913314058548509,1.9093551606533756,3.298492473005261,SN_ferlo
3915,1.5390633764870163,0.6745608261339593,3.171597312286464,1.5486896614754877,3.0957704744142216,0.9623141271419596,SN_ferlo
3157,2.653836449052307,3.1854577385327234,2.2649338426047607,0.7351647683893319,4.904884098719481,2.8207235833712097,SN_ferlo
3200,5.049840376252248,3.340124133247261,7.294561645576916,3.665500438416527,2.3803441922163584,1.0033917546164808,SN_ferlo
4042,9.550534310832209,6.913459586448613,7.446736711868234,5.910013457266746,7.557797784363527,3.5472986191324507,SN_ferlo
3154,1.7938714260270232,2.6881966610738868,1.5392782410800312,1.8007985675910032,2.873150220766656,3.4664339989337467,SN_ferlo
3078,3.8770776795647066,5.758414073664847,5.787478201239921,4.5730322879241205,7.663770012930596,3.455175217581883,SN_ferlo
3147,0.594982490058552,4.551073228559052,1.1184760190133585,1.3872991093606628,3.7855971633340815,2.4719264381871144,SN_ferlo
3404,3.414210996191636,3.379807621107053,3.416454911732463,3.6540543383172897,7.065422856901988,3.1044609639569223,SN_ferlo
3407,3.955329971676905,1.05674702290461,0.8374020079827111,1.4374580698707666,2.077045157364048,1.0242860664889104,SN_ferlo
3483,1.0188891041495642,7.291326198181257,2.749777013923645,2.2696209184433465,4.720856633669347,5.432901535507455,SN_ferlo
3607,5.3355778999432095,2.827613317796902,2.400385189296642,3.564497161527794,2.794362080471092,1.149524321151472,SN_ferlo
3393,1.6492368067040055,3.630174329843775,0.9960226750666004,0.3284024995754763,3.467449500293569,1.9424813778185157,SN_ferlo
4026,6.096767575685357,5.181960651887642,1.930384723665025,1.6709439099184558,4.283814343001396,1.1665523443931982,SN_ferlo
3291,3.65512451279943,2.062708282507313,2.712931197566496,2.353222362364865,4.16279272918958,1.897922453694932,SN_ferlo
3901,7.425920497684298,5.2214620659322,2.8261762054606256,2.149185975267102,4.488843978543662,3.871332187245561,SN_ferlo
3847,7.093393839631478,3.109907680784703,2.7261977747435804,2.635535068554787,6.80443155527609,0.9313833330474588,SN_ferlo
3448,2.389645139041668,10.47318953342146,6.36177157273954,10.950949626769876,2.2572253125024835,3.9426568407366793,SN_ferlo
3905,1.882879693204008,0.7982909566367219,2.6535842050350924,2.6509035155222054,2.676013149580295,2.689987365812188,SN_ferlo
3206,2.6990020857466326,7.411075480356405,3.1418411487004594,7.499014379735939,5.34417567920258,6.718513153764709,SN_ferlo
3929,1.5868559023191615,2.767554636789925,2.840549980367844,1.0792182475222056,1.9293144188726332,1.9601664002388175,SN_ferlo
3865,1.5711374035512184,1.1145118425992953,1.8608658226663504,3.257882354243328,2.2809388965588084,0.5609374753484828,SN_ferlo
3880,4.15746704916516,5.7948902940454206,6.06906450185084,3.868646006289033,2.519113002676776,4.2128655101307,SN_ferlo
3125,11.562657123365522,6.564955622868924,5.468207176088007,5.021224633518382,14.145754918981533,8.981576550648983,SN_ferlo
3776,4.121678271613992,0.7498342201137139,2.194526372907642,2.133954685519258,3.586052463685381,4.242753510965019,SN_ferlo
3337,5.763693177950878,7.512841228441498,3.2648665441942293,1.5433093392423634,6.964517405871799,5.708819644992575,SN_ferlo
3112,2.641648564745695,0.9231715734565706,2.699138720386221,1.6328563798734217,2.6854073561130294,3.617011838085717,SN_ferlo
3652,2.462080225339567,4.53101154709407,4.738370522876692,1.4000093453480298,2.8573384225965386,2.2935286776078314,SN_ferlo
3714,1.4006633926192436,6.966560998776395,2.544821905998349,5.8741970451275565,5.394513180268415,4.540119427729096,SN_ferlo
3976,3.665520625398824,1.244093928950572,4.873961548060962,2.3661568412973666,3.160855294684126,0.9688633272486786,SN_ferlo
3917,4.673265193231832,2.444083331078094,1.5467076708702834,1.464884308563039,6.327216600800842,6.703650970890537,SN_ferlo
3831,1.929119138994695,6.810011278788047,2.03608943353575,5.348339868525385,9.71973430953864,5.856170174052902,SN_ferlo
4044,2.931249735283914,13.557297051101637,10.147643314162336,7.052252082917887,8.447728552994088,5.764296448816484,SN_ferlo
3169,6.586122841588758,2.996851158513542,1.142658614827757,3.861216403187029,1.8048014234614191,2.163144302067703,SN_ferlo
3892,2.67846107685593,2.6885085019920982,0.9863861909248446,3.1177897288647154,3.2622895615809164,0.9344838122766886,SN_ferlo
3043,7.467913629237552,2.1198129154976906,4.508077572917362,3.1324445062704664,8.028023735685288,5.588900794627836,SN_ferlo
3705,1.5070119603605288,8.291146797054765,2.006394745784512,4.254972866321803,7.394724140869587,5.620057123890024,SN_ferlo
3581,0.6244410894738003,1.4002651120306144,2.842044083785175,1.3022580681578864,2.385118146092917,0.5924685615612832,SN_ferlo
3643,5.478077099673834,2.3410513101822885,4.334041301954151,4.815286827726201,6.874399885433261,2.665843937801045,SN_ferlo
3350,3.186132916125819,5.655014733324559,2.026453064007658,4.651476144493652,4.136549658290991,4.293275744778086,SN_ferlo
3627,4.513022950091848,2.5288726742044925,3.223684028786063,4.901634031745584,5.275894432545323,2.037844925974098,SN_ferlo
3452,0.857236773429229,4.262451940227744,5.591592977493344,2.078899782972915,5.532704098178515,2.1212070127163924,SN_ferlo
3213,4.222974796430463,2.5638644491554627,0.9544427136847404,3.7184106625678073,5.968769624904981,8.40665403124146,SN_ferlo
3459,3.7877142236021792,2.7528668356022554,1.6841766824212694,0.4896877600886011,1.6952985702977286,1.2937559517261088,SN_ferlo
3814,4.287895543681599,1.5068733680146371,1.078058374344148,3.4095051404525143,3.2145063889946743,2.363952965814696,SN_ferlo
3939,1.5724497034047744,2.5121542065093787,1.6226316919229506,1.3991042833287046,3.244603655316658,2.5539645131674784,SN_ferlo
3645,2.3539108616404185,3.466069511221704,0.9691328378497288,1.2833613498777727,4.381107516292039,3.915285577884556,SN_ferlo
3502,8.412258374855902,3.0522561578856746,8.153328401790162,2.5289824181226086,7.298663207776435,3.505889360962268,SN_ferlo
3919,1.858198127924712,5.1854820100961385,1.3456727488190976,1.9986005734642105,1.2952812120747117,3.233359460114199,SN_ferlo
3679,1.5416015365884213,4.740652332894583,6.082868187967134,1.3267617220199623,6.58896213830496,3.238753057914643,SN_ferlo
3465,1.622159912581272,4.376485916322805,3.5071787151136857,1.638684632949492,2.6671103710205384,1.2131506678638948,SN_ferlo
3357,5.0747259121778745,2.734043870435146,2.59942958314955,5.10078340564745,4.640810672454692,2.6661276748429588,SN_ferlo
3418,3.289817096771517,3.4635469737910665,3.2079082059659427,0.955724009245231,3.023830232552482,0.5294391812574679,SN_ferlo
3566,7.386037507349378,2.615060487473128,5.652505969272351,8.661496667503325,7.06695516450939,1.9372631766786144,SN_ferlo
3920,1.2573525410497663,5.247575933308657,4.8754627267001,5.321650894039717,3.4917432585221,3.741511691347236,SN_ferlo
3480,2.180654679153478,1.6753073582657774,1.319155329553437,1.3963679361112784,0.6151824287597559,3.371666882160965,SN_ferlo
3790,5.918457418155376,4.19906110517024,2.546617704879319,2.32806810523148,6.125418427140436,3.751499115962793,SN_ferlo
3192,0.9584760349691742,3.3515121680010576,0.5845141019758281,1.632407660619048,3.20576780578475,2.306657134598004,SN_ferlo
4052,4.047783228191654,3.449600404428044,2.974247778164002,1.6693520273306988,6.1663614794552295,2.83324068822271,SN_ferlo
3598,7.372466586909415,5.079685452988342,2.9676460795761472,3.126793882600134,6.940592710688291,2.923178857635422,SN_ferlo
4010,1.960698931002796,14.302334138737528,7.302994279267946,1.9834368804855649,2.1023215248640232,3.616742168562885,SN_ferlo
3859,5.262920789302438,2.573156112825933,2.532481447668732,3.7538989011131343,2.262345484888874,1.574079339163081,SN_ferlo
3451,5.802025263724442,4.678399278710297,5.4279158522309965,4.227229496037832,4.695540505462452,3.6004868385277904,SN_ferlo
3185,4.750265460705595,5.836660162117648,6.366324322880409,6.020750039429441,5.7466535766492255,4.24740675220976,SN_ferlo
3568,3.045291480928932,1.8531382895575392,2.5254126593168493,3.2710599667525964,2.3540006213645204,2.131440674418391,SN_ferlo
3910,2.709339669606194,1.4937555301519831,0.9324681133769672,2.361798428156015,3.0079228719487734,2.75808047951559,SN_ferlo
4039,4.301098695870914,3.035087819766692,1.35182643877634,0.9011260890903232,2.370979987362108,4.867843314227222,SN_ferlo
3879,1.929614661003332,4.79437890618383,2.1276991676299883,2.1975956854318843,5.736553874852932,1.0249609282088885,SN_ferlo
3250,0.912934332177881,0.9645857743381958,0.825226057137183,0.909213805709711,1.400626052666146,0.3858756373368514,SN_ferlo
3482,3.3023644043661786,0.95483372972824,1.3333300179274254,3.0618800921780824,2.6586045714538558,3.5578114495014024,SN_ferlo
3173,1.1043500475519494,2.279490222838126,5.211538165136431,2.257038071891203,3.0951851244434305,1.5152890121961906,SN_ferlo
3422,4.372882204007376,6.662743561030053,2.8850704247410817,3.51779951005012,8.911893955404576,4.4172724618589285,SN_ferlo
3216,10.630110277607614,3.948346517080135,2.67173555989996,3.6072616086157465,2.209992286999774,5.169055603200331,SN_ferlo
3575,9.548911940542316,6.085245772746471,6.001702623870565,6.633378347854237,6.123527716788269,3.022708426522437,SN_ferlo
3312,5.171266253100181,2.0132637073029027,1.00534668373064,0.5271228147505825,3.555594516925089,1.905135930106758,SN_ferlo
3449,5.8132313219664224,9.96342993375139,4.962205705426146,4.014963206759968,4.9848009070503325,1.1839232828475637,SN_ferlo
3762,2.6481977889983743,2.674421639540595,1.3690984784708968,1.6326505489662648,3.790617881880115,1.866654500969924,SN_ferlo
3165,2.288129151394186,1.3227872804791785,6.019839260699412,2.5373914189090394,4.389682576139974,3.5207017885138066,SN_ferlo
3180,7.061724442997865,3.94946187605216,3.776639917513754,3.17215041783063,3.233459126027519,1.617431587193809,SN_ferlo
3093,4.123138643034082,3.780611403485583,2.7959848321558973,1.6320926377163858,3.0703887517739887,2.2393306232659875,SN_ferlo
3666,5.432509224445263,2.369183039612112,2.6982190288213994,0.8627447759642978,2.1353572517983537,3.150430214765342,SN_ferlo
3317,1.8608681515869645,2.1505909677203063,2.132153710743429,2.0528457123241566,2.414978270127804,1.3522091525199498,SN_ferlo
4018,6.584801036689622,4.393943371664219,3.808703607187733,2.213525469353556,6.641675144722985,3.3186174344996395,SN_ferlo
3384,9.65435232549515,4.35166741278965,3.4599574590000115,3.3479030328379613,1.157273799427435,5.133404684503357,SN_ferlo
3298,7.894988506307844,1.3865475269321226,2.914129092096883,2.332430603465065,7.068136100280003,2.9465148575361133,SN_ferlo
3224,9.122064368383734,4.774182769244912,8.059676104095994,12.236697279188606,2.707953294090847,4.295133674826746,SN_ferlo
3659,2.1520829909869885,3.2066579670913207,5.583402641867426,2.0812440066896216,8.44001630489982,4.547737132013854,SN_ferlo
3342,11.665996024710394,3.906837157105089,1.5031394642051004,1.6236095811938087,4.652662962686403,6.75166320693851,SN_ferlo
3732,2.439435203589057,1.4407032274562117,1.029997743215886,1.76768503585103,1.467297411409845,2.483103091954562,SN_ferlo
3932,0.4338384514099139,0.7781788575514486,2.2383263264637723,1.252620806162717,1.671391421801138,0.8442349257451377,SN_ferlo
3282,16.18251927556479,4.569538627798231,4.641918117061999,5.71783621646874,12.265956503803904,4.4750354061701705,SN_ferlo
3272,2.2168402722542715,2.933854598389799,7.538490850007623,2.249733561282044,5.898123921162981,7.327890963853285,SN_ferlo
3968,5.271492805342615,1.3895828322694903,3.821443815083674,4.716413267060192,2.042169035092348,1.9119394476207896,SN_ferlo
3368,1.6728517184000966,2.144028276548469,1.103563479444821,1.3766428771096082,4.110926835386807,1.522955626792439,SN_ferlo
3500,1.833084642470223,4.500694155520668,2.738259913861825,2.81680391836169,3.19207436764914,2.071064065683003,SN_ferlo
3723,1.4563237847966255,8.333319264765684,1.4941427023954696,4.262576483528839,6.653324356461167,2.248413494760931,SN_ferlo
3704,2.0476401751132585,4.085931402155146,3.3196290758937947,2.2796881098185877,3.2247120343857576,3.300417562366158,SN_ferlo
3935,4.1381338811936965,2.9854945969975226,4.676647020408363,2.456391534800287,2.0718448078313227,6.147279283722137,SN_ferlo
3507,2.942665502236909,1.487220747829087,2.143689651155836,1.5897488654721117,1.904474339058564,1.5257546660987835,SN_ferlo
3205,3.724001757626173,2.6067225201395523,2.819023185563453,2.850408098429222,2.477895325565324,3.6530530813779434,SN_ferlo
3209,3.767859441915247,1.6036752080052623,2.901341316528724,2.527748561044248,4.680226882452756,5.423769627956825,SN_ferlo
3187,5.655353588557209,3.001512996962245,0.8419094470536714,3.0207579212366844,3.1602268414214576,3.065931597459387,SN_ferlo
3248,5.196442643787154,1.8954596140781408,3.9165893064405135,4.177697030913186,5.420760937718347,1.8100674545927729,SN_ferlo
3542,10.325888730640044,1.7649959589085542,2.736091750865464,1.6888826999906883,8.26808693607883,3.296832487195544,SN_ferlo
3230,4.803038798482058,3.32107420767016,7.474538373685369,2.415314380473525,4.787582428102062,2.2318284572020475,SN_ferlo
3366,3.472717356756116,9.368703127417335,3.64183105860601,7.631495985325674,8.327029904733525,9.455474123491896,SN_ferlo
3699,0.8689130983342749,4.534343127514459,1.8185846486687975,2.7070351134420605,2.184253529133307,1.3246566133533637,SN_ferlo
4038,2.2858258883513654,4.094853395568563,4.869910169391074,0.9061369826103306,2.690682892802698,1.5216643091975863,SN_ferlo
3882,1.7574248300792588,4.215698214036996,3.798076538525226,1.5026269711853275,7.410014417240376,4.409665625760831,SN_ferlo
3902,3.3335472636388688,6.412201489882407,4.294147831727919,3.352559678077524,7.80821341330919,3.796678546003641,SN_ferlo
3899,1.5836324954779517,1.2343972691864975,1.2168670150941503,2.3825465291554506,2.323987035095279,2.6067251198298638,SN_ferlo
3948,0.8551348078301002,2.098638855561585,1.4481447484945749,0.9949303700683408,1.908352655393872,1.083634232860678,SN_ferlo
3617,1.1750972861110904,1.198965036060012,2.105978215552818,0.7918074501287097,2.0238974393311544,0.5960551016674399,SN_ferlo
3121,1.1653255898568071,1.6874139763982858,0.8018963706859615,4.586879606482019,5.1829471299485,1.6895070981470002,SN_ferlo
3861,6.703631549764064,7.189370858030656,8.899217259374238,2.43232477772581,0.6845228464426099,2.778497559867898,SN_ferlo
3729,2.475082790753657,2.079610173134374,0.8778671565577889,2.545488993441221,1.3374485778846987,1.3881217426409214,SN_ferlo
4030,3.62716245842858,4.702589196433685,1.157533410242997,4.973896170811781,1.995885216844856,1.0836047133999624,SN_ferlo
3896,2.60425786699004,4.978401578031832,9.116275755587797,1.947265541354951,7.685322959320832,5.366499716182583,SN_ferlo
3271,1.0061837176259176,3.681897366536207,2.416283993060353,1.3402709647855,2.560790383956413,2.5150559533804526,SN_ferlo
3765,6.989658786299034,3.6469266542766072,1.5120365707844894,1.7100110195492564,8.721948120338276,2.568986729743923,SN_ferlo
3828,4.562291635202406,1.4972870004869732,1.2368306491922838,1.3587768684785426,1.6479122580332894,1.4208980534082027,SN_ferlo
3142,2.369427347116765,3.5919195012426264,3.117556880882226,1.3525484998186093,3.775784473026715,1.6223977889767656,SN_ferlo
3332,3.999829108535987,7.942447145726711,1.543517045995488,2.8330878364030405,3.584482494972362,6.363520277482347,SN_ferlo
3486,2.722374226039935,11.392004388375716,5.247080758979097,2.293149201021308,6.617585361866812,5.540799498163926,SN_ferlo
3999,3.833915290827698,2.835520679114299,1.7514891559119965,2.167599145808885,1.3742991936276794,0.8402872387013152,SN_ferlo
3095,7.582195810614885,1.423481668918947,1.8933944949776575,2.6017990688913404,6.800106327408171,5.618071209184076,SN_ferlo
3781,7.287835528782691,5.822509157997687,5.083710618061456,3.911893362061376,3.370361923217153,3.670886234514744,SN_ferlo
3433,0.9062653621703032,4.028931107564145,2.752871452612122,1.5909114942295663,3.864869702851133,2.149014058058211,SN_ferlo
4015,3.181898807253057,2.083857122436375,3.458463088847445,2.332443261615839,3.411425107239077,0.809200935809654,SN_ferlo
4051,14.118120684819909,10.714175527307855,7.97743102252892,2.4778672906585744,5.251162091927102,2.685304839799856,SN_ferlo
3708,2.6596356642505885,1.0461346178276003,6.672818727743892,3.4094492770294527,4.824313373475998,3.315199704124953,SN_ferlo
3293,7.167285828979415,5.974770494761938,4.573671734501177,2.504401429262052,5.865475763331292,3.220307530943101,SN_ferlo
3541,1.0633838571856609,8.158781400791645,4.219575199206741,3.656592133631445,5.310893182055631,7.32653794342208,SN_ferlo
3517,3.637888387508178,1.9515405002832429,3.3382799714039524,3.511985405616312,7.180166557020015,2.401588587587535,SN_ferlo
3712,2.045368347068083,6.34303329079962,4.16843443028601,2.4141270705667868,6.405323328412539,1.9523141354006823,SN_ferlo
3313,1.19598168260324,9.003906777475962,1.6810327583749642,4.024983130680023,5.387827794067492,3.2110873164554508,SN_ferlo
3086,5.72446784194642,4.352901721983376,3.7900575723156775,4.823774224995805,2.1644534129135367,4.274332974386973,SN_ferlo
3155,2.626634370313562,8.457114471214682,4.879870590830079,2.947196743853134,1.1838831459003325,2.907375434137016,SN_ferlo
3066,6.301429166367778,4.861969433081381,0.6212959814165196,4.024613181899389,2.006287304719635,1.6519571612727415,SN_ferlo
3253,3.14148407489586,4.042086321795325,2.869818712185172,2.1287458057066995,2.0886273262614914,2.5150608608165963,SN_ferlo
3662,3.3392689672543248,1.601139075635868,6.032856134487853,4.102793552017395,6.739064880133857,2.915052135439843,SN_ferlo
3211,3.5695633696441176,1.526199258838822,1.222853127939617,1.3378133359031597,1.2536770493009624,1.190253590862962,SN_ferlo
3633,5.215454319919071,2.939359071156358,2.327113392965632,2.903704684138887,4.394124546383683,2.247015913821689,SN_ferlo
4022,9.235281590651857,2.3864162742969315,3.954021055486875,3.366425552501651,4.780198571753887,4.313768954254694,SN_ferlo
3638,0.8969840958787548,4.392720054589641,4.2495925749483225,2.749121299909915,7.553274582932967,2.25633580891472,SN_ferlo
3562,0.630633600710066,1.6608958535301448,3.22985486390344,2.7996291883659623,2.2846283936803693,0.9964471387441424,SN_ferlo
3074,3.3935889835204995,7.3440012070693745,5.884040345640667,2.0824795652076205,6.461458665661997,3.794621493434789,SN_ferlo
3653,6.247876128523882,5.668777984960386,2.2415173021631736,3.397868384058867,7.28899457661153,1.7506598930608477,SN_ferlo
3151,0.7615456128951553,10.834156261854304,7.541059364188558,2.914575467721373,11.284207948583788,4.409150749273741,SN_ferlo
3178,7.326778104919235,4.259891723609284,3.1693013387718283,4.057576627101172,6.0922884133042405,8.735816149468022,SN_ferlo
3372,3.198812439393518,2.7566513153419163,1.26308735922603,2.4712809050496576,3.360356017602796,1.0338471372087208,SN_ferlo
3264,9.21407985012594,3.647849882866497,2.9185329292207367,3.952936031881448,7.354746225574543,6.349477681338565,SN_ferlo
3070,4.06563991527946,7.818491922708861,2.8338053525043696,1.7752444875674975,4.767247336470109,2.5459198659501667,SN_ferlo
3329,8.723364847339456,3.15481599359716,3.407019786967717,5.042239770444137,2.3137258992255734,4.614310527802087,SN_ferlo
3764,0.7466742143851397,5.33840842182094,4.223680559402448,2.492619091387846,2.6838869847810574,6.446173756583316,SN_ferlo
3097,2.5479944960890992,6.321396513748166,8.170054233468882,1.9789504937383733,8.027855477693661,2.2426090955347195,SN_ferlo
4025,0.9425907623716666,1.7454494026053091,3.0489988166741924,0.4586241005171236,3.3369666728285057,1.0964277960612538,SN_ferlo
3934,0.8027231454653226,4.705897396237951,2.094244915468624,2.4481325697172447,7.513992440554888,3.735058829139863,SN_ferlo
3954,0.5664082760670579,3.710887911673132,2.510367265658398,3.9778664388491087,2.9411440844027337,2.003981716599259,SN_ferlo
3090,3.4993180202959597,2.2565144854161754,4.600968704807249,1.370001168288091,5.309415553537938,1.876301701736496,SN_ferlo
3957,0.765233530624071,1.1626187111092656,2.071948472287667,1.048585991275134,2.2015462390014013,0.4231744713951127,SN_ferlo
4029,13.945271328446037,7.472056312758483,4.269063041521806,4.334493996033319,7.759388084524633,4.419374609017512,SN_ferlo
3684,14.331635093551872,2.555831783122376,3.535074351152794,4.124728055621207,3.6571785064516114,6.662667283213841,SN_ferlo
3587,2.336283947008249,1.693773327300691,3.1280346187832784,1.5794055324431129,1.8311197064792724,1.774475648763621,SN_ferlo
3519,12.105260749106144,1.946257810380156,6.590836907369947,1.3248891669955474,4.042862785391444,4.434692801355989,SN_ferlo
3589,3.0554170759359423,3.0764590403102665,0.8448994256799214,2.104806241246533,2.9380166712778424,0.7295570033293193,SN_ferlo
3105,7.430844664136562,1.7612969409780557,2.775502115592065,4.49461029981468,3.121892474188906,2.3824628162376955,SN_ferlo
3455,2.11512965230828,3.7643622799189673,5.732246132984595,4.144987296148331,1.9552763067573036,4.177174299909023,SN_ferlo
3426,2.417124630280078,2.2473115723763555,3.0376922432945856,2.799099940665638,4.133581799142855,1.528191439147203,SN_ferlo
3942,1.513900396240914,5.427224855013423,4.199215050259498,2.6534156989088022,5.738815692767221,1.836012762552401,SN_ferlo
3364,6.788890338980498,1.7707779761756273,1.5208493182344225,1.6703061531935304,2.8034611280286024,3.1801690602441526,SN_ferlo
3493,4.55393028139952,5.117137001449755,3.3117894407384108,1.1224069477955736,4.608187598838351,6.432077889455034,SN_ferlo
3832,1.9933859518377317,4.992963098050071,1.8545839864249312,1.530782919190926,5.48775176412239,1.2789108247955725,SN_ferlo
3276,1.260780261048228,3.1081863497872955,1.7149410288191471,2.647159838310168,2.4982423721164864,1.833354160726009,SN_ferlo
3698,3.514227477213617,1.3163444287528518,2.787557233483321,1.3339466053361102,3.294107846045013,0.4709381722503512,SN_ferlo
3599,5.309876840440568,5.813917164471079,6.340107116292106,9.144002928949156,5.967059597740988,4.070608234275696,SN_ferlo
3504,5.575897085435729,6.324633719729183,5.53825039717209,4.569867659752247,9.724199066728303,3.3346233802641434,SN_ferlo
3466,6.187746941640402,4.342737074450893,2.1792697923269326,2.5622289611428117,8.232615455194873,3.813446990186784,SN_ferlo
3933,2.5711490898602576,4.728028513845976,6.218727540872673,2.397112642882305,10.96252939348669,1.791629405387467,SN_ferlo
3345,6.331742661717002,3.737570756346565,1.880503363071398,4.016089751531722,5.303465336815568,1.936026110257271,SN_ferlo
3937,5.75797306834849,1.845541363217012,0.9898293126006024,1.199558206525719,2.353129833386332,3.761459451899938,SN_ferlo
3731,3.451907125725937,4.380742746624976,3.628808505435785,0.6750330658433691,2.8732174960058563,3.247315498091269,SN_ferlo
3261,1.9868334636242275,1.254189326614996,0.9426523330111196,1.079468225352368,3.184014064839531,0.9228397126439056,SN_ferlo
3923,12.492654547827868,6.210328302515902,3.305372424406136,3.720502282557877,4.273465318426218,7.985255037780705,SN_ferlo
3338,0.512119536190899,6.676345339371966,2.939244002115053,3.564785865438984,2.194715763729677,3.1566324660443823,SN_ferlo
3063,3.077166184747961,1.5072413254733674,3.635699795771712,3.9964213242557225,3.79513647059357,3.990857142341954,SN_ferlo
3802,2.233523347368196,3.0293751301482863,5.595504966482332,4.111251864814145,3.932120321578793,1.1198449049708703,SN_ferlo
3462,2.0513844089947573,2.8436390542885794,1.1818556981139876,0.9234133723981072,3.08500088679106,2.8390875952720465,SN_ferlo
3367,4.21607388377299,1.6904608537169434,1.92176200850435,3.0365839275626723,3.080244783466932,2.269145438797985,SN_ferlo
3241,1.2060896052239192,6.616663191598812,2.5073320236107204,4.873051898799794,3.6874713938538894,2.8109292118743125,SN_ferlo
3492,2.242386935624592,3.7728456406819233,3.746016536321987,3.4660327857383355,3.880148531178415,2.183899503720799,SN_ferlo
3179,3.925852402502908,2.41039599503474,1.7052869536608757,2.4676885813888094,4.440279772931661,1.4472757674443022,SN_ferlo
3578,1.8833257706462887,6.058479292373226,1.1870087223682697,2.092173591939069,2.596765284524251,1.3269622546312676,SN_ferlo
3738,3.818829493930512,2.587047077170013,3.55669573486804,4.791509558533943,4.127599277296478,3.7892496561079096,SN_ferlo
3759,8.892812487678643,5.084322913547364,5.350659001633391,4.291515999323223,3.6649036367676087,3.684473097744144,SN_ferlo
3688,0.7629120863194693,3.7845713239461145,0.6254104181649018,2.034100107377599,3.4506994192440343,2.4992084846287885,SN_ferlo
3853,5.669309732463261,2.636740511291216,1.1576594603276775,2.874822013578876,3.2555237747136965,3.0321434759728736,SN_ferlo
3670,0.5874480294161347,2.5880746332862925,2.3274506029046567,1.757832826087415,3.458153929525971,0.7753583220284642,SN_ferlo
3254,1.2673246064247945,4.751499464440994,2.233533919546581,1.2588552398142114,3.8777241741779225,0.5527347376223096,SN_ferlo
4040,3.018539601993221,9.066528692893716,6.021674097892295,1.8414048025116496,3.594880802337284,3.073185388465422,SN_ferlo
3987,2.5090636983549226,6.33990273794152,6.136083571534377,4.603408284279706,0.7447464751628216,6.571606911068339,SN_ferlo
3974,3.812837343131311,3.2613518809212265,3.2843691119316945,2.5386158486513644,4.230312978660482,1.5232592660130022,SN_ferlo
3547,1.5247120186773144,2.161364984751868,9.300820661884549,5.205419459047555,4.94367666709746,2.164063603482901,SN_ferlo
3867,7.301836781124094,7.70444346596716,2.9848943610962477,3.562671274730424,5.742236368831045,5.336579897057227,SN_ferlo
3273,6.029654089261938,1.566650091341418,2.1603956771271218,3.6585090030619143,5.553285402431254,1.269075859709096,SN_ferlo
3447,3.340478314299535,1.3906659596898572,3.872676320971627,4.144262135709299,3.666583057047344,1.135303787277512,SN_ferlo
3771,1.8640938251323689,1.3349788439075525,1.1665067946278609,1.525536952172622,3.553554581623461,2.33960678306056,SN_ferlo
3610,1.059933067820944,2.1561022220995314,2.0890808766265327,2.2089587786623,2.0213307157210023,0.6179345204863801,SN_ferlo
3359,1.3942281822884024,2.900054439291241,2.6378322162292744,1.8715856022032744,2.185082036281893,3.427326064680837,SN_ferlo
3225,1.556180240319276,1.6488145992378176,1.8194273473639837,1.4415114838933634,1.2206628305581444,0.3032592319553198,SN_ferlo
3908,1.5481714426654145,7.462180331046157,4.69134292068709,6.073214336784053,4.533684613071594,4.442838687667416,SN_ferlo
4016,3.895623473839036,5.050596144309624,4.204551188160049,3.548881990806384,7.387036153965472,2.604464699877243,SN_ferlo
3735,5.4712810136392855,1.6786398100412612,2.063199191299145,2.387404381498623,2.296280903559312,1.025184869360069,SN_ferlo
3651,5.153297196250948,2.4937919412208496,2.5661700059536363,0.9556065918258432,3.676736440304404,1.4505581164825443,SN_ferlo
3668,4.057411816982896,4.138601589583018,2.053862953107962,1.039924837818519,4.808619008230076,0.4622127319272835,SN_ferlo
3527,3.234483904480773,1.8044530403915169,2.505656094089628,2.7899915120590477,0.8645377462621141,2.372067160676975,SN_ferlo
3320,3.055246387202453,2.756392960796508,1.240837515570826,2.7936242294513014,4.693023653038648,3.690618813475144,SN_ferlo
3672,8.938122241184518,3.8894606917983032,2.1885050993304285,1.8836261836779404,4.14188719264864,4.266914892004698,SN_ferlo
3062,2.135447436488197,5.722173682522629,3.096380432315956,2.2880896779627897,5.187890805762797,3.79238983184994,SN_ferlo
3212,4.391954317769224,1.811470070511452,2.1910543933609907,3.134330997416132,3.709733222284414,1.9481166098215068,SN_ferlo
3443,1.4660365612198347,3.089699608299367,2.754941337956129,2.9926739863450647,2.3041425625477343,1.2257892200523322,SN_ferlo
3977,4.786986433883453,3.3333828011402784,5.4664693235255735,2.844318133380817,4.420590136173589,4.1392038621529545,SN_ferlo
3608,1.3465409221130011,1.8637793236114992,5.460696570515799,1.6959847889781123,5.879167928312125,6.468111707435493,SN_ferlo
3218,0.8564931389904245,4.611299692484543,0.5228256292449338,2.272117415417376,6.054239411246281,2.671159685421734,SN_ferlo
3369,4.209952997899715,5.486085463570046,1.6154759311421116,3.276365339035122,2.5562357489847365,2.7591793639683533,SN_ferlo
3748,0.8431745398349924,3.986295856179266,5.675097525938832,1.9272419133125012,4.601806366534569,3.840635552937061,SN_ferlo
3240,0.993882327078306,7.01826509942708,4.179076225246044,5.514401177097472,2.1856866685052787,1.8998543802879275,SN_ferlo
3512,6.534448898957251,5.392399597888328,4.5562383007098015,5.195317584651059,4.027757601874678,3.2050065572128483,SN_ferlo
3894,6.448796830463892,4.146491522568567,5.301233593008361,5.235211182464968,5.582657905624265,3.2061415655031427,SN_ferlo
3736,1.1612018295513873,4.224493599115667,1.3587705342548535,1.3843463695419675,3.745839418743745,2.4186305111638355,SN_ferlo
3308,0.386402030777578,2.28394252696,2.189826943621604,1.323599222729119,1.7436931738747763,1.057034999507271,SN_ferlo
3657,0.2726427993644337,2.411772349305942,4.48153607575572,2.9668657507821963,3.3316523218325718,0.5334003716443549,SN_ferlo
3774,3.565534207693348,5.046028999267305,0.5470947041407187,1.9732635309284243,5.476757841816796,2.4123258733632493,SN_ferlo
3534,10.615420803535756,4.289065368702844,5.929248839927952,7.296648180545678,4.661882280607795,2.182919563229305,SN_ferlo
3172,6.0982000537219765,3.24766328437714,9.981692161071926,6.296478163208017,3.3720880929516817,2.540503592108589,SN_ferlo
3380,0.375140372018695,1.557446769334897,1.6272069066359265,1.8264673055568552,2.293708647994337,0.7798724236003207,SN_ferlo
3903,7.596311477362419,0.6997768916728917,1.7990740578040954,1.5843423450064742,6.009296009266955,1.8777465981991623,SN_ferlo
3531,7.420779032242257,6.427311187938455,5.171003031897508,6.52397297853995,4.924259569934025,1.7797345458703806,SN_ferlo
3614,2.0355080977620026,0.6552219019203022,1.049482142055668,1.8587703973777276,1.908467762207535,1.9085124581934352,SN_ferlo
3648,2.67523295820973,3.963016494636221,4.643919716678348,3.551884621528867,4.224920374168632,2.113006925200495,SN_ferlo
3235,2.850339038895536,1.344927617291229,1.6121561515619571,4.565117617414069,4.379436908371358,3.78692696001806,SN_ferlo
3182,2.451386489372412,5.603110602570679,3.5460719940564025,2.53895497254144,4.558633256533446,6.342786370019062,SN_ferlo
3458,4.98100754112736,3.7507560531429913,2.5747604320192363,2.306382790347594,2.93926498267119,2.9881597160379134,SN_ferlo
3702,1.731932045710111,2.0940820030256795,1.9073422511140783,1.8138989928104352,1.11164584584756,1.8688071840577796,SN_ferlo
3518,3.674116587933889,2.047798698757768,4.384727414391178,2.1844063368435074,1.4060766562683744,0.3250563919686665,SN_ferlo
3756,2.681955201737374,1.3836197209110686,0.768943513874872,1.1912893020486564,2.116047706190027,1.7587469552035642,SN_ferlo
3194,4.709841407283175,8.634315488630465,1.3727053382875982,1.018244767168622,4.594065484797684,1.6265869123803185,SN_ferlo
3891,3.413857073160322,1.4868330941742671,5.764663193952901,5.424073354112166,3.2007180419619945,1.052229107886604,SN_ferlo
3951,2.197827355686022,0.6538932121733045,2.996676817585752,2.8149732184141416,1.9215495491521437,1.1354731766023003,SN_ferlo
3052,6.076931316438325,0.8217600780310237,2.5997688563059667,4.561196691711458,4.8034476600879294,4.490279244630608,SN_ferlo
3311,4.742095473079165,4.898023763940009,2.881464015749194,2.2043360867592847,1.259112039999127,3.772809047182988,SN_ferlo
3138,1.8512422809261129,7.778938948650921,2.7277278612208598,2.9615641204469485,6.250968037936054,2.025256750454546,SN_ferlo
3252,5.070207950168762,1.405795592368112,3.209647784509631,2.64784251258003,4.296727779346993,3.0962417403669598,SN_ferlo
4037,3.501593597159915,3.53209935464035,3.12263686484505,1.3098791339795546,3.173322550495897,1.892767536646528,SN_ferlo
3794,3.823039177972822,2.532600959796112,0.8994287709534954,6.080333771658859,4.226649191055191,2.706794749195402,SN_ferlo
3611,4.241615106210784,2.0972015382866207,3.677081278019394,4.449205239804954,5.031725596133684,0.8945361099607478,SN_ferlo
3855,1.6748943124940894,0.7060441565488516,3.427056653697408,2.834870028790468,1.5492907599464911,0.7517986668200994,SN_ferlo
3817,4.952845914662461,2.743252328980779,1.9459720205403053,2.714358525571244,4.051156562003901,3.458148950447995,SN_ferlo
3913,6.403609090155613,3.8313558989421126,5.023382781060511,4.146696546912193,11.480058986377651,2.052237964554991,SN_ferlo
3590,2.318070256107561,9.123087976634444,4.225529464257924,2.6753017855367247,6.152565225043664,4.4195052549258085,SN_ferlo
3996,3.50167980991781,1.513318747907218,2.7883592356699287,1.5391520968923036,2.464886218909579,0.4798089865127765,SN_ferlo
3574,6.597903534315786,5.28601032408135,4.555576299815557,1.8358076191404384,14.023825569782586,8.221801401298437,SN_ferlo
3986,1.69054331645307,6.287498301207872,3.316129447322377,1.5883651241519812,3.6369596096718944,2.8642759042209853,SN_ferlo
3374,4.380435695836111,1.9679995115158877,3.743316705722608,3.255140908417461,8.566160243579933,2.7110238058896057,SN_ferlo
3117,3.390008754264805,1.3825580977015914,2.027685966226556,3.4247692376737184,1.726757531239408,2.3041627619440206,SN_ferlo
3754,2.351942809474413,1.3022402649729552,2.386599888683908,0.8397966784212396,1.6605215671624236,3.8974856869076775,SN_ferlo
3119,5.845836485732424,11.798241435015516,9.238602198464587,4.818482468776224,7.911334390049183,4.508106575603622,SN_ferlo
3305,0.993815080306744,5.561915363178351,3.2561324022770037,1.6614881749333916,3.4361248758871064,0.7889640724939246,SN_ferlo
4046,2.5444555653254537,2.9907386793031883,1.105206863556404,1.4025708209461527,4.077079910824316,2.619163586782193,SN_ferlo
3191,5.785569734862285,4.8370959990438624,3.0892377135326767,2.8745666151610663,2.2211496893658724,5.18106236654625,SN_ferlo
3985,0.7580202544746346,4.932445458248917,3.45094353737335,3.6296043214481433,2.787245214950601,1.6913044874218093,SN_ferlo
3556,1.073814251599524,2.356871229651525,2.080953899544015,1.8698019683712408,2.6892124420991976,1.5583067291448354,SN_ferlo
3993,1.6326638933535793,3.6909626150471952,2.110647308600864,2.346330862661836,2.051904415384167,3.294014192613496,SN_ferlo
3511,3.353621187264977,4.326378029763058,1.1052046329250502,2.4591640009815428,1.3982722063229678,1.728595326396683,SN_ferlo
3606,1.876706748466048,6.2080134267935625,6.609578265687508,2.984990587693665,6.928178877989871,1.8704282947901487,SN_ferlo
3816,4.364142196883391,3.3105595058610406,2.1873604468495347,1.1416519719738725,2.7625632605780104,1.9588714971728929,SN_ferlo
3503,6.061397807918326,4.234802450723556,4.266355027880627,2.90090372525081,4.409819298923526,4.37899307283388,SN_ferlo
3295,7.581932576818672,1.36359993347087,1.0772100702416083,1.7932069097002947,6.180088699259364,1.9862641679768915,SN_ferlo
3813,3.787812718671926,3.5295044403108067,5.052381966591549,3.5680448875179684,4.856928294119863,2.272355924207856,SN_ferlo
3887,2.456756908290941,3.319731686635918,1.695678791701598,3.066413408396786,1.018708230609214,0.7816556787560341,SN_ferlo
3411,5.29843872734365,1.5708890599740366,3.287195476316386,4.223818111084727,1.221180560051649,1.9496762143183584,SN_ferlo
3363,0.962125688005559,4.124737487306031,12.545550279265653,4.547723838096418,6.393383957184999,5.288571435346673,SN_ferlo
3737,5.354365334398874,1.776952525078259,5.435516333439145,3.134289745499771,8.21146111891834,1.5986110038663068,SN_ferlo
3193,5.597404874153894,4.880453449164495,1.4946099594499829,2.195172651271945,5.55462580249926,4.9002568581106605,SN_ferlo
4043,0.9925427540777332,2.623071512367725,1.3915777593431529,1.564156806216515,1.6510357426964697,1.3352873576975424,SN_ferlo
5810,1.4607790040811224,1.935331798433502,2.472578044220033,2.444123175835123,11.94850971481942,13.078058999640096,KE_marsa
5830,3.4712814713527167,4.10943052621021,2.438942561040428,4.514082018528887,14.870380289305622,15.055648048372277,KE_marsa
5833,21.575112906743456,19.235192079406502,1.669622692287234,10.299260482870848,9.57883027950082,10.84336372095959,KE_marsa
5469,5.166881310967648,4.433950007699458,2.185399422890791,3.494318129882161,1.8002250405048223,2.25941175390416,KE_marsa
5915,3.616729294982084,8.26844425928186,2.8561056499081148,22.001859075455,3.5278441644778424,21.795537593049584,KE_marsa
5779,8.856985545813354,12.15906265434704,6.655931294252158,7.879342252782481,21.99901701959378,29.60570477582757,KE_marsa
5505,13.866940611878272,13.6800205857617,4.147400810070545,3.965724569739388,7.749774551674043,6.6781643570699645,KE_marsa
5939,1.740032930867331,16.030405249424593,3.843058639972792,26.55451035546293,5.956638791870909,11.103216957666286,KE_marsa
5768,14.107873228993036,18.37643062334124,5.905277433438038,20.79564872146621,5.147130451643206,27.552056003147147,KE_marsa
5681,6.32270400540208,17.88326192622513,4.382852794193788,20.220271433804182,5.997106382386742,18.656097897959143,KE_marsa
5485,20.147054756418733,27.843529643003382,2.0239070317213117,13.996894736538486,18.71889041510517,20.310746935570645,KE_marsa
5819,21.632308850383723,15.493134855076008,16.306191818337854,28.75699038584846,14.084864979823507,27.83997196247097,KE_marsa
5908,9.164051506448333,5.999823415826348,4.993929939200122,15.87512731001376,3.5168542947570605,17.582396516551803,KE_marsa
5427,7.713111495510537,12.688010104983016,3.3519451200201877,17.889894011977717,5.772819801298062,24.34735925615633,KE_marsa
5837,15.193021714939457,15.253777067325206,4.514842905431746,9.335740680239388,3.8313377792776224,7.867231034006954,KE_marsa
5543,9.866494790503872,6.6297200378091645,6.364048290861083,2.46523125698209,23.498677450283097,17.910709505196007,KE_marsa
6046,6.762805955324522,11.682396714637928,1.8044593415111148,17.033074675884738,5.271937144471624,19.177928923189448,KE_marsa
6097,5.78465568698321,10.699043253985153,2.945507323441139,20.300484569179744,4.45479115085831,9.414602862845662,KE_marsa
5772,10.99251653509786,10.184570009460469,5.2075186208589095,21.1668708528546,5.415129411672085,6.917090128841031,KE_marsa
6056,12.485508936598864,15.771882584060508,4.084217636580956,39.8693288710886,8.26620865026792,27.063344374464148,KE_marsa
6081,3.012781590316945,6.625932880916321,1.9950059989577515,6.67888291672678,14.748714511521538,11.885002038353868,KE_marsa
5904,2.208149251652836,10.477124067640704,4.579604368162817,20.736499280352003,3.943553513671997,11.95486809771631,KE_marsa
6040,4.62334724386601,2.124174202606838,2.2116279661034017,6.112940935930034,3.1043886813798403,2.660313445276234,KE_marsa
5777,6.647130631118061,9.529952003668653,3.115702335395788,28.586223679837136,18.879115996090597,14.845202275821627,KE_marsa
5611,23.11161160742877,24.391414132274967,3.0279203005594115,19.94585457977409,6.523862926008494,24.23903818831886,KE_marsa
6044,3.2003522826800404,12.058791868633614,0.9876899467738072,34.81441328980243,6.966446497404209,28.126877763649247,KE_marsa
5628,8.132768128637759,11.695566894335707,4.0979307769960185,19.716704534899183,7.96247322948212,16.247061252844684,KE_marsa
5678,7.213684147381618,10.716019757893962,3.3377507988909763,5.527630855835419,11.996614105102768,18.95923678648911,KE_marsa
6066,8.289768870157896,11.690079085290948,3.8203189156631354,15.548297365049867,5.845368688705043,16.013803777757886,KE_marsa
5451,6.46995564053002,2.774708943003348,5.013048814438806,12.31850762129837,3.479930971775074,9.1772482325888,KE_marsa
5412,7.759102836182655,10.0605973189791,2.836965137645437,17.115966160919644,15.979877038239923,31.568081524442725,KE_marsa
5463,3.5031740457649634,3.2869522814252696,1.3515858876447313,4.609470762741114,4.958221328302652,7.150347702671542,KE_marsa
5982,8.927038116289975,13.67414613393279,1.9811369914157,8.728878637163328,14.916922346744796,20.27828814622329,KE_marsa
6094,8.710295217625616,6.894125126465971,4.963954394342455,19.21643747320818,4.306708836190126,12.005380283998647,KE_marsa
5460,7.974427071548026,11.490198762875682,2.2033477167408377,18.21927727836665,5.59966284051627,21.78216179927969,KE_marsa
5585,5.292636367838687,8.100340614447381,1.7348014106529106,14.201414623831976,13.234189035393795,23.853104232712173,KE_marsa
5739,32.05706099191106,18.68558165204135,23.66114808186923,23.219908338789217,25.431415593877208,23.2173522165466,KE_marsa
6068,8.565323831175265,10.73809716245267,1.8320979263300727,23.099394025691108,2.622374825038097,22.26545427107673,KE_marsa
5591,10.416048291760504,9.805271052645296,3.802538729999697,3.091309102881,12.922740568786764,8.889574047867958,KE_marsa
5423,5.271034647038608,15.052212112548116,2.002267531025665,13.472605317611386,18.818543091218043,25.06363758857918,KE_marsa
5738,14.129334239372064,20.259512224843625,2.8209139165720023,16.6057381777071,16.681100350068842,30.46191710058408,KE_marsa
5778,6.78596729256834,9.016910370968995,5.546032933206614,21.71107745468586,7.248074802983194,17.9608790988962,KE_marsa
6029,12.188129221166658,17.525443122220295,4.631493586440575,15.603797189373587,12.533612068979838,19.9392980169934,KE_marsa
5863,1.8385912617208964,1.5951802721733903,2.4724618396909293,3.587137512554371,7.396772400757237,8.73559287323425,KE_marsa
5743,3.887043603768452,5.000399534345316,1.2319662080863294,1.4482372140406303,5.368792982898023,4.813999642518742,KE_marsa
5508,9.860167506687157,4.922865959989509,7.562528855885444,6.102673328325971,18.10560815298362,15.28475411649831,KE_marsa
5927,6.872258696693872,9.484908710142824,4.477247917766099,6.557117426725173,14.254287239899885,11.59193106898426,KE_marsa
5593,17.842354160026144,19.123682162230207,9.004274340847992,30.02032349551545,7.798424122718888,19.482758743387578,KE_marsa
5815,7.159560639182382,9.98846701669105,3.300006725440764,7.370239036883288,19.269435342052287,17.87450150560114,KE_marsa
6028,7.904039458227418,15.074021005525069,0.991707308422444,12.113087256383086,9.120716336224314,14.029448671985602,KE_marsa
6053,8.039688726716074,13.944294109980952,3.529888073593169,13.694937001528448,14.848561821347966,15.483213935782562,KE_marsa
5991,6.303030175916223,9.989691640674314,3.696595045820649,29.99876324475533,4.747416004784505,15.936280578227224,KE_marsa
5464,22.92581615030481,20.84945203954984,16.473217025892886,23.015933252458414,14.554429352734749,17.651003888695037,KE_marsa
6076,4.279995891615017,1.8139959299888624,2.9556145380049728,7.04903602612768,2.2823536747627493,2.72047148708546,KE_marsa
5659,10.367862248687098,19.410338296632982,3.2831351549731416,13.071259032375863,18.05039273586842,25.80162203018388,KE_marsa
5789,11.39001508711264,11.28425476510223,5.271791538978605,13.96708998386063,14.999471175156616,21.57359457165655,KE_marsa
5897,9.575736690563977,10.348651055976198,3.8971647705622496,3.078685028548616,14.385645915746002,10.266514006722067,KE_marsa
5473,19.58203412709193,15.241868652564284,3.1747021412502408,27.279753440200672,3.1147183385877604,8.381528267611058,KE_marsa
5923,16.01310407939515,18.730708857918057,2.294740860296909,31.208329012658695,5.29340348406586,18.16714126492068,KE_marsa
5461,2.1693887435760804,9.067752560191012,1.12534772631571,9.166309440195931,14.896260227524657,19.907462571131003,KE_marsa
5618,5.445695913675538,9.58309126995568,1.74943899544338,20.55085960171629,3.565867099781255,28.37269711203793,KE_marsa
5786,11.232749526537786,11.963912944740038,0.9787865304940144,16.997975761318234,8.298345318827497,20.30279888370996,KE_marsa
5524,2.5431941051784066,2.177746433072663,1.2899632581378409,3.600129758169826,1.290519707096741,2.5424904958579377,KE_marsa
5515,7.458671565644487,2.059019619977608,3.8103565541130906,12.28377696234805,14.184070704628208,21.40498128045056,KE_marsa
5762,7.642355859881541,13.337928627204052,2.2371409204827204,18.842615852634463,11.18748286705742,23.2839328207327,KE_marsa
5439,5.045627565616471,8.866588664788434,2.825761381098886,17.873829510170594,2.815027938061391,9.243436453934253,KE_marsa
5843,29.6391377906045,24.837216864558293,20.079365316711517,17.45940261521195,16.89673718184899,15.607162703072358,KE_marsa
5996,4.411153027277472,9.978472628138098,6.197599625614733,15.597160779496432,11.878948410650478,21.622694685309547,KE_marsa
5512,11.851311719383045,3.922945134253202,7.500108252633586,7.2102966312066,20.01101925111334,22.478604202710702,KE_marsa
5677,5.424985446072093,4.757533463729136,2.386013585792753,14.01583234587489,13.072175683981497,13.151637441204665,KE_marsa
5445,5.7909142063882015,5.8186605183271904,3.0944762568539037,16.735967211200343,8.624501340794932,17.00067818782562,KE_marsa
5420,7.779464820982268,12.22269441737054,4.635859993847896,11.502425692453354,11.043034454509188,6.221237704452024,KE_marsa
5928,3.105157169062441,4.342350562306468,4.883774237471088,9.08342939957106,15.047333783424405,18.026782691888524,KE_marsa
5895,5.228927267853559,3.319631822676332,4.6562699968345305,8.153183316041998,6.071885192141076,7.019143438852785,KE_marsa
6108,4.043267977419701,4.537807768029977,2.508227374503022,4.532538740734606,14.596631693791348,11.814706235367844,KE_marsa
5853,4.711864039875342,7.180914368285384,4.053063598358151,31.3598971776596,5.590815700386394,32.816111988451624,KE_marsa
5404,5.668744663005136,11.83679326378101,1.6192620419601682,9.498068245630671,14.760712347086953,13.153812189641677,KE_marsa
5718,7.536386995834792,9.064190895638768,4.58803295637035,14.517609845093569,2.016041501161286,12.93809896579002,KE_marsa
5697,8.571336254483414,14.476227234528707,1.9544849172124972,20.955642535794613,4.084418495631922,11.34023630668183,KE_marsa
5478,10.14237744364586,11.58932559120124,4.233315819987655,26.814639271256343,6.166126055293404,28.698308223404307,KE_marsa
5961,3.8723900506612807,15.692844538864302,5.49396988672821,18.633674226689944,11.70763399737467,22.16189112809917,KE_marsa
5836,4.553356343091551,4.135162282867206,9.074980458329051,7.129293359352937,11.959026440551929,8.731984586373255,KE_marsa
5470,15.457033536426367,13.13911879104996,5.8465195226718,19.83066012525001,17.32559812023631,22.688838409325072,KE_marsa
5589,11.953048348546403,9.889502781317908,6.481924063602628,13.49697186199133,9.5265637821987,10.252859426959269,KE_marsa
5538,6.97601096061124,11.458192912351691,4.126624346229834,22.11219907232794,4.530398396655582,15.447237667251512,KE_marsa
6016,16.769282070115654,5.059478258788443,14.67239555651032,4.922974995455206,26.00136024177035,17.7958501865354,KE_marsa
5605,1.314555722809073,3.976104436910784,1.797266803247333,8.586180128521702,6.839536128213375,14.26372596169636,KE_marsa
5722,9.216009980244026,6.088503822579264,3.8764096199053615,18.59928924598521,3.979577484757731,23.36920705196311,KE_marsa
5892,3.0107125219730086,8.67660743807817,1.0894551063442957,14.586070437594532,10.884810130773198,11.510491246352696,KE_marsa
5737,4.1969711378581644,3.376469649588265,2.2298367294768213,5.838504037277631,2.0661699585837217,3.258430469950652,KE_marsa
5552,4.130446716507241,2.8586339049039826,2.671300998848514,6.806028276169823,7.597180010263068,6.107289007456783,KE_marsa
5488,9.682038298048685,9.476961801274822,4.324050452608023,15.821197139589408,3.4757494155812467,2.0488907213155003,KE_marsa
5781,5.859717375965095,8.115775428128934,1.7237950381301244,8.248767018055828,9.510194856733683,12.189119125868803,KE_marsa
5563,6.122868497442764,8.655292735491471,1.276207556478429,23.463917123929097,5.963068998863259,25.343214033742047,KE_marsa
5489,11.5122873808386,17.863248728322066,3.120347090117172,10.49350223075253,16.82599532738048,23.213275820722743,KE_marsa
5922,1.7031748636849584,10.139201508783964,3.2807293829528463,10.844209873647166,10.50738762908885,10.318171981295697,KE_marsa
5417,11.830465243144268,10.438472745036876,5.158321445374924,7.173417374902185,14.854043814669248,19.63168455092845,KE_marsa
6090,16.275691429680506,22.533494413967,3.279657726314567,32.25046845431503,4.776475684878064,27.591665453275077,KE_marsa
6024,9.911051397657287,6.367295302203183,2.0774971701693845,12.316787288622912,9.399791121454388,18.08257427012838,KE_marsa
5986,10.983431781379869,8.332598482375149,2.546533405537948,14.09935948768881,6.221799881859425,5.217539341180108,KE_marsa
5954,9.648827377861524,9.299717296626817,5.6148144068107975,18.327292658119596,17.026803493470346,26.474317922374585,KE_marsa
6074,28.67081225025533,18.34980972926173,29.13858160010684,33.60995050343671,15.154093276738644,18.438289417988905,KE_marsa
5496,5.360926308036347,7.34231357796144,3.0810679272229518,21.025959993161127,4.758156248963381,16.249642581428496,KE_marsa
5925,17.055784281733928,21.761809111856937,2.0893494808230706,6.637921397317476,13.484767615722308,15.429051853985076,KE_marsa
5584,7.995359765852481,9.02918349038357,7.567793203261529,12.49215021312432,22.149655711825663,25.43523989693753,KE_marsa
5821,15.655980332403704,16.149961299096567,1.4145629033302802,11.983929698549517,9.637329903898744,20.21872290638653,KE_marsa
5832,1.6078218001761473,2.2933539272168315,3.790032455054517,3.7521265519881495,2.8800488541772027,5.59861387839936,KE_marsa
5454,10.702391299858244,12.155059884933,4.030108147437796,13.33725192097968,14.959408294100204,28.240941784759084,KE_marsa
5733,4.769169821771694,5.053621179260121,4.659410628933571,6.506272762989839,4.654381338341889,14.216980004371214,KE_marsa
5465,6.001012949051926,3.8972901852426856,4.084142345031223,13.451038734011563,2.5964803606290925,12.50984627073457,KE_marsa
6041,10.957540577963767,6.678726645954518,3.4205147206476663,3.0041090695232406,21.255281113354044,20.230321854183988,KE_marsa
5665,11.037523541453655,5.623659218191864,9.444830463294664,26.527726993991703,3.640516618257924,23.61603483243866,KE_marsa
5536,3.7754498464303072,12.565188115584466,5.259131528744108,26.71474741830598,6.190565308817715,24.552046392637173,KE_marsa
5577,2.064266658468574,1.7530283410285976,1.9152444386685792,3.1583515103915656,3.365273322315576,3.7148478030231584,KE_marsa
6032,6.301218112879063,9.941875894308431,1.1292456520546743,16.089519104183438,9.22420949894059,17.314156519180287,KE_marsa
5727,2.970466578884618,11.43646231406375,2.448715084859275,14.74793138170866,10.71491163364253,20.389482693099072,KE_marsa
5521,2.7536987536475275,1.3809963022451,0.9251222570775088,2.495758992383203,11.95839289663204,9.529490666575173,KE_marsa
5947,7.729716417902972,9.816799090961656,5.566334658769567,31.247034359722672,12.388248316083828,20.67537557562355,KE_marsa
5646,27.470128375616607,22.6050749020955,17.520622338164074,18.09077702905149,11.987981165643015,15.237892323659702,KE_marsa
5808,9.344133523158089,15.233572479398438,0.2955270720620535,7.63197456782862,10.912499479221903,10.22693609478262,KE_marsa
5798,0.960451614312828,8.380205737667557,3.4609297140859776,16.811332669756,21.411733188175408,35.35279104439756,KE_marsa
6019,8.513421903983362,10.92360133857066,9.895960105094938,13.748893711645216,18.907473386591583,17.53508402881281,KE_marsa
5472,3.5155465532141448,2.577230234650718,3.328567917076936,11.66784165557938,4.304668291891449,4.595491730374063,KE_marsa
5480,7.160560831446192,7.558428804585986,2.879538794922635,33.215387545495254,11.508739224736384,22.24658905896298,KE_marsa
5883,5.960150162588166,5.147346216509352,3.880990176530489,1.9228191426119785,8.55713402938096,8.933554007421847,KE_marsa
6087,8.337658136313925,8.986745226395675,1.7644227334412654,21.91135210630296,11.17132316927654,29.144039948227487,KE_marsa
5803,5.461942572610779,4.302053393891365,4.1792734312020015,2.453406239967982,6.7872929073046375,4.676801670914319,KE_marsa
5981,3.788386703101364,14.543028595213109,9.56281433185688,19.73719550911845,3.2469499350168243,9.68556905892451,KE_marsa
5753,20.10915253160549,12.317249938104167,13.884174867543717,11.958224198011864,22.16573863394061,22.740196826937886,KE_marsa
5522,5.033379289423928,9.86658125596726,3.0608090834536483,8.409026898518723,18.40771038408474,19.51406407042597,KE_marsa
6018,7.497302003308703,10.419495468454937,1.481110701082986,30.37080955794281,6.191441694323534,22.13070324003978,KE_marsa
6092,10.09289377093925,10.382387312533533,2.869880258748493,26.22775652027936,2.7022273283933886,26.349516799303498,KE_marsa
5438,16.65501940300239,14.063478018013534,1.9964004323631128,7.008695445251687,26.26618492012976,25.339681621125383,KE_marsa
5906,12.610741769069548,17.182021555485715,2.0931277996354574,17.003801986196745,7.389516696203868,26.503016393367933,KE_marsa
5856,2.998026703600921,5.5038694469729705,2.149969278188842,3.389982756844405,9.746707309638175,7.847375457944124,KE_marsa
6105,8.898664316862991,12.41180590159298,1.3788722672410685,19.133015003637848,5.816223501119956,9.971507121190015,KE_marsa
6060,8.501700587224596,12.301374184790028,5.379395620459847,11.345383255617133,12.78158763919988,17.963009726830645,KE_marsa
5839,15.26992448397304,12.301476213995134,6.046529115784447,10.94088072864568,6.193351012534665,8.11907774093724,KE_marsa
5523,2.3793326647263093,5.291158128729915,2.9487543566454315,6.401603697509068,4.7724307938321,8.770443293897527,KE_marsa
5486,6.977979554174981,5.846976750187364,2.02621905760438,5.563996976916466,2.8790582983451576,5.385930904002245,KE_marsa
5708,9.405371300545164,9.467533919038184,1.196794437943289,3.080725852942734,4.856890390939028,4.871076760693682,KE_marsa
5716,17.14422943318244,16.98199724813597,3.121492826733382,17.66008426785335,10.174584009222285,28.959061835687084,KE_marsa
5558,3.3938982856641142,8.619835504517964,1.3598830212940032,13.807727801511994,5.22551746011199,8.382903362487783,KE_marsa
5511,10.354687599225842,12.404256523146987,5.876422611772909,15.969076459211651,7.540966539953217,24.183497364649178,KE_marsa
5421,5.621206712184439,12.349302581731784,1.0738045731535932,10.172451772814334,28.48398679796709,28.515694902201577,KE_marsa
5672,8.71330881037163,12.912069303218264,1.0119029891412732,26.420846812082136,6.164996664638652,28.77927619343029,KE_marsa
5645,9.21238685058514,8.362838778994439,4.138892477438225,18.61943652831792,5.491347935772556,19.098936494034263,KE_marsa
5576,14.030323058759617,12.128202830550023,2.131234148731312,14.393810318525624,12.41310743524852,22.689819573500117,KE_marsa
5764,13.555657273798918,17.4616622428105,5.757376706482924,8.905200659559457,10.113023712506992,8.225049272724432,KE_marsa
5449,14.195607358482656,10.620979751505349,5.203677193881865,8.843828367216615,3.561703404286651,3.2638884357283677,KE_marsa
5864,12.638332975282356,11.181623889739916,4.689598753695116,22.480680971094824,7.044806938974048,8.253441981188665,KE_marsa
5565,17.191560801472082,19.652661596563124,10.486973939023525,25.642347631345995,18.56014950074452,25.492805496588183,KE_marsa
5757,8.191572627418717,13.532709282070202,3.703408322095294,15.42600246353216,14.185508452198553,24.94899274132547,KE_marsa
5415,24.32495677783616,21.209126041248343,2.061104725619517,19.913876057131805,9.317520919911242,14.548925493750302,KE_marsa
5492,5.708960916815663,8.448824573686423,3.9473055561862376,9.675114182909669,11.974966530110995,19.46886719504739,KE_marsa
5969,11.07942945052983,12.008651763101865,5.29244988646122,16.4058490556518,13.494644211756986,15.893761943260865,KE_marsa
5900,5.175142858173654,9.781913297981587,13.121360587829034,12.232148047168968,3.8236206057072297,3.9633799277981128,KE_marsa
5551,9.989803970687166,10.310618225298448,4.905161533560071,18.919294810649237,5.376957207151351,16.57250865594117,KE_marsa
5806,3.6917663072257367,15.808618018431403,6.025004335966408,5.668433529347866,21.248358887284358,6.258822274501052,KE_marsa
5637,7.657543875551123,5.988151981371996,3.3679138196974123,24.573267228500264,7.291427015093577,16.206619949317247,KE_marsa
5711,15.300591494228795,14.923094589738454,6.673936682613382,24.64327770575724,9.1560231005556,28.75574565339106,KE_marsa
5985,3.0248340570469074,8.559584905133566,1.619200632476991,6.120658051725783,9.79961924623398,17.09781964528692,KE_marsa
6064,10.039258149556897,11.175505634021247,3.8952024638691385,9.75478516644714,4.398752453827126,2.3905782294332205,KE_marsa
5525,5.851034307211551,12.608110002329534,1.5346213394038328,8.528810535922327,14.311528828636847,16.897970298369728,KE_marsa
5453,6.821378652731446,9.062897836418331,3.663261477506016,11.748120594313727,10.781546675114654,12.48677300025895,KE_marsa
5435,12.286318409311418,6.470665006062221,17.758315192561007,10.084490948007389,16.302984566027444,11.095404457521322,KE_marsa
5652,11.9635806767843,12.515476762857046,2.155350533068379,28.46224199387377,3.606504428113291,31.869618538492823,KE_marsa
6088,15.83412646294966,10.427113680512685,7.210127981625844,14.925124843734494,16.09525302238731,19.41954757648488,KE_marsa
5801,2.8343420464854474,4.641634510106588,1.492660695026292,3.3327577234570205,3.692026827998592,5.051791610657884,KE_marsa
5963,29.57767221426741,17.210882423945442,1.102056255140435,11.09616578027298,2.5451129630421603,11.285094028811711,KE_marsa
5838,6.831169873549942,13.376126903343716,2.0732262372196484,9.04313891801614,20.166003337945675,25.801149722280364,KE_marsa
6047,20.686410238958175,16.003790851313926,2.9626673631398184,22.223653369933768,2.897028998435084,10.663095303317798,KE_marsa
5825,5.683230294117119,6.820748152065774,2.22749354196518,6.093985311791887,10.275165905028876,9.564817602274305,KE_marsa
5520,20.083592564504507,25.81985012053555,8.736076591327615,26.84674269810069,16.73567485890243,22.596731890859537,KE_marsa
5944,11.779403708683091,22.94978370903475,7.347238594029889,33.96969240910984,11.126011990829788,29.490661088827487,KE_marsa
6048,5.498712335138844,3.176818652880377,3.153291165826592,11.174994530422918,5.514538976587232,12.215416862646595,KE_marsa
5499,4.749892275876952,5.961766325276811,1.89331972378042,9.636221918835307,15.077172327287908,16.486732716911426,KE_marsa
5871,6.496343571842801,13.80345104324976,2.0476872012119687,20.998159811904237,4.1351220271465445,25.894711544571813,KE_marsa
5715,7.257273238855628,5.3325180535794585,7.3307456522849535,19.4653137143111,14.304018496266472,21.901206376145165,KE_marsa
5649,13.573314927550868,15.974768561008776,4.813162617498291,9.782578434317264,16.869305451892618,20.30365324521682,KE_marsa
5949,11.161966981867426,15.449409496770588,4.728630478847606,10.44124748602547,14.125247884477064,12.378044845877604,KE_marsa
5988,9.054057393615022,12.024213064605773,2.404450029945923,25.62049989682156,10.506746541245487,19.09423766003237,KE_marsa
6095,5.175427535577826,8.366485426754995,1.7745740281489784,4.9778017572886135,5.985508424370428,5.858362061783266,KE_marsa
5466,4.152529297743575,13.574459617685743,5.690103701077163,11.71245575799546,17.465962140408937,21.31766625388441,KE_marsa
5651,2.727221682197194,3.303299328475018,2.8830210254801254,10.137531992606435,6.111549226098204,6.9635969132681605,KE_marsa
5857,7.725440599389834,7.847324733442122,5.959985494961332,22.66802909233271,3.043721015068,19.252223568008024,KE_marsa
5852,16.419684019952836,18.41089392726268,3.173720586345762,25.415784611555456,4.687400944621899,16.79289746485686,KE_marsa
5663,3.676643380033659,11.17856490262453,2.9651204115017555,28.489944556595983,12.7764837342623,12.72527452661045,KE_marsa
5539,2.859821945426066,8.379867725569111,3.853372215563578,9.168477944595988,8.426004457344156,11.854089207436031,KE_marsa
5831,5.471264891290185,10.263237576583505,3.680696684137656,14.977188181402816,8.872572343650647,10.599585412331033,KE_marsa
5840,9.043609873776894,13.489985356991845,8.969664026102452,11.443821366228196,15.295889824578037,11.93254858493826,KE_marsa
5693,19.03344914142377,17.188184207461376,4.406997787083378,2.831005634094058,17.014648157934214,16.944303198494683,KE_marsa
5914,28.765453606301044,23.753936283678257,4.455161107410589,15.46357723968682,19.17610711909508,30.237820798214205,KE_marsa
5799,12.121197579447683,14.145062455774744,1.9840401953376636,23.295072986841102,10.400377741190102,23.341757075089173,KE_marsa
5886,4.920193052618183,10.357247726541654,6.437290057510967,24.78659217663965,4.519654810435697,22.632922311011058,KE_marsa
5783,5.972457422562474,7.385451071857577,3.11492097000669,23.378209452660688,14.366321572567369,29.75778516289192,KE_marsa
5494,1.9824655788006984,2.309602488095655,4.780750660879479,8.077733438476448,5.595557653482567,11.66060017165062,KE_marsa
5758,3.887234136070293,3.9144785543204472,1.7521499716615472,4.2587796215095794,5.645085300845618,6.242513412171423,KE_marsa
5977,33.30848980059178,20.94798460951504,25.71033992840262,26.032014885749163,14.075668586759356,13.29048771162365,KE_marsa
5433,4.47740332684778,8.437925490166691,7.520203516878112,4.642580129328015,3.338235893451805,3.360148816552357,KE_marsa
5627,11.706258362112395,12.132328340531364,4.265901553794836,7.224463019558392,21.25946120263274,26.068915768187995,KE_marsa
5898,7.411765926818226,12.499487502419225,3.704161590653285,26.05961507389264,3.588145113546956,15.482161387987691,KE_marsa
6099,5.340723773667993,7.7045346516228355,1.0445945449960303,10.482461117279325,14.011766074235364,18.631446673380264,KE_marsa
5703,12.371357744487714,15.091300868830803,5.883796714582047,12.672919492250395,9.587266622299524,17.639536374580707,KE_marsa
6079,11.726979696990751,16.59292024332632,1.1870741505003743,16.44021292148256,14.050449689037144,26.152860257055977,KE_marsa
6093,9.401680611002186,6.349483337417598,9.266369198655063,5.001593714938994,11.177666251800307,4.350535964718068,KE_marsa
5964,3.929741024787965,3.9999715993223024,3.082530237840814,1.6969215944468805,6.077627405543744,6.274392724267461,KE_marsa
5899,9.36023785158903,12.17214177190522,1.898991785536084,6.824956753940583,18.118018373813484,17.048320548631597,KE_marsa
6043,5.872972375425359,5.652395058239549,4.964478496291204,25.07740674462845,5.996588176782344,18.88003431695155,KE_marsa
5564,2.3515332712883885,11.528319223560873,2.975959476741061,11.07701537192452,19.03377190528752,22.6093129547682,KE_marsa
5971,6.343649359879183,5.076742917023273,2.598430882584147,2.5171555149821585,6.82717592892737,4.799539928346331,KE_marsa
5710,9.855199514426795,18.186181941916672,2.490641171278015,18.720451660646106,21.25954026909895,27.65902098350487,KE_marsa
5989,6.742949665989967,2.736654772171555,6.208207166309111,16.541710442563275,6.346948012818935,19.46404935892835,KE_marsa
5507,3.288148736978742,4.068875361463847,0.9711201112431348,1.1410024828011758,3.69432195606232,3.857596654598272,KE_marsa
6071,11.878599813825936,12.627268083335606,3.8929258550310624,21.327746155071427,9.68085407357295,30.10086465497481,KE_marsa
5550,8.482711618051692,9.719649665157949,1.9106745145995945,25.116716357398207,5.879664208136134,9.526549388435942,KE_marsa
5622,6.815540603131665,12.59235688137881,2.784803471411755,22.45268028430534,15.296139766534154,33.30974856656291,KE_marsa
5747,6.619918261291509,13.257210702317256,1.738840949560305,24.689954431997947,3.1827619746453606,15.325643764805898,KE_marsa
5569,8.49969710297888,3.612807243690236,5.89643887877368,8.735906166800373,11.089662742059682,15.52846506184406,KE_marsa
5690,11.339701602399057,16.402618184851015,7.704530202727452,8.285771154148138,1.7660367025426322,6.934365790730078,KE_marsa
5484,6.331320823651891,16.183265472126063,3.2846034628295846,16.61978329538023,3.1727685879576244,11.219651065578551,KE_marsa
6078,5.265544290739829,4.141124690659636,2.2368638555332154,4.869368226112111,5.121316050181073,6.631671900566721,KE_marsa
5714,15.740335353429384,17.72573035981995,2.2094795203648614,30.41383071040201,7.677301180857103,32.82792525806128,KE_marsa
5841,10.113407016267493,15.900089932648818,4.857884201792137,5.45743617184577,17.796897764110405,14.460100528188464,KE_marsa
5599,8.702198344802923,17.146735934648454,6.073357239583693,21.889125122716774,9.79868196701039,13.753945267638604,KE_marsa
5407,8.1180375501667,9.436121090327166,2.76033964474738,22.41757796210204,3.645872524218402,24.400180266817117,KE_marsa
5759,14.248045819419396,13.349671868387428,3.159146004852752,19.999386829007705,7.213728662643344,29.519186997341716,KE_marsa
5413,11.83612791196854,13.808672394821414,1.6039880052754467,7.59613073112802,6.902991438860531,5.339584816560382,KE_marsa
5916,19.598853494474888,20.837355406413145,5.165664025933792,15.525110252909872,5.366092080413424,15.689958679456224,KE_marsa
5812,3.137756987382784,3.889919782056376,2.6744080302534483,5.650379485251087,7.073457264282281,10.678300524050613,KE_marsa
6075,7.443293668802291,13.71018962767065,2.9261141731712565,22.38138736314736,4.596342415480315,27.02404777399653,KE_marsa
5958,10.902993058130136,8.606897248103898,5.475728127789633,4.0138807012554185,14.666688026486332,11.456027484513232,KE_marsa
5583,4.505294417800545,4.738978576730275,2.990072644479991,17.593824186992116,6.974499525032919,12.909544383455897,KE_marsa
5910,4.047625997649781,7.087357602817556,1.5666949735171078,7.17994357908033,18.748233388474628,16.996473460201408,KE_marsa
5666,3.921428225931743,3.81709427361516,3.708609701718732,5.597101709407911,6.2884069851323074,7.886822240871435,KE_marsa
6098,2.5712868195277707,7.327250375109052,3.812058412511208,10.875558798921867,12.004942648991872,17.28326991406468,KE_marsa
5776,7.581931660133733,8.805574239760974,5.091719020917912,8.883648915087011,16.961277002365282,25.13732028177444,KE_marsa
5823,6.26317970669094,12.662889676744916,1.8190740913162884,17.540217107580688,14.863782632053235,17.954235629345558,KE_marsa
5735,5.150258794545944,4.562674865773912,1.7315001736874378,7.980767124342456,3.661252782726808,3.4384347075671644,KE_marsa
5955,19.871777594861754,22.906043734465552,4.643538373346365,12.89835804398983,15.32370671857033,27.98887538838772,KE_marsa
5775,10.334462222612109,10.280790869455853,3.793825094030557,37.81610310847505,19.46703299899757,15.425363312855394,KE_marsa
5601,5.763201849969497,9.43940364455902,2.2159050143102874,12.845175753439236,5.543473519445356,5.638002902147347,KE_marsa
5444,22.48215107803218,24.220374289766905,18.17416439430211,34.329837971859654,4.091103001349669,18.817694004916948,KE_marsa
5959,11.88732590303939,4.545238942769905,4.804770013941705,10.55757426347589,13.847313993834693,16.48066021356615,KE_marsa
5957,10.59397891868082,3.688648796134049,16.36528711146864,20.40686753238696,13.794147025069057,23.43708978159026,KE_marsa
5790,13.871284383568046,3.645031351291157,14.62488521257804,10.571451898657,28.290152442961013,25.82410537202639,KE_marsa
5409,3.85182239880132,14.843191708077484,6.080317482301251,9.7479123783306,6.975454164962612,13.14664709974662,KE_marsa
6101,22.563685492169995,15.744265245681884,20.205258194096302,23.677146444871564,13.274347704374698,17.989217579219762,KE_marsa
5911,12.59856192065889,16.232532753165984,1.0051523246488905,27.828456792359532,7.875709580895219,24.85274643670328,KE_marsa
5787,5.611671852376286,10.406159929880392,6.081483789340762,6.922452221004591,20.44703654029603,11.764844814561092,KE_marsa
5782,6.8526700255294335,10.895394931719052,9.275987166891325,24.636965833778103,6.936533077030319,15.46506579326362,KE_marsa
5442,7.116621459854061,0.8011800794624764,12.576434145778071,13.461326288801336,21.430700046082706,25.60362990215524,KE_marsa
5709,10.248679797731622,18.345899611403468,3.274342184628332,27.498709532056377,8.763839716437186,24.41109794324794,KE_marsa
6008,5.107362728656685,13.331209813438612,3.77186063360895,11.85762467336195,13.882323620736528,16.23240312511363,KE_marsa
5751,22.71958245656413,14.954741324689012,2.6982029310932867,9.126686885926848,2.844374936656433,10.324385900242032,KE_marsa
5827,9.096046641720442,14.68042352654056,2.313265674713619,18.094802103392244,1.6279116713188766,7.492899707071435,KE_marsa
5661,21.496587952028708,21.459055274073734,4.645783790490717,25.86433470030839,8.988267885663323,21.217910277699023,KE_marsa
5566,9.67432034761804,10.736653633943916,4.676034011105378,26.758952310139406,5.873614635126116,21.120328580087,KE_marsa
5471,5.702242435667577,9.790314959838284,1.894614868513404,14.05771652596582,15.364840216408044,20.24667709861988,KE_marsa
5528,1.152225652318993,1.65175609080979,0.6076471574663435,3.451961754234934,8.89120151419348,14.62978668297078,KE_marsa
5443,2.5950977498021333,4.435498216246923,1.5398654908960785,1.998248149929731,7.596346234626941,5.28411247335467,KE_marsa
5408,6.606288485937729,3.989465142383381,3.652883975741404,5.945886593443327,5.020196141588801,2.840721744278561,KE_marsa
5437,7.919768547081271,8.948756549945871,3.6643822734385214,20.025693841760685,4.226416499315915,19.12200024141753,KE_marsa
5849,11.87323193106705,15.933188574748533,3.31757967951491,18.972405056157797,4.8917178310354,25.113470541863027,KE_marsa
5503,8.99073824599923,11.660592463574028,1.807725685319432,12.136348473304327,16.59411960252656,16.330387106944656,KE_marsa
5921,10.021152233355732,11.28543937607712,2.025206346470357,1.737023008052652,5.709182914703039,4.79855175851879,KE_marsa
5640,17.731818944923297,24.799959451932885,6.324996066694258,13.670310144513309,7.332956166636404,15.692288969996827,KE_marsa
5887,22.10719129117718,18.29366200089942,6.494892571635705,6.140540545017903,8.71176560284093,12.680452278689154,KE_marsa
5770,9.701505260006105,18.375605452593863,1.975330768815809,26.46248208590277,4.619308283292985,18.752280461688937,KE_marsa
5689,2.0460333287703727,2.319167838633918,1.330742803539317,0.9553754932578072,1.6890767013419907,1.653446278251954,KE_marsa
5818,1.9552126037258333,4.401896498729601,2.604419412111578,3.662362552515517,2.9674558452837982,3.724921784890445,KE_marsa
5749,3.6285999096459296,11.822049666804876,4.287094247426897,21.81513432141148,5.150964018158725,18.944095749001917,KE_marsa
5826,28.659865578711106,21.66489560008045,30.10220265150092,30.358702918302928,19.170937345249065,21.499653558918084,KE_marsa
5590,7.091398538742481,4.170406981935387,2.076206933158704,6.946090636058192,16.230279315555048,18.966988213907538,KE_marsa
6102,5.492472449670768,6.453365969737893,2.920237605345643,3.4141845166602827,13.251313679174782,9.573925312482856,KE_marsa
6042,4.413035887742357,4.832948586634348,6.4187110484998415,17.452734409426224,7.827118693805568,17.543335548742412,KE_marsa
5664,7.275901784235412,15.96499738545889,1.609629631878191,31.847767468753204,5.57535906977462,20.89617771320599,KE_marsa
5705,1.1679118206746564,1.9735272722283457,2.709761293047383,2.715222808150515,2.334472763028469,3.3846848270533045,KE_marsa
6023,3.875865794664464,8.771784178363378,1.8476418444875709,34.47067104638106,13.043478303267152,10.293069595769062,KE_marsa
5861,6.322973155818074,9.884485437905528,2.6085586188333627,20.584028859703785,9.66254069842252,28.582481068565983,KE_marsa
5604,8.569911670469125,9.776543792585914,3.33694560042747,14.864209977595085,9.434065368888914,11.905933892604246,KE_marsa
6077,8.101286796227056,5.989102103326146,6.623517263404091,8.386009944989503,4.625818213875858,3.294569727249903,KE_marsa
5482,3.2696159500203947,3.512371567174711,3.8172527537813528,3.951577062012809,4.915816698950877,4.101415967328968,KE_marsa
5920,8.046055163741144,10.03910153901444,5.749600774380009,35.06713503694024,3.5185104871857087,31.232579202125297,KE_marsa
5446,10.298885497974137,12.184487773520782,3.6345121510426313,19.10183511595289,2.752608585168104,18.539844357442465,KE_marsa
5537,9.200714572056734,4.283023290824926,6.326428124088368,2.802562405601676,12.267827872946828,9.142982070874211,KE_marsa
5750,4.629111533008371,4.307942855240268,2.1239967852121056,4.571111813311007,8.105769103979023,9.381416088407182,KE_marsa
5979,7.56016516490648,3.397586016669584,1.991440584991048,9.758587019628004,10.89473699613215,14.491880796134652,KE_marsa
5654,2.946838587756047,3.024348078812328,0.5032645629120376,7.914772327778596,5.011227594026197,9.12259372241587,KE_marsa
5884,8.13553760949585,13.983954378257218,4.130346082844796,19.8340848063733,9.86089449287152,25.52297358818556,KE_marsa
5792,7.706566672375002,15.857023473418185,1.7606255473822618,17.81285784505001,15.744063816387772,20.40896288623494,KE_marsa
5867,5.615413997668924,6.4102458728748,4.250581450026253,20.235305683989985,9.790382349700549,16.928335867576244,KE_marsa
5596,5.908806314473615,7.216260136629619,2.482099101409136,4.231739105574566,7.536511115622256,7.265566509696527,KE_marsa
6022,6.40687953846167,5.494621663262933,3.055464786528988,6.561532629966888,14.826380794134144,17.537922672854986,KE_marsa
5765,9.371586352540426,10.847329508457884,5.285664923857598,4.421550205027431,21.59489067800053,16.243334483156424,KE_marsa
5745,4.699119990090626,12.936037377338549,2.1818515043826574,26.118532440227963,6.059852216599769,25.287490697408856,KE_marsa
5934,2.974455741413014,3.805848495493725,5.5812991227604165,12.007303038202306,9.358679410814648,18.36789784727002,KE_marsa
5800,6.614896578466503,13.299479627360558,6.051962430011276,10.744086090349908,19.48469292169663,31.124974439470023,KE_marsa
5851,7.12029239236148,7.372128374990459,2.1477540464715688,2.777340077291822,3.1869974025774224,2.35963674929852,KE_marsa
5561,6.692308123084601,10.33770142885082,3.4193798738998336,24.16137190450184,2.8812100138692878,20.161029441250275,KE_marsa
5902,14.18968573065952,15.21175105158018,4.542576296460808,16.455493027273874,10.605592379136406,23.45133543909696,KE_marsa
5876,10.242353901959955,11.526338720726924,3.0004995175231817,3.5979494679872146,7.523844693302037,5.055463412791877,KE_marsa
6083,12.167491037011638,6.151477340394018,4.052229011040124,24.629012039634997,10.477072495048937,5.744721725709609,KE_marsa
5754,12.404772421859583,11.244890891431629,5.502796752633164,11.643634534224349,13.248016485527517,14.088968910319265,KE_marsa
6013,2.8655117361929423,7.349276278425098,0.8102779688531364,13.029087431126408,5.376226591369494,11.54612574556371,KE_marsa
5506,10.839739543056128,9.558910986539798,3.506362255445528,17.271843663041768,5.835073741677641,10.206758628347862,KE_marsa
5456,19.553213266722164,13.136606176541576,7.483481645513092,25.11776176638677,13.398255708839663,24.672685903771864,KE_marsa
6002,5.367085880390212,8.303911793984142,2.365024017941671,6.172581506283016,10.094663886038967,10.051720379236952,KE_marsa
6033,16.733907278122697,10.278560481874818,2.555160344364425,13.811867946216378,10.853169668139175,13.473466534910022,KE_marsa
5756,5.736385110415333,7.308548522145712,4.893961566598471,26.64836226480156,3.625833081646873,22.956713668190968,KE_marsa
5501,10.05758981554754,15.20043760340592,3.329319426681526,14.849672429031155,12.1468953936499,21.467107853298284,KE_marsa
6084,2.588553788246679,3.2894979868654746,0.7938522582851192,8.34306783335871,9.01345338632054,4.947501950360565,KE_marsa
5532,5.502412088297906,14.324251347194856,4.157974679827145,24.827593689953773,3.063505081555811,15.686478039511275,KE_marsa
5581,6.2426499009109975,13.15859457244638,5.449377187964976,7.806061159096998,18.439481108818544,15.207517903567116,KE_marsa
5514,8.819945365658327,12.304130719340346,22.14691695929297,30.696961983849317,4.885054965252088,14.79465087387264,KE_marsa
5932,14.125438450186838,12.75384128457114,3.944295535529656,10.31974249447646,21.279234992234358,27.841054114072136,KE_marsa
5868,19.74781048363774,15.805481652336391,2.874846137711483,5.422267571556636,14.87176078062433,15.37597829741682,KE_marsa
5935,5.926641830127457,17.84372110098408,2.11669357546613,28.850770809294676,5.849690539077301,16.66579854264761,KE_marsa
5913,5.3270379644965775,8.622883253667187,5.965923929124749,12.142722976403032,21.65569619357077,22.4710508210166,KE_marsa
5546,15.40515262805052,12.446547937984798,11.050190153148096,20.2467366038818,9.178236309477196,15.643873961324417,KE_marsa
5975,2.492669823994423,6.470309328962697,4.393265905943248,21.589946658905777,4.732560575538527,10.657422970673204,KE_marsa
5410,11.405142068934309,3.2109211123662136,11.646762125749143,16.74720720138734,8.166611414719672,13.59209358098235,KE_marsa
5671,15.171504397625611,13.805848003252564,8.199366486641841,6.357880513502521,19.084302044811395,14.63917045290973,KE_marsa
5951,12.617581151412573,15.677280092115588,10.135794611570068,7.25506488905953,13.724079428162582,17.173747500448172,KE_marsa
5641,17.974389923972872,16.05831298878385,4.257269021675547,8.68452207328447,3.9785369691592543,8.397834185147463,KE_marsa
5829,8.134283875569839,9.37640942565566,4.762885516086961,23.13214643764705,13.707031009667544,21.59994577816324,KE_marsa
5462,7.148083303498789,6.275301557583875,4.090013845527485,9.148489547725966,10.487381901954125,11.080222402470492,KE_marsa
5636,19.728712839069864,19.325241447375078,15.7867358191312,16.980570021828214,10.643156142949543,10.051614363040557,KE_marsa
6107,14.347059950163352,21.47215480751961,7.314496024777484,31.573548849027517,9.583201028197127,27.25001740666684,KE_marsa
5983,4.471114058600849,5.689480811033467,1.6968768535166752,21.66251042899089,5.963209090461904,22.07375438110628,KE_marsa
5607,1.8489418290731068,4.075320812187247,1.5701681503630065,7.7964662252083485,16.302985811302182,17.78731902058118,KE_marsa
5885,6.495622604590619,9.632938544629557,7.545261366811369,11.61660538872754,4.3294832408573845,13.67474589889047,KE_marsa
5688,10.227239636235169,10.199357733722124,3.483872673513188,25.745483858567557,7.478438912843493,15.504562856139993,KE_marsa
5796,15.237377395582122,14.64297679321478,2.77233664766536,10.503834498657032,4.790730910499302,1.2678581664860704,KE_marsa
5406,3.670544229626824,6.382591094803996,2.9272999685288346,32.16286277643248,10.44620575102043,24.64096176327448,KE_marsa
5767,2.277314022521377,6.338417167502684,3.804943945338101,24.79516797537933,16.10743255360102,21.82213119265849,KE_marsa
5621,8.20737342491049,8.753917160996545,2.790308762145778,9.720083903351885,15.058137513383633,16.839209071151576,KE_marsa
5450,3.7187078557368056,7.3426546838706495,2.8562697730509377,10.596851017117382,8.170830825657847,16.924712070942004,KE_marsa
6082,12.522783750394291,7.612004959904577,1.871967527233921,7.317562981896772,19.079048449171065,20.17012190345836,KE_marsa
5629,28.74557151501373,21.92804843842347,11.416939090717134,22.32574669220024,33.242788969913384,31.654156576687004,KE_marsa
5422,25.09099373550173,23.15907708137785,2.114089942133738,14.251228646261607,3.5082921967744145,10.230235483723945,KE_marsa
5572,6.10849375271886,8.08589729615964,2.466873862561617,27.194706438209447,7.904162224021337,28.302459966565,KE_marsa
6009,9.138325074061909,13.230892649231802,2.891191405542016,22.97800050481488,4.454067449606932,19.681235434709404,KE_marsa
5696,3.826126965065116,14.003888278036388,5.967545577943726,16.349745956625735,11.29526434029538,3.605156217059584,KE_marsa
5631,6.777327451579386,8.707154575424232,5.955941570157682,15.570412203516495,4.859502606342618,12.912417928214472,KE_marsa
5994,6.331122594246056,25.539080932560527,9.42850703222627,24.61336603912345,9.070041118621722,17.11439149334839,KE_marsa
5937,9.936462841023133,10.165328948514754,4.725706933804526,5.146622672537261,14.259974229473118,12.685720140695055,KE_marsa
5732,7.702027580189165,7.8708936460995425,2.776217055392782,17.813760124382693,13.737713617142292,24.331631164847728,KE_marsa
5687,7.534916243924939,11.445187572259568,1.788922428702275,14.762756077555624,19.139651674562085,25.451321645024027,KE_marsa
6059,4.814953708106237,9.690594894464232,4.709857931043207,11.03161084286974,8.035574268533367,15.08750720183783,KE_marsa
5948,20.253056167719546,19.72381144749935,10.54640391465828,15.624624273444631,21.8319035289296,31.21460663934154,KE_marsa
5933,6.957535855275908,9.390188248965664,5.283729432698164,14.121834521690293,11.94497645572694,25.233101745040727,KE_marsa
5847,12.71644161020316,11.290438879030445,6.485427232520361,22.34468031553978,7.461966568940195,20.23577409765388,KE_marsa
5497,6.128433380861997,4.218447286484368,3.865370022505495,2.4965136934138834,6.1863903214567,5.798524336096889,KE_marsa
5617,3.1432737327920623,4.618280965620391,1.820227310518526,2.6883397986902238,12.316627002745744,16.267727422145356,KE_marsa
5662,13.13142032016872,14.048034185817391,2.544725685602866,17.156500761413312,5.691245930919811,24.68717415835071,KE_marsa
5741,29.520068827691137,22.600530001489485,5.62255284674666,11.255087576703591,15.542948148123692,14.976880214102955,KE_marsa
5695,17.354681711475358,18.926048530760696,4.680282679073207,32.848935516748725,6.228436064450286,16.858717871452217,KE_marsa
5842,9.502567627904424,12.814170962243605,3.793935974191156,16.020633644748433,6.55664988375563,21.095833744383047,KE_marsa
5510,7.586187351989184,7.224688019387013,5.522870560880608,15.951050234178163,5.760942627033534,10.295083069707498,KE_marsa
5519,3.2031671434525446,2.2054492221190483,1.4989449594462887,6.628987609848567,2.632779012158946,5.696246595983572,KE_marsa
5890,1.8550856536593303,1.2056298365578926,1.0464821954349848,2.166378264637778,2.968029137690824,3.458522834062085,KE_marsa
6106,12.07156376070052,12.642528055850615,3.9678001504373057,15.655049343423345,9.850050892722509,27.458832098539943,KE_marsa
5816,6.488455692791527,1.7863677081513567,5.660577330716029,20.171771133069544,7.490705790924733,23.57538898412433,KE_marsa
5440,12.973700227100863,9.137929931507651,2.875800588912932,16.696928743569856,7.746929734179289,12.742804298001213,KE_marsa
6011,5.268483532289891,4.126139295563502,3.909145016702763,12.93984091352652,8.271410041340543,16.349878819068337,KE_marsa
5766,15.946095559738184,22.919720359608085,6.228467390937903,21.93124004450256,7.981088202053208,8.915568357026135,KE_marsa
5804,5.739817402934887,7.683574248959847,2.527209682645803,6.093942138763345,6.260465312893112,8.513765316922633,KE_marsa
5608,11.183820081486232,11.75063266565109,3.932944752962431,22.24105454493769,10.349978094879436,22.8777462523688,KE_marsa
5648,2.3838317235095965,3.900428321088959,1.000083584145372,4.055905491291748,7.982033326792725,12.357961399180748,KE_marsa
5625,30.39336661742322,32.70962922637768,14.7591617104704,31.524055957999344,6.719315906858458,18.36172184317816,KE_marsa
5650,8.170659113406273,11.542883602303732,4.403489819448251,6.816790146706936,20.12326546239121,19.28476792999409,KE_marsa
5769,15.048767076094494,13.501165381632068,1.1122252171022473,7.298243366880258,5.658600207309156,6.913732900200478,KE_marsa
5845,6.249791773255414,10.445606254575738,10.812203990037448,13.22155801449919,14.84256237931035,18.011979203801353,KE_marsa
5877,8.850042388469266,11.81343839965244,2.21478166411182,19.98956764659116,9.759061114170176,22.48462430544278,KE_marsa
6021,12.03084359911273,3.3891727337925985,7.717694024326342,3.13590113740262,18.0575916537764,12.95900960686758,KE_marsa
5755,4.842296147969572,2.1260433081599293,3.205924774643791,4.643719673447662,2.489745507018635,3.765355045091369,KE_marsa
5653,19.09627830182905,18.626583840328248,7.2039427957536,9.507427693731554,23.113416596145555,30.887690849576607,KE_marsa
5526,25.393001226352407,26.917759787135235,8.915237666284055,35.44891926135142,9.323970322137036,7.170683089213891,KE_marsa
6004,9.993653966016918,6.761898345950086,6.054892089339613,26.22177933461076,9.842172515743796,9.149723578875278,KE_marsa
5568,5.750157999714824,14.610525599312863,7.262395477937312,6.70483517145185,4.78771288763294,3.056466818547566,KE_marsa
6006,8.80036065237434,7.670494371243999,3.794739595102705,25.43693547080836,6.369440955896318,25.9673905308943,KE_marsa
5998,1.961494042980868,3.212156058560186,1.0152050473237495,2.1328236454664844,3.060109222943188,2.5925600130169264,KE_marsa
6104,5.319494748661674,5.204582243279578,5.234380609218373,5.857997419607439,5.425741779682907,6.5773003961937455,KE_marsa
5643,2.8164934923060687,9.423557871716756,1.7110059777590465,7.918643082373582,10.786456119357744,16.723824763628258,KE_marsa
5487,2.6450124089597016,6.642564938833639,2.987406846255641,13.660550882089868,11.4285857936564,11.4354554137784,KE_marsa
5943,2.8273807492301333,8.191326973046147,1.871523733389325,25.026303199675077,6.481160919202735,21.669976037103087,KE_marsa
5699,9.76215167160389,16.368252258584334,3.610573023453868,16.19727617834846,11.297750065236572,16.942861643396448,KE_marsa
6000,4.858425013116169,11.6406974948776,8.032922088518774,14.609661276464168,7.557471596330097,13.166816230048054,KE_marsa
5474,6.993604267252211,17.393293488019037,3.7208673729917336,15.686551757172689,12.396673766884962,21.31925237136937,KE_marsa
5846,4.307271450995134,4.030905760846854,3.2882314919006306,6.601609752456894,2.864520975046288,4.882838240393271,KE_marsa
5974,7.134076048605391,10.650628258069023,5.180793366292412,20.599893710312845,7.399915696737781,21.586973814548717,KE_marsa
5502,4.771904904613202,9.927253596362894,3.4267423441436566,7.7434222678342755,14.25075377989658,21.82068578432528,KE_marsa
5953,8.89526293239482,14.172527581581724,1.376447922008167,16.526900888017472,15.388455844564955,23.81870837233476,KE_marsa
6054,2.47492931370988,2.654501774278552,1.726772953390565,6.546877114014889,4.083063358242008,5.83323627189134,KE_marsa
5763,1.8023556666980625,1.9861601798861104,2.4195790689361707,7.579292397884993,11.00705136504707,8.586741306866152,KE_marsa
5434,5.9210415126020255,6.844403391733182,1.5094309889084598,15.479566817603017,7.058240263385107,15.596799941847625,KE_marsa
5744,4.735917651337582,9.321438361838176,2.1801529413721243,18.26849360142201,3.756086629991073,13.013739747322958,KE_marsa
5905,12.56080049325973,18.337000469689038,4.289352443377211,13.87212020340959,17.16136619434916,27.425956718132923,KE_marsa
5531,19.81457949995959,23.217709526966072,5.441259552710627,27.81561478162341,5.101304524155472,10.677350558340802,KE_marsa
5995,1.0539280488716876,3.963394543041943,2.758429686458404,1.1168869868775186,4.08521033643262,3.0932665409125355,KE_marsa
5405,16.80711182012916,17.846245185216166,7.025422488121605,14.079244277652002,2.910767492405224,7.491050063379053,KE_marsa
5993,6.76061901104581,5.854669419218442,1.961879793621204,1.6921209491931757,5.0752372922204,4.72912458669553,KE_marsa
5431,3.248365581785944,3.0090060490236668,1.7829933151923278,2.534969244178283,2.599309445545482,2.715673493877583,KE_marsa
5493,14.845425934732576,7.441286130741896,15.89470307903946,8.206337442844344,30.11574777655732,33.11515456531662,KE_marsa
5712,24.80320822001597,22.788483498336976,2.803482556488562,6.241681368498658,21.284638134525604,8.136976319443528,KE_marsa
5477,7.060022524401229,8.8907056683587,4.945307733851804,18.934960949610755,15.5140320411915,23.701446867384767,KE_marsa
5588,6.936921562353604,5.014267431852639,3.0568309400263765,12.81374946672318,8.243564655283352,17.603970964701062,KE_marsa
5575,13.329749598042572,18.03511435444809,2.919429025483748,15.011845184033008,15.922142660663203,21.07439720111877,KE_marsa
5891,10.181879263111805,8.378902333851494,1.4832427874027267,6.102551479035054,15.723356743726624,15.73058461551251,KE_marsa
5962,2.29572396269987,2.6157853263522046,1.9552781601866176,1.865352859621588,7.254094648357725,6.35410484487106,KE_marsa
6091,3.306395958818168,5.947677695935048,1.1442714510990053,11.534767573749452,9.637264351839413,14.020321530612913,KE_marsa
5859,8.704863691319696,7.286813798597854,3.461106557107977,21.21505405124485,6.80226083671038,24.098099834162408,KE_marsa
5495,11.482325360344277,9.655468127699168,7.5401375002972975,16.883034529954916,14.813095531526054,26.916552472791256,KE_marsa
5878,7.282977343147702,11.801944204386633,5.095652384060425,17.8608313508688,18.859206830536756,23.353369674065235,KE_marsa
5774,17.936902491575868,16.499655660186498,11.515498077588845,29.21646743768659,4.884237489032466,12.920277144183276,KE_marsa
6014,9.297147832151085,8.484768730116315,6.030491099880143,13.15252881646645,13.798590883936852,14.28795786893337,KE_marsa
5529,4.3160806670510015,6.943505450528327,3.672599317379168,14.355223483267588,10.0376013254334,22.283456629039364,KE_marsa
6089,5.93254974121444,14.467098276344208,2.4504401935761138,13.911790191584906,6.975570333996652,12.23874479808092,KE_marsa
5814,9.594193366800813,12.542533361056297,1.9068823790597231,3.008181468835355,7.236021146053634,6.673651092214411,KE_marsa
5719,11.956925988253916,8.281856479968909,4.485177053335542,11.693829600595146,13.512812901185375,19.17984583030833,KE_marsa
5780,6.549964687849886,13.860621618384558,1.446294624142858,26.758452850917624,6.301711533969141,11.08370926616996,KE_marsa
5416,13.762873348770356,14.368817972559516,4.817786295287955,10.897394107077847,22.936878327710296,31.50812057723043,KE_marsa
6015,9.462901819164337,12.511949125057033,1.1671559691899576,24.685466558074985,9.91691524969665,31.697471613380326,KE_marsa
5931,12.500894694897418,14.039009601716977,3.649158485921113,21.71296719261636,4.982605988368319,22.60376796809768,KE_marsa
6110,6.512394858334777,7.599320851477127,3.721621557042337,2.019264664079928,8.525468144563222,7.543540472941656,KE_marsa
5926,2.825789373857329,1.525366402924908,1.6723676437178008,2.4434891095193167,6.633826615027492,7.982774203739082,KE_marsa
6012,12.316356052154598,7.164476732021237,4.888623935263506,19.825491748134205,8.2707092992123,10.000319620942154,KE_marsa
5642,2.9886819244025045,2.4845054490645246,1.4347008842783782,3.747824065083441,3.027352259446168,2.3892339141540724,KE_marsa
5518,15.01446944477108,13.090348931995443,6.252238955517168,14.850506057423807,2.2636015555805096,1.8593099482240116,KE_marsa
5967,3.5141737925039065,5.653094526020554,1.407327561627878,11.413972871289316,13.276521099350422,16.366539868427477,KE_marsa
5713,11.85696049672246,13.367592098483833,3.460590556660696,23.935379931761908,4.288432072049694,22.742702619677257,KE_marsa
5813,6.463161239886218,14.452490082303337,11.975485253737633,15.4223716825351,17.68391558142482,18.345811144263735,KE_marsa
5547,6.2145539917631485,5.601244263891304,5.313924978270129,10.702191325825243,6.628287237127612,11.464152566298075,KE_marsa
6050,3.8061431328351634,8.757151164695998,0.7156321784170477,19.979502209205805,6.10184679325144,7.307648672669034,KE_marsa
5418,2.995859696573229,3.174629017064975,2.345172583653357,3.022896616819347,2.8854395104248662,3.609990877729312,KE_marsa
6069,4.824752748880226,4.785773552696136,2.1885256862559697,7.98145529942013,11.516251109978224,16.054348077712245,KE_marsa
5458,4.366769008822258,8.295154507523208,1.6648668401338549,16.317575612770355,2.903255070680584,5.69480654146343,KE_marsa
5834,5.691501992009336,3.279932277229156,3.600565785019849,12.67692307393528,10.065743387510944,14.991362767980608,KE_marsa
5612,12.069848453078372,22.1606881332188,4.543984202546466,14.926900471200067,24.296145736332942,30.179432773939997,KE_marsa
5748,5.22993902368823,6.128718493139348,2.6348626097742125,3.7153442545562423,15.448143696872345,13.8719738605647,KE_marsa
5844,5.0919169167173655,4.590942401342081,1.9186498705253796,1.446700531771935,8.635661114366023,6.862818089993684,KE_marsa
5535,10.69265104414383,22.693397803777454,5.087339144009015,23.30473302562441,11.072661333049844,22.28162179900381,KE_marsa
5784,5.076381580419754,2.7715610531359083,3.389686755055668,4.081019672833035,1.66783544733024,3.0383949881764534,KE_marsa
5578,9.24105233774283,10.220078119850095,6.893025138821231,13.106609931191173,2.2435333207856654,7.095817701846636,KE_marsa
5960,9.625892277946573,10.26029223405027,3.2909588452653065,2.572261951118958,9.961656906844471,8.023949009805648,KE_marsa
5595,9.641625458230264,10.945676728073074,2.164580190697604,6.376031047053138,21.93404762578388,23.162305844298444,KE_marsa
5674,1.528988589607962,2.803400722531523,3.5955355046930664,3.0746052514195266,4.061180486777688,3.587357032585288,KE_marsa
5811,11.930243082626893,11.96253477341269,4.698947651347193,26.23062523317113,6.197506856660414,21.73658159161625,KE_marsa
5888,9.988693528467962,6.853504095715117,3.3586990413573714,17.293003622974453,6.072320071601187,2.67269740729784,KE_marsa
5527,8.343921517464073,4.689229280781603,4.355861098737906,6.528424154146845,11.825198804593157,19.66676704650108,KE_marsa
5542,8.767453552209325,8.787898518592762,10.164107822184404,25.53297149286764,11.336992840115457,8.008190799931805,KE_marsa
6051,8.098702822991035,10.74809642773998,3.232744858911676,13.600633117981303,6.095195702375118,14.842666938686264,KE_marsa
5455,3.794412090325792,12.022497834529917,3.128323364689879,26.59833611173173,4.906417396927168,9.538954208992983,KE_marsa
5624,5.29937676532251,8.019677016860413,2.4990569622158163,22.627074379858787,4.054619368856273,26.637288200222844,KE_marsa
5516,3.252569334159607,2.492836020932348,5.137434668970882,0.8263520572917684,10.506877529040144,8.281828733067806,KE_marsa
5669,6.531626755837351,1.8272022892989623,3.3681064213973597,11.542744250332444,6.305442873755276,18.577888593008463,KE_marsa
5679,33.55172840926935,21.52638681504405,19.420121352083804,26.000629007824696,20.367045852462347,22.40111449033365,KE_marsa
5676,1.878726409641636,0.9004695610957659,1.6597378001509553,2.743845332546402,1.4565934716108189,2.559598713359075,KE_marsa
5746,6.706196329662467,5.943897516839176,1.952588728425649,16.32284607853,12.624570834193484,17.518280139243124,KE_marsa
5660,9.64562793113812,11.513150763950568,3.309588243499098,13.428688312102796,13.071068983383062,12.187191086558189,KE_marsa
5586,11.4467500840149,18.262869501940752,3.035705208554744,28.45745814984684,7.363452635646261,28.39430424924672,KE_marsa
5509,12.271258362206249,12.624017974556422,3.7590156866138704,30.460762392655887,11.061000990599974,28.14769127337791,KE_marsa
5704,6.695197624602607,9.703014637308764,1.6910091388682946,21.382365429059774,14.879656752890453,5.87653054361708,KE_marsa
5850,7.030969273165784,11.398993650919923,4.673219963077479,7.182298174214348,18.91839219032231,20.08610649105206,KE_marsa
6100,4.140044041840628,3.1505435564949544,1.6929162451762547,4.876386211548341,4.561195844564533,5.316520331752825,KE_marsa
5942,3.0696668252018102,3.4312479114160457,3.8607092380810113,11.339055332606032,9.919221101598826,17.674268691698067,KE_marsa
5644,7.702170321181531,6.515895708851199,7.143555441234391,21.93956868944489,10.236665971802896,19.673498114647035,KE_marsa
5634,6.900562817003623,7.357044507698408,1.434795452319126,3.1818207367089784,8.670114624145757,9.904242624979656,KE_marsa
5557,5.992462690547859,9.520471147006708,1.8884336048264967,5.707043516952523,22.23605635134169,18.867489280017164,KE_marsa
5730,5.523799766143944,12.626721272105888,2.633822499289339,20.074259849773487,12.590062529648312,17.54151962195352,KE_marsa
5609,7.491527304268754,7.542198373386006,1.647400482218087,3.0277306639386863,6.736924780914827,6.877117030763592,KE_marsa
5862,6.043910294424773,7.34040559008601,2.029417007197752,2.342904870326668,5.408497915893142,5.154797564149505,KE_marsa
5930,30.410731142587466,22.78736539083672,12.761975216695218,34.20539354972867,5.697372778799634,14.789200074200757,KE_marsa
5698,7.292874156524806,7.997877655847551,9.1227916427814,13.76707098065616,3.508276492301355,6.371467334511819,KE_marsa
5554,2.8869875519124357,6.385826819499377,1.213050402188803,6.619926172085524,10.25742269424472,7.5192164064277,KE_marsa
5560,4.101705470441762,3.584409306300387,0.7925275449405453,1.964469016107492,3.6418909943499926,3.66796761677664,KE_marsa
5869,6.725625476758535,7.444525330725236,2.440031726707738,20.418090038960468,4.646885677179204,13.726606572883824,KE_marsa
5567,10.463276092880712,17.86691298062647,2.7970283195636707,17.825264297351847,13.138599857616937,25.209501283608923,KE_marsa
5571,7.826412995049278,8.842949215133272,3.3318922348201574,23.54626528283208,6.241475789577722,23.359074389573525,KE_marsa
5980,1.8723365665750311,1.8773080197923029,2.314960977208457,1.9183257683066413,13.460819771765564,16.3597817788671,KE_marsa
5610,3.216141326072286,13.759239006314273,3.4084715378878125,33.757672571345275,10.597796877418054,9.344478329000868,KE_marsa
5592,1.7376338469980468,9.716439712302709,1.691017827126256,12.75772766323294,19.347599168042866,17.975378057385765,KE_marsa
5724,6.822153140024349,7.440270374039085,2.786783119548599,4.61337184707341,9.957304953166975,10.868317106441657,KE_marsa
5728,3.502750529551251,3.950748917559949,3.406670748903537,7.536612207695128,10.742326590160282,17.057126142633248,KE_marsa
5549,6.984929713473802,9.109271244507982,3.955089880482022,6.473676354144722,14.373909042866927,20.42649196350728,KE_marsa
5562,4.869009399079982,2.669190440679264,2.0049568535624727,4.786978774556416,1.9685650875912424,2.0489046310917804,KE_marsa
5630,4.207689492239413,5.590023115773205,2.7168637682496337,4.576188875374627,5.616780139361509,6.822456785701708,KE_marsa
5620,6.350289216552779,4.504900460111871,4.08228975161756,13.113956200125724,12.515807242887355,20.33979706189123,KE_marsa
5598,10.246219035061571,11.857398787137974,4.221135296777197,34.17634468778047,5.691567387046191,28.761184442035287,KE_marsa
5606,9.990700646440034,11.601362892339685,2.928546957120359,29.23556091116189,4.040915977050538,29.917314441855563,KE_marsa
5702,2.789825143699133,4.071260959609851,3.8078342029448975,4.662080581903807,8.428046570870661,8.020559751444052,KE_marsa
6001,2.840112017006931,11.379204767494716,6.412553224872633,33.634053527362305,7.0793021820282345,20.744753518573628,KE_marsa
6035,4.244227475881758,2.9450486402260694,2.2489235684617115,6.838016445643076,3.768793177411432,7.827491504699485,KE_marsa
5956,23.114953220637588,24.159763426623133,4.488210139400887,17.183397468637445,7.758859313226579,2.9275792745374947,KE_marsa
5945,3.676505778293944,14.2871875822309,2.5098854404443425,23.38391019195174,12.330503107113598,24.77316027697343,KE_marsa
5483,4.35331630784221,3.4316501445398613,1.9743551416193927,6.647611280735996,13.7209862197578,17.787863933437695,KE_marsa
5793,5.7745271479539415,2.3818264511763134,15.00857811884912,14.364605046172253,16.006822354050957,22.255595174714323,KE_marsa
6010,6.686887654932407,7.477458079839256,5.160185193770238,6.292979618861295,17.762210734990653,18.63825173574085,KE_marsa
5579,9.05253574019515,8.798730312943109,5.955887529849942,7.422023576056483,12.862409372539364,15.975299075705074,KE_marsa
6039,6.576381650576272,10.283454257071966,2.141354970733355,11.104676772004373,5.879183567971388,13.102308638677195,KE_marsa
5498,6.040591225702781,5.764811951060742,4.569796119394585,7.499254447883643,8.353402002137038,11.537988185005023,KE_marsa
5633,7.742096887466941,9.890864448945322,1.5363042604326524,19.31881844155724,4.9776352874087895,12.182948843609449,KE_marsa
5929,6.408773094635338,10.21831826453942,1.2732632688459462,16.31940621918904,4.235131233876388,10.335734656398344,KE_marsa
5684,10.323589213930852,13.703442763952314,3.2430575188419453,12.700000153893994,10.512683130414697,18.85033541460048,KE_marsa
5950,7.743566649265627,10.45181691037795,1.7784740882588332,18.138606115809733,3.872622504735327,20.81536999869478,KE_marsa
5807,17.34203848468801,13.782395772450784,5.913796818419093,6.786161420600179,17.812265917489963,24.514445179936665,KE_marsa
5941,16.437775061903597,18.97144816637004,12.463872476884864,17.634522881999523,32.378815999067385,37.9789110794184,KE_marsa
5632,19.650055070098876,11.989750227861188,1.6458481163333971,3.3566733171950056,20.74183038099882,16.401217921528414,KE_marsa
5504,10.150875385382024,10.74869464754751,2.8684435991201704,2.1297257985827183,7.496314439652473,7.27622729069113,KE_marsa
5694,5.576759734168474,12.028898998010504,3.1040167013316737,23.829474760408655,3.441260319554569,10.522654262084435,KE_marsa
6034,5.430758565327956,5.185573517785524,3.491197326116647,4.670572788727859,10.627449332231622,8.179408410942468,KE_marsa
5848,5.773230626972732,11.260158619456124,4.951304442892272,14.878389910187018,13.7527290990636,24.92331530343224,KE_marsa
6073,3.1120760508349936,2.805553374007631,1.1402451367691846,4.493751115299783,2.6436491299772937,3.825643695160141,KE_marsa
5457,5.2336292399315845,2.282048689160297,5.314744000508763,2.9390668312960124,3.1244287066203524,3.2283246523664046,KE_marsa
5795,9.24427724907477,16.964037063793207,5.848342405380461,12.190657573705913,14.55579399712493,18.546389911997768,KE_marsa
6086,9.062962287300785,14.125994465887144,4.0979598101641885,12.255429094533614,12.841587348358434,22.349427757200058,KE_marsa
6109,3.9934499706205817,3.367470576354232,1.0647763882413552,2.6309833603837487,14.509322180601371,16.481500811096602,KE_marsa
5655,3.235862681578717,5.272082884811176,2.500100352202177,2.8323973469478005,7.614436741313475,7.790079788615537,KE_marsa
5903,3.8685227565585416,5.433705398918487,4.459938220743808,10.729266702319368,8.92673682276121,7.5187963168081,KE_marsa
5879,5.594039361092836,10.837095317249153,1.978901701182652,23.82659174183671,3.600718043095512,19.52824560124817,KE_marsa
5675,9.847296541514446,9.532516695136486,4.128986262215127,9.335179748719572,17.37329910712949,16.35781900071153,KE_marsa
5448,9.815623832503125,13.277572372138152,3.921807120087677,3.925886750046689,11.51610773766094,11.392484801772705,KE_marsa
5517,5.593493179582771,11.937245095085109,3.227420597776772,12.739561945919164,15.017665922087872,17.760473171347854,KE_marsa
5428,5.232037160801483,7.658914992951553,2.9680928328340648,23.360840904323865,7.751911647622521,27.045054048495707,KE_marsa
5615,4.709736811443591,7.371828947168952,5.865885913503353,11.691284934765068,6.686822409505626,6.747885278852727,KE_marsa
5573,18.278861832264568,15.640851631042311,4.700190698837644,27.87241232799861,9.033446720982038,19.757334162671977,KE_marsa
5924,4.435663280442632,1.8481241590364683,3.001653682774396,7.594376030089015,6.275520512548891,13.625036937290172,KE_marsa
5436,4.04899376129496,6.488237150585786,1.3034237684816006,4.149424823382763,8.12841708761251,10.254752302613335,KE_marsa
5513,11.069284621370167,11.2569389541911,2.0720313054166306,16.400384470631646,5.128486380392235,26.703032044196075,KE_marsa
5540,8.480014010043352,9.518387998510097,2.073313778354014,2.423254289409311,6.982542229556499,6.738933683059333,KE_marsa
5734,8.87947486186707,5.470527305086436,10.35940251308852,11.361670785138047,17.624656075263623,18.22944640446464,KE_marsa
5626,2.8538643848696177,5.741782462076275,2.2083142905667006,6.741710958739554,9.156939125404156,10.899137774688622,KE_marsa
5432,15.392753568613026,15.843881910621056,11.8147472839894,15.544067162160792,14.069971086656489,19.732967202163948,KE_marsa
5691,3.8658129869004094,1.421571835430281,2.0843799283064626,7.580130914683668,3.98787362542854,3.82498024488848,KE_marsa
5459,6.240170354724688,4.899161578252735,4.91663869547056,16.83248687202954,5.386145545954994,14.910705689627964,KE_marsa
6026,11.226018011817164,9.57599087895136,8.488689773074203,20.5824253898937,20.61575340897064,22.29033087107893,KE_marsa
6038,10.852153963387346,11.477340377454269,3.602875070156877,3.2175643789519106,10.83105320523602,7.994248324261898,KE_marsa
5452,5.880135456862889,5.04238812972371,7.467148851991712,17.425897768581255,12.042300249241777,25.129564027221832,KE_marsa
6096,5.940974719952109,6.617543960131755,3.847897446126819,8.946514099144169,8.001478938645503,14.57871277704555,KE_marsa
5881,4.120162084553093,6.341056662824382,2.2308230008273777,16.844433565603996,4.446210181367485,16.17695816947214,KE_marsa
5467,18.844829045368822,17.47254861493386,19.95704343590361,28.79536391804069,3.327881397468304,13.74093409022075,KE_marsa
5817,6.356810237763007,8.505077029053187,3.0555938957654787,18.136524860354637,14.424585659495188,18.797921400844903,KE_marsa
5788,3.4956974984404243,4.362894338163329,2.92550426262054,3.464972983842793,4.391489328476824,5.92345436156348,KE_marsa
6030,1.586771270921394,9.288411400015368,2.752112794838245,22.677528024462134,13.846809116564607,35.83443270211131,KE_marsa
5726,11.391668391397488,12.27427510564678,2.1669862572501177,2.750800554194872,8.521704609861514,7.921587472690427,KE_marsa
5855,5.674575145256834,5.709717153920235,1.9349872561151784,2.2560356078692854,7.100731539926168,6.5040428245596615,KE_marsa
5638,4.250611730556567,7.523111047920447,2.628114061911562,11.22411906452921,9.61950543412754,9.564639739574314,KE_marsa
5866,2.288309018715939,10.652007020395144,5.697881893583944,13.481720909728685,10.38522384847376,13.733145076191455,KE_marsa
5828,11.64226599207431,13.5756160685716,3.3113445109197337,12.941486022489324,12.629892000350443,26.12763126421867,KE_marsa
6058,8.111400267746115,8.469412556874842,4.41888792948597,13.270662991559568,15.235816488162731,20.915330548165144,KE_marsa
5707,3.79974745582288,2.7837679045082075,3.804535047496608,9.104592740916738,5.685244317097057,3.891853898159456,KE_marsa
6027,4.504307287993582,3.5840652157536503,1.0983844536986382,5.7644843729507125,2.2111270871488813,2.029245136010731,KE_marsa
5623,6.650662655855899,10.968391226899136,1.8322917342842453,9.773539312494258,13.80313373749164,10.351374922285832,KE_marsa
6017,10.82029425539312,10.407177339408696,2.825592314469698,26.957661949990197,6.014372038769967,20.88676444268577,KE_marsa
5700,6.566943612433464,9.945802817424887,2.780415970244184,28.736509745881808,6.339200862416912,13.286373057914096,KE_marsa
5425,22.16049066551516,24.394494552696305,6.306002475829232,13.941816095128855,28.20309337019628,22.988777554102565,KE_marsa
5824,11.8519684860274,6.90752363620522,8.742108619610958,10.92670320104555,23.54532924432061,23.246996335073064,KE_marsa
5729,9.230948312176343,9.18747617085499,10.170027276141912,13.457202379762382,5.203973220939509,14.424773352261871,KE_marsa
5603,4.457710110797415,6.744979685887187,1.2053685012252853,17.03815648904381,5.112383717188489,12.218480361524822,KE_marsa
5854,34.82146368714293,16.463495524456366,26.362642929464045,26.541664206973813,16.396733615352144,15.926248482938746,KE_marsa
5541,8.776564124813438,11.639333221580978,2.819064052460476,26.909247387090527,6.582119007077951,25.51509453351832,KE_marsa
5940,11.778611597343597,10.174176048243694,2.568598240169043,15.7183965874326,10.631750761737532,18.567730870076414,KE_marsa
5616,8.024747996593153,8.18681948288622,3.097824541339296,7.343709806930238,3.688120115289831,1.4154589667022153,KE_marsa
6085,6.1686326378217,16.919247010030205,3.5153695967662784,24.37621499667441,5.016634729311719,22.267474126246174,KE_marsa
6063,4.535974503047235,5.628922163362298,4.240028359731142,10.335618023019066,14.043209606292455,17.770580055389864,KE_marsa
6052,12.484787801625552,11.13149366089937,3.73245070103722,18.7770894981572,9.106224066275146,26.686450773249337,KE_marsa
5909,4.528752396983812,3.622019569610477,2.4695968291125423,4.7073582093645685,1.3306511792769766,2.390413666184024,KE_marsa
5978,2.9002493071656645,2.0512348866795964,1.9114499674917813,5.217688922642863,1.9678495897050172,3.486487241825902,KE_marsa
5635,12.757907408261412,16.80547917186933,2.91952967119054,12.212629562967784,27.486672597188377,33.2165943267045,KE_marsa
5809,3.1845323487622474,3.400788214295507,1.672736367155676,9.85265536417246,8.535449764559662,5.392133086239802,KE_marsa
5972,2.915851135573799,6.308452045085612,2.999227951133227,7.446376107190658,6.4464493518898776,11.128147492190957,KE_marsa
5721,7.635125574500406,11.30592920429584,2.5904234938669117,22.4591772780295,7.605668729059921,7.070765248402816,KE_marsa
5587,5.212570396650284,7.87727208391221,6.1270913829778335,13.123728299991598,8.650080183086171,23.46136955165758,KE_marsa
6007,4.290966421182167,6.021238588480498,2.1519864621239364,8.419231617984586,11.065295460373784,6.44054526497123,KE_marsa
6005,2.521255438716655,2.8817768384406013,2.612729609604974,8.700061048371714,4.2716361251238935,8.86697148084041,KE_marsa
5889,3.220224778300524,6.961162153346009,2.2918704497464155,17.59380049903045,5.5922199085316135,11.029173190987631,KE_marsa
5682,4.441260981880232,2.8904250867633183,3.347903192445268,7.243202381635,4.08081654118095,5.5523444366408725,KE_marsa
5424,5.850314403035177,8.277714613733979,1.7505431842148444,10.43379734589338,15.375212780778815,20.3918074310056,KE_marsa
5574,4.0705420375491785,2.4652602625203404,2.3866552172336077,3.2285893029003474,2.054177398397692,2.476137258728186,KE_marsa
5805,14.421531987837795,9.877368262746382,2.493352056317539,6.306447778503585,4.524007539645169,5.886581063385135,KE_marsa
6055,11.987530199272337,9.50385162636439,4.245214269487817,22.002507654792375,2.83930886784062,5.959392163865981,KE_marsa
5970,4.015822075762764,11.184281044304676,8.929372067789787,21.73131795913472,10.312570878043076,19.53849009767991,KE_marsa
5580,10.820849284369263,14.32789630222381,4.883561813720566,15.903509265990216,10.155216047516848,29.72342960436277,KE_marsa
5731,6.218749358106591,5.8406666414535895,2.41359422475398,3.224348336460618,7.426112098874529,6.419474271951998,KE_marsa
5602,9.383155347075476,3.16799420929374,10.13656127154232,5.8673812003784285,21.30431914667649,26.24264647571492,KE_marsa
5874,5.009288602422593,9.077054099969224,2.8301372305818644,15.805922855099384,8.262198951841734,17.088339319841303,KE_marsa
5997,14.714098441129824,9.551696614043228,3.6702760531191054,6.470611036862797,16.369509105336842,20.483793175218896,KE_marsa
5670,1.5512314509500529,2.6500331660801493,1.5028695341978722,2.75350379076024,3.958676170663368,5.807452645262572,KE_marsa
5896,2.8587002757953397,4.402556489724252,1.858489884634487,3.460024158937265,6.948554705353174,8.944249673336545,KE_marsa
5534,6.846124938266671,9.210165627788731,1.595531079220668,18.954423049462047,7.121546273107509,13.578180415615346,KE_marsa
5742,7.673053887034403,5.419297932043545,5.7566732612926295,16.176066704906045,3.351910219187848,10.16031467244707,KE_marsa
6003,7.157569288841651,10.155423803657024,3.5724948138342723,19.566230860945787,7.173957173774247,15.44370530688287,KE_marsa
5893,21.33999894857913,12.117905563954638,22.47860912634131,12.152742103363918,22.232745268435327,13.19837083476927,KE_marsa
5976,5.252155899720845,5.905445138788838,2.182575120710454,2.7619687896553926,7.748866193069941,7.317219998953279,KE_marsa
5597,1.646036994336496,1.420628329740931,3.428430087041131,8.508360645326835,6.033793258003256,7.864115839701328,KE_marsa
5544,5.736809820135176,4.945169685341159,3.5943915569650606,9.63242402390988,2.907389200858318,8.045640565245078,KE_marsa
5820,6.285811904813793,11.698672666699514,15.21568450400824,1.9478870343518888,10.88099356016424,9.010101098866118,KE_marsa
5880,7.337990475873733,8.948099323349844,1.850746297730512,16.642985081604095,8.191466134465733,25.516553832139916,KE_marsa
5556,6.7359438084396,8.282236667345055,2.9816935368367568,14.98983940432112,9.53927185972008,9.538200849944714,KE_marsa
6036,19.985367239264445,22.772314126482254,16.832288122729942,20.76326925376095,15.32675670508812,18.98656941313678,KE_marsa
5414,7.705377303867462,5.125832381218498,8.380172236809932,16.16744165360155,6.874895641758428,13.426287468872308,KE_marsa
5673,5.783111049399457,4.327336521541397,9.2798529809005,1.4190703716852706,13.289621928295707,4.672416686017698,KE_marsa
5500,2.963512605200449,3.34666248062982,2.568172362159623,6.323076970511754,2.2691122406861006,6.502483326090351,KE_marsa
5614,8.132163833909644,4.875587067020949,9.913390823664132,15.956886917655716,12.96728636056999,19.216231903777928,KE_marsa
6103,5.025571226906503,4.61757014289635,2.7250966943728963,1.5771279110439798,6.059131596635185,5.816736114402741,KE_marsa
5973,7.052539605256647,15.69235881307968,3.1775110472894696,9.178974713961376,15.137007311994989,21.07597506368446,KE_marsa
5952,2.3588022087355625,3.931119547646083,2.5516273538952827,6.482774975558376,3.328741474213506,6.642583394907844,KE_marsa
6070,3.6330267446836593,13.003124157114536,1.2042332972065135,7.625951356826691,15.22740763836688,16.141110273988346,KE_marsa
5936,4.043902960842767,4.720214632171843,2.2673570779246868,3.573675105634168,10.235756853303078,6.744064139515829,KE_marsa
6062,28.3953081470788,12.780231188817783,26.465537142549117,35.58507589104808,5.881097924025498,21.559673525426536,KE_marsa
5736,2.276643848290847,9.45880871997649,2.059414938722964,10.82245208745142,18.801857700189245,24.484757759528385,KE_marsa
5479,5.692103102730842,2.755397052415336,6.86540076536718,9.869623030674571,11.214148366110592,11.560393703406872,KE_marsa
5481,8.647362509349446,8.3330266592562,2.7319825492831957,8.878350984041534,16.377399518530424,19.51897060354742,KE_marsa
5667,4.464659085564881,6.176023096518825,3.550260911692501,22.82226263441997,9.12107306229197,22.429524348466472,KE_marsa
5553,20.19022619244208,20.265565316825853,9.4256829686791,9.605793952787083,16.186609748675384,24.11674068523068,KE_marsa
6061,18.453569776580625,17.931202435944424,16.94446133835526,14.827781693835364,18.84612601491603,14.132946461495406,KE_marsa
5918,8.128117500630296,8.794824339450733,9.079772401398856,18.116639804945866,6.715872369501423,15.011649106871724,KE_marsa
6067,7.764204513295519,8.56048746465847,2.50274495395121,1.946395884401247,10.566620081482744,10.43591295874623,KE_marsa
5873,3.1536920952021243,7.412617865059781,4.571159282599837,18.74354698476898,6.909132891221185,16.40086312166721,KE_marsa
5968,5.075957494127861,4.988947200198401,1.2870158267407736,2.436904082277285,8.192004385309362,8.111969645963285,KE_marsa
5865,7.081212536415863,3.746325015994037,7.034895512641843,12.022430255648802,7.001766554977615,10.315302090176631,KE_marsa
5657,8.903713411107844,17.96436444384965,6.160231091483491,7.051597713462493,31.07617340204732,26.77300443608516,KE_marsa
5773,11.887957411620112,9.940010088511864,3.683364425095231,19.898393485299582,8.990675362983493,22.296180016369483,KE_marsa
5725,11.961653391360018,7.443244070420338,3.8341603598390175,5.69469276430809,14.900601662037994,14.472388716740742,KE_marsa
5555,13.701246231793023,11.021733097411012,2.883780334104816,37.25749394874067,5.59949422061513,25.72742731981556,KE_marsa
5706,8.514216449497646,3.5929893190578364,4.286247843946226,12.28841285824134,8.835035108952773,15.726597643750951,KE_marsa
5594,7.002566781453566,6.162867535571254,1.652589069316076,1.7972208421383324,6.367221220664471,6.014032510182465,KE_marsa
5990,0.8438443286428707,4.996079108220721,2.873444757971213,3.439762039352449,8.896589719481815,8.60889445487825,KE_marsa
5752,5.108180855041012,4.296783587206555,2.495202910807695,10.426623865143736,3.765908376955706,16.808282746232138,KE_marsa
5647,10.90036101517862,16.018120321696077,8.51851772853154,3.2426015014797693,17.74846295250439,15.919960851306458,KE_marsa
5491,3.922801322719513,5.387459465119759,5.16795299896808,18.02240812898004,2.963520653040249,16.260355315002553,KE_marsa
6045,7.108184335564573,6.069333023639906,3.0455077965362807,5.912673723610137,8.336638811695767,7.447344251146791,KE_marsa
5822,7.55892578293532,5.570904602144357,13.863523207522512,8.742369101659389,21.28621019484577,25.559452714216377,KE_marsa
5692,4.712910064641378,3.837232570077144,4.191437688694282,8.491613500656074,7.187193435660691,7.184080187009251,KE_marsa
5570,4.718116625522066,3.3727685819322337,11.738298152937366,17.073397651106294,12.222650013655624,22.047507863003982,KE_marsa
5999,12.572705110849697,20.36909499984191,3.7947582925070247,10.7994010202838,21.234769008957816,30.844114724661942,KE_marsa
6065,5.80822601166722,9.005291427530896,3.4798930111607627,20.66529145274707,5.72288825476032,11.375351619340664,KE_marsa
5559,4.424598308637903,5.370691571913404,3.2052898084011447,7.70612080626852,11.458685846726777,14.597646847514827,KE_marsa
5760,6.469667096318238,5.02464416748099,0.5658936605279992,9.947255190704633,8.066702541483036,14.483413395479571,KE_marsa
5785,5.17023523749212,7.129990548495588,2.896973930688872,2.571264484934788,10.917292615537546,9.24382085330594,KE_marsa
5683,5.278332596812675,8.147246885603556,2.5771020270396314,25.57095690244487,6.219353807069942,15.86994143194998,KE_marsa
5530,9.708066392529506,7.946387475043582,1.2687092399642754,22.785022421889813,3.3136473190428077,12.383470664579695,KE_marsa
5426,7.502599645389956,4.6406767704306855,6.181575364413807,8.128268793553087,5.634815226451186,10.41350980728098,KE_marsa
6020,3.974916189416985,7.690710554997553,3.1195786669673766,12.280458761561462,10.849810612168833,17.33119431734407,KE_marsa
5686,5.737485713887745,4.84032060910692,4.227467806659506,9.127740449507876,9.820290967918387,17.59781538992287,KE_marsa
5875,3.1910453539007366,14.591062329077912,5.423586541146417,21.48872715638661,8.356751813767398,13.779399778718904,KE_marsa
5771,5.591531617875821,4.210793670327893,2.1412701148374245,13.125794508719576,4.329432588698732,11.512047502545572,KE_marsa
5429,3.507877935815483,6.711986074215655,2.7626900854246528,30.909109841530253,7.042343377888256,20.02403579739976,KE_marsa
5600,7.243729084908441,12.998056290780218,3.2823858034393507,6.059163768302553,20.905471605146094,23.182296473184657,KE_marsa
5468,4.474959926015512,8.153867288938962,4.286001258083728,32.9971374963158,7.82055723919843,18.98826076980289,KE_marsa
5419,1.951884404841232,10.039188861544249,2.6415436891064035,17.582531658189446,9.687821380975654,24.79370395255893,KE_marsa
5870,7.604621782652967,6.134724954373226,5.423615506930979,2.5043491699393208,16.545199666205384,10.741582353603802,KE_marsa
5701,5.806980979658203,6.942881288742494,1.2007844897269904,3.056672256057384,5.752897684664346,6.504067988724407,KE_marsa
6025,4.872206434312867,11.308874515309364,7.560781278749334,11.55511168662096,15.037733514820994,14.568330772495678,KE_marsa
5740,3.664928075021871,14.104084999722389,5.706770130524894,13.285031906190186,5.212074341529987,17.20246640392476,KE_marsa
5430,10.71768513769139,15.122210126447827,7.025697552315593,13.526720833127971,17.058550858180247,22.412652215819516,KE_marsa
5992,6.931979708098482,10.480693627364106,5.278298584665635,16.153181618906547,13.304545360522958,17.77810601380128,KE_marsa
5447,11.989841603090158,21.26148389948593,4.565946256212055,20.00687104427371,8.245279520553312,23.73623143310936,KE_marsa
5901,12.830241678347315,9.772623618254876,2.168820978104991,33.25297577921001,12.850278858045174,9.446793843421457,KE_marsa
5919,7.5106344594893715,11.00389098453047,2.931626921295523,4.323698674534891,23.844184359520767,23.18075508210444,KE_marsa
6080,18.569467198940064,13.650896668334974,6.717887543004085,9.453262028775912,12.66162462142165,14.387661769101982,KE_marsa
5965,5.364564124460888,5.302998246178351,2.2607245331904804,10.950232302589114,12.098354398692928,9.169836696637237,KE_marsa
5858,7.845137405281897,14.343559318227536,3.4142076278119733,14.03181303824467,5.063772701241284,14.471152710069696,KE_marsa
5791,3.869608185704385,2.176813736351209,1.8927523624404448,3.058415881522076,2.1575800118848085,3.0491830306092345,KE_marsa
5475,4.109087263946488,7.241877846468149,2.486730882220114,11.78453561456416,5.283360211006443,8.25978481028446,KE_marsa
5946,8.411840643873676,7.795813877179306,1.7600601505925264,8.48035009638872,6.8207512094466125,5.366499201300953,KE_marsa
5860,6.670578122778565,10.64209640330315,4.880566768879531,12.449691005322856,16.680657575753962,24.458669240825344,KE_marsa
6037,9.508771973746706,11.845455886106317,3.259061907514832,5.549380687301927,11.024056642340256,11.473727779272595,KE_marsa
5835,11.94040625744132,16.39444259513501,2.375353867133384,20.858633856613416,11.003794888051996,23.701527268579003,KE_marsa
6031,13.493178158657942,19.047839872643376,1.9515629168503237,17.900088092860756,17.599245256724696,30.08267549549891,KE_marsa
6057,6.398297529862996,15.864587368282264,2.491865921290989,16.298036083444092,9.453963477226806,21.4985200615437,KE_marsa
5668,7.501100307313689,13.978606526823924,5.068258357424792,28.033814693244917,6.1870810601467285,24.042877617545567,KE_marsa
5613,16.625881454207395,10.422743886142651,22.318494403442564,21.598525228263323,13.143910250110723,21.500072337222864,KE_marsa
5720,19.19664033768872,26.83785348893455,6.297217559959034,14.446978300104998,14.45009534861915,30.52626287422549,KE_marsa
5917,6.956962065676471,9.67635633042617,4.463952232841993,4.956447229916644,19.155308345376348,18.14420096526274,KE_marsa
5717,7.167841857111326,10.138767768520648,3.0206679056000585,6.422439390640346,15.054277815109923,16.31621481188264,KE_marsa
5938,2.7085919465157007,4.65952204753936,2.23791236096666,7.23143603121565,12.526892617868768,14.29220163958603,KE_marsa
5723,6.948426433837768,4.372016725124765,3.056764570436981,3.755906735105711,3.01429501199928,4.926018875902114,KE_marsa
5411,8.873328403535266,15.861079742510745,2.829544533836212,25.26258789506259,7.924561297181978,27.71440820153909,KE_marsa
5797,2.5006152707218745,6.271134766885656,2.823941189544548,10.782447363109828,6.327780470108997,15.05691368870733,KE_marsa
5545,8.499756487729785,19.84027009464913,2.211162689553809,23.431131273691555,2.867679873375539,13.880847353726,KE_marsa
5490,20.248305696407385,13.042350013386258,3.662503365357945,7.169469765729372,9.129625086925389,13.242148170811593,KE_marsa
5882,11.786991759498068,6.922900128927764,2.043785394532621,20.541183818868888,5.794703879017564,25.26965242595737,KE_marsa
5907,17.433602953284893,19.11203893274796,2.9101755637138687,23.013380014995622,3.606862068593521,9.67562765438936,KE_marsa
5619,9.16622692012706,11.03261305565176,4.199123724138892,17.995931480575372,9.646741189092843,25.8704956754621,KE_marsa
5984,5.856699201541673,10.671336488982336,1.6822552828478334,20.539580454098925,5.323283619628808,15.670506156642858,KE_marsa
5966,3.8000556074082894,9.464252106629242,1.7956356765360069,14.117823321316983,7.214129862528138,9.967270043019653,KE_marsa
5802,3.907646477093418,5.765294014781307,6.62359275601131,13.946217930086654,13.26210434650982,17.996154726778762,KE_marsa
6072,7.70419811541259,14.581314249310392,0.7937841644906551,9.909933925820454,19.888456654798365,21.95126331315872,KE_marsa
5894,3.2440458316355043,3.64263085512753,1.1501325608979571,3.8155186546152415,3.3060061211461167,3.5057433872682227,KE_marsa
5656,3.309282991559096,8.477721226110917,6.775075661686202,10.44454806421486,15.041809139278111,14.212002356288096,KE_marsa
5872,1.9296867791381676,1.522204367626908,1.5445672158616237,2.876095419350675,2.1645308862579067,2.445420426018693,KE_marsa
5761,14.55018010399584,15.281697380810073,5.679138515398924,15.298954479186778,3.4804942042547613,22.95354874257912,KE_marsa
5658,9.868402271265046,10.71075397631341,7.03655459377064,10.07437040386454,13.376306002659536,17.72946497447671,KE_marsa
5680,13.51873355901613,17.746925120784713,3.352057583503467,16.993266759911414,10.890064927423932,9.851948323516076,KE_marsa
5582,19.16085650138187,17.779940980247808,6.424720422798455,5.342058816964234,18.04384514185997,13.049882104978774,KE_marsa
5685,10.540576986481533,5.2598255119135775,1.649626062504581,25.056927799109477,13.162600558687949,5.746870124038992,KE_marsa
5794,9.833544701886018,13.30711240860571,3.311888877501383,30.65343406366996,4.294577450300619,25.95657608758885,KE_marsa
5912,4.171629777746524,4.839930337680693,1.0195932863485957,11.03355350480208,11.059800769185612,14.924710776664543,KE_marsa
5987,6.743234859265,3.701750717890705,1.4287078088428178,12.046590758717496,9.341251299040533,28.36979868459995,KE_marsa
5533,12.011270219172928,16.608160356084255,1.5698710381352503,13.162511007050677,12.495059072280158,28.12477272318496,KE_marsa
5548,7.737166806768174,6.150206204678875,5.874513289920553,3.7925064952797927,17.189930381038366,11.013478262828436,KE_marsa
6049,14.229885686435658,7.59632016754323,4.008730081228854,33.24736696214076,21.12863583341201,3.18669163968487,KE_marsa
5476,19.136117743350173,14.621119592047792,11.113351034975691,10.332296254361816,19.60102982441336,28.793640425632116,KE_marsa
5639,11.380096853415676,9.93827363235416,2.8483068020039366,28.65663659195228,13.82635714394367,9.177375301949974,KE_marsa
5441,7.0416670366679,9.191821349055092,4.32924664147423,20.051919433121245,8.74064065111959,15.668610704204438,KE_marsa
6992,4.726850785417484,0.96313926221131,4.180936074329691,4.61404124109294,1.5511420369886666,3.7612073641941546,ZW_mata
7158,8.523303062924587,18.520203238811117,12.451976384070658,9.187678544120304,5.710073419631279,19.01541003123202,ZW_mata
6639,14.34045085310669,28.68080524665704,18.454873744861107,8.340486669705435,6.563983737074214,17.818019843354424,ZW_mata
6607,3.9700148913191615,10.07450198651986,4.281953481527676,9.937550427550772,5.577501220369913,11.5967821996944,ZW_mata
6773,1.9491554137534128,6.890403786128741,4.312916600959286,3.8662490796242457,4.918850544279135,11.66967693722049,ZW_mata
7263,4.671686453399317,10.000338546072635,2.231479906645718,15.46992058218922,15.82387902833707,7.135976673848288,ZW_mata
7513,12.658928238914266,18.66005599555029,6.939969430100812,8.904085689689538,7.34556752586043,25.659790244169955,ZW_mata
7515,7.819707682293989,11.008888977656731,6.117465048092762,3.638797469140308,9.156848547056711,4.576422338089295,ZW_mata
6222,8.230269230461255,11.774396111905896,2.196491699471523,3.1542535132695173,7.774461065911523,3.557166871809834,ZW_mata
7217,8.169952002461194,14.996568301862034,11.006525485877292,5.983855456531471,10.90025746297717,2.423357796964025,ZW_mata
6754,5.177117442682129,11.208687657605145,3.9816302471031735,5.7312319944714005,2.37248514591404,8.62757408045304,ZW_mata
7134,8.079572220072352,7.582438525162538,10.537670413192432,7.878319495530752,13.19710140557606,4.649906262601275,ZW_mata
7508,6.935156040901981,19.290338910967268,15.405674428569224,4.314300727048574,4.58590646517513,7.974084934703262,ZW_mata
7182,8.469271451623003,12.81556798644258,6.86504728576856,7.372266638909163,9.866770095980096,9.953791502432535,ZW_mata
7063,6.07818193852791,19.0762706019163,10.237640378358488,7.642538428337475,3.868413763560486,26.71581315456908,ZW_mata
7139,6.896791680547088,16.861310650828614,11.123796989121718,4.011496214246892,6.47572950805806,27.621331165883294,ZW_mata
7671,4.617431187236795,18.914759677939752,12.732514797080109,6.646318782317271,1.5551896979076796,18.97514787458164,ZW_mata
6292,4.876702640750934,6.64907502470814,4.451336607454137,5.63929540565455,2.300010057982141,10.96072697498959,ZW_mata
7628,4.306538436331468,9.43248095091463,3.4803399428635005,14.68591101687024,2.8829866147095906,19.938194213175283,ZW_mata
6529,7.094912032530235,4.890410785509179,14.31120226568006,12.56572951522164,6.523704076293562,7.966608091680912,ZW_mata
7103,7.317806955830353,6.210975391816798,2.799706626857784,1.5511928578021088,2.86714898066152,3.660382626932632,ZW_mata
6573,1.3095473828683497,13.736402958283648,4.042314222697091,7.293674669201422,8.523159676923006,14.127660002847811,ZW_mata
7480,10.833276995574266,34.0354669411221,18.38677469904884,10.620274825329403,10.820293805718132,7.592138679282761,ZW_mata
7124,4.532945581956208,10.550011077815803,3.65824248164545,5.292846200401489,2.7919226186256614,5.123463336943538,ZW_mata
7637,11.001784968028286,30.716407967372405,16.838396463677068,21.419491741381023,9.529898603970263,30.28361675891376,ZW_mata
7351,10.1095080311925,13.783844021329935,7.497802413513433,8.889023035261586,3.19475127492817,16.704509854550693,ZW_mata
7032,13.312046224352382,14.89442966524857,4.042856876251796,5.058783075227951,4.368675953326212,6.9677864712546205,ZW_mata
6875,6.769632541257083,12.19262569811335,4.900825770954266,1.0500743963461714,8.550458384945939,17.923484245141704,ZW_mata
6667,3.851607916880445,8.669066906707283,8.287843073448954,8.670415010714388,2.789968762977428,8.27245584038121,ZW_mata
6412,5.111387286818865,16.6958618824856,0.8419970814347066,12.671646136913497,11.422487062305075,8.958172919832855,ZW_mata
6347,4.925397733083543,9.343775999895849,3.9205651085184,4.4224739575986645,5.428432836272769,4.548216931168769,ZW_mata
6386,2.9541960932979183,6.834895630385838,2.921419336977057,2.5481793053864763,1.6972461287091785,3.2727953888402213,ZW_mata
6533,6.568499016447947,5.4922041748275685,3.1339735985924744,4.694375853970318,3.245242451301435,6.033755510065104,ZW_mata
6288,3.975020507445744,9.52816565461246,7.335364050467208,1.642680118845262,1.5795587645678155,14.381986234908767,ZW_mata
7197,4.338049532285512,6.5608607808386825,3.244473758906666,4.612596802113188,5.18568991884419,6.489306448766382,ZW_mata
6710,5.031472891804038,18.47982486302169,10.3463656277733,3.843162174320232,6.557440966255982,18.320987736676077,ZW_mata
6301,5.131317834656408,13.461407021377076,7.018144009401043,5.252986974282199,5.016529115349977,16.55824153261448,ZW_mata
6269,7.790812427937051,10.685315675381032,7.833659953947782,9.63578142582917,1.80020504608894,14.634601164487528,ZW_mata
6119,5.1462925441792695,3.448944475369697,17.21877695176002,20.53043894963377,9.29095043744966,2.6400238966715577,ZW_mata
7419,5.662222806904556,14.23958626850016,11.570618959849917,3.0743672231047645,4.340126850562725,11.235342051628376,ZW_mata
7578,7.282702599519881,10.429929190096294,6.396849436762667,4.864975870971312,2.125584956614084,23.61202598121855,ZW_mata
6218,9.214706234860332,24.52987555060488,10.34103597886368,7.7558245990378145,3.4550136534735003,17.82870077384907,ZW_mata
7201,7.65909902552731,17.452366563221045,2.328359525152297,7.313380569808163,2.413984937287657,13.249735918762823,ZW_mata
6723,6.708119672092027,12.503675844235977,11.814888864841317,13.943355877104665,2.190882834496405,10.333696524850287,ZW_mata
6930,2.1530098764962817,4.693285748024778,1.9853717883350115,3.153194187408997,6.045450063211861,3.163851069142517,ZW_mata
7486,5.379716458260409,10.65566588103183,5.089391081673836,2.2329350602886,5.888572295791488,5.7023436565614025,ZW_mata
7403,7.620298370664484,8.83382261381471,20.09348088593205,8.772032758092067,11.02229268729909,4.164275210572876,ZW_mata
7544,13.06499476155108,21.81831870768743,11.611600130322945,5.3315853907112345,4.91108712094384,16.67542067402151,ZW_mata
7373,5.460296969282631,8.083944657914953,4.664444161532481,2.3287563888436136,4.227680013192746,0.6145140076515696,ZW_mata
6464,3.6808427752907424,13.054322310777298,10.538448067233444,8.199687862333342,7.6109398631669505,5.799968604370102,ZW_mata
6375,12.36030433270137,23.064171381975857,5.056237500910458,24.452414286157325,9.702705671759777,5.48275897985976,ZW_mata
7116,13.348341586842311,23.075121150426224,9.915555357855949,12.709043084762277,5.531253829549463,15.102328830644591,ZW_mata
7659,2.98621341603949,8.903263219301511,6.046729183515112,3.350251559974552,7.615597786314992,13.39233436952244,ZW_mata
6396,5.763488096367822,16.616999381690558,9.440003894393318,4.778293707324814,0.6509342518260642,2.0168502114144395,ZW_mata
7249,3.056794842283863,9.39483553837138,13.845994086556024,7.938247229748573,12.19088599148176,6.6691608188520926,ZW_mata
6171,9.622486735644571,23.080734612249877,4.534965084634016,8.66739566825176,10.44481760152283,17.904903584691922,ZW_mata
6857,25.037433154031472,24.23462680181281,10.099333174932717,3.2629568163278253,3.323732848497462,12.235985981368348,ZW_mata
6186,15.152450357363392,13.6984706451054,3.3896008938077333,11.233802686167348,2.45414410945194,8.016308783528746,ZW_mata
7409,6.611973522771577,18.153766081496663,14.017549670148211,7.875174741282603,4.49900828685522,4.974703066893464,ZW_mata
6379,9.218011187788546,14.553111665066206,14.192715946634294,8.14052280875921,1.284671753843393,9.194850993562651,ZW_mata
6962,20.30982410840072,33.98232860024431,17.375150197459778,15.468157209226982,9.62760544790562,30.520003872836487,ZW_mata
6415,3.993305327056629,23.211353692297127,3.728234241316973,19.018756185478143,3.4447708873864333,15.624823522776865,ZW_mata
7288,5.647064558145475,5.803435233549597,4.719174139803561,1.912697490218356,2.077769149924011,8.375547137545622,ZW_mata
6497,4.855562425835569,21.786187228738655,13.25538640604776,2.928905309566643,11.38526711999663,15.626707106856616,ZW_mata
7296,5.975556823492313,13.471185696784651,8.800841094699939,4.751684233966114,6.490289893680961,12.516922361169737,ZW_mata
6970,5.751083026778871,11.51992874042479,3.692074236656144,5.273264523666299,3.3666477691992984,6.908459484169666,ZW_mata
7692,1.038994224951477,7.81091031149931,9.068298261630629,5.407402397856608,5.830209621690698,3.017978268038946,ZW_mata
6682,7.034865167132931,17.110258476789756,7.160513275918159,3.475768652218367,5.308105779322707,18.644259729777573,ZW_mata
6760,5.298234817623842,22.989907898186846,20.838195308870432,3.820158414584825,1.3581583832272963,12.846883875905249,ZW_mata
7581,10.65512278894247,17.587816429002835,9.579371803967163,2.8228796892732007,5.921761954420299,8.366189713973794,ZW_mata
6669,1.1341868149587762,2.382731387114412,5.727257722199577,1.1394903714739677,8.119374977394017,4.102779576496801,ZW_mata
7453,3.114133136309014,2.580063503419914,2.3976542210749003,1.806299866377852,1.664687069938996,1.5205041197339757,ZW_mata
6761,20.736723854354565,33.32161444732239,14.820067502406312,15.488408277933027,3.1308815497471074,36.563588552701205,ZW_mata
6923,13.223022596699414,12.463570773848012,3.503088717383092,12.715097642479943,5.807035979049339,9.95192947587653,ZW_mata
6219,5.451779017787472,25.439807983658696,16.326651820295197,7.135825652558568,7.777246557086967,19.04204783108885,ZW_mata
6176,6.467137731463538,5.479706951626641,4.256714401607454,5.529367062777328,6.373847284524794,1.3255280747421188,ZW_mata
7444,6.678290446514012,15.109741103320426,5.804189394437511,1.7416394640947206,8.160792837408943,11.6568855425379,ZW_mata
6514,7.113026945455927,16.973018444576947,4.597828583137399,2.15921093321831,3.857623891769861,9.529492299156177,ZW_mata
7256,5.28825569934985,11.55323785533634,3.054355018551442,4.4141931604544,5.847019123954101,9.877599869695418,ZW_mata
6525,7.246987214376939,6.975983127048162,3.4931291770079143,9.237821764967078,5.13918191090562,3.254292097315403,ZW_mata
7394,5.260102304724955,5.249706889733305,7.02453297921952,1.9040697241863973,1.5449487608565815,6.469473336220361,ZW_mata
6403,11.064656495438784,20.94579535819657,2.4630846163041644,5.102807672971748,8.358106892613746,20.34580828760625,ZW_mata
7648,0.8249686020143103,3.0068997046109582,2.128293081547827,3.63164793846612,5.697434457419528,12.29743659682168,ZW_mata
7603,15.187562998540663,17.506896605010763,5.769943000060179,12.050122671159386,10.53935457186084,12.972718834036366,ZW_mata
6334,9.55151747635995,21.079550009953596,5.485803045602044,5.934139029843911,3.1407353512638347,7.374193733295169,ZW_mata
7011,7.354463311965584,12.264340313812871,7.551087896567746,14.994373119648156,9.305851196362775,33.65777161997675,ZW_mata
7079,4.830923441186518,11.200813688411928,8.321401298753116,6.069908264348683,3.056239023078919,13.528467149397772,ZW_mata
6164,5.0199948719319085,11.599670061470642,5.890660999880551,3.446736012120127,8.489903695788309,9.86233710810786,ZW_mata
6811,18.263695954550688,29.1862619452546,14.055737790836718,9.504123730577623,7.200431531547097,7.856277771598477,ZW_mata
7662,4.097105022863396,6.461654855779609,4.083273748765548,5.574357918504815,3.1716757337102925,4.178672043030774,ZW_mata
7243,7.043368994984675,4.668073384968967,7.026248784043746,7.509059879370103,2.265496052743007,13.570705784901056,ZW_mata
6557,7.1054862661485,14.899993782018678,5.369101327561052,9.987264973571756,1.5839844330659525,15.942006824017747,ZW_mata
7151,3.8100532040101593,13.070126517710788,10.338956858367402,6.853671892336236,6.707642118804334,10.811054375498523,ZW_mata
6546,3.0528411495247245,8.15708111886268,3.6501009090573326,1.5424730174299937,5.737018538854652,11.750359516606997,ZW_mata
6683,21.368949537692025,20.00149088407581,6.216561516362496,28.20008882119137,15.910005322547082,13.649194595929568,ZW_mata
6554,4.91361122476995,15.079217051317167,5.701741346180093,5.272354680260188,8.255412343988677,15.07965028864824,ZW_mata
7156,8.551585020126268,4.47207886843502,10.413475169999552,19.05930016305683,9.653238418204223,2.2952156041165424,ZW_mata
6602,21.04775622208801,22.211417517949855,8.418697308141546,9.201411221786715,2.894427064034505,14.334408429497564,ZW_mata
7636,10.30955778208584,11.50571058666732,4.522681102335027,9.165221283112322,2.763669720312181,10.700826991324432,ZW_mata
7713,2.9096776039500902,2.875034177155844,2.572372772741884,9.092665266005463,10.096341055173152,5.66669024079492,ZW_mata
7478,4.243967502620389,14.141087327805405,6.054503771885189,1.7116973788951912,6.44671492629766,17.739962635936802,ZW_mata
6755,13.112440094394737,22.02683975709077,12.577649216775512,7.464791455305045,4.586081873608884,23.243142240678235,ZW_mata
6159,4.113622124251209,17.88993097892282,14.253409176498993,2.972422751998536,5.636187880366324,21.76250121602365,ZW_mata
7114,5.612244147165583,10.934502899230148,5.829455334654305,3.940725131744785,7.37393221629144,11.540764189933642,ZW_mata
6640,7.552973633417372,9.641909384528708,7.930314203183614,4.311582993840177,2.46428024412152,6.399326905188774,ZW_mata
6636,10.98222660384712,20.53821843420325,9.120242932225532,5.95247499863734,4.900219207635889,16.508879819237162,ZW_mata
7535,1.5644963599217732,14.070142754766572,4.887300095817809,8.82812565286469,3.266728161902204,11.811985289967131,ZW_mata
7284,6.296099600532124,13.728145304476142,13.712943237745831,9.295491627601272,2.232101960564981,19.098450686958486,ZW_mata
7555,8.16047573902979,15.405492851945846,9.5187665990388,5.812817387429416,10.35077358333698,12.364903185574704,ZW_mata
7006,4.509245773318305,17.22299432261127,11.410800153899256,2.436254027267505,10.54517447834905,22.10024394252714,ZW_mata
6202,11.136263264912031,21.683243158917502,11.471467515393188,8.229626126900794,6.850384867470191,18.359807121911324,ZW_mata
7090,1.3985825982235698,8.09481147212286,15.429054363097494,6.136381284138598,19.9213541994907,35.01694711438929,ZW_mata
6649,13.099699425685513,26.48415619165326,17.429813100418517,5.986199674868131,5.4629834428205335,1.855345924511284,ZW_mata
6938,10.887323897829273,27.35354866311756,17.26975255858284,9.935671540042994,2.108367316744,9.296739314794976,ZW_mata
6968,2.908947765339596,17.967403224955778,8.58710195257337,3.768472114808556,10.419826857781173,14.12844453992154,ZW_mata
6305,8.319781374043448,19.677249608483823,10.61355803570375,6.591496253041844,3.9228229370155008,13.636215707172958,ZW_mata
7393,3.827077830525545,13.600428646441204,8.802320152906125,6.6836072474647485,4.760804940231811,10.486704978290192,ZW_mata
7689,7.103684310277547,15.993845752421768,10.323854471339551,2.978440598835999,1.369546587988811,16.1999368751635,ZW_mata
6342,6.380542272826658,17.987983223682036,15.509431583179182,6.033082739741388,3.370406070663063,16.00472610500104,ZW_mata
6141,17.229721065441836,19.678741529314934,3.771468199224337,11.058712397609566,1.1728546021638664,10.131435510968805,ZW_mata
7434,9.716445673627687,22.996441706578505,15.151318679092444,8.961204865791759,4.631369671626273,15.643627637204991,ZW_mata
7427,7.031841620148446,2.877980130582764,2.64458975072802,7.8415264850801405,5.386500940566889,9.634496196364386,ZW_mata
7340,3.710308096837733,11.268939314891549,2.9852909128755947,4.833711216874404,3.6046027516874144,15.071264782634666,ZW_mata
7462,14.453238059640295,21.69929891048864,3.53280937445412,3.465479971816156,8.807555336758579,11.75128388910189,ZW_mata
6695,2.7957587306238603,3.519089946764669,5.417214510201451,13.345889752680838,4.955600977707901,10.420169021082351,ZW_mata
7349,7.066501647190649,12.778055445559994,5.429383125423767,7.271307879951803,4.247956715331028,18.5276672309169,ZW_mata
6745,8.044939986026757,17.33858489498646,7.941988570206285,6.306705024355505,13.790811647742204,16.278085061218007,ZW_mata
7240,3.1159555436348088,12.147064032351391,9.460467711960362,4.774235030559539,1.378307013175695,11.805092655998235,ZW_mata
7162,2.9457170479730683,8.83487276122562,2.531027575479301,13.362626854756,7.292895898537385,3.805977989909681,ZW_mata
7454,3.423046297468273,11.561080698538277,9.940798203957682,6.289878873887019,6.2762557368075145,12.16885767320687,ZW_mata
6148,4.247453753645166,6.435249860478037,6.6716459497852165,5.070963646564674,2.590869033144489,3.783371985497356,ZW_mata
6369,3.3635924320647943,13.159826875165887,5.1066059100087,1.8408096122547235,2.08024062515996,8.427338886800852,ZW_mata
6657,4.903379586446538,4.854439241230476,3.65094924066574,4.583426243749917,2.6243245481835697,6.675974084890074,ZW_mata
7387,7.778840831658842,26.08251358839173,21.33810380700051,17.30664248615565,8.60251822713387,15.98578584111231,ZW_mata
6939,7.732051167845862,13.88266817894941,16.042354809471686,6.739017274328682,2.929670914627838,6.8675054324910345,ZW_mata
6535,6.665025491036623,7.747301059071116,4.429982214737559,6.708311338539213,1.4211969634355597,5.586230968787596,ZW_mata
6352,5.376525924412119,11.310348616545046,6.902324968197238,16.872864813432653,9.03163858484215,4.67831566272917,ZW_mata
6539,8.672983258661418,13.906411608156484,3.181284467475075,7.979156248667758,4.222524523490679,1.5059524085633895,ZW_mata
7674,2.523580767274769,10.175004683957372,2.5024617667816056,5.484252265671852,2.520752302756312,13.883552433813794,ZW_mata
6312,6.019941037568424,5.000821328771112,5.09167740808694,8.593747348939779,0.644768199229063,13.896886928169216,ZW_mata
6414,2.875034907144835,3.662547865637433,4.791033157250136,10.729384259171178,13.317601991853335,3.709356095130388,ZW_mata
6972,2.201606756846439,13.631268147236606,5.39141787073116,6.049872199247452,8.181959312388805,13.187848789420444,ZW_mata
6853,6.680915002273962,11.455359149274432,2.075213087279184,3.385733290382253,4.860373862183389,12.190003174353023,ZW_mata
6313,2.2948485845106847,3.777798077667421,0.5405184875428798,2.751623918608637,1.4441151837988302,1.2304932833622042,ZW_mata
7580,8.981361774550376,17.73609461620029,4.765323252079372,1.898397632422676,4.094844201952707,13.260461189341914,ZW_mata
6191,5.798925342241201,18.21379492247701,11.408141778777557,2.847449593512981,7.4341821150384035,29.640551553263503,ZW_mata
6765,15.365091513622978,19.16933539644281,4.059663435989855,13.849057479510115,3.4094750568631667,20.21290959729098,ZW_mata
6957,0.5358339746827959,6.968203202772408,8.5764112338994,18.84897979720636,6.10731038143527,11.50202838857965,ZW_mata
6212,2.7735582729378447,22.67022445802246,15.833539679502548,8.104358533260005,8.44534850955502,2.510722598217287,ZW_mata
6658,8.003759803827924,23.537277366353045,11.722654549510413,6.599352643801534,4.878113797622276,12.297985908120882,ZW_mata
6558,10.82687755941594,12.808706516302236,12.456385205616323,10.074830682006766,4.134017820135467,11.730110955670543,ZW_mata
7148,1.5751449646284927,1.7992297542071378,0.9898181717473192,1.3170825888008617,1.3726106332628394,4.5626565470092535,ZW_mata
7267,3.3993380993470312,8.001267413207882,9.35654542378278,7.369932299179092,3.402594460630593,6.495781388715623,ZW_mata
7443,5.221923244427945,8.571755561682728,6.287494507419935,2.955016014343024,2.589499397150962,2.637838691278914,ZW_mata
6743,4.387670027774484,11.804969710698169,4.703375587209829,4.809334879014099,2.0284690732554305,11.547302046155158,ZW_mata
6213,0.3752446499073421,22.911398899133054,17.082669888707024,5.533753650895374,7.536751001004096,14.5192063714725,ZW_mata
6378,12.11334718699785,28.833000487787277,10.39003552613802,7.589548526415636,3.969427232358541,13.747025790273527,ZW_mata
6919,13.065704776582036,20.115563266570323,9.274252215955206,3.278621540849372,2.584521525057196,12.234911053721238,ZW_mata
6553,8.35470339017123,5.836736943428232,3.3700355675722253,8.68301960747921,5.262050188886231,4.526032183704934,ZW_mata
7223,0.9325434224184868,2.5149385781871323,3.307310569057807,2.8799154470108794,9.307767289314956,11.217433370429278,ZW_mata
7241,1.5968295369748342,5.020594221353511,5.186676202479912,2.052308093756164,2.4629162590735403,5.301181600814142,ZW_mata
6932,2.179336382930005,11.725709113020402,15.506286672552797,5.40293041156112,5.600305000989579,7.635064542034032,ZW_mata
6462,13.20858720213458,21.275022627859208,6.868773279813077,6.31564493005444,3.796149977185842,13.880086304940384,ZW_mata
7088,6.212741817852285,4.355076179899657,15.230262038865105,8.662766911855279,1.6288319080380558,9.681012886371994,ZW_mata
7545,4.086674314693092,11.759824539822354,6.349559643981252,3.672412133032978,2.9963343996568947,7.944567532935728,ZW_mata
6413,3.095925234877483,2.545568212748744,4.138062289240399,2.4449301143784647,2.3806789284502123,5.099114705747684,ZW_mata
6785,14.540798004014162,14.058294766434445,17.184232695070236,15.442229912621103,21.629362622209435,18.276841828697076,ZW_mata
7362,6.0896021531273785,13.864823147022411,7.13039949242761,6.290301964380674,14.477690842805147,6.706097473528989,ZW_mata
6870,14.785327807134465,12.602500581192563,7.887967338914092,7.050970034988252,1.9677839669685115,25.663795502871803,ZW_mata
7083,7.780737881985093,24.40538372578091,17.37465397145097,9.672762169714906,1.7373665122774589,20.87463239744832,ZW_mata
7294,4.482763200343634,11.10838624273666,4.7895526581679375,7.846525719833644,2.623540208780212,7.793970403875268,ZW_mata
7005,5.915584082908334,14.847681594924657,13.103636693219936,9.164024812489078,5.287839968432537,4.311471818821463,ZW_mata
6623,3.259573547703659,12.786651303680229,3.504864615159724,21.39882854347814,13.560334498547086,3.9931883511750503,ZW_mata
7564,7.107675423059463,25.896410635472908,17.643463964041764,12.0045429074632,20.716875034127487,23.323307189820184,ZW_mata
6410,17.80092365819347,9.26922559813991,2.5179784861905183,15.426530438097586,11.010940487876384,4.244887235990712,ZW_mata
7087,9.14414255781546,17.47914007422617,11.52539189670204,5.042676576234308,3.52423660485391,14.69409887353473,ZW_mata
7306,3.024494145543766,6.600895385503549,7.128035136072488,8.278127406794372,3.169577787607263,18.204741647468943,ZW_mata
7009,6.266411901690012,11.431923096408385,11.93694017035937,13.562586518116186,1.831801856868421,11.219020332043414,ZW_mata
6511,3.3854475069448746,11.236011176715325,4.971251569315149,5.034660680772943,2.5938893595313086,13.7912193236529,ZW_mata
7331,5.531194603606241,28.157337752743786,15.336978411270996,7.196567660782538,8.168413551486449,5.064468442616784,ZW_mata
7531,3.638393346918588,6.792082672239067,1.924681193321544,11.61647969162323,6.011841235189333,13.479417592416786,ZW_mata
6399,4.303591394254278,1.885415654646628,3.012914879908117,3.245123459785808,2.066012022238475,5.560905528881934,ZW_mata
6912,12.15102346601928,13.237562528898586,12.727085448287834,7.843645982454149,7.734411538899741,30.97827656548245,ZW_mata
7185,12.644013833826357,21.770161275812143,5.617267859201189,7.608558503702791,3.517104494770593,18.195904723357675,ZW_mata
7542,2.758639086241231,6.163591071064458,2.6604598876610126,10.079326395804294,1.5039348317259582,15.73880351762287,ZW_mata
6808,4.289506356768728,13.076140162449656,6.963517401852879,3.854331204303541,2.139439273595804,12.053309893353417,ZW_mata
6731,6.380663587566807,9.61398264557735,4.020204801224908,9.314141476041495,0.910288489173397,9.746949303999209,ZW_mata
7673,6.507471090932111,7.925618187011766,6.657519370007247,3.680841415587349,2.955511353043979,15.238116383490071,ZW_mata
7314,4.961941233539326,12.840296318908138,13.531504960858364,5.778414535834089,7.223627887029253,3.83371032991759,ZW_mata
6739,5.8277638860288175,14.537589538828396,8.037038132976448,1.0966786857208322,2.5292874486930192,4.166763432585867,ZW_mata
6804,6.899794854455469,23.817247334040083,34.30943959060182,15.457710830926656,11.54163762545145,7.287192308863492,ZW_mata
7530,4.184312448234934,8.762421742829941,13.553739626951716,4.813519480177359,6.953423356461805,7.746609416175692,ZW_mata
6230,6.469428679155602,12.100829278501042,3.6274437083218793,23.49792023380863,16.18737694827782,2.473686128819834,ZW_mata
6493,8.693489758750665,15.856218155089362,8.769730328611915,0.7874393003600918,9.05460037906797,23.19020041455433,ZW_mata
7426,6.181210506454635,30.31154046854573,14.28903199933241,10.121491652173807,14.923369181084514,17.857205546243524,ZW_mata
6718,16.19570347443315,22.90281364443379,15.09263532662846,9.825985108961456,2.651866825935686,10.925343294600252,ZW_mata
6771,6.54347322715548,9.528041827270531,4.02982261460062,3.7896809747435456,4.714663549989092,3.1828942602206407,ZW_mata
6764,12.747371002166783,21.072174234238634,3.3795615969895394,20.786625868189624,16.86199622038773,4.395791030143897,ZW_mata
6708,2.747803090760399,5.149196632072556,4.121705053812096,2.618138594962652,1.642357932939981,4.166462331369914,ZW_mata
7010,1.3547438580360032,2.9022444892687105,1.0919578429647057,2.7882380671495524,2.0604290506543554,2.9319831430785603,ZW_mata
6280,5.999259407199316,13.843945925009075,8.846652862147705,4.839289033234032,1.713703165494549,16.146060819297656,ZW_mata
7639,3.4057842274418006,9.524104353148044,7.819272101818044,3.6013116543812664,2.5035779533049203,5.331744535315028,ZW_mata
7177,3.2594685151959277,1.5900189444343116,1.094852902467938,1.935071000509131,3.3941695942751453,3.527468494819737,ZW_mata
6532,6.268023067640093,18.118859560329422,18.296348956955946,7.590490389457446,5.493728386304253,2.942636697421531,ZW_mata
7472,9.610869449577672,32.0084882660141,19.65277957438225,5.316125351855554,3.3074478880594564,17.942362153241305,ZW_mata
6877,2.8259125422478863,10.780376566447842,4.354650153335763,13.712311517549487,17.445101396716655,2.737865779515253,ZW_mata
7577,3.329389973511624,4.237777447680255,1.9139658408883249,2.885084785235525,1.8795226858465643,2.647034461304689,ZW_mata
7551,3.7169276997563343,13.12931571023393,7.680739079290568,1.929560184557448,7.734200594805609,13.632527920787048,ZW_mata
6420,6.674445156028927,18.427377271932123,8.50657085431022,6.891386383473165,4.478721074909038,14.762369902465489,ZW_mata
7312,7.539808748300203,12.480817872529263,6.082960556959597,9.392811124545858,3.004383849423188,26.25325991893716,ZW_mata
6897,5.777867239342343,4.630372398371319,2.086292403856038,2.748966281538629,3.5640439039363017,4.094248982840201,ZW_mata
7436,13.981788343213047,13.925083226122204,5.430512812905276,6.778337389898108,5.2952541788407865,15.865344039320712,ZW_mata
6690,5.299438121453197,19.388305052516927,4.218728851756572,9.953071239562677,4.927200617565913,9.014936594648583,ZW_mata
6685,11.971939323245058,19.623383818426905,7.311769389845723,6.319775906437352,7.8504887971185076,10.343787921317782,ZW_mata
7204,3.8692233491142183,6.770980376995044,1.7026015310487492,2.4963122374110056,1.5421562476344088,3.606493345504192,ZW_mata
7649,4.430225395183059,25.88002294713712,15.789817621020845,11.112226291817588,2.6353857408368104,24.435773907450404,ZW_mata
7446,11.217786887595707,18.83534154309221,14.602263879814217,12.018099694857026,10.654461949202789,5.119240934940184,ZW_mata
6319,10.165372059635745,7.288765654898287,4.886188534011317,13.455579741325293,8.205152633256516,6.962278526109569,ZW_mata
6700,10.542268212933466,15.816790496895498,3.440323883348087,6.4860529190865455,4.621562649322198,18.77182988179769,ZW_mata
6215,6.9342609697220094,2.643177456409407,4.888055132885898,7.1850585409882255,5.922425273533716,5.9629876921136304,ZW_mata
6517,2.147243804591841,15.013663680245878,16.66223383323312,4.748309891754014,5.572721837155999,17.65897930926717,ZW_mata
7425,5.839127885274773,11.914357678601766,11.020123255694228,4.668590302240497,5.6457941890637136,16.87289354149836,ZW_mata
6819,8.635557634725695,7.224056830868575,1.5534203889609128,1.1125412054738777,3.979074303304607,3.299740143495505,ZW_mata
6133,3.1264903817148757,0.9247285934706742,1.1240406520472956,6.052951758063236,11.56158301820667,1.28712847986735,ZW_mata
6315,2.7328468880779018,3.2297345497127044,1.969720364269328,2.201181102917003,3.220783813030855,1.9231861645885024,ZW_mata
6670,6.739681826868646,17.580092600782628,13.358839004624212,12.975244828463492,5.272038590313604,24.452063706745573,ZW_mata
6816,13.280342160821698,16.85819352115497,6.871412934449762,9.160202464529732,3.445019540139696,14.879248212322528,ZW_mata
7126,4.1200926602003385,4.6748576626716645,4.942045572505484,5.135950491698024,2.4750609365681044,7.181234462420491,ZW_mata
7367,6.184046664401011,16.11976831344298,8.515266309109121,5.272985770292586,6.271646214985956,14.947534801357818,ZW_mata
6370,8.25447447795583,9.771359019249164,6.395434442108591,11.458788036474488,2.032072248473737,15.96900801925145,ZW_mata
6479,7.547322215974109,11.592891290436969,5.151837224666855,3.6817465856921294,3.969468610963698,14.061400000073018,ZW_mata
6359,2.1078256379787845,18.854799392451067,12.569912522838768,5.589683276931996,2.964116139342209,7.373629263108755,ZW_mata
7681,4.509804424516664,10.497446949163043,8.380838893373365,2.8704778004487617,1.621695933669641,2.988865515947688,ZW_mata
6882,6.616267056784866,16.272782877077447,8.21768433229591,2.6972853096493488,7.5127013446765885,8.780334260434136,ZW_mata
6432,15.632396918839762,25.340907966274575,18.04974905474054,11.491410530790317,2.73397158586992,13.633849152695708,ZW_mata
7455,7.875896997834888,11.585956017947424,8.296025869775766,9.33125104922937,7.737777813924414,9.197118713644912,ZW_mata
6902,2.9527038138895905,6.275506205780315,3.261942653737302,2.1739096834424787,5.35210744019827,2.5180409902538607,ZW_mata
6130,3.254883054419416,7.385447779153195,3.2877957883173696,6.380033388282116,3.403524905851293,3.782624437968459,ZW_mata
6500,4.780792393798455,18.33820035963966,12.573516347941434,13.289128601419485,8.296440306524255,8.689874906475206,ZW_mata
6366,9.366468390436664,12.257757410857296,7.521633848377692,9.315191776797391,4.22902407964462,9.30674040893139,ZW_mata
7131,4.013185939626837,5.559750272537082,6.903328562148409,14.881773747413478,6.881018170557331,13.461450715769931,ZW_mata
7569,6.957423710680768,7.72176159169403,0.4768100849859177,4.746969808449695,1.4084676470425632,5.603726578148686,ZW_mata
6647,7.574059782684299,14.030898049332547,10.442943194198609,6.478526683542354,3.4667159868103234,19.581567635784783,ZW_mata
7592,3.782904584889288,20.372355658802867,10.452624903016462,14.724579731805123,7.938531877424578,10.0122307500556,ZW_mata
6519,2.752325511692115,6.1935485528823815,3.846754325706314,0.5057230385454048,2.0499117498347217,1.8933863604277996,ZW_mata
6397,5.2407270390300535,30.70214225752972,3.3546423366668288,17.785611312639954,8.791132361737697,7.45201128809973,ZW_mata
6162,11.067987251258945,1.6377644168817989,7.263987305853865,8.06978505839495,4.314693611322115,15.822400058946863,ZW_mata
6114,5.271268867274131,10.501546659992028,1.3897763920912047,2.150826377874401,6.419344365749778,13.02306383391417,ZW_mata
6381,1.1559315518357511,2.765212340660167,1.3833113662422,2.7984393306109334,2.2115612718785598,3.698426429409584,ZW_mata
6226,8.443678009023458,13.22206412859432,7.599395092721886,9.974580202672394,1.5909394350410393,9.924571433908612,ZW_mata
6251,1.4205566727678447,0.795835565279082,0.7932574472731089,2.0806497078462955,1.0957481308791817,0.7965381369365123,ZW_mata
6796,3.353666053907422,3.631108242111019,1.0702272821457808,1.2763328392086597,1.539249592532833,1.543375907336361,ZW_mata
6394,5.892650043275943,7.996608551867599,8.579591350080012,7.408713249287584,13.817984270277002,21.984270726989973,ZW_mata
6746,12.041504291546897,20.19915737691136,16.964196138214113,8.852231658753727,7.202022864432043,14.07804453161282,ZW_mata
6278,5.171497048016366,5.4668874105377965,10.21116319301148,14.564640674936612,2.397874949688775,13.153846015492636,ZW_mata
7246,2.4220235178117075,5.374267126503089,3.519904987213632,7.088404297839411,4.028607098413354,7.782671344735783,ZW_mata
7445,6.103194541434438,11.17967065212741,6.033933868992191,3.985764749625741,8.038747761477113,24.77143040095464,ZW_mata
7707,11.146499325788731,15.356740778948195,8.969801270345014,4.756445575599495,2.0248466433430163,8.014760016167552,ZW_mata
6160,3.6132429637917807,11.962812389739526,4.725913905372846,6.107227069684102,7.253528950311016,15.364640718150612,ZW_mata
6205,3.6859458528505913,12.145425507393794,12.656619774925105,9.82821677355,6.172055319004358,14.60784135223126,ZW_mata
7040,18.36413462536459,21.39238886954095,12.053379468479724,13.42841717570952,12.338413064817995,30.673569944483837,ZW_mata
7102,4.600193179921964,13.248542156381625,6.300938025066916,6.506796605134944,5.027666882148868,7.239855994490703,ZW_mata
7709,6.12926706554164,8.278374658597723,3.5136714896591434,10.507967075887263,4.609602291245377,23.43506522296593,ZW_mata
6921,4.522120620598639,3.714684334281501,3.7718829699506022,4.476889794502223,4.66588980859583,2.5918637263451285,ZW_mata
7154,9.60349650895081,6.514192582897526,6.453503428340208,8.651419534681173,3.8388697799591625,13.891066693637342,ZW_mata
7450,10.267018601632742,15.426745080340416,3.43017180557797,7.659395869953498,3.75004906992356,10.123570247366676,ZW_mata
6520,10.276517884940686,15.633106514249343,3.9687132142753856,6.70783203644587,2.8912506557290776,8.888313457230312,ZW_mata
7552,5.148624947306834,4.464259277050827,5.612096644225232,6.016006259526249,5.613873375333371,21.26304440555683,ZW_mata
7180,3.3369254020347503,9.97345820654156,2.072291726910402,5.441585055434524,3.134680831551937,7.00479254009041,ZW_mata
7584,9.720297231170091,14.681178211965806,9.08939993064941,5.09358509180178,3.8374664459363577,8.6909199040758,ZW_mata
6564,3.542990930378904,7.759282292094411,7.226395035188938,7.642158450837718,6.6582263409072056,19.466855040208305,ZW_mata
6818,7.583843673841846,13.203265775116424,4.826880276833219,8.859456143718674,3.710445906989493,18.722418841095926,ZW_mata
6809,7.719550168419903,7.993671672211605,6.935481362042641,14.206624331136464,2.8623294229025853,15.179796228247383,ZW_mata
7020,7.308497885677966,15.895442823600476,2.5794595942871297,9.138874032710945,1.519998517673839,9.106340811139084,ZW_mata
6339,13.325978346508268,13.365265132248064,6.613989615219041,22.36881002325012,7.455143150281732,11.325566387342914,ZW_mata
6646,2.9276874618863884,19.02095353877324,11.637713297943424,5.869978774553964,10.930092095096697,9.2097208324876,ZW_mata
7679,3.805943723456903,11.479029438761712,6.78479734766186,7.6671730629412655,5.403709514538199,21.87292028905553,ZW_mata
6910,4.497820300728478,14.842200090468197,8.872053058296443,8.019166999260223,2.903497539141648,5.558896037101434,ZW_mata
6648,7.770897336065061,32.66178392581156,19.30840918780753,14.539368073765788,16.813955166052754,24.884571858211768,ZW_mata
7493,9.818090554606464,13.284654402287371,4.349800878555861,17.96688933193657,14.853479172643508,4.356024127305501,ZW_mata
7224,4.052213185332724,7.723798137246658,3.4632296219833405,4.69910806653551,3.878178779330234,4.845886668691813,ZW_mata
7585,1.1276141945195624,10.27701467183108,5.421280909650299,3.758764678778907,5.8094370613265145,12.563535624220906,ZW_mata
7189,5.748278830825288,13.869169704181347,6.671646572828601,8.612920287957099,4.198703847741687,7.994852201139236,ZW_mata
7623,4.745311043585593,3.6172803337126367,4.00666405971835,4.489994951633389,0.6992022038797033,9.191297500722492,ZW_mata
7094,8.93243921324466,4.183436280350323,8.410926669531152,5.00513367642276,2.017344216545623,15.496386231636295,ZW_mata
6799,5.8769430475535005,1.6782018959568716,6.708434254163514,4.225828160869256,5.454560435231484,5.805094786856475,ZW_mata
7656,5.803191890877412,19.38329758087464,10.160077473271578,10.861964428463027,6.370782024315321,5.065216235035827,ZW_mata
6322,0.961211379652119,7.11935812440975,7.9649582106361425,4.118090208054689,0.8977963508285968,6.281081782311101,ZW_mata
7195,2.599749322725561,6.125290178177706,2.6328072649998084,3.107771378796477,6.081260844672678,14.976659030853057,ZW_mata
6713,12.736011674718712,22.350834462376163,12.996009335272442,2.0947283403980146,7.370152176720412,20.701460125967856,ZW_mata
6199,3.857575289207893,5.9779369491938485,6.472704559058824,12.325955720821709,7.128578061293337,13.621932922166822,ZW_mata
6483,6.11273247524694,10.069339571038094,2.0672413591717897,4.477583026546886,3.018385883109559,13.916397294475924,ZW_mata
6725,7.832149123297895,21.171533025012828,8.557816616306633,10.100053918416856,2.216752993409765,4.954393765272279,ZW_mata
7053,4.850342283477018,5.990589575360507,2.0699987754839038,2.262937447948132,4.295169465394392,9.528791897655,ZW_mata
7169,2.25312166537566,6.047991709658736,4.320362756650179,11.459545612441078,3.77870615803576,15.095023981125223,ZW_mata
7280,5.158593059202727,1.8624018942282177,3.4289972989134854,11.34747113798062,7.945044275091032,3.461858608965817,ZW_mata
7712,6.700508112545342,13.431078392415971,11.089160280614516,10.634330069359493,1.7545306670145948,5.906969963017196,ZW_mata
6740,20.56993623794444,34.29401688854267,25.558565405635846,6.034841420777621,4.635992064581107,37.91123069093517,ZW_mata
6747,5.327321610672741,16.783160963712774,6.439584755057468,8.553774902677212,10.409115948760164,15.259674602807538,ZW_mata
7341,4.14533070234409,10.409809007887194,3.733664421467166,4.755771673562437,3.1341510897404024,8.656226144848482,ZW_mata
7335,4.1186785270184565,15.75996926915099,9.579130819776235,7.2836760558452545,3.1556224263752983,12.82072795876225,ZW_mata
6803,9.961186714501268,10.86548600734358,11.15858909734873,1.9728515196387388,5.10792900186144,13.69726514505413,ZW_mata
6751,15.455871509248036,19.97350457985404,16.60183427050851,6.235460924089985,5.147850315021685,12.827146839350643,ZW_mata
6543,4.432091102769942,8.890236503881106,6.677901525965336,7.102122674101404,5.987433940798787,13.995509605890184,ZW_mata
7510,11.679231030519366,13.099299214674703,7.272433484266238,8.666225151093782,2.888845017354672,12.174194406936186,ZW_mata
6303,10.64481931961046,12.78705313184697,4.914206288869647,13.636129372248451,7.61274634773448,8.529868370631261,ZW_mata
7170,6.582786024158989,6.459449503549167,4.608493962603088,3.8332177855563896,7.451279396716401,3.3172204031331414,ZW_mata
7498,6.551649961001257,27.19737757497454,14.932731917640265,4.500041962868562,6.772530650463234,22.68761415918789,ZW_mata
6703,5.13578883065706,3.644367198045797,6.67085600919505,12.135601459814666,5.725198136728028,10.216987430805707,ZW_mata
7368,2.009650408195586,3.6889957096665,3.615808941866894,5.768751248257213,4.904261278087692,1.6785045049864376,ZW_mata
6704,6.489815303115243,13.255816024129038,6.270359930937556,14.777396512382571,4.766664505199535,13.47403491285924,ZW_mata
7046,12.76949179976408,5.983215902665127,11.911593822176792,14.129581055488904,8.01516252679322,2.725809815134446,ZW_mata
6913,4.281017543420232,18.83584840277073,8.80444999826605,12.27174999091784,3.6755796941080834,7.083519460466119,ZW_mata
6512,2.0588971628132837,10.262345335278358,6.67621186445147,7.091920646518326,5.473763297157883,18.58521198565622,ZW_mata
7047,4.821596152036864,18.342419380525737,5.0368830281576615,15.116166575008316,3.391924636476092,18.774083971957825,ZW_mata
7128,8.177015712152858,19.331676988655687,6.203456425099886,5.850577709369928,9.13500955312017,21.34332559544841,ZW_mata
7297,7.447793425549247,15.078864034419132,3.6081788685867937,6.446849923855403,2.6197335851217733,8.136124242485339,ZW_mata
7080,13.707378258638627,25.208928571517,9.80270164159158,13.079085751707265,9.768177670239115,24.16125798236629,ZW_mata
7364,6.525339787147949,21.094321963566408,18.298420989057533,8.676627695933153,5.296506503711768,17.552688337511327,ZW_mata
6537,5.2786294323658085,4.940484158170565,3.5233846810060623,2.224398152658836,10.697578724706132,10.094001089333505,ZW_mata
6257,1.692884392361411,5.520304253752868,1.4816849332390154,2.265961269294323,2.121919735248513,5.68410622292272,ZW_mata
7695,5.828582868024444,4.328393226187935,4.059705350606245,9.520640837174795,1.0100516544495377,13.150261010764437,ZW_mata
7329,5.432371449920763,11.341902726369891,4.359065951065316,13.784269652806472,4.586522252221257,5.796216429756223,ZW_mata
7030,4.994976536628466,9.334498385113182,2.662394481147663,17.545299617704778,12.070855192706563,12.60665851118942,ZW_mata
6441,4.068045345132119,4.540552428233361,5.809676404981844,1.8463380804728715,5.539076824098781,7.663882276086498,ZW_mata
6167,8.314978545888346,8.2132141094668,2.9186370638786867,0.9177795052870056,3.198824298856618,10.451905471289807,ZW_mata
6253,7.579486362491612,10.986534465409765,5.400002104748278,9.198011572658208,6.226209832525774,7.206917598415151,ZW_mata
7690,4.770605126109388,7.7682986269614975,5.368345975507283,4.3432198062276814,6.460393698138373,14.219168514280335,ZW_mata
6879,5.351154099114166,13.385765828338648,6.055607214118641,1.589624193787098,9.844108927131035,19.85502691166049,ZW_mata
6742,4.436683696403391,6.740734999242376,6.400218585544411,5.145064414447526,4.234961105098246,21.026299238404142,ZW_mata
7033,2.563404311207864,6.228790685895032,7.711846493535008,3.278804756840705,3.4664891141453174,13.536173663812082,ZW_mata
7257,6.733759770745964,10.418045604411486,7.886829468851927,7.522368579022194,2.0302410240043685,12.31215190005217,ZW_mata
6642,8.755032951111414,10.936249179723768,5.576051084084302,5.860405610748427,3.481172445614562,12.437220418143593,ZW_mata
6436,3.513835863170021,6.289531261971289,3.0039055287707237,1.0181019286711137,6.675370455699454,14.504640310034194,ZW_mata
6309,4.224440727211227,12.42322613050931,9.041003602516676,9.2443146259489,6.030372641194705,13.34865095497698,ZW_mata
7433,3.562172822857952,1.680981834132344,1.9850778236424955,4.475178925884308,4.985667711162662,4.18294061885469,ZW_mata
6270,3.939778726582691,15.558009778947229,7.91345596586916,6.900037161584625,1.6507160991903378,12.945488330721911,ZW_mata
6338,1.5487577140800326,12.715030841483822,8.0986514288683,2.8097844204898244,4.629154494422884,14.99168728119068,ZW_mata
7037,0.3446951799881137,2.90134131774172,4.728471582874339,3.5535776436403186,1.7832250138678247,4.958209581398595,ZW_mata
6780,18.52034238915363,32.44560381456242,8.145477470513665,4.048843066774282,10.327359812657193,14.425858609777087,ZW_mata
7062,4.116164702891852,11.201729273387365,4.308713430798552,10.149908428180249,8.748734338221102,11.710222828299576,ZW_mata
6974,5.688153790124241,13.250081075937926,13.18368807343716,5.148953201375624,1.9605289649458348,3.22484619257413,ZW_mata
6442,7.82332124814517,13.392475933022292,6.350937198748305,9.226873899325284,5.372547254861174,14.762430518523017,ZW_mata
6400,2.1049745992681843,16.619626760723232,9.8198531672971,14.833710370988692,4.881685847497992,10.812699210603274,ZW_mata
7216,8.176581956052393,19.76270243176989,9.050212175572137,6.673850542114525,1.4107755233160804,11.35289549696696,ZW_mata
7234,2.136832324553322,1.9081084946807123,1.5753907908177245,2.0561260959267917,3.7663712465706354,2.247830733459084,ZW_mata
7244,9.362928646914932,6.135621007411487,6.302665369994568,5.129120500746609,3.3507172204655133,1.1736053018208117,ZW_mata
7159,5.507398023337788,4.124447561174659,9.775936627945809,5.500127304049602,3.451799384409518,10.666816636176277,ZW_mata
6848,18.737971698701035,13.45066665791648,7.402279919128835,15.687613386023136,12.454147378923183,6.800681223562825,ZW_mata
6198,2.502019442273326,9.571839149084996,21.60885414555312,14.456445191494543,6.910397824843448,18.68975793433953,ZW_mata
6927,1.608750189044814,10.194735856673798,5.37984658480798,14.19221809368278,3.9134139503927137,2.6592662447325464,ZW_mata
7477,1.5145508624340462,2.5295435621930875,3.8494613173019903,4.677123980063177,2.0167796982014803,3.724605656041317,ZW_mata
6265,6.621121591572253,15.917915164273245,7.654976869026277,11.434405903883492,9.189741932929085,15.359732085259484,ZW_mata
6592,3.773264895698304,27.77022801857565,16.127557473495298,13.105906220411097,11.609483106358793,36.93142434169586,ZW_mata
7283,2.195635666150809,15.087047841880576,14.11698270698631,6.619377742264905,7.423017816632258,7.340253698320523,ZW_mata
7121,2.433761614475619,8.99842374641209,8.805126001693544,6.509215738752495,9.07027967819128,15.1605676220328,ZW_mata
7675,1.7451689606688554,12.23670427978822,6.757738845700819,13.82630569891303,8.510573267362448,6.595127795317335,ZW_mata
6645,6.570405742601117,11.272638640704724,5.888028133801022,7.384643910687364,6.319501298391027,8.753112481054323,ZW_mata
7023,2.5071946585707803,16.372608253326778,4.734143770167477,16.09202434182483,5.24323310601145,8.274925997417183,ZW_mata
7598,3.521173454800333,23.84758809345489,8.021015016455152,20.092059043738782,8.81191502636762,10.6905518924687,ZW_mata
7618,10.528250894092588,29.201678846867864,13.761277510433468,6.592208138288467,9.841173441696888,4.510240873978468,ZW_mata
7138,14.933810470757242,20.2280468190414,7.122397641362903,8.508789267797747,4.92298218541987,15.406656244000413,ZW_mata
7466,9.371462396118815,21.33576521457726,3.832031971990023,11.87280338699315,2.675217170524771,20.566708306082457,ZW_mata
6790,2.6922051625490564,11.459728598292074,6.046360745895443,17.005027885807387,5.628642897115084,16.94244489296529,ZW_mata
6231,3.2313411139719754,11.995582104928843,6.350770560950131,19.39671516714179,5.747319178000551,3.934045445534312,ZW_mata
6868,7.111008914324432,14.113197755094529,11.459561467664225,12.983909893758153,8.664426187474286,8.126013590674416,ZW_mata
6734,19.47465476936652,22.21535298192515,5.868081484096319,14.824533355099884,1.7442790418751168,32.46327406202825,ZW_mata
6194,4.476768744392079,9.87612137213494,6.360032712281895,6.802245521647713,1.4156549168045442,6.530118506647103,ZW_mata
7226,1.43754307606529,1.1630139324030904,1.23009528960564,0.3303463764732354,1.470053983861152,3.277207119192151,ZW_mata
6859,16.01791859758959,20.06656722437544,8.51637091246886,12.550420280236864,9.178150783107936,1.2105784569348186,ZW_mata
6297,8.705386111029213,4.750530906902236,7.400376641244368,10.438529541440472,5.267920104893474,10.51154674356332,ZW_mata
7524,8.341960386850428,12.728096634085103,5.338065390458815,10.459712625286208,7.881425015147833,6.9948650526310985,ZW_mata
6996,2.78325991598528,2.855678439719473,3.6785088121161618,2.218730342136993,4.368305485677436,2.453348082901317,ZW_mata
6425,14.59699987947614,15.344744530461366,8.64692874499962,7.618137483828514,4.172564000461314,10.285990844160894,ZW_mata
7355,3.7610628167741336,7.536176854380177,4.401450297582993,3.3155553249791483,3.4503160540795985,8.78381464385891,ZW_mata
6736,2.7562555423341477,5.267937135366699,2.3405249138626125,2.9331069517282278,0.9172897051956708,3.3936748988307546,ZW_mata
6244,2.8997857496071084,7.981135372452724,2.6425157452178323,1.5618049430205547,4.812684404086825,10.034786290398012,ZW_mata
7408,6.968307870758211,9.149831883068597,2.0601620793393685,9.979235373633523,2.836711231050962,17.59631511325796,ZW_mata
7475,6.377731255839888,8.174287413622205,3.17686708772642,9.521549040847429,2.8109405145104747,21.861073047059072,ZW_mata
6192,8.768247296695186,14.949891515015532,3.7596259561445806,9.257661046500884,6.006083083999732,20.11749583276974,ZW_mata
6829,3.2830785609152717,1.4212322790687149,5.465629877730074,9.656092444068896,2.423744845872732,5.444091748841432,ZW_mata
6749,8.800635680701877,8.397088208065174,3.5548565531830136,1.327387519281198,9.74255733890092,9.894194845094724,ZW_mata
7487,3.82012309369268,13.66150844663952,14.699882859726674,6.052644469821285,12.775201875423212,9.215869931751236,ZW_mata
6672,13.773913143644808,9.90940514857697,29.8759525129608,12.110059179314014,10.192254662708947,18.12688114966013,ZW_mata
7290,2.9314928588383182,9.61286203821512,9.181682089435125,5.861064902513058,3.5583592114793725,9.2420450018807,ZW_mata
7268,2.661082938593164,11.079967538048296,20.360610552411973,11.103234789946958,18.39951496351637,8.060529803311388,ZW_mata
6865,7.976534711574946,21.67022249712976,5.709144101367886,26.51745724640013,21.80883011604421,5.004811462482534,ZW_mata
6446,11.937023716253057,12.550195722052472,10.42974129406709,14.187731895217029,1.2100850118471056,18.319361757665465,ZW_mata
7392,4.800637452116427,36.60053555653936,19.77149914993937,11.791458605547913,18.352921714548,28.51142667667372,ZW_mata
6589,3.097563928370977,4.0970914974983135,1.4078399828470596,2.627553171574646,2.519347054051506,4.899371142563675,ZW_mata
6486,8.240277648287776,11.214251285949144,5.693960102181414,9.004428526648006,7.419276562345202,4.881032714699827,ZW_mata
7242,9.25375033165773,22.539160964930588,13.571369544925428,6.975574000808054,4.269273162871371,12.333891026163531,ZW_mata
6472,4.895190457488365,8.660204019420446,7.479737689295581,8.762987901491135,6.105549998662585,15.840328272130796,ZW_mata
7698,4.092983188962662,17.288726062304637,3.252328161931172,12.810497997325667,2.382433553600748,29.33206639540355,ZW_mata
6724,5.846555776177822,13.86299463469856,5.689929531088759,5.874971918397079,5.604971015468253,9.059158745546268,ZW_mata
7115,20.52802515773229,17.688253104852762,15.29137291172892,16.82387666027234,12.124435440147712,13.773738841297204,ZW_mata
7048,9.941719052418843,18.833459519116968,10.595878422015902,6.748089713304296,2.7145683730603705,14.06565513104188,ZW_mata
7400,4.618279738913539,5.831774755858723,3.412338878199612,6.196946332537497,11.675148718340417,19.23894155253149,ZW_mata
7219,17.697278647043547,11.327839621979264,1.35202056652653,7.278150160006445,3.5503844810331606,14.55050452202005,ZW_mata
6770,5.060552075805888,18.831183335404475,7.595976031056099,12.417922091181271,3.933596746262285,20.115913425182008,ZW_mata
6774,9.54194634449203,17.57628818506736,8.781663171027496,7.737958476492006,4.778554497976891,9.789488331240896,ZW_mata
6571,2.2498179227046764,10.82193535363432,3.920317062669143,4.767072312882344,1.3578125386406596,9.953780422951583,ZW_mata
7324,1.8552323344770585,22.96350854890569,11.896845680036552,7.659869220560657,3.454628853143388,11.802952076829062,ZW_mata
6123,8.346234807260405,13.62394863514104,6.895900242969363,5.5890838204636735,2.141882851706672,12.437221192857749,ZW_mata
7289,2.235652346278369,7.729514540031575,8.880080891586967,9.223206686399651,7.424899392074761,15.826953129553946,ZW_mata
6515,2.4921827158212664,7.225340653947742,7.490335020813081,3.730449923815825,7.29544866131816,1.4436345500621512,ZW_mata
6844,4.648340948819319,12.218989993849936,4.254780078173844,4.20927107956385,4.51637084495821,7.464117196155768,ZW_mata
6184,1.8148214080438652,6.258563772434661,3.926640699689128,5.671375695388583,1.8611538577727127,6.791420432040385,ZW_mata
6638,7.13707922522386,8.449787164872685,1.9151426041222328,2.348619576523818,3.60462111893077,5.501877839590963,ZW_mata
6510,6.759025580188466,7.075669127556386,4.718045591202736,11.645057636409089,2.3698908681191333,11.846640763563846,ZW_mata
7194,3.653264138479425,11.82785429117183,10.751994040219094,10.72835344059623,6.800733529169387,1.1177419376421602,ZW_mata
7118,13.662207886606865,16.45320395477719,10.062522437161476,8.555618422673977,5.369558249529544,9.09975820281054,ZW_mata
6416,7.42964448092077,10.084349180925772,6.340172664281649,4.067427799302153,5.0224987776680345,5.747943999935061,ZW_mata
7345,3.5816633274587604,9.181261785869776,7.122853778314426,12.03420107644444,6.187193258734963,16.286291022368776,ZW_mata
6965,6.2548615672609,11.939443488546305,2.7015277286117825,3.2109271096418666,6.130297326182899,11.875291954029889,ZW_mata
7093,5.143133032479353,8.483575025711776,2.6312391007659217,4.75649104598167,4.525945681212702,7.306855199945278,ZW_mata
7230,0.9666862943993212,3.307328914964844,3.09668923865349,2.43896266282902,1.074869492123778,7.54242556362076,ZW_mata
7633,13.184926524265688,16.266463705958802,7.624332378936541,6.440690709038943,7.67725196840403,14.873951191563018,ZW_mata
7107,6.48127417763748,17.668078775596676,15.951623046578405,12.133486619265158,3.516512390145853,28.38913352067299,ZW_mata
6274,8.751318890696238,19.902360868125584,9.88571969987008,8.242125811611276,6.91822874675385,15.610636281990203,ZW_mata
6158,11.434595610205497,9.99655012536486,6.991109302996293,7.980184079375927,4.160837413590586,18.81997395530533,ZW_mata
7108,1.192585316648045,2.017949605888868,4.375739561002384,4.92770070183154,4.8399919730648175,11.15667904527782,ZW_mata
6209,6.123182195813712,14.83167993405503,6.694566138803081,1.7861307048461574,1.8023540890954333,5.150923393725862,ZW_mata
6664,14.138641279953822,19.573745643739272,7.161898037826938,11.116096991260196,4.480613006244139,18.476364890385845,ZW_mata
7616,3.644865383073618,6.522955137543954,5.183603532564675,1.2779395124304629,4.5367381113199885,10.364427745271888,ZW_mata
6733,9.918400891622376,10.770133404043875,5.109360353001136,5.403052124349063,5.976391723618113,5.450220681469128,ZW_mata
6173,6.71895579465999,6.870950669262579,8.26165925492541,10.048480693898956,2.4168525441417685,16.78088338314862,ZW_mata
6391,6.571193518237759,9.65918367714884,3.874992913913057,2.6133162953056077,6.8061690738919385,10.022806905607556,ZW_mata
7654,11.38861392876523,9.696557924107257,6.891005525544005,9.5783991988036,2.686283455835326,16.54492368584985,ZW_mata
7356,2.46429776159894,6.0577481792942205,4.482796207025654,0.8720823619269198,3.596077022785668,1.1534919918456557,ZW_mata
6422,7.034143898321837,11.096371756428614,7.525776629962093,10.59694898725947,4.26857489491804,19.009473524543463,ZW_mata
6242,8.18310629563299,13.807960812324474,13.934937745711022,6.335297359909196,6.632224229741282,18.971301788090265,ZW_mata
7604,1.3264246423531687,3.7462503215067056,4.180759914620412,12.117281756730373,13.386474094338569,7.270641939842822,ZW_mata
7485,5.28159117502865,11.74388507893013,5.802337153401297,1.5099415856635372,5.345030798374231,13.730565655316614,ZW_mata
7495,17.788289895639732,27.18136158023717,11.97118356186868,4.910549009172749,4.757060133753503,18.930375372567337,ZW_mata
6786,2.9594776309557824,5.483279030303452,8.281696006871265,12.79621917495797,1.3977444287267953,14.912421351620033,ZW_mata
6822,1.9195126923896784,7.465508592333736,7.621948361017148,3.801593564686077,2.654133788896093,4.020844511630429,ZW_mata
6326,2.255063735614033,9.717278440143156,13.100545020791856,6.120932819755954,2.215167453285872,11.66077582349456,ZW_mata
6246,3.849623257232666,16.17405378476033,8.570184961375348,2.4329343056133066,11.35585644730436,9.27706440648842,ZW_mata
6193,3.6016117248093016,4.772117298116847,2.216217692076816,4.763053755247341,2.1575486664757904,4.6186098000457685,ZW_mata
6507,10.90772111842005,22.74138131796033,10.044057086430085,8.719644783572512,6.872101496178783,9.998995666998262,ZW_mata
6684,10.239739932032943,17.32245687663673,6.024344745717646,8.369397554879916,1.4302383204403015,19.06387425149425,ZW_mata
6847,5.326912383627488,9.338418935141547,2.653082358645654,9.1268770392843,6.5450945902305735,1.4113345027297866,ZW_mata
6409,1.29397664742885,8.966241294171796,5.909219561811767,6.154080790111381,1.4042555568485895,2.5767350660840527,ZW_mata
7583,3.8428888407874857,5.762384185832376,3.353985894368634,9.063082426540324,5.623003295696558,6.9191029983966885,ZW_mata
7141,9.688858562425448,17.864485165870992,12.735100753637488,7.465067973436731,12.397635018481033,30.78894719744692,ZW_mata
6686,9.179663757217552,22.463388831070947,9.26048513593208,10.957653919677718,1.4735046536465954,17.481713169638923,ZW_mata
7353,5.367539415802989,2.6515553822910767,9.881315283035953,11.610752389037808,3.595503656067372,24.358664610648383,ZW_mata
6470,4.640482790628695,22.03778681909721,10.209734000403566,21.508340824688883,8.320579493167033,12.83013165446228,ZW_mata
7506,8.976979823945944,29.38695720198691,29.055401144447703,18.837525081830247,15.337855853569268,33.51957044698303,ZW_mata
6758,1.910902612095169,12.030380545493571,1.2994574643320602,11.79914138715512,3.377926113442567,21.23928912250834,ZW_mata
7395,5.6496574739694285,5.615750479785644,3.6410355403438657,1.968933756704689,3.039549776448221,8.290121308287857,ZW_mata
6306,10.399605584559255,17.15238164616722,7.697374619911215,10.361542604418604,4.161613817321968,19.66205068062758,ZW_mata
7205,3.62208558482892,10.222303445195571,5.662391434894192,5.090840687855708,3.877371354214724,12.8292327328354,ZW_mata
7125,13.412681174727048,25.810206749423955,3.294340125551374,5.474047172036708,14.614795564521222,26.120526244645653,ZW_mata
7300,17.03625217060136,3.9414455696579793,8.721554429946247,12.333128672374798,7.130930321605305,21.241665761619476,ZW_mata
7338,4.745500561348026,9.129149208142286,4.762207263726996,6.461180881472596,9.792493926433425,8.42410765644154,ZW_mata
6632,6.2248982033376885,19.567435691303885,11.113039196562504,2.2567219667103,2.282075075047384,15.669054606310658,ZW_mata
6944,3.639587614524242,6.722849936451826,1.717993539145103,6.65882006586003,4.93901199540542,6.581410263744511,ZW_mata
6963,9.48952902579811,13.1458136172643,2.699242224368497,3.259431698987482,8.158157060336388,13.519749127509764,ZW_mata
7359,3.0633862090959423,4.562546239304109,10.107563892557952,3.679008889935748,2.670156224080612,6.769339796039829,ZW_mata
6591,2.146980212726408,5.701009485809149,3.6412346735230674,2.070324065522458,1.4508131968181162,2.786426511892054,ZW_mata
6452,4.616568807127751,14.02158730417552,11.14333580824314,11.382713235497109,3.481025295691682,14.167925733158024,ZW_mata
6575,12.699171422797797,18.407318885913945,10.967781409989634,12.414785038037612,4.912928783497125,26.58064007331808,ZW_mata
7190,6.288237614268491,22.393251179787743,15.86133148684029,7.139595962949356,5.52444821615347,8.987223830017836,ZW_mata
7029,5.599297501327905,13.440197608111673,7.939435007239217,2.03734784717612,8.37065516420246,17.642047856201003,ZW_mata
7424,3.5367617658825394,9.65883560638004,6.521029086015498,2.321037974507904,3.0087016969116203,6.596394533814572,ZW_mata
7360,6.517429474610259,14.36676316426454,5.052999556158238,2.3463078790688034,2.144029896227175,9.214880082851414,ZW_mata
6169,13.496494122384062,9.51615190610447,8.543959979637245,9.750222971448164,3.591569952656445,6.026908353112788,ZW_mata
6937,7.136157100327161,3.6274222897698487,7.730042451422334,16.06416167869818,7.162659581419694,10.966746397695417,ZW_mata
7229,12.37632022220501,20.465195813626707,6.687282153792918,2.7239110562550666,4.236134084340821,10.671893236418406,ZW_mata
6350,7.207627305392338,8.002827254978786,4.673098086430574,4.051032723006094,2.8772201624907963,7.93035862461287,ZW_mata
6900,14.297269707632491,20.436839728399036,12.79736411547839,10.241555772708583,9.222536716272216,9.34274882113497,ZW_mata
6461,2.6698124170067463,15.707382775354976,11.328707762732115,5.760744970925444,1.6416110707497995,1.5715651383056728,ZW_mata
7135,4.275437745146184,6.402890475295901,2.3134144572516298,6.06729794633377,1.1122335428211558,15.314312749490902,ZW_mata
7274,6.362296739532481,12.356635966154949,5.720475725600579,4.5002343378919445,3.630540762564116,9.33872474531709,ZW_mata
6709,3.2920229641540724,9.714134197025656,4.888660409710642,1.817817525876681,2.4925731603312467,8.545992363058994,ZW_mata
7255,2.9662977691336554,12.130979819794137,11.093372756178049,7.913415676697765,11.79517680242188,15.583911348261108,ZW_mata
6977,5.332453725810662,22.272113204981952,6.2548681356968805,23.94378958760525,7.103441307037691,15.817980299963176,ZW_mata
7582,6.340564344681467,12.590652258871536,6.436295971464632,4.452867602250221,3.0816611690275497,8.88490480637009,ZW_mata
6138,4.461821696349185,6.507251367276186,1.8365713605493168,1.0226530648129646,1.9328783194572852,3.0415506494092277,ZW_mata
7309,6.272414204063017,10.078684575478214,2.5260551603426378,5.113675760940196,3.144868329103069,12.206762374167692,ZW_mata
7576,1.9144762088842795,4.105390606379048,9.642205655771294,6.971985936041223,3.541852445796019,1.5321323280369443,ZW_mata
6789,7.462766424682178,7.3253899848487185,10.028882374204567,15.258079800342427,5.014489567911204,7.278923841375192,ZW_mata
7464,7.783002325351157,15.701883838621594,17.433287476557904,12.407491842930158,6.543082265914428,13.43607281621168,ZW_mata
6707,2.869331867596744,9.280391106584885,5.091137284260547,3.2043883863931657,2.418694245502237,4.2338725790029725,ZW_mata
6237,6.789474401462039,5.6459681871012615,4.195614366619799,2.526971130045065,17.106714655797287,23.41579359070219,ZW_mata
6601,5.883910406869893,10.56550627966636,9.122308830954884,5.893197375315999,3.380082659022293,12.023275096559232,ZW_mata
6605,11.559240060943663,5.310969709834387,11.900206324272546,16.925652455275113,12.24381917074471,7.541413846069001,ZW_mata
6888,3.339918596777296,16.86234195010155,19.086912425459307,7.221246732711038,6.041551657666149,1.7792182601018245,ZW_mata
6598,11.280059622871493,26.19804080436879,15.38400422589324,8.619959005891749,8.4406848570765,23.672896712855497,ZW_mata
6878,1.95800357259203,5.164729791430268,5.1208706523869845,6.902647594166625,5.470774235853658,6.670305928354565,ZW_mata
7001,10.877557581706316,11.19910750173782,17.269891262400098,14.38962346033687,2.0150168050692745,20.67638923339581,ZW_mata
7318,7.556221082196277,5.813157221288778,13.2410050798769,1.4866711365781762,4.158124103670812,16.055136953499467,ZW_mata
7295,10.7828284281252,17.163613639896713,9.992881906865149,4.789025722200905,1.4196742443751604,9.12511993397456,ZW_mata
6606,13.028433615768114,17.523486923290537,6.861285569191114,8.311224744965772,3.1501510479200103,12.090541537732994,ZW_mata
6719,9.04370596886912,20.644885231163272,7.253640265238308,5.068450459514427,5.2147569482291685,23.145084682183512,ZW_mata
7482,8.404614038895154,16.107617730143527,12.129051116994274,6.472817450908426,3.0753329035049664,23.037379380346174,ZW_mata
6459,11.772877369315356,18.12254578513573,9.492848817955542,7.7063548011704,4.947172388225661,20.13953785225721,ZW_mata
6775,16.934169197597544,24.763503546925143,4.335328294092637,9.779053583066624,5.573022942747316,6.1164014300780565,ZW_mata
6981,5.99489282257496,9.764658657448644,5.206434329556328,0.7716029505874793,1.609354644132717,3.7911108549877786,ZW_mata
6201,1.1794654538849163,7.847581345087523,4.1433734240537525,1.617505300015104,3.50887330226824,17.89403313280228,ZW_mata
7052,8.954715847234553,16.843421597440408,10.0356181818428,9.510578332295037,6.196572357533339,29.20730429336695,ZW_mata
7571,5.740738474366827,24.56752818563444,9.072334096410364,7.710123175961692,7.243033753653593,10.95360381852998,ZW_mata
7101,6.644528589387381,3.5544302188634167,7.462677447505564,5.815308321410208,1.934220538625942,4.955747696416778,ZW_mata
6373,6.4847786714930775,18.25502357437747,9.52574245641632,6.987170399401221,2.392769754189644,11.758783472708249,ZW_mata
7024,9.157802390981049,17.650202604901008,8.235486209658497,9.972057586846578,7.291096562719115,16.70603650801684,ZW_mata
6956,11.363519980039928,19.668785545962905,6.339297263659524,9.500696895359114,2.212032637460196,11.537000746302349,ZW_mata
7348,11.111031565495244,18.799707869324912,2.475355437532831,7.450022013311274,6.012087995048037,18.068048397456504,ZW_mata
6861,3.7224617488322544,16.811162419853876,13.520322299488567,7.279088815740637,10.809801653917276,26.59166248874296,ZW_mata
6259,8.537075604259593,11.60726467953211,12.624574974064917,8.073218638606132,1.6492622057661237,6.93949445603038,ZW_mata
6447,4.786921332889956,7.448137022416367,8.153113871314847,9.838085613143743,6.342257474824351,15.123580152651542,ZW_mata
7253,6.336875303748769,11.75082725546492,12.308320472241451,4.751615864652512,2.6015039086638807,13.52383676140398,ZW_mata
6501,6.257315198345725,23.46911127530491,27.158806772907496,10.973399715390196,10.802636534830745,3.737592905333576,ZW_mata
6189,9.405601195716772,17.564424697011578,17.387076576739272,11.346631071470314,14.57782699411935,10.117443490691215,ZW_mata
7192,0.4632793189275898,1.1597741053531618,3.158003411645879,2.557658103617555,7.592639828821671,3.5774392096683165,ZW_mata
7452,4.214856732775427,2.3793076304971423,6.2488877587471405,2.870794358662131,3.5612850979105724,6.865132886247809,ZW_mata
7089,9.97160838822164,20.174033489699504,11.430431614724858,5.939571413607754,3.10039410630042,19.302205296829303,ZW_mata
6146,5.642175479101158,17.740191515611944,4.018946201324297,3.9211715911772274,3.909513210947431,15.941614623678902,ZW_mata
6688,7.348853581086204,7.405519078815264,5.7754089541176805,3.4874086481068085,3.1551321666657968,19.967488019359923,ZW_mata
7415,5.527071864824807,36.59681547970194,25.256874421501244,11.4665629214427,5.239727161753443,17.92055528016407,ZW_mata
7401,2.5756604309593154,3.308633749791463,4.227562895016334,4.639626667517265,2.6339209821596565,5.037511648634862,ZW_mata
6698,8.263218282932,13.69955799633224,1.9842007636807968,16.92197652997245,8.402020973282328,6.829115713680417,ZW_mata
6434,3.4023812766867123,8.687009447097003,7.586816823573806,11.95633255787757,10.335289545740826,1.7674849235313934,ZW_mata
7489,8.542423439224464,6.674897494275346,6.425680319668857,5.537642640928167,4.861459801917002,17.406554425211713,ZW_mata
6117,4.291043923516728,3.911032426292766,4.962446061007627,5.735890865444006,2.102728376998753,15.157176415427172,ZW_mata
7164,1.0374707357282484,5.912882877969743,3.917775230251384,1.0477930824694284,2.935939481699372,3.972866282901276,ZW_mata
6563,9.094788098738476,25.166088057172185,30.452163745850548,8.485683419847025,6.075860946267233,5.709067895156736,ZW_mata
7149,3.5499451746695243,10.108176533367166,6.147987395810096,6.776778557559728,5.405096722736765,8.160543500355878,ZW_mata
7650,4.321201259837953,1.3977092416990533,5.747301747638095,5.969086701983711,2.2303613782802896,15.26961123979372,ZW_mata
6327,5.085479719845896,15.243173033796834,16.363257791964017,12.444692745544742,8.164052105487984,11.473253166222088,ZW_mata
7181,5.811363598274023,24.64549218399916,14.68875614868912,6.425595650619399,9.728884694810215,17.38402955502431,ZW_mata
6506,1.8049374527465027,5.486679504363862,4.3181417567404345,2.8314240698582016,0.9473343303234318,1.214268760493744,ZW_mata
6941,7.531903244408967,16.497592062386254,18.869501330423507,3.632912696354625,7.791891079914445,4.550469948123927,ZW_mata
6614,4.954116088682683,9.243288036957807,7.348707851384608,9.86659685131552,2.459425354322339,15.100010017980845,ZW_mata
6494,10.557971271333283,16.560518860635188,14.938051255914033,4.160428029667006,3.479502431618709,12.038329493186978,ZW_mata
6421,6.132512565052466,7.922462691873134,2.208922258906338,9.979688715953248,10.474705069293854,10.56802023755062,ZW_mata
7292,8.533666467218497,7.455678144556178,3.0485643996704623,4.293316011554708,2.811084082986372,3.780489087492814,ZW_mata
6631,8.230847391548593,23.526145845175492,1.974406383450516,15.525760798284058,6.013550998115486,25.15481054774816,ZW_mata
7574,5.618697263181829,12.025492260550566,8.331838608859066,15.823998654362676,10.906556333768512,1.973929581344041,ZW_mata
7375,4.256004677436846,3.997032351518369,0.7147445486660847,1.9919417021074752,2.4940012871164097,4.784310218581759,ZW_mata
6316,0.971307669324944,3.628888491008487,3.072024889911265,8.0642802111798,4.313730326342128,11.647067106992884,ZW_mata
7035,5.346226088395237,17.94387730300324,8.064790832266436,15.613374240206548,3.126325759019433,20.79505324410849,ZW_mata
7305,4.078273964437055,4.66985736265408,1.5141948172717643,5.761357069267722,2.023866035856135,2.837146808363077,ZW_mata
7330,5.9802721959731775,4.7981942281397085,4.960297699203137,12.043452993392322,8.942501285693172,7.713288255854459,ZW_mata
6901,11.870673272672184,20.83881364914463,6.0196195756757,10.6438672815323,5.151784639734423,11.733522762389686,ZW_mata
6674,16.7320076388426,26.19407924839497,4.922267085838002,10.152122382126263,4.373752041371433,21.722895527194023,ZW_mata
7507,4.244331558874085,7.9861744705740785,2.882164295794926,22.88324203986249,5.831570403170543,22.9574450168347,ZW_mata
6426,8.049632607708443,13.225658680362455,15.514774325111915,10.556645028035817,9.795197519526718,8.608338253616292,ZW_mata
7378,12.489433692585104,5.41483371518918,6.724718534869129,11.368308555106244,6.5389448575818765,4.397510049066496,ZW_mata
7519,2.8967024194051803,3.009279515772868,2.567788740870653,5.958001009829627,4.517142095006751,8.041159421738417,ZW_mata
7334,7.327820319420192,18.70922835656081,13.317757874248128,10.735850868131491,4.691658699803235,8.755818622026915,ZW_mata
7342,8.845062896906194,14.093627845064752,3.647484494152865,11.898042116191789,3.873429221339048,11.909894515145156,ZW_mata
6950,10.763901520407003,32.6728189676109,21.16963810428939,19.307576194635622,25.747545881360928,28.600121586225,ZW_mata
7526,3.094768799780606,1.893293114533676,5.202043592231269,3.639511129152125,3.4321428821490856,2.261814443878972,ZW_mata
6841,1.774429899365624,7.596110346300876,2.032284799966691,3.808053000139224,7.1537181643142205,9.533512432757304,ZW_mata
7706,10.036702580254076,10.916140443466109,6.492063812030002,11.898617422891023,0.8469259540086759,11.991862739828196,ZW_mata
7371,10.06941618995326,23.034760389414902,15.060745074674625,11.08937777564006,10.447524168627918,15.622471950736308,ZW_mata
7379,5.352079903969584,13.175593112023746,2.9878948691074165,10.771510440880348,4.956178765025429,14.877656868832384,ZW_mata
6299,2.7227752693046927,10.592690034444564,6.244014779117443,4.131251107258287,5.122339286193029,20.27390622253421,ZW_mata
6300,4.000194685310922,8.318015777683128,15.883221104841018,3.8919781876152335,9.093259797055648,1.1914175148420707,ZW_mata
6353,6.360564266463136,3.718096701947231,4.185442250449528,3.428453462495846,2.863227184097186,5.062718833745655,ZW_mata
7538,4.706778346900276,9.22596625786098,15.17928242590648,13.76595304709244,12.670480687906274,5.274352260639888,ZW_mata
6609,8.704449904171472,31.55820609910382,19.86510208967544,10.342855898548764,2.57768780237882,17.726658435450574,ZW_mata
6152,8.721303599999372,15.18372661918557,5.515780468787403,9.134474290538348,5.921924524403179,18.6699713213488,ZW_mata
6983,3.016631888677835,12.423466694143537,7.668881241120541,6.321186880049668,7.03915065081634,28.08870514189316,ZW_mata
6210,12.747702415314327,21.30057008586764,10.120305715612236,9.405309183012667,6.240780304953673,28.888994342595712,ZW_mata
7196,6.528499266976472,12.646235905335242,3.7316153909081216,4.766183827117787,2.524035356521448,18.67024465876132,ZW_mata
7672,5.621239098944463,20.42409272161172,4.098822154666478,14.368276560812088,3.071821121739333,10.545319998543771,ZW_mata
6595,8.909510597703505,8.019900286261223,0.6198958165232071,4.542758152583277,5.183990287920012,11.75407903596168,ZW_mata
6361,6.302998678366794,14.300148390582669,3.6734237436014903,6.85311820674793,6.0829058711035895,13.284053225242486,ZW_mata
6547,1.7974126387190943,3.538882058327593,5.937512807347715,2.860711274410755,1.3868837341196836,3.732500928095549,ZW_mata
6187,9.431478689312744,15.26805960678798,10.172159310357536,6.156223811441495,1.0122233397149447,3.302086689731452,ZW_mata
6814,10.456277151696916,17.182641879880908,5.556716409341388,10.501066715981253,1.9841153819923296,18.761060535661112,ZW_mata
6627,4.388738103657362,32.905732684061235,15.69474120203531,12.280375037982362,12.755798657319644,34.61744859116017,ZW_mata
7610,4.196195128215202,12.023240881214246,4.192587702241547,1.2711573443252555,5.5683368249584975,9.313050666196352,ZW_mata
7566,2.568635025111997,4.637867357739558,3.783169144842226,8.715681625918444,2.9300289472525844,9.865471590108596,ZW_mata
6915,11.080862670681462,24.65947750407569,20.349416206926723,4.448434454836794,3.663568498357849,2.1720167486666706,ZW_mata
6550,3.0578372878866547,6.363536125201617,3.140277342685952,6.514306423063064,4.052970447504624,6.810183741685202,ZW_mata
6530,9.373265738847472,19.102965354045303,7.469454635190194,7.503363860282203,1.6527638536499238,11.58171525089242,ZW_mata
7560,6.6462460329387705,18.76169549675617,11.073736716844728,2.951765520626784,5.064805068769425,9.364164044680855,ZW_mata
7500,6.480085034868943,9.400432980134038,7.686346561913997,9.456309013767031,5.908916373942158,17.317121528715923,ZW_mata
7468,7.6908542996637825,4.822126384018668,7.176844556122647,12.343982870689702,13.503685930494449,6.882500278064402,ZW_mata
7597,9.700800825476556,27.995510988364604,18.333690868919717,4.826039225100203,2.6629533723410246,13.251436012816963,ZW_mata
6952,7.31596761880717,8.958368111858723,6.993276875273939,7.197119809667451,2.261149954025986,9.140865561501917,ZW_mata
6885,6.533721771233739,17.877927591760457,16.168403421138876,7.416077022937712,7.856657064895912,17.094421151617205,ZW_mata
6311,6.504514482772652,24.938718060703085,18.802510016000923,3.624251500604253,6.7082763444330125,17.168742208437052,ZW_mata
6460,7.592347677519119,2.2131689752726573,5.749586772342986,4.771105384352841,4.6818421112044,13.80490828727281,ZW_mata
7429,11.197021828831504,7.181146409057265,9.72975144515069,8.46572914234358,5.837783765631506,36.24359719790508,ZW_mata
6924,9.72088786055197,19.66959246425628,10.77971279161811,6.518138255776978,11.675296399053526,21.43735500348354,ZW_mata
6835,2.237698264929661,6.624729548964803,3.951528676826232,1.55675807881002,4.729022772585882,7.279879193614465,ZW_mata
7220,2.888721010310056,4.544218643738392,1.902551969577465,2.5522310620947724,2.06753393743383,2.37492541337602,ZW_mata
7095,5.765490369042694,13.859836018547778,12.38878888684806,9.304856453886822,4.827569010340938,18.39295544803,ZW_mata
6824,8.900556380305714,12.596991917538164,4.528546046692061,2.936550494570993,7.787226943166049,11.083859175074164,ZW_mata
7668,9.755799398954135,5.93023657358983,9.651094662569744,21.03603879765708,4.267828838048938,10.944628968521664,ZW_mata
6692,12.130922219874018,14.853619947887518,10.856051317402205,8.102858043273697,9.802769907195986,5.307417195176485,ZW_mata
6466,6.085022629974872,2.3450363871587694,2.0139599391922176,2.6952849477483527,3.318136132048725,7.646513667875414,ZW_mata
6883,4.338395766680242,7.594041719142793,4.405145685313547,12.121161779983607,4.049882025300082,5.309893243458842,ZW_mata
6604,4.215554713932771,12.578050513605168,8.75348049316212,9.683050614903692,3.40745665761254,21.420127175106938,ZW_mata
6291,6.073855247800586,11.047425437258852,2.89548987347369,16.63819662250554,9.09631412493684,12.17151571969712,ZW_mata
6355,11.36928116263432,17.609676574260913,19.523870476413816,5.555808715043383,9.086457396849518,1.718109542134642,ZW_mata
7031,4.417561661661051,9.806604359064538,2.287758143692534,10.519531018088609,2.0091377904919865,12.860932865009133,ZW_mata
6385,14.990876760519075,16.152172760352034,6.838015009051685,19.588283606715954,14.171329576527068,10.603266129449318,ZW_mata
7120,3.7937555136323255,15.148499838140628,7.608913923879023,6.523051141463236,1.9419267633349289,2.2535698630607977,ZW_mata
6503,11.69753012233762,4.416652107098915,13.118991952569404,17.262094978472483,5.638898239043959,7.60794590212438,ZW_mata
6331,15.554815618992386,27.208984833226364,20.485032815694552,8.469522473721495,4.567524310842358,24.47990516996725,ZW_mata
6345,3.4870995224903703,12.324030347082664,4.982687080332727,4.071400220447029,3.287879642835545,15.921528517401867,ZW_mata
6145,9.476426165220316,10.77766536000022,5.44082509212083,8.54509840408692,2.219840563973401,19.923097790083503,ZW_mata
6196,7.599722214571654,8.062993126006974,12.193330579269498,18.241240003485505,8.306056873522895,7.8495042216883855,ZW_mata
6267,7.325888915628798,22.437519409185427,12.300027932037102,7.845150840229985,8.470983905087882,19.96536964574028,ZW_mata
7098,4.235440922116522,11.149602072247545,3.078440493792655,2.287766606623731,4.620412208794646,10.23088919692658,ZW_mata
6945,9.091480716706108,9.239401201884156,10.012091193991898,7.934271400085035,7.199382144449105,9.325168580033605,ZW_mata
7238,2.9930882670107546,2.25251622454699,5.877600846412359,4.783770793262078,2.875101184845918,9.970542176105344,ZW_mata
6474,7.940920069203821,12.46116156301203,8.88734729139186,6.845706045874556,9.355389949296264,11.239428140094068,ZW_mata
6840,3.766904373980738,13.058531786290306,5.207391300686817,7.474504548117183,9.100789606069156,16.48472429626175,ZW_mata
7042,3.49146094226139,14.252688773414766,10.563646134732336,3.608733481569951,11.826882800030512,26.84678412104699,ZW_mata
6491,10.68377757691876,20.78869464051102,8.326553940067535,7.308600481506845,3.245370022788769,9.856299202581598,ZW_mata
7572,3.615885024495216,13.671415343033315,5.831894565036285,1.9638441654925984,7.012661093674548,11.614611947684695,ZW_mata
7474,6.773478258055098,7.190767051497255,17.262499831676102,7.358733928836184,3.0655787322909585,9.813518789117488,ZW_mata
6620,1.810310236705113,2.818860019053224,2.9347802351316665,1.372376410601125,2.8827485037903275,2.7612203694756663,ZW_mata
6178,1.6103747742412051,1.4077462258016078,1.6966436790013764,1.596477075180631,4.150562498785799,7.736717824327668,ZW_mata
7543,7.848169070050875,15.01727504957564,13.025581386042363,12.34635664931911,16.18225883053147,6.835649904552677,ZW_mata
7550,5.927970176187933,7.037732183446357,16.738871753562737,10.54590869630627,13.922814191483958,20.82625195883905,ZW_mata
6904,5.284768539223122,12.101797172512256,11.785700247774928,7.764302388735446,4.564928612700181,13.768624269355508,ZW_mata
6979,5.475874394586604,15.838990870450438,3.859614283424832,12.745955653865122,3.385772283700853,10.850948721102576,ZW_mata
7352,7.788547297265902,25.9655313377213,10.738407574340997,5.515774723139952,10.04476329267238,17.06578454990404,ZW_mata
6582,1.683689245634156,3.842706557636226,3.7679929703629824,8.814709106263082,10.141457914419286,6.344632033099428,ZW_mata
7317,0.8760025763949647,4.365855162516446,11.49462076011865,7.750570843385878,10.851109507006706,12.962115390456145,ZW_mata
6504,15.026164993254152,17.501938785489028,4.103366753274444,6.8852049016047205,4.814183651684243,7.471657944210371,ZW_mata
7573,9.16617647395862,17.664255203781583,8.388664901067324,6.596506330760839,11.063196317864678,23.97259918891143,ZW_mata
6836,3.1714968847344807,5.352055027592737,4.290475914346788,3.657236777329304,3.8973560289996056,7.15484393975659,ZW_mata
7137,3.9771725210467936,11.330911983007262,3.891235116889573,7.328813900844973,1.808504540747327,9.626857333670152,ZW_mata
6458,3.720863012243074,17.430819516881627,11.58565228005792,4.963431115985384,8.398813241936068,4.290270351783174,ZW_mata
7036,9.38302478016366,23.02109287881235,6.93068876676567,9.742392890897266,5.377407223804008,25.67544279485529,ZW_mata
6440,11.270189466884144,16.01034325969785,14.78950840788745,9.39123918433648,4.697463968932651,14.246487596966611,ZW_mata
6245,12.359779358788058,10.908997261351807,4.153430601768605,10.435423980199593,6.047695422147895,12.057582162859184,ZW_mata
7336,6.645001275288483,19.343769401467146,11.794129656250666,9.033162942427126,2.3161827293259347,16.705239723037888,ZW_mata
6120,2.401611508120697,12.847061892965442,4.389652855277177,8.791514539262305,3.5806389860356744,3.254292989045162,ZW_mata
7175,9.272245238877009,14.633809766293314,5.862140239507504,10.588433424893193,3.989781517452841,7.356253866053823,ZW_mata
7077,7.31772414403351,7.544637194460133,3.127811453243289,3.81444484279738,2.2900231818734524,7.859163277829892,ZW_mata
6121,12.928828128173729,17.018314809541,15.296432789938088,5.821261311416629,1.855464858071431,14.386684434467456,ZW_mata
7277,6.73440817335821,15.446931180326526,10.569476376014917,6.0760427651051225,22.090786586674383,28.18367050903181,ZW_mata
6750,5.1276137930169945,4.462522417950376,10.033245482990708,7.774997492707896,11.661346637526613,9.566248920147588,ZW_mata
7200,5.49117190473803,17.03815821752813,6.571895124369271,21.024667054530447,6.828634870981907,12.406613998840124,ZW_mata
7146,11.215300460743686,3.8339424698107263,6.836736630345377,10.215053924062936,3.586616707071179,19.894764165296536,ZW_mata
6890,5.732558877718695,15.65804858336268,9.471963692897283,4.843043123476408,1.0955711475446483,15.729783506053092,ZW_mata
6395,3.512198486186674,12.293296113796613,7.094942589287069,22.01865299618391,6.056090725457517,9.238240718127964,ZW_mata
7282,3.807101024279611,8.05220731994568,13.145473788457256,4.960700197157803,2.5788332410157904,5.976764013202422,ZW_mata
6727,16.22658617859573,18.234248184951834,4.630766583422776,12.848807425097338,0.935258965842154,16.58281960153386,ZW_mata
6481,4.524849133056278,4.04083151097224,3.864728915708362,8.230808325745478,13.336450517788425,2.7629713051627505,ZW_mata
6794,5.884489668646648,20.04845442992302,13.787656303333671,9.545996120408187,3.639632373434272,11.501474058233722,ZW_mata
6782,8.700871167197839,17.07658034785349,5.475188213241108,22.277061186499605,8.992219760392608,5.636013414312775,ZW_mata
7407,12.85674624793598,17.0920209872442,6.065446189199008,7.039709392033499,3.499508876671297,14.608303555434578,ZW_mata
6236,10.246074348106436,17.943476672930963,9.570063049506953,5.533434134368441,1.4975336642029813,8.40804244587455,ZW_mata
6518,5.476748937141836,13.792974142202524,7.249360435034096,11.517563069905464,0.8261419742522849,15.03091901557412,ZW_mata
7320,13.635621272827004,26.013885282511964,12.377420382277508,9.874511291988153,8.351015449160595,2.868335046502724,ZW_mata
7588,7.892616341491582,13.959484818540789,8.916973007441777,6.812863375660355,5.151320318118689,7.984170144028709,ZW_mata
6772,10.093637969229178,22.77994026739662,11.823081797848484,10.817647299432052,3.4361138910551863,25.829914710600004,ZW_mata
6652,10.170055195653958,21.08624335988903,4.328839224590001,20.77660098748068,15.87970846223726,7.781893603328354,ZW_mata
6250,14.112318783067913,18.450076362707332,9.021061317046051,6.94585306919287,15.2277884799787,10.996931218010438,ZW_mata
6371,3.295665059172757,1.7100136411022608,5.631868579442373,7.497059544205117,4.4906944980964925,2.606211219301917,ZW_mata
6584,13.104611050046952,24.24695315493806,9.945412706655375,4.433246554639653,8.882987861223704,17.163805493104682,ZW_mata
6276,6.941157820159537,8.272613978275594,4.38108323250206,5.522108625476535,0.8492895375081123,4.847740301269924,ZW_mata
6337,3.4005405036520986,7.466794072043005,4.108467287152059,1.122971398664205,3.081415496305849,6.970188225042057,ZW_mata
7374,6.662485539124132,18.05159467534704,8.628487291714338,11.15150836223988,5.174712431875302,6.04968267750998,ZW_mata
6302,1.8473343496584629,8.708230482556152,8.354876368495242,4.097516915507456,1.5883779391250925,21.901674906676952,ZW_mata
6417,13.666419994744205,15.020326860800887,1.1531274024824485,10.403513337798191,2.8142449013538644,9.226275967519303,ZW_mata
7287,9.136599273212171,21.313925637681848,6.343017852020587,13.70112416038288,8.14681651153132,2.683946159128739,ZW_mata
7337,1.2096726291161806,5.55673929892758,6.011806072375818,2.0453151610597864,3.353011723306151,8.581203791058735,ZW_mata
7517,1.760223302371125,3.142192589172341,3.1605256727868225,3.8079497002241336,3.6033059837425694,5.6514676945632205,ZW_mata
6593,10.782766841532805,18.78494414550193,6.07189854495648,10.692356212905992,2.848917863842745,5.957255630328768,ZW_mata
7442,10.999317987052764,21.330542182383024,12.69899086761792,7.116749726656594,1.848789620403318,5.074522737414402,ZW_mata
7105,6.955181626158602,15.170455768928326,9.58975628858814,8.599293007726164,5.395690395302712,14.889902236775464,ZW_mata
7315,6.349077062948776,4.962630024432165,6.997068382708836,3.539963278190143,8.532799518416132,4.239621937145536,ZW_mata
6431,3.855697555991685,9.262981731783142,7.369374458316041,9.007490482405046,4.5721395843961785,9.66207755545828,ZW_mata
7703,4.394052764260873,9.854923445966069,14.626679226887664,2.0682713970737767,3.98269942478168,15.7176436655005,ZW_mata
7642,5.472639417712732,14.791950723042335,7.630527782913101,7.716585092382418,14.28323687915165,26.856884464605468,ZW_mata
6128,3.919303784919888,2.1109010386593936,7.136870739357904,4.923365597566195,0.9622620568513048,11.554755474436949,ZW_mata
6812,4.138413809817678,13.162810679504226,5.533104667997707,9.06611811113077,4.3033021468891794,7.708178215541023,ZW_mata
6541,2.439666159002905,4.841975453454342,8.787618691090849,13.418803418441088,11.635487990916737,9.240695047252528,ZW_mata
7677,4.3258942426283165,6.398818585619381,2.12537337080905,7.008844746949564,1.37782130719067,9.001545071921907,ZW_mata
7512,3.3257450790064045,11.80470856894582,8.791487393308154,7.297538107824607,11.831659902411092,10.712839452275842,ZW_mata
7685,6.89053069420982,26.724310254281683,18.332425209688367,7.863428448785607,1.5916329263985214,10.56202585308876,ZW_mata
7147,1.2446884481271994,3.8362876875831016,5.627354221218185,1.3906342223546095,3.230961012061008,3.6023742879091025,ZW_mata
7227,11.110590475375222,10.070057364392865,6.664155305300462,3.3448834877687537,5.893287635596656,6.119031539986241,ZW_mata
6318,4.802024384381033,8.69488573755607,3.92841375013592,11.793391551064508,4.077468989253835,13.110984630200726,ZW_mata
6348,4.400947752038501,22.089896075329914,8.71381960919118,14.840315277604288,2.020941980023782,14.303819714781117,ZW_mata
7127,3.3068694203338835,2.9512153306982194,7.18532587919753,4.174322631622547,3.251656852392669,11.028522063676084,ZW_mata
6456,12.966401722489053,17.629392975817236,8.59544374221171,10.622438271417415,3.765446717190217,14.652276603350424,ZW_mata
7260,5.258879449067158,13.149699189041044,3.5168325540440004,9.150875444023152,4.3303874341448285,9.240916488743874,ZW_mata
6991,8.915447532158039,13.4669772369601,5.602620101866718,12.566238880819526,2.2654699005107664,14.440623855418286,ZW_mata
6451,4.434012210813526,9.027838666122316,7.6292033704269135,7.766203844262954,2.718641667564837,8.714442620035046,ZW_mata
6813,5.809946384697758,19.408585372318218,16.05048669153886,9.590718441534316,9.985709892041932,10.71894905490679,ZW_mata
6568,5.72582275418,12.2476035487762,4.047024827666746,4.174721700078022,9.39676195624356,19.80712619213567,ZW_mata
6286,10.262827576238037,17.27043194475643,6.901199187090677,4.4874223232783415,5.162498971289317,11.496878080001489,ZW_mata
6660,8.315807468217022,17.768696365597616,11.877196279602964,6.752443805881774,1.060479064251934,4.029194311395817,ZW_mata
6411,1.941259590025207,5.537790695002575,5.490679372167403,4.098379349157538,3.347491507063189,5.673691832097795,ZW_mata
6570,15.149544632937843,26.92785464475725,3.009648736240203,25.29328450644784,6.068638807258577,21.02548576056994,ZW_mata
6918,2.252841363510737,2.009899825989291,2.858189253555443,3.824711251954476,6.819336521751095,1.088426600131961,ZW_mata
7430,2.384129352836492,9.237123749170555,4.554000841859679,4.946298034194064,3.0389949355066936,7.072359021651277,ZW_mata
7492,8.97650150309905,6.111394310753327,7.580114313585879,6.472672465398321,2.045370789174971,17.30262011693775,ZW_mata
7554,7.266563494706199,12.064223682859495,8.572597514029766,6.369684818709921,8.5513710649672,2.705370860399658,ZW_mata
6936,6.774578599240722,11.522493633339192,6.573721322922658,7.96095503281944,5.553983741796728,6.529668977490209,ZW_mata
6830,4.378699019053729,23.261227648934643,14.44486125463093,3.376587617698799,4.364068446820964,23.71208700282124,ZW_mata
7533,4.613430448491913,6.693021156699372,9.786709573426544,4.460836970896641,4.34729037565776,5.783189280873742,ZW_mata
6887,8.771085964616775,15.422643413007824,6.185008248974342,12.606270985126509,7.59445230726738,14.818498475140093,ZW_mata
6574,5.26105557666683,4.391752227963815,7.058791385339683,13.110948656661852,5.765141013177666,16.876627789839603,ZW_mata
7377,12.257519554325244,25.661543521744036,14.01562626045472,2.2279841140665657,4.800145638173002,11.935246508063353,ZW_mata
6437,6.555215339914734,5.859543592729658,1.7799803836121064,4.088672125850396,1.385607694169241,17.811968442036648,ZW_mata
7499,11.995088202558613,14.7822032043829,7.798761743359532,1.6124589569951058,6.127606936309378,8.308068039188793,ZW_mata
7682,3.6276534976868047,8.401909548486001,1.4254307364534005,6.238013803315237,1.9268863758499792,5.8232960907560125,ZW_mata
6874,5.717969317596564,11.870117683646772,14.416509852694691,6.048117221470339,5.141248987114301,14.985141499228444,ZW_mata
7439,14.133097243402805,22.76081932487502,3.5507162610154226,4.662735017952675,11.130006620729317,21.227172178364867,ZW_mata
6170,9.25189532359842,14.67237128656581,11.948737736982164,9.502544822695222,1.93145543911798,26.256174869700978,ZW_mata
6124,5.057301525647565,10.27576644526596,5.509191027772959,4.653241219978677,8.126152408579904,12.279563163189808,ZW_mata
7710,7.7620422497759005,8.132108091942946,17.600504214427517,26.222369416662865,1.6508700459443886,11.466916224793623,ZW_mata
7509,5.408645645281157,19.20128745672617,12.118753179751916,11.13238661992603,9.74497893806632,17.64900352142927,ZW_mata
7072,2.696744858266106,10.982366787486496,4.731988794864763,23.642864377496164,13.275838539212293,6.047292777549703,ZW_mata
6634,7.413180910505343,10.644229175860495,8.226962386485285,3.209155626604355,6.908122598888622,11.782289110285936,ZW_mata
7017,0.6858852305032201,1.5495371766196326,2.371997833558988,1.7184794650784625,1.351661379981092,8.767730388034634,ZW_mata
6137,7.837980772088594,10.366765315582034,6.241869876251277,5.704883772927718,6.202929421648619,10.093171296004982,ZW_mata
7209,3.511695785207785,11.612158552282969,5.343613072504746,9.14463031625626,2.482320237415603,11.688162049537752,ZW_mata
6714,1.2944997273721697,1.8753359741573472,6.434361403849382,5.006000537238929,5.688464866131613,5.001144630252214,ZW_mata
6433,6.3405937221374815,15.151901510479563,15.061399899963114,10.467996271011344,6.344131349772668,8.683655080398134,ZW_mata
7003,11.164002356826796,13.084720653812107,10.255055717027131,8.494162574620727,8.709907104704623,3.3220049926089423,ZW_mata
7002,7.71251435458029,14.606018854385972,14.670253168657496,7.042332761440555,4.66273482463008,6.199240644082843,ZW_mata
6552,3.8662967344242456,8.724046192807833,5.099052500966552,2.354379985220169,2.9877279569809096,6.537303801684797,ZW_mata
7665,16.394994553176595,5.018756802748974,14.526774314196018,15.393794207475787,9.320132395022608,5.012774247176566,ZW_mata
6934,4.0384106159992506,9.23808285449459,9.867080914306232,9.165650836684716,4.937400664381494,20.562114840468077,ZW_mata
6665,3.441813236421341,14.14313281854514,8.267818357854825,1.9293828618395144,9.72655425213008,21.227759513990968,ZW_mata
6367,6.073551715518507,31.011254529234257,19.250638108368083,9.389964320490822,5.517105535840937,11.763783149473529,ZW_mata
6671,4.576663563907198,13.407662350137896,8.374086932161731,12.385642026776017,4.675892057045479,22.429124486856598,ZW_mata
7278,5.713264451826308,8.188580632844666,5.468516436352475,6.592487671554418,3.8383376554589175,3.0577174488568786,ZW_mata
7420,10.53242917363892,18.990383220413133,9.253169273476695,9.119240646635172,3.58319732267748,17.260647423423226,ZW_mata
7687,6.781063392892014,11.573960751800614,1.900796456889371,8.670659331875187,5.773258738774114,6.405546489352552,ZW_mata
7176,3.8284272233636143,14.57341402940236,9.82182971099406,1.4769278624817763,7.300693143364129,14.615257150606311,ZW_mata
6183,8.19918677892631,8.604455528800079,8.293115206906037,3.958181844954211,1.735131349566969,14.589896412132212,ZW_mata
6368,5.394494651459174,19.87760098992564,8.722544958428196,13.561235072180272,9.575742685536726,17.222035094027678,ZW_mata
7447,11.772221709115676,7.87690911850876,5.19146739126321,11.04781243832815,7.129015703829758,19.121250655717464,ZW_mata
6113,6.065959776447269,5.780695120008961,3.891391469157952,7.249601702594911,2.3131820534418503,14.14386302329424,ZW_mata
7570,7.295694491857652,22.352935280040725,20.654034764849747,5.467920881313985,5.699062650573407,23.01064567366589,ZW_mata
7357,6.529887175376739,15.032171982492498,3.1836117288276444,4.912369461084142,4.387998867761271,8.881735007624933,ZW_mata
6791,2.9893957239768527,4.16538223076955,4.523972050784346,5.671053544374289,5.941087679034476,7.519734648420547,ZW_mata
7054,6.094559857385418,11.131857995963204,7.607192042501833,3.138879467864464,4.649162702154314,20.425603810980096,ZW_mata
6478,2.7722378615794483,8.95389223102167,5.088351659757453,8.224713668154795,10.176681730434677,5.050218810657586,ZW_mata
6805,6.979523955845743,9.856992216516351,5.469210510313409,9.199272908891418,3.787124293650271,1.680284037046144,ZW_mata
7319,2.403515254633194,5.561115422040042,1.5583532543619776,3.125100349624421,4.714431851454888,3.070904855856901,ZW_mata
7106,7.895353567516533,21.813628463433652,20.430778100784504,6.279133263283809,10.436092109413856,6.06408907639153,ZW_mata
6590,6.809000042257062,14.773266901983945,6.424821203203005,9.32167425914446,2.961329016756989,14.8523478852095,ZW_mata
6668,4.753617735392815,17.197870347934785,10.108265629394586,3.572297097056345,5.309420909623636,19.357841367371098,ZW_mata
6872,6.950628107240028,10.820488406723216,9.170631196775394,11.337408842624992,2.721928072246471,13.786608425607389,ZW_mata
7225,7.306332018295907,7.67608005309126,5.366037486532852,5.334554095734471,5.483223357170932,11.986589548537614,ZW_mata
6696,9.063222866865384,17.062316944216555,11.322607654913307,7.634613205667569,3.0791130765535746,13.910583163524151,ZW_mata
6228,7.45071232421177,16.318558698659224,6.955910738657322,7.51011213087736,2.87833555780956,2.118659115737634,ZW_mata
7166,7.14664812803836,7.403411976436802,3.4005465852727244,5.704530682724463,5.217121853305823,18.350617492374766,ZW_mata
6793,4.3055201689162175,14.380913653224706,13.493612837529788,7.157097649886427,13.879982236092614,6.155862451907634,ZW_mata
6116,6.186474502293842,11.105992635065537,9.36292729312199,8.751330349492088,5.095711146357438,9.129081720209753,ZW_mata
7602,5.775161333592431,13.198703812706857,15.704242714733372,8.750320245156875,1.2242598966816982,28.620109431701973,ZW_mata
6577,18.90916976706348,29.872525766029888,20.22641070967751,6.29481445409366,1.459296374009583,11.548846523120936,ZW_mata
7503,1.1568030895749746,3.1665868476168786,0.8753904249693902,1.4329751131706392,1.661614460931817,3.5062314354425768,ZW_mata
7488,13.339045326011377,20.35583342490744,1.317782484690279,19.55417112016765,11.31480471195001,15.60018880040618,ZW_mata
6896,3.365629628812129,2.768384686926267,3.0334235477719758,2.688453477282123,1.4571869368250232,9.716850900669415,ZW_mata
6556,5.325719172229896,16.899331031023276,15.112855039500774,12.707720251402614,16.450038433845773,20.97656880887731,ZW_mata
6247,2.3753834602812107,7.574571309738111,3.405742957651916,9.295675888896112,5.874610039952307,4.616848937207914,ZW_mata
6122,6.361321420625944,11.272234035891575,10.562223121088216,4.133489588238436,4.961648209587311,14.428314811914554,ZW_mata
7239,11.156041089503807,10.426526012759057,3.0980414587953344,3.2119172692530005,1.951995325804032,7.015362428798189,ZW_mata
6443,10.534938592013471,13.284759125293888,2.5996018085968715,7.394521687332054,2.5984539916101075,17.780561130732195,ZW_mata
6715,5.540804274527927,14.439040842289652,10.748199757308605,7.293412399888282,7.040376218345361,12.59336544015256,ZW_mata
6679,1.0622227021526425,2.5784951745817826,0.5194588674892393,2.778903642323033,3.8307497622912288,14.998617872081631,ZW_mata
6988,8.400519819324968,15.014577960945823,11.51788870414302,7.354897402313983,1.225347561697886,22.174849881999624,ZW_mata
7140,6.57312359110931,19.7963140071002,6.944844085683819,4.833974008132364,6.15933251697053,12.12902231898931,ZW_mata
6935,4.444975846552086,7.92718806995052,2.008761893786651,3.378011704965911,3.755225036813403,11.572815772233865,ZW_mata
7651,10.583804199983934,32.52163310253077,20.64377204421924,10.003434941149855,3.609266966287664,33.87133355228471,ZW_mata
6165,11.911996139602463,9.215173066801253,3.136465664967708,4.648311006321801,5.687850134558917,17.692694945716894,ZW_mata
7096,12.865094795219424,17.255101695756498,4.145053103669911,8.942635792247856,3.5879651039025453,6.071328499840346,ZW_mata
6344,2.793526411306471,5.615568810977107,5.38523259168299,12.818638045617222,1.694366648403726,12.39460951647344,ZW_mata
6195,6.940019131117574,19.358169396835628,5.075504922662597,18.26016127175797,8.259466108830031,8.426602215803637,ZW_mata
6752,6.350328495935118,7.2492312488142305,6.734410362214962,3.7424273430049,4.825471137954749,10.396166498651787,ZW_mata
7191,6.236423396246866,9.166066700882688,4.509836014246707,3.694007160404658,5.926340939138698,10.706398017251548,ZW_mata
6175,2.1838827232794187,6.080632249557788,4.719639765746259,8.16629820690499,4.84165874975912,14.919199349549087,ZW_mata
7418,10.85922221098904,12.210859705807836,6.37760988796043,2.707235607198184,4.124160133408851,17.850876001822154,ZW_mata
6971,1.356609148293713,1.7843265852009074,4.437790523200302,5.338502079071027,2.719185048855208,3.9958423565591934,ZW_mata
6298,1.4971552456094768,4.851427472622838,5.596195128877985,3.2585266149964487,3.9018497112525954,3.9051659725602543,ZW_mata
6866,17.869491074563534,31.076443128420628,18.057871111926964,6.913465817213096,6.23059093092126,20.96847277263984,ZW_mata
7264,12.872185050450256,12.61023103460458,11.984596569470474,16.986269288016107,7.397158007235456,5.562042784103601,ZW_mata
6262,15.964364708114893,10.500019845502925,9.607427569162864,12.73679571256551,2.6388957508865896,20.424916981065724,ZW_mata
7537,3.753920688393003,3.493126681491788,12.68988564834651,17.896016149729146,8.464440689833658,8.747665384019198,ZW_mata
6985,2.403057915055766,8.607297173326927,6.857558690007896,13.35992956144683,9.07336455853494,11.51075676305534,ZW_mata
6499,7.251598116782701,15.53316735441214,3.772976684815231,7.206978519814251,3.5785730497654717,8.043681530367282,ZW_mata
6248,5.202335980130633,18.515444170350698,4.230652916890805,6.559235711806779,6.615315183161712,6.578903570640105,ZW_mata
6842,7.056004786429208,16.226353622838793,6.270686069640812,4.722948594794991,9.647595297501292,16.025745349470256,ZW_mata
6283,2.054945924910484,16.123537110191233,9.6840594323639,5.203250273289917,3.6812458989072696,18.28548223807398,ZW_mata
7587,2.321494931930527,3.143200120987269,1.9721368079621335,3.594625329098469,1.9573021387549407,6.609929935430654,ZW_mata
6641,4.160270821010605,19.499181681710454,10.0719920978661,12.831222900542633,1.6074192483650418,11.76166465771002,ZW_mata
7038,13.332388962620612,22.59169707847836,10.16463377164066,9.694977216947636,9.463840788415023,13.737422461296449,ZW_mata
6876,6.021630343827788,14.17233830039089,6.726360515884215,1.4999201083864742,7.490403637435957,17.91430362745362,ZW_mata
6566,3.3658688561443664,4.13632563491103,4.630880656373372,3.693720390571533,3.945658487299549,3.2924858581906173,ZW_mata
6846,10.595258689188087,9.036890749605751,5.260692551936766,2.9640062559504727,5.446819416429325,16.1259503126554,ZW_mata
7459,11.679099761374124,22.42307382553125,9.086175529450925,4.800992864647654,5.146832514648691,24.671109142698363,ZW_mata
7326,11.387491697633015,22.302643894325104,16.48016689304423,10.19063556563531,15.450036470255704,17.230392625900087,ZW_mata
6705,4.039568844001858,17.627203803909286,10.96513535447498,7.161071380743064,3.363468039329055,8.95547757352041,ZW_mata
7609,4.971070941780855,10.949924914508973,2.166523063252127,3.899777036884004,6.420940699769576,16.30790922407448,ZW_mata
7122,6.336393133163626,21.472253886913347,10.611200539611607,6.871477881832684,2.119800462102092,9.736850005711382,ZW_mata
6485,9.13243812316945,15.578141267573152,7.697480432106309,5.287252217915779,4.452106580708942,15.6067778631561,ZW_mata
7567,7.7963207116222595,14.621030299520562,11.601788614444338,6.852261833562873,10.109495028057788,9.282451024335614,ZW_mata
6942,1.6785268828988098,3.718595885067865,2.7489700798143337,1.9745367130679607,2.138491409591227,4.999629794361287,ZW_mata
6820,11.468645779269371,19.6026108430611,13.746640416049404,11.046147903426814,8.852878436158887,12.591789687488584,ZW_mata
6271,7.124728470147047,6.086504573770503,4.189522041746229,5.166118178982703,1.544794996462203,6.281254646054217,ZW_mata
7622,17.197389784872655,16.54937116402,0.7531086716181795,16.870474376899683,14.056713778128923,6.107439722118294,ZW_mata
6161,11.795473104461305,18.07735693771867,9.49920236545736,6.362766626618657,3.2580238056135578,9.443675338250843,ZW_mata
7344,14.277625316922462,17.844390201616267,6.988360434334451,5.866430860815401,2.2549390389497086,14.689040969812543,ZW_mata
7501,4.625075446773038,26.294044728150237,16.516584294077408,7.0542282519239015,5.593243371422201,3.5723969320724067,ZW_mata
6781,6.7169285693318175,11.811795667440974,2.885017195958623,16.163391937885034,11.477509354163756,7.84772948056599,ZW_mata
6143,9.820085304648742,11.510000644760629,15.361920262460924,5.010828621238051,8.770657254367267,28.12087254643557,ZW_mata
7133,1.4867237740769204,5.951640912926783,2.9182538187107903,9.53798223161794,1.5673015620386932,7.673350848121871,ZW_mata
6349,8.652678546731213,16.404487080238265,9.406078079837396,4.160107923666163,7.860994246307321,17.737769475081386,ZW_mata
7235,0.9083620466177644,7.974691372663488,8.182877900945117,2.712734550279389,2.9059048466481148,10.523408347865676,ZW_mata
6465,12.466078755731273,20.617634730627348,8.315187550486783,8.83711375823551,1.658850565300371,14.748438847695914,ZW_mata
6275,4.327506110812548,11.831493162452384,5.94364710791255,7.8838519885770255,2.634226810535457,5.8148880749066585,ZW_mata
6597,16.330868020391865,21.883679838466136,1.768336016457842,7.468701427817721,4.083199762160049,16.767764230018436,ZW_mata
7382,5.440193802627412,5.972676666084716,4.432134096193445,3.267061387776021,3.231492765681224,8.867218792432753,ZW_mata
7184,11.0492141465605,23.401732930735665,21.508595322463147,6.355316012636083,5.90570391605972,21.94995945163525,ZW_mata
7073,3.8062974064471966,23.080417026407524,12.67582146790919,5.409191340966132,3.8840647815698657,8.257186264336541,ZW_mata
6406,6.95543824790781,14.959458583770624,5.712830186666879,4.45465381183066,4.17304132119932,19.3697794886548,ZW_mata
7215,7.236494615778048,14.252253284616302,5.732672719214191,2.230740288152908,5.086054256403895,15.361895399913358,ZW_mata
6585,4.474799068028703,15.427806567012048,10.22459602230477,11.420278286978853,6.7054456988639535,14.93122948618856,ZW_mata
6969,3.3793059870678777,18.929453054962774,10.904711055725745,10.923132970590922,6.308705098228951,21.09208536522721,ZW_mata
6583,1.4789908132149634,8.251971122024754,4.05797513844561,9.83811365439873,4.732696735883774,17.08648723204233,ZW_mata
7203,8.671120117747193,26.480849466354584,10.621279168892311,6.329325596349367,8.953252135065147,10.799169775674786,ZW_mata
7015,2.8901446425641084,3.767923120081556,5.54379386862926,4.4891171593505,1.496128000849032,8.657574065697556,ZW_mata
7412,3.524560693301688,12.399073668906448,7.737284153793828,5.952479805488145,5.760008478005442,1.158919221357529,ZW_mata
6112,5.568859372534458,13.196639154172534,6.750236512240917,7.086478710674244,4.322144958749254,14.596619607420784,ZW_mata
6208,12.28690043284548,9.467467777407515,7.433212622506391,4.460772397241073,1.4398563297137843,13.538434722330235,ZW_mata
6926,13.477535559393743,14.208465758878996,7.139195264639538,20.277100368630208,12.563770542108276,8.87984258832746,ZW_mata
7258,3.960653922039579,6.4623701104092754,2.356033554849078,4.14322055704851,0.6395560392222871,3.6095148854591415,ZW_mata
6687,7.266814009649058,15.941529730044056,10.009330774367408,3.720763512242147,3.7128057257539946,14.022687734608748,ZW_mata
7396,9.683541166473075,20.95720310159965,4.272062339942259,16.83876252226852,6.976384211920237,21.507154436977174,ZW_mata
6200,2.381021703526266,4.926610278834869,3.808049541560645,5.781042228350029,3.556536191784811,9.616025652047592,ZW_mata
6931,2.775547732338512,8.244806340143313,3.2379369770076023,4.216257618008951,4.254633163859379,9.429181273131135,ZW_mata
6831,5.941722249406943,15.79952111233276,9.343170221465488,10.878443959904525,1.4918092725872123,20.291228362341776,ZW_mata
6560,5.544586156860134,20.645155771193703,28.74845929382679,14.524314506798222,7.587363091042957,5.552862270828416,ZW_mata
6661,13.152143880487056,20.32778792445735,13.737708208089556,9.562045193425872,12.886398476660336,27.178899621421863,ZW_mata
6419,12.632740262076505,33.20031743153018,31.04113578400908,13.968555482333292,11.453983040245786,11.9604384178095,ZW_mata
7051,5.240446597930015,2.652192444196795,6.866493217012096,6.468076600097016,3.4982307680464526,4.792562267290832,ZW_mata
7117,13.213559982875076,21.20650002503793,18.54107150636199,9.253420468613005,6.84974663874576,13.951952199467982,ZW_mata
6783,8.303504429828083,4.461498653059208,2.207504402562595,2.745355988408439,3.502364860595909,8.901538184896014,ZW_mata
6289,8.435239871817368,14.874514356778963,3.767973421612176,10.669757050520309,3.0710448280157774,16.478154475238437,ZW_mata
6544,1.7692837889910464,10.987709768979212,5.307888396609526,5.567506234006236,2.22478808654416,16.67510013824705,ZW_mata
6693,12.282103985041058,14.96647682729902,18.32445660717345,14.213986491705237,15.387364868770016,15.40556824251176,ZW_mata
7678,4.658663794123006,9.771516612037246,4.226281364758641,11.8792673393182,4.444009924142993,10.20303654239632,ZW_mata
7251,3.635015812342987,4.434007334673323,5.00550804139882,3.0197249616130803,5.036281161206187,7.585016758765168,ZW_mata
7385,8.819714815884895,14.178418227426176,11.465630700695508,7.039550198882797,8.067775292547783,12.469110777116844,ZW_mata
7070,14.047531527706427,19.504766235224217,22.175970478698417,15.777244169800468,3.751708827272844,8.922534886774747,ZW_mata
6559,3.4190766196203866,21.64793899623501,13.882470851304175,10.27605553431778,8.340176931108825,23.14774556872413,ZW_mata
7013,8.976846446699179,12.3309265325928,10.413062568837177,15.709899858076632,2.1381866193374086,20.77529544686047,ZW_mata
6678,9.695890519332735,13.153160824491824,8.329855830327368,4.615057479494601,2.126900205494924,8.055699979367699,ZW_mata
6730,2.140662171484166,2.5262022636850485,1.6892739497631644,6.824578645840516,7.827554000362965,14.625065469989757,ZW_mata
7381,3.385223269675396,11.426966260470705,8.015925690552116,6.733847487697737,5.767231282996752,18.21401475423356,ZW_mata
6603,11.958167489701564,19.507759831919515,3.5438433969483825,10.925207073933198,3.3731609847567707,13.046140287613676,ZW_mata
6496,11.200824334694364,12.957530745648391,6.38519728580398,10.166572504414711,6.737889002847541,6.22108541388409,ZW_mata
6852,8.586456086877233,8.615862082633445,13.641725179851369,7.405986963710481,5.420526282222667,2.425076007071766,ZW_mata
6392,3.784004254401693,19.045330373226463,10.66260798597298,0.5611068255177327,5.719713191657105,2.9222871005349003,ZW_mata
6856,3.130557971751948,15.686206669436912,21.455557093704996,8.060730014987177,14.8414701389055,12.453246407565432,ZW_mata
7520,1.3478622239236289,3.544721268907302,2.125057599422084,2.769193806576811,5.822767999481036,9.343519989802894,ZW_mata
6594,6.737740933187571,10.657398907708329,4.850731404643207,3.5966838874386977,3.211601718670704,10.913568356192242,ZW_mata
7361,4.220827943682224,5.937387266230093,4.708789070238865,1.7152855241561582,0.9072436500068556,4.736541553858608,ZW_mata
7376,5.818691303224067,11.671246337259788,6.396038306904287,5.467660515215011,1.1731042588054128,8.339073222120343,ZW_mata
6393,5.781803983388797,15.548765142168657,13.351275549160343,13.56024046023649,11.495163133495586,4.100829701400183,ZW_mata
6548,16.443969330228594,22.16198200539302,18.527635029396247,5.982320088876138,2.623304493194096,20.59488385207716,ZW_mata
7061,5.684729602965595,8.22938907789888,3.169764787487012,5.768320947055667,6.480239898503674,32.57450013249807,ZW_mata
6891,7.944759766834455,19.356529079878428,12.510891737992226,2.2280533987191,7.234044838944665,10.040934049407811,ZW_mata
6659,4.856755401837399,15.241878845780397,12.946268687513507,6.1779748612266046,6.021102671379334,2.3157824808452743,ZW_mata
6964,16.610558980335863,20.788354186241172,6.731694339654625,9.380077575697443,5.629896676946233,12.603831544257854,ZW_mata
7066,3.1728609593278536,21.90825613009282,21.90773012794237,10.629483803352208,6.612471157937194,24.95791775314825,ZW_mata
7541,4.000633462241623,6.078136490973084,14.5171121922892,7.980223771421502,10.529808057520702,5.879784350444547,ZW_mata
6893,5.624375401338191,10.835028451812663,9.04988064696969,7.687875670945736,1.3842608176583704,14.533273085602929,ZW_mata
7027,3.802812262114299,9.552969744411474,10.477093401233969,5.794287765220665,2.2609257126158835,13.47339851197692,ZW_mata
7586,5.592302460701759,6.067819512746159,7.236070558752814,1.5259371544743736,1.136243025135288,5.927770944426524,ZW_mata
7402,7.067832384122913,24.57329837743526,11.000859683603927,5.31644710883512,3.8100047900671874,16.387331056474864,ZW_mata
7558,1.9682239122093443,4.66494494058529,1.1724388877691023,3.4431137238905296,1.0450906084823517,6.252477412125941,ZW_mata
7111,7.310254471956387,9.550722474379462,10.749835473139273,8.96306479320165,5.92306027907857,20.416833107783056,ZW_mata
6784,9.923128874243265,18.5395941866454,6.268338215374537,7.194157673351976,5.323918420270995,10.430526019129749,ZW_mata
7641,13.407701845138142,20.262063736774653,4.472089056847076,19.758047493228503,1.6261011618147767,21.71762855189624,ZW_mata
6797,3.49819469765753,12.64544699167624,5.792449647654123,2.005934009769536,7.36182448160998,9.7021023626977,ZW_mata
7179,1.080442449053785,3.3077123451937176,6.739186841450371,5.496141114244099,4.283078316696021,13.741645905762612,ZW_mata
7547,4.549512518319826,14.08298325445334,6.935121426645283,7.936738390514169,2.4258145599838863,15.502781690814832,ZW_mata
6928,6.298692181754477,19.37337199529665,12.003931687226633,8.594601976875769,3.7071109339543806,12.665144436264354,ZW_mata
7281,2.4138785349403005,11.686102586210003,7.227474193979972,13.652001853722249,6.799401401600429,19.04224982794936,ZW_mata
7630,5.19216175570547,22.533198156818894,12.44561537086964,15.149469880695529,7.660877529934285,6.155577162003269,ZW_mata
6863,9.89105656198459,12.30328844060408,8.758912985128294,2.9849915287073814,4.926946903690991,15.534239275242555,ZW_mata
6232,1.5046158841438837,3.130101165007737,4.152523331766783,4.078511584625043,3.4791124050680304,0.9927582054909984,ZW_mata
7383,2.1202904186830813,1.113641046229805,1.8378182773663423,10.463285434838848,3.9686172223017815,7.589662702443161,ZW_mata
6810,1.563985019757333,7.891736118993102,12.697978772294851,5.866080152619703,5.935143295274113,12.527603886791471,ZW_mata
6987,6.319392169145339,12.853146331552995,15.053372293736311,8.251660390420374,8.651638301868354,5.536502105320375,ZW_mata
7307,10.171863889322257,11.32093814621997,12.297046998487744,6.70826210364533,3.879773511023535,11.480729056906814,ZW_mata
7059,9.793811275474162,14.942508937808512,7.9411193061024274,14.41133175454792,3.0773479288630283,16.76179178457558,ZW_mata
6127,9.054522701282632,16.325381148287693,10.585586492183287,6.678830145637528,5.303574688983427,9.3559963299508,ZW_mata
7620,3.173374675166344,8.846096625105677,4.89604453924419,2.2348568936470383,2.515152004049605,4.040355764821823,ZW_mata
7700,23.855511891671267,33.36236476752953,6.779990519613639,17.921644263181868,8.444131394788478,18.29253275374385,ZW_mata
6889,5.304077500660832,11.095566038927108,5.89258359731411,10.948107321466477,4.234775139705758,14.52745610307842,ZW_mata
