i,sa2020,sa2021,sa2022,sa2023,sa2024,sa2025,roi
2534,3.2434878311785718,6.252570559770438,2.533688019094738,7.242327886374355,10.576994998822029,4.566259735323833,BR_caat
2591,17.40662321695915,7.483403738997961,6.925603511239327,12.454587925126274,11.586869575180547,10.638561683235633,BR_caat
2894,13.913865031030888,4.7223216755704085,23.964224469803025,22.195462984719793,16.251113578615815,17.332217708263393,BR_caat
2027,1.8415696703101072,4.501963999817051,19.526432301352486,19.54176976959991,4.95752206211089,5.016822189575431,BR_caat
2365,19.90141646429119,16.470832470529327,26.492297718073676,17.95377684040702,3.144962951270106,8.632523210179729,BR_caat
2885,14.163072698326115,4.5143040772674174,8.236359762016729,4.5485724293877485,2.2912567163516555,11.560785029417627,BR_caat
1910,24.927905628209697,5.48808331991563,4.361153669151084,3.9341094164380874,13.744207794601431,5.684045899051061,BR_caat
2898,5.3561526761948315,1.7751954737378146,12.41368194098525,6.954520228666932,4.268776183493069,6.737084418964042,BR_caat
2797,10.944620330182126,8.752799713931664,3.438729797144829,11.87792186265545,3.8385558266605013,6.271117208668807,BR_caat
2691,14.452102095453773,7.998385182913687,3.398007826415008,15.270133640198603,5.724336166248481,5.869339721336249,BR_caat
2993,19.79483633925219,5.5856127031821625,24.487719531861647,18.346268285538823,1.5227475596372344,6.82365141203899,BR_caat
2572,22.307068552497785,2.158272557968198,18.531593347187936,23.913709856679777,2.723002567235884,13.77020812753725,BR_caat
2655,10.97812454363548,10.861058486832752,3.2718367201345884,1.7112118636360683,2.507577205249012,1.5272649207173161,BR_caat
1984,9.411379659339289,22.331271731856987,26.985976923771048,7.2120009170323325,2.166372386389375,7.908908776171705,BR_caat
2781,26.215864630778732,12.127067002928749,16.271030704959234,13.437056680933212,17.3955757646509,29.423108774895745,BR_caat
1833,3.3215655473053345,5.494355903355722,12.569033744275817,10.833043096448305,10.367372652435549,6.392865120969809,BR_caat
2030,8.203716303688047,9.816651743293917,4.433244004544698,9.296013748600156,6.165206421662577,11.228090276394417,BR_caat
2004,12.82113818672783,6.994083487350936,14.370563568833074,5.829391576069713,8.430917819255997,2.4580218446617192,BR_caat
2169,17.22961422229278,19.6634631095396,30.191974314351366,37.775849908182806,15.731516564883597,15.052408149681728,BR_caat
2048,3.0367548051364768,2.330504824954891,10.96715072365193,8.115597758877428,9.93411030490936,15.437678845708012,BR_caat
1875,24.348379426577022,26.220557639252313,22.006250758854552,5.216564926946342,12.074968340274996,18.19925528817838,BR_caat
3019,8.676022880522837,7.868832359496536,23.269051704338114,20.201191080952178,17.487684963021817,18.95264965366297,BR_caat
2339,21.013942775471676,21.383214958985338,1.4547842306459007,2.76631190800073,12.157044311775357,14.068418148721959,BR_caat
1849,12.542538441864128,5.7542230606156854,15.96317722425638,19.89935971991655,11.579093482888535,13.728546961824103,BR_caat
2645,8.273003850002668,3.1062757206068956,11.959129081905177,12.276759694683339,6.223460573803697,8.653835540315727,BR_caat
1843,8.984937879955735,1.288338140362443,6.832040654303224,13.601375576552648,10.182415292937144,4.6217419437230625,BR_caat
2890,10.340509738157717,2.756332806798676,15.543039276559817,11.463354404282589,2.7795622671099225,8.755785972104357,BR_caat
2855,3.3737964609546056,1.7558995346243114,3.14677628606602,19.450221186478956,15.059891086101816,5.295096425118397,BR_caat
2589,20.424405961263673,4.942694059740544,7.058946442655299,9.428314012484314,5.135139841617497,13.818062931369218,BR_caat
1828,9.249095751910216,3.6061655544740523,5.49330503226809,1.188510236094587,4.8524330944171625,5.485265977692946,BR_caat
2026,27.40172236131141,25.51508426735603,13.255168873893144,3.976945159059216,6.714648195738135,5.381550660742777,BR_caat
1949,8.255252604662779,6.999294587021123,4.675026848555432,8.139001499815985,2.6227518393425555,2.538479146682089,BR_caat
2543,8.523594332915579,7.56246079646848,9.62415723157778,9.571293147370179,9.66204919691485,6.610811919840506,BR_caat
2581,16.329859122987063,19.292598674294887,20.94516282805941,7.028847131639948,9.902994249919194,8.12860661202252,BR_caat
2744,22.352175567116255,6.359223640047756,3.2391128184234055,3.847995712481757,9.733473870783989,11.203814752926855,BR_caat
2690,3.357958701731769,1.5955029354881611,0.9760107427802714,20.243334071615003,7.88257917919231,1.3630385620045922,BR_caat
2713,19.560486029005585,22.470841743194644,3.8798633835655956,3.037293423259318,2.6729811008356426,3.9706454631091783,BR_caat
1931,5.312557276126638,6.121355876089703,22.677780175236595,14.72996952015875,6.203511351788398,6.540771988220216,BR_caat
2830,16.80315952713787,13.90534068065233,11.565439372279444,6.839179366060819,8.145354625145474,9.137627227796346,BR_caat
2857,12.970132913256258,13.389448285539025,11.177552334492786,3.056631106041077,2.807153932659641,3.4088132832140507,BR_caat
2347,5.826988607854986,12.601985403195252,18.513222178252626,13.713856224480418,9.441760794906589,15.985972857660222,BR_caat
2875,19.508735559220053,18.91731665204459,32.883576070772556,29.518064730270062,7.004016647755578,7.030194155037092,BR_caat
2036,4.605238208373795,7.092527528339208,15.18370689300686,14.058433549818933,5.7913981608834435,5.319499533715306,BR_caat
1937,4.023691166920533,14.35037258235629,6.398062491450213,9.111612648648263,6.239241122952365,5.845362943548639,BR_caat
1887,14.985371105596588,4.51152181652631,7.8421194854358856,11.694246425354828,5.220806131402375,11.989384198442156,BR_caat
3036,6.999591986354627,4.007072709020317,8.291536914290784,13.783324156836766,16.33711463003906,21.94688457325687,BR_caat
2214,13.29369823075401,10.836290457641065,6.622716513039047,12.00997785510967,7.767688003883565,10.869871526952553,BR_caat
1879,14.811311193666514,9.711594603003135,12.690956544642827,14.869062328094909,7.627004690984999,12.718412811336718,BR_caat
2619,11.614394736488212,3.022742309470074,15.521740221621183,12.563846782341518,8.57528796250571,6.296073171208926,BR_caat
2848,12.702565373876704,1.6776726450336932,1.7922245198510625,5.716024344602599,9.209576921633749,11.999531233559194,BR_caat
2753,3.7469729012424615,4.774420066505308,15.977176963421035,7.031386493812861,7.521468225292076,16.262009538893007,BR_caat
1856,10.607171903285456,18.88633456482762,20.831857921494144,23.938717687486033,24.2084440868613,25.269719622413554,BR_caat
2453,4.0301176929332065,6.167576473977911,9.010983250169573,2.7724181159565777,6.322015748361983,3.9538973617246254,BR_caat
2961,26.923644086514642,15.337303668720105,16.463147306635367,9.328588048595867,8.271297886829165,15.30220137033198,BR_caat
2759,11.394188254992557,5.167455096515697,7.374811049353408,19.283446242826898,7.3737792572331955,3.3093426362570764,BR_caat
2468,13.606731447721574,1.494944746382104,13.003523642181392,16.90552900240213,19.26813166367784,30.2544907817901,BR_caat
2140,17.545838488824298,15.081759130174794,12.089755373286527,14.10768473009441,20.107789499072624,23.603345919451222,BR_caat
2093,5.542944962894336,8.197556038001913,18.33602721273431,11.847488614360769,10.569634056559632,8.845404711280663,BR_caat
2726,16.827428611158485,3.2958388662494515,12.689120415752345,11.076872489813214,12.069858436426317,10.65929648948266,BR_caat
2277,8.484031125070302,6.673087571568318,16.696732902814794,4.1237550087711705,7.782833752824457,5.645116675131103,BR_caat
2352,8.030300966908761,6.315097240454301,20.695961770502453,14.370033782637341,5.219858034166896,12.992899066363616,BR_caat
1901,5.126721049141154,3.4804781533186624,7.781799116130665,6.499033192443927,2.695377763163073,6.331114738897403,BR_caat
2876,6.547948803511465,22.212967633048684,21.078919411518058,11.246699664264218,6.190155942617477,12.163115343519824,BR_caat
2914,20.840318310088307,14.537901221275083,11.264740519352623,16.765553445583638,13.577422805271835,16.370216719316673,BR_caat
2687,21.61603936937227,14.013731413566235,11.460482897218938,7.0639687624410925,7.468084227286453,10.850250392439742,BR_caat
2123,18.619680798453675,6.822618292056573,5.198307514416515,14.677267820692043,1.331501453522735,4.681686478941718,BR_caat
2755,11.274723822343828,5.633228316218814,8.081425243009651,13.709602224412306,4.163756391246,5.410739204267883,BR_caat
2648,8.172888206366862,6.501563280167794,4.03511531140056,7.12391282081512,10.144135810174754,13.583965022042221,BR_caat
2077,3.3416841737610374,4.064414163024293,15.565569634772682,13.061310029182682,7.9643248613184285,16.57785748074057,BR_caat
1958,3.3812319730854474,8.794608206292915,10.128182308455768,7.693567913924251,3.238351191939484,6.540759772836981,BR_caat
2606,16.508352460931324,4.0647567627273204,21.891147651487216,21.65320895724586,13.557934740330422,21.175584067826847,BR_caat
2544,14.043064857181944,8.318810042121736,6.1755355353882075,5.552056331050334,6.3993968611230825,13.810699042696077,BR_caat
2252,22.814056920175904,11.256884856270712,15.439261871007226,7.700037778146123,6.3367297592178025,3.8719802784906445,BR_caat
2335,14.878192704420712,1.8745032038776726,8.879373570638032,8.877752997906327,14.405515635961411,10.559335818638147,BR_caat
2409,8.741025402856092,7.484696993195736,5.483767403859023,11.070013078051375,3.622024482974433,5.931249799783959,BR_caat
2815,10.003655795193142,2.817940492759252,7.189893945974017,8.2683972694399,12.588698015141343,25.709126474729345,BR_caat
1899,12.960827376430071,3.1166040781243707,9.816414618335553,7.990755594251417,5.945410698053657,4.461490748279216,BR_caat
2479,11.382224473533684,15.440132354643543,30.37241953117635,24.581875225971185,9.977157071441907,19.423972207082066,BR_caat
2448,11.482267952450508,9.262523926037435,15.2813205480074,18.655127139881774,15.060075908218195,18.52567964428337,BR_caat
2854,13.96215219441847,22.11937599483062,19.880342632092873,11.82177082708256,13.053402692941813,15.170725189227086,BR_caat
2072,0.8364496968223571,0.8651537238750395,1.1444513411057637,0.8583674556004336,5.259663643014521,53.83233580753237,BR_caat
2023,10.941533629026367,12.029948744175144,16.3260862288134,12.705349906448431,2.135843149641214,3.196116426763405,BR_caat
2423,18.70665136080218,3.2450288283887385,16.82395651514697,15.871149426121649,18.46758594733586,14.304922753352695,BR_caat
2239,13.122001082711407,3.359788258769832,4.865910879633772,4.292186012964857,1.8906006596729368,5.257545015193348,BR_caat
2418,4.290574902885364,4.050798739303973,5.612304175346721,4.648869006067147,5.1694322403497175,13.481277484762337,BR_caat
1999,1.8963021992853033,2.6848953505530777,5.053100200939839,8.094832919536763,7.157144887295583,3.766756515605944,BR_caat
2883,6.665903078791474,4.451725562113057,3.0240245618901294,4.941664808776316,12.796190069165785,39.34459857434965,BR_caat
2228,27.60651683531875,10.05173060705545,15.310445804367577,17.280283765921684,2.554445991303828,2.231495883891224,BR_caat
2182,2.497360311067779,3.367805567294101,0.9196255028464965,0.6583787828443938,3.7256363110267543,2.956280248376876,BR_caat
2447,6.1228970292656575,4.841636539571433,10.14687646339295,14.196853488968282,4.834107935226338,3.4268942931595574,BR_caat
1876,3.7868237303136274,9.732466715510938,5.614583393668033,8.735343145365334,8.48152935185578,8.650705609037098,BR_caat
2263,11.243792580360983,12.284080353699885,17.34401677245088,18.40134663402475,8.865368244520692,10.863193796832977,BR_caat
1817,14.59440329016649,14.663902410842436,19.25675078230303,20.538538400404967,1.3050092174693284,3.684882081179564,BR_caat
2104,5.323445276827373,3.58130483171013,17.424616977907654,13.831381569440893,11.011776861620742,12.694477471458166,BR_caat
2796,18.563055141998788,6.985489785615725,10.386384068870061,13.269417851214438,6.543924490969547,8.025137526294834,BR_caat
2016,22.87743505007868,26.790863795655866,16.642386653168312,1.1546676838313015,8.841863531634305,10.203865651203598,BR_caat
2762,9.504787556395817,14.571606682156254,8.539859889560438,4.495565001997111,13.440122525738333,6.620614003764497,BR_caat
2158,5.751972533285865,2.934571700825541,2.3608366529485565,3.1477096714941015,5.831165927212058,6.151294220323441,BR_caat
2227,1.3174622177726927,2.497195261375146,2.2528735070316714,2.1837569409363433,1.9009478608195656,1.2865865286785616,BR_caat
1945,15.745403160032884,1.3810319928037411,12.054224132014655,3.8065445866228518,11.925801803396947,9.866565176101254,BR_caat
2340,5.868963176408745,5.170485975345058,7.05434303430188,9.145258905042196,5.294279211541591,3.546753739653777,BR_caat
2038,8.66656990001169,6.89716134051512,13.14796822676881,9.344763065156181,6.016200389521089,9.569807641925989,BR_caat
2083,3.909783356937941,8.8790793809026,10.73962213077955,10.018077572361497,5.7840801232882715,7.24845600690492,BR_caat
2729,18.16688919825091,13.111806692735506,21.302144737766938,17.35754957700708,8.67482910823958,12.770824344730595,BR_caat
2718,7.704223244997549,4.826145224170477,9.176282594175303,5.100567799962753,7.891311589105089,21.082176239329723,BR_caat
2638,11.647263996308379,15.882715669363039,29.80140315679845,33.692764056670335,24.137131542200294,20.743787696418543,BR_caat
2518,8.34756450828544,9.074977927227216,11.258385744717966,7.695967460280143,15.242113270327609,9.504860825049093,BR_caat
2318,13.83496761596845,10.148043415466939,4.136834435539503,4.497093385766343,5.497484224687174,25.516704759267025,BR_caat
2432,1.577673076299843,2.2675371392688914,1.066701097086198,2.124272191694311,1.9898423259847473,0.5280534627827517,BR_caat
2460,13.865926962814871,10.34828957950237,20.377051837594443,20.926500884034652,6.208364510469053,3.9349492141489066,BR_caat
2994,2.677024036273549,4.03135324993802,14.575071940866748,14.665989967041808,10.995207261427263,10.356009933100228,BR_caat
2408,12.473838988114348,9.268091243296741,11.102890452953257,13.31022605561655,15.057898064691472,17.85102158727266,BR_caat
2035,13.104796067272469,8.51845572366248,9.554668913777991,4.070975076414043,7.663060267440922,12.520457605321141,BR_caat
2288,11.620274271283405,2.2290687737471098,5.047926728792459,9.66807395077761,5.377019478387798,15.011092660002303,BR_caat
2414,18.865324991702728,11.349096841204046,24.265289640330955,18.043830885628097,10.369946060927312,18.710196407654987,BR_caat
2852,8.47045064944932,0.667527386457143,6.065606032905517,6.368444879967447,7.479012811262135,13.870308142562896,BR_caat
1903,2.2169477083465328,8.205249821194675,5.417107011100326,14.061228797739524,6.120550147280571,15.704811569989722,BR_caat
2066,20.090530853111936,10.357344911369772,11.429899767659279,17.238311457131896,13.255549326429568,21.005835249329674,BR_caat
2540,3.3354562445183036,8.458385039470706,5.510947617973719,15.626952730301594,13.76124631114463,12.658619415709659,BR_caat
1963,5.205961632430724,7.983214291320801,13.409704384062396,12.1046868821834,9.72484137371164,12.159517600384786,BR_caat
2881,9.362723168382729,5.887575376886575,20.94388978777442,7.264733534875088,5.67881630001484,3.733833814221025,BR_caat
2695,10.2798681748197,17.9637099881059,32.24526759120989,16.966676994695742,8.236531647772681,10.440446411264677,BR_caat
2103,2.348145336514316,8.831877744932461,5.8004022906327375,5.284942606816676,9.664279863484337,4.489304780675445,BR_caat
2945,25.841383097686677,8.787830363801627,9.943439617670432,1.776745413193933,2.759362805887555,9.806520173549194,BR_caat
2827,10.83317900418819,5.899685237389523,10.58854265831765,5.446237426839673,6.355620634245339,12.201434853805699,BR_caat
1780,14.742093386588873,8.074765843991587,1.1489059567498645,7.208389814860054,16.521963106254585,8.825453935615714,BR_caat
2942,19.551048907729058,4.667572238234419,3.3086074067957076,6.492453654556575,6.784090003663805,18.649174861917775,BR_caat
2249,11.025000784848197,5.246317906968072,12.653570142770524,10.971225254045045,7.9931670336901615,12.487873255545521,BR_caat
2071,9.691860559434211,13.780803664673838,16.831355534518778,23.896190844285844,20.054738978433882,11.462387580724874,BR_caat
2712,15.523175564132044,11.850939867971922,22.639113141073718,17.53431297698933,4.198797866971063,3.428878694421457,BR_caat
2470,15.095710732873872,2.86378174761367,6.191456032464258,2.5322073762405606,6.098749656748387,6.47282300779294,BR_caat
2438,9.34057616197608,3.7763190788858454,7.106722613495881,11.08124794420493,5.2526866046082406,10.665631457530926,BR_caat
2895,20.431258955519407,1.810073394726791,3.294871671141494,1.5167086543395534,4.265998820827476,15.174680607462772,BR_caat
2211,4.4057640360451575,2.8076878825479166,6.8650270072805695,5.825176053744323,5.505507548729436,7.9694706598851415,BR_caat
2396,16.582846626590754,12.876843185913987,8.4097615962176,13.638172398667088,9.591456348013038,9.286269218439037,BR_caat
2461,3.518167009963914,6.737397675639937,16.613051133455613,23.526363338662428,4.882890899325095,6.828854475005962,BR_caat
2232,6.3133645663004145,1.5511100152514805,1.3597579250768552,4.972537527310866,1.9573315530799371,1.050139125631681,BR_caat
2545,4.70667870964132,5.162113675655181,3.8537599259810884,2.94557487156914,11.382830912193432,9.145641015939354,BR_caat
2428,34.51170454670522,1.4873416822212338,4.775307267905804,5.187955758900478,10.63261279178754,13.204888327174665,BR_caat
2738,11.322763702892802,7.799256696311165,22.017419637887695,15.561768065233382,7.5324855967875015,11.589869753668806,BR_caat
1935,14.477734467736722,8.151238270178395,7.348809069607003,2.2978896572609755,9.92236288923413,15.761715923145385,BR_caat
1826,7.224690237808486,9.448854445463002,10.50519699190402,12.536080146496563,11.872317313820076,20.870098118007842,BR_caat
1927,6.519806940972638,6.090525289049788,6.053266601903381,4.828162693375638,4.970751133437927,13.237978429036314,BR_caat
2407,23.094586556593764,7.418350383036287,8.669966538364989,16.097057397447465,4.405943880376711,18.68539108806562,BR_caat
2362,29.59925699579888,34.30412650875112,10.413647014617466,7.245189201682359,5.944759970862405,15.444067450524557,BR_caat
2138,8.784193463279479,5.723815387704705,12.451275787449784,15.14468261197839,6.12043777812301,9.01412205155794,BR_caat
3012,22.54967747940703,5.589795980632933,18.14042521442403,12.006360417548892,6.247432425737535,7.195145333100839,BR_caat
2697,22.019747862455436,4.0341593511405165,7.888643684802953,2.3858097305046533,10.686610019448487,6.490242585517865,BR_caat
2514,5.545130461568857,3.2415459007173872,13.695238117162237,15.091046355692766,9.990183073900495,17.099092103460865,BR_caat
2494,7.001173162659335,4.703613702020719,1.925939816509687,4.720060439653339,2.103123917111448,1.7756226759204932,BR_caat
2551,16.987647178083993,7.031696254763094,8.047999643942159,17.908813469275046,18.868540406684275,4.8063822744651965,BR_caat
1795,6.95313103451331,8.399600223165,6.981760811589617,3.2394298747862873,21.415871634906058,16.712688470462073,BR_caat
3025,12.991303505326593,9.404136897878113,18.75304921289268,17.52953166202752,12.89429454134767,5.831130193835996,BR_caat
2904,12.932728691603296,9.870073787236452,21.225392439353865,13.8162441333734,11.529971910418807,9.434046956410775,BR_caat
2200,16.979185715448654,6.748432750879539,2.147367672460504,1.836522312699359,3.625664660667007,14.046663877570316,BR_caat
1894,7.898906020272407,4.0510765985888515,3.0846235781642792,5.245305499102828,6.063222262132373,7.415271645272241,BR_caat
1972,16.2248092053246,9.80426358466287,14.538511544980839,9.786516136968983,5.741399463257746,11.860855230765978,BR_caat
1819,25.4342382982146,15.25845969993304,6.460784683052989,7.226027935063918,6.842828817128941,3.886803032129347,BR_caat
1970,5.5637419900939555,4.336434831191641,9.007969887248608,10.751721393246868,6.468721456311811,12.339070180874907,BR_caat
1954,6.28663523169417,3.5410261120416076,3.097023120136028,6.970371528460573,14.313104125429858,22.886847767392464,BR_caat
3008,13.45948785124094,4.067642626758901,1.5806202038894221,7.792206062033623,10.751836945432931,11.036407758757123,BR_caat
2442,3.420289969449888,3.9641204459002073,2.37482313677027,1.9388578517832158,1.4812919445892188,0.26281730869583836,BR_caat
2667,10.079558772082148,14.178991668107336,6.444622285922713,17.283914559700577,28.836061075421796,22.737539846202225,BR_caat
2629,13.566462455474932,12.12464024993047,16.07838455229134,11.033898260134679,5.441520917126305,5.9249561348564965,BR_caat
2865,11.956005677147077,6.717711847534732,29.4539871384458,28.609150030225713,5.05051912211652,13.338330740393177,BR_caat
1858,16.44841270170655,11.162414559442444,13.398606766295952,18.343427662721417,19.741682665701383,21.327603533221957,BR_caat
2327,4.1400660879621025,9.052195211107454,4.027426119110042,6.36940901010641,5.302260544954495,0.9797255815797034,BR_caat
2079,3.849415984551369,3.398323788080103,6.1738695224500955,7.097817928233578,11.35207332503431,7.692875226309155,BR_caat
2343,21.2920903031584,8.541407768498832,12.195039303535964,11.70354485482879,12.03229408971463,13.722152141504262,BR_caat
2635,25.702822020645026,16.48753792935792,4.907844284303394,4.810468972272315,11.500479942218838,9.245899660477093,BR_caat
2314,11.188372434349738,5.5999621165568625,6.66765434456861,7.559664820260859,9.546702369682684,13.08627736412823,BR_caat
1969,17.627928011504043,18.916720798206157,32.69773196942144,18.271460170170524,10.662170921179566,5.02070175856323,BR_caat
1848,6.818881716911175,5.0357527909098145,20.524855826658765,15.43161375324159,4.5024702651581,11.672116654786208,BR_caat
2950,3.2905184086892048,1.9855525345878684,1.0486129381554257,2.0167132528012557,3.112342299229293,1.0240084913934568,BR_caat
2720,12.335658060522125,13.832196535832084,11.82109250992558,15.811905250468653,9.174675353925403,6.3665873335683205,BR_caat
1846,5.588470149788824,8.473449994773402,6.4700430712743575,7.389652865049417,5.794207801476853,4.240268405492934,BR_caat
2246,21.774387989432963,13.381220726219198,10.624265153141993,13.248862115368961,3.266003366542292,7.868064667905565,BR_caat
2533,17.403988715216048,4.8474449468639875,23.67063950937615,4.045257983583218,6.995745041727336,23.353703098115453,BR_caat
1803,23.579023285906906,14.46157396309151,10.320683752275453,11.882712883258598,13.351125899012885,15.470942241860916,BR_caat
2765,6.603836607970979,4.697779180695226,10.111223907423097,9.865858211259642,8.51449313542341,3.7003744053496894,BR_caat
2481,4.807156014519564,4.714218351334699,2.857750176991691,3.4472671919822337,6.3389957476752405,3.459530817523108,BR_caat
2746,5.612042647531687,8.242661884974206,18.821405926469662,17.09088753765839,13.77304752620771,16.22483466846833,BR_caat
2078,9.799941879422581,5.655107377477971,2.5473165457078766,6.2859279541484545,8.363271239146918,4.021381213889947,BR_caat
2714,10.08415693891469,16.082336653770632,20.046995805681515,13.692357044187512,4.63160207398915,9.543833799164984,BR_caat
1774,1.352919282543844,5.41749174071083,15.003657167688248,27.082073085647885,19.313286955411453,9.97492007200709,BR_caat
2388,10.454734779047596,14.529705785038209,30.827791327144528,12.478330225217869,6.451307878851481,12.970647014378937,BR_caat
2960,25.47473073244728,24.75646717453676,7.983265816649938,2.669954182781558,13.884529918339538,6.718577952151162,BR_caat
2805,16.672579648634404,6.260322662781048,8.019184336368829,14.924732125656279,9.828776015796777,6.748971751842184,BR_caat
1815,12.804087591889594,6.274596881546352,13.577714833016755,6.039174788316875,3.6177221883007737,12.75821586476244,BR_caat
3017,14.895051596114198,16.361618184208126,14.051147095722405,4.820764640463418,7.86870824007268,13.6397977522146,BR_caat
2834,16.740084419940395,20.629303681131745,18.369092215892497,37.985176128612935,18.780299748177978,7.768187339096513,BR_caat
2734,19.775695025419882,5.1363310262370225,10.798545910321101,15.745861847917878,7.315984632915941,7.809243852253669,BR_caat
2774,10.958346753488776,8.159660811532952,5.81920958089492,8.388282159545275,3.145697642070173,1.1135196302538537,BR_caat
2842,8.342572161100561,5.498687873315694,5.691304996349603,11.520618970908103,2.6650191071258362,1.5904050141762873,BR_caat
1862,29.40720792055117,5.523844594736083,10.984192362988477,17.6256566285879,7.594316189953424,9.368387292132887,BR_caat
2349,13.678534846622803,5.044210430110938,4.402447605806499,6.6610953762058465,3.723309463487052,9.57873109711867,BR_caat
2977,13.1848106634981,3.1187944863685995,6.831759922273726,5.614603411387136,7.428957102045268,17.481343746759965,BR_caat
2117,3.4669968305662735,6.828505151020322,9.649527716620502,0.9406091983732826,2.971338202658318,3.5951390883832,BR_caat
2680,15.750960655899913,11.518543938749513,11.693259902903952,13.254238944490208,2.718546975277937,5.056967998635769,BR_caat
2477,7.011423324398159,13.803578322827356,14.02930187820589,11.479649033295964,3.5286653896852074,4.250416053870189,BR_caat
2940,14.433713760406109,4.016349348613162,6.5362944674794266,5.3073903704550265,5.82667982824095,8.851303567418137,BR_caat
1916,8.621793714509208,10.08344915986112,3.161746125716372,9.423908597489524,3.199594110181312,12.248321916074767,BR_caat
2176,6.720892356065968,3.5167470419976015,8.640981547212515,11.829568848810316,7.1192016860072025,5.825419300093681,BR_caat
1776,9.558655379350549,8.193014767857184,14.501420554241982,10.950182788259044,9.825062114550933,12.62427441985699,BR_caat
2163,9.903829465065234,8.200720801601893,13.388199191723428,18.723860398337052,9.736000070842428,9.712654526688722,BR_caat
2259,20.938768101033542,29.732498845497545,36.61265262385288,26.424052776145555,6.758452666596325,12.491675382956176,BR_caat
1888,18.36819118586289,8.631186877073402,21.14186595307639,8.895493468041941,9.135345611717332,11.038907058587641,BR_caat
2643,28.307806555603662,22.790905484396404,17.67620885181614,23.411966898768878,20.698895205300158,16.475479414143354,BR_caat
2567,1.9097383537511825,5.036197761230161,1.798080633668863,3.547358537002779,2.3850185666012833,0.7283204003114175,BR_caat
2566,17.042444751920662,4.106290374460475,11.873030020108502,9.2174808169336,3.5438689688331597,6.184325112587796,BR_caat
2284,9.636956088574497,14.678899204032465,6.064875448440413,12.75678787272898,21.59313857227669,20.674107837459385,BR_caat
2706,13.233150543223577,5.416345549113597,19.28713831218838,7.510543156596811,15.242138602857235,4.102781599769375,BR_caat
1787,7.694140301247607,4.045944930909501,8.12404945039916,4.9901992294947375,11.386919235087495,6.3701861768730375,BR_caat
1962,3.430826899556754,3.143406159852197,2.894532040248197,4.903855825202974,6.029583484826565,2.2635082564119267,BR_caat
1855,9.215443897522523,4.8996918705878985,20.150467511876744,25.174653768962397,12.912240359591335,11.97922595221277,BR_caat
2007,9.131595751974617,3.8708421268670508,13.43970099754415,20.218987708215106,3.947065412391203,2.96847749882441,BR_caat
2154,21.29245514104214,3.410916305215234,13.89141148735167,7.780728170202585,2.006745324878862,4.95128960335463,BR_caat
2512,13.548893551864188,5.954597043562541,5.1322341279127315,16.536970869212922,10.696381982582764,1.9330807996621153,BR_caat
3005,7.200302337186367,7.407517534645769,23.258725413562004,21.76618192633583,12.7028729122953,8.874487614210572,BR_caat
3039,11.54858174563952,17.539686633976224,19.091707710445167,16.658660666330498,3.1886193726663463,4.1631254082626885,BR_caat
1830,15.5410460020817,7.964794116824021,4.895663221292602,8.118059279631288,20.292009104178522,7.150947149191374,BR_caat
2631,9.237634905536408,1.8521529915546069,8.354288356984949,13.198207649061217,13.923324311331609,17.111350488487712,BR_caat
2973,10.714638678545176,13.769436732534137,5.010969672316632,5.539422850335575,8.69430319363415,8.813344649392555,BR_caat
2725,4.479284865824915,10.920725894146036,5.6752376479196185,4.456104388333447,4.028327643383115,9.836843755080253,BR_caat
2198,9.68918008285989,12.401319567134653,19.26519136888671,8.178254802075188,2.5945416812163007,8.430524576472974,BR_caat
2497,19.730223019103857,21.609896023335526,21.737029544235398,15.001913499475098,26.593882671875626,11.046328289634243,BR_caat
2985,12.322033533599065,1.1074149366271053,4.577985950022741,3.896544816085988,11.269923031677267,12.34733557291369,BR_caat
2803,9.686194027250693,9.028228455059862,5.648341712526267,7.583211864732001,4.9252005034951125,8.08413536862324,BR_caat
1869,17.065573870220817,12.529703172013008,16.48580494198517,11.384612462637598,4.88872225255088,13.368770408303412,BR_caat
2393,21.245679398919837,16.144717761636382,10.503198671186132,5.306442606611693,9.090682412809972,13.290376409106022,BR_caat
2186,13.08127235812817,11.648638781102377,16.00660140302654,10.658610741985596,5.3630238925547395,6.444852050145984,BR_caat
2778,6.149337597648242,2.8512391164153352,7.666741513548606,4.1770868515910955,10.343685689809393,9.244211342078561,BR_caat
2671,2.806576214972762,3.0231718178787843,1.863697020412096,2.072882729064582,3.593688809229098,51.4792118168227,BR_caat
1922,1.6660458249384515,7.479338629025997,9.404042151355764,8.19189001627072,12.43736815421558,21.755889494301385,BR_caat
2417,6.048451240559912,3.50521552597633,9.44612796635043,10.180439868882123,1.7768423998889324,0.9089060316279223,BR_caat
2548,12.763196126790483,1.828256001397878,4.402609493196145,6.882348802067634,4.8988331211013545,7.822665647006134,BR_caat
3015,3.4160159114283695,1.659393021359572,10.88552461195479,11.80255655502221,2.2540539576892367,5.9347771646796375,BR_caat
2487,10.205945491510187,3.614467761236777,5.989933014233193,5.218270821538867,9.342452139063463,19.129306520729244,BR_caat
1956,15.587945722924236,11.770749539320487,11.223009784260972,11.696687422845926,6.230748309411266,14.243047455659672,BR_caat
1957,13.020781629666331,10.642390565274818,5.091512605570497,5.045728723627544,5.7811101563435345,11.784254966991414,BR_caat
1966,20.432241336540468,10.953103112261353,1.9883226131243774,14.653682255853592,21.0418452312135,11.929974858249356,BR_caat
2296,21.24295768890717,4.134501108601389,6.87770801108861,6.397597533467257,3.19565673313306,14.002025762813881,BR_caat
2529,8.507366052222434,3.823038349350222,5.064130106585028,2.745753912722303,1.8860847737499589,7.27111785398943,BR_caat
2056,0.9271350436248674,2.1078952527757564,1.6814709918056778,0.5098490222435744,1.180597919779058,2.0176337150246817,BR_caat
2451,10.909451795355864,9.73806211723955,18.958266579364473,23.833721077612495,5.47335639881594,8.565076759729195,BR_caat
2653,12.706055850533946,17.400777134921086,7.928146145181433,2.1388737878164963,1.0841071787350804,12.28206565868245,BR_caat
2370,6.87872979126649,12.15176616699959,22.603297451864613,35.17125160417513,18.210691652407235,17.639381233203896,BR_caat
2786,6.359151820366732,1.0368716058148293,1.517175576680081,8.059912336850552,5.947227869933041,2.3312831420800153,BR_caat
2397,15.118934552941518,7.679948924071408,4.7244177238984335,4.837919398119627,4.3937352413925375,10.02454525854406,BR_caat
2531,24.8055836986672,8.899294182852564,4.42158018173165,6.0582156698365415,5.654441131080803,8.51710516028959,BR_caat
2640,10.337365652820544,4.445450090716847,14.27860860664791,12.45158937032827,11.904018592686283,13.71527548700079,BR_caat
1809,22.783839599923315,16.557543576627342,8.811865597452703,18.42689409369978,31.631405898573604,15.89996076814789,BR_caat
1991,16.187615205179178,6.64457709748357,15.129467998118265,16.301805961048274,7.140362923971393,5.922089528810475,BR_caat
2832,26.72066634829783,18.974510116529437,27.712579568794485,28.495582372672434,20.287758280204407,14.773046235610147,BR_caat
2151,8.910537525245383,1.4148793110586873,17.987397666847134,12.0891425998631,1.4616816269924704,3.7992606936779842,BR_caat
2689,3.0991004250937815,3.916267132105584,6.8564469194986595,5.13412229261536,6.400406068975418,16.823805201215183,BR_caat
1867,7.779096271078704,1.9837737553657722,6.489295849831066,19.244746244232562,13.626770789068484,2.493475990380481,BR_caat
2608,22.672172429188947,1.2916108267878026,8.8737735051397,12.227078387604143,6.312234514596197,10.012150122268125,BR_caat
2150,6.602757720793372,13.826370661614039,28.913528656589836,16.50224092329698,9.589495757261371,10.49799380336036,BR_caat
2792,15.551929250805063,14.38303789186989,19.626430899517008,9.36822444429344,3.089949652986506,13.280419348028223,BR_caat
2089,21.537143536976732,18.305581784799195,5.869166743242641,10.916785197764188,10.58878627531886,12.404272296996513,BR_caat
1976,16.796652766532542,7.919334988216603,5.654536554210092,6.028876680983434,5.716112958531086,3.599261266485646,BR_caat
2788,11.52842506052848,7.60436138598772,7.008054555651295,14.064106985880493,7.309832553716645,11.251017978230164,BR_caat
2915,1.5491694622738748,8.806936095596853,3.3239657643749445,5.142889495134666,10.257375952712932,12.244472057076687,BR_caat
1844,16.06394489660981,6.353348451839174,22.0018977226052,19.257652229487306,8.507130349415473,6.728187385685009,BR_caat
1996,13.631629421805146,5.716018241246034,6.665562047298698,5.622104232515628,5.278275109618686,6.632563015390548,BR_caat
2051,8.225204936812252,8.76722366696226,7.009844602773794,3.92535987273586,1.0147035199801524,4.330284240575612,BR_caat
2693,17.346388392431518,23.961901251460176,1.818022282976239,9.544748100644037,4.069198708581384,2.723300792963962,BR_caat
2603,20.823470704498966,20.111232075761063,21.507108943264758,2.7147172645643294,4.306576481114003,12.512371710901085,BR_caat
2761,8.137446099530825,4.263760269013103,2.219815741540794,23.360935620505064,21.651752783826023,22.478025893195642,BR_caat
2841,9.09815461353161,12.433867961586632,17.117557421213252,9.683079497079781,5.509552459903121,21.795315362695938,BR_caat
2069,12.67266344736889,9.946175029884403,13.142580691167725,8.392126892722962,6.371444653696382,5.656203649473266,BR_caat
2694,1.456729900796732,2.0864446711717957,23.539435284508063,17.034777676479646,7.007435656051628,4.828890240304959,BR_caat
2192,9.909646727025455,5.634152238674563,19.57762259220839,18.50454368224157,5.070456841647719,8.04905917372198,BR_caat
2739,11.756010769511926,2.4398435597986383,6.1993491984556135,13.292258936911407,8.470136728828356,10.126034265845519,BR_caat
2659,2.688240327966611,2.48008798527793,3.2514554947527765,0.7675234965167389,1.2929436523873,3.8244314464715896,BR_caat
2775,8.441820748813663,9.0923138642408,13.901977399260959,15.145291876972665,11.834077263971325,8.062325228577308,BR_caat
1968,14.866656227434424,2.9934363934844024,8.872340287049909,4.500857877326533,10.345897585855587,17.005406149704424,BR_caat
3006,12.75640090653829,5.71392649811836,2.8054158844776853,2.7521010399034735,7.164750341531358,22.45324672360848,BR_caat
2810,7.473757936292614,7.503845653293952,8.047917693694501,3.3172433700544124,14.975958113245504,25.183830778537693,BR_caat
2833,3.5630755543781585,3.2018488191928194,13.610564850864268,7.398822171587376,15.215666897843198,17.873429149271953,BR_caat
2118,8.050741772902027,16.206615128366973,25.44048993820338,18.847069338453025,10.14541679386212,14.039975941391942,BR_caat
2295,8.562973494776971,18.21566491413765,4.269941276394852,16.71921982528561,13.005193694644392,14.652160327184264,BR_caat
2171,5.873038389152591,14.445768214218615,22.933499021475065,5.918703894988477,4.270354631171097,30.327886079909906,BR_caat
2350,5.129516808838836,7.152527317129487,2.2314755630213265,1.7238643463180345,3.023616767199264,1.550229237339347,BR_caat
2115,13.006573617137464,5.706771386932464,12.854151955757736,9.108425175564287,3.5986027281538897,12.32147930013379,BR_caat
2704,5.655391792823267,6.732107362311981,2.5119217154146525,4.417622523001809,9.166645299823529,19.170998181811534,BR_caat
1979,14.868644835041469,4.40366199231852,17.137282508337858,15.331814288884729,3.7750945678287864,3.4775437770166793,BR_caat
2399,25.916637095775503,17.297731540580784,17.758220883026187,15.957728319839823,8.091121204295726,6.83370695849199,BR_caat
2012,7.175312509485517,4.089777095860867,2.7441626212468297,9.558317147212069,12.431927271710034,7.130600182999061,BR_caat
2357,6.709111452882779,12.895912557876557,20.675084740263266,22.27654139858802,20.340974849429944,7.166249833333303,BR_caat
2042,10.335265594916358,5.787824358802286,15.909955306370982,18.89529067832088,22.11159508109667,11.788085836768623,BR_caat
1973,9.952762973522692,9.346317166618823,17.933572753440956,10.889867050067576,1.421537970285465,20.78065109715244,BR_caat
2719,6.6845179289416174,6.6800130499012145,22.016409442196487,15.181394775854447,10.88838731351153,9.452656923539713,BR_caat
2054,11.842090567567334,8.833588715665313,9.726151224437523,8.19771705083441,5.754273312185515,11.622194147372632,BR_caat
2341,15.694599174647122,7.709220940671155,12.05294993001846,7.584255494520593,6.365676137474157,2.750479577778098,BR_caat
1988,3.5677934519926784,4.9418142240799225,5.2675831169332,9.301805557634365,6.685085457736327,6.566807080535608,BR_caat
2161,10.907683700793445,7.904842867881211,12.538133605024832,11.204548081396968,5.008770170428702,14.440019314585731,BR_caat
1802,13.979937337654347,3.745517034173776,7.4562396848267785,18.59741535109469,22.248273957081206,11.217711879342371,BR_caat
1853,9.666236827206996,7.3883549781684605,25.570181925591843,23.377955325906758,23.607382835850512,11.815392281859243,BR_caat
2703,4.529103663806295,7.4122425599850335,9.824799291308247,7.0217571167371,2.997855768183204,2.727431163054792,BR_caat
1924,9.126100148897429,3.781588026143369,4.1792295052977035,4.708276925489605,5.460817359473975,5.47854952563271,BR_caat
2406,12.472202591315178,3.4889590751935162,8.45915340040474,6.99905500989033,14.847103576106935,3.2100354995324696,BR_caat
2525,24.7895878385891,5.2066449773559285,6.916599078390445,11.79428569948698,16.071823630548092,26.597850154853273,BR_caat
2302,6.6286943802246565,1.9252592694982809,7.7646350936144675,8.963973037363285,20.86178310074526,24.393603724607537,BR_caat
2873,23.01689316769009,6.447119415925368,10.787888643815124,7.607952919690454,4.745096843494876,9.013489410304542,BR_caat
3020,8.54691264466735,3.9657944938362197,12.336505481604208,13.146703377140126,15.45089769498883,21.710961503329788,BR_caat
2367,8.368995370511259,4.54221208507117,8.982281087672037,2.3306507804759247,4.889740428555055,10.845353646541351,BR_caat
2933,11.609549194493619,3.1478979699285405,13.423502183388138,21.535398192603704,6.691412487618041,6.940716932295769,BR_caat
2475,5.315846810524534,3.699036833568464,6.371938903007279,5.201421727167575,3.28031589537157,7.802396454754922,BR_caat
2849,12.822584866091987,17.853542379467882,15.290264573331516,12.656425627069991,9.762698575800588,3.809530119737433,BR_caat
2231,2.990432095454674,3.1128547256623005,8.442618770599735,13.296247785245354,11.130339360617278,7.218563161756758,BR_caat
2492,29.364836338693706,3.010113225615699,10.630951927456936,4.094179758701131,11.152707081520584,6.916277350567649,BR_caat
2752,13.528812352791775,15.863583088219393,16.761900281007595,7.348404231681799,6.7977355494770775,8.355658615109466,BR_caat
2250,18.186660513338364,3.219513170380736,10.311843989516623,9.777230409190004,8.22616248854237,12.59204686328332,BR_caat
2707,16.54182399366734,2.215093522661605,1.8990836651933736,7.8829206299898775,12.265136315557386,23.383120350851584,BR_caat
2826,5.417595840762444,11.083517051705554,10.600443502032906,14.080797331753995,7.495899825145717,15.049781850564484,BR_caat
2280,6.12903084570764,4.874683951707428,11.561780833184642,17.211569987742855,3.1227733816879564,6.084088761809536,BR_caat
2322,3.7578410795107913,2.045449330209227,6.796893974586107,3.0067517843270175,8.905375131691928,3.410840800634943,BR_caat
2415,10.86470515829494,5.863019066030003,13.421706060159542,11.685222105410723,14.342682287922848,7.243530631238005,BR_caat
2488,15.606538214321727,20.80472047772153,4.951286022187884,6.129982240359214,8.107627919423951,6.467917590927062,BR_caat
2361,19.315271867700382,30.524832921373736,9.026736190542234,4.3992654767944686,2.7239184198001847,3.9693491924286035,BR_caat
2654,28.78713878879163,20.455992125396804,23.986308024049745,29.720072888158363,25.91885581333409,19.568901000801862,BR_caat
2225,4.145619617042647,7.715605039783015,4.176738138617226,6.4415650371946205,4.8121599074147765,3.601327216840586,BR_caat
2091,6.346710231297694,7.178608662645242,8.920903939956958,6.015096809090509,3.694879688451194,6.295144488414925,BR_caat
2900,2.0648177107563996,7.063565577902508,6.423504229695082,3.5559403299016923,5.496549326017964,4.67225636306919,BR_caat
1902,10.539727257767893,4.5128369382735745,11.06650280541753,15.489846558904144,16.0646904034791,23.94000346977729,BR_caat
2355,3.269707566354994,4.935629910693029,13.878039012542235,16.807454261264635,13.292184784211418,11.927927724822325,BR_caat
2570,34.93412522468104,29.76243853958204,32.786160823875896,37.44047585425585,15.181403320228215,20.878228212796472,BR_caat
2620,9.324095560062457,0.47469321715858326,11.30763070135926,15.757235031980004,5.316551597581404,5.391474428056932,BR_caat
1778,18.253352874424586,3.636884843780609,10.08991027730458,10.124542079061127,4.2318208405541595,9.925371390895675,BR_caat
2920,5.067347027556095,2.4060170681702435,9.05151126861395,11.857481477578146,4.9131198359354205,4.315645186504924,BR_caat
2324,20.739327584373704,9.185560679345505,13.379866193919876,18.836382772659295,10.32378383434743,7.00126631635304,BR_caat
2082,12.061463738446113,19.256978441249686,28.645218459034847,14.688499388228248,11.563623477482173,9.734906272687123,BR_caat
2109,12.785141730629576,10.640907525114175,25.97581200548419,22.78575482342383,4.548797886682332,14.615468076973546,BR_caat
2391,7.971490886806472,8.26118606228752,16.63479888339506,14.58205610154669,6.534162574795599,11.942898321566506,BR_caat
2441,8.142750624233548,15.065112791457963,17.330581674291874,7.658926862796029,6.100379672673356,16.993837558186353,BR_caat
2999,14.125262415731758,16.624738589091965,4.387330361531663,2.8459935907612253,8.956944014268933,6.099479003100905,BR_caat
2982,8.899386246621601,8.400569651003115,7.848370314772397,3.8533288870877795,8.95662519331327,13.623126252663432,BR_caat
2927,21.211145981307677,10.328264205449596,15.188563057625935,10.72373522611564,5.141532260194913,3.67214528522992,BR_caat
1872,6.929547947383184,6.632533940148235,7.444349685187514,5.917021105808971,1.9786318435120767,9.09357786589465,BR_caat
2594,15.684923188534123,7.224240195400632,9.302665258611905,18.849765831604486,18.463798847152937,13.237087783880877,BR_caat
2248,14.158504043964182,9.005770043335504,2.727539066267736,3.0921273988033184,16.406325204934188,9.244822104173858,BR_caat
2306,8.092956834374286,3.664269222481435,7.840269780746956,4.959727120272511,5.313699028794283,9.30575547085056,BR_caat
2676,15.595238338565366,14.31085576471737,20.96045572605893,12.651893479819476,4.71627059574293,9.21217857501632,BR_caat
2846,24.443980062783528,17.019996052991292,40.00869443514276,31.470517523989017,4.867658338619628,2.6003490386904016,BR_caat
3002,8.756084132306286,8.320629996660667,17.736998284312627,7.596223019176138,12.88154169714872,20.867765553633102,BR_caat
2131,9.859381635819304,8.975402139965087,11.939769549009084,5.251149568931737,5.217665403112389,1.6707811574444662,BR_caat
2315,7.7942928826188815,4.964660581931844,6.293335627051078,25.303665958802373,13.069935875444736,3.0434506636927705,BR_caat
2172,21.219507171132474,14.810675072941073,11.387434265594825,4.482719551588034,4.596481161382739,15.152275222521515,BR_caat
3035,6.742544241490655,10.50073925204317,6.04696020178407,4.440133788259439,11.899028251857525,2.714972625362263,BR_caat
1907,15.76977755459482,2.8525366847264446,14.768083750705205,4.387256560141917,5.944670686891002,15.058864918758216,BR_caat
2196,4.795141685793934,10.990398815201848,13.445579016342618,21.27673736062997,16.918530558427047,14.77354833718229,BR_caat
2630,17.2773512266047,20.50648886417081,18.655682374337736,33.162811300520964,16.242805957432363,8.397504491890622,BR_caat
1933,12.683181617530671,1.218158950442431,16.988538648820743,23.32078526503606,7.290876506896254,14.65397733925476,BR_caat
2632,4.740615087677387,12.630826952050318,9.431851511542785,10.041406867003298,5.464159616089357,13.068736689906023,BR_caat
1994,3.2535431159547223,17.954119438269622,10.989615554710257,5.643078603444403,16.315426704641013,24.34947406890999,BR_caat
2760,8.786060651326846,7.553075360349846,10.021829146779849,13.00486432181602,10.485303935075525,8.865686122386872,BR_caat
1948,14.11260823400664,9.18868096839467,6.3582883710096745,5.886255935859874,6.184971028936715,3.2025092149322685,BR_caat
1959,13.095896757606642,5.423822457440593,6.4478299708742535,14.192539006635378,9.29965203446353,12.519754812672518,BR_caat
2116,10.363765164252834,3.622007905383377,10.654809731752957,19.02301972655631,2.9847409231054955,10.591554996542191,BR_caat
2074,7.955864548853191,3.6412674151610314,21.00335576935654,12.420676370065307,3.7775286686122223,5.20461436075922,BR_caat
2558,12.372876282482572,0.9956192579833364,12.879352448429984,19.418730764620726,17.617302928301275,5.891026022625719,BR_caat
2711,12.786289246736258,3.3045237732591937,2.217355204363519,2.501390521547663,7.692116247750173,8.260276575368792,BR_caat
2922,27.16944696944472,13.493989455849396,4.157784191222131,7.749784431622783,7.5453615043286435,6.526418820705338,BR_caat
2800,26.938743373915642,10.06988387160505,12.739514747767283,17.587760680780555,7.81655862243722,6.738257073788952,BR_caat
2565,8.453125707829301,4.30876272484247,8.167413473278087,6.157129449792124,5.6888838616753095,6.5169349860287475,BR_caat
2546,8.680380000496033,14.564587862717874,30.427985578891693,18.07696416566738,7.8042127356910305,9.659649907791698,BR_caat
3032,4.8891203801564265,3.7735803869759272,4.044149904013716,12.417000991766447,10.08595074192781,9.8041596502157,BR_caat
2143,27.130415694709278,6.949568012968333,12.902764606103716,13.34506734041581,1.8854781832954857,8.86407174723055,BR_caat
2910,15.061321566101036,21.582879189348283,14.360232917091775,11.202471005211336,8.798568787355777,16.862991855378677,BR_caat
2621,3.9146887390556158,3.277827221066136,8.544084932222747,6.890436375003873,2.964670637752825,5.260477043921035,BR_caat
2870,2.412912919404508,2.0859268585221544,3.570697407646398,3.276924147508181,2.3211699362099005,4.023085804063222,BR_caat
2010,11.876931162150235,10.828902962100294,14.881151080943994,15.03194156864232,6.559251972710993,12.008896973367209,BR_caat
1785,18.05753915020996,3.8973948580038984,14.190031626863608,20.59955173808683,14.761447081000396,16.297119368093732,BR_caat
2688,10.021658721011448,14.396691848679279,4.470382712164768,13.976867805629485,7.056671614147839,3.5531708530335226,BR_caat
2177,10.216720636867974,3.9917662545513126,18.274576828073965,24.274485684255442,19.103887029323907,5.126925955934723,BR_caat
2542,17.39982575267242,15.109807618291995,22.107684474211965,16.85127130262133,7.630186814655517,13.598778757386208,BR_caat
2443,2.990781368640529,3.3311364854774466,19.772998977373305,12.516861049521111,10.440799984041965,20.690880746263385,BR_caat
1975,11.583890476256967,7.923050588155892,8.888345003495202,10.193183658662083,10.15184654571233,15.177313320202783,BR_caat
2705,12.107871333760196,4.865067275794629,15.625685332077866,21.07549061652412,5.321327853665984,8.270377649153232,BR_caat
2187,11.520543722968679,6.4084672483506555,22.614444995177998,27.55466855907996,14.484131853389272,8.371117696596334,BR_caat
2853,14.111495080533556,11.545273086558224,12.641866455095174,18.057297769472545,8.90061792631564,12.259530942196719,BR_caat
2043,23.12093340401452,10.091707191771672,19.822424502371792,25.15587797312593,6.9274448381187215,9.318973421937812,BR_caat
2698,7.473078715355731,10.237045242459326,19.52639174926769,3.7886864729050034,3.7472163828589546,7.4602156862235045,BR_caat
2113,2.3650269452722252,9.96618177919792,4.55802222073864,3.712811474160276,13.963801447425247,7.679383076346539,BR_caat
2672,5.006254009959426,2.0995481730290613,7.084003214151958,6.484662982771689,8.887983549488219,9.832811441752593,BR_caat
2221,10.376606346764218,7.140432747894002,9.015064828917414,10.17756407836009,3.9878793879389183,6.0032864265941095,BR_caat
2297,4.628032305520717,4.991907905492164,6.230719731905538,9.5983109991866,13.749087940773087,23.23445527070508,BR_caat
2108,3.38661605958095,8.343576228640423,18.509860172019074,18.1733017226858,7.457908680786648,17.14120187738439,BR_caat
1943,22.281414606942693,25.411494987079312,25.467802987134657,25.542590926656707,11.621118530727044,4.053912775424048,BR_caat
1805,7.060320757072799,7.674965487174639,19.659519758829166,15.62812323119098,9.341476497281837,2.013305867966118,BR_caat
2088,10.342706124776226,16.77604438366387,18.026330679179317,1.2172129829143135,3.955186647032437,14.175068709960566,BR_caat
2607,4.81014378744717,3.317382050009806,7.3981543278394915,15.37110536438227,4.524703538741747,7.7530001456527975,BR_caat
2798,7.561157037050345,9.981508147368661,11.959183357496318,14.021544716299463,6.0343305727716094,11.352639109123173,BR_caat
2700,16.47309113335398,7.928985231887381,3.4493647362437674,3.1833359914260173,5.069518558594213,2.5666835141739397,BR_caat
2190,10.505826594145502,8.97545915670741,31.013983178400707,26.394713294359455,4.130556116242245,5.579755761483982,BR_caat
2871,7.386674395062141,5.963467674305071,11.609294413247914,2.399928261635748,5.189731369500645,7.696425646579478,BR_caat
2289,8.999867117259377,5.78431507159003,11.706428059300196,16.600618398401185,8.551586150651609,13.829736708168282,BR_caat
2220,15.799363604735255,14.805320726969263,15.31465431636692,25.3313989004909,5.861934893363239,3.112701219474122,BR_caat
2812,12.025247150368966,1.9497870381097635,13.606545050269121,9.168799228239681,13.594895295690899,25.29817047964099,BR_caat
2261,16.03586112846405,20.342688470857915,8.564107188160646,6.536122438310363,12.168657725747513,15.750985864914359,BR_caat
2255,6.666009314591737,9.128371004703334,7.677385441209288,11.303270024332868,9.041546175147102,11.566885865938556,BR_caat
2097,12.167327603493986,7.825193416574151,4.662395209070925,3.6303096120815526,8.286529779707557,13.337708559428773,BR_caat
2247,15.239310718223482,6.621690670296707,13.023988338036162,18.641744727616416,10.799321923066653,13.13403507425905,BR_caat
2094,4.997626506486793,13.26129263856518,10.099109591790091,4.029977666653821,9.960739880153419,15.500329959452579,BR_caat
2328,7.995746672596256,2.0347774911918193,6.111707530539447,5.784132242397983,5.1370754292191965,5.463872656995254,BR_caat
2305,14.492690263648035,8.290748634086928,25.415567381934338,19.58037271854922,8.007791932447608,6.964821715063961,BR_caat
2527,9.540711484680044,15.144868034258087,26.25974418201007,8.876512050568941,4.560328292872002,17.927460785930244,BR_caat
3010,21.193483311426586,25.708758869789218,16.50697623177223,10.12514798283391,6.424583469808071,13.687842346101291,BR_caat
2569,5.113770582546302,9.247739896974819,4.493843008577926,5.708631526977559,17.101947541794818,2.6857878773284782,BR_caat
1827,8.579425263234603,11.930969888242794,14.616120703340135,6.8822316283981975,6.968119334133415,8.197477860413215,BR_caat
1781,3.8780592903391566,1.5454508864666252,10.167677566312314,6.707241231362126,8.850608679367431,1.435335778656463,BR_caat
2262,1.2610246752201801,3.6814578919189636,4.336354891806191,3.501362085606828,4.445362304823288,10.609618747359077,BR_caat
2861,19.257443419042946,6.860884911491726,12.033304627671578,4.4051846176129175,4.723236348446788,17.354910830329185,BR_caat
2754,23.45659476437165,2.9266923590490874,3.115679297900276,6.757393210265543,11.431403425385414,18.070251012632752,BR_caat
2381,7.138393915606364,9.806701829894655,14.955142333986505,18.028004157510328,15.924121769304795,22.653180568668557,BR_caat
2384,0.6401571520896822,2.7426315255148945,1.7488905555589023,1.8159817688980087,3.014574246910821,3.0576456518802395,BR_caat
2473,2.8272826170346863,2.7424818291983146,19.019174052633026,29.138800534129008,8.196904377469375,7.359183087107938,BR_caat
2909,14.352135216698896,9.19433773446805,16.631795659170137,13.693214480166414,3.7128303791007986,5.671154592344542,BR_caat
1859,4.3302886166731485,1.87568957018165,8.196311231031189,4.432494813461318,6.133859151195414,3.289167740385023,BR_caat
2241,1.2574225402555967,12.265119740635116,3.262883085108249,3.5252382571887932,14.370857159451926,13.498179888066023,BR_caat
2090,7.4724151786360435,10.142157782353168,8.52077188002759,13.240045805604435,5.97658378285172,9.322381058388862,BR_caat
2476,13.504875277692204,6.900554423732575,10.644092935292965,9.905479114669728,0.7336367598995656,5.246118751847331,BR_caat
2099,14.188254666301212,7.710459373761261,5.949983514574066,10.23036947358175,4.8685804370967,14.031203856296186,BR_caat
2804,13.427812447054997,6.908949605818936,4.3862962314476235,8.634556309978516,6.115165506162561,12.104448194073333,BR_caat
2293,13.48306583105817,6.602668151326118,7.556020881950357,6.112888597363555,8.230643908092977,14.970502166155072,BR_caat
1821,4.2214534268842705,5.53173851523325,2.8076568040157364,6.8331383461316335,6.040257250698513,12.966926038184504,BR_caat
2067,4.535859655083557,6.157005284795048,14.093591090390253,16.537400672648296,4.250689377322081,7.523064035452002,BR_caat
1771,5.939509569968489,16.46529339822797,23.7375359685373,23.032629690160615,10.819860856829436,11.2596128683038,BR_caat
2299,19.782165223608384,30.963353347142558,12.33533706027409,5.649662827191092,4.335118813746959,4.629950230508984,BR_caat
2309,6.504074788810453,7.493461937653514,23.619232126673534,29.941039270326208,20.769777597432213,9.35809768619508,BR_caat
2024,19.615361944595282,13.659029001121112,8.956563744849648,6.8777301160762505,15.263139780356378,22.39373527577014,BR_caat
1816,6.419085218252031,5.845375319497131,16.811780894903148,17.556821646492672,6.0328871907341375,15.433910719349278,BR_caat
2554,14.572975659321983,8.084203152758908,5.497375688720446,4.490214118066767,8.975488075963458,11.755054018628504,BR_caat
2823,7.072570011402658,5.577054976331164,8.84873204618223,2.788997723828915,5.313465458753043,3.274387697702811,BR_caat
1983,12.060298726157706,15.328743693092715,25.093647244773898,10.122182585671208,12.358235985292213,24.73167988749729,BR_caat
2136,15.181194930507475,5.682905573895966,18.895366901128245,19.768149716111793,7.731626154315662,8.28613658677395,BR_caat
2808,9.962223643446166,4.503518891986464,5.439279457417517,6.280810938690086,2.0274247085269534,11.596910829126035,BR_caat
1840,15.440160879637878,9.998080032657766,5.957355890861984,8.805495202578182,12.220070602788889,11.608946735503405,BR_caat
2025,18.3763168908483,15.204330888495983,15.781359266248685,18.859732322714464,22.9604841619692,10.569025865842152,BR_caat
2498,10.840681958305362,4.1084040761980045,28.861883855309053,4.790422834901155,11.948859964177805,14.90604433171292,BR_caat
1770,6.912862123679114,2.792827953140445,3.586862978123121,3.9989329689235973,2.2938419809693307,3.8650149992226193,BR_caat
2931,6.187977909587774,3.8730858368786394,11.347440982076304,8.91286706117417,6.316385459334403,3.9265293898661042,BR_caat
2740,12.316192338614238,13.642930041076516,19.26938588299128,18.98585872150148,4.2668147491314246,8.711789917748018,BR_caat
2009,16.397799992054154,24.058827864591503,11.089852717408585,5.614424928450729,4.290764926671781,4.277966307490284,BR_caat
2523,5.493055480595836,22.108705298205887,10.18076380021296,6.625730672739908,8.280242207563836,1.798956917411242,BR_caat
2469,21.14221682796053,14.630845877175844,14.071565597398694,5.882860916489697,6.481010327559846,24.56225966411727,BR_caat
2670,8.461189798079305,6.222587852001796,26.527786182168672,19.184207543795058,7.763887400913176,8.084334542739679,BR_caat
2877,16.57249576281921,16.481774845142873,16.326245826336493,12.77462120667876,19.99509365590883,19.111592257399437,BR_caat
3023,12.543751253248082,11.78700804248591,6.175958070833152,6.1662979251090215,8.542353018792186,12.28199142804722,BR_caat
2839,26.805224925016915,31.627286140053936,14.566327176602506,11.831311699323305,6.730706324983538,16.16344998937917,BR_caat
2642,10.201173975689004,20.709876928077566,18.809875866133535,3.76381480658906,6.295575174650455,17.49081570559924,BR_caat
2609,19.788271549680765,9.870585150684544,13.910655188156728,10.441996190509096,3.477214968901409,3.9828675103033664,BR_caat
2412,8.318373854010018,3.0025780520203162,4.951029471571461,6.805984608960934,1.856460381349152,4.137515696040208,BR_caat
2400,15.491729844210099,5.967504778063271,1.9443965515096517,6.872639515142034,14.182789179939638,13.275695947882063,BR_caat
2303,9.567776845169888,13.60599149698268,2.953213207717819,7.396185936177558,6.476710031641845,6.177271204606384,BR_caat
2465,10.940186605619871,4.995593994844121,3.851270492337537,4.9346736763901085,7.832117304302903,15.251235699786614,BR_caat
2736,34.62554346308392,3.31822882547891,9.872819442760411,12.96424845383995,7.306760090537266,5.778458437567179,BR_caat
2194,9.458300195169139,11.898217364168984,13.46023570946897,11.287748295356867,3.7064629669748013,12.439139323393015,BR_caat
1841,1.5829291661043954,4.713363336629684,13.633632982971157,16.818181589957444,13.639196852446565,9.251982078935054,BR_caat
1885,14.250469501954582,4.886809906485881,8.231984500187354,5.915020879587711,8.267854228722838,4.955449047555681,BR_caat
2203,12.34721829439883,8.229756052578702,18.319359779138523,17.290444498639264,7.354141260919177,5.132765579957587,BR_caat
2908,7.945418257841785,7.1797644659187405,25.566028985713658,18.80511303746047,11.180658073955009,12.365960313597169,BR_caat
2828,6.860768838823192,19.81526612429993,37.351953810896845,33.80425375745081,17.915832618864034,21.11849914008425,BR_caat
2934,7.708281170856276,7.247663066171058,12.515873570326816,3.8453423243217206,21.50550798057018,14.743261539004914,BR_caat
2135,12.18856726827311,7.494781256493687,9.333017228101589,7.515664002011416,11.933095631157087,10.14012115104983,BR_caat
1773,7.175776886039919,6.304838439178961,8.56497835207875,7.4255749804372435,3.5416501859900915,23.93245035497149,BR_caat
2959,6.726060143929412,9.34519022764707,6.662624809037158,2.9829418146875275,4.730407979766759,12.82037343700653,BR_caat
2264,2.7014286646380348,4.413315940466018,8.334753643653807,15.030658785005315,9.273902310229403,6.749447239174149,BR_caat
2723,4.688348706522446,4.181193652465594,5.006258514642206,1.1329110499481614,3.807248606493217,4.713969176173076,BR_caat
2656,13.133982902306641,7.362479752508016,13.714785818873002,14.348110860923711,5.586449062274771,8.11730774102125,BR_caat
2271,23.257342205140805,5.179543241286379,11.530759620787952,9.86752240607866,7.0236178047360935,14.312944574416424,BR_caat
2098,23.6955535066535,10.721329572711637,3.1754670427706184,4.51649516041263,12.050964229821298,2.0846026200106604,BR_caat
2666,10.026283908164059,5.395481049166369,25.692634304238297,24.22710325858987,11.863000324587496,8.034242936251907,BR_caat
2662,30.952473091739872,16.65189350728667,6.006080126796853,7.9800376607041725,11.651513822831015,20.177489387964904,BR_caat
1779,20.761824235495006,13.562993691094832,5.840941839062845,8.207461592441724,8.683172543980408,8.944430586688782,BR_caat
2329,9.412050915127491,13.908581870408907,5.100812187637477,7.507311025691614,12.50459797282968,3.627862121624881,BR_caat
2372,8.043504048126692,3.897746788135397,2.9384152938826804,1.5823083455062565,2.2290288804301337,1.2574916411258446,BR_caat
2100,11.497542831687243,4.923184725011424,14.694352716485357,4.492655432783753,5.41399174091155,10.581085634286854,BR_caat
3018,28.33160963296975,22.51235175467981,6.940245873177686,14.734060019666881,9.342345803508161,16.573519837577265,BR_caat
2207,30.570005745177458,24.03680229593885,5.467573281810742,8.986788403068783,7.051118537362783,2.5389447215995418,BR_caat
2032,3.73608740803277,6.510645643816181,3.518127065989813,7.634434388416329,8.051956256404507,4.928806794383708,BR_caat
2439,4.427086914522005,2.45532241965339,20.633993420841747,8.312219712092006,10.381334829723533,7.493195393645944,BR_caat
1824,2.7914350312422203,2.2929946001332535,6.601049272521978,8.65565897987854,6.483953590066019,9.216281576221485,BR_caat
2018,30.82903148031417,23.380118217960252,8.168900746320737,7.673147998234051,7.08357559237393,7.3863396179939675,BR_caat
2429,19.74629717030352,18.906249573707274,19.63690379800054,29.423171595748123,25.275657946377784,13.622532513947654,BR_caat
2963,5.727297574073513,5.3789699090113,3.23700282109348,4.222486526675044,4.261621916066374,22.34626238377194,BR_caat
2991,11.265605292695362,10.659198711409065,2.3477543993232954,12.134342660752587,11.123796460293757,13.137485341635019,BR_caat
1822,2.5593585214994006,1.286359715607828,3.437788452137478,0.6490031853487219,8.68026283644082,24.013178977490508,BR_caat
2404,3.190196924475539,9.942202169803636,13.277844683544716,9.591923993840958,5.5904355285467675,11.14936376464511,BR_caat
2001,7.438684952147714,10.818674848969692,4.662144032183501,15.305608385252352,15.62343834885669,9.795190302272541,BR_caat
2917,13.95810196471647,3.387883920685593,7.968689147933858,11.774694121053832,4.828164151299639,18.009021547748027,BR_caat
1852,15.736803512117383,9.415165175677119,17.612710063168663,13.079666137647907,10.697403785603415,16.769712010450608,BR_caat
3033,27.437723649468946,13.844046619362818,15.431489828483606,13.62231175187062,10.796668521384744,11.460520291561311,BR_caat
2427,14.163700902293014,11.573033840721001,19.457773698190362,19.952077742769053,7.410433957556527,7.104352579240651,BR_caat
2825,10.394424003982584,10.420421359182663,3.211010230983861,2.9289228593619394,10.248735533991024,8.395760173965803,BR_caat
1832,2.159186323813235,5.153062167044827,20.2720707258416,14.818039854008566,4.838788099038712,10.369231659432605,BR_caat
1893,12.423500102692726,7.572818092937963,4.7009161311276735,5.452923417360557,9.063809240094395,17.43337106621998,BR_caat
3009,7.849227645995971,1.8571984312592131,12.466512712112054,13.942252971947102,3.801703433395118,11.411568602966446,BR_caat
1955,9.962228638089748,6.640591646747763,8.200519189237484,8.889210154976292,10.259584228478607,13.529697304884293,BR_caat
2336,18.180691008335767,18.55719426677243,19.90795917368765,9.481650049901654,2.9036365738864998,2.7756818992657095,BR_caat
2353,3.6315295575891815,8.456666099796069,12.788480998648298,15.59570172988271,4.813960770212598,3.5801362855682,BR_caat
1919,5.754671530609089,2.9399416036132844,12.923921733539187,14.866944374846378,15.272533638595807,25.432334255354785,BR_caat
2727,8.277790792887757,9.608791088161926,6.153436292901353,10.38532921302177,10.13073447696488,11.881091061971798,BR_caat
2536,21.302552281311893,5.091143922765056,21.601817204680007,21.668763112480352,23.21241148490585,20.754366182315945,BR_caat
2156,18.16344184109183,4.240809228090129,14.333425097870007,19.939005372346507,1.7584802004660978,7.9324922063277565,BR_caat
1905,2.5439616744034743,3.500050567978142,2.3184431752787606,3.7394222561751205,10.40176377002049,13.071686029370948,BR_caat
2772,5.107889215005048,5.303094057619184,5.969551734837352,3.087452778928326,12.19116408152671,8.611313259998447,BR_caat
1940,2.7846946428535824,5.88097721392322,7.832906720922531,12.078683722203191,5.071179786713025,7.725438541319302,BR_caat
2751,16.72912671311552,10.420485255148453,16.6533298228451,4.986453312857034,10.148212500184682,11.12182392318624,BR_caat
2304,16.570525419829856,3.398211326162251,6.390146135574845,6.187224951979965,2.4715075962847,7.772052822855626,BR_caat
2984,4.5700372734554975,1.8274943756788171,6.609240071952009,13.18068074288278,8.982897800301881,7.533143399514319,BR_caat
2223,8.980733578680503,3.265768285726503,15.979312745982384,6.511121284852512,7.982800289939022,6.489051185847733,BR_caat
2821,11.959387787657471,16.561735133075768,10.123583056222536,6.821456300237651,6.217496461564782,10.29179668807604,BR_caat
2462,11.255161598796297,9.966551376645118,1.3157880823457409,1.590905697527247,8.965700412476417,7.047038204668973,BR_caat
2142,12.376812024931048,6.101329944997846,16.935397889522378,12.204864807729663,2.701657250349146,7.72600956624535,BR_caat
2575,22.33055398684669,8.178073075824134,17.139663871191125,7.5371543397119,6.896990015727446,6.969538740006021,BR_caat
1928,8.101555518727823,8.455024311052945,7.087189835134359,7.545953660844024,3.6282603444203767,7.3545767037649155,BR_caat
1818,30.1309320832829,4.592139826313808,12.949858893968008,12.998133619521372,7.232689110755799,12.575437021440148,BR_caat
2822,19.464701029628415,15.696810364104348,18.835743739612717,15.272813195062211,12.59146109642736,14.3503542092899,BR_caat
2580,15.365827915560894,6.697702043755059,7.78078953595125,10.442071668603619,5.0322811414674575,10.35465176218734,BR_caat
1800,20.873955896873863,19.76545934395185,2.5475526891186817,2.577202797406993,6.08189561971491,6.474991490831657,BR_caat
2006,11.495178595621766,18.11541538336432,22.397254633617358,4.64639854273838,8.58181456997658,18.68513395742503,BR_caat
2298,25.563645809854297,11.823440307946388,9.794693276731723,7.495128485274412,7.457500048522503,33.256146851069985,BR_caat
2122,6.358346157478018,10.497864416154885,6.173218849237026,8.087921853932722,7.899609928014489,1.8168611070215201,BR_caat
2745,18.02957403868665,3.721904041554022,15.995374697504932,14.11516150380415,8.51908017079665,14.725117075026917,BR_caat
2254,7.926166232248287,1.420669717803865,18.281278981553026,3.422832513046411,17.507511187537236,4.288041449179697,BR_caat
2345,27.132349759122636,23.40435353354495,22.77472204530752,12.540029281394773,7.365428718470142,18.949810464008475,BR_caat
2493,8.888998829028704,17.096379599368703,21.191212070016405,9.363421218692492,1.7287313890853278,16.13071586516774,BR_caat
2387,11.487263034884869,7.475400371168532,17.863659003562592,10.865347202647516,2.461661615625974,7.78322121800216,BR_caat
2790,1.7215336848641694,9.381185056499868,16.86175652290209,9.418932883776334,4.6069662317394116,4.920977310117299,BR_caat
2510,19.046540683076966,9.211339571641894,13.73500602866839,19.324864413380983,6.74154833398309,4.868255387255871,BR_caat
2242,7.575739412755484,4.914687361946497,7.240939068892256,7.998943247887593,5.132601539296173,7.424375863769076,BR_caat
2321,4.741498027255494,11.677536384271988,4.388911139060905,14.703772025991979,23.215188753479538,16.677208745760414,BR_caat
2240,14.325686865690567,10.833666801759458,16.354806609309932,10.17973177208549,8.002592542692401,7.092023003530636,BR_caat
2896,6.974467608676322,9.761861818386627,7.035252910660316,4.069476864376729,5.451317986048432,10.752583488862793,BR_caat
2344,3.7413078760835123,8.152796330208476,7.4949758719626685,10.562010901310762,4.463846080866642,8.263988340195164,BR_caat
2901,8.057193011870103,4.440091118306788,5.007230636949064,1.9047947171142199,5.359548481042123,8.298558342844553,BR_caat
2872,24.28779180874798,6.774986344320645,14.601941084446375,28.65738661775474,29.039410378321083,37.91489503636052,BR_caat
2710,9.613006112819487,6.15138609121382,5.110074502867564,10.965733974404488,4.844180628222037,11.91847608684609,BR_caat
3013,16.738740914624447,15.596068538036869,20.23977710200028,6.44531457455768,4.942186021094916,4.571568449243288,BR_caat
2467,8.941603301481317,8.911326118499588,7.22891512168573,8.711771302605817,10.738059500260324,6.791537267118302,BR_caat
2813,33.88097164342079,6.7705338324117825,16.787672202425714,2.783158260946171,7.106376067489388,24.237564275515226,BR_caat
2076,28.271023653827253,15.564530490574219,18.006890112244225,3.4069860419920013,2.090074907311263,14.241173236511797,BR_caat
2375,12.906091869221562,4.924372353548743,4.537888512572116,7.730386647207447,10.836705716145797,5.118954856873825,BR_caat
2364,10.472033577596129,18.083665343165702,19.3713050463034,16.65025892643436,9.944556223892516,7.9326324224229126,BR_caat
2446,12.896777016668326,6.189896637997156,6.430679389216868,4.5099634949579785,4.418128535649217,10.91621756601215,BR_caat
2201,11.609834760278666,5.365501150905115,16.005562640035578,16.386658760224247,2.8002737288906507,5.598932269209239,BR_caat
3011,11.898949390486468,9.06204338792069,12.778240443083101,22.227957172572005,9.97370256172315,7.289659821412899,BR_caat
2583,3.761446531842113,1.794906851550309,12.75102363065827,6.341967829406686,3.6128660015214544,1.4292702945889475,BR_caat
2777,6.3877288800302,2.965090781978869,4.135865349455936,9.217705799258477,3.1088789329008235,1.0892196400100689,BR_caat
2681,14.121601408747756,8.551670170289585,11.399643704048087,7.133713592287742,7.011212667453101,11.950691850713568,BR_caat
2260,12.419074125740154,5.604119601069721,16.543845892105853,13.569619659248081,3.833357137174367,10.589729160058486,BR_caat
2153,1.833222859077043,3.805812961525053,2.016373429765659,7.510466525701167,7.291111613257605,12.016338142750788,BR_caat
2049,22.38076407062314,20.468226280274116,18.750538325474892,26.388649018993476,31.861864086643674,29.38309181915217,BR_caat
2625,4.156147625807674,4.440115716984244,5.921311023434902,10.78848034098569,11.425930365799887,6.392385329986885,BR_caat
2251,11.655523138757824,4.485972033163667,8.950352654924169,5.27896639542987,12.714406170051038,14.718410225963085,BR_caat
2050,20.126451679151167,15.221896457527608,15.608323224492738,16.798008941964795,3.4153569894599616,6.972006158545075,BR_caat
2205,13.408136923738924,2.1804899082131377,12.209334838216416,17.566735093572834,1.175258621989972,11.342684673811254,BR_caat
2380,14.360337575481458,22.77813567569626,14.653928610012906,11.885663005045963,5.849053565962637,5.017800448271645,BR_caat
2316,23.737623724359263,8.35877830360903,11.958163180391347,15.894576497064207,10.596366455778124,9.591292549016448,BR_caat
2716,10.5835274397615,3.714306076456878,10.094276123552465,11.736534113836099,5.1688177271492926,13.786707843368529,BR_caat
2578,3.8065688749345967,9.801786591349337,11.084590028958223,9.486293366095087,8.286527389897278,20.179187370765742,BR_caat
2978,6.497167587379256,8.171422974978425,10.22764822896089,8.016960656556897,6.742446578592599,4.649769951590808,BR_caat
2602,1.311659411190561,3.6007816617131625,6.630134028247393,1.941341606256462,9.421727704361725,14.065013131378521,BR_caat
2987,17.86815741907017,7.756974068170259,22.41608425538173,26.976397258123367,15.970286093087772,5.420667465429949,BR_caat
2844,5.85144226162115,11.758882912908316,12.971937338488395,12.596269554409535,3.535798468644953,11.058715446447213,BR_caat
2979,12.198396747459052,11.598957600802096,15.374697866497185,14.22337777620728,12.920957830100477,8.849556918222785,BR_caat
1889,16.80901082315896,11.202174298366717,2.1912948268184174,1.0339866657551013,5.539486104345215,8.70147251682335,BR_caat
2773,19.39823826915205,29.61160462460681,0.8658087292756421,13.859814687798272,2.7009742531103016,12.11423194524579,BR_caat
2928,7.196081483993013,16.64354725129096,6.723058353277538,9.498571365154984,9.565024151847474,10.647007240642104,BR_caat
1784,16.58942734833485,9.499688254526653,16.31506546173364,22.954840544678564,17.566722276751985,13.036038581287938,BR_caat
3027,25.57529278501003,4.137412749182424,23.79081575868198,17.034266492253696,8.473754851371112,9.3804912376291,BR_caat
2911,3.994689382153992,1.3444689944412107,5.011551760134488,5.864701273759882,1.760382449684956,15.342219127966931,BR_caat
2537,22.893939066814596,8.863046853555282,3.220991362385061,7.982009343612381,10.331951136517894,1.217033327940208,BR_caat
2431,18.499988916159545,18.958761645574132,13.164124966315365,7.419120858129953,11.6854471491767,16.108445042786798,BR_caat
2061,12.680460481162099,5.892079275181484,10.917510254511528,11.290462232431851,6.485554129601946,10.747781713880219,BR_caat
2791,12.257823478261225,1.9983938565895774,8.072743355144825,2.1038209061659674,5.604549268165723,1.656140190743759,BR_caat
2783,3.9237100474886497,4.953670272608059,5.783985493966746,13.207576279533686,2.640854840995071,14.921832198529275,BR_caat
1874,7.417113630296123,3.252388462316189,13.73680135911013,16.858103015404073,5.202742241880078,13.266359027341595,BR_caat
1791,24.91300080145584,27.77661014364367,4.171541231961341,14.04787157990695,3.2882542805203623,19.477793016540737,BR_caat
1837,9.585701823972277,5.928556195234373,11.072048229277291,17.994785217831474,19.161132964479666,16.71369045605826,BR_caat
2505,16.482104254689645,7.555247726405959,16.35750903285695,15.212203310992797,7.136813378090325,11.15806703306187,BR_caat
2990,25.460728725813908,28.941350771381245,12.649558709953046,4.768488823753699,11.125498802924383,18.015445357866124,BR_caat
2989,6.740303443371039,4.500511286740673,10.728611786493746,1.882298987923458,6.8219016546099045,13.201534873496755,BR_caat
2576,16.22277050945924,6.769901682220358,5.950387316845718,5.14920017667158,3.4848970259735648,6.665389724968173,BR_caat
1871,7.10790912183738,12.070811985540514,8.946827398632182,9.888884601013228,6.558963450471548,3.012727980464057,BR_caat
2323,4.491637692030275,2.022493464419048,5.285188153291084,5.560345641395632,2.3369929685093283,7.6289246741677506,BR_caat
2858,10.325416186173923,8.266599875346202,20.004456095876925,16.192289041874975,6.907083272586909,2.87498639406615,BR_caat
2946,6.59821115941678,6.051516812378473,14.05829934104951,13.992407062890592,14.7218781709905,6.126451006606333,BR_caat
2454,21.70395413463871,16.25235886794619,14.214905174026798,14.287619388882304,12.425385157173253,8.083061101582159,BR_caat
3030,24.078668541744783,1.5470249305997974,15.89268266791442,14.22133428975278,11.919027260612907,9.148940688180828,BR_caat
1842,19.06269866718472,24.59501354900202,9.034109101770285,4.577298234954351,7.063973433472885,6.38731113451512,BR_caat
2275,6.68446007846487,2.61231772565095,4.514562560545761,8.801280032062953,14.35318767629618,7.0670674629463095,BR_caat
2923,23.962292556663865,9.98298231695741,11.653535683148332,26.125279133028123,23.51977691402033,4.983707131656504,BR_caat
1986,20.010403715387557,23.156099351418362,11.571316165073341,4.44518953246661,5.260865895533383,15.853628161503034,BR_caat
2899,12.760513257471672,3.0263027627101313,24.901546986906613,16.516841655021846,21.105308710940445,26.73514291483968,BR_caat
2601,22.203803264024675,9.300617227484711,17.09070669558069,4.993108308052206,5.811363513824936,13.146161002924593,BR_caat
2033,7.104123871308453,20.456698083552773,20.5096239507299,17.130662986343793,17.270058167537243,28.099278879817728,BR_caat
2771,6.402732985017009,8.593416341883172,3.008228782701049,7.87869604974372,13.692732733422673,9.948997874645329,BR_caat
2421,10.015177968178124,10.366104725595566,1.3145540021816828,8.457520797689623,18.590604285342273,11.975221156894788,BR_caat
2202,14.982806187675584,7.5331508265632765,6.3537964501652215,4.539805748025174,3.840792901333153,8.85395356023334,BR_caat
1878,17.035400530444637,20.473102690513226,15.059541800383844,13.764212250156604,12.453308736483056,14.231781228394123,BR_caat
2590,19.846717690359164,2.6356423313446014,4.370718289928252,6.406026042858593,6.545386665201447,11.479515735980016,BR_caat
1808,17.10424753101767,7.552377756773565,21.47541417874676,8.832075450916777,5.62529659002242,2.6137233152246298,BR_caat
2665,10.822045838196193,1.6796806835134206,23.822392847336822,11.811882470667845,2.9882099830526556,8.043935149850544,BR_caat
2044,10.564534744702083,8.688628490576042,4.985372952802651,5.485659504132242,15.363546432199811,16.842760053656963,BR_caat
2107,19.556704516119744,20.541914305652,20.29569565138258,13.429198980910918,10.057831311320498,25.958238449656854,BR_caat
3031,10.704020582334918,11.320731605191181,15.812160067610911,10.500313049554089,3.6364017983872596,5.593905306888284,BR_caat
2677,13.741343462233013,13.825984159157011,12.856715198955992,7.2303343872978365,11.975678696979896,10.283163400786682,BR_caat
1953,20.170857366497078,5.564415395109538,6.002837727681747,7.623269531928513,19.84564495469816,34.74993434585196,BR_caat
2588,8.885451389624118,6.889980335545617,9.818318016402701,7.52154271654511,6.007339562674383,4.313480780424446,BR_caat
2715,11.242507554012759,5.804966142724285,5.607425485348825,5.254301743182458,6.498320985124176,15.751215101836038,BR_caat
2699,28.54210063282192,31.326444855599828,6.224173380702865,8.762119111336228,7.6845121802683485,9.654195546456563,BR_caat
1829,16.047672436977546,5.77654744796882,14.108797469097995,4.915169725635966,15.65981183805377,4.060640126723127,BR_caat
2346,22.41613990457949,6.326426716672429,7.3798369810662905,16.015009968403994,12.23858032833305,17.555929928019456,BR_caat
2503,14.337870861109415,6.952268520515728,8.85849930856936,9.106111843922672,3.408084782452518,10.069373924862713,BR_caat
2155,3.1675998144785975,8.699532811844351,7.216424458026375,2.915590304480224,4.509603932751777,6.225077140471604,BR_caat
1895,20.913954899385732,16.61706072483563,18.964782444318203,10.535437829783469,3.3090938369324254,11.471996176780781,BR_caat
2988,4.114815062937876,12.203027499360585,4.268284634947171,5.621168656503102,6.608011144862251,18.674234174622917,BR_caat
2019,7.7023932326178395,3.3666094599131293,6.504211979494804,5.618160575592069,0.8454502071499492,7.650212004997023,BR_caat
2869,6.9982458319795215,6.463890008327438,5.5485693631189,12.135369074028409,22.53756881954404,3.272868348607227,BR_caat
2513,5.265037240962047,5.883535136232177,5.088248232982019,10.36590310591613,5.849253736661492,4.726595518195368,BR_caat
2075,12.614910771727692,9.746613015414814,26.85337104535951,21.58791054663419,9.16880986692887,4.33967628868079,BR_caat
1961,18.458542495463316,15.028310497599103,5.443196323322289,3.534957735835324,7.122982096457175,16.209060738747517,BR_caat
2270,7.788505292877493,3.0902135085267113,12.916743892084671,12.74973515888086,3.1846219413476673,7.133710686738662,BR_caat
1801,10.178110801072679,2.479924065951111,10.300922018833822,3.764079339914108,3.5525627688716246,8.62072432434133,BR_caat
2974,8.951032817250784,6.917305411985132,10.130818884841084,2.9179184887890495,12.393912835929418,10.909343741103354,BR_caat
1825,9.833514609969969,1.1982604898826394,5.177900919981885,1.5268858815529602,9.902692008131758,17.265152559397162,BR_caat
2596,4.334388548411268,9.287262358433246,11.74691541222384,9.647736256342645,7.776615691642684,13.175768404775743,BR_caat
2126,6.8883051975769485,6.797536266645591,8.875394197284256,9.564255125035402,5.48521513317084,5.014079922971049,BR_caat
1813,14.21162962660716,5.904696631221681,10.165045807759556,6.4632420331848115,4.998118243716029,12.15373196383437,BR_caat
2776,4.8126166025990536,4.76986089796895,7.142337849447129,7.665277369880682,1.9507845673389999,8.147910473529766,BR_caat
2692,3.6289576105651533,4.289137582950306,5.222047600946054,6.434242675235501,13.041264830352267,6.012453388557335,BR_caat
2811,8.666128196576022,2.8587733488344877,8.951537272087664,21.484754127235714,18.213172134613636,12.989922685562195,BR_caat
1836,11.113671220770588,3.6378873934084788,8.750369293350182,6.725437880208474,4.159344028657447,3.8314334719816836,BR_caat
2086,22.88103896227843,15.541043896930246,9.060341862613356,8.168377700867167,11.740433475710887,21.463996134063763,BR_caat
2059,7.933478390040812,2.3597074721006783,6.112169180787599,16.390801185937008,4.77500802944413,6.01461778688573,BR_caat
1814,18.78495816914818,5.9093867876768735,5.957515689117496,12.93344050862186,5.675749075219237,16.76471534273958,BR_caat
2045,6.787920409602607,8.886180812062499,26.49784762886841,27.879712402773702,2.5168108208695785,16.33174861842887,BR_caat
2947,8.135624815774259,14.019110644632901,15.338298838920364,9.576029092222765,13.409927301055307,11.309244092051898,BR_caat
2065,10.480609476337063,14.916093291245863,24.38672240692014,12.544958922686014,9.32948549864051,19.774727029437,BR_caat
1992,14.011971335866756,2.5779908124650235,19.016687893338393,10.452107414477783,3.243162641992213,5.781550676602467,BR_caat
2440,6.694239676644494,2.7191988646525886,5.219544939663552,3.5170694922055845,15.1230469212766,8.217739615530938,BR_caat
2614,24.43123436948625,10.603005018826657,26.108556749902657,20.46272435297881,5.601243145327164,9.05332564939943,BR_caat
2132,1.4311683355414717,8.20287909440161,8.020759299992532,5.9612856714180085,7.411601256378108,10.46222215259129,BR_caat
2641,8.930272410583983,6.218591532051149,15.272921583440441,13.873268550934332,5.417854809725204,13.300213265606736,BR_caat
2134,6.832298062206442,5.740381190678956,4.1104661502032895,7.648904745830545,3.8047440075896555,0.9379090074377154,BR_caat
1768,3.7360800218860044,3.5922202140505384,7.690019933562316,7.80935267107036,2.1228266912136227,2.7822785872045936,BR_caat
1834,3.770513957018679,4.818943399141338,15.604588428299433,20.28990865840545,3.162585178631342,20.288158206270992,BR_caat
2532,11.647139663412657,8.47335262800521,7.652254196232447,19.494549790846225,12.172035062939619,15.53469704240058,BR_caat
1799,9.564526193284037,2.1156834892914596,5.891843745296803,14.153207877681297,10.524231973908183,7.538909531130853,BR_caat
2903,15.082104760992763,1.9207662943138408,18.9273144051928,20.421183689723534,1.3161564434742798,12.42643429172794,BR_caat
2649,16.194708032813118,13.538377710090682,9.552467917319587,6.298894066056467,18.90767868148206,12.644839806383823,BR_caat
2062,13.003636644859288,7.821535534237103,8.927305851534069,10.007864463987987,6.886037607717163,10.869399153046055,BR_caat
2886,11.549748700679185,9.261743962401857,6.864950054032122,9.242218890650138,8.834143878881907,6.9460418858131705,BR_caat
1881,9.579483430411454,6.911325498228283,13.971135411232897,10.83273674961019,12.085713261568442,17.446734716713348,BR_caat
2013,6.97297935652173,11.85459922289374,13.90547243163423,19.433023701547217,14.510480458415389,10.03841954082579,BR_caat
2183,10.58929579742952,6.7925094624819575,9.225581121380523,1.9758654842582146,12.770717995602569,6.614933008547119,BR_caat
1929,18.079345931512158,2.795523325984938,12.866269517996042,9.660372352210802,2.147044115113618,5.928996985712841,BR_caat
2179,14.13866973713066,2.6827571119331184,15.502166077567214,10.087947095057192,3.1002049599973334,7.3491144507316895,BR_caat
2747,10.849112888336773,8.798841218502005,11.292768927124223,8.373635381356609,6.860942141426329,13.697734539612483,BR_caat
2595,6.076643463837242,1.6499660127068503,7.874936739972905,1.3666556631653064,10.221601674889676,19.992357010175937,BR_caat
2522,16.958337835364752,3.610108519908262,1.5421361337770194,6.482508083750553,0.4368613965817488,2.7687500519519825,BR_caat
2957,12.44292602693362,11.057627229126156,12.36853845870125,9.74828695069823,13.15776304186508,15.369163711388746,BR_caat
1769,3.564371399164999,1.957641840116524,2.934088023583894,1.9128991455370326,1.5640112134451827,4.028040281080039,BR_caat
2015,9.978972974775129,4.60926958959089,8.015849258587263,10.343020144453954,8.79307322192023,5.7216490163856015,BR_caat
2941,12.483792325534765,14.147897998887565,22.896869552989255,20.57306194865329,11.575367203978917,12.040029787262775,BR_caat
2433,15.651451541350905,8.514919792877334,11.237596713651712,9.066014274790529,1.893133954017944,13.201248752896717,BR_caat
2938,11.604671129799485,4.210102312856437,1.9618131575844058,4.685898788187297,4.794187520046745,9.183178419563102,BR_caat
1860,13.246713518451505,2.0409463849749114,8.524472985059969,4.1294583919401955,8.928773785043532,7.029543599449866,BR_caat
2149,6.092302411815088,1.981950687280831,4.707459308292278,5.2333058361177835,11.396396349451692,15.1060546794886,BR_caat
1882,10.752595752595603,14.920222403305807,28.54885147717916,24.1325840715783,12.264181638755101,15.90022974181794,BR_caat
2622,2.9935129516408976,13.196905002194,6.1080314719371325,1.9146574872170585,4.093099491875172,16.40671076485319,BR_caat
2022,14.341262096074908,4.5089955592307005,11.405106950653552,11.180794142103462,14.185187672627885,5.395087439726337,BR_caat
2197,2.7176647924498885,5.374731200227195,11.865953489620598,17.092967541335625,15.671576987447473,11.40602271843587,BR_caat
2356,6.51134941228835,4.81970249406447,14.34500295135694,14.831805779005418,4.9255856742536235,5.4650633150186385,BR_caat
1946,32.06345579858537,21.236764458950514,25.207881983932623,20.29971839190666,9.355116459392594,14.409244413462572,BR_caat
2626,9.988717472694669,5.445241986751158,7.584559694503902,5.4464536427783425,5.00385059261046,10.020440868928576,BR_caat
2157,22.394416969269866,13.09823743522038,18.265991501455854,17.401282471754165,1.8110961887560129,9.175107431408417,BR_caat
1900,5.922968789365801,5.438207481434189,6.314702765007449,7.750733880076808,7.577959037979404,8.60158925173155,BR_caat
2598,8.7853263918129,8.799030698759069,1.8165135412303928,15.186631257407916,3.831785479343212,14.461906045096947,BR_caat
2968,13.82590932509142,10.114631372893337,6.483851822900632,6.2072573942814495,10.528278895360783,7.811012187105419,BR_caat
2709,13.293865215328514,18.643578984589055,22.30632359210036,19.578821902202705,15.196224754057553,25.744289405143704,BR_caat
2057,12.498520465375849,7.686250050464324,5.043621829401921,4.160116726169296,11.453982118036558,11.175189545328628,BR_caat
2014,10.981101251697442,7.658672743613194,25.18059212553799,29.935413992174976,18.897864208217555,16.130241581529532,BR_caat
2320,13.173732654662363,1.1035491468670335,10.781217899723236,13.849485478766391,14.742246375319578,21.680860550105773,BR_caat
1857,13.428349437124654,10.411439994550838,28.60761652623456,31.458371328082293,22.489123119441683,13.56677194089281,BR_caat
1960,13.753935446717417,1.8530724501837839,21.966477859130507,12.850196569785089,11.347805856203937,17.19921070745102,BR_caat
2737,3.7134011594607563,9.820028116655683,2.6455606132247955,2.7361146433813173,2.5880218738106633,2.8258428596981364,BR_caat
3021,5.065262358109378,3.675469819798005,14.39487735698152,12.130491503311106,3.466164569752154,2.5260726908916746,BR_caat
2204,18.52402059393908,16.949012899211787,14.95409882169878,11.618017513214669,8.449218587467987,12.37571745254358,BR_caat
2509,19.733288673498077,9.15130672646995,22.489055589393885,19.855667667827134,4.1831074553580505,12.128905959379235,BR_caat
2975,10.272983525997656,3.615328142911435,6.773005114927418,5.869645576773442,13.954126814374499,6.926242875497406,BR_caat
2419,14.891485690855594,13.266522185174916,17.720756973579228,11.407240543300187,6.646180937729412,9.10977620118275,BR_caat
2478,2.802517246658404,1.8428038576182666,6.97739630666121,2.7938728858586295,6.077235984871177,15.479806264635565,BR_caat
1914,10.362657727219469,16.41626070280133,8.585770544085486,9.282628763501323,7.552155170538594,13.951841678551403,BR_caat
1886,9.089710103415923,17.303368389245303,29.696977500181042,17.7623914611967,14.876039518886436,26.551557379944438,BR_caat
2504,18.58563986168238,7.179405944686745,4.6284914652757925,1.0537646700552343,9.439505664532174,13.689993641245852,BR_caat
2992,7.798252347508778,10.870854339715182,23.993340218019203,11.690593194145443,7.678357540386671,12.226009884944062,BR_caat
2936,18.131151886074935,14.817387867950261,3.182966369871702,8.830796965691928,14.585349077398186,7.981377020531775,BR_caat
2520,46.62280680962916,3.1489063597690152,29.119036204512796,23.52862758748614,1.3934759733217268,1.579549392295298,BR_caat
2585,15.17105826210639,5.658995086250085,8.460149936715435,14.245534042246103,8.037442828178445,12.887215985516201,BR_caat
2499,8.488395604578677,7.940434361023662,7.648227041865714,7.69747516923646,7.373755803259011,7.642086953774268,BR_caat
1794,20.582424365502366,1.3999962448386545,7.427041806934895,14.125939237232181,9.779678653081929,7.166802715307475,BR_caat
2683,20.717799874865914,20.436264431632136,26.51429664459402,20.507581306250756,4.314293329093379,7.295917603410039,BR_caat
1782,3.364927122959472,5.393017313581662,25.219550419757944,31.78925600919313,2.1392573446229015,6.6086531643965705,BR_caat
2268,4.0276342159479395,9.138973225616121,2.881119676778773,5.811043203111514,3.579427600573291,8.719921544068383,BR_caat
1850,4.580688036798177,3.5394433534338083,5.7393091236811395,5.195335130066259,8.46848469775835,7.550745022853907,BR_caat
2568,0.45797981675434585,16.700818838264148,2.4801556995054135,6.189224670600657,5.986980946896262,3.758719228028618,BR_caat
2843,43.93593465667164,18.34974566808963,15.080021422851667,6.001885674894191,8.316597529145724,18.00121043538069,BR_caat
2587,19.57423395023738,7.034229265427174,11.954930893886022,11.938784089755776,10.666939232470822,11.10427486183009,BR_caat
2368,10.085566580567287,10.901614099374003,15.284230519698745,10.966634008693616,3.976842321161441,4.269919461524836,BR_caat
2041,17.13553801452553,10.163139286824908,10.199848465107403,6.086127617848478,7.3408825973777105,5.490230505022022,BR_caat
2452,20.562601740658838,14.562571004287692,24.843209928318633,19.44306260961697,6.101129557585663,14.330513638527416,BR_caat
2661,5.323887196990525,5.721011276893656,9.910960092205304,17.173738625863326,8.872314329516572,7.5090928010259494,BR_caat
2234,29.86993383297228,26.045212865714802,19.432749172823517,13.429108733399168,16.10883228524224,25.28186666553647,BR_caat
2976,5.971250088819866,4.820561551054057,1.5986696284144966,3.530683353337087,4.234422437602555,6.560715456625984,BR_caat
2884,24.69751097549431,23.60025117576908,22.59439800792996,31.335760852380965,15.760486957171201,9.901934799600562,BR_caat
2986,19.626784578947607,6.189767359262964,13.96381532268454,12.758769838580326,16.7772512138899,20.725915996273123,BR_caat
2215,15.410853450673569,12.500562953550775,14.079376527147124,11.217140087747445,6.65984784558482,1.8899755704199515,BR_caat
2139,8.995893752807412,6.699472526400662,3.7060637241113636,3.713137385719208,5.384805007926785,7.665486475276287,BR_caat
2325,15.555002056199184,11.020782901688127,14.945573612123301,16.601346236951215,11.675938782706304,14.68815480015174,BR_caat
2809,14.530328399668605,5.603945489332003,10.229501641095297,26.134542529043,14.083124872354851,18.774211097718837,BR_caat
2039,4.701069286825238,3.285281663323404,6.517359628605966,6.405700305330517,5.668351047124161,14.853520784189152,BR_caat
2373,1.9514086594485287,1.4243154363627264,14.551348563071942,7.2307202020071335,3.93298371002328,7.309940843449746,BR_caat
2217,5.219133550152977,2.1496620649917957,19.592309146539282,17.414289947676817,2.9230599403919144,3.2091371705653557,BR_caat
2859,3.0493260835548814,6.506745605535319,12.351485684162794,10.418849968768285,5.528710015432408,11.40598020387825,BR_caat
2291,11.420451937209867,11.287124869546764,21.513437799097925,19.865793676960248,12.039624168809764,7.2842813378809685,BR_caat
1982,6.710015453969072,3.419205800506702,10.779158625172732,5.022668002837591,6.315311901323135,5.94783404147647,BR_caat
2112,17.634779827337795,10.442691063203002,14.687740786935134,16.28365565019618,7.285157004347499,11.279240934858123,BR_caat
2880,6.238118797290078,0.929450158321466,12.549809854168755,10.586492672725772,8.411043678137602,14.533393274031376,BR_caat
1915,3.459334613421282,3.649239951495478,11.22278179344605,8.946625988172936,26.82993062827591,32.055858151047325,BR_caat
2491,2.813443231291417,4.961376534243308,16.37944020785553,8.770775146673929,1.1641553796478532,3.051839776883531,BR_caat
2180,1.7679104443477311,2.302204649325455,10.565687890411164,4.747774626127613,5.6647436317132716,12.441000573557876,BR_caat
2644,14.375968047624164,17.47285186417284,19.7317544955679,17.202215502173985,9.228162818406894,8.74208007141164,BR_caat
2912,22.030807798129842,2.044509540198319,24.065682402925365,15.774577502101408,9.92405089447463,6.416054291410158,BR_caat
2110,1.1205034326599812,1.2429531765093533,2.4682705294427714,2.0064733464993716,5.904921505033713,2.0304041747682446,BR_caat
1941,14.74162180690247,5.582124841150467,10.950642175471586,6.479247535866695,14.536910424748358,7.042174902403128,BR_caat
2553,19.79094337319308,23.063013175809004,1.0402840228593746,5.938552745491626,26.196136397814733,25.367792983208744,BR_caat
2674,9.316148389187205,2.1703473701408513,14.752728293155888,14.084956263806168,24.11110623994265,15.854961758518044,BR_caat
2748,12.525889842783508,3.6295154447181397,4.8279697916101005,5.550236654311443,1.674347807406951,5.610239143922715,BR_caat
2506,9.609336464486004,3.065966967958532,5.870388232713265,6.1149909298348915,0.7165786970125764,9.048993837570082,BR_caat
2073,20.63470002500536,15.708809779416658,11.660136895453286,9.675227749164739,9.07440611102845,13.413817378843591,BR_caat
2311,7.16857054320674,25.730467102943408,19.437639973698722,5.301642549347476,18.238206796635783,9.209192355132236,BR_caat
2592,18.997770695828606,9.639334358390796,22.0213039091236,10.954149564380359,1.7917756825180169,1.6331680361697105,BR_caat
2557,4.814549645746608,5.572186843550662,27.291357155854392,19.066952926661582,14.277159907965036,4.601114283270395,BR_caat
2730,17.201860312859015,12.486838694224543,19.208324636501978,22.62748501377474,14.209381901767609,14.128655390915103,BR_caat
2053,2.5692158701423162,1.5191136726473051,7.949453082894547,9.569734013359708,12.590929049529898,14.01511951051338,BR_caat
1989,4.031311390039525,2.429649041702978,6.819537518000737,6.777660267635901,17.082312081447725,24.445400407295814,BR_caat
2561,17.7294963343012,4.497002304056243,9.804868279285433,4.940305322362842,5.3696646917283175,19.53969534123672,BR_caat
1790,22.83275813579566,16.277293008992938,27.437096153890078,41.223544711026115,15.709002384404208,10.059468849106262,BR_caat
2768,22.16432974469948,10.714328832734644,15.584231923433348,5.571195846901371,18.519728820823683,12.288495152589734,BR_caat
1884,34.91579141079926,16.21786429785242,18.803493269514995,4.156269045492159,2.893301293685077,11.793062680169854,BR_caat
2535,4.094881599428871,7.3915982978194785,5.733742199293693,11.16845114642024,8.759904033817833,9.084839903890352,BR_caat
2780,12.956615305004263,13.837227992524628,12.78008171994492,9.849230673065563,3.579026135275827,6.336454109969974,BR_caat
2129,7.24209310869315,4.520614748889437,20.997024445677038,8.984540150014013,12.79382557832375,15.810794281911221,BR_caat
1863,14.038440247250719,9.230728706845824,1.133840953348804,7.551451979051659,4.270049451823102,7.6065673827127025,BR_caat
2997,10.370438012507623,2.0845470441495975,17.500875659624366,12.352028044612492,6.762419660627868,15.685674531008397,BR_caat
2029,5.09784944412175,13.838265785242324,6.027371215831999,11.585141191596408,16.089751910859285,17.556824192943935,BR_caat
2819,4.011596272305079,5.376796203930498,6.705869459521496,9.765125964789304,7.811709630403295,5.7763567994702285,BR_caat
2708,11.446994868522287,13.229798264189697,23.244909328992705,12.864514134444837,10.959528956522291,23.515929833975026,BR_caat
2613,16.59566384392416,4.759148116339225,13.683785016260947,16.321626632454468,12.87573370501009,6.248314247805147,BR_caat
1947,3.339842456547281,2.826497980936324,4.210434581158886,10.726481675887673,3.039657715721182,8.823211290277042,BR_caat
1870,11.153232618313385,1.894783025672946,2.8641130089778684,4.593297181113434,7.886643507073213,11.100320339848878,BR_caat
2342,18.143670336819838,20.416584756138885,2.3014011143702877,7.694920794438968,7.494003102650332,9.015244594366044,BR_caat
2764,4.796489318908284,2.9083430568749096,12.26067093222223,11.038637854798523,13.018037221117112,20.45724290582655,BR_caat
2331,12.027190010347217,6.670043219972679,11.109158713957111,16.156050492001658,16.566148996072734,8.244656272955476,BR_caat
1952,14.95251691176336,5.259037477951459,7.635338626558978,14.158364484535113,9.486366754657237,15.413684059308569,BR_caat
2235,20.73826162586428,9.76293759545801,21.359364616913528,11.6324474815989,8.565181288387725,12.845003655221703,BR_caat
2148,11.661312167463237,3.8623612453490526,1.170062383280577,4.1953819884979024,6.972179872801678,4.054006930326318,BR_caat
2371,9.568692697697971,10.279035840580166,13.07628181232943,4.444006805817907,3.2423978823499864,3.564134405611069,BR_caat
1839,13.760772056285484,9.850039497538488,11.68514387882199,8.981085381269798,7.445836210555413,7.674336842523698,BR_caat
2847,11.59155925483579,19.498322439097542,13.193584429909098,7.901346993247962,11.687490865684271,13.653550991431246,BR_caat
2634,26.391915322744104,9.868106754334338,4.4431838511520105,3.240748156443526,1.623521534817839,17.807896692065786,BR_caat
2114,14.679556384106244,11.870998660814463,7.787801482363287,9.384138626143486,8.741634207993245,16.625106494125493,BR_caat
2559,11.690637293575726,4.555500473875456,15.649243015503009,12.94931654296205,4.045096827179774,4.320656395803099,BR_caat
2925,22.365543695367183,22.00628360599301,4.2320086971608175,6.022090357055457,9.280088786549877,14.683312211763656,BR_caat
1797,8.916645942495007,5.225549733776817,5.418859673706647,4.343028144739671,7.861617763070491,5.292612366528927,BR_caat
3041,20.812025063348457,10.051665577388045,8.426226265582358,16.262584072308552,11.960694437449748,15.000241472114858,BR_caat
1807,15.922483637182374,20.8894444680521,7.408446169556885,8.352115355444642,13.705035321279583,10.850191361088553,BR_caat
2272,9.654707767599323,9.58630309562896,17.83418554134395,30.727140866667074,5.149681398973284,9.662117476834984,BR_caat
1925,9.065795736864207,5.162179519809894,7.432022464455659,7.663675077247193,1.9772816119937608,1.1012581471614145,BR_caat
2426,24.931062668703735,27.091719525148733,6.499429074581789,6.196549456830689,6.7183072971737685,13.14314297542859,BR_caat
2766,5.73079888417371,2.8963573173782353,8.650487959577147,5.01932497228899,1.448486712321551,7.750029992388288,BR_caat
2403,20.454869843346092,15.60282168695959,17.03642079342923,22.269409583560908,26.98435523697905,25.749949658116424,BR_caat
2897,3.248483980634289,5.076248436026593,5.618182516349117,1.3702766640709905,8.177631845313764,5.675637199346855,BR_caat
2162,19.06882024647435,26.825793417766203,7.841220529317195,9.145741366756898,3.9162063339711377,10.529324844434193,BR_caat
1820,17.526413884311502,0.8614650424334799,5.788574933585898,3.597612617692522,6.827610380463937,8.829865765613032,BR_caat
2684,10.528515719312995,3.698063976326312,4.4515141525026225,4.255150652122971,4.231843521966688,6.455633849027026,BR_caat
2127,10.999777410895426,8.397920247760696,11.17364796523387,4.967865238935468,4.908579706510549,11.655897065881142,BR_caat
2577,16.16803331648055,11.40125561165968,16.195254486107828,15.56035532175447,6.555136703500953,6.94478401316845,BR_caat
2170,3.1926474863963534,1.1226682739178027,11.353392619522234,17.437950794483793,10.46124456044345,8.839238068480268,BR_caat
2189,23.975232654517132,27.870092022775616,32.244094646451366,32.21327958817059,24.040517431030118,28.527134279245402,BR_caat
2216,20.536415861802123,13.204872402424874,24.017867912795527,15.865678178079014,5.233727655845027,16.599046349755955,BR_caat
2445,16.948685360604074,3.3630091556644186,2.4399234713592315,6.889473079079493,3.903977915959552,5.8078795234288245,BR_caat
2052,9.130082043019428,3.8066823958929676,7.376279647071184,14.848790185510682,10.807612300424587,15.700179160057424,BR_caat
2360,14.565042588101507,10.549156462348533,17.196238433537054,13.192965157816316,1.8015772930032377,4.349320693289608,BR_caat
1995,9.642528473847038,10.054566503895973,5.871559047840872,22.73313000930942,9.83026017063487,10.071549099549,BR_caat
2121,13.762259444922886,17.98222471760948,19.47460825010973,16.09367406362417,5.71615950272433,4.854690803724591,BR_caat
2539,1.0351758848995953,14.840930962195838,3.733385741007336,5.910190800679909,1.8739026924544515,3.3258689022899315,BR_caat
1777,9.37802543403272,3.8761830186159756,11.290098358768414,11.697249402336391,9.223925622930176,12.396424349431381,BR_caat
2831,27.54141505857664,32.00088062058869,26.98859431421062,26.251665709817228,26.325156125290714,13.12700295868901,BR_caat
1798,20.6999230549036,27.071775749725422,17.800425229944075,6.120486531570664,11.81606042839416,25.62481209552472,BR_caat
2907,19.738667159424132,5.291133050340999,1.8218588410456715,8.004367808447132,6.334763826523891,14.957316465638183,BR_caat
2459,0.9986243524978755,5.638592708971851,12.37047499488294,16.084832375886442,6.172187729445106,7.326733307191994,BR_caat
2801,3.6478003957795315,1.9101018047142648,4.241653975308355,2.9685345332918196,3.4819660822430607,3.2164202836685263,BR_caat
2628,7.027372589933577,13.4726134206576,5.967782201438589,4.341371838895334,5.1081172954385465,13.706736872677903,BR_caat
2102,11.809886256950573,12.268913170896386,6.726138018280194,8.924900956356455,6.366451779610341,18.070049325144993,BR_caat
2573,13.961396338712438,4.764447741206238,6.079079787286699,9.27259821852742,23.26664076693175,33.50065999056618,BR_caat
2230,12.897627683354976,10.61723748974624,2.3744693458764172,1.7136365605039636,9.681952643259583,6.85985033933268,BR_caat
1775,7.097377316283008,2.9459604341241556,23.311719433817856,29.122341020526783,12.126449419923226,7.431582688209206,BR_caat
2285,17.476956018980562,13.236180799736273,9.551574125574803,20.174917988674345,30.28096743042597,26.95791180931311,BR_caat
1965,22.46710878784738,26.18827887772673,30.95797927315073,33.58991734907546,20.56575479773476,15.888615599557761,BR_caat
2064,12.279703500672346,14.95945998386259,11.418655744826284,11.340657615245854,14.382646777935513,8.3616578744821,BR_caat
2160,12.686918732889136,0.7282355464501779,4.897643386399538,4.06233152043282,2.869394801285472,6.466843266313315,BR_caat
2636,21.568274689702726,4.433241203990717,9.54470723331175,12.437496279820985,2.9894039179633514,13.694479735679433,BR_caat
2906,17.478047517366768,5.216055822773377,6.261548864326684,6.725023964490501,9.712493272149867,2.287996445317816,BR_caat
2789,1.165961713213197,0.9376567075108068,0.9510077465674688,0.3297315952582106,2.7816468351899446,2.22776282286051,BR_caat
2763,5.55282728219641,13.913079902767464,7.0714988931114675,6.028867948363996,16.973624454273434,23.979445751304734,BR_caat
2541,12.604319392253144,7.429332387631769,14.068133016314999,16.244520739090408,13.492495090499643,19.596187193622427,BR_caat
2278,8.586809116673567,2.3819139639288522,1.8388146685571847,3.353895060299089,6.681408589610949,5.631850513521007,BR_caat
2794,17.539876173206686,14.248108752369104,23.96788431801283,19.497976478258337,17.287968105270465,17.0748913378841,BR_caat
1890,24.28325768016664,5.979450955166188,13.192189388353725,18.529485847357932,4.884413804865955,2.1262203515943203,BR_caat
2456,13.918329240681228,2.5806168276423147,9.22593496067322,15.503787805245556,5.977834300672015,9.702944096062394,BR_caat
2146,16.585091762144856,6.761284660096346,11.90622090504637,10.90867413931257,8.08179102978466,3.9112490093151577,BR_caat
1806,8.972786475967164,3.06693332815124,2.193248427491369,3.1668081469733593,11.638522209201676,0.6062521260386132,BR_caat
2887,9.774125119197864,3.121513483270693,4.396904299537089,15.113046526666476,16.01957969948562,15.313988199646303,BR_caat
2866,16.71258523872407,5.925214438774874,10.371658830725261,2.9335323694048996,4.410602319216346,19.18962131462426,BR_caat
2599,8.308779164681493,14.449297908005247,13.978445771005182,17.73966513304772,9.503385504050442,15.6072231345639,BR_caat
1930,8.873021716545006,3.3532940198007064,9.860021985358285,3.3207952046193827,2.6852245426806296,14.566344031762956,BR_caat
1835,3.6004395610412674,3.8426824214510305,14.196602016213177,16.21009546124053,7.62121216240036,7.861493218105418,BR_caat
1892,19.53162978608575,19.43211246492974,25.82885428451067,17.85800761475836,9.648058357376199,12.583374603024648,BR_caat
2319,12.150821055268478,5.2648135746959355,14.387741983779602,7.92148076528607,7.5419801683585606,1.0357277900633333,BR_caat
1772,24.60289153861194,5.219006219461303,16.416436856397603,21.59903775190713,9.112361649935956,15.917666413852016,BR_caat
2893,16.857344674735625,5.417952746784112,4.8123474879982755,4.5186433053317465,4.708175918259081,12.390664275952355,BR_caat
2301,6.8269488405051195,4.187878755865486,12.651257496631912,8.66012816038229,10.2571840176648,17.02031413130098,BR_caat
2860,10.14469992564351,18.26127936217418,14.704449342330156,1.5597275698890762,12.44739238586143,18.812302587175996,BR_caat
2068,8.286821286552522,4.547129465572122,16.13791826374979,16.45072560836788,5.402175848556494,9.122552496982893,BR_caat
2379,9.792832361372016,3.3807287427142625,6.641155502644373,9.633637175900516,10.325959070607412,7.999888746200254,BR_caat
2515,7.406591631450395,7.288391318544303,23.969389060127668,21.754761993182303,14.466986799052334,9.844327080891864,BR_caat
2055,2.278957528056681,9.626609280936009,8.28493957072911,6.123791556950675,8.141032181827304,1.9929096192817388,BR_caat
2516,23.55987070028804,9.795642455071734,10.060518799536574,4.861728231399054,2.8789189584917843,16.952207920227064,BR_caat
2195,13.304997762984076,3.250683291458138,7.378008985398915,4.028774825907026,14.163457822825176,6.725955245765148,BR_caat
2376,11.587134176161378,14.41965127755688,18.414878548304614,13.98818141361595,4.269252419202518,9.039816678423875,BR_caat
2757,13.901501484565305,8.451821397382938,5.186004703698044,10.356799909355074,8.591836173201097,3.2197282423307154,BR_caat
2964,0.9585143557326748,4.10175146808748,14.351390577736245,13.441650246493133,10.41254917043746,9.718996492292744,BR_caat
2660,6.983586490316704,4.705586608095813,2.7896918168919256,3.4661157854188,8.382546275891286,10.485218428488325,BR_caat
2610,6.627665072415673,5.080707904362965,8.013095372364917,24.54661087926233,16.369118176011366,10.347203731615936,BR_caat
2274,9.064682698191964,16.526226640112807,26.81472996941972,10.374042325117543,11.365612516820098,8.495138357530282,BR_caat
2124,13.285343958054575,9.543068151137522,3.3655826658498404,13.42515444729731,11.153514413893538,5.658622266832113,BR_caat
2167,1.6396441207312793,0.6586228269234226,2.128254134755824,1.2446507177505766,2.600697726282293,1.360989223634448,BR_caat
2785,3.2649210402575526,4.8883575044258345,12.340836766137143,4.784854504692899,5.722974174681604,13.342625713482692,BR_caat
2120,12.859315390377203,9.22151260985691,2.710562658544036,4.1985790765149265,6.4627042004030715,20.46179329181454,BR_caat
2612,10.97590326838566,6.301707911253932,15.477499616177898,23.939051647180555,12.376728644228317,10.426185174486521,BR_caat
2944,20.21661784504554,4.014049091517406,16.674610806551136,21.688319198647033,9.301220319914226,9.951288077500585,BR_caat
2816,18.167179338323734,7.810074179637936,15.328356740251992,19.525446105929525,16.60718861403148,16.744030291819488,BR_caat
2466,2.3400736981856607,1.3146070669363012,1.9605086028702292,1.5123570825214323,1.7360219654781917,0.40529207094972386,BR_caat
2411,16.29194783432021,11.892558553289916,5.919104335822865,11.999737334981596,9.73921596757682,7.216714481939445,BR_caat
2604,9.009860441055022,14.674605021618586,12.047296159089596,3.5282074675187673,8.397539182244065,9.617372290460441,BR_caat
2435,8.366889227981636,7.251796535340419,20.03434681840067,30.7454660139928,4.805684772126393,6.258342801748146,BR_caat
2028,17.046557372651545,16.783017790135546,29.014242257957388,10.103999287844463,8.477520970819365,19.062896719660454,BR_caat
2838,1.0296225717773253,0.6649715615461489,13.109853619830783,8.110153817038322,3.6183808707493488,1.7846976012457365,BR_caat
2101,5.607568906727409,7.273623101873659,4.867494326074303,5.3805909595019035,2.4660548696124893,7.12353008807455,BR_caat
1921,11.533742033115445,8.525224233394647,22.066227446664726,21.856310821595162,11.359708727810284,5.486888005491865,BR_caat
2164,8.346558540207592,10.216899882878819,4.1859777646391985,3.7675702121482573,8.0285541948596,12.705219601985343,BR_caat
2555,11.776942011754937,7.050400554823993,1.7161246270961024,23.912047434098252,12.508921225236877,5.8783204929679895,BR_caat
2269,3.527144645723793,4.289157019424043,5.600914518597233,4.829341856887838,3.7053339642645966,7.398231350103992,BR_caat
2584,5.994782222919006,5.310621652126225,12.002001930352677,8.096127981395227,4.576016452760378,21.114477572142107,BR_caat
2966,2.827962426841295,1.0981958636745206,2.0732883695539237,1.9972192521599577,2.474651953795334,5.7783134651817445,BR_caat
2489,8.960030532068927,5.98998556572763,4.3488667648126,6.655188556063897,9.685652184695554,13.032592690022273,BR_caat
2141,2.8162791350152676,16.319918376392412,2.0377490079152305,7.296244306814476,1.5459176624675495,6.36461940834905,BR_caat
2623,2.6021868275378925,2.8933870874008325,12.084299773637017,11.159840529553883,2.9807389553500085,10.389458548944386,BR_caat
2358,9.421017161880805,5.7631332478007575,5.72317898625715,4.53955359728347,11.080048924978643,6.6053779113301445,BR_caat
2080,20.58054793303657,18.87446274882544,19.56286955859875,20.227380367827998,11.181953491063789,7.733573843646341,BR_caat
2593,5.559280727602867,9.650263825594443,10.907828716096313,6.439026972685061,5.339279509263235,8.533172207516643,BR_caat
2366,14.600780444873452,8.023716242569291,18.61577718176308,6.3484785330909075,8.579473540916764,19.693618578253908,BR_caat
1810,11.645772059984518,7.736834689074575,6.332449966181505,7.639627015851598,2.06490376538459,5.548854675167885,BR_caat
2413,8.153535260010964,1.6668271232941227,20.642617235998124,21.114035957063273,7.647555818372221,11.596643630637336,BR_caat
2954,23.11977633364305,26.03511027417939,13.270427331491481,10.928119175811817,22.786120942552728,19.463876954330164,BR_caat
1796,8.251487881428304,12.282317169768412,8.30394799292234,17.51869618618744,14.676246033034383,19.470878224290967,BR_caat
2290,11.630767387392048,10.967883148235002,15.958827589186132,5.26848676767388,2.9189926547786427,8.244980760775023,BR_caat
2806,11.188472154759337,4.581799147718909,4.0815757141554325,8.611031087158162,3.4478255698896825,3.717865780097876,BR_caat
2530,13.72055214501187,12.526581959407139,5.134468141471472,9.627196275559445,6.716930315275084,17.058970361491436,BR_caat
2851,6.1391159424140875,7.888763552916956,10.051206174076995,14.950404411936015,12.65850689852531,15.061290998138327,BR_caat
1908,17.163510673478005,23.10387473526259,2.7599841844050643,6.207144492208723,5.142619934464986,7.7338149022374845,BR_caat
2668,5.269420566792825,13.54305680291214,3.5900214755058446,10.58721936674377,7.663967370783718,10.021668126015946,BR_caat
2472,18.271315089462504,11.51662369099975,8.18940781439113,16.262591855529,12.105509872203363,11.411646215490206,BR_caat
2836,19.487391676580135,7.573824965103406,8.723940574712397,9.822125670498378,5.12705940290289,7.2758318573956275,BR_caat
2779,13.512138130815211,7.376857213961986,12.285855223378382,19.36801193051415,13.303642748363748,4.436321166708332,BR_caat
2175,12.205112472438337,5.484901623442014,2.719114698826642,4.3605661391286885,13.082865526615311,10.205485479008814,BR_caat
2756,12.65269697087125,5.543795966109744,28.06872031320006,16.7343963318946,15.007409641945493,32.61440148874492,BR_caat
2731,9.34919244399643,29.523362668934407,3.219333935560658,22.686729540887665,9.50893119423335,3.3431157620543046,BR_caat
1904,12.36121633095958,4.848801043419091,15.860415271498791,6.814543714146804,11.063114218519733,11.46526786512508,BR_caat
2795,16.923429814959142,9.674801785331793,22.32289116683459,7.326424236036644,5.230450378273817,16.4717733598651,BR_caat
2724,2.911910759993589,1.4791021667284414,14.135997504160276,19.39103339841021,12.07807606686296,17.642233895681457,BR_caat
2550,15.207120464756711,3.905566927863514,19.996870910669927,26.263135196448495,13.704673988148341,10.462175820340102,BR_caat
2213,7.253146884324945,6.985945272629935,4.296485681901058,32.5093867795708,15.234794826777673,6.279700088007383,BR_caat
2437,15.724529575290573,13.027896156136686,12.436365296325661,18.665787242570058,12.42717152030818,7.521679447244972,BR_caat
