event_id,region,gid,in_custom_box,lon,lat,area_ha,classname,view_date,n_s1_obs,sar_date,shift_vv_db,shift_vh_db,sar_r2,sar_t,gap_days,ang_mean_deg,ang_npx,tau_deg,registered,radd_first_date,radd_npx,clear_total_2021,p1_bracketed,p1_bracket_mid,sar_minus_mid_days,inside_tightened,block
A_0,A,10000_hist,True,-56.2052,-5.1358,34.9192,DESMATAMENTO_CR,2021-09-22,93,2020-10-21,0.343,0.224,0.1701,4.5838,6,16.9693,3400,11.3934,1,2021-06-09,498,26,False,,,,-113_-11
A_1,A,10001_hist,False,-56.1088,-5.2034,10.3104,DESMATAMENTO_CR,2021-09-22,93,2021-07-06,-0.3045,-0.3118,0.0713,-2.8311,5,29.3616,963,11.3934,1,2021-07-03,365,20,False,,,,-113_-11
A_2,A,10005_hist,True,-56.0741,-5.1618,19.2244,DESMATAMENTO_CR,2021-09-22,93,2021-09-04,-1.4129,-1.553,0.5296,-10.6199,5,34.6504,1809,11.3934,1,2021-06-21,1493,25,False,,,,-113_-11
A_3,A,10006_hist,False,-55.7127,-4.0011,10.7879,DESMATAMENTO_CR,2021-09-22,97,2021-09-04,-0.6439,-0.5566,0.1549,-4.3163,5,35.9142,1023,11.3934,1,2021-07-27,150,28,False,,,,-112_-9
A_4,A,10009_hist,False,-55.7415,-3.9437,9.7018,DESMATAMENTO_CR,2021-09-22,97,2021-09-04,-0.3952,-0.611,0.1229,-3.788,5,30.1601,919,11.3934,1,2021-08-14,435,30,False,,,,-112_-8
A_5,A,10013_hist,False,-55.5371,-4.4099,19.11,DESMATAMENTO_CR,2021-09-22,97,2021-08-29,-0.5186,-0.4904,0.2619,-6.1252,6,32.9123,1855,11.3934,1,2021-09-01,529,21,False,,,,-112_-9
A_6,A,10017_hist,True,-56.0619,-5.1692,15.4358,DESMATAMENTO_CR,2021-09-22,93,2021-09-04,-1.0056,-0.9715,0.3503,-7.2731,5,27.8221,1462,11.3934,1,2021-04-04,840,28,False,,,,-113_-11
A_7,A,10020_hist,False,-55.2571,-4.3728,38.1911,DESMATAMENTO_CR,2021-09-22,97,2021-09-10,-0.2558,-0.0586,0.067,-2.3604,6,19.6029,3734,11.3934,1,2021-06-09,260,44,False,,,,-111_-9
A_8,A,10021_hist,True,-56.0296,-5.1985,14.0742,DESMATAMENTO_CR,2021-09-22,93,2021-07-06,-0.3752,-0.3577,0.1335,-3.9373,5,25.9276,1299,11.3934,1,2021-08-20,423,25,False,,,,-113_-11
A_9,A,10023_hist,True,-55.9096,-4.8402,11.1992,DESMATAMENTO_CR,2021-09-22,93,2022-01-05,0.3909,0.4922,0.0838,3.1827,12,33.4151,1065,11.3934,1,2021-09-19,137,25,False,,,,-112_-10
A_10,A,100244_hist,True,-56.0932,-4.8649,9.549,DESMATAMENTO_CR,2021-10-03,93,2021-08-17,-1.0183,-0.9818,0.3889,-7.8926,6,41.9376,874,11.3934,1,2021-08-14,537,28,False,,,,-113_-10
A_11,A,100248_hist,True,-56.1071,-4.8558,12.6708,DESMATAMENTO_CR,2021-10-03,93,2021-09-10,-0.4487,-0.1842,0.1466,-4.1443,6,22.9147,1158,11.3934,1,2021-05-28,248,25,False,,,,-113_-10
A_12,A,100249_hist,True,-56.1827,-4.996,19.0698,DESMATAMENTO_CR,2021-10-03,93,2021-06-18,-0.9727,-0.9522,0.4782,-9.4131,6,32.0407,1731,11.3934,1,2021-02-03,617,23,False,,,,-113_-10
A_13,A,10025_hist,True,-55.7971,-4.6678,121.6504,DESMATAMENTO_CR,2021-09-22,93,2020-12-17,0.2817,0.2343,0.1262,3.8024,11,22.6354,11856,11.3934,1,2021-01-10,2080,24,False,,,,-112_-10
A_14,A,10026_hist,True,-55.7972,-4.844,16.9827,DESMATAMENTO_CR,2021-09-22,93,2021-09-10,-0.7498,-0.5975,0.3839,-8.0664,6,27.6673,1648,11.3934,1,2021-07-03,586,29,False,,,,-112_-10
A_15,A,100277_hist,True,-55.6952,-4.694,16.4955,DESMATAMENTO_CR,2021-10-03,93,2020-12-17,0.3657,0.2577,0.1347,3.9585,11,31.5328,1620,11.3934,1,2021-07-21,101,25,False,,,,-112_-10
A_16,A,10029_hist,True,-55.9656,-4.5874,18.541,DESMATAMENTO_CR,2021-09-22,97,2021-08-05,-0.5939,-0.3919,0.2008,-5.0056,6,28.4331,1782,11.3934,1,2021-08-08,999,29,True,2021-08-30,-25.0,True,-112_-10
A_17,A,10031_hist,True,-55.7882,-4.8392,90.9182,DESMATAMENTO_CR,2021-09-22,93,2021-08-05,-0.3075,-0.1097,0.1234,-3.4013,6,21.8551,8798,11.3934,1,2021-01-28,1313,24,False,,,,-112_-10
A_18,A,10032_hist,True,-55.888,-4.7984,6.9248,DESMATAMENTO_CR,2021-09-22,93,2021-12-09,0.9543,0.8531,0.1868,4.8154,5,29.0066,629,11.3934,1,2021-09-13,322,31,True,2021-08-26,105.0,False,-112_-10
A_19,A,10033_hist,True,-55.8404,-4.7956,10.01,DESMATAMENTO_CR,2021-09-22,93,2021-08-17,-1.4485,-1.4253,0.512,-10.3628,6,28.2275,918,11.3934,1,2021-08-20,342,23,False,,,,-112_-10
A_20,A,10034_hist,True,-55.7722,-4.5807,38.2727,DESMATAMENTO_CR,2021-09-22,97,2022-01-17,0.3854,0.6458,0.1441,4.3514,11,23.0694,3674,11.3934,1,2021-05-28,515,25,False,,,,-112_-10
A_21,A,10041_hist,False,-55.7903,-4.1099,12.9413,DESMATAMENTO_CR,2021-09-22,97,2021-09-04,-1.2631,-1.2751,0.4623,-9.3541,5,30.8602,1238,11.3934,1,2021-07-03,669,32,False,,,,-112_-9
A_22,A,10047_hist,True,-56.0219,-4.8918,13.909,DESMATAMENTO_CR,2021-09-22,93,2021-09-10,-0.7516,-0.5338,0.3034,-6.7065,6,22.4572,1305,11.3934,1,2021-08-02,530,29,True,2021-09-08,2.0,True,-113_-10
A_23,A,10050_hist,True,-56.0126,-4.8634,17.436,DESMATAMENTO_CR,2021-09-22,93,2021-10-01,-0.6893,-0.4844,0.2345,-5.4793,12,36.51,1676,11.3934,1,2021-07-09,580,23,False,,,,-113_-10
A_24,A,10051_hist,True,-56.0606,-4.8279,11.4753,DESMATAMENTO_CR,2021-09-22,93,2021-11-06,0.2445,0.1929,0.0397,2.0903,12,33.423,1089,11.3934,1,2021-08-14,416,28,False,,,,-113_-10
A_25,A,10053_hist,False,-55.0974,-4.3776,35.9325,DESMATAMENTO_CR,2021-09-22,97,2021-09-10,-0.3288,-0.2816,0.1139,-3.5965,6,22.0955,3465,11.3934,1,2021-08-20,608,20,False,,,,-111_-9
A_26,A,10054_hist,True,-56.0482,-4.6948,13.0418,DESMATAMENTO_CR,2021-09-22,93,2021-12-15,0.421,0.5198,0.1294,4.084,6,18.9308,1232,11.3934,1,2021-09-13,297,25,True,2021-09-08,98.0,False,-113_-10
A_27,A,10056_hist,False,-55.2256,-4.4415,11.549,DESMATAMENTO_CR,2021-09-22,97,2021-07-24,-0.4709,-0.3598,0.1747,-4.7396,6,25.1838,1128,11.3934,1,2021-09-01,197,23,True,2021-09-10,-48.0,False,-111_-9
A_28,A,10057_hist,False,-55.1007,-4.4325,12.531,DESMATAMENTO_CR,2021-09-22,93,2021-09-10,-0.2066,-0.0317,0.0305,-1.5175,6,19.854,1165,11.3934,1,2021-09-13,272,26,True,2021-09-20,-10.0,True,-111_-9
A_29,A,10064_hist,False,-55.0624,-4.4196,15.532,DESMATAMENTO_CR,2021-09-22,93,2021-08-05,-0.4338,-0.1474,0.1389,-3.8281,6,24.099,1475,11.3934,1,2021-08-26,242,25,False,,,,-111_-9
A_30,A,10067_hist,True,-56.0008,-4.599,9.5403,DESMATAMENTO_CR,2021-09-22,97,2022-01-05,0.7028,0.9223,0.1443,4.3086,12,28.916,881,11.3934,1,2021-06-27,263,29,True,2021-09-23,104.0,False,-113_-10
A_31,A,10068_hist,False,-55.1417,-4.4316,6.7196,DESMATAMENTO_CR,2021-09-22,93,2020-12-17,0.3707,0.2109,0.0839,3.0662,11,28.0759,617,11.3934,1,2021-07-03,130,26,False,,,,-111_-9
A_32,A,10069_hist,True,-56.056,-4.843,7.6051,DESMATAMENTO_CR,2021-09-22,93,2020-12-05,0.4651,0.2786,0.1698,4.8769,12,23.6167,723,11.3934,1,2021-09-19,7,27,False,,,,-113_-10
A_33,A,10070_hist,False,-55.0999,-4.2106,12.2276,DESMATAMENTO_CR,2021-09-22,97,2021-09-10,-0.7778,-0.8304,0.3864,-8.2409,6,24.4361,1148,11.3934,1,2021-09-13,384,20,True,2021-09-19,-9.0,True,-111_-9
A_34,A,10071_hist,True,-56.0962,-4.5643,8.2584,DESMATAMENTO_CR,2021-09-22,97,2021-08-17,-0.9156,-1.1293,0.4202,-8.6858,6,27.4481,756,11.3934,1,2021-08-08,387,20,False,,,,-113_-10
A_35,A,10072_hist,False,-55.0749,-4.3273,16.3993,DESMATAMENTO_CR,2021-09-22,97,2021-10-01,-0.7542,-0.9959,0.3322,-7.169,12,18.3333,1555,11.3934,1,2021-08-26,913,25,True,2021-09-19,12.0,False,-111_-9
A_36,A,10083_hist,False,-55.0858,-4.2694,8.3783,DESMATAMENTO_CR,2021-09-22,97,2021-09-10,-0.8295,-0.6123,0.402,-9.0825,6,17.4637,788,11.3934,1,2021-08-20,226,24,True,2021-09-15,-5.0,True,-111_-9
A_37,A,10091_hist,False,-55.0423,-4.2337,9.4405,DESMATAMENTO_CR,2021-09-22,97,2021-09-10,-0.8474,-0.897,0.482,-10.3656,6,16.61,903,11.3934,1,2021-09-01,310,24,False,,,,-111_-9
A_38,A,101205_hist,False,-56.0051,-5.3256,11.3626,DESMATAMENTO_CR,2021-10-06,93,2021-07-18,-0.5574,-0.4444,0.1978,-5.064,5,34.4326,1083,11.3934,1,2021-07-15,363,25,False,,,,-113_-11
A_39,A,101220_hist,True,-56.1537,-5.0422,7.8727,DESMATAMENTO_CR,2021-10-06,93,2021-06-24,-1.3212,-1.2203,0.4324,-8.5752,5,43.6989,735,11.3934,1,2021-05-28,531,25,False,,,,-113_-11
A_40,A,101222_hist,True,-55.7568,-4.5125,7.5227,DESMATAMENTO_CR,2021-10-06,97,2021-08-05,-0.3057,-0.2741,0.0718,-2.9247,6,40.7496,698,11.3934,1,2021-05-28,267,24,False,,,,-112_-10
A_41,A,101232_hist,True,-56.1252,-4.9507,21.898,DESMATAMENTO_CR,2021-10-06,93,2021-08-17,-0.7368,-0.5275,0.4162,-8.5613,6,28.3245,2119,11.3934,1,2021-07-27,900,28,False,,,,-113_-10
A_42,A,101245_hist,True,-55.7995,-4.5192,13.8303,DESMATAMENTO_CR,2021-10-06,97,2022-01-05,0.746,0.8141,0.2205,5.501,12,24.6975,1299,11.3934,1,2021-08-02,158,22,False,,,,-112_-10
A_43,A,101264_hist,True,-56.1039,-4.6087,100.6535,DESMATAMENTO_CR,2021-10-06,97,2021-08-05,-0.735,-0.7322,0.2764,-6.1016,6,47.9626,9929,11.3934,1,2021-01-04,6383,24,False,,,,-113_-10
A_44,A,101285_hist,False,-55.5879,-4.3423,13.8581,DESMATAMENTO_CR,2021-10-06,97,2021-06-24,-0.2077,-0.1647,0.0715,-2.9243,5,26.4677,1320,11.3934,1,2021-05-10,347,31,False,,,,-112_-9
A_45,A,101286_hist,False,-55.5529,-4.2579,10.0663,DESMATAMENTO_CR,2021-10-06,97,2021-01-01,0.3181,0.2298,0.0432,2.2384,6,40.7859,916,11.3934,1,2021-08-26,190,26,False,,,,-112_-9
A_46,A,101293_hist,False,-55.64,-4.152,6.722,DESMATAMENTO_CR,2021-10-06,97,2021-08-17,-0.3312,-0.4046,0.0951,-3.5043,6,27.3867,623,11.3934,1,2021-08-14,249,27,False,,,,-112_-9
A_47,A,101294_hist,False,-55.6426,-4.1573,6.28,DESMATAMENTO_CR,2021-10-06,97,2020-12-26,0.3319,0.2954,0.1003,3.639,5,19.7554,580,11.3934,1,2021-09-25,79,24,False,,,,-112_-9
A_48,A,101315_hist,False,-55.4587,-4.5068,87.6407,DESMATAMENTO_CR,2021-10-06,95,2021-10-10,-1.4843,-2.2242,0.0799,-2.846,5,32.8964,8577,11.3934,1,2021-03-29,1479,40,False,,,,-111_-10
A_49,A,101323_hist,False,-55.4086,-4.4771,36.2162,DESMATAMENTO_CR,2021-10-06,97,2020-12-26,0.3062,0.2971,0.1209,3.7933,5,27.6689,3464,11.3934,1,2021-06-21,774,50,False,,,,-111_-9
A_50,A,101351_hist,False,-55.3601,-4.4315,157.6991,DESMATAMENTO_CR,2021-10-06,97,2020-12-17,0.3813,0.2982,0.2109,5.2275,11,16.1834,15437,11.3934,1,2021-07-03,1206,51,False,,,,-111_-9
A_51,A,101363_hist,False,-55.087,-4.2008,19.2011,DESMATAMENTO_CR,2021-10-06,97,2021-12-24,-1.2496,-1.0792,0.3457,-7.4578,11,27.4728,1807,11.3934,1,2021-10-07,841,25,False,,,,-111_-9
A_52,A,101374_hist,False,-55.4238,-4.3824,53.343,DESMATAMENTO_CR,2021-10-06,97,2020-12-05,0.3136,0.2033,0.1272,3.7842,12,31.0871,5212,11.3934,1,2021-03-17,441,44,False,,,,-111_-9
A_53,A,10195_hist,False,-56.2337,-4.4715,11.7449,DESMATAMENTO_CR,2021-09-22,97,2021-09-04,-0.6816,-0.5611,0.2775,-6.3937,5,22.0302,1105,11.3934,1,2021-08-26,509,27,True,2021-09-15,-11.0,True,-113_-9
A_54,A,10196_hist,False,-56.2142,-4.4691,10.8245,DESMATAMENTO_CR,2021-09-22,97,2021-09-04,-1.1618,-1.1885,0.3379,-7.2802,5,34.6713,990,11.3934,1,2021-08-08,803,31,True,2021-09-06,-2.0,True,-113_-9
A_55,A,101989_hist,False,-55.395,-4.4839,9.462,DESMATAMENTO_CR,2021-10-07,97,2020-12-26,0.3688,0.3461,0.1463,4.4573,5,29.964,894,11.3934,1,2021-08-14,143,47,False,,,,-111_-9
A_56,A,10199_hist,False,-56.2159,-4.3996,10.175,DESMATAMENTO_CR,2021-09-22,97,2021-09-04,-0.7663,-0.8809,0.3455,-7.4735,5,36.5315,943,11.3934,1,2021-03-17,659,30,False,,,,-113_-9
A_57,A,102015_hist,True,-55.8639,-4.5622,7.6449,DESMATAMENTO_CR,2021-10-07,97,2020-10-03,0.7238,0.4349,0.2015,5.2708,5,44.1508,724,11.3934,1,2021-08-02,37,24,False,,,,-112_-10
A_58,A,102028_hist,False,-55.8374,-4.1421,14.7947,DESMATAMENTO_CR,2021-10-07,97,2021-09-04,-1.5289,-1.7811,0.4847,-9.7109,5,37.2157,1417,11.3934,1,2021-05-22,1039,29,False,,,,-112_-9
A_59,A,102090_hist,False,-55.0642,-4.429,18.9316,DESMATAMENTO_CR,2021-10-07,93,2021-09-10,-0.5887,-0.5091,0.197,-4.9718,6,29.0219,1821,11.3934,1,2021-08-20,644,20,True,2021-09-07,3.0,True,-111_-9
A_60,A,102445_hist,True,-56.2037,-4.6492,13.2819,DESMATAMENTO_CR,2021-10-09,97,2021-07-24,-0.2958,-0.109,0.101,-3.3552,6,21.6509,1266,11.3934,1,2021-01-22,426,30,False,,,,-113_-10
A_61,A,102446_hist,True,-56.1893,-4.664,10.7296,DESMATAMENTO_CR,2021-10-09,97,2021-08-23,-0.7595,-0.7152,0.2491,-5.8884,5,31.115,1017,11.3934,1,2021-01-22,541,26,False,,,,-113_-10
A_62,A,102450_hist,False,-55.5957,-4.417,8.9167,DESMATAMENTO_CR,2021-10-09,97,2021-02-12,0.4104,0.3472,0.2294,6.3715,5,26.4317,815,11.3934,1,,0,24,False,,,,-112_-9
A_63,A,102456_hist,False,-55.9142,-4.4165,26.6826,DESMATAMENTO_CR,2021-10-09,97,2021-11-23,-0.9407,-0.9938,0.3126,-6.7994,2,30.9216,2564,11.3934,1,2021-07-27,1755,23,False,,,,-112_-9
A_64,A,102465_hist,True,-55.7532,-4.6449,7.0612,DESMATAMENTO_CR,2021-10-09,93,2021-08-05,-0.4512,-0.6258,0.1554,-4.4152,6,25.9496,655,11.3934,1,2021-06-21,291,30,False,,,,-112_-10
A_65,A,102467_hist,True,-55.7401,-4.6796,10.7907,DESMATAMENTO_CR,2021-10-09,93,2021-08-05,-0.5642,-0.4579,0.1366,-3.9405,6,41.0718,978,11.3934,1,2021-08-14,254,28,False,,,,-112_-10
A_66,A,102523_hist,True,-55.9973,-4.6,33.0996,DESMATAMENTO_CR,2021-10-09,97,2021-08-05,-0.7041,-0.6293,0.3028,-6.6105,6,26.0631,3216,11.3934,1,2021-05-16,1580,28,True,2021-09-23,-49.0,False,-112_-10
A_67,A,102532_hist,False,-55.5276,-4.4295,7.051,DESMATAMENTO_CR,2021-10-09,97,2020-12-17,0.4579,0.325,0.1667,4.7873,11,39.0814,628,11.3934,1,2021-08-08,59,22,False,,,,-112_-9
A_68,A,103792_hist,False,-56.2708,-4.0279,8.0431,DESMATAMENTO_CR,2021-10-12,97,2021-06-24,-0.6252,-0.4845,0.1819,-4.7768,5,42.1032,734,11.3934,1,2021-01-10,346,23,False,,,,-113_-9
A_69,A,103830_hist,True,-56.2012,-4.8761,7.1509,DESMATAMENTO_CR,2021-10-12,93,2021-08-05,-1.4645,-1.3329,0.4921,-9.8514,6,37.9419,685,11.3934,1,2021-07-03,473,29,False,,,,-113_-10
A_70,A,103838_hist,True,-56.2017,-5.1334,16.1845,DESMATAMENTO_CR,2021-10-12,93,2021-10-01,-0.5905,-0.517,0.4103,-9.3882,12,19.3029,1554,11.3934,1,2021-01-22,420,27,False,,,,-113_-11
A_71,A,103844_hist,True,-56.05,-4.852,10.003,DESMATAMENTO_CR,2021-10-12,93,2021-07-24,-0.7891,-0.8194,0.4675,-9.6349,6,22.2337,945,11.3934,1,2021-04-10,580,23,False,,,,-113_-10
A_72,A,104968_hist,False,-55.1661,-4.1626,8.8091,DESMATAMENTO_CR,2021-10-15,97,2021-08-17,-0.6718,-0.6816,0.202,-5.1446,6,35.7289,819,11.3934,1,2021-08-08,395,22,False,,,,-111_-9
A_73,A,104973_hist,False,-55.0375,-4.3283,6.4873,DESMATAMENTO_CR,2021-10-15,97,2021-09-10,-1.1695,-0.9397,0.4748,-10.0378,6,24.4895,619,11.3934,1,2021-08-20,322,21,False,,,,-111_-9
A_74,A,104985_hist,False,-55.2308,-4.3955,9.8068,DESMATAMENTO_CR,2021-10-15,97,2021-08-05,-0.8863,-0.726,0.5191,-10.9707,6,22.3342,879,11.3934,1,2021-07-15,256,22,False,,,,-111_-9
A_75,A,104992_hist,False,-55.1877,-4.2773,8.6851,DESMATAMENTO_CR,2021-10-15,97,2020-12-26,0.5417,0.4101,0.1552,4.6188,5,38.8004,796,11.3934,1,2021-03-05,348,22,False,,,,-111_-9
A_76,A,104995_hist,False,-55.1592,-4.2937,10.5139,DESMATAMENTO_CR,2021-10-15,97,2021-07-30,-0.8938,-0.9596,0.5719,-12.2369,5,16.8174,977,11.3934,1,2021-08-02,282,24,False,,,,-111_-9
A_77,A,105002_hist,False,-55.2391,-4.446,9.6589,DESMATAMENTO_CR,2021-10-15,97,2021-08-05,-0.5744,-0.4736,0.3407,-7.8739,6,18.7593,921,11.3934,1,2021-08-08,203,23,False,,,,-111_-9
A_78,A,106451_hist,False,-55.3243,-4.0377,17.4244,DESMATAMENTO_CR,2021-10-29,97,2020-12-26,0.3051,0.3146,0.1048,3.603,5,16.4217,1649,11.3934,1,2021-07-21,161,53,False,,,,-111_-9
A_79,A,106453_hist,False,-55.4031,-3.9835,11.0153,DESMATAMENTO_CR,2021-10-29,97,2022-01-17,0.8104,1.0526,0.2,5.3527,11,23.4858,1041,11.3934,1,2021-01-10,124,24,False,,,,-111_-8
A_80,A,107374_hist,False,-55.6164,-4.4656,44.1941,DESMATAMENTO_CR,2021-11-07,97,2020-12-26,0.4316,0.3091,0.2017,5.0763,5,20.9418,4339,11.3934,1,2021-07-27,328,21,False,,,,-112_-9
A_81,A,107393_hist,False,-55.1128,-4.4601,43.0898,DESMATAMENTO_CR,2021-11-07,93,2020-12-26,0.303,0.2222,0.1126,3.498,5,25.7,4208,11.3934,1,2021-08-08,527,20,False,,,,-111_-9
A_82,A,107575_hist,False,-55.2829,-4.3494,9.1937,DESMATAMENTO_CR,2021-11-11,97,2021-07-24,-0.3942,-0.581,0.1789,-4.7586,6,35.1613,869,11.3934,1,2021-07-21,195,43,False,,,,-111_-9
A_83,A,107582_hist,False,-55.2825,-4.2291,8.8084,DESMATAMENTO_CR,2021-11-11,97,2021-12-03,0.4503,0.4126,0.0903,3.326,6,13.5653,831,11.3934,1,2021-01-04,135,46,False,,,,-111_-9
A_84,A,1096_hist,False,-55.6133,-4.174,10.4909,DESMATAMENTO_CR,2021-08-06,97,2021-08-17,-0.3604,-0.491,0.1071,-3.5552,6,37.2354,1003,11.3934,1,2021-07-27,306,28,False,,,,-112_-9
A_85,A,12304_hist,False,-56.3387,-4.1926,13.8423,DESMATAMENTO_CR,2021-09-30,97,2021-09-04,-0.6225,-0.6545,0.3056,-6.883,5,28.1733,1305,11.3934,1,2021-06-27,507,23,False,,,,-113_-9
A_86,A,12324_hist,True,-56.2184,-4.8314,28.1701,DESMATAMENTO_CR,2021-09-30,93,2021-09-10,-0.9955,-0.8853,0.6144,-12.7503,6,17.3771,2672,11.3934,1,2021-08-20,1176,26,False,,,,-113_-10
A_87,A,12334_hist,False,-55.5282,-4.4494,99.0674,DESMATAMENTO_CR,2021-09-30,97,2020-12-26,0.2856,0.2671,0.1969,5.1098,5,26.067,9746,11.3934,1,2021-01-22,1236,24,False,,,,-112_-9
A_88,A,12335_hist,False,-55.511,-4.4364,63.7346,DESMATAMENTO_CR,2021-09-30,97,2020-12-26,0.4082,0.3247,0.2689,6.294,5,29.1534,6253,11.3934,1,2021-01-22,457,22,False,,,,-112_-9
A_89,A,12337_hist,False,-55.2177,-4.1791,15.0395,DESMATAMENTO_CR,2021-09-30,97,2021-11-23,-0.7241,-0.7669,0.1625,-4.4643,2,29.2204,1382,11.3934,1,2021-07-09,539,44,False,,,,-111_-9
A_90,A,12341_hist,False,-55.1577,-4.2051,14.7199,DESMATAMENTO_CR,2021-09-30,97,2020-12-26,0.2857,0.2387,0.0823,3.0699,5,26.729,1384,11.3934,1,2021-09-13,265,23,True,2021-09-15,-263.0,False,-111_-9
A_91,A,12347_hist,False,-55.7451,-4.1919,10.9695,DESMATAMENTO_CR,2021-09-30,97,2021-11-20,-1.6159,-2.046,0.4108,-8.3367,3,35.3171,1039,11.3934,1,2021-07-27,1016,26,False,,,,-112_-9
A_92,A,12349_hist,False,-55.6022,-4.186,12.5227,DESMATAMENTO_CR,2021-09-30,97,2021-12-24,-0.7477,-0.2259,0.075,-2.6023,11,21.9757,1178,11.3934,1,2021-09-13,338,25,True,2021-09-21,94.0,False,-112_-9
A_93,A,12350_hist,False,-56.1904,-4.0164,12.1446,DESMATAMENTO_CR,2021-09-30,97,2021-09-22,-0.2667,-0.2287,0.0877,-3.2464,6,16.5324,1160,11.3934,1,2021-09-13,434,23,False,,,,-113_-9
A_94,A,12352_hist,True,-56.0101,-4.536,10.1792,DESMATAMENTO_CR,2021-09-30,97,2021-11-20,-0.8422,-0.9673,0.2876,-6.4556,3,31.4558,970,11.3934,1,2021-01-28,737,28,False,,,,-113_-10
A_95,A,12354_hist,False,-55.6142,-4.1796,14.7081,DESMATAMENTO_CR,2021-09-30,97,2021-08-29,-0.5535,-0.3905,0.2377,-5.8135,6,19.6219,1415,11.3934,1,2021-08-02,338,29,False,,,,-112_-9
A_96,A,12355_hist,False,-55.2033,-4.2904,17.8118,DESMATAMENTO_CR,2021-09-30,97,2020-12-26,0.3977,0.4856,0.2931,7.1271,5,18.3885,1697,11.3934,1,2021-05-22,11,26,False,,,,-111_-9
A_97,A,12356_hist,False,-55.2097,-4.2615,13.6324,DESMATAMENTO_CR,2021-09-30,97,2020-12-17,0.6268,0.4995,0.3357,7.6984,11,22.6413,1285,11.3934,1,2021-09-19,73,32,True,2021-09-19,-276.0,False,-111_-9
A_98,A,12358_hist,False,-55.5443,-4.0732,28.4561,DESMATAMENTO_CR,2021-09-30,97,2021-11-20,-0.2456,-0.5003,0.0697,-2.7101,3,27.5015,2724,11.3934,1,2021-03-17,781,24,False,,,,-112_-9
A_99,A,12360_hist,False,-55.5712,-4.1418,6.2924,DESMATAMENTO_CR,2021-09-30,97,2021-09-22,-0.7486,-0.6321,0.2952,-7.1029,6,20.8216,592,11.3934,1,2021-09-19,147,24,False,,,,-112_-9
A_100,A,12361_hist,False,-55.1932,-4.204,12.7372,DESMATAMENTO_CR,2021-09-30,97,2021-10-27,-0.341,-0.5791,0.0693,-2.7356,3,28.7509,1211,11.3934,1,2021-09-13,528,36,False,,,,-111_-9
A_101,A,12362_hist,False,-55.1544,-4.1825,6.4332,DESMATAMENTO_CR,2021-09-30,97,2021-09-10,-0.5303,-0.6145,0.2677,-6.5956,6,20.696,581,11.3934,1,2021-08-20,188,26,True,2021-09-07,3.0,True,-111_-9
A_102,A,12378_hist,False,-55.3923,-4.4278,12.4451,DESMATAMENTO_CR,2021-09-30,97,2021-07-12,-0.2477,-0.255,0.0688,-2.8583,6,26.7163,1180,11.3934,1,2021-08-26,175,48,False,,,,-111_-9
A_103,A,12382_hist,False,-55.4221,-4.4246,6.5908,DESMATAMENTO_CR,2021-09-30,97,2021-09-10,-0.5073,-0.7187,0.1957,-5.119,6,24.9584,608,11.3934,1,2021-08-14,298,49,False,,,,-111_-9
A_104,A,12395_hist,False,-55.443,-4.4197,6.4313,DESMATAMENTO_CR,2021-09-30,97,2020-10-21,0.9065,0.7559,0.2497,5.9618,6,32.623,581,11.3934,1,2021-10-07,20,24,False,,,,-111_-9
A_105,A,12402_hist,False,-55.3808,-4.0938,7.7109,DESMATAMENTO_CR,2021-09-30,97,2020-12-26,0.7365,0.6439,0.2544,6.1055,5,34.4864,726,11.3934,1,2021-09-19,20,21,False,,,,-111_-9
A_106,A,12403_hist,False,-55.4108,-4.0802,6.3358,DESMATAMENTO_CR,2021-09-30,97,2021-09-22,-1.2616,-1.2207,0.4848,-10.1026,6,14.9461,576,11.3934,1,2021-08-14,340,24,False,,,,-111_-9
A_107,A,12405_hist,False,-55.381,-4.3413,24.623,DESMATAMENTO_CR,2021-09-30,97,2020-12-17,0.4255,0.4223,0.2322,5.7738,11,28.6315,2375,11.3934,1,2021-07-27,110,47,False,,,,-111_-9
A_108,A,12411_hist,False,-55.4785,-4.3245,42.9746,DESMATAMENTO_CR,2021-09-30,97,2021-11-20,-0.5924,-0.4764,0.2714,-6.3103,3,20.0909,4204,11.3934,1,2021-09-13,893,28,False,,,,-111_-9
A_109,A,12415_hist,False,-55.4233,-4.0363,7.4904,DESMATAMENTO_CR,2021-09-30,97,2021-10-30,-0.4029,-0.676,0.0706,-2.7379,2,37.7204,687,11.3934,1,2021-02-27,392,25,False,,,,-111_-9
A_110,A,12418_hist,False,-55.4114,-4.0155,15.3189,DESMATAMENTO_CR,2021-09-30,97,2021-10-27,-0.9871,-1.6421,0.2775,-6.1095,3,31.3954,1450,11.3934,1,2021-08-20,1044,25,False,,,,-111_-9
A_111,A,12422_hist,False,-55.3949,-3.9668,15.0496,DESMATAMENTO_CR,2021-09-30,97,2021-08-29,-0.4161,-0.1139,0.0985,-2.9181,6,18.1453,1440,11.3934,1,2021-04-10,172,26,False,,,,-111_-8
A_112,A,12428_hist,False,-55.4167,-3.9497,18.4271,DESMATAMENTO_CR,2021-09-30,97,2021-11-20,-1.2855,-1.3871,0.4074,-8.4271,3,28.8515,1735,11.3934,1,2021-04-10,1242,25,False,,,,-111_-8
A_113,A,131272_hist,True,-56.2674,-4.884,9.4077,DESMATAMENTO_CR,2021-02-24,93,2021-04-07,-0.5177,-0.5684,0.2821,-6.7081,6,43.7607,896,11.3934,1,2021-02-09,424,26,False,,,,-113_-10
A_114,A,131280_hist,True,-56.2865,-4.9054,46.3564,DESMATAMENTO_CR,2021-02-24,93,2021-11-06,0.6473,0.6781,0.3487,7.4295,12,44.3934,4495,11.3934,1,2021-02-15,940,21,False,,,,-113_-10
A_115,A,131281_hist,True,-56.2782,-4.8994,10.2783,DESMATAMENTO_CR,2021-02-24,93,2021-11-06,0.8045,0.5946,0.3375,7.6093,12,42.9352,980,11.3934,1,2021-02-15,107,17,False,,,,-113_-10
A_116,A,131282_hist,True,-56.2719,-4.8854,22.8814,DESMATAMENTO_CR,2021-02-24,93,2021-11-15,0.6204,0.4773,0.2484,5.8484,5,48.3494,2217,11.3934,1,2021-02-21,480,25,False,,,,-113_-10
A_117,A,131445_hist,True,-56.2809,-4.9033,29.7861,DESMATAMENTO_CR,2021-04-07,93,2021-11-06,0.6793,0.752,0.3218,6.8696,12,48.1268,2891,11.3934,1,2021-02-15,664,21,False,,,,-113_-10
A_118,A,131447_hist,True,-56.2924,-4.8994,41.2421,DESMATAMENTO_CR,2021-04-07,93,2021-11-06,0.5053,0.4999,0.3171,6.9914,12,33.6595,4036,11.3934,1,2021-03-05,583,19,False,,,,-113_-10
A_119,A,131448_hist,True,-56.2864,-4.8949,55.0102,DESMATAMENTO_CR,2021-04-07,93,2021-10-16,0.6519,0.5793,0.3928,8.173,6,42.9594,5443,11.3934,1,2021-03-05,351,21,False,,,,-113_-10
A_120,A,131471_hist,True,-56.2702,-4.8927,123.8255,DESMATAMENTO_CR,2021-04-07,93,2021-11-06,0.6514,0.6352,0.3459,7.2472,12,43.7017,12254,11.3934,1,2021-02-15,2142,18,False,,,,-113_-10
A_121,A,131513_hist,True,-56.2641,-4.7815,43.813,DESMATAMENTO_CR,2021-04-13,93,2021-11-06,0.3779,0.3442,0.2171,5.4556,12,39.2423,4244,11.3934,1,2021-02-15,761,28,False,,,,-113_-10
A_122,A,131661_hist,False,-56.4345,-5.0514,48.4125,DESMATAMENTO_CR,2021-05-06,93,2021-05-01,-0.4937,-0.5131,0.4579,-9.295,6,35.2782,4679,11.3934,1,2021-03-23,1377,27,False,,,,-113_-11
A_123,A,131665_hist,True,-56.2783,-4.8961,218.6606,DESMATAMENTO_CR,2021-05-06,93,2021-11-06,0.594,0.5613,0.3746,7.666,12,42.315,21327,11.3934,1,2021-01-04,4188,23,False,,,,-113_-10
A_124,A,131666_hist,True,-56.2752,-4.8858,18.1346,DESMATAMENTO_CR,2021-05-06,93,2021-11-06,0.3638,0.4064,0.1047,3.5054,12,46.1946,1742,11.3934,1,2021-03-29,404,23,False,,,,-113_-10
A_125,A,131668_hist,True,-56.2919,-4.8915,29.5352,DESMATAMENTO_CR,2021-05-06,93,2021-11-06,0.5237,0.4851,0.239,5.6024,12,28.8719,2887,11.3934,1,2021-03-11,244,25,False,,,,-113_-10
A_126,A,131677_hist,True,-56.2574,-4.7759,80.5666,DESMATAMENTO_CR,2021-05-06,93,2021-11-06,0.3419,0.3827,0.2298,5.6289,12,34.2271,7929,11.3934,1,2021-01-28,960,28,False,,,,-113_-10
A_127,A,131954_hist,False,-56.3876,-4.9463,75.7821,DESMATAMENTO_CR,2021-05-26,93,2021-10-28,0.3458,0.4023,0.2272,5.4023,6,38.689,7482,11.3934,1,2021-04-28,1319,26,False,,,,-113_-10
A_128,A,131959_hist,True,-56.2952,-4.906,43.3329,DESMATAMENTO_CR,2021-05-26,93,2021-11-06,0.6442,0.6233,0.3286,7.0099,12,35.2714,4215,11.3934,1,2021-01-28,506,21,False,,,,-113_-10
A_129,A,131988_hist,True,-56.2956,-5.0255,13.0846,DESMATAMENTO_CR,2021-05-26,93,2021-10-22,0.6264,0.7432,0.2637,6.018,5,44.6128,1268,11.3934,1,2021-04-22,705,23,False,,,,-113_-11
A_130,A,132089_hist,False,-55.5145,-4.5529,9.7495,DESMATAMENTO_CR,2021-05-26,93,2021-05-01,-0.3295,-0.4852,0.1758,-4.7478,6,36.1257,939,11.3934,1,2021-04-10,280,25,False,,,,-112_-10
A_131,A,132146_hist,True,-55.7523,-4.8345,7.3783,DESMATAMENTO_VEG,2021-05-26,93,2020-10-03,0.3465,0.3186,0.0569,2.4736,5,13.0892,684,11.3934,1,2021-02-03,6,24,False,,,,-112_-10
A_132,A,132446_hist,False,-56.3358,-4.8337,18.8842,DESMATAMENTO_CR,2021-06-01,93,2021-05-13,-0.4746,-0.5066,0.3669,-7.8718,6,31.3941,1823,11.3934,1,2021-04-10,630,24,False,,,,-113_-10
A_133,A,132468_hist,False,-56.3282,-4.8335,43.6195,DESMATAMENTO_CR,2021-06-01,93,2021-05-13,-0.4955,-0.5018,0.4031,-8.1537,6,29.7041,4232,11.3934,1,2021-04-28,1276,26,False,,,,-113_-10
A_134,A,132469_hist,True,-56.2648,-4.7782,24.5532,DESMATAMENTO_CR,2021-06-01,93,2021-10-16,0.3863,0.3953,0.2281,5.6497,6,36.5473,2347,11.3934,1,2021-02-27,324,24,False,,,,-113_-10
A_135,A,132540_hist,True,-56.2674,-5.0972,28.7598,DESMATAMENTO_CR,2021-06-06,93,2021-06-30,-0.9812,-1.1225,0.4818,-9.4514,6,41.0796,2770,11.3934,1,2021-04-22,1866,24,True,2021-05-31,30.0,False,-113_-11
A_136,A,132668_hist,True,-56.2653,-4.7747,25.9765,DESMATAMENTO_CR,2021-06-17,93,2021-11-06,0.326,0.362,0.1829,5.1233,12,29.5054,2478,11.3934,1,2021-02-27,292,26,False,,,,-113_-10
A_137,A,132676_hist,True,-56.2685,-4.7113,7.2937,DESMATAMENTO_CR,2021-06-17,97,2021-06-24,-0.321,-0.3089,0.143,-4.7222,5,28.3375,651,11.3934,1,2021-06-03,188,27,True,2021-06-12,12.0,False,-113_-10
A_138,A,132679_hist,True,-56.2764,-4.7346,13.4153,DESMATAMENTO_CR,2021-06-22,97,2021-06-30,-1.1505,-1.0985,0.4959,-10.0907,6,40.538,1237,11.3934,1,2021-06-03,778,27,True,2021-06-20,10.0,False,-113_-10
A_139,A,132899_hist,True,-56.2741,-5.0972,55.0734,DESMATAMENTO_CR,2021-06-30,93,2021-07-24,-0.9635,-0.9922,0.4487,-8.8025,6,44.4365,5312,11.3934,1,2021-02-03,3708,26,False,,,,-113_-11
A_140,A,132908_hist,True,-56.2785,-4.8874,49.7734,DESMATAMENTO_CR,2021-06-30,93,2021-11-06,0.6107,0.7531,0.4156,8.5786,12,43.9551,4826,11.3934,1,2021-03-29,562,27,True,2021-06-24,135.0,False,-113_-10
A_141,A,132918_hist,True,-55.7969,-4.8767,6.8565,DESMATAMENTO_CR,2021-06-30,93,2021-07-18,-0.5919,-0.4182,0.1579,-4.2491,5,43.9246,639,11.3934,1,2021-06-15,369,26,True,2021-06-29,19.0,False,-112_-10
A_142,A,132924_hist,True,-56.2275,-5.1409,8.601,DESMATAMENTO_CR,2021-06-30,93,2021-10-16,0.7131,0.7186,0.4121,9.2087,6,31.9826,798,11.3934,1,2021-06-27,272,25,False,,,,-113_-11
A_143,A,132937_hist,True,-56.2275,-4.74,18.8561,DESMATAMENTO_CR,2021-06-30,93,2021-08-17,-0.2499,-0.3021,0.0752,-2.9008,6,33.2789,1831,11.3934,1,2021-05-22,860,25,False,,,,-113_-10
A_144,A,133240_hist,True,-56.2755,-4.9636,15.1217,DESMATAMENTO_CR,2021-07-11,93,2021-06-24,-0.8189,-0.836,0.5042,-10.4033,5,41.5257,1382,11.3934,1,2021-06-21,529,22,False,,,,-113_-10
A_145,A,133254_hist,True,-56.2252,-5.1429,21.1377,DESMATAMENTO_CR,2021-07-11,93,2021-06-24,-0.3133,-0.2678,0.1212,-3.7388,5,39.9341,2014,11.3934,1,2021-06-15,667,26,False,,,,-113_-11
A_146,A,133552_hist,False,-56.2247,-3.9385,7.5465,DESMATAMENTO_CR,2021-07-19,97,2021-07-18,-1.5788,-1.8914,0.5967,-12.2083,5,41.1685,710,11.3934,1,2021-07-03,614,24,False,,,,-113_-8
A_147,A,133925_hist,True,-56.2338,-4.767,8.2132,DESMATAMENTO_CR,2021-07-28,93,2021-07-18,-0.4733,-0.2377,0.1965,-5.115,5,29.5209,734,11.3934,1,2021-07-21,200,25,False,,,,-113_-10
A_148,A,133930_hist,True,-56.2155,-4.7493,7.0418,DESMATAMENTO_CR,2021-07-28,93,2021-08-11,-0.8316,-0.6642,0.3938,-8.5659,5,29.5104,629,11.3934,1,2021-07-21,298,25,True,2021-07-21,21.0,False,-113_-10
A_149,A,134116_hist,False,-56.3435,-4.9542,29.2504,DESMATAMENTO_CR,2021-08-06,93,2021-07-24,-0.2295,-0.0669,0.065,-2.289,6,34.9291,2853,11.3934,1,2021-01-04,634,26,False,,,,-113_-10
A_150,A,134235_hist,False,-56.2256,-3.9401,9.843,DESMATAMENTO_CR,2021-08-09,97,2021-08-05,-1.4928,-1.4645,0.5861,-12.2176,6,39.5076,926,11.3934,1,2021-07-03,586,24,False,,,,-113_-8
A_151,A,134361_hist,True,-55.637,-4.7518,7.8944,DESMATAMENTO_CR,2021-08-18,93,2021-07-24,-0.8287,-0.7278,0.2616,-6.0818,6,29.9922,731,11.3934,1,2021-07-27,21,24,False,,,,-112_-10
A_152,A,134445_hist,False,-56.3388,-4.8336,16.1917,DESMATAMENTO_CR,2021-08-23,93,2021-07-30,-0.2847,-0.2961,0.1561,-4.4558,5,24.209,1502,11.3934,1,2021-05-04,310,25,False,,,,-113_-10
A_153,A,134710_hist,False,-56.3371,-4.8359,10.9723,DESMATAMENTO_CR,2021-09-07,93,2021-07-24,-0.235,-0.1997,0.092,-3.4475,6,23.0662,985,11.3934,1,2021-06-21,175,27,False,,,,-113_-10
A_154,A,13775_hist,True,-56.2664,-4.9085,1.6374,DESMATAMENTO_CR,2021-10-03,93,2020-09-21,0.1397,-0.3007,0.024,-0.6559,5,18.1523,124,11.3934,1,2021-10-19,9,23,False,,,,-113_-10
A_155,A,13776_hist,False,-55.8796,-5.3716,42.0886,DESMATAMENTO_CR,2021-10-03,93,2020-11-23,0.2268,0.1906,0.0945,3.3093,11,15.2161,4044,11.3934,1,2021-09-07,616,21,False,,,,-112_-11
A_156,A,13782_hist,True,-56.174,-4.7842,13.5309,DESMATAMENTO_CR,2021-10-03,93,2021-09-22,-0.5993,-0.2225,0.2022,-4.7592,6,21.2226,1285,11.3934,1,2021-07-21,525,23,False,,,,-113_-10
A_157,A,13784_hist,True,-55.9863,-4.7834,9.9059,DESMATAMENTO_CR,2021-10-03,93,2020-11-23,0.3151,-0.01,0.0657,1.9722,11,27.3099,935,11.3934,1,2021-08-26,156,29,False,,,,-112_-10
A_158,A,13786_hist,True,-56.1396,-4.7857,18.9346,DESMATAMENTO_CR,2021-10-03,93,2021-09-10,-0.9053,-1.2157,0.3188,-6.7028,6,35.2633,1785,11.3934,1,2021-08-02,1261,27,False,,,,-113_-10
A_159,A,13788_hist,True,-55.7939,-4.8458,15.2224,DESMATAMENTO_CR,2021-10-03,93,2021-08-17,-0.303,-0.081,0.0885,-2.8862,6,24.9238,1410,11.3934,1,2021-09-01,226,24,False,,,,-112_-10
A_160,A,13789_hist,True,-55.8008,-4.8413,21.6991,DESMATAMENTO_CR,2021-10-03,93,2021-09-10,-0.4944,-0.4192,0.2589,-6.1234,6,27.28,2060,11.3934,1,2021-08-20,486,27,False,,,,-112_-10
A_161,A,13790_hist,True,-56.062,-5.1673,15.773,DESMATAMENTO_CR,2021-10-03,93,2021-08-17,-0.4346,-0.2083,0.096,-3.1301,6,20.0617,1507,11.3934,1,2021-03-05,407,27,False,,,,-113_-11
A_162,A,13791_hist,True,-55.788,-4.8483,1.3799,DESMATAMENTO_CR,2021-10-03,93,2021-11-06,-0.4649,-0.117,0.0297,-1.8042,12,17.3284,110,11.3934,1,,0,29,False,,,,-112_-10
A_163,A,13793_hist,True,-55.7867,-4.8424,11.6101,DESMATAMENTO_CR,2021-10-03,93,2021-09-10,-0.4753,-0.247,0.1809,-4.7291,6,24.6846,1084,11.3934,1,2021-08-26,272,25,False,,,,-112_-10
A_164,A,13798_hist,True,-55.9214,-4.7386,8.9128,DESMATAMENTO_CR,2021-10-03,93,2021-09-16,0.1093,-0.8041,0.1301,-2.4302,5,34.744,833,11.3934,1,2021-08-26,276,31,False,,,,-112_-10
A_165,A,13803_hist,False,-55.4899,-4.3919,33.5936,DESMATAMENTO_CR,2021-10-03,97,2020-12-17,0.3324,0.2016,0.1535,4.5307,11,18.4545,3239,11.3934,1,2021-08-02,341,21,False,,,,-111_-9
A_166,A,13806_hist,True,-55.7591,-4.6544,64.2127,DESMATAMENTO_CR,2021-10-03,93,2022-01-17,0.4822,0.6616,0.1651,4.5081,11,22.0033,6326,11.3934,1,2021-08-26,483,28,False,,,,-112_-10
A_167,A,13807_hist,True,-55.8905,-4.6464,15.785,DESMATAMENTO_CR,2021-10-03,97,2021-10-01,-0.5526,-0.5084,0.1933,-5.0518,12,23.1242,1517,11.3934,1,2021-08-08,614,30,False,,,,-112_-10
A_168,A,13824_hist,False,-55.0982,-4.432,10.2604,DESMATAMENTO_CR,2021-10-03,93,2021-11-06,0.3186,0.4354,0.1197,3.9697,12,17.5803,974,11.3934,1,2021-09-25,74,24,True,2021-09-20,47.0,False,-111_-9
A_169,A,13826_hist,False,-55.0609,-4.4282,6.2103,DESMATAMENTO_CR,2021-10-03,93,2021-09-10,-0.1786,-0.3014,0.0384,-2.0657,6,31.3001,562,11.3934,1,2021-06-21,196,23,True,2021-09-07,3.0,True,-111_-9
A_170,A,13828_hist,False,-55.0768,-4.4222,7.9838,DESMATAMENTO_CR,2021-10-03,93,2021-08-05,-0.5209,-0.2859,0.1678,-4.5667,6,28.1676,736,11.3934,1,2021-08-20,225,22,False,,,,-111_-9
A_171,A,13832_hist,False,-55.4756,-4.3217,50.7572,DESMATAMENTO_CR,2021-10-03,97,2021-11-23,-0.8308,-0.642,0.3405,-7.2411,2,23.3881,4834,11.3934,1,2021-04-28,1492,25,False,,,,-111_-9
A_172,A,13835_hist,False,-55.0428,-4.3864,24.6155,DESMATAMENTO_CR,2021-10-03,97,2020-12-26,0.3905,0.4125,0.2085,5.288,5,22.4453,2380,11.3934,1,2021-09-01,282,25,False,,,,-111_-9
A_173,A,13838_hist,False,-55.1986,-4.3323,6.4566,DESMATAMENTO_CR,2021-10-03,97,2021-09-10,-0.7718,-0.7673,0.3512,-7.8596,6,23.5236,613,11.3934,1,2021-09-13,163,24,False,,,,-111_-9
A_174,A,14473_hist,True,-56.2476,-5.0765,24.8123,DESMATAMENTO_CR,2021-10-06,93,2020-12-17,0.1752,0.202,0.0965,3.4867,11,13.8005,2416,11.3934,1,2021-09-01,157,22,False,,,,-113_-11
A_175,A,14478_hist,False,-55.7776,-4.2421,11.8711,DESMATAMENTO_CR,2021-10-06,97,2021-09-10,-1.0808,-1.2384,0.2981,-6.4697,6,27.8491,1110,11.3934,1,2021-08-26,826,27,False,,,,-112_-9
A_176,A,14479_hist,True,-55.7949,-4.5472,31.8197,DESMATAMENTO_CR,2021-10-06,97,2021-08-05,-0.3256,-0.0971,0.0915,-2.857,6,21.5839,3045,11.3934,1,2021-09-01,1041,28,False,,,,-112_-10
A_177,A,14480_hist,True,-55.7716,-4.5632,38.6234,DESMATAMENTO_CR,2021-10-06,97,2021-08-05,-0.4457,-0.1661,0.1567,-3.9748,6,24.5829,3766,11.3934,1,2021-08-20,823,22,False,,,,-112_-10
A_178,A,14482_hist,True,-55.7746,-4.575,27.5911,DESMATAMENTO_CR,2021-10-06,97,2022-01-17,0.3418,0.5085,0.1052,3.5572,11,20.956,2636,11.3934,1,2021-08-14,422,17,False,,,,-112_-10
A_179,A,14487_hist,True,-55.7613,-4.6613,83.285,DESMATAMENTO_CR,2021-10-06,93,2021-10-22,0.2602,0.4796,0.1768,4.5857,5,20.2654,8130,11.3934,1,2021-08-08,516,28,False,,,,-112_-10
A_180,A,14488_hist,True,-56.246,-5.0804,23.5063,DESMATAMENTO_CR,2021-10-06,93,2021-06-30,-0.2636,-0.1639,0.12,-3.7419,6,16.4753,2257,11.3934,1,2021-08-08,330,27,False,,,,-113_-11
A_181,A,14491_hist,True,-55.9491,-4.6751,29.986,DESMATAMENTO_CR,2021-10-06,93,2021-08-05,-0.3104,-0.344,0.1055,-3.4457,6,23.4176,2911,11.3934,1,2021-07-21,798,30,False,,,,-112_-10
A_182,A,14493_hist,True,-55.916,-4.7449,19.5981,DESMATAMENTO_CR,2021-10-06,93,2021-09-04,-0.6389,-0.685,0.2388,-5.6226,5,31.0543,1896,11.3934,1,2021-03-23,1179,28,False,,,,-112_-10
A_183,A,14494_hist,True,-56.22,-4.8239,17.6578,DESMATAMENTO_CR,2021-10-06,93,2020-12-17,0.2349,0.208,0.1224,4.1856,11,11.9643,1680,11.3934,1,2021-09-19,362,28,False,,,,-113_-10
A_184,A,14495_hist,False,-56.3314,-4.0821,22.8138,DESMATAMENTO_CR,2021-10-06,97,2021-08-17,-0.3726,-0.2374,0.1746,-4.7516,6,17.5484,2207,11.3934,1,2021-06-27,639,23,False,,,,-113_-9
A_185,A,14496_hist,True,-55.8802,-4.7848,9.1514,DESMATAMENTO_CR,2021-10-06,93,2022-01-17,0.6004,0.7188,0.1134,3.6509,11,30.3032,863,11.3934,1,2021-07-15,63,29,False,,,,-112_-10
A_186,A,14497_hist,True,-56.2061,-4.8829,12.6581,DESMATAMENTO_CR,2021-10-06,93,2021-10-10,-0.7228,-0.4596,0.2672,-6.2686,5,19.3275,1196,11.3934,1,2021-01-22,193,29,False,,,,-113_-10
A_187,A,14499_hist,True,-55.9405,-4.7519,14.4516,DESMATAMENTO_CR,2021-10-06,93,2021-06-30,-0.3434,-0.2751,0.1283,-4.0021,6,23.6843,1401,11.3934,1,2021-09-01,340,29,False,,,,-112_-10
A_188,A,14500_hist,False,-56.3318,-4.1009,19.1666,DESMATAMENTO_CR,2021-10-06,97,2021-08-05,-0.3236,-0.2242,0.1489,-4.4897,6,14.2758,1871,11.3934,1,2021-07-27,512,27,False,,,,-113_-9
A_189,A,14501_hist,True,-55.8684,-4.7858,13.1996,DESMATAMENTO_CR,2021-10-06,93,2021-07-24,-0.4238,-0.4042,0.1636,-4.493,6,32.26,1254,11.3934,1,2021-08-02,445,28,False,,,,-112_-10
A_190,A,14502_hist,True,-56.0443,-5.156,15.3748,DESMATAMENTO_CR,2021-10-06,93,2020-11-02,0.336,0.1797,0.07,2.6382,6,20.4956,1485,11.3934,1,2021-06-15,370,20,False,,,,-113_-11
A_191,A,14503_hist,True,-56.0251,-5.1246,21.3467,DESMATAMENTO_CR,2021-10-06,93,2021-07-12,-0.4846,-0.3635,0.2608,-6.0245,6,21.9104,2055,11.3934,1,2021-05-16,588,26,False,,,,-113_-11
A_192,A,14504_hist,True,-55.8035,-4.8397,19.4851,DESMATAMENTO_CR,2021-10-06,93,2020-10-27,0.3274,0.2359,0.1307,4.0262,5,24.0456,1846,11.3934,1,2021-09-01,163,23,False,,,,-112_-10
A_193,A,14505_hist,True,-56.0242,-5.1304,7.4057,DESMATAMENTO_CR,2021-10-06,93,2021-06-12,-0.2455,-0.1356,0.054,-2.3986,5,26.4099,672,11.3934,1,2021-08-14,50,24,False,,,,-113_-11
A_194,A,14506_hist,True,-55.795,-4.8349,12.6344,DESMATAMENTO_CR,2021-10-06,93,2021-11-21,-0.3887,-0.3386,0.0743,-2.8358,6,24.4497,1186,11.3934,1,2021-08-26,215,28,False,,,,-112_-10
A_195,A,14507_hist,True,-56.0401,-4.7766,9.998,DESMATAMENTO_CR,2021-10-06,93,2021-10-01,-1.4048,-1.6913,0.6433,-14.1606,12,32.2211,934,11.3934,1,2021-08-08,651,29,True,2021-09-24,7.0,True,-113_-10
A_196,A,14508_hist,True,-56.1529,-4.7308,7.5695,DESMATAMENTO_CR,2021-10-06,93,2021-08-17,-0.5286,-0.9115,0.1506,-4.1987,6,51.3297,691,11.3934,1,2021-05-04,527,25,False,,,,-113_-10
A_197,A,14510_hist,False,-56.0066,-4.425,9.9475,DESMATAMENTO_CR,2021-10-06,97,2022-01-17,0.5191,1.1055,0.1424,4.1065,11,29.1893,934,11.3934,1,2021-08-08,101,31,False,,,,-113_-9
A_198,A,14511_hist,True,-56.2395,-4.6926,15.6183,DESMATAMENTO_CR,2021-10-06,97,2021-08-17,-0.4216,-0.2364,0.1724,-4.6332,6,14.3772,1462,11.3934,1,2021-09-13,404,26,False,,,,-113_-10
A_199,A,14512_hist,True,-56.2205,-4.6824,16.4711,DESMATAMENTO_CR,2021-10-06,97,2021-07-18,-0.4187,-0.3717,0.2137,-5.5073,5,21.319,1559,11.3934,1,2021-03-23,547,23,False,,,,-113_-10
A_200,A,14513_hist,True,-55.7255,-4.5568,6.3749,DESMATAMENTO_CR,2021-10-06,97,2021-11-23,-0.5431,-1.0101,0.1382,-4.1707,2,34.8941,577,11.3934,1,2021-08-14,229,30,False,,,,-112_-10
A_201,A,14514_hist,False,-55.662,-4.4554,6.0505,DESMATAMENTO_CR,2021-10-06,97,2021-09-10,-0.783,-0.7145,0.3469,-7.7804,6,24.5126,523,11.3934,1,2021-03-17,237,23,False,,,,-112_-9
A_202,A,14515_hist,False,-55.662,-4.454,7.5233,DESMATAMENTO_CR,2021-10-06,97,2021-11-23,-0.8452,-0.9542,0.3124,-7.1183,2,23.7669,703,11.3934,1,2021-08-20,299,25,False,,,,-112_-9
A_203,A,14516_hist,False,-55.5247,-4.4458,11.776,DESMATAMENTO_CR,2021-10-06,97,2020-10-21,0.3681,0.3079,0.1327,4.1882,6,22.3395,1097,11.3934,1,2021-10-07,157,25,False,,,,-112_-9
A_204,A,14521_hist,False,-55.5963,-4.4403,8.1984,DESMATAMENTO_CR,2021-10-06,97,2020-11-23,0.3548,0.2411,0.1206,4.0665,11,16.6404,760,11.3934,1,2021-09-19,71,29,False,,,,-112_-9
A_205,A,14522_hist,True,-56.0878,-4.6806,7.9136,DESMATAMENTO_CR,2021-10-06,97,2021-09-10,-0.4958,-0.6083,0.1297,-3.9352,6,38.9565,698,11.3934,1,2021-09-01,294,28,True,2021-09-17,-7.0,True,-113_-10
A_206,A,14523_hist,False,-55.5587,-4.4327,14.5683,DESMATAMENTO_CR,2021-10-06,97,2020-12-26,0.2608,0.2385,0.1022,3.7112,5,17.3964,1388,11.3934,1,2021-01-22,122,26,False,,,,-112_-9
A_207,A,14524_hist,True,-56.038,-4.7676,7.9924,DESMATAMENTO_CR,2021-10-06,93,2021-09-16,-0.5852,-0.7871,0.1854,-4.7735,5,34.9876,754,11.3934,1,2021-07-15,531,28,False,,,,-113_-10
A_208,A,14526_hist,True,-55.7102,-4.5929,10.2644,DESMATAMENTO_CR,2021-10-06,97,2021-10-18,0.6149,-0.0368,0.1153,2.5463,2,33.3165,993,11.3934,1,2021-07-15,325,24,False,,,,-112_-10
A_209,A,14528_hist,False,-55.6956,-4.4233,18.7108,DESMATAMENTO_CR,2021-10-06,97,2020-12-26,0.3914,0.3238,0.1753,4.7164,5,25.4198,1804,11.3934,1,2021-08-08,296,25,True,2021-09-05,-253.0,False,-112_-9
A_210,A,14529_hist,False,-55.7139,-4.3959,7.5423,DESMATAMENTO_CR,2021-10-06,97,2021-09-16,-0.1461,-0.6924,0.0901,-2.8303,5,34.6736,669,11.3934,1,2021-09-13,273,29,True,2021-09-22,-6.0,True,-112_-9
A_211,A,14530_hist,False,-55.6225,-4.3098,24.4215,DESMATAMENTO_CR,2021-10-06,97,2021-11-20,-0.8424,-1.0243,0.4039,-8.4422,3,24.0964,2357,11.3934,1,2021-09-13,824,25,False,,,,-112_-9
A_212,A,14531_hist,False,-55.5148,-4.543,41.2995,DESMATAMENTO_CR,2021-10-06,93,2020-12-26,0.4726,0.4386,0.297,6.5374,5,17.3302,4036,11.3934,1,2021-08-02,376,24,False,,,,-112_-10
A_213,A,14532_hist,True,-55.7038,-4.5383,15.591,DESMATAMENTO_CR,2021-10-06,97,2021-11-23,-0.5316,-0.6295,0.1672,-4.74,2,29.6563,1489,11.3934,1,2021-08-02,559,20,False,,,,-112_-10
A_214,A,14533_hist,True,-56.0069,-4.529,7.0501,DESMATAMENTO_CR,2021-10-06,97,2021-08-05,-0.7086,-0.4364,0.2153,-5.3285,6,20.3011,656,11.3934,1,2021-07-27,401,23,False,,,,-113_-10
A_215,A,14534_hist,False,-55.7261,-4.2184,8.3665,DESMATAMENTO_CR,2021-10-06,97,2021-09-04,-0.9233,-0.8839,0.3618,-7.8549,5,29.9319,784,11.3934,1,2021-08-02,359,29,False,,,,-112_-9
A_216,A,14535_hist,False,-55.5168,-4.4219,133.3505,DESMATAMENTO_CR,2021-10-06,97,2021-09-10,-0.3014,-0.2019,0.0889,-3.048,6,31.8037,13125,11.3934,1,2021-01-16,3495,22,False,,,,-112_-9
A_217,A,14536_hist,False,-55.5965,-4.179,11.3687,DESMATAMENTO_CR,2021-10-06,97,2021-09-22,-0.785,-0.873,0.2218,-5.3745,6,28.5405,1071,11.3934,1,2021-09-01,592,28,False,,,,-112_-9
A_218,A,14537_hist,False,-55.5492,-4.1567,18.4839,DESMATAMENTO_CR,2021-10-06,97,2022-01-17,0.2778,0.4327,0.0487,2.2882,11,18.9805,1801,11.3934,1,2021-09-25,306,24,False,,,,-112_-9
A_219,A,14538_hist,False,-55.5797,-4.1199,12.5912,DESMATAMENTO_CR,2021-10-06,97,2021-07-24,-0.3095,-0.1735,0.0782,-2.9364,6,20.9573,1207,11.3934,1,2021-09-13,297,30,False,,,,-112_-9
A_220,A,14539_hist,False,-55.5663,-4.0574,10.4924,DESMATAMENTO_CR,2021-10-06,97,2021-12-03,0.844,0.9934,0.4057,8.8643,6,16.5835,982,11.3934,1,2021-07-27,26,24,False,,,,-112_-9
A_221,A,14540_hist,False,-55.5529,-4.395,17.1404,DESMATAMENTO_CR,2021-10-06,97,2021-08-17,-0.2394,-0.2769,0.1187,-3.8472,6,23.433,1626,11.3934,1,2021-08-20,280,28,False,,,,-112_-9
A_222,A,14541_hist,False,-55.6271,-4.3947,11.519,DESMATAMENTO_CR,2021-10-06,97,2021-11-11,0.7082,0.8505,0.307,6.9713,2,26.6521,1081,11.3934,1,2021-08-26,189,28,False,,,,-112_-9
A_223,A,14551_hist,False,-55.7331,-3.9883,7.3496,DESMATAMENTO_CR,2021-10-06,97,2020-12-17,0.5424,0.453,0.2047,5.3448,11,25.9597,667,11.3934,1,2021-09-19,114,21,False,,,,-112_-8
A_224,A,14564_hist,False,-55.4374,-4.4703,11.9658,DESMATAMENTO_CR,2021-10-06,97,2020-11-08,0.4229,0.2771,0.1113,3.5623,5,16.8174,1136,11.3934,1,2021-09-19,187,46,False,,,,-111_-9
A_225,A,14570_hist,False,-55.399,-4.4867,82.3658,DESMATAMENTO_CR,2021-10-06,97,2020-12-26,0.3763,0.4055,0.2827,6.4811,5,20.7825,7897,11.3934,1,2021-08-08,635,54,False,,,,-111_-9
A_226,A,14572_hist,False,-55.4348,-4.4475,141.5813,DESMATAMENTO_CR,2021-10-06,97,2020-12-17,0.4187,0.3513,0.2368,5.5778,11,20.4631,13882,11.3934,1,2021-01-04,1230,44,False,,,,-111_-9
A_227,A,14577_hist,False,-55.4841,-4.4568,19.8084,DESMATAMENTO_CR,2021-10-06,97,2020-12-26,0.3442,0.3546,0.1568,4.499,5,23.3783,1879,11.3934,1,2021-05-16,58,24,False,,,,-111_-9
A_228,A,14579_hist,False,-55.132,-4.3005,30.6331,DESMATAMENTO_CR,2021-10-06,97,2021-12-24,-0.5996,-0.5617,0.1391,-4.0826,11,20.3502,2955,11.3934,1,2021-08-20,866,20,False,,,,-111_-9
A_229,A,14582_hist,False,-55.1218,-4.3433,36.4437,DESMATAMENTO_CR,2021-10-06,97,2020-12-26,0.4267,0.4057,0.2656,6.1759,5,16.5292,3508,11.3934,1,2021-07-15,371,21,True,2021-09-15,-263.0,False,-111_-9
A_230,A,14583_hist,False,-55.3626,-4.2088,10.6931,DESMATAMENTO_CR,2021-10-06,97,2021-08-05,-0.3677,-0.3312,0.1045,-3.5012,6,22.2815,974,11.3934,1,2021-09-25,4,50,False,,,,-111_-9
A_231,A,14604_hist,False,-55.1578,-4.1832,20.73,DESMATAMENTO_CR,2021-10-06,97,2021-10-18,0.7412,0.7339,0.3605,7.5726,2,23.2826,2001,11.3934,1,2021-07-27,45,23,True,2021-09-07,41.0,False,-111_-9
A_232,A,14605_hist,False,-55.2211,-4.4392,23.5828,DESMATAMENTO_CR,2021-10-06,97,2020-11-08,0.3395,0.2757,0.1501,4.5316,5,19.0556,2277,11.3934,1,2021-09-01,310,23,False,,,,-111_-9
A_233,A,14607_hist,False,-55.1808,-4.2796,9.0963,DESMATAMENTO_CR,2021-10-06,97,2021-11-11,0.6853,0.7049,0.2848,6.8474,2,19.606,862,11.3934,1,2021-08-02,166,23,False,,,,-111_-9
A_234,A,14609_hist,False,-55.0959,-4.1726,25.6412,DESMATAMENTO_CR,2021-10-06,97,2021-07-24,-0.4137,-0.3627,0.138,-4.0004,6,18.9234,2482,11.3934,1,2021-08-02,641,20,False,,,,-111_-9
A_235,A,14610_hist,False,-55.1545,-4.1405,33.3097,DESMATAMENTO_CR,2021-10-06,97,2020-12-17,0.4745,0.4081,0.2187,5.5391,11,20.068,3174,11.3934,1,2021-06-09,213,22,False,,,,-111_-9
A_236,A,14614_hist,False,-55.1295,-4.3083,10.569,DESMATAMENTO_CR,2021-10-06,97,2021-12-24,-0.4689,-0.8692,0.1533,-4.3683,11,20.0995,982,11.3934,1,2021-09-25,236,23,True,2021-09-15,100.0,False,-111_-9
A_237,A,14619_hist,False,-55.2959,-4.4381,11.2545,DESMATAMENTO_CR,2021-10-06,97,2020-12-26,0.3086,0.3431,0.1509,4.5905,5,18.98,1060,11.3934,1,2021-08-20,112,51,False,,,,-111_-9
A_238,A,14627_hist,False,-55.3265,-4.3631,35.7981,DESMATAMENTO_CR,2021-10-06,97,2020-12-17,0.3731,0.2576,0.1391,4.0583,11,19.4917,3503,11.3934,1,2021-08-14,210,42,False,,,,-111_-9
A_239,A,14628_hist,False,-55.3533,-4.386,9.586,DESMATAMENTO_CR,2021-10-06,97,2021-12-03,0.647,0.5984,0.1609,4.7627,6,25.5381,907,11.3934,1,2021-08-20,91,40,False,,,,-111_-9
A_240,A,14635_hist,False,-55.2659,-4.353,10.7279,DESMATAMENTO_CR,2021-10-06,97,2020-12-26,0.2951,0.2526,0.1011,3.5668,5,11.8236,1034,11.3934,1,2021-08-20,201,41,False,,,,-111_-9
A_241,A,14638_hist,False,-55.3044,-4.3403,35.0628,DESMATAMENTO_CR,2021-10-06,97,2020-12-17,0.2844,0.2673,0.1678,4.8764,11,11.0294,3408,11.3934,0,2021-09-19,272,44,True,2021-09-30,-287.0,False,-111_-9
A_242,A,14641_hist,False,-55.3876,-4.3038,18.0754,DESMATAMENTO_CR,2021-10-06,97,2020-12-17,0.4528,0.3555,0.2699,6.5866,11,18.529,1719,11.3934,1,2021-09-19,39,46,True,2021-09-17,-274.0,False,-111_-9
A_243,A,14648_hist,False,-55.4381,-4.395,28.2421,DESMATAMENTO_CR,2021-10-06,97,2020-12-17,0.3971,0.3846,0.1492,4.2562,11,21.9456,2745,11.3934,1,2021-08-26,442,28,False,,,,-111_-9
A_244,A,15036_hist,True,-55.9957,-4.5028,22.8997,DESMATAMENTO_CR,2021-10-07,97,2021-08-05,-0.4643,-0.3326,0.1521,-4.2005,6,27.4593,2235,11.3934,1,2021-03-23,1288,29,False,,,,-112_-10
A_245,A,15050_hist,False,-56.1107,-3.936,13.0054,DESMATAMENTO_CR,2021-10-07,97,2021-09-16,-1.4435,-1.69,0.5275,-10.6497,5,25.8751,1245,11.3934,1,2021-08-20,948,21,False,,,,-113_-8
A_246,A,15057_hist,False,-56.0731,-3.9886,10.3275,DESMATAMENTO_CR,2021-10-07,97,2021-12-03,0.468,0.3924,0.0861,3.1272,6,23.5689,925,11.3934,1,2021-07-03,82,21,False,,,,-113_-8
A_247,A,15060_hist,True,-56.0757,-4.703,18.6669,DESMATAMENTO_CR,2021-10-07,93,2020-12-17,0.3328,0.2645,0.1514,4.4522,11,20.6583,1807,11.3934,1,2021-06-15,406,29,False,,,,-113_-10
A_248,A,15067_hist,True,-55.9879,-4.5344,32.4215,DESMATAMENTO_CR,2021-10-07,97,2021-08-05,-0.2447,-0.1223,0.0922,-3.1902,6,20.9028,3152,11.3934,1,2021-08-02,430,29,False,,,,-112_-10
A_249,A,15077_hist,False,-55.3602,-4.358,10.8752,DESMATAMENTO_CR,2021-10-07,97,2020-12-17,0.3732,0.347,0.146,4.5384,11,15.3618,1033,11.3934,1,2021-09-25,16,49,False,,,,-111_-9
A_250,A,15080_hist,False,-55.5613,-4.5488,19.358,DESMATAMENTO_CR,2021-10-07,93,2021-07-24,-0.2909,-0.2651,0.1397,-4.1684,6,25.9958,1834,11.3934,1,2021-09-13,500,19,False,,,,-112_-10
A_251,A,15092_hist,False,-55.9607,-4.4465,7.7688,DESMATAMENTO_CR,2021-10-07,97,2021-09-16,-0.6108,-0.8206,0.2549,-6.117,5,22.7567,692,11.3934,1,2021-11-24,14,30,False,,,,-112_-9
A_252,A,15095_hist,False,-55.8426,-4.1304,6.6669,DESMATAMENTO_CR,2021-10-07,97,2021-08-17,-0.689,-0.5235,0.2076,-5.3274,6,18.19,619,11.3934,1,2021-08-20,221,29,False,,,,-112_-9
A_253,A,15099_hist,True,-55.8583,-4.8541,12.5912,DESMATAMENTO_CR,2021-10-07,93,2021-06-30,-0.3693,-0.1971,0.1049,-3.4214,6,24.9662,1182,11.3934,1,2021-08-14,268,27,False,,,,-112_-10
A_254,A,15101_hist,True,-55.9835,-4.6744,18.7535,DESMATAMENTO_CR,2021-10-07,97,2021-08-05,-0.7075,-0.6671,0.2963,-6.6308,6,33.5869,1804,11.3934,1,2021-05-22,683,32,False,,,,-112_-10
A_255,A,15105_hist,True,-55.8969,-4.6046,6.4665,DESMATAMENTO_CR,2021-10-07,97,2021-07-24,-1.2678,-1.1738,0.4822,-9.8812,6,30.6978,595,11.3934,1,2021-01-04,378,23,False,,,,-112_-10
A_256,A,15108_hist,True,-55.917,-4.4934,7.167,DESMATAMENTO_CR,2021-10-07,97,2021-09-04,-1.2145,-1.2792,0.4596,-9.4994,5,39.1269,644,11.3934,1,2021-08-08,447,30,False,,,,-112_-9
A_257,A,15402_hist,True,-55.8931,-4.6455,10.3004,DESMATAMENTO_CR,2021-10-09,97,2020-12-26,0.3099,0.2235,0.0691,2.8919,5,18.3891,974,11.3934,1,2021-09-13,286,30,False,,,,-112_-10
A_258,A,15406_hist,True,-56.2163,-4.6212,10.675,DESMATAMENTO_CR,2021-10-09,97,2022-01-17,0.4658,0.3237,0.0425,2.0745,11,25.4843,1006,11.3934,1,2021-07-27,329,27,True,2021-09-14,125.0,False,-113_-10
A_259,A,15407_hist,True,-56.204,-4.5585,14.3511,DESMATAMENTO_CR,2021-10-09,97,2020-12-05,0.214,0.1839,0.0424,2.1326,12,31.2035,1366,11.3934,1,2021-08-14,314,25,False,,,,-113_-10
A_260,A,15427_hist,True,-55.8903,-4.6096,7.172,DESMATAMENTO_CR,2021-10-09,97,2021-08-05,-0.5612,-0.516,0.2007,-5.2336,6,31.0668,671,11.3934,1,2021-06-03,364,28,False,,,,-112_-10
A_261,A,15428_hist,False,-55.5224,-4.4183,9.7697,DESMATAMENTO_CR,2021-10-09,97,2021-01-31,0.3904,0.4405,0.271,6.6969,5,17.4261,901,11.3934,1,2021-09-13,80,22,False,,,,-112_-9
A_262,A,15429_hist,True,-55.8005,-4.7091,10.8209,DESMATAMENTO_CR,2021-10-09,93,2020-12-26,0.3389,0.2359,0.1425,4.4146,5,14.2715,1038,11.3934,1,2021-09-19,165,26,False,,,,-112_-10
A_263,A,15430_hist,True,-55.9065,-4.5651,6.7675,DESMATAMENTO_CR,2021-10-09,97,2021-08-05,-0.2978,-0.2428,0.1082,-3.7786,6,18.8442,609,11.3934,1,2021-09-01,247,26,False,,,,-112_-10
A_264,A,15432_hist,True,-55.9085,-4.6547,18.5148,DESMATAMENTO_CR,2021-10-09,97,2021-08-11,-0.4241,-0.15,0.1559,-4.013,5,18.3507,1732,11.3934,1,2021-07-21,503,33,False,,,,-112_-10
A_265,A,15437_hist,False,-55.9082,-4.4155,6.2411,DESMATAMENTO_CR,2021-10-09,97,2021-02-12,0.3391,0.2881,0.1052,3.6932,5,15.9377,553,11.3934,1,,0,27,False,,,,-112_-9
A_266,A,15438_hist,False,-55.853,-4.4263,9.8432,DESMATAMENTO_CR,2021-10-09,97,2021-12-24,0.56,0.6721,0.102,3.4801,11,27.588,921,11.3934,1,2021-08-08,415,31,False,,,,-112_-9
A_267,A,15450_hist,False,-55.299,-4.4375,9.0453,DESMATAMENTO_CR,2021-10-09,97,2021-02-12,0.3317,0.2222,0.1286,4.2542,5,14.2506,864,11.3934,1,2021-09-01,17,44,False,,,,-111_-9
A_268,A,1552_hist,True,-56.0326,-4.8974,7.9602,DESMATAMENTO_CR,2021-08-09,93,2021-08-17,-0.723,-0.9606,0.2433,-5.737,6,41.3426,741,11.3934,1,2021-05-28,553,27,False,,,,-113_-10
A_269,A,1576_hist,False,-55.1931,-4.3533,6.7264,DESMATAMENTO_CR,2021-08-09,97,2021-05-13,-0.497,-0.5643,0.1547,-4.484,6,45.2895,620,11.3934,1,2021-04-04,106,23,False,,,,-111_-9
A_270,A,1577_hist,False,-55.3787,-4.1013,13.8132,DESMATAMENTO_CR,2021-08-09,97,2020-12-26,0.41,0.2546,0.1392,4.2111,5,35.3583,1307,11.3934,1,2021-07-27,163,25,True,2021-08-04,-221.0,False,-111_-9
A_271,A,1584_hist,False,-55.4243,-3.96,9.6647,DESMATAMENTO_CR,2021-08-09,97,2021-08-17,-1.2815,-1.4944,0.4519,-9.3143,6,34.9153,904,11.3934,1,2021-08-08,856,27,True,2021-08-02,15.0,False,-111_-8
A_272,A,1585_hist,False,-55.4286,-3.9553,6.2262,DESMATAMENTO_CR,2021-08-09,97,2021-09-10,-0.7147,-0.7627,0.3003,-6.859,6,28.9739,582,11.3934,1,2021-07-27,170,24,True,2021-08-02,39.0,False,-111_-8
A_273,A,1586_hist,False,-55.4628,-3.9535,7.7306,DESMATAMENTO_CR,2021-08-09,97,2021-07-18,-0.6506,-0.4983,0.1631,-4.5623,5,34.2392,722,11.3934,1,2021-04-16,459,26,False,,,,-111_-8
A_274,A,1588_hist,False,-55.354,-3.9893,11.5678,DESMATAMENTO_CR,2021-08-09,97,2021-08-17,-0.4697,-0.35,0.1103,-3.4927,6,33.1682,1081,11.3934,1,2021-07-03,355,24,False,,,,-111_-8
A_275,A,16448_hist,True,-55.7018,-4.4826,16.4389,DESMATAMENTO_CR,2021-10-12,97,2021-11-23,-0.676,-0.6848,0.2846,-6.7105,2,22.9226,1548,11.3934,1,2021-05-04,613,23,False,,,,-112_-9
A_276,A,16455_hist,False,-56.2541,-4.3471,8.3283,DESMATAMENTO_CR,2021-10-12,97,2021-12-15,0.1989,0.5129,0.0602,2.6617,6,19.8314,754,11.3934,1,2021-07-21,28,30,False,,,,-113_-9
A_277,A,16456_hist,False,-55.0952,-4.4299,32.1743,DESMATAMENTO_CR,2021-10-12,93,2020-12-17,0.288,0.2222,0.1097,3.5214,11,16.6226,3125,11.3934,1,2021-06-09,277,23,True,2021-09-20,-277.0,False,-111_-9
A_278,A,16461_hist,False,-56.2934,-4.3495,6.7326,DESMATAMENTO_CR,2021-10-12,97,2021-09-16,-0.7156,-0.5877,0.2751,-6.8232,5,14.986,617,11.3934,1,2021-10-13,30,31,False,,,,-113_-9
A_279,A,16467_hist,False,-56.3874,-4.2358,7.329,DESMATAMENTO_CR,2021-10-12,97,2021-08-17,-0.4647,-0.4109,0.2127,-5.7354,6,11.9859,686,11.3934,1,2021-08-02,133,22,False,,,,-113_-9
A_280,A,16469_hist,False,-56.3797,-4.3141,16.0681,DESMATAMENTO_CR,2021-10-12,97,2020-10-27,0.3775,0.3361,0.1557,4.7004,5,11.23,1544,11.3934,0,2021-09-25,178,27,False,,,,-113_-9
A_281,A,16470_hist,False,-55.087,-4.2684,18.5242,DESMATAMENTO_CR,2021-10-12,97,2020-12-26,0.4016,0.5064,0.235,5.7853,5,23.9669,1733,11.3934,1,2021-03-05,211,20,False,,,,-111_-9
A_282,A,16476_hist,False,-56.2585,-4.3483,12.4342,DESMATAMENTO_CR,2021-10-12,97,2021-08-17,-0.4988,-0.1979,0.1174,-3.3979,6,32.4014,1173,11.3934,1,2021-07-21,390,30,False,,,,-113_-9
A_283,A,16496_hist,True,-56.0274,-5.1976,7.2455,DESMATAMENTO_CR,2021-10-12,93,2021-09-22,-1.6133,-1.433,0.6971,-16.0345,6,17.6056,647,11.3934,1,2021-08-26,279,24,False,,,,-113_-11
A_284,A,16503_hist,True,-55.7482,-4.5204,9.9033,DESMATAMENTO_CR,2021-10-12,97,2021-02-12,0.202,0.1767,0.0417,2.2261,5,29.3376,943,11.3934,1,2021-06-03,128,24,False,,,,-112_-10
A_285,A,16506_hist,True,-55.9184,-4.7383,7.3731,DESMATAMENTO_CR,2021-10-12,93,2022-01-05,0.2886,0.6393,0.0741,2.7741,12,26.5532,667,11.3934,1,2021-08-14,137,26,False,,,,-112_-10
A_286,A,16512_hist,True,-56.0142,-4.9804,13.2388,DESMATAMENTO_CR,2021-10-12,93,2021-06-30,-0.215,-0.0886,0.0525,-2.3103,6,16.6128,1236,11.3934,1,2021-08-02,185,29,False,,,,-113_-10
A_287,A,16516_hist,True,-56.0731,-4.5511,45.7597,DESMATAMENTO_CR,2021-10-12,97,2022-01-17,0.3293,0.5055,0.1118,3.685,11,13.1975,4460,11.3934,1,2021-08-08,89,25,False,,,,-113_-10
A_288,A,17304_hist,False,-56.3203,-4.2578,6.5186,DESMATAMENTO_CR,2021-10-14,97,2021-09-10,-0.452,-0.3204,0.1486,-4.4795,6,12.0802,609,11.3934,1,2021-10-07,74,22,False,,,,-113_-9
A_289,A,17378_hist,False,-55.2176,-4.2305,7.9797,DESMATAMENTO_CR,2021-10-15,97,2021-07-24,-0.3892,-0.3159,0.0955,-3.3586,6,25.7159,708,11.3934,1,2021-08-08,193,47,False,,,,-111_-9
A_290,A,17382_hist,False,-55.1022,-4.2048,9.8153,DESMATAMENTO_CR,2021-10-15,97,2021-09-10,-0.5297,-0.385,0.168,-4.6875,6,22.6382,913,11.3934,1,2021-08-02,58,19,False,,,,-111_-9
A_291,A,17384_hist,False,-55.3238,-4.241,14.7806,DESMATAMENTO_CR,2021-10-15,97,2021-09-10,-0.4938,-0.3441,0.1668,-4.6309,6,18.6572,1416,11.3934,1,2021-08-26,281,43,False,,,,-111_-9
A_292,A,17387_hist,False,-55.0975,-4.2479,15.7687,DESMATAMENTO_CR,2021-10-15,97,2020-12-26,0.3068,0.2757,0.1243,4.019,5,19.3314,1500,11.3934,1,2021-10-07,141,24,True,2021-09-20,-268.0,False,-111_-9
A_293,A,17400_hist,False,-55.2057,-4.2622,8.8571,DESMATAMENTO_CR,2021-10-15,97,2021-12-03,0.3246,0.5632,0.115,3.7748,6,24.7486,788,11.3934,1,2021-10-07,11,21,True,2021-09-19,75.0,False,-111_-9
A_294,A,17404_hist,False,-55.073,-4.356,10.3105,DESMATAMENTO_CR,2021-10-15,97,2021-08-17,-0.3134,-0.3849,0.1454,-4.4316,6,20.8852,974,11.3934,1,2021-08-20,205,20,False,,,,-111_-9
A_295,A,17408_hist,False,-55.237,-4.3298,10.7773,DESMATAMENTO_CR,2021-10-15,97,2021-09-10,-0.5805,-0.6023,0.2921,-6.7653,6,20.5185,963,11.3934,1,2021-05-22,246,51,False,,,,-111_-9
A_296,A,17425_hist,False,-55.2203,-4.2357,7.0835,DESMATAMENTO_CR,2021-10-15,97,2020-12-17,0.381,0.2848,0.0879,3.3182,11,21.3763,647,11.3934,1,2021-08-02,78,45,False,,,,-111_-9
A_297,A,17571_hist,False,-55.0891,-4.4548,14.1384,DESMATAMENTO_CR,2021-10-17,93,2021-10-16,0.2293,0.5473,0.1469,4.1303,6,15.3732,1327,11.3934,1,2021-10-07,88,21,False,,,,-111_-9
A_298,A,17575_hist,False,-55.0673,-4.3801,13.6181,DESMATAMENTO_CR,2021-10-17,97,2021-10-30,-0.6923,-0.8977,0.37,-8.0928,2,15.494,1292,11.3934,1,2021-10-13,534,21,True,2021-10-07,23.0,False,-111_-9
A_299,A,18368_hist,True,-56.0443,-5.1521,28.4509,DESMATAMENTO_CR,2021-10-26,93,2021-06-18,-0.3853,-0.2707,0.1788,-4.6501,6,14.7947,2748,11.3934,1,2021-07-03,760,23,False,,,,-113_-11
A_300,A,18370_hist,True,-55.7956,-4.7091,38.7443,DESMATAMENTO_CR,2021-10-26,93,2020-12-17,0.3271,0.265,0.1666,4.5728,11,12.7414,3812,11.3934,1,2021-01-22,464,27,False,,,,-112_-10
A_301,A,18475_hist,False,-55.3953,-3.963,17.0391,DESMATAMENTO_CR,2021-10-29,97,2021-10-18,-0.9297,-0.5887,0.3648,-7.8445,2,13.4473,1617,11.3934,1,2021-08-20,677,29,False,,,,-111_-8
A_302,A,19188_hist,False,-56.0769,-3.9892,23.1479,DESMATAMENTO_CR,2021-11-07,97,2021-10-18,0.5111,0.4979,0.2618,6.1686,2,16.5793,2199,11.3934,1,2021-06-21,179,26,False,,,,-113_-8
A_303,A,19195_hist,True,-56.1186,-4.7519,7.2503,DESMATAMENTO_CR,2021-11-07,93,2021-09-04,-0.7125,-1.073,0.2626,-6.0218,5,30.0176,680,11.3934,1,2021-09-25,296,23,False,,,,-113_-10
A_304,A,19198_hist,True,-56.1416,-4.7817,11.4577,DESMATAMENTO_CR,2021-11-07,93,2021-09-22,-0.9536,-1.0075,0.2958,-6.4088,6,33.7041,1056,11.3934,1,2021-08-02,756,27,False,,,,-113_-10
A_305,A,19200_hist,False,-55.1117,-4.4503,71.3672,DESMATAMENTO_CR,2021-11-07,93,2020-12-26,0.3721,0.282,0.2253,5.4511,5,18.9764,6800,11.3934,1,2021-09-01,585,26,False,,,,-111_-9
A_306,A,19202_hist,False,-55.0874,-4.4557,57.9279,DESMATAMENTO_CR,2021-11-07,93,2020-12-26,0.3165,0.3253,0.2244,5.5506,5,15.663,5520,11.3934,1,2021-10-19,194,26,False,,,,-111_-9
A_307,A,19206_hist,True,-56.1956,-5.0674,44.7817,DESMATAMENTO_CR,2021-11-07,93,2020-10-21,0.2984,0.2772,0.1564,4.4699,6,12.7553,4350,11.3934,1,2021-09-19,306,26,False,,,,-113_-11
A_308,A,19222_hist,False,-55.0686,-4.4573,9.7937,DESMATAMENTO_CR,2021-11-07,93,2020-12-26,0.4384,0.4264,0.1431,4.1649,5,23.2881,907,11.3934,1,2021-05-04,3,26,False,,,,-111_-9
A_309,A,19365_hist,True,-55.6066,-4.5404,24.5429,DESMATAMENTO_CR,2021-11-11,97,2020-12-17,0.4455,0.2519,0.2273,5.9739,11,12.6339,2397,11.3934,1,2021-10-25,217,24,False,,,,-112_-10
A_310,A,19368_hist,False,-55.6962,-4.4345,28.2591,DESMATAMENTO_CR,2021-11-11,97,2020-12-26,0.3256,0.2164,0.172,4.6863,5,19.1324,2739,11.3934,1,2021-09-13,443,28,False,,,,-112_-9
A_311,A,19407_hist,False,-55.8391,-4.466,9.9654,DESMATAMENTO_CR,2021-11-12,97,2021-08-11,-0.3879,-0.1699,0.1162,-3.6104,5,18.8679,912,11.3934,1,2021-08-20,269,27,False,,,,-112_-9
A_312,A,19408_hist,True,-55.9294,-4.7571,7.7533,DESMATAMENTO_CR,2021-11-12,93,2021-10-01,-0.9586,-0.8596,0.5361,-11.632,12,13.0281,729,11.3934,1,2021-08-08,236,28,False,,,,-112_-10
A_313,A,19562_hist,False,-55.1512,-4.1671,17.5751,DESMATAMENTO_CR,2021-11-15,97,2020-12-17,0.3491,0.3109,0.1203,3.8054,11,16.923,1699,11.3934,1,2021-10-13,392,23,False,,,,-111_-9
A_314,A,19563_hist,False,-55.0643,-4.1435,6.7405,DESMATAMENTO_CR,2021-11-15,97,2021-10-30,-0.6886,-0.7874,0.2456,-6.0643,2,18.91,628,11.3934,1,2021-08-02,226,22,False,,,,-111_-9
A_315,A,19568_hist,False,-55.5642,-4.5502,26.9171,DESMATAMENTO_CR,2021-11-16,93,2020-10-21,0.4451,0.2597,0.1645,4.4613,6,24.8654,2537,11.3934,1,2021-09-19,207,19,False,,,,-112_-10
A_316,A,19912_hist,False,-56.3472,-4.0699,7.8585,DESMATAMENTO_CR,2021-11-24,97,2022-01-17,0.2292,0.3208,0.032,1.9869,11,14.1905,752,11.3934,1,2021-02-27,129,25,False,,,,-113_-9
A_317,A,19914_hist,True,-56.1262,-5.1238,22.5115,DESMATAMENTO_CR,2021-11-24,93,2020-11-02,0.4468,0.2011,0.1929,5.0545,6,13.0834,2158,11.3934,1,2021-05-22,24,23,False,,,,-113_-11
A_318,A,19915_hist,True,-56.21,-5.1212,17.7972,DESMATAMENTO_CR,2021-11-24,93,2020-10-03,0.5145,0.4557,0.2109,5.414,5,18.5539,1674,11.3934,1,2021-04-10,200,25,False,,,,-113_-11
A_319,A,19917_hist,True,-56.2029,-5.0649,17.5044,DESMATAMENTO_CR,2021-11-24,93,2020-10-21,0.312,0.1727,0.0922,3.3955,6,8.4924,1651,11.3934,0,2021-07-03,160,28,False,,,,-113_-11
A_320,A,19922_hist,True,-56.1973,-5.058,10.4966,DESMATAMENTO_CR,2021-11-24,93,2020-12-17,0.2859,0.2082,0.1071,3.783,11,7.7654,986,11.3934,0,2021-11-18,20,26,False,,,,-113_-11
A_321,A,19925_hist,False,-55.0949,-4.2398,11.6747,DESMATAMENTO_CR,2021-11-24,97,2021-12-15,-0.6788,-0.7266,0.2036,-5.3252,6,14.8981,1125,11.3934,1,2021-11-12,301,23,False,,,,-111_-9
A_322,A,19926_hist,True,-56.0428,-4.776,17.2726,DESMATAMENTO_CR,2021-11-24,93,2021-10-01,0.8237,0.5368,0.3357,7.2813,12,25.5577,1643,11.3934,1,2021-09-25,27,31,False,,,,-113_-10
A_323,A,19929_hist,True,-56.0042,-4.5276,14.5051,DESMATAMENTO_CR,2021-11-24,97,2021-11-23,-0.9411,-0.9959,0.3162,-6.998,2,18.9357,1377,11.3934,1,2021-01-04,905,26,False,,,,-113_-10
A_324,A,19932_hist,True,-56.1126,-4.8496,43.4284,DESMATAMENTO_CR,2021-11-24,93,2021-09-22,-0.2871,-0.1329,0.125,-3.6578,6,10.6513,4151,11.3934,0,2021-09-19,575,27,False,,,,-113_-10
A_325,A,19934_hist,True,-56.0577,-4.8366,19.7612,DESMATAMENTO_CR,2021-11-24,93,2021-11-21,-0.542,-0.3823,0.1351,-3.8969,6,17.1637,1895,11.3934,1,2021-05-22,359,28,False,,,,-113_-10
A_326,A,19935_hist,True,-56.02,-4.7807,15.5795,DESMATAMENTO_CR,2021-11-24,93,2021-09-10,-0.8501,-0.8146,0.4938,-10.3926,6,27.1356,1464,11.3934,1,2021-01-10,560,28,False,,,,-113_-10
A_327,A,19941_hist,False,-55.3362,-3.9364,36.56,DESMATAMENTO_CR,2021-11-24,97,2020-12-26,0.2934,0.256,0.1757,5.1392,5,11.5642,3568,11.3934,1,2021-11-12,305,29,False,,,,-111_-8
A_328,A,20471_hist,True,-56.2342,-5.0609,11.3427,DESMATAMENTO_CR,2021-11-29,93,2021-11-21,-1.1181,-1.0741,0.619,-14.3365,6,8.1395,1063,11.3934,0,2021-10-31,208,23,False,,,,-113_-11
A_329,A,20474_hist,False,-56.4095,-4.2607,6.7825,DESMATAMENTO_CR,2021-11-29,97,2021-09-04,-0.3685,-0.1,0.0817,-3.0597,5,10.3073,634,11.3934,0,2021-09-19,214,20,False,,,,-113_-9
A_330,A,20483_hist,True,-56.2037,-5.1328,8.7176,DESMATAMENTO_CR,2021-11-29,93,2021-10-16,0.2338,0.5594,0.1684,4.5529,6,15.4974,824,11.3934,1,2021-08-08,50,25,False,,,,-113_-11
A_331,A,20486_hist,True,-55.9861,-4.7816,11.335,DESMATAMENTO_CR,2021-11-29,93,2021-11-06,0.814,0.9511,0.4189,8.9326,12,34.8658,1045,11.3934,1,2021-08-14,78,30,False,,,,-112_-10
A_332,A,20487_hist,False,-56.3567,-4.2672,6.6903,DESMATAMENTO_CR,2021-11-29,97,2021-11-23,-0.3887,-0.0776,0.0669,-2.4311,2,14.5229,603,11.3934,1,2021-11-24,83,26,False,,,,-113_-9
A_333,A,20490_hist,True,-56.2029,-5.0617,12.5628,DESMATAMENTO_CR,2021-11-29,93,2020-12-05,0.3315,0.2583,0.1665,4.8661,12,6.6397,1199,11.3934,0,,0,20,False,,,,-113_-11
A_334,A,20492_hist,False,-55.695,-4.4373,16.3294,DESMATAMENTO_CR,2021-11-29,97,2021-09-10,-0.3671,-0.4056,0.2072,-5.3381,6,18.9458,1540,11.3934,1,2021-06-09,344,22,False,,,,-112_-9
A_335,A,20494_hist,True,-55.8818,-4.8008,8.5317,DESMATAMENTO_CR,2021-11-29,93,2020-12-26,0.547,0.423,0.2506,6.4427,5,20.0882,800,11.3934,1,2021-08-08,4,35,False,,,,-112_-10
A_336,A,20500_hist,False,-55.6165,-4.1598,19.9019,DESMATAMENTO_CR,2021-11-29,97,2020-12-26,0.4449,0.2329,0.1753,4.7214,5,9.8949,1940,11.3934,0,2021-10-31,234,27,False,,,,-112_-9
A_337,A,20501_hist,False,-55.6456,-3.9688,10.1988,DESMATAMENTO_CR,2021-11-29,97,2021-10-30,-0.9752,-1.056,0.3638,-7.7841,2,21.0535,976,11.3934,1,2021-08-26,641,31,False,,,,-112_-8
A_338,A,20506_hist,False,-55.415,-3.9925,10.0942,DESMATAMENTO_CR,2021-11-29,97,2021-09-10,-0.5275,-0.3881,0.1806,-4.9875,6,13.6755,947,11.3934,1,2021-09-19,306,27,False,,,,-111_-8
A_339,A,20511_hist,False,-55.4444,-4.0389,11.3829,DESMATAMENTO_CR,2021-11-29,97,2021-07-18,-0.2883,-0.3229,0.0813,-3.0556,5,13.7374,1080,11.3934,1,2021-04-10,139,24,False,,,,-111_-9
A_340,A,20619_hist,True,-55.7761,-4.5619,14.621,DESMATAMENTO_CR,2021-12-01,97,2021-08-05,-0.4617,-0.3612,0.1635,-4.4722,6,34.6375,1339,11.3934,1,2021-07-15,538,21,False,,,,-112_-10
A_341,A,20620_hist,True,-55.7677,-4.5589,16.1059,DESMATAMENTO_CR,2021-12-01,97,2021-07-12,-0.4415,-0.2664,0.1584,-4.375,6,20.157,1493,11.3934,1,2021-09-13,390,24,False,,,,-112_-10
A_342,A,2063_hist,True,-55.9874,-4.7777,25.0563,DESMATAMENTO_CR,2021-08-12,93,2021-09-04,-1.8364,-2.0741,0.4995,-9.648,5,52.5463,2420,11.3934,1,2021-05-10,2405,33,False,,,,-112_-10
A_343,A,2071_hist,False,-55.6468,-4.165,13.0264,DESMATAMENTO_CR,2021-08-12,97,2021-12-09,0.3507,0.5656,0.0368,1.9662,5,39.3629,1244,11.3934,1,2021-08-02,832,28,False,,,,-112_-9
A_344,A,2662_hist,True,-55.8906,-4.8035,19.0445,DESMATAMENTO_CR,2021-08-18,93,2022-01-17,0.7484,0.8729,0.1919,4.9532,11,27.8299,1820,11.3934,1,2021-08-02,383,31,True,2021-08-26,144.0,False,-112_-10
A_345,A,2663_hist,True,-55.8442,-4.7961,42.1315,DESMATAMENTO_CR,2021-08-18,93,2021-08-23,-0.6401,-0.583,0.3087,-6.6672,5,27.2973,4088,11.3934,1,2021-07-21,1924,27,False,,,,-112_-10
A_346,A,2664_hist,True,-55.986,-4.7791,11.0837,DESMATAMENTO_CR,2021-08-18,93,2021-08-17,-0.926,-1.4136,0.3519,-7.3393,6,53.0395,1005,11.3934,1,2021-04-10,746,30,False,,,,-112_-10
A_347,A,2665_hist,True,-56.0231,-5.1289,10.9308,DESMATAMENTO_CR,2021-08-18,93,2021-08-05,-0.7826,-0.644,0.461,-9.922,6,21.0581,1030,11.3934,1,2021-08-08,349,23,True,2021-08-29,-24.0,False,-113_-11
A_348,A,2666_hist,False,-55.5995,-4.2013,8.8025,DESMATAMENTO_CR,2021-08-18,97,2021-08-17,-0.8495,-0.7248,0.2596,-6.0481,6,42.5278,832,11.3934,1,2021-08-02,392,25,True,2021-08-10,7.0,True,-112_-9
A_349,A,2669_hist,True,-55.9368,-4.8525,19.0002,DESMATAMENTO_CR,2021-08-18,93,2020-10-21,0.5322,0.5033,0.1756,4.5739,6,24.7943,1787,11.3934,1,2021-02-03,466,23,False,,,,-112_-10
A_350,A,2673_hist,False,-55.6444,-4.1659,7.5997,DESMATAMENTO_CR,2021-08-18,97,2021-08-17,-1.4252,-1.6034,0.3365,-7.1112,6,43.7018,699,11.3934,1,2021-08-02,678,25,False,,,,-112_-9
A_351,A,2680_hist,False,-55.5067,-4.3204,11.7902,DESMATAMENTO_CR,2021-08-18,97,2021-08-17,-0.3161,-0.2949,0.1079,-3.6481,6,32.6921,1124,11.3934,1,2021-08-02,297,28,False,,,,-112_-9
A_352,A,2684_hist,False,-55.5506,-4.4633,46.391,DESMATAMENTO_CR,2021-08-18,97,2020-12-26,0.455,0.3079,0.242,5.7726,5,33.3167,4494,11.3934,1,2021-08-14,320,27,True,2021-08-07,-224.0,False,-112_-9
A_353,A,2686_hist,False,-55.5259,-4.4653,33.1977,DESMATAMENTO_CR,2021-08-18,97,2020-12-26,0.3214,0.1761,0.1151,3.6256,5,35.9668,3224,11.3934,1,2021-07-15,546,24,True,2021-07-22,-208.0,False,-112_-9
A_354,A,2691_hist,True,-55.6158,-4.5467,44.8519,DESMATAMENTO_CR,2021-08-18,97,2021-07-24,-0.2271,-0.1432,0.0945,-3.2925,6,25.7596,4305,11.3934,1,2021-07-09,691,25,False,,,,-112_-10
A_355,A,2693_hist,True,-55.6949,-4.6565,15.1161,DESMATAMENTO_CR,2021-08-18,93,2021-08-11,-0.9325,-1.1117,0.4503,-9.266,5,43.707,1448,11.3934,1,2021-08-02,847,19,True,2021-08-08,3.0,True,-112_-10
A_356,A,2694_hist,False,-55.4077,-3.9808,13.5143,DESMATAMENTO_CR,2021-08-18,97,2020-12-26,0.3312,0.246,0.0751,2.8902,5,29.1641,1244,11.3934,1,2021-08-14,111,29,True,2021-08-21,-238.0,False,-111_-8
A_357,A,2695_hist,False,-55.4257,-3.9616,11.7831,DESMATAMENTO_CR,2021-08-18,97,2021-09-10,-1.0397,-1.1816,0.3242,-6.9952,6,34.3382,1128,11.3934,1,2021-08-08,953,28,True,2021-08-02,39.0,False,-111_-8
A_358,A,2697_hist,True,-56.0056,-4.8587,20.6682,DESMATAMENTO_CR,2021-08-18,93,2021-09-10,-0.7778,-1.0083,0.3404,-7.2402,6,49.5344,1982,11.3934,1,2021-07-09,1137,25,False,,,,-113_-10
A_359,A,2698_hist,True,-56.0156,-4.8163,7.4214,DESMATAMENTO_CR,2021-08-18,93,2021-08-17,-1.1498,-1.8046,0.3538,-7.2165,6,45.1666,702,11.3934,1,2021-07-03,667,26,True,2021-08-07,10.0,True,-113_-10
A_360,A,2700_hist,True,-56.0602,-4.7652,6.8515,DESMATAMENTO_CR,2021-08-18,93,2020-11-23,0.6762,0.7971,0.2332,5.5986,11,26.4781,632,11.3934,1,2021-04-04,275,26,False,,,,-113_-10
A_361,A,2702_hist,True,-56.1285,-4.8568,12.0146,DESMATAMENTO_CR,2021-08-18,93,2021-08-17,-1.4136,-1.2426,0.6122,-12.6302,6,28.7943,1113,11.3934,1,2021-07-27,713,26,False,,,,-113_-10
A_362,A,2709_hist,True,-56.1376,-4.7815,15.3158,DESMATAMENTO_CR,2021-08-18,93,2021-08-17,-1.1056,-1.3298,0.4637,-9.282,6,43.7451,1456,11.3934,1,2021-07-09,911,24,False,,,,-113_-10
A_363,A,2713_hist,True,-56.1148,-4.6144,10.988,DESMATAMENTO_CR,2021-08-18,97,2021-08-05,-0.3257,-0.2287,0.1082,-3.5653,6,27.3184,1037,11.3934,1,2021-07-03,296,24,True,2021-07-24,12.0,True,-113_-10
A_364,A,2716_hist,True,-56.2004,-4.5663,8.0621,DESMATAMENTO_CR,2021-08-18,97,2021-08-11,-1.324,-1.7758,0.4292,-8.7654,5,38.3245,764,11.3934,1,2021-07-27,636,26,True,2021-08-10,1.0,True,-113_-10
A_365,A,2719_hist,True,-56.1208,-4.6721,6.3125,DESMATAMENTO_CR,2021-08-18,97,2021-06-30,-1.0216,-1.045,0.3522,-7.5188,6,26.0684,543,11.3934,1,2021-06-21,254,26,False,,,,-113_-10
A_366,A,3121_hist,False,-56.1067,-5.2136,17.9295,DESMATAMENTO_CR,2021-08-21,93,2021-08-17,-1.2511,-1.1091,0.5378,-10.5964,6,23.3551,1724,11.3934,1,2021-07-03,1114,26,False,,,,-113_-11
A_367,A,3122_hist,True,-56.2346,-5.0736,38.7116,DESMATAMENTO_CR,2021-08-21,93,2020-09-09,0.2824,0.2465,0.0925,3.4957,5,24.7589,3747,11.3934,1,2021-08-02,411,26,True,2021-08-02,-327.0,False,-113_-11
A_368,A,3129_hist,False,-55.6138,-4.1696,12.4308,DESMATAMENTO_CR,2021-08-21,97,2020-12-26,0.3206,0.1789,0.0851,3.2027,5,25.0077,1185,11.3934,1,2021-08-08,221,25,False,,,,-112_-9
A_369,A,3141_hist,True,-55.9045,-4.4829,6.8419,DESMATAMENTO_CR,2021-08-21,97,2021-08-05,-1.2507,-1.045,0.6325,-14.5857,6,22.8431,653,11.3934,1,2021-08-08,309,28,False,,,,-112_-9
A_370,A,3145_hist,True,-55.9922,-4.5362,7.1052,DESMATAMENTO_CR,2021-08-21,97,2021-07-18,-1.3319,-1.3611,0.5747,-12.1914,5,37.6297,666,11.3934,1,2021-01-22,425,27,False,,,,-112_-10
A_371,A,3147_hist,True,-55.7776,-4.5614,14.529,DESMATAMENTO_CR,2021-08-21,97,2021-08-05,-0.3685,-0.4009,0.0806,-2.9944,6,45.0281,1396,11.3934,1,2021-06-27,685,18,False,,,,-112_-10
A_372,A,3148_hist,False,-55.5097,-4.4323,47.0372,DESMATAMENTO_CR,2021-08-21,97,2021-08-17,-0.2708,-0.106,0.0608,-2.3223,6,38.2675,4599,11.3934,1,2021-08-14,1131,19,False,,,,-112_-9
A_373,A,3149_hist,True,-55.7713,-4.6071,13.5588,DESMATAMENTO_CR,2021-08-21,97,2021-08-05,-0.5369,-0.2491,0.2041,-5.3885,6,23.1411,1297,11.3934,1,2021-08-08,409,29,True,2021-08-25,-20.0,True,-112_-10
A_374,A,3150_hist,True,-55.6161,-4.5449,11.6517,DESMATAMENTO_CR,2021-08-21,97,2020-12-05,0.2737,0.1973,0.077,3.1472,12,26.7881,1113,11.3934,1,2021-08-26,40,19,False,,,,-112_-10
A_375,A,3152_hist,True,-55.9162,-4.738,7.2811,DESMATAMENTO_CR,2021-08-21,93,2021-08-05,-0.7385,-0.7072,0.3587,-8.0144,6,20.6679,686,11.3934,1,2021-08-08,255,29,True,2021-08-27,-22.0,True,-112_-10
A_376,A,3160_hist,True,-55.8651,-4.8007,12.7945,DESMATAMENTO_CR,2021-08-21,93,2021-08-05,-0.7099,-0.591,0.3273,-7.1447,6,33.7956,1222,11.3934,1,2021-07-03,445,29,False,,,,-112_-10
A_377,A,3163_hist,True,-55.9386,-4.9838,14.4958,DESMATAMENTO_CR,2021-08-21,93,2021-08-11,-0.6265,-0.653,0.4265,-9.2174,5,27.0191,1385,11.3934,1,2021-07-09,478,29,False,,,,-112_-10
A_378,A,3164_hist,True,-55.865,-4.8644,7.4025,DESMATAMENTO_CR,2021-08-21,93,2021-07-24,-1.1597,-1.1834,0.5049,-10.285,6,26.6419,704,11.3934,1,2021-07-27,397,27,True,2021-08-11,-18.0,False,-112_-10
A_379,A,3166_hist,True,-55.8043,-4.9343,9.1801,DESMATAMENTO_CR,2021-08-21,93,2021-08-17,-0.591,-0.7494,0.2184,-5.2726,6,25.0671,862,11.3934,1,2021-04-10,557,27,False,,,,-112_-10
A_380,A,3172_hist,False,-55.7051,-4.4553,10.886,DESMATAMENTO_CR,2021-08-21,97,2021-08-17,-1.0469,-1.1414,0.4985,-10.2854,6,33.702,1039,11.3934,1,2021-07-27,759,29,True,2021-08-09,8.0,True,-112_-9
A_381,A,3177_hist,False,-55.2536,-4.3737,6.806,DESMATAMENTO_CR,2021-08-21,97,2021-08-17,-0.8681,-0.6157,0.4313,-9.7774,6,25.2958,636,11.3934,1,2021-08-14,244,41,True,2021-08-22,-5.0,True,-111_-9
A_382,A,3180_hist,False,-55.2622,-4.2725,6.2606,DESMATAMENTO_CR,2021-08-21,97,2021-08-05,-1.5888,-1.5123,0.6063,-12.8619,6,32.2827,583,11.3934,1,2021-08-02,377,43,False,,,,-111_-9
A_383,A,3181_hist,False,-55.4713,-4.2125,24.4981,DESMATAMENTO_CR,2021-08-21,97,2021-09-22,-0.604,-0.6693,0.1815,-4.7086,6,35.8265,2353,11.3934,1,2021-08-14,1037,24,False,,,,-111_-9
A_384,A,3185_hist,False,-55.4276,-3.9598,7.3007,DESMATAMENTO_CR,2021-08-21,97,2021-09-10,-0.8911,-1.0381,0.2502,-5.8827,6,34.6385,690,11.3934,1,2021-08-20,569,28,True,2021-08-02,39.0,False,-111_-8
A_385,A,3215_hist,False,-55.2096,-4.4422,8.99,DESMATAMENTO_CR,2021-08-21,97,2021-08-17,-0.7482,-0.7422,0.3976,-8.5971,6,23.4904,833,11.3934,1,2021-07-15,230,23,False,,,,-111_-9
A_386,A,42573_hist,False,-55.0434,-4.2518,28.8857,DESMATAMENTO_CR,2021-01-13,97,2021-04-07,-0.7596,-0.9757,0.3548,-7.4656,6,63.9595,2825,11.3934,1,2021-01-16,1260,28,False,,,,-111_-9
A_387,A,42582_hist,False,-56.3296,-4.3007,9.7159,DESMATAMENTO_CR,2021-01-16,97,2021-05-13,-0.6478,-0.7018,0.2548,-6.2364,6,33.6783,914,11.3934,1,,0,29,False,,,,-113_-9
A_388,A,42587_hist,True,-55.9378,-4.7964,10.5007,DESMATAMENTO_CR,2021-01-16,93,2021-02-12,0.456,0.6558,0.1602,4.4157,5,57.6413,983,11.3934,1,2021-01-10,124,31,False,,,,-112_-10
A_389,A,42589_hist,True,-55.9247,-4.784,11.0038,DESMATAMENTO_CR,2021-01-16,93,2021-06-24,-1.3011,-1.0461,0.2353,-5.3505,5,48.4508,999,11.3934,1,2021-06-09,21,27,False,,,,-112_-10
A_390,A,42592_hist,True,-55.9433,-4.8451,7.2371,DESMATAMENTO_CR,2021-01-16,93,2020-08-28,-1.3994,-1.3047,0.1133,-3.4901,5,47.2358,638,11.3934,1,2021-06-03,36,26,False,,,,-112_-10
A_391,A,42594_hist,False,-55.3969,-3.9856,11.5863,DESMATAMENTO_CR,2021-01-16,97,2021-05-13,-0.4014,-0.4785,0.1367,-4.1469,6,35.642,1091,11.3934,1,2021-01-22,316,20,False,,,,-111_-8
A_392,A,42595_hist,True,-55.915,-4.6915,50.4683,DESMATAMENTO_CR,2021-01-16,93,2021-11-21,0.3894,0.3949,0.1042,3.3242,6,42.8175,4870,11.3934,1,2021-01-04,730,29,False,,,,-112_-10
A_393,A,42596_hist,True,-55.9389,-4.6258,9.1473,DESMATAMENTO_CR,2021-01-16,97,2021-11-11,0.8487,1.0759,0.2193,5.3327,2,42.7064,862,11.3934,1,2021-01-16,12,24,False,,,,-112_-10
A_394,A,42597_hist,True,-55.997,-4.5791,8.4485,DESMATAMENTO_CR,2021-01-16,97,2022-01-17,0.647,1.0063,0.0869,3.115,11,51.2147,789,11.3934,1,2021-01-10,169,29,False,,,,-112_-10
A_395,A,42641_hist,False,-55.7714,-4.0958,12.9538,DESMATAMENTO_CR,2021-01-16,97,2020-12-05,-1.0216,-1.1841,0.2938,-6.5061,12,50.1378,1210,11.3934,1,2021-01-04,157,33,False,,,,-112_-9
A_396,A,43916_hist,True,-56.0307,-4.6032,83.6413,DESMATAMENTO_CR,2021-03-15,97,2021-03-26,-0.2579,-0.3501,0.1395,-3.9874,6,51.3121,8222,11.3934,1,2021-01-04,2359,29,False,,,,-113_-10
A_397,A,43917_hist,True,-55.9019,-4.6821,17.4466,DESMATAMENTO_CR,2021-03-15,93,2021-10-16,0.5815,0.4666,0.2286,5.6081,6,47.1384,1633,11.3934,1,2021-01-22,505,27,False,,,,-112_-10
A_398,A,43918_hist,True,-55.8997,-4.6903,7.6006,DESMATAMENTO_CR,2021-03-15,93,2021-09-04,0.5845,0.5395,0.2477,5.9396,5,44.8608,690,11.3934,1,2021-02-21,201,29,False,,,,-112_-10
A_399,A,43923_hist,False,-56.1951,-4.4251,14.6237,DESMATAMENTO_CR,2021-03-15,97,2021-03-20,-1.3405,-1.8146,0.4534,-9.0163,5,51.0267,1369,11.3934,1,2021-01-28,791,32,False,,,,-113_-9
A_400,A,43924_hist,False,-56.0743,-4.3026,18.6034,DESMATAMENTO_CR,2021-03-15,97,2021-01-31,-3.3789,-4.2313,0.6487,-13.3434,5,61.4918,1754,11.3934,1,,0,30,False,,,,-113_-9
A_401,A,43946_hist,False,-56.1258,-4.1089,9.8288,DESMATAMENTO_CR,2021-03-15,97,2020-10-21,0.7195,0.7145,0.2255,5.5006,6,35.91,915,11.3934,1,2021-01-04,100,20,False,,,,-113_-9
A_402,A,43948_hist,False,-55.7366,-4.2735,6.3957,DESMATAMENTO_CR,2021-03-15,97,2021-12-15,0.7276,0.61,0.106,3.5456,6,44.1006,589,11.3934,1,2021-01-16,69,26,False,,,,-112_-9
A_403,A,43961_hist,False,-55.708,-4.0075,12.1631,DESMATAMENTO_CR,2021-03-15,97,2021-05-13,-0.6371,-0.7658,0.3574,-7.9793,6,25.6209,1108,11.3934,1,2021-02-27,324,22,False,,,,-112_-9
A_404,A,43976_hist,False,-55.388,-4.0038,7.7916,DESMATAMENTO_CR,2021-03-15,97,2021-02-12,1.3155,1.7368,0.2749,6.0928,5,50.7732,721,11.3934,1,,0,25,False,,,,-111_-9
A_405,A,43982_hist,False,-55.3838,-3.9662,6.6007,DESMATAMENTO_CR,2021-03-15,97,2021-02-12,0.7408,1.0809,0.163,4.397,5,42.5833,601,11.3934,1,2021-01-22,2,28,False,,,,-111_-8
A_406,A,43989_hist,False,-55.4796,-4.2131,12.7678,DESMATAMENTO_CR,2021-03-15,97,2020-08-04,-0.6442,-0.2714,0.0694,-2.5871,5,36.6467,1196,11.3934,1,,0,26,False,,,,-111_-9
A_407,A,43991_hist,False,-55.3758,-4.1013,11.6583,DESMATAMENTO_CR,2021-03-15,97,2021-02-12,1.0372,1.6179,0.2197,5.2585,5,55.2174,1088,11.3934,1,,0,27,False,,,,-111_-9
A_408,A,43993_hist,False,-55.3452,-3.9607,25.746,DESMATAMENTO_CR,2021-03-15,97,2021-07-24,-0.2635,-0.1795,0.0723,-2.7153,6,43.0696,2415,11.3934,1,2021-01-16,349,28,False,,,,-111_-8
A_409,A,45226_hist,True,-55.7392,-4.5842,73.6429,DESMATAMENTO_CR,2021-04-07,97,2022-01-17,0.6861,0.7968,0.1709,4.5368,11,26.2984,7153,11.3934,1,2021-03-29,854,25,False,,,,-112_-10
A_410,A,45904_hist,True,-55.9004,-4.6881,11.4776,DESMATAMENTO_CR,2021-04-13,93,2021-08-29,0.4652,0.5916,0.2933,6.8332,6,37.4208,1102,11.3934,1,2021-03-29,95,28,False,,,,-112_-10
A_411,A,45906_hist,True,-56.2647,-4.9033,4.3726,DESMATAMENTO_CR,2021-04-13,93,2021-11-06,0.6761,0.5911,0.1854,5.1514,12,43.1959,404,11.3934,1,2021-03-23,114,26,False,,,,-113_-10
A_412,A,45916_hist,True,-56.2671,-4.9029,8.8739,DESMATAMENTO_CR,2021-04-13,93,2021-11-15,0.5315,0.5463,0.2001,5.2488,5,42.5013,838,11.3934,1,2021-02-21,184,22,False,,,,-113_-10
A_413,A,45917_hist,True,-56.1014,-4.8641,25.9731,DESMATAMENTO_CR,2021-04-13,93,2021-11-06,0.4782,0.4944,0.1585,4.3086,12,57.5692,2497,11.3934,1,2021-01-28,1155,24,False,,,,-113_-10
A_414,A,45920_hist,True,-56.0727,-4.5453,11.5228,DESMATAMENTO_CR,2021-04-13,97,2021-05-07,-0.5416,-0.3385,0.1998,-5.0165,5,36.3675,1095,11.3934,1,2021-01-10,373,25,False,,,,-113_-10
A_415,A,45925_hist,False,-56.101,-4.4224,13.151,DESMATAMENTO_CR,2021-04-13,97,2021-11-05,0.7609,0.5986,0.1618,4.3262,9,52.6255,1244,11.3934,1,2021-01-10,401,27,False,,,,-113_-9
A_416,A,45941_hist,False,-56.0184,-5.2081,23.3055,DESMATAMENTO_CR,2021-04-13,93,2021-05-13,-1.4033,-1.6408,0.5634,-11.1997,6,54.5302,2226,11.3934,1,2021-03-29,1871,23,False,,,,-113_-11
A_417,A,45942_hist,True,-56.198,-5.1341,6.7926,DESMATAMENTO_CR,2021-04-13,93,2021-04-07,-0.7186,-0.5788,0.2258,-5.4139,6,40.6906,606,11.3934,1,2021-02-09,427,23,False,,,,-113_-11
A_418,A,46961_hist,True,-56.2884,-4.7009,7.1895,DESMATAMENTO_CR,2021-04-24,97,2022-01-17,0.5187,0.5876,0.0841,3.3155,11,33.7821,651,11.3934,1,2021-01-28,145,24,False,,,,-113_-10
A_419,A,46967_hist,True,-56.018,-4.9096,7.2487,DESMATAMENTO_CR,2021-04-24,93,2021-06-24,-1.1121,-1.3503,0.4176,-8.4144,5,60.9968,654,11.3934,1,2021-05-16,614,29,False,,,,-113_-10
A_420,A,46968_hist,False,-55.1719,-4.3619,9.3408,DESMATAMENTO_CR,2021-04-24,97,2021-11-15,0.4855,0.4146,0.1372,4.1672,5,49.2006,873,11.3934,1,2021-04-16,244,23,False,,,,-111_-9
A_421,A,47391_hist,True,-55.9405,-4.5622,33.267,DESMATAMENTO_CR,2021-05-03,97,2021-05-13,-0.3091,-0.3913,0.1499,-4.2987,6,35.392,3131,11.3934,1,2021-03-17,1404,26,False,,,,-112_-10
A_422,A,47392_hist,False,-55.9953,-4.3407,10.1144,DESMATAMENTO_CR,2021-05-03,97,2021-12-15,0.4489,0.7463,0.1094,3.6114,6,48.1282,952,11.3934,1,2021-02-21,301,30,False,,,,-112_-9
A_423,A,47393_hist,False,-55.9703,-4.3338,11.3972,DESMATAMENTO_CR,2021-05-03,97,2022-01-17,0.3331,0.8322,0.0734,2.7125,11,23.3402,1052,11.3934,1,2021-05-04,58,23,False,,,,-112_-9
A_424,A,47397_hist,False,-55.4572,-4.3177,6.1375,DESMATAMENTO_CR,2021-05-03,97,2021-11-05,0.573,0.5505,0.1729,4.9163,9,40.4986,565,11.3934,1,2021-05-04,72,25,False,,,,-111_-9
A_425,A,47398_hist,False,-55.4576,-4.3133,9.636,DESMATAMENTO_CR,2021-05-03,97,2021-05-25,-0.3346,-0.4177,0.1342,-4.1134,6,49.515,909,11.3934,1,2021-04-10,164,24,False,,,,-111_-9
A_426,A,47400_hist,True,-55.6782,-4.4986,9.0078,DESMATAMENTO_CR,2021-05-03,97,2021-02-12,0.5821,0.534,0.2948,6.9367,5,32.6836,839,11.3934,1,2021-04-22,62,27,False,,,,-112_-9
A_427,A,47401_hist,False,-55.6617,-4.1539,49.3068,DESMATAMENTO_CR,2021-05-03,97,2021-12-09,0.5297,0.4293,0.1146,3.527,5,49.2484,4811,11.3934,1,2021-04-10,1344,26,False,,,,-112_-9
A_428,A,47402_hist,False,-55.7171,-4.0141,6.4407,DESMATAMENTO_CR,2021-05-03,97,2021-05-19,-0.2958,-0.4585,0.1557,-4.8816,5,28.3763,565,11.3934,1,2021-05-22,92,31,False,,,,-112_-9
A_429,A,47410_hist,False,-55.2891,-4.1382,20.8171,DESMATAMENTO_CR,2021-05-03,97,2021-01-19,0.464,0.4155,0.2074,5.2804,5,32.087,2009,11.3934,1,2021-05-22,1246,51,False,,,,-111_-9
A_430,A,47460_hist,False,-56.0195,-5.2116,6.2585,DESMATAMENTO_CR,2021-05-03,93,2021-05-13,-1.4376,-2.0995,0.4846,-9.5726,6,63.2643,586,11.3934,1,2021-04-10,581,21,False,,,,-113_-11
A_431,A,47461_hist,False,-55.9501,-5.325,18.0919,DESMATAMENTO_CR,2021-05-03,93,2021-03-26,-0.787,-0.9398,0.389,-8.0037,6,39.4439,1669,11.3934,1,2021-02-03,1234,28,False,,,,-112_-11
A_432,A,47462_hist,False,-56.0765,-5.2258,11.9528,DESMATAMENTO_CR,2021-05-03,93,2021-06-30,-0.7269,-0.8179,0.1759,-4.5216,6,57.8977,1096,11.3934,1,2021-04-04,958,24,False,,,,-113_-11
A_433,A,47473_hist,True,-56.0169,-4.9104,23.6287,DESMATAMENTO_CR,2021-05-03,93,2021-06-18,-0.9899,-1.1586,0.4747,-9.3859,6,53.7506,2195,11.3934,1,2021-04-22,1574,26,False,,,,-113_-10
A_434,A,47475_hist,True,-55.9587,-4.8478,9.9786,DESMATAMENTO_CR,2021-05-03,93,2021-05-13,-0.6431,-0.6551,0.2164,-5.2215,6,50.7503,933,11.3934,1,2021-04-16,709,27,True,2021-04-24,19.0,False,-112_-10
A_435,A,47476_hist,True,-56.1745,-4.5868,30.4865,DESMATAMENTO_CR,2021-05-03,97,2021-06-18,-0.276,-0.3956,0.1009,-3.3803,6,50.9616,2977,11.3934,1,2021-04-16,1383,27,False,,,,-113_-10
A_436,A,47480_hist,True,-55.9533,-4.7157,6.3551,DESMATAMENTO_CR,2021-05-03,93,2021-11-06,0.656,0.5267,0.2335,6.1905,12,37.8834,593,11.3934,1,2021-04-28,149,31,True,2021-04-21,199.0,False,-112_-10
A_437,A,47482_hist,True,-55.9694,-4.6994,8.6986,DESMATAMENTO_CR,2021-05-03,93,2021-06-30,-0.6959,-0.9268,0.2926,-6.4421,6,47.5818,826,11.3934,1,2021-05-04,534,28,True,2021-04-22,69.0,False,-112_-10
A_438,A,47995_hist,True,-56.1594,-5.0895,43.1739,DESMATAMENTO_CR,2021-05-06,93,2021-07-24,-1.2199,-1.3913,0.426,-8.3197,6,58.6453,4200,11.3934,1,2021-02-27,3837,28,False,,,,-113_-11
A_439,A,48007_hist,True,-56.0831,-4.5547,9.1114,DESMATAMENTO_CR,2021-05-06,97,2021-05-07,-0.763,-0.6757,0.4481,-9.9688,5,38.5209,876,11.3934,1,2021-04-16,338,27,False,,,,-113_-10
A_440,A,48024_hist,True,-55.6369,-4.7211,27.0764,DESMATAMENTO_CR,2021-05-06,93,2020-12-05,0.6481,0.3526,0.3093,6.6302,12,48.1371,2644,11.3934,1,2021-04-28,422,24,False,,,,-112_-10
A_441,A,48028_hist,False,-55.6597,-4.1494,27.5388,DESMATAMENTO_CR,2021-05-06,97,2021-12-09,0.6812,0.6592,0.2062,5.2553,5,41.3587,2668,11.3934,1,2021-04-10,645,30,False,,,,-112_-9
A_442,A,48036_hist,True,-55.8393,-4.773,9.4951,DESMATAMENTO_CR,2021-05-06,93,2021-10-22,0.7205,0.8343,0.3257,7.2799,5,50.8259,888,11.3934,1,2021-04-28,186,26,False,,,,-112_-10
A_443,A,48038_hist,True,-55.6138,-4.5239,25.8995,DESMATAMENTO_CR,2021-05-06,97,2021-05-25,-0.2185,-0.3595,0.096,-3.2276,6,48.3447,2498,11.3934,1,2021-05-04,796,23,False,,,,-112_-10
A_444,A,48039_hist,True,-55.6149,-4.5166,30.741,DESMATAMENTO_CR,2021-05-06,97,2022-01-17,0.6121,0.6457,0.1138,3.646,11,48.113,2998,11.3934,1,2021-04-22,439,21,False,,,,-112_-10
A_445,A,48040_hist,True,-55.6784,-4.5034,8.7132,DESMATAMENTO_CR,2021-05-06,97,2021-06-30,-0.2081,-0.4653,0.0976,-3.2062,6,41.9827,794,11.3934,1,2021-04-28,366,27,False,,,,-112_-10
A_446,A,48044_hist,False,-55.5697,-4.3794,15.539,DESMATAMENTO_CR,2021-05-06,97,2021-02-12,0.4951,0.3847,0.2741,6.4096,5,46.7428,1501,11.3934,1,2021-06-21,36,24,False,,,,-112_-9
A_447,A,48046_hist,False,-55.6775,-4.3765,13.4156,DESMATAMENTO_CR,2021-05-06,97,2021-02-12,0.3917,0.2954,0.1738,4.8086,5,47.158,1236,11.3934,1,2021-01-10,195,24,False,,,,-112_-9
A_448,A,48047_hist,False,-55.655,-4.3605,13.6369,DESMATAMENTO_CR,2021-05-06,97,2021-11-11,0.6234,0.4766,0.2354,5.7141,2,46.4757,1298,11.3934,1,2021-04-28,196,26,False,,,,-112_-9
A_449,A,48054_hist,True,-56.2634,-4.9006,23.7271,DESMATAMENTO_CR,2021-05-06,93,2021-04-07,-0.5826,-0.689,0.4222,-8.771,6,44.906,2263,11.3934,1,2021-01-04,926,25,False,,,,-113_-10
A_450,A,48057_hist,True,-55.9102,-4.7773,10.4825,DESMATAMENTO_VEG,2021-05-06,93,2020-12-17,0.6105,0.6343,0.1752,4.5985,11,40.8848,988,11.3934,1,2021-02-03,33,26,False,,,,-112_-10
A_451,A,48058_hist,True,-55.9442,-4.8437,10.2546,DESMATAMENTO_CR,2021-05-06,93,2021-05-13,-1.3553,-1.3831,0.3138,-6.601,6,55.8238,955,11.3934,1,2021-04-22,753,27,False,,,,-112_-10
A_452,A,48059_hist,True,-55.9423,-4.8473,6.3907,DESMATAMENTO_CR,2021-05-06,93,2020-11-08,-1.0385,-0.5376,0.0959,-3.0968,5,22.98,582,11.3934,1,,0,27,False,,,,-112_-10
A_453,A,48061_hist,False,-55.3318,-4.1363,30.7007,DESMATAMENTO_CR,2021-05-06,97,2021-11-15,0.3529,0.3444,0.1325,4.0507,5,30.6497,2960,11.3934,1,2021-03-17,281,48,False,,,,-111_-9
A_454,A,48062_hist,True,-55.9085,-4.8603,20.7724,DESMATAMENTO_VEG,2021-05-06,93,2020-10-21,0.6206,0.5796,0.2796,6.5049,6,44.8186,1982,11.3934,1,2021-08-02,109,29,False,,,,-112_-10
A_455,A,48063_hist,True,-55.815,-4.7694,15.7516,DESMATAMENTO_VEG,2021-05-06,93,2020-10-21,0.8,0.5529,0.3844,8.4161,6,12.5141,1505,11.3934,1,2021-05-28,6,27,False,,,,-112_-10
A_456,A,48064_hist,False,-55.4435,-4.4888,53.7037,DESMATAMENTO_CR,2021-05-06,97,2021-06-18,-1.3121,-1.7978,0.3359,-7.014,6,62.3796,5229,11.3934,1,2021-04-10,4465,43,False,,,,-111_-9
A_457,A,48067_hist,True,-55.8867,-4.7903,6.6918,DESMATAMENTO_VEG,2021-05-06,93,2020-12-26,1.6726,1.9142,0.4882,9.5868,5,27.1059,620,11.3934,1,,0,30,False,,,,-112_-10
A_458,A,48068_hist,False,-55.4381,-4.4301,16.2007,DESMATAMENTO_CR,2021-05-06,97,2021-06-30,-0.6913,-0.8914,0.1963,-4.9157,6,51.3163,1551,11.3934,1,2021-04-22,1074,31,False,,,,-111_-9
A_459,A,48069_hist,False,-55.0955,-4.2943,12.4166,DESMATAMENTO_VEG,2021-05-06,97,2021-06-18,-0.9438,-0.8297,0.2522,-5.8469,6,50.2368,1174,11.3934,1,2021-01-10,110,24,False,,,,-111_-9
A_460,A,48070_hist,True,-55.9177,-4.8605,27.6966,DESMATAMENTO_VEG,2021-05-06,93,2020-10-21,0.5822,0.4978,0.1393,4.0019,6,49.4675,2605,11.3934,1,2021-07-15,400,30,False,,,,-112_-10
A_461,A,48072_hist,False,-55.2079,-4.4486,57.5235,DESMATAMENTO_CR,2021-05-06,96,2021-08-23,-0.9875,-1.0382,0.2598,-5.7785,5,52.3483,5586,11.3934,1,2021-04-28,4298,26,False,,,,-111_-9
A_462,A,48077_hist,True,-55.8979,-4.8604,9.083,DESMATAMENTO_VEG,2021-05-06,93,2020-10-21,1.2656,1.4387,0.3851,7.857,6,15.2253,848,11.3934,1,,0,28,False,,,,-112_-10
A_463,A,48081_hist,False,-55.2193,-4.1989,19.1029,DESMATAMENTO_CR,2021-05-06,97,2020-12-17,0.549,0.5235,0.2655,6.1502,11,37.8337,1811,11.3934,1,2021-04-16,121,48,False,,,,-111_-9
A_464,A,48095_hist,True,-56.2545,-4.7737,5.7964,DESMATAMENTO_CR,2021-05-06,93,2021-06-30,-0.3528,-0.2943,0.1436,-4.6106,6,14.6464,480,11.3934,1,2021-04-04,20,26,False,,,,-113_-10
A_465,A,49036_hist,True,-56.1684,-5.0782,25.7074,DESMATAMENTO_CR,2021-05-11,93,2021-08-23,-1.2302,-1.453,0.4096,-8.0574,5,49.1736,2479,11.3934,1,2021-03-23,1786,24,False,,,,-113_-11
A_466,A,50510_hist,True,-56.197,-4.8678,6.3721,DESMATAMENTO_CR,2021-05-20,93,2021-05-13,-2.0885,-2.5524,0.6705,-14.2181,6,54.6098,588,11.3934,1,2021-01-10,503,29,True,2021-05-03,10.0,True,-113_-10
A_467,A,50513_hist,False,-56.0491,-5.272,14.4833,DESMATAMENTO_CR,2021-05-20,93,2021-05-13,-0.8756,-0.8954,0.3736,-7.6051,6,55.8854,1388,11.3934,1,2021-01-28,1061,21,False,,,,-113_-11
A_468,A,50514_hist,True,-56.1658,-5.0901,13.7762,DESMATAMENTO_CR,2021-05-20,93,2021-08-23,-0.6429,-0.8903,0.2088,-5.0157,5,53.5005,1309,11.3934,1,2021-05-16,815,26,False,,,,-113_-11
A_469,A,50538_hist,False,-55.7721,-4.3562,11.9676,DESMATAMENTO_CR,2021-05-20,97,2021-02-12,0.4464,0.6181,0.1668,4.5262,5,31.3044,1129,11.3934,1,2021-01-10,150,26,False,,,,-112_-9
A_470,A,50539_hist,False,-55.9712,-4.1424,8.8646,DESMATAMENTO_CR,2021-05-20,97,2020-09-21,1.3304,1.5528,0.2587,5.8887,5,24.7542,845,11.3934,1,2021-01-10,33,27,False,,,,-112_-9
A_471,A,50547_hist,False,-55.1011,-4.2076,6.1077,DESMATAMENTO_CR,2021-05-20,97,2021-06-24,-0.4403,-1.0198,0.1659,-4.4405,5,50.8122,554,11.3934,1,2021-05-10,305,18,False,,,,-111_-9
A_472,A,50589_hist,False,-55.552,-4.4366,19.5634,DESMATAMENTO_VEG,2021-05-20,97,2020-12-26,0.5844,0.4506,0.2964,6.8512,5,38.6624,1883,11.3934,1,2021-06-27,3,25,False,,,,-112_-9
A_473,A,50591_hist,False,-55.5668,-4.3793,22.2591,DESMATAMENTO_CR,2021-05-20,97,2021-05-25,-0.1834,-0.2811,0.0913,-3.2331,6,47.0558,2112,11.3934,1,2021-05-16,420,26,False,,,,-112_-9
A_474,A,50592_hist,False,-55.5177,-4.0978,7.1645,DESMATAMENTO_CR,2021-05-20,97,2021-12-03,0.5232,0.3196,0.0948,3.4482,6,32.4664,660,11.3934,1,2021-04-28,32,23,False,,,,-112_-9
A_475,A,50593_hist,False,-55.7146,-4.0131,7.4968,DESMATAMENTO_CR,2021-05-20,97,2021-05-13,-0.4223,-0.4362,0.1866,-5.3599,6,25.8567,689,11.3934,1,2021-05-10,138,25,False,,,,-112_-9
A_476,A,50596_hist,False,-55.6243,-3.9432,11.2676,DESMATAMENTO_VEG,2021-05-20,97,2020-12-26,0.5886,0.4297,0.2506,6.2208,5,20.951,1033,11.3934,1,,0,30,False,,,,-112_-8
A_477,A,50643_hist,False,-55.4873,-4.442,10.6223,DESMATAMENTO_CR,2021-05-20,97,2021-12-09,0.7874,0.9012,0.2356,5.8005,5,46.1723,984,11.3934,1,2021-05-10,152,25,False,,,,-111_-9
A_478,A,50657_hist,False,-55.2919,-4.1333,108.1745,DESMATAMENTO_CR,2021-05-20,97,2020-12-17,0.4334,0.374,0.2783,6.4616,11,25.1239,10634,11.3934,1,2021-04-22,1225,48,False,,,,-111_-9
A_479,A,50669_hist,False,-55.3498,-4.1291,8.5823,DESMATAMENTO_VEG,2021-05-20,97,2021-02-12,0.3975,0.5279,0.0863,3.1402,5,46.4638,802,11.3934,1,2021-02-09,9,50,False,,,,-111_-9
A_480,A,50674_hist,False,-55.3645,-3.9948,11.2116,DESMATAMENTO_CR,2021-05-20,97,2021-10-18,0.5804,0.4818,0.2804,6.9073,2,41.7356,1077,11.3934,1,2021-05-16,32,22,False,,,,-111_-8
A_481,A,50676_hist,False,-55.4679,-3.9982,7.4539,DESMATAMENTO_CR,2021-05-20,97,2021-05-13,-0.5626,-0.5191,0.2206,-5.7865,6,37.743,688,11.3934,1,2021-05-04,244,25,False,,,,-111_-8
A_482,A,50971_hist,True,-55.7015,-4.4879,7.9586,DESMATAMENTO_CR,2021-05-23,97,2021-02-12,0.2919,0.3899,0.1273,4.0315,5,42.0954,734,11.3934,1,2021-01-22,22,25,False,,,,-112_-9
A_483,A,50981_hist,False,-55.562,-4.3815,29.3105,DESMATAMENTO_CR,2021-05-23,97,2021-12-15,0.4676,0.3645,0.1122,3.5976,6,43.2646,2795,11.3934,1,2021-05-16,679,28,False,,,,-112_-9
A_484,A,50982_hist,False,-55.566,-4.3805,6.9901,DESMATAMENTO_CR,2021-05-23,97,2021-05-13,-0.4903,-0.4823,0.2558,-6.2885,6,45.4431,647,11.3934,1,2021-05-10,192,26,False,,,,-112_-9
A_485,A,50992_hist,False,-55.4866,-4.4446,24.724,DESMATAMENTO_CR,2021-05-23,97,2021-12-15,0.4863,0.6425,0.0883,3.1307,6,60.3691,2379,11.3934,1,2021-05-16,803,24,False,,,,-111_-9
A_486,A,51769_hist,False,-55.2072,-4.4604,73.3299,DESMATAMENTO_CR,2021-05-26,93,2021-10-22,0.411,0.4382,0.2481,5.7804,5,41.3936,7237,11.3934,1,2021-05-16,250,21,False,,,,-111_-9
A_487,A,51774_hist,False,-55.2241,-4.4317,22.7239,DESMATAMENTO_CR,2021-05-26,97,2021-01-07,0.3768,0.2793,0.1847,5.0963,5,38.2992,2198,11.3934,1,2021-05-10,295,20,False,,,,-111_-9
A_488,A,51776_hist,False,-55.2424,-4.4116,14.7835,DESMATAMENTO_CR,2021-05-26,97,2021-05-25,-0.23,-0.2247,0.0923,-3.3775,6,42.3803,1418,11.3934,1,2021-05-16,248,44,False,,,,-111_-9
A_489,A,51778_hist,False,-55.2348,-4.3921,16.4777,DESMATAMENTO_CR,2021-05-26,97,2020-12-26,0.3172,0.4025,0.2,5.3684,5,46.093,1599,11.3934,1,2021-05-22,127,31,False,,,,-111_-9
A_490,A,51785_hist,False,-55.4964,-4.2475,32.3661,DESMATAMENTO_CR,2021-05-26,97,2021-06-24,-0.9963,-1.1514,0.289,-6.2537,5,56.0459,3139,11.3934,1,2021-01-10,2481,23,False,,,,-111_-9
A_491,A,51789_hist,False,-55.3147,-4.3167,22.893,DESMATAMENTO_CR,2021-05-26,97,2021-05-13,-0.363,-0.4421,0.2112,-5.343,6,44.8209,2217,11.3934,1,2021-04-22,614,44,True,2021-04-26,17.0,True,-111_-9
A_492,A,51795_hist,False,-55.3545,-4.3418,17.203,DESMATAMENTO_CR,2021-05-26,97,2021-05-25,-0.7121,-0.6691,0.4132,-8.5733,6,41.3935,1620,11.3934,1,2021-05-04,631,48,False,,,,-111_-9
A_493,A,51800_hist,False,-55.3611,-4.2806,8.0651,DESMATAMENTO_CR,2021-05-26,97,2021-08-17,-0.1218,-0.5149,0.0435,-1.9634,6,53.7173,760,11.3934,1,2021-01-04,419,45,False,,,,-111_-9
A_494,A,51804_hist,True,-55.6559,-4.7425,82.9445,DESMATAMENTO_CR,2021-05-26,93,2021-10-16,0.7632,0.6466,0.363,7.432,6,46.9871,8158,11.3934,1,2021-02-03,1312,21,False,,,,-112_-10
A_495,A,51805_hist,False,-55.4567,-4.4831,36.4614,DESMATAMENTO_CR,2021-05-26,97,2021-05-13,-0.2632,-0.2384,0.0897,-3.119,6,55.3363,3497,11.3934,1,2021-05-10,806,33,False,,,,-111_-9
A_496,A,51806_hist,False,-55.4102,-4.4295,15.7957,DESMATAMENTO_CR,2021-05-26,97,2021-06-30,-1.799,-2.2282,0.3956,-7.9454,6,60.17,1486,11.3934,1,2021-05-04,1462,44,False,,,,-111_-9
A_497,A,51807_hist,True,-55.7456,-4.5845,6.6385,DESMATAMENTO_CR,2021-05-26,97,2021-05-13,-1.1334,-1.2444,0.4611,-9.4261,6,38.8821,599,11.3934,1,2021-04-28,159,26,False,,,,-112_-10
A_498,A,51808_hist,False,-55.5182,-4.5494,35.0224,DESMATAMENTO_CR,2021-05-26,93,2021-06-30,-0.7241,-0.987,0.238,-5.4015,6,52.8855,3428,11.3934,1,2021-04-10,2428,26,False,,,,-112_-10
A_499,A,51809_hist,False,-55.4951,-4.5215,6.639,DESMATAMENTO_CR,2021-05-26,93,2021-10-16,0.463,0.5515,0.124,3.9001,6,47.7339,605,11.3934,1,2021-06-03,56,23,False,,,,-111_-10
A_500,A,51812_hist,False,-55.5777,-4.4781,7.474,DESMATAMENTO_CR,2021-05-26,97,2021-06-18,-0.6299,-0.58,0.2788,-6.7212,6,41.3676,702,11.3934,1,2021-05-22,144,24,False,,,,-112_-9
A_501,A,51814_hist,False,-55.7143,-4.3807,12.2311,DESMATAMENTO_CR,2021-05-26,97,2021-05-25,-0.5178,-0.6808,0.3664,-7.9874,6,53.0742,1125,11.3934,1,2021-04-10,423,21,False,,,,-112_-9
A_502,A,51815_hist,False,-55.0671,-4.2905,48.2672,DESMATAMENTO_CR,2021-05-26,97,2021-11-15,0.5871,0.4772,0.2412,5.7619,5,40.1203,4672,11.3934,1,2021-05-10,741,20,False,,,,-111_-9
A_503,A,51818_hist,False,-56.0494,-5.2681,14.7224,DESMATAMENTO_CR,2021-05-26,93,2021-06-18,-1.4718,-1.6784,0.4663,-9.104,6,59.4854,1369,11.3934,1,2021-03-17,1210,19,False,,,,-113_-11
A_504,A,51819_hist,False,-56.0756,-5.2241,8.9983,DESMATAMENTO_CR,2021-05-26,93,2021-06-06,-1.3924,-1.3513,0.4467,-8.7957,6,52.6721,844,11.3934,1,2021-04-10,692,23,False,,,,-113_-11
A_505,A,51820_hist,True,-56.1796,-5.1812,20.9771,DESMATAMENTO_CR,2021-05-26,93,2021-05-25,-0.5242,-0.5181,0.3853,-8.3083,6,41.5606,1991,11.3934,1,2021-02-09,981,25,False,,,,-113_-11
A_506,A,51821_hist,True,-55.6127,-4.52,77.3247,DESMATAMENTO_CR,2021-05-26,97,2021-06-06,-0.4106,-0.5377,0.1992,-4.9567,6,47.9947,7581,11.3934,1,2021-04-28,3178,24,False,,,,-112_-10
A_507,A,51822_hist,False,-55.5344,-4.5016,9.7257,DESMATAMENTO_CR,2021-05-26,97,2021-06-24,-0.4836,-0.536,0.1368,-4.0084,5,57.7072,927,11.3934,1,2021-05-16,435,19,False,,,,-112_-10
A_508,A,51823_hist,True,-55.6809,-4.5054,19.8439,DESMATAMENTO_CR,2021-05-26,97,2020-12-26,0.4707,0.3727,0.2647,6.2403,5,33.2798,1910,11.3934,1,2021-04-28,173,23,False,,,,-112_-10
A_509,A,51824_hist,True,-55.6845,-4.488,9.327,DESMATAMENTO_CR,2021-05-26,97,2021-10-22,0.3838,0.412,0.1415,4.4304,5,47.7871,880,11.3934,1,2021-05-16,87,27,False,,,,-112_-9
A_510,A,51825_hist,True,-55.6043,-4.4812,15.5799,DESMATAMENTO_CR,2021-05-26,97,2020-12-26,0.3096,0.163,0.0687,2.7531,5,25.396,1471,11.3934,1,2021-05-16,235,20,False,,,,-112_-9
A_511,A,51826_hist,True,-55.5839,-4.4798,11.2907,DESMATAMENTO_CR,2021-05-26,97,2020-12-05,0.3168,0.1895,0.0821,3.1454,12,39.7513,1063,11.3934,1,2021-05-28,168,23,False,,,,-112_-9
A_512,A,51828_hist,True,-56.1163,-5.1847,29.5958,DESMATAMENTO_VEG,2021-05-26,93,2021-10-16,0.5908,0.5488,0.1939,4.8658,6,42.42,2859,11.3934,1,2021-01-10,368,24,False,,,,-113_-11
A_513,A,51830_hist,True,-56.1253,-5.1825,10.1023,DESMATAMENTO_VEG,2021-05-26,93,2020-10-21,0.7557,0.7247,0.3632,8.1386,6,43.9288,966,11.3934,1,2021-05-16,31,23,False,,,,-113_-11
A_514,A,51832_hist,True,-56.1581,-5.093,20.8511,DESMATAMENTO_CR,2021-05-26,93,2021-07-12,-1.2251,-1.2526,0.425,-8.3925,6,57.0494,2013,11.3934,1,2021-05-16,1663,26,False,,,,-113_-11
A_515,A,51833_hist,True,-56.1651,-5.0924,7.0199,DESMATAMENTO_CR,2021-05-26,93,2021-06-18,-1.0934,-1.0135,0.465,-9.6219,6,51.4245,641,11.3934,1,2021-05-04,371,25,False,,,,-113_-11
A_516,A,51834_hist,True,-56.1851,-5.0583,12.5812,DESMATAMENTO_CR,2021-05-26,93,2021-07-18,-1.8329,-2.373,0.5144,-9.9789,5,60.4911,1202,11.3934,1,2021-05-16,1106,24,False,,,,-113_-11
A_517,A,51835_hist,False,-55.5332,-4.0344,9.67,DESMATAMENTO_CR,2021-05-26,97,2021-11-11,0.5721,0.4686,0.2373,6.335,2,35.7065,909,11.3934,1,2021-05-16,120,25,False,,,,-112_-9
A_518,A,51839_hist,True,-56.0166,-5.142,7.4975,DESMATAMENTO_CR,2021-05-26,93,2021-05-31,-1.7078,-2.1478,0.6576,-14.0934,5,56.3411,697,11.3934,1,2021-04-28,600,25,True,2021-05-22,9.0,False,-113_-11
A_519,A,51840_hist,True,-56.1946,-5.1327,18.0115,DESMATAMENTO_CR,2021-05-26,93,2021-05-13,-0.9244,-0.7463,0.5097,-10.3563,6,38.9229,1704,11.3934,1,2021-04-16,1010,26,False,,,,-113_-11
A_520,A,51841_hist,True,-56.0355,-5.1449,26.3852,DESMATAMENTO_CR,2021-05-26,93,2021-06-18,-0.9758,-0.7842,0.4588,-9.1053,6,49.9454,2513,11.3934,1,2021-05-04,1523,23,False,,,,-113_-11
A_521,A,51843_hist,True,-56.2268,-5.101,29.9122,DESMATAMENTO_VEG,2021-05-26,93,2021-11-21,0.3048,0.4474,0.0416,2.0302,6,50.7399,2914,11.3934,1,2021-01-04,1333,24,False,,,,-113_-11
A_522,A,51844_hist,True,-56.1653,-5.0775,7.0936,DESMATAMENTO_CR,2021-05-26,93,2021-06-30,-0.3675,-0.4109,0.1307,-4.0484,6,47.2573,671,11.3934,1,2021-06-09,193,26,False,,,,-113_-11
A_523,A,51845_hist,True,-56.1673,-5.0816,17.2036,DESMATAMENTO_CR,2021-05-26,93,2021-08-23,-1.527,-1.749,0.4589,-8.9136,5,55.0149,1648,11.3934,1,2021-05-16,1367,25,False,,,,-113_-11
A_524,A,51851_hist,True,-56.2211,-5.1029,8.6199,DESMATAMENTO_CR,2021-05-26,93,2021-11-27,0.5162,0.6599,0.0949,3.2169,5,37.7457,807,11.3934,1,2021-01-22,161,24,False,,,,-113_-11
A_525,A,51860_hist,True,-56.1446,-4.9852,12.9812,DESMATAMENTO_CR,2021-05-26,93,2021-10-16,0.6372,0.5042,0.3046,7.043,6,48.0855,1229,11.3934,1,2021-05-16,148,28,False,,,,-113_-10
A_526,A,51864_hist,False,-55.4586,-4.3092,23.2124,DESMATAMENTO_CR,2021-05-26,97,2021-05-25,-0.4517,-0.5317,0.2837,-6.4427,6,40.8057,2203,11.3934,1,2021-05-04,668,28,False,,,,-111_-9
A_527,A,51868_hist,True,-56.2373,-4.8776,17.9447,DESMATAMENTO_CR,2021-05-26,93,2021-06-18,-0.3656,-0.5945,0.2125,-5.1407,6,49.5337,1705,11.3934,1,2021-05-04,738,29,False,,,,-113_-10
A_528,A,51869_hist,True,-56.0997,-4.8612,6.2802,DESMATAMENTO_CR,2021-05-26,93,2021-05-25,-1.1592,-1.3108,0.6279,-13.4958,6,48.3801,580,11.3934,1,2021-03-29,460,25,False,,,,-113_-10
A_529,A,51875_hist,True,-56.1052,-4.86,19.5397,DESMATAMENTO_CR,2021-05-26,93,2021-11-06,0.5796,0.5717,0.1625,4.3711,12,52.5178,1876,11.3934,1,2021-05-10,1032,26,False,,,,-113_-10
A_530,A,51877_hist,True,-56.0838,-4.6982,15.8574,DESMATAMENTO_CR,2021-05-26,97,2021-06-30,-0.4798,-0.4367,0.2052,-5.1766,6,38.2461,1445,11.3934,1,2021-06-09,782,25,False,,,,-113_-10
A_531,A,51881_hist,True,-56.0358,-4.9265,72.7303,DESMATAMENTO_CR,2021-05-26,93,2021-06-18,-0.8433,-0.8179,0.4724,-9.285,6,44.2542,7119,11.3934,1,2021-05-10,3953,28,True,2021-05-09,40.0,False,-113_-10
A_532,A,51882_hist,True,-56.0033,-4.9084,28.0136,DESMATAMENTO_CR,2021-05-26,93,2021-06-18,-0.2947,-0.3853,0.1984,-4.9973,6,38.413,2729,11.3934,1,2021-05-16,998,27,False,,,,-113_-10
A_533,A,51886_hist,True,-56.1669,-4.6003,7.2518,DESMATAMENTO_CR,2021-05-26,97,2021-06-18,-0.2817,-0.0959,0.0607,-2.4587,6,40.8186,663,11.3934,1,2021-05-10,249,26,True,2021-05-28,21.0,False,-113_-10
A_534,A,51887_hist,True,-56.0095,-4.9105,15.5767,DESMATAMENTO_CR,2021-05-26,93,2021-05-13,-0.2318,-0.3407,0.1287,-3.9444,6,33.7281,1492,11.3934,1,2021-05-04,201,28,False,,,,-113_-10
A_535,A,51888_hist,True,-56.1751,-4.5926,72.3966,DESMATAMENTO_CR,2021-05-26,97,2021-11-05,0.2901,0.3811,0.1729,4.7949,9,40.5609,7098,11.3934,1,2021-01-10,870,26,False,,,,-113_-10
A_536,A,51889_hist,True,-56.0807,-4.5715,27.7017,DESMATAMENTO_CR,2021-05-26,97,2021-06-06,-0.316,-0.281,0.1634,-4.5426,6,45.8908,2621,11.3934,1,2021-01-04,837,21,False,,,,-113_-10
A_537,A,51896_hist,True,-56.0874,-4.556,20.6954,DESMATAMENTO_CR,2021-05-26,97,2021-06-18,-0.7556,-0.788,0.4352,-8.9633,6,47.1587,1930,11.3934,1,2021-01-16,1201,27,False,,,,-113_-10
A_538,A,51897_hist,True,-56.0758,-4.5455,8.9397,DESMATAMENTO_CR,2021-05-26,97,2021-05-01,-0.553,-0.304,0.15,-4.0698,6,42.8208,819,11.3934,1,2021-01-10,338,24,False,,,,-113_-10
A_539,A,51900_hist,True,-56.0917,-4.5856,7.4238,DESMATAMENTO_VEG,2021-05-26,97,2021-02-12,0.6712,0.6154,0.2915,6.7862,5,42.3371,699,11.3934,1,2021-01-04,22,28,False,,,,-113_-10
A_540,A,51913_hist,False,-56.1192,-4.4165,12.2367,DESMATAMENTO_CR,2021-05-26,97,2021-05-13,-0.5854,-0.5452,0.1988,-5.006,6,40.0396,1117,11.3934,1,2021-01-04,570,22,False,,,,-113_-9
A_541,A,51928_hist,False,-56.2007,-4.1206,6.9064,DESMATAMENTO_CR,2021-05-26,97,2021-10-18,0.563,0.7756,0.1774,4.707,2,33.7965,644,11.3934,1,2021-03-17,194,25,False,,,,-113_-9
A_542,A,51940_hist,True,-56.0914,-4.4897,21.9981,DESMATAMENTO_CR,2021-05-26,97,2021-12-15,0.5838,0.6257,0.1934,5.0384,6,45.2495,2140,11.3934,1,2021-05-22,352,27,False,,,,-113_-9
A_543,A,52074_hist,True,-55.8674,-4.9258,62.8266,DESMATAMENTO_CR,2021-05-26,93,2021-06-24,-0.5398,-0.7062,0.2202,-5.2069,5,57.9794,6157,11.3934,1,2021-02-03,3081,21,False,,,,-112_-10
A_544,A,52083_hist,True,-55.8668,-4.9195,8.0458,DESMATAMENTO_VEG,2021-05-26,93,2021-10-16,0.5809,0.6692,0.2452,6.1169,6,33.5439,757,11.3934,1,2021-07-03,54,21,False,,,,-112_-10
A_545,A,52084_hist,True,-55.822,-4.8823,26.9414,DESMATAMENTO_CR,2021-05-26,93,2021-06-30,-0.6526,-0.8965,0.2451,-5.5736,6,53.3765,2627,11.3934,1,2021-04-28,1688,21,False,,,,-112_-10
A_546,A,52086_hist,True,-55.9963,-4.8661,22.1706,DESMATAMENTO_CR,2021-05-26,93,2021-08-17,-1.0559,-1.3662,0.3503,-7.2047,6,56.8943,2149,11.3934,1,2021-05-04,1629,28,False,,,,-112_-10
A_547,A,52091_hist,True,-55.8434,-4.8206,37.6281,DESMATAMENTO_CR,2021-05-26,93,2021-06-24,-1.2715,-1.3655,0.4123,-8.0694,5,49.3158,3671,11.3934,1,2021-02-03,3386,29,True,2021-06-05,19.0,False,-112_-10
A_548,A,52092_hist,True,-55.762,-4.5838,29.0081,DESMATAMENTO_CR,2021-05-26,97,2021-05-07,-0.4827,-0.4226,0.1473,-4.1011,5,52.4443,2783,11.3934,1,2021-03-11,1091,21,False,,,,-112_-10
A_549,A,52094_hist,True,-55.8594,-4.817,45.1661,DESMATAMENTO_CR,2021-05-26,93,2021-06-30,-0.4136,-0.4906,0.1657,-4.3536,6,43.3899,4429,11.3934,1,2021-05-16,2526,27,True,2021-05-30,31.0,False,-112_-10
A_550,A,52101_hist,True,-55.85,-4.7833,75.2663,DESMATAMENTO_CR,2021-05-26,93,2021-10-16,0.3484,0.2853,0.1183,3.6252,6,42.868,7389,11.3934,1,2021-05-10,1670,26,False,,,,-112_-10
A_551,A,52102_hist,True,-55.8432,-4.7742,11.6296,DESMATAMENTO_CR,2021-05-26,93,2022-01-17,0.5148,0.7369,0.0886,3.1083,11,49.5891,1086,11.3934,1,2021-05-16,408,24,False,,,,-112_-10
A_552,A,52103_hist,True,-55.8165,-4.7744,26.2095,DESMATAMENTO_CR,2021-05-26,93,2021-10-22,0.5302,0.4845,0.1161,3.5585,5,49.3547,2522,11.3934,1,2021-05-16,1106,26,False,,,,-112_-10
A_553,A,52111_hist,True,-55.8358,-4.7728,15.9171,DESMATAMENTO_CR,2021-05-26,93,2021-10-22,0.5832,0.5916,0.2716,6.1546,5,43.232,1520,11.3934,1,2021-03-17,260,26,False,,,,-112_-10
A_554,A,52113_hist,True,-55.9668,-4.7013,6.6313,DESMATAMENTO_CR,2021-05-26,93,2021-06-30,-0.8789,-1.1096,0.4264,-8.816,6,39.9472,619,11.3934,1,2021-05-10,336,31,False,,,,-112_-10
A_555,A,5415_hist,False,-56.1767,-3.9379,11.4764,DESMATAMENTO_CR,2021-09-02,97,2021-09-16,-0.9938,-1.1643,0.4091,-8.3331,5,30.8731,1093,11.3934,1,2021-07-27,756,22,False,,,,-113_-8
A_556,A,5417_hist,True,-55.6665,-4.5448,21.7326,DESMATAMENTO_CR,2021-09-02,97,2021-09-10,-0.3394,-0.3006,0.1122,-3.6641,6,26.1037,2066,11.3934,1,2021-08-26,439,27,True,2021-08-27,14.0,False,-112_-10
A_557,A,5427_hist,False,-55.4291,-3.9613,13.5883,DESMATAMENTO_CR,2021-09-02,97,2021-09-10,-0.668,-0.7997,0.2004,-5.0901,6,28.7367,1295,11.3934,1,2021-08-26,844,26,False,,,,-111_-8
A_558,A,5434_hist,False,-55.4455,-4.0094,19.4143,DESMATAMENTO_CR,2021-09-02,97,2021-09-10,-0.6753,-0.6852,0.2797,-6.4093,6,25.407,1848,11.3934,1,2021-08-14,946,27,False,,,,-111_-9
A_559,A,5442_hist,False,-55.5232,-4.4234,82.7286,DESMATAMENTO_CR,2021-09-02,97,2020-12-26,0.3189,0.2329,0.1195,3.6637,5,30.5384,8129,11.3934,1,2021-08-08,1587,20,False,,,,-112_-9
A_560,A,5443_hist,True,-55.698,-4.6609,28.1706,DESMATAMENTO_CR,2021-09-02,93,2021-09-04,-0.23,-0.6276,0.114,-3.4061,5,37.003,2735,11.3934,1,2021-06-21,1130,22,False,,,,-112_-10
A_561,A,54577_hist,True,-56.122,-5.1855,41.8374,DESMATAMENTO_CR,2021-06-01,93,2021-05-19,-0.185,-0.313,0.1459,-4.0959,5,34.6236,3953,11.3934,1,2021-01-04,512,25,False,,,,-113_-11
A_562,A,54578_hist,True,-56.155,-5.0939,19.8886,DESMATAMENTO_CR,2021-06-01,93,2021-07-12,-1.4461,-1.5049,0.4984,-9.7333,6,51.0929,1891,11.3934,1,2021-05-16,1641,25,False,,,,-113_-11
A_563,A,54581_hist,False,-55.1964,-4.4695,44.0403,DESMATAMENTO_CR,2021-06-01,93,2021-06-18,-0.1431,-0.1967,0.0757,-2.8338,6,35.5034,4313,11.3934,1,2021-01-28,896,21,False,,,,-111_-9
A_564,A,54582_hist,False,-55.205,-4.4555,7.5355,DESMATAMENTO_CR,2021-06-01,93,2020-12-05,0.573,0.2836,0.2325,5.8151,12,37.0905,705,11.3934,1,,0,20,False,,,,-111_-9
A_565,A,54584_hist,False,-55.1913,-4.3245,9.8691,DESMATAMENTO_CR,2021-06-01,97,2020-12-26,1.2912,2.0474,0.4606,9.2386,5,37.1144,929,11.3934,1,,0,23,False,,,,-111_-9
A_566,A,54587_hist,False,-55.22,-4.3214,13.392,DESMATAMENTO_CR,2021-06-01,97,2021-11-15,0.3756,0.2665,0.0662,2.6599,5,36.9874,1234,11.3934,1,2021-05-28,322,34,False,,,,-111_-9
A_567,A,54603_hist,False,-56.256,-4.0713,16.4782,DESMATAMENTO_CR,2021-06-01,97,2021-11-11,0.7469,0.6487,0.4037,8.8936,2,32.5899,1540,11.3934,1,2021-05-16,130,24,False,,,,-113_-9
A_568,A,54633_hist,False,-55.4565,-4.4785,17.3042,DESMATAMENTO_CR,2021-06-01,97,2021-05-31,-0.4083,-0.4146,0.208,-5.2813,5,52.7141,1661,11.3934,1,2021-05-22,403,27,False,,,,-111_-9
A_569,A,54636_hist,False,-55.4838,-4.4448,12.9665,DESMATAMENTO_CR,2021-06-01,97,2021-05-31,-0.9738,-1.2757,0.49,-10.0171,5,57.0321,1206,11.3934,1,2021-05-16,656,22,False,,,,-111_-9
A_570,A,54637_hist,False,-55.455,-4.4688,7.6152,DESMATAMENTO_CR,2021-06-01,97,2020-11-23,1.4557,1.9884,0.4643,9.3294,11,45.193,671,11.3934,1,,0,28,False,,,,-111_-9
A_571,A,54639_hist,True,-55.808,-4.889,17.8892,DESMATAMENTO_CR,2021-06-01,93,2021-06-24,-2.0587,-2.4883,0.5517,-10.8166,5,57.3129,1693,11.3934,1,2021-05-22,1594,27,True,2021-06-07,17.0,False,-112_-10
A_572,A,54640_hist,True,-55.8186,-4.8878,11.6952,DESMATAMENTO_CR,2021-06-01,93,2021-06-30,-0.9167,-1.0088,0.35,-7.3064,6,44.9825,1101,11.3934,1,2021-05-28,782,26,False,,,,-112_-10
A_573,A,54641_hist,False,-55.4815,-4.4734,14.6351,DESMATAMENTO_CR,2021-06-01,97,2021-11-05,0.3473,0.2396,0.0898,3.2026,9,45.776,1384,11.3934,1,2021-01-16,211,17,False,,,,-111_-9
A_574,A,54642_hist,False,-55.4657,-4.4725,45.1078,DESMATAMENTO_CR,2021-06-01,97,2021-08-05,-0.2937,-0.3294,0.0711,-2.7402,6,56.0219,4227,11.3934,1,2021-01-04,1032,21,False,,,,-111_-9
A_575,A,54646_hist,False,-55.4215,-4.4576,6.9035,DESMATAMENTO_CR,2021-06-01,97,2020-10-21,0.4853,0.6129,0.1672,4.8095,6,21.0684,588,11.3934,1,2022-03-24,1,45,False,,,,-111_-9
A_576,A,54648_hist,False,-55.3324,-4.3359,9.3657,DESMATAMENTO_CR,2021-06-01,97,2021-06-06,-1.0925,-0.8613,0.439,-9.1163,6,38.3159,865,11.3934,1,2021-05-16,448,44,False,,,,-111_-9
A_577,A,54650_hist,True,-55.8689,-4.82,18.7926,DESMATAMENTO_CR,2021-06-01,93,2021-08-05,-1.026,-0.9498,0.2922,-6.2359,6,54.5095,1797,11.3934,1,2021-05-28,1341,25,True,2021-05-30,67.0,False,-112_-10
A_578,A,54654_hist,True,-55.8412,-4.7743,17.3217,DESMATAMENTO_CR,2021-06-01,93,2021-12-03,0.4672,0.6043,0.1209,3.6961,6,53.7922,1656,11.3934,1,2021-05-22,364,25,False,,,,-112_-10
A_579,A,54655_hist,False,-55.2722,-4.3409,17.4853,DESMATAMENTO_CR,2021-06-01,97,2020-11-02,-0.7765,-0.7652,0.3064,-6.7167,6,49.7947,1620,11.3934,1,2021-01-10,146,43,False,,,,-111_-9
A_580,A,54656_hist,False,-55.2546,-4.3251,15.313,DESMATAMENTO_CR,2021-06-01,97,2020-12-17,0.2592,0.5165,0.1343,4.0243,11,37.5784,1465,11.3934,1,2021-04-10,129,48,False,,,,-111_-9
A_581,A,54657_hist,True,-55.8474,-4.7778,21.9649,DESMATAMENTO_CR,2021-06-01,93,2021-06-24,-0.2477,-0.3742,0.1073,-3.4531,5,38.4075,2112,11.3934,1,2021-05-28,417,24,False,,,,-112_-10
A_582,A,54659_hist,False,-55.3172,-4.3171,24.3722,DESMATAMENTO_CR,2021-06-01,97,2021-01-31,0.8407,0.7827,0.5109,10.5846,5,30.2791,2182,11.3934,1,2021-02-03,61,47,False,,,,-111_-9
A_583,A,54661_hist,False,-55.8354,-3.9643,1.2158,DESMATAMENTO_CR,2021-06-01,97,2021-06-24,-0.5114,-0.2771,0.0802,-3.6017,5,26.106,73,11.3934,1,2021-08-08,7,23,False,,,,-112_-8
A_584,A,54666_hist,False,-55.836,-3.9636,5.1762,DESMATAMENTO_CR,2021-06-01,97,2021-05-13,-0.2304,-0.3662,0.0452,-2.2329,6,52.9955,480,11.3934,1,2021-05-04,172,24,False,,,,-112_-8
A_585,A,54672_hist,False,-55.3616,-3.9919,37.8101,DESMATAMENTO_CR,2021-06-01,97,2021-12-03,0.549,0.5525,0.2006,5.1967,6,39.084,3559,11.3934,1,2021-01-16,440,24,False,,,,-111_-8
A_586,A,54690_hist,False,-55.433,-3.9312,6.6378,DESMATAMENTO_CR,2021-06-01,97,2021-11-05,0.5597,0.4,0.1648,5.0873,9,31.9929,589,11.3934,1,2021-05-28,40,25,False,,,,-111_-8
A_587,A,54720_hist,True,-55.6405,-4.7234,46.3439,DESMATAMENTO_CR,2021-06-01,93,2021-10-16,0.5635,0.4559,0.2988,6.7321,6,46.1617,4533,11.3934,1,2021-05-16,291,21,False,,,,-112_-10
A_588,A,54727_hist,True,-55.6149,-4.513,25.3538,DESMATAMENTO_CR,2021-06-01,97,2020-12-26,0.4675,0.3811,0.2461,5.9171,5,42.7604,2436,11.3934,1,2021-05-28,174,18,False,,,,-112_-10
A_589,A,54728_hist,True,-55.5807,-4.4779,13.9231,DESMATAMENTO_CR,2021-06-01,97,2021-02-12,0.383,0.4025,0.2147,5.5346,5,38.2999,1317,11.3934,1,2021-06-21,29,25,False,,,,-112_-9
A_590,A,54729_hist,True,-55.683,-4.485,15.4632,DESMATAMENTO_CR,2021-06-01,97,2020-12-26,0.4184,0.3364,0.1762,4.818,5,45.8037,1470,11.3934,1,2021-06-09,127,28,False,,,,-112_-9
A_591,A,54731_hist,False,-55.5555,-4.3803,51.5573,DESMATAMENTO_CR,2021-06-01,97,2021-11-05,0.3382,0.3006,0.1362,4.0846,9,40.9544,5042,11.3934,1,2021-05-22,820,29,False,,,,-112_-9
A_592,A,54732_hist,False,-55.7164,-4.3821,8.2482,DESMATAMENTO_VEG,2021-06-01,97,2021-02-12,0.5718,0.7404,0.2679,6.3656,5,25.0243,765,11.3934,1,,0,23,False,,,,-112_-9
A_593,A,54733_hist,False,-55.5796,-4.3054,22.6172,DESMATAMENTO_CR,2021-06-01,97,2021-06-18,-0.6466,-0.4702,0.3451,-7.3827,6,37.044,2184,11.3934,1,2021-01-16,989,23,False,,,,-112_-9
A_594,A,54734_hist,False,-55.7094,-4.1786,9.3491,DESMATAMENTO_CR,2021-06-01,97,2021-05-25,-0.3426,-0.4248,0.149,-4.3491,6,35.3585,881,11.3934,1,2021-05-22,222,27,False,,,,-112_-9
A_595,A,57188_hist,True,-55.8119,-4.8893,9.6529,DESMATAMENTO_CR,2021-06-09,93,2021-07-12,-2.0049,-2.4976,0.5004,-9.8102,6,57.8809,886,11.3934,1,2021-06-09,818,27,True,2021-06-07,35.0,False,-112_-10
A_596,A,57568_hist,True,-56.1431,-4.9912,39.3908,DESMATAMENTO_CR,2021-06-12,93,2021-06-18,-0.1981,-0.28,0.0997,-3.2997,6,41.7927,3795,11.3934,1,2021-05-16,980,30,False,,,,-113_-10
A_597,A,57569_hist,True,-56.1878,-5.0576,6.7505,DESMATAMENTO_CR,2021-06-12,93,2021-07-18,-1.4686,-1.7477,0.4453,-8.7997,5,52.2313,623,11.3934,1,2021-06-21,563,24,False,,,,-113_-11
A_598,A,57579_hist,True,-56.121,-5.0957,12.2617,DESMATAMENTO_CR,2021-06-12,93,2021-07-18,-1.1698,-1.2296,0.5356,-10.6808,5,45.6961,1163,11.3934,1,2021-05-28,1016,29,False,,,,-113_-11
A_599,A,57586_hist,True,-56.1651,-5.0756,9.6503,DESMATAMENTO_CR,2021-06-12,93,2021-07-18,-0.5297,-0.5828,0.2393,-5.7129,5,47.3191,873,11.3934,1,2021-05-28,351,27,False,,,,-113_-11
A_600,A,57589_hist,True,-55.8283,-4.8599,17.571,DESMATAMENTO_CR,2021-06-12,93,2021-07-12,-0.8272,-0.7666,0.253,-5.6399,6,54.0797,1685,11.3934,1,2021-05-28,1077,27,False,,,,-112_-10
A_601,A,57591_hist,True,-55.736,-4.7346,7.821,DESMATAMENTO_CR,2021-06-12,93,2021-08-05,-0.4254,-0.5197,0.0908,-3.1464,6,44.8823,736,11.3934,1,2021-05-16,371,18,True,2021-06-22,44.0,False,-112_-10
A_602,A,58186_hist,False,-55.5691,-4.3837,8.9171,DESMATAMENTO_CR,2021-06-15,97,2021-05-13,-0.5353,-0.6872,0.4163,-9.219,6,36.19,812,11.3934,1,2021-05-10,205,26,False,,,,-112_-9
A_603,A,58189_hist,False,-55.453,-4.4841,18.5436,DESMATAMENTO_CR,2021-06-15,97,2021-06-24,-0.6112,-0.5719,0.2532,-5.8235,5,47.4673,1742,11.3934,1,2021-06-15,582,31,False,,,,-111_-9
A_604,A,58190_hist,False,-55.4068,-4.4309,19.625,DESMATAMENTO_CR,2021-06-15,97,2021-07-12,-1.9086,-2.5001,0.4388,-8.6883,6,59.0221,1891,11.3934,1,2021-01-04,1700,47,False,,,,-111_-9
A_605,A,58192_hist,False,-55.4948,-4.4194,7.3825,DESMATAMENTO_CR,2021-06-15,97,2021-05-31,-0.7074,-0.6555,0.3668,-8.1043,5,28.6121,679,11.3934,1,2021-05-28,178,22,False,,,,-111_-9
A_606,A,58195_hist,False,-55.4804,-4.4167,19.4105,DESMATAMENTO_CR,2021-06-15,97,2021-12-15,0.552,0.4887,0.1012,3.4096,6,41.0598,1879,11.3934,1,2021-07-09,219,24,False,,,,-111_-9
A_607,A,58549_hist,True,-56.2683,-4.7095,10.232,DESMATAMENTO_CR,2021-06-17,97,2021-06-06,-1.5684,-1.5513,0.8288,-24.0578,6,23.5919,902,11.3934,1,2021-06-03,444,22,True,2021-06-12,-6.0,True,-113_-10
A_608,A,58550_hist,False,-56.117,-4.4153,13.7095,DESMATAMENTO_CR,2021-06-17,97,2021-06-24,-1.2012,-1.2279,0.3503,-7.2901,5,46.196,1315,11.3934,1,2021-06-03,1008,25,False,,,,-113_-9
A_609,A,58559_hist,False,-55.2,-4.4588,33.1979,DESMATAMENTO_CR,2021-06-17,93,2021-06-18,-0.3736,-0.4427,0.3183,-6.994,6,33.5167,3182,11.3934,1,2021-06-03,593,23,False,,,,-111_-9
A_610,A,58560_hist,False,-55.2115,-4.4474,15.194,DESMATAMENTO_CR,2021-06-17,97,2021-08-17,-0.8842,-0.8605,0.237,-5.5121,6,45.8978,1434,11.3934,1,2021-05-10,1050,19,False,,,,-111_-9
A_611,A,58561_hist,True,-56.0835,-4.5744,34.696,DESMATAMENTO_CR,2021-06-17,97,2021-08-05,-0.5767,-0.5429,0.237,-5.582,6,49.6657,3352,11.3934,1,2021-03-23,1923,24,False,,,,-113_-10
A_612,A,58562_hist,True,-56.1142,-4.5328,11.5721,DESMATAMENTO_CR,2021-06-17,97,2021-06-24,-0.7179,-0.6839,0.2569,-5.9445,5,48.5934,1098,11.3934,1,2021-01-22,569,25,False,,,,-113_-10
A_613,A,58563_hist,True,-56.086,-4.5837,9.8595,DESMATAMENTO_CR,2021-06-17,97,2021-06-30,-1.1965,-1.3596,0.3331,-7.0114,6,45.1192,918,11.3934,1,2021-03-23,745,23,True,2021-06-14,16.0,False,-113_-10
A_614,A,58569_hist,False,-55.1943,-4.4755,6.7315,DESMATAMENTO_CR,2021-06-17,93,2021-06-06,-0.811,-0.6142,0.4547,-10.2774,6,28.2923,633,11.3934,1,2021-06-03,213,24,False,,,,-111_-9
A_615,A,58590_hist,True,-56.1025,-4.8588,15.3264,DESMATAMENTO_CR,2021-06-18,93,2021-07-24,-0.395,-0.5615,0.1451,-4.0396,6,49.4501,1424,11.3934,1,2021-05-10,991,27,True,2021-06-03,51.0,False,-113_-10
A_616,A,58592_hist,True,-56.1703,-4.6009,19.461,DESMATAMENTO_CR,2021-06-18,97,2021-03-02,0.2498,0.3569,0.1637,4.6887,6,33.6369,1852,11.3934,1,2021-05-16,86,26,True,2021-05-28,-87.0,False,-113_-10
A_617,A,58593_hist,True,-56.2481,-4.5833,16.6514,DESMATAMENTO_CR,2021-06-18,97,2021-08-05,-1.7047,-2.2348,0.4795,-9.4636,6,56.0125,1624,11.3934,1,2021-06-09,1596,26,True,2021-06-13,53.0,False,-113_-10
A_618,A,58595_hist,True,-56.2463,-4.5768,7.2521,DESMATAMENTO_CR,2021-06-18,97,2021-07-18,-1.2287,-1.4071,0.4815,-9.9669,5,36.954,688,11.3934,1,2021-06-21,577,23,True,2021-06-13,35.0,False,-113_-10
A_619,A,58596_hist,False,-55.7183,-4.348,29.7353,DESMATAMENTO_CR,2021-06-18,97,2021-11-11,0.3017,0.4222,0.1222,3.8504,2,40.2431,2865,11.3934,1,2021-06-03,319,26,False,,,,-112_-9
A_620,A,58836_hist,False,-55.5863,-4.3604,30.287,DESMATAMENTO_CR,2021-06-21,97,2021-07-24,-0.5658,-0.6672,0.3016,-6.6348,6,55.0461,2947,11.3934,1,2021-06-09,1504,28,False,,,,-112_-9
A_621,A,58846_hist,True,-55.6482,-4.7255,65.2491,DESMATAMENTO_CR,2021-06-21,93,2021-10-16,0.6045,0.4941,0.3088,6.7354,6,40.4343,6409,11.3934,1,2021-05-28,613,25,False,,,,-112_-10
A_622,A,58849_hist,True,-56.2127,-5.0123,20.5103,DESMATAMENTO_CR,2021-06-21,93,2021-08-17,-1.0283,-1.3374,0.3368,-6.9196,6,52.4947,1982,11.3934,1,2021-02-03,1617,22,False,,,,-113_-11
A_623,A,58855_hist,True,-56.1164,-5.0795,7.6576,DESMATAMENTO_CR,2021-06-21,93,2021-08-23,-1.8718,-2.2274,0.447,-8.7957,5,51.9016,705,11.3934,1,2021-03-17,590,27,True,2021-06-18,66.0,False,-113_-11
A_624,A,58863_hist,True,-56.0927,-4.5566,9.8599,DESMATAMENTO_CR,2021-06-21,97,2021-08-05,-0.897,-0.9991,0.2864,-6.4758,6,52.0206,936,11.3934,1,2021-05-16,804,29,False,,,,-113_-10
A_625,A,5886_hist,True,-55.8682,-4.8654,18.2946,DESMATAMENTO_CR,2021-09-04,93,2021-09-10,-0.5252,-0.4969,0.1256,-3.7056,6,28.0689,1757,11.3934,1,2021-07-03,963,27,False,,,,-112_-10
A_626,A,58870_hist,False,-55.3622,-4.0041,64.5734,DESMATAMENTO_CR,2021-06-21,97,2021-12-03,0.3177,0.4409,0.0926,3.2447,6,37.7476,6248,11.3934,1,2021-04-10,977,25,False,,,,-111_-9
A_627,A,58876_hist,True,-56.0861,-4.5744,10.1971,DESMATAMENTO_CR,2021-06-21,97,2021-11-05,0.3528,0.4249,0.0902,3.3297,9,43.0194,927,11.3934,1,2021-01-10,448,27,False,,,,-113_-10
A_628,A,58885_hist,True,-56.2451,-4.581,14.2832,DESMATAMENTO_CR,2021-06-21,97,2021-08-05,-1.1844,-1.5108,0.3846,-7.8353,6,52.7581,1328,11.3934,1,2021-05-28,1303,25,True,2021-06-13,53.0,False,-113_-10
A_629,A,58886_hist,True,-56.2444,-4.579,4.4175,DESMATAMENTO_CR,2021-06-21,97,2021-08-05,-0.9672,-1.1353,0.3425,-7.4389,6,45.2489,397,11.3934,1,2021-06-15,393,20,True,2021-06-13,53.0,False,-113_-10
A_630,A,58893_hist,False,-55.1513,-4.1592,24.3095,DESMATAMENTO_CR,2021-06-21,97,2021-07-12,-0.7166,-0.792,0.2129,-5.1548,6,50.1918,2329,11.3934,1,2021-05-28,1689,22,False,,,,-111_-9
A_631,A,5890_hist,True,-55.8678,-4.7993,13.1258,DESMATAMENTO_CR,2021-09-04,93,2020-10-21,0.4451,0.2056,0.0844,2.7967,6,28.2322,1242,11.3934,1,2021-08-20,487,27,False,,,,-112_-10
A_632,A,58936_hist,False,-55.3626,-3.997,37.1223,DESMATAMENTO_CR,2021-06-21,97,2021-01-01,0.5172,0.4339,0.292,6.6285,6,43.0486,3453,11.3934,1,2021-06-09,239,26,False,,,,-111_-8
A_633,A,5893_hist,True,-56.0068,-4.8616,25.7524,DESMATAMENTO_CR,2021-09-04,93,2021-12-24,-0.9167,-0.7591,0.2057,-5.0074,11,43.4631,2448,11.3934,1,2021-03-23,869,26,False,,,,-113_-10
A_634,A,58946_hist,False,-55.4435,-3.9734,30.3998,DESMATAMENTO_CR,2021-06-21,97,2021-11-11,0.6441,0.5478,0.2906,6.7293,2,31.8772,2960,11.3934,1,2021-06-09,186,26,True,2021-06-26,138.0,False,-111_-8
A_635,A,59120_hist,True,-55.983,-4.6266,39.1292,DESMATAMENTO_CR,2021-06-21,97,2021-11-27,0.3871,0.5343,0.1718,4.7547,5,38.5638,3828,11.3934,1,2021-06-15,766,30,False,,,,-112_-10
A_636,A,59122_hist,True,-55.9637,-4.5938,17.0868,DESMATAMENTO_CR,2021-06-21,97,2021-11-11,0.3903,0.45,0.0666,2.6749,2,43.6214,1634,11.3934,1,2021-01-16,962,29,True,2021-06-20,144.0,False,-112_-10
A_637,A,59734_hist,True,-56.2756,-4.7358,1.3556,DESMATAMENTO_CR,2021-06-22,97,2021-06-06,-1.1009,-1.1444,0.4763,-12.343,6,15.6602,93,11.3934,1,2021-06-15,14,25,False,,,,-113_-10
A_638,A,59735_hist,True,-56.2711,-4.7039,18.6423,DESMATAMENTO_CR,2021-06-22,97,2021-10-30,0.2773,0.3051,0.1514,4.5451,2,26.8626,1795,11.3934,1,2021-06-03,267,26,True,2021-06-12,140.0,False,-113_-10
A_639,A,59739_hist,True,-55.7341,-4.7346,12.8448,DESMATAMENTO_CR,2021-06-22,93,2021-12-03,0.6815,1.0148,0.1937,4.8422,6,40.5624,1212,11.3934,1,2021-05-22,523,19,False,,,,-112_-10
A_640,A,59744_hist,False,-55.2025,-4.4601,32.0688,DESMATAMENTO_CR,2021-06-22,93,2021-10-22,0.3547,0.2876,0.1538,4.288,5,36.6161,3114,11.3934,1,2021-05-28,128,22,False,,,,-111_-9
A_641,A,59746_hist,True,-55.9226,-4.6844,8.4043,DESMATAMENTO_CR,2021-06-22,93,2021-06-30,-1.2088,-1.0146,0.3983,-8.2768,6,49.5494,762,11.3934,1,2021-06-27,605,31,False,,,,-112_-10
A_642,A,59748_hist,False,-56.0599,-5.2608,14.9065,DESMATAMENTO_CR,2021-06-22,133,2021-10-28,0.2386,0.4936,0.0645,3.1325,6,33.8144,1440,11.3934,1,2021-05-28,288,20,False,,,,-113_-11
A_643,A,59749_hist,False,-56.0904,-5.2222,31.2,DESMATAMENTO_CR,2021-06-22,93,2021-11-06,0.3396,0.3244,0.081,2.9812,12,40.5042,3040,11.3934,1,2021-01-28,810,28,False,,,,-113_-11
A_644,A,59750_hist,True,-55.7202,-4.5897,9.0189,DESMATAMENTO_CR,2021-06-22,97,2020-10-27,0.3584,0.1163,0.0593,2.4018,5,41.3578,841,11.3934,1,2021-06-15,121,27,False,,,,-112_-10
A_645,A,59751_hist,False,-55.5343,-4.5508,5.5589,DESMATAMENTO_CR,2021-06-22,93,2021-07-18,-0.4678,-0.4846,0.0853,-3.0303,5,48.2281,519,11.3934,1,2021-06-09,307,24,False,,,,-112_-10
A_646,A,59752_hist,False,-55.5349,-4.5553,19.2351,DESMATAMENTO_CR,2021-06-22,93,2021-07-24,-0.6569,-0.8483,0.1177,-3.5203,6,54.9628,1839,11.3934,1,2021-06-21,1529,20,False,,,,-112_-10
A_647,A,59753_hist,True,-55.6424,-4.5244,12.9344,DESMATAMENTO_CR,2021-06-22,97,2020-12-26,0.4303,0.4403,0.1161,3.6647,5,40.9537,1203,11.3934,1,2021-05-28,427,26,False,,,,-112_-10
A_648,A,59755_hist,True,-55.6243,-4.5242,10.8544,DESMATAMENTO_CR,2021-06-22,97,2020-10-27,0.3592,0.3023,0.1034,3.6105,5,36.804,1024,11.3934,1,2021-06-09,86,20,False,,,,-112_-10
A_649,A,59756_hist,True,-55.6249,-4.5215,29.2805,DESMATAMENTO_CR,2021-06-22,97,2020-12-26,0.2892,0.1545,0.081,2.8771,5,39.7191,2769,11.3934,1,2021-06-15,512,20,False,,,,-112_-10
A_650,A,59757_hist,False,-55.5556,-4.52,17.156,DESMATAMENTO_CR,2021-06-22,97,2021-07-12,-0.7983,-0.7177,0.4373,-9.106,6,37.644,1658,11.3934,1,2021-06-15,792,22,True,2021-06-16,26.0,False,-112_-10
A_651,A,59758_hist,True,-55.6831,-4.5037,45.2226,DESMATAMENTO_CR,2021-06-22,97,2020-12-26,0.4281,0.3497,0.262,6.1094,5,35.3739,4406,11.3934,1,2021-06-03,292,25,False,,,,-112_-10
A_652,A,59760_hist,True,-55.6125,-4.4903,29.3001,DESMATAMENTO_CR,2021-06-22,97,2020-12-26,0.3731,0.2063,0.15,4.3343,5,39.1544,2862,11.3934,1,2021-01-04,287,27,False,,,,-112_-9
A_653,A,59764_hist,True,-55.8436,-4.7679,9.4277,DESMATAMENTO_CR,2021-06-22,93,2021-06-24,-0.4914,-0.5912,0.2729,-6.5781,5,44.9391,898,11.3934,1,2021-06-09,304,26,False,,,,-112_-10
A_654,A,59765_hist,False,-56.0999,-5.3045,6.5273,DESMATAMENTO_CR,2021-06-22,93,2021-08-17,-1.6236,-1.5971,0.4668,-9.3475,6,49.749,622,11.3934,1,2021-05-28,567,23,True,2021-06-21,57.0,False,-113_-11
A_655,A,59766_hist,False,-56.1074,-5.2096,16.6975,DESMATAMENTO_CR,2021-06-22,93,2021-06-12,-0.696,-0.5764,0.3625,-7.6476,5,39.8453,1548,11.3934,1,2021-05-10,668,21,True,2021-06-17,-5.0,True,-113_-11
A_656,A,59768_hist,True,-55.8361,-4.7764,46.0214,DESMATAMENTO_CR,2021-06-22,93,2021-10-16,0.2965,0.3599,0.1029,3.3632,6,49.3902,4444,11.3934,1,2021-05-10,1182,26,False,,,,-112_-10
A_657,A,59769_hist,False,-55.0494,-4.2311,9.7045,DESMATAMENTO_CR,2021-06-22,97,2020-09-15,-0.7229,-0.9483,0.1994,-5.0637,6,48.8329,912,11.3934,1,2021-02-27,24,27,False,,,,-111_-9
A_658,A,59770_hist,False,-55.2653,-4.471,1.2641,DESMATAMENTO_CR,2021-06-22,93,2021-06-12,-1.3776,-1.9331,0.5688,-13.9781,5,22.9955,103,11.3934,1,2021-06-15,65,52,False,,,,-111_-9
A_659,A,59771_hist,True,-56.1958,-5.136,63.8122,DESMATAMENTO_CR,2021-06-22,93,2021-06-18,-0.4525,-0.3232,0.272,-6.0666,6,24.6148,6241,11.3934,1,2021-01-16,1451,26,False,,,,-113_-11
A_660,A,59772_hist,True,-55.8246,-4.8202,10.2182,DESMATAMENTO_CR,2021-06-22,93,2021-08-05,-1.7919,-1.8721,0.5507,-10.8784,6,46.7502,945,11.3934,1,2021-06-09,746,24,True,2021-06-22,44.0,False,-112_-10
A_661,A,59773_hist,True,-55.8276,-4.8172,21.1479,DESMATAMENTO_CR,2021-06-22,93,2021-08-05,-1.6189,-1.598,0.519,-10.2062,6,52.8533,1973,11.3934,1,2021-05-28,1560,30,True,2021-06-22,44.0,False,-112_-10
A_662,A,59774_hist,False,-55.2448,-4.3242,7.1379,DESMATAMENTO_CR,2021-06-22,97,2020-11-23,0.3877,0.4224,0.1162,3.8368,11,34.5927,638,11.3934,1,2021-06-03,108,48,False,,,,-111_-9
A_663,A,59776_hist,False,-55.0397,-4.2837,7.8809,DESMATAMENTO_CR,2021-06-22,97,2020-10-27,0.7689,1.315,0.2065,5.1164,5,26.6294,708,11.3934,1,,0,22,False,,,,-111_-9
A_664,A,59777_hist,False,-55.456,-4.4819,10.272,DESMATAMENTO_CR,2021-06-22,97,2021-06-24,-0.3038,-0.4287,0.1211,-3.8592,5,49.3002,966,11.3934,1,2021-05-16,207,30,False,,,,-111_-9
A_665,A,59779_hist,True,-56.0893,-5.168,6.78,DESMATAMENTO_CR,2021-06-22,93,2021-06-18,-1.1089,-1.2686,0.4431,-9.0588,6,47.6075,623,11.3934,1,2021-05-28,381,23,False,,,,-113_-11
A_666,A,59780_hist,True,-55.8326,-4.8615,17.571,DESMATAMENTO_CR,2021-06-22,93,2021-06-30,-1.0038,-1.1313,0.3125,-6.535,6,52.7199,1645,11.3934,1,2021-06-15,1196,26,False,,,,-112_-10
A_667,A,59781_hist,False,-56.0199,-5.2138,7.4047,DESMATAMENTO_CR,2021-06-22,93,2021-08-17,-0.7315,-0.8634,0.2008,-5.0363,6,50.8594,688,11.3934,1,2021-02-09,564,21,False,,,,-113_-11
A_668,A,59782_hist,True,-56.1508,-5.0928,26.8595,DESMATAMENTO_CR,2021-06-22,93,2021-08-23,-1.9424,-2.2265,0.5608,-10.99,5,51.5165,2531,11.3934,1,2021-03-05,2328,25,False,,,,-113_-11
A_669,A,59786_hist,False,-55.4736,-4.4169,38.0723,DESMATAMENTO_CR,2021-06-22,97,2021-07-24,-0.5508,-0.6372,0.1511,-4.158,6,48.4152,3667,11.3934,1,2021-06-21,1547,23,False,,,,-111_-9
A_670,A,59787_hist,True,-56.1278,-5.0972,21.3047,DESMATAMENTO_CR,2021-06-22,93,2021-07-30,-1.0166,-0.9811,0.4215,-8.3316,5,46.3244,2052,11.3934,1,2021-06-21,1154,26,False,,,,-113_-11
A_671,A,59788_hist,False,-55.2646,-4.4742,14.2055,DESMATAMENTO_CR,2021-06-22,93,2021-06-30,-1.0409,-0.9918,0.4186,-8.3762,6,38.076,1360,11.3934,1,2021-02-09,846,50,True,2021-06-15,15.0,False,-111_-9
A_672,A,59789_hist,False,-55.9468,-5.3371,15.1866,DESMATAMENTO_CR,2021-06-22,93,2021-05-13,-0.9824,-1.3569,0.3629,-7.3927,6,42.9625,1441,11.3934,1,2021-03-17,1170,24,False,,,,-112_-11
A_673,A,59790_hist,True,-56.1967,-5.0094,8.1367,DESMATAMENTO_CR,2021-06-22,93,2021-11-06,1.0946,1.3088,0.3029,6.5355,12,44.1533,756,11.3934,1,2021-01-22,318,25,False,,,,-113_-11
A_674,A,59791_hist,False,-55.8889,-5.3642,9.0821,DESMATAMENTO_CR,2021-06-22,93,2021-06-12,-0.647,-0.8649,0.3981,-8.5516,5,35.5532,835,11.3934,1,2021-06-09,387,22,True,2021-06-10,2.0,True,-112_-11
A_675,A,59795_hist,True,-56.0348,-4.9051,10.6523,DESMATAMENTO_CR,2021-06-22,93,2021-07-24,-0.7103,-0.8196,0.3124,-6.7138,6,36.4955,1008,11.3934,1,2021-06-21,416,30,True,2021-06-30,24.0,False,-113_-10
A_676,A,59796_hist,True,-56.0147,-4.9016,6.6846,DESMATAMENTO_CR,2021-06-22,93,2021-06-30,-1.3811,-1.6029,0.5891,-12.3009,6,50.051,623,11.3934,1,2021-04-10,600,28,False,,,,-113_-10
A_677,A,59799_hist,True,-56.137,-4.9829,13.9869,DESMATAMENTO_CR,2021-06-22,93,2021-06-24,-0.9255,-1.1711,0.4626,-9.3355,5,54.4401,1346,11.3934,1,2021-06-09,917,30,False,,,,-113_-10
A_678,A,59800_hist,True,-56.1269,-4.9769,15.9124,DESMATAMENTO_CR,2021-06-22,93,2021-06-18,-0.3354,-0.2769,0.0832,-2.9825,6,33.7263,1497,11.3934,1,2021-04-16,306,35,False,,,,-113_-10
A_679,A,59805_hist,True,-56.1278,-4.6582,8.6193,DESMATAMENTO_CR,2021-06-22,97,2021-06-24,-0.2355,-0.4253,0.1111,-3.6281,5,33.9142,805,11.3934,1,2021-06-15,186,24,True,2021-06-20,4.0,False,-113_-10
A_680,A,59806_hist,True,-56.1569,-4.6381,9.8097,DESMATAMENTO_CR,2021-06-22,97,2021-06-30,-0.9215,-0.8308,0.4327,-9.1563,6,34.1703,925,11.3934,1,2021-06-21,541,28,True,2021-06-21,9.0,False,-113_-10
A_681,A,59808_hist,False,-55.4071,-3.9616,7.2148,DESMATAMENTO_CR,2021-06-22,97,2021-06-06,-0.3586,-0.3218,0.1492,-4.618,6,30.3546,665,11.3934,1,2021-06-09,114,27,True,2021-06-16,-10.0,True,-111_-8
A_682,A,59811_hist,True,-56.033,-4.6137,11.1966,DESMATAMENTO_CR,2021-06-22,97,2021-06-30,-0.6764,-0.9171,0.2881,-6.4484,6,58.4977,1034,11.3934,1,2021-03-23,816,29,False,,,,-113_-10
A_683,A,59814_hist,True,-56.1708,-4.6031,12.1661,DESMATAMENTO_CR,2021-06-22,97,2021-05-13,-0.3326,-0.1989,0.1581,-4.8681,6,24.0825,1130,11.3934,1,2021-05-16,206,27,False,,,,-113_-10
A_684,A,59818_hist,True,-56.1693,-4.5985,7.0617,DESMATAMENTO_CR,2021-06-22,97,2021-06-18,-0.2746,-0.0393,0.059,-2.1645,6,34.2023,662,11.3934,1,2021-06-09,55,24,False,,,,-113_-10
A_685,A,59821_hist,True,-56.1191,-4.5339,18.0331,DESMATAMENTO_CR,2021-06-22,97,2021-06-24,-0.8984,-0.9031,0.4959,-10.1256,5,46.2371,1733,11.3934,1,2021-06-21,786,23,False,,,,-113_-10
A_686,A,59822_hist,True,-56.1159,-4.5341,8.8662,DESMATAMENTO_CR,2021-06-22,97,2021-06-18,-0.9865,-0.884,0.4502,-9.1725,6,40.8102,811,11.3934,1,2021-06-15,427,22,False,,,,-113_-10
A_687,A,59825_hist,False,-56.1191,-4.4231,6.2963,DESMATAMENTO_CR,2021-06-22,97,2021-06-18,-0.8526,-0.9634,0.3371,-7.3929,6,37.3683,570,11.3934,1,2021-04-28,314,24,False,,,,-113_-9
A_688,A,59827_hist,False,-55.5907,-4.3624,11.3108,DESMATAMENTO_CR,2021-06-22,97,2021-07-24,-0.338,-0.2931,0.1152,-3.7267,6,50.2234,1062,11.3934,1,2021-06-21,379,32,False,,,,-112_-9
A_689,A,60132_hist,False,-55.4197,-4.4929,30.5825,DESMATAMENTO_CR,2021-06-24,97,2021-07-24,-0.2911,-0.3581,0.1564,-4.4595,6,43.2602,2961,11.3934,1,2021-06-21,910,49,True,2021-06-22,32.0,False,-111_-9
A_690,A,60133_hist,False,-55.4174,-4.4773,44.5002,DESMATAMENTO_CR,2021-06-24,97,2020-12-26,0.3531,0.3181,0.1592,4.4095,5,34.3069,4319,11.3934,1,2021-01-16,578,47,True,2021-06-22,-178.0,False,-111_-9
A_691,A,60134_hist,False,-55.3332,-4.3323,10.8694,DESMATAMENTO_CR,2021-06-24,97,2021-06-06,-0.8097,-0.7356,0.3918,-8.3135,6,42.7897,1022,11.3934,1,2021-01-16,612,44,False,,,,-111_-9
A_692,A,60138_hist,False,-55.4021,-4.4317,18.7044,DESMATAMENTO_CR,2021-06-24,97,2021-07-24,-1.0698,-1.5427,0.2667,-5.9445,6,56.9784,1768,11.3934,1,2021-06-09,1597,54,False,,,,-111_-9
A_693,A,60139_hist,False,-55.4913,-4.4214,6.3699,DESMATAMENTO_CR,2021-06-24,97,2021-10-18,0.7045,0.6156,0.2288,5.9783,2,31.3198,589,11.3934,1,2021-06-27,145,23,True,2021-06-22,118.0,False,-111_-9
A_694,A,60140_hist,False,-55.478,-4.4171,47.8051,DESMATAMENTO_CR,2021-06-24,97,2021-12-15,0.5674,0.6256,0.0894,3.1177,6,40.7664,4409,11.3934,1,2021-05-16,1878,24,False,,,,-111_-9
A_695,A,60141_hist,False,-55.4296,-4.3752,9.2977,DESMATAMENTO_CR,2021-06-24,97,2021-12-03,0.4638,0.532,0.0942,3.3294,6,41.8096,879,11.3934,1,2021-05-22,224,36,False,,,,-111_-9
A_696,A,60142_hist,False,-55.3611,-4.325,6.6162,DESMATAMENTO_CR,2021-06-24,97,2021-12-03,0.2374,0.4821,0.057,2.6292,6,38.9778,596,11.3934,1,2021-06-15,119,44,True,2021-06-26,160.0,False,-111_-9
A_697,A,60210_hist,False,-55.21,-4.3564,14.49,DESMATAMENTO_CR,2021-06-24,97,2020-12-26,0.6641,0.6778,0.3229,7.2574,5,34.9769,1366,11.3934,1,2021-05-28,263,22,False,,,,-111_-9
A_698,A,60233_hist,False,-55.1627,-4.3284,8.7704,DESMATAMENTO_CR,2021-06-24,97,2021-02-24,0.5684,0.5871,0.3623,8.164,5,43.3155,830,11.3934,1,2021-06-27,89,20,True,2021-06-19,-115.0,False,-111_-9
A_699,A,60247_hist,False,-55.246,-4.3238,8.525,DESMATAMENTO_CR,2021-06-24,97,2021-02-24,0.6758,0.6153,0.3507,8.1438,5,28.9023,801,11.3934,1,2021-06-21,57,44,False,,,,-111_-9
A_700,A,61187_hist,False,-56.018,-5.2134,8.6429,DESMATAMENTO_CR,2021-06-27,93,2021-07-12,-1.1024,-1.1052,0.4153,-8.5887,6,50.9242,789,11.3934,1,2021-04-22,638,20,False,,,,-113_-11
A_701,A,61188_hist,True,-56.018,-5.1386,16.3131,DESMATAMENTO_CR,2021-06-27,93,2021-06-30,-2.0775,-2.5626,0.5944,-11.7177,6,64.5444,1563,11.3934,1,2021-04-28,1554,28,False,,,,-113_-11
A_702,A,61190_hist,True,-56.131,-4.7992,28.9687,DESMATAMENTO_CR,2021-06-27,93,2021-08-17,-0.3324,-0.5304,0.1217,-3.6441,6,39.7994,2789,11.3934,1,2021-05-10,1131,26,False,,,,-113_-10
A_703,A,61191_hist,True,-56.0676,-4.7962,15.6835,DESMATAMENTO_CR,2021-06-27,93,2021-08-17,-0.6568,-0.7818,0.1441,-3.9576,6,42.1672,1516,11.3934,1,2021-06-15,1346,19,True,2021-06-22,56.0,False,-113_-10
A_704,A,61192_hist,True,-56.1558,-4.7767,10.4151,DESMATAMENTO_CR,2021-06-27,93,2021-07-18,-0.4965,-0.5269,0.2089,-5.1958,5,39.5179,968,11.3934,1,2021-05-28,477,20,True,2021-06-23,25.0,False,-113_-10
A_705,A,61193_hist,True,-56.0254,-4.7751,18.4503,DESMATAMENTO_CR,2021-06-27,93,2021-10-16,0.6047,0.3943,0.318,6.9627,6,33.1809,1777,11.3934,1,2021-06-21,110,29,True,2021-06-22,116.0,False,-113_-10
A_706,A,61195_hist,True,-56.0887,-4.584,16.2649,DESMATAMENTO_CR,2021-06-27,97,2021-11-05,0.6451,0.6047,0.1136,3.5324,9,44.3652,1554,11.3934,1,2021-01-10,1032,23,True,2021-06-14,144.0,False,-113_-10
A_707,A,61207_hist,True,-55.8518,-4.7784,35.3117,DESMATAMENTO_CR,2021-06-27,93,2021-10-16,0.7065,0.6341,0.3603,7.5511,6,44.5866,3435,11.3934,1,2021-01-04,596,25,False,,,,-112_-10
A_708,A,61211_hist,True,-55.9878,-4.7375,14.6236,DESMATAMENTO_CR,2021-06-27,93,2021-06-30,-1.5986,-1.6099,0.5022,-9.8003,6,39.186,1413,11.3934,1,2021-05-28,1234,29,True,2021-06-20,10.0,False,-112_-10
A_709,A,61213_hist,False,-55.3571,-3.9903,17.5236,DESMATAMENTO_CR,2021-06-27,97,2020-12-26,0.2807,0.2104,0.0767,2.9699,5,37.9741,1689,11.3934,1,2021-06-27,370,20,False,,,,-111_-8
A_710,A,61250_hist,True,-55.6813,-4.4871,21.0655,DESMATAMENTO_CR,2021-06-27,97,2020-12-26,0.3566,0.2644,0.1444,4.3204,5,40.6883,1964,11.3934,1,2021-06-03,120,28,False,,,,-112_-9
A_711,A,61257_hist,False,-55.5513,-4.5185,17.0517,DESMATAMENTO_CR,2021-06-27,97,2021-08-05,-0.3609,-0.3663,0.0938,-3.1962,6,40.0206,1647,11.3934,1,2021-06-27,1106,18,True,2021-06-16,50.0,False,-112_-10
A_712,A,61258_hist,True,-55.6817,-4.511,14.8859,DESMATAMENTO_CR,2021-06-27,97,2021-06-30,-0.2442,-0.1483,0.0679,-2.7477,6,41.3091,1422,11.3934,1,2021-06-27,239,22,False,,,,-112_-10
A_713,A,61601_hist,True,-56.2516,-4.5827,19.2713,DESMATAMENTO_CR,2021-06-30,97,2021-08-05,-1.0596,-1.3261,0.3946,-8.0469,6,46.6526,1850,11.3934,1,2021-06-21,1556,26,True,2021-06-13,53.0,False,-113_-10
A_714,A,61642_hist,True,-56.067,-5.1607,8.2023,DESMATAMENTO_CR,2021-06-30,93,2021-07-18,-1.2913,-1.3138,0.4017,-8.1524,5,49.9315,749,11.3934,1,2021-06-21,638,26,False,,,,-113_-11
A_715,A,61646_hist,True,-56.0781,-5.1908,17.2436,DESMATAMENTO_CR,2021-06-30,93,2021-07-18,-0.8597,-0.9235,0.2974,-6.3678,5,53.2163,1623,11.3934,1,2021-06-21,821,22,False,,,,-113_-11
A_716,A,61652_hist,True,-56.1508,-5.0915,12.1637,DESMATAMENTO_CR,2021-06-30,93,2021-08-23,-2.0286,-2.2923,0.5415,-10.6227,5,54.569,1156,11.3934,1,2021-06-09,1155,29,False,,,,-113_-11
A_717,A,61653_hist,True,-56.125,-5.0956,14.0826,DESMATAMENTO_CR,2021-06-30,93,2021-08-23,-0.7634,-0.848,0.3047,-6.573,5,41.9071,1349,11.3934,1,2021-06-09,851,28,False,,,,-113_-11
A_718,A,61666_hist,True,-56.0261,-4.8613,8.5494,DESMATAMENTO_CR,2021-06-30,93,2020-12-17,0.6439,0.5622,0.3228,7.1444,11,14.176,794,11.3934,1,,0,25,False,,,,-113_-10
A_719,A,61667_hist,True,-56.2413,-5.0142,16.8803,DESMATAMENTO_CR,2021-06-30,93,2021-11-06,0.2838,0.3924,0.0868,3.1268,12,37.6693,1618,11.3934,1,2021-02-15,652,24,False,,,,-113_-11
A_720,A,61676_hist,True,-56.2341,-4.8738,11.0024,DESMATAMENTO_CR,2021-06-30,93,2021-11-06,0.2415,0.2178,0.0444,2.2232,12,34.965,1032,11.3934,1,2021-02-03,276,29,False,,,,-113_-10
A_721,A,61677_hist,True,-56.001,-4.8636,11.855,DESMATAMENTO_CR,2021-06-30,93,2020-10-21,0.3882,0.3169,0.1269,4.0571,6,31.5778,1078,11.3934,1,2021-06-27,165,23,False,,,,-113_-10
A_722,A,61678_hist,True,-55.9971,-4.8661,27.9785,DESMATAMENTO_CR,2021-06-30,93,2021-07-12,-0.7165,-0.9459,0.345,-7.1813,6,48.583,2601,11.3934,1,2021-05-04,1621,26,False,,,,-112_-10
A_723,A,61680_hist,True,-56.0621,-4.8092,16.6523,DESMATAMENTO_CR,2021-06-30,93,2021-11-06,0.4532,0.3921,0.1152,3.6108,12,27.3075,1570,11.3934,1,2021-06-27,590,28,False,,,,-113_-10
A_724,A,61687_hist,True,-56.0727,-4.7365,30.2349,DESMATAMENTO_CR,2021-06-30,93,2021-06-30,-0.7162,-0.8459,0.279,-6.047,6,45.779,2852,11.3934,1,2021-01-16,1063,26,False,,,,-113_-10
A_725,A,61688_hist,True,-56.0739,-4.6967,17.7408,DESMATAMENTO_CR,2021-06-30,97,2021-08-05,-0.9177,-1.0847,0.2603,-5.8668,6,43.3347,1712,11.3934,1,2021-02-21,1186,24,True,2021-06-19,47.0,False,-113_-10
A_726,A,61690_hist,True,-56.1848,-4.6445,10.4354,DESMATAMENTO_CR,2021-06-30,97,2021-12-03,0.4267,0.4891,0.1352,4.4107,6,32.2531,987,11.3934,1,2021-05-22,265,25,False,,,,-113_-10
A_727,A,61692_hist,True,-56.0741,-4.6422,12.828,DESMATAMENTO_CR,2021-06-30,97,2021-08-11,-0.6954,-0.782,0.2444,-5.6805,5,45.0657,1215,11.3934,1,2021-01-04,924,31,True,2021-06-20,52.0,False,-113_-10
A_728,A,61694_hist,True,-56.1353,-4.5908,14.9947,DESMATAMENTO_CR,2021-06-30,97,2021-09-10,-0.1041,-0.2921,0.0313,-1.7376,6,40.4768,1430,11.3934,1,2021-06-27,590,20,True,2021-07-03,69.0,False,-113_-10
A_729,A,61695_hist,True,-56.2479,-4.5801,15.1054,DESMATAMENTO_CR,2021-06-30,97,2021-08-05,-1.228,-1.6781,0.4276,-8.6394,6,52.8397,1431,11.3934,1,2021-06-15,1323,24,True,2021-06-13,53.0,False,-113_-10
A_730,A,61700_hist,True,-55.7103,-4.6788,8.2817,DESMATAMENTO_CR,2021-06-30,93,2022-01-17,0.8484,1.0174,0.15,4.2483,11,35.4583,780,11.3934,1,2021-06-27,346,23,False,,,,-112_-10
A_731,A,61708_hist,True,-56.0403,-4.5798,30.8734,DESMATAMENTO_CR,2021-06-30,97,2021-08-05,-0.5313,-0.8328,0.1691,-4.4312,6,52.1064,2982,11.3934,1,2021-06-27,2128,25,True,2021-06-21,45.0,False,-113_-10
A_732,A,61711_hist,True,-55.7224,-4.5868,14.3751,DESMATAMENTO_CR,2021-06-30,97,2021-10-22,0.5949,0.4843,0.2263,5.5794,5,38.9985,1378,11.3934,1,2021-06-27,233,25,True,2021-06-25,119.0,False,-112_-10
A_733,A,61715_hist,True,-56.1616,-4.5291,7.4244,DESMATAMENTO_CR,2021-06-30,97,2022-01-17,0.6568,0.5937,0.0844,3.1572,11,30.8702,702,11.3934,1,2021-05-10,161,23,False,,,,-113_-10
A_734,A,61718_hist,True,-55.6312,-4.537,47.9019,DESMATAMENTO_CR,2021-06-30,97,2020-12-26,0.3733,0.2986,0.1944,5.136,5,42.3949,4700,11.3934,1,2021-06-27,462,23,False,,,,-112_-10
A_735,A,61722_hist,True,-55.6316,-4.5237,17.0027,DESMATAMENTO_CR,2021-06-30,97,2020-12-26,0.3489,0.2457,0.1815,5.3045,5,21.4621,1522,11.3934,1,2021-06-21,131,23,False,,,,-112_-10
A_736,A,61723_hist,True,-55.6337,-4.5204,28.4338,DESMATAMENTO_CR,2021-06-30,97,2020-12-26,0.4112,0.2924,0.1522,4.2136,5,41.5659,2722,11.3934,1,2021-06-27,378,22,False,,,,-112_-10
A_737,A,61724_hist,True,-55.7145,-4.4888,6.9645,DESMATAMENTO_CR,2021-06-30,97,2021-06-30,-0.2459,-0.3447,0.0997,-3.5789,6,44.9928,608,11.3934,1,2021-07-03,84,24,False,,,,-112_-9
A_738,A,61725_hist,True,-56.1071,-4.5012,7.3387,DESMATAMENTO_CR,2021-06-30,97,2021-12-15,0.8338,0.9929,0.1544,4.3626,6,47.2589,698,11.3934,1,2021-01-10,411,22,False,,,,-113_-10
A_739,A,61731_hist,True,-55.6524,-4.5212,11.0507,DESMATAMENTO_CR,2021-06-30,97,2021-09-10,-0.3933,-0.6351,0.1068,-3.5051,6,53.9452,1058,11.3934,1,2021-07-03,437,21,False,,,,-112_-10
A_740,A,61732_hist,False,-55.5163,-4.4575,50.0302,DESMATAMENTO_CR,2021-06-30,97,2020-11-23,0.4749,0.3506,0.2202,5.2942,11,31.4664,4894,11.3934,1,2021-05-28,462,27,False,,,,-112_-9
A_741,A,61736_hist,True,-55.617,-4.4901,17.9114,DESMATAMENTO_CR,2021-06-30,97,2021-02-12,0.6426,0.5547,0.4578,9.7914,5,24.4002,1662,11.3934,1,2021-07-27,10,22,False,,,,-112_-9
A_742,A,61738_hist,True,-56.0931,-4.4912,100.2832,DESMATAMENTO_CR,2021-06-30,97,2021-12-15,0.6419,0.7101,0.2545,5.9208,6,43.3091,9821,11.3934,1,2021-05-22,2057,28,False,,,,-113_-9
A_743,A,61740_hist,False,-55.6038,-4.4555,13.7395,DESMATAMENTO_CR,2021-06-30,97,2021-07-24,-0.3927,-0.3823,0.1143,-3.6869,6,18.0624,1269,11.3934,1,2021-07-09,66,22,False,,,,-112_-9
A_744,A,61741_hist,False,-55.5742,-4.4141,12.2981,DESMATAMENTO_CR,2021-06-30,97,2021-06-12,0.5523,0.5698,0.3564,7.8378,5,31.3359,1165,11.3934,1,2021-06-27,53,29,True,2021-06-23,-11.0,True,-112_-9
A_745,A,61744_hist,False,-56.1648,-4.4308,6.3944,DESMATAMENTO_CR,2021-06-30,97,2020-10-21,0.971,0.9505,0.2124,5.2038,6,16.1466,593,11.3934,1,,0,29,False,,,,-113_-9
A_746,A,61745_hist,False,-56.1168,-4.4185,10.4202,DESMATAMENTO_CR,2021-06-30,97,2021-06-24,-0.7992,-0.7345,0.2183,-5.2824,5,42.9733,979,11.3934,1,2021-03-17,629,22,False,,,,-113_-9
A_747,A,61750_hist,False,-55.6234,-4.3201,20.4257,DESMATAMENTO_CR,2021-06-30,97,2021-09-10,-0.4481,-0.653,0.1746,-4.6133,6,51.711,1976,11.3934,1,2021-06-27,1096,22,True,2021-07-05,67.0,False,-112_-9
A_748,A,61766_hist,False,-56.1975,-4.102,6.8882,DESMATAMENTO_CR,2021-06-30,97,2021-07-24,-0.6484,-0.4587,0.166,-4.5103,6,30.7515,633,11.3934,1,2021-07-03,350,21,False,,,,-113_-9
A_749,A,61779_hist,False,-56.1833,-4.0181,12.341,DESMATAMENTO_CR,2021-06-30,97,2021-07-06,-0.9732,-1.1642,0.2576,-5.8285,5,36.5776,1177,11.3934,1,2021-06-21,901,21,False,,,,-113_-9
A_750,A,61780_hist,False,-56.0918,-3.9861,6.4839,DESMATAMENTO_CR,2021-06-30,97,2021-07-24,-0.9449,-1.3106,0.3499,-7.5023,6,46.5531,605,11.3934,1,2021-06-09,546,22,True,2021-06-30,24.0,False,-113_-8
A_751,A,61846_hist,False,-55.4223,-4.4875,32.5953,DESMATAMENTO_CR,2021-06-30,97,2020-12-26,0.3763,0.3389,0.2004,5.1772,5,38.8725,3183,11.3934,1,2021-07-09,124,47,True,2021-06-22,-178.0,False,-111_-9
A_752,A,61847_hist,False,-55.3579,-4.3238,20.9901,DESMATAMENTO_CR,2021-06-30,97,2020-12-17,0.4399,0.2719,0.1695,4.51,11,31.7951,1973,11.3934,1,2021-06-15,285,41,True,2021-06-26,-191.0,False,-111_-9
A_753,A,61890_hist,True,-55.8022,-4.9069,17.9869,DESMATAMENTO_CR,2021-06-30,93,2021-07-24,-0.5995,-0.8123,0.1772,-4.5437,6,48.9434,1741,11.3934,1,2021-06-27,1064,24,True,2021-07-04,20.0,False,-112_-10
A_754,A,61891_hist,True,-55.8029,-4.903,6.9851,DESMATAMENTO_CR,2021-06-30,93,2021-08-17,-0.346,-0.52,0.1009,-3.4032,6,33.9384,650,11.3934,1,2021-07-03,291,20,True,2021-07-04,44.0,False,-112_-10
A_755,A,61899_hist,False,-55.8929,-5.3451,6.5697,DESMATAMENTO_CR,2021-06-30,93,2021-11-06,0.6613,0.6242,0.2138,5.4942,12,35.7187,581,11.3934,1,2021-03-17,161,20,False,,,,-112_-11
A_756,A,61902_hist,True,-55.9465,-4.8738,9.0521,DESMATAMENTO_CR,2021-06-30,93,2020-10-21,1.0688,1.2785,0.2565,5.8024,6,19.4149,835,11.3934,1,,0,24,False,,,,-112_-10
A_757,A,61912_hist,True,-55.8052,-4.8616,14.0936,DESMATAMENTO_CR,2021-06-30,93,2021-10-16,0.308,0.5176,0.1983,5.4809,6,24.9047,1346,11.3934,1,2021-06-27,36,27,True,2021-06-26,112.0,False,-112_-10
A_758,A,61920_hist,True,-55.9892,-4.7527,7.6858,DESMATAMENTO_CR,2021-06-30,93,2021-08-05,-0.5246,-0.7111,0.1614,-4.3323,6,30.051,700,11.3934,1,2021-07-03,336,29,False,,,,-112_-10
A_759,A,61926_hist,True,-55.9688,-4.8086,24.4173,DESMATAMENTO_CR,2021-06-30,93,2021-08-17,-0.3209,-0.5686,0.1197,-3.612,6,39.9927,2367,11.3934,1,2021-05-10,1273,28,True,2021-06-16,62.0,False,-112_-10
A_760,A,61927_hist,True,-55.9645,-4.7986,8.5808,DESMATAMENTO_CR,2021-06-30,93,2020-12-17,0.5853,0.7218,0.2707,6.1935,11,27.0151,782,11.3934,1,2021-07-03,70,33,False,,,,-112_-10
A_761,A,61928_hist,True,-55.9728,-4.7893,35.7774,DESMATAMENTO_CR,2021-06-30,93,2020-12-17,0.4027,0.3195,0.1775,4.5952,11,20.1079,3425,11.3934,1,2021-06-21,343,24,False,,,,-112_-10
A_762,A,61929_hist,True,-55.9832,-4.6233,26.4298,DESMATAMENTO_CR,2021-06-30,97,2022-01-05,0.3497,0.4718,0.0632,2.6754,12,37.6669,2531,11.3934,1,2021-04-04,573,28,False,,,,-112_-10
A_763,A,61933_hist,True,-55.8561,-4.7868,30.2511,DESMATAMENTO_CR,2021-06-30,93,2021-07-06,-0.302,-0.3162,0.0986,-3.3068,5,45.1938,2930,11.3934,1,2021-07-03,955,25,False,,,,-112_-10
A_764,A,61934_hist,True,-55.8536,-4.7747,29.3439,DESMATAMENTO_CR,2021-06-30,93,2021-07-06,-0.4142,-0.3977,0.1421,-3.9958,5,49.122,2868,11.3934,1,2021-01-16,1195,29,False,,,,-112_-10
A_765,A,61935_hist,True,-55.7543,-4.7742,26.6695,DESMATAMENTO_CR,2021-06-30,93,2021-08-05,-0.3845,-0.3794,0.1217,-3.6717,6,32.1188,2577,11.3934,1,2021-07-03,977,21,True,2021-06-24,42.0,False,-112_-10
A_766,A,61936_hist,True,-55.8822,-4.8112,11.629,DESMATAMENTO_VEG,2021-06-30,93,2020-10-03,1.7881,2.6479,0.45,8.7695,5,21.7169,1098,11.3934,1,2021-07-27,1,28,False,,,,-112_-10
A_767,A,61940_hist,True,-55.9273,-4.5947,8.6078,DESMATAMENTO_CR,2021-06-30,97,2021-08-05,-0.9353,-1.3353,0.2853,-6.3134,6,47.0589,804,11.3934,1,2021-01-22,587,29,True,2021-07-04,32.0,False,-112_-10
A_768,A,61953_hist,True,-55.7682,-4.5804,130.8866,DESMATAMENTO_CR,2021-06-30,97,2021-11-11,0.4757,0.5418,0.2731,6.2146,2,33.3454,12877,11.3934,1,2021-04-16,1428,24,False,,,,-112_-10
A_769,A,61955_hist,False,-55.3571,-3.9952,24.2713,DESMATAMENTO_CR,2021-06-30,97,2020-12-26,0.2208,0.2314,0.0696,2.9487,5,41.1805,2334,11.3934,1,2021-06-21,464,22,False,,,,-111_-8
A_770,A,61965_hist,True,-55.8357,-4.4902,12.1618,DESMATAMENTO_CR,2021-06-30,97,2021-02-12,0.5017,0.578,0.3721,8.5993,5,26.8873,1163,11.3934,1,2021-07-03,85,30,True,2021-07-09,-147.0,False,-112_-9
A_771,A,61966_hist,False,-55.8298,-4.4538,7.3392,DESMATAMENTO_CR,2021-06-30,97,2021-06-18,-0.4405,-0.4934,0.171,-4.7707,6,25.5012,688,11.3934,1,2021-06-27,127,29,False,,,,-112_-9
A_772,A,61970_hist,False,-55.8004,-3.941,7.872,DESMATAMENTO_CR,2021-06-30,97,2021-12-03,0.3612,0.314,0.0447,2.213,6,33.1412,724,11.3934,1,2021-06-21,178,23,False,,,,-112_-8
A_773,A,61971_hist,False,-55.768,-3.9365,8.6027,DESMATAMENTO_CR,2021-06-30,97,2021-09-22,-0.7515,-0.6895,0.1759,-4.6463,6,31.4034,790,11.3934,1,2021-08-02,204,25,False,,,,-112_-8
A_774,A,61977_hist,False,-55.3603,-4.0949,28.6334,DESMATAMENTO_CR,2021-06-30,97,2020-12-26,0.6569,0.5615,0.3715,8.0745,5,33.9104,2783,11.3934,1,2021-03-17,166,44,True,2021-06-25,-181.0,False,-111_-9
A_775,A,61981_hist,False,-55.4115,-4.0962,53.8104,DESMATAMENTO_CR,2021-06-30,150,2020-12-26,0.2603,0.2509,0.0378,2.4448,5,44.3734,5269,11.3934,1,2021-06-21,1933,24,False,,,,-111_-9
A_776,A,62004_hist,False,-55.4249,-4.1035,10.7497,DESMATAMENTO_CR,2021-06-30,97,2020-12-26,0.7431,0.6836,0.4116,8.8924,5,19.6004,945,11.3934,1,2021-04-10,7,27,False,,,,-111_-9
A_777,A,62021_hist,False,-55.4287,-4.1104,24.047,DESMATAMENTO_CR,2021-06-30,97,2021-12-03,0.2894,0.6928,0.0757,2.7757,6,44.2008,2274,11.3934,1,2021-01-16,150,25,False,,,,-111_-9
A_778,A,6310_hist,True,-55.9389,-4.5547,9.8783,DESMATAMENTO_CR,2021-09-07,97,2021-09-10,-0.9674,-0.9403,0.3142,-6.8852,6,29.9101,923,11.3934,1,2021-08-14,229,31,False,,,,-112_-10
A_779,A,6313_hist,False,-56.3622,-4.2923,8.8629,DESMATAMENTO_CR,2021-09-07,97,2021-09-04,-1.0304,-0.8948,0.3386,-7.3265,5,26.6674,826,11.3934,1,2021-07-09,466,27,False,,,,-113_-9
A_780,A,6314_hist,True,-56.23,-5.0746,21.2625,DESMATAMENTO_CR,2021-09-07,93,2021-08-17,-0.3222,-0.1372,0.115,-3.6542,6,20.6482,2067,11.3934,1,2021-07-21,450,27,False,,,,-113_-11
A_781,A,6316_hist,True,-56.2393,-5.0754,40.9186,DESMATAMENTO_CR,2021-09-07,93,2020-12-05,0.2393,0.1639,0.1114,3.6988,12,18.7432,4018,11.3934,1,2021-08-14,303,25,False,,,,-113_-11
A_782,A,6317_hist,True,-55.9834,-4.78,12.844,DESMATAMENTO_CR,2021-09-07,93,2021-08-29,-0.891,-0.8549,0.5561,-12.2375,6,33.1216,1221,11.3934,1,2021-03-29,529,33,False,,,,-112_-10
A_783,A,6319_hist,False,-55.4309,-4.3683,17.497,DESMATAMENTO_CR,2021-09-07,97,2021-09-10,-0.6331,-0.7889,0.2352,-5.5632,6,33.5767,1674,11.3934,1,2021-08-14,1210,32,False,,,,-111_-9
A_784,A,6327_hist,True,-55.7723,-4.5597,22.2721,DESMATAMENTO_CR,2021-09-07,97,2021-06-24,-0.2704,-0.3047,0.0843,-3.0968,5,28.7908,2156,11.3934,1,2021-07-09,617,21,False,,,,-112_-10
A_785,A,6332_hist,True,-55.7938,-4.6625,35.0108,DESMATAMENTO_CR,2021-09-07,93,2021-11-21,-0.3472,-0.3151,0.0763,-2.8709,6,22.2545,3399,11.3934,1,2021-06-09,717,24,False,,,,-112_-10
A_786,A,6335_hist,True,-55.9069,-4.6983,15.3053,DESMATAMENTO_CR,2021-09-07,93,2021-09-10,-0.9409,-1.1273,0.323,-6.8383,6,27.0499,1454,11.3934,1,2021-05-22,906,28,True,2021-09-01,9.0,False,-112_-10
A_787,A,6336_hist,False,-55.2419,-4.2128,8.4095,DESMATAMENTO_CR,2021-09-07,97,2021-08-17,-1.1764,-1.0142,0.359,-7.5166,6,28.5175,792,11.3934,1,2021-07-27,460,45,False,,,,-111_-9
A_788,A,6338_hist,False,-55.1898,-4.2036,18.6301,DESMATAMENTO_CR,2021-09-07,97,2021-09-04,-1.4268,-1.3893,0.6173,-12.9096,5,26.3147,1801,11.3934,1,2021-08-14,1148,29,False,,,,-111_-9
A_789,A,6342_hist,False,-55.1564,-4.19,89.2971,DESMATAMENTO_CR,2021-09-07,97,2020-12-17,0.3036,0.2794,0.1279,3.8684,11,24.6191,8811,11.3934,1,2021-03-17,1480,23,True,2021-09-07,-264.0,False,-111_-9
A_790,A,6346_hist,False,-55.2093,-4.3371,12.1275,DESMATAMENTO_CR,2021-09-07,97,2021-09-10,-0.6063,-0.595,0.1925,-4.9815,6,28.48,1138,11.3934,1,2021-09-01,351,27,False,,,,-111_-9
A_791,A,6352_hist,False,-55.2391,-4.3313,10.1881,DESMATAMENTO_CR,2021-09-07,97,2021-08-17,-1.123,-1.0761,0.4828,-9.9746,6,33.0125,969,11.3934,1,2021-08-02,580,46,False,,,,-111_-9
A_792,A,6417_hist,False,-55.555,-4.2782,6.7823,DESMATAMENTO_CR,2021-09-07,97,2021-08-23,-0.69,-0.9139,0.3804,-8.2526,5,33.5696,635,11.3934,1,2021-08-08,247,24,False,,,,-112_-9
A_793,A,6419_hist,False,-55.5567,-4.2709,7.1752,DESMATAMENTO_CR,2021-09-07,97,2021-08-17,-0.7248,-0.7371,0.3184,-7.1556,6,31.4989,641,11.3934,1,2021-05-16,94,27,False,,,,-112_-9
A_794,A,6428_hist,True,-55.7385,-4.6161,8.2824,DESMATAMENTO_CR,2021-09-07,97,2021-09-10,-0.7595,-1.0439,0.2733,-6.2952,6,27.7199,779,11.3934,1,2021-06-21,531,27,False,,,,-112_-10
A_795,A,6439_hist,True,-56.1396,-4.7802,12.5618,DESMATAMENTO_CR,2021-09-07,93,2022-01-05,0.726,0.4127,0.0905,3.0133,12,36.2432,1188,11.3934,1,2021-09-01,227,25,False,,,,-113_-10
A_796,A,6442_hist,False,-55.5955,-4.1982,13.7931,DESMATAMENTO_CR,2021-09-07,97,2021-08-17,-1.2127,-0.9286,0.4971,-10.1036,6,29.4986,1303,11.3934,1,2021-08-14,523,25,False,,,,-112_-9
A_797,A,6443_hist,False,-55.615,-4.1736,22.3815,DESMATAMENTO_CR,2021-09-07,97,2021-01-01,0.5945,0.401,0.2176,5.3629,6,24.9363,2057,11.3934,1,2021-05-10,196,26,False,,,,-112_-9
A_798,A,6450_hist,True,-56.1438,-4.7827,21.7439,DESMATAMENTO_CR,2021-09-07,93,2021-09-10,-0.8571,-0.8724,0.3145,-6.6238,6,29.9932,2064,11.3934,1,2021-07-27,1357,27,False,,,,-113_-10
A_799,A,6473_hist,True,-56.0972,-4.7017,17.3296,DESMATAMENTO_CR,2021-09-07,97,2021-09-10,-0.3575,-0.2348,0.1116,-3.5778,6,24.395,1668,11.3934,1,2021-02-21,475,23,False,,,,-113_-10
A_800,A,6483_hist,True,-56.0146,-4.548,10.7313,DESMATAMENTO_CR,2021-09-07,97,2022-01-17,0.4317,0.4029,0.0632,2.7787,11,28.1975,1008,11.3934,1,2021-08-14,346,24,False,,,,-113_-10
A_801,A,6492_hist,True,-56.0136,-4.5558,13.8358,DESMATAMENTO_CR,2021-09-07,97,2022-01-17,0.478,0.3529,0.0718,2.9886,11,22.4036,1332,11.3934,1,2021-07-27,204,26,False,,,,-113_-10
A_802,A,6496_hist,True,-56.0144,-4.5525,16.1613,DESMATAMENTO_CR,2021-09-07,97,2022-01-17,0.2426,0.3885,0.0615,2.6486,11,20.529,1537,11.3934,1,2021-07-27,301,25,False,,,,-113_-10
A_803,A,65521_hist,False,-55.2408,-4.4255,8.9411,DESMATAMENTO_CR,2021-07-07,97,2021-12-09,0.6712,0.5604,0.1078,3.5976,5,39.5942,844,11.3934,1,2021-07-03,235,31,False,,,,-111_-9
A_804,A,65522_hist,True,-55.6352,-4.5417,27.2795,DESMATAMENTO_CR,2021-07-07,97,2020-12-17,0.2724,0.2869,0.1104,3.6581,11,44.5912,2623,11.3934,1,2021-07-03,303,21,False,,,,-112_-10
A_805,A,65524_hist,False,-55.5623,-4.4928,16.4387,DESMATAMENTO_CR,2021-07-07,97,2021-07-12,-0.4861,-0.3031,0.1629,-4.4521,6,54.9916,1555,11.3934,1,2021-07-09,271,20,False,,,,-112_-9
A_806,A,65843_hist,True,-55.8551,-4.7895,7.3419,DESMATAMENTO_CR,2021-07-08,93,2020-10-03,0.6915,0.3282,0.1081,3.2429,5,29.7074,648,11.3934,1,2021-07-27,28,27,False,,,,-112_-10
A_807,A,65849_hist,True,-55.8373,-4.7788,15.9967,DESMATAMENTO_CR,2021-07-08,93,2021-11-06,0.6031,0.6869,0.2219,5.3717,12,44.6757,1484,11.3934,1,2021-06-21,435,27,False,,,,-112_-10
A_808,A,65857_hist,False,-55.5906,-4.3168,23.783,DESMATAMENTO_CR,2021-07-08,97,2021-07-24,-0.8711,-0.8912,0.4692,-9.6342,6,50.8499,2292,11.3934,1,2021-06-15,1441,26,False,,,,-112_-9
A_809,A,65860_hist,False,-55.17,-4.3307,34.7444,DESMATAMENTO_CR,2021-07-08,97,2020-12-26,0.5557,0.5033,0.301,6.753,5,45.213,3335,11.3934,1,2021-06-21,635,23,True,2021-06-19,-175.0,False,-111_-9
A_810,A,65862_hist,True,-55.8651,-4.819,13.8982,DESMATAMENTO_CR,2021-07-08,93,2021-08-05,-1.3716,-1.5632,0.4089,-8.1618,6,57.2722,1310,11.3934,1,2021-05-28,956,30,False,,,,-112_-10
A_811,A,65863_hist,True,-55.8579,-4.7828,27.0188,DESMATAMENTO_CR,2021-07-08,93,2021-07-24,-0.5509,-0.6713,0.2631,-5.9053,6,48.4858,2614,11.3934,1,2021-05-28,1319,22,False,,,,-112_-10
A_812,A,65909_hist,False,-56.1188,-5.2263,16.1822,DESMATAMENTO_CR,2021-07-08,93,2021-06-30,-0.3026,-0.2561,0.067,-2.6414,6,33.8699,1551,11.3934,1,2021-06-15,431,27,True,2021-07-21,-21.0,True,-113_-11
A_813,A,65933_hist,False,-55.2192,-4.3364,10.5133,DESMATAMENTO_CR,2021-07-08,97,2020-12-17,0.3977,0.4744,0.2312,6.0179,11,36.8827,1013,11.3934,1,2021-07-21,23,28,False,,,,-111_-9
A_814,A,66703_hist,True,-55.7518,-4.7707,11.1389,DESMATAMENTO_CR,2021-07-11,93,2021-07-18,-0.4271,-0.5339,0.1858,-4.7769,5,33.7274,1044,11.3934,1,2021-06-27,505,23,True,2021-06-24,24.0,False,-112_-10
A_815,A,66704_hist,True,-55.9066,-4.7374,15.0898,DESMATAMENTO_CR,2021-07-11,93,2021-07-18,-1.3977,-1.6212,0.4939,-9.6168,5,46.8747,1453,11.3934,1,2021-02-27,1072,30,True,2021-07-15,3.0,False,-112_-10
A_816,A,66717_hist,True,-55.7329,-4.7366,28.045,DESMATAMENTO_CR,2021-07-11,93,2021-08-05,-0.5275,-0.8156,0.135,-3.807,6,47.1091,2676,11.3934,1,2021-06-21,2052,19,True,2021-06-22,44.0,False,-112_-10
A_817,A,66725_hist,True,-55.7486,-4.642,8.4109,DESMATAMENTO_CR,2021-07-11,93,2021-06-30,-1.0234,-1.172,0.4722,-9.5061,6,31.2511,793,11.3934,1,2021-06-09,385,27,False,,,,-112_-10
A_818,A,66726_hist,True,-55.7326,-4.6351,22.3128,DESMATAMENTO_CR,2021-07-11,93,2021-07-18,-0.3858,-0.2795,0.1408,-4.0063,5,38.5402,2164,11.3934,1,2021-02-09,427,25,True,2021-07-10,8.0,False,-112_-10
A_819,A,66727_hist,True,-55.6319,-4.5169,26.9122,DESMATAMENTO_CR,2021-07-11,97,2021-06-30,-0.2544,-0.206,0.0762,-2.9216,6,39.6539,2573,11.3934,1,2021-06-21,466,21,False,,,,-112_-10
A_820,A,66728_hist,False,-55.5672,-4.493,6.3632,DESMATAMENTO_CR,2021-07-11,97,2021-11-11,0.3283,0.3528,0.0741,2.9662,2,42.9672,590,11.3934,1,2021-07-03,93,24,False,,,,-112_-9
A_821,A,66733_hist,False,-55.4232,-4.497,26.1767,DESMATAMENTO_CR,2021-07-11,93,2021-10-16,0.4251,0.496,0.2235,5.4101,6,42.9249,2521,11.3934,1,2021-07-03,284,49,True,2021-06-22,116.0,False,-111_-9
A_822,A,66734_hist,False,-55.4193,-4.4866,7.8789,DESMATAMENTO_CR,2021-07-11,97,2021-07-24,-0.3692,-0.4109,0.1206,-3.978,6,42.4453,742,11.3934,1,2021-06-21,326,56,True,2021-06-22,32.0,False,-111_-9
A_823,A,66735_hist,False,-55.412,-4.4775,14.8497,DESMATAMENTO_CR,2021-07-11,97,2021-06-24,-0.418,-0.376,0.1314,-3.9231,5,46.5911,1406,11.3934,1,2021-07-03,620,47,True,2021-06-22,2.0,True,-111_-9
A_824,A,66737_hist,False,-55.4547,-4.4765,28.5275,DESMATAMENTO_CR,2021-07-11,97,2020-12-26,0.5495,0.6065,0.2375,5.6222,5,45.438,2693,11.3934,1,2021-05-22,220,29,False,,,,-111_-9
A_825,A,66740_hist,False,-56.1181,-5.2338,23.8502,DESMATAMENTO_CR,2021-07-11,93,2020-11-02,0.3319,0.2045,0.0587,2.4544,6,41.1868,2279,11.3934,1,2021-04-22,462,22,True,2021-07-21,-261.0,False,-113_-11
A_826,A,66742_hist,True,-56.0777,-4.8135,17.4741,DESMATAMENTO_CR,2021-07-11,93,2021-07-24,-0.9607,-0.9184,0.4925,-9.7863,6,41.6668,1680,11.3934,1,2021-06-27,1077,25,True,2021-07-06,18.0,False,-113_-10
A_827,A,66744_hist,True,-56.0162,-4.8002,27.3003,DESMATAMENTO_CR,2021-07-11,93,2021-07-24,-1.2256,-1.3848,0.4882,-9.4406,6,53.7119,2643,11.3934,1,2021-07-03,2271,26,True,2021-06-29,25.0,False,-113_-10
A_828,A,66745_hist,True,-56.0676,-4.7993,8.8139,DESMATAMENTO_CR,2021-07-11,93,2021-06-30,-0.9076,-0.9238,0.3046,-6.4754,6,37.673,812,11.3934,1,2021-06-21,594,23,True,2021-06-22,8.0,True,-113_-10
A_829,A,66747_hist,True,-56.2031,-4.6515,14.8401,DESMATAMENTO_CR,2021-07-11,97,2021-06-30,-0.9235,-0.6329,0.3575,-7.5565,6,41.9301,1427,11.3934,1,2021-01-22,1037,30,False,,,,-113_-10
A_830,A,66748_hist,False,-56.0891,-5.23,44.5928,DESMATAMENTO_CR,2021-07-11,93,2021-10-28,0.3076,0.3468,0.0729,2.7607,6,39.5293,4294,11.3934,1,2021-01-10,1142,23,False,,,,-113_-11
A_831,A,66751_hist,True,-56.1655,-5.1392,11.3413,DESMATAMENTO_CR,2021-07-11,93,2021-07-30,-2.1368,-2.0995,0.7194,-15.8074,5,39.3242,1076,11.3934,1,2021-07-03,883,27,True,2021-07-21,9.0,False,-113_-11
A_832,A,66752_hist,True,-56.1901,-5.132,15.5102,DESMATAMENTO_CR,2021-07-11,93,2021-06-30,-0.6795,-0.5593,0.3728,-7.948,6,28.2649,1443,11.3934,1,2021-06-21,607,27,False,,,,-113_-11
A_833,A,66753_hist,True,-56.1833,-4.6471,15.4414,DESMATAMENTO_CR,2021-07-11,97,2021-07-18,-0.8161,-0.8158,0.3382,-7.1879,5,41.218,1483,11.3934,1,2021-07-03,856,30,False,,,,-113_-10
A_834,A,66755_hist,True,-56.0829,-4.5872,7.0802,DESMATAMENTO_CR,2021-07-11,97,2021-06-30,-0.7395,-0.6845,0.3244,-7.4474,6,39.8293,646,11.3934,1,2021-01-04,279,25,True,2021-07-08,-8.0,True,-113_-10
A_835,A,66756_hist,True,-56.0389,-4.5843,21.5904,DESMATAMENTO_CR,2021-07-11,97,2021-08-05,-1.149,-1.2701,0.4144,-8.3403,6,52.77,2084,11.3934,1,2021-03-17,1862,25,True,2021-06-21,45.0,False,-113_-10
A_836,A,66757_hist,True,-56.1724,-4.5981,28.4123,DESMATAMENTO_CR,2021-07-11,97,2020-12-17,0.3199,0.292,0.18,5.1188,11,30.3707,2763,11.3934,1,2021-06-27,65,23,False,,,,-113_-10
A_837,A,66758_hist,True,-56.1533,-5.0881,10.2877,DESMATAMENTO_CR,2021-07-11,93,2021-08-17,-1.545,-1.7941,0.4897,-9.6457,6,52.0359,980,11.3934,1,2021-03-17,931,27,False,,,,-113_-11
A_838,A,66760_hist,True,-56.1217,-5.0406,13.1273,DESMATAMENTO_CR,2021-07-11,93,2021-07-12,-1.403,-1.6307,0.4549,-8.927,6,47.0044,1258,11.3934,1,2021-06-03,842,30,False,,,,-113_-11
A_839,A,66761_hist,True,-56.1349,-4.5932,25.6088,DESMATAMENTO_CR,2021-07-11,97,2021-07-18,-0.7763,-0.9388,0.3357,-7.1529,5,50.0039,2461,11.3934,1,2021-06-27,1244,22,True,2021-07-03,15.0,False,-113_-10
A_840,A,66762_hist,True,-56.0886,-4.5418,25.3528,DESMATAMENTO_CR,2021-07-11,97,2021-08-05,-1.2401,-1.3172,0.5091,-10.1666,6,46.086,2462,11.3934,1,2021-07-03,1978,24,True,2021-07-09,27.0,False,-113_-10
A_841,A,66764_hist,True,-56.0913,-4.4836,20.8569,DESMATAMENTO_CR,2021-07-11,97,2022-01-17,0.287,0.6184,0.0812,2.9468,11,39.7349,1957,11.3934,1,2021-06-09,338,31,False,,,,-113_-9
A_842,A,66767_hist,True,-56.1674,-5.0317,18.1613,DESMATAMENTO_CR,2021-07-11,93,2021-07-18,-1.7181,-2.1398,0.5609,-11.0615,5,50.1262,1735,11.3934,1,2021-07-03,1501,26,False,,,,-113_-11
A_843,A,66770_hist,True,-56.2302,-4.923,6.6721,DESMATAMENTO_CR,2021-07-11,93,2021-06-30,-0.4482,-0.4221,0.1231,-3.7849,6,45.3856,611,11.3934,1,2021-06-27,252,24,True,2021-06-24,6.0,True,-113_-10
A_844,A,66771_hist,True,-56.0125,-4.8585,32.3516,DESMATAMENTO_CR,2021-07-11,93,2021-09-10,-0.8251,-0.958,0.3626,-7.4075,6,55.5426,3080,11.3934,1,2021-06-27,2178,27,False,,,,-113_-10
A_845,A,67466_hist,False,-55.9442,-5.3395,10.443,DESMATAMENTO_CR,2021-07-14,93,2021-07-06,-1.7452,-1.9415,0.6256,-12.8119,5,41.1483,978,11.3934,1,2021-04-10,938,19,True,2021-07-14,-8.0,True,-112_-11
A_846,A,67489_hist,False,-55.4138,-4.0893,11.9716,DESMATAMENTO_CR,2021-07-14,97,2021-12-03,0.8924,0.6293,0.1333,3.8851,6,38.5584,1107,11.3934,1,2021-07-03,408,24,False,,,,-111_-9
A_847,A,67490_hist,False,-55.388,-4.0726,20.1373,DESMATAMENTO_CR,2021-07-14,97,2021-09-10,-0.5121,-0.6396,0.1551,-4.3,6,40.7785,1928,11.3934,1,2021-07-09,1218,26,False,,,,-111_-9
A_848,A,67494_hist,False,-55.5278,-4.5064,14.4381,DESMATAMENTO_CR,2021-07-14,97,2021-07-24,-0.6485,-0.6735,0.23,-5.4631,6,47.6575,1389,11.3934,1,2021-06-09,691,22,True,2021-06-30,24.0,False,-112_-10
A_849,A,68535_hist,True,-56.0796,-5.1871,16.4039,DESMATAMENTO_CR,2021-07-17,93,2021-09-04,-0.8055,-0.9508,0.2599,-5.847,5,51.0013,1566,11.3934,1,2021-07-03,984,21,False,,,,-113_-11
A_850,A,68643_hist,False,-56.0992,-5.3017,17.0138,DESMATAMENTO_CR,2021-07-18,93,2021-07-12,-1.0927,-1.0435,0.5075,-10.2282,6,27.8138,1579,11.3934,1,2021-06-21,1133,21,True,2021-06-21,21.0,True,-113_-11
A_851,A,68646_hist,True,-56.0757,-5.1883,26.2241,DESMATAMENTO_CR,2021-07-18,93,2021-07-12,-1.1032,-0.9073,0.4757,-9.4042,6,40.1081,2546,11.3934,1,2021-07-03,1368,22,False,,,,-113_-11
A_852,A,68647_hist,False,-56.4007,-4.2665,7.6295,DESMATAMENTO_CR,2021-07-18,97,2021-07-24,-0.8796,-0.5939,0.3106,-6.9239,6,34.5132,715,11.3934,1,2021-06-21,396,21,False,,,,-113_-9
A_853,A,68652_hist,True,-56.1689,-5.1401,20.6228,DESMATAMENTO_CR,2021-07-18,93,2021-08-17,-1.6362,-1.7595,0.5661,-11.1927,6,43.3651,1969,11.3934,1,2021-05-28,1624,28,True,2021-07-21,27.0,False,-113_-11
A_854,A,68659_hist,False,-55.998,-5.2427,12.357,DESMATAMENTO_CR,2021-07-18,93,2021-07-06,-1.0032,-1.0108,0.6557,-14.5997,5,30.9717,1191,11.3934,1,2021-07-03,423,27,True,2021-07-25,-19.0,True,-112_-11
A_855,A,68660_hist,True,-56.0658,-5.1603,11.4207,DESMATAMENTO_CR,2021-07-18,93,2021-06-30,-1.1289,-1.0098,0.5689,-11.531,6,30.6914,1058,11.3934,1,2021-06-27,417,24,False,,,,-113_-11
A_856,A,68661_hist,True,-56.2336,-4.8764,11.2477,DESMATAMENTO_CR,2021-07-18,93,2021-07-18,-0.5954,-0.6277,0.3293,-7.376,5,40.5886,1068,11.3934,1,2021-06-09,409,32,False,,,,-113_-10
A_857,A,68662_hist,True,-55.8007,-4.9071,30.1171,DESMATAMENTO_CR,2021-07-18,93,2021-07-12,-1.2488,-1.3623,0.6065,-12.2975,6,40.8788,2832,11.3934,1,2021-06-15,1788,26,False,,,,-112_-10
A_858,A,68668_hist,True,-55.6532,-4.7458,34.2522,DESMATAMENTO_CR,2021-07-18,93,2021-11-06,0.5142,0.3531,0.1731,4.597,12,38.5231,3342,11.3934,1,2021-07-03,353,21,False,,,,-112_-10
A_859,A,68671_hist,True,-55.9936,-4.8691,8.9357,DESMATAMENTO_CR,2021-07-18,93,2021-06-18,-1.362,-1.4659,0.7302,-17.1473,6,30.097,842,11.3934,1,2021-06-03,361,26,False,,,,-112_-10
A_860,A,68672_hist,False,-55.1231,-4.4083,6.8487,DESMATAMENTO_CR,2021-07-18,97,2021-06-24,-1.2342,-1.1482,0.6759,-15.7532,5,26.8293,626,11.3934,1,2021-05-16,313,23,True,2021-06-21,3.0,True,-111_-9
A_861,A,68674_hist,True,-56.0669,-4.8031,15.7324,DESMATAMENTO_CR,2021-07-18,93,2021-08-05,-1.3576,-1.7627,0.564,-11.2146,6,42.0302,1465,11.3934,1,2021-07-09,1049,22,True,2021-06-22,44.0,False,-113_-10
A_862,A,68675_hist,True,-55.8837,-4.891,7.0404,DESMATAMENTO_CR,2021-07-18,93,2021-07-30,-1.18,-1.1921,0.4177,-8.4869,5,49.4601,648,11.3934,1,2021-03-17,467,26,True,2021-07-26,4.0,False,-112_-10
A_863,A,68676_hist,False,-55.4258,-4.4921,47.7023,DESMATAMENTO_CR,2021-07-18,97,2020-12-26,0.312,0.3054,0.1475,4.3024,5,45.0988,4688,11.3934,1,2021-05-10,318,48,True,2021-06-22,-178.0,False,-111_-9
A_864,A,68677_hist,False,-55.072,-4.3416,10.4642,DESMATAMENTO_CR,2021-07-18,97,2021-07-12,-1.331,-1.4018,0.5611,-11.6035,6,38.5529,982,11.3934,1,2021-07-03,703,23,False,,,,-111_-9
A_865,A,68678_hist,True,-55.7916,-4.7318,37.3138,DESMATAMENTO_CR,2021-07-18,93,2021-07-18,-0.4327,-0.4344,0.2298,-5.4807,5,38.4725,3647,11.3934,1,2021-07-09,1020,26,True,2021-07-06,12.0,True,-112_-10
A_866,A,68679_hist,False,-55.1924,-4.3573,6.4011,DESMATAMENTO_CR,2021-07-18,97,2020-10-09,0.6438,0.8543,0.151,4.3439,6,19.5103,580,11.3934,1,,0,24,False,,,,-111_-9
A_867,A,68681_hist,False,-55.1796,-4.3334,22.4322,DESMATAMENTO_CR,2021-07-18,97,2020-12-26,0.5453,0.5313,0.3122,7.24,5,34.5275,2132,11.3934,1,2021-07-03,229,24,False,,,,-111_-9
A_868,A,68683_hist,False,-55.4601,-4.4671,38.3337,DESMATAMENTO_CR,2021-07-18,97,2021-07-30,-0.797,-0.9941,0.2574,-5.8257,5,54.5237,3754,11.3934,1,2021-06-27,1570,24,False,,,,-111_-9
A_869,A,68684_hist,False,-55.4029,-4.4345,9.524,DESMATAMENTO_CR,2021-07-18,97,2021-07-24,-1.014,-1.2458,0.2891,-6.3888,6,43.976,907,11.3934,1,2021-07-09,668,53,False,,,,-111_-9
A_870,A,68687_hist,True,-56.0935,-4.5426,20.0392,DESMATAMENTO_CR,2021-07-18,97,2021-08-05,-1.1695,-1.3872,0.4164,-8.4234,6,51.1255,1915,11.3934,1,2021-01-22,1799,27,True,2021-07-09,27.0,False,-113_-10
A_871,A,68691_hist,True,-55.8576,-4.7718,17.1316,DESMATAMENTO_CR,2021-07-18,93,2021-07-24,-0.7999,-0.7697,0.3867,-7.9554,6,46.3586,1660,11.3934,1,2021-07-09,683,29,False,,,,-112_-10
A_872,A,68692_hist,False,-55.3654,-4.2812,8.8323,DESMATAMENTO_CR,2021-07-18,97,2021-07-24,-1.5997,-1.7206,0.4775,-9.7056,6,46.9722,839,11.3934,1,2021-01-22,753,40,False,,,,-111_-9
A_873,A,68693_hist,False,-55.092,-4.288,8.8384,DESMATAMENTO_CR,2021-07-18,97,2021-07-12,-1.0202,-0.9354,0.5327,-11.4104,6,30.6464,818,11.3934,1,2021-07-15,399,24,True,2021-07-11,1.0,True,-111_-9
A_874,A,68696_hist,True,-55.8502,-4.7949,8.3233,DESMATAMENTO_CR,2021-07-18,93,2021-11-06,0.4067,0.4478,0.1106,3.6722,12,39.5067,791,11.3934,1,2021-07-09,220,30,False,,,,-112_-10
A_875,A,68698_hist,False,-55.0593,-4.2873,16.0748,DESMATAMENTO_CR,2021-07-18,97,2020-12-05,0.3717,0.3868,0.1734,4.8542,12,31.4861,1518,11.3934,1,2021-07-03,88,25,False,,,,-111_-9
A_876,A,68701_hist,True,-55.6406,-4.5428,19.3091,DESMATAMENTO_CR,2021-07-18,97,2021-07-24,-0.2719,-0.1439,0.0808,-2.9538,6,39.2171,1856,11.3934,1,2021-07-15,221,24,False,,,,-112_-10
A_877,A,68702_hist,True,-55.6756,-4.5125,2.6998,DESMATAMENTO_CR,2021-07-18,97,2020-12-17,0.718,0.2861,0.172,5.2693,11,12.9543,229,11.3934,1,,0,26,False,,,,-112_-10
A_878,A,68703_hist,True,-55.6788,-4.5123,19.1136,DESMATAMENTO_CR,2021-07-18,97,2021-08-05,-0.4213,-0.3453,0.1475,-4.1971,6,35.676,1826,11.3934,1,2021-07-03,386,20,False,,,,-112_-10
A_879,A,68704_hist,True,-55.6786,-4.5078,12.2597,DESMATAMENTO_CR,2021-07-18,97,2021-08-05,-0.3956,-0.6236,0.1953,-5.0199,6,40.2047,1175,11.3934,1,2021-06-27,364,23,False,,,,-112_-10
A_880,A,68705_hist,True,-56.059,-4.6053,26.1788,DESMATAMENTO_CR,2021-07-18,97,2021-07-12,-1.161,-1.0911,0.677,-14.7077,6,37.5881,2461,11.3934,1,2021-06-21,1219,27,True,2021-07-24,-12.0,True,-113_-10
A_881,A,68707_hist,True,-55.6241,-4.5408,65.1983,DESMATAMENTO_CR,2021-07-18,97,2020-12-17,0.285,0.1971,0.1281,3.9488,11,36.6055,6273,11.3934,1,2021-01-04,538,16,False,,,,-112_-10
A_882,A,68708_hist,True,-56.0716,-4.6979,13.4589,DESMATAMENTO_CR,2021-07-18,97,2021-06-30,-1.8776,-1.8198,0.552,-11.028,6,37.4072,1273,11.3934,1,2021-06-09,868,26,False,,,,-113_-10
A_883,A,68709_hist,False,-55.3542,-4.3273,31.1967,DESMATAMENTO_CR,2021-07-18,97,2021-07-24,-0.4231,-0.367,0.2147,-5.3503,6,37.5176,3026,11.3934,1,2021-06-21,825,48,True,2021-06-26,28.0,False,-111_-9
A_884,A,68710_hist,False,-55.4402,-3.9737,14.3372,DESMATAMENTO_CR,2021-07-18,97,2020-12-17,0.3999,0.2235,0.1075,3.5571,11,26.9155,1337,11.3934,1,2021-06-15,223,25,True,2021-06-26,-191.0,False,-111_-8
A_885,A,68712_hist,False,-55.4053,-3.9627,16.1917,DESMATAMENTO_CR,2021-07-18,97,2021-07-24,-0.3968,-0.3909,0.2234,-5.7544,6,25.706,1526,11.3934,1,2021-03-17,277,27,False,,,,-111_-8
A_886,A,68715_hist,False,-55.5485,-4.5195,8.8234,DESMATAMENTO_CR,2021-07-18,97,2021-06-24,-1.0136,-0.9436,0.5339,-11.4168,5,32.0955,779,11.3934,1,2021-06-27,347,20,False,,,,-112_-10
A_887,A,68716_hist,False,-55.3173,-4.3358,27.698,DESMATAMENTO_CR,2021-07-18,97,2021-07-24,-0.2099,-0.4024,0.091,-3.1244,6,45.1397,2670,11.3934,1,2021-06-15,793,44,True,2021-06-30,24.0,False,-111_-9
A_888,A,68717_hist,False,-55.4342,-4.3335,24.5496,DESMATAMENTO_CR,2021-07-18,97,2020-11-23,0.2472,0.3025,0.0831,3.0621,11,35.3258,2380,11.3934,1,2021-07-03,365,24,False,,,,-111_-9
A_889,A,68718_hist,False,-55.2871,-4.3217,12.7415,DESMATAMENTO_CR,2021-07-18,97,2020-12-17,0.4342,0.2574,0.0998,3.2772,11,44.6202,1229,11.3934,1,2021-05-28,239,37,False,,,,-111_-9
A_890,A,68756_hist,False,-55.2839,-4.347,16.9328,DESMATAMENTO_CR,2021-07-18,97,2021-07-24,-0.5544,-0.6298,0.1695,-4.4974,6,48.766,1621,11.3934,1,2021-07-03,990,45,False,,,,-111_-9
A_891,A,68807_hist,False,-55.5759,-4.4158,20.2943,DESMATAMENTO_CR,2021-07-18,97,2021-07-24,-0.5567,-0.558,0.4153,-9.0538,6,31.0537,1890,11.3934,1,2021-06-27,392,28,True,2021-06-23,31.0,False,-112_-9
A_892,A,68827_hist,False,-55.3546,-4.0981,5.599,DESMATAMENTO_CR,2021-07-18,97,2021-07-24,-0.8491,-0.83,0.4431,-10.1061,6,27.2726,528,11.3934,1,2021-07-09,207,48,True,2021-06-25,29.0,False,-111_-9
A_893,A,68840_hist,False,-55.3561,-4.0959,6.4646,DESMATAMENTO_CR,2021-07-18,97,2021-07-24,-0.7463,-0.6964,0.4007,-9.4701,6,30.4971,604,11.3934,1,2021-07-09,222,47,True,2021-06-25,29.0,False,-111_-9
A_894,A,68853_hist,False,-55.642,-4.155,20.1106,DESMATAMENTO_CR,2021-07-18,97,2020-12-17,0.3923,0.1582,0.1093,3.4207,11,37.5653,1937,11.3934,1,2021-06-09,321,27,True,2021-07-01,-196.0,False,-112_-9
A_895,A,68863_hist,False,-55.5611,-4.2309,22.0546,DESMATAMENTO_CR,2021-07-18,97,2021-07-24,-1.0744,-1.207,0.658,-14.274,6,32.0286,2125,11.3934,1,2021-07-09,630,26,False,,,,-112_-9
A_896,A,68877_hist,False,-56.2457,-3.9959,7.0671,DESMATAMENTO_CR,2021-07-18,97,2021-09-04,-1.1637,-1.6508,0.2594,-5.8614,5,52.0783,683,11.3934,1,2021-07-03,612,26,False,,,,-113_-8
A_897,A,68898_hist,False,-55.3366,-4.0137,19.6045,DESMATAMENTO_CR,2021-07-18,97,2021-07-18,-1.0947,-0.8055,0.4348,-8.8582,5,33.5844,1862,11.3934,1,2021-07-03,1177,49,False,,,,-111_-9
A_898,A,68952_hist,False,-55.3535,-4.0031,17.5233,DESMATAMENTO_CR,2021-07-19,97,2021-08-05,-0.6691,-0.4523,0.1799,-4.6166,6,51.8184,1672,11.3934,1,2021-07-15,424,29,False,,,,-111_-9
A_899,A,68962_hist,False,-55.4885,-4.0323,25.8297,DESMATAMENTO_CR,2021-07-19,97,2021-07-24,-0.4837,-0.465,0.2035,-5.1494,6,37.5058,2488,11.3934,1,2021-06-15,1009,24,False,,,,-111_-9
A_900,A,68964_hist,True,-56.0214,-4.8006,36.3409,DESMATAMENTO_CR,2021-07-19,93,2021-07-24,-0.5811,-0.6914,0.267,-5.9028,6,42.7759,3477,11.3934,1,2021-06-21,2418,29,True,2021-06-29,25.0,False,-113_-10
A_901,A,68967_hist,False,-55.377,-4.0979,7.2504,DESMATAMENTO_CR,2021-07-19,97,2021-10-01,0.8031,0.7435,0.3172,7.3422,12,37.4234,671,11.3934,1,2021-05-28,6,23,False,,,,-111_-9
A_902,A,68969_hist,True,-56.0339,-4.5833,27.1491,DESMATAMENTO_CR,2021-07-19,97,2021-08-05,-0.8636,-1.198,0.3281,-6.9295,6,53.7402,2586,11.3934,1,2021-01-16,2052,27,False,,,,-113_-10
A_903,A,68970_hist,False,-55.2717,-4.2375,7.7709,DESMATAMENTO_CR,2021-07-19,97,2021-11-27,1.302,1.1228,0.1811,4.6328,5,35.0787,707,11.3934,1,2021-05-22,504,45,False,,,,-111_-9
A_904,A,68972_hist,True,-55.8503,-4.7981,9.783,DESMATAMENTO_CR,2021-07-19,93,2021-11-06,0.3248,0.4392,0.0874,3.2324,12,40.2858,933,11.3934,1,2021-07-09,281,25,False,,,,-112_-10
A_905,A,68974_hist,False,-55.447,-4.4988,7.6087,DESMATAMENTO_CR,2021-07-19,96,2021-08-05,-1.8455,-2.6415,0.4521,-9.6303,6,53.8784,712,11.3934,1,2021-05-16,707,52,False,,,,-111_-9
A_906,A,68978_hist,False,-55.4264,-4.4875,17.482,DESMATAMENTO_CR,2021-07-19,97,2021-02-12,0.3125,0.3197,0.1653,4.7633,5,39.9893,1652,11.3934,1,2021-07-15,151,48,True,2021-06-22,-130.0,False,-111_-9
A_907,A,68982_hist,True,-56.1341,-4.8024,13.4692,DESMATAMENTO_CR,2021-07-19,93,2021-08-05,-0.8344,-0.7883,0.1746,-4.4474,6,42.7833,1279,11.3934,1,2021-06-27,769,25,False,,,,-113_-10
A_908,A,68984_hist,True,-55.9925,-5.1939,40.194,DESMATAMENTO_CR,2021-07-19,93,2021-06-30,-0.353,-0.2633,0.1452,-4.02,6,37.8849,3887,11.3934,1,2021-06-15,1102,23,True,2021-07-25,-25.0,True,-112_-11
A_909,A,68985_hist,True,-55.7323,-4.7304,20.3959,DESMATAMENTO_CR,2021-07-19,93,2021-12-03,0.7832,0.6374,0.1249,3.6913,6,37.0435,1920,11.3934,1,2021-06-27,549,22,False,,,,-112_-10
A_910,A,68987_hist,False,-55.4032,-4.4287,9.843,DESMATAMENTO_CR,2021-07-19,97,2021-07-24,-1.414,-1.4804,0.272,-6.0354,6,53.4115,853,11.3934,1,2021-05-22,829,47,False,,,,-111_-9
A_911,A,68990_hist,False,-56.1166,-5.2324,20.4605,DESMATAMENTO_CR,2021-07-19,93,2021-07-06,-0.7048,-0.5757,0.3512,-7.4144,5,30.5521,1910,11.3934,1,2021-06-21,693,26,True,2021-07-21,-15.0,True,-113_-11
A_912,A,69038_hist,False,-55.2427,-4.4249,21.3556,DESMATAMENTO_CR,2021-07-19,97,2021-12-09,0.5384,0.3718,0.0709,2.7464,5,33.3079,2028,11.3934,1,2021-01-16,926,37,False,,,,-111_-9
A_913,A,69039_hist,False,-55.104,-4.3893,16.6189,DESMATAMENTO_CR,2021-07-19,97,2021-06-30,-0.5503,-0.6274,0.1415,-4.0644,6,49.3876,1579,11.3934,1,2021-03-29,441,22,False,,,,-111_-9
A_914,A,69042_hist,False,-55.1208,-4.4247,23.5342,DESMATAMENTO_CR,2021-07-19,97,2021-11-15,0.4684,0.2657,0.117,3.6008,5,38.1764,2266,11.3934,1,2021-06-21,354,22,False,,,,-111_-9
A_915,A,69048_hist,True,-55.6505,-4.5179,1.5463,DESMATAMENTO_CR,2021-07-19,97,2021-02-12,0.6502,-0.0275,0.0745,2.1812,5,49.1734,127,11.3934,1,2021-07-15,14,21,False,,,,-112_-10
A_916,A,69049_hist,True,-55.65,-4.5207,15.7631,DESMATAMENTO_CR,2021-07-19,97,2021-06-30,-0.8794,-1.2768,0.4269,-8.8506,6,54.5479,1498,11.3934,1,2021-06-27,604,20,False,,,,-112_-10
A_917,A,69053_hist,False,-55.5078,-4.545,10.6086,DESMATAMENTO_CR,2021-07-19,93,2021-07-24,-0.617,-0.6146,0.3012,-6.7118,6,38.0893,1011,11.3934,1,2021-02-09,364,26,True,2021-07-26,-2.0,False,-112_-10
A_918,A,69054_hist,True,-55.6283,-4.5155,33.1709,DESMATAMENTO_CR,2021-07-19,97,2021-08-05,-0.1671,-0.3876,0.0719,-2.6808,6,49.9038,3217,11.3934,1,2021-07-03,780,23,True,2021-07-12,24.0,False,-112_-10
A_919,A,69055_hist,True,-55.6204,-4.5176,42.1231,DESMATAMENTO_CR,2021-07-19,97,2020-12-17,0.3365,0.2436,0.1046,3.4183,11,41.5351,4005,11.3934,1,2021-06-27,634,24,True,2021-07-12,-207.0,False,-112_-10
A_920,A,69057_hist,False,-55.5419,-4.4795,13.1009,DESMATAMENTO_CR,2021-07-19,97,2020-12-26,0.3339,0.2895,0.133,4.0931,5,38.996,1246,11.3934,1,2021-07-03,150,25,True,2021-07-21,-207.0,False,-112_-9
A_921,A,69059_hist,False,-55.5246,-4.4609,15.1323,DESMATAMENTO_CR,2021-07-19,97,2021-10-18,0.5282,0.3403,0.1925,4.9765,2,39.5516,1452,11.3934,1,2021-03-23,295,24,True,2021-07-22,88.0,False,-112_-9
A_922,A,69061_hist,False,-55.6094,-4.4602,47.4527,DESMATAMENTO_CR,2021-07-19,97,2020-12-26,0.3802,0.2588,0.1426,4.0722,5,41.047,4604,11.3934,1,2021-07-09,469,21,False,,,,-112_-9
A_923,A,69063_hist,False,-55.0396,-4.2539,8.139,DESMATAMENTO_CR,2021-07-19,97,2021-07-24,-0.7015,-0.8301,0.3465,-7.5291,6,36.9392,753,11.3934,1,2021-01-04,327,25,True,2021-06-25,29.0,False,-111_-9
A_924,A,69077_hist,False,-55.163,-4.1621,14.8742,DESMATAMENTO_CR,2021-07-19,97,2021-09-10,-0.1787,-0.4896,0.0605,-2.4342,6,46.542,1403,11.3934,1,2021-08-20,446,22,False,,,,-111_-9
A_925,A,69079_hist,False,-55.1564,-4.1599,16.3107,DESMATAMENTO_CR,2021-07-19,97,2021-07-24,-0.4222,-0.5846,0.12,-3.6927,6,44.6609,1570,11.3934,1,2021-06-27,390,28,False,,,,-111_-9
A_926,A,69088_hist,False,-55.0738,-4.2722,24.2017,DESMATAMENTO_CR,2021-07-19,97,2021-07-24,-0.6417,-0.5237,0.2468,-5.704,6,35.1772,2352,11.3934,1,2021-07-09,945,24,False,,,,-111_-9
A_927,A,69089_hist,True,-55.6795,-4.4885,11.1433,DESMATAMENTO_CR,2021-07-19,97,2022-01-17,0.402,0.3844,0.0596,2.7442,11,30.4301,1055,11.3934,1,2021-06-15,190,24,False,,,,-112_-9
A_928,A,69090_hist,True,-55.5992,-4.4809,20.992,DESMATAMENTO_CR,2021-07-19,97,2021-06-30,-0.3873,-0.2928,0.1506,-4.2943,6,37.7359,2046,11.3934,1,2021-05-28,456,19,True,2021-07-08,-8.0,True,-112_-9
A_929,A,69091_hist,False,-55.6698,-4.4467,9.082,DESMATAMENTO_CR,2021-07-19,97,2020-12-26,0.4645,0.4199,0.2151,5.7724,5,42.6133,840,11.3934,1,2021-06-27,122,25,True,2021-06-28,-184.0,False,-112_-9
A_930,A,69092_hist,False,-55.7061,-4.3817,6.7814,DESMATAMENTO_CR,2021-07-19,97,2021-07-24,-0.3987,-0.3274,0.1216,-3.9151,6,40.5456,640,11.3934,1,2021-01-22,269,23,True,2021-07-14,10.0,False,-112_-9
A_931,A,69102_hist,False,-55.5352,-4.3762,12.3294,DESMATAMENTO_CR,2021-07-19,97,2021-07-24,-0.4699,-0.3767,0.2524,-6.418,6,31.9222,1187,11.3934,1,2021-07-09,367,24,False,,,,-112_-9
A_932,A,69699_hist,False,-55.0835,-4.2149,6.4637,DESMATAMENTO_CR,2021-07-20,97,2021-06-30,-1.2578,-1.2806,0.5373,-11.2042,6,48.9439,583,11.3934,1,2021-05-28,429,23,True,2021-06-28,2.0,True,-111_-9
A_933,A,69763_hist,False,-55.3525,-4.4283,12.2488,DESMATAMENTO_CR,2021-07-20,97,2020-11-23,0.4319,0.1783,0.1233,3.9528,11,25.9495,1172,11.3934,1,2021-06-27,218,49,False,,,,-111_-9
A_934,A,72038_hist,False,-56.016,-5.2149,6.5466,DESMATAMENTO_CR,2021-07-23,93,2021-06-30,-0.9681,-1.1936,0.4113,-8.4378,6,48.7065,594,11.3934,1,2021-02-27,517,20,False,,,,-113_-11
A_935,A,72053_hist,True,-56.0156,-4.8592,13.4129,DESMATAMENTO_CR,2021-07-23,93,2021-09-10,-1.3288,-1.5993,0.4349,-8.5954,6,57.7346,1297,11.3934,1,2021-06-21,787,24,False,,,,-113_-10
A_936,A,72064_hist,True,-56.1018,-4.8568,12.3887,DESMATAMENTO_CR,2021-07-23,93,2021-07-18,-0.5997,-0.4023,0.3465,-7.545,5,38.2943,1152,11.3934,1,2021-05-28,471,25,True,2021-07-18,0.0,True,-113_-10
A_937,A,72077_hist,True,-55.7371,-4.7307,17.8012,DESMATAMENTO_CR,2021-07-23,93,2021-08-05,-0.8431,-0.8116,0.2151,-5.0571,6,39.5698,1727,11.3934,1,2021-06-15,1145,19,False,,,,-112_-10
A_938,A,72079_hist,True,-55.7304,-4.7346,15.004,DESMATAMENTO_CR,2021-07-23,93,2021-08-05,-0.7938,-0.8603,0.2917,-6.3393,6,35.3944,1397,11.3934,1,2021-07-03,929,23,False,,,,-112_-10
A_939,A,72081_hist,True,-56.0579,-4.6133,13.9329,DESMATAMENTO_CR,2021-07-23,97,2021-08-05,-0.5437,-0.4994,0.2727,-6.5529,6,37.9148,1303,11.3934,1,2021-07-15,541,27,True,2021-07-24,12.0,False,-113_-10
A_940,A,72086_hist,True,-55.6998,-4.59,17.455,DESMATAMENTO_CR,2021-07-23,97,2021-07-24,-0.7023,-0.6694,0.3469,-7.5351,6,43.1608,1662,11.3934,1,2021-07-03,824,26,True,2021-07-10,14.0,False,-112_-10
A_941,A,72087_hist,True,-56.1311,-4.5907,9.7367,DESMATAMENTO_CR,2021-07-23,97,2021-07-24,-1.2602,-1.2211,0.3834,-7.9209,6,48.2333,922,11.3934,1,2021-06-27,523,22,True,2021-07-03,21.0,False,-113_-10
A_942,A,72088_hist,False,-55.2553,-4.2959,7.445,DESMATAMENTO_VEG,2021-07-23,97,2021-02-12,0.2437,0.5358,0.1001,3.3703,5,23.0427,704,11.3934,1,2021-02-03,66,55,False,,,,-111_-9
A_943,A,72091_hist,True,-55.6988,-4.5472,15.7196,DESMATAMENTO_CR,2021-07-23,97,2021-07-24,-1.2246,-1.1745,0.5505,-11.175,6,40.479,1483,11.3934,1,2021-06-15,968,25,True,2021-07-11,13.0,False,-112_-10
A_944,A,72098_hist,True,-55.6146,-4.5009,7.4737,DESMATAMENTO_CR,2021-07-23,97,2021-07-24,-0.5963,-0.8896,0.284,-6.6023,6,48.0435,687,11.3934,1,2021-06-27,448,15,True,2021-07-27,-3.0,False,-112_-10
A_945,A,72109_hist,True,-56.0683,-4.6027,7.4604,DESMATAMENTO_CR,2021-07-23,97,2021-07-12,-0.8746,-0.9095,0.2727,-6.1812,6,44.5259,708,11.3934,1,2021-06-27,640,26,True,2021-07-24,-12.0,True,-113_-10
A_946,A,72114_hist,False,-55.7469,-4.3443,7.6287,DESMATAMENTO_CR,2021-07-23,97,2021-02-12,0.2432,0.1754,0.0474,2.2914,5,41.6187,702,11.3934,1,2021-07-27,159,33,True,2021-07-22,-160.0,False,-112_-9
A_947,A,72115_hist,False,-55.5127,-4.3495,6.8799,DESMATAMENTO_CR,2021-07-23,97,2021-07-12,-1.2951,-1.3214,0.6221,-13.3419,6,35.2742,631,11.3934,1,2021-07-09,443,24,False,,,,-112_-9
A_948,A,72116_hist,False,-55.5702,-4.0225,9.2833,DESMATAMENTO_CR,2021-07-23,97,2021-07-24,-1.0868,-1.3129,0.3363,-7.1522,6,48.2382,864,11.3934,1,2021-07-09,176,29,False,,,,-112_-9
A_949,A,72126_hist,False,-55.7401,-3.9639,8.5779,DESMATAMENTO_CR,2021-07-23,97,2021-07-18,-1.0012,-0.8862,0.4804,-10.2517,5,34.2165,783,11.3934,1,2021-06-03,285,29,True,2021-07-20,-2.0,True,-112_-8
A_950,A,72133_hist,False,-55.3493,-3.9468,21.3745,DESMATAMENTO_CR,2021-07-23,97,2021-07-18,-0.6336,-0.7176,0.3426,-7.4425,5,40.6508,2035,11.3934,1,2021-06-27,856,32,False,,,,-111_-8
A_951,A,73739_hist,True,-56.1693,-5.137,14.566,DESMATAMENTO_CR,2021-07-26,93,2021-08-17,-2.0186,-2.2772,0.5642,-11.0843,6,47.9437,1404,11.3934,1,2021-06-27,1384,27,True,2021-07-21,27.0,False,-113_-11
A_952,A,73741_hist,True,-56.0279,-5.1141,14.2539,DESMATAMENTO_CR,2021-07-26,93,2021-07-18,-0.3637,-0.0409,0.0777,-2.436,5,36.9142,1341,11.3934,1,2021-07-15,373,26,False,,,,-113_-11
A_953,A,73742_hist,True,-56.0686,-5.1594,8.2145,DESMATAMENTO_CR,2021-07-26,93,2021-07-24,-1.479,-1.565,0.4595,-9.053,6,49.5892,744,11.3934,1,2021-05-28,695,24,False,,,,-113_-11
A_954,A,73744_hist,True,-56.0009,-5.1924,14.2216,DESMATAMENTO_CR,2021-07-26,93,2021-10-22,0.1401,0.3852,0.0682,2.5821,5,38.0938,1298,11.3934,1,2021-07-27,187,23,True,2021-07-25,89.0,False,-113_-11
A_955,A,73753_hist,False,-55.8221,-5.3031,24.9507,DESMATAMENTO_CR,2021-07-26,93,2021-11-06,0.4333,0.5319,0.2261,5.68,12,30.1095,2433,11.3934,1,2021-05-22,332,21,False,,,,-112_-11
A_956,A,73757_hist,True,-55.9991,-5.1951,12.0392,DESMATAMENTO_CR,2021-07-26,93,2021-10-22,0.2968,0.403,0.1144,3.6757,5,41.128,1159,11.3934,1,2021-07-09,169,22,True,2021-07-25,89.0,False,-112_-11
A_957,A,73769_hist,True,-56.0204,-5.193,10.9787,DESMATAMENTO_CR,2021-07-26,93,2021-07-24,-1.3282,-1.5205,0.5072,-9.9811,6,41.8388,1019,11.3934,1,2021-07-21,874,26,True,2021-07-29,-5.0,True,-113_-11
A_958,A,73772_hist,True,-55.9814,-4.8172,22.8652,DESMATAMENTO_CR,2021-07-26,93,2021-08-17,-0.7004,-0.9591,0.3328,-6.9668,6,40.1096,2213,11.3934,1,2021-07-03,1487,27,False,,,,-112_-10
A_959,A,73776_hist,True,-55.8529,-4.7971,18.4804,DESMATAMENTO_CR,2021-07-26,93,2021-08-05,-0.4441,-0.3484,0.1544,-4.3075,6,46.81,1766,11.3934,1,2021-07-21,387,25,False,,,,-112_-10
A_960,A,73777_hist,True,-55.9444,-4.8219,17.1365,DESMATAMENTO_CR,2021-07-26,93,2021-08-17,-1.5666,-1.7803,0.3774,-7.5114,6,54.745,1647,11.3934,1,2021-07-09,1346,27,False,,,,-112_-10
A_961,A,73778_hist,True,-55.8611,-4.7726,33.8645,DESMATAMENTO_CR,2021-07-26,93,2021-08-05,-0.2295,-0.304,0.0651,-2.6177,6,46.2208,3309,11.3934,1,2021-07-03,1107,31,False,,,,-112_-10
A_962,A,73779_hist,True,-55.9872,-4.7704,19.3337,DESMATAMENTO_CR,2021-07-26,93,2021-07-30,-1.5751,-1.706,0.5338,-10.4118,5,48.7246,1860,11.3934,1,2021-05-22,1592,30,False,,,,-112_-10
A_963,A,73781_hist,True,-55.8323,-4.8963,22.9362,DESMATAMENTO_CR,2021-07-26,93,2021-07-30,-1.1594,-1.2811,0.3975,-7.9321,5,41.4552,2177,11.3934,1,2021-07-09,1244,28,True,2021-07-16,14.0,False,-112_-10
A_964,A,73782_hist,True,-55.995,-4.7478,11.538,DESMATAMENTO_CR,2021-07-26,93,2021-07-24,-1.539,-1.6813,0.456,-8.9136,6,41.3398,1075,11.3934,1,2021-01-10,704,33,False,,,,-112_-10
A_965,A,73790_hist,True,-55.7574,-4.638,23.098,DESMATAMENTO_CR,2021-07-26,93,2020-10-21,0.3678,0.231,0.1,3.36,6,30.705,2224,11.3934,1,2021-07-15,486,31,False,,,,-112_-10
A_966,A,73791_hist,True,-55.9563,-4.4983,13.9964,DESMATAMENTO_CR,2021-07-26,97,2021-08-05,-0.9662,-1.133,0.2988,-6.5064,6,42.1336,1320,11.3934,1,2021-05-16,768,31,False,,,,-112_-9
A_967,A,73811_hist,False,-55.3593,-4.3272,23.2671,DESMATAMENTO_CR,2021-07-26,97,2020-12-17,0.3048,0.149,0.075,2.7793,11,42.3975,2229,11.3934,1,2021-06-15,306,48,False,,,,-111_-9
A_968,A,73812_hist,False,-55.3745,-4.0448,8.6077,DESMATAMENTO_CR,2021-07-26,97,2020-11-23,1.2396,1.698,0.3756,7.7852,11,19.2658,819,11.3934,1,,0,27,False,,,,-111_-9
A_969,A,73816_hist,False,-55.3535,-3.9974,14.3491,DESMATAMENTO_CR,2021-07-26,97,2021-08-05,-0.4684,-0.4751,0.1267,-3.8472,6,46.1439,1331,11.3934,1,2021-07-27,356,21,False,,,,-111_-8
A_970,A,73908_hist,False,-55.244,-4.4586,8.2228,DESMATAMENTO_CR,2021-07-26,93,2021-08-05,-0.4027,-0.2357,0.1405,-4.2815,6,34.4189,765,11.3934,1,2021-06-27,151,25,False,,,,-111_-9
A_971,A,73921_hist,False,-55.1576,-4.4249,7.2781,DESMATAMENTO_CR,2021-07-26,97,2021-08-17,-0.6676,-0.6104,0.1448,-4.0951,6,36.554,666,11.3934,1,2021-07-09,401,21,False,,,,-111_-9
A_972,A,73923_hist,False,-55.2336,-4.3941,12.1879,DESMATAMENTO_CR,2021-07-26,97,2021-06-18,-0.56,-0.567,0.2745,-6.3298,6,44.9927,1132,11.3934,1,2021-05-28,498,26,False,,,,-111_-9
A_973,A,73930_hist,True,-55.6392,-4.5392,32.0286,DESMATAMENTO_CR,2021-07-26,97,2020-12-05,0.4024,0.2669,0.1847,4.9483,12,41.3493,3061,11.3934,1,2021-07-21,444,23,False,,,,-112_-10
A_974,A,73931_hist,True,-55.6274,-4.5446,28.1138,DESMATAMENTO_CR,2021-07-26,97,2020-12-26,0.3429,0.2563,0.1628,4.8142,5,35.0244,2707,11.3934,1,2021-07-15,184,20,False,,,,-112_-10
A_975,A,73932_hist,True,-55.7116,-4.5403,11.4738,DESMATAMENTO_CR,2021-07-26,97,2020-12-17,0.7933,2.0233,0.2527,5.6643,11,45.5754,1062,11.3934,1,,0,18,False,,,,-112_-10
A_976,A,73937_hist,False,-55.1449,-4.4241,7.1247,DESMATAMENTO_CR,2021-07-26,97,2020-12-17,0.825,0.6681,0.3243,7.2253,11,38.0567,671,11.3934,1,2021-07-27,24,22,False,,,,-111_-9
A_977,A,73938_hist,False,-55.1225,-4.4161,7.7875,DESMATAMENTO_CR,2021-07-26,97,2021-07-24,-0.4849,-0.4922,0.16,-4.5546,6,34.7132,722,11.3934,1,2021-05-22,302,23,False,,,,-111_-9
A_978,A,73941_hist,True,-55.6007,-4.5222,9.6947,DESMATAMENTO_CR,2021-07-26,97,2021-08-05,-0.4192,-0.4972,0.134,-4.059,6,49.2993,909,11.3934,1,2021-06-27,337,18,False,,,,-112_-10
A_979,A,73944_hist,False,-55.1302,-4.3619,6.217,DESMATAMENTO_CR,2021-07-26,97,2021-07-24,-0.929,-1.0166,0.4385,-9.151,6,33.8585,571,11.3934,1,2021-06-03,293,23,False,,,,-111_-9
A_980,A,73950_hist,False,-55.137,-4.3346,7.4753,DESMATAMENTO_CR,2021-07-26,97,2020-12-26,0.3899,0.2716,0.1218,4.1094,5,39.3947,679,11.3934,1,2021-07-27,41,24,True,2021-07-25,-211.0,False,-111_-9
A_981,A,73952_hist,False,-55.0735,-4.3428,8.6475,DESMATAMENTO_CR,2021-07-26,97,2021-08-05,-0.3895,-0.399,0.1046,-3.5193,6,39.5158,815,11.3934,1,2021-07-27,257,24,True,2021-07-30,6.0,False,-111_-9
A_982,A,73955_hist,True,-55.6051,-4.5305,14.7689,DESMATAMENTO_CR,2021-07-26,97,2020-12-26,1.3891,1.5684,0.4726,9.4018,5,27.3475,1419,11.3934,1,2021-07-03,29,19,False,,,,-112_-10
A_983,A,73957_hist,True,-55.626,-4.5184,13.5849,DESMATAMENTO_CR,2021-07-26,97,2020-12-17,0.4573,0.2094,0.1098,3.4443,11,39.6796,1243,11.3934,1,2021-06-21,253,23,False,,,,-112_-10
A_984,A,73962_hist,False,-55.054,-4.2356,7.6482,DESMATAMENTO_CR,2021-07-26,97,2021-07-12,-0.7461,-0.8012,0.291,-6.7619,6,38.4972,704,11.3934,1,2021-06-27,435,25,True,2021-07-14,-2.0,True,-111_-9
A_985,A,73964_hist,False,-55.5478,-4.489,14.825,DESMATAMENTO_CR,2021-07-26,97,2021-07-24,-0.4136,-0.4187,0.2315,-5.7268,6,37.6806,1405,11.3934,1,2021-07-27,241,21,True,2021-07-21,3.0,True,-112_-9
A_986,A,73965_hist,False,-55.6668,-4.4476,16.1267,DESMATAMENTO_CR,2021-07-26,97,2021-07-12,-0.3488,-0.399,0.1992,-5.1107,6,40.1187,1545,11.3934,1,2021-06-09,420,27,True,2021-06-28,14.0,True,-112_-9
A_987,A,73967_hist,False,-55.5935,-4.4207,40.1648,DESMATAMENTO_CR,2021-07-26,97,2020-11-23,0.3767,0.2448,0.1576,4.3547,11,35.6549,3824,11.3934,1,2021-07-15,287,25,False,,,,-112_-9
A_988,A,73968_hist,False,-55.7468,-4.3472,24.9174,DESMATAMENTO_CR,2021-07-26,97,2021-08-05,-0.6012,-0.5865,0.2391,-5.6475,6,47.4308,2446,11.3934,1,2021-07-15,980,31,True,2021-07-22,14.0,False,-112_-9
A_989,A,73972_hist,False,-55.094,-4.2872,8.0834,DESMATAMENTO_CR,2021-07-26,97,2020-12-17,0.3872,0.2596,0.0994,3.5056,11,42.6269,744,11.3934,1,2021-06-09,211,24,False,,,,-111_-9
A_990,A,73973_hist,False,-55.0742,-4.2756,9.1331,DESMATAMENTO_CR,2021-07-26,97,2020-10-27,0.2897,0.3363,0.0985,3.5493,5,30.7662,860,11.3934,1,2021-07-21,125,23,False,,,,-111_-9
A_991,A,73975_hist,False,-55.7086,-4.3832,17.1652,DESMATAMENTO_CR,2021-07-26,97,2022-01-17,0.4257,0.5005,0.0566,2.4846,11,39.0096,1637,11.3934,1,2021-01-16,484,28,False,,,,-112_-9
A_992,A,73979_hist,False,-55.1022,-4.1874,13.0935,DESMATAMENTO_CR,2021-07-26,97,2021-07-24,-1.1027,-1.3868,0.363,-7.5861,6,36.3189,1240,11.3934,1,2021-07-21,1028,22,True,2021-07-25,-1.0,True,-111_-9
A_993,A,73984_hist,False,-55.5016,-4.3343,15.0366,DESMATAMENTO_CR,2021-07-26,97,2021-07-24,-0.2822,-0.3597,0.1277,-3.9213,6,37.2206,1434,11.3934,1,2021-07-21,319,25,False,,,,-112_-9
A_994,A,73999_hist,False,-55.5622,-4.2274,19.1022,DESMATAMENTO_CR,2021-07-26,97,2021-08-17,-0.7471,-0.8793,0.2735,-6.1844,6,50.5072,1820,11.3934,1,2021-07-15,618,28,False,,,,-112_-9
A_995,A,74003_hist,False,-55.4992,-4.3329,7.0764,DESMATAMENTO_CR,2021-07-26,97,2021-07-24,-0.4357,-0.549,0.2108,-5.8993,6,35.2544,675,11.3934,1,2021-07-15,229,26,False,,,,-111_-9
A_996,A,76520_hist,False,-56.3246,-4.3945,9.4509,DESMATAMENTO_CR,2021-07-28,97,2021-06-30,-0.6827,-0.6311,0.2619,-6.1926,6,31.6926,894,11.3934,1,2021-07-03,314,31,False,,,,-113_-9
A_997,A,76522_hist,False,-56.3129,-4.276,15.406,DESMATAMENTO_CR,2021-07-28,97,2021-07-06,-0.5221,-0.3866,0.1444,-4.042,5,18.981,1426,11.3934,1,2021-03-17,159,26,False,,,,-113_-9
A_998,A,76532_hist,False,-56.3766,-4.2422,8.3294,DESMATAMENTO_CR,2021-07-28,97,2020-12-17,0.5387,0.5398,0.3252,7.9933,11,22.6299,741,11.3934,1,2021-06-15,42,26,False,,,,-113_-9
A_999,A,76678_hist,False,-55.2051,-4.4435,8.7077,DESMATAMENTO_CR,2021-07-29,97,2021-01-25,-0.8872,-0.824,0.3687,-8.0791,6,53.441,804,11.3934,1,2021-01-10,207,20,False,,,,-111_-9
A_1000,A,76679_hist,False,-55.1846,-4.4433,11.1562,DESMATAMENTO_CR,2021-07-29,93,2020-08-04,-1.4833,-1.3321,0.1525,-4.0945,5,40.4269,1014,11.3934,1,2021-01-28,7,24,False,,,,-111_-9
A_1001,A,76680_hist,False,-55.1792,-4.214,9.9994,DESMATAMENTO_CR,2021-07-29,97,2021-09-10,-0.8152,-0.9277,0.311,-6.9136,6,30.8428,939,11.3934,1,2021-08-02,685,25,True,2021-08-08,33.0,False,-111_-9
A_1002,A,76682_hist,False,-55.1854,-4.26,10.4223,DESMATAMENTO_CR,2021-07-29,97,2020-12-26,0.7839,0.8958,0.3812,8.1101,5,28.8525,970,11.3934,1,2022-02-28,4,22,False,,,,-111_-9
A_1003,A,76686_hist,False,-55.0684,-4.2707,8.0222,DESMATAMENTO_CR,2021-07-29,97,2020-10-27,0.3902,0.649,0.0777,2.8992,5,45.9837,733,11.3934,1,2021-05-04,102,23,False,,,,-111_-9
A_1004,A,76688_hist,False,-55.0752,-4.3627,9.8931,DESMATAMENTO_CR,2021-07-29,97,2021-07-24,-0.9072,-0.8399,0.3302,-7.122,6,38.6328,853,11.3934,1,2021-06-09,521,23,True,2021-07-20,4.0,True,-111_-9
A_1005,A,77718_hist,True,-55.9952,-5.1933,17.6726,DESMATAMENTO_CR,2021-07-31,93,2020-10-09,0.4075,0.3486,0.1369,4.2503,6,39.1769,1705,11.3934,1,2021-07-21,210,19,True,2021-07-25,-289.0,False,-112_-11
A_1006,A,77722_hist,True,-56.0264,-5.1146,9.619,DESMATAMENTO_CR,2021-07-31,93,2021-07-24,-1.3091,-1.2821,0.6744,-15.3263,6,36.5007,901,11.3934,1,2021-07-15,534,28,False,,,,-113_-11
A_1007,A,77728_hist,True,-56.0394,-4.8946,66.9935,DESMATAMENTO_CR,2021-07-31,93,2021-07-24,-0.7085,-0.6889,0.3462,-7.1448,6,38.6514,6544,11.3934,1,2021-06-21,3638,28,False,,,,-113_-10
A_1008,A,77729_hist,True,-56.0315,-4.7961,3.5023,DESMATAMENTO_CR,2021-07-31,93,2021-07-30,-0.9583,-1.2329,0.4349,-9.5852,5,37.1085,303,11.3934,1,2021-05-10,185,29,False,,,,-113_-10
A_1009,A,77730_hist,True,-56.032,-4.7946,2.7601,DESMATAMENTO_CR,2021-07-31,93,2022-01-05,0.6645,0.7335,0.0814,3.182,12,37.6837,244,11.3934,1,2021-07-21,148,28,False,,,,-113_-10
A_1010,A,77733_hist,True,-56.1326,-5.0035,11.2701,DESMATAMENTO_CR,2021-07-31,93,2021-07-24,-1.0552,-1.0442,0.3543,-7.2535,6,40.8349,1085,11.3934,1,2021-05-16,746,29,False,,,,-113_-11
A_1011,A,77737_hist,True,-56.1735,-5.1341,8.1229,DESMATAMENTO_CR,2021-07-31,93,2021-08-23,-2.1077,-2.6929,0.5846,-11.6493,5,44.0644,765,11.3934,1,2021-07-21,732,25,True,2021-07-21,33.0,False,-113_-11
A_1012,A,77739_hist,True,-56.1665,-5.1355,6.6332,DESMATAMENTO_CR,2021-07-31,93,2021-08-17,-2.5986,-2.7289,0.7383,-16.8334,6,39.4151,608,11.3934,1,2021-05-04,587,25,True,2021-07-21,27.0,False,-113_-11
A_1013,A,78489_hist,True,-56.2304,-4.9244,8.9227,DESMATAMENTO_CR,2021-08-02,93,2021-06-24,-0.3466,-0.347,0.1088,-3.5325,5,42.3765,816,11.3934,1,2021-06-27,354,23,False,,,,-113_-10
A_1014,A,78778_hist,False,-56.2592,-4.0068,6.9135,DESMATAMENTO_CR,2021-08-03,97,2021-08-05,-1.5467,-1.5037,0.4174,-8.507,6,32.9005,649,11.3934,1,2021-07-27,570,25,True,2021-08-02,3.0,False,-113_-9
A_1015,A,78780_hist,False,-56.3719,-4.3141,6.8986,DESMATAMENTO_CR,2021-08-03,97,2021-08-05,-0.6834,-0.5822,0.3458,-7.9093,6,31.293,636,11.3934,1,2021-05-16,275,27,False,,,,-113_-9
A_1016,A,78797_hist,True,-56.2019,-4.8045,13.4691,DESMATAMENTO_CR,2021-08-03,93,2021-07-30,-1.092,-1.1636,0.3785,-7.622,5,42.8839,1295,11.3934,1,2021-02-21,844,27,True,2021-07-22,8.0,True,-113_-10
A_1017,A,78798_hist,True,-56.2015,-4.8729,7.709,DESMATAMENTO_CR,2021-08-03,93,2021-07-30,-1.5688,-1.6732,0.5829,-11.9721,5,37.0843,720,11.3934,1,2021-07-09,641,31,False,,,,-113_-10
A_1018,A,78802_hist,False,-55.3533,-3.9932,12.4949,DESMATAMENTO_CR,2021-08-03,97,2021-08-05,-0.7408,-0.8478,0.2077,-5.1865,6,44.9482,1195,11.3934,1,2021-07-27,572,29,False,,,,-111_-8
A_1019,A,78808_hist,False,-55.3353,-4.0224,9.2895,DESMATAMENTO_CR,2021-08-03,97,2021-12-03,0.4409,0.5387,0.08,3.0764,6,32.8809,861,11.3934,1,2021-07-27,177,57,False,,,,-111_-9
A_1020,A,78938_hist,False,-55.3424,-4.022,51.0155,DESMATAMENTO_CR,2021-08-03,97,2020-12-26,0.3453,0.3297,0.1976,5.3978,5,29.5608,4976,11.3934,1,2021-06-03,337,56,False,,,,-111_-9
A_1021,A,78939_hist,False,-55.3931,-3.9824,8.3935,DESMATAMENTO_CR,2021-08-03,97,2020-12-26,0.3567,0.2946,0.0943,3.4694,5,43.2962,782,11.3934,1,2021-07-15,216,22,False,,,,-111_-8
A_1022,A,78947_hist,False,-55.4379,-4.3343,9.4946,DESMATAMENTO_CR,2021-08-03,97,2020-12-26,0.3606,0.346,0.108,3.7084,5,37.2391,904,11.3934,1,2021-07-15,126,27,False,,,,-111_-9
A_1023,A,78949_hist,False,-55.3618,-4.3436,18.2708,DESMATAMENTO_CR,2021-08-03,97,2020-12-05,0.4274,0.3087,0.2172,5.7699,12,29.6524,1751,11.3934,1,2021-06-09,87,56,False,,,,-111_-9
A_1024,A,78958_hist,False,-55.3941,-4.4924,10.4069,DESMATAMENTO_CR,2021-08-03,93,2021-07-24,-0.4818,-0.586,0.2759,-6.3696,6,40.7159,1005,11.3934,1,2021-07-15,341,49,False,,,,-111_-9
A_1025,A,78960_hist,True,-55.8856,-4.8932,7.4328,DESMATAMENTO_CR,2021-08-03,93,2021-07-30,-0.9048,-0.6767,0.312,-6.7855,5,38.6868,676,11.3934,1,2021-07-03,173,27,True,2021-07-26,4.0,True,-112_-10
A_1026,A,78976_hist,True,-55.9655,-4.8048,11.4451,DESMATAMENTO_CR,2021-08-03,93,2021-07-12,-0.8716,-1.151,0.382,-7.8729,6,49.4569,1033,11.3934,1,2021-02-27,748,28,False,,,,-112_-10
A_1027,A,78980_hist,True,-55.8314,-4.7562,9.3849,DESMATAMENTO_CR,2021-08-03,93,2021-10-16,0.4998,0.6464,0.3054,7.106,6,32.1219,888,11.3934,1,2021-07-03,54,24,False,,,,-112_-10
A_1028,A,80180_hist,True,-56.2304,-4.927,12.5837,DESMATAMENTO_CR,2021-08-06,93,2021-06-24,-0.3699,-0.3679,0.1272,-3.9417,5,36.3218,1181,11.3934,1,2021-01-10,384,24,False,,,,-113_-10
A_1029,A,80183_hist,False,-56.1084,-5.207,17.3474,DESMATAMENTO_CR,2021-08-06,93,2021-07-30,-0.5882,-0.4886,0.2116,-5.0787,5,36.263,1584,11.3934,1,2021-06-15,668,22,False,,,,-113_-11
A_1030,A,80185_hist,True,-56.1697,-5.1337,26.1037,DESMATAMENTO_CR,2021-08-06,93,2021-08-23,-1.4643,-1.9043,0.4538,-8.8458,5,43.8417,2547,11.3934,1,2021-01-04,2376,25,True,2021-07-21,33.0,False,-113_-11
A_1031,A,80186_hist,True,-56.238,-5.0702,13.4639,DESMATAMENTO_CR,2021-08-06,93,2020-10-21,0.2794,0.2561,0.0993,3.5878,6,34.0545,1292,11.3934,1,2021-08-02,116,26,True,2021-08-02,-285.0,False,-113_-11
A_1032,A,80187_hist,True,-56.2257,-5.0744,21.7101,DESMATAMENTO_CR,2021-08-06,93,2021-07-30,-0.7328,-0.6449,0.4722,-9.7554,5,28.6523,2097,11.3934,1,2021-07-09,618,28,True,2021-08-02,-3.0,True,-113_-11
A_1033,A,80188_hist,True,-56.2335,-5.0679,13.2369,DESMATAMENTO_CR,2021-08-06,93,2021-12-15,-0.5966,-0.3943,0.1388,-4.286,6,34.3517,1218,11.3934,1,2021-07-21,407,27,True,2021-08-02,135.0,False,-113_-11
A_1034,A,80189_hist,True,-56.233,-4.8791,9.9842,DESMATAMENTO_CR,2021-08-06,93,2021-06-30,-0.7816,-0.6256,0.3086,-6.7283,6,33.8479,885,11.3934,1,2021-06-03,96,29,False,,,,-113_-10
A_1035,A,80192_hist,False,-55.5246,-4.4299,38.489,DESMATAMENTO_CR,2021-08-06,97,2022-01-17,0.7104,0.6611,0.1544,4.3734,11,47.0954,3764,11.3934,1,2021-07-27,847,26,False,,,,-112_-9
A_1036,A,80193_hist,True,-55.5793,-4.5141,14.7876,DESMATAMENTO_CR,2021-08-06,97,2021-08-05,-0.3343,-0.1519,0.1062,-3.4545,6,39.9873,1436,11.3934,1,2021-07-15,391,18,True,2021-08-04,1.0,True,-112_-10
A_1037,A,80194_hist,True,-55.8572,-4.7788,12.0895,DESMATAMENTO_CR,2021-08-06,93,2021-08-05,-0.814,-0.9334,0.3088,-6.624,6,53.5681,1140,11.3934,1,2021-06-21,769,26,False,,,,-112_-10
A_1038,A,80199_hist,False,-55.5453,-4.4846,72.0389,DESMATAMENTO_CR,2021-08-06,97,2020-12-26,0.2832,0.2445,0.1135,3.6094,5,40.9443,6951,11.3934,1,2021-07-09,1238,23,True,2021-07-21,-207.0,False,-112_-9
A_1039,A,80200_hist,True,-55.8046,-4.9115,13.8718,DESMATAMENTO_CR,2021-08-06,93,2021-08-17,-0.4952,-0.7965,0.1257,-3.7054,6,48.9744,1332,11.3934,1,2021-07-15,790,24,False,,,,-112_-10
A_1040,A,80201_hist,True,-55.8662,-4.8037,12.132,DESMATAMENTO_CR,2021-08-06,93,2021-08-05,-1.1159,-1.1237,0.467,-9.2467,6,38.5508,1161,11.3934,1,2021-07-15,759,31,False,,,,-112_-10
A_1041,A,80205_hist,True,-55.7219,-4.5836,6.7121,DESMATAMENTO_CR,2021-08-06,97,2021-06-30,-0.4874,-0.486,0.1408,-4.1572,6,42.2638,616,11.3934,1,2021-06-27,301,28,False,,,,-112_-10
A_1042,A,80207_hist,False,-55.6125,-4.4585,8.9469,DESMATAMENTO_CR,2021-08-06,97,2020-12-17,0.4487,0.4328,0.2127,6.0288,11,34.9836,831,11.3934,1,2021-07-27,29,18,False,,,,-112_-9
A_1043,A,80209_hist,True,-55.6249,-4.5478,81.4696,DESMATAMENTO_CR,2021-08-06,97,2020-12-26,0.2856,0.2459,0.163,4.602,5,27.4837,8024,11.3934,1,2021-07-09,542,21,False,,,,-112_-10
A_1044,A,80212_hist,False,-55.5277,-4.3527,7.1254,DESMATAMENTO_CR,2021-08-06,97,2021-07-24,-1.1796,-1.1506,0.5617,-11.8878,6,39.0969,651,11.3934,1,2021-07-21,106,30,False,,,,-112_-9
A_1045,A,80213_hist,False,-55.5041,-4.3348,13.0849,DESMATAMENTO_CR,2021-08-06,97,2022-01-17,0.4445,0.3646,0.0618,2.6604,11,38.2541,1227,11.3934,1,2021-07-27,302,23,False,,,,-112_-9
A_1046,A,80216_hist,False,-55.5637,-4.4916,8.0199,DESMATAMENTO_CR,2021-08-06,97,2021-09-22,0.5031,0.4682,0.2295,6.0814,6,35.4537,722,11.3934,1,2021-07-09,16,23,False,,,,-112_-9
A_1047,A,80217_hist,False,-55.5809,-4.4645,20.1395,DESMATAMENTO_CR,2021-08-06,97,2022-01-17,0.5531,0.6491,0.157,4.5554,11,47.8259,1924,11.3934,1,2021-08-02,114,21,False,,,,-112_-9
A_1048,A,80218_hist,False,-55.5847,-4.4607,10.26,DESMATAMENTO_CR,2021-08-06,97,2021-11-11,0.7777,0.8318,0.3383,7.6283,2,45.4044,982,11.3934,1,2021-07-27,129,24,False,,,,-112_-9
A_1049,A,80221_hist,False,-55.5908,-4.3583,13.1766,DESMATAMENTO_CR,2021-08-06,97,2022-01-17,0.4201,0.6369,0.1023,3.5388,11,47.2598,1207,11.3934,1,2021-07-15,323,29,False,,,,-112_-9
A_1050,A,80224_hist,True,-55.6022,-4.5204,10.879,DESMATAMENTO_CR,2021-08-06,97,2021-11-11,0.4925,0.2751,0.0573,2.3732,2,47.9504,1010,11.3934,1,2021-07-21,458,17,False,,,,-112_-10
A_1051,A,80227_hist,False,-55.5295,-4.4673,7.247,DESMATAMENTO_CR,2021-08-06,97,2021-01-25,0.6332,0.4284,0.2402,6.1923,6,35.6615,682,11.3934,1,2021-07-27,4,20,True,2021-07-22,-178.0,False,-112_-9
A_1052,A,80230_hist,False,-55.5938,-4.3077,23.9735,DESMATAMENTO_CR,2021-08-06,97,2021-09-04,-0.5503,-0.5565,0.2279,-5.4747,5,48.839,2280,11.3934,1,2021-06-27,1120,21,False,,,,-112_-9
A_1053,A,80233_hist,False,-55.5804,-4.2718,7.8626,DESMATAMENTO_CR,2021-08-06,97,2021-07-12,-0.2858,-0.329,0.0779,-3.0016,6,42.5717,743,11.3934,1,2021-07-15,73,26,False,,,,-112_-9
A_1054,A,80234_hist,False,-55.2334,-4.3963,12.5561,DESMATAMENTO_CR,2021-08-06,97,2022-01-05,-0.6482,-0.398,0.1245,-3.8472,12,40.4593,1210,11.3934,1,2021-08-02,216,25,False,,,,-111_-9
A_1055,A,80235_hist,False,-55.2212,-4.3472,13.367,DESMATAMENTO_CR,2021-08-06,97,2021-09-10,-0.5359,-0.5808,0.1711,-4.6643,6,37.0035,1284,11.3934,1,2021-07-27,545,30,True,2021-08-17,24.0,False,-111_-9
A_1056,A,80269_hist,False,-55.4142,-4.4753,14.1441,DESMATAMENTO_CR,2021-08-06,97,2021-05-13,-0.2228,-0.2091,0.0715,-2.9032,6,44.3004,1340,11.3934,1,2021-01-04,290,49,False,,,,-111_-9
A_1057,A,80287_hist,False,-55.3742,-4.4326,98.8977,DESMATAMENTO_CR,2021-08-06,97,2020-12-17,0.2421,0.1537,0.053,2.297,11,36.2539,9739,11.3934,1,2021-07-03,1938,47,False,,,,-111_-9
A_1058,A,80303_hist,False,-55.4206,-4.3767,51.1155,DESMATAMENTO_CR,2021-08-06,97,2020-12-17,0.256,0.1974,0.0866,3.0875,11,34.8306,4975,11.3934,1,2021-01-04,838,46,False,,,,-111_-9
A_1059,A,80313_hist,False,-55.4004,-4.3447,8.9053,DESMATAMENTO_CR,2021-08-06,97,2020-12-17,0.5067,0.4734,0.1764,4.8165,11,32.3219,822,11.3934,1,2021-07-21,69,44,False,,,,-111_-9
A_1060,A,80331_hist,False,-55.3205,-4.3339,10.9798,DESMATAMENTO_CR,2021-08-06,97,2021-02-12,0.6095,0.6961,0.2546,6.171,5,32.3675,1002,11.3934,1,2021-08-02,88,45,False,,,,-111_-9
A_1061,A,80339_hist,False,-55.3632,-4.3262,11.8453,DESMATAMENTO_CR,2021-08-06,97,2021-07-18,0.7608,0.7034,0.3683,8.0094,5,33.1347,1094,11.3934,1,2021-08-08,105,45,False,,,,-111_-9
A_1062,A,80357_hist,False,-55.4692,-4.2173,30.446,DESMATAMENTO_CR,2021-08-06,97,2021-08-17,-0.8094,-0.9629,0.3232,-6.9969,6,46.9139,2904,11.3934,1,2021-07-21,1700,24,False,,,,-111_-9
A_1063,A,80371_hist,False,-55.3323,-4.1968,8.7657,DESMATAMENTO_CR,2021-08-06,97,2021-11-15,0.5543,0.5911,0.1488,4.2768,5,34.2492,816,11.3934,1,2021-07-27,120,50,True,2021-08-06,101.0,False,-111_-9
A_1064,A,81252_hist,True,-56.0165,-4.8606,18.2334,DESMATAMENTO_CR,2021-08-09,93,2021-08-17,-0.4947,-0.5879,0.2132,-5.2632,6,46.2922,1663,11.3934,1,2021-07-15,938,23,False,,,,-113_-10
A_1065,A,81254_hist,True,-55.923,-4.6803,13.5083,DESMATAMENTO_CR,2021-08-09,93,2021-06-30,-1.13,-1.0427,0.4542,-9.1338,6,41.0903,1292,11.3934,1,2021-06-27,701,33,False,,,,-112_-10
A_1066,A,81257_hist,True,-55.9909,-4.7749,40.084,DESMATAMENTO_CR,2021-08-09,93,2021-09-04,-1.6752,-2.1884,0.4645,-8.972,5,52.0811,3880,11.3934,1,2021-06-15,3612,29,False,,,,-112_-10
A_1067,A,81259_hist,True,-55.9706,-4.7978,12.4204,DESMATAMENTO_CR,2021-08-09,93,2021-07-24,-0.2988,-0.5649,0.1329,-3.9219,6,47.0249,1170,11.3934,1,2021-06-03,589,31,False,,,,-112_-10
A_1068,A,81260_hist,True,-56.1685,-4.7934,8.6361,DESMATAMENTO_CR,2021-08-09,93,2021-07-30,-1.3388,-1.2924,0.6387,-14.274,5,39.4424,824,11.3934,1,2021-07-27,444,29,False,,,,-113_-10
A_1069,A,81261_hist,True,-56.1224,-4.5879,29.4987,DESMATAMENTO_CR,2021-08-09,97,2021-08-05,-0.5713,-0.4901,0.2447,-5.6437,6,39.1855,2775,11.3934,1,2021-01-10,1548,19,False,,,,-113_-10
A_1070,A,81263_hist,True,-56.1136,-4.6738,11.9932,DESMATAMENTO_CR,2021-08-09,97,2021-08-05,-0.499,-0.4417,0.1133,-3.5447,6,43.5243,1125,11.3934,1,2021-07-09,849,29,False,,,,-113_-10
A_1071,A,81265_hist,True,-56.2021,-4.6533,7.1532,DESMATAMENTO_CR,2021-08-09,97,2021-06-24,-0.8612,-0.5626,0.2897,-6.6305,5,40.3228,656,11.3934,1,2021-03-29,340,32,False,,,,-113_-10
A_1072,A,81268_hist,True,-55.9955,-5.1892,61.5633,DESMATAMENTO_CR,2021-08-09,93,2020-09-21,0.4202,0.3032,0.1289,3.8596,5,34.8569,6037,11.3934,1,2021-07-21,934,22,True,2021-07-25,-307.0,False,-112_-11
A_1073,A,81270_hist,True,-56.0366,-4.898,6.5497,DESMATAMENTO_CR,2021-08-09,93,2021-08-17,-1.2018,-1.4178,0.4535,-9.1531,6,44.3613,610,11.3934,1,2021-07-27,428,29,False,,,,-113_-10
A_1074,A,81272_hist,True,-56.2058,-4.8601,6.2618,DESMATAMENTO_CR,2021-08-09,93,2021-07-30,-1.1882,-1.3496,0.7099,-18.011,5,33.1681,579,11.3934,1,2021-07-21,397,29,False,,,,-113_-10
A_1075,A,81273_hist,True,-56.2778,-4.9559,16.4709,DESMATAMENTO_CR,2021-08-09,93,2021-07-30,-0.7746,-0.98,0.3048,-6.5638,5,38.1054,1587,11.3934,1,2021-05-16,776,22,False,,,,-113_-10
A_1076,A,81274_hist,True,-56.0678,-4.6045,8.6077,DESMATAMENTO_CR,2021-08-09,97,2021-08-05,-1.0428,-1.0065,0.3297,-7.047,6,45.9992,787,11.3934,1,2021-07-21,708,27,True,2021-07-24,12.0,True,-113_-10
A_1077,A,81277_hist,True,-55.9015,-4.6921,22.8877,DESMATAMENTO_CR,2021-08-09,93,2021-08-05,-0.7165,-0.7624,0.2548,-5.7406,6,42.9642,2191,11.3934,1,2021-02-09,1443,32,False,,,,-112_-10
A_1078,A,81280_hist,True,-56.0706,-5.1603,9.3364,DESMATAMENTO_CR,2021-08-09,93,2021-08-17,-1.5593,-1.8022,0.4484,-8.9936,6,47.1586,875,11.3934,1,2021-07-09,791,25,False,,,,-113_-11
A_1079,A,81281_hist,True,-56.0265,-5.1186,8.5768,DESMATAMENTO_CR,2021-08-09,93,2021-07-18,-0.4083,-0.3353,0.1596,-4.6007,5,36.9468,821,11.3934,1,2021-07-15,254,23,False,,,,-113_-11
A_1080,A,81284_hist,False,-56.0005,-5.2433,7.0121,DESMATAMENTO_CR,2021-08-09,93,2021-11-06,0.5657,0.7338,0.2942,7.379,12,34.3601,617,11.3934,1,,0,27,True,2021-07-25,104.0,False,-113_-11
A_1081,A,81325_hist,True,-56.0012,-5.1919,8.8761,DESMATAMENTO_CR,2021-08-09,93,2021-10-10,0.2906,0.4461,0.1219,3.8291,5,36.1842,741,11.3934,1,2021-08-02,117,21,True,2021-07-25,77.0,False,-113_-11
A_1082,A,81331_hist,False,-55.269,-4.3767,10.4514,DESMATAMENTO_CR,2021-08-09,97,2021-07-24,-1.0752,-0.9848,0.4003,-8.3088,6,43.647,964,11.3934,1,2021-01-04,785,47,False,,,,-111_-9
A_1083,A,81335_hist,False,-55.5101,-3.9736,7.4111,DESMATAMENTO_CR,2021-08-09,97,2021-07-30,-1.2577,-1.4384,0.3896,-8.1647,5,41.3993,699,11.3934,1,2021-07-27,628,25,False,,,,-112_-8
A_1084,A,81337_hist,False,-55.4576,-4.5025,46.4683,DESMATAMENTO_CR,2021-08-09,93,2021-06-30,-0.2451,-0.4292,0.071,-2.665,6,55.1296,4537,11.3934,1,2021-01-22,1470,29,False,,,,-111_-10
A_1085,A,81341_hist,False,-55.3957,-4.4902,9.8669,DESMATAMENTO_CR,2021-08-09,93,2020-12-17,0.2566,0.2359,0.0803,3.1577,11,37.4523,903,11.3934,1,2021-08-02,111,50,False,,,,-111_-9
A_1086,A,81343_hist,False,-55.4076,-4.4789,11.8675,DESMATAMENTO_CR,2021-08-09,97,2021-12-03,0.6909,0.6784,0.1804,4.8499,6,46.314,1122,11.3934,1,2021-07-03,190,45,False,,,,-111_-9
A_1087,A,81344_hist,False,-55.4427,-4.4945,10.1184,DESMATAMENTO_CR,2021-08-09,97,2021-08-17,-0.92,-1.1204,0.2654,-5.9738,6,43.2224,923,11.3934,1,2021-04-16,524,56,False,,,,-111_-9
A_1088,A,81346_hist,False,-55.3875,-4.4297,12.126,DESMATAMENTO_CR,2021-08-09,97,2021-06-24,-0.2038,-0.2301,0.0627,-2.7062,5,32.7506,1140,11.3934,1,2021-07-15,186,45,False,,,,-111_-9
A_1089,A,8134_hist,False,-55.2972,-4.1396,10.7001,DESMATAMENTO_CR,2021-09-19,97,2021-09-22,-0.4057,-0.2253,0.0926,-3.2014,6,21.2636,1028,11.3934,1,2021-09-13,220,49,True,2021-09-17,5.0,False,-111_-9
A_1090,A,81353_hist,False,-55.4891,-4.0796,9.8966,DESMATAMENTO_CR,2021-08-09,145,2020-11-29,0.584,0.4166,0.046,3.2431,0,19.2713,926,11.3934,1,,0,27,False,,,,-111_-9
A_1091,A,81354_hist,False,-55.4499,-4.3283,8.4513,DESMATAMENTO_CR,2021-08-09,97,2021-07-24,-0.5299,-0.4648,0.2094,-5.3369,6,35.9493,807,11.3934,1,2021-07-15,252,28,False,,,,-111_-9
A_1092,A,81357_hist,False,-55.2897,-4.3219,13.7419,DESMATAMENTO_CR,2021-08-09,97,2021-11-11,0.8154,0.6402,0.316,6.9469,2,38.5173,1293,11.3934,1,2021-07-09,107,45,False,,,,-111_-9
A_1093,A,81361_hist,False,-55.2519,-4.1991,12.0682,DESMATAMENTO_CR,2021-08-09,97,2020-12-17,0.4018,0.331,0.1726,4.8841,11,33.055,1133,11.3934,1,2021-07-15,198,42,False,,,,-111_-9
A_1094,A,81365_hist,False,-55.2217,-4.3497,9.7767,DESMATAMENTO_CR,2021-08-09,97,2021-07-24,-0.5688,-0.4437,0.1819,-4.7951,6,35.7402,922,11.3934,1,2021-07-27,358,26,True,2021-08-17,-24.0,True,-111_-9
A_1095,A,81367_hist,False,-55.1678,-4.3191,28.3062,DESMATAMENTO_CR,2021-08-09,97,2020-12-17,0.3273,0.3143,0.0962,3.3204,11,36.0523,2734,11.3934,1,2021-02-15,1126,21,False,,,,-111_-9
A_1096,A,81368_hist,False,-55.4477,-4.3387,26.5012,DESMATAMENTO_CR,2021-08-09,97,2021-08-17,-0.3828,-0.439,0.1473,-4.2723,6,38.8266,2563,11.3934,1,2021-08-02,699,29,True,2021-08-22,-5.0,False,-111_-9
A_1097,A,81369_hist,False,-55.1408,-4.3351,12.2625,DESMATAMENTO_CR,2021-08-09,97,2021-08-05,0.4644,0.616,0.3141,7.1354,6,32.6156,1165,11.3934,1,2021-08-26,52,26,True,2021-07-25,11.0,True,-111_-9
A_1098,A,81370_hist,False,-55.1755,-4.3112,9.8079,DESMATAMENTO_CR,2021-08-09,97,2020-12-26,0.3576,0.9383,0.1129,3.3956,5,53.4463,873,11.3934,1,,0,25,False,,,,-111_-9
A_1099,A,81371_hist,False,-55.162,-4.295,38.2195,DESMATAMENTO_CR,2021-08-09,97,2020-12-17,0.3097,0.3382,0.1744,4.7805,11,28.446,3743,11.3934,1,2021-08-02,489,21,False,,,,-111_-9
A_1100,A,81372_hist,False,-55.0433,-4.2549,15.7195,DESMATAMENTO_CR,2021-08-09,97,2021-08-17,-0.6133,-0.7143,0.2634,-6.0349,6,34.2586,1498,11.3934,1,2021-07-03,655,23,False,,,,-111_-9
A_1101,A,81381_hist,False,-55.3219,-4.1288,6.4951,DESMATAMENTO_CR,2021-08-09,97,2021-11-11,0.7108,0.6393,0.1855,5.0473,2,35.5398,604,11.3934,1,2021-07-27,39,53,False,,,,-111_-9
A_1102,A,81383_hist,False,-55.3351,-4.0808,8.3495,DESMATAMENTO_CR,2021-08-09,97,2022-01-17,0.9391,0.8393,0.0952,3.3048,11,29.456,782,11.3934,1,2021-08-08,219,43,False,,,,-111_-9
A_1103,A,81385_hist,False,-55.1769,-4.216,19.5997,DESMATAMENTO_CR,2021-08-09,97,2021-08-17,-1.5926,-1.6755,0.5226,-10.5787,6,34.0406,1896,11.3934,1,2021-08-02,1347,26,True,2021-08-08,9.0,False,-111_-9
A_1104,A,81386_hist,False,-55.4088,-3.9892,9.2162,DESMATAMENTO_CR,2021-08-09,97,2021-08-05,-0.8933,-0.7665,0.3678,-7.8544,6,33.9717,845,11.3934,1,2021-07-15,396,24,True,2021-08-20,-15.0,True,-111_-8
A_1105,A,81398_hist,False,-55.3898,-3.9821,21.1157,DESMATAMENTO_CR,2021-08-09,97,2022-01-17,0.4013,0.387,0.0438,2.217,11,33.5985,2019,11.3934,1,2021-07-21,486,29,False,,,,-111_-8
A_1106,A,81410_hist,False,-55.4909,-4.036,9.5165,DESMATAMENTO_CR,2021-08-09,97,2021-07-24,-1.0639,-1.1065,0.3012,-6.6004,6,46.2437,898,11.3934,1,2021-07-21,649,25,False,,,,-111_-9
A_1107,A,81419_hist,False,-55.3509,-3.961,16.6216,DESMATAMENTO_CR,2021-08-09,97,2021-08-17,-0.4785,-0.4893,0.1559,-4.3718,6,44.3907,1591,11.3934,1,2021-07-27,650,29,False,,,,-111_-8
A_1108,A,81452_hist,False,-55.3439,-4.0399,9.3384,DESMATAMENTO_CR,2021-08-09,97,2020-12-26,0.4131,0.4018,0.1268,4.1119,5,23.0992,874,11.3934,1,2021-09-25,4,52,False,,,,-111_-9
A_1109,A,81469_hist,False,-55.3334,-4.0425,7.5088,DESMATAMENTO_CR,2021-08-09,97,2021-07-18,-0.6452,-0.3359,0.0966,-3.0663,5,29.614,683,11.3934,1,2021-05-28,101,52,False,,,,-111_-9
A_1110,A,81473_hist,False,-55.3346,-4.0213,8.3992,DESMATAMENTO_CR,2021-08-09,97,2021-07-24,-0.7712,-0.6076,0.3033,-6.9542,6,26.0881,754,11.3934,1,2021-07-21,276,57,False,,,,-111_-9
A_1111,A,81481_hist,False,-55.483,-4.008,10.0878,DESMATAMENTO_CR,2021-08-09,97,2020-12-26,1.704,1.6197,0.4744,9.4816,5,43.1077,921,11.3934,1,2021-01-10,112,26,False,,,,-111_-9
A_1112,A,82453_hist,False,-55.8209,-5.3015,19.7595,DESMATAMENTO_CR,2021-08-12,93,2021-06-30,-0.3186,-0.2584,0.1469,-4.3424,6,17.909,1858,11.3934,1,2021-06-27,354,20,False,,,,-112_-11
A_1113,A,82454_hist,True,-55.8272,-4.7583,19.5855,DESMATAMENTO_CR,2021-08-12,93,2021-07-18,-0.2828,-0.1787,0.0959,-3.2049,5,38.2577,1831,11.3934,1,2021-06-09,243,24,False,,,,-112_-10
A_1114,A,82455_hist,False,-55.8724,-5.3286,7.906,DESMATAMENTO_CR,2021-08-12,93,2021-07-30,-1.0905,-1.2689,0.5342,-10.9535,5,23.0281,708,11.3934,1,2021-07-09,244,23,False,,,,-112_-11
A_1115,A,82456_hist,False,-55.9427,-5.3383,25.8073,DESMATAMENTO_CR,2021-08-12,93,2021-06-30,-1.062,-1.1011,0.5677,-11.3729,6,25.3877,2384,11.3934,1,2021-03-29,1404,26,False,,,,-112_-11
A_1116,A,82457_hist,False,-56.2374,-3.9964,11.7335,DESMATAMENTO_CR,2021-08-12,97,2021-11-05,0.4562,0.5953,0.1227,3.8099,9,26.501,1070,11.3934,1,2021-07-27,541,25,False,,,,-113_-8
A_1117,A,82458_hist,False,-55.9992,-5.2412,16.6109,DESMATAMENTO_CR,2021-08-12,93,2021-07-18,-0.5466,-0.4464,0.3188,-7.1994,5,31.555,1575,11.3934,1,2021-07-03,370,26,True,2021-07-25,-7.0,True,-112_-11
A_1118,A,82460_hist,True,-55.8554,-4.7952,21.3632,DESMATAMENTO_CR,2021-08-12,93,2021-08-05,-0.8143,-0.9783,0.4016,-8.181,6,48.712,2032,11.3934,1,2021-07-27,1041,26,False,,,,-112_-10
A_1119,A,82461_hist,True,-55.848,-4.7949,23.8167,DESMATAMENTO_CR,2021-08-12,93,2020-10-21,0.3125,0.1991,0.0771,2.7824,6,33.2658,2287,11.3934,1,2021-07-09,507,28,False,,,,-112_-10
A_1120,A,82465_hist,True,-55.693,-4.6948,43.2723,DESMATAMENTO_CR,2021-08-12,93,2020-12-17,0.2881,0.1088,0.0846,2.7587,11,30.1294,4196,11.3934,1,2021-07-03,620,24,False,,,,-112_-10
A_1121,A,82466_hist,False,-55.5275,-4.4248,17.7595,DESMATAMENTO_CR,2021-08-12,97,2022-01-17,0.4185,0.6323,0.1005,3.43,11,42.1973,1704,11.3934,1,2021-08-14,162,21,False,,,,-112_-9
A_1122,A,82476_hist,False,-55.2279,-4.3991,9.6779,DESMATAMENTO_CR,2021-08-12,97,2021-08-05,-0.4606,-0.6637,0.2167,-5.4134,6,30.411,910,11.3934,1,2021-08-02,463,24,False,,,,-111_-9
A_1123,A,82477_hist,True,-55.9223,-4.7439,13.6972,DESMATAMENTO_CR,2021-08-12,93,2021-08-17,-0.4811,-0.5217,0.2261,-5.5524,6,33.3307,1279,11.3934,1,2021-02-27,585,27,False,,,,-112_-10
A_1124,A,82493_hist,True,-55.8606,-4.7777,20.9406,DESMATAMENTO_CR,2021-08-12,93,2021-08-05,-1.1289,-1.1387,0.5246,-10.5879,6,46.2884,2017,11.3934,1,2021-02-09,1241,28,False,,,,-112_-10
A_1125,A,82504_hist,True,-55.936,-4.5769,6.7797,DESMATAMENTO_CR,2021-08-12,97,2021-06-30,-0.7553,-0.5483,0.2819,-6.4185,6,35.1612,592,11.3934,1,2021-06-27,211,28,False,,,,-112_-10
A_1126,A,82511_hist,True,-55.9544,-4.4949,7.2652,DESMATAMENTO_CR,2021-08-12,97,2021-08-05,-0.6178,-0.7456,0.2822,-6.4921,6,33.6118,661,11.3934,1,2021-07-03,353,32,False,,,,-112_-9
A_1127,A,83633_hist,False,-55.2409,-4.4444,7.8916,DESMATAMENTO_CR,2021-08-18,97,2020-12-17,0.307,0.1701,0.0852,3.3548,11,24.6323,752,11.3934,1,2021-08-08,79,27,True,2021-08-21,-247.0,False,-111_-9
A_1128,A,83634_hist,False,-55.2277,-4.4042,9.1685,DESMATAMENTO_CR,2021-08-18,97,2021-09-10,-0.4068,-0.932,0.2149,-5.2127,6,31.0528,871,11.3934,1,2021-08-14,520,21,False,,,,-111_-9
A_1129,A,83640_hist,False,-55.0884,-4.2764,14.5651,DESMATAMENTO_CR,2021-08-18,97,2021-11-15,0.3986,0.5068,0.136,4.0599,5,32.2208,1385,11.3934,1,2021-08-02,565,28,True,2021-08-08,99.0,False,-111_-9
A_1130,A,83645_hist,False,-55.1122,-4.4655,23.355,DESMATAMENTO_CR,2021-08-18,93,2020-12-26,0.4442,0.3166,0.2023,5.1006,5,31.4066,2271,11.3934,1,2021-08-08,324,19,False,,,,-111_-9
A_1131,A,83652_hist,False,-55.3848,-4.4352,40.3543,DESMATAMENTO_CR,2021-08-18,97,2021-07-24,-0.2719,-0.2119,0.0988,-3.3567,6,30.8448,3895,11.3934,1,2021-07-27,539,43,False,,,,-111_-9
A_1132,A,83661_hist,False,-55.3076,-4.4421,340.0818,DESMATAMENTO_CR,2021-08-18,97,2020-12-26,0.2595,0.1969,0.1254,3.8008,5,31.168,33829,11.3934,1,2021-06-27,3514,49,False,,,,-111_-9
A_1133,A,83662_hist,False,-55.3931,-4.4362,15.544,DESMATAMENTO_CR,2021-08-18,97,2020-11-23,0.1849,0.2899,0.0559,2.4651,11,35.9398,1495,11.3934,1,2021-08-02,237,44,False,,,,-111_-9
A_1134,A,83668_hist,True,-56.0259,-5.1199,11.8444,DESMATAMENTO_CR,2021-08-18,93,2021-07-30,-1.1778,-1.14,0.6616,-14.7257,5,26.9895,1088,11.3934,1,2021-07-27,452,26,False,,,,-113_-11
A_1135,A,83674_hist,True,-56.0345,-5.1419,19.8565,DESMATAMENTO_CR,2021-08-18,93,2021-06-06,-1.4563,-1.2385,0.707,-15.4587,6,42.6183,1724,11.3934,1,2021-05-10,1175,24,False,,,,-113_-11
A_1136,A,83675_hist,False,-55.4621,-4.3812,35.3983,DESMATAMENTO_CR,2021-08-18,97,2020-12-26,0.3165,0.2695,0.1395,4.1229,5,31.1993,3440,11.3934,1,2021-07-27,136,22,True,2021-08-22,-239.0,False,-111_-9
A_1137,A,83682_hist,False,-55.7484,-3.9655,6.2691,DESMATAMENTO_CR,2021-08-18,97,2021-08-05,-1.0916,-1.378,0.3417,-7.3256,6,52.1668,550,11.3934,1,2021-07-15,94,28,True,2021-08-07,-2.0,True,-112_-8
A_1138,A,83688_hist,True,-55.8137,-4.8702,25.7888,DESMATAMENTO_CR,2021-08-18,93,2021-06-30,-0.3858,-0.3584,0.0977,-3.2046,6,33.8856,2351,11.3934,1,2021-05-28,790,27,False,,,,-112_-10
A_1139,A,83689_hist,True,-55.8722,-4.8225,16.284,DESMATAMENTO_CR,2021-08-18,93,2021-07-24,-1.0962,-1.2353,0.3981,-7.9845,6,44.4333,1497,11.3934,1,2021-06-27,964,28,False,,,,-112_-10
A_1140,A,83690_hist,False,-55.2807,-4.4257,13.2,DESMATAMENTO_CR,2021-08-18,97,2021-07-24,-0.3302,-0.2333,0.1262,-4.0432,6,29.7054,1248,11.3934,1,2021-07-15,156,46,False,,,,-111_-9
A_1141,A,83691_hist,False,-55.2981,-4.4188,14.0163,DESMATAMENTO_CR,2021-08-18,97,2021-07-24,-0.506,-0.4722,0.3503,-7.8073,6,31.0982,1312,11.3934,1,2021-07-15,407,48,False,,,,-111_-9
A_1142,A,83696_hist,True,-55.8885,-4.8179,15.3457,DESMATAMENTO_CR,2021-08-18,93,2021-07-24,-0.5616,-0.8227,0.2466,-5.7576,6,37.4472,1454,11.3934,1,2021-07-03,663,30,False,,,,-112_-10
A_1143,A,83711_hist,False,-55.5509,-4.2592,22.5878,DESMATAMENTO_CR,2021-08-18,97,2021-08-17,-1.1171,-1.1181,0.5215,-10.724,6,44.7526,2134,11.3934,1,2021-02-09,1182,31,True,2021-08-16,1.0,True,-112_-9
A_1144,A,83721_hist,False,-55.444,-4.379,92.473,DESMATAMENTO_CR,2021-08-18,97,2020-12-26,0.4165,0.3422,0.1829,4.6855,5,39.1221,9051,11.3934,1,2021-01-04,809,26,False,,,,-111_-9
A_1145,A,83722_hist,False,-55.4138,-4.3768,57.9768,DESMATAMENTO_CR,2021-08-18,97,2020-12-17,0.2887,0.2091,0.0868,3.0055,11,36.244,5630,11.3934,1,2021-07-15,1228,47,False,,,,-111_-9
A_1146,A,83724_hist,False,-55.3581,-4.3422,30.9936,DESMATAMENTO_CR,2021-08-18,97,2020-12-17,0.5072,0.5381,0.2431,5.7173,11,41.1868,2956,11.3934,1,2021-04-28,454,57,False,,,,-111_-9
A_1147,A,83728_hist,True,-55.7056,-4.5407,11.934,DESMATAMENTO_CR,2021-08-18,97,2021-08-17,-0.8499,-0.7295,0.3254,-7.1639,6,43.8131,1114,11.3934,1,2021-01-22,608,20,False,,,,-112_-10
A_1148,A,83738_hist,False,-55.3908,-3.9876,15.5343,DESMATAMENTO_CR,2021-08-18,97,2020-12-26,0.3859,0.3008,0.1485,4.4882,5,22.6269,1506,11.3934,1,2021-08-14,158,26,False,,,,-111_-8
A_1149,A,83741_hist,True,-55.7818,-4.919,172.6046,DESMATAMENTO_CR,2021-08-18,93,2021-08-17,-0.8161,-0.6412,0.3592,-7.3032,6,38.8207,17120,11.3934,1,2021-05-16,9547,26,True,2021-08-03,14.0,True,-112_-10
A_1150,A,83742_hist,False,-55.2774,-4.1975,16.138,DESMATAMENTO_CR,2021-08-18,97,2021-09-04,-0.9267,-0.7284,0.1968,-4.8896,5,37.1291,1539,11.3934,1,2021-07-21,523,48,False,,,,-111_-9
A_1151,A,83757_hist,True,-56.0165,-4.9041,6.9114,DESMATAMENTO_CR,2021-08-18,93,2021-08-17,-1.3644,-1.7457,0.6144,-12.9143,6,35.4847,646,11.3934,1,2021-08-08,499,29,False,,,,-113_-10
A_1152,A,83758_hist,False,-55.3485,-3.9561,34.539,DESMATAMENTO_CR,2021-08-18,97,2021-07-24,-1.0122,-1.0835,0.4044,-8.2213,6,48.8329,3270,11.3934,1,2021-01-16,2347,30,False,,,,-111_-8
A_1153,A,83763_hist,True,-56.2033,-4.807,7.5258,DESMATAMENTO_CR,2021-08-18,93,2021-08-17,-1.0598,-1.1594,0.506,-10.2964,6,36.3617,698,11.3934,1,2021-07-21,514,27,True,2021-07-22,26.0,True,-113_-10
A_1154,A,83764_hist,True,-56.1678,-4.7956,8.587,DESMATAMENTO_CR,2021-08-18,93,2021-08-05,-1.1936,-0.9857,0.4524,-9.1586,6,34.1723,807,11.3934,1,2021-08-08,489,26,False,,,,-113_-10
A_1155,A,83770_hist,True,-56.0232,-4.9004,6.8624,DESMATAMENTO_CR,2021-08-18,93,2021-07-12,-0.2295,-0.3673,0.0648,-2.6899,6,35.5907,607,11.3934,1,2021-07-03,251,30,False,,,,-113_-10
A_1156,A,83771_hist,True,-56.1538,-4.7736,9.1147,DESMATAMENTO_CR,2021-08-18,93,2021-07-06,-0.9025,-1.1166,0.3953,-8.2536,5,28.9419,821,11.3934,1,2021-06-21,251,23,False,,,,-113_-10
A_1157,A,83778_hist,True,-56.0147,-4.9088,6.66,DESMATAMENTO_CR,2021-08-18,93,2021-06-24,-0.6167,-0.8662,0.4773,-11.0325,5,26.7729,529,11.3934,1,2021-04-28,143,28,False,,,,-113_-10
A_1158,A,83784_hist,True,-56.0941,-4.7021,12.4466,DESMATAMENTO_CR,2021-08-18,97,2020-12-17,0.5184,0.5121,0.1355,3.9875,11,31.9582,1183,11.3934,1,2021-04-04,228,24,False,,,,-113_-10
A_1159,A,83801_hist,True,-56.0712,-4.6045,17.2583,DESMATAMENTO_CR,2021-08-18,97,2021-08-05,-0.3081,-0.3487,0.0926,-3.2898,6,43.5217,1643,11.3934,1,2021-01-10,844,26,True,2021-07-24,12.0,True,-113_-10
A_1160,A,83815_hist,True,-56.2436,-4.5826,4.4175,DESMATAMENTO_CR,2021-08-18,97,2021-05-31,-2.5434,-2.6843,0.7331,-16.8603,5,47.9786,367,11.3934,1,2021-05-22,297,23,False,,,,-113_-10
A_1161,A,83816_hist,True,-56.2435,-4.5787,4.7243,DESMATAMENTO_CR,2021-08-18,97,2021-06-18,-2.0593,-2.0463,0.7104,-16.7022,6,31.4063,428,11.3934,1,2021-06-15,362,26,False,,,,-113_-10
A_1162,A,83835_hist,True,-56.1959,-4.6827,7.6007,DESMATAMENTO_CR,2021-08-18,97,2021-08-05,-0.9854,-0.8894,0.3487,-7.5167,6,37.5215,716,11.3934,1,2021-01-16,185,26,False,,,,-113_-10
A_1163,A,83850_hist,False,-56.0044,-4.4335,28.1732,DESMATAMENTO_CR,2021-08-18,97,2021-02-12,0.2945,0.3026,0.1949,5.3553,5,24.9723,2696,11.3934,1,2021-08-14,195,28,False,,,,-113_-9
A_1164,A,83859_hist,False,-56.1914,-4.4028,6.6033,DESMATAMENTO_CR,2021-08-18,97,2020-10-21,0.7894,0.5933,0.1112,3.5243,6,14.6161,597,11.3934,1,2021-06-27,50,28,False,,,,-113_-9
A_1165,A,83863_hist,False,-56.1989,-4.4006,7.0022,DESMATAMENTO_CR,2021-08-18,97,2021-06-30,-0.4997,-0.4894,0.1299,-3.9688,6,15.8902,637,11.3934,1,2021-05-22,233,27,False,,,,-113_-9
A_1166,A,83895_hist,True,-56.0315,-4.6862,10.5391,DESMATAMENTO_CR,2021-08-18,97,2021-06-30,-0.6006,-0.8097,0.3122,-6.8968,6,29.3373,954,11.3934,1,2021-05-10,387,30,False,,,,-113_-10
A_1167,A,83900_hist,False,-56.0857,-4.0736,8.632,DESMATAMENTO_CR,2021-08-18,97,2021-01-07,0.5727,0.6885,0.2983,7.0411,5,18.2392,785,11.3934,1,,0,27,False,,,,-113_-9
A_1168,A,83910_hist,False,-56.0839,-3.9799,6.9444,DESMATAMENTO_CR,2021-08-18,97,2022-01-05,0.6751,0.7479,0.0829,3.1303,12,53.4599,635,11.3934,1,2021-01-04,162,26,False,,,,-113_-8
A_1169,A,83911_hist,False,-56.1946,-4.1151,9.0736,DESMATAMENTO_CR,2021-08-18,97,2021-06-30,-0.2814,-0.5554,0.1216,-3.7657,6,28.662,836,11.3934,1,2021-07-03,289,23,False,,,,-113_-9
A_1170,A,83922_hist,False,-56.0248,-3.9918,6.0418,DESMATAMENTO_CR,2021-08-18,97,2021-07-30,-0.3383,-0.3128,0.0567,-2.5136,5,34.07,545,11.3934,1,2021-07-27,107,22,False,,,,-113_-8
A_1171,A,84606_hist,True,-56.2021,-5.0048,23.2207,DESMATAMENTO_CR,2021-08-21,93,2021-08-17,-1.5006,-1.3713,0.3729,-7.3996,6,50.6284,2222,11.3934,1,2021-01-04,1693,22,False,,,,-113_-11
A_1172,A,84607_hist,True,-56.1961,-5.0074,11.828,DESMATAMENTO_CR,2021-08-21,93,2022-01-17,0.2387,0.3787,0.0418,2.1471,11,24.5792,1043,11.3934,1,2021-04-16,74,24,False,,,,-113_-11
A_1173,A,84614_hist,True,-56.2331,-4.9253,8.5363,DESMATAMENTO_CR,2021-08-21,93,2021-11-06,0.6235,0.6938,0.3187,7.2248,12,27.8233,793,11.3934,1,2021-04-04,23,23,False,,,,-113_-10
A_1174,A,84621_hist,False,-55.5831,-4.4652,32.1668,DESMATAMENTO_CR,2021-08-21,97,2022-01-17,0.6568,0.6499,0.174,4.7187,11,47.7788,3066,11.3934,1,2021-08-02,189,19,False,,,,-112_-9
A_1175,A,84641_hist,False,-55.9886,-4.4246,8.7264,DESMATAMENTO_CR,2021-08-21,97,2021-08-05,-1.0652,-1.4538,0.3804,-7.9324,6,44.822,817,11.3934,1,2021-01-10,559,30,False,,,,-112_-9
A_1176,A,84646_hist,True,-55.7869,-4.6131,7.8468,DESMATAMENTO_CR,2021-08-21,97,2022-01-17,1.1346,0.9646,0.1973,5.106,11,32.447,739,11.3934,1,2021-08-08,208,30,False,,,,-112_-10
A_1177,A,84654_hist,True,-55.9211,-4.746,12.9121,DESMATAMENTO_CR,2021-08-21,93,2021-08-05,-0.9753,-0.8986,0.499,-10.2714,6,34.8161,1212,11.3934,1,2021-03-23,641,32,False,,,,-112_-10
A_1178,A,84658_hist,True,-55.7928,-4.7297,13.489,DESMATAMENTO_CR,2021-08-21,93,2020-12-17,0.3189,0.2841,0.1449,4.4262,11,32.7776,1263,11.3934,1,2021-07-09,94,26,False,,,,-112_-10
A_1179,A,84662_hist,True,-55.9849,-4.7719,37.324,DESMATAMENTO_CR,2021-08-21,93,2021-07-24,-1.025,-1.053,0.4656,-9.0744,6,36.9908,3576,11.3934,1,2021-01-04,1960,28,False,,,,-112_-10
A_1180,A,84666_hist,True,-55.7607,-4.6336,11.9754,DESMATAMENTO_CR,2021-08-21,93,2020-12-17,0.7327,0.711,0.2792,6.3753,11,32.7979,1111,11.3934,1,2021-05-22,51,29,False,,,,-112_-10
A_1181,A,84667_hist,True,-55.7586,-4.6311,2.2577,DESMATAMENTO_CR,2021-08-21,93,2021-08-11,-0.4595,-0.1673,0.0654,-2.5995,5,20.0548,196,11.3934,1,,0,32,False,,,,-112_-10
A_1182,A,84670_hist,True,-55.9696,-4.6991,17.2192,DESMATAMENTO_CR,2021-08-21,93,2020-12-17,0.4339,0.4238,0.17,4.578,11,25.525,1528,11.3934,1,2021-04-10,193,25,False,,,,-112_-10
A_1183,A,84674_hist,True,-55.7782,-4.912,16.6743,DESMATAMENTO_CR,2021-08-21,93,2021-07-24,-0.9424,-0.9219,0.6355,-13.7653,6,28.2069,1589,11.3934,1,2021-07-21,620,28,False,,,,-112_-10
A_1184,A,84678_hist,True,-55.9701,-4.8778,6.4517,DESMATAMENTO_CR,2021-08-21,93,2021-07-24,-1.1554,-1.1686,0.6874,-16.1242,6,22.8279,604,11.3934,1,2021-07-27,273,22,False,,,,-112_-10
A_1185,A,84690_hist,True,-55.8912,-4.733,15.3046,DESMATAMENTO_CR,2021-08-21,93,2021-07-18,-0.549,-0.6023,0.291,-6.5266,5,25.4457,1435,11.3934,1,2021-07-27,551,28,False,,,,-112_-10
A_1186,A,84693_hist,True,-55.8035,-4.913,10.3701,DESMATAMENTO_CR,2021-08-21,93,2021-07-30,-0.9236,-1.0825,0.3111,-6.7591,5,49.1014,941,11.3934,1,2021-01-04,676,26,False,,,,-112_-10
A_1187,A,84694_hist,True,-55.9344,-4.6569,6.6378,DESMATAMENTO_CR,2021-08-21,97,2021-07-12,-1.4219,-1.2547,0.5574,-11.7116,6,28.513,601,11.3934,1,2021-07-03,301,30,False,,,,-112_-10
A_1188,A,84696_hist,False,-55.8949,-5.2994,7.2812,DESMATAMENTO_CR,2021-08-21,133,2021-06-24,-1.1758,-1.139,0.3453,-9.6125,5,37.4375,675,11.3934,1,2021-03-29,361,25,False,,,,-112_-11
A_1189,A,84697_hist,True,-55.979,-4.8173,8.2065,DESMATAMENTO_CR,2021-08-21,93,2021-07-30,-0.9494,-0.9982,0.5722,-12.6362,5,26.2914,767,11.3934,1,2021-06-21,314,26,False,,,,-112_-10
A_1190,A,84714_hist,False,-55.392,-4.4324,31.4318,DESMATAMENTO_CR,2021-08-21,97,2021-06-30,-0.2675,-0.1581,0.0763,-2.8206,6,33.6946,3046,11.3934,1,2021-08-08,421,46,False,,,,-111_-9
A_1191,A,84721_hist,False,-55.422,-4.4108,9.7452,DESMATAMENTO_CR,2021-08-21,97,2020-12-17,0.4786,0.5648,0.1666,4.5622,11,25.4643,909,11.3934,1,2021-01-22,205,46,False,,,,-111_-9
A_1192,A,84725_hist,False,-55.3126,-4.2231,11.3128,DESMATAMENTO_CR,2021-08-21,97,2021-09-10,-0.7604,-0.9244,0.2233,-5.4476,6,39.3921,1070,11.3934,1,2021-07-27,664,50,False,,,,-111_-9
A_1193,A,84746_hist,False,-55.2683,-4.3355,6.788,DESMATAMENTO_CR,2021-08-21,97,2021-08-17,-0.2623,-0.2588,0.0724,-3.0746,6,31.8056,623,11.3934,1,2021-08-14,174,45,False,,,,-111_-9
A_1194,A,84806_hist,False,-55.3522,-3.9919,7.8285,DESMATAMENTO_CR,2021-08-21,97,2021-07-30,-1.3884,-1.3142,0.5202,-10.7128,5,33.4948,677,11.3934,1,2021-07-21,511,26,False,,,,-111_-8
A_1195,A,84851_hist,False,-55.2313,-4.4203,7.6341,DESMATAMENTO_CR,2021-08-21,97,2021-08-17,-0.8452,-1.0229,0.3499,-7.6992,6,31.7877,695,11.3934,1,2021-08-08,453,24,False,,,,-111_-9
A_1196,A,84855_hist,False,-55.1072,-4.3669,7.2664,DESMATAMENTO_CR,2021-08-21,97,2021-08-05,-0.3044,-0.1802,0.0789,-3.0441,6,25.3589,668,11.3934,1,2021-08-08,123,23,False,,,,-111_-9
A_1197,A,84859_hist,False,-55.2228,-4.3605,11.4582,DESMATAMENTO_CR,2021-08-21,97,2020-12-26,0.5168,0.4126,0.2039,5.3393,5,22.8706,1097,11.3934,1,2021-06-21,42,24,True,2021-07-22,-208.0,False,-111_-9
A_1198,A,84860_hist,False,-55.2232,-4.3535,10.2124,DESMATAMENTO_CR,2021-08-21,97,2021-08-05,-0.6999,-0.4533,0.2456,-5.799,6,28.1923,953,11.3934,1,2021-07-27,261,30,True,2021-08-17,-12.0,True,-111_-9
A_1199,A,84863_hist,False,-55.1363,-4.3317,9.7831,DESMATAMENTO_CR,2021-08-21,97,2021-06-18,-0.2223,-0.1356,0.0553,-2.5542,6,21.6511,909,11.3934,1,2021-07-15,176,29,True,2021-07-25,-37.0,False,-111_-9
A_1200,A,84872_hist,False,-55.1659,-4.2311,8.3909,DESMATAMENTO_CR,2021-08-21,97,2020-12-17,0.3784,0.3484,0.0934,3.3455,11,26.3125,786,11.3934,1,2021-08-14,142,24,False,,,,-111_-9
A_1201,A,88441_hist,False,-55.3309,-4.0907,6.348,DESMATAMENTO_CR,2021-09-02,97,2022-01-17,0.8322,0.6938,0.0612,2.565,11,32.2381,581,11.3934,1,2021-09-19,188,49,True,2021-09-06,133.0,False,-111_-9
A_1202,A,88450_hist,False,-55.54,-4.3952,13.6055,DESMATAMENTO_CR,2021-09-02,97,2021-08-17,-0.5672,-0.6573,0.3444,-7.6706,6,30.1862,1273,11.3934,1,2021-01-28,450,31,False,,,,-112_-9
A_1203,A,88451_hist,False,-55.068,-4.266,11.1281,DESMATAMENTO_CR,2021-09-02,97,2020-10-27,0.5227,0.2824,0.1143,3.5795,5,20.4065,1040,11.3934,1,2021-08-20,292,25,False,,,,-111_-9
A_1204,A,88454_hist,False,-55.1397,-4.2193,15.4317,DESMATAMENTO_CR,2021-09-02,97,2021-07-24,-0.2801,-0.3182,0.0904,-3.2896,6,21.6759,1475,11.3934,1,2021-08-14,473,21,True,2021-08-14,-21.0,False,-111_-9
A_1205,A,88455_hist,False,-55.0993,-4.187,7.8082,DESMATAMENTO_CR,2021-09-02,97,2021-08-17,-1.4639,-1.4442,0.6616,-14.6318,6,25.224,721,11.3934,1,2021-08-14,375,23,False,,,,-111_-9
A_1206,A,88461_hist,True,-55.6835,-4.6668,12.0669,DESMATAMENTO_CR,2021-09-02,93,2021-07-24,-0.3845,-0.3829,0.1771,-4.8717,6,25.6126,1125,11.3934,1,2021-05-16,179,24,False,,,,-112_-10
A_1207,A,89241_hist,True,-56.112,-5.1851,32.7711,DESMATAMENTO_CR,2021-09-04,93,2021-07-18,-0.8098,-0.7668,0.3983,-7.99,5,30.9989,3169,11.3934,1,2021-01-04,1862,25,False,,,,-113_-11
A_1208,A,89242_hist,True,-56.022,-4.907,6.9973,DESMATAMENTO_CR,2021-09-04,93,2021-06-30,-1.147,-1.1156,0.4829,-9.721,6,39.952,634,11.3934,1,2021-01-28,445,24,False,,,,-113_-10
A_1209,A,89907_hist,False,-55.4703,-4.2152,23.3072,DESMATAMENTO_CR,2021-09-07,97,2021-08-17,-0.7849,-0.8454,0.3107,-6.8059,6,37.2683,2067,11.3934,1,2021-07-27,1028,27,False,,,,-111_-9
A_1210,A,89919_hist,True,-56.2332,-5.0704,7.4738,DESMATAMENTO_CR,2021-09-07,93,2020-11-14,0.3417,0.4441,0.2026,5.7583,6,27.6542,700,11.3934,1,2021-07-27,59,22,False,,,,-113_-11
A_1211,A,89952_hist,False,-55.1892,-4.2249,9.0723,DESMATAMENTO_CR,2021-09-07,97,2021-07-24,-0.2532,-0.3714,0.0676,-2.7391,6,23.1529,866,11.3934,1,2021-08-14,253,26,False,,,,-111_-9
A_1212,A,90000_hist,True,-56.2353,-4.9775,13.4658,DESMATAMENTO_CR,2021-09-07,93,2021-07-18,-1.3751,-1.282,0.4288,-8.4271,5,40.3269,1277,11.3934,1,2021-06-21,751,26,False,,,,-113_-10
A_1213,A,90069_hist,True,-56.2474,-4.9568,6.6595,DESMATAMENTO_CR,2021-09-07,93,2021-07-24,-2.3226,-2.4685,0.5955,-11.8928,6,52.5105,618,11.3934,1,2021-05-28,473,26,False,,,,-113_-10
A_1214,A,90081_hist,True,-55.6979,-4.5442,6.9947,DESMATAMENTO_CR,2021-09-07,97,2021-08-17,-1.0302,-1.024,0.3497,-7.6056,6,43.7691,631,11.3934,1,2021-07-21,358,26,False,,,,-112_-10
A_1215,A,90082_hist,True,-55.7006,-4.5369,12.9035,DESMATAMENTO_CR,2021-09-07,97,2021-08-05,-1.1107,-1.1159,0.5245,-10.8692,6,37.0571,1231,11.3934,1,2021-07-03,668,22,False,,,,-112_-10
A_1216,A,90101_hist,False,-55.7043,-4.2131,14.5786,DESMATAMENTO_CR,2021-09-07,97,2021-07-24,-0.6409,-0.5626,0.2603,-6.0804,6,30.063,1324,11.3934,1,2021-07-27,172,22,False,,,,-112_-9
A_1217,A,90163_hist,True,-56.061,-4.6932,16.1827,DESMATAMENTO_CR,2021-09-07,97,2021-08-17,-0.5722,-0.268,0.2215,-5.36,6,33.275,1565,11.3934,1,2021-06-27,353,26,False,,,,-113_-10
A_1218,A,90181_hist,True,-56.0876,-4.5944,17.4794,DESMATAMENTO_CR,2021-09-07,97,2020-08-04,-0.399,-0.358,0.0759,-2.9663,5,32.7202,1694,11.3934,1,2021-01-10,358,25,True,2021-08-22,-383.0,False,-113_-10
A_1219,A,93796_hist,False,-56.2356,-3.9482,10.5368,DESMATAMENTO_CR,2021-09-02,97,2021-08-23,-0.9389,-1.0053,0.4841,-9.9911,5,26.5762,982,11.3934,1,2021-07-21,476,26,False,,,,-113_-8
A_1220,A,93990_hist,True,-55.7839,-4.8463,10.089,DESMATAMENTO_CR,2021-09-22,93,2021-09-22,-0.5634,-0.2863,0.2134,-5.4618,6,18.3079,967,11.3934,1,2021-08-26,258,28,False,,,,-112_-10
A_1221,A,94207_hist,True,-56.2696,-4.765,10.8017,DESMATAMENTO_CR,2021-09-30,93,2021-10-10,0.0813,0.3714,0.1191,3.5085,5,16.0293,1004,11.3934,1,2021-09-25,63,27,False,,,,-113_-10
A_1222,A,94332_hist,True,-56.2682,-4.9085,15.0187,DESMATAMENTO_CR,2021-10-03,93,2021-10-01,0.4146,0.7627,0.3447,7.6946,12,20.2745,1439,11.3934,1,2021-04-10,76,20,False,,,,-113_-10
A_1223,A,94355_hist,True,-55.7846,-4.85,38.804,DESMATAMENTO_CR,2021-10-03,93,2020-11-23,0.2137,0.1902,0.0976,3.4604,11,16.9447,3789,11.3934,1,2021-09-01,427,28,False,,,,-112_-10
A_1224,A,94367_hist,True,-56.269,-4.7718,44.5005,DESMATAMENTO_CR,2021-10-06,93,2021-09-16,-0.1722,0.2251,0.0975,0.4586,5,17.6333,4310,11.3934,1,2021-01-16,72,23,False,,,,-113_-10
A_1225,A,94586_hist,True,-56.2668,-4.768,6.7165,DESMATAMENTO_CR,2021-10-12,93,2021-10-10,-0.3481,0.1601,0.0812,-1.0784,5,14.245,645,11.3934,1,2021-10-13,55,28,False,,,,-113_-10
A_1226,A,94644_hist,False,-55.1681,-4.2317,15.5174,DESMATAMENTO_CR,2021-09-21,97,2021-09-10,-0.4374,-0.5554,0.1566,-4.432,6,30.298,1487,11.3934,1,2021-08-20,527,25,False,,,,-111_-9
A_1227,A,94721_hist,True,-56.1757,-4.7325,15.1022,DESMATAMENTO_CR,2021-11-24,93,2021-09-10,-0.3471,-0.035,0.1059,-2.7014,6,14.2178,1453,11.3934,1,2021-09-25,343,25,False,,,,-113_-10
A_1228,A,9515_hist,False,-55.3365,-3.9745,16.695,DESMATAMENTO_CR,2021-09-21,97,2021-09-10,-0.964,-0.8703,0.2951,-6.5325,6,32.9935,1598,11.3934,1,2021-08-20,914,36,False,,,,-111_-8
A_1229,A,9518_hist,True,-55.6555,-4.4926,15.5367,DESMATAMENTO_CR,2021-09-21,97,2021-08-17,-0.627,-0.6084,0.3906,-8.2682,6,25.7008,1479,11.3934,1,2021-07-27,526,24,False,,,,-112_-9
A_1230,A,95242_hist,False,-55.7328,-3.9904,10.8617,DESMATAMENTO_CR,2021-09-22,97,2021-09-22,-1.2313,-1.4794,0.4953,-10.1453,6,37.8791,1020,11.3934,1,2021-08-20,517,22,False,,,,-112_-8
A_1231,A,95250_hist,True,-56.0061,-5.1721,18.4885,DESMATAMENTO_CR,2021-09-22,93,2021-09-10,-0.6246,-0.5127,0.2739,-6.1063,6,29.9791,1762,11.3934,1,2021-06-03,679,22,False,,,,-113_-11
A_1232,A,95264_hist,True,-56.146,-5.0089,28.8065,DESMATAMENTO_CR,2021-09-22,93,2021-07-24,-0.548,-0.5245,0.2326,-5.4028,6,34.6627,2773,11.3934,1,2021-07-15,858,30,False,,,,-113_-11
A_1233,A,95269_hist,True,-56.1934,-5.0076,15.7952,DESMATAMENTO_CR,2021-09-22,93,2020-10-21,0.2796,0.2017,0.0864,3.1576,6,33.2431,1526,11.3934,1,2021-06-21,186,23,False,,,,-113_-11
A_1234,A,9526_hist,False,-55.6682,-4.4519,18.618,DESMATAMENTO_CR,2021-09-21,97,2020-12-26,0.2449,0.1928,0.0735,2.8843,5,29.4896,1743,11.3934,1,2021-07-15,479,28,False,,,,-112_-9
A_1235,A,95274_hist,True,-56.2396,-5.0184,9.1912,DESMATAMENTO_CR,2021-09-22,93,2021-07-06,-1.1885,-1.2018,0.6173,-13.1619,5,42.2968,829,11.3934,1,2021-02-03,614,23,False,,,,-113_-11
A_1236,A,95292_hist,True,-55.9639,-4.5908,7.6262,DESMATAMENTO_CR,2021-09-22,97,2021-09-10,-0.7161,-0.5367,0.2199,-5.544,6,28.5885,716,11.3934,1,2021-08-02,414,31,True,2021-08-30,11.0,True,-112_-10
A_1237,A,95295_hist,True,-55.9751,-4.5916,14.5468,DESMATAMENTO_CR,2021-09-22,97,2021-09-22,-0.7631,-0.9125,0.3123,-6.9567,6,33.7532,1388,11.3934,1,2021-01-10,728,31,False,,,,-112_-10
A_1238,A,95339_hist,False,-55.1892,-4.2785,7.9117,DESMATAMENTO_CR,2021-09-22,97,2021-07-24,-0.8311,-0.7019,0.303,-6.8604,6,41.7958,732,11.3934,1,2021-07-21,284,26,False,,,,-111_-9
A_1239,A,95344_hist,True,-56.1698,-4.9937,11.632,DESMATAMENTO_CR,2021-09-22,93,2021-07-12,-1.0392,-1.0619,0.393,-7.9877,6,48.1161,1057,11.3934,1,2021-04-22,551,26,False,,,,-113_-10
A_1240,A,9536_hist,False,-55.2178,-4.232,7.2738,DESMATAMENTO_CR,2021-09-21,97,2021-09-10,-1.1108,-1.0815,0.3416,-7.2556,6,33.4407,661,11.3934,1,2021-07-27,513,50,True,2021-08-24,17.0,True,-111_-9
A_1241,A,9537_hist,False,-55.2103,-4.263,10.0663,DESMATAMENTO_CR,2021-09-21,97,2021-10-10,0.5804,0.6166,0.2955,6.981,5,20.3364,964,11.3934,1,2021-09-19,81,31,True,2021-09-19,21.0,False,-111_-9
A_1242,A,9539_hist,False,-55.1872,-4.3009,44.9952,DESMATAMENTO_CR,2021-09-21,97,2020-12-17,0.5257,0.5498,0.3829,8.2121,11,18.9939,4385,11.3934,1,2021-09-01,183,23,True,2021-09-10,-267.0,False,-111_-9
A_1243,A,98381_hist,False,-55.2191,-4.2697,10.7843,DESMATAMENTO_CR,2021-09-30,97,2021-08-17,-0.5611,-0.392,0.25,-6.1263,6,19.5062,1018,11.3934,1,2021-08-20,341,38,False,,,,-111_-9
A_1244,A,98432_hist,False,-55.2683,-4.3385,13.0235,DESMATAMENTO_CR,2021-09-30,97,2021-08-17,-0.5583,-0.3695,0.2197,-5.4972,6,25.9766,1241,11.3934,1,2021-08-08,361,44,False,,,,-111_-9
A_1245,A,98433_hist,False,-55.3584,-4.3564,11.4582,DESMATAMENTO_CR,2021-09-30,97,2020-12-17,0.3628,0.2437,0.1265,4.0374,11,15.9499,1018,11.3934,1,2021-08-08,68,49,False,,,,-111_-9
A_1246,A,98456_hist,False,-55.2746,-4.1979,7.139,DESMATAMENTO_CR,2021-09-30,97,2021-08-17,-0.9545,-1.0045,0.3305,-7.2629,6,32.9523,661,11.3934,1,2021-08-20,140,46,False,,,,-111_-9
B_0,B,100701_hist,False,-61.5143,2.3319,10.3067,DESMATAMENTO_CR,2021-10-05,227,2020-09-29,-1.2935,-1.5679,0.1884,-7.524,5,32.6972,974,19.1314,1,,0,20,False,,,,-124_4
B_1,B,100702_hist,False,-61.5161,2.2939,35.4901,DESMATAMENTO_CR,2021-10-05,227,2021-12-17,-1.2564,-1.5145,0.1364,-6.2272,5,33.1582,3423,19.1314,1,,0,22,False,,,,-124_4
B_2,B,100704_hist,True,-60.0142,0.6399,22.2965,DESMATAMENTO_CR,2021-10-05,138,2021-10-31,-0.5443,-0.5829,0.1602,-5.8259,5,26.4703,2120,19.1314,1,2021-09-28,457,26,True,2021-09-05,56.0,False,-121_1
B_3,B,100710_hist,False,-61.5197,2.6928,16.1014,DESMATAMENTO_CR,2021-10-05,186,2021-09-06,-0.9834,-1.1481,0.2751,-8.6014,4,33.3657,1529,19.1314,1,,0,23,False,,,,-124_5
B_4,B,100712_hist,False,-61.5747,3.1038,6.4899,DESMATAMENTO_CR,2021-10-05,134,2021-04-06,0.3554,0.3661,0.1414,5.2266,0,32.7359,597,19.1314,1,,0,24,False,,,,-124_6
B_5,B,103704_hist,False,-61.3834,2.2789,2.8535,DESMATAMENTO_CR,2021-10-11,227,2021-10-12,-0.5174,-0.5581,0.1297,-7.0946,4,29.1747,257,19.1314,1,,0,54,False,,,,-123_4
B_6,B,103706_hist,False,-61.3817,2.2814,16.2969,DESMATAMENTO_CR,2021-10-11,227,2021-10-09,-0.8794,-0.7425,0.2638,-10.2432,0,36.7991,1540,19.1314,1,2021-10-10,145,55,False,,,,-123_4
B_7,B,103727_hist,False,-59.4642,0.8114,6.7447,DESMATAMENTO_CR,2021-10-11,98,2021-09-19,-0.7148,-0.5209,0.2808,-6.8104,7,37.3092,624,19.1314,1,2021-08-06,110,19,False,,,,-119_1
B_8,B,103728_hist,False,-59.4937,0.8826,6.9784,DESMATAMENTO_CR,2021-10-11,98,2021-09-19,-1.216,-1.3368,0.5783,-12.5441,7,32.2316,638,19.1314,1,2021-02-07,315,20,False,,,,-119_1
B_9,B,10384_hist,True,-60.4082,0.6076,14.4254,DESMATAMENTO_CR,2021-09-24,137,2021-10-03,-0.5423,-0.4419,0.1305,-5.3202,1,22.7264,1354,19.1314,1,2021-03-08,276,24,False,,,,-121_1
B_10,B,10386_hist,True,-60.4831,0.6823,9.3358,DESMATAMENTO_CR,2021-09-24,137,2021-09-25,-1.2857,-1.5002,0.4857,-13.1605,6,22.6763,880,19.1314,1,2021-09-10,382,25,False,,,,-121_1
B_11,B,10406_hist,True,-60.5402,0.6607,8.3327,DESMATAMENTO_CR,2021-09-24,137,2021-10-07,-0.6069,-0.8004,0.2522,-8.0779,6,29.7225,768,19.1314,1,2021-01-25,373,29,False,,,,-122_1
B_12,B,10407_hist,True,-60.5397,0.677,13.3852,DESMATAMENTO_CR,2021-09-24,137,2021-09-13,-0.6023,-0.7808,0.2763,-8.3401,6,28.0696,1242,19.1314,1,2021-09-20,221,27,False,,,,-122_1
B_13,B,10410_hist,True,-60.5501,0.6885,7.5326,DESMATAMENTO_CR,2021-09-24,137,2021-10-07,-0.9762,-1.2956,0.4267,-11.5856,6,28.3884,701,19.1314,1,2021-01-23,278,29,False,,,,-122_1
B_14,B,104910_hist,True,-59.9363,0.8058,17.231,DESMATAMENTO_CR,2021-10-14,138,2021-10-31,-0.4763,-0.7541,0.1849,-6.267,5,33.5356,1647,19.1314,1,2021-03-19,602,23,False,,,,-120_1
B_15,B,104918_hist,False,-59.8243,0.5149,12.7271,DESMATAMENTO_CR,2021-10-14,191,2021-09-28,-1.2404,-1.3261,0.4987,-15.5802,0,24.5406,1197,19.1314,1,2021-02-06,535,26,False,,,,-120_1
B_16,B,104935_hist,True,-59.9112,0.647,15.1946,DESMATAMENTO_CR,2021-10-14,188,2021-11-24,-1.0402,-0.9451,0.0838,-4.3855,4,38.7522,1465,19.1314,1,2021-01-06,449,25,False,,,,-120_1
B_17,B,107492_hist,False,-61.9616,3.6756,10.4909,DESMATAMENTO_CR,2021-11-10,134,2021-10-06,-0.316,-0.002,0.0639,-2.5868,5,25.8933,1008,19.1314,1,,0,29,False,,,,-124_7
B_18,B,107505_hist,False,-61.5615,2.1526,19.0168,DESMATAMENTO_CR,2021-11-10,227,2021-09-03,-1.3142,-1.8389,0.4921,-15.952,0,40.2866,1818,19.1314,1,,0,28,False,,,,-124_4
B_19,B,107514_hist,False,-61.5456,2.5275,10.6065,DESMATAMENTO_CR,2021-11-10,186,2021-12-14,-1.7904,-2.5081,0.3442,-10.0568,0,26.0252,989,19.1314,1,,0,23,False,,,,-124_5
B_20,B,107515_hist,False,-60.6475,0.685,19.8593,DESMATAMENTO_CR,2021-11-10,137,2021-11-29,-0.4872,-0.7841,0.095,-3.9768,4,29.1402,1876,19.1314,1,,0,17,False,,,,-122_1
B_21,B,107517_hist,True,-60.272,0.8194,9.9447,DESMATAMENTO_CR,2021-11-10,182,2021-11-12,-0.5507,-0.8816,0.1584,-6.4162,5,31.3506,942,19.1314,1,2021-01-07,373,22,False,,,,-121_1
B_22,B,107519_hist,False,-61.5433,2.6393,16.096,DESMATAMENTO_CR,2021-11-10,186,2021-12-14,-0.7487,-1.0441,0.0807,-4.1228,0,29.5188,1517,19.1314,1,,0,28,False,,,,-124_5
B_23,B,107521_hist,False,-61.5385,2.7627,10.3833,DESMATAMENTO_CR,2021-11-10,134,2020-10-05,-0.8214,-0.7468,0.2459,-6.7916,5,31.7931,980,19.1314,1,,0,28,False,,,,-124_5
B_24,B,107525_hist,False,-61.6081,3.1092,6.5329,DESMATAMENTO_CR,2021-11-10,134,2021-10-30,-0.6515,-0.8298,0.0665,-3.1588,5,29.8144,605,19.1314,1,,0,26,False,,,,-124_6
B_25,B,11112_hist,False,-59.5484,0.7546,9.6741,DESMATAMENTO_CR,2021-09-27,98,2021-11-06,-1.1212,-1.5474,0.438,-9.0368,7,31.0918,915,19.1314,1,2021-08-30,675,21,False,,,,-120_1
B_26,B,11114_hist,False,-59.5551,1.0269,6.7751,DESMATAMENTO_CR,2021-09-27,98,2021-11-06,-1.309,-1.4046,0.4979,-10.7193,7,21.552,630,19.1314,1,2021-09-11,273,23,False,,,,-120_2
B_27,B,11447_hist,False,-63.8946,3.6517,8.0649,DESMATAMENTO_CR,2021-09-29,91,2021-09-20,-0.9743,-0.9961,0.5238,-11.265,11,29.1376,753,19.1314,1,2021-07-15,360,16,False,,,,-128_7
B_28,B,11457_hist,False,-60.4584,0.1849,6.9361,DESMATAMENTO_CR,2021-09-29,137,2021-10-03,-1.056,-1.2327,0.3868,-11.0164,1,23.7143,645,19.1314,1,2021-09-22,321,23,False,,,,-121_0
B_29,B,11461_hist,False,-60.3142,1.7053,8.8587,DESMATAMENTO_CR,2021-09-29,138,2021-09-07,-0.6031,-0.5852,0.1676,-6.1639,5,41.5775,831,19.1314,1,2021-05-19,200,26,False,,,,-121_3
B_30,B,12070_hist,False,-60.3116,1.7069,24.4845,DESMATAMENTO_CR,2021-09-29,138,2021-12-27,-0.6201,-0.8524,0.1232,-4.8415,11,32.7183,2360,19.1314,1,2021-05-13,365,23,False,,,,-121_3
B_31,B,12071_hist,False,-59.8059,0.6899,7.1018,DESMATAMENTO_CR,2021-09-29,191,2021-11-09,-1.2212,-1.8051,0.3857,-12.0903,0,24.8731,653,19.1314,1,2021-09-23,550,17,True,2021-09-17,53.0,False,-120_1
B_32,B,12077_hist,False,-59.8151,0.727,6.3879,DESMATAMENTO_CR,2021-09-29,191,2021-10-10,-1.432,-1.714,0.5484,-17.5331,0,26.2632,600,19.1314,1,2021-09-10,358,20,True,2021-09-17,23.0,False,-120_1
B_33,B,12078_hist,False,-59.9411,0.5945,7.5328,DESMATAMENTO_CR,2021-09-29,138,2021-09-28,-1.2384,-1.1408,0.4085,-11.511,0,29.1932,715,19.1314,1,2021-09-03,532,20,False,,,,-120_1
B_34,B,12088_hist,True,-60.5944,0.6576,7.2803,DESMATAMENTO_CR,2021-09-29,137,2021-10-03,-1.5009,-1.9308,0.4701,-12.1699,1,30.0414,672,19.1314,1,2021-10-10,24,21,False,,,,-122_1
B_35,B,12094_hist,False,-60.7457,1.7454,27.8552,DESMATAMENTO_CR,2021-09-29,137,2021-09-30,-1.3715,-1.7149,0.5373,-14.195,4,38.9455,2664,19.1314,1,2021-08-03,2160,25,False,,,,-122_3
B_36,B,12098_hist,True,-60.5633,0.6288,6.5665,DESMATAMENTO_CR,2021-09-29,137,2021-10-03,-0.7977,-0.7742,0.2481,-8.1505,1,19.3843,603,19.1314,1,2021-09-22,173,20,False,,,,-122_1
B_37,B,12100_hist,True,-60.58,0.8472,11.6001,DESMATAMENTO_CR,2021-09-29,137,2021-09-13,-0.5268,-0.476,0.1644,-6.0482,6,20.6005,1059,19.1314,1,2021-09-20,50,24,False,,,,-122_1
B_38,B,12106_hist,True,-60.5539,0.8526,9.0154,DESMATAMENTO_CR,2021-09-29,137,2021-09-13,-0.6542,-0.6701,0.2306,-7.4461,6,35.3997,796,19.1314,1,2021-02-16,287,23,False,,,,-122_1
B_39,B,12108_hist,False,-59.4003,0.8847,10.1907,DESMATAMENTO_CR,2021-09-29,98,2021-09-19,-1.2642,-1.3243,0.5504,-11.4487,7,21.7308,988,19.1314,1,2021-09-11,505,29,False,,,,-119_1
B_40,B,12109_hist,True,-60.5734,1.0098,66.7912,DESMATAMENTO_CR,2021-09-29,137,2021-10-03,-1.2417,-1.5023,0.4883,-12.5898,1,31.7771,6440,19.1314,1,2021-01-01,934,20,False,,,,-122_2
B_41,B,12110_hist,False,-61.6123,2.2428,13.7759,DESMATAMENTO_CR,2021-09-29,227,2021-12-29,-0.4451,-0.4646,0.0661,-4.6261,6,27.6993,1306,19.1314,1,,0,33,False,,,,-124_4
B_42,B,12114_hist,False,-61.5734,2.3773,27.0942,DESMATAMENTO_CR,2021-09-29,186,2021-12-14,-0.8997,-0.8246,0.1517,-5.8518,0,30.2012,2598,19.1314,1,,0,30,False,,,,-124_4
B_43,B,12116_hist,False,-61.796,2.2915,16.6166,DESMATAMENTO_CR,2021-09-29,134,2021-09-12,-0.5282,-0.3635,0.2227,-6.8036,5,36.0127,1576,19.1314,1,,0,29,False,,,,-124_4
B_44,B,12117_hist,False,-59.4636,1.0327,9.298,DESMATAMENTO_CR,2021-09-29,98,2021-10-01,-1.8068,-2.3036,0.6575,-14.0739,7,33.7468,840,19.1314,1,2021-09-15,587,17,False,,,,-119_2
B_45,B,12118_hist,False,-61.6002,2.3903,9.3162,DESMATAMENTO_CR,2021-09-29,186,2021-10-09,-0.6478,-0.5055,0.2761,-9.2525,0,38.8667,881,19.1314,1,,0,24,False,,,,-124_4
B_46,B,12120_hist,False,-61.694,2.3744,32.1306,DESMATAMENTO_CR,2021-09-29,134,2021-11-11,-1.0928,-1.3489,0.2613,-7.0149,5,33.7431,3016,19.1314,1,,0,29,False,,,,-124_4
B_47,B,12133_hist,False,-61.9005,3.59,7.8873,DESMATAMENTO_CR,2021-09-29,134,2021-03-13,0.6593,0.7465,0.2954,8.1432,0,33.5964,722,19.1314,1,,0,17,False,,,,-124_7
B_48,B,12134_hist,False,-61.6849,2.2063,7.5646,DESMATAMENTO_CR,2021-09-29,134,2021-03-04,0.4544,0.2765,0.1326,4.6882,5,30.6755,704,19.1314,1,,0,21,False,,,,-124_4
B_49,B,131334_hist,False,-61.6882,2.5816,10.8828,DESMATAMENTO_CR,2021-03-20,134,2021-08-31,-1.1278,-1.0435,0.1594,-5.1418,5,21.4598,1002,19.1314,1,,0,25,False,,,,-124_5
B_50,B,13501_hist,False,-61.5722,2.2327,8.0073,DESMATAMENTO_CR,2021-10-02,227,2021-09-24,-0.5896,-0.9068,0.1983,-8.1859,5,34.602,748,19.1314,1,2021-02-11,87,27,False,,,,-124_4
B_51,B,14110_hist,False,-61.9613,3.6694,21.2031,DESMATAMENTO_CR,2021-10-05,134,2021-09-21,-0.3323,-0.0407,0.0867,-3.1755,0,35.5373,2036,19.1314,1,2021-09-20,204,29,False,,,,-124_7
B_52,B,14115_hist,True,-60.4108,1.3145,18.1881,DESMATAMENTO_CR,2021-10-05,182,2021-12-11,-0.8655,-1.6455,0.2655,-8.9128,4,39.0917,1744,19.1314,1,2021-02-06,1013,25,False,,,,-121_2
B_53,B,14116_hist,False,-61.5815,3.1006,8.9851,DESMATAMENTO_CR,2021-10-05,134,2020-09-02,-0.5816,-0.4237,0.127,-4.6588,0,31.3478,845,19.1314,1,2022-01-31,1,26,False,,,,-124_6
B_54,B,14117_hist,False,-61.6423,3.1968,8.8122,DESMATAMENTO_CR,2021-10-05,134,2021-09-09,-0.4537,-0.5834,0.2078,-6.4519,0,51.2619,823,19.1314,1,2021-08-27,151,26,False,,,,-124_6
B_55,B,14118_hist,False,-60.6283,0.6891,9.9943,DESMATAMENTO_CR,2021-10-05,137,2021-10-03,-0.6742,-0.735,0.2509,-7.8945,1,24.8297,932,19.1314,1,2021-03-24,113,27,False,,,,-122_1
B_56,B,14121_hist,False,-59.6155,0.835,13.6186,DESMATAMENTO_CR,2021-10-05,98,2021-11-06,-1.5,-1.8646,0.6516,-14.1102,7,37.2202,1262,19.1314,1,2021-09-11,1102,23,True,2021-09-17,50.0,False,-120_1
B_57,B,14127_hist,True,-60.0168,0.7418,38.4566,DESMATAMENTO_CR,2021-10-05,138,2021-11-03,-0.422,-0.458,0.122,-5.0217,0,20.1388,3738,19.1314,1,2021-09-27,340,25,False,,,,-121_1
B_58,B,147333_hist,True,-60.0074,0.6349,9.9328,DESMATAMENTO_CR,2021-04-21,138,2020-10-06,-0.4243,-0.3347,0.0457,-2.9527,5,40.1778,923,19.1314,1,2021-01-06,415,26,False,,,,-121_1
B_59,B,147418_hist,True,-60.0936,1.1118,12.9652,DESMATAMENTO_CR,2021-04-21,138,2021-10-07,-0.5916,-0.5068,0.109,-4.6796,5,47.4375,1239,19.1314,1,2021-02-11,277,21,False,,,,-121_2
B_60,B,16397_hist,False,-59.6686,0.5785,8.8252,DESMATAMENTO_CR,2021-10-11,98,2021-10-01,-1.4198,-1.7037,0.5896,-12.3471,7,25.7219,834,19.1314,1,2021-09-23,545,23,False,,,,-120_1
B_61,B,16408_hist,False,-59.7482,0.6904,7.2065,DESMATAMENTO_CR,2021-10-11,191,2021-09-28,-1.7299,-1.867,0.5827,-18.2923,0,26.3904,674,19.1314,1,2021-09-11,305,21,False,,,,-120_1
B_62,B,16418_hist,False,-59.5834,1.1211,9.0824,DESMATAMENTO_CR,2021-10-11,191,2021-10-10,-1.0471,-1.2845,0.3841,-12.3091,0,23.6826,848,19.1314,1,2021-09-23,444,21,True,2021-09-22,18.0,True,-120_2
B_63,B,16421_hist,False,-59.5754,1.1267,14.8112,DESMATAMENTO_CR,2021-10-11,191,2021-12-15,-1.6556,-2.2929,0.4145,-12.5877,0,24.0242,1411,19.1314,1,2021-09-15,1062,19,False,,,,-120_2
B_64,B,16424_hist,False,-59.4585,0.7807,7.274,DESMATAMENTO_CR,2021-10-11,98,2021-10-01,-0.8614,-0.5779,0.3515,-7.8038,7,17.4317,651,19.1314,0,2021-09-23,166,18,False,,,,-119_1
B_65,B,16433_hist,False,-59.801,0.7279,8.308,DESMATAMENTO_CR,2021-10-11,191,2021-11-24,-0.9157,-1.3206,0.3246,-10.9269,4,26.5045,785,19.1314,1,2021-02-11,498,22,True,2021-09-20,65.0,False,-120_1
B_66,B,17316_hist,True,-60.0102,0.6123,13.0777,DESMATAMENTO_CR,2021-10-14,138,2021-10-10,-0.3587,-0.3942,0.1013,-4.6217,0,20.9757,1232,19.1314,1,2021-09-03,185,25,False,,,,-121_1
B_67,B,17318_hist,True,-60.5164,0.6714,9.4035,DESMATAMENTO_CR,2021-10-14,137,2021-10-07,-0.6532,-0.7017,0.2436,-8.0007,6,18.6122,874,19.1314,0,2021-10-04,157,25,False,,,,-122_1
B_68,B,17321_hist,True,-60.0118,0.6169,9.6559,DESMATAMENTO_CR,2021-10-14,138,2021-12-09,-0.2251,-0.6232,0.0789,-3.5584,0,23.1436,921,19.1314,1,2021-09-04,75,23,False,,,,-121_1
B_69,B,17327_hist,False,-61.5109,2.3675,17.8948,DESMATAMENTO_CR,2021-10-14,186,2021-10-12,-0.5472,-0.5135,0.2842,-9.1384,4,29.6836,1700,19.1314,1,2021-10-10,59,26,False,,,,-124_4
B_70,B,17328_hist,False,-61.5982,2.3888,8.5845,DESMATAMENTO_CR,2021-10-14,186,2021-10-09,-0.5599,-0.6047,0.2587,-8.7127,0,42.5459,816,19.1314,1,,0,24,False,,,,-124_4
B_71,B,17333_hist,False,-61.6855,2.6761,11.4168,DESMATAMENTO_CR,2021-10-14,134,2021-12-11,-0.6807,-0.7724,0.1582,-5.322,5,39.1618,1073,19.1314,1,,0,25,False,,,,-124_5
B_72,B,17335_hist,False,-61.6247,2.6999,7.0701,DESMATAMENTO_CR,2021-10-14,134,2021-10-12,-0.9635,-0.719,0.2717,-7.4482,5,33.7168,668,19.1314,1,,0,26,False,,,,-124_5
B_73,B,17337_hist,False,-59.5702,0.6387,9.8282,DESMATAMENTO_CR,2021-10-14,98,2021-10-01,-0.9718,-0.8864,0.539,-12.6426,7,22.4438,914,19.1314,1,2021-09-23,345,17,False,,,,-120_1
B_74,B,17338_hist,False,-59.5336,0.6895,11.1266,DESMATAMENTO_CR,2021-10-14,98,2021-11-24,-0.7996,-1.252,0.5063,-10.9149,4,19.9706,1050,19.1314,1,2021-09-27,476,21,False,,,,-120_1
B_75,B,17339_hist,True,-60.0265,0.733,6.3756,DESMATAMENTO_CR,2021-10-14,138,2021-11-03,-0.5679,-0.7651,0.1727,-6.1378,0,17.2238,601,19.1314,0,2021-10-04,135,22,False,,,,-121_1
B_76,B,17340_hist,True,-60.0406,0.7444,12.9665,DESMATAMENTO_CR,2021-10-14,138,2021-12-09,-0.5338,-0.7363,0.1451,-5.4224,0,18.85,1245,19.1314,0,2021-10-10,290,21,False,,,,-121_1
B_77,B,17345_hist,False,-59.4677,0.9536,9.6675,DESMATAMENTO_CR,2021-10-14,98,2021-11-24,-1.5446,-1.8549,0.5475,-11.5193,4,20.7872,896,19.1314,1,2021-09-23,658,22,False,,,,-119_1
B_78,B,17346_hist,False,-59.6479,1.0196,23.119,DESMATAMENTO_CR,2021-10-14,191,2021-11-24,-1.0088,-1.4608,0.322,-10.3117,4,33.6711,2244,19.1314,1,2021-09-11,1672,25,False,,,,-120_2
B_79,B,17347_hist,False,-59.657,1.032,11.4702,DESMATAMENTO_CR,2021-10-14,191,2021-11-03,-0.558,-0.602,0.1687,-7.1965,0,16.659,1078,19.1314,0,2021-10-16,214,24,False,,,,-120_2
B_80,B,17348_hist,True,-60.2158,0.8754,6.4985,DESMATAMENTO_CR,2021-10-14,182,2021-11-12,-1.3587,-2.0855,0.4535,-14.1015,5,30.4395,610,19.1314,1,2021-02-18,372,25,False,,,,-121_1
B_81,B,17350_hist,False,-59.5838,1.119,10.5346,DESMATAMENTO_CR,2021-10-14,191,2021-10-13,-1.241,-1.6864,0.4738,-14.6202,5,26.0592,1004,19.1314,1,2021-02-07,701,21,True,2021-09-22,21.0,True,-120_2
B_82,B,17355_hist,False,-59.8311,0.5712,7.8713,DESMATAMENTO_CR,2021-10-14,191,2021-11-03,-1.0637,-1.3061,0.3792,-12.3574,0,16.7351,742,19.1314,0,2021-10-10,399,23,False,,,,-120_1
B_83,B,17356_hist,False,-59.9443,0.5968,39.8424,DESMATAMENTO_CR,2021-10-14,138,2021-10-31,-0.2685,-0.3776,0.0677,-3.5268,5,26.9427,3880,19.1314,1,2021-09-03,799,23,False,,,,-120_1
B_84,B,17358_hist,True,-59.9176,0.6314,9.1451,DESMATAMENTO_CR,2021-10-14,138,2021-10-31,-1.319,-2.4277,0.4392,-11.3446,5,25.2921,861,19.1314,1,2021-01-06,776,20,False,,,,-120_1
B_85,B,17359_hist,True,-59.9007,0.6366,8.622,DESMATAMENTO_CR,2021-10-14,191,2021-11-03,-1.5683,-1.9348,0.5865,-19.0681,0,22.444,810,19.1314,1,2021-09-28,457,27,False,,,,-120_1
B_86,B,17361_hist,True,-59.9248,0.6371,9.8651,DESMATAMENTO_CR,2021-10-14,138,2021-10-10,-1.4082,-1.714,0.5117,-13.8926,0,20.8476,930,19.1314,1,2021-09-27,495,25,False,,,,-120_1
B_87,B,17362_hist,False,-59.7982,0.6102,10.259,DESMATAMENTO_CR,2021-10-14,191,2021-11-09,-1.3188,-1.9372,0.4756,-14.6554,0,22.888,957,19.1314,1,2021-09-23,667,19,False,,,,-120_1
B_88,B,17364_hist,True,-59.9117,0.6107,16.3517,DESMATAMENTO_CR,2021-10-14,191,2021-11-03,-1.3381,-1.673,0.5317,-16.6519,0,22.0568,1568,19.1314,1,2021-09-27,868,19,False,,,,-120_1
B_89,B,17365_hist,False,-59.86,0.6145,12.1915,DESMATAMENTO_CR,2021-10-14,191,2021-11-09,-1.406,-2.2191,0.5411,-16.7957,0,21.3863,1173,19.1314,1,2021-10-16,819,21,True,2021-09-21,49.0,False,-120_1
B_90,B,17369_hist,True,-59.9205,0.7374,7.9756,DESMATAMENTO_CR,2021-10-14,138,2021-10-10,-1.0963,-1.5158,0.4437,-12.3277,0,16.4098,753,19.1314,0,2021-09-27,387,25,False,,,,-120_1
B_91,B,17371_hist,True,-59.9637,0.7396,7.6802,DESMATAMENTO_CR,2021-10-14,138,2021-09-16,-0.8335,-0.7595,0.2577,-8.1382,0,13.4153,729,19.1314,0,2021-09-28,121,25,False,,,,-120_1
B_92,B,17573_hist,False,-63.1814,3.5478,7.9798,DESMATAMENTO_CR,2021-10-16,181,2021-08-18,-2.2524,-2.6324,0.8512,-35.5067,4,43.0764,732,19.1314,1,2021-01-05,399,25,False,,,,-127_7
B_93,B,18339_hist,True,-60.4083,1.3118,19.1973,DESMATAMENTO_CR,2021-10-25,182,2021-12-11,-0.897,-1.2993,0.2362,-8.4394,4,31.1776,1845,19.1314,1,2021-01-07,851,21,False,,,,-121_2
B_94,B,18340_hist,True,-60.4025,1.3073,48.2455,DESMATAMENTO_CR,2021-10-25,182,2021-12-11,-1.3217,-2.209,0.3853,-11.6765,4,39.687,4646,19.1314,1,2021-02-12,2506,24,False,,,,-121_2
B_95,B,18389_hist,False,-60.4576,0.1879,14.1554,DESMATAMENTO_CR,2021-10-25,137,2021-10-07,-1.5474,-1.8504,0.5474,-14.6509,6,29.9168,1354,19.1314,1,2021-09-08,1097,22,False,,,,-121_0
B_96,B,18953_hist,False,-60.5371,0.5925,6.7142,DESMATAMENTO_CR,2021-11-03,137,2021-10-31,-1.3924,-1.5133,0.425,-12.1507,6,22.1367,616,19.1314,1,2021-09-20,430,22,False,,,,-122_1
B_97,B,18955_hist,True,-60.5935,0.6163,6.5296,DESMATAMENTO_CR,2021-11-03,137,2021-10-31,-1.4513,-1.7113,0.4246,-11.4075,6,25.7659,596,19.1314,1,2021-10-22,324,19,False,,,,-122_1
B_98,B,18956_hist,False,-60.4597,0.1879,12.4013,DESMATAMENTO_CR,2021-11-03,137,2021-11-24,-0.4552,-0.934,0.161,-5.3911,6,27.2134,1123,19.1314,1,2021-09-20,671,18,False,,,,-121_0
B_99,B,18959_hist,False,-60.5342,0.0732,16.2726,DESMATAMENTO_CR,2021-11-03,96,2021-11-23,-0.7074,-0.7926,0.2979,-6.7776,7,12.5863,1572,19.1314,0,2021-02-28,422,21,False,,,,-122_0
B_100,B,18960_hist,False,-60.5841,0.1552,6.9546,DESMATAMENTO_CR,2021-11-03,137,2021-09-21,-1.4108,-1.4922,0.5085,-14.0601,1,22.7571,650,19.1314,1,2021-02-28,253,22,False,,,,-122_0
B_101,B,18965_hist,False,-59.9489,0.5927,24.463,DESMATAMENTO_CR,2021-11-03,138,2021-11-03,-0.266,-0.2379,0.0329,-2.5997,0,16.5129,2331,19.1314,0,2021-10-04,394,22,False,,,,-120_1
B_102,B,18966_hist,False,-60.6313,0.2208,6.5976,DESMATAMENTO_CR,2021-11-03,137,2021-10-07,-1.4562,-1.6513,0.4546,-12.4374,6,32.4748,605,19.1314,1,2021-09-04,527,22,False,,,,-122_0
B_103,B,18982_hist,False,-59.7983,0.6127,10.0621,DESMATAMENTO_CR,2021-11-03,191,2021-12-15,-1.5671,-2.6517,0.4151,-12.5114,0,18.8551,955,19.1314,0,2021-10-10,891,16,False,,,,-120_1
B_104,B,19307_hist,True,-60.4938,0.6783,6.9603,DESMATAMENTO_CR,2021-11-10,137,2021-09-30,-1.4656,-1.6351,0.4168,-11.2198,4,20.1027,652,19.1314,1,2021-09-08,482,25,False,,,,-121_1
B_105,B,19308_hist,False,-61.8888,3.5466,6.3888,DESMATAMENTO_CR,2021-11-10,134,2021-10-30,-0.8801,-0.5583,0.2709,-7.9944,5,28.221,601,19.1314,1,2021-10-14,143,24,False,,,,-124_7
B_106,B,19310_hist,False,-61.5271,2.4033,11.9234,DESMATAMENTO_CR,2021-11-10,186,2021-10-24,-0.9171,-0.7996,0.347,-10.5123,4,39.6868,1117,19.1314,1,,0,27,False,,,,-124_4
B_107,B,19318_hist,False,-61.8014,2.2889,15.1776,DESMATAMENTO_CR,2021-11-10,134,2021-10-24,-0.9866,-0.7223,0.4356,-11.1237,5,36.2759,1436,19.1314,1,,0,29,False,,,,-124_4
B_108,B,19319_hist,False,-61.5206,2.4026,23.9453,DESMATAMENTO_CR,2021-11-10,186,2021-11-11,-0.8772,-0.8361,0.2998,-9.2561,5,35.7029,2238,19.1314,1,2021-11-19,41,24,False,,,,-124_4
B_109,B,19320_hist,False,-61.3404,2.5077,11.1047,DESMATAMENTO_CR,2021-11-10,186,2021-10-24,-1.597,-1.7945,0.5839,-16.8356,4,32.3874,1061,19.1314,1,2021-10-21,84,49,False,,,,-123_5
B_110,B,19323_hist,False,-61.5256,2.4069,24.1174,DESMATAMENTO_CR,2021-11-10,186,2021-10-21,-0.8731,-0.7927,0.2806,-8.7601,0,33.8269,2328,19.1314,1,,0,23,False,,,,-124_4
B_111,B,19324_hist,True,-60.5357,0.678,7.988,DESMATAMENTO_CR,2021-11-10,137,2021-10-24,-0.9924,-1.2305,0.3662,-10.4089,4,22.1147,749,19.1314,1,2021-10-26,68,27,False,,,,-122_1
B_112,B,19412_hist,True,-60.52,0.674,7.2926,DESMATAMENTO_CR,2021-11-12,137,2021-10-03,-0.652,-0.9142,0.2199,-6.9858,1,26.5468,661,19.1314,1,2021-09-20,257,24,False,,,,-122_1
B_113,B,19414_hist,False,-59.3681,0.8735,12.4061,DESMATAMENTO_CR,2021-11-12,98,2021-09-13,-0.392,-0.4845,0.1565,-4.4383,4,27.9994,1164,19.1314,1,2021-08-10,511,23,False,,,,-119_1
B_114,B,19416_hist,False,-60.4327,0.0504,12.4999,DESMATAMENTO_CR,2021-11-12,96,2021-10-24,-0.2004,-0.2963,0.0494,-2.3239,4,14.4822,1206,19.1314,0,2021-01-11,482,24,False,,,,-121_0
B_115,B,20647_hist,False,-60.4228,0.1861,20.8392,DESMATAMENTO_CR,2021-12-05,137,2021-12-18,-1.1309,-0.8871,0.2167,-7.1525,6,13.7687,2021,19.1314,0,2021-11-27,602,20,False,,,,-121_0
B_116,B,20656_hist,False,-60.4203,0.1739,11.5335,DESMATAMENTO_CR,2021-12-05,137,2021-11-24,-0.9506,-0.9666,0.2476,-7.6618,6,18.7735,1080,19.1314,0,2021-09-22,500,21,False,,,,-121_0
B_117,B,20657_hist,False,-60.4115,0.1769,20.1991,DESMATAMENTO_CR,2021-12-05,137,2021-12-18,-0.7188,-0.4488,0.0772,-4.0733,6,12.6097,1953,19.1314,0,2021-11-03,434,17,False,,,,-121_0
B_118,B,20658_hist,False,-59.5019,0.7775,10.8864,DESMATAMENTO_CR,2021-12-05,98,2021-11-06,-2.1438,-3.0874,0.6602,-14.1317,7,17.6647,1049,19.1314,0,2021-09-23,925,22,False,,,,-120_1
B_119,B,20894_hist,False,-61.7788,2.2318,8.9851,DESMATAMENTO_CR,2021-12-16,134,2021-12-17,-1.2627,-1.019,0.3602,-9.4689,5,32.3454,850,19.1314,1,,0,37,False,,,,-124_4
B_120,B,20895_hist,False,-61.573,2.2272,11.3222,DESMATAMENTO_CR,2021-12-16,227,2021-11-08,-1.3777,-1.3593,0.2527,-9.2833,0,34.8611,1032,19.1314,1,2021-01-23,37,25,False,,,,-124_4
B_121,B,20897_hist,False,-61.5656,2.2325,11.236,DESMATAMENTO_CR,2021-12-16,227,2021-11-08,-1.2339,-1.6258,0.3723,-12.4545,0,35.6939,1037,19.1314,1,2021-11-09,223,29,False,,,,-124_4
B_122,B,20898_hist,False,-61.5643,2.1089,17.6273,DESMATAMENTO_CR,2021-12-16,227,2021-12-17,-1.4298,-1.6353,0.31,-10.8888,5,35.085,1671,19.1314,1,2021-12-21,12,28,False,,,,-124_4
B_123,B,20899_hist,False,-61.67,2.293,8.253,DESMATAMENTO_CR,2021-12-16,134,2021-11-11,-1.0611,-0.8262,0.397,-10.6622,5,25.6937,773,19.1314,1,2021-11-19,4,30,False,,,,-124_4
B_124,B,20900_hist,False,-61.6782,2.2838,13.5787,DESMATAMENTO_CR,2021-12-16,134,2021-12-11,-1.4053,-1.4181,0.5228,-13.3536,5,31.2153,1298,19.1314,1,,0,31,False,,,,-124_4
B_125,B,20901_hist,False,-61.8161,3.8619,10.5317,DESMATAMENTO_CR,2021-12-16,134,2021-04-06,0.1249,0.2015,0.0598,3.2921,0,19.6462,998,19.1314,1,2021-12-20,20,27,False,,,,-124_7
B_126,B,20902_hist,False,-61.3789,2.9063,12.2875,DESMATAMENTO_CR,2021-12-16,186,2021-12-17,-1.5056,-1.4281,0.4782,-13.8451,5,34.0593,1165,19.1314,1,,0,29,True,2021-12-06,11.0,False,-123_5
B_127,B,20903_hist,False,-61.3263,3.0463,10.5159,DESMATAMENTO_CR,2021-12-16,186,2021-10-09,-2.314,-2.6733,0.6944,-21.221,0,36.8927,987,19.1314,1,2021-09-20,681,56,False,,,,-123_6
B_128,B,21068_hist,False,-61.5167,2.2848,6.2236,DESMATAMENTO_CR,2021-12-28,227,2021-12-11,-0.5261,-0.8388,0.0951,-5.4115,4,35.7599,572,19.1314,1,,0,23,False,,,,-124_4
B_129,B,21072_hist,False,-59.946,0.5896,75.8261,DESMATAMENTO_CR,2021-12-28,138,2021-12-21,-0.6112,-0.7346,0.1339,-5.2752,0,10.7701,7476,19.1314,0,2021-09-03,1654,20,False,,,,-120_1
B_130,B,21073_hist,True,-59.9111,0.6126,7.0096,DESMATAMENTO_CR,2021-12-28,191,2021-11-09,-1.2161,-1.3969,0.4387,-14.6422,0,16.2045,662,19.1314,0,2021-09-27,450,22,False,,,,-120_1
B_131,B,21078_hist,False,-60.7972,1.8933,7.7444,DESMATAMENTO_CR,2021-12-28,137,2021-12-14,-1.1083,-1.1661,0.2663,-8.1754,1,13.7597,734,19.1314,0,2021-11-21,98,23,False,,,,-122_3
B_132,B,21079_hist,False,-60.4275,0.0643,7.2623,DESMATAMENTO_CR,2021-12-28,96,2021-12-17,-1.4479,-1.2521,0.4924,-10.4209,7,13.7959,690,19.1314,0,2021-10-22,221,24,False,,,,-121_0
B_133,B,21089_hist,False,-60.4695,0.1089,14.8632,DESMATAMENTO_CR,2021-12-28,96,2021-12-17,-2.6328,-2.3749,0.6939,-15.2576,7,12.2099,1358,19.1314,0,2021-11-15,777,20,False,,,,-121_0
B_134,B,21090_hist,False,-60.4133,0.1737,18.3958,DESMATAMENTO_CR,2021-12-28,137,2021-12-18,-0.6974,-0.4723,0.0767,-4.0155,6,12.8252,1774,19.1314,0,2021-11-27,524,19,False,,,,-121_0
B_135,B,21092_hist,False,-60.4156,0.1659,9.0348,DESMATAMENTO_CR,2021-12-28,137,2021-09-13,-0.4858,-0.3584,0.0968,-4.5504,6,20.9611,825,19.1314,1,2021-09-10,187,19,False,,,,-121_0
B_136,B,21098_hist,True,-60.1139,0.7218,9.7603,DESMATAMENTO_CR,2021-12-28,138,2021-12-21,-2.1534,-2.4286,0.5198,-14.2831,0,11.5298,930,19.1314,0,2021-12-08,381,20,False,,,,-121_1
B_137,B,21099_hist,True,-60.4318,0.7419,10.4003,DESMATAMENTO_CR,2021-12-28,137,2021-12-06,-1.7463,-2.332,0.4055,-10.7176,6,23.7,981,19.1314,1,2021-09-08,722,27,False,,,,-121_1
B_138,B,21101_hist,True,-60.4151,0.7444,7.6125,DESMATAMENTO_CR,2021-12-28,137,2021-12-06,-1.8004,-2.2496,0.3999,-10.7462,6,18.9957,708,19.1314,0,2021-09-20,658,21,False,,,,-121_1
B_139,B,21102_hist,True,-60.4003,0.7041,28.4811,DESMATAMENTO_CR,2021-12-28,137,2021-12-18,-0.8117,-0.8248,0.2027,-6.9205,6,13.2741,2742,19.1314,0,2021-11-27,650,21,False,,,,-121_1
B_140,B,21103_hist,True,-60.3316,0.6568,16.05,DESMATAMENTO_CR,2021-12-28,182,2021-12-21,-0.7866,-0.6473,0.1213,-6.0539,0,12.2232,1538,19.1314,0,2021-11-27,66,24,False,,,,-121_1
B_141,B,21104_hist,True,-60.2297,0.9312,14.0305,DESMATAMENTO_CR,2021-12-28,182,2021-12-21,-1.1543,-1.6738,0.332,-10.6936,0,13.4037,1338,19.1314,0,2021-11-21,766,20,False,,,,-121_1
B_142,B,21108_hist,True,-60.0802,0.7611,8.8248,DESMATAMENTO_CR,2021-12-28,138,2021-12-21,-1.3973,-1.8916,0.3441,-9.7608,0,13.1944,829,19.1314,0,2021-01-06,366,25,False,,,,-121_1
B_143,B,21110_hist,True,-60.3998,1.3037,44.2892,DESMATAMENTO_CR,2021-12-28,182,2021-12-09,-0.8758,-1.1736,0.3017,-10.1354,0,23.6167,4276,19.1314,1,2021-01-19,988,20,False,,,,-121_2
B_144,B,21111_hist,True,-60.4063,1.3091,33.5522,DESMATAMENTO_CR,2021-12-28,182,2021-12-11,-0.7894,-1.3255,0.2504,-8.7751,4,34.1996,3243,19.1314,1,2021-10-21,1030,22,False,,,,-121_2
B_145,B,21119_hist,True,-60.4174,1.3145,23.7258,DESMATAMENTO_CR,2021-12-28,182,2021-12-11,-0.8385,-1.7818,0.3058,-9.8395,4,26.0834,2191,19.1314,1,2021-01-25,1277,20,False,,,,-121_2
B_146,B,3118_hist,False,-60.5384,0.0436,8.1732,DESMATAMENTO_CR,2021-08-20,96,2021-09-12,-0.1523,-0.1617,0.046,-2.5841,7,33.7326,752,19.1314,1,2021-02-04,166,19,False,,,,-122_0
B_147,B,3119_hist,False,-60.5735,0.0593,11.1335,DESMATAMENTO_CR,2021-08-20,96,2021-03-04,0.1694,0.1644,0.0516,2.5272,7,18.969,1036,19.1314,0,2021-01-19,86,17,False,,,,-122_0
B_148,B,3884_hist,False,-60.484,2.3539,13.0123,DESMATAMENTO_CR,2021-08-23,141,2021-04-03,0.4877,0.6726,0.1894,5.9174,4,25.2443,1228,19.1314,1,,0,19,False,,,,-121_4
B_149,B,42628_hist,False,-61.8913,3.7674,28.497,DESMATAMENTO_CR,2021-01-24,134,2021-01-15,-0.7466,-0.3117,0.1821,-5.2337,5,60.4582,2789,19.1314,1,2021-01-06,1448,26,False,,,,-124_7
B_150,B,42631_hist,False,-59.455,0.7569,14.8496,DESMATAMENTO_CR,2021-01-24,98,2021-02-09,-0.406,-0.689,0.1953,-4.9937,4,68.3881,1403,19.1314,1,2021-01-02,674,18,False,,,,-119_1
B_151,B,42661_hist,False,-61.8832,3.77,133.5548,DESMATAMENTO_CR,2021-01-21,134,2021-04-27,0.5481,0.5699,0.2356,6.5332,5,61.5186,13142,19.1314,1,2021-01-06,4264,24,False,,,,-124_7
B_152,B,42674_hist,False,-59.4206,0.9389,6.5414,DESMATAMENTO_CR,2021-01-24,98,2020-12-05,-0.5232,-0.6732,0.1817,-4.9066,7,60.2213,608,19.1314,1,2021-01-02,251,23,False,,,,-119_1
B_153,B,42675_hist,False,-59.4711,1.0091,7.3105,DESMATAMENTO_CR,2021-01-24,98,2021-01-10,-0.6136,-0.9685,0.1322,-3.8875,7,68.4825,681,19.1314,1,2021-01-02,624,22,False,,,,-119_2
B_154,B,42676_hist,False,-59.3785,1.1354,234.1661,DESMATAMENTO_CR,2021-01-24,98,2021-04-04,0.2991,0.2767,0.2537,6.0067,7,44.2635,23119,19.1314,1,2021-01-02,999,20,False,,,,-119_2
B_155,B,42744_hist,False,-61.883,3.8765,12.2571,DESMATAMENTO_CR,2021-01-27,134,2021-04-30,0.6889,0.4305,0.2251,6.4902,0,58.2633,1166,19.1314,1,2021-01-11,340,29,False,,,,-124_7
B_156,B,42750_hist,False,-60.5791,0.0354,6.4069,DESMATAMENTO_CR,2021-01-27,96,2021-01-15,-0.2417,-0.4286,0.0813,-3.0542,7,66.1625,561,19.1314,1,2021-01-07,212,20,False,,,,-122_0
B_157,B,42755_hist,False,-59.6431,0.5884,12.2223,DESMATAMENTO_CR,2021-01-27,98,2021-10-19,0.5277,0.5509,0.1596,4.4381,4,67.4882,1158,19.1314,1,2021-01-06,97,19,False,,,,-120_1
B_158,B,42757_hist,False,-59.4189,0.92,7.3476,DESMATAMENTO_CR,2021-01-27,98,2021-10-13,0.4671,0.3972,0.0849,3.0851,7,48.1866,671,19.1314,1,2021-01-26,359,24,False,,,,-119_1
B_159,B,42766_hist,False,-59.4928,1.0821,7.9995,DESMATAMENTO_CR,2021-01-27,98,2021-01-10,-1.5311,-1.8265,0.3688,-7.6692,7,66.4191,722,19.1314,1,2021-01-06,718,24,False,,,,-119_2
B_160,B,42770_hist,True,-59.8862,0.6523,37.6695,DESMATAMENTO_CR,2021-01-27,191,2021-02-12,-0.8534,-0.8453,0.2076,-7.7189,0,68.4408,3675,19.1314,1,2021-01-06,2689,16,False,,,,-120_1
B_161,B,42773_hist,False,-59.443,1.1253,100.5339,DESMATAMENTO_CR,2021-01-27,98,2021-04-04,0.1228,0.1848,0.0676,2.765,7,49.4383,9852,19.1314,1,2021-01-14,566,18,False,,,,-119_2
B_162,B,42779_hist,True,-59.9152,0.6291,6.628,DESMATAMENTO_CR,2021-01-27,168,2021-01-16,-0.3015,-0.6403,0.0285,-2.1635,4,62.059,627,19.1314,1,2021-01-06,353,17,False,,,,-120_1
B_163,B,42780_hist,True,-59.9374,0.6373,14.093,DESMATAMENTO_CR,2021-01-27,138,2021-10-07,-0.2778,-0.4579,0.0719,-3.45,5,51.8581,1335,19.1314,1,2021-01-01,416,23,False,,,,-120_1
B_164,B,42795_hist,True,-59.9006,0.6412,6.7265,DESMATAMENTO_CR,2021-01-27,191,2021-03-23,0.5382,0.3015,0.0832,4.546,5,63.1666,637,19.1314,1,2021-01-06,71,23,False,,,,-120_1
B_165,B,42806_hist,True,-59.894,0.7191,8.1603,DESMATAMENTO_CR,2021-01-27,191,2021-06-09,-1.5239,-1.6797,0.4851,-14.5391,4,66.292,777,19.1314,1,2021-01-06,668,27,False,,,,-120_1
B_166,B,42815_hist,False,-59.8292,1.0084,8.1905,DESMATAMENTO_CR,2021-01-27,191,2021-03-29,0.4223,0.3368,0.1097,5.6905,4,55.3345,784,19.1314,1,2021-01-01,29,27,False,,,,-120_2
B_167,B,43253_hist,False,-59.4547,0.7049,6.8987,DESMATAMENTO_CR,2021-02-04,98,2020-08-07,-0.3833,-0.287,0.0476,-2.58,7,37.8599,630,19.1314,1,2021-01-02,74,20,False,,,,-119_1
B_168,B,43254_hist,False,-59.4536,0.708,7.8834,DESMATAMENTO_CR,2021-02-04,98,2021-03-23,0.1847,0.1017,0.0463,2.2826,7,49.2024,735,19.1314,1,2021-02-19,46,20,False,,,,-119_1
B_169,B,43322_hist,False,-61.7514,2.3164,15.7369,DESMATAMENTO_CR,2021-02-10,134,2021-01-27,-0.5551,-0.5398,0.1816,-5.5711,5,36.9989,1480,19.1314,1,2021-01-30,52,28,False,,,,-124_4
B_170,B,43324_hist,False,-61.6676,2.1948,19.0101,DESMATAMENTO_CR,2021-02-10,134,2020-08-18,-1.6201,-1.8098,0.187,-5.6032,5,29.835,1789,19.1314,1,,0,24,False,,,,-124_4
B_171,B,43325_hist,False,-61.5607,2.2441,13.0625,DESMATAMENTO_CR,2021-02-10,227,2021-11-11,-0.5808,-0.8835,0.1782,-7.5766,5,25.7642,1237,19.1314,1,,0,31,False,,,,-124_4
B_172,B,43328_hist,False,-61.8278,2.285,9.2124,DESMATAMENTO_CR,2021-02-10,134,2021-01-27,-0.8992,-1.0222,0.273,-7.3861,5,72.5189,830,19.1314,1,2021-01-30,615,31,False,,,,-124_4
B_173,B,43329_hist,False,-61.8268,2.2872,6.4327,DESMATAMENTO_CR,2021-02-10,134,2021-01-12,-0.8183,-0.7748,0.2506,-7.3115,0,70.6232,596,19.1314,1,2021-01-18,208,30,False,,,,-124_4
B_174,B,43334_hist,False,-60.7186,1.333,102.1137,DESMATAMENTO_CR,2021-02-10,137,2021-04-06,0.4547,0.3201,0.0765,3.676,1,63.5895,9937,19.1314,1,2021-01-01,3711,24,False,,,,-122_2
B_175,B,43335_hist,False,-60.7322,1.3372,75.1578,DESMATAMENTO_CR,2021-02-10,137,2021-04-06,0.3953,0.2616,0.0892,4.1761,1,46.3559,7277,19.1314,1,2021-01-07,317,23,False,,,,-122_2
B_176,B,43336_hist,False,-60.7228,1.3385,48.0357,DESMATAMENTO_CR,2021-02-10,137,2021-04-06,0.4793,0.3448,0.1127,4.6931,1,55.3497,4683,19.1314,1,2021-01-01,416,26,False,,,,-122_2
B_177,B,43337_hist,False,-61.2267,2.2336,21.2913,DESMATAMENTO_CR,2021-02-10,137,2021-01-12,-0.6996,-0.6482,0.0945,-3.9725,1,37.4502,2022,19.1314,1,,0,25,False,,,,-123_4
B_178,B,43338_hist,False,-61.5401,2.2942,7.5826,DESMATAMENTO_CR,2021-02-10,227,2021-12-11,-0.9761,-1.4048,0.1404,-6.4099,4,34.6468,655,19.1314,1,,0,24,False,,,,-124_4
B_179,B,43339_hist,False,-61.6435,2.3398,9.9192,DESMATAMENTO_CR,2021-02-10,134,2021-01-27,-0.4374,-0.3892,0.1033,-4.0327,5,36.2784,925,19.1314,1,2021-02-11,31,26,False,,,,-124_4
B_180,B,43342_hist,True,-60.3272,0.9975,16.301,DESMATAMENTO_CR,2021-02-10,182,2021-04-03,0.3123,0.2116,0.053,3.6676,4,61.8395,1470,19.1314,1,2021-01-01,327,31,False,,,,-121_1
B_181,B,43344_hist,True,-60.3267,1.0013,12.9595,DESMATAMENTO_CR,2021-02-10,182,2021-10-07,-0.3438,-0.4217,0.0751,-4.2998,5,60.7873,1183,19.1314,1,2021-01-01,306,25,False,,,,-121_2
B_182,B,43345_hist,True,-60.2943,1.029,6.3997,DESMATAMENTO_CR,2021-02-10,182,2021-01-28,-0.6069,-0.8885,0.1955,-7.2325,5,59.8848,605,19.1314,1,2021-01-07,506,28,False,,,,-121_2
B_183,B,43346_hist,True,-60.4361,1.2948,15.7148,DESMATAMENTO_CR,2021-02-10,182,2021-01-19,-0.4762,-1.2216,0.2225,-7.2255,0,71.0596,1502,19.1314,1,2021-01-01,1088,19,False,,,,-121_2
B_184,B,43349_hist,False,-60.6368,1.7762,11.8419,DESMATAMENTO_CR,2021-02-10,137,2021-02-09,-1.4536,-1.9504,0.408,-10.1741,6,64.8535,1135,19.1314,1,2021-01-01,689,20,False,,,,-122_3
B_185,B,43351_hist,True,-60.4195,1.309,7.0082,DESMATAMENTO_CR,2021-02-10,182,2021-07-15,-1.703,-1.9101,0.4435,-12.955,5,83.0344,656,19.1314,1,2021-01-06,656,16,False,,,,-121_2
B_186,B,43352_hist,False,-61.7266,2.3141,16.0814,DESMATAMENTO_CR,2021-02-10,134,2021-01-27,-0.8731,-1.2039,0.2139,-6.1248,5,47.1087,1525,19.1314,1,2021-01-30,58,29,False,,,,-124_4
B_187,B,43356_hist,True,-60.2396,0.8575,7.0893,DESMATAMENTO_CR,2021-02-10,182,2021-05-07,0.3817,0.4989,0.058,3.5707,0,45.3307,674,19.1314,1,2021-01-30,302,23,False,,,,-121_1
B_188,B,43358_hist,False,-60.2948,1.6362,8.4099,DESMATAMENTO_CR,2021-02-10,138,2021-09-25,-0.0955,-0.2936,0.0416,-2.5906,5,48.8964,781,19.1314,1,2021-02-11,55,25,False,,,,-121_3
B_189,B,43360_hist,False,-60.2928,1.674,7.0748,DESMATAMENTO_CR,2021-02-10,138,2020-10-06,-0.914,-0.7758,0.1273,-4.957,5,68.1157,656,19.1314,1,2021-01-07,229,22,False,,,,-121_3
B_190,B,43361_hist,False,-60.3094,1.7197,6.724,DESMATAMENTO_CR,2021-02-10,174,2021-09-04,-0.4364,-0.6033,0.0797,-4.3862,0,61.8455,628,19.1314,1,2021-01-01,333,20,False,,,,-121_3
B_191,B,43363_hist,False,-60.2924,1.7334,9.5168,DESMATAMENTO_CR,2021-02-10,138,2021-02-03,-0.5747,-0.8409,0.1481,-5.3419,5,58.0804,897,19.1314,1,2021-01-30,562,19,False,,,,-121_3
B_192,B,43364_hist,False,-60.2347,2.0923,44.9051,DESMATAMENTO_CR,2021-02-10,138,2021-02-12,-0.3505,-1.0803,0.1652,-5.1453,0,69.906,4395,19.1314,1,2021-01-01,3288,20,False,,,,-121_4
B_193,B,43367_hist,True,-60.4844,1.2139,27.5294,DESMATAMENTO_CR,2021-02-10,182,2021-02-09,-0.4436,-0.6378,0.1882,-7.009,5,57.3352,2649,19.1314,1,2021-01-01,1278,24,False,,,,-121_2
B_194,B,43368_hist,False,-61.6915,2.0787,13.7035,DESMATAMENTO_CR,2021-02-10,134,2020-12-19,-0.555,-0.4962,0.2273,-6.5881,0,48.3975,1307,19.1314,1,2021-01-06,360,20,False,,,,-124_4
B_195,B,43369_hist,False,-60.9523,2.377,62.8405,DESMATAMENTO_CR,2021-02-10,96,2021-01-03,-2.2761,-3.2465,0.6275,-12.8309,7,51.7503,6108,19.1314,1,2021-01-07,2081,25,False,,,,-122_4
B_196,B,43374_hist,True,-60.4255,1.3094,43.6923,DESMATAMENTO_CR,2021-02-10,182,2021-08-25,-1.6756,-1.8394,0.4323,-12.5871,4,75.9413,4237,19.1314,1,2021-01-18,3951,19,False,,,,-121_2
B_197,B,43429_hist,False,-60.5655,0.0322,175.9889,DESMATAMENTO_CR,2021-02-19,96,2021-12-05,0.3213,0.216,0.0773,2.7746,7,54.3515,17235,19.1314,1,2021-01-07,2893,19,False,,,,-122_0
B_198,B,43430_hist,False,-59.8237,0.52,25.6695,DESMATAMENTO_CR,2021-02-19,191,2020-09-21,-0.3591,-0.2876,0.034,-2.876,0,53.3887,2460,19.1314,1,2021-01-30,1426,23,False,,,,-120_1
B_199,B,43432_hist,False,-60.5412,0.0101,12.8445,DESMATAMENTO_CR,2021-02-19,96,2020-12-28,-0.557,-0.6913,0.2651,-6.1468,4,46.4903,1190,19.1314,1,2021-01-07,595,16,False,,,,-122_0
B_200,B,43437_hist,False,-60.5648,0.0404,7.3793,DESMATAMENTO_CR,2021-02-19,96,2020-12-04,-0.7541,-0.7177,0.2506,-5.9194,4,42.6369,672,19.1314,1,2021-01-07,127,18,False,,,,-122_0
B_201,B,43438_hist,False,-60.5621,0.0468,6.3453,DESMATAMENTO_CR,2021-02-19,96,2021-01-15,-0.8017,-0.8818,0.3551,-7.7465,7,57.653,595,19.1314,1,2021-01-07,261,18,False,,,,-122_0
B_202,B,43439_hist,False,-60.7669,-0.1298,7.7116,DESMATAMENTO_CR,2021-02-19,96,2021-01-03,-0.8546,-0.9912,0.3282,-7.0859,7,57.6967,724,19.1314,1,2021-01-07,370,23,False,,,,-122_-1
B_203,B,43444_hist,False,-60.6488,0.2031,31.9234,DESMATAMENTO_CR,2021-02-19,137,2020-12-31,-0.3679,-0.8004,0.1277,-4.5507,1,60.555,3026,19.1314,1,2021-01-01,1818,22,False,,,,-122_0
B_204,B,43445_hist,False,-60.5955,0.2146,10.6657,DESMATAMENTO_CR,2021-02-19,137,2020-12-10,-0.5276,-0.9142,0.2108,-6.5062,7,55.6905,1027,19.1314,1,2021-01-01,436,22,False,,,,-122_0
B_205,B,43448_hist,False,-60.7219,0.1974,89.7018,DESMATAMENTO_CR,2021-02-19,137,2021-01-04,-0.3262,-0.4597,0.0828,-3.7957,6,54.6551,8624,19.1314,1,2021-01-01,3917,20,False,,,,-122_0
B_206,B,43449_hist,False,-60.688,0.0813,7.8593,DESMATAMENTO_CR,2021-02-19,114,2020-08-08,0.7156,0.1987,0.0453,2.5806,0,38.7181,745,19.1314,1,2021-01-31,139,21,False,,,,-122_0
B_207,B,43453_hist,False,-60.7135,0.201,41.9368,DESMATAMENTO_CR,2021-02-19,137,2020-11-28,-0.504,-0.8237,0.1498,-5.1669,7,51.3925,3940,19.1314,1,2021-01-01,1235,17,False,,,,-122_0
B_208,B,43456_hist,False,-60.5713,0.5927,18.7642,DESMATAMENTO_CR,2021-02-19,137,2021-04-03,0.5428,0.2979,0.1453,5.8506,4,50.3104,1793,19.1314,1,2021-01-01,63,23,False,,,,-122_1
B_209,B,43457_hist,True,-60.552,0.6154,13.9331,DESMATAMENTO_CR,2021-02-19,137,2021-02-02,-0.1222,-0.3887,0.0402,-2.3024,4,46.693,1276,19.1314,1,2021-01-11,544,23,False,,,,-122_1
B_210,B,43458_hist,True,-60.535,0.6333,6.4803,DESMATAMENTO_CR,2021-02-19,137,2021-02-09,-0.4909,-0.7456,0.1655,-5.8031,6,47.6557,603,19.1314,1,2021-01-31,355,24,False,,,,-122_1
B_211,B,43468_hist,True,-60.5122,0.6594,7.4896,DESMATAMENTO_CR,2021-02-19,137,2021-02-05,-0.3351,-0.7095,0.1729,-5.7915,1,44.4311,694,19.1314,1,2021-01-19,279,24,False,,,,-122_1
B_212,B,43469_hist,False,-60.6317,0.6597,16.8931,DESMATAMENTO_CR,2021-02-19,137,2021-02-09,-1.1263,-1.4924,0.4755,-12.3262,6,51.3035,1608,19.1314,1,2021-01-11,518,23,False,,,,-122_1
B_213,B,43470_hist,True,-60.5858,0.6453,15.6746,DESMATAMENTO_CR,2021-02-19,137,2020-12-31,-0.4167,-0.7069,0.1548,-5.3562,1,50.157,1441,19.1314,1,2021-01-01,678,24,False,,,,-122_1
B_214,B,43471_hist,True,-60.5758,0.6441,17.2439,DESMATAMENTO_CR,2021-02-19,137,2021-01-16,-0.2317,-0.4391,0.1285,-4.7596,6,47.0041,1629,19.1314,1,2021-01-07,520,21,False,,,,-122_1
B_215,B,43472_hist,True,-60.5381,0.6448,23.4596,DESMATAMENTO_CR,2021-02-19,137,2021-03-29,0.4824,0.2547,0.1375,5.6762,6,36.3987,2239,19.1314,1,2021-01-25,216,25,False,,,,-122_1
B_216,B,43480_hist,True,-60.5303,0.6473,21.7796,DESMATAMENTO_CR,2021-02-19,137,2021-02-17,-0.3197,-0.4615,0.1418,-5.3838,1,50.2051,2078,19.1314,1,2021-02-12,1137,24,False,,,,-122_1
B_217,B,43483_hist,False,-60.4445,0.0602,8.5425,DESMATAMENTO_CR,2021-02-19,96,2021-01-03,-0.6339,-0.8878,0.2239,-5.4394,7,63.1796,813,19.1314,1,2021-01-07,410,24,False,,,,-121_0
B_218,B,43491_hist,False,-60.4556,0.0769,9.6565,DESMATAMENTO_CR,2021-02-19,96,2021-12-05,0.6721,0.4577,0.1212,3.6515,7,57.3239,911,19.1314,1,2021-01-07,226,18,False,,,,-121_0
B_219,B,43493_hist,False,-60.4857,0.0796,16.1495,DESMATAMENTO_CR,2021-02-19,96,2021-06-14,0.5087,0.3673,0.2733,6.4072,4,49.1118,1537,19.1314,1,2021-01-07,235,21,False,,,,-121_0
B_220,B,43494_hist,False,-60.4916,0.0595,12.4875,DESMATAMENTO_CR,2021-02-19,96,2021-01-15,-0.0977,-0.2159,0.0381,-2.0674,7,21.7343,1172,19.1314,1,2021-01-07,181,18,False,,,,-121_0
B_221,B,43495_hist,False,-60.4452,0.1154,14.5493,DESMATAMENTO_CR,2021-02-19,96,2021-04-15,0.3324,0.2229,0.1206,3.7729,4,36.7821,1300,19.1314,1,2021-01-07,154,25,False,,,,-121_0
B_222,B,43499_hist,False,-60.4266,0.1826,15.9463,DESMATAMENTO_CR,2021-02-19,137,2021-06-02,-0.5859,-0.367,0.1629,-6.1611,4,57.3905,1539,19.1314,1,2021-01-31,629,20,False,,,,-121_0
B_223,B,43500_hist,True,-60.3005,0.6411,11.7975,DESMATAMENTO_CR,2021-02-19,182,2021-02-05,-0.4904,-0.5868,0.1694,-6.8309,1,52.9965,1097,19.1314,1,2021-01-06,544,23,False,,,,-121_1
B_224,B,43503_hist,True,-60.3742,0.6118,21.5643,DESMATAMENTO_CR,2021-02-19,137,2020-09-18,-0.4995,-0.3543,0.0653,-3.593,6,53.4181,2049,19.1314,1,2021-01-01,954,25,False,,,,-121_1
B_225,B,43504_hist,True,-60.4138,0.6116,11.0529,DESMATAMENTO_CR,2021-02-19,137,2021-02-05,-0.5287,-0.6243,0.1533,-5.6232,1,49.0747,1055,19.1314,1,2021-01-11,425,19,False,,,,-121_1
B_226,B,43506_hist,False,-60.436,0.5644,10.3207,DESMATAMENTO_CR,2021-02-19,137,2021-04-30,0.4348,0.252,0.0744,3.7987,1,46.3426,974,19.1314,1,2021-01-01,282,25,False,,,,-121_1
B_227,B,43508_hist,False,-60.3802,0.3771,6.4498,DESMATAMENTO_CR,2021-02-19,137,2021-03-10,0.2506,0.1579,0.0416,3.0796,4,29.2926,586,19.1314,1,2021-01-01,83,27,False,,,,-121_0
B_228,B,43509_hist,True,-60.3203,0.6022,6.3881,DESMATAMENTO_CR,2021-02-19,182,2021-05-07,0.6417,0.4569,0.103,4.9488,0,56.3112,576,19.1314,1,2021-01-01,260,22,False,,,,-121_1
B_229,B,43517_hist,False,-60.3226,0.476,13.1949,DESMATAMENTO_CR,2021-02-19,182,2021-03-29,0.2441,0.2636,0.0717,4.4806,5,46.0546,1216,19.1314,1,2021-01-01,117,25,False,,,,-121_0
B_230,B,43522_hist,False,-59.9187,0.5643,16.8503,DESMATAMENTO_CR,2021-02-19,191,2021-06-09,-0.6635,-0.5695,0.2188,-8.2672,4,61.8016,1604,19.1314,1,2021-02-06,598,19,False,,,,-120_1
B_231,B,43586_hist,True,-60.5446,0.7748,11.951,DESMATAMENTO_CR,2021-02-24,137,2021-02-02,-0.8444,-1.3203,0.2887,-7.9786,4,57.1407,1097,19.1314,1,2021-01-11,923,26,False,,,,-122_1
B_232,B,43587_hist,True,-60.4296,1.307,60.7976,DESMATAMENTO_CR,2021-02-24,182,2021-08-25,-1.2676,-1.3684,0.4233,-12.7383,4,68.9397,5734,19.1314,1,2021-01-19,3893,20,False,,,,-121_2
B_233,B,43588_hist,True,-60.5273,0.7984,56.7825,DESMATAMENTO_CR,2021-02-24,137,2021-02-21,-0.9848,-1.2023,0.3583,-9.4144,6,58.1397,5513,19.1314,1,2021-01-07,4559,26,False,,,,-122_1
B_234,B,43589_hist,True,-60.4337,1.3005,15.4502,DESMATAMENTO_CR,2021-02-24,182,2021-02-05,-0.057,-0.5141,0.0579,-2.8456,1,65.0144,1485,19.1314,1,2021-02-18,594,17,False,,,,-121_2
B_235,B,43590_hist,True,-60.4212,1.3107,11.8998,DESMATAMENTO_CR,2021-02-24,182,2021-07-15,-1.5604,-1.9045,0.4386,-12.8056,5,76.8893,1108,19.1314,1,2021-01-06,1088,17,False,,,,-121_2
B_236,B,43591_hist,False,-59.7509,0.6914,6.3203,DESMATAMENTO_CR,2021-02-24,191,2021-02-12,-0.2143,-0.3914,0.0408,-3.013,0,60.8072,596,19.1314,1,2021-02-06,446,23,False,,,,-120_1
B_237,B,43593_hist,True,-60.4192,1.305,16.73,DESMATAMENTO_CR,2021-02-24,182,2021-08-25,-1.0889,-1.1305,0.3584,-11.2875,4,64.4812,1539,19.1314,1,2021-01-06,902,21,False,,,,-121_2
B_238,B,43594_hist,False,-59.8545,0.7264,14.3328,DESMATAMENTO_CR,2021-02-24,191,2021-06-18,-1.326,-1.1984,0.4265,-12.994,0,62.2928,1325,19.1314,1,2021-01-01,796,24,False,,,,-120_1
B_239,B,43596_hist,False,-59.8234,0.7549,7.7848,DESMATAMENTO_CR,2021-02-24,191,2021-01-19,-0.3022,-0.4491,0.1197,-5.8093,0,42.5244,722,19.1314,1,2021-01-13,234,23,False,,,,-120_1
B_240,B,43598_hist,False,-59.8246,0.7174,17.4714,DESMATAMENTO_CR,2021-02-24,191,2020-09-18,-0.5418,-0.4583,0.0708,-4.2846,4,53.6642,1677,19.1314,1,2021-01-01,347,23,False,,,,-120_1
B_241,B,43604_hist,False,-59.9022,0.5741,7.0158,DESMATAMENTO_CR,2021-02-24,191,2020-10-06,-0.8592,-0.9485,0.2131,-8.1312,5,44.6545,656,19.1314,1,2021-01-01,57,19,False,,,,-120_1
B_242,B,43605_hist,False,-59.8684,0.6177,25.7984,DESMATAMENTO_CR,2021-02-24,191,2020-09-18,-0.2258,-0.153,0.0176,-2.1661,4,53.0366,2505,19.1314,1,2021-02-06,343,21,False,,,,-120_1
B_243,B,43606_hist,True,-60.5107,0.7744,6.6094,DESMATAMENTO_CR,2021-02-24,137,2020-12-31,-1.4171,-1.6003,0.3214,-8.677,1,55.6203,618,19.1314,1,2021-01-01,408,23,False,,,,-122_1
B_244,B,43607_hist,False,-59.6299,0.6497,9.9882,DESMATAMENTO_CR,2021-02-24,98,2020-08-13,-0.4758,-0.4682,0.0913,-3.3579,4,34.8803,949,19.1314,1,2021-01-06,47,23,False,,,,-120_1
B_245,B,43608_hist,True,-59.9506,0.638,14.333,DESMATAMENTO_CR,2021-02-24,138,2021-07-15,-0.0429,-0.3131,0.0543,-2.6328,5,48.0189,1326,19.1314,1,2021-01-18,420,25,False,,,,-120_1
B_246,B,43609_hist,False,-59.6434,0.5844,33.079,DESMATAMENTO_CR,2021-02-24,98,2021-02-03,-0.2713,-0.3457,0.1123,-3.6258,7,59.2855,3150,19.1314,1,2021-01-14,903,20,False,,,,-120_1
B_247,B,43616_hist,False,-59.5536,0.9804,16.3195,DESMATAMENTO_CR,2021-02-24,98,2021-02-03,-0.5221,-0.6947,0.1601,-4.4226,7,60.5735,1553,19.1314,1,2021-01-14,975,24,False,,,,-120_1
B_248,B,43624_hist,False,-59.6447,0.5789,2.3509,DESMATAMENTO_CR,2021-02-24,98,2021-01-16,-0.5185,-0.7981,0.1419,-4.1599,4,39.4832,207,19.1314,1,2021-02-07,92,22,False,,,,-120_1
B_249,B,43627_hist,False,-59.6412,1.0633,11.4455,DESMATAMENTO_CR,2021-02-24,191,2021-02-12,-0.7454,-1.1295,0.2767,-9.1578,0,53.8366,1085,19.1314,1,2021-02-11,726,24,False,,,,-120_2
B_250,B,43629_hist,False,-59.6163,1.0751,8.3257,DESMATAMENTO_CR,2021-02-24,191,2020-11-29,-0.4186,-0.6921,0.1201,-5.4866,4,45.3238,763,19.1314,1,2021-01-01,260,24,False,,,,-120_2
B_251,B,43632_hist,False,-59.6428,1.0793,8.2149,DESMATAMENTO_CR,2021-02-24,191,2020-12-02,-0.6526,-1.1007,0.2223,-7.9521,0,37.7393,762,19.1314,1,2021-01-01,75,24,False,,,,-120_2
B_252,B,43636_hist,False,-59.6556,1.107,6.3011,DESMATAMENTO_CR,2021-02-24,191,2020-11-20,-0.7127,-0.8712,0.2171,-8.0494,0,43.3928,598,19.1314,1,2021-01-02,54,25,False,,,,-120_2
B_253,B,43644_hist,False,-59.5794,0.6509,7.3973,DESMATAMENTO_CR,2021-02-24,98,2021-01-22,-0.4079,-0.4331,0.1268,-4.0714,7,43.2708,703,19.1314,1,2021-01-14,300,19,False,,,,-120_1
B_254,B,43648_hist,False,-59.5499,0.6574,10.7267,DESMATAMENTO_CR,2021-02-24,98,2021-06-15,-0.4585,-0.5357,0.2305,-5.7805,7,51.993,990,19.1314,1,2021-02-19,312,20,False,,,,-120_1
B_255,B,43650_hist,False,-59.5329,0.6687,22.8564,DESMATAMENTO_CR,2021-02-24,98,2021-02-15,-0.4475,-0.6651,0.2814,-6.3288,7,61.9185,2182,19.1314,1,2021-01-14,940,20,False,,,,-120_1
B_256,B,43809_hist,False,-61.6429,2.3452,46.103,DESMATAMENTO_CR,2021-03-11,134,2021-12-11,-0.5053,-0.619,0.0968,-3.8802,5,32.8318,4488,19.1314,1,2021-02-16,44,24,False,,,,-124_4
B_257,B,43810_hist,False,-61.6537,2.8025,16.4873,DESMATAMENTO_CR,2021-03-11,186,2020-09-29,-0.7209,-0.5833,0.0681,-4.1015,5,27.2135,1573,19.1314,1,,0,26,False,,,,-124_5
B_258,B,44119_hist,False,-61.8089,3.5302,12.4215,DESMATAMENTO_CR,2021-03-17,134,2021-07-29,-0.7721,-0.485,0.2539,-6.911,11,49.3612,1202,19.1314,1,2021-02-16,625,23,False,,,,-124_7
B_259,B,44120_hist,False,-61.7751,3.5218,25.2978,DESMATAMENTO_CR,2021-03-17,134,2021-05-09,0.5945,0.4619,0.4139,10.4056,5,48.385,2443,19.1314,1,2021-02-11,147,24,False,,,,-124_7
B_260,B,44121_hist,False,-61.9384,3.5557,10.652,DESMATAMENTO_CR,2021-03-17,134,2020-08-09,-0.3921,-0.1033,0.0603,-2.807,0,22.0668,1013,19.1314,1,2021-02-04,52,20,False,,,,-124_7
B_261,B,44127_hist,False,-61.6775,2.7211,8.3425,DESMATAMENTO_CR,2021-03-17,134,2021-12-14,-0.9892,-1.0766,0.2216,-6.6574,0,36.7238,783,19.1314,1,,0,25,False,,,,-124_5
B_262,B,44133_hist,False,-61.695,2.0796,21.4779,DESMATAMENTO_CR,2021-03-17,134,2020-07-28,-0.4158,-0.0054,0.0348,-1.697,0,43.9233,2048,19.1314,1,2021-01-11,110,21,False,,,,-124_4
B_263,B,44137_hist,False,-61.6487,2.3213,9.6857,DESMATAMENTO_CR,2021-03-17,134,2021-12-14,-0.4768,-0.3906,0.0916,-4.022,0,28.5614,892,19.1314,1,2021-03-19,11,25,False,,,,-124_4
B_264,B,44139_hist,False,-61.5103,2.3285,10.1161,DESMATAMENTO_CR,2021-03-17,227,2021-12-17,-0.7388,-0.7745,0.0761,-4.6471,5,33.1469,944,19.1314,1,,0,24,False,,,,-124_4
B_265,B,44141_hist,False,-61.5303,2.726,18.7568,DESMATAMENTO_CR,2021-03-17,186,2020-08-27,-0.5419,-0.5184,0.0761,-4.0341,0,28.2751,1763,19.1314,1,,0,27,False,,,,-124_5
B_266,B,44142_hist,False,-61.9362,3.7622,26.0467,DESMATAMENTO_CR,2021-03-17,134,2021-01-03,-0.3741,-0.4053,0.2389,-6.826,5,30.1988,2542,19.1314,1,2021-01-06,472,32,False,,,,-124_7
B_267,B,44143_hist,False,-61.7792,3.6302,8.9435,DESMATAMENTO_CR,2021-03-17,134,2021-03-22,0.1971,0.1954,0.0661,3.3534,5,24.2122,816,19.1314,1,,0,21,False,,,,-124_7
B_268,B,44144_hist,False,-61.6455,2.3385,16.9113,DESMATAMENTO_CR,2021-03-17,134,2021-11-17,-0.4038,-0.4627,0.1283,-4.7995,5,27.0176,1596,19.1314,1,,0,21,False,,,,-124_4
B_269,B,44145_hist,False,-61.6455,2.3493,15.5398,DESMATAMENTO_CR,2021-03-17,134,2022-01-01,-0.5654,-0.6505,0.0991,-4.1438,11,30.2631,1492,19.1314,1,,0,24,False,,,,-124_4
B_270,B,44146_hist,False,-61.5102,2.3382,7.7853,DESMATAMENTO_CR,2021-03-17,227,2021-12-17,-0.652,-0.7489,0.093,-5.3653,5,33.5656,716,19.1314,1,,0,21,False,,,,-124_4
B_271,B,44148_hist,False,-61.6126,2.6516,11.5954,DESMATAMENTO_CR,2021-03-17,134,2022-01-01,-0.4616,-0.6325,0.0464,-2.6628,11,35.7417,1094,19.1314,1,2021-03-19,118,27,False,,,,-124_5
B_272,B,44149_hist,False,-61.7778,3.6369,43.6054,DESMATAMENTO_CR,2021-03-17,134,2021-07-04,0.2133,0.7406,0.1135,3.8643,12,47.0557,4242,19.1314,1,2021-01-12,1695,20,False,,,,-124_7
B_273,B,44150_hist,False,-59.6892,0.6048,10.0929,DESMATAMENTO_CR,2021-03-17,191,2021-03-23,0.679,0.6324,0.1926,7.5214,5,62.6752,949,19.1314,1,2021-01-01,239,22,False,,,,-120_1
B_274,B,44153_hist,False,-61.6342,2.7558,6.4857,DESMATAMENTO_CR,2021-03-17,134,2021-11-20,-0.5106,-0.4011,0.0992,-4.0862,0,39.5585,602,19.1314,1,,0,22,False,,,,-124_5
B_275,B,44158_hist,False,-59.4354,1.0815,16.7251,DESMATAMENTO_CR,2021-03-17,98,2021-02-09,-0.3148,-0.2612,0.1342,-4.1558,4,48.0993,1595,19.1314,1,2021-02-11,443,21,False,,,,-119_2
B_276,B,44159_hist,False,-59.451,1.1098,10.9654,DESMATAMENTO_CR,2021-03-17,98,2021-01-10,-0.8894,-1.3604,0.2182,-5.2746,7,71.523,1014,19.1314,1,2021-01-02,802,22,False,,,,-119_2
B_277,B,44160_hist,False,-61.5751,2.6682,6.2649,DESMATAMENTO_CR,2021-03-17,134,2022-01-01,-1.759,-1.7237,0.3455,-9.0266,11,27.2271,601,19.1314,1,,0,29,False,,,,-124_5
B_278,B,44162_hist,False,-61.5467,3.1861,15.7381,DESMATAMENTO_CR,2021-03-17,134,2021-05-24,0.6003,0.6504,0.3539,9.1723,0,38.6919,1502,19.1314,1,2021-02-28,9,30,False,,,,-124_6
B_279,B,44163_hist,False,-59.4372,1.1252,47.7625,DESMATAMENTO_CR,2021-03-17,98,2021-03-29,0.1463,0.1777,0.0603,2.652,4,51.6352,4610,19.1314,1,2021-01-26,574,18,False,,,,-119_2
B_280,B,44165_hist,False,-61.72,3.226,20.0328,DESMATAMENTO_CR,2021-03-17,134,2021-10-12,-0.3309,-0.2714,0.067,-3.21,5,28.9435,1916,19.1314,1,2021-02-11,121,24,False,,,,-124_6
B_281,B,44169_hist,False,-61.4231,2.7658,15.3627,DESMATAMENTO_CR,2021-03-20,186,2021-09-27,-0.3898,-0.4868,0.1068,-4.8927,0,39.5918,1438,19.1314,1,2021-02-16,33,21,False,,,,-123_5
B_282,B,44170_hist,False,-60.7074,0.21,30.4094,DESMATAMENTO_CR,2021-03-20,137,2021-03-17,-0.9068,-0.8233,0.3519,-9.8563,6,35.7556,2937,19.1314,1,2021-03-14,200,21,False,,,,-122_0
B_283,B,44171_hist,False,-60.6993,0.2253,7.7177,DESMATAMENTO_CR,2021-03-20,137,2021-03-17,-0.8236,-0.7672,0.3479,-10.1596,6,29.5791,719,19.1314,1,2021-04-01,9,23,False,,,,-122_0
B_284,B,44173_hist,False,-60.3571,1.5154,8.6872,DESMATAMENTO_CR,2021-03-17,182,2021-12-06,-1.6192,-2.3894,0.1502,-5.8887,5,44.1686,816,19.1314,1,2021-03-07,121,20,False,,,,-121_3
B_285,B,44174_hist,False,-61.1427,3.259,57.0121,DESMATAMENTO_CR,2021-03-20,96,2021-01-15,-0.6729,-0.4381,0.1141,-3.3825,7,49.9577,5490,19.1314,1,2021-01-07,3560,47,False,,,,-123_6
B_286,B,44175_hist,False,-60.9517,2.3693,34.7565,DESMATAMENTO_CR,2021-03-20,96,2021-02-20,-1.2842,-1.4083,0.419,-8.2915,7,40.4597,3386,19.1314,1,2021-02-12,510,25,False,,,,-122_4
B_287,B,44177_hist,False,-61.7263,3.2323,29.029,DESMATAMENTO_VEG,2021-03-17,134,2021-04-03,0.2335,0.2118,0.1109,4.3834,5,27.7398,2767,19.1314,1,2021-02-04,12,24,False,,,,-124_6
B_288,B,44179_hist,False,-60.3003,1.8629,10.7464,DESMATAMENTO_CR,2021-03-20,138,2021-12-09,-0.7981,-1.0221,0.1898,-6.422,0,37.8184,1024,19.1314,1,2021-03-14,154,18,False,,,,-121_3
B_289,B,44180_hist,False,-60.4448,2.3593,12.7294,DESMATAMENTO_CR,2021-03-20,97,2021-04-01,0.4699,0.5666,0.0991,3.3118,0,21.9031,1190,19.1314,1,,0,19,False,,,,-121_4
B_290,B,44181_hist,False,-60.4763,2.3584,11.5671,DESMATAMENTO_CR,2021-03-20,97,2021-12-09,-0.5591,-0.6843,0.125,-3.8598,0,29.749,1103,19.1314,1,2021-03-20,1,17,False,,,,-121_4
B_291,B,44182_hist,False,-61.4305,2.3978,57.0593,DESMATAMENTO_CR,2021-03-20,186,2021-12-11,-1.2168,-1.0858,0.2225,-7.4694,4,30.3306,5469,19.1314,1,2021-01-07,205,59,False,,,,-123_4
B_292,B,44183_hist,False,-61.4292,2.7813,11.5204,DESMATAMENTO_CR,2021-03-20,186,2021-09-27,-0.5971,-0.767,0.1508,-5.9323,0,31.4322,990,19.1314,1,,0,23,False,,,,-123_5
B_293,B,44184_hist,False,-61.172,2.1777,12.1159,DESMATAMENTO_CR,2021-03-20,137,2020-09-08,-0.609,-0.5104,0.1275,-5.3377,10,29.6656,1154,19.1314,1,,0,28,False,,,,-123_4
B_294,B,44185_hist,False,-61.4769,2.3355,22.575,DESMATAMENTO_CR,2021-03-20,227,2021-12-11,-0.6239,-0.6974,0.1131,-5.7899,4,26.0385,2129,19.1314,1,,0,47,False,,,,-123_4
B_295,B,44187_hist,True,-60.4197,1.3001,6.2576,DESMATAMENTO_CR,2021-03-17,182,2021-09-09,-0.2031,-0.2431,0.0425,-3.465,1,49.3714,562,19.1314,1,,0,19,False,,,,-121_2
B_296,B,44190_hist,False,-61.4441,2.3447,20.5824,DESMATAMENTO_CR,2021-03-20,186,2021-11-11,-1.2408,-1.2519,0.2623,-8.2434,5,29.662,1922,19.1314,1,,0,52,False,,,,-123_4
B_297,B,44192_hist,False,-61.4359,2.3075,1.2422,DESMATAMENTO_CR,2021-03-20,227,2021-01-24,-0.5396,-0.4726,0.0848,-6.085,0,29.9628,78,19.1314,1,,0,50,False,,,,-123_4
B_298,B,44193_hist,False,-61.4358,2.3098,13.1849,DESMATAMENTO_CR,2021-03-20,227,2021-01-21,-0.3797,-0.4505,0.1137,-6.2032,4,28.7164,1242,19.1314,1,,0,49,False,,,,-123_4
B_299,B,44196_hist,False,-60.6109,1.8719,6.5696,DESMATAMENTO_CR,2021-03-20,182,2020-10-08,-0.3285,-0.2913,0.0312,-2.7568,1,57.1971,611,19.1314,1,2021-01-01,301,24,False,,,,-122_3
B_300,B,44197_hist,False,-60.5733,1.9159,9.3498,DESMATAMENTO_CR,2021-03-20,182,2021-02-05,-0.6866,-0.8524,0.2387,-8.3654,1,59.064,854,19.1314,1,2021-01-01,571,23,False,,,,-122_3
B_301,B,44198_hist,False,-59.6903,0.5529,26.2233,DESMATAMENTO_CR,2021-03-20,191,2021-03-29,0.3183,0.2139,0.0661,4.2599,4,57.5334,2534,19.1314,1,2021-02-06,157,18,False,,,,-120_1
B_302,B,44199_hist,False,-59.6879,0.553,16.6288,DESMATAMENTO_CR,2021-03-20,191,2020-09-06,-0.4754,-0.501,0.0794,-4.5824,4,39.4682,1574,19.1314,1,2021-01-02,421,21,False,,,,-120_1
B_303,B,44201_hist,True,-60.4221,1.3065,24.1197,DESMATAMENTO_CR,2021-03-17,182,2021-07-15,-0.7576,-1.1462,0.3081,-9.8441,5,68.4085,2304,19.1314,1,2021-01-11,1897,19,False,,,,-121_2
B_304,B,44202_hist,False,-61.2955,2.1777,15.437,DESMATAMENTO_CR,2021-03-20,137,2020-10-08,-0.493,-0.3596,0.0828,-4.0873,1,30.6593,1440,19.1314,1,2021-01-01,235,24,False,,,,-123_4
B_305,B,44204_hist,False,-61.7238,2.3151,18.4182,DESMATAMENTO_CR,2021-03-20,134,2021-02-08,-0.6756,-0.9527,0.1588,-5.0771,5,45.6066,1679,19.1314,1,2021-02-04,69,30,False,,,,-124_4
B_306,B,44205_hist,False,-61.3318,2.1197,8.5368,DESMATAMENTO_CR,2021-03-20,137,2020-10-05,-0.7134,-0.3331,0.0766,-3.7,4,49.3652,799,19.1314,1,2021-01-07,414,28,False,,,,-123_4
B_307,B,44206_hist,False,-60.7475,1.9239,8.4148,DESMATAMENTO_CR,2021-03-20,137,2020-08-18,-0.6109,-0.412,0.0562,-3.3624,4,39.0536,791,19.1314,1,2021-01-01,257,21,False,,,,-122_3
B_308,B,44212_hist,False,-59.6835,0.5652,15.9149,DESMATAMENTO_CR,2021-03-20,191,2021-02-09,-0.6255,-1.1965,0.3241,-10.3157,4,55.8432,1489,19.1314,1,2021-01-01,960,23,False,,,,-120_1
B_309,B,44213_hist,False,-61.2675,2.0841,17.4738,DESMATAMENTO_CR,2021-03-20,137,2020-09-08,-0.7913,-0.6975,0.1462,-5.5348,10,38.0745,1665,19.1314,1,2021-01-01,236,26,False,,,,-123_4
B_310,B,44214_hist,False,-61.3009,2.1236,6.747,DESMATAMENTO_CR,2021-03-20,137,2021-02-17,-0.8571,-0.7,0.2304,-7.3811,1,48.5974,617,19.1314,1,2021-02-12,493,24,True,2021-02-18,-1.0,True,-123_4
B_311,B,44215_hist,False,-61.2676,2.0286,9.9458,DESMATAMENTO_CR,2021-03-20,137,2021-02-05,-0.7665,-1.1418,0.2445,-7.0925,1,55.35,945,19.1314,1,2021-01-01,438,26,False,,,,-123_4
B_312,B,44216_hist,True,-60.4326,1.2996,26.261,DESMATAMENTO_CR,2021-03-17,182,2021-12-11,-1.0228,-1.3115,0.1537,-6.3704,4,62.9647,2452,19.1314,1,2021-02-12,1453,20,False,,,,-121_2
B_313,B,44217_hist,False,-60.5778,2.0826,10.456,DESMATAMENTO_CR,2021-03-20,182,2020-10-05,-0.4984,-0.4148,0.0816,-4.6631,4,38.3451,1003,19.1314,1,2021-02-16,155,24,False,,,,-122_4
B_314,B,44222_hist,False,-59.6832,0.56,2.0863,DESMATAMENTO_CR,2021-03-20,191,2021-02-21,0.2232,0.3921,0.054,4.06,4,48.35,179,19.1314,1,2021-02-12,29,17,False,,,,-120_1
B_315,B,44223_hist,False,-61.732,2.3039,10.9342,DESMATAMENTO_CR,2021-03-20,134,2021-04-09,0.3279,0.2709,0.1523,5.3654,5,29.53,992,19.1314,1,,0,36,False,,,,-124_4
B_316,B,44224_hist,False,-61.3322,2.0341,11.5757,DESMATAMENTO_CR,2021-03-20,137,2020-08-21,-0.7379,-0.3357,0.0619,-3.4082,1,47.8783,1082,19.1314,1,2021-02-28,117,29,False,,,,-123_4
B_317,B,44225_hist,False,-61.7263,2.3029,9.8088,DESMATAMENTO_CR,2021-03-20,134,2021-09-30,-0.4508,-0.4271,0.0512,-2.7319,5,29.5078,935,19.1314,1,,0,32,False,,,,-124_4
B_318,B,44226_hist,False,-59.6891,0.5736,14.284,DESMATAMENTO_CR,2021-03-20,191,2021-02-12,-0.4294,-0.8552,0.2149,-7.725,0,58.2459,1293,19.1314,1,2021-01-01,704,20,False,,,,-120_1
B_319,B,44228_hist,False,-59.6388,0.6768,12.1421,DESMATAMENTO_CR,2021-03-20,98,2021-03-23,0.5072,0.4879,0.1499,4.2213,7,65.4193,1148,19.1314,1,2021-01-02,190,19,False,,,,-120_1
B_320,B,44230_hist,False,-59.6817,0.5574,6.1543,DESMATAMENTO_CR,2021-03-20,191,2021-02-09,-0.5382,-0.6052,0.1319,-5.8754,4,24.7712,567,19.1314,1,2021-02-06,147,21,False,,,,-120_1
B_321,B,44231_hist,False,-61.5646,2.257,8.5975,DESMATAMENTO_CR,2021-03-20,227,2021-12-29,-0.7793,-0.6544,0.1031,-5.9141,6,26.7048,789,19.1314,1,,0,30,False,,,,-124_4
B_322,B,44233_hist,False,-60.5111,2.3208,8.6341,DESMATAMENTO_CR,2021-03-20,141,2021-02-08,-0.3426,-0.3818,0.1297,-4.9985,6,28.8733,806,19.1314,1,2021-02-12,150,19,False,,,,-122_4
B_323,B,44235_hist,False,-59.5296,0.6698,11.3667,DESMATAMENTO_CR,2021-03-20,98,2021-06-27,-0.3219,-0.5209,0.2123,-5.4335,7,49.5069,1063,19.1314,1,2021-02-07,320,24,False,,,,-120_1
B_324,B,44236_hist,False,-59.731,0.7154,14.2528,DESMATAMENTO_CR,2021-03-20,191,2021-06-12,-0.2974,-0.6164,0.1464,-6.0949,0,50.4592,1375,19.1314,1,2021-03-14,622,23,False,,,,-120_1
B_325,B,44240_hist,True,-60.3489,1.2642,6.4177,DESMATAMENTO_CR,2021-03-17,182,2021-10-31,-1.2205,-1.5322,0.3009,-9.6716,5,46.7506,599,19.1314,1,2021-01-11,296,21,False,,,,-121_2
B_326,B,44242_hist,False,-59.7484,0.6364,6.5234,DESMATAMENTO_CR,2021-03-20,191,2021-09-13,-0.7187,-0.6248,0.1664,-6.8897,4,40.9388,590,19.1314,1,2021-01-01,124,21,False,,,,-120_1
B_327,B,44244_hist,False,-59.5544,0.6586,21.5949,DESMATAMENTO_CR,2021-03-20,98,2022-01-15,0.389,0.2429,0.0528,2.311,11,43.3961,2007,19.1314,1,2021-02-19,356,17,False,,,,-120_1
B_328,B,44245_hist,False,-59.6093,0.6677,6.3941,DESMATAMENTO_CR,2021-03-20,98,2021-02-03,-0.3792,-0.5127,0.1189,-3.8001,7,41.2866,591,19.1314,1,2021-01-02,218,21,False,,,,-120_1
B_329,B,44247_hist,False,-59.8483,0.5952,20.5366,DESMATAMENTO_CR,2021-03-20,191,2021-03-29,0.3331,0.2874,0.0722,4.3693,4,46.0184,1992,19.1314,1,2021-02-06,280,21,False,,,,-120_1
B_330,B,44248_hist,True,-59.9373,0.6053,117.6745,DESMATAMENTO_CR,2021-03-20,138,2020-09-21,-0.2882,-0.2246,0.0318,-2.5504,0,52.5283,11635,19.1314,1,2021-01-19,2598,23,False,,,,-120_1
B_331,B,44249_hist,True,-59.9131,0.631,20.2288,DESMATAMENTO_CR,2021-03-20,191,2021-01-04,-0.4047,-0.6155,0.1669,-6.5642,4,41.6286,1925,19.1314,1,2021-01-01,505,21,False,,,,-120_1
B_332,B,44250_hist,False,-61.7334,2.3474,18.178,DESMATAMENTO_CR,2021-03-20,134,2021-02-14,-0.5255,-0.3729,0.2149,-6.2126,5,33.3694,1698,19.1314,1,,0,30,False,,,,-124_4
B_333,B,44251_hist,False,-59.6955,0.683,6.2341,DESMATAMENTO_CR,2021-03-20,191,2021-02-12,-0.6259,-0.6524,0.1856,-7.428,0,38.1317,557,19.1314,1,2021-01-31,251,20,False,,,,-120_1
B_334,B,44253_hist,False,-60.3162,1.3421,24.3531,DESMATAMENTO_CR,2021-03-17,182,2021-03-13,-1.5342,-2.0438,0.5001,-14.2121,1,67.2911,2301,19.1314,1,2021-02-11,1992,24,False,,,,-121_2
B_335,B,44254_hist,False,-59.7934,0.6247,101.6732,DESMATAMENTO_CR,2021-03-20,191,2021-03-23,0.2646,0.1872,0.0555,3.9351,5,56.7525,10014,19.1314,1,2021-01-01,1540,24,False,,,,-120_1
B_336,B,44255_hist,True,-59.9149,0.6125,30.8387,DESMATAMENTO_CR,2021-03-20,191,2021-02-12,-0.6301,-0.7644,0.3051,-10.2303,0,45.1479,3020,19.1314,1,2021-01-31,1897,21,False,,,,-120_1
B_337,B,44256_hist,False,-59.7879,0.5687,9.3483,DESMATAMENTO_CR,2021-03-20,191,2021-02-24,-1.013,-1.0368,0.4631,-15.2376,0,36.9271,857,19.1314,1,2021-02-18,380,18,False,,,,-120_1
B_338,B,44257_hist,True,-59.8986,0.6408,10.5052,DESMATAMENTO_CR,2021-03-20,191,2020-12-02,-0.681,-0.7561,0.2764,-10.1303,0,55.9377,988,19.1314,1,2021-01-01,211,21,False,,,,-120_1
B_339,B,44259_hist,False,-61.6546,2.475,6.2166,DESMATAMENTO_CR,2021-03-20,134,2020-11-22,-0.4399,-0.3779,0.1088,-4.3272,5,34.8648,575,19.1314,1,2021-03-07,38,25,False,,,,-124_4
B_340,B,44260_hist,False,-61.3136,2.1544,6.833,DESMATAMENTO_CR,2021-03-17,137,2021-09-30,-0.4496,-0.5107,0.082,-3.8865,4,47.8469,652,19.1314,1,2021-02-16,262,23,True,2021-02-18,224.0,False,-123_4
B_341,B,44261_hist,False,-59.8721,0.6207,8.1297,DESMATAMENTO_CR,2021-03-20,191,2021-02-12,-0.1182,-0.413,0.0529,-3.2847,0,57.9281,731,19.1314,1,2021-01-30,124,24,False,,,,-120_1
B_342,B,44262_hist,False,-59.369,1.1283,105.8934,DESMATAMENTO_CR,2021-03-20,98,2021-03-29,0.2002,0.241,0.1448,4.3049,4,52.4382,10349,19.1314,1,2021-01-14,469,23,False,,,,-119_2
B_343,B,44265_hist,False,-59.4351,1.1029,86.0741,DESMATAMENTO_CR,2021-03-20,98,2021-10-01,-0.3587,-0.3527,0.1378,-4.0491,7,44.221,8294,19.1314,1,2021-01-14,2534,24,False,,,,-119_2
B_344,B,44266_hist,False,-59.4361,1.1319,50.5684,DESMATAMENTO_CR,2021-03-20,98,2021-10-01,-0.0728,-0.1548,0.0246,-1.5799,7,44.9594,4893,19.1314,1,2021-01-14,725,23,False,,,,-119_2
B_345,B,44267_hist,False,-59.4675,1.0951,14.9283,DESMATAMENTO_CR,2021-03-20,98,2021-07-03,0.2876,0.2286,0.0843,3.1925,4,58.6495,1426,19.1314,1,2021-02-07,70,21,False,,,,-119_2
B_346,B,44269_hist,False,-59.87,0.6862,15.2991,DESMATAMENTO_CR,2021-03-20,191,2021-07-15,-1.1684,-1.2614,0.4293,-13.1421,4,66.7552,1462,19.1314,1,2021-01-01,1239,22,False,,,,-120_1
B_347,B,44270_hist,False,-61.3809,2.9289,10.6031,DESMATAMENTO_CR,2021-03-17,186,2021-12-11,-0.3566,-0.5387,0.072,-4.0082,4,26.5235,986,19.1314,1,,0,30,False,,,,-123_5
B_348,B,44271_hist,True,-59.8995,0.6951,27.4842,DESMATAMENTO_CR,2021-03-20,191,2021-07-18,-0.431,-0.5569,0.2135,-7.9966,0,48.5325,2668,19.1314,1,2021-02-11,767,22,False,,,,-120_1
B_349,B,44272_hist,False,-59.8376,0.7171,6.3572,DESMATAMENTO_CR,2021-03-20,191,2021-02-15,-1.6407,-1.6239,0.5783,-18.0874,5,54.4861,571,19.1314,1,2021-02-06,454,25,False,,,,-120_1
B_350,B,44273_hist,False,-59.8616,0.6942,7.3972,DESMATAMENTO_CR,2021-03-20,191,2021-02-12,-0.5282,-0.6554,0.2382,-9.3241,0,52.2056,683,19.1314,1,2021-02-12,207,22,False,,,,-120_1
B_351,B,44274_hist,False,-59.868,0.6968,9.1819,DESMATAMENTO_CR,2021-03-20,191,2021-06-06,-1.1718,-1.0911,0.4587,-14.4365,0,58.3342,870,19.1314,1,2021-01-25,701,27,False,,,,-120_1
B_352,B,44276_hist,True,-59.8938,0.7215,48.7648,DESMATAMENTO_CR,2021-03-20,191,2021-06-06,-1.4881,-1.4939,0.5631,-17.1732,0,58.8764,4612,19.1314,1,2021-01-01,3700,24,False,,,,-120_1
B_353,B,44277_hist,False,-59.8648,0.7044,12.8497,DESMATAMENTO_CR,2021-03-20,191,2020-08-10,-0.4944,-0.4193,0.0508,-3.9016,0,34.7546,1209,19.1314,1,2021-03-02,186,25,False,,,,-120_1
B_354,B,44279_hist,False,-61.5493,2.8428,11.5444,DESMATAMENTO_CR,2021-03-20,134,2021-09-06,-0.3295,-0.6606,0.0712,-3.2005,5,32.9323,1082,19.1314,1,2021-02-11,33,27,False,,,,-124_5
B_355,B,44280_hist,False,-59.4851,1.0841,6.6088,DESMATAMENTO_CR,2021-03-20,98,2021-02-03,-1.031,-1.4071,0.311,-6.7198,7,45.6897,596,19.1314,1,2021-01-14,347,25,False,,,,-119_2
B_356,B,44281_hist,False,-59.482,1.0906,7.9441,DESMATAMENTO_CR,2021-03-20,98,2020-11-11,-0.7788,-0.9735,0.1424,-4.1043,7,56.2155,737,19.1314,1,2021-01-02,74,22,False,,,,-119_2
B_357,B,44282_hist,False,-61.5703,2.851,23.7279,DESMATAMENTO_CR,2021-03-20,134,2021-11-05,-0.4217,-0.4878,0.0961,-3.92,5,30.7494,2222,19.1314,1,,0,28,False,,,,-124_5
B_358,B,44284_hist,False,-59.4279,1.1269,21.0138,DESMATAMENTO_CR,2021-03-20,98,2020-12-05,-0.4157,-0.5249,0.1334,-3.9722,7,67.4148,2000,19.1314,1,2021-01-02,727,26,False,,,,-119_2
B_359,B,44285_hist,False,-59.8722,0.7735,13.0772,DESMATAMENTO_CR,2021-03-20,191,2021-02-24,-1.5188,-1.7154,0.4701,-13.9327,0,70.071,1264,19.1314,1,2021-02-06,1158,21,False,,,,-120_1
B_360,B,44286_hist,False,-59.7871,1.0182,13.4271,DESMATAMENTO_CR,2021-03-20,191,2020-10-03,-0.4581,-0.311,0.0506,-3.5548,0,50.3825,1261,19.1314,1,2021-02-12,388,26,False,,,,-120_2
B_361,B,44288_hist,True,-59.9067,0.6466,98.8419,DESMATAMENTO_CR,2021-03-20,191,2020-08-22,-0.2746,-0.2522,0.0204,-2.244,0,69.7343,9716,19.1314,1,2021-01-01,1493,25,False,,,,-120_1
B_362,B,44289_hist,False,-59.8773,0.6463,11.9021,DESMATAMENTO_CR,2021-03-20,191,2020-11-23,-1.3343,-1.3845,0.4942,-15.3174,6,47.0045,1135,19.1314,1,2021-01-01,167,21,False,,,,-120_1
B_363,B,44291_hist,False,-61.7379,2.4174,11.8249,DESMATAMENTO_CR,2021-03-20,134,2021-11-11,-0.616,-0.7064,0.2039,-6.2091,5,35.7119,1101,19.1314,1,,0,31,False,,,,-124_4
B_364,B,44292_hist,False,-61.655,2.4313,7.4835,DESMATAMENTO_CR,2021-03-20,134,2021-02-08,-0.7043,-0.887,0.2783,-7.5069,5,47.0591,702,19.1314,1,2021-02-11,354,24,True,2021-02-19,-11.0,True,-124_4
B_365,B,44294_hist,False,-59.7038,0.7843,7.4586,DESMATAMENTO_CR,2021-03-20,191,2020-12-11,-0.538,-0.7226,0.1802,-7.2699,4,47.508,692,19.1314,1,2021-01-01,223,24,False,,,,-120_1
B_366,B,44295_hist,False,-59.7214,0.7864,12.6526,DESMATAMENTO_CR,2021-03-20,191,2021-02-12,-0.5444,-0.7564,0.287,-9.9927,0,46.7269,1197,19.1314,1,2021-02-06,427,24,False,,,,-120_1
B_367,B,44296_hist,False,-61.6704,2.4699,8.4425,DESMATAMENTO_CR,2021-03-20,134,2021-02-05,-0.4259,-0.3635,0.1061,-4.2284,0,44.2933,788,19.1314,1,2021-03-01,266,27,False,,,,-124_4
B_368,B,44298_hist,False,-59.3428,0.7103,9.1265,DESMATAMENTO_CR,2021-03-20,98,2021-04-22,0.4978,0.5161,0.1861,4.9179,4,46.6828,839,19.1314,1,2021-01-14,152,18,False,,,,-119_1
B_369,B,44299_hist,False,-61.592,3.2048,10.8278,DESMATAMENTO_CR,2021-03-20,134,2021-05-27,1.0711,1.1178,0.2009,5.8318,5,46.6072,1008,19.1314,1,2021-02-17,3,29,False,,,,-124_6
B_370,B,44301_hist,False,-61.5436,3.0818,11.6096,DESMATAMENTO_CR,2021-03-20,134,2020-09-14,-0.7831,-0.7807,0.1534,-5.0595,0,44.407,1114,19.1314,1,2021-01-24,412,25,False,,,,-124_6
B_371,B,44302_hist,False,-61.5491,3.0826,8.9914,DESMATAMENTO_CR,2021-03-20,134,2021-05-24,0.291,0.4377,0.0911,3.7846,0,40.4263,842,19.1314,1,2021-02-16,30,27,False,,,,-124_6
B_372,B,44304_hist,True,-59.9151,1.0993,8.7502,DESMATAMENTO_CR,2021-03-20,138,2021-03-20,-0.6367,-0.7359,0.2344,-7.2714,0,33.3729,816,19.1314,1,2021-03-02,277,25,False,,,,-120_2
B_373,B,44306_hist,False,-61.5838,3.158,11.5903,DESMATAMENTO_CR,2021-03-20,134,2020-09-11,-0.4792,-0.3553,0.0713,-3.2577,5,55.1588,1101,19.1314,1,2021-02-11,394,27,False,,,,-124_6
B_374,B,44307_hist,False,-61.5668,3.1659,20.8206,DESMATAMENTO_CR,2021-03-20,134,2021-05-24,0.0483,0.6284,0.1064,3.1713,0,43.3055,1955,19.1314,1,2021-02-16,177,32,False,,,,-124_6
B_375,B,44309_hist,False,-59.5659,0.9044,8.2953,DESMATAMENTO_CR,2021-03-20,98,2021-02-09,-0.4603,-0.6802,0.1598,-4.4505,4,46.4909,766,19.1314,1,2021-01-02,351,21,False,,,,-120_1
B_376,B,44310_hist,False,-59.5118,0.9034,6.523,DESMATAMENTO_CR,2021-03-20,98,2021-06-15,-0.9556,-1.1036,0.3682,-7.8639,7,71.0007,606,19.1314,1,2021-01-26,528,20,False,,,,-120_1
B_377,B,44311_hist,True,-59.8967,0.7296,6.8925,DESMATAMENTO_CR,2021-03-20,138,2021-02-03,-0.4602,-0.8331,0.198,-6.5211,5,41.8792,646,19.1314,1,2021-01-19,305,24,False,,,,-120_1
B_378,B,44312_hist,False,-59.7392,0.9651,10.5043,DESMATAMENTO_CR,2021-03-20,191,2021-02-06,-0.2184,-0.6286,0.082,-4.0475,0,63.0542,978,19.1314,1,2021-01-01,718,25,False,,,,-120_1
B_379,B,44316_hist,False,-59.534,0.9822,13.2796,DESMATAMENTO_CR,2021-03-20,98,2021-02-09,-1.0711,-0.9758,0.4386,-9.1578,4,49.0799,1246,19.1314,1,2021-01-26,637,23,False,,,,-120_1
B_380,B,44321_hist,False,-59.6026,1.0178,8.9227,DESMATAMENTO_CR,2021-03-20,191,2021-01-04,-0.3176,-0.5352,0.0924,-4.7099,4,42.6905,845,19.1314,1,2021-01-07,420,27,False,,,,-120_2
B_381,B,44323_hist,False,-59.5444,1.0323,16.2946,DESMATAMENTO_CR,2021-03-20,98,2021-02-03,-0.716,-0.7851,0.3902,-8.1775,7,67.9889,1527,19.1314,1,2021-01-14,739,21,False,,,,-120_2
B_382,B,44327_hist,False,-59.8206,0.7313,11.3111,DESMATAMENTO_CR,2021-03-20,191,2021-02-27,-1.2484,-1.2084,0.4909,-14.9588,5,44.2973,1095,19.1314,1,2021-02-11,622,23,True,2021-02-21,6.0,True,-120_1
B_383,B,44328_hist,False,-59.5366,0.9672,9.9936,DESMATAMENTO_CR,2021-03-20,98,2021-02-27,-0.6761,-0.5461,0.4029,-9.0745,7,35.9117,946,19.1314,1,2021-03-03,327,22,False,,,,-120_1
B_384,B,44331_hist,True,-59.8983,0.7367,7.6741,DESMATAMENTO_CR,2021-03-20,138,2021-03-20,-0.8457,-1.2044,0.3374,-9.0565,0,45.7101,719,19.1314,1,2021-03-02,438,23,False,,,,-120_1
B_385,B,44333_hist,False,-59.5702,1.0956,7.9318,DESMATAMENTO_CR,2021-03-20,191,2021-04-25,0.6254,0.4231,0.1524,6.7988,0,38.1169,718,19.1314,1,2021-01-01,161,25,False,,,,-120_2
B_386,B,44336_hist,False,-59.5349,0.9639,8.9844,DESMATAMENTO_CR,2021-03-20,98,2021-02-27,-0.6995,-0.6253,0.3706,-8.2207,7,38.8659,803,19.1314,1,2021-02-19,472,23,False,,,,-120_1
B_387,B,44338_hist,False,-59.7054,1.0914,7.778,DESMATAMENTO_CR,2021-03-20,191,2021-02-03,-1.1621,-1.6564,0.4639,-14.3865,5,67.0845,715,19.1314,1,2021-01-06,454,26,False,,,,-120_2
B_388,B,44349_hist,False,-59.7389,1.0471,6.8612,DESMATAMENTO_CR,2021-03-20,191,2021-02-03,-0.8395,-1.1598,0.2588,-8.8284,5,42.9743,634,19.1314,1,2021-01-07,270,21,False,,,,-120_2
B_389,B,44350_hist,False,-59.5716,1.1288,9.4147,DESMATAMENTO_CR,2021-03-20,191,2020-11-20,-0.7561,-0.9795,0.2442,-8.5412,0,59.8085,872,19.1314,1,2021-01-02,122,26,False,,,,-120_2
B_390,B,44351_hist,False,-59.5405,1.1317,10.0669,DESMATAMENTO_CR,2021-03-20,98,2021-01-22,-0.5427,-1.0542,0.1632,-4.3533,7,50.2772,927,19.1314,1,2021-01-02,449,28,False,,,,-120_2
B_391,B,44370_hist,False,-59.4447,1.148,15.6479,DESMATAMENTO_CR,2021-03-20,98,2021-05-22,1.5238,1.2278,0.3458,7.187,7,49.7673,1494,19.1314,1,2021-01-02,72,21,False,,,,-119_2
B_392,B,44383_hist,False,-61.6396,2.7841,9.5409,DESMATAMENTO_CR,2021-03-20,134,2020-09-26,-0.596,-0.4085,0.1163,-4.4008,0,32.9742,870,19.1314,1,,0,20,False,,,,-124_5
B_393,B,44397_hist,False,-59.4504,1.106,13.4268,DESMATAMENTO_CR,2021-03-20,98,2021-02-03,-0.6901,-1.1574,0.2576,-5.8918,7,59.6089,1248,19.1314,1,2021-01-02,662,20,False,,,,-119_2
B_394,B,44411_hist,False,-59.7618,0.6676,10.0066,DESMATAMENTO_CR,2021-03-20,191,2020-09-21,-0.6839,-0.713,0.1157,-5.4906,0,42.5934,931,19.1314,1,2021-01-01,292,23,False,,,,-120_1
B_395,B,44637_hist,False,-61.7448,2.3972,36.3177,DESMATAMENTO_CR,2021-03-28,134,2021-11-11,-0.2375,-0.4354,0.0835,-3.5862,5,35.9595,3411,19.1314,1,2021-02-11,44,30,False,,,,-124_4
B_396,B,44638_hist,False,-61.8142,3.7801,16.4469,DESMATAMENTO_CR,2021-03-28,134,2021-02-08,-0.4601,-0.0786,0.1395,-3.9928,5,51.0692,1583,19.1314,1,2021-03-13,258,22,True,2021-03-19,-39.0,False,-124_7
B_397,B,44639_hist,False,-61.9461,3.7614,16.7667,DESMATAMENTO_CR,2021-03-28,134,2021-02-08,-0.7654,-0.8959,0.4097,-10.2934,5,40.8734,1594,19.1314,1,2021-01-06,645,25,False,,,,-124_7
B_398,B,44640_hist,False,-61.779,3.6401,14.4163,DESMATAMENTO_CR,2021-03-28,134,2021-08-04,0.3478,1.14,0.1046,3.7216,0,61.4287,1370,19.1314,1,2021-01-23,878,22,False,,,,-124_7
B_399,B,44647_hist,False,-61.8364,3.8716,16.7953,DESMATAMENTO_CR,2021-03-28,134,2021-04-30,0.4377,0.4568,0.2592,7.5686,0,48.8977,1592,19.1314,1,2021-01-06,173,34,False,,,,-124_7
B_400,B,44648_hist,False,-61.7862,3.8884,8.376,DESMATAMENTO_CR,2021-03-28,134,2021-12-14,-0.5186,-0.6632,0.0907,-3.8334,0,28.0856,769,19.1314,1,2021-03-01,169,32,False,,,,-124_7
B_401,B,44649_hist,False,-61.6544,3.646,33.6481,DESMATAMENTO_CR,2021-03-28,134,2021-04-30,0.1876,0.1926,0.0631,3.131,0,48.3841,3262,19.1314,1,2021-02-11,790,24,False,,,,-124_7
B_402,B,44650_hist,False,-61.6505,3.7443,10.5147,DESMATAMENTO_CR,2021-03-28,134,2021-12-14,-0.5176,-0.3948,0.0732,-3.5227,0,34.8439,959,19.1314,1,,0,26,False,,,,-124_7
B_403,B,44655_hist,False,-61.7077,3.8679,27.2348,DESMATAMENTO_CR,2021-03-28,134,2021-04-27,0.4718,0.4142,0.3904,10.0963,5,51.2891,2630,19.1314,1,2021-01-18,250,27,False,,,,-124_7
B_404,B,44944_hist,False,-61.783,2.2276,11.9433,DESMATAMENTO_CR,2021-04-03,134,2021-03-28,-1.121,-0.586,0.3764,-9.825,5,30.7133,1147,19.1314,1,,0,33,False,,,,-124_4
B_405,B,44946_hist,False,-60.6657,0.8006,11.9694,DESMATAMENTO_CR,2021-04-03,137,2021-01-16,-0.8752,-1.1729,0.2519,-7.4705,6,56.6064,1119,19.1314,1,2021-01-07,505,23,False,,,,-122_1
B_406,B,45777_hist,False,-61.6422,2.7838,13.3646,DESMATAMENTO_CR,2021-04-13,134,2020-09-14,-0.6559,-0.3801,0.1143,-4.1658,0,35.1884,1270,19.1314,1,,0,25,False,,,,-124_5
B_407,B,45787_hist,False,-61.6716,3.091,14.3751,DESMATAMENTO_CR,2021-04-12,134,2021-09-06,-1.0187,-1.0925,0.3191,-8.0821,5,26.3412,1340,19.1314,1,,0,21,False,,,,-124_6
B_408,B,45788_hist,False,-61.6066,3.1089,6.2133,DESMATAMENTO_CR,2021-04-12,134,2021-03-10,0.2787,0.2684,0.0476,2.7089,5,33.6196,580,19.1314,1,,0,25,False,,,,-124_6
B_409,B,4610_hist,False,-60.1082,2.7846,13.5244,DESMATAMENTO_CR,2021-08-26,97,2021-09-04,-1.2919,-1.3156,0.6483,-14.4499,0,44.7019,1283,19.1314,1,2021-04-13,765,21,False,,,,-121_5
B_410,B,46142_hist,False,-61.4709,2.9469,17.8621,DESMATAMENTO_CR,2021-04-15,186,2021-11-17,-0.1885,-0.1073,0.0327,-2.6154,4,20.8434,1712,19.1314,1,,0,30,False,,,,-123_5
B_411,B,46143_hist,False,-61.4765,2.9512,30.567,DESMATAMENTO_CR,2021-04-15,186,2021-04-03,0.0997,0.1864,0.0498,3.2235,4,22.464,2946,19.1314,1,,0,29,False,,,,-123_5
B_412,B,46292_hist,False,-59.7763,0.6004,51.6953,DESMATAMENTO_CR,2021-04-21,191,2021-10-04,-0.2432,-0.3777,0.0714,-4.1519,0,56.793,4971,19.1314,1,2021-02-11,1456,23,False,,,,-120_1
B_413,B,46293_hist,True,-59.9357,0.611,18.8565,DESMATAMENTO_CR,2021-04-21,138,2021-07-15,-0.2167,-0.2634,0.0586,-3.4105,5,41.1885,1788,19.1314,1,2021-03-20,268,23,False,,,,-120_1
B_414,B,46294_hist,False,-60.7991,1.423,13.056,DESMATAMENTO_CR,2021-04-21,137,2020-09-18,-0.5277,-0.5049,0.0809,-3.8808,6,34.9617,1249,19.1314,1,2021-02-16,273,23,False,,,,-122_2
B_415,B,46300_hist,False,-60.3646,0.5588,8.3144,DESMATAMENTO_CR,2021-04-21,137,2021-03-25,-0.9077,-0.8396,0.3012,-8.7658,1,45.956,780,19.1314,1,2021-02-28,499,26,True,2021-03-21,4.0,True,-121_1
B_416,B,46302_hist,True,-60.3375,0.6263,6.7696,DESMATAMENTO_CR,2021-04-21,182,2021-02-21,-0.1895,-0.36,0.0666,-3.9668,5,37.6658,619,19.1314,1,2021-02-16,289,26,False,,,,-121_1
B_417,B,46305_hist,True,-60.3011,0.6435,16.8685,DESMATAMENTO_CR,2021-04-21,182,2021-02-12,-0.5881,-0.743,0.256,-8.908,0,58.0087,1531,19.1314,1,2021-01-13,868,24,False,,,,-121_1
B_418,B,46311_hist,True,-60.4824,0.6572,11.4898,DESMATAMENTO_CR,2021-04-21,137,2021-09-13,-0.0614,-0.1757,0.0218,-1.7479,6,24.5546,1069,19.1314,1,2021-05-31,50,25,True,2021-04-05,161.0,False,-121_1
B_419,B,46314_hist,True,-60.3677,0.683,9.9389,DESMATAMENTO_CR,2021-04-21,182,2021-03-13,-0.1863,-0.4599,0.1041,-4.8601,1,42.5749,915,19.1314,1,2021-01-23,391,21,False,,,,-121_1
B_420,B,46315_hist,True,-60.4971,0.6847,9.465,DESMATAMENTO_CR,2021-04-21,137,2021-07-20,1.2949,0.5483,0.1826,5.6288,4,45.0265,873,19.1314,1,2021-01-01,289,27,False,,,,-121_1
B_421,B,46317_hist,True,-60.4971,0.7228,10.7758,DESMATAMENTO_CR,2021-04-21,137,2020-11-28,-0.6286,-0.9968,0.1785,-5.8973,7,53.0553,1007,19.1314,1,2021-01-01,539,24,False,,,,-121_1
B_422,B,46318_hist,True,-60.4862,0.6641,13.9699,DESMATAMENTO_CR,2021-04-21,137,2021-02-14,-0.502,-0.567,0.1927,-6.5634,4,36.8172,1304,19.1314,1,2021-01-07,665,23,False,,,,-121_1
B_423,B,46319_hist,True,-60.3584,0.665,25.6381,DESMATAMENTO_CR,2021-04-21,182,2021-04-25,0.1978,0.1472,0.0324,2.9097,0,29.1086,2478,19.1314,1,2021-01-07,296,25,False,,,,-121_1
B_424,B,46320_hist,True,-60.3371,0.6649,8.3081,DESMATAMENTO_CR,2021-04-21,182,2021-04-30,0.1266,0.154,0.0254,2.5762,1,34.9632,760,19.1314,1,2021-01-11,183,23,False,,,,-121_1
B_425,B,46322_hist,True,-60.3473,0.7169,8.5357,DESMATAMENTO_CR,2021-04-21,182,2020-12-16,-1.0182,-1.0774,0.2564,-8.6759,4,61.3288,754,19.1314,1,2021-01-01,440,26,False,,,,-121_1
B_426,B,46326_hist,True,-60.4155,0.7386,10.4188,DESMATAMENTO_CR,2021-04-21,137,2021-01-16,-0.3068,-0.4978,0.1165,-4.6376,6,36.7351,998,19.1314,1,2021-01-11,278,19,False,,,,-121_1
B_427,B,46327_hist,True,-60.2922,0.7401,7.7049,DESMATAMENTO_CR,2021-04-21,182,2021-03-20,-1.572,-1.7635,0.5132,-14.9526,0,54.5389,725,19.1314,1,2021-02-11,572,16,False,,,,-121_1
B_428,B,46329_hist,True,-60.2647,0.6865,10.542,DESMATAMENTO_CR,2021-04-21,182,2021-02-05,-0.043,-0.3541,0.0544,-2.9271,1,43.363,976,19.1314,1,2021-01-06,325,24,False,,,,-121_1
B_429,B,46331_hist,True,-60.4856,0.6972,18.8931,DESMATAMENTO_CR,2021-04-21,137,2021-02-17,-0.3431,-0.8462,0.2005,-6.0462,1,52.8124,1798,19.1314,1,2021-01-11,1111,25,False,,,,-121_1
B_430,B,46333_hist,True,-60.4206,0.7409,12.7019,DESMATAMENTO_CR,2021-04-21,137,2021-02-05,-0.7575,-0.7556,0.2237,-6.9075,1,38.8326,1192,19.1314,1,2021-01-31,560,17,False,,,,-121_1
B_431,B,46336_hist,True,-60.469,0.7112,7.311,DESMATAMENTO_CR,2021-04-21,137,2021-03-13,-0.5302,-0.9378,0.3037,-8.8143,1,44.526,683,19.1314,1,2021-02-16,512,23,False,,,,-121_1
B_432,B,46337_hist,True,-60.4706,0.7159,10.1788,DESMATAMENTO_CR,2021-04-21,137,2021-02-21,-1.2681,-1.7142,0.5449,-14.5124,6,45.1251,951,19.1314,1,2021-02-04,733,23,False,,,,-121_1
B_433,B,46338_hist,True,-60.3861,0.7142,38.0875,DESMATAMENTO_CR,2021-04-21,182,2021-02-12,-0.663,-0.8214,0.2907,-9.6081,0,55.799,3669,19.1314,1,2021-01-01,2451,23,False,,,,-121_1
B_434,B,46339_hist,True,-60.379,0.6956,20.1301,DESMATAMENTO_CR,2021-04-21,182,2020-09-21,-0.3112,-0.1929,0.0347,-3.0715,0,28.0418,1899,19.1314,1,2021-01-07,197,24,False,,,,-121_1
B_435,B,46340_hist,True,-60.3926,0.6925,7.1264,DESMATAMENTO_CR,2021-04-21,137,2021-07-11,-0.4638,-0.3159,0.1,-4.7441,1,34.1145,653,19.1314,1,2021-08-03,69,23,False,,,,-121_1
B_436,B,46341_hist,True,-60.4129,0.6872,7.0649,DESMATAMENTO_CR,2021-04-21,137,2021-04-30,0.3764,0.2334,0.0738,4.0106,1,44.3221,638,19.1314,1,2021-01-01,66,22,False,,,,-121_1
B_437,B,46342_hist,True,-60.4651,0.7844,42.4378,DESMATAMENTO_CR,2021-04-21,137,2020-09-18,-0.4621,-0.2271,0.0375,-2.5675,6,39.1026,4076,19.1314,1,2021-01-11,1510,25,True,2021-04-04,-198.0,False,-121_1
B_438,B,46343_hist,False,-60.5948,0.1913,8.4871,DESMATAMENTO_CR,2021-04-21,137,2020-08-21,-0.4871,-0.1623,0.0302,-2.4558,1,42.7483,805,19.1314,1,2021-02-18,216,23,False,,,,-122_0
B_439,B,46344_hist,False,-60.6754,0.203,12.8998,DESMATAMENTO_CR,2021-04-21,137,2021-09-13,-0.1585,-0.3225,0.0538,-2.9984,6,42.362,1222,19.1314,1,2021-03-02,259,21,True,2021-03-21,176.0,False,-122_0
B_440,B,46346_hist,True,-60.4951,0.7088,10.3573,DESMATAMENTO_CR,2021-04-21,137,2021-01-16,-1.0232,-1.1265,0.4398,-12.0987,6,53.6884,977,19.1314,1,2021-01-01,667,19,False,,,,-121_1
B_441,B,46347_hist,True,-60.4166,0.7078,8.4496,DESMATAMENTO_CR,2021-04-21,137,2020-09-23,-0.9341,-0.7591,0.1778,-6.3721,4,41.3708,793,19.1314,1,2021-01-01,348,23,False,,,,-121_1
B_442,B,46348_hist,False,-60.6702,0.5616,20.9798,DESMATAMENTO_CR,2021-04-21,137,2021-07-15,-1.4297,-1.7089,0.5025,-12.8145,6,57.3866,1919,19.1314,1,2021-03-20,1347,28,False,,,,-122_1
B_443,B,46349_hist,True,-60.387,0.695,26.4749,DESMATAMENTO_CR,2021-04-21,182,2020-09-21,-0.4237,-0.3251,0.0852,-4.9592,0,29.3328,2497,19.1314,1,2021-01-11,331,25,False,,,,-121_1
B_444,B,46350_hist,True,-60.2773,0.8567,25.477,DESMATAMENTO_CR,2021-04-21,182,2021-02-09,-0.5216,-0.6978,0.1797,-6.7919,5,48.5058,2411,19.1314,1,2021-01-01,872,22,False,,,,-121_1
B_445,B,46352_hist,True,-60.3121,0.8327,16.1294,DESMATAMENTO_CR,2021-04-21,182,2021-02-12,-1.1157,-1.6107,0.3535,-10.7674,0,65.1627,1493,19.1314,1,2021-01-19,1290,24,False,,,,-121_1
B_446,B,46353_hist,True,-60.2713,0.8383,12.6216,DESMATAMENTO_CR,2021-04-21,182,2021-02-02,-0.8832,-1.3678,0.3732,-11.2172,4,66.3998,1218,19.1314,1,2021-01-01,964,23,False,,,,-121_1
B_447,B,46354_hist,True,-60.4131,0.8805,10.6707,DESMATAMENTO_CR,2021-04-21,182,2021-11-05,-0.9958,-0.8034,0.2473,-9.0584,4,38.7619,1006,19.1314,1,2021-03-12,558,20,False,,,,-121_1
B_448,B,46360_hist,True,-60.2904,0.8709,18.8308,DESMATAMENTO_CR,2021-04-21,182,2021-02-12,-1.1099,-1.2999,0.348,-11.0832,0,56.7599,1793,19.1314,1,2021-01-30,1303,21,False,,,,-121_1
B_449,B,46361_hist,False,-60.7013,0.228,37.6962,DESMATAMENTO_CR,2021-04-21,137,2021-03-17,-0.7173,-0.6083,0.3328,-9.613,6,28.4141,3639,19.1314,1,2021-05-11,125,23,False,,,,-122_0
B_450,B,46366_hist,True,-60.442,0.9309,10.8429,DESMATAMENTO_CR,2021-04-21,137,2021-10-03,-1.2602,-1.3281,0.3471,-9.4708,1,36.3798,1012,19.1314,1,2021-02-16,219,21,False,,,,-121_1
B_451,B,46368_hist,True,-60.484,0.9732,9.532,DESMATAMENTO_CR,2021-04-21,137,2021-10-07,-0.6202,-0.5735,0.153,-5.8585,6,32.6095,895,19.1314,1,2021-04-05,128,24,False,,,,-121_1
B_452,B,46369_hist,True,-60.2794,0.9772,10.2766,DESMATAMENTO_CR,2021-04-21,182,2021-09-13,-0.505,-0.7028,0.1726,-6.9268,5,39.5011,951,19.1314,1,2021-03-19,293,21,True,2021-03-24,173.0,False,-121_1
B_453,B,46370_hist,True,-60.2789,0.9746,11.8766,DESMATAMENTO_CR,2021-04-21,182,2021-09-09,-0.7189,-0.7863,0.2806,-9.5622,1,43.3177,1107,19.1314,1,2021-04-17,395,23,True,2021-03-24,169.0,False,-121_1
B_454,B,46372_hist,True,-60.3327,0.9887,11.5012,DESMATAMENTO_CR,2021-04-21,182,2021-10-31,-0.4808,-0.4799,0.0791,-4.5082,5,54.4056,1065,19.1314,1,2021-02-16,267,26,False,,,,-121_1
B_455,B,46373_hist,True,-60.3314,0.987,4.2829,DESMATAMENTO_CR,2021-04-21,182,2021-12-18,-0.4733,-0.7618,0.0577,-3.7823,5,52.5239,367,19.1314,1,2021-02-04,23,22,False,,,,-121_1
B_456,B,46375_hist,True,-60.3204,0.9644,7.2367,DESMATAMENTO_CR,2021-04-21,182,2020-10-08,-0.6755,-0.4013,0.0895,-4.8044,1,50.2901,665,19.1314,1,2021-01-06,339,23,False,,,,-121_1
B_457,B,46378_hist,True,-60.2875,0.9652,18.7749,DESMATAMENTO_CR,2021-04-21,182,2021-10-07,-0.9875,-1.0566,0.3175,-10.3928,5,50.4409,1837,19.1314,1,2021-03-20,1020,25,True,2021-04-02,188.0,False,-121_1
B_458,B,46384_hist,True,-60.4722,0.9312,6.6276,DESMATAMENTO_CR,2021-04-21,137,2021-02-02,-0.8382,-0.9983,0.3114,-8.9443,4,39.5086,594,19.1314,1,2021-01-23,148,23,False,,,,-121_1
B_459,B,46386_hist,True,-60.3336,0.9381,10.3075,DESMATAMENTO_CR,2021-04-21,182,2021-02-09,-0.9078,-1.2046,0.3307,-10.3938,5,60.0571,995,19.1314,1,2021-01-07,706,27,False,,,,-121_1
B_460,B,46389_hist,True,-60.5821,0.649,36.8634,DESMATAMENTO_CR,2021-04-21,137,2021-03-10,0.336,0.1878,0.0794,4.3676,4,36.3625,3585,19.1314,1,2021-01-11,199,19,False,,,,-122_1
B_461,B,46393_hist,True,-60.5671,0.6871,11.8528,DESMATAMENTO_CR,2021-04-21,137,2021-05-09,-0.3616,-0.6937,0.2011,-6.2495,4,37.031,1112,19.1314,1,2021-03-12,390,26,False,,,,-122_1
B_462,B,46394_hist,True,-60.5323,0.6873,17.6192,DESMATAMENTO_CR,2021-04-21,137,2021-01-16,-0.6338,-0.7469,0.1958,-6.4791,6,50.4837,1649,19.1314,1,2021-01-23,569,25,False,,,,-122_1
B_463,B,46398_hist,True,-60.4535,1.0559,7.8704,DESMATAMENTO_CR,2021-04-21,182,2021-02-09,-0.7899,-0.8776,0.2836,-9.8816,5,37.1473,718,19.1314,1,2021-02-28,44,26,False,,,,-121_2
B_464,B,46401_hist,True,-60.4306,1.0761,69.9404,DESMATAMENTO_CR,2021-04-21,182,2021-06-02,-0.3461,-0.4666,0.2019,-7.6614,4,37.3137,6807,19.1314,1,2021-03-14,1971,25,False,,,,-121_2
B_465,B,46406_hist,False,-60.6027,0.6459,8.8374,DESMATAMENTO_CR,2021-04-21,137,2021-05-09,-1.0528,-1.0691,0.3763,-10.1274,4,39.7066,800,19.1314,1,2021-05-11,152,21,False,,,,-122_1
B_466,B,46407_hist,True,-60.5084,0.7096,8.1295,DESMATAMENTO_CR,2021-04-21,137,2021-01-12,-0.4567,-1.2752,0.1463,-4.7178,1,60.7874,754,19.1314,1,2021-01-07,474,22,False,,,,-122_1
B_467,B,46409_hist,True,-60.4729,1.0083,22.2453,DESMATAMENTO_CR,2021-04-21,137,2021-03-29,0.1072,0.1896,0.0305,2.2159,6,25.6844,2098,19.1314,1,2021-04-17,128,23,False,,,,-121_2
B_468,B,46416_hist,True,-60.4823,1.2112,6.4178,DESMATAMENTO_CR,2021-04-21,182,2021-03-20,-1.3322,-1.486,0.4649,-13.9042,0,58.2984,578,19.1314,1,2021-01-01,453,23,False,,,,-121_2
B_469,B,46417_hist,True,-60.5866,0.7641,15.625,DESMATAMENTO_CR,2021-04-21,137,2021-07-20,-1.1832,-1.2032,0.4175,-10.9541,4,41.4646,1489,19.1314,1,2021-03-14,949,22,False,,,,-122_1
B_470,B,46418_hist,True,-60.5507,0.7752,8.7448,DESMATAMENTO_CR,2021-04-21,137,2021-05-16,-0.4549,-0.6173,0.1446,-5.2644,6,32.2624,806,19.1314,1,2021-02-12,265,26,False,,,,-122_1
B_471,B,46419_hist,False,-60.6649,0.8055,11.4956,DESMATAMENTO_CR,2021-04-21,137,2020-12-10,-0.4548,-1.0151,0.1288,-4.6089,7,62.1354,1078,19.1314,1,2021-01-01,633,24,False,,,,-122_1
B_472,B,46420_hist,False,-60.6395,0.82,13.2925,DESMATAMENTO_CR,2021-04-21,137,2021-07-15,-1.0138,-1.0628,0.3911,-10.7567,6,46.4667,1268,19.1314,1,2021-03-02,660,24,False,,,,-122_1
B_473,B,46423_hist,True,-60.5228,0.7969,16.4864,DESMATAMENTO_CR,2021-04-21,137,2021-02-09,-1.1282,-1.4691,0.4158,-10.7417,6,57.1234,1538,19.1314,1,2021-01-07,1174,27,False,,,,-122_1
B_474,B,46427_hist,True,-60.3668,1.2694,10.7925,DESMATAMENTO_CR,2021-04-21,182,2021-01-31,-0.9473,-1.3119,0.3543,-11.0315,0,52.7695,1013,19.1314,1,2021-01-13,530,21,False,,,,-121_2
B_475,B,46428_hist,True,-60.5007,0.822,8.5416,DESMATAMENTO_CR,2021-04-21,137,2021-01-16,-0.6199,-1.013,0.2097,-6.3516,6,60.4172,813,19.1314,1,2021-01-07,491,23,False,,,,-122_1
B_476,B,46429_hist,True,-60.5528,0.8785,6.6769,DESMATAMENTO_CR,2021-04-21,137,2021-07-23,-0.6015,-0.7138,0.2155,-7.0322,1,41.5561,617,19.1314,1,2021-02-06,292,23,False,,,,-122_1
B_477,B,46431_hist,False,-60.2709,1.5358,6.6753,DESMATAMENTO_CR,2021-04-21,138,2021-12-06,-1.2071,-2.2626,0.1049,-4.1719,5,59.2978,617,19.1314,1,2021-01-06,165,20,False,,,,-121_3
B_478,B,46432_hist,False,-60.2695,1.5473,6.9583,DESMATAMENTO_CR,2021-04-21,138,2021-03-17,-1.0022,-1.6735,0.1287,-4.6291,5,64.0137,640,19.1314,1,2021-02-06,445,21,False,,,,-121_3
B_479,B,46434_hist,False,-60.256,1.5472,6.3738,DESMATAMENTO_CR,2021-04-21,138,2021-01-28,-1.5158,-2.0151,0.2255,-6.5585,5,63.0996,591,19.1314,1,2021-01-06,447,17,False,,,,-121_3
B_480,B,46436_hist,True,-60.5912,1.0935,64.205,DESMATAMENTO_CR,2021-04-21,137,2021-02-09,-0.3284,-0.5429,0.1821,-5.9651,6,32.3707,6247,19.1314,1,2021-01-31,982,26,False,,,,-122_2
B_481,B,46438_hist,True,-60.4287,1.3017,17.3883,DESMATAMENTO_CR,2021-04-21,182,2021-12-11,-0.912,-1.3274,0.1504,-6.3022,4,63.2299,1666,19.1314,1,2021-03-14,855,18,False,,,,-121_2
B_482,B,46439_hist,True,-60.4372,1.29,13.9366,DESMATAMENTO_CR,2021-04-21,182,2021-09-13,-0.4587,-0.6878,0.1633,-6.6611,5,50.2304,1338,19.1314,1,2021-01-01,533,18,False,,,,-121_2
B_483,B,46440_hist,True,-60.4331,1.295,8.0481,DESMATAMENTO_CR,2021-04-21,182,2021-07-18,-0.4399,-0.8093,0.1564,-6.3076,0,59.4167,758,19.1314,1,2021-01-06,457,20,False,,,,-121_2
B_484,B,46442_hist,False,-60.3161,1.3375,16.6621,DESMATAMENTO_CR,2021-04-21,182,2021-09-06,-0.5226,-0.6264,0.1637,-6.6527,4,47.7056,1552,19.1314,1,2021-03-07,406,23,False,,,,-121_2
B_485,B,46445_hist,False,-60.26,2.3075,28.762,DESMATAMENTO_CR,2021-04-21,97,2021-05-19,0.327,0.2423,0.1042,3.3979,0,54.5406,2757,19.1314,1,2021-01-07,766,19,False,,,,-121_4
B_486,B,46447_hist,False,-60.3261,2.5412,7.2124,DESMATAMENTO_CR,2021-04-21,97,2021-02-06,-0.3524,-0.4181,0.0908,-3.2753,11,48.3194,663,19.1314,1,2021-01-18,385,23,False,,,,-121_5
B_487,B,46448_hist,True,-60.4037,1.3039,13.2597,DESMATAMENTO_CR,2021-04-21,182,2021-09-13,-0.7302,-0.9926,0.2926,-9.7985,5,51.2329,1235,19.1314,1,2021-04-07,827,21,False,,,,-121_2
B_488,B,46452_hist,True,-60.494,0.8064,10.9048,DESMATAMENTO_CR,2021-04-21,137,2021-02-02,-0.9783,-1.3126,0.3591,-9.5801,4,52.2457,972,19.1314,1,2021-01-01,801,27,False,,,,-121_1
B_489,B,46456_hist,False,-60.6853,1.3229,11.3706,DESMATAMENTO_CR,2021-04-21,137,2021-04-10,-0.9508,-1.2633,0.3067,-8.3285,6,44.8058,1071,19.1314,1,2021-04-01,366,24,True,2021-03-21,20.0,True,-122_2
B_490,B,46458_hist,True,-60.5087,0.9336,8.6645,DESMATAMENTO_CR,2021-04-21,137,2021-02-05,-1.4035,-1.2841,0.3875,-10.2455,1,65.7451,808,19.1314,1,2021-01-07,659,25,False,,,,-122_1
B_491,B,46459_hist,True,-60.5086,0.8757,8.4615,DESMATAMENTO_CR,2021-04-21,137,2020-08-01,-0.5236,-0.3756,0.0323,-2.514,6,44.4573,791,19.1314,1,2021-02-16,155,20,False,,,,-122_1
B_492,B,46468_hist,True,-60.5643,0.795,14.5172,DESMATAMENTO_CR,2021-04-21,137,2020-09-18,-0.7105,-0.7478,0.1691,-5.9954,6,35.6271,1359,19.1314,1,2021-01-07,233,21,False,,,,-122_1
B_493,B,46470_hist,True,-60.207,0.6358,9.6743,DESMATAMENTO_CR,2021-04-21,182,2021-01-19,-0.2084,-0.3687,0.056,-3.629,0,52.2783,904,19.1314,1,2021-01-06,469,21,False,,,,-121_1
B_494,B,46471_hist,True,-60.2568,0.8314,12.3632,DESMATAMENTO_CR,2021-04-21,182,2021-05-07,0.3243,0.1643,0.0436,3.2126,0,50.4216,1170,19.1314,1,2021-01-01,243,23,False,,,,-121_1
B_495,B,46474_hist,True,-60.2202,0.6466,13.096,DESMATAMENTO_CR,2021-04-21,182,2021-02-12,-0.1615,-0.6178,0.1613,-5.8582,0,52.5487,1242,19.1314,1,2021-01-25,706,21,False,,,,-121_1
B_496,B,46479_hist,False,-60.1869,0.5998,11.6991,DESMATAMENTO_CR,2021-04-21,182,2020-09-23,-0.5249,-0.6941,0.0886,-4.662,4,52.9293,1092,19.1314,1,2021-01-06,140,24,False,,,,-121_1
B_497,B,46483_hist,True,-60.0174,0.6162,24.1183,DESMATAMENTO_CR,2021-04-21,138,2020-12-02,-0.22,-0.6405,0.128,-4.5301,0,55.7189,2257,19.1314,1,2021-01-01,911,18,False,,,,-121_1
B_498,B,46487_hist,True,-60.5485,0.7716,10.6895,DESMATAMENTO_CR,2021-04-21,137,2021-07-11,-0.0324,-0.3262,0.0276,-1.632,1,31.1087,996,19.1314,1,2021-03-08,260,28,False,,,,-122_1
B_499,B,46489_hist,True,-60.3023,0.8272,12.5601,DESMATAMENTO_CR,2021-04-21,182,2021-02-05,-0.7562,-0.998,0.2369,-8.0598,1,53.1544,1177,19.1314,1,2021-01-13,787,25,False,,,,-121_1
B_500,B,46490_hist,True,-60.2044,0.6084,25.1214,DESMATAMENTO_CR,2021-04-21,182,2021-09-18,0.3013,0.1361,0.0333,2.8622,4,52.1531,2408,19.1314,1,2021-01-18,578,19,False,,,,-121_1
B_501,B,46492_hist,True,-60.0409,0.6301,11.2375,DESMATAMENTO_CR,2021-04-21,138,2020-09-18,-0.2764,-0.1911,0.0227,-2.1879,5,32.1755,1070,19.1314,1,2021-02-06,102,23,False,,,,-121_1
B_502,B,46494_hist,True,-60.5013,0.7174,7.8464,DESMATAMENTO_CR,2021-04-21,137,2021-07-02,0.5029,0.377,0.079,3.8402,7,46.68,734,19.1314,1,2021-01-01,209,25,False,,,,-122_1
B_503,B,46495_hist,True,-60.0204,0.7273,14.579,DESMATAMENTO_CR,2021-04-21,138,2021-06-09,-0.0999,-0.3351,0.0702,-3.1981,5,47.8339,1378,19.1314,1,2021-03-02,250,23,False,,,,-121_1
B_504,B,46496_hist,True,-60.0084,0.7154,25.244,DESMATAMENTO_CR,2021-04-21,138,2021-01-31,-0.4463,-0.7765,0.2753,-8.0699,0,52.1494,2436,19.1314,1,2021-01-13,1149,21,False,,,,-121_1
B_505,B,46497_hist,True,-60.5222,0.7132,6.9479,DESMATAMENTO_CR,2021-04-21,137,2020-12-04,-0.5621,-0.5786,0.1365,-5.2819,4,34.6796,608,19.1314,1,2021-01-07,143,25,False,,,,-122_1
B_506,B,46498_hist,True,-60.3791,0.8118,15.0094,DESMATAMENTO_CR,2021-04-21,182,2021-02-17,-0.2312,-0.411,0.083,-4.3583,1,57.4682,1425,19.1314,1,2021-02-11,521,25,False,,,,-121_1
B_507,B,46504_hist,True,-60.5157,0.7149,10.5973,DESMATAMENTO_CR,2021-04-21,137,2021-05-16,-0.322,-0.3013,0.1134,-5.1963,6,29.5321,960,19.1314,1,2021-03-24,160,20,False,,,,-122_1
B_508,B,46505_hist,True,-60.0909,0.7751,21.9697,DESMATAMENTO_CR,2021-04-21,138,2021-04-13,-1.0364,-1.1365,0.4635,-12.6474,0,49.1654,2097,19.1314,1,2021-02-11,1566,25,False,,,,-121_1
B_509,B,46508_hist,True,-60.1822,0.7537,17.7666,DESMATAMENTO_CR,2021-04-21,182,2021-02-12,-0.3596,-0.7436,0.1552,-5.9907,0,44.8697,1706,19.1314,1,2021-01-30,598,22,False,,,,-121_1
B_510,B,46509_hist,True,-60.0774,0.7568,10.708,DESMATAMENTO_CR,2021-04-21,138,2021-03-08,-0.5475,-1.3339,0.3153,-8.5043,0,54.9854,1027,19.1314,1,2021-01-01,716,22,False,,,,-121_1
B_511,B,46519_hist,True,-60.0955,0.7414,19.2252,DESMATAMENTO_CR,2021-04-21,138,2021-02-12,-0.3571,-0.9066,0.2332,-6.6552,0,51.7879,1822,19.1314,1,2021-01-07,1219,25,False,,,,-121_1
B_512,B,46521_hist,False,-60.6416,0.6905,25.2072,DESMATAMENTO_CR,2021-04-21,137,2021-12-06,-1.5243,-1.6267,0.2483,-7.2518,6,54.5771,2416,19.1314,1,2021-01-01,1313,22,False,,,,-122_1
B_513,B,46522_hist,False,-60.636,0.6977,22.2778,DESMATAMENTO_CR,2021-04-21,137,2021-06-02,-0.3736,-0.5531,0.1487,-5.296,4,33.5911,2111,19.1314,1,2021-04-13,258,25,False,,,,-122_1
B_514,B,46531_hist,True,-60.0829,0.7626,6.8248,DESMATAMENTO_CR,2021-04-21,138,2021-02-12,-0.5898,-0.8832,0.2331,-7.3336,0,49.8509,644,19.1314,1,2021-02-11,446,20,False,,,,-121_1
B_515,B,46532_hist,True,-60.0907,0.7636,9.7541,DESMATAMENTO_CR,2021-04-21,138,2021-01-07,-0.3114,-0.9606,0.1646,-5.1906,0,51.1106,916,19.1314,1,2021-01-01,332,19,False,,,,-121_1
B_516,B,46533_hist,True,-60.2332,1.1501,16.6817,DESMATAMENTO_CR,2021-04-21,182,2021-12-11,-0.6202,-0.8446,0.1479,-6.4714,4,41.209,1601,19.1314,1,2021-03-26,155,25,False,,,,-121_2
B_517,B,46534_hist,True,-60.1883,0.8638,7.4154,DESMATAMENTO_CR,2021-04-21,182,2021-02-09,-0.9486,-1.3643,0.3351,-10.3038,5,54.3719,678,19.1314,1,2021-01-13,454,24,False,,,,-121_1
B_518,B,46535_hist,True,-60.2144,0.8736,7.6861,DESMATAMENTO_CR,2021-04-21,182,2021-02-12,-0.4524,-0.6489,0.1784,-6.9465,0,51.2646,733,19.1314,1,2021-02-18,314,21,False,,,,-121_1
B_519,B,46537_hist,True,-60.0775,0.9512,6.9352,DESMATAMENTO_CR,2021-04-21,138,2021-12-21,-0.8221,-1.4123,0.2253,-7.4842,0,36.5415,662,19.1314,1,2021-03-20,199,21,False,,,,-121_1
B_520,B,46538_hist,True,-60.1588,0.9393,12.0859,DESMATAMENTO_CR,2021-04-21,138,2020-10-03,-0.7245,-0.6359,0.1519,-5.8509,0,55.3038,1167,19.1314,1,2021-02-11,446,29,False,,,,-121_1
B_521,B,46539_hist,True,-60.2299,0.9451,11.6059,DESMATAMENTO_CR,2021-04-21,182,2021-02-02,-0.8699,-1.1017,0.2533,-8.5318,4,60.5001,1087,19.1314,1,2021-01-01,800,20,False,,,,-121_1
B_522,B,46540_hist,True,-60.2462,0.8436,7.2677,DESMATAMENTO_CR,2021-04-21,182,2021-03-25,-0.6182,-0.7579,0.2741,-9.6035,1,36.2952,670,19.1314,1,2021-03-12,290,21,False,,,,-121_1
B_523,B,46542_hist,True,-60.2367,0.8505,7.9077,DESMATAMENTO_CR,2021-04-21,182,2021-02-12,-0.6871,-0.9676,0.2964,-9.9205,0,46.862,747,19.1314,1,2021-01-30,433,24,False,,,,-121_1
B_524,B,46547_hist,True,-60.2091,0.8691,6.3385,DESMATAMENTO_CR,2021-04-21,182,2021-02-12,-0.4345,-0.645,0.1825,-7.1127,0,48.4979,594,19.1314,1,2021-01-30,213,22,False,,,,-121_1
B_525,B,46551_hist,True,-60.2292,1.0449,6.9289,DESMATAMENTO_CR,2021-04-21,182,2021-09-13,-0.7199,-0.6915,0.2148,-8.1525,5,48.3709,615,19.1314,1,2021-03-14,166,26,True,2021-03-21,176.0,False,-121_2
B_526,B,46556_hist,True,-60.0826,1.0805,9.5133,DESMATAMENTO_CR,2021-04-21,138,2021-10-07,-0.6566,-0.5127,0.16,-6.2317,5,40.3299,890,19.1314,1,2021-03-14,61,23,False,,,,-121_2
B_527,B,46557_hist,True,-60.2431,1.1137,46.4951,DESMATAMENTO_CR,2021-04-21,182,2021-10-31,-0.3926,-0.3969,0.1047,-5.408,5,23.5361,4566,19.1314,1,2021-12-20,31,26,False,,,,-121_2
B_528,B,46558_hist,True,-60.0727,1.1933,18.2997,DESMATAMENTO_CR,2021-04-21,138,2021-02-24,-0.5706,-0.6864,0.2122,-6.7815,0,46.5135,1690,19.1314,1,2021-01-18,984,23,False,,,,-121_2
B_529,B,46560_hist,True,-60.0852,1.1456,24.0411,DESMATAMENTO_CR,2021-04-21,138,2021-10-07,-0.9076,-0.8776,0.2195,-6.9217,5,48.0664,2308,19.1314,1,2021-01-01,890,23,False,,,,-121_2
B_530,B,46562_hist,True,-60.1798,1.1822,17.9121,DESMATAMENTO_CR,2021-04-21,138,2021-12-12,-0.4682,-0.4691,0.0719,-3.787,5,46.5639,1703,19.1314,1,2021-02-18,211,26,False,,,,-121_2
B_531,B,46573_hist,True,-60.0776,1.2287,7.8453,DESMATAMENTO_CR,2021-04-21,138,2021-12-12,-0.9153,-0.6398,0.1188,-5.2582,5,36.7084,711,19.1314,1,2021-03-14,107,22,False,,,,-121_2
B_532,B,46575_hist,True,-60.0459,1.2574,5.9562,DESMATAMENTO_CR,2021-04-21,138,2021-10-07,-0.9813,-0.6572,0.2168,-7.3847,5,48.0037,552,19.1314,1,2021-03-14,207,31,False,,,,-121_2
B_533,B,46602_hist,False,-60.0291,1.354,20.1383,DESMATAMENTO_CR,2021-04-21,138,2021-04-04,0.2371,0.183,0.0596,3.5138,5,39.4939,1920,19.1314,1,2021-01-01,74,27,False,,,,-121_2
B_534,B,48247_hist,False,-61.6776,2.3648,35.0149,DESMATAMENTO_CR,2021-05-08,134,2020-09-29,-0.8388,-1.1266,0.1655,-5.1656,5,28.3001,3343,19.1314,1,,0,23,False,,,,-124_4
B_535,B,51483_hist,False,-61.6938,3.8688,14.0504,DESMATAMENTO_CR,2021-05-24,134,2021-04-30,0.2401,0.2815,0.1177,4.6938,0,46.33,1362,19.1314,1,2021-01-11,155,33,False,,,,-124_7
B_536,B,51484_hist,False,-60.3434,1.6903,8.5512,DESMATAMENTO_CR,2021-05-24,182,2021-04-18,-0.6508,-0.584,0.2386,-8.9021,1,38.0963,804,19.1314,1,2021-03-14,520,20,False,,,,-121_3
B_537,B,51485_hist,False,-60.4688,1.8875,6.7849,DESMATAMENTO_CR,2021-05-24,182,2021-12-11,-0.6744,-1.0167,0.1287,-5.7984,4,39.413,628,19.1314,1,2021-02-18,121,24,False,,,,-121_3
B_538,B,56738_hist,False,-59.4353,1.0858,10.0855,DESMATAMENTO_CR,2021-06-06,98,2021-02-09,-0.2961,-0.0831,0.0576,-2.2722,4,53.9075,928,19.1314,1,2021-02-11,310,22,False,,,,-119_2
B_539,B,56992_hist,False,-61.5539,3.9499,9.5482,DESMATAMENTO_CR,2021-06-08,134,2021-08-19,-1.3307,-1.2971,0.4878,-11.7707,5,50.6457,887,19.1314,1,2021-06-28,371,25,False,,,,-124_7
B_540,B,57644_hist,False,-60.6314,0.2246,7.8162,DESMATAMENTO_CR,2021-06-12,137,2021-09-18,-0.4984,-0.2959,0.0695,-3.7241,4,38.7161,719,19.1314,1,2021-03-12,306,23,False,,,,-122_0
B_541,B,57651_hist,True,-60.5481,0.6502,7.6311,DESMATAMENTO_CR,2021-06-12,137,2021-12-06,-0.4635,-0.7626,0.0998,-4.2601,6,32.0695,711,19.1314,1,2021-04-29,14,25,False,,,,-122_1
B_542,B,57654_hist,True,-59.9989,0.6538,6.3265,DESMATAMENTO_CR,2021-06-12,138,2021-06-12,-0.6407,-0.8087,0.2636,-8.1935,0,48.6172,583,19.1314,1,2021-02-06,245,24,False,,,,-120_1
B_543,B,57657_hist,True,-60.0962,0.7755,12.6526,DESMATAMENTO_CR,2021-06-12,138,2021-09-13,-0.382,-0.5315,0.1013,-4.3552,5,44.7946,1197,19.1314,1,2021-01-25,134,26,True,2021-05-20,116.0,False,-121_1
B_544,B,57660_hist,False,-59.6624,0.6336,18.7025,DESMATAMENTO_CR,2021-06-12,191,2021-02-09,-0.1069,-0.6293,0.0933,-3.9452,4,55.0349,1752,19.1314,1,2021-01-06,907,24,False,,,,-120_1
B_545,B,57661_hist,True,-60.5785,0.6635,11.1944,DESMATAMENTO_CR,2021-06-12,137,2021-07-15,-0.793,-1.5444,0.2784,-7.4182,6,53.8999,1047,19.1314,1,2021-01-23,325,20,False,,,,-122_1
B_546,B,57662_hist,True,-60.5528,0.7086,13.102,DESMATAMENTO_CR,2021-06-12,137,2021-05-16,-0.69,-0.5958,0.3052,-9.1126,6,28.521,1211,19.1314,1,2021-02-04,180,30,False,,,,-122_1
B_547,B,57664_hist,False,-60.6265,0.806,12.3387,DESMATAMENTO_CR,2021-06-12,137,2021-06-09,-0.5913,-0.6696,0.2813,-8.4992,6,22.8678,1165,19.1314,1,2021-05-19,202,22,False,,,,-122_1
B_548,B,57671_hist,False,-59.6226,0.7116,9.108,DESMATAMENTO_CR,2021-06-12,98,2021-06-15,-0.521,-0.7894,0.3485,-7.7821,7,57.7797,848,19.1314,1,2021-01-14,239,19,False,,,,-120_1
B_549,B,57673_hist,False,-60.5419,0.0031,12.3829,DESMATAMENTO_CR,2021-06-12,96,2021-03-16,-0.6635,-0.6189,0.3178,-6.9431,7,36.3596,1113,19.1314,1,2021-01-23,568,17,False,,,,-122_0
B_550,B,57674_hist,False,-60.533,0.0353,11.9952,DESMATAMENTO_CR,2021-06-12,96,2021-12-17,0.6508,0.3592,0.1137,3.537,7,44.7065,1112,19.1314,1,2021-01-07,371,18,False,,,,-122_0
B_551,B,57675_hist,False,-60.5415,0.0463,6.4315,DESMATAMENTO_CR,2021-06-12,96,2021-09-12,-0.1928,-0.2974,0.0492,-2.3968,7,45.653,605,19.1314,1,2021-04-01,136,17,False,,,,-122_0
B_552,B,57676_hist,False,-60.5477,0.049,34.5331,DESMATAMENTO_CR,2021-06-12,96,2021-09-12,-0.197,-0.3579,0.0776,-2.8902,7,48.7799,3352,19.1314,1,2021-02-04,773,15,False,,,,-122_0
B_553,B,5768_hist,False,-61.9642,3.6699,28.9116,DESMATAMENTO_CR,2021-09-03,134,2021-11-23,0.4474,0.3601,0.179,6.4424,5,38.5218,2785,19.1314,1,,0,26,False,,,,-124_7
B_554,B,58669_hist,True,-60.427,1.3002,23.4121,DESMATAMENTO_CR,2021-06-20,182,2021-08-25,-0.678,-0.9809,0.2459,-8.5293,4,53.7083,2241,19.1314,1,2021-01-01,1344,18,False,,,,-121_2
B_555,B,58671_hist,False,-60.8043,1.8582,7.8307,DESMATAMENTO_CR,2021-06-20,137,2021-02-09,-0.2328,-0.4273,0.1088,-4.3067,6,30.3003,748,19.1314,1,2021-01-31,377,22,False,,,,-122_3
B_556,B,61184_hist,False,-59.3726,0.8914,6.4984,DESMATAMENTO_CR,2021-06-26,98,2021-02-27,-0.7644,-0.9193,0.4103,-8.887,7,52.8078,624,19.1314,1,2021-01-30,333,21,False,,,,-119_1
B_557,B,66540_hist,False,-61.4755,2.3624,20.4223,DESMATAMENTO_CR,2021-07-10,186,2021-07-14,-0.6202,-0.3427,0.1332,-5.468,6,36.9445,1991,19.1314,1,2021-07-22,288,52,False,,,,-123_4
B_558,B,66542_hist,False,-63.526,3.7054,10.208,DESMATAMENTO_CR,2021-07-10,91,2021-05-23,-1.5464,-2.7722,0.7166,-15.9044,11,57.2689,948,19.1314,1,2021-01-28,765,16,False,,,,-128_7
B_559,B,66673_hist,True,-59.8815,0.6446,21.2688,DESMATAMENTO_CR,2021-07-11,191,2021-09-13,-0.7823,-1.2978,0.3627,-11.3558,4,42.3536,2045,19.1314,1,2021-02-11,1390,21,False,,,,-120_1
B_560,B,66674_hist,True,-59.9339,0.8073,17.6003,DESMATAMENTO_CR,2021-07-11,138,2021-09-16,-0.2352,-0.4419,0.1036,-4.3783,0,37.6115,1692,19.1314,1,2021-03-20,501,25,False,,,,-120_1
B_561,B,67334_hist,False,-60.3895,2.9207,22.3619,DESMATAMENTO_CR,2021-07-13,98,2021-09-10,-2.0099,-2.654,0.6727,-14.7699,11,52.6628,2150,19.1314,1,2021-05-19,1467,24,False,,,,-121_5
B_562,B,6753_hist,False,-61.487,2.3099,8.8555,DESMATAMENTO_CR,2021-09-09,227,2021-12-11,-0.6119,-1.0715,0.1003,-5.3315,4,34.8171,822,19.1314,1,,0,40,False,,,,-123_4
B_563,B,6754_hist,False,-61.4734,2.3609,11.4687,DESMATAMENTO_CR,2021-09-09,186,2021-09-30,-0.6459,-0.4242,0.2349,-8.0662,4,37.7323,1077,19.1314,1,2021-08-03,42,51,False,,,,-123_4
B_564,B,6992_hist,False,-61.2988,2.5418,8.4667,DESMATAMENTO_CR,2021-09-12,96,2021-03-16,-0.4361,-0.477,0.2226,-5.6446,7,28.9502,765,19.1314,1,2021-01-07,190,50,False,,,,-123_5
B_565,B,6997_hist,False,-59.4653,1.0296,10.2088,DESMATAMENTO_CR,2021-09-12,98,2021-10-01,-1.2094,-2.002,0.5078,-10.2377,7,52.4383,976,19.1314,1,2021-01-14,876,23,False,,,,-119_2
B_566,B,7002_hist,False,-59.5104,1.0015,14.5718,DESMATAMENTO_CR,2021-09-12,98,2021-09-19,-1.3652,-1.5336,0.5058,-10.1852,7,45.2052,1386,19.1314,1,2021-08-22,1116,23,False,,,,-120_2
B_567,B,7011_hist,False,-59.5581,0.9253,13.0644,DESMATAMENTO_CR,2021-09-12,98,2021-10-01,-1.4631,-1.7266,0.5591,-11.4863,7,45.9875,1201,19.1314,1,2021-09-11,1052,22,True,2021-09-12,19.0,False,-120_1
B_568,B,71885_hist,False,-60.7049,2.488,16.0547,DESMATAMENTO_CR,2021-07-22,141,2021-09-06,-2.212,-2.5833,0.6772,-17.6074,4,53.0432,1541,19.1314,1,2021-04-24,925,23,False,,,,-122_4
B_569,B,71888_hist,True,-60.3147,0.8308,9.717,DESMATAMENTO_CR,2021-07-22,182,2021-02-09,-0.8253,-1.2371,0.2691,-8.7485,5,64.4432,929,19.1314,1,2021-01-11,858,26,False,,,,-121_1
B_570,B,71889_hist,False,-61.5608,2.1902,11.5131,DESMATAMENTO_CR,2021-07-22,227,2021-07-27,-0.3679,-0.5739,0.0988,-5.395,6,40.7108,1091,19.1314,1,,0,28,False,,,,-124_4
B_571,B,84584_hist,False,-61.7314,2.3091,24.0698,DESMATAMENTO_CR,2021-08-20,134,2021-03-28,0.4078,0.2928,0.1282,4.4369,5,33.1471,2316,19.1314,1,,0,26,False,,,,-124_4
B_572,B,84585_hist,True,-59.8884,0.6496,27.2936,DESMATAMENTO_CR,2021-08-20,191,2021-09-19,-0.6809,-1.2517,0.2958,-9.532,5,61.307,2646,19.1314,1,2021-01-06,2297,22,False,,,,-120_1
B_573,B,84586_hist,False,-60.5515,-0.0061,8.8441,DESMATAMENTO_CR,2021-08-20,96,2021-09-12,-0.7008,-0.6805,0.2432,-5.7865,7,29.2228,830,19.1314,1,2021-07-30,273,20,False,,,,-122_-1
B_574,B,84587_hist,False,-59.8176,0.67,8.5727,DESMATAMENTO_CR,2021-08-20,191,2021-09-16,-1.3895,-1.8409,0.5358,-16.571,0,51.0316,799,19.1314,1,2021-08-11,548,23,False,,,,-120_1
B_575,B,84589_hist,True,-60.3027,0.6388,44.113,DESMATAMENTO_CR,2021-08-20,182,2021-09-06,-1.0231,-1.4691,0.4323,-12.912,4,45.1162,4284,19.1314,1,2021-01-11,3520,22,False,,,,-121_1
B_576,B,84592_hist,False,-60.5569,0.053,8.9241,DESMATAMENTO_CR,2021-08-20,96,2021-09-12,-0.3079,-0.2322,0.0829,-3.2336,7,18.8621,853,19.1314,0,2021-01-07,110,19,False,,,,-122_0
B_577,B,84597_hist,False,-60.5224,0.105,8.1178,DESMATAMENTO_CR,2021-08-20,96,2021-11-23,-0.7581,-0.5935,0.1242,-3.7721,7,20.0342,761,19.1314,1,,0,20,False,,,,-122_0
B_578,B,84599_hist,False,-60.6472,0.1408,10.5488,DESMATAMENTO_CR,2021-08-20,137,2021-07-27,-0.6547,-0.6153,0.249,-8.2414,6,29.2523,998,19.1314,1,,0,17,False,,,,-122_0
B_579,B,84600_hist,False,-60.8507,1.8298,8.0523,DESMATAMENTO_CR,2021-08-20,137,2021-06-02,-0.6128,-0.6706,0.2654,-8.4816,4,37.0589,744,19.1314,1,2021-04-05,361,24,False,,,,-122_3
B_580,B,84604_hist,False,-60.6011,0.6887,12.5421,DESMATAMENTO_CR,2021-08-20,137,2021-07-15,-0.6519,-0.7464,0.3307,-9.3136,6,27.5757,1168,19.1314,1,2021-06-06,296,26,False,,,,-122_1
B_581,B,85956_hist,True,-60.382,0.6938,11.9143,DESMATAMENTO_CR,2021-08-23,182,2021-03-29,0.4534,0.302,0.1285,6.2587,5,28.119,1121,19.1314,1,2021-01-23,36,22,False,,,,-121_1
B_582,B,85959_hist,True,-60.5331,0.6301,15.4839,DESMATAMENTO_CR,2021-08-23,137,2021-09-01,-1.0585,-1.0987,0.4744,-13.3172,6,24.7934,1468,19.1314,1,2021-01-19,527,22,False,,,,-122_1
B_583,B,85963_hist,False,-60.4815,2.3098,17.1761,DESMATAMENTO_CR,2021-08-23,141,2021-05-15,0.5611,0.4445,0.1794,5.6771,6,21.698,1575,19.1314,1,2021-04-25,21,21,False,,,,-121_4
B_584,B,85964_hist,True,-60.4652,1.0085,23.1499,DESMATAMENTO_CR,2021-08-23,137,2021-09-06,-0.3759,-0.3394,0.1033,-4.6222,4,30.7111,2138,19.1314,1,2021-01-11,146,23,False,,,,-121_2
B_585,B,85970_hist,True,-60.5771,0.6647,14.7084,DESMATAMENTO_CR,2021-08-23,137,2021-08-04,-0.6887,-0.8935,0.364,-9.9545,1,27.2417,1354,19.1314,1,2021-06-12,531,21,False,,,,-122_1
B_586,B,85971_hist,True,-60.5665,0.6896,15.4406,DESMATAMENTO_CR,2021-08-23,137,2021-06-21,-0.4432,-0.7477,0.319,-8.9093,6,27.1332,1449,19.1314,1,2021-07-06,54,29,False,,,,-122_1
B_587,B,85972_hist,False,-60.61,0.8161,14.8187,DESMATAMENTO_CR,2021-08-23,137,2021-08-01,-1.0646,-1.1888,0.4513,-12.1817,4,35.2378,1400,19.1314,1,2021-06-04,454,21,False,,,,-122_1
B_588,B,85976_hist,False,-61.56,2.1495,6.9991,DESMATAMENTO_CR,2021-08-23,227,2021-08-25,-0.9551,-1.1761,0.3886,-13.4588,4,39.0518,634,19.1314,1,,0,27,False,,,,-124_4
B_589,B,863_hist,False,-61.558,3.9524,18.8323,DESMATAMENTO_CR,2021-08-05,134,2021-08-25,-1.1618,-1.2974,0.4603,-10.9018,5,51.682,1769,19.1314,1,2021-07-22,827,25,False,,,,-124_7
B_590,B,87113_hist,True,-60.0173,0.7369,49.4169,DESMATAMENTO_CR,2021-08-26,138,2021-10-31,-0.1992,-0.305,0.0592,-3.2058,5,35.3335,4853,19.1314,1,2021-08-23,342,25,False,,,,-121_1
B_591,B,87120_hist,True,-60.4983,0.6513,14.0807,DESMATAMENTO_CR,2021-08-26,137,2021-07-08,-0.188,-0.2392,0.0669,-3.6792,4,17.6303,1318,19.1314,0,2021-02-16,14,23,False,,,,-121_1
B_592,B,87125_hist,True,-60.0167,0.6378,6.4188,DESMATAMENTO_CR,2021-08-26,138,2021-09-04,-0.4774,-0.5208,0.1378,-5.6987,0,36.6571,584,19.1314,1,2021-08-23,206,27,True,2021-09-05,-1.0,False,-121_1
B_593,B,87126_hist,False,-59.7195,0.9744,21.0025,DESMATAMENTO_CR,2021-08-26,191,2021-12-12,-0.1701,-0.5076,0.0531,-3.2723,5,49.5863,2002,19.1314,1,2021-04-24,116,28,False,,,,-120_1
B_594,B,87129_hist,True,-60.0138,0.7257,9.4526,DESMATAMENTO_CR,2021-08-26,138,2021-09-13,-0.9954,-1.4087,0.3765,-10.1295,5,36.938,884,19.1314,1,2021-08-05,568,21,False,,,,-121_1
B_595,B,88226_hist,False,-59.3484,0.8211,14.2648,DESMATAMENTO_CR,2021-09-01,98,2021-09-19,-0.5483,-0.515,0.2592,-6.0317,7,40.6432,1351,19.1314,1,2021-03-03,243,17,True,2021-08-28,22.0,False,-119_1
B_596,B,88227_hist,False,-59.4919,1.0919,7.6118,DESMATAMENTO_CR,2021-09-01,98,2021-09-19,-1.5444,-1.8485,0.5101,-10.4181,7,37.6582,698,19.1314,1,2021-07-25,412,23,False,,,,-119_2
B_597,B,89016_hist,False,-61.8944,3.5507,75.8911,DESMATAMENTO_CR,2021-09-03,134,2021-09-06,-0.4077,-0.2131,0.1218,-4.3005,5,44.2942,7402,19.1314,1,2021-01-06,1666,24,False,,,,-124_7
B_598,B,89797_hist,False,-61.5094,2.3305,30.8894,DESMATAMENTO_CR,2021-09-06,227,2021-03-25,0.6445,0.635,0.1034,5.2886,0,29.4941,2970,19.1314,1,,0,21,False,,,,-124_4
B_599,B,90617_hist,False,-61.4766,2.3294,7.3119,DESMATAMENTO_CR,2021-09-09,227,2021-03-28,0.8769,0.7958,0.1275,5.895,5,22.3279,658,19.1314,1,,0,44,False,,,,-123_4
B_600,B,90619_hist,False,-61.3272,2.2995,9.446,DESMATAMENTO_CR,2021-09-09,137,2021-09-01,-0.7146,-0.5671,0.1992,-6.7579,6,35.3061,861,19.1314,1,2021-09-08,41,45,False,,,,-123_4
B_601,B,90620_hist,False,-61.4344,2.3224,7.2012,DESMATAMENTO_CR,2021-09-09,227,2020-08-27,-0.8531,-0.8683,0.0928,-5.091,0,16.9512,657,19.1314,0,,0,53,False,,,,-123_4
B_602,B,90624_hist,False,-61.483,2.3311,7.7977,DESMATAMENTO_CR,2021-09-09,227,2020-09-05,-0.8571,-1.1316,0.1275,-6.0801,5,25.9455,719,19.1314,1,,0,47,False,,,,-123_4
B_603,B,90625_hist,False,-61.497,2.365,31.1653,DESMATAMENTO_CR,2021-09-09,186,2021-09-30,-0.4057,-0.3617,0.1714,-6.5182,4,43.5155,3042,19.1314,1,,0,27,False,,,,-123_4
B_604,B,90630_hist,False,-61.4168,2.4008,14.3155,DESMATAMENTO_CR,2021-09-09,186,2021-11-11,-1.3289,-1.6058,0.3562,-10.3629,5,30.48,1292,19.1314,1,,0,68,False,,,,-123_4
B_605,B,90950_hist,False,-59.8707,0.7753,7.4094,DESMATAMENTO_CR,2021-09-12,191,2021-09-16,-1.5366,-2.5745,0.4823,-14.3647,0,50.4113,688,19.1314,1,2021-08-11,624,18,False,,,,-120_1
B_606,B,90960_hist,False,-59.3518,0.8213,68.3885,DESMATAMENTO_CR,2021-09-12,98,2021-09-19,-0.4305,-0.3973,0.2259,-5.4569,7,37.7584,6578,19.1314,1,2021-01-06,1429,14,True,2021-08-28,22.0,False,-119_1
B_607,B,90965_hist,True,-60.0067,0.6427,12.1052,DESMATAMENTO_CR,2021-09-12,138,2021-10-31,-0.7849,-1.1843,0.3052,-8.5921,5,43.7554,1150,19.1314,1,2021-01-06,538,23,True,2021-09-05,56.0,False,-121_1
B_608,B,90966_hist,False,-59.5441,1.0366,15.1501,DESMATAMENTO_CR,2021-09-12,98,2021-10-01,-1.6908,-2.4925,0.662,-14.2302,7,51.1334,1426,19.1314,1,2021-08-18,1360,26,False,,,,-120_2
B_609,B,90971_hist,True,-60.0228,0.742,64.5189,DESMATAMENTO_CR,2021-09-12,138,2021-10-31,-0.2032,-0.2879,0.0531,-3.0637,5,35.0009,6281,19.1314,1,2021-08-05,292,22,False,,,,-121_1
B_610,B,90977_hist,False,-59.6857,0.559,2.5971,DESMATAMENTO_CR,2021-09-12,191,2021-09-10,-1.6631,-2.1273,0.4844,-14.9937,0,49.2684,219,19.1314,1,2021-02-11,218,19,False,,,,-120_1
B_611,B,90982_hist,False,-61.4752,4.1706,12.1362,DESMATAMENTO_CR,2021-09-12,134,2021-02-05,-1.373,-1.5636,0.4893,-11.5978,0,67.7236,1127,19.1314,1,2021-01-30,837,32,False,,,,-123_8
B_612,B,90984_hist,False,-61.0941,1.7182,6.5763,DESMATAMENTO_CR,2021-09-12,137,2021-10-03,-0.6473,-0.6482,0.1863,-6.6836,1,21.9103,626,19.1314,1,2021-09-04,191,13,False,,,,-123_3
B_613,B,90985_hist,False,-59.6845,0.5563,19.4905,DESMATAMENTO_CR,2021-09-12,191,2021-09-10,-1.1085,-1.4986,0.4448,-13.6534,0,50.8487,1869,19.1314,1,2021-02-11,1478,21,False,,,,-120_1
B_614,B,90989_hist,False,-61.0103,1.7036,7.4684,DESMATAMENTO_CR,2021-09-12,137,2021-09-09,-0.7682,-0.6434,0.2137,-7.0706,1,35.6257,704,19.1314,1,2021-03-20,164,21,False,,,,-123_3
B_615,B,94651_hist,False,-60.5674,-0.0437,11.3674,DESMATAMENTO_CR,2021-09-21,96,2021-10-06,-0.5707,-0.4642,0.2238,-5.5335,7,18.6676,1068,19.1314,0,2021-08-23,174,16,False,,,,-122_-1
B_616,B,94654_hist,False,-60.5432,0.0481,9.995,DESMATAMENTO_CR,2021-09-21,96,2021-03-22,0.4516,0.4887,0.2827,6.7105,4,36.573,861,19.1314,1,2021-04-01,78,16,False,,,,-122_0
B_617,B,94669_hist,True,-60.5826,0.6766,8.9296,DESMATAMENTO_CR,2021-09-21,137,2021-08-28,-0.4338,-0.6703,0.2362,-7.2445,1,29.1298,820,19.1314,1,2021-08-29,81,28,False,,,,-122_1
B_618,B,94672_hist,False,-59.6091,0.7439,7.0956,DESMATAMENTO_CR,2021-09-21,98,2021-10-01,-0.8373,-1.0304,0.3023,-6.7674,7,42.5213,657,19.1314,1,2021-01-30,297,21,False,,,,-120_1
B_619,B,94682_hist,False,-59.8223,0.7322,10.628,DESMATAMENTO_CR,2021-09-21,191,2021-09-16,-1.2474,-1.3998,0.386,-11.7789,0,50.1489,958,19.1314,1,2021-02-12,781,25,False,,,,-120_1
B_620,B,94743_hist,False,-59.8126,1.0752,9.7287,DESMATAMENTO_CR,2021-09-21,191,2021-09-01,-0.7191,-0.7421,0.2543,-9.2329,4,34.9035,908,19.1314,1,2021-07-17,214,28,False,,,,-120_2
B_621,B,9546_hist,False,-60.6011,-0.0632,19.7253,DESMATAMENTO_CR,2021-09-21,96,2021-09-24,-0.9035,-0.9484,0.4104,-8.396,7,22.9652,1867,19.1314,1,2021-08-23,867,18,False,,,,-122_-1
B_622,B,9547_hist,False,-60.5636,-0.0355,7.8532,DESMATAMENTO_CR,2021-09-21,96,2021-10-06,-1.294,-1.3734,0.4916,-9.9359,7,22.1264,712,19.1314,1,2021-07-06,392,25,False,,,,-122_-1
B_623,B,9548_hist,False,-60.5487,-0.0035,7.4655,DESMATAMENTO_CR,2021-09-21,96,2021-12-17,-0.6871,-0.7306,0.188,-5.1073,7,15.4918,691,19.1314,0,2021-02-12,42,18,False,,,,-122_-1
B_624,B,9554_hist,False,-59.719,0.7218,16.7514,DESMATAMENTO_CR,2021-09-21,191,2021-09-28,-1.0209,-1.374,0.4301,-13.428,0,31.7734,1594,19.1314,1,2021-01-18,1174,23,False,,,,-120_1
B_625,B,9557_hist,True,-60.241,0.8471,11.0462,DESMATAMENTO_CR,2021-09-21,182,2021-11-12,-1.5202,-1.9774,0.4662,-14.0689,5,26.6848,1054,19.1314,1,2021-09-10,636,24,False,,,,-121_1
B_626,B,9560_hist,True,-60.5605,0.6246,6.5111,DESMATAMENTO_CR,2021-09-21,137,2021-09-21,-1.0287,-1.1751,0.4049,-11.4633,1,23.6627,586,19.1314,1,2021-07-22,313,24,False,,,,-122_1
B_627,B,9561_hist,True,-60.5175,0.6746,22.1794,DESMATAMENTO_CR,2021-09-21,137,2021-10-03,-0.7495,-0.744,0.2976,-8.9295,1,23.8536,2149,19.1314,1,2021-02-06,284,25,False,,,,-122_1
B_628,B,95735_hist,True,-60.4277,1.2969,6.9775,DESMATAMENTO_CR,2021-09-24,182,2021-09-13,-0.7016,-0.9221,0.2362,-8.6755,5,53.0598,636,19.1314,1,2021-03-14,370,18,False,,,,-121_2
B_629,B,9574_hist,False,-59.596,0.6673,6.6957,DESMATAMENTO_CR,2021-09-21,98,2021-09-01,-0.6812,-0.5423,0.314,-7.5565,4,36.4356,625,19.1314,1,2021-09-03,281,22,True,2021-09-16,-15.0,True,-120_1
B_630,B,9577_hist,False,-59.6171,0.8337,10.7016,DESMATAMENTO_CR,2021-09-21,98,2021-10-01,-1.4084,-1.8448,0.669,-14.7971,7,36.6896,1007,19.1314,1,2021-09-11,960,21,True,2021-09-17,14.0,False,-120_1
B_631,B,9606_hist,True,-60.0243,0.7425,17.4775,DESMATAMENTO_CR,2021-09-21,138,2021-10-31,-0.4372,-0.3398,0.079,-3.9948,5,29.3414,1695,19.1314,1,2021-09-22,102,20,False,,,,-121_1
B_632,B,97083_hist,False,-60.6393,0.6771,30.1921,DESMATAMENTO_CR,2021-09-29,137,2021-09-13,-1.1463,-1.3886,0.4337,-11.3726,6,34.5913,2876,19.1314,1,2021-07-18,211,23,False,,,,-122_1
B_633,B,97084_hist,False,-60.6463,0.6903,15.2929,DESMATAMENTO_CR,2021-09-29,137,2021-08-20,-0.9213,-0.95,0.277,-8.0218,6,33.4266,1416,19.1314,1,2021-01-01,2,24,False,,,,-122_1
B_634,B,97085_hist,False,-60.642,0.6958,11.1081,DESMATAMENTO_CR,2021-09-29,137,2021-12-18,-0.1835,-0.3359,0.0239,-1.935,6,21.9459,1031,19.1314,1,,0,21,False,,,,-122_1
B_635,B,97091_hist,False,-60.6097,2.135,20.2163,DESMATAMENTO_CR,2021-09-29,182,2021-09-09,-1.6877,-2.4001,0.638,-19.9406,1,39.4822,1922,19.1314,1,2021-08-11,1412,27,False,,,,-122_4
B_636,B,97092_hist,True,-59.9205,0.6102,15.0347,DESMATAMENTO_CR,2021-09-29,151,2021-11-24,-0.962,-1.1856,0.1559,-5.8387,4,29.6824,1455,19.1314,1,2021-01-18,800,20,False,,,,-120_1
B_637,B,97094_hist,True,-60.3355,0.9869,20.787,DESMATAMENTO_VEG,2021-09-29,182,2021-04-06,0.5088,0.3425,0.1377,6.2167,1,43.6909,1980,19.1314,1,2021-01-18,25,21,False,,,,-121_1
B_638,B,97109_hist,False,-60.2606,2.3105,11.4568,DESMATAMENTO_VEG,2021-09-29,97,2021-05-07,0.9099,1.0678,0.4251,8.8734,0,38.3472,1068,19.1314,1,2021-01-07,74,22,False,,,,-121_4
B_639,B,97121_hist,True,-60.3366,0.9894,7.7967,DESMATAMENTO_VEG,2021-09-29,182,2021-04-25,0.6286,0.5177,0.1782,7.211,0,52.6816,708,19.1314,1,2021-01-11,38,25,False,,,,-121_1
B_640,B,97995_hist,False,-60.6051,-0.0675,16.6726,DESMATAMENTO_CR,2021-09-29,96,2021-09-12,-1.3343,-1.455,0.6162,-12.7021,7,33.2351,1544,19.1314,1,2021-08-23,1094,20,False,,,,-122_-1
B_641,B,98000_hist,False,-60.63,0.2222,8.7886,DESMATAMENTO_CR,2021-09-29,137,2021-10-03,-1.4641,-1.5068,0.4884,-13.3431,1,27.1386,825,19.1314,1,2021-09-22,513,22,False,,,,-122_0
B_642,B,98007_hist,False,-61.7539,2.3139,12.7175,DESMATAMENTO_CR,2021-09-29,134,2021-03-25,0.1265,0.2287,0.0664,3.2758,0,25.9818,1212,19.1314,1,,0,24,False,,,,-124_4
B_643,B,98011_hist,False,-59.5483,0.9747,31.0453,DESMATAMENTO_CR,2021-09-29,98,2021-09-13,-0.8768,-0.8996,0.46,-9.3373,4,43.8247,2972,19.1314,1,2021-01-26,1604,24,False,,,,-120_1
B_644,B,98012_hist,True,-60.5233,0.8004,16.7818,DESMATAMENTO_CR,2021-09-29,137,2021-07-27,-0.5567,-0.581,0.2245,-7.0051,6,33.2903,1488,19.1314,1,2021-01-31,620,28,False,,,,-122_1
B_645,B,98019_hist,False,-59.5444,1.0346,13.9624,DESMATAMENTO_CR,2021-09-29,98,2021-10-13,-1.5537,-2.2536,0.6312,-13.2339,7,42.2946,1279,19.1314,1,2021-01-26,1130,24,False,,,,-120_2
B_646,B,98020_hist,False,-60.6275,0.8094,8.2832,DESMATAMENTO_CR,2021-09-29,137,2021-08-20,-0.2669,-0.2692,0.0654,-3.5253,6,24.6676,749,19.1314,1,,0,26,False,,,,-122_1
B_647,B,98022_hist,False,-60.6604,1.7373,61.4994,DESMATAMENTO_CR,2021-09-29,137,2021-02-05,-0.5994,-0.6627,0.2535,-7.9447,1,40.9235,5915,19.1314,1,2021-01-01,2003,24,False,,,,-122_3
B_648,B,98026_hist,False,-60.6334,1.7745,9.246,DESMATAMENTO_CR,2021-09-29,137,2021-02-17,-1.2657,-1.6856,0.4474,-11.4652,1,50.1877,865,19.1314,1,2021-01-01,694,23,False,,,,-122_3
B_649,B,98028_hist,False,-61.8021,2.2848,6.5803,DESMATAMENTO_CR,2021-09-29,134,2021-08-19,-1.4628,-1.5167,0.6492,-16.9348,5,39.1447,608,19.1314,1,,0,29,False,,,,-124_4
B_650,B,98035_hist,False,-61.8468,3.5886,28.306,DESMATAMENTO_CR,2021-09-29,134,2021-09-09,-0.2446,-0.2959,0.0861,-3.7797,0,35.9822,2771,19.1314,1,2021-08-03,270,27,False,,,,-124_7
B_651,B,98038_hist,False,-61.5977,2.3267,8.7509,DESMATAMENTO_CR,2021-09-29,227,2021-11-11,-0.8119,-1.0007,0.0948,-5.1461,5,28.739,801,19.1314,1,,0,28,False,,,,-124_4
B_652,B,98039_hist,False,-61.5114,2.3351,34.167,DESMATAMENTO_CR,2021-09-29,227,2021-12-11,-1.0743,-1.2472,0.1283,-5.9986,4,28.8988,3310,19.1314,1,,0,22,False,,,,-124_4
B_653,B,98044_hist,False,-61.5181,2.343,69.5081,DESMATAMENTO_CR,2021-09-29,227,2020-09-11,-0.7854,-0.9056,0.1398,-6.3986,5,27.5489,6797,19.1314,1,,0,22,False,,,,-124_4
B_654,B,98045_hist,False,-61.5059,2.3449,17.7291,DESMATAMENTO_CR,2021-09-29,227,2020-09-05,-0.7049,-0.5852,0.0746,-4.5217,5,30.7345,1690,19.1314,1,,0,23,False,,,,-124_4
B_655,B,98046_hist,False,-61.5252,2.3318,8.9415,DESMATAMENTO_CR,2021-09-29,227,2021-12-11,-0.637,-0.69,0.0986,-5.566,4,39.4357,851,19.1314,1,,0,22,False,,,,-124_4
B_656,B,98047_hist,False,-61.5876,2.2714,28.7628,DESMATAMENTO_CR,2021-09-29,227,2021-09-24,-0.7737,-0.7035,0.2728,-10.2445,5,36.7657,2770,19.1314,1,2021-10-02,44,22,False,,,,-124_4
B_657,B,98050_hist,False,-61.5244,2.3337,1.9925,DESMATAMENTO_CR,2021-09-29,227,2021-12-11,-0.4413,-0.4156,0.0348,-3.5506,4,38.1646,177,19.1314,1,,0,25,False,,,,-124_4
B_658,B,98054_hist,False,-61.6924,2.368,31.0853,DESMATAMENTO_CR,2021-09-29,134,2021-10-30,-1.4457,-1.5234,0.4413,-10.4964,5,34.873,2997,19.1314,1,,0,25,False,,,,-124_4
B_659,B,98056_hist,False,-61.6939,2.3704,13.1843,DESMATAMENTO_CR,2021-09-29,134,2021-11-11,-1.7553,-1.9971,0.3507,-8.6749,5,31.8176,1258,19.1314,1,,0,28,False,,,,-124_4
B_660,B,98057_hist,False,-61.6985,2.3643,16.868,DESMATAMENTO_CR,2021-09-29,134,2021-11-11,-1.1311,-1.1437,0.4279,-10.4943,5,32.9745,1608,19.1314,1,,0,22,False,,,,-124_4
B_661,B,98070_hist,False,-61.7021,2.3685,76.511,DESMATAMENTO_CR,2021-09-29,134,2021-11-11,-1.1136,-1.3135,0.371,-9.0845,5,32.0929,7402,19.1314,1,,0,26,False,,,,-124_4
B_662,B,98086_hist,False,-61.6144,2.4069,8.4122,DESMATAMENTO_CR,2021-09-29,134,2021-12-17,-0.8829,-1.2131,0.166,-5.3737,5,32.4078,787,19.1314,1,,0,23,False,,,,-124_4
B_663,B,98088_hist,False,-61.6852,2.6634,6.603,DESMATAMENTO_CR,2021-09-29,134,2021-11-11,-0.764,-0.8994,0.2523,-7.2339,5,39.7296,617,19.1314,1,2021-10-14,154,23,False,,,,-124_5
B_664,B,98089_hist,False,-61.657,2.6887,24.8561,DESMATAMENTO_CR,2021-09-29,134,2021-09-06,-0.5423,-0.591,0.2533,-7.0024,5,39.7321,2403,19.1314,1,2021-09-08,32,16,False,,,,-124_5
B_665,B,99917_hist,False,-61.5361,2.3466,13.2952,DESMATAMENTO_CR,2021-10-02,227,2021-09-06,-0.967,-0.6779,0.258,-9.7861,4,46.1433,1259,19.1314,1,2021-09-08,226,24,False,,,,-124_4
B_666,B,99918_hist,False,-61.6935,2.3635,28.435,DESMATAMENTO_CR,2021-10-02,134,2021-09-30,-1.6328,-1.559,0.4804,-11.3364,5,37.016,2667,19.1314,1,2021-10-02,19,20,False,,,,-124_4
B_667,B,99919_hist,False,-61.6776,2.3729,12.6124,DESMATAMENTO_CR,2021-10-02,134,2020-08-18,-1.4352,-1.8821,0.2099,-6.0367,5,25.6262,1081,19.1314,1,,0,24,False,,,,-124_4
B_668,B,99923_hist,False,-60.7029,0.221,18.1373,DESMATAMENTO_CR,2021-10-02,137,2021-08-14,-1.3309,-1.3985,0.5126,-13.6587,5,41.4339,1720,19.1314,1,2021-08-23,72,20,False,,,,-122_0
