event_id,roi,lon,lat,area_ha,radd_any,clear_post,s1_post,ang_2020_2021_deg,tau,registered
C0,CG1,28.681,0.445,4.738,2021-01-13,20.594,118.226,48.142,16.309,1
C1,CG1,28.681,0.46,1.43,2021-01-13,21.416,118.226,51.201,16.309,1
C2,CG1,28.681,0.637,3.486,2021-01-08,23.052,119.677,63.243,16.309,1
C3,CG1,28.682,0.595,3.486,2021-01-21,21.72,115.903,52.295,16.309,1
C4,CG1,28.687,0.449,1.788,2021-01-01,22.231,121.71,55.99,16.309,1
C5,CG1,28.689,0.43,2.503,2021-01-01,23.422,121.71,50.829,16.309,1
C6,CG1,28.691,0.603,1.877,2021-01-13,22.274,118.226,56.423,16.309,1
C7,CG1,28.692,0.593,1.073,2021-01-15,24.799,117.645,38.846,16.309,1
C8,CG1,28.697,0.615,1.341,2021-03-14,22.921,98.484,59.17,16.309,1
C9,CG1,28.698,0.602,2.056,2021-03-02,18.732,102.355,56.972,16.309,1
C10,CG1,28.699,0.589,3.844,2021-01-03,26.308,121.129,54.564,16.309,1
C11,CG1,28.702,0.431,1.877,2021-01-27,19.682,114.161,52.744,16.309,1
C12,CG1,28.718,0.571,1.073,2021-01-03,23.838,121.129,58.713,16.309,1
C13,CG1,28.719,0.623,1.43,2021-03-14,23.492,98.484,51.915,16.309,1
C14,CG1,28.722,0.601,1.341,2021-11-16,3.822,13.733,21.247,16.309,1
C15,CG1,28.722,0.627,1.162,2021-01-01,25.355,121.71,59.555,16.309,1
C16,CG1,28.722,0.603,2.324,2021-01-01,23.349,121.71,52.697,16.309,1
C17,CG1,28.727,0.47,2.592,2021-05-25,22.5,74.935,41.439,16.309,1
C18,CG1,28.732,0.566,1.252,2021-01-01,23.558,121.71,56.43,16.309,1
C19,CG1,28.739,0.521,1.341,2021-03-26,34.791,94.613,43.364,16.309,1
C20,CG1,28.74,0.525,5.811,2021-02-01,37.215,112.643,44.667,16.309,1
C21,CG1,28.743,0.626,1.251,2021-01-13,27.087,118.226,51.203,16.309,1
C22,CG1,28.744,0.614,1.877,2021-01-13,26.038,118.226,49.121,16.309,1
C23,CG1,28.745,0.565,2.95,2021-01-01,39.885,121.71,55.6,16.309,1
C24,CG1,28.747,0.509,1.788,2021-01-21,39.487,115.903,49.338,16.309,1
C25,CG1,28.753,0.526,5.006,2021-02-20,42.703,105.857,34.272,16.309,1
C26,CG1,28.755,0.561,1.43,2021-01-13,49.153,118.226,53.003,16.309,1
C27,CG1,28.755,0.519,1.252,2021-01-09,47.669,119.387,45.798,16.309,1
C28,CG1,28.756,0.53,1.341,2021-01-01,48.98,121.71,42.977,16.309,1
C29,CG1,28.759,0.54,1.252,2021-05-01,30.531,82.677,34.909,16.309,1
C30,CG1,28.762,0.492,1.698,2021-01-01,41.222,93.742,44.27,16.309,1
C31,CG1,28.762,0.541,1.341,2021-01-08,51.109,119.677,48.032,16.309,1
C32,CG1,28.763,0.561,1.43,2021-01-01,47.507,121.71,54.294,16.309,1
C33,CG1,28.763,0.587,2.771,2021-01-25,42.097,114.742,53.951,16.309,1
C34,CG1,28.767,0.514,1.252,2021-02-26,36.39,79.5,43.16,16.309,1
C35,CG1,28.767,0.459,2.95,2021-01-01,43.465,93.742,56.255,16.309,1
C36,CG1,28.769,0.496,1.788,2021-01-01,42.977,93.742,40.768,16.309,1
C37,CG1,28.77,0.498,1.877,2021-01-09,44.328,91.677,49.592,16.309,1
C38,CG1,28.77,0.539,1.162,2021-01-01,50.874,93.742,26.69,16.309,1
C39,CG1,28.772,0.531,2.324,2021-01-03,50.332,93.226,46.921,16.309,1
C40,CG1,28.773,0.54,1.967,2021-02-06,45.834,84.5,36.555,16.309,1
C41,CG1,28.773,0.523,1.073,2021-01-01,46.405,93.742,37.827,16.309,1
C42,CG1,28.774,0.542,1.341,2021-05-15,33.306,60.129,40.631,16.309,1
C43,CG1,28.774,0.544,1.609,2021-01-13,49.545,90.645,49.045,16.309,1
C44,CG1,28.774,0.524,1.341,2021-01-01,45.182,93.742,44.234,16.309,1
C45,CG1,28.775,0.439,4.291,2021-01-01,54.04,93.742,54.894,16.309,1
C46,CG1,28.777,0.513,1.341,2021-01-25,38.227,87.548,34.028,16.309,1
C47,CG1,28.778,0.429,1.609,2021-01-13,59.35,90.645,56.95,16.309,1
C48,CG1,28.779,0.513,1.341,2021-02-06,37.372,84.5,48.395,16.309,1
C49,CG1,28.779,0.489,1.341,2021-01-01,41.499,93.742,34.824,16.309,1
C50,CG1,28.78,0.435,3.308,2021-01-01,60.558,93.742,59.347,16.309,1
C51,CG1,28.782,0.432,1.073,2021-01-01,61.698,93.742,55.245,16.309,1
C52,CG1,28.782,0.51,1.162,2021-01-01,44.976,93.742,44.365,16.309,1
C53,CG1,28.784,0.532,1.43,2021-02-14,47.714,82.5,37.963,16.309,1
C54,CG1,28.784,0.502,1.252,2021-01-03,36.818,93.226,41.195,16.309,1
C55,CG1,28.786,0.637,2.056,2021-01-01,57.216,121.582,61.205,16.309,1
C56,CG1,28.788,0.602,1.073,2021-01-09,51.684,91.677,53.599,16.309,1
C57,CG1,28.789,0.43,2.324,2021-01-01,61.144,93.742,65.778,16.309,1
C58,CG1,28.791,0.475,1.252,2021-02-26,35.924,79.5,45.48,16.309,1
C59,CG1,28.794,0.454,1.073,2021-02-06,41.434,84.5,45.726,16.309,1
C60,CG1,28.795,0.542,1.073,2021-02-02,40.144,85.5,48.67,16.309,1
C61,CG1,28.796,0.445,3.129,2021-01-13,57.11,90.645,54.894,16.309,1
C62,CG1,28.797,0.453,2.235,2021-01-13,90.394,90.645,50.665,16.309,1
C63,CG1,28.798,0.463,4.38,2021-01-01,91.572,93.742,52.246,16.309,1
C64,CG1,28.8,0.596,3.039,2021-01-09,102.315,91.677,39.064,16.309,1
C65,CG1,28.802,0.432,1.162,2021-03-14,85.494,75.387,49.192,16.309,1
C66,CG1,28.802,0.445,1.252,2021-01-21,109.257,88.581,44.606,16.309,1
C67,CG1,28.802,0.499,2.235,2021-01-09,84.625,91.677,45.548,16.309,1
C68,CG1,28.803,0.504,1.252,2021-01-13,84.207,90.645,55.131,16.309,1
C69,CG1,28.802,0.583,1.788,2021-02-02,87.381,85.5,49.547,16.309,1
C70,CG1,28.803,0.432,1.252,2021-05-27,59.562,57.032,47.06,16.309,1
C71,CG1,28.803,0.447,2.414,2021-01-09,109.62,91.677,58.809,16.309,1
C72,CG1,28.806,0.517,1.341,2021-01-21,90.263,88.581,56.842,16.309,1
C73,CG1,28.807,0.435,1.341,2021-01-01,107.702,93.742,56.605,16.309,1
C74,CG1,28.807,0.518,1.788,2021-01-03,96.269,93.226,56.155,16.309,1
C75,CG1,28.807,0.469,1.52,2021-01-03,88.149,93.226,59.699,16.309,1
C76,CG1,28.809,0.479,1.162,2021-02-02,70.657,85.5,45.229,16.309,1
C77,CG1,28.81,0.565,2.145,2021-01-15,87.024,90.129,53.51,16.309,1
C78,CG1,28.811,0.499,2.056,2021-01-15,91.205,90.129,43.203,16.309,1
C79,CG1,28.811,0.439,2.235,2021-01-01,110.377,93.742,55.446,16.309,1
C80,CG1,28.813,0.448,1.877,2021-01-13,102.517,90.645,54.912,16.309,1
C81,CG1,28.812,0.471,1.073,2021-01-09,78.526,91.677,49.521,16.309,1
C82,CG1,28.814,0.582,1.698,2021-01-25,94.471,87.548,47.467,16.309,1
C83,CG1,28.815,0.427,1.252,2021-02-14,95.251,82.5,58.997,16.309,1
C84,CG1,28.817,0.442,2.682,2021-01-09,99.068,91.677,58.725,16.309,1
C85,CG1,28.817,0.445,5.006,2021-01-01,107.152,93.742,60.281,16.309,1
C86,CG1,28.817,0.507,2.145,2021-01-01,91.539,93.742,53.088,16.309,1
C87,CG1,28.819,0.641,3.933,2021-01-01,113.618,93.742,64.748,16.309,1
C88,CG1,28.821,0.477,2.145,2021-01-01,80.232,93.742,48.882,16.309,1
C89,CG1,28.824,0.475,1.073,2021-02-02,81.604,85.5,51.247,16.309,1
C90,CG1,28.826,0.612,1.341,2021-03-14,83.189,75.387,57.196,16.309,1
C91,CG1,28.827,0.427,2.503,2021-01-01,113.461,93.742,56.42,16.309,1
C92,CG1,28.828,0.476,2.682,2021-02-02,77.489,85.5,53.83,16.309,1
C93,CG1,28.827,0.504,1.52,2021-01-25,87.869,87.548,46.535,16.309,1
C94,CG1,28.831,0.528,1.073,2021-01-01,92.121,93.742,47.782,16.309,1
C95,CG1,28.831,0.43,1.341,2021-01-03,119.767,93.226,56.637,16.309,1
C96,CG1,28.831,0.526,1.252,2021-01-01,91.232,93.742,49.511,16.309,1
C97,CG1,28.831,0.512,1.43,2021-01-21,74.587,88.581,42.864,16.309,1
C98,CG1,28.832,0.558,1.252,2021-01-21,79.26,88.581,51.33,16.309,1
C99,CG1,28.832,0.523,1.162,2021-01-15,87.788,90.129,39.538,16.309,1
C100,CG1,28.832,0.64,2.95,2021-01-13,110.941,90.645,63.648,16.309,1
C101,CG1,28.833,0.447,2.414,2021-01-01,115.825,93.742,54.47,16.309,1
C102,CG1,28.834,0.519,1.252,2021-01-15,80.55,90.129,38.973,16.309,1
C103,CG1,28.834,0.433,1.252,2021-02-14,94.336,82.5,53.071,16.309,1
C104,CG1,28.834,0.46,1.162,2021-01-01,99.502,93.742,46.793,16.309,1
C105,CG1,28.835,0.428,1.967,2021-01-15,111.169,90.129,49.53,16.309,1
C106,CG1,28.834,0.466,2.145,2021-01-01,88.298,93.742,54.156,16.309,1
C107,CG1,28.836,0.635,1.609,2021-05-03,74.615,63.226,46.293,16.309,1
C108,CG1,28.837,0.506,1.162,2021-03-14,75.418,75.387,41.256,16.309,1
C109,CG1,28.837,0.565,1.073,2021-02-02,84.422,85.5,49.615,16.309,1
C110,CG1,28.839,0.641,4.38,2021-01-01,120.204,93.742,61.563,16.309,1
C111,CG1,28.841,0.427,1.609,2021-01-01,117.156,93.742,49.74,16.309,1
C112,CG1,28.842,0.595,1.073,2021-01-03,96.701,93.226,49.113,16.309,1
C113,CG1,28.841,0.514,1.252,2021-01-03,87.926,93.226,34.747,16.309,1
C114,CG1,28.844,0.465,1.341,2021-02-06,89.468,84.5,43.014,16.309,1
C115,CG1,28.843,0.558,1.609,2021-01-09,85.867,91.677,52.37,16.309,1
C116,CG1,28.844,0.45,3.844,2021-01-01,118.49,93.742,58.077,16.309,1
C117,CG1,28.845,0.597,1.162,2021-01-25,101.152,87.548,52.008,16.309,1
C118,CG1,28.845,0.429,1.073,2021-01-09,113.503,91.677,47.69,16.309,1
C119,CG1,28.846,0.529,2.324,2021-01-03,95.726,93.226,50.232,16.309,1
C120,CG1,28.846,0.595,2.771,2021-01-01,102.519,93.742,48.109,16.309,1
C121,CG1,28.847,0.437,1.162,2021-01-25,102.174,87.548,36.548,16.309,1
C122,CG1,28.848,0.458,1.43,2021-03-22,81.738,73.323,35.863,16.309,1
C123,CG1,28.848,0.56,1.52,2021-01-01,85.934,93.742,48.993,16.309,1
C124,CG1,28.849,0.476,1.52,2021-01-01,102.222,93.742,49.739,16.309,1
C125,CG1,28.85,0.509,2.056,2021-01-01,89.725,93.742,57.723,16.309,1
C126,CG1,28.851,0.601,1.43,2021-01-01,113.021,93.742,56.264,16.309,1
C127,CG1,28.851,0.551,7.777,2021-01-03,85.414,93.226,50.576,16.309,1
C128,CG1,28.855,0.473,3.397,2021-01-03,99.241,93.226,53.839,16.309,1
C129,CG1,28.856,0.53,1.341,2021-01-01,102.826,93.742,52.344,16.309,1
C130,CG1,28.856,0.626,2.056,2021-01-01,112.662,93.742,64.269,16.309,1
C131,CG1,28.856,0.468,1.252,2021-01-09,97.723,91.677,46.368,16.309,1
C132,CG1,28.856,0.514,1.43,2021-02-26,78.115,79.5,44.452,16.309,1
C133,CG1,28.857,0.564,1.252,2021-01-13,93.377,90.645,46.383,16.309,1
C134,CG1,28.858,0.442,1.699,2021-01-13,110.328,90.645,41.825,16.309,1
C135,CG1,28.857,0.53,1.52,2021-01-27,93.988,87.032,52.672,16.309,1
C136,CG1,28.858,0.538,1.52,2021-01-09,96.597,91.677,50.084,16.309,1
C137,CG1,28.86,0.518,2.771,2021-01-09,89.275,91.677,47.308,16.309,1
C138,CG1,28.859,0.585,1.43,2021-01-01,104.58,93.742,48.921,16.309,1
C139,CG1,28.861,0.459,2.503,2021-01-13,110.091,90.645,41.481,16.309,1
C140,CG1,28.862,0.485,1.341,2021-01-13,92.193,90.645,43.983,16.309,1
C141,CG1,28.862,0.519,1.698,2021-01-03,90.031,93.226,56.186,16.309,1
C142,CG1,28.862,0.6,1.073,2021-01-21,101.584,88.581,48.47,16.309,1
C143,CG1,28.863,0.456,1.162,2021-01-09,112.049,91.677,31.924,16.309,1
C144,CG1,28.864,0.428,1.252,2021-01-21,109.744,88.581,50.341,16.309,1
C145,CG1,28.865,0.573,1.073,2021-06-06,42.193,54.0,32.906,16.309,1
C146,CG1,28.865,0.472,11.174,2021-01-01,108.154,93.742,53.62,16.309,1
C147,CG1,28.867,0.445,1.252,2021-02-06,93.316,84.5,51.534,16.309,1
C148,CG1,28.867,0.542,1.341,2021-01-09,84.563,91.677,50.638,16.309,1
C149,CG1,28.868,0.591,1.162,2021-02-26,89.893,79.5,43.433,16.309,1
C150,CG1,28.868,0.504,1.341,2021-01-03,99.732,93.226,44.097,16.309,1
C151,CG1,28.869,0.49,2.056,2021-02-18,79.961,81.5,39.611,16.309,1
C152,CG1,28.87,0.575,1.341,2021-01-13,88.161,90.645,43.005,16.309,1
C153,CG1,28.87,0.485,1.43,2021-01-21,84.894,88.581,37.585,16.309,1
C154,CG1,28.871,0.622,1.967,2021-01-03,113.397,93.226,66.626,16.309,1
C155,CG1,28.87,0.512,1.609,2021-02-14,85.06,82.5,42.828,16.309,1
C156,CG1,28.872,0.535,3.218,2021-01-13,93.963,90.645,46.85,16.309,1
C157,CG1,28.872,0.568,1.073,2021-01-25,82.738,87.548,45.716,16.309,1
C158,CG1,28.876,0.609,2.414,2021-01-09,99.418,91.677,53.799,16.309,1
C159,CG1,28.876,0.521,1.341,2021-03-04,78.249,77.968,38.488,16.309,1
C160,CG1,28.876,0.531,2.056,2021-01-01,105.49,93.742,48.728,16.309,1
C161,CG1,28.877,0.623,1.162,2021-03-22,86.406,73.323,44.891,16.309,1
C162,CG1,28.878,0.572,1.073,2021-01-13,87.438,90.645,46.265,16.309,1
C163,CG1,28.878,0.499,1.073,2021-01-01,102.042,93.742,37.567,16.309,1
C164,CG1,28.879,0.529,1.341,2021-01-13,97.312,90.645,54.726,16.309,1
C165,CG1,28.878,0.562,2.95,2021-01-01,94.228,93.742,54.987,16.309,1
C166,CG1,28.879,0.488,1.073,2021-11-09,15.524,12.2,18.614,16.309,1
C167,CG1,28.879,0.604,2.861,2021-01-03,98.879,93.226,57.275,16.309,1
C168,CG1,28.881,0.523,1.252,2021-01-01,102.712,93.742,49.412,16.309,1
C169,CG1,28.88,0.549,2.592,2021-01-01,97.811,93.742,42.697,16.309,1
C170,CG1,28.882,0.564,1.698,2021-02-06,89.081,84.5,47.115,16.309,1
C171,CG1,28.882,0.567,1.073,2021-01-15,98.679,90.129,53.258,16.309,1
C172,CG1,28.883,0.439,1.073,2021-02-20,104.664,81.0,37.596,16.309,1
C173,CG1,28.884,0.499,1.252,2021-01-01,110.552,93.742,50.924,16.309,1
C174,CG1,28.884,0.514,1.162,2021-02-06,97.334,84.5,43.483,16.309,1
C175,CG1,28.884,0.455,1.252,2021-02-26,97.5,79.5,43.489,16.309,1
C176,CG1,28.886,0.516,1.52,2021-01-03,54.625,93.226,54.214,16.309,1
C177,CG1,28.888,0.568,1.698,2021-05-13,33.635,60.645,33.413,16.309,1
C178,CG1,28.89,0.525,1.341,2021-01-03,57.311,93.226,46.544,16.309,1
C179,CG1,28.891,0.515,2.95,2021-01-13,54.867,90.645,50.2,16.309,1
C180,CG1,28.894,0.506,1.877,2021-01-13,58.122,90.645,45.212,16.309,1
C181,CG1,28.894,0.516,1.43,2021-01-01,51.618,93.742,52.923,16.309,1
C182,CG1,28.894,0.48,1.073,2021-11-17,6.259,10.6,22.789,16.309,1
C183,CG1,28.894,0.486,1.43,2021-01-03,58.027,93.226,42.365,16.309,1
C184,CG1,28.894,0.482,1.967,2021-01-01,58.695,93.742,38.993,16.309,1
C185,CG1,28.899,0.53,1.252,2021-02-08,49.66,84.0,40.081,16.309,1
C186,CG1,28.9,0.606,1.073,2021-01-01,48.25,93.742,51.982,16.309,1
C187,CG1,28.9,0.563,1.877,2021-01-01,52.991,93.742,62.921,16.309,1
C188,CG1,28.9,0.505,1.341,2021-01-13,55.353,90.645,53.28,16.309,1
C189,CG1,28.901,0.526,1.252,2021-01-25,46.27,87.548,32.982,16.309,1
C190,CG1,28.902,0.504,3.486,2021-01-13,55.792,90.645,55.661,16.309,1
C191,CG1,28.903,0.516,1.43,2021-01-25,46.683,87.548,42.6,16.309,1
C192,CG1,28.904,0.5,1.609,2021-01-01,60.207,93.742,50.626,16.309,1
C193,CG1,28.904,0.54,1.609,2021-01-13,56.919,90.645,53.178,16.309,1
C194,CG1,28.906,0.579,2.324,2021-01-01,52.229,93.742,63.328,16.309,1
C195,CG1,28.906,0.527,1.162,2021-04-15,37.4,67.5,39.867,16.309,1
C196,CG1,28.907,0.534,2.324,2021-01-21,53.637,88.581,55.448,16.309,1
C197,CG1,28.908,0.58,2.145,2021-01-15,51.639,90.129,54.176,16.309,1
C198,CG1,28.909,0.562,1.698,2021-01-13,51.579,90.645,63.193,16.309,1
C199,CG1,28.91,0.534,2.414,2021-01-03,59.336,93.226,62.172,16.309,1
C200,CG1,28.912,0.526,1.073,2021-01-09,54.868,91.677,42.046,16.309,1
C201,CG1,28.911,0.56,1.162,2021-01-09,51.743,91.677,60.15,16.309,1
C203,CG1,28.919,0.619,1.43,2021-01-25,53.407,87.548,40.108,16.309,1
C204,CG1,28.92,0.482,1.341,2021-04-19,22.33,66.567,41.304,16.309,1
C205,CG1,28.922,0.516,1.073,2021-03-14,26.752,75.387,47.619,16.309,1
C206,CG1,28.922,0.57,2.145,2021-01-09,49.568,91.677,60.125,16.309,1
C207,CG1,28.923,0.652,1.073,2021-01-21,51.292,88.581,56.189,16.309,1
C208,CG1,28.924,0.498,1.162,2021-10-18,7.101,17.355,27.316,16.309,1
C209,CG1,28.925,0.637,3.576,2021-03-14,45.452,75.387,52.902,16.309,1
C210,CG1,28.927,0.564,3.933,2021-09-24,11.511,23.2,31.893,16.309,1
C211,CG1,28.927,0.611,1.251,2021-01-13,51.583,90.645,42.854,16.309,1
C212,CG1,28.93,0.448,1.788,2021-01-21,33.361,88.581,54.299,16.309,1
C213,CG1,28.933,0.477,1.252,2021-01-01,36.785,93.742,56.995,16.309,1
C214,CG1,28.935,0.573,1.788,2021-01-09,32.114,91.677,52.965,16.309,1
C215,CG1,28.936,0.498,1.43,2021-01-13,33.703,90.645,56.777,16.309,1
C216,CG1,28.937,0.572,2.95,2021-01-21,30.964,88.581,62.015,16.309,1
C217,CG1,28.938,0.553,1.162,2021-02-02,29.028,85.5,48.783,16.309,1
C218,CG1,28.938,0.461,1.252,2021-02-06,26.471,84.5,43.472,16.309,1
C219,CG1,28.938,0.513,1.877,2021-01-21,28.86,88.581,58.151,16.309,1
C220,CG1,28.938,0.478,2.235,2021-01-03,36.175,93.226,50.234,16.309,1
C221,CG1,28.94,0.483,1.43,2021-02-18,31.401,81.5,58.66,16.309,1
C222,CG1,28.94,0.54,1.073,2021-11-09,5.147,12.2,19.786,16.309,1
C223,CG1,28.94,0.537,2.414,2021-01-25,30.504,87.548,56.008,16.309,1
C224,CG1,28.942,0.522,2.145,2021-01-13,30.485,90.645,60.654,16.309,1
C225,CG1,28.941,0.533,1.609,2021-01-03,34.531,93.226,48.148,16.309,1
C226,CG1,28.944,0.432,1.252,2021-02-02,30.561,85.5,52.576,16.309,1
C227,CG1,28.944,0.52,1.52,2021-01-09,31.267,91.677,63.181,16.309,1
C228,CG1,28.945,0.57,2.056,2021-01-01,32.393,93.742,58.442,16.309,1
C229,CG1,28.945,0.489,1.252,2021-01-01,35.666,93.742,56.671,16.309,1
C230,CG1,28.946,0.526,1.52,2021-01-09,26.982,91.677,54.449,16.309,1
C231,CG1,28.946,0.579,2.771,2021-10-24,5.334,15.806,30.54,16.309,1
C232,CG1,28.946,0.568,2.056,2021-02-08,26.115,84.0,51.061,16.309,1
C233,CG1,28.947,0.517,1.162,2021-01-01,32.751,93.742,61.283,16.309,1
C234,CG1,28.945,0.574,8.85,2021-01-01,31.114,93.742,60.586,16.309,1
C235,CG1,28.948,0.539,1.609,2021-01-25,31.077,87.548,58.165,16.309,1
C236,CG1,28.949,0.587,1.43,2021-03-02,22.329,78.484,33.614,16.309,1
C237,CG1,28.949,0.485,1.43,2021-07-30,12.966,37.29,35.809,16.309,1
C238,CG1,28.95,0.498,2.414,2021-01-01,34.289,93.742,53.914,16.309,1
C239,CG1,28.95,0.517,1.43,2021-03-04,25.241,77.968,53.664,16.309,1
C240,CG1,28.951,0.567,1.252,2021-01-13,28.116,90.645,54.195,16.309,1
C241,CG1,28.951,0.565,2.056,2021-02-02,26.783,85.5,46.262,16.309,1
C242,CG1,28.952,0.551,1.252,2021-01-25,28.155,87.548,59.344,16.309,1
C243,CG1,28.952,0.522,1.341,2021-01-03,34.039,93.226,55.979,16.309,1
C244,CG1,28.953,0.538,1.252,2021-01-09,32.425,91.677,51.077,16.309,1
C245,CG1,28.955,0.641,1.073,2021-08-17,10.033,32.065,27.061,16.309,1
C246,CG1,28.956,0.485,1.252,2021-01-13,30.72,90.645,50.267,16.309,1
C247,CG1,28.957,0.547,1.609,2021-02-02,32.904,85.5,52.807,16.309,1
C248,CG1,28.957,0.581,1.073,2021-01-25,25.978,87.548,36.034,16.309,1
C249,CG1,28.958,0.496,2.592,2021-01-27,32.081,87.032,52.029,16.309,1
C250,CG1,28.957,0.579,1.073,2021-06-14,13.648,51.333,37.958,16.309,1
C251,CG1,28.959,0.608,1.251,2021-02-06,26.111,84.5,35.039,16.309,1
C252,CG1,28.958,0.558,1.877,2021-01-01,33.277,93.742,57.75,16.309,1
C253,CG1,28.962,0.488,1.967,2021-03-04,27.879,77.968,51.692,16.309,1
C254,CG1,28.962,0.58,1.073,2021-02-02,25.73,85.5,48.87,16.309,1
C255,CG1,28.963,0.559,1.52,2021-01-01,30.319,93.742,35.859,16.309,1
C256,CG1,28.964,0.522,2.056,2021-01-21,28.406,88.581,58.433,16.309,1
C257,CG1,28.964,0.555,1.341,2021-01-09,28.895,91.677,44.917,16.309,1
C258,CG1,28.965,0.561,1.788,2021-03-22,20.616,73.323,43.741,16.309,1
C259,CG1,28.965,0.558,2.145,2021-03-14,19.551,75.387,34.421,16.309,1
C260,CG1,28.967,0.558,1.788,2021-01-03,29.626,93.226,56.053,16.309,1
C261,CG1,28.969,0.45,1.43,2021-02-02,29.283,85.5,45.249,16.309,1
C262,CG1,28.97,0.566,1.073,2021-03-14,22.952,75.387,28.689,16.309,1
C263,CG1,28.971,0.521,1.967,2021-02-08,26.812,84.0,50.766,16.309,1
C264,CG1,28.972,0.609,3.486,2021-03-22,22.539,73.323,53.799,16.309,1
C265,CG1,28.975,0.648,1.162,2021-02-14,27.941,82.5,46.219,16.309,1
C266,CG1,28.975,0.492,1.162,2021-02-26,29.631,79.5,43.738,16.309,1
C267,CG1,28.976,0.52,1.162,2021-02-06,26.67,84.5,43.02,16.309,1
C268,CG1,28.976,0.619,1.609,2021-02-14,25.73,82.5,48.315,16.309,1
C269,CG1,28.977,0.482,1.52,2021-01-21,30.004,88.581,49.296,16.309,1
C270,CG1,28.979,0.436,1.43,2021-01-09,32.536,91.677,54.569,16.309,1
C271,CG1,28.979,0.601,1.073,2021-01-09,31.584,91.677,48.779,16.309,1
C272,CG1,28.979,0.561,1.341,2021-01-21,26.523,88.581,28.6,16.309,1
C273,CG1,28.979,0.602,1.43,2021-04-07,19.622,69.367,41.011,16.309,1
C274,CG1,28.982,0.578,1.341,2021-09-10,7.675,26.0,26.262,16.309,1
C275,CG1,28.982,0.54,1.341,2021-04-07,19.793,69.367,39.477,16.309,1
C276,CG1,28.983,0.535,1.877,2021-03-04,22.915,77.968,49.286,16.309,1
C277,CG1,28.983,0.492,1.341,2021-10-24,7.754,15.806,24.524,16.309,1
C278,CG1,28.984,0.487,1.073,2021-02-02,29.963,85.5,45.27,16.309,1
C279,CG1,28.985,0.517,1.967,2021-02-02,28.448,85.5,54.92,16.309,1
C280,CG1,28.985,0.498,1.073,2021-02-14,27.515,82.5,40.926,16.309,1
C281,CG1,28.984,0.534,1.162,2021-02-02,27.491,85.5,39.323,16.309,1
C282,CG1,28.984,0.603,4.47,2021-03-26,22.422,72.29,47.975,16.309,1
C283,CG1,28.984,0.52,2.771,2021-03-26,21.221,72.29,39.766,16.309,1
C284,CG1,28.986,0.493,1.162,2021-11-29,2.217,8.2,21.444,16.309,1
C285,CG1,28.988,0.519,1.788,2021-03-22,23.767,73.323,53.033,16.309,1
C286,CG1,28.988,0.554,1.967,2021-05-13,15.143,60.645,36.505,16.309,1
C287,CG1,28.988,0.517,1.073,2021-02-26,27.078,79.5,44.433,16.309,1
C288,CG1,28.989,0.599,1.967,2021-01-09,30.491,91.677,33.215,16.309,1
C289,CG1,28.989,0.509,2.861,2021-10-16,9.247,17.871,28.653,16.309,1
C290,CG1,28.988,0.548,4.112,2021-08-29,9.267,28.581,33.01,16.309,1
C291,CG1,28.989,0.558,1.162,2021-09-12,6.78,25.6,25.87,16.309,1
C292,CG1,28.99,0.62,1.162,2021-08-25,8.745,29.742,29.741,16.309,1
C293,CG1,28.989,0.444,2.324,2021-01-03,34.598,93.226,42.638,16.309,1
C294,CG1,28.99,0.576,1.252,2021-01-09,26.958,91.677,38.161,16.309,1
C295,CG1,28.991,0.626,1.609,2021-01-27,25.515,87.032,45.371,16.309,1
C296,CG1,28.991,0.464,1.43,2021-07-26,12.125,38.452,31.718,16.309,1
C297,CG1,28.991,0.537,1.073,2021-03-26,17.592,72.29,48.245,16.309,1
C298,CG1,28.992,0.585,2.235,2021-02-02,26.21,85.5,40.781,16.309,1
C299,CG1,28.991,0.472,1.073,2021-01-01,30.591,93.742,46.108,16.309,1
C300,CG1,28.992,0.604,1.341,2021-02-26,23.578,79.5,23.854,16.309,1
C301,CG1,28.992,0.582,2.861,2021-01-09,27.782,91.677,48.345,16.309,1
C302,CG1,28.993,0.591,1.073,2021-02-02,25.949,85.5,40.123,16.309,1
C303,CG1,28.994,0.585,2.95,2021-05-15,15.709,60.129,38.608,16.309,1
C304,CG1,28.995,0.547,3.486,2021-01-21,24.887,88.581,31.943,16.309,1
C305,CG1,28.995,0.591,1.341,2021-01-13,30.513,90.645,34.261,16.309,1
C306,CG1,28.995,0.618,1.698,2021-07-30,6.829,37.29,27.973,16.309,1
C307,CG1,28.995,0.581,2.95,2021-01-09,27.657,91.677,47.641,16.309,1
C308,CG1,28.996,0.539,1.252,2021-02-14,25.609,82.5,48.494,16.309,1
C309,CG1,28.997,0.623,3.397,2021-04-19,16.414,66.567,35.929,16.309,1
C310,CG1,28.998,0.559,1.877,2021-01-21,24.955,88.581,52.91,16.309,1
C311,CG1,28.999,0.628,1.698,2021-01-01,29.542,93.742,30.544,16.309,1
C312,CG1,29.001,0.582,1.877,2021-01-01,29.47,93.742,33.305,16.309,1
C313,CG1,29.001,0.62,1.162,2021-09-10,5.88,26.0,21.916,16.309,1
C314,CG1,29.003,0.531,1.967,2021-07-14,11.738,41.935,37.148,16.309,1
C315,CG1,29.002,0.566,4.47,2021-01-13,28.302,90.645,49.348,16.309,1
C316,CG1,29.003,0.598,1.073,2021-06-02,14.75,55.333,33.476,16.309,1
C317,CG1,29.005,0.445,1.609,2021-02-26,25.51,79.5,50.646,16.309,1
C318,CG1,29.006,0.6,3.129,2021-02-06,24.566,84.5,40.52,16.309,1
C319,CG1,29.005,0.6,1.341,2021-07-06,12.166,44.258,34.1,16.309,1
C320,CG1,29.007,0.436,1.52,2021-03-14,26.776,75.387,46.306,16.309,1
C321,CG1,29.006,0.579,1.341,2021-02-14,24.526,82.5,39.54,16.309,1
C322,CG1,29.008,0.437,1.609,2021-02-14,29.653,82.5,45.52,16.309,1
C323,CG1,29.009,0.584,1.967,2021-01-01,29.772,93.742,49.968,16.309,1
C324,CG1,29.01,0.624,2.235,2021-01-21,25.919,88.581,55.648,16.309,1
C325,CG1,29.011,0.439,2.503,2021-02-08,29.35,84.0,46.048,16.309,1
C326,CG1,29.011,0.458,3.129,2021-01-21,33.243,88.581,41.467,16.309,1
C327,CG1,29.011,0.618,2.235,2021-08-25,8.282,29.742,23.801,16.309,1
C328,CG1,29.01,0.65,2.235,2021-01-21,25.678,88.581,52.34,16.309,1
C329,CG1,29.012,0.633,1.162,2021-02-06,24.628,84.5,33.924,16.309,1
C330,CG1,29.013,0.455,1.967,2021-04-21,24.292,66.1,43.019,16.309,1
C331,CG1,29.013,0.441,1.162,2021-03-14,28.064,75.387,31.92,16.309,1
C332,CG1,29.013,0.627,5.632,2021-02-14,20.019,82.5,28.577,16.309,1
C333,CG1,29.014,0.568,1.162,2021-03-22,20.484,73.323,38.252,16.309,1
C334,CG1,29.014,0.65,1.52,2021-08-19,10.723,31.484,30.31,16.309,1
C335,CG1,29.015,0.562,1.162,2021-01-01,32.143,93.742,47.268,16.309,1
C336,CG1,29.015,0.629,2.056,2021-09-18,6.3,24.4,20.766,16.309,1
C337,CG1,29.016,0.519,1.341,2021-01-01,30.665,93.742,55.902,16.309,1
C338,CG1,29.017,0.556,1.43,2021-03-04,23.837,77.968,51.699,16.309,1
C339,CG1,29.019,0.532,2.861,2021-03-14,22.785,75.387,46.323,16.309,1
C340,CG1,29.021,0.501,1.43,2021-06-26,19.705,47.333,37.293,16.309,1
C341,CG1,29.02,0.455,1.609,2021-06-08,17.694,53.333,32.378,16.309,1
C342,CG1,29.021,0.62,1.609,2021-04-07,19.598,69.367,31.864,16.309,1
C343,CG1,29.022,0.582,1.073,2021-02-06,22.697,84.5,35.22,16.309,1
C344,CG1,29.022,0.6,1.162,2021-04-03,19.646,70.3,35.188,16.309,1
C345,CG1,29.023,0.471,1.341,2021-01-13,34.7,90.645,48.234,16.309,1
C346,CG1,29.023,0.563,1.073,2021-06-18,14.245,50.0,40.213,16.309,1
C347,CG1,29.025,0.536,1.073,2021-03-26,21.716,72.29,46.793,16.309,1
C348,CG1,29.025,0.559,1.073,2021-01-09,29.134,91.677,53.568,16.309,1
C349,CG1,29.025,0.597,1.341,2021-10-04,7.426,20.968,22.09,16.309,1
C350,CG1,29.026,0.646,6.257,2021-01-01,29.31,93.742,36.964,16.309,1
C351,CG1,29.027,0.564,1.073,2021-06-14,14.892,51.333,31.62,16.309,1
C352,CG1,29.028,0.463,2.324,2021-01-01,35.34,93.742,42.765,16.309,1
C353,CG1,29.03,0.52,1.162,2021-09-22,8.026,23.6,26.773,16.309,1
C354,CG1,29.033,0.556,3.576,2021-01-09,32.251,91.677,46.707,16.309,1
C355,CG1,29.034,0.619,1.43,2021-01-09,31.204,91.677,46.57,16.309,1
C356,CG1,29.035,0.53,3.218,2021-06-30,13.849,46.0,40.109,16.309,1
C357,CG1,29.036,0.609,1.251,2021-02-26,22.92,79.5,32.909,16.309,1
C358,CG1,29.036,0.563,3.576,2021-01-03,29.41,93.226,44.481,16.309,1
C359,CG1,29.038,0.472,1.073,2021-05-15,24.759,60.129,34.289,16.309,1
C360,CG1,29.04,0.604,5.542,2021-01-01,33.057,93.742,46.424,16.309,1
C361,CG1,29.038,0.623,1.073,2021-06-14,15.566,51.333,28.852,16.309,1
C362,CG1,29.039,0.488,1.073,2021-01-27,29.88,87.032,38.704,16.309,1
C363,CG1,29.04,0.498,1.609,2021-04-15,23.482,67.5,43.968,16.309,1
C364,CG1,29.042,0.528,1.877,2021-04-03,18.867,70.3,34.04,16.309,1
C365,CG1,29.041,0.563,1.609,2021-01-25,27.573,87.548,47.911,16.309,1
C366,CG1,29.042,0.638,3.754,2021-01-01,30.013,93.742,54.371,16.309,1
C367,CG1,29.042,0.522,1.52,2021-10-04,8.577,20.968,29.407,16.309,1
C368,CG1,29.043,0.596,1.52,2021-02-14,26.113,82.5,25.597,16.309,1
C369,CG1,29.046,0.561,2.145,2021-01-01,32.138,93.742,41.4,16.309,1
C370,CG1,29.046,0.46,1.073,2021-02-26,26.044,79.5,37.48,16.309,1
C371,CG1,29.046,0.628,1.698,2021-01-01,32.157,93.742,40.531,16.309,1
C372,CG1,29.049,0.609,1.162,2021-01-13,33.279,90.645,30.848,16.309,1
C373,CG1,29.05,0.588,1.162,2021-02-02,25.767,85.5,32.817,16.309,1
C374,CG1,29.05,0.64,1.341,2021-06-02,14.615,55.333,39.934,16.309,1
C375,CG1,29.052,0.642,3.397,2021-01-09,29.033,91.677,50.744,16.309,1
C376,CG1,29.053,0.536,1.162,2021-02-14,22.412,82.5,42.532,16.309,1
C377,CG1,29.053,0.435,1.073,2021-03-14,20.838,93.998,33.25,16.309,1
C378,CG1,29.055,0.641,1.251,2021-04-21,18.129,66.1,32.862,16.309,1
C379,CG1,29.056,0.639,1.073,2021-03-26,21.413,72.29,36.371,16.309,1
C380,CG1,29.058,0.637,1.698,2021-01-15,29.578,90.129,41.287,16.309,1
C381,CG1,29.061,0.53,1.43,2021-05-21,17.328,58.581,37.37,16.309,1
C382,CG1,29.062,0.593,1.698,2021-03-02,23.389,78.484,55.474,16.309,1
C383,CG1,29.064,0.623,1.52,2021-03-14,22.854,75.387,38.597,16.309,1
C384,CG1,29.066,0.642,1.073,2021-02-18,27.083,81.5,55.206,16.309,1
C385,CG1,29.068,0.575,1.073,2021-02-02,25.333,85.5,47.836,16.309,1
C386,CG1,29.07,0.549,1.43,2021-06-02,17.451,55.333,39.151,16.309,1
C387,CG1,29.072,0.647,1.43,2021-06-08,17.807,53.333,34.046,16.309,1
C388,CG1,29.074,0.635,3.486,2021-01-01,31.613,93.742,38.496,16.309,1
C389,CG1,29.077,0.639,3.218,2021-01-01,31.504,93.742,47.65,16.309,1
C390,CG1,29.077,0.635,2.056,2021-02-06,27.82,84.5,43.144,16.309,1
C391,CG1,29.078,0.471,1.162,2021-11-09,4.803,12.2,26.851,16.309,1
C392,CG1,29.079,0.449,1.162,2021-02-08,27.708,88.48,32.564,16.309,1
C393,CG1,29.08,0.544,1.788,2021-10-16,5.164,17.871,21.621,16.309,1
C394,CG1,29.081,0.607,1.251,2021-01-01,32.475,93.742,32.269,16.309,1
C395,CG1,29.082,0.556,1.43,2021-01-25,27.02,87.548,40.187,16.309,1
C396,CG1,29.084,0.624,2.145,2021-01-01,34.087,93.742,33.351,16.309,1
C397,CG1,29.085,0.571,2.861,2021-01-27,29.126,87.032,40.657,16.309,1
C398,CG1,29.087,0.59,1.162,2021-02-26,24.335,79.5,30.776,16.309,1
C399,CG1,29.087,0.448,1.162,2021-02-26,25.87,98.73,35.756,16.309,1
C400,CG1,29.09,0.55,2.235,2021-01-01,29.403,93.742,38.481,16.309,1
C401,CG1,29.09,0.647,1.52,2021-01-21,30.124,88.581,50.764,16.309,1
C402,CG1,29.091,0.475,1.073,2021-01-01,34.778,93.742,46.409,16.309,1
C403,CG1,29.092,0.567,2.771,2021-01-09,33.415,91.677,42.333,16.309,1
C404,CG1,29.092,0.551,1.162,2021-01-15,29.285,90.129,27.296,16.309,1
C405,CG1,29.092,0.435,1.252,2021-01-01,33.656,117.719,34.002,16.309,1
C406,CG1,29.093,0.566,1.43,2021-03-14,26.764,75.387,35.728,16.309,1
C407,CG1,29.093,0.574,1.252,2021-03-16,24.803,74.871,46.401,16.309,1
C408,CG1,29.094,0.462,1.43,2021-01-25,30.343,87.548,43.142,16.309,1
C409,CG1,29.095,0.602,1.52,2021-02-06,30.183,84.5,36.171,16.309,1
C410,CG1,29.096,0.546,1.341,2021-01-01,30.406,93.742,33.517,16.309,1
C411,CG1,29.098,0.568,1.252,2021-01-01,29.386,93.742,40.397,16.309,1
C412,CG1,29.099,0.456,1.609,2022-01-22,0.0,0.0,22.576,16.309,1
C413,CG1,29.1,0.435,1.073,2021-01-13,26.969,113.501,27.504,16.309,1
C414,CG1,29.102,0.64,1.251,2021-08-01,13.308,36.71,36.865,16.309,1
C415,CG1,29.106,0.62,1.162,2021-02-26,28.421,79.5,37.804,16.309,1
C416,CG1,29.107,0.644,1.251,2021-09-10,8.925,26.0,32.693,16.309,1
C417,CG1,29.116,0.597,1.073,2021-01-21,31.052,88.581,40.37,16.309,1
C418,CG1,29.122,0.637,1.073,2021-05-01,22.974,63.742,27.484,16.309,1
C419,CG1,29.132,0.613,1.43,2021-02-02,33.262,85.5,38.35,16.309,1
C420,CG1,29.132,0.645,3.129,2021-08-17,14.038,32.065,24.8,16.309,1
C421,CG1,29.141,0.549,1.073,2021-03-14,26.428,75.387,25.146,16.309,1
C422,CG1,29.141,0.633,1.877,2021-04-27,23.139,64.7,27.785,16.309,1
C423,CG1,29.152,0.641,1.162,2021-02-26,29.872,79.5,35.256,16.309,1
C424,CG1,29.176,0.579,1.43,2021-06-02,17.259,55.333,41.966,16.309,1
C425,CG1,29.18,0.54,1.073,2021-01-21,33.182,88.581,42.884,16.309,1
C426,CG1,29.195,0.622,2.771,2021-02-26,27.744,79.5,41.64,16.309,1
C427,CG1,29.195,0.482,1.162,2021-01-01,32.578,93.742,34.171,16.309,1
C428,CG1,29.196,0.626,1.073,2021-08-01,15.258,36.71,37.403,16.309,1
C429,CG1,29.197,0.575,1.073,2022-03-21,0.0,0.0,33.167,16.309,1
C431,CG1,29.198,0.577,1.341,2021-01-09,30.556,91.677,44.579,16.309,1
C432,CG1,29.2,0.583,2.414,2021-08-17,11.621,32.065,39.742,16.309,1
C433,CG1,29.202,0.585,3.308,2021-08-19,12.911,31.484,35.267,16.309,1
C434,CG1,29.209,0.65,1.162,2021-03-14,27.502,76.387,45.639,16.309,1
C435,CG1,29.214,0.611,1.52,2021-02-20,27.248,81.0,52.579,16.309,1
C437,CG1,29.519,0.573,1.162,2021-01-25,28.74,87.548,31.913,16.309,1
C438,CG1,29.572,0.53,3.933,2021-07-14,13.798,53.935,28.664,16.309,1
C439,CG1,28.682,0.663,1.341,2021-03-04,21.196,101.71,36.58,16.309,1
C440,CG1,28.683,0.858,1.52,2021-01-08,47.286,120.677,54.004,16.309,1
C441,CG1,28.701,0.807,2.056,2021-01-01,25.715,122.71,59.096,16.309,1
C442,CG1,28.74,0.686,1.162,2021-01-01,24.393,121.71,52.997,16.309,1
C443,CG1,28.74,0.679,1.341,2021-01-08,24.73,119.677,55.43,16.309,1
C444,CG1,28.741,0.676,1.698,2021-01-01,27.428,121.71,58.289,16.309,1
C445,CG1,28.758,0.671,5.453,2021-01-01,28.89,121.71,63.178,16.309,1
C446,CG1,28.761,0.653,1.877,2021-01-01,38.841,121.71,60.369,16.309,1
C447,CG1,28.763,0.839,1.251,2021-02-01,54.12,113.643,33.154,16.309,1
C448,CG1,28.771,0.653,3.933,2021-01-13,47.038,118.226,62.965,16.309,1
C449,CG1,28.773,0.659,1.341,2021-01-03,53.001,121.129,53.219,16.309,1
C450,CG1,28.796,0.67,1.609,2021-04-07,49.104,70.88,43.983,16.309,1
C451,CG1,28.797,0.664,1.877,2021-01-01,116.239,93.742,58.033,16.309,1
C452,CG1,28.806,0.664,1.698,2021-01-13,116.777,90.645,53.28,16.309,1
C453,CG1,28.821,0.657,2.324,2021-01-01,112.716,93.742,63.064,16.309,1
C454,CG1,28.825,0.656,2.324,2021-01-01,113.587,93.742,62.222,16.309,1
C455,CG1,28.83,0.674,4.38,2021-01-01,118.525,93.742,68.104,16.309,1
C456,CG1,28.841,0.663,2.861,2021-09-10,31.117,26.0,34.846,16.309,1
C457,CG1,28.872,0.683,1.073,2021-02-20,108.932,81.0,47.782,16.309,1
C458,CG1,28.874,0.654,1.073,2021-03-02,95.408,78.484,55.115,16.309,1
C459,CG1,28.938,0.669,1.609,2021-01-13,52.098,90.645,52.254,16.309,1
C460,CG1,28.952,0.779,6.436,2021-01-01,59.913,94.742,65.062,16.309,1
C461,CG1,28.958,0.659,1.073,2021-09-10,9.315,26.0,29.546,16.309,1
C462,CG1,28.958,0.794,2.056,2021-01-01,55.804,94.742,63.561,16.309,1
C463,CG1,28.97,0.698,1.341,2021-03-26,18.665,73.29,38.388,16.309,1
C464,CG1,28.97,0.794,1.251,2021-08-05,16.097,35.548,38.317,16.309,1
C465,CG1,28.97,0.702,4.023,2021-06-30,10.443,47.0,29.018,16.309,1
C466,CG1,28.973,0.654,1.251,2021-01-27,28.698,87.032,41.007,16.309,1
C467,CG1,28.975,0.653,1.609,2021-02-06,25.696,84.5,44.709,16.309,1
C468,CG1,28.975,0.655,1.877,2021-01-03,31.788,93.226,53.445,16.309,1
C469,CG1,28.978,0.693,1.877,2021-09-10,7.543,26.0,29.202,16.309,1
C470,CG1,28.98,0.86,1.162,2021-04-19,91.813,67.567,49.018,16.309,1
C471,CG1,28.982,0.693,2.771,2021-03-26,20.024,73.29,45.735,16.309,1
C472,CG1,28.983,0.657,2.414,2021-01-21,28.688,88.581,46.736,16.309,1
C473,CG1,28.983,0.859,2.771,2021-01-01,123.747,94.742,59.636,16.309,1
C474,CG1,28.985,0.869,5.542,2021-04-27,96.212,65.7,50.091,16.309,1
C475,CG1,28.989,0.869,1.341,2021-08-13,46.261,33.226,39.095,16.309,1
C476,CG1,28.99,0.809,3.129,2021-01-03,34.04,94.226,42.557,16.309,1
C477,CG1,28.991,0.812,1.162,2021-01-27,26.918,88.032,48.14,16.309,1
C478,CG1,28.991,0.868,1.341,2021-10-04,28.7,20.968,35.554,16.309,1
C479,CG1,28.991,0.858,2.056,2021-01-25,90.987,88.548,48.465,16.309,1
C480,CG1,28.992,0.657,1.251,2021-01-01,30.959,93.742,59.018,16.309,1
C481,CG1,28.991,0.862,1.52,2021-05-01,70.53,64.742,46.358,16.309,1
C482,CG1,28.994,0.686,2.324,2021-01-01,28.417,93.742,45.622,16.309,1
C483,CG1,28.996,0.66,1.788,2021-01-01,31.034,93.742,43.425,16.309,1
C484,CG1,28.997,0.859,1.073,2021-03-16,65.802,75.871,54.697,16.309,1
C485,CG1,29.0,0.823,6.436,2021-02-02,57.769,86.5,55.776,16.309,1
C486,CG1,29.002,0.689,1.251,2021-01-13,27.224,91.645,21.701,16.309,1
C487,CG1,29.002,0.762,1.073,2021-08-05,9.001,35.548,33.221,16.309,1
C488,CG1,29.002,0.837,6.257,2021-07-18,30.268,41.194,49.303,16.309,1
C489,CG1,29.002,0.698,1.52,2021-01-01,27.535,94.742,53.354,16.309,1
C490,CG1,29.002,0.784,2.503,2021-03-26,18.806,73.29,43.518,16.309,1
C491,CG1,29.002,0.685,2.682,2021-07-18,8.048,40.835,26.939,16.309,1
C492,CG1,29.004,0.725,3.129,2021-01-13,24.732,91.645,45.543,16.309,1
C493,CG1,29.005,0.707,2.056,2021-02-26,22.384,80.5,34.779,16.309,1
C494,CG1,29.005,0.685,1.073,2021-01-01,30.11,94.664,52.27,16.309,1
C495,CG1,29.005,0.746,1.43,2021-01-03,27.602,94.226,41.861,16.309,1
C496,CG1,29.006,0.778,1.877,2021-01-01,28.251,94.742,59.491,16.309,1
C497,CG1,29.007,0.672,2.324,2021-05-25,12.931,57.548,37.135,16.309,1
C498,CG1,29.008,0.689,5.095,2021-01-01,27.888,94.742,54.067,16.309,1
C499,CG1,29.007,0.71,1.073,2021-08-29,6.253,28.581,21.056,16.309,1
C500,CG1,29.007,0.715,1.698,2021-08-17,9.01,32.065,24.068,16.309,1
C501,CG1,29.008,0.675,1.609,2021-01-01,25.946,93.742,39.598,16.309,1
C502,CG1,29.008,0.731,1.609,2021-01-25,27.508,88.548,51.912,16.309,1
C503,CG1,29.009,0.741,3.933,2021-01-09,28.366,92.677,52.876,16.309,1
C504,CG1,29.01,0.737,1.251,2021-01-01,27.683,94.742,55.538,16.309,1
C505,CG1,29.01,0.668,1.162,2021-02-26,24.092,79.5,31.013,16.309,1
C506,CG1,29.011,0.693,4.38,2021-01-01,28.386,94.742,56.2,16.309,1
C507,CG1,29.012,0.844,2.86,2021-03-22,55.086,74.323,47.247,16.309,1
C508,CG1,29.012,0.685,1.341,2021-02-08,23.653,85.0,31.66,16.309,1
C509,CG1,29.012,0.734,1.341,2021-01-13,28.166,91.645,42.986,16.309,1
C510,CG1,29.012,0.863,1.162,2021-03-16,61.372,75.871,47.549,16.309,1
C511,CG1,29.012,0.696,1.341,2021-10-16,4.298,17.871,15.913,16.309,0
C512,CG1,29.014,0.688,4.201,2021-01-09,27.423,92.677,48.009,16.309,1
C513,CG1,29.014,0.732,1.698,2021-01-25,28.077,88.548,37.415,16.309,1
C514,CG1,29.016,0.741,5.453,2021-01-01,28.647,94.742,50.44,16.309,1
C515,CG1,29.015,0.763,1.251,2021-02-26,20.773,80.5,46.882,16.309,1
C516,CG1,29.017,0.848,2.413,2021-01-01,70.871,94.742,48.534,16.309,1
C517,CG1,29.017,0.794,3.665,2021-01-25,25.677,88.548,41.921,16.309,1
C518,CG1,29.018,0.71,1.251,2021-05-09,18.449,62.677,45.909,16.309,1
C519,CG1,29.018,0.742,2.592,2021-01-25,25.387,88.548,35.249,16.309,1
C520,CG1,29.018,0.666,1.341,2021-02-26,20.131,79.5,36.162,16.309,1
C521,CG1,29.018,0.793,2.503,2021-08-19,8.547,31.484,26.873,16.309,1
C522,CG1,29.018,0.844,1.698,2021-01-13,66.593,91.645,44.333,16.309,1
C523,CG1,29.02,0.699,1.52,2021-03-28,18.408,72.774,40.302,16.309,1
C524,CG1,29.02,0.829,1.162,2021-09-10,19.286,26.0,29.155,16.309,1
C525,CG1,29.019,0.72,2.145,2021-03-28,19.643,72.774,27.56,16.309,1
C526,CG1,29.02,0.74,7.866,2021-01-01,27.114,94.742,37.614,16.309,1
C527,CG1,29.021,0.708,1.251,2021-02-26,25.348,80.5,36.585,16.309,1
C528,CG1,29.021,0.684,1.162,2021-07-14,10.135,42.484,35.289,16.309,1
C529,CG1,29.022,0.846,1.52,2021-02-14,59.263,83.5,51.977,16.309,1
C530,CG1,29.022,0.732,2.324,2021-02-26,19.444,80.5,22.328,16.309,1
C531,CG1,29.023,0.826,1.52,2021-02-14,49.827,83.5,44.799,16.309,1
C532,CG1,29.023,0.842,1.073,2021-01-13,62.418,91.645,45.529,16.309,1
C533,CG1,29.024,0.728,1.073,2021-10-28,5.194,14.774,16.055,16.309,0
C534,CG1,29.024,0.816,1.251,2021-05-21,26.856,59.581,40.682,16.309,1
C535,CG1,29.025,0.838,2.145,2021-03-22,52.54,74.323,35.889,16.309,1
C536,CG1,29.024,0.828,1.162,2021-06-30,31.204,47.0,29.279,16.309,1
C537,CG1,29.026,0.657,1.341,2021-01-01,26.773,93.742,47.495,16.309,1
C538,CG1,29.025,0.737,6.079,2021-02-02,22.81,86.5,31.278,16.309,1
C539,CG1,29.027,0.841,1.698,2021-01-13,62.481,91.645,46.02,16.309,1
C540,CG1,29.026,0.66,1.341,2021-01-13,25.522,90.645,35.843,16.309,1
C541,CG1,29.026,0.848,1.162,2021-06-08,41.556,54.333,32.874,16.309,1
C542,CG1,29.027,0.695,1.52,2021-02-02,26.599,86.5,35.538,16.309,1
C543,CG1,29.027,0.756,1.073,2021-03-22,20.828,74.323,32.353,16.309,1
C544,CG1,29.027,0.822,1.073,2021-07-14,29.278,42.484,27.05,16.309,1
C545,CG1,29.028,0.739,1.698,2021-09-24,5.308,23.2,20.626,16.309,1
C546,CG1,29.029,0.833,1.967,2021-01-01,61.9,94.742,53.446,16.309,1
C547,CG1,29.03,0.854,1.43,2021-01-15,68.292,91.129,41.246,16.309,1
C548,CG1,29.03,0.671,1.43,2021-01-03,24.682,93.226,35.305,16.309,1
C549,CG1,29.029,0.848,2.413,2021-01-03,66.547,94.226,53.242,16.309,1
C550,CG1,29.03,0.797,1.251,2021-01-03,28.192,94.226,57.38,16.309,1
C551,CG1,29.03,0.717,2.414,2021-06-26,14.68,48.333,26.424,16.309,1
C552,CG1,29.031,0.734,1.341,2021-02-02,24.129,86.5,44.376,16.309,1
C553,CG1,29.031,0.74,1.52,2021-02-06,26.237,85.5,41.415,16.309,1
C554,CG1,29.032,0.752,1.43,2021-01-01,25.564,94.742,49.865,16.309,1
C555,CG1,29.033,0.741,1.52,2021-02-26,20.506,80.5,39.822,16.309,1
C556,CG1,29.033,0.672,1.877,2021-02-26,16.928,79.5,44.358,16.309,1
C557,CG1,29.033,0.828,1.698,2021-01-01,60.572,94.742,40.702,16.309,1
C558,CG1,29.033,0.865,1.788,2021-01-01,72.605,94.742,52.027,16.309,1
C559,CG1,29.034,0.734,2.056,2021-02-06,26.01,85.5,36.778,16.309,1
C560,CG1,29.034,0.798,1.073,2021-01-25,25.723,88.548,44.908,16.309,1
C561,CG1,29.035,0.735,1.162,2021-01-21,26.03,89.581,34.28,16.309,1
C562,CG1,29.035,0.777,2.324,2021-01-03,30.586,94.226,44.054,16.309,1
C563,CG1,29.036,0.758,1.698,2021-01-13,28.356,91.645,52.68,16.309,1
C564,CG1,29.037,0.857,1.162,2021-01-13,65.45,91.645,48.822,16.309,1
C565,CG1,29.038,0.752,2.86,2021-08-13,8.147,33.226,26.019,16.309,1
C566,CG1,29.037,0.783,1.967,2021-01-25,28.318,88.548,39.121,16.309,1
C567,CG1,29.038,0.871,1.967,2021-02-26,58.784,80.5,50.383,16.309,1
C568,CG1,29.039,0.852,1.251,2021-01-21,61.923,89.581,44.695,16.309,1
C569,CG1,29.039,0.788,2.324,2021-06-24,16.055,49.0,31.043,16.309,1
C570,CG1,29.039,0.7,2.056,2021-03-26,22.939,73.29,43.769,16.309,1
C571,CG1,29.041,0.87,2.235,2021-07-24,30.587,39.258,32.225,16.309,1
C572,CG1,29.041,0.757,1.341,2021-03-14,21.331,76.387,39.946,16.309,1
C573,CG1,29.041,0.798,1.073,2021-01-21,28.707,89.581,42.216,16.309,1
C574,CG1,29.041,0.81,1.967,2021-01-09,31.326,92.677,40.159,16.309,1
C575,CG1,29.042,0.801,1.52,2021-03-16,22.842,75.871,38.113,16.309,1
C576,CG1,29.042,0.818,1.251,2021-03-22,48.411,74.323,26.566,16.309,1
C577,CG1,29.042,0.737,1.609,2021-01-01,29.975,94.742,30.008,16.309,1
C578,CG1,29.043,0.828,1.698,2021-04-03,51.751,71.3,48.727,16.309,1
C579,CG1,29.043,0.822,1.788,2021-01-01,64.449,94.742,34.906,16.309,1
C580,CG1,29.044,0.799,2.235,2021-01-01,30.052,94.742,41.686,16.309,1
C581,CG1,29.044,0.82,1.967,2021-02-06,55.092,85.5,43.906,16.309,1
C582,CG1,29.045,0.719,1.251,2021-03-26,25.767,73.29,42.026,16.309,1
C583,CG1,29.044,0.867,2.682,2021-01-01,61.407,94.742,51.418,16.309,1
C584,CG1,29.045,0.67,1.788,2021-01-15,23.695,90.129,38.158,16.309,1
C585,CG1,29.047,0.815,1.609,2021-02-26,27.308,80.5,46.412,16.309,1
C586,CG1,29.047,0.679,1.788,2021-06-18,11.888,51.0,25.07,16.309,1
C587,CG1,29.046,0.706,2.324,2021-01-09,28.665,92.677,52.015,16.309,1
C588,CG1,29.048,0.787,4.291,2021-01-09,27.971,92.677,50.391,16.309,1
C589,CG1,29.048,0.861,1.162,2021-01-03,67.92,94.226,50.126,16.309,1
C590,CG1,29.048,0.813,1.073,2021-02-14,29.241,83.5,35.724,16.309,1
C591,CG1,29.048,0.708,1.251,2021-08-01,11.011,36.71,26.403,16.309,1
C592,CG1,29.048,0.868,2.145,2021-10-04,15.175,20.968,26.971,16.309,1
C593,CG1,29.048,0.682,3.039,2021-01-13,29.107,91.645,23.849,16.309,1
C594,CG1,29.049,0.794,2.414,2021-03-22,23.416,74.323,36.313,16.309,1
C595,CG1,29.049,0.827,1.162,2021-12-23,1.725,2.065,32.869,16.309,1
C596,CG1,29.05,0.822,3.665,2021-01-09,59.515,92.677,40.143,16.309,1
C597,CG1,29.05,0.66,1.251,2021-03-22,18.198,73.323,30.505,16.309,1
C598,CG1,29.05,0.787,1.073,2021-01-09,28.388,92.677,34.031,16.309,1
C599,CG1,29.048,0.671,3.486,2021-04-19,15.08,66.567,30.446,16.309,1
C600,CG1,29.051,0.835,1.251,2021-09-10,21.487,26.0,45.558,16.309,1
C601,CG1,29.05,0.701,1.967,2021-01-09,29.985,92.677,47.769,16.309,1
C602,CG1,29.051,0.783,3.218,2021-04-03,22.143,71.3,31.02,16.309,1
C603,CG1,29.051,0.837,1.162,2021-02-18,57.408,82.5,33.485,16.309,1
C604,CG1,29.051,0.699,1.073,2021-01-03,31.074,94.226,50.222,16.309,1
C605,CG1,29.051,0.71,1.698,2021-01-03,29.437,94.226,60.466,16.309,1
C606,CG1,29.052,0.669,1.251,2021-09-12,5.783,25.6,18.223,16.309,1
C607,CG1,29.052,0.815,1.251,2022-01-22,0.0,0.0,28.027,16.309,1
C608,CG1,29.052,0.812,1.967,2021-02-26,27.033,80.5,53.476,16.309,1
C609,CG1,29.053,0.709,1.162,2021-01-25,27.308,88.548,50.528,16.309,1
C610,CG1,29.052,0.712,1.162,2021-01-21,26.69,89.581,41.676,16.309,1
C611,CG1,29.054,0.826,2.592,2021-02-26,50.072,80.5,45.476,16.309,1
C612,CG1,29.053,0.86,1.43,2021-01-03,68.658,94.226,50.661,16.309,1
C613,CG1,29.053,0.659,3.844,2021-09-18,5.483,24.4,25.238,16.309,1
C614,CG1,29.054,0.681,1.698,2021-08-07,8.892,34.968,21.94,16.309,1
C615,CG1,29.054,0.818,1.341,2021-04-21,43.485,67.1,28.474,16.309,1
C616,CG1,29.054,0.834,2.503,2021-02-08,53.472,85.0,46.032,16.309,1
C617,CG1,29.054,0.726,2.95,2021-02-02,25.78,86.5,49.329,16.309,1
C618,CG1,29.056,0.788,1.162,2021-06-12,19.4,53.0,31.893,16.309,1
C619,CG1,29.055,0.809,1.43,2021-01-09,32.408,92.677,43.377,16.309,1
C620,CG1,29.055,0.877,1.698,2021-01-03,71.533,94.226,52.636,16.309,1
C621,CG1,29.055,0.811,1.073,2021-03-28,26.922,72.774,36.968,16.309,1
C622,CG1,29.056,0.807,2.145,2021-01-01,31.687,94.742,51.427,16.309,1
C623,CG1,29.056,0.748,4.201,2021-01-01,28.939,94.742,55.184,16.309,1
C624,CG1,29.056,0.799,1.162,2021-03-14,25.672,76.387,28.549,16.309,1
C625,CG1,29.056,0.857,1.162,2021-10-28,14.657,14.774,34.735,16.309,1
C626,CG1,29.058,0.8,4.38,2021-01-21,31.379,89.581,44.888,16.309,1
C627,CG1,29.057,0.692,1.698,2021-02-06,24.678,85.5,33.919,16.309,1
C628,CG1,29.057,0.697,1.43,2021-08-05,8.261,35.548,26.833,16.309,1
C629,CG1,29.058,0.839,1.251,2021-12-15,3.289,4.129,27.286,16.309,1
C630,CG1,29.058,0.843,2.682,2021-01-03,69.637,94.226,34.076,16.309,1
C631,CG1,29.058,0.669,2.145,2021-04-07,19.727,69.367,27.809,16.309,1
C632,CG1,29.059,0.819,4.916,2021-01-21,62.04,89.581,47.68,16.309,1
C633,CG1,29.058,0.744,4.827,2021-01-01,28.93,94.742,50.244,16.309,1
C634,CG1,29.058,0.736,2.056,2021-08-29,9.335,28.581,25.351,16.309,1
C635,CG1,29.059,0.741,2.414,2021-01-09,30.622,92.677,56.65,16.309,1
C636,CG1,29.059,0.749,2.86,2021-01-01,29.419,94.742,47.617,16.309,1
C637,CG1,29.059,0.789,2.324,2021-02-02,28.395,86.5,38.769,16.309,1
C638,CG1,29.061,0.8,1.43,2021-03-14,26.697,76.387,29.871,16.309,1
C639,CG1,29.06,0.794,1.877,2021-02-14,27.76,83.5,33.114,16.309,1
C640,CG1,29.062,0.786,1.341,2021-01-01,30.707,94.742,40.094,16.309,1
C641,CG1,29.062,0.862,1.698,2021-01-09,63.189,92.677,49.695,16.309,1
C642,CG1,29.062,0.789,1.341,2021-01-13,29.242,91.645,42.844,16.309,1
C643,CG1,29.063,0.812,1.609,2021-02-14,28.14,83.5,32.469,16.309,1
C644,CG1,29.064,0.683,1.967,2021-01-01,31.795,94.742,49.22,16.309,1
C645,CG1,29.064,0.803,2.503,2021-02-06,27.167,85.5,47.504,16.309,1
C646,CG1,29.065,0.87,3.218,2021-01-13,61.671,91.645,39.046,16.309,1
C647,CG1,29.065,0.687,1.609,2021-02-18,25.975,82.5,33.952,16.309,1
C648,CG1,29.065,0.712,1.341,2021-02-18,19.753,82.5,47.866,16.309,1
C649,CG1,29.065,0.796,1.073,2021-02-14,28.186,83.5,43.683,16.309,1
C650,CG1,29.065,0.874,2.682,2021-01-13,61.916,91.645,51.897,16.309,1
C651,CG1,29.065,0.727,4.201,2021-01-01,31.241,94.742,57.433,16.309,1
C652,CG1,29.065,0.865,1.609,2021-01-25,61.041,88.548,41.693,16.309,1
C653,CG1,29.066,0.851,1.341,2021-06-08,38.254,54.333,41.775,16.309,1
C654,CG1,29.066,0.817,1.162,2021-01-27,60.818,88.032,31.725,16.309,1
C655,CG1,29.067,0.733,1.162,2021-01-09,29.639,92.677,52.928,16.309,1
C656,CG1,29.067,0.867,2.86,2021-06-18,35.216,51.0,41.894,16.309,1
C657,CG1,29.067,0.795,2.414,2021-02-14,26.814,83.5,35.016,16.309,1
C658,CG1,29.066,0.752,5.095,2021-01-01,31.538,94.742,58.185,16.309,1
C659,CG1,29.067,0.745,2.235,2021-01-01,29.846,94.742,52.126,16.309,1
C660,CG1,29.067,0.872,3.039,2021-06-14,36.916,52.333,48.156,16.309,1
C661,CG1,29.067,0.712,1.788,2021-01-21,24.215,89.581,45.93,16.309,1
C662,CG1,29.069,0.84,10.19,2021-01-01,64.283,94.742,50.737,16.309,1
C663,CG1,29.067,0.821,2.86,2021-01-01,66.516,94.742,51.398,16.309,1
C664,CG1,29.069,0.733,2.056,2021-01-03,29.735,94.226,61.015,16.309,1
C665,CG1,29.068,0.87,1.162,2021-02-14,54.063,83.5,51.689,16.309,1
C666,CG1,29.069,0.832,1.609,2021-02-14,50.766,83.5,43.921,16.309,1
C667,CG1,29.069,0.877,1.698,2021-01-01,63.382,94.742,48.432,16.309,1
C668,CG1,29.069,0.683,1.162,2021-02-08,27.527,85.0,48.787,16.309,1
C669,CG1,29.069,0.748,2.056,2021-01-01,29.259,94.742,36.434,16.309,1
C670,CG1,29.07,0.755,1.43,2021-01-13,31.266,91.645,47.845,16.309,1
C671,CG1,29.071,0.723,1.073,2021-01-01,31.655,94.742,53.236,16.309,1
C672,CG1,29.07,0.788,1.609,2021-03-14,24.299,76.387,36.235,16.309,1
C673,CG1,29.07,0.869,1.43,2021-01-13,61.891,91.645,50.787,16.309,1
C674,CG1,29.071,0.726,1.52,2021-02-18,24.41,82.5,40.234,16.309,1
C675,CG1,29.071,0.843,1.43,2021-08-17,22.635,32.065,37.917,16.309,1
C676,CG1,29.071,0.695,2.145,2021-06-02,17.705,56.333,30.918,16.309,1
C677,CG1,29.071,0.762,1.073,2021-06-24,17.007,49.0,27.265,16.309,1
C678,CG1,29.072,0.784,1.162,2021-02-02,25.877,86.5,43.428,16.309,1
C679,CG1,29.072,0.722,2.503,2021-01-01,31.813,94.742,46.28,16.309,1
C680,CG1,29.073,0.747,1.251,2021-07-18,13.596,41.194,34.738,16.309,1
C681,CG1,29.073,0.794,1.609,2021-01-13,32.085,91.645,49.475,16.309,1
C682,CG1,29.073,0.84,1.43,2021-01-03,66.321,94.226,57.242,16.309,1
C683,CG1,29.073,0.842,1.52,2021-02-26,55.809,80.5,38.384,16.309,1
C684,CG1,29.073,0.876,1.698,2021-06-24,32.125,49.0,40.635,16.309,1
C685,CG1,29.073,0.766,1.43,2021-01-01,31.467,94.742,40.56,16.309,1
C686,CG1,29.074,0.779,1.073,2021-01-13,31.708,91.645,51.65,16.309,1
C687,CG1,29.074,0.769,1.073,2021-01-01,29.769,94.742,42.093,16.309,1
C688,CG1,29.074,0.786,1.967,2021-01-09,28.538,92.677,41.118,16.309,1
C689,CG1,29.075,0.846,1.251,2021-04-15,48.93,68.5,48.184,16.309,1
C690,CG1,29.074,0.788,1.698,2021-01-25,27.378,88.548,41.855,16.309,1
C691,CG1,29.075,0.683,1.788,2021-02-14,25.775,83.5,37.304,16.309,1
C693,CG1,29.075,0.726,1.162,2021-01-25,28.61,88.548,43.799,16.309,1
C694,CG1,29.074,0.748,2.771,2021-02-18,27.447,82.5,57.904,16.309,1
C695,CG1,29.076,0.79,1.162,2021-01-13,28.958,91.645,36.733,16.309,1
C696,CG1,29.075,0.823,1.52,2021-02-02,57.591,86.5,51.14,16.309,1
C697,CG1,29.075,0.877,1.341,2021-01-13,59.626,91.645,50.116,16.309,1
C698,CG1,29.076,0.785,1.788,2021-01-13,30.346,91.645,40.455,16.309,1
C699,CG1,29.076,0.815,1.341,2021-02-02,31.995,86.5,46.02,16.309,1
C700,CG1,29.077,0.841,2.056,2021-01-01,72.763,94.742,54.903,16.309,1
C701,CG1,29.077,0.782,1.698,2021-01-03,31.6,94.226,43.145,16.309,1
C702,CG1,29.077,0.749,1.073,2021-02-20,28.214,82.0,49.861,16.309,1
C703,CG1,29.076,0.765,1.877,2021-01-03,33.941,94.226,48.881,16.309,1
C704,CG1,29.077,0.874,1.877,2021-01-01,68.414,94.742,57.252,16.309,1
C705,CG1,29.077,0.774,1.52,2021-02-06,27.357,85.5,42.703,16.309,1
C706,CG1,29.078,0.719,1.251,2021-02-08,28.688,85.0,49.982,16.309,1
C707,CG1,29.078,0.75,7.598,2021-01-01,34.222,94.742,47.399,16.309,1
C708,CG1,29.078,0.744,1.251,2021-01-01,30.623,94.742,52.823,16.309,1
C709,CG1,29.078,0.764,1.162,2021-03-14,28.948,76.387,30.698,16.309,1
C710,CG1,29.079,0.866,1.073,2021-03-04,54.588,78.968,44.439,16.309,1
C711,CG1,29.078,0.683,1.788,2021-02-26,22.832,80.5,45.19,16.309,1
C712,CG1,29.079,0.676,1.162,2021-04-19,18.349,67.567,35.139,16.309,1
C713,CG1,29.08,0.718,2.414,2021-01-21,30.267,89.581,47.438,16.309,1
C714,CG1,29.079,0.693,1.52,2021-01-09,27.521,92.677,36.915,16.309,1
C715,CG1,29.079,0.723,2.86,2021-02-08,29.249,85.0,42.001,16.309,1
C716,CG1,29.08,0.784,2.86,2021-01-13,30.319,91.645,36.584,16.309,1
C717,CG1,29.08,0.831,1.967,2021-02-06,66.421,85.5,46.506,16.309,1
C718,CG1,29.08,0.727,1.162,2021-01-09,34.281,92.677,52.371,16.309,1
C719,CG1,29.08,0.835,1.877,2021-02-02,60.597,86.5,54.394,16.309,1
C720,CG1,29.081,0.665,1.073,2021-05-21,17.84,58.581,34.723,16.309,1
C721,CG1,29.081,0.765,2.056,2021-01-13,30.257,91.645,47.237,16.309,1
C722,CG1,29.082,0.754,1.967,2021-06-12,18.07,53.0,40.172,16.309,1
C723,CG1,29.081,0.757,2.056,2021-01-25,31.198,88.548,46.967,16.309,1
C724,CG1,29.082,0.838,2.682,2021-01-01,69.546,94.742,51.182,16.309,1
C725,CG1,29.082,0.71,1.162,2021-10-18,7.258,17.355,32.295,16.309,1
C726,CG1,29.083,0.737,1.43,2021-05-21,17.312,59.581,39.189,16.309,1
C727,CG1,29.083,0.732,5.185,2021-01-01,32.057,94.742,49.804,16.309,1
C728,CG1,29.082,0.778,2.324,2021-01-01,34.614,94.742,56.454,16.309,1
C729,CG1,29.084,0.741,1.788,2021-01-09,31.576,92.677,56.319,16.309,1
C730,CG1,29.084,0.767,2.145,2021-01-01,31.629,94.742,43.241,16.309,1
C731,CG1,29.084,0.686,1.162,2021-03-04,21.926,78.968,42.624,16.309,1
C732,CG1,29.083,0.696,2.414,2021-01-03,29.606,94.226,41.552,16.309,1
C733,CG1,29.083,0.739,1.162,2021-01-21,28.953,89.581,45.716,16.309,1
C734,CG1,29.084,0.775,1.788,2021-01-01,32.766,94.742,50.862,16.309,1
C735,CG1,29.084,0.727,1.341,2021-01-01,35.373,94.742,57.171,16.309,1
C736,CG1,29.084,0.763,1.162,2021-02-20,29.616,82.0,48.788,16.309,1
C737,CG1,29.084,0.709,3.218,2021-01-01,36.705,94.742,50.915,16.309,1
C738,CG1,29.085,0.697,4.201,2021-01-21,27.769,89.581,43.875,16.309,1
C739,CG1,29.084,0.735,1.43,2021-01-13,30.678,91.645,35.464,16.309,1
C740,CG1,29.085,0.706,1.162,2021-02-06,32.522,85.5,46.402,16.309,1
C741,CG1,29.084,0.73,2.145,2021-01-15,32.285,91.129,43.341,16.309,1
C742,CG1,29.084,0.788,1.52,2021-01-03,35.127,94.226,49.411,16.309,1
C743,CG1,29.085,0.798,1.162,2021-02-02,28.763,86.5,40.631,16.309,1
C744,CG1,29.086,0.753,3.665,2021-01-01,32.378,94.742,49.316,16.309,1
C745,CG1,29.085,0.807,1.073,2021-01-01,35.188,94.742,35.987,16.309,1
C746,CG1,29.085,0.765,1.788,2021-02-02,28.447,86.5,39.367,16.309,1
C747,CG1,29.085,0.837,1.698,2021-01-01,70.835,94.742,43.059,16.309,1
C748,CG1,29.086,0.848,2.324,2021-01-25,61.076,88.548,45.315,16.309,1
C749,CG1,29.086,0.862,3.129,2021-10-16,15.795,17.871,26.908,16.309,1
C750,CG1,29.086,0.688,2.235,2021-03-26,23.195,73.29,46.591,16.309,1
C751,CG1,29.086,0.725,3.397,2021-01-01,35.075,94.742,55.552,16.309,1
C752,CG1,29.086,0.74,2.771,2021-01-01,33.415,94.742,54.707,16.309,1
C753,CG1,29.087,0.677,1.877,2021-03-26,25.342,73.29,38.347,16.309,1
C754,CG1,29.086,0.704,3.039,2021-01-01,34.811,94.742,47.414,16.309,1
C755,CG1,29.087,0.733,1.609,2021-01-09,31.71,92.126,49.915,16.309,1
C757,CG1,29.087,0.807,1.877,2021-01-09,33.539,92.677,40.399,16.309,1
C758,CG1,29.087,0.868,2.145,2021-01-15,66.035,91.129,57.365,16.309,1
C759,CG1,29.089,0.687,4.112,2021-01-15,32.369,91.129,44.413,16.309,1
C760,CG1,29.088,0.715,2.592,2021-01-21,28.29,89.581,52.589,16.309,1
C761,CG1,29.088,0.727,1.698,2021-01-01,34.968,94.742,63.265,16.309,1
C762,CG1,29.088,0.731,1.698,2021-01-27,29.76,88.032,48.581,16.309,1
C763,CG1,29.088,0.736,1.52,2021-07-12,14.057,43.129,33.729,16.309,1
C764,CG1,29.088,0.718,1.877,2021-01-13,30.001,91.645,58.835,16.309,1
C765,CG1,29.087,0.737,9.475,2021-01-01,34.249,94.742,55.385,16.309,1
C766,CG1,29.089,0.782,1.162,2021-08-05,13.751,35.548,34.055,16.309,1
C767,CG1,29.089,0.711,1.073,2021-01-01,32.497,94.742,58.3,16.309,1
C768,CG1,29.09,0.742,1.162,2021-01-01,30.808,94.742,48.614,16.309,1
C769,CG1,29.09,0.69,1.341,2021-04-03,24.879,71.3,42.536,16.309,1
C770,CG1,29.091,0.735,1.43,2021-01-03,31.548,94.226,45.274,16.309,1
C771,CG1,29.091,0.786,1.073,2021-03-16,26.966,75.871,35.87,16.309,1
C772,CG1,29.092,0.848,2.592,2021-01-03,66.509,94.226,57.553,16.309,1
C773,CG1,29.092,0.724,1.609,2021-01-09,32.614,92.677,51.914,16.309,1
C774,CG1,29.092,0.712,1.073,2021-01-09,32.096,92.677,51.273,16.309,1
C775,CG1,29.092,0.827,2.145,2021-02-06,60.584,85.5,47.127,16.309,1
C776,CG1,29.093,0.748,1.162,2021-03-02,28.279,79.484,38.88,16.309,1
C777,CG1,29.093,0.742,1.43,2021-01-09,30.488,92.677,45.355,16.309,1
C778,CG1,29.093,0.709,1.341,2021-03-02,25.564,79.484,35.115,16.309,1
C779,CG1,29.092,0.844,1.52,2021-01-03,65.624,94.226,44.121,16.309,1
C780,CG1,29.093,0.762,1.073,2021-02-26,29.938,80.5,36.992,16.309,1
C781,CG1,29.093,0.834,1.698,2021-02-06,59.423,85.5,37.348,16.309,1
C782,CG1,29.094,0.676,1.251,2021-01-13,27.903,91.645,22.163,16.309,1
C783,CG1,29.094,0.822,2.056,2021-01-01,71.001,94.742,51.458,16.309,1
C784,CG1,29.094,0.839,1.877,2021-01-27,64.841,88.032,33.827,16.309,1
C785,CG1,29.093,0.729,5.363,2021-01-01,32.385,94.742,46.285,16.309,1
C786,CG1,29.095,0.718,1.967,2021-02-02,27.705,86.5,55.823,16.309,1
C787,CG1,29.095,0.772,1.251,2021-01-21,30.175,89.581,50.11,16.309,1
C788,CG1,29.096,0.841,2.413,2021-01-01,67.345,94.742,39.961,16.309,1
C789,CG1,29.096,0.713,3.129,2021-01-21,29.803,89.581,37.963,16.309,1
C790,CG1,29.097,0.766,2.95,2021-03-02,28.245,79.484,32.183,16.309,1
C791,CG1,29.096,0.687,1.967,2021-01-25,28.501,88.548,46.441,16.309,1
C792,CG1,29.096,0.702,1.52,2021-01-09,29.851,92.677,44.471,16.309,1
C793,CG1,29.097,0.661,1.073,2021-01-13,31.37,90.645,18.112,16.309,1
C794,CG1,29.097,0.852,2.056,2021-06-14,36.114,52.333,36.618,16.309,1
C795,CG1,29.098,0.847,1.073,2021-01-03,71.555,94.226,37.448,16.309,1
C796,CG1,29.1,0.73,1.162,2021-01-13,28.866,90.799,34.143,16.309,1
C797,CG1,29.1,0.746,2.95,2021-01-03,31.667,94.226,44.265,16.309,1
C798,CG1,29.099,0.797,2.503,2021-01-01,34.62,94.742,45.483,16.309,1
C799,CG1,29.1,0.663,7.42,2021-01-09,31.231,91.694,32.088,16.309,1
C800,CG1,29.1,0.713,1.073,2021-01-09,31.468,92.677,48.312,16.309,1
C801,CG1,29.101,0.737,1.162,2021-01-25,29.55,88.548,48.708,16.309,1
C802,CG1,29.102,0.772,4.738,2021-02-14,28.682,83.5,38.523,16.309,1
C803,CG1,29.102,0.729,1.341,2021-01-01,29.006,94.717,47.562,16.309,1
C804,CG1,29.102,0.719,2.324,2021-01-01,33.308,94.742,48.394,16.309,1
C805,CG1,29.103,0.839,1.43,2021-01-09,64.472,92.677,35.93,16.309,1
C806,CG1,29.103,0.763,1.073,2021-02-14,29.47,83.5,46.934,16.309,1
C807,CG1,29.105,0.802,2.324,2021-01-01,34.191,94.742,54.661,16.309,1
C808,CG1,29.103,0.836,1.162,2021-01-21,63.722,89.581,43.028,16.309,1
C809,CG1,29.104,0.811,1.341,2021-01-09,30.129,92.677,52.94,16.309,1
C810,CG1,29.105,0.693,2.503,2021-01-01,30.647,94.742,61.495,16.309,1
C811,CG1,29.105,0.719,1.341,2021-01-01,32.387,94.742,49.904,16.309,1
C812,CG1,29.105,0.818,2.503,2021-01-15,59.474,91.129,45.222,16.309,1
C813,CG1,29.106,0.724,1.251,2021-01-25,29.911,88.548,41.665,16.309,1
C814,CG1,29.107,0.688,4.201,2021-01-01,33.32,94.742,41.757,16.309,1
C815,CG1,29.106,0.84,1.341,2021-01-25,65.215,88.548,37.775,16.309,1
C816,CG1,29.106,0.741,1.251,2021-01-09,31.006,92.677,44.677,16.309,1
C817,CG1,29.106,0.787,6.525,2021-01-09,32.539,92.677,56.89,16.309,1
C818,CG1,29.108,0.718,2.145,2021-01-01,35.103,94.742,53.182,16.309,1
C819,CG1,29.107,0.811,1.43,2021-01-09,32.618,92.677,56.485,16.309,1
C820,CG1,29.107,0.813,1.967,2021-01-13,31.326,91.645,55.166,16.309,1
C821,CG1,29.107,0.738,2.145,2021-01-25,27.609,88.548,42.534,16.309,1
C822,CG1,29.108,0.762,1.609,2021-01-27,32.431,88.032,41.653,16.309,1
C823,CG1,29.108,0.703,1.43,2021-01-13,28.983,91.645,47.074,16.309,1
C824,CG1,29.108,0.84,1.162,2021-02-26,54.954,80.5,43.564,16.309,1
C825,CG1,29.109,0.685,2.145,2021-02-06,28.939,85.5,55.047,16.309,1
C826,CG1,29.109,0.862,1.251,2021-01-09,63.176,92.677,50.915,16.309,1
C827,CG1,29.109,0.726,1.251,2021-01-13,30.079,91.645,32.164,16.309,1
C828,CG1,29.109,0.732,3.129,2021-02-26,26.85,80.5,46.689,16.309,1
C829,CG1,29.11,0.834,1.52,2021-01-25,62.416,88.548,53.922,16.309,1
C830,CG1,29.11,0.744,1.43,2021-01-13,32.401,91.645,53.632,16.309,1
C831,CG1,29.11,0.795,1.162,2021-01-01,34.273,94.742,48.473,16.309,1
C832,CG1,29.11,0.657,1.52,2021-06-06,20.352,54.0,38.667,16.309,1
C833,CG1,29.11,0.666,1.52,2021-03-02,25.521,79.484,22.407,16.309,1
C834,CG1,29.111,0.834,1.162,2021-01-25,59.384,88.548,38.558,16.309,1
C835,CG1,29.111,0.836,1.877,2021-06-14,36.368,52.333,45.073,16.309,1
C836,CG1,29.112,0.663,2.503,2021-01-09,30.841,92.677,42.005,16.309,1
C837,CG1,29.112,0.861,1.073,2021-01-25,59.347,88.548,45.295,16.309,1
C838,CG1,29.112,0.673,1.162,2021-01-01,33.215,94.742,23.276,16.309,1
C840,CG1,29.112,0.751,1.341,2021-01-01,35.394,94.742,47.489,16.309,1
C841,CG1,29.113,0.835,1.877,2021-01-15,62.008,91.129,51.65,16.309,1
C842,CG1,29.113,0.658,1.162,2021-08-05,14.86,35.548,26.406,16.309,1
C843,CG1,29.113,0.726,1.698,2021-03-22,24.1,74.323,38.33,16.309,1
C844,CG1,29.114,0.707,1.43,2021-02-14,27.64,83.5,50.602,16.309,1
C845,CG1,29.114,0.683,1.698,2021-03-14,27.92,76.387,29.256,16.309,1
C846,CG1,29.115,0.837,3.486,2021-01-01,65.282,94.742,56.698,16.309,1
C847,CG1,29.117,0.679,1.073,2021-06-30,16.441,47.0,24.773,16.309,1
C848,CG1,29.117,0.707,1.52,2021-01-21,30.154,89.581,39.837,16.309,1
C849,CG1,29.117,0.709,1.43,2021-01-25,28.688,88.548,57.612,16.309,1
C850,CG1,29.118,0.73,1.073,2021-01-21,29.809,89.581,36.12,16.309,1
C851,CG1,29.118,0.81,1.43,2021-02-18,27.236,82.5,50.709,16.309,1
C852,CG1,29.118,0.834,1.609,2021-09-10,20.261,26.0,28.122,16.309,1
C853,CG1,29.118,0.849,1.251,2021-03-14,56.574,76.387,28.722,16.309,1
C854,CG1,29.118,0.664,1.251,2021-02-02,31.35,86.5,49.55,16.309,1
C855,CG1,29.119,0.749,1.251,2021-01-25,32.866,88.548,44.153,16.309,1
C856,CG1,29.119,0.709,1.52,2021-01-01,34.147,94.742,43.778,16.309,1
C857,CG1,29.119,0.71,1.877,2021-07-30,11.569,37.323,35.102,16.309,1
C858,CG1,29.121,0.733,2.145,2021-01-21,31.362,89.581,38.955,16.309,1
C859,CG1,29.121,0.735,1.251,2021-02-06,31.364,85.5,39.966,16.309,1
C860,CG1,29.121,0.861,1.52,2021-01-25,66.351,88.548,53.66,16.309,1
C861,CG1,29.121,0.684,3.129,2021-02-14,31.105,83.5,35.402,16.309,1
C862,CG1,29.122,0.858,1.609,2021-01-01,71.948,94.742,56.571,16.309,1
C863,CG1,29.122,0.825,1.251,2021-02-02,62.296,86.5,44.005,16.309,1
C864,CG1,29.123,0.827,1.073,2021-01-15,71.428,91.129,45.197,16.309,1
C865,CG1,29.123,0.671,1.073,2021-04-09,23.303,69.9,40.817,16.309,1
C866,CG1,29.124,0.812,2.056,2021-01-01,34.008,94.742,55.794,16.309,1
C867,CG1,29.124,0.781,2.682,2021-01-01,32.428,94.742,56.441,16.309,1
C868,CG1,29.124,0.739,1.52,2021-01-25,32.181,88.548,39.872,16.309,1
C869,CG1,29.124,0.744,1.251,2021-01-01,35.709,94.742,52.301,16.309,1
C870,CG1,29.125,0.727,1.43,2021-02-18,25.406,82.5,38.746,16.309,1
C871,CG1,29.125,0.808,1.698,2021-01-21,29.959,89.581,51.843,16.309,1
C872,CG1,29.125,0.837,4.469,2021-01-01,61.475,94.742,48.794,16.309,1
C873,CG1,29.126,0.868,1.073,2021-01-13,62.258,91.645,37.507,16.309,1
C874,CG1,29.125,0.708,1.251,2021-08-13,13.94,33.226,38.963,16.309,1
C875,CG1,29.126,0.8,1.162,2021-07-06,16.041,45.065,38.529,16.309,1
C876,CG1,29.127,0.819,1.162,2021-01-13,66.79,91.645,48.324,16.309,1
C877,CG1,29.127,0.669,1.073,2021-07-24,13.905,39.258,26.776,16.309,1
C878,CG1,29.127,0.832,1.877,2021-02-08,60.867,85.0,45.89,16.309,1
C879,CG1,29.127,0.84,1.341,2021-01-13,62.423,91.645,47.735,16.309,1
C880,CG1,29.128,0.676,1.073,2021-03-22,23.519,74.323,42.281,16.309,1
C881,CG1,29.129,0.797,2.324,2021-01-13,31.401,91.645,40.685,16.309,1
C882,CG1,29.13,0.744,1.341,2021-01-21,30.448,89.581,53.495,16.309,1
C883,CG1,29.132,0.678,1.788,2021-02-26,23.293,80.5,38.254,16.309,1
C884,CG1,29.132,0.841,2.682,2021-02-08,56.759,85.0,58.905,16.309,1
C885,CG1,29.133,0.829,1.073,2021-04-03,48.662,71.3,55.596,16.309,1
C886,CG1,29.132,0.845,1.43,2021-01-01,70.231,94.742,54.528,16.309,1
C887,CG1,29.133,0.834,1.609,2021-01-01,63.539,94.742,55.18,16.309,1
C888,CG1,29.133,0.875,1.341,2021-11-09,8.2,12.2,23.633,16.309,1
C889,CG1,29.133,0.699,2.056,2021-01-13,31.591,91.645,47.442,16.309,1
C890,CG1,29.133,0.718,1.073,2021-01-13,28.837,91.645,46.573,16.309,1
C891,CG1,29.135,0.715,2.771,2021-01-01,32.455,94.742,56.056,16.309,1
C892,CG1,29.134,0.718,1.341,2021-01-09,31.953,92.677,53.52,16.309,1
C893,CG1,29.135,0.712,1.073,2021-08-17,12.317,32.065,35.787,16.309,1
C894,CG1,29.135,0.72,2.503,2021-01-13,30.077,91.645,50.454,16.309,1
C895,CG1,29.135,0.701,1.073,2021-01-09,30.45,92.677,47.738,16.309,1
C896,CG1,29.136,0.859,4.022,2021-01-15,62.8,91.129,54.57,16.309,1
C897,CG1,29.135,0.826,1.162,2021-01-01,63.012,94.742,44.882,16.309,1
C898,CG1,29.136,0.699,1.073,2021-08-25,10.257,29.742,32.56,16.309,1
C899,CG1,29.137,0.719,1.698,2021-01-03,29.995,94.226,54.153,16.309,1
C900,CG1,29.136,0.857,1.52,2021-01-21,63.077,89.581,50.657,16.309,1
C901,CG1,29.138,0.706,1.609,2021-01-03,31.727,94.226,52.296,16.309,1
C902,CG1,29.14,0.686,1.251,2021-01-25,29.562,88.548,46.59,16.309,1
C903,CG1,29.141,0.83,2.503,2021-01-01,62.961,94.742,58.339,16.309,1
C904,CG1,29.14,0.66,1.788,2021-01-25,32.829,88.548,52.375,16.309,1
C905,CG1,29.141,0.843,1.341,2021-02-20,52.677,82.0,41.911,16.309,1
C906,CG1,29.142,0.706,1.073,2021-01-09,28.358,92.677,48.853,16.309,1
C907,CG1,29.142,0.837,1.788,2021-03-14,51.883,76.387,41.648,16.309,1
C908,CG1,29.144,0.67,4.112,2021-09-18,11.341,24.4,36.191,16.309,1
C909,CG1,29.146,0.723,1.967,2021-03-02,24.752,79.484,23.45,16.309,1
C910,CG1,29.147,0.718,5.095,2021-01-13,33.716,91.645,57.103,16.309,1
C911,CG1,29.147,0.837,1.43,2021-01-25,58.13,88.548,34.904,16.309,1
C912,CG1,29.147,0.874,1.073,2021-01-21,69.697,89.581,42.657,16.309,1
C913,CG1,29.148,0.824,2.324,2021-01-01,61.083,94.742,55.587,16.309,1
C914,CG1,29.148,0.706,2.414,2021-01-01,29.151,94.742,38.886,16.309,1
C915,CG1,29.149,0.743,1.43,2021-01-25,33.243,88.548,42.827,16.309,1
C916,CG1,29.148,0.713,3.129,2021-01-13,31.254,91.645,40.611,16.309,1
C917,CG1,29.149,0.793,1.162,2021-01-13,32.33,91.645,45.33,16.309,1
C918,CG1,29.152,0.717,2.324,2021-01-01,34.235,94.742,50.776,16.309,1
C919,CG1,29.155,0.697,1.073,2021-02-26,28.049,80.5,54.637,16.309,1
C920,CG1,29.155,0.724,1.162,2021-10-30,7.097,14.258,22.15,16.309,1
C921,CG1,29.157,0.69,1.073,2021-03-02,28.848,79.484,31.993,16.309,1
C922,CG1,29.157,0.877,2.592,2021-01-13,62.156,91.645,38.773,16.309,1
C923,CG1,29.158,0.81,2.503,2021-01-09,31.924,92.677,49.788,16.309,1
C924,CG1,29.158,0.824,1.162,2021-03-02,51.356,79.484,46.772,16.309,1
C925,CG1,29.159,0.69,1.877,2021-03-04,27.688,78.968,43.433,16.309,1
C926,CG1,29.159,0.724,1.52,2021-03-14,27.506,76.387,35.406,16.309,1
C927,CG1,29.16,0.732,1.52,2021-01-13,31.797,91.645,48.084,16.309,1
C928,CG1,29.16,0.705,1.073,2021-02-26,24.156,80.5,49.002,16.309,1
C929,CG1,29.159,0.72,1.52,2021-02-08,31.071,85.0,39.461,16.309,1
C930,CG1,29.162,0.794,1.251,2021-02-06,28.337,85.5,40.886,16.309,1
C931,CG1,29.163,0.816,1.43,2021-02-08,38.959,85.0,50.708,16.309,1
C932,CG1,29.163,0.733,1.073,2021-02-06,30.07,85.5,32.121,16.309,1
C933,CG1,29.163,0.863,1.43,2021-02-02,63.261,86.5,34.552,16.309,1
C934,CG1,29.166,0.812,2.056,2021-01-13,32.347,91.645,44.587,16.309,1
C935,CG1,29.17,0.747,1.341,2021-04-15,26.373,68.5,39.01,16.309,1
C936,CG1,29.175,0.816,1.073,2022-01-08,0.0,0.0,27.364,16.309,1
C937,CG1,29.175,0.847,1.162,2021-06-02,46.732,56.333,46.455,16.309,1
C938,CG1,29.178,0.813,1.251,2021-01-01,31.764,94.742,46.885,16.309,1
C939,CG1,29.18,0.857,1.162,2021-01-09,68.782,92.677,51.637,16.309,1
C940,CG1,29.183,0.853,1.073,2021-08-05,25.832,35.548,28.462,16.309,1
C941,CG1,29.187,0.809,1.073,2021-01-13,34.1,91.645,45.12,16.309,1
C942,CG1,29.197,0.702,1.43,2021-01-09,33.533,92.677,52.406,16.309,1
C943,CG1,29.197,0.846,1.162,2021-06-02,41.141,56.333,44.037,16.309,1
C944,CG1,29.201,0.761,1.162,2021-01-21,33.47,89.581,48.232,16.309,1
C945,CG1,29.201,0.863,1.877,2021-03-14,48.091,76.387,40.11,16.309,1
C946,CG1,29.203,0.656,1.251,2021-01-27,33.707,88.032,53.227,16.309,1
C947,CG1,29.204,0.842,2.145,2021-01-09,69.148,92.677,44.325,16.309,1
C948,CG1,29.206,0.857,1.073,2021-01-03,60.478,94.226,43.594,16.309,1
C949,CG1,29.207,0.776,1.073,2021-03-02,28.879,79.484,44.351,16.309,1
C950,CG1,29.209,0.661,1.43,2021-01-21,32.502,89.581,49.354,16.309,1
C951,CG1,29.223,0.779,1.073,2021-03-22,27.188,74.323,35.896,16.309,1
C952,CG1,29.224,0.866,1.073,2021-02-14,57.218,83.5,41.138,16.309,1
C953,CG1,29.225,0.678,1.43,2021-09-22,9.332,23.6,27.619,16.309,1
C955,CG1,29.242,0.739,1.251,2021-01-13,27.563,91.645,42.104,16.309,1
C956,CG1,29.248,0.758,1.967,2021-09-22,7.227,23.6,26.959,16.309,1
C957,CG1,29.248,0.695,1.162,2021-02-02,30.606,86.5,41.535,16.309,1
C958,CG1,29.256,0.878,1.162,2021-02-02,50.848,86.5,53.265,16.309,1
C959,CG1,29.289,0.855,1.698,2021-01-13,53.874,91.645,49.182,16.309,1
C960,CG1,29.308,0.865,1.43,2021-02-26,50.85,80.5,40.214,16.309,1
C961,CG1,29.329,0.709,1.162,2021-01-01,32.256,94.742,45.28,16.309,1
C963,CG1,28.778,1.059,1.966,2021-01-01,29.619,122.71,63.667,16.309,1
C964,CG1,28.792,0.949,2.145,2021-03-02,22.559,103.355,51.761,16.309,1
C965,CG1,28.8,0.882,1.788,2021-01-01,126.272,122.71,52.506,16.309,1
C966,CG1,28.802,0.885,1.52,2021-04-07,96.262,91.667,43.345,16.309,1
C967,CG1,28.819,0.958,1.162,2021-04-03,39.098,93.0,36.871,16.309,1
C968,CG1,28.886,0.969,1.073,2021-06-12,30.725,53.0,34.742,16.309,1
C969,CG1,28.912,0.973,1.341,2021-01-03,53.328,94.226,60.999,16.309,1
C970,CG1,28.913,0.977,1.43,2021-01-01,55.785,94.742,53.128,16.309,1
C971,CG1,28.92,0.975,2.592,2021-01-01,57.507,94.742,52.818,16.309,1
C972,CG1,28.921,0.91,2.503,2021-01-01,60.034,94.742,55.043,16.309,1
C973,CG1,28.933,0.907,1.162,2021-02-14,51.594,83.5,60.616,16.309,1
C974,CG1,28.939,0.977,2.056,2021-01-09,56.282,92.677,47.725,16.309,1
C975,CG1,28.946,0.997,1.073,2021-01-01,51.517,94.742,65.053,16.309,1
C976,CG1,28.946,0.913,2.145,2021-01-01,61.84,94.742,48.494,16.309,1
C977,CG1,28.961,0.913,1.341,2021-03-26,50.374,73.29,38.526,16.309,1
C978,CG1,28.963,0.916,1.43,2021-01-01,59.653,94.742,57.298,16.309,1
C979,CG1,28.964,0.984,1.073,2021-04-19,36.976,67.567,39.834,16.309,1
C980,CG1,28.965,1.051,1.52,2021-01-15,45.797,78.097,55.84,16.309,1
C981,CG1,28.965,0.918,1.073,2021-01-03,64.689,94.226,58.845,16.309,1
C982,CG1,28.965,0.92,1.698,2021-01-03,65.82,94.226,62.235,16.309,1
C983,CG1,28.966,0.934,1.609,2021-01-21,59.068,89.581,51.866,16.309,1
C984,CG1,28.968,0.927,3.397,2021-01-01,60.599,94.742,52.276,16.309,1
C985,CG1,28.969,1.045,2.324,2021-01-01,53.794,94.742,63.274,16.309,1
C986,CG1,28.97,0.899,1.251,2021-01-21,119.788,89.581,45.42,16.309,1
C987,CG1,28.97,0.889,1.341,2021-03-04,100.823,78.968,47.392,16.309,1
C988,CG1,28.97,0.989,1.609,2021-07-12,22.235,43.129,32.431,16.309,1
C989,CG1,28.971,0.889,1.073,2021-07-20,44.679,40.548,43.214,16.309,1
C990,CG1,28.971,0.897,2.413,2021-01-13,127.094,91.645,52.081,16.309,1
C991,CG1,28.974,0.884,2.771,2021-04-07,101.951,70.367,47.985,16.309,1
C992,CG1,28.974,0.901,1.162,2021-08-31,35.832,28.0,33.905,16.309,1
C993,CG1,28.977,0.891,1.162,2021-06-12,68.364,53.0,47.166,16.309,1
C994,CG1,28.979,0.981,1.073,2021-01-13,54.682,91.645,47.237,16.309,1
C995,CG1,28.98,0.932,1.162,2021-01-21,62.256,89.581,63.272,16.309,1
C996,CG1,28.98,0.882,1.877,2021-04-15,104.446,68.5,56.011,16.309,1
C997,CG1,28.98,1.055,1.251,2021-01-03,58.007,80.419,56.949,16.309,1
C998,CG1,28.982,1.064,3.486,2021-01-01,54.072,80.806,66.427,16.309,1
C999,CG1,28.983,0.955,4.291,2021-04-09,43.843,69.9,46.771,16.309,1
C1000,CG1,28.984,0.936,1.341,2021-01-01,55.303,94.742,59.883,16.309,1
C1001,CG1,28.985,0.938,2.145,2021-03-14,46.421,76.387,29.028,16.309,1
C1002,CG1,28.985,0.929,1.609,2021-02-06,56.499,85.5,61.186,16.309,1
C1003,CG1,28.985,0.888,1.073,2021-01-21,126.886,89.581,57.574,16.309,1
C1004,CG1,28.986,0.891,1.162,2021-01-01,123.169,94.742,60.321,16.309,1
C1005,CG1,28.987,0.895,5.542,2021-01-01,123.096,94.742,65.514,16.309,1
C1006,CG1,28.987,0.883,1.251,2021-05-21,85.123,59.581,46.899,16.309,1
C1007,CG1,28.987,0.89,2.056,2021-01-01,129.898,94.742,59.112,16.309,1
C1008,CG1,28.988,0.915,1.43,2021-01-03,65.319,94.226,59.641,16.309,1
C1009,CG1,28.989,1.03,1.341,2021-03-14,42.724,76.387,40.226,16.309,1
C1010,CG1,28.989,0.966,1.162,2021-03-26,47.689,73.29,50.601,16.309,1
C1011,CG1,28.989,1.024,1.073,2021-07-02,25.463,46.355,41.655,16.309,1
C1012,CG1,28.99,0.917,1.251,2021-01-03,61.404,94.226,51.08,16.309,1
C1013,CG1,28.991,1.062,1.073,2021-01-01,60.091,80.806,59.148,16.309,1
C1014,CG1,28.991,1.002,1.341,2021-02-08,49.765,85.0,51.075,16.309,1
C1015,CG1,28.992,0.905,1.788,2021-03-22,51.956,74.323,56.313,16.309,1
C1016,CG1,28.993,0.916,1.251,2021-01-01,62.618,94.742,47.347,16.309,1
C1017,CG1,28.992,0.92,1.251,2021-01-01,66.584,94.742,56.05,16.309,1
C1018,CG1,28.993,1.009,1.073,2021-01-03,48.727,94.226,55.824,16.309,1
C1019,CG1,28.993,0.965,1.966,2021-01-01,59.554,94.742,66.542,16.309,1
C1020,CG1,28.993,0.892,1.073,2021-05-13,75.115,61.645,38.591,16.309,1
C1021,CG1,28.995,0.889,1.162,2021-02-06,98.473,85.5,51.957,16.309,1
C1022,CG1,28.995,0.92,1.43,2021-01-21,60.818,89.581,55.375,16.309,1
C1023,CG1,28.995,1.049,1.162,2021-01-13,54.93,78.484,46.572,16.309,1
C1024,CG1,28.996,0.893,1.43,2021-01-03,103.499,94.226,68.708,16.309,1
C1025,CG1,28.995,0.908,1.251,2021-07-20,20.269,40.548,38.52,16.309,1
C1026,CG1,28.998,1.055,1.251,2021-01-01,62.597,80.806,53.494,16.309,1
C1027,CG1,28.999,0.968,1.698,2021-02-26,49.633,80.5,58.367,16.309,1
C1028,CG1,29.001,0.941,1.43,2021-02-14,52.109,83.5,56.162,16.309,1
C1029,CG1,29.001,1.007,1.609,2021-01-01,54.781,94.742,60.167,16.309,1
C1030,CG1,29.001,1.054,1.341,2021-01-27,56.586,75.774,64.165,16.309,1
C1031,CG1,29.003,0.888,1.341,2021-02-14,64.067,83.5,50.344,16.309,1
C1032,CG1,29.004,1.063,1.52,2021-03-04,50.242,70.226,44.84,16.309,1
C1033,CG1,29.004,0.907,4.737,2021-01-01,41.608,94.742,50.404,16.309,1
C1034,CG1,29.004,1.009,1.251,2021-01-01,53.886,94.742,62.225,16.309,1
C1035,CG1,29.005,0.935,1.073,2021-01-09,50.007,92.677,64.417,16.309,1
C1036,CG1,29.004,1.056,1.609,2021-01-01,59.077,80.806,56.982,16.309,1
C1037,CG1,29.005,0.934,1.162,2021-01-09,48.934,92.677,55.893,16.309,1
C1038,CG1,29.006,0.904,2.592,2021-01-25,59.113,88.548,53.541,16.309,1
C1039,CG1,29.006,0.913,1.251,2021-02-06,35.409,85.5,59.661,16.309,1
C1040,CG1,29.006,1.057,1.073,2021-03-04,51.701,70.226,47.422,16.309,1
C1041,CG1,29.009,0.919,2.235,2021-01-03,35.928,94.226,65.486,16.309,1
C1042,CG1,29.01,0.894,1.52,2021-01-01,67.136,94.742,54.25,16.309,1
C1043,CG1,29.009,0.904,2.056,2021-01-01,54.883,94.742,65.595,16.309,1
C1044,CG1,29.009,0.958,1.341,2021-03-26,37.591,73.29,59.354,16.309,1
C1045,CG1,29.011,0.92,1.698,2021-01-21,33.678,89.581,63.666,16.309,1
C1046,CG1,29.011,1.0,1.162,2021-01-01,55.795,94.742,52.261,16.309,1
C1047,CG1,29.012,0.9,1.43,2021-02-02,60.194,86.5,52.263,16.309,1
C1048,CG1,29.012,0.953,1.251,2021-01-15,39.84,91.129,36.738,16.309,1
C1049,CG1,29.014,0.946,1.251,2021-05-09,22.733,62.677,34.699,16.309,1
C1050,CG1,29.014,0.905,2.771,2021-01-03,31.842,94.226,54.148,16.309,1
C1051,CG1,29.016,0.915,2.413,2021-01-01,32.661,94.742,50.355,16.309,1
C1052,CG1,29.016,0.921,1.877,2021-01-03,32.443,94.226,60.285,16.309,1
C1053,CG1,29.016,0.945,1.251,2021-01-09,31.803,92.677,47.558,16.309,1
C1054,CG1,29.017,0.964,4.38,2021-03-14,30.271,76.387,55.532,16.309,1
C1055,CG1,29.018,1.093,1.877,2021-06-18,36.35,49.0,38.816,16.309,1
C1056,CG1,29.018,0.903,2.056,2021-01-09,60.51,92.677,51.656,16.309,1
C1057,CG1,29.019,1.064,5.095,2021-01-01,58.591,80.806,62.88,16.309,1
C1058,CG1,29.019,0.923,1.341,2021-01-13,31.109,91.645,64.949,16.309,1
C1059,CG1,29.02,0.963,1.073,2021-01-21,26.915,89.581,48.191,16.309,1
C1060,CG1,29.02,1.029,1.162,2021-01-25,51.77,88.548,54.528,16.309,1
C1061,CG1,29.021,0.967,4.022,2021-01-01,27.772,94.742,63.553,16.309,1
C1062,CG1,29.022,0.911,1.609,2021-03-02,27.891,79.484,56.278,16.309,1
C1063,CG1,29.022,0.905,1.52,2021-02-06,26.704,85.5,54.518,16.309,1
C1064,CG1,29.023,0.995,1.788,2021-05-13,24.236,61.645,38.952,16.309,1
C1065,CG1,29.023,1.046,1.073,2021-01-01,55.076,80.806,38.076,16.309,1
C1066,CG1,29.023,0.997,1.43,2021-06-20,21.436,50.333,39.226,16.309,1
C1067,CG1,29.024,1.05,1.341,2021-01-03,58.412,80.419,52.035,16.309,1
C1068,CG1,29.025,1.059,1.966,2021-01-01,58.984,80.806,54.722,16.309,1
C1069,CG1,29.025,0.896,1.52,2021-01-13,62.768,91.645,59.911,16.309,1
C1070,CG1,29.026,0.918,1.609,2021-01-01,26.722,94.742,47.071,16.309,1
C1071,CG1,29.027,0.989,1.073,2021-05-13,17.553,61.645,34.829,16.309,1
C1072,CG1,29.027,0.962,1.341,2021-03-02,18.998,79.484,46.091,16.309,1
C1073,CG1,29.03,0.913,1.073,2021-02-14,26.792,83.5,52.559,16.309,1
C1074,CG1,29.029,1.035,1.966,2021-08-07,19.064,34.773,37.325,16.309,1
C1075,CG1,29.03,0.961,1.251,2021-01-01,27.694,94.742,48.549,16.309,1
C1076,CG1,29.03,0.981,1.251,2021-06-12,15.123,53.0,39.938,16.309,1
C1077,CG1,29.03,0.917,1.341,2021-01-13,26.135,91.645,62.568,16.309,1
C1078,CG1,29.032,0.888,1.341,2021-06-18,44.609,51.0,30.842,16.309,1
C1079,CG1,29.033,0.901,1.073,2021-01-25,64.273,88.548,59.421,16.309,1
C1080,CG1,29.032,0.908,1.698,2021-01-01,33.619,94.742,60.36,16.309,1
C1081,CG1,29.033,0.915,1.52,2021-05-25,16.063,58.548,41.619,16.309,1
C1082,CG1,29.034,0.924,1.251,2021-08-13,10.403,33.226,33.763,16.309,1
C1083,CG1,29.034,0.887,2.145,2021-01-09,69.915,92.677,60.543,16.309,1
C1084,CG1,29.034,0.937,1.341,2021-01-01,29.707,94.742,49.284,16.309,1
C1085,CG1,29.034,0.984,1.877,2021-01-01,30.099,94.742,57.145,16.309,1
C1086,CG1,29.035,0.905,3.039,2021-02-08,30.255,85.0,44.058,16.309,1
C1087,CG1,29.035,0.959,2.95,2021-05-01,15.326,64.742,39.104,16.309,1
C1088,CG1,29.036,0.892,1.073,2021-08-05,24.501,35.548,32.582,16.309,1
C1089,CG1,29.037,0.927,1.52,2021-01-01,26.005,94.742,62.572,16.309,1
C1090,CG1,29.038,0.915,1.251,2021-04-15,19.863,68.5,42.586,16.309,1
C1091,CG1,29.037,0.901,1.341,2021-03-14,48.661,76.387,54.776,16.309,1
C1092,CG1,29.038,0.912,1.251,2021-01-25,28.449,88.548,55.708,16.309,1
C1093,CG1,29.039,0.916,1.43,2021-02-18,25.302,82.5,54.277,16.309,1
C1094,CG1,29.039,0.995,1.251,2021-01-25,25.207,88.548,51.2,16.309,1
C1095,CG1,29.04,0.896,2.86,2021-01-01,59.542,94.742,57.745,16.309,1
C1096,CG1,29.04,0.964,1.251,2021-04-03,22.623,71.3,44.05,16.309,1
C1097,CG1,29.041,0.891,1.251,2021-08-29,26.219,28.581,35.344,16.309,1
C1098,CG1,29.043,0.912,1.073,2021-01-13,27.389,91.645,48.219,16.309,1
C1099,CG1,29.044,0.918,1.341,2021-01-01,27.164,94.742,56.493,16.309,1
C1100,CG1,29.044,0.942,1.162,2021-02-18,25.534,82.5,49.136,16.309,1
C1101,CG1,29.044,1.002,1.341,2021-03-02,24.07,79.484,56.675,16.309,1
C1102,CG1,29.044,0.929,3.307,2021-04-03,24.333,71.3,41.043,16.309,1
C1103,CG1,29.044,0.9,1.609,2021-01-15,58.909,91.129,47.312,16.309,1
C1104,CG1,29.045,0.932,1.43,2021-02-02,27.242,86.5,51.13,16.309,1
C1105,CG1,29.045,0.961,1.698,2021-02-06,23.47,85.5,34.744,16.309,1
C1106,CG1,29.044,0.926,4.648,2021-02-06,25.38,85.5,55.492,16.309,1
C1107,CG1,29.045,0.957,1.43,2021-01-01,26.73,94.742,57.658,16.309,1
C1108,CG1,29.045,0.907,1.698,2021-01-01,30.66,94.742,44.313,16.309,1
C1109,CG1,29.044,0.937,4.559,2021-01-01,33.146,94.742,56.516,16.309,1
C1110,CG1,29.046,0.881,1.251,2021-01-01,66.857,94.742,58.438,16.309,1
C1111,CG1,29.046,0.983,2.771,2021-01-01,29.81,94.742,48.607,16.309,1
C1112,CG1,29.047,0.885,1.609,2021-01-01,71.681,94.742,57.1,16.309,1
C1113,CG1,29.046,0.933,2.592,2021-03-14,23.636,76.387,44.541,16.309,1
C1114,CG1,29.047,0.969,1.251,2021-07-30,8.877,37.323,33.154,16.309,1
C1115,CG1,29.047,1.056,1.073,2021-01-03,32.66,80.419,50.908,16.309,1
C1116,CG1,29.047,0.924,1.073,2021-01-01,30.724,94.742,49.998,16.309,1
C1117,CG1,29.047,0.938,1.162,2021-01-13,31.834,91.645,49.625,16.309,1
C1118,CG1,29.048,0.942,1.341,2021-03-14,24.685,76.387,35.404,16.309,1
C1119,CG1,29.047,0.953,1.698,2021-06-24,12.669,49.0,30.084,16.309,1
C1120,CG1,29.046,1.094,11.709,2021-08-05,18.89,33.871,34.122,16.309,1
C1121,CG1,29.048,0.882,1.609,2021-05-25,39.112,58.548,48.793,16.309,1
C1122,CG1,29.047,0.959,2.145,2021-02-02,25.465,86.5,49.044,16.309,1
C1123,CG1,29.047,0.978,1.966,2021-01-09,24.035,92.677,41.324,16.309,1
C1124,CG1,29.047,1.003,2.056,2021-01-01,28.016,94.742,59.697,16.309,1
C1125,CG1,29.049,0.935,2.413,2021-02-26,27.256,80.5,45.082,16.309,1
C1126,CG1,29.047,0.929,4.469,2021-01-03,31.843,94.226,51.296,16.309,1
C1127,CG1,29.049,0.961,1.162,2021-01-03,25.362,94.226,49.83,16.309,1
C1128,CG1,29.05,1.056,1.073,2021-01-03,32.537,80.419,44.451,16.309,1
C1129,CG1,29.051,0.935,1.877,2021-01-03,31.146,94.226,45.567,16.309,1
C1130,CG1,29.051,0.902,1.877,2021-01-01,66.367,94.742,48.812,16.309,1
C1131,CG1,29.052,0.961,1.966,2021-05-21,13.555,59.581,40.163,16.309,1
C1132,CG1,29.052,0.94,1.43,2021-03-02,23.426,79.484,50.783,16.309,1
C1133,CG1,29.053,0.979,1.251,2021-01-01,23.555,94.742,52.922,16.309,1
C1134,CG1,29.053,0.943,1.788,2021-06-18,16.146,51.0,37.909,16.309,1
C1135,CG1,29.055,0.997,2.771,2021-01-13,29.731,91.645,64.606,16.309,1
C1136,CG1,29.057,0.997,1.43,2021-07-06,12.122,45.065,41.54,16.309,1
C1137,CG1,29.057,1.033,2.95,2021-02-18,27.144,72.429,46.12,16.309,1
C1138,CG1,29.058,0.98,1.162,2021-05-13,17.834,61.645,42.525,16.309,1
C1139,CG1,29.058,0.961,1.073,2021-06-18,12.797,51.0,33.648,16.309,1
C1140,CG1,29.058,0.934,6.346,2021-01-01,25.889,94.742,48.259,16.309,1
C1141,CG1,29.058,0.942,2.592,2021-01-03,30.385,94.226,52.556,16.309,1
C1142,CG1,29.058,0.989,1.43,2021-07-24,11.972,39.258,40.479,16.309,1
C1143,CG1,29.059,0.886,1.609,2021-01-03,70.283,94.226,57.182,16.309,1
C1144,CG1,29.059,0.943,3.039,2021-01-09,28.685,92.677,50.817,16.309,1
C1145,CG1,29.059,0.962,1.52,2021-01-13,26.539,91.645,45.292,16.309,1
C1146,CG1,29.059,0.924,1.073,2021-02-02,26.829,86.5,48.002,16.309,1
C1147,CG1,29.06,0.888,1.43,2021-02-02,57.876,86.5,46.493,16.309,1
C1148,CG1,29.061,0.91,2.056,2021-03-04,26.719,78.968,51.906,16.309,1
C1149,CG1,29.06,0.967,2.056,2021-02-08,19.146,85.0,48.735,16.309,1
C1150,CG1,29.061,1.08,1.43,2021-03-04,32.052,70.226,52.485,16.309,1
C1151,CG1,29.061,0.933,2.413,2021-02-14,25.972,83.5,44.403,16.309,1
C1152,CG1,29.062,0.942,1.162,2021-04-27,17.177,65.7,41.962,16.309,1
C1153,CG1,29.062,1.089,1.788,2021-01-01,38.316,80.806,57.42,16.309,1
C1154,CG1,29.063,0.908,2.235,2021-01-25,28.685,88.548,61.248,16.309,1
C1155,CG1,29.062,0.88,1.251,2021-01-25,63.364,88.548,56.155,16.309,1
C1156,CG1,29.063,0.884,1.073,2022-02-01,0.0,0.0,36.911,16.309,1
C1157,CG1,29.063,0.906,1.073,2021-01-01,31.87,94.742,63.628,16.309,1
C1158,CG1,29.064,0.909,1.251,2021-02-14,26.421,83.5,59.452,16.309,1
C1159,CG1,29.064,0.882,1.788,2021-01-21,64.411,89.581,41.052,16.309,1
C1160,CG1,29.066,1.072,1.341,2021-05-03,25.013,60.419,37.766,16.309,1
C1161,CG1,29.067,0.929,1.52,2021-01-13,32.094,91.645,52.095,16.309,1
C1162,CG1,29.067,0.955,1.073,2021-01-21,27.0,89.581,51.283,16.309,1
C1163,CG1,29.067,1.002,3.397,2021-01-25,25.807,88.548,57.077,16.309,1
C1164,CG1,29.067,1.017,1.251,2021-07-06,14.712,45.065,33.57,16.309,1
C1165,CG1,29.068,0.921,3.039,2021-01-09,29.759,92.677,46.059,16.309,1
C1166,CG1,29.068,0.926,1.073,2021-02-06,27.699,85.5,54.961,16.309,1
C1167,CG1,29.068,0.953,1.341,2021-01-01,29.446,94.742,57.384,16.309,1
C1168,CG1,29.07,0.907,1.162,2021-01-21,26.622,89.581,54.315,16.309,1
C1169,CG1,29.069,0.919,1.251,2021-03-28,24.945,72.774,51.071,16.309,1
C1170,CG1,29.069,1.005,1.788,2021-01-21,27.219,89.581,44.199,16.309,1
C1171,CG1,29.07,1.092,1.251,2021-02-08,30.851,73.857,42.619,16.309,1
C1172,CG1,29.07,1.076,2.235,2021-01-01,36.59,80.806,50.237,16.309,1
C1173,CG1,29.07,1.047,1.162,2021-01-27,29.485,75.774,40.082,16.309,1
C1174,CG1,29.071,0.904,3.575,2021-01-01,59.917,94.742,47.367,16.309,1
C1175,CG1,29.071,0.946,1.341,2021-01-03,29.757,94.226,47.708,16.309,1
C1176,CG1,29.071,0.988,2.682,2021-01-01,24.424,94.742,53.396,16.309,1
C1177,CG1,29.071,1.053,1.609,2021-03-16,27.706,67.903,33.865,16.309,1
C1178,CG1,29.072,1.04,1.162,2021-09-12,10.224,25.6,24.864,16.309,1
C1179,CG1,29.071,0.919,1.251,2021-01-25,29.426,88.548,38.827,16.309,1
C1180,CG1,29.072,0.957,1.52,2021-01-27,27.638,88.032,36.427,16.309,1
C1181,CG1,29.072,0.978,1.52,2021-02-02,24.98,86.5,30.45,16.309,1
C1182,CG1,29.072,1.037,1.251,2021-01-03,28.564,80.419,19.494,16.309,1
C1183,CG1,29.073,0.921,1.162,2021-01-13,29.519,91.645,59.33,16.309,1
C1184,CG1,29.072,0.984,1.698,2021-02-20,20.781,82.0,56.509,16.309,1
C1185,CG1,29.072,1.094,1.073,2021-01-01,35.377,80.806,53.21,16.309,1
C1186,CG1,29.072,0.927,1.251,2021-01-01,31.637,94.742,57.706,16.309,1
C1187,CG1,29.074,1.076,1.251,2021-01-01,32.763,80.806,57.977,16.309,1
C1188,CG1,29.074,0.906,1.698,2021-01-01,30.608,94.742,66.133,16.309,1
C1189,CG1,29.074,0.904,1.073,2021-08-29,13.374,28.581,35.838,16.309,1
C1190,CG1,29.075,0.966,2.235,2021-01-01,25.235,94.742,54.233,16.309,1
C1191,CG1,29.075,1.023,1.162,2021-03-16,22.284,75.871,34.088,16.309,1
C1192,CG1,29.075,0.924,1.52,2021-01-01,28.781,94.742,56.145,16.309,1
C1193,CG1,29.076,1.006,1.966,2021-01-01,28.362,94.742,40.849,16.309,1
C1194,CG1,29.076,1.047,1.162,2021-05-25,20.171,56.161,28.955,16.309,1
C1195,CG1,29.076,0.888,2.503,2021-02-26,50.989,80.5,51.749,16.309,1
C1196,CG1,29.075,1.074,5.184,2021-01-01,34.753,80.806,55.166,16.309,1
C1197,CG1,29.078,0.937,1.52,2021-01-03,29.843,94.226,48.069,16.309,1
C1198,CG1,29.078,0.881,1.698,2021-03-16,46.237,75.871,46.916,16.309,1
C1199,CG1,29.078,0.947,1.698,2021-02-18,22.08,82.5,45.762,16.309,1
C1200,CG1,29.078,0.971,1.162,2021-01-25,23.851,88.548,57.612,16.309,1
C1201,CG1,29.079,0.906,6.793,2021-01-01,32.722,94.742,53.368,16.309,1
C1202,CG1,29.079,0.922,1.073,2021-03-22,26.796,74.323,48.227,16.309,1
C1203,CG1,29.079,1.057,1.877,2021-01-13,33.161,78.484,51.301,16.309,1
C1204,CG1,29.079,0.953,1.073,2021-02-02,25.276,86.5,40.944,16.309,1
C1205,CG1,29.079,1.025,1.609,2021-02-08,26.237,76.235,32.283,16.309,1
C1206,CG1,29.079,1.1,1.073,2021-01-01,30.322,80.806,34.057,16.309,1
C1207,CG1,29.08,1.088,1.073,2021-06-18,20.183,49.0,29.132,16.309,1
C1208,CG1,29.081,1.1,1.341,2021-01-01,29.446,80.806,53.112,16.309,1
C1209,CG1,29.081,0.954,3.575,2021-03-14,21.618,76.387,40.357,16.309,1
C1210,CG1,29.082,1.086,2.771,2021-01-03,32.956,80.419,55.616,16.309,1
C1211,CG1,29.082,1.051,1.788,2021-01-01,33.405,80.806,38.397,16.309,1
C1212,CG1,29.083,1.101,1.251,2021-01-13,29.853,78.484,35.97,16.309,1
C1213,CG1,29.085,0.983,1.251,2021-01-13,28.872,91.645,44.168,16.309,1
C1214,CG1,29.084,0.909,1.251,2021-01-09,29.227,92.677,58.619,16.309,1
C1215,CG1,29.085,0.922,1.251,2021-01-01,32.115,94.742,50.426,16.309,1
C1216,CG1,29.084,0.942,1.073,2021-01-01,29.611,94.742,57.117,16.309,1
C1217,CG1,29.085,0.911,1.073,2021-02-02,27.833,86.5,49.711,16.309,1
C1218,CG1,29.085,0.933,1.073,2021-01-01,32.622,94.742,51.928,16.309,1
C1219,CG1,29.084,1.097,1.073,2021-01-03,30.981,80.419,47.716,16.309,1
C1220,CG1,29.085,0.951,2.682,2021-01-27,27.309,88.032,50.798,16.309,1
C1221,CG1,29.086,1.067,2.86,2021-01-01,35.16,80.806,33.549,16.309,1
C1222,CG1,29.087,0.942,1.251,2021-01-27,27.148,88.032,46.873,16.309,1
C1223,CG1,29.087,1.018,2.145,2021-03-16,24.717,75.871,54.331,16.309,1
C1224,CG1,29.088,0.901,1.698,2021-01-01,63.357,94.742,55.4,16.309,1
C1225,CG1,29.088,0.928,4.737,2021-01-01,31.818,94.742,57.763,16.309,1
C1226,CG1,29.088,0.973,1.251,2021-03-14,19.913,76.387,39.22,16.309,1
C1227,CG1,29.088,1.104,1.966,2021-01-01,30.518,80.806,43.944,16.309,1
C1228,CG1,29.089,1.096,2.145,2021-01-15,30.274,78.097,30.574,16.309,1
C1229,CG1,29.09,1.067,1.162,2021-03-26,27.508,65.968,31.742,16.309,1
C1230,CG1,29.09,0.897,3.397,2021-01-01,59.353,94.742,48.845,16.309,1
C1231,CG1,29.091,1.013,1.073,2021-01-13,27.977,91.645,51.867,16.309,1
C1232,CG1,29.091,1.063,4.38,2021-01-13,32.873,78.484,40.534,16.309,1
C1233,CG1,29.091,0.887,1.162,2021-03-04,51.935,78.968,45.061,16.309,1
C1234,CG1,29.091,0.923,1.251,2021-01-09,29.512,92.677,47.441,16.309,1
C1235,CG1,29.092,1.085,1.698,2021-03-16,26.259,67.903,44.535,16.309,1
C1236,CG1,29.092,0.969,2.056,2021-01-01,27.518,94.742,51.42,16.309,1
C1237,CG1,29.092,1.007,2.145,2021-08-01,11.889,36.71,40.638,16.309,1
C1238,CG1,29.092,1.06,1.877,2021-01-25,30.353,76.161,44.064,16.309,1
C1239,CG1,29.092,0.928,1.341,2021-01-25,29.939,88.548,48.021,16.309,1
C1240,CG1,29.094,0.924,3.665,2021-01-01,30.404,94.742,47.429,16.309,1
C1241,CG1,29.093,0.945,2.413,2021-03-14,21.005,76.387,48.622,16.309,1
C1242,CG1,29.093,0.993,1.251,2021-03-16,25.618,75.871,42.551,16.309,1
C1243,CG1,29.095,0.983,2.592,2021-01-01,25.709,94.742,50.681,16.309,1
C1244,CG1,29.094,1.082,1.341,2021-01-15,32.175,78.097,59.938,16.309,1
C1245,CG1,29.094,1.091,2.324,2021-04-07,25.167,64.067,37.911,16.309,1
C1246,CG1,29.094,0.915,1.341,2021-01-09,27.294,92.677,53.241,16.309,1
C1247,CG1,29.095,0.964,2.771,2021-01-01,24.606,94.742,57.16,16.309,1
C1248,CG1,29.095,1.094,1.073,2021-03-02,26.545,70.613,48.794,16.309,1
C1249,CG1,29.096,0.906,1.073,2021-03-14,24.46,76.387,45.395,16.309,1
C1250,CG1,29.095,0.918,3.397,2021-02-18,23.939,82.5,53.222,16.309,1
C1251,CG1,29.096,1.064,1.251,2021-06-18,16.53,49.0,38.64,16.309,1
C1252,CG1,29.096,1.088,2.145,2021-01-01,31.016,80.806,51.226,16.309,1
C1253,CG1,29.096,1.084,8.402,2021-01-01,31.784,80.806,61.405,16.309,1
C1254,CG1,29.097,1.093,2.503,2021-03-02,28.932,70.613,43.856,16.309,1
C1255,CG1,29.097,1.076,1.162,2021-03-04,31.135,70.226,53.391,16.309,1
C1256,CG1,29.097,1.051,4.737,2021-01-01,29.357,80.806,42.445,16.309,1
C1257,CG1,29.098,0.916,1.251,2021-03-02,25.948,79.484,45.53,16.309,1
C1258,CG1,29.098,0.952,1.073,2021-01-01,27.341,94.742,55.842,16.309,1
C1259,CG1,29.098,0.977,1.162,2021-01-01,26.598,94.742,42.232,16.309,1
C1260,CG1,29.098,0.902,2.503,2021-04-07,50.364,70.367,38.254,16.309,1
C1261,CG1,29.099,1.04,1.698,2021-01-27,27.07,75.774,49.224,16.309,1
C1262,CG1,29.099,0.971,1.073,2021-01-21,25.905,89.581,43.103,16.309,1
C1263,CG1,29.099,0.923,2.503,2021-02-06,28.494,85.5,54.771,16.309,1
C1264,CG1,29.099,1.1,1.877,2021-02-08,33.779,73.857,53.39,16.309,1
C1265,CG1,29.1,1.075,1.698,2021-01-25,32.941,76.161,53.857,16.309,1
C1266,CG1,29.1,0.919,1.43,2021-04-07,23.043,70.367,42.34,16.309,1
C1267,CG1,29.102,1.051,1.251,2021-02-20,28.88,72.143,39.033,16.309,1
C1268,CG1,29.103,1.093,1.43,2021-02-06,31.453,74.143,48.428,16.309,1
C1269,CG1,29.103,1.096,3.039,2021-03-14,30.919,68.29,40.886,16.309,1
C1270,CG1,29.103,0.955,1.251,2021-04-19,16.456,67.567,53.651,16.309,1
C1271,CG1,29.102,1.082,3.307,2021-01-27,29.553,75.774,59.257,16.309,1
C1272,CG1,29.104,1.073,4.022,2021-03-26,27.307,65.968,37.778,16.309,1
C1273,CG1,29.104,0.923,1.698,2021-01-01,28.085,94.742,48.639,16.309,1
C1274,CG1,29.104,0.947,1.162,2021-01-01,28.21,94.742,52.709,16.309,1
C1275,CG1,29.104,0.934,1.073,2021-01-21,27.878,89.581,54.68,16.309,1
C1276,CG1,29.104,1.075,1.251,2021-01-15,33.56,78.097,35.945,16.309,1
C1277,CG1,29.105,0.916,1.251,2021-01-03,31.249,94.226,56.571,16.309,1
C1278,CG1,29.105,0.904,2.95,2021-01-01,44.666,94.742,48.341,16.309,1
C1279,CG1,29.107,1.086,4.201,2021-03-14,27.451,68.29,43.81,16.309,1
C1280,CG1,29.107,1.104,1.162,2021-03-14,24.16,68.29,48.09,16.309,1
C1281,CG1,29.107,1.055,1.609,2021-01-15,32.155,78.097,49.527,16.309,1
C1282,CG1,29.107,1.077,1.073,2021-01-13,33.347,78.484,49.108,16.309,1
C1283,CG1,29.109,0.891,1.788,2021-01-01,60.503,94.742,54.771,16.309,1
C1284,CG1,29.108,0.913,1.251,2021-01-03,32.733,94.226,49.658,16.309,1
C1285,CG1,29.11,0.879,2.682,2021-01-01,63.243,94.742,55.915,16.309,1
C1286,CG1,29.109,1.013,1.073,2021-01-03,25.9,94.226,42.769,16.309,1
C1287,CG1,29.108,0.919,1.52,2021-01-27,31.305,88.032,44.433,16.309,1
C1288,CG1,29.11,1.031,1.162,2021-01-13,28.17,78.484,54.382,16.309,1
C1289,CG1,29.11,0.883,1.967,2021-10-04,14.909,20.968,28.991,16.309,1
C1290,CG1,29.111,0.947,1.251,2021-04-19,19.644,67.567,51.73,16.309,1
C1291,CG1,29.111,0.889,3.129,2021-01-01,63.053,94.742,49.925,16.309,1
C1292,CG1,29.111,0.882,1.251,2021-01-03,70.674,94.226,49.451,16.309,1
C1293,CG1,29.111,1.017,1.43,2021-03-26,22.147,73.29,35.86,16.309,1
C1294,CG1,29.112,0.892,1.609,2021-02-08,60.566,85.0,52.942,16.309,1
C1295,CG1,29.112,0.88,2.056,2021-01-13,65.753,91.645,46.726,16.309,1
C1296,CG1,29.112,0.897,5.006,2021-01-01,61.717,94.742,48.821,16.309,1
C1297,CG1,29.112,0.984,1.251,2021-02-26,21.19,80.5,38.065,16.309,1
C1298,CG1,29.112,1.031,1.698,2021-01-13,30.606,78.484,47.312,16.309,1
C1299,CG1,29.112,0.949,2.056,2021-06-12,15.897,53.0,38.019,16.309,1
C1300,CG1,29.113,0.988,1.162,2021-02-26,20.89,80.5,44.099,16.309,1
C1301,CG1,29.113,1.084,1.788,2021-01-01,33.241,80.806,49.533,16.309,1
C1302,CG1,29.115,1.049,1.341,2021-06-14,18.862,50.333,29.123,16.309,1
C1303,CG1,29.115,0.991,1.788,2021-03-16,22.327,75.871,42.808,16.309,1
C1304,CG1,29.115,1.102,1.788,2021-01-03,31.196,80.419,43.38,16.309,1
C1305,CG1,29.116,0.993,2.413,2021-01-21,25.185,89.581,49.895,16.309,1
C1306,CG1,29.116,0.976,2.413,2021-01-01,26.348,94.742,55.898,16.309,1
C1307,CG1,29.116,0.986,1.162,2021-01-01,27.87,94.742,47.564,16.309,1
C1308,CG1,29.116,1.045,1.966,2021-03-04,26.054,70.226,35.924,16.309,1
C1309,CG1,29.116,0.888,3.665,2021-01-01,59.921,94.742,41.475,16.309,1
C1310,CG1,29.117,0.931,1.609,2021-05-01,18.772,64.742,42.204,16.309,1
C1311,CG1,29.117,0.968,2.324,2021-02-02,22.338,86.5,49.757,16.309,1
C1312,CG1,29.118,1.027,1.162,2021-01-03,30.043,80.419,43.702,16.309,1
C1313,CG1,29.118,1.082,2.056,2021-03-04,29.869,70.226,45.495,16.309,1
C1314,CG1,29.118,1.084,1.609,2021-01-01,35.303,80.806,46.643,16.309,1
C1315,CG1,29.118,0.9,2.682,2021-01-09,61.787,92.677,44.643,16.309,1
C1316,CG1,29.119,0.935,2.324,2021-01-01,28.962,94.742,48.436,16.309,1
C1317,CG1,29.119,1.054,2.503,2021-02-08,28.08,73.857,47.26,16.309,1
C1318,CG1,29.12,1.096,3.396,2021-01-01,32.027,80.806,40.886,16.309,1
C1319,CG1,29.121,0.954,1.251,2021-01-03,29.711,94.226,43.758,16.309,1
C1320,CG1,29.121,1.052,1.609,2021-02-06,29.186,74.143,30.978,16.309,1
C1321,CG1,29.121,0.987,1.966,2021-02-08,25.62,85.0,44.865,16.309,1
C1322,CG1,29.121,1.054,1.073,2021-08-05,12.284,33.871,27.55,16.309,1
C1323,CG1,29.122,0.893,1.52,2021-02-06,57.015,85.5,47.398,16.309,1
C1324,CG1,29.122,0.887,1.341,2021-01-03,65.081,94.226,43.474,16.309,1
C1325,CG1,29.122,0.975,2.324,2021-01-03,25.268,94.226,48.096,16.309,1
C1326,CG1,29.122,0.879,1.251,2021-10-04,12.006,20.968,25.359,16.309,1
C1327,CG1,29.123,1.042,1.073,2021-07-14,11.931,40.484,27.535,16.309,1
C1328,CG1,29.124,0.883,3.844,2021-01-01,66.663,94.742,47.792,16.309,1
C1329,CG1,29.123,1.104,2.145,2021-01-01,29.275,80.806,55.177,16.309,1
C1330,CG1,29.124,0.945,1.073,2021-02-26,23.174,80.5,46.763,16.309,1
C1331,CG1,29.125,0.973,1.073,2021-06-24,11.223,49.0,32.26,16.309,1
C1332,CG1,29.124,0.975,1.162,2021-01-01,25.715,94.742,49.177,16.309,1
C1333,CG1,29.125,1.093,1.43,2021-01-01,35.006,80.806,48.404,16.309,1
C1334,CG1,29.125,0.926,1.251,2021-02-06,27.408,85.5,46.113,16.309,1
C1335,CG1,29.126,0.958,2.503,2021-01-13,26.787,91.645,51.215,16.309,1
C1336,CG1,29.127,0.921,1.162,2021-06-30,16.637,47.0,35.694,16.309,1
C1337,CG1,29.127,0.966,1.52,2021-01-09,23.796,92.677,49.835,16.309,1
C1338,CG1,29.127,0.897,1.073,2021-01-01,61.307,94.742,37.641,16.309,1
C1339,CG1,29.128,0.94,1.341,2021-03-14,24.677,76.387,38.771,16.309,1
C1340,CG1,29.128,1.035,1.251,2021-01-15,27.953,78.097,46.08,16.309,1
C1341,CG1,29.129,0.889,2.056,2021-01-01,70.452,94.742,41.904,16.309,1
C1342,CG1,29.13,0.912,1.251,2021-05-13,21.073,61.645,30.921,16.309,1
C1343,CG1,29.13,1.031,2.503,2021-03-02,21.27,70.613,46.874,16.309,1
C1344,CG1,29.13,0.882,1.251,2021-05-15,37.964,61.129,39.704,16.309,1
C1345,CG1,29.133,0.921,1.162,2021-03-16,27.228,75.871,42.001,16.309,1
C1346,CG1,29.132,1.085,1.251,2021-05-01,24.221,60.806,36.747,16.309,1
C1348,CG1,29.135,1.09,2.413,2021-01-01,33.274,80.806,45.745,16.309,1
C1349,CG1,29.135,0.88,1.162,2021-01-03,66.728,94.226,35.139,16.309,1
C1350,CG1,29.136,0.993,1.162,2021-01-13,28.402,91.645,48.624,16.309,1
C1351,CG1,29.137,0.931,1.073,2021-06-14,17.462,52.333,38.621,16.309,1
C1352,CG1,29.139,1.025,1.698,2021-01-13,26.546,78.484,43.303,16.309,1
C1353,CG1,29.14,0.997,2.056,2021-01-21,25.86,89.581,45.338,16.309,1
C1354,CG1,29.14,1.083,1.877,2021-03-26,26.877,65.968,29.01,16.309,1
C1355,CG1,29.142,0.976,1.251,2021-01-13,25.988,91.645,29.652,16.309,1
C1356,CG1,29.142,1.002,1.073,2021-03-22,21.496,74.323,35.837,16.309,1
C1357,CG1,29.142,1.023,1.073,2021-01-01,29.012,80.806,45.365,16.309,1
C1358,CG1,29.143,1.012,1.341,2021-03-14,22.909,68.66,26.682,16.309,1
C1359,CG1,29.142,0.893,3.397,2021-01-01,68.83,94.742,50.625,16.309,1
C1360,CG1,29.143,0.978,2.235,2021-02-26,21.664,80.5,34.169,16.309,1
C1361,CG1,29.144,0.904,1.43,2021-02-26,39.783,80.5,39.266,16.309,1
C1362,CG1,29.146,0.993,2.413,2021-01-01,26.652,94.742,51.076,16.309,1
C1363,CG1,29.15,0.905,1.251,2021-01-21,30.509,89.581,30.247,16.309,1
C1364,CG1,29.151,1.006,1.609,2021-01-01,28.067,94.742,61.751,16.309,1
C1365,CG1,29.153,1.008,1.251,2021-03-04,27.055,78.968,38.301,16.309,1
C1366,CG1,29.153,1.028,1.609,2021-01-13,26.91,78.484,45.266,16.309,1
C1367,CG1,29.155,0.951,1.609,2021-04-19,17.662,67.567,36.729,16.309,1
C1368,CG1,29.156,1.015,2.592,2021-01-15,26.06,78.097,47.282,16.309,1
C1369,CG1,29.157,1.018,1.251,2021-01-27,26.182,75.774,41.262,16.309,1
C1370,CG1,29.157,0.966,1.251,2021-02-26,23.465,80.5,44.415,16.309,1
C1371,CG1,29.158,0.914,1.251,2021-01-21,27.452,89.581,25.057,16.309,1
C1372,CG1,29.158,0.912,1.43,2021-02-02,26.741,86.5,18.991,16.309,1
C1373,CG1,29.163,0.925,2.145,2021-01-25,26.903,88.548,37.143,16.309,1
C1374,CG1,29.164,0.968,1.251,2021-02-08,25.041,85.0,46.932,16.309,1
C1375,CG1,29.165,1.088,3.665,2021-03-16,25.676,67.903,50.487,16.309,1
C1376,CG1,29.166,1.09,1.877,2021-05-27,19.223,55.774,44.791,16.309,1
C1377,CG1,29.166,1.082,5.005,2021-04-09,23.313,63.8,34.969,16.309,1
C1378,CG1,29.168,1.084,1.162,2021-12-05,3.355,6.71,21.132,16.309,1
C1379,CG1,29.17,1.049,2.592,2021-01-13,31.494,78.484,45.832,16.309,1
C1380,CG1,29.171,1.081,1.43,2021-06-24,14.881,47.0,33.716,16.309,1
C1381,CG1,29.172,1.046,1.43,2021-06-18,12.548,49.0,31.656,16.309,1
C1382,CG1,29.173,1.07,2.056,2021-01-01,32.476,80.806,42.539,16.309,1
C1383,CG1,29.176,1.089,1.609,2021-02-06,27.088,74.143,38.081,16.309,1
C1384,CG1,29.176,0.926,1.073,2021-02-08,22.396,85.0,24.526,16.309,1
C1385,CG1,29.176,1.042,1.162,2021-01-01,30.334,80.806,42.442,16.309,1
C1386,CG1,29.176,1.093,1.519,2021-01-01,30.469,80.806,43.624,16.309,1
C1387,CG1,29.179,1.028,1.698,2021-01-01,28.851,80.806,51.46,16.309,1
C1388,CG1,29.18,1.088,1.073,2021-01-01,28.998,80.806,38.566,16.309,1
C1389,CG1,29.181,1.062,2.413,2021-02-06,30.317,74.143,42.728,16.309,1
C1390,CG1,29.181,1.092,1.43,2021-01-01,26.333,80.806,46.953,16.309,1
C1391,CG1,29.182,1.074,1.341,2021-10-18,7.15,17.355,30.351,16.309,1
C1392,CG1,29.184,1.084,1.341,2021-02-08,25.815,73.857,37.024,16.309,1
C1393,CG1,29.187,0.912,1.43,2021-10-04,5.453,20.968,24.745,16.309,1
C1394,CG1,29.188,1.07,1.162,2021-03-14,23.305,68.29,31.643,16.309,1
C1395,CG1,29.19,1.038,1.251,2021-01-01,29.148,80.806,55.861,16.309,1
C1396,CG1,29.194,1.086,3.128,2021-01-01,26.631,80.806,50.015,16.309,1
C1397,CG1,29.192,0.924,1.162,2021-07-18,12.452,41.194,25.954,16.309,1
C1398,CG1,29.193,1.048,2.413,2021-01-25,27.961,76.161,51.239,16.309,1
C1399,CG1,29.193,1.093,1.609,2021-01-15,26.614,78.097,48.316,16.309,1
C1400,CG1,29.193,1.084,1.43,2021-02-08,22.966,73.857,43.32,16.309,1
C1401,CG1,29.194,1.067,2.413,2021-01-01,30.816,80.806,28.61,16.309,1
C1402,CG1,29.195,1.049,1.073,2021-01-15,29.894,78.097,38.961,16.309,1
C1403,CG1,29.194,1.082,1.162,2021-01-25,26.994,76.161,38.594,16.309,1
C1404,CG1,29.195,1.029,1.609,2021-01-25,26.15,76.161,60.367,16.309,1
C1405,CG1,29.195,1.089,1.341,2021-01-03,25.669,80.419,43.878,16.309,1
C1406,CG1,29.195,1.099,1.519,2021-01-25,27.409,76.161,50.738,16.309,1
C1407,CG1,29.196,1.021,1.52,2021-01-13,27.929,78.484,50.953,16.309,1
C1408,CG1,29.196,0.989,3.575,2021-01-01,22.192,94.742,47.589,16.309,1
C1409,CG1,29.196,1.035,4.112,2021-02-08,25.04,73.857,51.683,16.309,1
C1410,CG1,29.196,1.082,1.341,2021-03-28,24.981,65.581,29.058,16.309,1
C1411,CG1,29.197,1.093,1.609,2021-02-06,25.762,74.143,42.352,16.309,1
C1412,CG1,29.199,0.987,3.218,2021-01-01,21.839,94.742,53.016,16.309,1
C1413,CG1,29.199,0.936,1.788,2021-02-06,26.525,85.5,45.468,16.309,1
C1414,CG1,29.2,1.064,1.073,2021-03-02,25.719,70.613,25.999,16.309,1
C1415,CG1,29.202,1.088,2.413,2021-01-25,26.477,76.161,40.887,16.309,1
C1416,CG1,29.202,1.06,2.592,2021-07-30,13.162,35.323,24.164,16.309,1
C1417,CG1,29.203,1.073,1.251,2021-01-27,25.216,75.774,31.458,16.309,1
C1418,CG1,29.203,1.076,1.698,2021-01-03,26.076,80.419,46.634,16.309,1
C1419,CG1,29.205,0.991,1.966,2021-02-14,19.874,83.5,38.968,16.309,1
C1420,CG1,29.207,1.067,1.073,2021-08-31,9.564,28.0,21.869,16.309,1
C1421,CG1,29.208,1.079,1.609,2021-02-08,24.118,73.857,30.819,16.309,1
C1422,CG1,29.208,1.073,1.788,2021-01-25,23.79,76.161,34.578,16.309,1
C1423,CG1,29.209,0.956,1.609,2021-01-01,29.234,94.742,30.823,16.309,1
C1424,CG1,29.21,1.099,2.145,2021-01-01,27.646,80.806,42.491,16.309,1
C1425,CG1,29.213,1.035,1.341,2021-03-02,22.215,70.613,46.125,16.309,1
C1426,CG1,29.213,0.934,1.788,2021-01-01,29.789,94.742,52.849,16.309,1
C1427,CG1,29.214,1.099,4.29,2021-01-01,29.14,80.806,53.193,16.309,1
C1428,CG1,29.214,1.03,1.609,2021-08-17,9.432,31.161,44.603,16.309,1
C1429,CG1,29.216,1.088,2.145,2021-01-15,26.712,78.097,43.92,16.309,1
C1430,CG1,29.216,0.905,1.877,2021-01-21,31.688,89.581,58.353,16.309,1
C1431,CG1,29.216,1.103,1.966,2021-04-19,21.716,62.467,45.565,16.309,1
C1432,CG1,29.216,0.896,1.073,2021-02-02,56.951,86.5,37.413,16.309,1
C1433,CG1,29.216,0.985,1.162,2021-04-07,20.587,70.367,41.161,16.309,1
C1434,CG1,29.216,1.076,2.413,2021-01-27,24.786,75.774,44.806,16.309,1
C1435,CG1,29.217,0.9,1.162,2021-02-14,60.37,83.5,47.284,16.309,1
C1436,CG1,29.217,1.028,1.162,2021-03-14,23.433,68.29,47.96,16.309,1
C1437,CG1,29.218,1.103,1.341,2021-02-08,26.95,73.857,42.657,16.309,1
C1438,CG1,29.22,1.038,1.073,2021-10-12,6.904,18.903,27.931,16.309,1
C1439,CG1,29.222,0.907,1.162,2021-01-01,32.776,94.742,49.546,16.309,1
C1440,CG1,29.223,1.041,1.43,2022-08-12,0.0,0.0,12.427,16.309,0
C1441,CG1,29.226,1.035,2.95,2021-02-08,25.574,73.857,42.002,16.309,1
C1442,CG1,29.229,1.05,1.162,2021-01-01,24.08,80.806,38.77,16.309,1
C1443,CG1,29.23,0.96,1.251,2021-03-14,23.408,76.387,32.539,16.309,1
C1444,CG1,29.231,1.02,1.073,2021-04-07,23.626,64.067,23.31,16.309,1
C1445,CG1,29.231,1.047,1.341,2021-01-15,27.512,78.097,42.377,16.309,1
C1447,CG1,29.231,1.061,2.145,2021-01-13,25.203,78.484,43.49,16.309,1
C1448,CG1,29.231,1.051,1.609,2021-02-08,24.083,73.857,32.516,16.309,1
C1449,CG1,29.232,0.987,1.341,2021-01-09,29.395,92.677,47.07,16.309,1
C1450,CG1,29.233,1.091,1.251,2021-07-24,10.976,37.258,27.656,16.309,1
C1451,CG1,29.233,1.103,1.073,2021-01-01,30.946,80.806,42.671,16.309,1
C1452,CG1,29.232,1.084,1.162,2021-01-01,25.913,80.806,52.522,16.309,1
C1453,CG1,29.233,1.086,1.519,2021-01-03,25.036,80.419,49.711,16.309,1
C1454,CG1,29.233,1.044,1.341,2021-06-02,16.387,54.333,31.097,16.309,1
C1455,CG1,29.233,1.064,1.162,2021-01-01,24.594,80.806,40.796,16.309,1
C1456,CG1,29.234,1.084,1.073,2021-01-03,26.007,80.419,49.125,16.309,1
C1457,CG1,29.233,1.101,1.519,2021-02-06,27.529,74.143,52.472,16.309,1
C1458,CG1,29.234,1.003,1.073,2021-04-19,19.75,62.467,28.93,16.309,1
C1459,CG1,29.235,1.02,1.251,2021-02-08,29.502,73.857,26.738,16.309,1
C1460,CG1,29.234,1.097,1.519,2021-01-03,27.409,80.419,54.264,16.309,1
C1461,CG1,29.235,1.014,1.52,2021-05-15,19.45,58.097,39.994,16.309,1
C1462,CG1,29.236,1.018,1.251,2021-02-06,26.459,74.143,26.614,16.309,1
C1463,CG1,29.237,0.979,1.341,2021-04-07,23.641,70.367,44.101,16.309,1
C1464,CG1,29.239,0.964,1.43,2021-01-01,31.898,94.742,48.694,16.309,1
C1465,CG1,29.238,1.059,1.073,2021-03-28,21.824,65.581,42.093,16.309,1
C1466,CG1,29.238,1.099,2.503,2021-01-15,29.737,78.097,29.501,16.309,1
C1467,CG1,29.238,1.066,1.43,2021-01-01,27.159,80.806,39.876,16.309,1
C1468,CG1,29.24,0.923,1.43,2021-01-13,26.108,91.645,55.329,16.309,1
C1469,CG1,29.24,1.024,2.324,2021-03-16,25.153,67.903,48.423,16.309,1
C1470,CG1,29.241,1.065,1.966,2021-01-03,28.178,80.419,39.623,16.309,1
C1471,CG1,29.241,0.902,1.162,2021-01-03,70.2,94.226,37.583,16.309,1
C1472,CG1,29.241,1.074,2.592,2021-01-15,26.879,78.097,43.546,16.309,1
C1473,CG1,29.242,1.055,1.162,2021-03-02,26.374,70.613,45.295,16.309,1
C1474,CG1,29.243,0.984,1.073,2021-01-01,32.784,94.742,38.851,16.309,1
C1475,CG1,29.244,1.064,3.128,2021-03-14,23.522,68.29,45.674,16.309,1
C1476,CG1,29.246,1.094,1.519,2021-01-01,29.562,80.806,54.354,16.309,1
C1477,CG1,29.246,1.103,1.519,2021-03-14,23.218,68.29,39.695,16.309,1
C1479,CG1,29.248,1.048,1.877,2021-05-01,19.315,60.806,34.969,16.309,1
C1480,CG1,29.248,0.925,1.073,2021-03-02,22.765,79.484,47.296,16.309,1
C1481,CG1,29.248,0.962,1.162,2021-04-09,24.209,69.9,37.013,16.309,1
C1482,CG1,29.249,1.033,1.251,2021-04-07,23.188,64.067,35.049,16.309,1
C1483,CG1,29.25,1.007,1.966,2021-04-09,24.109,63.8,47.746,16.309,1
C1484,CG1,29.25,1.066,2.056,2021-01-27,26.327,75.774,44.113,16.309,1
C1485,CG1,29.249,1.099,1.788,2021-01-27,28.015,75.774,31.976,16.309,1
C1486,CG1,29.25,1.033,1.43,2021-10-24,7.45,15.806,28.299,16.309,1
C1487,CG1,29.251,0.927,2.235,2021-10-28,3.662,14.774,20.206,16.309,1
C1488,CG1,29.252,0.888,1.609,2021-01-09,62.961,92.677,45.152,16.309,1
C1489,CG1,29.252,1.058,1.52,2021-04-19,21.102,62.467,48.525,16.309,1
C1490,CG1,29.253,1.063,3.486,2021-01-15,28.221,78.097,45.165,16.309,1
C1491,CG1,29.253,1.1,3.218,2021-05-13,18.48,58.484,46.631,16.309,1
C1492,CG1,29.254,1.058,1.251,2021-01-25,28.35,76.161,45.831,16.309,1
C1493,CG1,29.253,1.104,1.43,2021-07-14,12.115,40.484,37.364,16.309,1
C1494,CG1,29.254,1.091,1.162,2021-03-14,24.437,68.29,37.605,16.309,1
C1495,CG1,29.255,1.097,1.698,2021-03-14,24.934,68.29,44.053,16.309,1
C1496,CG1,29.255,1.101,2.592,2021-01-13,29.009,78.484,48.868,16.309,1
C1497,CG1,29.256,1.061,1.341,2021-01-03,29.963,80.419,37.626,16.309,1
C1498,CG1,29.256,1.049,1.251,2021-03-04,24.581,70.226,45.543,16.309,1
C1499,CG1,29.257,1.093,1.966,2021-01-03,30.175,80.419,49.542,16.309,1
C1500,CG1,29.258,1.073,1.162,2021-01-25,26.001,76.161,44.43,16.309,1
C1501,CG1,29.258,0.938,2.86,2021-01-09,30.799,92.677,24.421,16.309,1
C1502,CG1,29.258,1.022,1.341,2021-04-21,23.123,62.2,33.339,16.309,1
C1503,CG1,29.258,1.084,2.324,2021-01-27,23.952,75.774,40.004,16.309,1
C1504,CG1,29.26,1.098,3.486,2021-01-27,27.571,75.774,45.404,16.309,1
C1505,CG1,29.261,1.062,1.341,2021-07-18,11.934,39.194,36.221,16.309,1
C1506,CG1,29.261,1.081,1.251,2021-01-13,27.794,78.484,30.794,16.309,1
C1507,CG1,29.262,1.07,1.251,2021-03-04,22.547,70.226,41.774,16.309,1
C1508,CG1,29.262,1.093,1.43,2021-02-08,26.834,73.857,43.893,16.309,1
C1509,CG1,29.263,0.999,3.307,2021-01-01,33.838,80.806,45.521,16.309,1
C1510,CG1,29.264,1.089,1.341,2021-01-25,28.448,76.161,31.086,16.309,1
C1511,CG1,29.265,1.069,1.52,2021-01-15,23.635,78.097,37.726,16.309,1
C1512,CG1,29.265,0.941,2.056,2021-03-04,26.067,78.968,29.672,16.309,1
C1513,CG1,29.265,1.058,1.251,2021-01-13,26.745,78.484,39.21,16.309,1
C1514,CG1,29.264,0.981,2.235,2021-04-07,26.358,70.367,23.798,16.309,1
C1515,CG1,29.266,1.02,1.966,2021-01-13,32.584,78.484,54.743,16.309,1
C1516,CG1,29.266,1.086,1.073,2021-03-04,21.707,70.226,52.762,16.309,1
C1517,CG1,29.267,1.081,1.341,2021-01-25,26.201,76.161,41.41,16.309,1
C1518,CG1,29.267,1.091,1.341,2021-01-03,30.631,80.419,45.037,16.309,1
C1519,CG1,29.268,0.985,2.771,2021-04-19,25.784,63.464,43.438,16.309,1
C1520,CG1,29.269,0.987,3.397,2021-03-28,27.707,65.581,50.225,16.309,1
C1521,CG1,29.269,1.035,5.899,2021-01-01,32.047,80.806,48.838,16.309,1
C1522,CG1,29.269,0.992,1.073,2021-06-12,21.461,51.0,32.514,16.309,1
C1523,CG1,29.271,1.016,1.966,2021-01-25,31.1,76.161,58.994,16.309,1
C1524,CG1,29.271,1.035,1.162,2021-02-08,27.96,73.857,46.891,16.309,1
C1525,CG1,29.273,1.059,2.503,2021-02-08,27.321,73.857,44.093,16.309,1
C1526,CG1,29.273,1.08,1.341,2021-03-04,24.128,70.226,43.237,16.309,1
C1527,CG1,29.273,1.032,1.788,2021-01-15,27.651,78.097,37.611,16.309,1
C1528,CG1,29.274,0.935,2.235,2021-01-01,34.223,94.742,39.732,16.309,1
C1529,CG1,29.274,0.972,1.609,2021-07-30,17.99,37.323,34.889,16.309,1
C1530,CG1,29.275,1.069,1.52,2021-01-27,26.622,75.774,36.424,16.309,1
C1531,CG1,29.274,0.978,1.877,2021-11-23,4.921,9.4,30.292,16.309,1
C1532,CG1,29.274,1.011,4.648,2021-01-25,34.35,76.161,45.404,16.309,1
C1533,CG1,29.274,1.023,5.363,2021-07-06,15.411,43.065,42.892,16.309,1
C1534,CG1,29.276,1.022,1.073,2021-10-16,9.163,17.871,29.312,16.309,1
C1535,CG1,29.276,0.985,4.201,2021-06-24,20.287,47.0,51.388,16.309,1
C1536,CG1,29.277,1.018,2.324,2021-01-03,32.243,80.419,28.994,16.309,1
C1537,CG1,29.277,0.976,1.073,2021-05-01,23.973,64.742,42.112,16.309,1
C1538,CG1,29.276,1.077,1.073,2021-01-15,27.706,78.097,26.551,16.309,1
C1539,CG1,29.278,1.053,1.966,2021-03-04,23.537,70.226,36.378,16.309,1
C1540,CG1,29.278,1.039,1.073,2021-01-27,27.094,75.774,29.551,16.309,1
C1541,CG1,29.279,1.083,1.162,2021-01-27,27.867,75.774,35.362,16.309,1
C1542,CG1,29.279,1.075,1.519,2021-03-28,23.027,65.581,45.952,16.309,1
C1543,CG1,29.279,0.987,4.648,2021-01-03,35.627,80.419,37.576,16.309,1
C1544,CG1,29.279,1.049,1.341,2021-01-27,27.703,75.774,33.993,16.309,1
C1545,CG1,29.279,1.097,1.877,2021-01-03,31.58,80.419,43.356,16.309,1
C1546,CG1,29.279,1.026,2.95,2021-02-06,26.526,74.143,33.055,16.309,1
C1547,CG1,29.28,1.1,1.073,2021-02-08,29.493,73.857,38.959,16.309,1
C1548,CG1,29.282,1.013,1.698,2021-01-01,30.767,80.806,36.931,16.309,1
C1549,CG1,29.282,0.989,1.52,2021-01-15,32.827,78.097,40.949,16.309,1
C1550,CG1,29.283,1.025,1.073,2021-01-01,34.655,80.806,38.99,16.309,1
C1551,CG1,29.283,1.062,1.609,2021-01-15,29.662,78.097,43.237,16.309,1
C1552,CG1,29.284,1.081,1.788,2021-01-01,32.377,80.806,39.073,16.309,1
C1553,CG1,29.284,1.029,1.341,2021-01-15,29.939,78.097,41.803,16.309,1
C1554,CG1,29.285,1.045,1.698,2021-02-08,27.328,73.857,44.262,16.309,1
C1555,CG1,29.285,1.011,1.788,2021-01-01,34.318,80.806,34.45,16.309,1
C1556,CG1,29.286,0.972,2.235,2021-03-26,28.819,73.29,29.572,16.309,1
C1557,CG1,29.286,0.983,1.073,2021-01-27,35.03,75.774,40.754,16.309,1
C1558,CG1,29.286,0.984,2.056,2021-10-24,7.332,15.806,26.581,16.309,1
C1559,CG1,29.287,1.056,1.162,2021-03-14,22.289,68.29,25.392,16.309,1
C1560,CG1,29.288,0.988,1.251,2021-01-13,37.407,78.484,36.406,16.309,1
C1561,CG1,29.288,0.978,3.486,2021-02-02,34.202,86.5,43.083,16.309,1
C1562,CG1,29.287,1.076,5.452,2021-02-08,29.688,73.857,40.985,16.309,1
C1563,CG1,29.289,1.071,2.056,2021-01-13,32.155,78.484,33.301,16.309,1
C1564,CG1,29.289,0.991,1.788,2021-04-19,26.096,62.467,37.561,16.309,1
C1565,CG1,29.289,1.089,1.609,2021-01-01,33.739,80.806,45.403,16.309,1
C1566,CG1,29.289,0.981,1.788,2021-05-01,26.284,60.855,35.2,16.309,1
C1567,CG1,29.29,0.949,1.162,2021-08-19,15.131,31.484,33.094,16.309,1
C1568,CG1,29.29,1.042,1.251,2021-03-14,23.281,68.29,35.452,16.309,1
C1569,CG1,29.292,0.963,1.073,2021-01-13,38.763,91.645,27.367,16.309,1
C1570,CG1,29.291,0.965,2.145,2021-02-08,34.418,85.0,47.002,16.309,1
C1571,CG1,29.292,1.087,1.251,2021-01-13,33.387,78.484,38.418,16.309,1
C1572,CG1,29.292,1.034,1.341,2021-01-13,30.782,78.484,26.002,16.309,1
C1573,CG1,29.291,1.078,2.592,2021-01-13,32.053,78.484,34.96,16.309,1
C1574,CG1,29.293,1.028,1.073,2021-01-01,32.011,80.806,28.856,16.309,1
C1575,CG1,29.293,1.046,1.43,2021-03-14,23.893,68.29,45.163,16.309,1
C1576,CG1,29.293,1.091,1.251,2021-01-13,32.771,78.484,38.026,16.309,1
C1577,CG1,29.294,1.056,1.073,2021-01-27,27.378,75.774,32.839,16.309,1
C1578,CG1,29.294,1.081,1.073,2021-02-20,24.911,72.143,34.222,16.309,1
C1579,CG1,29.294,1.089,1.788,2021-01-13,32.902,78.484,30.209,16.309,1
C1580,CG1,29.295,1.03,1.251,2021-01-03,31.372,80.419,31.22,16.309,1
C1581,CG1,29.295,1.019,1.073,2021-01-03,32.189,80.419,40.031,16.309,1
C1582,CG1,29.298,1.038,2.235,2021-07-24,11.776,37.258,29.179,16.309,1
C1583,CG1,29.297,1.071,1.43,2021-01-13,26.769,78.484,39.056,16.309,1
C1584,CG1,29.297,1.102,1.43,2021-03-14,25.594,68.29,39.512,16.309,1
C1585,CG1,29.299,0.98,1.609,2021-06-02,21.128,54.333,26.42,16.309,1
C1586,CG1,29.3,1.003,1.609,2021-01-27,34.192,75.774,46.864,16.309,1
C1587,CG1,29.301,1.031,1.162,2021-01-15,29.164,78.097,43.456,16.309,1
C1588,CG1,29.302,1.036,1.073,2021-01-01,29.812,80.806,37.242,16.309,1
C1589,CG1,29.303,1.082,1.251,2021-01-15,28.465,78.097,31.226,16.309,1
C1590,CG1,29.302,1.1,3.396,2021-01-25,29.412,76.161,39.48,16.309,1
C1591,CG1,29.304,1.034,1.609,2021-03-04,25.007,70.226,33.377,16.309,1
C1592,CG1,29.304,0.992,1.073,2021-02-08,31.322,73.857,46.863,16.309,1
C1593,CG1,29.305,1.043,1.52,2021-03-28,23.904,65.581,41.972,16.309,1
C1594,CG1,29.305,1.082,1.609,2021-01-01,28.392,80.806,39.649,16.309,1
C1595,CG1,29.304,1.089,2.145,2021-01-13,28.368,78.484,34.963,16.309,1
C1596,CG1,29.306,1.035,1.966,2021-01-03,29.674,80.419,42.073,16.309,1
C1597,CG1,29.306,1.032,2.413,2021-01-15,29.756,78.097,22.314,16.309,1
C1598,CG1,29.308,1.026,1.52,2021-01-13,30.189,78.484,46.179,16.309,1
C1599,CG1,29.308,1.035,4.112,2021-01-01,30.032,80.806,37.571,16.309,1
C1600,CG1,29.308,1.048,4.737,2021-01-01,28.857,80.806,44.576,16.309,1
C1601,CG1,29.309,1.051,2.86,2021-01-01,30.554,80.806,51.087,16.309,1
C1602,CG1,29.308,1.012,1.341,2021-01-25,32.589,76.161,44.237,16.309,1
C1603,CG1,29.309,1.1,1.251,2021-10-04,9.192,20.968,26.819,16.309,1
C1604,CG1,29.31,1.037,2.771,2021-01-13,26.745,78.484,33.489,16.309,1
C1605,CG1,29.311,1.024,1.073,2021-03-02,26.44,70.613,37.247,16.309,1
C1606,CG1,29.31,1.045,1.341,2021-01-03,28.986,80.419,49.244,16.309,1
C1607,CG1,29.311,0.882,1.788,2021-01-01,65.405,94.742,44.89,16.309,1
C1608,CG1,29.312,1.084,1.609,2021-01-13,27.12,78.484,43.634,16.309,1
C1609,CG1,29.313,1.1,1.251,2021-01-01,31.294,80.806,42.29,16.309,1
C1610,CG1,29.312,1.042,2.413,2021-03-04,24.409,70.226,30.951,16.309,1
C1611,CG1,29.314,1.044,1.341,2021-05-03,18.301,60.419,35.439,16.309,1
C1612,CG1,29.315,1.031,1.251,2021-05-13,16.212,58.484,38.62,16.309,1
C1613,CG1,29.315,1.033,1.073,2021-03-26,23.214,65.968,36.362,16.309,1
C1614,CG1,29.315,1.085,1.162,2021-01-15,26.899,78.097,34.502,16.309,1
C1615,CG1,29.317,1.06,1.43,2021-03-02,20.891,70.613,24.727,16.309,1
C1616,CG1,29.317,1.082,1.073,2021-01-15,23.224,78.097,38.805,16.309,1
C1617,CG1,29.318,1.013,1.788,2021-01-15,34.278,78.097,38.72,16.309,1
C1618,CG1,29.318,0.902,1.877,2021-03-26,47.617,73.29,29.305,16.309,1
C1619,CG1,29.319,1.04,1.698,2021-01-27,25.632,75.774,27.859,16.309,1
C1620,CG1,29.319,1.052,1.073,2021-03-02,22.487,70.613,31.278,16.309,1
C1621,CG1,29.318,1.082,1.162,2021-01-01,25.121,80.806,37.65,16.309,1
C1622,CG1,29.319,1.088,2.056,2021-01-01,29.935,80.806,32.641,16.309,1
C1623,CG1,29.321,1.007,2.413,2021-03-28,29.032,65.581,33.245,16.309,1
C1624,CG1,29.322,1.066,1.162,2021-02-06,25.23,74.143,34.859,16.309,1
C1625,CG1,29.321,1.089,3.397,2021-01-15,30.672,78.097,41.222,16.309,1
C1626,CG1,29.322,1.085,1.519,2021-01-15,28.118,78.097,30.514,16.309,1
C1627,CG1,29.323,1.078,2.235,2021-01-03,27.411,80.419,31.952,16.309,1
C1628,CG1,29.325,1.028,2.413,2021-01-27,29.854,75.774,38.334,16.309,1
C1629,CG1,29.325,1.036,1.609,2021-01-01,29.12,80.806,33.493,16.309,1
C1630,CG1,29.325,1.083,1.43,2021-01-15,29.438,78.097,39.435,16.309,1
C1631,CG1,29.327,1.002,2.771,2021-04-19,24.632,62.467,37.253,16.309,1
C1632,CG1,29.326,1.017,1.162,2021-07-20,14.926,38.548,34.165,16.309,1
C1633,CG1,29.327,1.077,2.681,2021-01-13,27.407,78.484,36.761,16.309,1
C1634,CG1,29.327,1.068,1.341,2021-01-01,26.493,80.806,26.708,16.309,1
C1635,CG1,29.327,1.085,1.966,2021-01-03,31.749,80.419,40.756,16.309,1
C1636,CG1,29.327,1.036,1.073,2021-05-01,20.43,60.806,29.413,16.309,1
C1637,CG1,29.329,1.004,2.235,2021-02-18,31.268,73.099,46.986,16.309,1
C1638,CG1,29.329,1.082,9.296,2021-01-15,26.404,78.097,34.703,16.309,1
C1639,CG1,29.329,1.085,1.162,2021-01-01,29.674,80.806,36.532,16.309,1
C1640,CG1,29.328,1.067,1.788,2021-01-01,24.601,80.806,48.938,16.309,1
C1641,CG1,29.329,1.04,2.145,2021-01-13,29.361,78.484,40.028,16.309,1
C1642,CG1,29.33,1.093,1.609,2021-01-03,30.545,80.419,41.215,16.309,1
C1643,CG1,29.331,1.087,1.073,2021-01-25,27.079,76.161,38.085,16.309,1
C1644,CG1,29.331,1.024,1.43,2021-05-13,21.257,58.484,42.771,16.309,1
C1645,CG1,29.331,1.043,2.056,2021-03-28,22.695,65.581,32.399,16.309,1
C1646,CG1,29.331,1.03,1.43,2021-01-13,32.117,78.484,35.647,16.309,1
C1647,CG1,29.332,1.068,1.251,2021-01-03,25.824,80.419,37.307,16.309,1
C1648,CG1,29.334,1.083,4.648,2021-01-03,28.851,80.419,39.575,16.309,1
C1649,CG1,29.334,1.087,5.184,2021-01-25,26.838,76.161,43.593,16.309,1
C1650,CG1,29.335,1.042,2.413,2021-01-15,29.095,78.097,33.211,16.309,1
C1651,CG1,29.336,1.062,4.827,2021-06-02,15.91,54.333,27.695,16.309,1
C1652,CG1,29.336,1.027,1.341,2021-01-21,32.895,89.292,38.065,16.309,1
C1653,CG1,29.337,1.04,1.43,2021-01-27,27.097,75.774,29.567,16.309,1
C1654,CG1,29.336,1.012,1.609,2021-01-13,32.512,91.645,27.652,16.309,1
C1655,CG1,29.337,1.051,1.609,2021-01-13,29.415,78.484,42.722,16.309,1
C1656,CG1,29.337,0.999,1.073,2022-02-25,0.0,0.0,44.789,16.309,1
C1657,CG1,29.337,1.049,3.665,2021-01-01,33.157,80.806,49.942,16.309,1
C1658,CG1,29.337,1.076,2.592,2021-05-27,15.711,55.774,32.29,16.309,1
C1659,CG1,29.338,1.038,4.201,2021-01-01,32.709,80.806,40.323,16.309,1
C1660,CG1,29.339,1.005,1.341,2021-05-01,23.363,64.742,22.357,16.309,1
C1661,CG1,29.338,1.012,2.413,2021-02-08,29.055,85.0,42.254,16.309,1
C1662,CG1,29.338,1.036,1.43,2021-05-03,17.973,60.419,35.276,16.309,1
C1663,CG1,29.339,1.074,1.251,2021-02-08,23.548,73.857,40.365,16.309,1
C1664,CG1,29.338,1.082,1.251,2021-01-27,26.025,75.774,37.562,16.309,1
C1665,CG1,29.339,1.014,2.503,2021-03-14,27.301,76.387,36.151,16.309,1
C1666,CG1,29.338,1.052,1.52,2021-01-25,29.032,76.161,47.898,16.309,1
C1667,CG1,29.338,1.06,1.698,2021-01-13,25.285,78.484,40.11,16.309,1
C1668,CG1,29.338,1.063,3.397,2021-03-14,22.631,68.29,35.486,16.309,1
C1669,CG1,29.338,1.069,6.793,2021-01-01,27.655,80.806,30.306,16.309,1
C1670,CG1,29.339,1.009,2.592,2021-05-21,23.012,59.581,37.517,16.309,1
C1671,CG1,29.34,1.043,4.022,2021-01-01,32.484,80.806,41.896,16.309,1
C1672,CG1,29.341,1.037,1.43,2021-05-03,19.252,60.419,42.977,16.309,1
C1673,CG1,29.341,1.076,1.073,2021-01-27,28.614,75.774,29.53,16.309,1
C1674,CG1,29.342,1.068,1.073,2021-01-15,29.627,78.097,36.587,16.309,1
C1675,CG1,29.341,1.086,1.877,2021-01-27,25.676,75.774,41.626,16.309,1
C1676,CG1,29.342,0.998,1.251,2021-05-25,24.693,58.548,47.7,16.309,1
C1677,CG1,29.342,1.072,1.162,2021-03-26,20.913,65.968,34.31,16.309,1
C1678,CG1,29.342,1.035,1.43,2021-01-03,34.08,80.419,41.116,16.309,1
C1679,CG1,29.341,1.038,1.251,2021-01-01,32.133,80.806,40.091,16.309,1
C1680,CG1,29.342,1.055,20.916,2021-01-01,29.615,80.806,48.853,16.309,1
C1681,CG1,29.341,1.104,1.073,2021-01-25,29.0,76.161,43.474,16.309,1
C1682,CG1,29.342,1.06,2.413,2021-01-03,29.869,80.419,33.713,16.309,1
C1683,CG1,29.344,1.021,1.698,2021-03-26,24.157,73.29,48.155,16.309,1
C1684,CG1,29.343,1.046,1.788,2021-01-01,35.546,80.806,58.353,16.309,1
C1685,CG1,29.344,1.08,1.519,2021-02-08,25.739,73.857,42.624,16.309,1
C1686,CG1,29.345,1.089,3.307,2021-01-15,27.876,78.097,30.458,16.309,1
C1687,CG1,29.344,1.066,2.324,2021-01-25,27.874,76.161,48.817,16.309,1
C1688,CG1,29.344,1.008,1.162,2021-04-07,26.815,70.367,46.105,16.309,1
C1689,CG1,29.344,1.052,4.112,2021-04-07,22.426,64.067,43.651,16.309,1
C1690,CG1,29.345,1.064,1.341,2021-08-29,11.105,28.452,23.825,16.309,1
C1691,CG1,29.344,1.103,1.341,2021-01-01,31.129,80.806,45.125,16.309,1
C1692,CG1,29.345,1.1,1.251,2021-02-08,26.097,73.857,38.078,16.309,1
C1693,CG1,29.345,1.059,5.184,2021-01-03,28.476,80.419,38.195,16.309,1
C1694,CG1,29.345,1.004,1.788,2021-09-18,12.225,24.4,36.264,16.309,1
C1695,CG1,29.346,1.031,1.43,2021-08-31,13.18,28.0,33.919,16.309,1
C1696,CG1,29.346,1.097,3.307,2021-01-03,31.929,80.419,40.413,16.309,1
C1697,CG1,29.347,1.058,1.788,2021-06-02,15.598,54.333,34.254,16.309,1
C1698,CG1,29.346,1.063,2.235,2021-01-25,26.816,76.161,29.593,16.309,1
C1699,CG1,29.347,1.048,1.52,2021-02-08,28.113,73.857,41.427,16.309,1
C1700,CG1,29.347,1.036,1.162,2021-01-13,33.32,78.484,34.579,16.309,1
C1701,CG1,29.347,1.054,2.413,2021-03-28,23.492,65.581,46.495,16.309,1
C1702,CG1,29.348,1.052,1.341,2021-01-15,32.501,78.097,22.913,16.309,1
C1703,CG1,29.349,1.059,1.162,2021-08-07,12.48,33.419,29.841,16.309,1
C1704,CG1,29.349,1.074,2.592,2021-01-15,26.852,78.097,32.387,16.309,1
C1705,CG1,29.35,1.052,1.073,2021-01-03,36.43,80.419,28.46,16.309,1
C1706,CG1,29.35,1.093,1.519,2021-01-27,28.092,75.774,35.921,16.309,1
C1707,CG1,29.351,1.072,1.698,2021-03-04,23.236,70.226,29.932,16.309,1
C1708,CG1,29.351,1.065,1.698,2022-06-15,0.0,0.0,51.163,16.309,1
C1709,CG1,29.352,1.103,1.251,2021-01-01,30.329,80.806,33.694,16.309,1
C1710,CG1,29.352,1.072,1.251,2021-01-27,27.291,75.774,27.705,16.309,1
C1711,CG1,29.352,1.1,2.056,2021-01-03,30.2,80.419,45.037,16.309,1
C1712,CG1,29.351,1.069,2.681,2021-02-06,27.485,74.143,32.679,16.309,1
C1713,CG1,29.352,1.046,1.788,2021-02-08,29.842,73.857,31.788,16.309,1
C1714,CG1,29.353,1.083,1.788,2021-01-13,28.058,78.484,32.762,16.309,1
C1715,CG1,29.352,1.094,1.43,2021-01-13,30.508,78.484,31.932,16.309,1
C1716,CG1,29.352,1.026,1.788,2021-04-03,26.114,71.3,34.43,16.309,1
C1717,CG1,29.353,1.045,1.162,2021-01-15,32.955,78.097,35.224,16.309,1
C1718,CG1,29.353,1.068,1.698,2021-04-07,21.963,64.067,31.476,16.309,1
C1719,CG1,29.355,1.077,1.698,2021-01-27,25.342,75.774,31.381,16.309,1
C1720,CG1,29.356,1.083,1.073,2021-02-08,24.17,73.857,33.237,16.309,1
C1721,CG1,29.355,1.045,1.251,2021-01-01,36.976,80.806,26.944,16.309,1
C1722,CG1,29.356,1.061,5.363,2021-01-03,31.765,80.419,33.373,16.309,1
C1723,CG1,29.357,1.05,2.413,2021-01-13,30.982,78.484,38.326,16.309,1
C1724,CG1,29.358,1.081,1.877,2021-01-27,23.795,75.774,34.532,16.309,1
C1725,CG1,29.36,1.095,1.519,2021-02-08,27.464,73.857,37.662,16.309,1
C1726,CG1,29.36,1.064,1.251,2021-01-15,30.727,78.097,38.504,16.309,1
C1727,CG1,29.361,1.056,2.413,2021-01-27,29.185,75.774,41.447,16.309,1
C1728,CG1,29.362,1.081,2.681,2021-01-03,30.118,80.419,34.143,16.309,1
C1729,CG1,29.363,1.067,2.235,2021-01-15,28.434,78.097,36.097,16.309,1
C1730,CG1,29.363,1.051,1.43,2021-01-01,34.162,80.806,28.567,16.309,1
C1731,CG1,29.363,1.06,1.698,2021-05-01,21.813,60.806,31.426,16.309,1
C1732,CG1,29.364,1.088,4.201,2021-01-27,30.371,75.774,35.565,16.309,1
C1733,CG1,29.367,1.062,3.933,2021-01-27,28.277,75.774,38.014,16.309,1
C1734,CG1,29.365,1.073,3.218,2021-02-08,24.05,73.857,44.145,16.309,1
C1735,CG1,29.366,1.049,1.073,2021-01-13,29.506,78.484,39.638,16.309,1
C1736,CG1,29.366,1.06,1.341,2021-01-03,33.213,80.419,34.787,16.309,1
C1737,CG1,29.367,1.03,2.324,2021-03-02,28.24,70.613,32.895,16.309,1
C1738,CG1,29.374,1.09,1.162,2022-03-21,0.0,0.0,32.5,16.309,1
C1739,CG1,29.377,1.101,1.519,2021-07-14,15.856,40.484,38.679,16.309,1
C1740,CG1,29.377,1.103,1.877,2021-01-01,29.57,80.806,38.323,16.309,1
C1741,CG1,29.389,1.096,1.341,2021-06-02,19.12,54.333,39.299,16.309,1
C1742,CG1,29.391,1.081,2.503,2021-02-08,31.592,73.857,28.692,16.309,1
C1743,CG1,29.391,1.099,1.251,2021-01-15,31.468,78.097,40.413,16.309,1
C1744,CG1,29.401,1.017,1.52,2021-02-18,26.329,73.284,46.782,16.309,1
C1745,CG1,29.401,1.08,1.162,2021-03-14,27.99,68.29,54.004,16.309,1
C1746,CG1,29.407,1.085,1.877,2021-01-03,34.048,80.419,31.756,16.309,1
C1747,CG1,29.413,1.073,1.162,2021-07-26,16.302,36.613,38.859,16.309,1
C1748,CG1,29.415,1.05,1.341,2021-01-27,27.999,75.774,51.346,16.309,1
C1749,CG1,29.418,1.059,1.073,2021-01-15,32.149,78.097,37.443,16.309,1
C1750,CG1,29.423,1.091,1.073,2021-01-27,31.601,75.774,38.996,16.309,1
C1751,CG1,29.449,1.082,1.251,2022-09-17,0.0,0.0,36.777,16.309,1
C1752,CG1,29.455,1.102,1.251,2021-02-20,30.482,72.143,38.811,16.309,1
C1753,CG1,29.46,1.104,1.073,2021-02-08,29.779,73.857,45.186,16.309,1
C1754,CG1,29.465,1.102,4.29,2021-02-06,27.238,74.143,34.435,16.309,1
C1755,CG1,29.468,1.038,1.43,2021-02-08,28.32,73.857,41.078,16.309,1
C1756,CG1,29.467,1.103,1.43,2021-01-15,28.32,78.097,45.953,16.309,1
C1757,CG1,29.468,1.094,1.341,2021-01-03,33.799,80.419,36.744,16.309,1
C1758,CG1,29.47,1.102,1.073,2021-03-28,24.918,65.581,37.244,16.309,1
C1759,CG1,29.472,1.094,1.073,2021-01-01,34.469,80.806,34.982,16.309,1
C1760,CG1,29.487,0.98,1.073,2021-03-02,25.914,79.484,28.8,16.309,1
C1761,CG1,29.496,1.052,1.341,2021-02-18,23.475,72.429,36.381,16.309,1
C1762,CG1,29.505,1.076,1.519,2021-01-15,28.048,78.097,41.449,16.309,1
C1763,CG1,29.508,1.045,1.341,2021-01-25,23.925,76.161,35.773,16.309,1
C1764,CG1,29.509,1.052,1.877,2021-02-20,23.345,72.143,40.227,16.309,1
C1765,CG1,29.512,1.047,1.162,2021-01-01,30.772,80.806,47.294,16.309,1
C1766,CG1,29.512,1.083,1.519,2021-01-03,28.706,80.419,42.746,16.309,1
C1767,CG1,29.518,0.949,1.073,2021-01-25,33.364,88.548,53.88,16.309,1
C1768,CG1,29.542,1.062,1.966,2021-01-01,30.749,80.806,54.278,16.309,1
C1769,CG1,29.545,1.021,1.073,2021-01-27,26.419,75.774,36.152,16.309,1
C1770,CG1,29.556,1.087,1.877,2021-03-14,21.94,68.29,41.203,16.309,1
C1771,CG1,29.557,1.059,2.235,2021-01-01,27.885,80.806,45.82,16.309,1
C1772,CG1,29.559,1.036,1.251,2021-03-04,21.42,70.226,46.279,16.309,1
C1773,CG1,29.569,1.068,1.609,2021-03-28,20.789,65.581,35.769,16.309,1
C1774,CG1,28.753,1.328,7.954,2021-01-08,23.065,107.194,33.748,16.309,1
C1775,CG1,28.764,1.329,1.519,2021-01-08,22.966,107.194,58.186,16.309,1
C1776,CG1,28.781,1.108,12.424,2021-10-16,3.885,22.839,29.568,16.309,1
C1777,CG1,28.87,1.325,2.771,2021-01-03,52.403,108.323,62.761,16.309,1
C1778,CG1,28.87,1.327,1.877,2021-01-01,53.072,108.774,57.568,16.309,1
C1779,CG1,28.871,1.319,1.877,2021-02-01,48.324,101.75,53.139,16.309,1
C1780,CG1,28.872,1.32,1.341,2021-01-01,52.416,108.774,52.358,16.309,1
C1781,CG1,28.874,1.315,1.162,2021-03-02,42.334,94.484,51.647,16.309,1
C1782,CG1,28.875,1.325,4.916,2021-01-08,50.289,107.194,60.199,16.309,1
C1783,CG1,28.876,1.328,4.469,2021-01-01,53.331,108.774,56.6,16.309,1
C1784,CG1,28.887,1.329,1.519,2021-01-03,26.375,108.323,43.697,16.309,1
C1785,CG1,28.897,1.176,2.771,2021-07-19,25.416,51.032,25.483,16.309,1
C1786,CG1,28.896,1.286,2.771,2021-01-13,32.477,106.065,71.283,16.309,1
C1787,CG1,28.898,1.281,1.162,2021-05-13,24.977,76.645,57.215,16.309,1
C1788,CG1,28.899,1.277,1.251,2021-06-08,25.355,68.533,37.95,16.309,1
C1789,CG1,28.899,1.261,3.933,2021-10-16,8.643,22.839,22.04,16.309,1
C1790,CG1,28.903,1.239,2.503,2021-07-30,20.828,46.419,54.135,16.309,1
C1791,CG1,28.903,1.176,1.877,2021-07-06,25.948,54.583,26.943,16.309,1
C1792,CG1,28.904,1.23,2.503,2021-06-13,31.713,66.367,41.27,16.309,1
C1793,CG1,28.904,1.224,1.341,2021-03-02,33.753,94.484,72.937,16.309,1
C1794,CG1,28.904,1.285,1.162,2021-01-25,50.052,103.355,45.92,16.309,1
C1795,CG1,28.905,1.239,1.251,2021-07-24,20.266,48.935,53.903,16.309,1
C1796,CG1,28.905,1.242,1.966,2021-01-08,41.896,107.194,74.712,16.309,1
C1797,CG1,28.905,1.244,1.43,2021-03-21,45.359,89.581,57.727,16.309,1
C1798,CG1,28.907,1.182,3.575,2021-07-02,27.618,44.355,26.33,16.309,1
C1799,CG1,28.91,1.191,7.865,2021-01-03,60.017,80.419,37.193,16.309,1
C1800,CG1,28.911,1.329,3.486,2021-01-13,41.702,106.065,58.675,16.309,1
C1801,CG1,28.911,1.239,2.145,2021-01-27,55.424,102.903,56.783,16.309,1
C1802,CG1,28.913,1.242,1.698,2021-02-06,56.445,100.5,46.974,16.309,1
C1803,CG1,28.915,1.19,1.519,2021-01-25,61.431,76.161,36.612,16.309,1
C1804,CG1,28.915,1.212,1.698,2021-03-14,48.791,68.29,33.387,16.309,1
C1805,CG1,28.915,1.241,4.737,2021-01-25,53.502,103.355,53.809,16.309,1
C1806,CG1,28.916,1.218,1.341,2021-01-01,63.369,80.806,52.229,16.309,1
C1807,CG1,28.918,1.188,1.251,2021-01-13,61.332,78.484,50.308,16.309,1
C1808,CG1,28.918,1.238,1.788,2021-03-14,48.954,68.317,48.189,16.309,1
C1809,CG1,28.923,1.187,4.469,2021-01-13,59.83,78.484,38.822,16.309,1
C1810,CG1,28.922,1.294,2.324,2021-01-08,54.478,107.194,47.768,16.309,1
C1811,CG1,28.922,1.237,1.609,2021-03-02,51.0,70.613,52.272,16.309,1
C1812,CG1,28.922,1.262,1.162,2021-01-01,62.978,83.283,59.689,16.309,1
C1813,CG1,28.922,1.297,3.307,2021-06-12,30.624,66.8,37.316,16.309,1
C1814,CG1,28.923,1.231,1.162,2021-03-14,49.769,68.29,45.904,16.309,1
C1815,CG1,28.923,1.253,11.44,2021-01-01,62.559,80.848,60.001,16.309,1
C1816,CG1,28.923,1.246,1.43,2021-02-08,58.183,73.857,46.397,16.309,1
C1817,CG1,28.924,1.314,1.43,2021-01-27,50.194,102.903,45.884,16.309,1
C1818,CG1,28.925,1.257,3.039,2021-01-01,61.855,80.806,49.94,16.309,1
C1819,CG1,28.928,1.314,5.452,2021-01-01,56.707,108.774,51.653,16.309,1
C1820,CG1,28.928,1.242,1.698,2021-01-01,55.669,80.806,55.17,16.309,1
C1821,CG1,28.929,1.185,2.324,2021-01-01,61.467,80.806,41.141,16.309,1
C1822,CG1,28.934,1.326,1.341,2021-01-25,51.943,90.965,47.069,16.309,1
C1823,CG1,28.935,1.212,1.788,2021-03-26,50.949,65.968,42.49,16.309,1
C1824,CG1,28.935,1.314,1.341,2021-01-03,57.688,80.419,56.745,16.309,1
C1825,CG1,28.935,1.293,1.162,2021-11-21,7.9,9.8,16.344,16.309,1
C1826,CG1,28.936,1.291,2.503,2021-01-01,57.924,80.806,58.455,16.309,1
C1827,CG1,28.934,1.183,3.575,2021-01-25,56.571,76.161,44.817,16.309,1
C1828,CG1,28.941,1.287,2.145,2021-01-01,59.499,80.806,52.55,16.309,1
C1829,CG1,28.941,1.264,1.162,2021-03-04,50.026,70.226,56.613,16.309,1
C1830,CG1,28.94,1.186,3.754,2021-01-27,59.221,75.774,43.512,16.309,1
C1831,CG1,28.941,1.314,1.341,2021-01-01,59.124,80.806,47.092,16.309,1
C1832,CG1,28.942,1.32,1.698,2021-01-27,52.478,75.774,48.623,16.309,1
C1833,CG1,28.944,1.232,1.162,2021-07-18,22.61,39.194,34.979,16.309,1
C1834,CG1,28.944,1.327,2.234,2021-02-06,53.612,74.143,53.018,16.309,1
C1835,CG1,28.944,1.188,1.519,2021-02-06,56.321,74.143,39.339,16.309,1
C1836,CG1,28.945,1.266,7.239,2021-01-01,60.993,80.806,63.798,16.309,1
C1837,CG1,28.946,1.307,1.877,2021-01-01,52.65,80.806,51.986,16.309,1
C1838,CG1,28.946,1.191,1.073,2021-01-27,56.721,75.774,40.923,16.309,1
C1839,CG1,28.946,1.231,4.558,2021-01-03,61.362,80.419,56.847,16.309,1
C1840,CG1,28.947,1.327,2.413,2021-02-06,52.687,74.143,50.33,16.309,1
C1841,CG1,28.95,1.329,1.877,2021-03-16,44.538,67.903,43.719,16.309,1
C1842,CG1,28.951,1.23,2.324,2021-01-15,60.496,78.097,54.515,16.309,1
C1843,CG1,28.952,1.198,3.218,2021-02-06,52.921,74.143,49.332,16.309,1
C1844,CG1,28.951,1.309,4.111,2021-01-03,53.123,80.419,58.917,16.309,1
C1845,CG1,28.952,1.314,1.072,2021-01-27,47.878,75.774,41.914,16.309,1
C1846,CG1,28.951,1.193,2.86,2021-01-27,55.509,75.774,42.512,16.309,1
C1847,CG1,28.954,1.2,9.474,2021-01-13,56.635,78.484,59.006,16.309,1
C1848,CG1,28.954,1.148,1.162,2021-02-18,52.058,72.429,50.97,16.309,1
C1849,CG1,28.956,1.31,1.519,2021-01-01,53.546,80.806,48.745,16.309,1
C1850,CG1,28.957,1.252,3.754,2021-02-06,51.614,74.143,54.995,16.309,1
C1851,CG1,28.963,1.157,1.698,2021-03-14,49.727,68.29,51.987,16.309,1
C1852,CG1,28.963,1.264,1.073,2021-02-08,51.625,73.857,60.851,16.309,1
C1853,CG1,28.97,1.137,1.43,2021-05-25,40.375,56.161,36.144,16.309,1
C1854,CG1,28.975,1.227,1.43,2021-02-08,55.389,73.857,57.155,16.309,1
C1855,CG1,28.984,1.157,1.073,2021-01-01,62.554,80.806,56.545,16.309,1
C1856,CG1,28.989,1.319,1.698,2021-03-02,42.027,70.613,56.509,16.309,1
C1857,CG1,28.992,1.277,2.503,2021-07-12,27.14,41.129,41.12,16.309,1
C1858,CG1,28.994,1.153,3.307,2021-01-25,60.724,76.161,45.588,16.309,1
C1859,CG1,28.997,1.277,1.609,2021-07-14,21.962,40.484,41.694,16.309,1
C1860,CG1,29.0,1.248,1.341,2021-01-27,52.56,75.774,42.988,16.309,1
C1861,CG1,29.001,1.23,1.609,2021-02-08,55.906,73.857,45.966,16.309,1
C1862,CG1,29.01,1.124,1.788,2021-01-01,60.182,80.806,49.804,16.309,1
C1863,CG1,29.012,1.258,1.877,2021-01-01,57.319,80.806,61.037,16.309,1
C1864,CG1,29.016,1.111,1.162,2021-08-05,24.136,33.871,30.177,16.309,1
C1865,CG1,29.016,1.263,2.056,2021-04-09,41.425,63.8,47.987,16.309,1
C1866,CG1,29.016,1.27,1.073,2021-03-04,49.853,70.226,48.746,16.309,1
C1867,CG1,29.017,1.273,2.234,2021-01-25,54.782,76.161,47.388,16.309,1
C1868,CG1,29.021,1.282,3.128,2021-06-30,23.117,45.0,41.763,16.309,1
C1869,CG1,29.025,1.24,2.86,2021-06-02,32.61,54.333,45.377,16.309,1
C1870,CG1,29.027,1.191,1.43,2021-04-09,41.292,63.8,31.707,16.309,1
C1871,CG1,29.027,1.182,1.609,2021-01-03,60.661,80.419,45.31,16.309,1
C1872,CG1,29.028,1.155,1.251,2021-03-26,47.382,65.968,53.963,16.309,1
C1873,CG1,29.032,1.28,3.307,2021-02-06,50.14,74.143,55.941,16.309,1
C1874,CG1,29.032,1.172,1.162,2021-01-01,56.625,80.806,54.652,16.309,1
C1875,CG1,29.033,1.246,3.039,2021-01-13,51.881,78.484,61.273,16.309,1
C1876,CG1,29.034,1.173,1.162,2021-01-01,58.592,80.806,26.724,16.309,1
C1877,CG1,29.033,1.156,4.111,2021-02-20,52.352,72.143,58.16,16.309,1
C1878,CG1,29.034,1.161,2.324,2021-01-13,50.92,78.484,60.896,16.309,1
C1879,CG1,29.036,1.162,1.877,2021-02-08,47.247,73.857,59.283,16.309,1
C1880,CG1,29.036,1.286,1.251,2021-02-08,52.147,73.857,44.648,16.309,1
C1881,CG1,29.036,1.238,1.073,2021-05-27,35.035,55.774,29.547,16.309,1
C1882,CG1,29.038,1.166,2.234,2021-02-06,51.763,74.143,52.811,16.309,1
C1883,CG1,29.039,1.189,1.519,2021-01-27,46.625,75.774,35.065,16.309,1
C1884,CG1,29.039,1.285,1.341,2021-01-03,58.972,80.419,49.585,16.309,1
C1885,CG1,29.04,1.278,2.771,2021-03-04,47.364,70.226,51.796,16.309,1
C1886,CG1,29.041,1.166,5.452,2021-05-27,38.233,55.774,34.661,16.309,1
C1887,CG1,29.042,1.276,1.519,2021-04-19,35.041,62.467,42.018,16.309,1
C1888,CG1,29.043,1.216,2.503,2021-01-27,47.874,75.774,55.574,16.309,1
C1889,CG1,29.044,1.229,1.788,2021-02-18,46.59,72.429,56.663,16.309,1
C1890,CG1,29.044,1.268,3.664,2021-07-26,22.076,36.613,40.156,16.309,1
C1891,CG1,29.044,1.235,2.324,2021-01-01,60.618,80.806,54.205,16.309,1
C1892,CG1,29.046,1.226,5.363,2021-01-01,56.79,80.806,60.954,16.309,1
C1893,CG1,29.047,1.223,1.43,2021-01-03,52.098,80.419,62.581,16.309,1
C1894,CG1,29.047,1.215,6.167,2021-01-01,51.222,80.806,62.677,16.309,1
C1895,CG1,29.049,1.212,1.073,2021-01-13,48.381,78.484,41.361,16.309,1
C1896,CG1,29.049,1.176,3.218,2021-01-15,53.553,78.097,45.787,16.309,1
C1897,CG1,29.049,1.184,1.341,2021-01-01,56.91,80.806,48.516,16.309,1
C1898,CG1,29.05,1.138,1.698,2021-01-01,48.611,80.806,48.884,16.309,1
C1899,CG1,29.049,1.289,1.073,2021-02-06,53.778,74.143,50.081,16.309,1
C1900,CG1,29.05,1.252,1.609,2021-01-15,51.389,78.097,46.034,16.309,1
C1901,CG1,29.051,1.212,1.341,2021-02-18,45.252,72.429,64.886,16.309,1
C1902,CG1,29.052,1.108,13.675,2021-01-01,38.703,80.806,67.135,16.309,1
C1903,CG1,29.053,1.173,1.073,2021-02-18,47.781,72.429,51.691,16.309,1
C1904,CG1,29.052,1.292,1.341,2021-03-02,48.638,70.613,56.285,16.309,1
C1905,CG1,29.052,1.139,1.073,2021-03-14,39.36,68.29,39.364,16.309,1
C1906,CG1,29.053,1.277,1.251,2021-01-01,56.004,80.806,52.984,16.309,1
C1907,CG1,29.053,1.167,1.073,2021-01-01,48.767,80.806,55.622,16.309,1
C1908,CG1,29.053,1.288,1.43,2021-01-27,51.113,75.774,53.985,16.309,1
C1909,CG1,29.055,1.233,3.486,2021-01-01,58.875,80.806,55.178,16.309,1
C1910,CG1,29.055,1.18,1.073,2021-01-15,45.501,78.097,47.052,16.309,1
C1911,CG1,29.055,1.173,1.43,2021-03-16,36.912,67.903,56.605,16.309,1
C1912,CG1,29.056,1.174,3.039,2021-01-03,44.205,80.419,49.454,16.309,1
C1913,CG1,29.055,1.118,12.424,2021-07-18,15.453,39.194,39.524,16.309,1
C1914,CG1,29.057,1.163,1.966,2021-08-05,18.579,33.871,36.002,16.309,1
C1915,CG1,29.056,1.256,1.073,2021-02-06,51.099,74.143,36.786,16.309,1
C1916,CG1,29.058,1.251,2.324,2021-02-08,50.516,73.857,48.862,16.309,1
C1917,CG1,29.059,1.142,1.341,2021-03-14,28.403,68.29,45.804,16.309,1
C1918,CG1,29.06,1.166,1.162,2021-01-25,42.742,76.161,41.899,16.309,1
C1919,CG1,29.06,1.23,1.073,2021-02-08,52.547,73.857,39.059,16.309,1
C1920,CG1,29.061,1.175,1.609,2021-05-15,32.343,58.097,40.861,16.309,1
C1921,CG1,29.061,1.227,1.251,2021-01-01,57.83,80.806,41.379,16.309,1
C1922,CG1,29.062,1.283,1.162,2021-08-29,16.118,28.452,28.494,16.309,1
C1923,CG1,29.061,1.297,2.413,2021-01-01,57.536,80.806,51.641,16.309,1
C1924,CG1,29.062,1.215,1.519,2021-02-18,43.93,72.429,53.378,16.309,1
C1925,CG1,29.064,1.13,2.145,2021-02-08,29.039,73.857,37.085,16.309,1
C1926,CG1,29.063,1.177,1.966,2021-01-01,41.578,80.806,47.161,16.309,1
C1927,CG1,29.064,1.184,1.788,2021-01-13,40.258,78.484,46.945,16.309,1
C1928,CG1,29.066,1.143,1.073,2021-01-01,25.749,80.806,59.194,16.309,1
C1929,CG1,29.065,1.148,1.073,2021-03-02,29.954,70.613,50.979,16.309,1
C1930,CG1,29.066,1.241,1.698,2021-01-01,50.663,80.806,62.17,16.309,1
C1931,CG1,29.066,1.158,1.251,2021-01-13,33.973,78.484,47.417,16.309,1
C1932,CG1,29.066,1.259,1.698,2021-03-04,45.169,70.226,40.641,16.309,1
C1933,CG1,29.066,1.299,1.073,2021-01-03,54.878,80.419,39.724,16.309,1
C1934,CG1,29.066,1.134,1.341,2021-01-13,30.491,78.484,42.679,16.309,1
C1935,CG1,29.068,1.159,2.234,2021-01-01,34.58,80.806,61.239,16.309,1
C1936,CG1,29.068,1.256,2.86,2021-01-27,54.328,75.774,55.23,16.309,1
C1937,CG1,29.068,1.303,1.251,2021-01-13,50.129,78.484,47.071,16.309,1
C1938,CG1,29.068,1.129,1.519,2021-01-01,30.056,80.806,44.527,16.309,1
C1939,CG1,29.068,1.161,2.056,2021-01-01,35.381,80.806,53.429,16.309,1
C1940,CG1,29.07,1.143,2.235,2021-01-01,29.01,80.806,46.471,16.309,1
C1941,CG1,29.07,1.211,1.073,2021-03-14,37.171,68.29,31.019,16.309,1
C1942,CG1,29.071,1.144,2.056,2021-01-25,26.443,76.161,33.627,16.309,1
C1943,CG1,29.071,1.157,1.073,2021-03-28,25.895,65.581,53.534,16.309,1
C1944,CG1,29.072,1.186,5.273,2021-01-01,34.416,80.806,58.023,16.309,1
C1945,CG1,29.072,1.247,1.519,2021-02-08,42.214,73.857,61.309,16.309,1
C1946,CG1,29.073,1.179,2.503,2021-03-26,23.213,65.968,51.191,16.309,1
C1947,CG1,29.073,1.214,1.073,2021-01-27,35.374,75.774,49.581,16.309,1
C1948,CG1,29.072,1.159,2.234,2021-01-25,30.345,76.161,56.684,16.309,1
C1949,CG1,29.073,1.252,1.341,2021-01-13,43.921,78.484,51.279,16.309,1
C1950,CG1,29.074,1.24,2.234,2021-01-01,47.337,80.806,43.336,16.309,1
C1951,CG1,29.074,1.142,2.145,2021-01-03,29.949,80.419,46.528,16.309,1
C1952,CG1,29.078,1.15,1.43,2021-01-13,29.939,78.484,54.669,16.309,1
C1953,CG1,29.078,1.268,2.771,2021-02-06,40.563,74.143,57.273,16.309,1
C1954,CG1,29.079,1.157,1.877,2021-01-25,29.995,76.161,57.902,16.309,1
C1955,CG1,29.08,1.105,1.073,2021-05-27,19.436,55.774,42.858,16.309,1
C1956,CG1,29.08,1.201,1.966,2021-01-01,31.322,80.806,44.787,16.309,1
C1957,CG1,29.08,1.138,1.162,2021-03-16,25.93,67.903,28.317,16.309,1
C1958,CG1,29.081,1.144,1.073,2021-03-02,24.435,70.613,46.693,16.309,1
C1959,CG1,29.083,1.113,1.162,2021-06-24,18.254,47.0,24.015,16.309,1
C1960,CG1,29.082,1.259,1.251,2021-01-01,35.961,80.806,39.442,16.309,1
C1961,CG1,29.084,1.164,1.073,2021-02-06,28.45,74.143,33.981,16.309,1
C1962,CG1,29.085,1.267,1.43,2021-01-13,34.395,78.484,44.537,16.309,1
C1963,CG1,29.086,1.249,1.251,2021-01-03,35.182,80.419,50.379,16.309,1
C1964,CG1,29.086,1.158,1.073,2021-01-01,29.273,80.806,52.346,16.309,1
C1965,CG1,29.087,1.169,1.788,2021-01-03,34.455,80.419,38.962,16.309,1
C1966,CG1,29.087,1.234,1.966,2021-01-01,33.31,80.806,56.56,16.309,1
C1967,CG1,29.087,1.142,1.073,2021-01-01,27.505,80.806,55.423,16.309,1
C1968,CG1,29.088,1.175,4.38,2021-01-01,32.567,80.806,47.934,16.309,1
C1969,CG1,29.087,1.237,1.341,2021-04-07,23.974,64.067,50.284,16.309,1
C1970,CG1,29.088,1.141,1.162,2021-01-15,26.76,78.097,55.086,16.309,1
C1971,CG1,29.088,1.173,1.251,2021-01-03,32.244,80.419,40.03,16.309,1
C1972,CG1,29.091,1.235,1.43,2021-04-07,24.071,64.067,59.574,16.309,1
C1973,CG1,29.091,1.108,1.341,2021-01-25,28.938,76.161,43.411,16.309,1
C1974,CG1,29.091,1.154,1.162,2021-01-27,29.748,75.774,52.966,16.309,1
C1975,CG1,29.091,1.169,1.43,2021-05-01,23.882,60.806,40.589,16.309,1
C1976,CG1,29.092,1.183,1.698,2021-01-13,29.133,78.484,39.161,16.309,1
C1977,CG1,29.091,1.241,1.073,2021-01-01,31.111,80.806,58.672,16.309,1
C1978,CG1,29.093,1.146,4.38,2021-01-13,30.531,78.484,54.913,16.309,1
C1979,CG1,29.093,1.181,1.877,2021-05-15,22.169,58.097,38.434,16.309,1
C1980,CG1,29.093,1.229,1.073,2021-01-27,30.909,75.774,43.694,16.309,1
C1981,CG1,29.093,1.316,1.072,2021-03-14,30.543,68.29,41.814,16.309,1
C1982,CG1,29.094,1.116,1.877,2021-01-01,28.139,80.806,54.896,16.309,1
C1983,CG1,29.094,1.156,1.519,2021-02-08,27.578,73.857,53.997,16.309,1
C1984,CG1,29.094,1.169,1.698,2021-01-15,35.603,78.097,34.867,16.309,1
C1985,CG1,29.095,1.111,1.073,2021-04-19,22.535,62.467,29.867,16.309,1
C1986,CG1,29.095,1.163,2.234,2021-02-06,30.083,74.143,48.613,16.309,1
C1987,CG1,29.096,1.193,1.788,2021-01-01,31.789,80.806,48.43,16.309,1
C1988,CG1,29.094,1.282,1.251,2021-02-08,30.088,73.857,56.108,16.309,1
C1989,CG1,29.096,1.123,1.162,2021-08-17,14.715,31.161,26.766,16.309,1
C1990,CG1,29.097,1.107,1.073,2021-01-03,31.664,80.419,53.427,16.309,1
C1991,CG1,29.099,1.146,1.162,2021-01-01,30.97,80.806,52.86,16.309,1
C1992,CG1,29.099,1.244,9.116,2021-02-06,23.433,74.143,66.388,16.309,1
C1993,CG1,29.099,1.292,1.073,2021-01-27,30.187,75.774,48.908,16.309,1
C1994,CG1,29.1,1.144,1.519,2021-03-14,23.551,68.29,51.236,16.309,1
C1995,CG1,29.1,1.105,1.341,2021-01-27,27.563,75.774,49.027,16.309,1
C1996,CG1,29.101,1.201,5.81,2021-01-27,29.634,75.774,50.444,16.309,1
C1997,CG1,29.1,1.214,6.435,2021-03-28,23.48,65.581,45.989,16.309,1
C1998,CG1,29.102,1.162,1.073,2021-02-08,27.404,73.857,42.753,16.309,1
C1999,CG1,29.102,1.197,1.251,2021-04-09,26.492,63.8,31.798,16.309,1
C2000,CG1,29.104,1.235,1.073,2021-01-13,30.871,78.484,50.418,16.309,1
C2001,CG1,29.104,1.22,2.234,2021-01-01,26.636,80.806,35.544,16.309,1
C2002,CG1,29.105,1.116,1.698,2021-01-13,31.118,78.484,47.036,16.309,1
C2003,CG1,29.104,1.122,1.073,2021-01-01,30.219,80.806,41.185,16.309,1
C2004,CG1,29.105,1.195,2.056,2021-01-01,36.248,80.806,52.325,16.309,1
C2005,CG1,29.105,1.144,1.073,2021-01-13,28.478,78.484,33.911,16.309,1
C2006,CG1,29.106,1.163,3.575,2021-01-01,32.822,80.806,37.03,16.309,1
C2007,CG1,29.106,1.17,1.073,2021-02-20,29.806,72.143,47.572,16.309,1
C2008,CG1,29.105,1.217,2.056,2021-03-04,23.684,70.226,40.267,16.309,1
C2009,CG1,29.106,1.194,1.073,2021-01-03,31.929,80.419,41.903,16.309,1
C2010,CG1,29.106,1.223,1.251,2021-03-28,21.28,65.581,37.815,16.309,1
C2011,CG1,29.106,1.238,1.788,2021-03-14,25.382,68.29,32.322,16.309,1
C2012,CG1,29.107,1.123,1.073,2021-01-01,29.928,80.806,46.815,16.309,1
C2013,CG1,29.107,1.249,1.162,2021-03-02,26.466,70.613,39.283,16.309,1
C2014,CG1,29.108,1.119,1.341,2021-02-08,26.651,73.857,46.631,16.309,1
C2015,CG1,29.108,1.109,1.162,2021-05-25,20.482,56.161,32.279,16.309,1
C2016,CG1,29.109,1.309,1.698,2021-08-17,13.599,31.161,38.043,16.309,1
C2017,CG1,29.11,1.22,2.234,2021-01-01,31.944,80.806,42.148,16.309,1
C2018,CG1,29.111,1.219,1.609,2021-01-01,27.763,80.806,59.424,16.309,1
C2019,CG1,29.111,1.211,1.341,2021-01-27,31.915,75.774,35.552,16.309,1
C2020,CG1,29.112,1.175,1.877,2021-01-01,32.861,80.806,42.813,16.309,1
C2021,CG1,29.113,1.191,1.341,2021-04-09,24.6,63.8,40.425,16.309,1
C2022,CG1,29.114,1.255,2.234,2021-01-01,30.538,80.806,56.975,16.309,1
C2023,CG1,29.115,1.158,1.43,2021-01-01,31.558,80.806,34.827,16.309,1
C2024,CG1,29.115,1.138,1.073,2021-06-08,18.771,52.333,24.213,16.309,1
C2025,CG1,29.116,1.229,1.966,2021-07-14,13.699,40.484,32.352,16.309,1
C2026,CG1,29.116,1.251,1.698,2021-02-08,27.445,73.857,49.443,16.309,1
C2027,CG1,29.117,1.158,1.698,2021-02-08,30.162,73.857,47.096,16.309,1
C2028,CG1,29.117,1.314,1.877,2021-01-03,29.548,80.419,41.708,16.309,1
C2029,CG1,29.116,1.112,4.469,2021-01-03,32.476,80.419,46.377,16.309,1
C2030,CG1,29.118,1.177,7.061,2021-01-13,34.274,78.484,55.388,16.309,1
C2031,CG1,29.117,1.319,1.43,2021-01-25,24.932,76.161,54.015,16.309,1
C2032,CG1,29.117,1.18,1.519,2021-01-01,33.878,80.806,31.817,16.309,1
C2033,CG1,29.118,1.195,1.162,2021-01-03,29.93,80.419,35.166,16.309,1
C2034,CG1,29.119,1.222,1.341,2021-06-06,19.469,53.0,42.348,16.309,1
C2035,CG1,29.119,1.197,1.251,2021-03-26,27.319,65.968,35.396,16.309,1
C2036,CG1,29.121,1.244,1.877,2021-01-27,26.952,75.774,45.625,16.309,1
C2037,CG1,29.12,1.287,1.43,2021-04-19,22.966,62.467,42.259,16.309,1
C2038,CG1,29.122,1.216,1.43,2021-04-19,24.693,62.467,41.117,16.309,1
C2039,CG1,29.122,1.106,1.073,2021-01-01,30.458,80.806,51.076,16.309,1
C2040,CG1,29.121,1.152,3.486,2021-01-25,30.863,76.161,49.427,16.309,1
C2041,CG1,29.122,1.221,3.486,2021-03-16,27.756,67.903,33.816,16.309,1
C2042,CG1,29.123,1.105,2.413,2021-01-01,28.662,80.806,56.965,16.309,1
C2043,CG1,29.124,1.147,1.073,2021-02-18,30.389,72.429,22.995,16.309,1
C2044,CG1,29.125,1.259,1.698,2021-01-01,33.711,80.806,29.969,16.309,1
C2045,CG1,29.125,1.244,1.073,2021-03-02,28.18,70.613,42.938,16.309,1
C2046,CG1,29.126,1.22,2.324,2021-04-19,24.435,62.467,35.925,16.309,1
C2047,CG1,29.125,1.223,2.324,2021-07-24,16.288,37.258,28.977,16.309,1
C2048,CG1,29.126,1.24,1.251,2021-06-02,17.29,54.333,32.371,16.309,1
C2049,CG1,29.127,1.275,2.145,2021-07-20,13.702,38.548,42.451,16.309,1
C2050,CG1,29.127,1.259,1.341,2021-02-08,29.365,73.857,49.017,16.309,1
C2051,CG1,29.128,1.293,1.698,2021-05-13,17.992,58.484,37.056,16.309,1
C2052,CG1,29.13,1.26,2.324,2021-01-01,30.784,80.806,46.734,16.309,1
C2053,CG1,29.13,1.262,1.43,2021-04-09,22.928,63.8,39.652,16.309,1
C2054,CG1,29.13,1.227,1.788,2021-06-08,18.439,52.333,26.329,16.309,1
C2055,CG1,29.13,1.2,1.609,2021-01-27,29.278,75.774,50.515,16.309,1
C2056,CG1,29.131,1.204,1.073,2021-01-13,32.949,78.484,49.436,16.309,1
C2057,CG1,29.132,1.267,3.664,2021-01-01,24.28,80.806,67.138,16.309,1
C2058,CG1,29.132,1.2,3.486,2021-01-01,35.165,80.806,52.648,16.309,1
C2059,CG1,29.132,1.259,1.519,2021-01-13,28.637,78.484,44.162,16.309,1
C2060,CG1,29.132,1.234,1.073,2021-02-08,27.878,73.857,43.46,16.309,1
C2061,CG1,29.134,1.261,3.218,2021-01-01,29.325,80.806,45.489,16.309,1
C2062,CG1,29.135,1.266,2.592,2021-01-03,27.301,80.419,61.797,16.309,1
C2063,CG1,29.136,1.238,5.631,2021-01-01,29.571,80.806,46.993,16.309,1
C2064,CG1,29.136,1.209,1.251,2021-01-15,31.398,78.097,41.645,16.309,1
C2065,CG1,29.136,1.326,2.681,2021-02-06,28.568,74.143,48.776,16.309,1
C2066,CG1,29.137,1.267,1.788,2021-03-14,20.805,68.29,51.958,16.309,1
C2067,CG1,29.138,1.198,4.826,2021-01-25,30.759,76.161,52.962,16.309,1
C2068,CG1,29.139,1.325,1.072,2021-05-01,18.724,60.806,34.155,16.309,1
C2069,CG1,29.138,1.328,5.005,2021-01-01,29.078,80.806,48.057,16.309,1
C2070,CG1,29.138,1.194,3.575,2021-01-25,33.048,76.161,47.406,16.309,1
C2071,CG1,29.139,1.255,3.664,2021-01-01,28.863,80.806,57.513,16.309,1
C2072,CG1,29.138,1.262,1.43,2021-01-01,32.483,80.806,51.959,16.309,1
C2073,CG1,29.139,1.247,2.234,2021-01-03,28.617,80.419,46.701,16.309,1
C2074,CG1,29.141,1.194,3.665,2021-03-14,26.391,68.29,53.768,16.309,1
C2075,CG1,29.139,1.227,1.788,2021-07-20,14.059,38.548,30.167,16.309,1
C2076,CG1,29.14,1.245,1.519,2021-01-01,28.04,80.806,42.574,16.309,1
C2077,CG1,29.14,1.267,2.503,2021-01-15,26.716,78.097,49.496,16.309,1
C2078,CG1,29.14,1.186,2.145,2021-01-01,31.622,80.806,49.063,16.309,1
C2079,CG1,29.141,1.249,2.145,2021-03-04,22.108,70.226,38.337,16.309,1
C2080,CG1,29.141,1.199,1.162,2021-05-13,22.426,58.484,37.556,16.309,1
C2081,CG1,29.141,1.318,5.005,2021-01-01,30.493,80.806,54.887,16.309,1
C2082,CG1,29.142,1.188,6.435,2021-01-03,32.872,80.419,45.294,16.309,1
C2083,CG1,29.141,1.243,2.056,2021-01-01,29.225,80.806,35.366,16.309,1
C2084,CG1,29.142,1.266,1.073,2021-03-02,19.566,70.613,54.452,16.309,1
C2085,CG1,29.142,1.289,1.788,2021-01-01,29.119,80.806,37.352,16.309,1
C2086,CG1,29.143,1.168,1.698,2021-06-30,18.026,45.0,29.179,16.309,1
C2087,CG1,29.142,1.18,4.648,2021-01-01,30.859,80.806,47.229,16.309,1
C2088,CG1,29.143,1.198,3.218,2021-01-01,33.482,80.806,38.797,16.309,1
C2089,CG1,29.144,1.184,6.078,2021-01-01,30.471,80.806,51.183,16.309,1
C2090,CG1,29.144,1.159,1.341,2021-06-18,19.642,49.0,34.298,16.309,1
C2091,CG1,29.144,1.166,2.681,2021-03-16,28.074,67.903,45.899,16.309,1
C2092,CG1,29.144,1.2,1.073,2021-01-01,33.273,80.806,41.801,16.309,1
C2093,CG1,29.145,1.214,1.341,2021-01-25,28.647,76.161,47.264,16.309,1
C2094,CG1,29.144,1.316,1.43,2021-01-13,27.257,78.484,33.671,16.309,1
C2095,CG1,29.146,1.184,2.324,2021-01-15,25.884,78.097,46.012,16.309,1
C2096,CG1,29.145,1.171,1.162,2021-07-06,13.084,43.065,47.322,16.309,1
C2097,CG1,29.146,1.173,1.073,2021-01-01,32.507,80.806,30.239,16.309,1
C2098,CG1,29.145,1.313,1.162,2021-01-13,29.562,78.484,43.028,16.309,1
C2099,CG1,29.146,1.178,1.341,2021-03-16,27.117,67.903,40.861,16.309,1
C2100,CG1,29.146,1.264,1.788,2021-01-27,23.725,75.774,50.817,16.309,1
C2101,CG1,29.146,1.108,1.251,2021-08-17,12.8,31.161,29.079,16.309,1
C2102,CG1,29.146,1.175,1.073,2021-01-01,30.958,80.806,68.038,16.309,1
C2103,CG1,29.147,1.315,1.877,2021-01-15,29.365,78.097,45.229,16.309,1
C2104,CG1,29.147,1.206,1.43,2021-01-01,31.058,80.806,46.601,16.309,1
C2105,CG1,29.147,1.253,1.966,2021-01-01,27.659,80.806,47.005,16.309,1
C2106,CG1,29.148,1.179,1.609,2021-01-25,21.979,76.161,57.889,16.309,1
C2107,CG1,29.147,1.257,1.788,2021-01-01,26.228,80.806,48.021,16.309,1
C2108,CG1,29.147,1.267,7.418,2021-01-27,23.388,75.774,53.937,16.309,1
C2109,CG1,29.148,1.248,1.341,2021-01-25,26.706,76.161,51.493,16.309,1
C2110,CG1,29.147,1.324,4.469,2021-01-03,28.441,80.419,45.259,16.309,1
C2111,CG1,29.148,1.27,1.341,2021-05-03,15.388,60.419,42.715,16.309,1
C2112,CG1,29.149,1.159,1.788,2021-07-02,17.925,44.355,30.21,16.309,1
C2113,CG1,29.149,1.294,1.609,2021-06-12,16.048,51.0,30.098,16.309,1
C2114,CG1,29.149,1.19,4.916,2021-01-13,32.933,78.484,42.693,16.309,1
C2115,CG1,29.149,1.207,1.609,2021-01-01,33.909,80.806,54.701,16.309,1
C2116,CG1,29.15,1.153,1.698,2021-07-02,18.965,44.355,28.221,16.309,1
C2117,CG1,29.151,1.301,5.363,2021-01-01,28.413,80.806,49.189,16.309,1
C2118,CG1,29.151,1.233,1.073,2021-01-01,32.312,80.806,45.699,16.309,1
C2119,CG1,29.152,1.112,2.324,2021-01-01,29.611,80.806,46.917,16.309,1
C2120,CG1,29.154,1.158,1.788,2021-07-26,12.782,36.613,45.058,16.309,1
C2121,CG1,29.153,1.307,1.519,2021-05-15,16.504,58.097,41.172,16.309,1
C2122,CG1,29.153,1.154,5.095,2021-01-13,29.289,78.484,47.742,16.309,1
C2123,CG1,29.154,1.192,2.503,2021-01-13,36.248,78.484,44.235,16.309,1
C2124,CG1,29.154,1.197,1.251,2021-01-15,33.346,78.097,31.791,16.309,1
C2125,CG1,29.157,1.317,3.307,2021-01-01,29.391,80.806,43.635,16.309,1
C2126,CG1,29.156,1.188,2.592,2021-01-13,34.511,78.484,50.623,16.309,1
C2127,CG1,29.156,1.161,2.056,2021-02-08,28.924,73.857,47.341,16.309,1
C2128,CG1,29.157,1.28,5.72,2021-03-16,21.549,67.903,49.282,16.309,1
C2129,CG1,29.157,1.15,1.341,2021-03-26,22.37,65.968,46.216,16.309,1
C2130,CG1,29.158,1.211,1.877,2021-01-27,29.444,75.774,39.329,16.309,1
C2131,CG1,29.158,1.258,1.966,2021-01-15,29.864,78.097,50.563,16.309,1
C2132,CG1,29.158,1.261,1.698,2021-02-08,26.013,73.857,29.85,16.309,1
C2133,CG1,29.158,1.22,1.341,2021-01-25,30.711,76.161,40.925,16.309,1
C2134,CG1,29.158,1.216,1.251,2021-01-01,31.718,80.806,48.24,16.309,1
C2135,CG1,29.158,1.292,1.788,2021-02-20,20.827,72.143,45.228,16.309,1
C2136,CG1,29.158,1.321,2.324,2021-01-03,30.112,80.419,46.049,16.309,1
C2137,CG1,29.159,1.252,1.341,2021-02-20,24.47,72.143,47.595,16.309,1
C2138,CG1,29.16,1.314,1.877,2021-01-01,30.956,80.806,56.359,16.309,1
C2139,CG1,29.159,1.148,2.145,2021-07-14,16.026,40.484,36.457,16.309,1
C2140,CG1,29.16,1.243,1.073,2021-01-01,26.585,80.806,43.147,16.309,1
C2141,CG1,29.162,1.226,3.843,2021-01-01,32.383,80.806,38.292,16.309,1
C2142,CG1,29.161,1.31,1.162,2021-01-01,30.103,80.806,42.867,16.309,1
C2143,CG1,29.162,1.136,2.95,2021-06-24,17.429,47.0,43.002,16.309,1
C2144,CG1,29.162,1.211,1.162,2021-05-25,17.709,56.161,45.489,16.309,1
C2145,CG1,29.162,1.159,1.43,2021-01-25,30.287,76.161,48.15,16.309,1
C2146,CG1,29.164,1.202,1.341,2021-03-04,26.519,70.226,36.808,16.309,1
C2147,CG1,29.165,1.14,3.128,2021-02-08,30.527,73.857,49.975,16.309,1
C2148,CG1,29.164,1.234,1.251,2021-01-01,31.837,80.806,51.219,16.309,1
C2149,CG1,29.164,1.292,1.609,2021-01-03,28.909,80.419,45.5,16.309,1
C2150,CG1,29.164,1.293,1.966,2021-01-03,29.857,80.419,54.28,16.309,1
C2151,CG1,29.165,1.324,1.966,2021-01-03,29.513,80.419,42.612,16.309,1
C2152,CG1,29.165,1.16,1.341,2021-06-14,19.695,50.333,33.054,16.309,1
C2153,CG1,29.164,1.307,1.162,2021-01-27,25.855,75.774,36.089,16.309,1
C2154,CG1,29.166,1.305,2.324,2021-02-06,25.969,74.143,49.234,16.309,1
C2155,CG1,29.163,1.283,6.614,2021-05-25,15.781,56.161,42.86,16.309,1
C2156,CG1,29.166,1.127,2.145,2021-02-08,28.519,73.857,56.367,16.309,1
C2157,CG1,29.167,1.254,1.519,2021-01-25,21.265,76.161,49.404,16.309,1
C2158,CG1,29.167,1.11,1.341,2021-01-01,29.39,80.806,57.486,16.309,1
C2159,CG1,29.167,1.169,1.251,2021-03-04,27.449,70.226,51.624,16.309,1
C2160,CG1,29.167,1.112,1.162,2021-01-03,29.12,80.419,41.955,16.309,1
C2161,CG1,29.167,1.212,2.145,2021-01-01,31.14,80.806,58.311,16.309,1
C2162,CG1,29.169,1.239,1.698,2021-01-13,31.469,78.484,29.871,16.309,1
C2163,CG1,29.169,1.299,1.073,2021-01-01,26.881,80.806,40.815,16.309,1
C2164,CG1,29.169,1.227,1.966,2021-02-08,27.169,73.857,32.802,16.309,1
C2165,CG1,29.169,1.3,2.145,2021-03-14,21.498,68.29,44.114,16.309,1
C2166,CG1,29.17,1.296,2.324,2021-03-26,23.571,65.968,52.553,16.309,1
C2167,CG1,29.171,1.196,1.43,2021-01-03,34.302,80.419,35.343,16.309,1
C2168,CG1,29.173,1.266,3.039,2021-01-01,27.03,80.806,55.413,16.309,1
C2169,CG1,29.173,1.248,1.698,2021-01-01,29.099,80.806,52.858,16.309,1
C2170,CG1,29.174,1.149,1.698,2021-02-06,32.004,74.143,50.678,16.309,1
C2171,CG1,29.173,1.268,1.609,2021-02-08,24.667,73.857,42.651,16.309,1
C2172,CG1,29.173,1.135,1.788,2021-01-03,33.68,80.419,52.254,16.309,1
C2173,CG1,29.174,1.223,1.162,2021-01-27,26.755,75.774,40.421,16.309,1
C2174,CG1,29.174,1.213,1.519,2021-03-14,24.903,68.29,43.119,16.309,1
C2175,CG1,29.175,1.282,4.648,2021-05-03,18.779,60.419,43.141,16.309,1
C2176,CG1,29.175,1.265,1.698,2021-01-01,29.71,80.806,57.301,16.309,1
C2177,CG1,29.175,1.267,1.073,2021-01-03,27.469,80.419,46.771,16.309,1
C2178,CG1,29.175,1.32,1.519,2021-01-01,28.6,80.806,35.266,16.309,1
C2179,CG1,29.175,1.197,1.162,2021-01-03,32.354,80.419,42.639,16.309,1
C2180,CG1,29.174,1.303,2.413,2021-01-03,26.608,80.419,51.243,16.309,1
C2181,CG1,29.176,1.222,1.251,2021-06-06,15.265,53.0,28.52,16.309,1
C2182,CG1,29.176,1.288,1.609,2021-01-01,27.986,80.806,45.128,16.309,1
C2183,CG1,29.175,1.297,1.966,2021-02-20,20.842,72.143,42.769,16.309,1
C2184,CG1,29.176,1.315,1.519,2021-01-15,27.68,78.097,46.891,16.309,1
C2185,CG1,29.176,1.195,1.251,2021-01-25,29.639,76.161,39.467,16.309,1
C2186,CG1,29.176,1.114,2.771,2021-01-15,29.332,78.097,53.972,16.309,1
C2187,CG1,29.178,1.224,1.43,2021-01-01,28.565,80.806,38.668,16.309,1
C2188,CG1,29.177,1.285,1.073,2021-01-01,30.022,80.806,51.018,16.309,1
C2189,CG1,29.178,1.121,1.341,2021-01-27,26.942,75.774,46.574,16.309,1
C2190,CG1,29.178,1.204,1.877,2021-01-15,29.341,78.097,44.913,16.309,1
C2191,CG1,29.178,1.212,2.234,2021-08-07,12.843,33.419,33.862,16.309,1
C2192,CG1,29.179,1.221,1.162,2021-01-15,24.281,78.097,39.414,16.309,1
C2193,CG1,29.179,1.291,2.324,2021-01-01,25.53,80.806,54.525,16.309,1
C2194,CG1,29.179,1.306,1.609,2021-01-13,29.668,78.484,29.78,16.309,1
C2195,CG1,29.18,1.155,2.234,2021-03-02,28.815,70.613,50.352,16.309,1
C2196,CG1,29.18,1.303,1.519,2021-01-25,25.753,76.161,47.936,16.309,1
C2197,CG1,29.182,1.156,1.341,2021-09-10,13.417,26.0,32.012,16.309,1
C2198,CG1,29.182,1.298,3.396,2021-01-13,25.993,78.484,55.694,16.309,1
C2199,CG1,29.182,1.117,1.341,2021-02-08,28.288,73.857,52.149,16.309,1
C2200,CG1,29.183,1.268,1.698,2021-02-20,22.094,72.143,47.478,16.309,1
C2201,CG1,29.182,1.286,1.609,2021-01-01,28.47,80.806,57.081,16.309,1
C2202,CG1,29.183,1.29,1.698,2021-01-13,28.507,78.484,45.248,16.309,1
C2204,CG1,29.184,1.154,1.341,2021-01-03,30.246,80.419,40.169,16.309,1
C2205,CG1,29.184,1.205,2.592,2021-02-08,27.241,73.857,38.322,16.309,1
C2206,CG1,29.184,1.21,1.162,2021-01-25,27.661,76.161,46.263,16.309,1
C2207,CG1,29.185,1.24,1.073,2021-01-27,28.204,75.774,46.178,16.309,1
C2208,CG1,29.185,1.268,1.341,2021-01-03,24.92,80.419,48.082,16.309,1
C2209,CG1,29.186,1.132,1.341,2021-06-30,13.145,45.0,37.942,16.309,1
C2210,CG1,29.186,1.31,1.43,2021-01-03,28.312,80.419,53.193,16.309,1
C2211,CG1,29.187,1.17,1.877,2021-01-13,31.648,78.484,58.563,16.309,1
C2212,CG1,29.187,1.128,3.128,2021-01-01,27.318,80.806,47.864,16.309,1
C2213,CG1,29.188,1.124,1.073,2021-02-08,23.531,73.857,31.7,16.309,1
C2214,CG1,29.188,1.13,1.341,2021-01-15,27.398,78.097,43.906,16.309,1
C2215,CG1,29.188,1.218,1.162,2021-01-27,28.238,75.774,49.806,16.309,1
C2216,CG1,29.189,1.122,1.073,2021-01-13,26.458,78.484,29.738,16.309,1
C2217,CG1,29.189,1.205,1.609,2021-01-25,26.821,76.161,33.656,16.309,1
C2218,CG1,29.189,1.241,1.341,2021-01-01,28.152,80.806,49.453,16.309,1
C2219,CG1,29.189,1.168,2.681,2021-01-01,29.694,80.806,54.189,16.309,1
C2220,CG1,29.189,1.136,2.771,2021-01-13,30.862,78.484,52.865,16.309,1
C2221,CG1,29.191,1.237,1.073,2021-01-03,23.427,80.419,42.219,16.309,1
C2222,CG1,29.191,1.252,1.251,2021-01-01,26.04,80.806,47.129,16.309,1
C2223,CG1,29.191,1.301,1.073,2021-01-27,24.622,75.774,45.358,16.309,1
C2224,CG1,29.192,1.323,1.341,2021-01-13,30.523,78.484,48.327,16.309,1
C2225,CG1,29.193,1.172,1.073,2021-01-13,27.192,78.484,59.22,16.309,1
C2226,CG1,29.194,1.272,2.771,2021-01-01,27.903,80.806,37.539,16.309,1
C2227,CG1,29.195,1.173,1.251,2021-09-24,11.762,23.2,29.329,16.309,1
C2228,CG1,29.196,1.249,1.073,2021-01-25,24.572,76.161,34.725,16.309,1
C2229,CG1,29.196,1.245,1.609,2021-01-01,27.824,80.806,45.054,16.309,1
C2230,CG1,29.197,1.299,1.341,2021-03-02,19.383,70.613,44.994,16.309,1
C2231,CG1,29.198,1.317,2.502,2021-01-01,28.027,80.806,40.421,16.309,1
C2232,CG1,29.197,1.244,2.324,2021-01-13,27.582,78.484,43.919,16.309,1
C2233,CG1,29.198,1.19,2.503,2021-01-27,31.397,75.774,50.836,16.309,1
C2234,CG1,29.198,1.184,1.609,2021-01-27,28.542,75.774,48.921,16.309,1
C2235,CG1,29.198,1.257,1.698,2021-01-27,25.087,75.774,38.995,16.309,1
C2236,CG1,29.198,1.261,1.251,2021-01-01,28.877,80.806,45.945,16.309,1
C2237,CG1,29.198,1.156,5.273,2021-01-13,27.43,78.484,55.215,16.309,1
C2238,CG1,29.198,1.242,1.341,2021-01-01,28.432,80.806,46.07,16.309,1
C2239,CG1,29.199,1.239,1.519,2021-01-01,30.443,80.806,41.203,16.309,1
C2240,CG1,29.199,1.243,1.073,2021-01-27,28.333,75.774,44.271,16.309,1
C2241,CG1,29.199,1.259,4.916,2021-01-01,27.14,80.806,45.683,16.309,1
C2242,CG1,29.199,1.195,2.234,2021-01-01,29.097,80.806,41.832,16.309,1
C2243,CG1,29.2,1.312,1.519,2021-01-03,25.653,80.419,55.041,16.309,1
C2244,CG1,29.201,1.286,2.681,2021-01-01,30.595,80.806,56.623,16.309,1
C2245,CG1,29.201,1.247,1.162,2021-01-01,28.71,80.806,42.905,16.309,1
C2246,CG1,29.201,1.253,10.993,2021-01-01,30.004,80.806,56.42,16.309,1
C2247,CG1,29.202,1.214,2.056,2021-01-01,28.847,80.806,53.646,16.309,1
C2248,CG1,29.202,1.261,1.43,2021-01-15,29.992,78.097,51.824,16.309,1
C2249,CG1,29.203,1.314,1.787,2021-01-03,27.861,80.419,48.079,16.309,1
C2250,CG1,29.202,1.21,2.234,2021-03-28,23.832,65.581,32.641,16.309,1
C2251,CG1,29.204,1.279,1.341,2021-01-15,27.724,78.097,42.875,16.309,1
C2252,CG1,29.205,1.305,2.949,2021-01-03,27.818,80.419,58.608,16.309,1
C2253,CG1,29.205,1.311,1.877,2021-01-03,27.416,80.419,42.963,16.309,1
C2254,CG1,29.205,1.252,1.073,2021-03-14,24.326,68.29,42.599,16.309,1
C2255,CG1,29.204,1.119,1.788,2021-01-03,29.296,80.419,43.629,16.309,1
C2256,CG1,29.205,1.18,1.251,2021-01-01,27.49,80.806,51.219,16.309,1
C2257,CG1,29.205,1.221,3.128,2021-01-01,30.683,80.806,41.501,16.309,1
C2258,CG1,29.205,1.295,1.251,2021-01-27,24.897,75.774,51.297,16.309,1
C2259,CG1,29.206,1.247,1.698,2021-01-25,27.442,76.161,23.73,16.309,1
C2260,CG1,29.207,1.11,1.073,2021-01-27,28.255,75.774,26.829,16.309,1
C2261,CG1,29.207,1.255,1.788,2021-03-04,24.376,70.226,37.266,16.309,1
C2262,CG1,29.207,1.198,2.145,2021-01-27,26.633,75.774,40.538,16.309,1
C2263,CG1,29.207,1.312,1.698,2021-01-03,24.389,80.419,40.547,16.309,1
C2264,CG1,29.208,1.146,1.519,2021-01-27,24.045,75.774,35.297,16.309,1
C2265,CG1,29.208,1.297,3.218,2021-01-01,24.915,80.806,55.253,16.309,1
C2266,CG1,29.208,1.208,2.592,2021-01-01,29.209,80.806,37.267,16.309,1
C2267,CG1,29.209,1.185,1.341,2021-01-03,29.205,80.419,57.636,16.309,1
C2268,CG1,29.208,1.322,1.072,2021-01-15,28.618,78.097,46.221,16.309,1
C2269,CG1,29.209,1.146,1.341,2021-01-01,24.169,80.806,48.922,16.309,1
C2270,CG1,29.209,1.293,1.788,2021-01-03,27.743,80.419,45.771,16.309,1
C2271,CG1,29.209,1.23,1.162,2021-03-04,23.951,70.226,43.213,16.309,1
C2272,CG1,29.209,1.234,1.877,2021-01-01,31.295,80.806,59.172,16.309,1
C2273,CG1,29.209,1.245,3.039,2021-01-01,29.396,80.806,47.933,16.309,1
C2274,CG1,29.212,1.245,1.251,2021-01-25,25.743,76.161,46.17,16.309,1
C2275,CG1,29.214,1.161,3.754,2021-02-20,23.074,72.143,47.171,16.309,1
C2276,CG1,29.214,1.299,4.469,2021-01-01,28.041,80.806,47.691,16.309,1
C2277,CG1,29.215,1.293,1.966,2021-02-08,24.384,73.857,50.556,16.309,1
C2278,CG1,29.216,1.105,2.056,2021-02-08,27.522,73.857,41.134,16.309,1
C2279,CG1,29.218,1.232,1.43,2021-01-03,29.932,80.419,42.862,16.309,1
C2280,CG1,29.218,1.238,1.251,2021-01-03,26.898,80.419,45.342,16.309,1
C2281,CG1,29.218,1.178,1.609,2021-01-13,29.103,78.484,52.224,16.309,1
C2282,CG1,29.218,1.214,1.877,2021-03-04,25.086,70.226,47.925,16.309,1
C2283,CG1,29.22,1.231,2.056,2021-01-03,27.629,80.419,46.408,16.309,1
C2284,CG1,29.221,1.19,1.251,2021-01-15,28.394,78.097,55.044,16.309,1
C2285,CG1,29.222,1.148,1.877,2021-02-08,26.49,73.857,27.697,16.309,1
C2286,CG1,29.221,1.246,1.43,2021-01-01,29.947,80.806,41.331,16.309,1
C2287,CG1,29.221,1.302,1.251,2021-02-06,21.616,74.143,42.19,16.309,1
C2288,CG1,29.224,1.225,1.251,2021-01-13,30.976,78.484,42.61,16.309,1
C2289,CG1,29.224,1.11,2.86,2021-01-13,27.021,78.484,41.496,16.309,1
C2290,CG1,29.225,1.116,1.341,2021-01-03,29.329,80.419,50.45,16.309,1
C2291,CG1,29.224,1.122,1.073,2021-04-07,24.999,64.067,32.608,16.309,1
C2292,CG1,29.226,1.16,1.073,2021-01-25,30.156,76.161,51.457,16.309,1
C2293,CG1,29.227,1.237,2.056,2021-01-25,25.32,76.161,44.903,16.309,1
C2294,CG1,29.227,1.247,1.251,2021-01-01,29.467,80.806,43.104,16.309,1
C2295,CG1,29.228,1.298,7.865,2021-01-15,24.094,78.097,34.606,16.309,1
C2296,CG1,29.23,1.105,1.162,2021-03-26,22.177,65.968,38.458,16.309,1
C2297,CG1,29.231,1.238,1.073,2021-01-01,28.419,80.806,38.592,16.309,1
C2298,CG1,29.231,1.187,1.162,2021-02-08,24.792,73.857,30.728,16.309,1
C2299,CG1,29.234,1.237,1.43,2021-01-01,31.752,80.806,47.654,16.309,1
C2300,CG1,29.232,1.328,9.563,2021-01-01,29.021,80.806,55.775,16.309,1
C2301,CG1,29.234,1.235,1.609,2021-01-01,29.681,80.806,35.238,16.309,1
C2302,CG1,29.235,1.174,2.234,2021-01-15,26.603,78.097,58.744,16.309,1
C2303,CG1,29.24,1.136,1.162,2021-01-27,29.539,75.774,33.759,16.309,1
C2304,CG1,29.24,1.242,1.251,2021-01-25,27.412,76.161,50.282,16.309,1
C2305,CG1,29.242,1.246,1.609,2021-02-08,24.419,73.857,33.716,16.309,1
C2306,CG1,29.245,1.241,1.251,2021-02-08,24.856,73.857,34.528,16.309,1
C2307,CG1,29.249,1.159,1.073,2021-01-15,31.443,78.097,54.632,16.309,1
C2308,CG1,29.252,1.144,1.162,2021-01-13,26.427,78.484,39.175,16.309,1
C2309,CG1,29.251,1.127,1.43,2021-02-20,24.783,72.143,33.227,16.309,1
C2310,CG1,29.252,1.139,1.162,2021-01-15,30.252,78.097,43.384,16.309,1
C2311,CG1,29.254,1.161,1.519,2021-03-14,25.332,68.29,47.434,16.309,1
C2312,CG1,29.255,1.148,1.698,2021-01-25,27.254,76.161,36.284,16.309,1
C2313,CG1,29.255,1.134,2.056,2021-01-03,29.695,80.419,42.716,16.309,1
C2314,CG1,29.256,1.156,1.251,2021-02-06,28.809,74.143,54.467,16.309,1
C2315,CG1,29.256,1.137,1.073,2021-01-01,30.047,80.806,39.223,16.309,1
C2316,CG1,29.257,1.176,6.793,2021-01-13,28.044,78.484,41.345,16.309,1
C2317,CG1,29.258,1.132,1.073,2021-01-15,29.792,78.097,38.435,16.309,1
C2318,CG1,29.257,1.153,2.056,2021-03-02,24.211,70.613,44.456,16.309,1
C2319,CG1,29.258,1.171,1.341,2021-01-01,31.773,80.806,54.381,16.309,1
C2320,CG1,29.258,1.183,3.396,2021-04-09,21.178,63.8,39.294,16.309,1
C2321,CG1,29.259,1.115,1.698,2021-01-01,28.897,80.806,45.041,16.309,1
C2322,CG1,29.262,1.114,1.251,2021-03-28,23.382,65.581,34.088,16.309,1
C2323,CG1,29.264,1.173,2.413,2021-01-25,30.822,76.161,41.456,16.309,1
C2324,CG1,29.264,1.144,1.073,2021-02-06,26.576,74.143,29.483,16.309,1
C2325,CG1,29.264,1.152,3.575,2021-03-26,23.481,65.968,39.129,16.309,1
C2326,CG1,29.267,1.142,2.86,2021-01-13,31.912,78.484,39.337,16.309,1
C2327,CG1,29.269,1.131,2.145,2021-08-31,12.17,28.0,31.045,16.309,1
C2328,CG1,29.27,1.151,1.341,2021-01-13,30.194,78.484,36.786,16.309,1
C2329,CG1,29.27,1.207,2.056,2021-03-14,21.467,68.29,48.56,16.309,1
C2330,CG1,29.271,1.11,1.43,2021-01-13,29.671,78.484,54.438,16.309,1
C2331,CG1,29.271,1.279,3.218,2021-10-18,8.279,17.355,28.409,16.309,1
C2332,CG1,29.273,1.287,1.519,2021-01-13,26.756,78.484,49.638,16.309,1
C2333,CG1,29.272,1.166,1.251,2021-02-08,27.9,73.857,29.356,16.309,1
C2334,CG1,29.272,1.128,2.503,2021-01-15,32.493,78.097,40.279,16.309,1
C2335,CG1,29.274,1.308,1.072,2021-01-03,31.08,80.419,34.341,16.309,1
C2336,CG1,29.274,1.136,1.966,2021-01-13,32.445,78.484,45.109,16.309,1
C2337,CG1,29.274,1.157,1.162,2021-01-13,28.034,78.484,43.933,16.309,1
C2338,CG1,29.275,1.147,1.073,2021-01-27,30.516,75.774,36.029,16.309,1
C2339,CG1,29.274,1.256,5.899,2021-01-01,28.865,80.806,59.785,16.309,1
C2341,CG1,29.281,1.206,1.877,2021-01-03,26.805,80.419,51.839,16.309,1
C2342,CG1,29.282,1.326,1.251,2021-03-02,25.892,70.613,44.547,16.309,1
C2343,CG1,29.282,1.328,2.413,2021-01-25,27.958,76.161,38.401,16.309,1
C2344,CG1,29.285,1.163,1.251,2021-08-29,12.178,28.452,35.193,16.309,1
C2345,CG1,29.284,1.281,6.793,2021-02-08,30.19,73.857,42.64,16.309,1
C2346,CG1,29.288,1.156,1.162,2021-01-03,28.853,80.419,36.896,16.309,1
C2347,CG1,29.288,1.197,1.43,2021-01-03,32.572,80.419,42.094,16.309,1
C2348,CG1,29.29,1.159,1.073,2021-01-03,29.038,80.419,47.32,16.309,1
C2349,CG1,29.29,1.213,1.162,2021-02-06,27.891,74.143,41.046,16.309,1
C2350,CG1,29.291,1.328,1.341,2021-01-01,30.007,80.806,49.123,16.309,1
C2351,CG1,29.292,1.173,1.43,2021-01-01,26.488,80.806,42.418,16.309,1
C2352,CG1,29.292,1.17,1.251,2021-01-15,23.939,78.097,38.702,16.309,1
C2353,CG1,29.294,1.113,1.877,2021-03-14,26.484,68.29,44.122,16.309,1
C2354,CG1,29.294,1.292,1.519,2021-01-01,28.814,80.806,49.371,16.309,1
C2355,CG1,29.298,1.3,2.413,2021-01-03,27.736,80.419,37.305,16.309,1
C2356,CG1,29.299,1.119,1.877,2021-10-04,10.709,20.968,31.497,16.309,1
C2357,CG1,29.299,1.18,2.95,2021-01-01,27.995,80.806,37.912,16.309,1
C2358,CG1,29.3,1.299,2.056,2021-02-08,24.079,73.857,36.476,16.309,1
C2359,CG1,29.304,1.317,1.341,2021-01-01,34.404,80.806,47.267,16.309,1
C2360,CG1,29.304,1.282,1.609,2021-01-03,32.964,80.419,47.454,16.309,1
C2361,CG1,29.305,1.119,1.341,2021-01-25,30.369,76.161,44.557,16.309,1
C2362,CG1,29.306,1.145,1.073,2021-04-19,18.381,62.467,33.462,16.309,1
C2363,CG1,29.314,1.247,1.073,2021-04-19,21.083,62.467,49.346,16.309,1
C2364,CG1,29.315,1.129,2.145,2021-03-16,24.708,67.903,49.554,16.309,1
C2365,CG1,29.316,1.111,1.698,2021-04-07,22.722,64.067,31.153,16.309,1
C2366,CG1,29.317,1.136,1.073,2021-01-15,28.279,78.097,37.967,16.309,1
C2367,CG1,29.319,1.276,1.788,2021-01-03,32.633,80.419,52.763,16.309,1
C2368,CG1,29.319,1.215,2.592,2021-02-08,26.401,73.857,41.623,16.309,1
C2369,CG1,29.321,1.115,1.519,2021-04-21,21.406,62.2,41.682,16.309,1
C2370,CG1,29.321,1.12,2.503,2021-02-06,27.879,74.143,43.066,16.309,1
C2371,CG1,29.322,1.109,1.251,2021-07-12,16.178,41.129,40.794,16.309,1
C2372,CG1,29.323,1.112,2.235,2021-01-01,33.49,80.806,44.401,16.309,1
C2373,CG1,29.323,1.118,1.073,2021-03-28,24.794,65.581,41.3,16.309,1
C2374,CG1,29.324,1.277,2.056,2021-01-03,32.634,80.419,46.52,16.309,1
C2375,CG1,29.324,1.326,3.664,2021-01-01,30.183,80.806,50.359,16.309,1
C2376,CG1,29.327,1.114,1.251,2021-07-14,16.64,40.484,36.573,16.309,1
C2377,CG1,29.327,1.237,1.162,2021-01-13,25.661,78.484,19.266,16.309,1
C2378,CG1,29.33,1.121,1.073,2021-01-03,31.756,80.419,40.296,16.309,1
C2379,CG1,29.331,1.326,1.519,2021-01-25,28.917,76.161,37.5,16.309,1
C2380,CG1,29.332,1.159,1.251,2021-10-28,8.628,14.774,24.9,16.309,1
C2381,CG1,29.333,1.125,2.056,2021-05-03,21.365,60.419,43.976,16.309,1
C2382,CG1,29.333,1.198,1.698,2021-01-03,29.633,80.419,49.856,16.309,1
C2383,CG1,29.335,1.162,1.073,2021-03-02,28.881,70.613,23.0,16.309,1
C2384,CG1,29.335,1.246,1.341,2021-01-13,27.39,78.484,29.108,16.309,1
C2385,CG1,29.335,1.113,3.218,2021-01-01,27.907,80.806,44.0,16.309,1
C2386,CG1,29.336,1.308,1.341,2021-01-15,26.542,78.097,56.424,16.309,1
C2387,CG1,29.337,1.206,1.43,2021-02-06,26.893,74.143,44.195,16.309,1
C2388,CG1,29.337,1.127,1.073,2021-01-27,27.906,75.774,40.589,16.309,1
C2389,CG1,29.337,1.312,1.072,2021-04-21,21.329,62.2,43.331,16.309,1
C2390,CG1,29.338,1.139,1.788,2021-05-15,19.657,58.097,43.06,16.309,1
C2391,CG1,29.339,1.297,1.519,2021-01-15,29.053,78.097,44.187,16.309,1
C2392,CG1,29.34,1.108,2.413,2021-01-13,28.265,78.484,38.87,16.309,1
C2393,CG1,29.339,1.105,1.162,2021-03-28,22.784,65.581,41.31,16.309,1
C2394,CG1,29.34,1.131,1.251,2021-01-15,32.279,78.097,40.913,16.309,1
C2395,CG1,29.341,1.105,1.877,2021-01-01,29.903,80.806,47.371,16.309,1
C2396,CG1,29.341,1.314,1.43,2021-03-02,25.965,70.613,49.891,16.309,1
C2397,CG1,29.342,1.108,1.609,2021-03-14,22.716,68.29,48.454,16.309,1
C2398,CG1,29.342,1.324,1.072,2021-04-07,21.471,64.067,43.244,16.309,1
C2399,CG1,29.345,1.14,1.43,2021-01-13,29.076,78.484,37.755,16.309,1
C2400,CG1,29.349,1.116,3.575,2021-01-13,29.232,78.484,41.923,16.309,1
C2401,CG1,29.352,1.134,1.251,2021-01-01,29.709,80.806,37.861,16.309,1
C2402,CG1,29.353,1.147,2.413,2021-01-03,32.811,80.419,42.712,16.309,1
C2403,CG1,29.355,1.141,1.073,2021-03-28,26.529,65.581,24.645,16.309,1
C2404,CG1,29.355,1.173,1.341,2021-01-01,33.331,80.806,28.67,16.309,1
C2405,CG1,29.359,1.16,1.162,2021-03-16,30.417,67.903,31.129,16.309,1
C2406,CG1,29.358,1.172,1.251,2021-01-01,34.318,80.806,30.379,16.309,1
C2407,CG1,29.359,1.166,2.145,2021-01-15,34.981,78.097,36.873,16.309,1
C2408,CG1,29.36,1.137,1.877,2021-01-13,31.29,78.484,25.092,16.309,1
C2409,CG1,29.361,1.327,7.597,2021-03-16,19.686,67.903,54.772,16.309,1
C2410,CG1,29.361,1.169,1.519,2021-01-01,34.304,80.806,35.86,16.309,1
C2411,CG1,29.362,1.134,1.162,2021-01-15,31.819,78.097,24.588,16.309,1
C2412,CG1,29.362,1.125,1.162,2021-06-02,19.319,54.333,33.937,16.309,1
C2413,CG1,29.363,1.14,1.251,2021-04-19,22.036,62.467,34.818,16.309,1
C2414,CG1,29.364,1.33,2.056,2021-05-13,15.658,58.484,44.256,16.309,1
C2415,CG1,29.366,1.214,1.788,2021-05-01,18.898,60.806,38.179,16.309,1
C2416,CG1,29.366,1.144,3.307,2021-01-03,33.939,80.419,40.038,16.309,1
C2417,CG1,29.366,1.315,3.128,2021-04-19,18.582,62.467,38.227,16.309,1
C2418,CG1,29.367,1.164,1.162,2021-02-08,30.472,73.857,32.808,16.309,1
C2419,CG1,29.368,1.165,1.609,2021-05-25,23.158,56.161,29.597,16.309,1
C2421,CG1,29.368,1.146,1.162,2021-04-09,24.498,63.8,47.99,16.309,1
C2422,CG1,29.371,1.168,1.877,2021-01-15,31.804,78.097,30.53,16.309,1
C2423,CG1,29.37,1.191,1.251,2021-01-01,33.582,80.806,41.827,16.309,1
C2424,CG1,29.371,1.327,1.877,2021-06-08,14.369,52.333,29.085,16.309,1
C2425,CG1,29.371,1.316,1.341,2021-01-01,30.315,80.806,49.888,16.309,1
C2426,CG1,29.373,1.322,1.519,2021-03-28,19.456,65.581,43.584,16.309,1
C2427,CG1,29.373,1.33,1.251,2021-01-01,28.053,80.806,43.72,16.309,1
C2428,CG1,29.373,1.301,2.503,2021-01-27,25.71,75.774,38.745,16.309,1
C2429,CG1,29.373,1.313,1.072,2021-01-03,26.497,80.419,36.152,16.309,1
C2430,CG1,29.374,1.215,1.073,2021-03-04,24.204,70.226,36.207,16.309,1
C2432,CG1,29.375,1.318,1.609,2021-02-18,24.814,72.429,49.844,16.309,1
C2433,CG1,29.374,1.171,1.43,2021-08-31,11.016,28.0,28.462,16.309,1
C2434,CG1,29.376,1.293,3.664,2021-03-14,21.861,68.29,31.748,16.309,1
C2435,CG1,29.375,1.232,2.413,2021-05-27,16.397,55.774,32.767,16.309,1
C2436,CG1,29.377,1.174,1.251,2021-10-18,6.75,17.355,27.805,16.309,1
C2438,CG1,29.378,1.294,1.073,2021-09-24,10.807,23.2,23.882,16.309,1
C2439,CG1,29.378,1.291,2.681,2021-03-26,23.029,65.968,35.466,16.309,1
C2440,CG1,29.379,1.177,1.073,2021-01-13,33.204,78.484,42.775,16.309,1
C2441,CG1,29.38,1.261,2.771,2021-01-01,32.829,80.806,46.559,16.309,1
C2442,CG1,29.379,1.299,3.396,2021-01-03,28.666,80.419,47.72,16.309,1
C2443,CG1,29.379,1.213,2.771,2021-01-01,32.919,80.806,42.598,16.309,1
C2444,CG1,29.379,1.315,2.413,2021-01-01,30.168,80.806,46.038,16.309,1
C2445,CG1,29.381,1.16,1.162,2021-03-14,27.083,68.29,31.784,16.309,1
C2446,CG1,29.381,1.126,3.218,2021-01-03,28.836,80.419,30.949,16.309,1
C2447,CG1,29.381,1.317,1.162,2021-02-18,26.251,72.429,43.086,16.309,1
C2448,CG1,29.381,1.321,1.162,2021-01-13,30.803,78.484,49.417,16.309,1
C2449,CG1,29.382,1.256,4.201,2021-01-25,26.055,76.161,32.637,16.309,1
C2450,CG1,29.381,1.306,1.072,2021-04-21,17.981,62.2,41.301,16.309,1
C2451,CG1,29.383,1.286,1.073,2021-01-01,33.337,80.806,37.81,16.309,1
C2452,CG1,29.383,1.288,1.251,2021-03-26,24.747,65.968,36.813,16.309,1
C2453,CG1,29.383,1.315,1.072,2021-06-14,16.536,50.333,28.849,16.309,1
C2454,CG1,29.384,1.267,5.005,2021-01-13,30.582,78.484,38.673,16.309,1
C2455,CG1,29.384,1.319,1.251,2021-01-01,29.836,80.806,54.469,16.309,1
C2456,CG1,29.384,1.321,2.145,2021-03-04,21.402,70.226,48.036,16.309,1
C2457,CG1,29.384,1.218,1.073,2021-01-03,32.884,80.419,37.645,16.309,1
C2458,CG1,29.386,1.319,2.056,2021-01-03,27.667,80.419,37.742,16.309,1
C2459,CG1,29.386,1.111,1.341,2021-01-13,29.95,78.484,37.781,16.309,1
C2460,CG1,29.387,1.128,1.698,2021-04-07,23.443,64.067,42.991,16.309,1
C2461,CG1,29.386,1.257,1.162,2021-01-15,28.117,78.097,36.764,16.309,1
C2462,CG1,29.387,1.284,2.145,2021-02-18,27.844,72.429,48.586,16.309,1
C2463,CG1,29.387,1.216,1.877,2021-03-14,24.089,68.29,42.299,16.309,1
C2466,CG1,29.389,1.217,1.073,2021-01-13,30.183,78.484,48.75,16.309,1
C2467,CG1,29.389,1.109,2.771,2021-01-15,33.614,78.097,35.931,16.309,1
C2468,CG1,29.389,1.244,3.307,2021-02-08,26.676,73.857,44.93,16.309,1
C2469,CG1,29.39,1.177,1.609,2021-01-01,35.419,80.806,45.015,16.309,1
C2470,CG1,29.39,1.281,1.609,2021-05-13,19.921,58.484,45.613,16.309,1
C2471,CG1,29.393,1.285,4.737,2021-01-15,30.26,78.097,40.947,16.309,1
C2473,CG1,29.392,1.256,2.681,2021-01-01,29.146,80.806,44.805,16.309,1
C2474,CG1,29.392,1.273,1.162,2021-02-08,27.993,73.857,34.752,16.309,1
C2475,CG1,29.392,1.27,1.162,2021-04-19,20.463,62.467,42.152,16.309,1
C2476,CG1,29.392,1.277,2.145,2021-06-18,15.049,49.0,24.973,16.309,1
C2477,CG1,29.391,1.328,2.86,2021-01-01,29.035,80.806,41.208,16.309,1
C2478,CG1,29.392,1.18,1.519,2021-01-01,33.346,80.806,35.485,16.309,1
C2479,CG1,29.392,1.177,1.162,2021-02-08,31.997,73.857,36.266,16.309,1
C2480,CG1,29.391,1.212,3.754,2021-01-15,23.882,78.097,43.573,16.309,1
C2481,CG1,29.392,1.272,2.234,2021-01-13,27.748,78.484,42.378,16.309,1
C2482,CG1,29.394,1.257,1.162,2021-03-04,25.436,70.226,49.603,16.309,1
C2483,CG1,29.394,1.279,2.324,2021-01-13,30.054,78.484,36.138,16.309,1
C2484,CG1,29.394,1.328,2.145,2021-02-06,24.824,74.143,44.632,16.309,1
C2485,CG1,29.396,1.322,4.201,2021-01-15,29.122,78.097,41.093,16.309,1
C2486,CG1,29.396,1.217,2.324,2021-01-03,28.434,80.419,43.246,16.309,1
C2487,CG1,29.398,1.18,2.86,2021-06-08,20.882,52.333,32.947,16.309,1
C2488,CG1,29.398,1.255,4.111,2021-01-01,30.855,80.806,50.652,16.309,1
C2489,CG1,29.399,1.26,2.056,2021-01-03,30.006,80.419,54.918,16.309,1
C2490,CG1,29.4,1.232,1.698,2021-01-15,29.924,78.097,32.451,16.309,1
C2491,CG1,29.401,1.275,3.039,2021-01-03,29.304,80.419,41.663,16.309,1
C2492,CG1,29.401,1.283,1.073,2021-03-16,22.959,67.903,30.112,16.309,1
C2493,CG1,29.401,1.299,1.966,2021-01-15,27.295,78.097,45.982,16.309,1
C2494,CG1,29.402,1.222,1.073,2021-02-08,27.276,73.857,42.194,16.309,1
C2495,CG1,29.402,1.265,2.145,2021-01-13,28.206,78.484,47.542,16.309,1
C2496,CG1,29.402,1.201,3.307,2021-01-13,32.321,78.484,46.494,16.309,1
C2497,CG1,29.404,1.325,1.43,2021-03-16,20.302,67.903,34.844,16.309,1
C2498,CG1,29.404,1.189,1.162,2021-03-14,25.79,68.29,48.316,16.309,1
C2499,CG1,29.404,1.234,2.592,2021-01-13,29.81,78.484,45.988,16.309,1
C2500,CG1,29.404,1.249,1.43,2021-01-15,26.718,78.097,55.291,16.309,1
C2501,CG1,29.404,1.292,1.609,2021-08-19,11.77,30.71,38.083,16.309,1
C2502,CG1,29.405,1.206,1.162,2021-02-08,27.482,73.857,35.251,16.309,1
C2503,CG1,29.405,1.236,1.073,2021-01-03,27.964,80.419,45.013,16.309,1
C2504,CG1,29.405,1.286,1.162,2021-01-01,30.496,80.806,48.976,16.309,1
C2505,CG1,29.406,1.322,1.162,2021-04-19,22.856,62.467,27.906,16.309,1
C2506,CG1,29.405,1.28,1.162,2021-03-16,20.295,67.903,31.198,16.309,1
C2507,CG1,29.406,1.256,1.341,2021-02-18,26.797,72.429,50.733,16.309,1
C2508,CG1,29.405,1.266,1.251,2021-01-13,28.517,78.484,48.1,16.309,1
C2509,CG1,29.407,1.273,2.413,2021-01-27,27.578,75.774,33.805,16.309,1
C2510,CG1,29.406,1.285,1.251,2021-06-06,15.162,53.0,37.838,16.309,1
C2511,CG1,29.406,1.289,1.162,2021-05-27,19.002,55.774,45.102,16.309,1
C2512,CG1,29.406,1.293,1.341,2021-01-01,33.317,80.806,42.54,16.309,1
C2513,CG1,29.407,1.236,1.251,2021-02-08,25.53,73.857,34.499,16.309,1
C2514,CG1,29.408,1.289,1.251,2021-03-26,26.654,65.968,38.742,16.309,1
C2515,CG1,29.408,1.245,4.737,2021-01-01,27.049,80.806,48.034,16.309,1
C2517,CG1,29.409,1.2,1.341,2021-01-27,30.294,75.774,36.351,16.309,1
C2518,CG1,29.409,1.222,1.162,2021-07-24,12.794,37.258,30.908,16.309,1
C2519,CG1,29.409,1.291,1.073,2021-03-14,25.132,68.29,48.73,16.309,1
C2520,CG1,29.41,1.281,1.162,2021-01-03,29.905,80.419,44.738,16.309,1
C2521,CG1,29.41,1.307,1.072,2021-02-20,25.946,72.143,48.76,16.309,1
C2522,CG1,29.41,1.32,1.162,2021-09-10,9.849,26.0,38.352,16.309,1
C2523,CG1,29.41,1.222,2.592,2021-01-01,31.25,80.806,49.503,16.309,1
C2524,CG1,29.41,1.267,2.86,2021-02-08,24.656,73.857,40.94,16.309,1
C2525,CG1,29.411,1.129,1.073,2021-01-27,29.306,75.774,28.843,16.309,1
C2526,CG1,29.411,1.28,1.877,2021-02-08,28.796,73.857,43.21,16.309,1
C2527,CG1,29.412,1.204,2.145,2021-01-01,32.36,80.806,41.594,16.309,1
C2528,CG1,29.412,1.226,1.341,2021-03-26,23.359,65.968,33.2,16.309,1
C2529,CG1,29.412,1.326,1.877,2021-02-06,25.547,74.143,38.221,16.309,1
C2530,CG1,29.412,1.234,2.234,2021-05-03,17.45,60.419,33.094,16.309,1
C2531,CG1,29.413,1.257,1.162,2021-02-06,28.182,74.143,39.524,16.309,1
C2532,CG1,29.413,1.246,1.073,2021-01-15,27.018,78.097,52.444,16.309,1
C2533,CG1,29.413,1.15,1.341,2021-01-03,35.082,80.419,29.685,16.309,1
C2534,CG1,29.413,1.216,1.788,2021-01-15,30.107,78.097,44.618,16.309,1
C2535,CG1,29.414,1.228,1.341,2021-06-24,14.207,47.0,33.241,16.309,1
C2536,CG1,29.414,1.218,2.681,2021-01-03,30.56,80.419,45.82,16.309,1
C2537,CG1,29.415,1.25,1.162,2021-01-25,24.832,76.161,47.418,16.309,1
C2538,CG1,29.415,1.148,1.251,2021-01-01,31.708,80.806,41.624,16.309,1
C2539,CG1,29.414,1.161,1.788,2021-02-06,29.68,74.143,47.907,16.309,1
C2540,CG1,29.414,1.223,3.664,2021-02-08,27.205,73.857,45.27,16.309,1
C2541,CG1,29.416,1.28,1.788,2021-01-25,30.0,76.161,42.825,16.309,1
C2542,CG1,29.415,1.163,1.251,2021-08-07,15.674,33.419,29.378,16.309,1
C2543,CG1,29.415,1.284,2.145,2021-01-13,27.449,78.484,32.322,16.309,1
C2544,CG1,29.415,1.221,2.949,2021-03-16,22.636,67.903,42.795,16.309,1
C2545,CG1,29.416,1.249,1.609,2021-03-14,19.84,68.29,46.756,16.309,1
C2546,CG1,29.416,1.276,1.073,2021-01-03,31.915,80.419,36.208,16.309,1
C2547,CG1,29.417,1.153,4.201,2021-01-13,33.249,78.484,43.2,16.309,1
C2549,CG1,29.417,1.204,1.43,2021-06-30,16.001,45.0,33.239,16.309,1
C2550,CG1,29.417,1.269,1.341,2021-01-25,31.201,76.161,32.563,16.309,1
C2551,CG1,29.417,1.263,1.162,2021-01-13,33.276,78.484,44.893,16.309,1
C2552,CG1,29.418,1.16,1.162,2021-02-06,27.334,74.143,42.017,16.309,1
C2553,CG1,29.417,1.26,2.592,2021-05-01,22.318,60.806,30.486,16.309,1
C2554,CG1,29.418,1.158,1.519,2021-01-15,32.274,78.097,42.32,16.309,1
C2555,CG1,29.418,1.159,1.162,2021-02-08,29.169,73.857,48.583,16.309,1
C2556,CG1,29.419,1.326,1.43,2021-02-08,30.021,73.857,58.451,16.309,1
C2557,CG1,29.419,1.205,1.251,2021-03-14,22.905,68.29,35.015,16.309,1
C2558,CG1,29.419,1.238,2.413,2021-01-25,28.622,76.161,42.349,16.309,1
C2559,CG1,29.419,1.156,2.771,2021-01-03,35.899,80.419,48.806,16.309,1
C2561,CG1,29.42,1.165,1.966,2021-01-25,30.59,76.161,32.632,16.309,1
C2562,CG1,29.419,1.304,1.341,2021-03-14,23.628,68.29,42.261,16.309,1
C2563,CG1,29.42,1.152,1.788,2021-01-25,32.139,76.161,49.686,16.309,1
C2564,CG1,29.421,1.167,2.234,2021-01-13,30.007,78.484,49.756,16.309,1
C2567,CG1,29.421,1.27,1.519,2021-08-17,12.205,31.161,28.387,16.309,1
C2568,CG1,29.422,1.17,1.162,2021-01-03,34.219,80.419,27.271,16.309,1
C2569,CG1,29.422,1.278,2.324,2021-01-13,33.098,78.484,50.871,16.309,1
C2570,CG1,29.422,1.314,1.698,2021-01-01,31.545,80.806,53.44,16.309,1
C2571,CG1,29.424,1.17,1.788,2021-01-03,34.785,80.419,49.301,16.309,1
C2572,CG1,29.423,1.322,1.877,2021-06-18,17.42,49.0,50.998,16.309,1
C2573,CG1,29.424,1.15,2.056,2021-01-13,30.549,78.484,43.29,16.309,1
C2574,CG1,29.425,1.268,3.039,2021-07-06,14.476,43.065,40.58,16.309,1
C2575,CG1,29.425,1.152,2.145,2021-01-03,30.623,80.419,47.625,16.309,1
C2576,CG1,29.425,1.172,1.162,2021-01-13,31.059,78.484,27.724,16.309,1
C2577,CG1,29.426,1.147,1.966,2021-01-25,30.74,76.161,43.274,16.309,1
C2578,CG1,29.426,1.269,1.341,2021-01-15,31.735,78.097,37.033,16.309,1
C2579,CG1,29.426,1.282,1.43,2021-08-29,10.717,28.452,25.475,16.309,1
C2580,CG1,29.425,1.312,1.609,2021-04-09,24.538,63.8,46.477,16.309,1
C2581,CG1,29.426,1.314,1.072,2021-02-20,27.982,72.143,50.851,16.309,1
C2582,CG1,29.427,1.322,3.307,2021-06-02,17.413,54.333,51.896,16.309,1
C2583,CG1,29.426,1.17,1.341,2021-01-15,30.855,78.097,37.038,16.309,1
C2584,CG1,29.426,1.288,2.145,2021-06-26,13.381,46.333,42.643,16.309,1
C2585,CG1,29.426,1.319,1.251,2021-05-25,19.298,56.161,42.097,16.309,1
C2586,CG1,29.427,1.169,1.609,2021-03-28,24.236,65.581,47.044,16.309,1
C2587,CG1,29.428,1.112,1.609,2021-02-08,26.3,73.857,27.64,16.309,1
C2588,CG1,29.429,1.213,3.396,2021-03-04,25.902,70.226,48.732,16.309,1
C2590,CG1,29.43,1.209,1.251,2021-02-06,28.258,74.143,36.809,16.309,1
C2591,CG1,29.43,1.279,1.162,2021-05-13,18.753,58.484,46.537,16.309,1
C2592,CG1,29.43,1.116,1.43,2021-01-13,30.557,78.484,35.2,16.309,1
C2593,CG1,29.43,1.281,1.609,2021-01-13,30.356,78.484,47.19,16.309,1
C2594,CG1,29.431,1.323,1.162,2021-03-02,22.879,70.613,39.164,16.309,1
C2595,CG1,29.431,1.31,1.072,2021-01-13,30.315,78.484,38.474,16.309,1
C2596,CG1,29.431,1.15,1.251,2021-01-13,31.295,78.484,41.573,16.309,1
C2597,CG1,29.432,1.279,3.664,2021-05-15,19.884,58.097,38.439,16.309,1
C2598,CG1,29.431,1.119,1.073,2021-01-27,28.944,75.774,32.304,16.309,1
C2599,CG1,29.431,1.144,1.698,2021-01-03,33.09,80.419,44.866,16.309,1
C2600,CG1,29.432,1.122,2.413,2021-02-08,28.58,73.857,36.959,16.309,1
C2601,CG1,29.431,1.148,1.609,2021-01-01,30.996,80.806,39.232,16.309,1
C2602,CG1,29.433,1.296,1.162,2021-02-06,28.214,74.143,47.253,16.309,1
C2603,CG1,29.433,1.257,2.145,2021-01-03,29.624,80.419,33.06,16.309,1
C2604,CG1,29.433,1.303,1.341,2021-04-07,20.946,64.067,42.747,16.309,1
C2605,CG1,29.434,1.125,3.575,2021-01-01,35.173,80.806,54.161,16.309,1
C2606,CG1,29.434,1.141,1.251,2021-01-03,34.3,80.419,40.69,16.309,1
C2607,CG1,29.435,1.27,2.234,2021-07-24,10.547,37.258,37.307,16.309,1
C2608,CG1,29.435,1.237,3.307,2021-01-15,29.157,78.097,48.081,16.309,1
C2609,CG1,29.436,1.3,1.609,2021-02-18,28.501,72.429,49.646,16.309,1
C2610,CG1,29.436,1.244,1.788,2021-01-25,26.139,76.161,38.752,16.309,1
C2611,CG1,29.437,1.237,1.519,2021-06-30,15.476,45.0,41.412,16.309,1
C2612,CG1,29.437,1.295,1.609,2021-01-13,29.514,78.484,47.981,16.309,1
C2613,CG1,29.439,1.246,1.43,2021-01-13,27.649,78.484,45.207,16.309,1
C2614,CG1,29.438,1.321,1.698,2021-05-25,16.769,56.161,44.867,16.309,1
C2615,CG1,29.439,1.12,1.073,2021-03-04,26.465,70.226,31.955,16.309,1
C2616,CG1,29.44,1.251,1.609,2021-02-08,23.063,73.857,35.93,16.309,1
C2617,CG1,29.442,1.256,2.056,2021-02-06,25.12,74.143,43.812,16.309,1
C2618,CG1,29.441,1.313,9.027,2021-03-28,21.866,65.581,53.82,16.309,1
C2619,CG1,29.441,1.316,2.234,2021-04-07,20.645,64.067,51.413,16.309,1
C2620,CG1,29.442,1.123,1.162,2021-06-14,18.168,50.333,31.123,16.309,1
C2621,CG1,29.442,1.247,1.341,2021-01-25,29.121,76.161,47.448,16.309,1
C2622,CG1,29.443,1.285,1.162,2021-04-07,24.617,64.067,29.057,16.309,1
C2623,CG1,29.444,1.325,1.251,2021-01-27,27.399,75.774,46.205,16.309,1
C2624,CG1,29.445,1.226,1.609,2021-03-14,23.602,68.29,41.387,16.309,1
C2625,CG1,29.445,1.28,1.251,2021-02-06,25.759,74.143,43.69,16.309,1
C2626,CG1,29.446,1.128,1.519,2021-03-26,29.043,65.968,52.596,16.309,1
C2627,CG1,29.446,1.131,1.341,2021-01-13,34.743,78.484,32.799,16.309,1
C2628,CG1,29.446,1.229,1.341,2021-01-25,28.673,76.161,38.662,16.309,1
C2629,CG1,29.446,1.152,1.877,2021-03-04,24.945,70.226,49.785,16.309,1
C2630,CG1,29.446,1.221,1.251,2021-07-30,12.568,35.323,34.22,16.309,1
C2631,CG1,29.447,1.271,1.073,2021-01-15,25.936,78.097,41.367,16.309,1
C2632,CG1,29.448,1.26,1.43,2021-01-13,27.459,78.484,43.418,16.309,1
C2633,CG1,29.449,1.28,1.43,2021-01-13,29.351,78.484,32.6,16.309,1
C2634,CG1,29.449,1.254,1.073,2021-01-25,26.21,76.161,40.771,16.309,1
C2635,CG1,29.449,1.268,3.039,2021-01-27,25.837,75.774,49.763,16.309,1
C2636,CG1,29.449,1.226,1.341,2021-01-15,29.878,78.097,37.838,16.309,1
C2637,CG1,29.449,1.279,1.073,2021-01-01,30.572,80.806,41.377,16.309,1
C2638,CG1,29.449,1.232,5.631,2021-01-15,28.469,78.097,52.376,16.309,1
C2639,CG1,29.451,1.215,2.771,2021-07-12,13.704,41.129,41.1,16.309,1
C2640,CG1,29.45,1.314,2.413,2021-03-04,24.025,70.226,44.001,16.309,1
C2641,CG1,29.451,1.228,3.396,2021-01-25,28.791,76.161,45.479,16.309,1
C2642,CG1,29.451,1.265,1.341,2021-03-28,21.877,65.581,37.38,16.309,1
C2643,CG1,29.452,1.128,2.86,2021-01-03,35.045,80.419,38.609,16.309,1
C2644,CG1,29.452,1.269,1.609,2021-03-26,21.287,65.968,53.339,16.309,1
C2645,CG1,29.452,1.251,1.162,2021-07-18,11.51,39.194,27.428,16.309,1
C2646,CG1,29.452,1.218,1.341,2021-01-01,30.305,80.806,45.675,16.309,1
C2647,CG1,29.453,1.264,1.519,2021-03-14,23.216,68.29,36.811,16.309,1
C2648,CG1,29.453,1.256,1.162,2021-01-25,28.562,76.161,47.842,16.309,1
C2649,CG1,29.454,1.139,1.162,2021-01-25,29.082,76.161,35.605,16.309,1
C2650,CG1,29.453,1.228,3.039,2021-03-16,25.62,67.903,37.929,16.309,1
C2651,CG1,29.454,1.252,1.519,2021-02-08,22.926,73.857,40.585,16.309,1
C2652,CG1,29.455,1.135,1.341,2021-01-27,33.76,75.774,49.988,16.309,1
C2653,CG1,29.455,1.284,1.519,2021-12-05,3.355,6.71,17.738,16.309,1
C2654,CG1,29.456,1.241,1.073,2021-03-26,25.541,65.968,43.887,16.309,1
C2655,CG1,29.456,1.259,1.251,2021-01-27,25.733,75.774,46.019,16.309,1
C2656,CG1,29.456,1.21,1.341,2021-01-25,30.154,76.161,35.508,16.309,1
C2657,CG1,29.456,1.221,1.519,2021-03-04,23.459,70.226,35.873,16.309,1
C2658,CG1,29.457,1.226,2.503,2021-07-06,15.146,43.065,28.665,16.309,1
C2659,CG1,29.457,1.204,1.877,2021-01-03,30.158,80.419,36.552,16.309,1
C2660,CG1,29.457,1.126,1.251,2021-02-06,30.37,74.143,44.527,16.309,1
C2661,CG1,29.457,1.22,1.43,2021-01-27,27.097,75.774,38.185,16.309,1
C2662,CG1,29.458,1.24,1.698,2021-06-02,17.86,54.333,50.96,16.309,1
C2663,CG1,29.459,1.122,1.073,2021-12-03,2.71,7.226,31.036,16.309,1
C2664,CG1,29.459,1.214,1.251,2021-01-25,25.159,76.161,40.978,16.309,1
C2665,CG1,29.46,1.219,1.162,2021-02-18,24.355,72.429,38.756,16.309,1
C2666,CG1,29.46,1.253,1.251,2021-04-07,22.352,64.067,48.077,16.309,1
C2668,CG1,29.46,1.267,4.826,2021-05-13,17.774,58.484,41.106,16.309,1
C2669,CG1,29.46,1.262,1.162,2021-04-09,22.929,63.8,42.27,16.309,1
C2670,CG1,29.463,1.241,1.341,2021-03-26,23.454,65.968,45.302,16.309,1
C2671,CG1,29.462,1.258,1.162,2021-04-19,21.47,62.467,50.111,16.309,1
C2672,CG1,29.463,1.164,1.43,2021-01-01,31.428,80.806,35.947,16.309,1
C2673,CG1,29.464,1.269,1.251,2021-02-18,26.675,72.429,47.642,16.309,1
C2674,CG1,29.465,1.303,1.877,2021-02-08,27.95,73.857,49.782,16.309,1
C2675,CG1,29.465,1.167,2.86,2021-01-13,30.815,78.484,31.066,16.309,1
C2677,CG1,29.466,1.326,1.072,2021-10-28,7.353,14.774,22.808,16.309,1
C2678,CG1,29.466,1.283,1.073,2021-03-14,22.333,68.29,37.069,16.309,1
C2679,CG1,29.467,1.325,1.251,2021-07-06,14.819,43.065,36.932,16.309,1
C2680,CG1,29.467,1.11,1.162,2021-01-13,33.124,78.484,47.464,16.309,1
C2681,CG1,29.468,1.304,4.022,2021-02-20,27.904,72.143,50.585,16.309,1
C2682,CG1,29.468,1.29,1.43,2021-02-20,22.665,72.143,36.827,16.309,1
C2683,CG1,29.47,1.325,1.341,2021-11-29,3.093,8.2,32.477,16.309,1
C2684,CG1,29.471,1.29,5.452,2021-01-15,31.254,78.097,55.148,16.309,1
C2685,CG1,29.471,1.155,1.162,2021-01-03,27.408,80.419,25.838,16.309,1
C2686,CG1,29.472,1.304,1.251,2021-11-09,5.361,12.2,15.943,16.309,0
C2687,CG1,29.472,1.156,1.073,2021-01-13,27.9,78.484,31.25,16.309,1
C2688,CG1,29.472,1.17,1.073,2021-01-03,29.35,80.419,27.951,16.309,1
C2689,CG1,29.474,1.269,2.592,2021-06-08,16.662,52.333,41.327,16.309,1
C2690,CG1,29.474,1.282,1.966,2021-01-03,28.604,80.419,49.145,16.309,1
C2691,CG1,29.474,1.286,1.877,2021-01-01,32.511,80.806,54.314,16.309,1
C2692,CG1,29.474,1.165,1.162,2021-06-02,18.247,54.333,33.82,16.309,1
C2693,CG1,29.476,1.274,1.162,2021-01-15,30.422,78.097,33.623,16.309,1
C2694,CG1,29.476,1.324,2.681,2021-01-15,27.717,78.097,43.62,16.309,1
C2695,CG1,29.477,1.287,1.877,2021-01-15,28.741,78.097,47.507,16.309,1
C2696,CG1,29.479,1.296,1.162,2021-03-28,26.133,65.581,39.068,16.309,1
C2697,CG1,29.479,1.324,1.072,2021-05-03,18.249,60.419,38.711,16.309,1
C2698,CG1,29.48,1.15,1.162,2021-01-25,29.37,76.161,33.866,16.309,1
C2699,CG1,29.48,1.159,1.698,2021-01-03,33.527,80.419,43.643,16.309,1
C2700,CG1,29.48,1.286,1.073,2021-03-14,22.504,68.29,52.61,16.309,1
C2701,CG1,29.481,1.328,1.609,2021-10-18,6.598,17.355,33.751,16.309,1
C2702,CG1,29.481,1.146,1.519,2021-02-08,29.83,73.857,38.419,16.309,1
C2703,CG1,29.482,1.292,1.073,2021-10-30,5.431,14.258,35.635,16.309,1
C2704,CG1,29.482,1.14,1.162,2021-01-13,26.759,78.484,45.664,16.309,1
C2705,CG1,29.482,1.297,1.073,2021-01-01,31.277,80.806,49.056,16.309,1
C2706,CG1,29.482,1.294,1.788,2021-12-17,0.981,3.613,37.949,16.309,1
C2707,CG1,29.485,1.328,1.341,2021-05-03,20.527,60.419,39.741,16.309,1
C2708,CG1,29.487,1.264,6.971,2021-01-25,29.956,76.161,53.881,16.309,1
C2709,CG1,29.486,1.211,1.251,2021-07-06,15.576,43.065,46.78,16.309,1
C2711,CG1,29.488,1.278,1.43,2021-01-15,29.003,78.097,46.571,16.309,1
C2712,CG1,29.489,1.272,3.039,2021-01-03,29.805,80.419,39.195,16.309,1
C2714,CG1,29.489,1.232,1.073,2021-06-12,21.047,51.0,36.13,16.309,1
C2715,CG1,29.493,1.285,5.273,2021-01-13,28.455,78.484,50.91,16.309,1
C2716,CG1,29.493,1.248,2.503,2021-11-09,6.112,12.2,19.771,16.309,1
C2717,CG1,29.493,1.289,1.251,2021-06-12,16.615,51.0,38.778,16.309,1
C2718,CG1,29.493,1.208,1.073,2021-01-13,33.851,78.484,37.529,16.309,1
C2720,CG1,29.494,1.258,1.162,2021-01-27,26.88,75.774,35.58,16.309,1
C2721,CG1,29.494,1.206,1.609,2021-06-26,19.387,46.333,43.82,16.309,1
C2722,CG1,29.495,1.244,1.788,2021-06-24,17.009,47.0,35.846,16.309,1
C2723,CG1,29.494,1.251,3.843,2021-01-03,32.584,80.419,34.717,16.309,1
C2724,CG1,29.495,1.282,1.162,2021-01-01,32.032,80.806,57.68,16.309,1
C2725,CG1,29.494,1.265,3.486,2021-02-20,26.173,72.143,40.603,16.309,1
C2726,CG1,29.495,1.248,3.128,2021-03-14,27.799,68.29,35.696,16.309,1
C2728,CG1,29.496,1.284,1.341,2021-06-12,17.825,51.0,47.406,16.309,1
C2729,CG1,29.496,1.238,5.452,2021-01-13,33.566,78.484,24.696,16.309,1
C2730,CG1,29.497,1.274,2.056,2021-03-16,23.587,67.903,45.441,16.309,1
C2731,CG1,29.497,1.277,2.503,2021-03-16,22.357,67.903,43.722,16.309,1
C2732,CG1,29.497,1.264,1.788,2021-05-27,19.054,55.774,40.223,16.309,1
C2733,CG1,29.498,1.257,3.396,2021-01-13,30.459,78.484,30.825,16.309,1
C2734,CG1,29.498,1.211,2.949,2021-01-03,35.085,80.419,52.43,16.309,1
C2736,CG1,29.499,1.276,1.519,2021-01-01,28.654,80.806,42.531,16.309,1
C2737,CG1,29.5,1.237,1.698,2021-01-27,31.999,75.774,44.843,16.309,1
C2738,CG1,29.5,1.255,1.698,2021-02-18,25.487,72.429,27.874,16.309,1
C2739,CG1,29.501,1.23,1.788,2021-01-27,31.119,75.774,35.794,16.309,1
C2740,CG1,29.5,1.234,1.609,2021-03-16,28.579,67.903,45.197,16.309,1
C2741,CG1,29.5,1.265,2.234,2021-05-01,21.066,60.806,36.481,16.309,1
C2742,CG1,29.5,1.262,1.341,2021-05-25,21.376,56.161,33.034,16.309,1
C2743,CG1,29.501,1.26,1.162,2021-12-17,1.806,3.613,26.213,16.309,1
C2745,CG1,29.501,1.264,1.341,2021-01-15,31.032,78.097,42.683,16.309,1
C2746,CG1,29.501,1.288,1.251,2021-01-13,28.615,78.484,47.034,16.309,1
C2748,CG1,29.502,1.269,1.788,2021-01-01,31.614,80.806,43.112,16.309,1
C2750,CG1,29.503,1.23,5.899,2021-03-14,26.954,68.29,43.039,16.309,1
C2751,CG1,29.505,1.238,2.949,2021-01-15,31.692,78.097,47.403,16.309,1
C2752,CG1,29.504,1.317,1.43,2021-03-28,24.692,65.581,43.734,16.309,1
C2753,CG1,29.504,1.153,1.43,2021-05-25,20.075,56.161,34.826,16.309,1
C2754,CG1,29.506,1.29,1.162,2021-01-27,27.065,75.774,36.084,16.309,1
C2755,CG1,29.508,1.293,2.324,2021-03-04,24.408,70.226,30.243,16.309,1
C2756,CG1,29.508,1.213,1.788,2021-01-01,36.614,80.806,34.646,16.309,1
C2760,CG1,29.512,1.263,2.056,2021-06-06,17.862,53.0,33.919,16.309,1
C2761,CG1,29.513,1.287,1.877,2021-03-02,23.983,70.613,48.216,16.309,1
C2762,CG1,29.513,1.312,1.341,2021-03-02,23.373,70.613,35.144,16.309,1
C2763,CG1,29.514,1.274,1.251,2021-01-25,28.434,76.161,46.962,16.309,1
C2764,CG1,29.514,1.266,1.43,2021-05-03,18.224,60.419,39.307,16.309,1
C2766,CG1,29.516,1.27,1.341,2021-09-12,12.25,25.6,34.993,16.309,1
C2768,CG1,29.518,1.211,1.251,2021-01-01,32.802,80.806,49.43,16.309,1
C2769,CG1,29.517,1.268,2.056,2021-12-15,2.074,4.129,29.487,16.309,1
C2770,CG1,29.518,1.233,1.519,2021-06-08,23.153,52.333,27.65,16.309,1
C2771,CG1,29.518,1.276,1.251,2021-05-15,19.443,58.097,40.14,16.309,1
C2773,CG1,29.519,1.296,1.519,2021-03-14,23.375,68.29,32.481,16.309,1
C2774,CG1,29.519,1.28,1.877,2021-02-18,25.794,72.429,39.682,16.309,1
C2775,CG1,29.519,1.299,3.218,2021-02-08,26.21,73.857,39.136,16.309,1
C2776,CG1,29.519,1.265,1.43,2022-02-13,0.0,0.0,23.675,16.309,1
C2777,CG1,29.522,1.268,23.327,2021-01-15,30.503,78.097,33.475,16.309,1
C2778,CG1,29.521,1.239,1.788,2021-04-07,26.516,64.067,29.801,16.309,1
C2779,CG1,29.522,1.304,2.681,2021-03-14,20.104,68.29,37.73,16.309,1
C2780,CG1,29.524,1.323,1.162,2021-01-25,24.921,76.161,54.281,16.309,1
C2781,CG1,29.524,1.282,1.609,2021-03-26,25.488,65.968,19.735,16.309,1
C2782,CG1,29.523,1.283,1.966,2021-06-12,16.743,51.0,16.698,16.309,1
C2783,CG1,29.524,1.297,4.469,2021-03-14,21.436,68.29,38.688,16.309,1
C2784,CG1,29.525,1.319,1.162,2021-03-16,22.779,67.903,45.438,16.309,1
C2785,CG1,29.525,1.243,1.43,2021-04-09,23.401,63.8,48.66,16.309,1
C2786,CG1,29.526,1.27,3.039,2021-02-08,27.962,73.857,30.68,16.309,1
C2787,CG1,29.525,1.284,1.788,2021-03-14,27.924,68.29,41.141,16.309,1
C2788,CG1,29.525,1.24,1.162,2021-06-12,20.98,51.0,30.583,16.309,1
C2789,CG1,29.527,1.301,1.341,2021-05-15,17.682,58.097,40.976,16.309,1
C2790,CG1,29.528,1.268,1.162,2021-11-09,6.548,12.2,28.023,16.309,1
C2791,CG1,29.528,1.284,6.524,2021-02-18,26.055,72.429,53.571,16.309,1
C2792,CG1,29.528,1.324,1.341,2021-05-13,17.136,58.484,49.685,16.309,1
C2794,CG1,29.529,1.306,3.128,2021-06-20,13.953,48.333,37.11,16.309,1
C2795,CG1,29.529,1.235,2.413,2021-01-25,32.957,76.161,45.201,16.309,1
C2796,CG1,29.528,1.313,1.877,2021-01-13,26.923,78.484,55.414,16.309,1
C2797,CG1,29.529,1.299,2.86,2021-06-02,17.326,54.333,42.155,16.309,1
C2798,CG1,29.53,1.176,1.073,2021-03-14,20.194,68.29,44.276,16.309,1
C2799,CG1,29.531,1.293,8.223,2021-05-03,18.45,60.419,55.018,16.309,1
C2800,CG1,29.53,1.262,1.073,2021-01-25,28.215,76.161,34.795,16.309,1
C2801,CG1,29.53,1.254,3.128,2021-04-07,23.525,64.067,49.679,16.309,1
C2802,CG1,29.531,1.268,1.073,2021-12-23,1.29,2.065,19.743,16.309,1
C2804,CG1,29.531,1.31,1.162,2021-04-19,18.478,62.467,49.563,16.309,1
C2805,CG1,29.532,1.193,1.788,2021-01-03,30.922,80.419,45.545,16.309,1
C2806,CG1,29.532,1.236,1.519,2021-05-03,22.3,60.419,45.521,16.309,1
C2807,CG1,29.532,1.329,1.609,2021-03-16,23.517,67.903,41.678,16.309,1
C2808,CG1,29.533,1.191,1.698,2021-03-28,22.861,65.581,48.388,16.309,1
C2809,CG1,29.533,1.251,7.686,2021-03-02,23.506,70.613,55.576,16.309,1
C2810,CG1,29.534,1.106,1.519,2021-01-01,26.392,80.806,41.216,16.309,1
C2811,CG1,29.534,1.187,1.162,2021-01-01,30.554,80.806,47.541,16.309,1
C2813,CG1,29.535,1.242,5.899,2021-06-12,18.288,51.0,39.556,16.309,1
C2814,CG1,29.535,1.298,3.396,2021-03-26,20.608,65.968,50.654,16.309,1
C2816,CG1,29.538,1.244,5.541,2021-08-19,14.795,30.71,41.528,16.309,1
C2818,CG1,29.538,1.238,1.43,2021-02-08,28.282,73.857,43.701,16.309,1
C2819,CG1,29.54,1.321,1.251,2021-03-26,22.902,65.968,30.271,16.309,1
C2820,CG1,29.537,1.312,20.288,2021-01-01,27.777,80.806,54.111,16.309,1
C2821,CG1,29.542,1.151,1.609,2021-02-08,26.076,73.857,21.457,16.309,1
C2822,CG1,29.542,1.282,2.145,2021-01-15,28.917,78.097,54.709,16.309,1
C2824,CG1,29.543,1.28,1.788,2021-01-01,28.133,80.806,39.387,16.309,1
C2826,CG1,29.543,1.251,1.162,2021-01-15,29.208,78.097,36.937,16.309,1
C2828,CG1,29.542,1.298,8.223,2021-03-14,24.631,68.29,46.135,16.309,1
C2829,CG1,29.544,1.254,2.145,2021-07-12,18.323,41.129,48.968,16.309,1
C2830,CG1,29.544,1.304,2.056,2021-07-12,16.226,41.129,35.14,16.309,1
C2831,CG1,29.545,1.257,1.251,2021-06-06,19.589,53.0,41.044,16.309,1
C2832,CG1,29.544,1.282,1.251,2021-03-02,23.511,70.613,43.844,16.309,1
C2833,CG1,29.545,1.298,1.966,2021-01-13,27.085,78.484,50.651,16.309,1
C2834,CG1,29.546,1.271,1.251,2021-01-15,29.835,78.097,47.015,16.309,1
C2835,CG1,29.546,1.265,2.234,2021-06-06,20.843,53.0,35.077,16.309,1
C2836,CG1,29.546,1.286,1.877,2021-02-08,25.604,73.857,45.319,16.309,1
C2837,CG1,29.547,1.272,1.162,2021-03-04,24.506,70.226,34.719,16.309,1
C2838,CG1,29.548,1.266,1.877,2021-04-09,25.694,63.8,32.955,16.309,1
C2839,CG1,29.548,1.256,3.128,2021-01-03,30.244,80.419,50.61,16.309,1
C2840,CG1,29.547,1.274,3.039,2021-02-18,25.698,72.429,37.194,16.309,1
C2841,CG1,29.549,1.322,1.341,2021-09-22,10.267,23.6,26.88,16.309,1
C2842,CG1,29.549,1.252,9.474,2021-05-13,21.02,58.484,49.117,16.309,1
C2843,CG1,29.55,1.258,3.039,2021-03-26,23.243,65.968,44.162,16.309,1
C2844,CG1,29.556,1.26,1.251,2021-01-01,30.024,80.806,37.828,16.309,1
C2845,CG1,29.555,1.232,1.609,2021-01-25,30.316,76.161,29.819,16.309,1
C2846,CG1,29.557,1.237,1.251,2021-03-28,25.3,65.581,48.543,16.309,1
C2847,CG1,29.558,1.231,1.877,2021-01-27,31.715,75.774,32.423,16.309,1
C2848,CG1,29.558,1.234,1.698,2021-01-01,31.848,80.806,49.47,16.309,1
C2849,CG1,29.557,1.252,16.177,2021-06-12,18.978,51.0,51.365,16.309,1
C2850,CG1,29.56,1.301,1.609,2021-03-28,24.243,65.581,39.922,16.309,1
C2851,CG1,29.562,1.285,1.43,2021-03-26,24.985,65.968,41.945,16.309,1
C2852,CG1,29.563,1.271,3.128,2021-01-01,30.95,80.806,43.458,16.309,1
C2853,CG1,29.564,1.209,2.413,2021-01-01,23.26,80.806,41.068,16.309,1
C2855,CG1,29.565,1.321,1.787,2021-03-16,23.256,67.903,42.14,16.309,1
C2856,CG1,29.565,1.323,1.787,2021-03-04,21.612,70.226,37.955,16.309,1
C2857,CG1,29.565,1.274,1.519,2021-01-01,29.913,80.806,45.552,16.309,1
C2858,CG1,29.566,1.231,1.073,2021-03-14,22.976,68.29,35.452,16.309,1
C2859,CG1,29.566,1.209,1.073,2021-01-01,24.921,80.806,27.078,16.309,1
C2860,CG1,29.566,1.295,3.039,2021-01-15,27.361,78.097,39.383,16.309,1
C2861,CG1,29.568,1.249,1.609,2021-03-04,23.423,70.226,51.135,16.309,1
C2862,CG1,29.57,1.286,2.681,2021-04-09,22.41,63.8,41.358,16.309,1
C2863,CG1,29.571,1.329,1.787,2021-01-25,25.531,76.161,31.404,16.309,1
C2864,CG1,29.571,1.227,1.162,2021-01-03,28.947,80.419,31.041,16.309,1
C2865,CG1,29.571,1.254,1.519,2021-06-18,17.226,49.0,40.357,16.309,1
C2866,CG1,29.572,1.284,1.698,2021-02-06,26.39,74.143,40.347,16.309,1
C2867,CG1,29.574,1.22,1.073,2021-03-26,24.32,65.968,33.734,16.309,1
C2868,CG1,29.575,1.248,1.966,2021-05-15,22.51,58.097,51.153,16.309,1
C2869,CG1,29.574,1.325,1.787,2021-01-13,26.652,78.484,40.641,16.309,1
C2870,CG1,29.577,1.275,2.771,2021-03-26,23.877,65.968,44.656,16.309,1
C2871,CG1,29.576,1.257,3.664,2021-03-26,22.927,65.968,41.145,16.309,1
C2872,CG2,23.303,-4.011,2.676,2021-06-11,17.371,16.267,26.495,16.309,1
C2873,CG2,23.303,-4.065,1.516,2021-05-30,21.136,17.065,32.205,16.309,1
C2874,CG2,23.304,-4.056,1.159,2021-06-11,17.465,16.267,29.063,16.309,1
C2875,CG2,23.305,-4.059,5.797,2021-09-27,5.668,7.3,24.197,16.309,1
C2876,CG2,23.305,-4.065,1.427,2021-06-23,17.273,15.467,26.267,16.309,1
C2877,CG2,23.306,-4.004,1.338,2021-09-03,7.549,9.7,26.79,16.309,1
C2878,CG2,23.308,-3.881,1.427,2021-05-30,19.097,17.065,31.96,16.309,1
C2879,CG2,23.311,-4.023,1.605,2022-01-01,0.0,0.0,24.206,16.309,1
C2880,CG2,23.311,-3.872,1.07,2021-07-05,13.84,14.516,20.738,16.309,1
C2882,CG2,23.313,-4.057,2.408,2021-05-30,18.701,17.065,34.651,16.309,1
C2883,CG2,23.315,-4.03,6.689,2021-05-30,18.517,17.065,37.998,16.309,1
C2884,CG2,23.317,-4.023,7.937,2021-09-03,7.065,9.7,25.165,16.309,1
C2885,CG2,23.317,-3.871,1.784,2021-03-31,23.475,21.0,30.73,16.309,1
C2886,CG2,23.318,-3.875,1.338,2021-05-30,21.029,17.065,24.548,16.309,1
C2887,CG2,23.318,-3.874,1.07,2021-07-17,12.322,13.355,26.54,16.309,1
C2888,CG2,23.322,-4.021,1.694,2021-09-27,5.913,7.3,27.724,16.309,1
C2889,CG2,23.322,-4.081,3.21,2021-07-05,14.358,14.516,23.914,16.309,1
C2891,CG2,23.328,-4.077,1.07,2021-07-05,14.615,14.516,19.277,16.309,1
C2892,CG2,23.329,-4.075,7.491,2021-05-30,19.435,17.065,24.726,16.309,1
C2893,CG2,23.336,-3.96,1.07,2021-06-11,17.736,16.267,36.771,16.309,1
C2894,CG2,23.34,-3.948,2.497,2021-07-29,11.377,12.194,28.319,16.309,1
C2895,CG2,23.34,-4.036,1.159,2022-01-01,0.0,0.0,23.946,16.309,1
C2896,CG2,23.341,-4.018,1.07,2021-09-15,5.283,8.5,20.144,16.309,1
C2897,CG2,23.341,-4.028,1.159,2021-07-17,13.503,13.355,26.595,16.309,1
C2898,CG2,23.343,-4.025,1.338,2022-01-01,0.0,0.0,26.33,16.309,1
C2899,CG2,23.342,-3.891,3.479,2021-05-30,19.408,17.065,28.723,16.309,1
C2902,CG2,23.353,-4.017,5.619,2021-05-06,20.112,18.613,28.419,16.309,1
C2903,CG2,23.356,-4.08,1.159,2021-06-11,16.456,16.267,28.993,16.309,1
C2904,CG2,23.357,-3.887,1.16,2021-07-17,12.18,13.355,26.752,16.309,1
C2905,CG2,23.371,-4.004,1.07,2021-07-05,12.465,14.516,37.928,16.309,1
C2906,CG2,23.382,-4.011,2.14,2021-06-23,13.778,15.467,26.403,16.309,1
C2907,CG2,23.385,-4.091,1.516,2022-06-06,0.0,0.0,19.788,16.309,1
C2908,CG2,23.388,-3.966,2.676,2021-05-30,17.672,17.065,37.08,16.309,1
C2913,CG2,23.396,-4.062,2.319,2021-07-29,8.936,12.194,26.273,16.309,1
C2915,CG2,23.396,-4.064,1.338,2022-05-25,0.0,0.0,26.714,16.309,1
C2916,CG2,23.398,-4.059,2.229,2021-09-15,5.46,8.5,24.696,16.309,1
C2917,CG2,23.399,-4.085,5.529,2021-09-15,6.464,8.5,26.228,16.309,1
C2918,CG2,23.402,-3.998,4.548,2021-07-29,8.651,12.194,25.5,16.309,1
C2919,CG2,23.399,-4.095,4.37,2021-05-30,16.927,17.065,26.524,16.309,1
C2920,CG2,23.401,-4.092,2.14,2021-07-29,7.934,12.194,25.92,16.309,1
C2921,CG2,23.401,-4.06,1.516,2021-06-23,15.35,15.467,26.677,16.309,1
C2922,CG2,23.404,-4.003,10.881,2021-06-11,15.446,16.267,26.36,16.309,1
C2925,CG2,23.403,-4.095,1.159,2021-06-23,14.043,15.467,32.861,16.309,1
C2927,CG2,23.406,-4.006,3.211,2021-06-11,15.311,16.267,21.458,16.309,1
C2928,CG2,23.405,-4.093,1.248,2021-06-23,13.916,15.467,35.887,16.309,1
C2930,CG2,23.406,-4.063,1.249,2022-01-01,0.0,0.0,25.637,16.309,1
C2931,CG2,23.406,-4.001,10.078,2021-07-05,12.924,14.516,26.046,16.309,1
C2932,CG2,23.407,-4.004,2.051,2021-07-17,10.992,13.355,21.253,16.309,1
C2933,CG2,23.408,-4.003,1.516,2021-05-30,16.509,17.065,20.869,16.309,1
C2935,CG2,23.41,-4.009,4.905,2021-06-11,14.376,16.267,24.439,16.309,1
C2936,CG2,23.41,-4.069,1.962,2021-09-15,5.891,8.5,20.589,16.309,1
C2937,CG2,23.41,-4.052,2.319,2021-08-10,8.085,11.355,23.614,16.309,1
C2938,CG2,23.409,-3.998,4.459,2021-06-11,15.827,16.267,25.154,16.309,1
C2939,CG2,23.411,-3.979,3.032,2021-05-30,18.472,17.065,29.607,16.309,1
C2941,CG2,23.414,-4.013,1.962,2022-02-18,0.0,0.0,22.108,16.309,1
C2942,CG2,23.413,-4.049,1.516,2021-06-23,14.983,15.467,22.219,16.309,1
C2943,CG2,23.414,-4.035,1.516,2022-01-25,0.0,0.0,26.83,16.309,1
C2944,CG2,23.414,-3.999,1.159,2022-04-19,0.0,0.0,26.493,16.309,1
C2945,CG2,23.415,-3.988,1.07,2021-05-06,19.419,18.613,29.22,16.309,1
C2946,CG2,23.415,-4.02,2.586,2021-06-23,12.397,15.467,22.011,16.309,1
C2947,CG2,23.412,-4.005,35.139,2021-06-11,15.739,16.267,23.173,16.309,1
C2948,CG2,23.416,-3.994,2.497,2021-06-23,13.106,15.467,22.886,16.309,1
C2949,CG2,23.417,-4.019,2.051,2022-04-19,0.0,0.0,17.399,16.309,1
C2950,CG2,23.417,-4.026,2.408,2021-07-05,11.617,14.516,24.213,16.309,1
C2951,CG2,23.419,-4.006,1.427,2021-07-05,12.991,14.516,23.204,16.309,1
C2952,CG2,23.419,-3.994,4.192,2021-07-05,11.877,14.516,25.513,16.309,1
C2953,CG2,23.418,-4.016,4.727,2021-09-15,5.351,8.5,20.038,16.309,1
C2954,CG2,23.42,-4.001,5.173,2021-12-20,0.806,0.71,21.208,16.309,1
C2955,CG2,23.42,-4.004,3.567,2021-03-19,22.6,22.161,21.042,16.309,1
C2956,CG2,23.42,-4.015,1.07,2021-06-11,15.638,16.267,26.724,16.309,1
C2957,CG2,23.42,-4.034,1.249,2022-06-06,0.0,0.0,20.232,16.309,1
C2958,CG2,23.419,-4.039,8.383,2021-06-11,17.335,16.267,25.149,16.309,1
C2959,CG2,23.421,-4.007,3.567,2021-05-30,16.637,17.065,21.424,16.309,1
C2960,CG2,23.42,-4.012,2.051,2021-06-11,13.999,16.267,25.938,16.309,1
C2961,CG2,23.421,-4.027,3.121,2022-01-01,0.0,0.0,20.114,16.309,1
C2962,CG2,23.421,-3.979,1.516,2021-06-11,16.9,16.267,22.338,16.309,1
C2963,CG2,23.422,-3.992,5.084,2021-10-09,3.556,6.419,21.126,16.309,1
C2964,CG2,23.422,-4.005,1.249,2022-06-18,0.0,0.0,17.095,16.309,1
C2965,CG2,23.423,-4.095,1.07,2021-06-23,13.384,31.167,24.644,16.309,1
C2966,CG2,23.422,-4.011,1.516,2021-06-11,16.638,16.267,25.49,16.309,1
C2967,CG2,23.422,-4.008,1.784,2022-01-01,0.0,0.0,19.186,16.309,1
C2968,CG2,23.422,-4.088,18.995,2021-07-17,10.931,27.258,24.999,16.309,1
C2970,CG2,23.424,-3.997,7.313,2021-05-30,17.393,17.065,30.647,16.309,1
C2971,CG2,23.423,-3.99,1.249,2021-05-30,17.228,17.065,27.771,16.309,1
C2973,CG2,23.423,-4.001,4.638,2021-06-11,16.305,16.267,26.424,16.309,1
C2974,CG2,23.424,-4.025,1.694,2022-10-28,0.0,0.0,17.609,16.309,1
C2976,CG2,23.426,-3.99,8.562,2021-07-29,9.182,12.194,21.083,16.309,1
C2977,CG2,23.425,-4.021,3.211,2021-08-10,8.242,11.355,20.098,16.309,1
C2978,CG2,23.425,-4.076,24.524,2021-07-29,9.736,25.323,23.32,16.309,1
C2979,CG2,23.427,-3.978,4.192,2021-05-30,16.836,17.065,24.329,16.309,1
C2980,CG2,23.427,-4.003,1.249,2021-05-06,18.867,18.613,24.45,16.309,1
C2981,CG2,23.428,-3.986,11.327,2021-05-30,17.304,17.065,21.354,16.309,1
C2982,CG2,23.428,-3.973,2.141,2021-07-05,15.194,14.516,24.951,16.309,1
C2983,CG2,23.428,-4.022,3.924,2021-06-11,14.427,29.775,25.55,16.309,1
C2984,CG2,23.429,-4.041,14.091,2021-07-17,11.05,27.258,21.95,16.309,1
C2985,CG2,23.429,-4.084,18.727,2021-09-15,6.001,17.5,23.992,16.309,1
C2986,CG2,23.429,-4.073,2.943,2022-02-18,0.0,0.0,19.139,16.309,1
C2987,CG2,23.429,-4.001,11.416,2021-05-30,18.372,17.065,23.948,16.309,1
C2988,CG2,23.431,-4.044,1.516,2021-05-30,18.569,35.161,26.296,16.309,1
C2989,CG2,23.431,-4.051,2.765,2021-09-03,7.617,19.5,21.67,16.309,1
C2990,CG2,23.431,-3.98,1.07,2021-06-23,16.595,15.467,23.492,16.309,1
C2991,CG2,23.43,-4.076,9.72,2022-01-01,0.0,0.0,22.216,16.309,1
C2992,CG2,23.432,-3.993,3.835,2022-06-18,0.0,0.0,26.982,16.309,1
C2993,CG2,23.431,-4.019,9.275,2022-01-01,0.0,0.0,23.418,16.309,1
C2994,CG2,23.431,-4.068,2.051,2021-09-15,4.613,17.5,16.423,16.309,1
C2995,CG2,23.431,-4.028,88.915,2021-10-09,4.304,12.783,20.765,16.309,1
C2996,CG2,23.433,-4.06,1.07,2022-02-06,0.0,0.0,17.847,16.309,1
C2998,CG2,23.436,-4.054,26.932,2021-07-29,8.675,25.323,22.916,16.309,1
C2999,CG2,23.434,-4.068,2.051,2022-01-01,0.0,0.0,17.812,16.309,1
C3000,CG2,23.434,-3.984,1.516,2022-06-18,0.0,0.0,18.931,16.309,1
C3001,CG2,23.433,-4.045,1.962,2022-02-18,0.0,0.0,20.755,16.309,1
C3002,CG2,23.435,-3.998,40.49,2021-06-11,18.52,32.185,23.349,16.309,1
C3003,CG2,23.434,-4.018,5.708,2021-08-10,8.382,23.387,20.325,16.309,1
C3004,CG2,23.435,-3.966,1.249,2021-06-23,16.001,15.467,22.276,16.309,1
C3005,CG2,23.435,-3.975,1.873,2021-06-23,16.649,15.467,26.036,16.309,1
C3006,CG2,23.435,-3.988,2.497,2021-07-17,12.226,20.896,17.589,16.309,1
C3007,CG2,23.434,-4.073,23.543,2022-02-18,0.0,0.0,19.453,16.309,1
C3008,CG2,23.436,-3.982,1.338,2022-07-12,0.0,0.0,21.383,16.309,1
C3009,CG2,23.436,-4.061,1.338,2022-03-14,0.0,0.0,19.385,16.309,1
C3010,CG2,23.436,-4.083,5.529,2022-03-26,0.0,0.0,21.277,16.309,1
C3011,CG2,23.438,-3.97,1.516,2021-07-05,15.095,14.541,25.27,16.309,1
C3012,CG2,23.44,-4.025,16.053,2021-09-03,8.296,19.5,21.436,16.309,1
C3013,CG2,23.439,-4.061,1.07,2021-04-12,18.163,42.4,24.243,16.309,1
C3014,CG2,23.44,-3.994,1.784,2021-09-15,5.955,17.5,27.811,16.309,1
C3015,CG2,23.439,-4.049,2.586,2021-09-15,5.036,17.5,20.951,16.309,1
C3016,CG2,23.442,-3.977,4.638,2021-03-31,24.289,44.0,22.846,16.309,1
C3017,CG2,23.44,-3.99,1.962,2022-01-01,0.0,0.0,18.184,16.309,1
C3018,CG2,23.44,-3.964,1.427,2021-06-23,17.528,20.706,24.326,16.309,1
C3019,CG2,23.44,-4.0,5.44,2021-06-23,16.966,31.167,20.657,16.309,1
C3020,CG2,23.441,-4.033,16.499,2021-09-27,4.939,15.5,19.681,16.309,1
C3021,CG2,23.443,-4.015,3.211,2022-01-01,0.0,0.0,17.847,16.309,1
C3022,CG2,23.443,-3.992,2.943,2022-05-13,0.0,0.0,21.241,16.309,1
C3023,CG2,23.444,-3.995,1.159,2022-02-06,0.0,0.0,20.324,16.309,1
C3024,CG2,23.447,-4.019,22.474,2021-09-27,6.21,15.5,21.374,16.309,1
C3025,CG2,23.446,-4.025,1.159,2021-06-11,17.627,33.167,25.143,16.309,1
C3026,CG2,23.447,-3.99,4.103,2021-06-11,18.775,33.167,21.826,16.309,1
C3027,CG2,23.447,-3.991,1.07,2021-06-11,19.835,33.167,22.416,16.309,1
C3028,CG2,23.45,-4.009,1.249,2022-01-01,0.0,0.0,21.706,16.309,1
C3029,CG2,23.455,-4.022,7.491,2022-01-01,0.0,0.0,21.643,16.309,1
C3030,CG2,23.454,-4.019,8.116,2022-01-25,0.0,0.0,22.099,16.309,1
C3031,CG2,23.457,-4.026,8.651,2021-06-11,16.478,33.167,19.216,16.309,1
C3032,CG2,23.459,-4.019,5.173,2021-07-05,14.401,29.194,23.736,16.309,1
C3033,CG2,23.464,-4.054,1.159,2022-02-18,0.0,0.0,20.989,16.309,1
C3034,CG2,23.465,-4.046,2.319,2022-02-06,0.0,0.0,17.601,16.309,1
C3035,CG2,23.465,-4.048,3.21,2021-06-23,15.334,31.167,20.831,16.309,1
C3037,CG2,23.47,-4.03,1.694,2021-05-30,18.078,35.161,25.044,16.309,1
C3038,CG2,23.471,-4.057,1.07,2022-06-18,0.0,0.0,19.901,16.309,1
C3039,CG2,23.472,-4.044,12.396,2021-09-15,6.19,17.5,21.444,16.309,1
C3041,CG2,23.476,-4.055,10.791,2021-06-06,14.368,34.0,23.727,16.309,1
C3042,CG2,23.476,-4.07,6.867,2021-01-01,28.968,59.806,17.769,16.309,1
C3043,CG2,23.477,-4.041,14.269,2021-07-29,10.831,25.323,25.11,16.309,1
C3044,CG2,23.48,-4.026,1.249,2021-05-30,17.245,35.161,26.404,16.309,1
C3045,CG2,23.479,-4.047,33.799,2021-05-13,19.25,37.903,25.183,16.309,1
C3046,CG2,23.48,-4.067,1.784,2022-05-08,0.0,0.0,19.131,16.309,1
C3047,CG2,23.482,-4.035,2.586,2022-03-14,0.0,0.0,20.91,16.309,1
C3048,CG2,23.482,-4.065,1.07,2021-10-28,4.719,10.484,14.754,16.309,0
C3049,CG2,23.482,-4.038,3.121,2021-11-21,3.579,6.5,22.398,16.309,1
C3050,CG2,23.485,-4.036,1.694,2022-03-14,0.0,0.0,22.958,16.309,1
C3051,CG2,23.484,-4.013,3.657,2021-06-11,16.612,33.167,23.199,16.309,1
C3052,CG2,23.485,-4.043,1.694,2021-10-09,4.56,13.548,21.737,16.309,1
C3053,CG2,23.485,-4.031,1.605,2021-05-01,21.0,39.839,24.768,16.309,1
C3054,CG2,23.484,-4.054,4.102,2021-10-28,4.849,10.484,20.987,16.309,1
C3055,CG2,23.487,-4.057,31.124,2021-09-15,5.632,17.5,22.902,16.309,1
C3056,CG2,23.493,-4.057,1.07,2021-11-02,5.553,9.667,21.431,16.309,1
C3057,CG2,23.503,-3.969,1.338,2021-05-30,19.843,35.161,38.821,16.309,1
C3058,CG2,23.502,-4.002,2.943,2021-07-12,14.483,28.065,21.286,16.309,1
C3059,CG2,23.506,-4.052,12.218,2021-12-15,1.548,2.581,19.498,16.309,1
C3060,CG2,23.513,-4.004,1.605,2022-06-01,0.0,0.0,17.72,16.309,1
C3061,CG2,23.513,-4.04,2.675,2021-11-02,4.781,9.667,22.587,16.309,1
C3062,CG2,23.517,-4.013,1.159,2021-05-30,18.057,35.161,26.453,16.309,1
C3063,CG2,23.52,-4.04,10.077,2022-03-09,0.0,0.0,21.814,16.309,1
C3064,CG2,23.52,-4.043,3.656,2022-06-01,0.0,0.0,20.583,16.309,1
C3065,CG2,23.522,-3.993,2.586,2021-09-22,6.238,16.333,20.246,16.309,1
C3066,CG2,23.525,-3.995,5.173,2021-06-23,16.849,31.167,22.918,16.309,1
C3067,CG2,23.525,-3.987,4.281,2022-01-08,0.0,0.0,23.261,16.309,1
C3068,CG2,23.529,-4.034,19.977,2021-04-24,20.304,40.8,22.248,16.309,1
C3069,CG2,23.53,-3.993,3.389,2021-10-21,6.086,11.613,24.457,16.309,1
C3070,CG2,23.531,-3.995,3.032,2021-07-24,13.272,26.129,24.293,16.309,1
C3071,CG2,23.534,-4.007,1.427,2021-07-17,14.186,27.258,25.964,16.309,1
C3072,CG2,23.534,-4.043,12.396,2021-07-05,12.585,29.194,20.423,16.309,1
C3073,CG2,23.533,-4.025,13.021,2021-03-14,23.956,47.29,25.755,16.309,1
C3074,CG2,23.534,-4.029,39.062,2021-03-14,23.22,47.29,25.308,16.309,1
C3075,CG2,23.535,-3.945,1.07,2021-05-30,19.129,35.161,27.146,16.309,1
C3077,CG2,23.544,-4.062,2.586,2022-01-01,0.0,0.0,22.022,16.309,1
C3078,CG2,23.546,-3.943,2.051,2022-02-01,0.0,0.0,24.647,16.309,1
C3079,CG2,23.55,-4.027,2.051,2021-06-18,15.978,32.0,20.398,16.309,1
C3080,CG2,23.552,-3.914,1.07,2021-06-11,17.44,33.167,27.277,16.309,1
C3081,CG2,23.556,-4.003,1.159,2021-05-25,19.32,35.968,34.432,16.309,1
C3082,CG2,23.557,-4.003,1.516,2021-08-05,10.355,24.194,31.36,16.309,1
C3083,CG2,23.56,-3.971,1.249,2021-05-30,19.381,35.161,29.095,16.309,1
C3084,CG2,23.568,-4.094,27.823,2021-08-29,9.512,20.323,25.621,16.309,1
C3085,CG2,23.566,-4.009,1.516,2021-09-03,5.866,19.5,23.994,16.309,1
C3086,CG2,23.566,-3.994,1.159,2022-05-13,0.0,0.0,19.316,16.309,1
C3087,CG2,23.568,-3.999,1.695,2022-05-20,0.0,0.0,24.583,16.309,1
C3088,CG2,23.573,-4.009,1.427,2022-05-13,0.0,0.0,25.031,16.309,1
C3089,CG2,23.571,-4.069,7.848,2021-06-30,18.049,30.0,26.365,16.309,1
C3090,CG2,23.574,-3.952,1.695,2021-06-06,18.246,34.0,30.599,16.309,1
C3091,CG2,23.574,-3.994,5.173,2022-01-01,0.0,0.0,21.994,16.309,1
C3092,CG2,23.573,-4.001,49.944,2021-03-26,23.39,44.968,28.554,16.309,1
C3093,CG2,23.58,-3.924,1.427,2021-06-30,12.501,30.0,22.642,16.309,1
C3094,CG2,23.582,-3.97,2.141,2021-06-18,16.85,32.0,17.89,16.309,1
C3095,CG2,23.585,-3.892,1.427,2021-05-25,19.305,35.968,37.71,16.309,1
C3096,CG2,23.598,-4.085,28.358,2021-05-30,21.609,35.161,25.689,16.309,1
C3097,CG2,23.601,-3.933,2.051,2021-09-10,5.09,18.333,17.845,16.309,1
C3098,CG2,23.625,-4.038,1.694,2021-07-29,12.898,25.323,22.94,16.309,1
C3099,CG2,23.629,-4.046,8.651,2021-10-28,4.686,10.484,22.74,16.309,1
C3100,CG2,23.634,-3.906,1.16,2021-06-11,16.722,33.167,25.713,16.309,1
C3101,CG2,23.644,-3.931,1.07,2021-04-19,20.923,41.467,24.088,16.309,1
C3102,CG2,23.647,-4.03,1.962,2021-06-11,18.566,33.167,25.276,16.309,1
C3103,CG2,23.66,-3.881,1.07,2021-06-06,15.075,34.0,24.366,16.309,1
C3104,CG2,23.669,-3.908,2.497,2021-05-06,18.864,39.032,24.457,16.309,1
C3105,CG2,23.67,-3.89,1.427,2021-06-06,18.138,34.0,28.767,16.309,1
C3106,CG2,23.696,-4.031,2.497,2021-10-28,5.049,5.29,17.229,16.309,1
C3108,CG2,23.699,-4.022,22.92,2021-04-07,23.764,22.533,24.054,16.309,1
C3110,CG2,23.701,-3.973,2.854,2021-06-30,17.113,15.0,25.977,16.309,1
C3111,CG2,23.703,-3.93,1.427,2021-12-03,3.613,4.516,18.169,16.309,1
C3112,CG2,23.704,-3.972,1.427,2022-06-01,0.0,0.0,16.832,16.309,1
C3113,CG2,23.707,-4.032,23.544,2021-05-25,39.173,18.581,22.982,16.309,1
C3114,CG2,23.704,-4.026,2.497,2021-06-30,25.391,15.0,22.464,16.309,1
C3115,CG2,23.705,-3.997,1.249,2022-05-20,0.0,0.0,14.316,16.309,0
C3116,CG2,23.708,-4.037,4.281,2022-05-20,0.0,0.0,18.162,16.309,1
C3117,CG2,23.707,-3.963,3.122,2021-03-02,53.117,25.806,32.276,16.309,1
C3118,CG2,23.709,-3.966,2.23,2021-05-25,41.237,18.581,29.841,16.309,1
C3119,CG2,23.708,-3.996,3.211,2021-09-10,11.776,9.333,21.83,16.309,1
C3120,CG2,23.71,-4.028,5.708,2021-10-28,8.358,5.29,22.329,16.309,1
C3121,CG2,23.712,-3.977,2.854,2021-12-15,2.065,1.548,20.558,16.309,1
C3122,CG2,23.711,-4.035,6.154,2021-08-17,17.285,11.355,23.897,16.309,1
C3123,CG2,23.712,-4.039,1.962,2022-05-20,0.0,0.0,19.364,16.309,1
C3124,CG2,23.712,-3.924,2.23,2021-05-13,38.772,19.742,24.233,16.309,1
C3125,CG2,23.714,-4.022,45.662,2021-09-10,14.873,9.333,23.909,16.309,1
C3126,CG2,23.712,-4.028,1.605,2021-10-04,9.49,7.613,22.28,16.309,1
C3127,CG2,23.713,-3.924,1.07,2021-05-25,38.544,18.581,19.025,16.309,1
C3128,CG2,23.715,-4.006,2.408,2021-08-17,16.148,11.355,18.616,16.309,1
C3129,CG2,23.715,-4.002,1.159,2021-10-28,8.3,5.29,20.494,16.309,1
C3131,CG2,23.717,-3.979,1.338,2021-11-09,5.551,4.4,22.178,16.309,1
C3132,CG2,23.716,-3.999,1.159,2021-10-28,8.179,5.29,23.291,16.309,1
C3134,CG2,23.716,-4.038,13.823,2021-07-24,24.946,13.452,23.942,16.309,1
C3135,CG2,23.719,-4.016,3.478,2021-10-28,12.177,5.29,24.246,16.309,1
C3136,CG2,23.721,-4.019,2.676,2021-10-28,10.9,5.29,24.023,16.309,1
C3137,CG2,23.719,-4.061,15.785,2021-07-12,26.324,14.226,21.613,16.309,1
C3138,CG2,23.724,-3.885,1.16,2021-06-06,43.139,17.4,25.427,16.309,1
C3139,CG2,23.727,-4.014,47.178,2021-09-10,14.573,9.333,23.087,16.309,1
C3140,CG2,23.73,-4.001,4.816,2021-09-10,11.59,9.333,21.276,16.309,1
C3141,CG2,23.731,-3.974,1.249,2021-10-28,9.511,5.29,19.388,16.309,1
C3142,CG2,23.733,-3.885,1.07,2021-05-13,44.87,19.742,26.082,16.309,1
C3143,CG2,23.736,-3.963,1.249,2021-06-30,31.57,15.0,35.917,16.309,1
C3144,CG2,23.736,-3.983,3.032,2021-07-24,24.847,13.452,24.361,16.309,1
C3145,CG2,23.736,-4.009,5.619,2021-05-13,46.471,19.742,33.455,16.309,1
C3147,CG2,23.738,-3.999,4.816,2021-10-28,8.415,5.29,19.705,16.309,1
C3148,CG2,23.74,-3.87,1.338,2021-10-28,10.081,5.29,20.351,16.309,1
C3149,CG2,23.74,-3.996,3.746,2021-08-05,23.479,12.516,24.015,16.309,1
C3150,CG2,23.741,-3.875,3.122,2021-10-28,9.461,5.29,17.408,16.309,1
C3151,CG2,23.741,-4.0,5.619,2021-09-10,14.282,9.333,21.156,16.309,1
C3152,CG2,23.743,-4.004,2.051,2021-10-28,12.194,5.29,22.711,16.309,1
C3153,CG2,23.744,-4.007,3.835,2021-08-05,23.437,12.516,26.706,16.309,1
C3154,CG2,23.744,-4.019,15.875,2021-08-05,23.116,12.516,23.45,16.309,1
C3155,CG2,23.747,-4.013,3.567,2021-10-28,8.194,5.29,22.828,16.309,1
C3156,CG2,23.747,-4.008,1.873,2021-10-28,11.463,5.29,24.377,16.309,1
C3158,CG2,23.75,-3.995,3.924,2021-09-22,14.199,8.533,29.082,16.309,1
C3159,CG2,23.752,-3.996,1.427,2021-09-22,14.481,8.533,29.585,16.309,1
C3160,CG2,23.757,-3.97,2.319,2021-08-17,18.184,11.355,23.929,16.309,1
C3161,CG2,23.756,-4.034,8.116,2021-06-06,37.613,17.4,21.088,16.309,1
C3162,CG2,23.757,-4.019,1.962,2021-06-06,39.057,17.4,21.291,16.309,1
C3163,CG2,23.757,-4.038,13.021,2021-06-18,35.807,16.2,25.724,16.309,1
C3164,CG2,23.758,-4.031,1.159,2021-06-18,35.423,16.2,17.687,16.309,1
C3165,CG2,23.758,-3.953,1.427,2022-03-09,0.0,0.0,23.677,16.309,1
C3166,CG2,23.759,-4.015,2.14,2021-10-04,10.384,7.613,27.459,16.309,1
C3167,CG2,23.76,-4.03,2.765,2021-05-13,41.567,19.742,23.509,16.309,1
C3168,CG2,23.761,-4.029,3.032,2021-05-25,40.119,18.581,28.105,16.309,1
C3169,CG2,23.761,-4.026,5.529,2021-06-06,38.453,17.4,29.605,16.309,1
C3170,CG2,23.762,-4.019,1.159,2022-06-01,0.0,0.0,27.558,16.309,1
C3171,CG2,23.761,-4.034,10.256,2021-06-30,27.305,15.0,23.387,16.309,1
C3172,CG2,23.764,-4.04,5.886,2021-10-28,8.865,5.29,21.969,16.309,1
C3173,CG2,23.765,-3.89,2.587,2021-06-06,38.401,17.4,23.541,16.309,1
C3174,CG2,23.766,-4.043,4.102,2021-10-28,7.633,5.29,17.569,16.309,1
C3175,CG2,23.767,-4.041,2.675,2022-05-20,0.0,0.0,20.115,16.309,1
C3176,CG2,23.767,-3.991,1.159,2021-05-25,44.613,18.581,30.331,16.309,1
C3177,CG2,23.771,-4.023,1.605,2021-06-18,34.535,16.2,21.041,16.309,1
C3178,CG2,23.771,-3.877,1.695,2021-08-05,20.555,12.516,20.733,16.309,1
C3179,CG2,23.771,-4.028,1.159,2022-05-20,0.0,0.0,15.389,16.309,0
C3180,CG2,23.771,-3.957,1.338,2021-11-09,8.55,4.4,19.889,16.309,1
C3181,CG2,23.776,-4.025,13.556,2021-06-06,36.415,17.4,23.883,16.309,1
C3183,CG2,23.779,-3.885,1.16,2021-05-01,48.25,20.903,27.525,16.309,1
C3185,CG2,23.781,-4.018,1.873,2021-06-18,34.438,16.2,23.336,16.309,1
C3186,CG2,23.781,-3.884,1.427,2021-06-06,40.146,17.4,28.546,16.309,1
C3188,CG2,23.784,-4.038,12.753,2021-08-05,18.261,12.516,23.261,16.309,1
C3189,CG2,23.784,-4.025,1.605,2021-06-18,36.0,16.2,21.381,16.309,1
C3190,CG2,23.788,-4.037,6.867,2021-07-12,24.65,14.226,25.474,16.309,1
C3191,CG2,23.789,-4.045,2.051,2021-06-18,24.975,16.2,17.308,16.309,1
C3192,CG2,23.788,-4.032,32.908,2021-06-18,27.605,16.2,25.259,16.309,1
C3193,CG2,23.79,-4.042,12.931,2021-10-28,4.245,5.29,23.727,16.309,1
C3194,CG2,23.793,-4.025,1.338,2021-06-18,18.562,16.2,27.765,16.309,1
C3195,CG2,23.793,-4.032,1.873,2021-07-12,14.403,14.226,17.414,16.309,1
C3196,CG2,23.794,-4.027,1.249,2021-05-13,22.265,19.742,31.139,16.309,1
C3199,CG2,23.807,-4.017,2.586,2021-04-19,22.506,21.733,26.322,16.309,1
C3200,CG2,23.81,-4.024,1.516,2022-05-08,0.0,0.0,15.247,16.309,0
C3201,CG2,23.812,-4.029,3.656,2021-06-06,21.076,17.4,24.386,16.309,1
C3203,CG2,23.817,-4.033,2.319,2021-05-25,22.01,18.581,19.188,16.309,1
C3204,CG2,23.818,-4.032,1.249,2021-05-25,22.387,18.581,22.433,16.309,1
C3205,CG2,23.821,-4.031,11.772,2021-05-25,21.866,18.581,21.443,16.309,1
C3206,CG2,23.821,-4.011,1.516,2021-05-13,20.708,19.742,26.342,16.309,1
C3207,CG2,23.821,-3.901,1.873,2021-06-06,19.718,17.4,29.401,16.309,1
C3208,CG2,23.822,-3.896,1.16,2021-06-06,18.127,17.4,31.631,16.309,1
C3209,CG2,23.822,-4.013,2.051,2021-05-13,22.161,19.742,26.939,16.309,1
C3210,CG2,23.822,-4.016,1.516,2021-04-19,21.551,21.733,32.317,16.309,1
C3211,CG2,23.824,-4.027,1.338,2022-06-01,0.0,0.0,19.639,16.309,1
C3212,CG2,23.828,-3.906,1.873,2021-07-12,12.749,14.226,37.968,16.309,1
C3213,CG2,23.829,-4.004,2.854,2021-06-06,19.375,17.4,27.797,16.309,1
C3214,CG2,23.83,-3.997,3.924,2021-06-18,17.523,16.2,31.679,16.309,1
C3215,CG2,23.83,-4.005,1.962,2022-08-12,0.0,0.0,26.313,16.309,1
C3216,CG2,23.83,-4.028,1.516,2021-05-13,20.269,19.742,24.941,16.309,1
C3217,CG2,23.831,-4.003,1.427,2021-06-06,19.246,17.4,30.507,16.309,1
C3218,CG2,23.83,-4.012,2.765,2021-06-06,18.143,17.4,22.588,16.309,1
C3219,CG2,23.831,-4.013,1.784,2021-05-25,20.15,18.581,23.982,16.309,1
C3220,CG2,23.833,-4.003,2.497,2021-05-01,23.612,20.903,26.2,16.309,1
C3221,CG2,23.834,-4.011,1.516,2021-05-13,23.33,19.742,26.909,16.309,1
C3222,CG2,23.835,-3.997,1.249,2021-05-13,21.694,19.742,33.55,16.309,1
C3223,CG2,23.835,-4.006,1.427,2021-05-25,20.556,18.581,25.487,16.309,1
C3224,CG2,23.837,-3.998,2.408,2021-06-30,15.459,15.0,37.855,16.309,1
C3225,CG2,23.837,-4.002,2.765,2021-04-19,24.84,21.733,29.928,16.309,1
C3226,CG2,23.839,-4.056,1.962,2021-06-06,18.433,17.4,30.362,16.309,1
C3227,CG2,23.839,-3.993,2.765,2021-05-25,20.715,18.581,39.765,16.309,1
C3228,CG2,23.84,-3.881,1.07,2021-05-01,18.854,20.903,23.151,16.309,1
C3229,CG2,23.843,-3.886,1.07,2021-10-28,4.432,5.29,20.101,16.309,1
C3230,CG2,23.843,-3.876,1.606,2021-06-06,16.418,17.4,22.882,16.309,1
C3231,CG2,23.844,-3.985,2.14,2021-06-18,15.657,16.2,24.446,16.309,1
C3232,CG2,23.844,-4.056,1.249,2021-06-18,17.159,16.2,24.483,16.309,1
C3233,CG2,23.846,-3.889,1.16,2021-06-06,17.989,17.4,17.731,16.309,1
C3234,CG2,23.846,-4.025,1.427,2021-06-06,19.062,17.4,24.873,16.309,1
C3235,CG2,23.847,-4.05,5.708,2021-04-19,22.266,21.733,36.311,16.309,1
C3236,CG2,23.847,-4.058,3.121,2021-04-07,23.977,22.533,35.784,16.309,1
C3237,CG2,23.848,-4.006,1.784,2021-06-06,16.92,17.4,31.051,16.309,1
C3238,CG2,23.848,-4.034,1.694,2021-05-25,20.929,18.581,37.122,16.309,1
C3239,CG2,23.849,-3.874,1.07,2021-12-27,0.258,0.387,18.122,16.309,1
C3240,CG2,23.849,-4.044,3.3,2021-03-26,22.336,23.484,36.01,16.309,1
C3241,CG2,23.852,-3.87,1.07,2021-03-26,21.725,23.484,27.515,16.309,1
C3242,CG2,23.852,-3.89,1.249,2021-08-05,8.779,12.516,20.557,16.309,1
C3243,CG2,23.852,-4.01,1.695,2021-12-27,0.387,0.387,20.141,16.309,1
C3244,CG2,23.853,-4.015,1.249,2021-06-06,18.378,17.4,27.517,16.309,1
C3245,CG2,23.852,-4.057,16.677,2021-03-26,23.629,23.484,30.357,16.309,1
C3246,CG2,23.853,-4.04,1.07,2021-05-25,19.645,18.581,36.757,16.309,1
C3247,CG2,23.852,-3.878,3.746,2021-06-30,13.664,15.0,23.322,16.309,1
C3249,CG2,23.855,-4.06,1.605,2021-12-15,1.032,1.548,19.292,16.309,1
C3250,CG2,23.855,-4.009,4.281,2022-04-26,0.0,0.0,21.95,16.309,1
C3251,CG2,23.855,-3.891,1.249,2021-12-03,2.109,2.71,18.345,16.309,1
C3252,CG2,23.855,-4.034,2.051,2021-07-12,13.895,14.226,21.15,16.309,1
C3253,CG2,23.855,-4.016,2.14,2021-06-18,15.709,16.2,21.414,16.309,1
C3254,CG2,23.856,-4.047,1.784,2021-05-01,20.914,20.903,28.863,16.309,1
C3255,CG2,23.856,-4.05,2.497,2021-05-13,18.983,19.742,38.308,16.309,1
C3256,CG2,23.856,-4.036,1.873,2021-06-18,16.882,16.2,33.371,16.309,1
C3257,CG2,23.857,-4.01,1.784,2021-06-18,15.321,16.2,30.502,16.309,1
C3258,CG2,23.857,-4.014,2.765,2021-06-18,15.606,16.2,24.355,16.309,1
C3259,CG2,23.858,-4.036,1.338,2021-07-24,12.176,13.452,21.269,16.309,1
C3260,CG2,23.858,-4.055,5.44,2021-08-29,6.067,10.194,18.398,16.309,1
C3261,CG2,23.858,-4.051,2.23,2021-05-13,22.939,19.742,36.629,16.309,1
C3263,CG2,23.859,-3.903,2.319,2021-05-13,17.746,19.742,28.999,16.309,1
C3264,CG2,23.861,-3.884,6.511,2021-08-29,6.325,10.194,19.92,16.309,1
C3266,CG2,23.861,-4.069,237.214,2021-05-13,20.208,19.742,25.121,16.309,1
C3267,CG2,23.861,-4.049,1.159,2021-05-13,22.212,19.742,22.858,16.309,1
C3268,CG2,23.861,-4.043,21.582,2021-04-07,21.278,22.533,37.438,16.309,1
C3270,CG2,23.862,-3.883,2.498,2021-08-05,8.701,12.516,22.313,16.309,1
C3271,CG2,23.862,-4.055,1.427,2021-05-01,21.113,20.903,30.641,16.309,1
C3272,CG2,23.864,-4.026,2.854,2021-08-17,9.915,11.355,22.9,16.309,1
C3273,CG2,23.864,-3.885,1.249,2021-08-05,9.681,12.516,19.48,16.309,1
C3274,CG2,23.865,-4.018,1.249,2021-10-28,5.041,5.29,22.55,16.309,1
C3276,CG2,23.866,-4.053,1.962,2021-05-01,21.921,20.903,33.524,16.309,1
C3277,CG2,23.867,-4.025,1.427,2021-10-28,4.243,5.29,21.704,16.309,1
C3278,CG2,23.867,-4.042,1.427,2021-05-13,20.322,19.742,35.108,16.309,1
C3279,CG2,23.867,-4.044,1.605,2021-07-24,11.975,13.452,25.202,16.309,1
C3280,CG2,23.869,-4.057,2.051,2021-06-18,15.953,16.2,21.408,16.309,1
C3281,CG2,23.87,-4.028,3.656,2021-11-09,4.4,4.4,24.601,16.309,1
C3282,CG2,23.871,-4.061,2.319,2021-10-28,4.273,5.29,21.366,16.309,1
C3283,CG2,23.871,-4.063,1.873,2021-05-01,19.778,20.903,29.21,16.309,1
C3284,CG2,23.872,-4.037,2.586,2021-05-13,20.285,19.742,35.51,16.309,1
C3285,CG2,23.874,-4.058,5.083,2021-05-13,19.171,19.742,29.023,16.309,1
C3286,CG2,23.873,-4.053,1.427,2021-06-06,17.823,17.4,28.436,16.309,1
C3287,CG2,23.874,-4.04,2.497,2021-04-07,20.996,22.533,30.668,16.309,1
C3288,CG2,23.874,-4.034,1.694,2021-04-19,22.079,21.733,38.637,16.309,1
C3289,CG2,23.876,-4.054,1.249,2021-05-13,21.513,19.742,30.365,16.309,1
C3290,CG2,23.876,-4.037,4.013,2021-05-13,20.568,19.742,38.11,16.309,1
C3291,CG2,23.876,-3.896,2.141,2021-08-29,5.714,10.194,20.224,16.309,1
C3292,CG2,23.877,-4.039,2.051,2021-04-07,20.748,22.533,36.703,16.309,1
C3293,CG2,23.879,-4.081,21.938,2021-08-05,11.094,12.516,25.637,16.309,1
C3294,CG2,23.88,-4.067,3.21,2021-10-28,4.071,5.29,17.978,16.309,1
C3295,CG2,23.88,-4.065,2.854,2021-05-25,19.871,18.581,25.001,16.309,1
C3296,CG2,23.882,-4.085,5.44,2021-08-17,9.146,11.355,25.366,16.309,1
C3297,CG2,23.882,-4.062,1.07,2021-11-09,4.212,4.4,14.873,16.309,0
C3298,CG2,23.883,-4.01,2.943,2021-08-17,8.194,11.355,22.023,16.309,1
C3299,CG2,23.882,-4.025,3.835,2021-11-09,4.4,4.4,22.46,16.309,1
C3300,CG2,23.884,-4.02,2.586,2021-06-06,19.224,17.4,20.061,16.309,1
C3301,CG2,23.883,-4.017,9.989,2021-07-12,13.301,14.226,24.107,16.309,1
C3302,CG2,23.885,-4.024,2.051,2021-04-19,23.863,21.733,30.166,16.309,1
C3303,CG2,23.885,-4.043,1.249,2021-04-19,25.0,21.733,28.085,16.309,1
C3304,CG2,23.885,-4.012,1.338,2021-05-25,18.935,18.581,31.172,16.309,1
C3305,CG2,23.885,-4.036,4.192,2021-04-07,24.049,22.533,32.443,16.309,1
C3306,CG2,23.888,-3.997,1.784,2021-07-24,9.975,13.452,26.45,16.309,1
C3307,CG2,23.889,-4.03,1.07,2021-05-13,22.431,19.742,30.206,16.309,1
C3308,CG2,23.888,-4.069,6.421,2021-03-14,22.391,24.645,21.89,16.309,1
C3309,CG2,23.89,-4.056,1.159,2021-05-13,20.813,19.742,32.688,16.309,1
C3310,CG2,23.891,-4.026,1.338,2021-04-07,23.03,22.533,36.081,16.309,1
C3311,CG2,23.892,-4.031,1.159,2021-04-07,23.875,22.533,37.761,16.309,1
C3312,CG2,23.892,-4.019,1.07,2021-05-25,19.945,18.581,21.5,16.309,1
C3313,CG2,23.891,-4.004,5.44,2021-06-18,15.678,16.2,22.236,16.309,1
C3315,CG2,23.894,-3.989,2.497,2021-09-22,4.955,8.533,27.033,16.309,1
C3316,CG2,23.893,-4.048,2.319,2021-05-01,19.877,20.903,31.879,16.309,1
C3317,CG2,23.894,-4.036,1.962,2021-05-13,22.613,19.742,30.793,16.309,1
C3318,CG2,23.896,-3.993,5.708,2021-08-17,9.621,11.355,25.173,16.309,1
C3319,CG2,23.894,-4.025,3.567,2021-03-26,23.182,23.484,36.204,16.309,1
C3320,CG2,23.894,-3.997,2.14,2021-09-22,6.302,8.533,21.788,16.309,1
C3321,CG2,23.895,-4.009,1.159,2022-01-20,0.0,0.0,19.078,16.309,1
C3322,CG2,23.893,-4.009,12.397,2021-04-07,24.347,22.533,21.962,16.309,1
C3323,CG2,23.897,-4.035,1.249,2021-04-19,24.807,21.733,30.184,16.309,1
C3324,CG2,23.898,-4.002,1.873,2021-10-28,4.044,5.29,19.424,16.309,1
C3325,CG2,23.898,-4.021,9.543,2021-07-12,13.457,14.226,22.102,16.309,1
C3326,CG2,23.898,-4.011,9.632,2021-10-04,5.641,7.613,21.688,16.309,1
C3327,CG2,23.901,-3.929,1.516,2021-04-19,22.525,21.733,28.231,16.309,1
C3328,CG2,23.9,-4.003,4.727,2021-06-18,15.911,16.2,19.078,16.309,1
C3329,CG2,23.903,-4.014,72.863,2021-05-01,22.465,20.903,23.766,16.309,1
C3330,CG2,23.901,-4.022,1.873,2021-10-16,5.003,6.452,20.197,16.309,1
C3332,CG2,23.904,-3.997,2.943,2021-09-10,5.079,9.333,19.325,16.309,1
C3333,CG2,23.906,-3.996,3.032,2021-06-18,14.842,16.2,21.732,16.309,1
C3334,CG2,23.906,-4.017,5.619,2021-08-29,8.601,10.194,21.197,16.309,1
C3335,CG2,23.905,-4.041,3.656,2022-05-08,0.0,0.0,21.268,16.309,1
C3336,CG2,23.904,-4.001,3.389,2021-08-17,8.183,11.355,20.773,16.309,1
C3338,CG2,23.909,-4.043,6.243,2021-10-28,4.196,5.29,21.524,16.309,1
C3339,CG2,23.909,-4.01,4.459,2021-05-13,23.144,19.742,22.051,16.309,1
C3340,CG2,23.912,-3.995,1.338,2021-07-12,11.531,14.226,27.931,16.309,1
C3341,CG2,23.915,-4.0,1.605,2021-05-25,20.611,18.581,40.614,16.309,1
C3342,CG2,23.915,-4.077,18.014,2021-04-07,21.514,22.533,21.267,16.309,1
C3343,CG2,23.917,-4.007,1.605,2021-08-29,8.907,10.194,21.853,16.309,1
C3345,CG2,23.916,-4.002,1.338,2021-07-12,13.584,14.226,19.463,16.309,1
C3346,CG2,23.919,-4.077,1.07,2021-08-05,8.935,12.516,18.425,16.309,1
C3347,CG2,23.919,-4.079,2.319,2022-05-20,0.0,0.0,21.036,16.309,1
C3348,CG2,23.919,-4.028,1.159,2021-12-15,1.548,1.548,21.907,16.309,1
C3349,CG2,23.92,-4.035,17.39,2021-05-13,21.405,19.742,21.161,16.309,1
C3350,CG2,23.922,-4.048,2.854,2021-05-13,21.486,19.742,35.242,16.309,1
C3351,CG2,23.923,-4.031,1.784,2021-10-16,4.517,6.452,19.164,16.309,1
C3352,CG2,23.923,-4.068,3.745,2021-03-26,24.714,23.484,40.913,16.309,1
C3353,CG2,23.923,-3.974,1.249,2021-07-24,12.582,13.452,19.53,16.309,1
C3354,CG2,23.925,-4.071,1.516,2021-03-26,23.439,23.484,26.407,16.309,1
C3355,CG2,23.924,-4.086,2.229,2021-05-25,19.138,18.581,27.768,16.309,1
C3356,CG2,23.925,-4.031,1.784,2021-08-29,8.131,10.194,21.003,16.309,1
C3357,CG2,23.925,-4.085,1.694,2021-05-01,21.516,20.903,33.221,16.309,1
C3358,CG2,23.926,-4.001,1.159,2021-07-12,14.69,14.226,24.031,16.309,1
C3359,CG2,23.927,-4.03,1.07,2021-11-09,3.662,4.4,17.486,16.309,1
C3360,CG2,23.926,-4.073,1.427,2021-04-07,23.469,22.533,31.423,16.309,1
C3361,CG2,23.928,-4.092,1.07,2021-05-01,22.773,20.903,26.294,16.309,1
C3362,CG2,23.929,-4.081,1.159,2021-06-18,16.959,16.2,25.93,16.309,1
C3363,CG2,23.93,-4.039,1.427,2021-10-28,5.097,5.29,20.866,16.309,1
C3364,CG2,23.929,-4.074,2.229,2021-05-01,23.184,20.903,36.196,16.309,1
C3365,CG2,23.93,-4.006,1.516,2021-05-01,23.958,20.903,25.006,16.309,1
C3366,CG2,23.93,-4.015,3.211,2021-07-12,15.256,14.226,29.272,16.309,1
C3367,CG2,23.933,-4.024,6.064,2021-05-25,19.651,18.581,26.825,16.309,1
C3368,CG2,23.933,-3.89,4.014,2021-05-01,20.048,20.903,26.04,16.309,1
C3369,CG2,23.933,-4.018,1.784,2021-06-18,16.261,16.2,36.51,16.309,1
C3370,CG2,23.933,-4.029,2.675,2021-05-13,20.432,19.742,21.143,16.309,1
C3371,CG2,23.933,-4.02,2.676,2021-07-24,11.797,13.452,28.799,16.309,1
C3372,CG2,23.933,-4.081,1.962,2021-03-26,25.762,23.484,37.642,16.309,1
C3373,CG2,23.933,-4.093,7.402,2021-03-14,23.908,24.645,35.064,16.309,1
C3374,CG2,23.935,-4.034,5.708,2021-08-17,9.565,11.355,22.331,16.309,1
C3375,CG2,23.935,-4.091,1.248,2021-05-01,21.894,20.903,28.752,16.309,1
C3376,CG2,23.935,-3.995,1.249,2021-12-27,0.288,0.387,23.349,16.309,1
C3377,CG2,23.937,-3.892,6.422,2021-06-06,17.915,17.4,25.617,16.309,1
C3378,CG2,23.936,-4.068,1.605,2021-05-13,21.061,19.742,40.536,16.309,1
C3379,CG2,23.936,-4.089,2.14,2021-05-25,21.218,18.581,34.499,16.309,1
C3380,CG2,23.933,-4.04,17.034,2021-04-07,23.421,22.533,25.315,16.309,1
C3381,CG2,23.936,-4.007,5.529,2021-07-12,12.826,14.226,26.136,16.309,1
C3382,CG2,23.936,-4.015,6.065,2021-08-05,9.873,12.516,22.114,16.309,1
C3383,CG2,23.937,-4.08,1.605,2021-04-19,24.246,21.733,37.247,16.309,1
C3384,CG2,23.938,-4.069,1.427,2021-06-30,14.492,15.0,34.517,16.309,1
C3385,CG2,23.938,-4.011,1.873,2021-06-18,16.833,16.2,24.592,16.309,1
C3386,CG2,23.938,-4.072,1.427,2021-06-18,17.553,16.2,27.011,16.309,1
C3387,CG2,23.939,-4.033,9.632,2021-08-05,10.696,12.516,24.325,16.309,1
C3389,CG2,23.939,-4.029,1.516,2021-08-05,11.323,12.516,25.086,16.309,1
C3391,CG2,23.939,-4.004,2.051,2021-05-13,20.896,19.742,30.197,16.309,1
C3392,CG2,23.942,-4.004,1.605,2021-10-04,6.319,7.613,21.768,16.309,1
C3393,CG2,23.941,-4.077,2.051,2021-06-30,14.821,15.0,24.511,16.309,1
C3394,CG2,23.942,-4.011,3.3,2021-06-30,13.887,15.0,23.248,16.309,1
C3395,CG2,23.942,-4.018,1.159,2021-07-12,13.125,14.226,28.419,16.309,1
C3396,CG2,23.944,-4.023,3.835,2021-06-30,13.088,15.0,25.878,16.309,1
C3397,CG2,23.942,-4.026,3.389,2021-08-17,8.969,11.355,24.41,16.309,1
C3398,CG2,23.944,-4.003,1.159,2021-12-15,1.032,1.548,20.911,16.309,1
C3399,CG2,23.946,-4.021,1.694,2021-10-04,4.153,7.613,26.412,16.309,1
C3400,CG2,23.944,-4.033,31.392,2021-05-25,18.418,18.581,22.896,16.309,1
C3401,CG2,23.946,-3.878,6.244,2021-05-01,23.333,20.903,26.929,16.309,1
C3402,CG2,23.946,-3.875,1.695,2021-06-18,17.721,16.2,23.943,16.309,1
C3403,CG2,23.946,-3.884,1.784,2022-06-01,0.0,0.0,23.027,16.309,1
C3404,CG2,23.947,-4.036,2.14,2021-10-16,3.178,6.452,22.899,16.309,1
C3405,CG2,23.947,-4.054,1.694,2021-05-13,19.538,19.742,33.997,16.309,1
C3406,CG2,23.947,-4.056,1.159,2021-05-13,19.921,19.742,35.805,16.309,1
C3407,CG2,23.948,-3.882,1.962,2021-05-13,21.082,19.742,22.042,16.309,1
C3408,CG2,23.948,-3.897,1.338,2021-08-05,10.198,12.516,26.211,16.309,1
C3409,CG2,23.948,-4.027,3.121,2021-07-24,11.973,13.452,22.831,16.309,1
C3410,CG2,23.949,-4.006,4.192,2021-08-05,9.787,12.516,20.402,16.309,1
C3411,CG2,23.949,-4.028,2.854,2021-08-17,9.352,11.355,21.024,16.309,1
C3412,CG2,23.949,-4.058,1.962,2021-05-25,17.23,18.581,33.935,16.309,1
C3413,CG2,23.95,-3.895,1.07,2021-12-03,0.986,2.71,23.85,16.309,1
C3415,CG2,23.951,-4.045,1.427,2021-05-25,19.576,18.581,34.858,16.309,1
C3416,CG2,23.952,-4.029,1.962,2021-10-28,4.678,5.29,19.238,16.309,1
C3417,CG2,23.952,-4.064,1.516,2021-06-18,15.995,16.2,29.932,16.309,1
C3418,CG2,23.952,-3.993,2.051,2021-05-13,20.652,19.742,24.104,16.309,1
C3419,CG2,23.954,-4.061,1.605,2021-04-19,20.11,21.733,32.395,16.309,1
C3420,CG2,23.954,-3.968,1.07,2021-06-18,15.783,16.2,29.728,16.309,1
C3421,CG2,23.956,-4.007,1.07,2021-10-28,2.592,5.29,19.542,16.309,1
C3422,CG2,23.955,-3.988,4.103,2021-07-24,10.457,13.452,22.735,16.309,1
C3423,CG2,23.956,-4.003,3.657,2021-04-19,22.0,21.733,36.516,16.309,1
C3424,CG2,23.958,-3.992,2.14,2021-12-15,0.708,1.548,16.232,16.309,0
C3425,CG2,23.96,-4.002,1.427,2021-05-25,18.281,18.581,30.967,16.309,1
C3427,CG2,23.963,-3.887,4.638,2021-06-30,13.896,15.0,29.362,16.309,1
C3428,CG2,23.962,-3.884,2.23,2021-02-18,26.808,26.714,32.368,16.309,1
C3429,CG2,23.963,-3.877,2.23,2021-07-12,13.808,14.226,28.377,16.309,1
C3430,CG2,23.964,-3.977,2.23,2021-08-05,11.051,12.516,25.253,16.309,1
C3431,CG2,23.964,-4.063,1.427,2021-05-25,18.41,18.581,38.973,16.309,1
C3432,CG2,23.964,-3.891,3.835,2021-07-12,12.799,14.226,32.405,16.309,1
C3433,CG2,23.965,-3.871,1.606,2021-08-05,6.713,12.516,22.849,16.309,1
C3434,CG2,23.964,-3.872,1.16,2021-07-12,10.602,14.226,29.865,16.309,1
C3435,CG2,23.964,-3.894,4.281,2021-08-05,10.071,12.516,26.256,16.309,1
C3436,CG2,23.966,-3.886,4.371,2021-04-07,22.083,22.533,27.053,16.309,1
C3437,CG2,23.965,-3.981,2.943,2021-10-04,4.46,7.613,24.926,16.309,1
C3438,CG2,23.965,-3.879,1.606,2021-06-06,18.757,17.4,31.275,16.309,1
C3439,CG2,23.966,-3.876,2.676,2021-05-01,20.711,20.903,32.695,16.309,1
C3440,CG2,23.966,-3.891,3.122,2021-05-25,17.243,18.581,27.418,16.309,1
C3441,CG2,23.967,-3.975,2.051,2021-09-22,5.2,8.533,27.941,16.309,1
C3442,CG2,23.966,-4.089,1.427,2021-02-06,25.664,27.571,29.792,16.309,1
C3443,CG2,23.967,-3.875,1.695,2021-08-29,5.337,10.194,24.172,16.309,1
C3444,CG2,23.966,-3.899,1.338,2021-06-18,16.556,16.2,25.534,16.309,1
C3445,CG2,23.967,-3.981,1.873,2021-07-12,14.266,14.226,25.212,16.309,1
C3446,CG2,23.967,-3.977,1.605,2021-09-22,4.8,8.533,27.807,16.309,1
C3448,CG2,23.971,-3.998,1.07,2021-05-13,18.921,19.742,40.794,16.309,1
C3449,CG2,23.973,-3.973,3.478,2021-12-15,0.757,1.548,27.64,16.309,1
C3450,CG2,23.972,-4.068,1.248,2021-06-30,14.164,15.0,23.977,16.309,1
C3451,CG2,23.973,-4.013,1.427,2022-07-07,0.0,0.0,20.304,16.309,1
C3452,CG2,23.974,-4.062,2.319,2021-08-29,7.25,10.194,26.305,16.309,1
C3453,CG2,23.976,-4.062,2.943,2021-06-18,15.702,16.2,25.972,16.309,1
C3454,CG2,23.979,-3.872,1.516,2021-07-12,10.48,14.226,21.607,16.309,1
C3455,CG2,23.983,-3.872,1.873,2021-06-06,15.324,17.4,27.548,16.309,1
C3456,CG2,23.983,-3.892,2.052,2021-04-07,22.522,22.533,30.965,16.309,1
C3457,CG2,23.992,-3.871,4.817,2021-05-13,20.197,19.742,23.052,16.309,1
C3458,CG2,23.993,-4.037,1.249,2021-05-13,20.652,19.742,39.202,16.309,1
C3459,CG2,23.996,-4.092,1.159,2021-06-18,17.717,16.2,28.126,16.309,1
C3460,CG2,24.013,-3.998,3.122,2021-05-25,22.644,18.581,38.85,16.309,1
C3462,CG2,24.017,-3.999,1.249,2021-05-01,24.975,20.903,38.177,16.309,1
C3463,CG2,24.019,-3.996,1.784,2021-07-12,14.559,14.226,34.435,16.309,1
C3465,CG2,24.02,-4.0,1.249,2021-06-18,18.35,16.2,39.201,16.309,1
C3466,CG2,24.019,-4.005,2.23,2021-06-30,16.27,15.0,38.697,16.309,1
C3467,CG2,24.024,-3.991,1.07,2021-06-18,19.549,16.2,39.42,16.309,1
C3468,CG2,24.026,-3.992,1.338,2021-07-12,15.604,14.226,42.42,16.309,1
C3469,CG2,24.029,-3.968,1.695,2021-07-24,11.095,13.452,23.576,16.309,1
C3470,CG2,24.03,-3.966,1.338,2021-07-24,10.756,13.452,23.094,16.309,1
C3471,CG2,24.03,-4.069,1.159,2021-06-30,13.143,15.0,26.506,16.309,1
C3472,CG2,24.03,-3.996,2.319,2021-05-01,24.275,20.903,45.148,16.309,1
C3473,CG2,24.032,-3.961,1.605,2022-01-08,0.0,0.0,24.693,16.309,1
C3474,CG2,24.036,-4.015,1.249,2021-06-18,16.164,16.2,32.767,16.309,1
C3476,CG2,24.039,-4.082,1.159,2021-10-16,4.407,6.452,24.677,16.309,1
C3477,CG2,24.039,-4.086,1.605,2021-11-09,3.7,4.4,33.357,16.309,1
C3478,CG2,24.042,-4.085,3.745,2021-12-03,1.883,2.71,25.31,16.309,1
C3479,CG2,24.043,-4.025,1.338,2021-12-03,2.71,2.71,23.905,16.309,1
C3480,CG2,24.044,-4.085,1.873,2022-03-09,0.0,0.0,22.69,16.309,1
C3481,CG2,24.046,-4.094,4.013,2021-11-09,3.556,4.4,29.134,16.309,1
C3482,CG2,24.049,-4.083,1.516,2022-05-08,0.0,0.0,26.706,16.309,1
C3483,CG2,24.048,-4.085,6.421,2021-07-12,11.055,14.226,27.604,16.309,1
C3485,CG2,24.049,-4.092,2.943,2021-11-09,3.339,4.4,26.094,16.309,1
C3486,CG2,24.05,-4.076,1.516,2021-08-05,9.703,12.516,34.491,16.309,1
C3487,CG2,24.052,-4.076,1.338,2021-06-30,14.0,15.0,29.193,16.309,1
C3489,CG2,24.051,-3.978,3.835,2021-06-06,19.322,17.4,32.303,16.309,1
C3491,CG2,24.055,-4.093,1.873,2021-12-03,1.806,2.71,26.748,16.309,1
C3493,CG2,24.056,-4.08,6.51,2021-03-02,22.271,25.806,32.969,16.309,1
C3494,CG2,24.058,-4.061,2.675,2021-05-13,18.845,19.742,32.947,16.309,1
C3495,CG2,24.058,-4.074,1.873,2021-08-17,8.566,11.355,22.919,16.309,1
C3496,CG2,24.063,-4.018,1.159,2021-10-28,5.19,5.29,29.984,16.309,1
C3497,CG2,24.063,-4.089,1.694,2022-10-11,0.0,0.0,31.585,16.309,1
C3498,CG2,24.063,-3.901,2.676,2021-06-06,18.271,17.4,34.207,16.309,1
C3499,CG2,24.064,-3.887,1.249,2021-07-24,12.232,13.452,33.369,16.309,1
C3502,CG2,24.065,-4.085,3.121,2021-06-30,13.909,15.0,29.057,16.309,1
C3503,CG2,24.065,-3.913,2.943,2021-12-15,0.864,1.548,30.854,16.309,1
C3505,CG2,24.067,-4.084,1.07,2021-06-18,16.313,16.2,37.525,16.309,1
C3507,CG2,24.069,-4.072,2.408,2021-10-28,5.069,5.29,23.481,16.309,1
C3509,CG2,24.071,-4.019,5.351,2021-10-28,5.1,5.29,25.222,16.309,1
C3510,CG2,24.071,-3.891,5.619,2021-08-29,9.284,10.194,28.642,16.309,1
C3511,CG2,24.071,-4.084,1.159,2021-07-24,12.677,13.452,29.647,16.309,1
C3512,CG2,24.071,-4.072,2.854,2021-05-13,21.692,19.742,31.496,16.309,1
C3513,CG2,24.071,-4.079,2.943,2021-04-07,21.751,22.533,29.067,16.309,1
C3515,CG2,24.073,-4.078,1.784,2021-05-25,20.358,18.581,32.124,16.309,1
C3518,CG2,24.077,-3.911,1.784,2021-04-07,23.703,22.533,38.629,16.309,1
C3521,CG2,24.086,-3.872,38.891,2021-07-24,11.924,13.452,34.639,16.309,1
C3524,CG2,24.084,-4.049,1.873,2021-07-12,12.675,14.226,25.486,16.309,1
C3525,CG2,24.085,-3.901,1.249,2021-11-09,2.037,4.4,30.106,16.309,1
C3526,CG2,24.087,-3.891,1.427,2021-06-18,19.121,16.2,40.443,16.309,1
C3528,CG2,24.087,-3.912,3.211,2021-08-05,12.143,12.516,34.632,16.309,1
C3529,CG2,24.089,-4.081,4.994,2021-04-19,24.285,21.733,37.553,16.309,1
C3530,CG2,24.087,-4.078,3.656,2021-07-24,13.09,13.452,28.028,16.309,1
C3531,CG2,24.088,-3.884,2.319,2021-06-18,18.712,16.2,31.868,16.309,1
C3532,CG2,24.089,-4.079,1.427,2021-07-24,13.231,13.452,26.584,16.309,1
C3533,CG2,24.09,-4.084,1.694,2021-12-03,2.669,2.71,27.443,16.309,1
C3534,CG2,24.091,-4.084,1.159,2021-05-13,22.339,19.742,30.868,16.309,1
C3536,CG2,24.094,-3.874,1.07,2021-08-17,8.136,11.355,32.058,16.309,1
C3537,CG2,24.094,-4.09,2.051,2021-06-30,16.1,15.0,31.15,16.309,1
C3538,CG2,24.095,-4.064,1.694,2022-10-11,0.0,0.0,22.581,16.309,1
C3539,CG2,24.095,-4.079,1.248,2021-08-29,7.346,10.194,33.757,16.309,1
C3541,CG2,24.1,-3.875,33.895,2021-08-17,9.117,11.355,32.599,16.309,1
C3542,CG2,24.095,-4.082,4.726,2021-05-25,20.936,18.581,33.286,16.309,1
C3543,CG2,24.098,-4.064,3.835,2021-05-25,21.159,18.581,27.047,16.309,1
C3544,CG2,24.098,-4.07,1.338,2021-08-29,6.495,10.194,29.333,16.309,1
C3545,CG2,24.098,-4.077,1.07,2021-10-28,3.571,5.29,30.877,16.309,1
C3546,CG2,24.098,-3.878,9.901,2021-08-05,10.592,12.516,32.871,16.309,1
C3549,CG2,24.102,-4.077,1.516,2021-10-28,4.932,5.29,30.838,16.309,1
C3550,CG2,24.103,-4.068,1.338,2021-06-18,16.652,16.2,35.539,16.309,1
C3551,CG2,24.105,-3.984,2.497,2021-11-09,3.142,4.4,25.89,16.309,1
C3552,CG2,24.104,-4.078,2.051,2021-10-28,4.175,5.29,31.187,16.309,1
C3553,CG2,24.106,-3.953,5.173,2021-08-05,12.395,12.516,33.822,16.309,1
C3554,CG2,24.107,-3.879,3.211,2022-04-02,0.0,0.0,28.582,16.309,1
C3556,CG2,24.107,-4.066,1.338,2021-08-29,7.618,10.194,21.831,16.309,1
C3557,CG2,24.109,-4.056,2.229,2021-07-24,10.925,13.452,25.736,16.309,1
C3558,CG2,24.11,-4.06,2.14,2022-05-20,0.0,0.0,24.484,16.309,1
C3560,CG2,24.109,-4.079,1.427,2021-10-28,4.525,5.29,32.929,16.309,1
C3561,CG2,24.109,-3.96,2.497,2021-11-09,3.4,4.4,30.301,16.309,1
C3562,CG2,24.111,-3.958,2.051,2021-10-28,4.099,5.29,28.678,16.309,1
C3563,CG2,24.11,-3.874,2.319,2022-04-02,0.0,0.0,28.257,16.309,1
C3564,CG2,24.111,-4.062,2.051,2021-05-13,17.874,19.742,40.144,16.309,1
C3568,CG2,24.112,-4.059,1.784,2021-05-13,18.953,19.742,37.298,16.309,1
C3570,CG2,24.112,-3.886,1.784,2021-08-17,11.014,11.355,33.824,16.309,1
C3571,CG2,24.113,-4.082,1.248,2022-05-20,0.0,0.0,33.585,16.309,1
C3573,CG2,24.118,-4.093,3.121,2021-07-12,12.172,14.226,33.475,16.309,1
C3574,CG2,24.12,-3.886,12.22,2021-08-05,11.089,12.516,33.431,16.309,1
C3575,CG2,24.123,-4.071,1.962,2021-08-17,9.607,11.355,29.639,16.309,1
C3576,CG2,24.124,-4.092,1.159,2021-06-30,14.968,15.0,43.434,16.309,1
C3577,CG2,24.124,-4.09,1.07,2021-08-05,11.545,12.516,31.759,16.309,1
C3578,CG2,24.125,-4.083,2.14,2021-10-28,3.81,5.29,26.959,16.309,1
C3586,CG2,24.141,-3.883,5.798,2021-12-15,0.593,1.548,36.37,16.309,1
C3588,CG2,24.14,-3.894,9.633,2022-07-07,0.0,0.0,32.766,16.309,1
C3589,CG2,24.141,-4.003,1.605,2021-04-19,20.676,21.733,45.285,16.309,1
C3591,CG2,24.142,-3.989,1.427,2021-06-06,17.798,17.4,42.028,16.309,1
C3593,CG2,24.145,-3.883,2.587,2021-10-16,3.76,6.452,27.893,16.309,1
C3595,CG2,24.146,-3.881,3.657,2022-04-02,0.0,0.0,30.849,16.309,1
C3597,CG2,24.154,-4.043,1.07,2021-08-17,10.306,11.355,26.861,16.309,1
C3600,CG2,24.157,-3.914,3.657,2021-08-29,11.843,10.194,37.128,16.309,1
C3602,CG2,24.158,-3.918,1.605,2021-06-18,20.589,16.2,36.1,16.309,1
C3603,CG2,24.158,-4.094,1.605,2021-05-25,19.762,18.581,39.657,16.309,1
C3605,CG2,24.161,-3.919,5.798,2021-06-30,18.224,15.0,39.428,16.309,1
C3608,CG2,24.162,-3.988,2.676,2021-07-24,12.603,13.452,36.848,16.309,1
C3609,CG2,24.161,-3.981,3.122,2021-06-30,14.924,15.0,32.663,16.309,1
C3610,CG2,24.164,-3.918,4.727,2021-05-01,26.015,20.903,37.207,16.309,1
C3611,CG2,24.164,-3.971,1.784,2021-08-29,8.289,10.194,24.571,16.309,1
C3613,CG2,24.166,-3.909,6.868,2021-08-29,9.385,10.194,29.818,16.309,1
C3615,CG2,24.168,-3.985,2.23,2021-04-19,21.913,21.733,31.882,16.309,1
C3616,CG2,24.169,-3.876,1.16,2021-02-06,30.3,27.571,42.038,16.309,1
C3619,CG2,24.171,-3.923,2.141,2021-05-01,24.287,20.903,43.757,16.309,1
C3622,CG2,24.178,-3.874,2.854,2021-02-06,32.7,27.571,39.519,16.309,1
C3625,CG2,24.185,-4.078,1.07,2021-07-12,15.272,14.226,40.398,16.309,1
C3627,CG2,24.189,-4.008,1.516,2021-08-05,11.657,12.516,37.997,16.309,1
C3629,CG2,24.189,-4.004,4.727,2021-04-07,22.374,22.533,30.797,16.309,1
C3630,CG2,24.193,-4.002,3.121,2021-01-01,29.661,30.903,42.665,16.309,1
C3631,CG2,24.194,-3.995,1.605,2021-10-04,5.055,7.613,31.461,16.309,1
C3634,CG2,23.308,-3.787,1.249,2021-06-11,14.951,16.267,36.049,16.309,1
C3636,CG2,23.318,-3.84,2.408,2021-05-06,21.383,18.613,31.949,16.309,1
C3637,CG2,23.318,-3.863,1.16,2021-07-17,12.7,13.355,21.749,16.309,1
C3639,CG2,23.325,-3.863,1.784,2021-09-27,5.32,7.3,22.893,16.309,1
C3641,CG2,23.327,-3.75,1.249,2021-12-08,1.518,1.484,17.721,16.309,1
C3642,CG2,23.327,-3.76,1.517,2021-04-12,19.421,20.2,29.474,16.309,1
C3643,CG2,23.331,-3.866,1.07,2021-06-23,16.031,15.467,25.007,16.309,1
C3644,CG2,23.331,-3.653,1.428,2021-05-30,34.521,17.065,32.422,16.309,1
C3645,CG2,23.334,-3.839,1.606,2022-01-01,0.0,0.0,19.418,16.309,1
C3646,CG2,23.338,-3.744,4.817,2021-09-03,5.742,9.7,26.08,16.309,1
C3647,CG2,23.339,-3.659,2.32,2021-05-30,35.662,17.065,34.156,16.309,1
C3648,CG2,23.339,-3.765,2.319,2021-12-20,0.71,0.71,19.655,16.309,1
C3649,CG2,23.339,-3.847,1.338,2021-07-17,11.736,13.355,21.407,16.309,1
C3650,CG2,23.34,-3.678,1.606,2021-02-23,47.511,24.357,35.795,16.309,1
C3651,CG2,23.34,-3.764,1.606,2021-08-22,6.592,10.581,21.377,16.309,1
C3652,CG2,23.341,-3.751,1.16,2021-06-23,14.151,15.467,35.142,16.309,1
C3653,CG2,23.342,-3.821,1.338,2021-04-12,20.972,20.2,25.636,16.309,1
C3654,CG2,23.345,-3.859,1.338,2021-07-05,13.511,14.516,21.064,16.309,1
C3655,CG2,23.345,-3.759,1.249,2021-05-06,19.09,18.613,25.363,16.309,1
C3656,CG2,23.348,-3.754,1.071,2021-05-30,17.193,17.065,31.728,16.309,1
C3657,CG2,23.349,-3.771,1.427,2021-06-23,13.759,15.467,23.229,16.309,1
C3658,CG2,23.35,-3.811,1.338,2022-06-18,0.0,0.0,22.546,16.309,1
C3659,CG2,23.353,-3.809,2.409,2022-01-01,0.0,0.0,19.375,16.309,1
C3660,CG2,23.361,-3.833,1.784,2021-06-11,17.835,16.267,24.357,16.309,1
C3661,CG2,23.363,-3.672,1.606,2021-05-30,36.194,17.065,25.674,16.309,1
C3662,CG2,23.365,-3.777,2.765,2021-06-23,13.938,15.467,28.485,16.309,1
C3663,CG2,23.365,-3.78,4.282,2021-05-30,19.169,17.065,28.434,16.309,1
C3664,CG2,23.372,-3.837,1.16,2021-09-03,5.555,9.7,19.224,16.309,1
C3665,CG2,23.375,-3.782,1.963,2021-05-30,19.473,17.065,25.092,16.309,1
C3666,CG2,23.39,-3.718,3.39,2021-07-17,11.649,13.355,25.467,16.309,1
C3667,CG2,23.397,-3.805,1.16,2021-06-11,18.636,16.267,35.661,16.309,1
C3669,CG2,23.405,-3.719,2.676,2021-07-17,10.808,13.355,19.952,16.309,1
C3670,CG2,23.407,-3.729,1.427,2021-06-11,15.561,16.267,21.667,16.309,1
C3671,CG2,23.409,-3.731,1.071,2021-06-23,16.047,15.467,27.118,16.309,1
C3672,CG2,23.411,-3.721,5.353,2021-06-23,13.726,15.467,24.354,16.309,1
C3673,CG2,23.414,-3.718,1.071,2021-05-30,18.112,17.065,33.781,16.309,1
C3674,CG2,23.415,-3.667,1.249,2021-06-11,30.421,16.267,24.241,16.309,1
C3675,CG2,23.415,-3.713,1.338,2021-07-05,12.026,14.516,17.641,16.309,1
C3676,CG2,23.415,-3.717,1.784,2021-05-06,19.917,18.613,31.4,16.309,1
C3677,CG2,23.42,-3.77,1.427,2021-09-27,5.2,7.3,25.379,16.309,1
C3678,CG2,23.42,-3.726,1.249,2021-06-11,15.97,16.267,22.893,16.309,1
C3679,CG2,23.422,-3.769,2.141,2021-05-30,17.789,17.065,30.85,16.309,1
C3680,CG2,23.422,-3.707,8.922,2021-05-06,20.725,18.613,19.425,16.309,1
C3681,CG2,23.424,-3.708,1.071,2021-05-30,18.71,17.065,19.924,16.309,1
C3682,CG2,23.424,-3.721,1.071,2022-01-01,0.0,0.0,21.433,16.309,1
C3683,CG2,23.426,-3.702,1.695,2021-06-23,30.057,15.467,25.61,16.309,1
C3684,CG2,23.428,-3.669,1.16,2021-05-06,39.212,18.613,35.118,16.309,1
C3685,CG2,23.428,-3.779,2.587,2021-09-03,6.687,9.7,21.91,16.309,1
C3686,CG2,23.432,-3.699,2.766,2021-06-11,33.389,16.267,23.646,16.309,1
C3687,CG2,23.432,-3.671,1.517,2021-05-30,31.122,17.065,34.162,16.309,1
C3688,CG2,23.432,-3.728,1.606,2021-06-11,16.277,16.267,26.803,16.309,1
C3689,CG2,23.442,-3.673,1.16,2022-01-01,0.0,0.0,15.946,16.309,0
C3690,CG2,23.446,-3.714,1.963,2021-06-11,15.84,16.267,21.908,16.309,1
C3691,CG2,23.463,-3.819,2.23,2021-07-29,11.287,12.194,20.965,16.309,1
C3692,CG2,23.478,-3.762,1.963,2021-06-11,16.673,16.267,29.661,16.309,1
C3693,CG2,23.477,-3.763,2.766,2021-06-11,17.394,16.267,26.391,16.309,1
C3694,CG2,23.48,-3.755,1.16,2021-07-29,11.178,12.194,25.775,16.309,1
C3695,CG2,23.495,-3.731,1.963,2021-08-22,8.671,21.452,18.86,16.309,1
C3696,CG2,23.496,-3.736,3.301,2021-05-06,18.766,39.032,24.136,16.309,1
C3697,CG2,23.497,-3.709,2.32,2021-06-11,14.288,32.221,21.197,16.309,1
C3698,CG2,23.497,-3.742,1.249,2021-07-29,10.627,25.323,22.505,16.309,1
C3699,CG2,23.498,-3.726,9.635,2021-05-30,17.665,35.161,21.101,16.309,1
C3700,CG2,23.498,-3.735,1.16,2021-05-30,16.682,35.161,21.464,16.309,1
C3701,CG2,23.499,-3.726,1.071,2021-08-10,8.759,23.387,19.712,16.309,1
C3702,CG2,23.501,-3.749,1.695,2021-05-30,18.1,35.161,25.654,16.309,1
C3703,CG2,23.502,-3.75,1.606,2021-06-11,15.06,33.167,26.495,16.309,1
C3704,CG2,23.504,-3.727,1.071,2021-06-11,15.575,33.167,29.314,16.309,1
C3705,CG2,23.506,-3.757,2.409,2021-05-06,22.287,39.032,25.708,16.309,1
C3706,CG2,23.512,-3.732,4.728,2021-06-11,17.674,33.167,21.571,16.309,1
C3707,CG2,23.513,-3.757,7.226,2021-09-03,8.266,19.5,22.073,16.309,1
C3708,CG2,23.513,-3.763,2.855,2021-07-29,10.608,25.323,20.208,16.309,1
C3709,CG2,23.519,-3.766,2.319,2021-07-05,14.51,29.194,26.035,16.309,1
C3710,CG2,23.614,-3.645,1.338,2021-04-12,37.285,42.4,29.502,16.309,1
C3711,CG2,23.625,-3.665,1.071,2021-06-06,31.087,34.0,38.875,16.309,1
C3712,CG2,23.626,-3.647,1.16,2021-05-06,34.522,39.032,32.89,16.309,1
C3713,CG2,23.633,-3.671,1.517,2021-06-06,35.188,34.0,31.899,16.309,1
C3714,CG2,23.639,-3.823,1.16,2021-05-30,20.596,35.161,26.775,16.309,1
C3715,CG2,23.642,-3.84,1.606,2021-05-30,21.606,35.161,44.034,16.309,1
C3716,CG2,23.648,-3.738,1.16,2021-05-25,22.123,35.968,47.796,16.309,1
C3717,CG2,23.649,-3.825,1.16,2021-05-13,23.125,37.903,35.862,16.309,1
C3718,CG2,23.651,-3.844,1.249,2021-05-25,21.32,35.968,31.204,16.309,1
C3719,CG2,23.652,-3.856,1.606,2021-10-28,4.144,10.484,23.21,16.309,1
C3720,CG2,23.653,-3.858,1.606,2021-05-30,22.695,35.161,22.049,16.309,1
C3721,CG2,23.654,-3.853,4.103,2021-12-03,2.71,4.516,21.025,16.309,1
C3722,CG2,23.656,-3.654,1.428,2021-05-30,37.946,35.161,27.709,16.309,1
C3723,CG2,23.656,-3.816,1.249,2021-06-30,16.87,30.0,29.284,16.309,1
C3724,CG2,23.656,-3.851,2.408,2021-07-05,15.561,29.194,17.885,16.309,1
C3725,CG2,23.657,-3.836,3.657,2021-06-11,20.334,33.167,22.511,16.309,1
C3726,CG2,23.659,-3.834,2.854,2021-06-11,21.458,33.167,29.04,16.309,1
C3727,CG2,23.661,-3.807,1.249,2021-06-23,17.056,31.167,28.145,16.309,1
C3728,CG2,23.661,-3.659,1.249,2021-05-06,41.783,39.032,28.797,16.309,1
C3729,CG2,23.662,-3.834,3.122,2022-01-01,0.0,0.0,20.185,16.309,1
C3730,CG2,23.664,-3.837,1.873,2021-06-23,16.435,31.167,25.697,16.309,1
C3731,CG2,23.666,-3.818,1.07,2022-12-10,0.0,0.0,19.159,16.309,1
C3732,CG2,23.666,-3.827,1.07,2021-07-12,14.087,28.065,26.43,16.309,1
C3733,CG2,23.666,-3.653,1.428,2021-05-06,43.791,39.032,31.289,16.309,1
C3734,CG2,23.667,-3.825,1.784,2021-07-12,14.423,28.065,24.453,16.309,1
C3735,CG2,23.668,-3.648,1.071,2021-06-23,30.753,31.167,32.266,16.309,1
C3736,CG2,23.67,-3.645,2.231,2021-05-06,39.575,39.032,28.224,16.309,1
C3737,CG2,23.676,-3.863,3.746,2021-05-30,17.747,35.161,24.175,16.309,1
C3738,CG2,23.678,-3.864,1.516,2021-08-10,9.16,23.387,22.958,16.309,1
C3739,CG2,23.679,-3.673,1.16,2021-05-13,34.683,37.903,32.833,16.309,1
C3740,CG2,23.681,-3.815,1.516,2021-05-01,23.679,39.839,30.371,16.309,1
C3741,CG2,23.684,-3.678,1.16,2021-03-02,46.593,49.613,26.558,16.309,1
C3742,CG2,23.691,-3.806,1.16,2021-05-01,22.919,39.839,27.297,16.309,1
C3743,CG2,23.692,-3.815,1.16,2021-05-30,19.365,35.161,25.278,16.309,1
C3744,CG2,23.693,-3.852,3.3,2021-09-22,5.617,16.333,22.969,16.309,1
C3745,CG2,23.696,-3.689,1.249,2021-03-31,38.874,44.0,31.194,16.309,1
C3746,CG2,23.702,-3.791,1.427,2021-07-12,28.349,28.065,35.666,16.309,1
C3747,CG2,23.7,-3.799,1.07,2021-06-23,25.497,31.167,24.327,16.309,1
C3748,CG2,23.702,-3.694,1.963,2021-06-11,69.425,33.167,28.128,16.309,1
C3749,CG2,23.712,-3.745,1.338,2021-05-13,49.228,37.903,33.048,16.309,1
C3751,CG2,23.714,-3.655,1.338,2021-05-25,77.117,35.968,22.864,16.309,1
C3752,CG2,23.717,-3.648,1.16,2021-07-29,52.527,25.323,25.783,16.309,1
C3753,CG2,23.722,-3.645,1.249,2021-03-19,89.028,46.323,27.093,16.309,1
C3754,CG2,23.722,-3.674,1.517,2021-05-13,80.736,37.903,30.559,16.309,1
C3755,CG2,23.726,-3.814,1.338,2021-05-01,47.145,39.839,29.024,16.309,1
C3756,CG2,23.728,-3.688,1.606,2021-05-01,79.476,39.839,31.806,16.309,1
C3757,CG2,23.729,-3.671,1.071,2021-06-06,67.731,34.0,28.928,16.309,1
C3758,CG2,23.73,-3.739,2.052,2021-05-25,39.706,35.968,27.343,16.309,1
C3759,CG2,23.729,-3.831,3.568,2021-05-01,45.263,20.903,29.582,16.309,1
C3760,CG2,23.744,-3.866,2.765,2021-08-05,24.165,12.516,22.942,16.309,1
C3761,CG2,23.742,-3.866,3.746,2021-05-25,42.306,18.581,21.65,16.309,1
C3763,CG2,23.758,-3.744,1.963,2021-03-02,53.471,25.806,28.756,16.309,1
C3764,CG2,23.76,-3.757,1.071,2021-05-01,46.15,20.903,26.354,16.309,1
C3765,CG2,23.763,-3.759,1.249,2021-05-25,36.837,18.581,28.577,16.309,1
C3767,CG2,23.783,-3.702,1.16,2021-04-07,82.61,20.38,39.357,16.309,1
C3768,CG2,23.785,-3.745,1.606,2021-05-25,48.296,18.581,22.468,16.309,1
C3769,CG2,23.789,-3.746,1.16,2021-05-25,21.256,18.581,32.692,16.309,1
C3770,CG2,23.803,-3.673,1.428,2021-04-19,36.524,21.733,25.771,16.309,1
C3771,CG2,23.805,-3.669,1.606,2021-05-13,36.869,19.742,27.173,16.309,1
C3772,CG2,23.808,-3.841,1.249,2021-04-19,24.718,21.733,34.382,16.309,1
C3773,CG2,23.808,-3.676,1.071,2021-05-01,35.975,20.903,28.361,16.309,1
C3774,CG2,23.81,-3.683,1.071,2021-04-07,40.991,22.533,33.771,16.309,1
C3775,CG2,23.814,-3.71,1.249,2021-05-25,18.393,18.581,38.898,16.309,1
C3776,CG2,23.841,-3.751,1.427,2021-05-13,19.517,19.742,33.048,16.309,1
C3777,CG2,23.842,-3.867,1.606,2021-06-18,12.714,16.2,28.743,16.309,1
C3778,CG2,23.847,-3.868,2.408,2021-03-26,21.858,23.484,25.745,16.309,1
C3779,CG2,23.859,-3.723,1.427,2021-03-14,21.142,24.645,28.468,16.309,1
C3780,CG2,23.865,-3.712,1.16,2021-06-06,19.895,17.4,21.419,16.309,1
C3781,CG2,23.866,-3.806,1.873,2021-05-25,20.295,18.581,36.061,16.309,1
C3782,CG2,23.87,-3.712,3.569,2021-05-13,21.564,19.742,32.446,16.309,1
C3783,CG2,23.871,-3.742,2.052,2021-12-27,0.258,0.387,20.742,16.309,1
C3785,CG2,23.876,-3.796,7.047,2021-08-17,8.472,11.355,25.069,16.309,1
C3786,CG2,23.876,-3.793,2.498,2021-09-10,6.069,9.333,23.201,16.309,1
C3787,CG2,23.877,-3.727,1.071,2021-05-13,18.633,19.742,37.337,16.309,1
C3789,CG2,23.878,-3.797,4.193,2021-08-29,7.883,10.194,24.034,16.309,1
C3790,CG2,23.878,-3.793,1.07,2021-08-17,8.714,11.355,22.709,16.309,1
C3792,CG2,23.88,-3.688,2.944,2021-08-17,20.985,11.355,20.71,16.309,1
C3793,CG2,23.881,-3.697,2.498,2021-08-29,19.452,10.194,21.912,16.309,1
C3794,CG2,23.881,-3.728,1.784,2021-09-10,7.469,9.333,25.974,16.309,1
C3795,CG2,23.882,-3.734,3.479,2021-05-01,20.876,20.903,25.017,16.309,1
C3797,CG2,23.886,-3.737,1.963,2021-10-04,4.337,7.613,26.328,16.309,1
C3798,CG2,23.886,-3.736,1.338,2021-04-07,21.62,22.533,28.845,16.309,1
C3801,CG2,23.889,-3.777,2.052,2022-05-08,0.0,0.0,20.857,16.309,1
C3802,CG2,23.891,-3.692,1.071,2021-10-28,8.071,5.29,25.319,16.309,1
C3803,CG2,23.894,-3.814,11.24,2021-08-05,10.255,12.516,21.927,16.309,1
C3804,CG2,23.893,-3.799,9.367,2021-08-29,8.637,10.194,25.438,16.309,1
C3805,CG2,23.894,-3.747,1.427,2021-10-28,4.097,5.29,19.211,16.309,1
C3806,CG2,23.893,-3.795,1.606,2021-08-05,11.476,12.516,23.244,16.309,1
C3807,CG2,23.893,-3.826,1.427,2021-09-22,4.633,8.533,24.309,16.309,1
C3808,CG2,23.895,-3.689,1.16,2021-05-13,44.186,19.742,22.364,16.309,1
C3810,CG2,23.897,-3.813,1.695,2022-06-01,0.0,0.0,17.228,16.309,1
C3811,CG2,23.897,-3.823,1.249,2021-08-29,6.874,10.194,19.139,16.309,1
C3812,CG2,23.897,-3.81,1.427,2021-08-29,7.749,10.194,21.876,16.309,1
C3813,CG2,23.9,-3.825,4.995,2021-08-29,8.808,10.194,25.015,16.309,1
C3814,CG2,23.899,-3.766,7.404,2021-07-12,14.44,14.226,22.456,16.309,1
C3815,CG2,23.905,-3.757,3.836,2021-05-01,23.038,20.903,26.6,16.309,1
C3816,CG2,23.907,-3.736,1.784,2021-08-29,11.515,10.194,25.457,16.309,1
C3817,CG2,23.909,-3.766,4.014,2022-09-05,0.0,0.0,29.156,16.309,1
C3818,CG2,23.91,-3.73,3.122,2021-06-30,16.641,14.351,27.19,16.309,1
C3819,CG2,23.913,-3.847,2.052,2021-06-06,16.94,17.4,25.509,16.309,1
C3820,CG2,23.915,-3.787,10.973,2021-05-01,19.81,20.903,28.111,16.309,1
C3821,CG2,23.914,-3.798,7.939,2021-08-05,11.885,12.516,25.518,16.309,1
C3822,CG2,23.914,-3.794,2.141,2021-10-16,3.898,6.452,20.787,16.309,1
C3823,CG2,23.914,-3.778,3.122,2021-04-07,23.078,22.533,38.082,16.309,1
C3824,CG2,23.916,-3.784,1.07,2021-07-24,12.614,13.452,29.896,16.309,1
C3825,CG2,23.916,-3.792,1.517,2022-03-21,0.0,0.0,18.676,16.309,1
C3826,CG2,23.918,-3.84,1.427,2021-04-07,23.757,22.533,23.057,16.309,1
C3827,CG2,23.918,-3.785,1.784,2021-06-18,17.388,16.2,23.001,16.309,1
C3829,CG2,23.921,-3.731,1.16,2021-08-29,11.166,10.194,19.372,16.309,1
C3830,CG2,23.921,-3.837,1.695,2022-06-01,0.0,0.0,21.691,16.309,1
C3831,CG2,23.924,-3.832,1.249,2021-09-22,3.996,8.533,19.55,16.309,1
C3832,CG2,23.926,-3.828,16.146,2021-02-18,24.977,26.714,19.847,16.309,1
C3833,CG2,23.927,-3.824,4.282,2021-04-19,20.446,21.733,30.154,16.309,1
C3834,CG2,23.93,-3.792,1.963,2021-05-25,20.252,18.581,27.661,16.309,1
C3835,CG2,23.933,-3.719,1.427,2021-05-25,20.313,18.581,27.55,16.309,1
C3836,CG2,23.937,-3.705,1.606,2021-10-28,5.145,5.29,26.489,16.309,1
C3837,CG2,23.941,-3.716,1.517,2021-04-07,24.595,22.533,34.012,16.309,1
C3838,CG2,23.943,-3.716,1.695,2021-06-18,19.802,16.2,29.908,16.309,1
C3839,CG2,23.944,-3.8,1.606,2021-09-22,6.117,8.533,22.174,16.309,1
C3840,CG2,23.946,-3.697,1.784,2021-04-07,45.529,22.533,43.996,16.309,1
C3841,CG2,23.946,-3.798,1.249,2022-03-21,0.0,0.0,22.788,16.309,1
C3842,CG2,23.947,-3.802,1.784,2021-06-18,16.911,16.2,23.571,16.309,1
C3843,CG2,23.952,-3.86,1.249,2022-03-21,0.0,0.0,19.556,16.309,1
C3844,CG2,23.952,-3.698,1.695,2021-05-25,39.364,18.581,35.372,16.309,1
C3845,CG2,23.953,-3.858,2.498,2022-05-08,0.0,0.0,19.165,16.309,1
C3846,CG2,23.954,-3.7,2.32,2021-06-06,38.43,17.4,26.368,16.309,1
C3847,CG2,23.954,-3.866,3.3,2021-08-29,8.294,10.194,21.81,16.309,1
C3848,CG2,23.956,-3.819,1.338,2021-06-06,19.89,17.4,29.241,16.309,1
C3849,CG2,23.957,-3.699,2.052,2021-05-25,41.764,18.581,35.67,16.309,1
C3850,CG2,23.956,-3.704,1.16,2021-10-28,5.158,5.29,19.728,16.309,1
C3851,CG2,23.958,-3.859,3.479,2021-04-19,22.11,21.733,27.006,16.309,1
C3852,CG2,23.958,-3.861,1.784,2021-09-10,6.713,9.333,29.264,16.309,1
C3853,CG2,23.962,-3.725,2.498,2021-05-01,24.808,20.903,39.48,16.309,1
C3854,CG2,23.965,-3.868,6.601,2021-12-03,1.753,2.71,23.139,16.309,1
C3855,CG2,23.967,-3.868,1.695,2021-10-16,2.549,6.452,26.206,16.309,1
C3856,CG2,23.969,-3.863,7.047,2021-10-28,3.212,5.29,24.11,16.309,1
C3857,CG2,23.972,-3.856,8.742,2021-08-29,7.538,10.194,22.013,16.309,1
C3860,CG2,23.975,-3.861,3.836,2021-08-17,6.553,11.355,21.284,16.309,1
C3861,CG2,23.976,-3.712,1.606,2021-10-28,4.416,5.29,40.393,16.309,1
C3863,CG2,23.978,-3.867,1.784,2021-07-12,12.288,14.226,22.194,16.309,1
C3864,CG2,23.979,-3.819,1.07,2022-05-20,0.0,0.0,21.583,16.309,1
C3866,CG2,23.981,-3.869,1.606,2021-04-07,21.619,22.533,34.303,16.309,1
C3868,CG2,23.985,-3.807,1.16,2022-03-21,0.0,0.0,17.632,16.309,1
C3869,CG2,23.986,-3.828,1.338,2021-05-25,23.427,18.581,17.212,16.309,1
C3870,CG2,23.988,-3.829,2.141,2021-06-18,21.964,16.2,28.17,16.309,1
C3871,CG2,23.99,-3.845,1.249,2021-02-18,28.654,26.714,30.133,16.309,1
C3872,CG2,23.989,-3.798,4.817,2021-09-22,8.034,8.533,24.855,16.309,1
C3873,CG2,23.99,-3.656,5.621,2021-05-25,40.159,18.581,32.699,16.309,1
C3874,CG2,23.994,-3.654,2.32,2021-06-06,41.78,17.4,32.57,16.309,1
C3875,CG2,23.995,-3.671,1.249,2021-05-01,50.464,20.903,33.977,16.309,1
C3876,CG2,24.0,-3.785,1.873,2021-06-06,23.861,17.4,31.48,16.309,1
C3877,CG2,24.001,-3.788,1.695,2021-02-06,31.943,27.571,33.861,16.309,1
C3878,CG2,24.004,-3.654,1.249,2021-05-25,45.018,18.581,25.588,16.309,1
C3879,CG2,24.007,-3.655,1.071,2021-06-30,35.845,15.0,25.137,16.309,1
C3880,CG2,24.008,-3.773,1.249,2021-06-06,23.811,17.4,36.365,16.309,1
C3881,CG2,24.009,-3.688,1.606,2021-08-17,23.212,11.355,28.112,16.309,1
C3882,CG2,24.013,-3.69,1.071,2021-10-04,11.712,7.613,26.225,16.309,1
C3883,CG2,24.013,-3.653,13.74,2021-05-25,40.756,18.581,31.927,16.309,1
C3884,CG2,24.016,-3.683,1.338,2021-06-06,39.447,17.4,38.229,16.309,1
C3885,CG2,24.017,-3.714,2.32,2021-06-30,19.388,15.0,36.794,16.309,1
C3887,CG2,24.019,-3.683,2.32,2021-05-01,42.701,20.903,37.348,16.309,1
C3888,CG2,24.018,-3.718,1.963,2021-05-13,22.927,19.742,30.612,16.309,1
C3889,CG2,24.019,-3.722,1.606,2021-05-25,23.361,18.581,36.527,16.309,1
C3891,CG2,24.021,-3.853,1.16,2021-06-06,19.451,17.4,35.499,16.309,1
C3892,CG2,24.022,-3.677,1.874,2021-06-06,41.109,17.4,35.379,16.309,1
C3893,CG2,24.025,-3.665,2.498,2021-05-01,40.277,20.903,28.055,16.309,1
C3894,CG2,24.034,-3.65,6.513,2021-04-07,50.975,22.533,33.923,16.309,1
C3895,CG2,24.039,-3.649,1.16,2022-05-08,0.0,0.0,15.701,16.309,0
C3896,CG2,24.045,-3.715,1.16,2021-08-05,13.596,12.516,34.24,16.309,1
C3902,CG2,24.057,-3.835,2.23,2021-08-29,9.712,10.194,28.821,16.309,1
C3903,CG2,24.058,-3.654,3.123,2021-05-25,43.18,18.581,40.672,16.309,1
C3907,CG2,24.059,-3.866,3.568,2021-09-10,7.229,9.333,28.887,16.309,1
C3913,CG2,24.066,-3.657,1.16,2022-06-01,0.0,0.0,21.95,16.309,1
C3914,CG2,24.066,-3.829,2.319,2022-09-17,0.0,0.0,28.711,16.309,1
C3917,CG2,24.069,-3.717,1.16,2021-08-17,12.249,11.355,37.474,16.309,1
C3919,CG2,24.073,-3.867,21.229,2021-08-17,9.932,11.355,32.739,16.309,1
C3922,CG2,24.074,-3.655,1.16,2021-06-06,38.989,17.4,33.331,16.309,1
C3926,CG2,24.081,-3.649,1.249,2022-09-17,0.0,0.0,20.359,16.309,1
C3927,CG2,24.083,-3.82,1.606,2021-06-06,24.966,17.4,40.426,16.309,1
C3928,CG2,24.083,-3.658,1.963,2021-08-17,26.065,11.355,27.219,16.309,1
C3929,CG2,24.086,-3.868,8.028,2021-09-10,6.891,9.333,31.14,16.309,1
C3930,CG2,24.084,-3.644,1.16,2021-10-16,10.497,6.452,29.758,16.309,1
C3932,CG2,24.088,-3.667,1.695,2022-06-13,0.0,0.0,24.869,16.309,1
C3935,CG2,24.091,-3.733,1.338,2021-10-04,5.798,7.613,22.684,16.309,1
C3936,CG2,24.091,-3.745,2.141,2021-09-10,10.28,9.333,25.93,16.309,1
C3937,CG2,24.092,-3.652,2.677,2021-10-28,7.224,5.29,28.691,16.309,1
C3938,CG2,24.091,-3.728,2.855,2021-10-04,6.922,7.613,29.473,16.309,1
C3939,CG2,24.092,-3.748,3.212,2021-05-13,24.467,19.742,36.816,16.309,1
C3940,CG2,24.093,-3.746,3.568,2021-07-24,15.257,13.452,28.989,16.309,1
C3941,CG2,24.095,-3.647,2.231,2021-08-29,14.463,10.194,21.393,16.309,1
C3942,CG2,24.095,-3.722,1.338,2021-06-06,20.626,17.4,37.142,16.309,1
C3943,CG2,24.097,-3.65,4.907,2021-07-12,27.533,14.226,26.303,16.309,1
C3944,CG2,24.098,-3.655,7.762,2021-08-17,21.171,11.355,23.377,16.309,1
C3945,CG2,24.102,-3.656,5.978,2021-10-04,6.243,7.613,24.46,16.309,1
C3946,CG2,24.103,-3.651,1.874,2021-06-06,35.95,17.4,21.41,16.309,1
C3947,CG2,24.105,-3.654,4.55,2021-07-12,26.209,14.226,23.15,16.309,1
C3948,CG2,24.107,-3.647,11.42,2021-01-13,54.882,29.742,27.998,16.309,1
C3949,CG2,24.108,-3.655,1.874,2021-07-12,27.52,14.226,29.863,16.309,1
C3950,CG2,24.108,-3.8,1.784,2021-07-12,18.329,14.226,37.6,16.309,1
C3951,CG2,24.109,-3.653,3.123,2021-08-17,21.185,11.355,26.502,16.309,1
C3952,CG2,24.109,-3.683,8.743,2021-04-07,46.585,22.533,33.512,16.309,1
C3953,CG2,24.109,-3.766,1.517,2021-06-30,21.221,15.0,33.836,16.309,1
C3957,CG2,24.112,-3.862,12.399,2021-08-17,11.136,11.355,32.674,16.309,1
C3959,CG2,24.111,-3.8,1.07,2021-06-18,20.12,16.2,41.009,16.309,1
C3960,CG2,24.112,-3.65,1.071,2021-10-04,9.449,7.613,26.95,16.309,1
C3961,CG2,24.112,-3.668,1.071,2021-10-28,8.387,5.29,23.543,16.309,1
C3962,CG2,24.112,-3.868,4.014,2021-02-18,28.681,26.714,33.836,16.309,1
C3963,CG2,24.113,-3.831,2.587,2021-07-24,14.405,13.452,29.843,16.309,1
C3964,CG2,24.114,-3.652,1.249,2021-10-04,10.267,7.613,24.619,16.309,1
C3968,CG2,24.116,-3.649,1.606,2021-10-28,8.037,5.29,21.523,16.309,1
C3970,CG2,24.117,-3.658,3.212,2021-06-06,36.553,17.4,28.412,16.309,1
C3971,CG2,24.12,-3.648,17.577,2021-07-12,28.495,14.226,25.865,16.309,1
C3972,CG2,24.117,-3.765,3.568,2021-01-13,31.458,29.742,39.165,16.309,1
C3973,CG2,24.121,-3.696,2.855,2022-05-20,0.0,0.0,28.615,16.309,1
C3974,CG2,24.121,-3.693,1.071,2021-06-06,38.77,17.4,44.225,16.309,1
C3975,CG2,24.121,-3.66,2.052,2021-06-30,29.895,15.0,30.981,16.309,1
C3977,CG2,24.127,-3.652,4.55,2021-01-01,54.287,30.903,27.322,16.309,1
C3978,CG2,24.128,-3.648,3.837,2021-12-15,2.065,1.548,19.171,16.309,1
C3979,CG2,24.128,-3.68,2.587,2021-08-05,25.087,12.516,25.965,16.309,1
C3981,CG2,24.132,-3.692,4.104,2021-11-09,7.741,4.4,26.062,16.309,1
C3982,CG2,24.133,-3.658,1.428,2021-10-16,9.819,6.452,23.333,16.309,1
C3983,CG2,24.136,-3.661,5.264,2021-10-04,11.499,7.613,22.877,16.309,1
C3984,CG2,24.135,-3.678,2.498,2021-08-17,24.617,11.355,20.848,16.309,1
C3985,CG2,24.135,-3.681,1.517,2021-10-16,11.935,6.452,23.374,16.309,1
C3986,CG2,24.136,-3.645,1.249,2021-04-07,42.191,22.533,30.518,16.309,1
C3987,CG2,24.136,-3.696,1.16,2021-07-24,24.485,13.452,32.752,16.309,1
C3989,CG2,24.138,-3.737,2.32,2021-06-18,19.31,16.2,41.084,16.309,1
C3990,CG2,24.138,-3.667,5.621,2021-08-05,24.623,12.516,27.862,16.309,1
C3991,CG2,24.141,-3.663,3.569,2021-08-29,21.348,10.194,24.819,16.309,1
C3994,CG2,24.146,-3.667,8.03,2021-08-17,22.953,11.355,26.374,16.309,1
C3996,CG2,24.145,-3.672,3.48,2021-08-17,23.065,11.355,28.242,16.309,1
C3998,CG2,24.146,-3.677,3.569,2021-08-17,24.265,11.355,29.66,16.309,1
C3999,CG2,24.146,-3.675,3.926,2021-08-17,23.231,11.355,28.914,16.309,1
C4000,CG2,24.15,-3.682,14.989,2021-08-29,20.487,10.194,26.439,16.309,1
C4001,CG2,24.149,-3.722,1.16,2021-02-06,28.426,27.571,51.321,16.309,1
C4002,CG2,24.151,-3.669,5.71,2021-08-05,23.561,12.516,31.001,16.309,1
C4005,CG2,24.151,-3.737,2.498,2021-04-07,25.626,22.533,31.45,16.309,1
C4006,CG2,24.152,-3.695,1.249,2021-10-04,11.687,7.613,26.936,16.309,1
C4007,CG2,24.152,-3.72,11.865,2021-01-25,27.445,28.581,41.148,16.309,1
C4008,CG2,24.154,-3.716,2.766,2021-08-05,12.575,12.516,33.083,16.309,1
C4009,CG2,24.154,-3.686,1.249,2021-07-24,28.456,13.452,25.038,16.309,1
C4010,CG2,24.155,-3.687,1.249,2022-03-21,0.0,0.0,22.303,16.309,1
C4011,CG2,24.157,-3.695,13.026,2021-07-12,29.945,14.226,27.934,16.309,1
C4012,CG2,24.156,-3.739,7.137,2021-06-18,18.463,16.2,32.857,16.309,1
C4013,CG2,24.156,-3.727,1.071,2021-06-30,15.428,15.0,29.079,16.309,1
C4014,CG2,24.158,-3.722,4.371,2021-08-29,9.008,10.194,30.14,16.309,1
C4015,CG2,24.16,-3.701,10.438,2021-02-18,44.279,26.714,30.906,16.309,1
C4016,CG2,24.16,-3.685,2.587,2021-10-28,10.387,5.29,29.12,16.309,1
C4017,CG2,24.16,-3.729,1.695,2021-06-30,16.281,15.0,33.435,16.309,1
C4018,CG2,24.16,-3.734,2.409,2021-08-05,10.945,12.516,34.095,16.309,1
C4019,CG2,24.161,-3.695,4.55,2021-01-25,50.679,28.581,45.86,16.309,1
C4020,CG2,24.16,-3.711,29.887,2021-03-02,24.71,25.806,34.106,16.309,1
C4021,CG2,24.163,-3.728,1.071,2021-08-17,12.299,11.355,33.813,16.309,1
C4022,CG2,24.164,-3.717,22.036,2021-05-25,19.294,18.581,29.873,16.309,1
C4023,CG2,24.165,-3.768,1.249,2021-04-19,28.464,21.733,51.42,16.309,1
C4024,CG2,24.166,-3.709,8.654,2021-02-06,25.161,27.571,31.783,16.309,1
C4026,CG2,24.169,-3.703,3.836,2021-06-18,18.926,16.2,36.017,16.309,1
C4027,CG2,24.172,-3.666,1.071,2021-08-05,24.92,12.516,24.807,16.309,1
C4028,CG2,24.174,-3.712,3.39,2021-08-05,12.782,12.516,34.495,16.309,1
C4029,CG2,24.174,-3.768,5.799,2021-06-30,21.29,15.0,34.409,16.309,1
C4030,CG2,24.178,-3.764,2.498,2021-07-24,18.44,13.452,33.644,16.309,1
C4032,CG2,24.179,-3.758,1.784,2021-10-04,7.271,7.613,30.926,16.309,1
C4033,CG2,24.179,-3.765,1.338,2021-05-25,26.362,18.581,36.366,16.309,1
C4034,CG2,24.183,-3.751,1.071,2021-08-17,12.355,11.355,35.48,16.309,1
C4036,CG2,24.185,-3.754,1.249,2021-04-07,26.828,22.533,38.671,16.309,1
C4037,CG2,24.187,-3.76,2.052,2021-08-05,12.613,12.516,34.976,16.309,1
C4038,CG2,24.187,-3.764,1.606,2021-08-05,13.711,12.516,35.115,16.309,1
C4039,CG2,24.187,-3.702,3.123,2021-08-05,16.184,12.516,24.24,16.309,1
C4041,CG2,24.189,-3.75,1.963,2021-10-04,6.367,7.613,33.649,16.309,1
C4042,CG2,24.191,-3.681,1.16,2021-07-12,33.125,14.226,30.678,16.309,1
C4043,CG2,24.191,-3.705,16.505,2021-08-05,11.097,12.516,29.069,16.309,1
C4044,CG2,24.193,-3.777,2.409,2021-07-12,16.203,14.226,36.544,16.309,1
C4045,CG2,24.195,-3.716,3.925,2021-06-18,17.733,16.2,30.226,16.309,1
C4046,CG2,24.195,-3.744,2.587,2021-07-24,14.315,13.452,33.134,16.309,1
C4047,CG2,24.196,-3.726,3.569,2021-08-05,12.824,12.516,25.828,16.309,1
C4048,CG2,24.2,-3.679,2.23,2021-08-05,29.032,12.516,33.409,16.309,1
C4049,CG2,23.304,-3.451,1.16,2021-06-23,14.167,15.467,21.731,16.309,1
C4051,CG2,23.305,-3.431,2.231,2021-09-27,5.124,7.3,21.685,16.309,1
C4052,CG2,23.305,-3.445,1.339,2022-01-25,0.0,0.0,18.827,16.309,1
C4053,CG2,23.308,-3.534,1.695,2021-06-23,15.02,15.467,22.131,16.309,1
C4054,CG2,23.309,-3.516,1.16,2021-05-30,20.709,17.065,32.397,16.309,1
C4056,CG2,23.311,-3.536,1.428,2021-11-26,3.0,2.4,22.468,16.309,1
C4057,CG2,23.311,-3.542,10.886,2021-03-19,25.858,22.161,25.943,16.309,1
C4058,CG2,23.311,-3.51,1.071,2021-05-30,20.173,17.065,29.544,16.309,1
C4059,CG2,23.312,-3.442,1.071,2021-04-24,24.239,19.4,36.33,16.309,1
C4060,CG2,23.311,-3.533,2.142,2021-09-15,5.0,8.5,24.278,16.309,1
C4061,CG2,23.312,-3.584,1.606,2021-04-24,21.012,19.4,31.774,16.309,1
C4062,CG2,23.313,-3.541,1.338,2021-07-29,13.039,12.194,21.085,16.309,1
C4063,CG2,23.314,-3.498,1.16,2021-12-20,0.71,0.71,20.865,16.309,1
C4064,CG2,23.314,-3.558,1.071,2021-05-30,20.519,17.065,42.117,16.309,1
C4065,CG2,23.314,-3.581,2.945,2021-03-07,22.768,23.323,40.41,16.309,1
C4066,CG2,23.315,-3.487,4.283,2021-05-06,23.929,18.613,32.74,16.309,1
C4067,CG2,23.315,-3.49,1.695,2021-09-03,7.085,9.7,22.639,16.309,1
C4068,CG2,23.318,-3.499,5.711,2021-10-21,3.534,5.645,19.771,16.309,1
C4069,CG2,23.32,-3.475,4.283,2021-06-11,20.493,16.267,27.919,16.309,1
C4070,CG2,23.32,-3.544,1.16,2021-06-11,19.158,16.267,24.946,16.309,1
C4071,CG2,23.321,-3.457,1.339,2021-06-11,19.899,16.267,26.792,16.309,1
C4072,CG2,23.321,-3.528,2.231,2021-10-09,4.427,6.419,21.588,16.309,1
C4073,CG2,23.321,-3.461,1.428,2021-05-30,22.448,17.065,33.007,16.309,1
C4074,CG2,23.323,-3.502,1.339,2021-09-03,6.977,9.7,20.623,16.309,1
C4075,CG2,23.322,-3.517,23.558,2021-01-18,29.494,27.258,24.972,16.309,1
C4076,CG2,23.324,-3.435,3.837,2021-05-30,22.588,17.065,29.991,16.309,1
C4077,CG2,23.324,-3.535,1.428,2021-06-11,18.167,16.267,39.387,16.309,1
C4078,CG2,23.327,-3.516,4.729,2021-01-30,29.414,26.097,26.723,16.309,1
C4079,CG2,23.325,-3.519,3.034,2021-05-30,21.222,17.065,37.739,16.309,1
C4080,CG2,23.327,-3.525,1.963,2021-01-18,29.78,27.258,26.641,16.309,1
C4082,CG2,23.328,-3.508,1.249,2021-06-23,15.955,15.467,27.477,16.309,1
C4083,CG2,23.328,-3.583,1.338,2021-05-06,21.405,18.613,33.209,16.309,1
C4084,CG2,23.332,-3.515,3.034,2021-07-29,11.49,12.194,23.457,16.309,1
C4085,CG2,23.335,-3.599,1.874,2021-05-30,19.097,17.065,26.256,16.309,1
C4086,CG2,23.335,-3.622,1.249,2021-05-06,48.056,18.613,37.481,16.309,1
C4087,CG2,23.335,-3.452,1.963,2021-05-30,20.986,17.065,25.147,16.309,1
C4088,CG2,23.338,-3.634,1.874,2021-06-23,27.287,15.467,26.064,16.309,1
C4089,CG2,23.34,-3.576,1.071,2021-07-05,12.516,14.516,21.677,16.309,1
C4090,CG2,23.341,-3.63,1.16,2021-05-30,38.583,17.065,30.133,16.309,1
C4091,CG2,23.342,-3.576,2.141,2022-05-01,0.0,0.0,19.068,16.309,1
C4092,CG2,23.341,-3.621,3.747,2021-09-27,8.389,7.3,21.939,16.309,1
C4093,CG2,23.34,-3.425,4.819,2021-04-24,25.796,19.4,34.251,16.309,1
C4094,CG2,23.344,-3.422,1.249,2021-05-06,23.597,18.613,26.186,16.309,1
C4095,CG2,23.344,-3.62,2.32,2021-05-30,41.209,17.065,28.413,16.309,1
C4096,CG2,23.346,-3.419,1.16,2021-06-11,20.668,16.267,32.191,16.309,1
C4097,CG2,23.348,-3.617,1.16,2021-01-18,59.884,27.258,24.46,16.309,1
C4098,CG2,23.35,-3.617,1.338,2021-07-17,27.113,13.355,22.922,16.309,1
C4099,CG2,23.353,-3.446,2.945,2021-02-11,29.575,25.214,26.461,16.309,1
C4100,CG2,23.356,-3.622,1.606,2022-01-25,0.0,0.0,21.004,16.309,1
C4101,CG2,23.357,-3.619,5.621,2021-09-03,13.695,9.7,23.869,16.309,1
C4102,CG2,23.358,-3.615,1.606,2021-05-30,18.563,17.065,30.505,16.309,1
C4103,CG2,23.359,-3.624,1.874,2021-01-06,59.697,28.419,32.986,16.309,1
C4104,CG2,23.36,-3.48,1.606,2021-03-31,26.86,21.0,29.089,16.309,1
C4105,CG2,23.361,-3.441,4.105,2021-09-15,8.5,8.5,26.389,16.309,1
C4106,CG2,23.362,-3.568,1.071,2021-05-06,18.742,18.613,38.619,16.309,1
C4107,CG2,23.364,-3.494,1.16,2021-06-23,16.134,15.467,23.331,16.309,1
C4108,CG2,23.366,-3.571,1.428,2021-05-06,18.613,18.613,38.037,16.309,1
C4109,CG2,23.368,-3.524,1.517,2021-06-11,17.295,16.267,28.303,16.309,1
C4110,CG2,23.368,-3.453,1.517,2021-09-27,6.749,7.3,20.536,16.309,1
C4111,CG2,23.37,-3.521,3.123,2021-03-07,25.303,23.323,26.873,16.309,1
C4112,CG2,23.368,-3.522,1.874,2021-05-06,21.205,18.613,25.929,16.309,1
C4113,CG2,23.371,-3.619,1.071,2021-01-06,59.201,28.419,27.783,16.309,1
C4114,CG2,23.371,-3.518,1.339,2021-05-30,20.943,17.065,34.902,16.309,1
C4115,CG2,23.371,-3.583,1.428,2021-04-12,20.617,20.2,27.187,16.309,1
C4116,CG2,23.375,-3.514,32.303,2021-03-07,25.78,23.323,30.491,16.309,1
C4117,CG2,23.377,-3.579,1.071,2021-05-30,18.232,17.065,29.031,16.309,1
C4118,CG2,23.378,-3.516,1.517,2021-05-30,21.09,17.065,27.343,16.309,1
C4119,CG2,23.386,-3.471,1.606,2021-07-05,16.04,14.516,25.376,16.309,1
C4120,CG2,23.385,-3.537,1.517,2021-06-11,17.708,16.267,22.569,16.309,1
C4122,CG2,23.386,-3.5,2.409,2021-03-19,28.573,22.161,23.974,16.309,1
C4123,CG2,23.385,-3.532,5.175,2021-06-11,16.941,16.267,26.581,16.309,1
C4124,CG2,23.386,-3.584,2.32,2021-07-29,8.975,12.194,23.368,16.309,1
C4125,CG2,23.387,-3.455,1.428,2022-04-07,0.0,0.0,19.892,16.309,1
C4126,CG2,23.387,-3.547,1.071,2021-11-02,3.25,4.8,20.521,16.309,1
C4127,CG2,23.387,-3.497,4.819,2021-03-19,28.0,22.161,24.053,16.309,1
C4128,CG2,23.388,-3.535,3.837,2021-06-11,17.47,16.267,34.446,16.309,1
C4129,CG2,23.389,-3.541,2.32,2021-01-30,25.859,26.097,24.85,16.309,1
C4130,CG2,23.389,-3.548,1.785,2021-01-06,28.471,28.419,35.323,16.309,1
C4131,CG2,23.39,-3.536,2.588,2021-04-24,22.869,19.4,37.75,16.309,1
C4132,CG2,23.389,-3.494,3.212,2021-08-22,9.78,10.581,23.38,16.309,1
C4133,CG2,23.39,-3.526,1.071,2021-05-30,19.606,17.065,36.295,16.309,1
C4134,CG2,23.39,-3.489,1.339,2021-03-07,28.358,23.323,33.256,16.309,1
C4136,CG2,23.391,-3.523,2.855,2021-05-30,20.87,17.065,29.83,16.309,1
C4137,CG2,23.389,-3.47,4.819,2021-03-19,27.771,22.161,26.89,16.309,1
C4138,CG2,23.392,-3.527,3.748,2021-09-15,6.318,8.5,27.211,16.309,1
C4139,CG2,23.393,-3.557,1.606,2021-07-17,13.019,13.355,22.103,16.309,1
C4140,CG2,23.395,-3.474,2.677,2021-09-15,8.023,8.5,26.521,16.309,1
C4141,CG2,23.395,-3.571,1.249,2021-05-06,18.35,18.613,32.15,16.309,1
C4142,CG2,23.397,-3.487,2.945,2021-08-22,10.68,10.581,29.172,16.309,1
C4143,CG2,23.399,-3.455,6.514,2021-05-30,22.173,17.065,22.395,16.309,1
C4144,CG2,23.397,-3.598,1.695,2021-09-03,5.369,9.7,19.017,16.309,1
C4145,CG2,23.4,-3.543,6.425,2021-08-22,7.316,10.581,20.369,16.309,1
C4146,CG2,23.399,-3.45,2.499,2021-03-19,28.574,22.161,29.032,16.309,1
C4147,CG2,23.399,-3.483,22.934,2021-05-30,22.173,17.065,27.408,16.309,1
C4148,CG2,23.399,-3.489,6.96,2021-07-29,12.782,12.194,29.386,16.309,1
C4149,CG2,23.401,-3.549,15.258,2021-05-30,18.753,17.065,23.091,16.309,1
C4150,CG2,23.401,-3.599,1.338,2022-02-06,0.0,0.0,17.368,16.309,1
C4151,CG2,23.401,-3.451,1.606,2022-02-18,0.0,0.0,22.195,16.309,1
C4153,CG2,23.401,-3.433,1.16,2021-04-24,25.116,19.4,30.454,16.309,1
C4154,CG2,23.402,-3.588,1.16,2021-05-06,16.986,18.613,25.231,16.309,1
C4155,CG2,23.402,-3.455,1.339,2021-05-30,22.802,17.065,24.286,16.309,1
C4156,CG2,23.402,-3.555,19.988,2021-05-30,18.895,17.065,25.82,16.309,1
C4157,CG2,23.402,-3.603,1.874,2022-05-01,0.0,0.0,18.81,16.309,1
C4158,CG2,23.403,-3.45,1.16,2021-07-05,17.861,14.516,25.393,16.309,1
C4159,CG2,23.403,-3.564,2.677,2021-05-06,19.539,18.613,25.301,16.309,1
C4160,CG2,23.404,-3.548,14.991,2021-01-18,24.538,27.258,28.33,16.309,1
C4161,CG2,23.404,-3.606,1.249,2021-04-24,20.477,19.4,35.651,16.309,1
C4162,CG2,23.404,-3.487,10.976,2021-01-06,30.081,28.419,34.536,16.309,1
C4163,CG2,23.406,-3.48,1.696,2021-04-12,26.133,20.2,28.018,16.309,1
C4165,CG2,23.405,-3.49,7.317,2021-03-07,26.267,23.323,32.257,16.309,1
C4166,CG2,23.406,-3.544,5.8,2021-07-05,14.257,14.516,23.745,16.309,1
C4167,CG2,23.407,-3.492,2.499,2021-05-30,20.282,17.065,29.861,16.309,1
C4168,CG2,23.408,-3.486,11.69,2021-03-07,26.841,23.323,28.325,16.309,1
C4169,CG2,23.408,-3.49,3.659,2021-06-11,18.768,16.267,27.109,16.309,1
C4170,CG2,23.407,-3.555,1.785,2021-06-11,15.115,16.267,23.222,16.309,1
C4171,CG2,23.408,-3.495,3.48,2021-06-11,18.327,16.267,26.132,16.309,1
C4172,CG2,23.409,-3.544,1.338,2021-05-06,21.106,18.613,31.26,16.309,1
C4173,CG2,23.41,-3.5,2.32,2021-06-23,16.834,15.467,28.876,16.309,1
C4174,CG2,23.41,-3.596,1.249,2021-04-24,20.087,19.4,33.709,16.309,1
C4175,CG2,23.41,-3.487,4.105,2021-05-30,20.639,17.065,25.454,16.309,1
C4176,CG2,23.414,-3.495,36.765,2021-01-06,27.878,28.419,32.439,16.309,1
C4177,CG2,23.412,-3.596,4.461,2021-05-06,19.711,18.613,29.5,16.309,1
C4178,CG2,23.413,-3.489,4.64,2021-02-23,27.318,24.357,24.896,16.309,1
C4179,CG2,23.412,-3.551,1.695,2021-05-06,19.945,18.613,31.268,16.309,1
C4180,CG2,23.413,-3.52,3.123,2021-07-17,12.275,13.355,30.274,16.309,1
C4181,CG2,23.414,-3.506,1.785,2021-08-22,9.497,10.581,25.677,16.309,1
C4182,CG2,23.415,-3.551,2.32,2021-05-30,19.409,17.065,27.256,16.309,1
C4183,CG2,23.414,-3.502,6.782,2021-07-05,14.143,14.516,29.873,16.309,1
C4184,CG2,23.415,-3.49,4.64,2021-01-06,29.277,28.419,26.315,16.309,1
C4185,CG2,23.42,-3.505,15.527,2021-05-30,19.681,17.065,25.29,16.309,1
C4186,CG2,23.417,-3.517,7.942,2021-07-05,13.309,14.516,29.196,16.309,1
C4187,CG2,23.418,-3.548,2.142,2021-05-30,19.452,17.065,33.235,16.309,1
C4188,CG2,23.419,-3.492,1.339,2021-01-18,30.473,27.258,31.192,16.309,1
C4189,CG2,23.419,-3.56,1.428,2021-04-12,22.185,20.2,32.231,16.309,1
C4190,CG2,23.419,-3.591,1.338,2021-05-30,17.717,17.065,35.027,16.309,1
C4191,CG2,23.419,-3.498,1.339,2021-05-06,19.836,18.613,34.967,16.309,1
C4192,CG2,23.418,-3.554,1.071,2022-06-18,0.0,0.0,20.132,16.309,1
C4193,CG2,23.42,-3.434,4.105,2022-04-19,0.0,0.0,22.202,16.309,1
C4194,CG2,23.421,-3.575,1.428,2021-05-30,16.919,17.065,27.768,16.309,1
C4195,CG2,23.423,-3.578,1.428,2021-06-23,13.821,15.467,24.967,16.309,1
C4196,CG2,23.425,-3.511,2.499,2021-05-30,20.33,17.065,29.905,16.309,1
C4197,CG2,23.424,-3.439,15.439,2021-01-06,31.108,28.419,27.785,16.309,1
C4198,CG2,23.425,-3.491,1.606,2021-08-22,8.386,10.581,25.653,16.309,1
C4200,CG2,23.429,-3.49,1.071,2022-01-25,0.0,0.0,21.502,16.309,1
C4201,CG2,23.429,-3.556,2.409,2021-08-10,9.773,11.355,21.843,16.309,1
C4202,CG2,23.431,-3.503,9.548,2021-02-11,27.211,25.214,27.479,16.309,1
C4203,CG2,23.43,-3.552,1.785,2021-05-30,18.014,17.065,21.49,16.309,1
C4204,CG2,23.432,-3.56,1.071,2022-07-12,0.0,0.0,24.563,16.309,1
C4205,CG2,23.433,-3.575,1.16,2021-09-15,6.984,8.5,20.686,16.309,1
C4206,CG2,23.437,-3.489,1.16,2021-06-23,14.752,15.467,24.223,16.309,1
C4207,CG2,23.438,-3.439,10.53,2021-09-03,8.336,9.7,22.813,16.309,1
C4208,CG2,23.439,-3.499,1.428,2021-06-23,15.415,15.467,24.472,16.309,1
C4209,CG2,23.441,-3.5,2.409,2021-06-11,17.655,16.267,22.046,16.309,1
C4210,CG2,23.443,-3.424,9.638,2021-09-15,7.0,8.5,24.743,16.309,1
C4211,CG2,23.44,-3.509,3.123,2021-06-23,16.348,15.467,25.732,16.309,1
C4213,CG2,23.443,-3.633,1.249,2021-05-30,32.884,17.065,29.673,16.309,1
C4214,CG2,23.444,-3.496,3.212,2021-08-10,10.024,11.355,21.463,16.309,1
C4215,CG2,23.447,-3.64,1.338,2021-06-11,29.96,16.267,38.865,16.309,1
C4216,CG2,23.448,-3.566,1.606,2021-03-31,22.387,21.0,35.241,16.309,1
C4217,CG2,23.451,-3.431,1.428,2021-04-24,23.463,19.4,29.884,16.309,1
C4219,CG2,23.453,-3.571,1.071,2021-09-15,3.5,8.5,20.338,16.309,1
C4221,CG2,23.454,-3.575,2.409,2021-05-06,17.361,18.613,24.76,16.309,1
C4222,CG2,23.454,-3.63,1.874,2021-06-23,27.311,15.467,20.977,16.309,1
C4223,CG2,23.454,-3.633,1.428,2021-02-23,49.59,24.357,26.085,16.309,1
C4224,CG2,23.454,-3.57,1.071,2021-08-10,7.241,11.355,18.886,16.309,1
C4225,CG2,23.456,-3.63,1.338,2021-09-27,10.101,7.3,20.432,16.309,1
C4226,CG2,23.456,-3.431,1.517,2022-01-01,0.0,0.0,19.1,16.309,1
C4227,CG2,23.457,-3.497,3.123,2021-09-03,8.246,9.7,22.53,16.309,1
C4228,CG2,23.458,-3.58,1.428,2021-09-03,6.56,9.7,25.375,16.309,1
C4229,CG2,23.458,-3.439,1.339,2022-01-01,0.0,0.0,22.292,16.309,1
C4231,CG2,23.459,-3.632,1.071,2021-07-05,24.855,14.516,23.558,16.309,1
C4232,CG2,23.46,-3.579,1.695,2021-09-27,5.162,7.3,21.363,16.309,1
C4233,CG2,23.461,-3.449,7.139,2021-08-22,10.811,10.581,25.426,16.309,1
C4234,CG2,23.461,-3.634,1.249,2022-12-03,0.0,0.0,17.479,16.309,1
C4235,CG2,23.463,-3.52,1.606,2022-06-06,0.0,0.0,21.396,16.309,1
C4236,CG2,23.463,-3.444,1.16,2021-08-10,11.273,11.355,24.484,16.309,1
C4237,CG2,23.464,-3.465,2.499,2021-05-06,22.108,18.613,28.575,16.309,1
C4238,CG2,23.463,-3.512,5.086,2021-06-11,17.736,16.267,21.476,16.309,1
C4239,CG2,23.465,-3.472,3.213,2021-06-11,18.167,16.267,29.442,16.309,1
C4240,CG2,23.465,-3.475,2.142,2021-05-30,18.988,17.065,28.186,16.309,1
C4241,CG2,23.465,-3.481,2.32,2021-01-06,29.71,28.419,20.645,16.309,1
C4242,CG2,23.465,-3.638,1.071,2022-06-30,0.0,0.0,19.289,16.309,1
C4243,CG2,23.466,-3.493,3.123,2021-09-03,8.666,9.7,18.566,16.309,1
C4244,CG2,23.466,-3.499,2.499,2021-06-23,16.118,15.467,27.364,16.309,1
C4245,CG2,23.466,-3.51,16.419,2021-05-30,20.498,17.065,24.975,16.309,1
C4246,CG2,23.467,-3.464,1.249,2021-05-30,19.097,17.065,30.107,16.309,1
C4247,CG2,23.467,-3.457,1.071,2022-06-30,0.0,0.0,25.033,16.309,1
C4248,CG2,23.468,-3.507,4.283,2021-09-15,5.143,8.5,18.827,16.309,1
C4249,CG2,23.468,-3.504,8.834,2021-05-06,21.438,18.613,25.628,16.309,1
C4250,CG2,23.468,-3.466,2.856,2021-06-11,17.476,16.267,37.243,16.309,1
C4252,CG2,23.47,-3.468,1.339,2021-05-30,18.524,17.065,33.111,16.309,1
C4253,CG2,23.47,-3.471,3.926,2021-07-17,12.186,13.355,20.964,16.309,1
C4254,CG2,23.471,-3.476,6.782,2021-04-24,21.802,19.4,26.936,16.309,1
C4255,CG2,23.471,-3.524,4.729,2021-07-29,12.312,12.194,25.492,16.309,1
C4256,CG2,23.471,-3.514,2.499,2021-01-06,26.497,28.419,19.611,16.309,1
C4257,CG2,23.472,-3.472,2.588,2021-08-10,9.194,11.355,27.301,16.309,1
C4258,CG2,23.473,-3.488,1.963,2021-06-11,18.263,16.267,29.757,16.309,1
C4259,CG2,23.473,-3.48,7.317,2021-01-06,26.864,28.419,26.501,16.309,1
C4260,CG2,23.474,-3.582,1.249,2021-05-06,17.571,18.613,25.548,16.309,1
C4261,CG2,23.474,-3.485,7.05,2021-05-30,19.745,17.065,32.892,16.309,1
C4262,CG2,23.476,-3.581,1.338,2021-05-06,18.511,18.613,27.49,16.309,1
C4263,CG2,23.476,-3.541,1.606,2021-05-06,19.405,18.613,29.84,16.309,1
C4264,CG2,23.477,-3.589,1.338,2021-05-06,16.92,18.613,26.718,16.309,1
C4265,CG2,23.478,-3.589,1.071,2021-05-30,16.117,17.065,32.794,16.309,1
C4266,CG2,23.479,-3.584,1.071,2021-05-30,16.397,17.065,25.157,16.309,1
C4267,CG2,23.479,-3.626,1.249,2021-05-06,38.709,18.613,35.188,16.309,1
C4268,CG2,23.48,-3.592,1.071,2021-05-30,16.992,17.065,22.408,16.309,1
C4269,CG2,23.481,-3.616,1.338,2021-05-06,37.032,18.613,34.404,16.309,1
C4270,CG2,23.481,-3.508,1.249,2021-09-15,7.042,8.5,20.512,16.309,1
C4271,CG2,23.481,-3.586,1.338,2021-05-30,15.275,17.065,23.212,16.309,1
C4272,CG2,23.481,-3.463,6.782,2021-02-23,25.984,24.357,27.099,16.309,1
C4273,CG2,23.482,-3.501,1.071,2021-08-10,11.886,11.355,25.336,16.309,1
C4274,CG2,23.483,-3.466,1.517,2021-07-05,15.592,14.516,26.439,16.309,1
C4275,CG2,23.484,-3.51,2.052,2021-05-30,19.759,17.065,33.508,16.309,1
C4276,CG2,23.483,-3.603,1.606,2021-05-06,17.108,18.613,32.86,16.309,1
C4277,CG2,23.484,-3.595,4.283,2021-03-07,21.136,23.323,23.306,16.309,1
C4278,CG2,23.485,-3.567,1.874,2021-05-06,19.343,18.613,24.926,16.309,1
C4279,CG2,23.486,-3.458,1.696,2021-09-03,7.7,9.7,25.991,16.309,1
C4280,CG2,23.486,-3.58,3.034,2021-04-12,16.101,20.2,22.063,16.309,1
C4281,CG2,23.486,-3.466,7.853,2021-02-23,26.668,24.357,29.264,16.309,1
C4282,CG2,23.486,-3.577,1.695,2021-05-06,17.543,18.613,15.614,16.309,0
C4283,CG2,23.487,-3.5,1.339,2021-06-11,20.09,16.267,29.665,16.309,1
C4284,CG2,23.488,-3.458,1.428,2021-08-22,9.161,10.581,33.081,16.309,1
C4285,CG2,23.49,-3.469,2.588,2021-07-29,11.861,12.194,29.915,16.309,1
C4286,CG2,23.49,-3.433,1.428,2021-05-06,20.813,18.613,36.444,16.309,1
C4287,CG2,23.49,-3.599,1.874,2021-05-06,16.755,18.613,27.302,16.309,1
C4288,CG2,23.49,-3.593,3.034,2021-07-17,9.493,13.355,18.808,16.309,1
C4289,CG2,23.491,-3.563,1.695,2021-08-10,10.301,11.355,16.277,16.309,0
C4290,CG2,23.491,-3.574,4.64,2021-09-27,4.757,7.3,17.9,16.309,1
C4291,CG2,23.492,-3.603,4.194,2021-05-06,16.125,18.613,27.607,16.309,1
C4292,CG2,23.493,-3.581,1.785,2022-03-14,0.0,0.0,16.995,16.309,1
C4293,CG2,23.494,-3.593,1.517,2021-05-30,14.515,17.065,24.628,16.309,1
C4294,CG2,23.494,-3.553,2.498,2021-07-29,10.761,12.194,23.379,16.309,1
C4295,CG2,23.495,-3.623,1.16,2021-05-30,31.468,17.065,26.902,16.309,1
C4296,CG2,23.498,-3.42,2.588,2021-07-17,12.362,13.355,25.682,16.309,1
C4297,CG2,23.497,-3.487,2.409,2021-06-23,16.104,15.467,24.948,16.309,1
C4298,CG2,23.498,-3.553,1.428,2021-06-23,14.835,15.467,24.814,16.309,1
C4299,CG2,23.499,-3.489,1.071,2021-07-05,14.516,14.516,26.032,16.309,1
C4300,CG2,23.5,-3.426,1.517,2021-06-11,15.21,16.267,20.493,16.309,1
C4301,CG2,23.501,-3.489,1.16,2021-07-05,14.546,14.516,30.277,16.309,1
C4302,CG2,23.501,-3.429,1.606,2021-05-30,18.1,17.065,27.065,16.309,1
C4303,CG2,23.501,-3.507,1.249,2022-06-06,0.0,0.0,19.667,16.309,1
C4305,CG2,23.502,-3.602,1.785,2021-07-29,8.971,12.194,20.628,16.309,1
C4306,CG2,23.503,-3.442,2.588,2021-08-22,8.274,10.581,26.225,16.309,1
C4307,CG2,23.503,-3.604,1.071,2021-06-23,10.973,15.467,22.866,16.309,1
C4308,CG2,23.505,-3.487,1.249,2021-05-30,19.251,17.065,24.971,16.309,1
C4309,CG2,23.51,-3.434,1.339,2021-06-11,15.024,16.267,24.832,16.309,1
C4310,CG2,23.509,-3.438,2.053,2021-06-23,14.265,15.467,28.817,16.309,1
C4311,CG2,23.51,-3.428,2.766,2022-01-25,0.0,0.0,21.258,16.309,1
C4312,CG2,23.51,-3.424,1.339,2021-06-23,15.824,15.467,22.619,16.309,1
C4313,CG2,23.512,-3.514,1.963,2021-09-03,7.284,9.7,25.412,16.309,1
C4314,CG2,23.512,-3.434,1.606,2021-08-22,7.656,10.581,19.256,16.309,1
C4315,CG2,23.513,-3.429,1.16,2022-05-13,0.0,0.0,20.778,16.309,1
C4316,CG2,23.513,-3.441,1.249,2021-05-30,19.065,17.065,27.457,16.309,1
C4317,CG2,23.518,-3.427,1.071,2021-05-30,17.984,17.065,25.58,16.309,1
C4318,CG2,23.527,-3.434,1.071,2021-05-30,19.55,17.065,25.54,16.309,1
C4319,CG2,23.531,-3.429,2.142,2021-05-30,18.801,17.065,32.309,16.309,1
C4323,CG2,23.614,-3.6,2.498,2021-05-25,17.757,35.968,34.23,16.309,1
C4324,CG2,23.617,-3.602,6.246,2021-04-07,22.289,43.067,33.962,16.309,1
C4325,CG2,23.62,-3.602,3.837,2021-04-19,23.046,41.467,41.654,16.309,1
C4326,CG2,23.628,-3.558,1.071,2021-06-18,12.919,32.0,23.184,16.309,1
C4327,CG2,23.64,-3.641,1.249,2021-04-07,38.582,43.067,31.299,16.309,1
C4328,CG2,23.67,-3.635,1.249,2021-06-23,29.559,31.167,26.584,16.309,1
C4329,CG2,23.687,-3.502,1.071,2021-03-07,20.45,48.645,31.77,16.309,1
C4330,CG2,23.704,-3.62,1.249,2021-05-25,75.414,35.968,42.447,16.309,1
C4331,CG2,23.706,-3.418,2.32,2021-04-24,35.755,40.8,35.765,16.309,1
C4332,CG2,23.718,-3.633,1.071,2021-06-11,64.615,33.167,30.298,16.309,1
C4333,CG2,23.718,-3.496,2.945,2021-05-13,35.349,37.903,40.794,16.309,1
C4334,CG2,23.72,-3.425,1.517,2021-04-12,37.518,42.4,30.677,16.309,1
C4335,CG2,23.725,-3.493,3.659,2021-05-13,34.781,37.903,27.122,16.309,1
C4336,CG2,23.727,-3.636,1.249,2021-05-06,79.399,39.032,27.747,16.309,1
C4337,CG2,23.728,-3.552,1.16,2021-04-07,40.151,43.067,30.475,16.309,1
C4338,CG2,23.733,-3.49,2.856,2021-05-13,35.597,37.903,41.61,16.309,1
C4339,CG2,23.733,-3.471,1.428,2021-05-13,37.386,37.903,40.231,16.309,1
C4340,CG2,23.737,-3.423,1.428,2021-05-13,32.902,37.903,37.93,16.309,1
C4341,CG2,23.737,-3.474,2.945,2021-03-02,43.894,49.613,33.863,16.309,1
C4342,CG2,23.742,-3.535,1.785,2021-07-05,25.464,29.194,22.876,16.309,1
C4343,CG2,23.743,-3.462,1.16,2021-05-06,35.445,39.032,35.549,16.309,1
C4344,CG2,23.744,-3.488,1.606,2021-05-06,37.792,39.032,30.128,16.309,1
C4346,CG2,23.745,-3.488,1.16,2021-06-06,31.853,34.0,31.811,16.309,1
C4348,CG2,23.763,-3.42,1.249,2021-06-18,30.685,32.0,28.447,16.309,1
C4349,CG2,23.764,-3.488,2.231,2021-05-25,29.736,35.968,31.491,16.309,1
C4350,CG2,23.763,-3.444,1.428,2021-03-14,41.114,47.29,26.354,16.309,1
C4351,CG2,23.765,-3.485,1.16,2021-05-30,30.365,35.161,28.78,16.309,1
C4352,CG2,23.768,-3.428,1.517,2021-05-13,35.982,37.903,21.057,16.309,1
C4353,CG2,23.768,-3.423,1.606,2021-05-30,30.171,35.161,25.142,16.309,1
C4354,CG2,23.768,-3.446,1.785,2021-03-14,39.199,47.29,37.121,16.309,1
C4355,CG2,23.769,-3.485,1.249,2021-10-04,7.881,14.355,22.126,16.309,1
C4356,CG2,23.771,-3.44,1.339,2021-02-23,40.311,50.714,22.173,16.309,1
C4357,CG2,23.772,-3.468,1.517,2021-03-14,39.156,47.29,27.184,16.309,1
C4358,CG2,23.773,-3.429,1.071,2021-02-06,44.871,53.143,20.256,16.309,1
C4359,CG2,23.773,-3.465,1.249,2021-05-13,32.671,37.903,26.367,16.309,1
C4360,CG2,23.775,-3.473,1.606,2021-04-12,35.534,42.4,22.544,16.309,1
C4361,CG2,23.776,-3.445,1.517,2021-06-11,33.227,33.167,24.544,16.309,1
C4362,CG2,23.779,-3.447,1.963,2021-06-18,30.976,32.0,25.079,16.309,1
C4363,CG2,23.784,-3.437,1.606,2021-06-23,25.582,31.167,27.97,16.309,1
C4364,CG2,23.786,-3.445,2.142,2021-04-07,37.491,43.067,25.674,16.309,1
C4365,CG2,23.789,-3.443,7.318,2021-02-06,26.409,53.143,21.967,16.309,1
C4366,CG2,23.788,-3.601,1.338,2021-05-25,23.61,18.581,29.588,16.309,1
C4367,CG2,23.791,-3.446,3.123,2021-06-06,14.671,34.0,23.582,16.309,1
C4368,CG2,23.791,-3.467,1.339,2021-05-13,17.681,37.903,25.385,16.309,1
C4369,CG2,23.795,-3.448,1.428,2021-05-01,18.529,39.839,24.745,16.309,1
C4370,CG2,23.797,-3.467,1.16,2021-05-13,17.512,37.903,24.459,16.309,1
C4371,CG2,23.799,-3.434,2.41,2021-05-13,16.554,37.903,26.739,16.309,1
C4372,CG2,23.799,-3.45,2.231,2021-06-18,14.614,32.0,22.319,16.309,1
C4373,CG2,23.8,-3.583,1.517,2021-05-25,18.387,18.581,46.781,16.309,1
C4374,CG2,23.801,-3.484,3.034,2021-08-05,9.712,12.915,18.161,16.309,1
C4376,CG2,23.803,-3.443,1.339,2021-04-19,19.436,41.467,24.246,16.309,1
C4377,CG2,23.804,-3.441,3.034,2021-03-14,19.453,47.29,33.455,16.309,1
C4378,CG2,23.805,-3.437,4.551,2021-03-14,21.499,47.29,35.855,16.309,1
C4379,CG2,23.806,-3.457,2.053,2021-05-13,18.587,32.524,21.931,16.309,1
C4380,CG2,23.808,-3.455,1.963,2021-06-06,18.462,17.759,22.658,16.309,1
C4381,CG2,23.811,-3.432,4.819,2021-04-07,21.704,37.523,30.101,16.309,1
C4382,CG2,23.81,-3.581,1.428,2021-04-19,19.367,21.733,45.456,16.309,1
C4383,CG2,23.811,-3.489,1.339,2021-06-06,16.406,17.4,30.435,16.309,1
C4384,CG2,23.81,-3.419,3.213,2021-03-26,18.669,44.968,23.063,16.309,1
C4385,CG2,23.814,-3.437,2.856,2021-04-07,21.382,22.56,26.933,16.309,1
C4386,CG2,23.818,-3.632,1.428,2021-05-25,35.686,18.581,22.882,16.309,1
C4387,CG2,23.818,-3.634,1.071,2021-06-18,30.853,16.2,18.559,16.309,1
C4388,CG2,23.823,-3.443,1.071,2021-05-13,18.367,19.742,28.544,16.309,1
C4389,CG2,23.827,-3.444,2.32,2021-05-13,19.582,19.742,30.879,16.309,1
C4390,CG2,23.831,-3.585,1.071,2021-06-06,17.166,17.4,21.76,16.309,1
C4391,CG2,23.831,-3.427,1.606,2021-05-25,19.165,18.581,26.823,16.309,1
C4392,CG2,23.836,-3.588,1.249,2021-02-18,23.342,26.714,21.796,16.309,1
C4393,CG2,23.838,-3.47,1.071,2021-06-06,20.587,17.4,23.809,16.309,1
C4394,CG2,23.84,-3.543,1.249,2021-05-25,19.055,18.581,30.646,16.309,1
C4395,CG2,23.842,-3.573,1.16,2021-08-05,11.516,12.516,27.033,16.309,1
C4396,CG2,23.846,-3.443,1.696,2021-06-06,17.197,17.4,32.007,16.309,1
C4397,CG2,23.848,-3.436,1.785,2021-07-24,12.877,13.452,22.909,16.309,1
C4398,CG2,23.848,-3.44,1.428,2021-05-13,20.044,19.742,30.624,16.309,1
C4399,CG2,23.849,-3.447,1.339,2021-05-13,18.753,19.742,27.708,16.309,1
C4400,CG2,23.851,-3.431,1.785,2021-03-26,22.091,23.484,34.692,16.309,1
C4401,CG2,23.852,-3.425,1.071,2021-04-07,22.455,22.533,33.586,16.309,1
C4402,CG2,23.853,-3.448,1.16,2021-04-07,19.826,22.533,29.083,16.309,1
C4403,CG2,23.853,-3.598,1.428,2021-03-26,20.61,23.484,32.869,16.309,1
C4404,CG2,23.857,-3.485,1.249,2021-06-30,16.805,15.0,35.129,16.309,1
C4405,CG2,23.859,-3.44,1.606,2021-05-25,18.866,18.581,31.693,16.309,1
C4406,CG2,23.87,-3.59,1.16,2021-04-19,22.0,21.733,34.574,16.309,1
C4407,CG2,23.871,-3.445,1.339,2021-04-07,21.213,22.533,40.836,16.309,1
C4408,CG2,23.871,-3.592,1.517,2021-05-13,20.652,19.742,34.001,16.309,1
C4409,CG2,23.872,-3.619,1.071,2021-05-01,41.984,20.903,23.457,16.309,1
C4410,CG2,23.873,-3.542,3.123,2021-06-06,18.722,17.4,27.417,16.309,1
C4411,CG2,23.874,-3.536,1.517,2021-07-12,15.233,14.226,34.151,16.309,1
C4412,CG2,23.874,-3.583,1.16,2021-05-13,20.654,19.742,30.619,16.309,1
C4413,CG2,23.875,-3.578,1.338,2021-05-01,21.245,20.903,30.818,16.309,1
C4414,CG2,23.875,-3.44,1.606,2021-04-19,21.493,21.733,29.981,16.309,1
C4415,CG2,23.876,-3.445,1.16,2021-03-14,23.296,24.645,34.754,16.309,1
C4416,CG2,23.877,-3.42,3.034,2021-03-14,24.11,24.645,27.724,16.309,1
C4417,CG2,23.876,-3.619,1.071,2021-10-28,9.166,5.29,25.055,16.309,1
C4418,CG2,23.877,-3.572,2.231,2021-06-06,18.979,17.4,26.747,16.309,1
C4420,CG2,23.878,-3.524,3.034,2021-08-05,10.62,12.516,35.196,16.309,1
C4421,CG2,23.879,-3.535,1.249,2021-05-25,22.273,18.581,42.804,16.309,1
C4422,CG2,23.881,-3.427,1.339,2021-03-26,23.175,23.484,30.881,16.309,1
C4423,CG2,23.882,-3.47,1.071,2021-05-25,19.79,18.581,31.214,16.309,1
C4424,CG2,23.884,-3.597,2.231,2021-05-01,21.943,20.903,35.126,16.309,1
C4425,CG2,23.885,-3.55,3.926,2021-05-25,21.808,18.581,34.01,16.309,1
C4426,CG2,23.885,-3.568,1.517,2021-03-26,22.244,23.484,38.451,16.309,1
C4427,CG2,23.886,-3.555,4.729,2021-05-01,21.338,20.903,26.211,16.309,1
C4428,CG2,23.886,-3.579,1.16,2021-04-19,21.367,21.733,45.559,16.309,1
C4429,CG2,23.886,-3.432,4.373,2021-03-14,22.228,24.645,35.569,16.309,1
C4430,CG2,23.889,-3.624,1.338,2021-05-13,41.686,19.742,30.772,16.309,1
C4431,CG2,23.889,-3.551,1.071,2021-05-25,20.571,18.581,26.413,16.309,1
C4432,CG2,23.89,-3.558,1.517,2021-05-13,19.68,19.742,24.462,16.309,1
C4433,CG2,23.89,-3.464,1.249,2021-05-13,23.036,19.742,33.053,16.309,1
C4434,CG2,23.892,-3.543,1.695,2021-07-12,16.036,14.226,31.92,16.309,1
C4435,CG2,23.891,-3.423,2.053,2021-04-07,23.0,22.533,34.209,16.309,1
C4436,CG2,23.893,-3.556,1.338,2021-01-01,27.946,30.903,41.914,16.309,1
C4437,CG2,23.896,-3.573,2.677,2021-02-18,26.738,26.714,34.41,16.309,1
C4438,CG2,23.897,-3.512,2.32,2021-08-05,12.471,12.516,29.11,16.309,1
C4439,CG2,23.897,-3.44,1.874,2021-05-13,21.846,19.742,30.683,16.309,1
C4440,CG2,23.897,-3.542,3.48,2021-05-25,22.454,18.581,30.29,16.309,1
C4441,CG2,23.898,-3.432,1.071,2021-05-13,22.161,19.742,34.269,16.309,1
C4442,CG2,23.9,-3.582,1.16,2021-06-06,18.651,17.4,28.917,16.309,1
C4443,CG2,23.9,-3.554,2.677,2021-05-25,21.573,18.581,23.225,16.309,1
C4444,CG2,23.901,-3.572,1.338,2021-05-13,21.635,19.742,27.733,16.309,1
C4445,CG2,23.901,-3.525,1.071,2021-05-25,23.37,18.581,39.072,16.309,1
C4446,CG2,23.903,-3.596,1.071,2021-05-13,22.704,19.742,27.828,16.309,1
C4447,CG2,23.903,-3.52,1.606,2021-05-25,21.58,18.581,35.314,16.309,1
C4448,CG2,23.904,-3.521,1.874,2021-05-25,22.784,18.581,39.131,16.309,1
C4449,CG2,23.904,-3.523,1.16,2022-05-20,0.0,0.0,29.538,16.309,1
C4450,CG2,23.904,-3.532,1.071,2021-06-06,20.258,17.4,29.933,16.309,1
C4451,CG2,23.905,-3.439,1.071,2021-05-13,20.038,19.742,28.888,16.309,1
C4452,CG2,23.905,-3.527,2.32,2021-06-06,21.077,17.4,32.947,16.309,1
C4453,CG2,23.905,-3.536,1.071,2021-05-13,22.761,19.742,23.563,16.309,1
C4454,CG2,23.906,-3.524,1.963,2021-05-25,22.084,18.581,32.659,16.309,1
C4455,CG2,23.908,-3.545,7.406,2021-05-13,21.247,19.742,28.564,16.309,1
C4456,CG2,23.907,-3.555,1.338,2021-06-18,17.387,16.2,26.802,16.309,1
C4457,CG2,23.909,-3.557,1.874,2021-07-24,12.872,13.452,27.068,16.309,1
C4458,CG2,23.912,-3.459,1.249,2021-05-01,21.648,20.903,32.029,16.309,1
C4459,CG2,23.912,-3.631,1.695,2022-05-08,0.0,0.0,19.413,16.309,1
C4460,CG2,23.912,-3.544,1.428,2021-10-04,4.458,7.613,24.326,16.309,1
C4461,CG2,23.913,-3.466,1.249,2021-04-07,20.222,22.533,37.467,16.309,1
C4462,CG2,23.917,-3.549,1.16,2021-05-25,20.925,18.581,36.934,16.309,1
C4463,CG2,23.92,-3.524,1.338,2021-06-18,19.408,16.2,26.108,16.309,1
C4464,CG2,23.921,-3.426,1.428,2021-04-07,23.694,22.533,35.144,16.309,1
C4465,CG2,23.921,-3.431,1.071,2021-03-02,27.712,25.806,33.399,16.309,1
C4466,CG2,23.921,-3.547,1.071,2021-05-13,19.651,19.742,34.945,16.309,1
C4467,CG2,23.921,-3.549,1.606,2021-06-30,15.665,15.0,26.596,16.309,1
C4468,CG2,23.925,-3.419,1.249,2021-04-07,21.854,22.533,31.485,16.309,1
C4469,CG2,23.925,-3.456,1.249,2021-05-25,18.919,18.581,34.305,16.309,1
C4470,CG2,23.927,-3.419,2.945,2021-03-26,22.952,23.484,29.763,16.309,1
C4471,CG2,23.927,-3.422,1.071,2021-05-01,21.668,20.903,30.627,16.309,1
C4472,CG2,23.928,-3.422,1.249,2021-05-13,20.68,19.742,23.992,16.309,1
C4473,CG2,23.929,-3.543,1.249,2021-07-12,15.003,14.226,24.949,16.309,1
C4474,CG2,23.931,-3.543,1.338,2021-05-01,24.946,20.903,38.451,16.309,1
C4475,CG2,23.931,-3.527,1.695,2021-01-13,27.688,29.742,41.371,16.309,1
C4476,CG2,23.933,-3.527,1.249,2021-06-06,20.489,17.4,37.606,16.309,1
C4477,CG2,23.934,-3.546,1.785,2021-06-06,22.107,17.4,35.347,16.309,1
C4478,CG2,23.936,-3.563,1.16,2021-05-25,23.415,18.581,32.431,16.309,1
C4479,CG2,23.936,-3.553,1.16,2021-05-25,24.596,18.581,32.417,16.309,1
C4480,CG2,23.935,-3.533,3.123,2021-06-30,17.12,15.0,32.641,16.309,1
C4481,CG2,23.955,-3.442,1.16,2021-07-12,16.37,14.226,29.092,16.309,1
C4482,CG2,23.958,-3.582,1.16,2021-05-25,22.17,18.581,29.097,16.309,1
C4483,CG2,23.958,-3.586,1.16,2021-05-13,23.414,19.742,35.996,16.309,1
C4484,CG2,23.983,-3.608,1.16,2021-12-15,1.548,1.548,19.576,16.309,1
C4485,CG2,23.984,-3.494,1.16,2021-02-18,26.537,26.714,30.305,16.309,1
C4486,CG2,23.987,-3.495,1.071,2021-05-13,20.319,19.742,28.963,16.309,1
C4487,CG2,23.992,-3.606,2.498,2021-05-01,26.306,20.903,29.294,16.309,1
C4488,CG2,23.993,-3.477,1.428,2021-06-18,15.959,16.2,29.622,16.309,1
C4489,CG2,23.994,-3.448,1.963,2021-04-07,23.615,22.533,37.733,16.309,1
C4490,CG2,23.995,-3.451,1.696,2021-05-13,22.051,19.742,37.26,16.309,1
C4491,CG2,23.997,-3.446,1.785,2021-04-19,24.6,21.733,35.142,16.309,1
C4492,CG2,23.997,-3.432,1.339,2022-05-20,0.0,0.0,21.474,16.309,1
C4493,CG2,24.002,-3.497,4.997,2021-02-18,25.33,26.714,43.852,16.309,1
C4494,CG2,24.013,-3.618,1.695,2021-05-13,47.65,19.742,27.717,16.309,1
C4495,CG2,24.013,-3.614,1.16,2021-05-13,42.554,19.742,30.642,16.309,1
C4496,CG2,24.015,-3.614,1.16,2021-04-19,51.367,21.733,26.943,16.309,1
C4497,CG2,24.021,-3.428,1.071,2021-04-19,22.733,21.733,29.847,16.309,1
C4498,CG2,24.022,-3.51,1.695,2021-02-06,28.632,27.571,33.631,16.309,1
C4499,CG2,24.025,-3.43,2.053,2021-05-13,20.499,19.742,25.418,16.309,1
C4500,CG2,24.025,-3.507,1.249,2021-04-19,24.89,21.733,38.93,16.309,1
C4501,CG2,24.024,-3.491,1.071,2021-05-25,21.399,18.581,30.987,16.309,1
C4502,CG2,24.027,-3.435,1.339,2021-05-01,20.338,20.903,33.259,16.309,1
C4503,CG2,24.028,-3.502,2.409,2021-04-07,25.705,22.533,31.931,16.309,1
C4504,CG2,24.029,-3.538,1.428,2021-05-13,25.332,19.742,29.977,16.309,1
C4505,CG2,24.032,-3.444,1.339,2021-02-06,24.667,27.571,34.516,16.309,1
C4506,CG2,24.033,-3.595,2.32,2021-06-06,22.576,17.4,21.765,16.309,1
C4507,CG2,24.033,-3.423,1.071,2021-07-12,13.032,14.226,30.41,16.309,1
C4508,CG2,24.033,-3.434,3.659,2021-04-07,19.985,22.533,40.718,16.309,1
C4509,CG2,24.033,-3.44,1.963,2021-05-01,20.405,20.903,32.235,16.309,1
C4510,CG2,24.033,-3.59,2.498,2021-06-30,18.705,15.0,25.224,16.309,1
C4511,CG2,24.035,-3.425,1.428,2021-08-05,10.873,12.516,28.978,16.309,1
C4512,CG2,24.034,-3.599,3.569,2021-07-12,17.638,14.226,25.71,16.309,1
C4513,CG2,24.037,-3.583,1.338,2021-07-12,17.056,14.226,25.146,16.309,1
C4514,CG2,24.038,-3.586,2.052,2021-07-12,16.002,14.226,23.054,16.309,1
C4515,CG2,24.041,-3.591,9.101,2021-03-02,27.728,25.806,44.33,16.309,1
C4516,CG2,24.041,-3.585,1.695,2021-04-19,26.386,21.733,27.331,16.309,1
C4517,CG2,24.044,-3.588,1.606,2021-04-07,27.247,22.533,33.029,16.309,1
C4518,CG2,24.044,-3.622,1.071,2021-05-01,49.669,20.903,40.05,16.309,1
C4519,CG2,24.046,-3.589,2.588,2021-03-26,25.808,23.484,34.326,16.309,1
C4520,CG2,24.048,-3.635,4.015,2021-04-07,46.354,22.533,33.962,16.309,1
C4521,CG2,24.049,-3.639,1.338,2021-05-13,43.597,19.742,27.807,16.309,1
C4522,CG2,24.054,-3.442,1.16,2021-04-19,19.042,21.733,35.334,16.309,1
C4523,CG2,24.058,-3.589,6.246,2021-06-06,22.51,17.4,23.104,16.309,1
C4524,CG2,24.062,-3.633,1.784,2021-07-12,31.938,14.226,27.595,16.309,1
C4525,CG2,24.066,-3.63,2.052,2021-05-13,47.154,19.742,32.262,16.309,1
C4527,CG2,24.07,-3.481,1.606,2021-03-14,27.426,24.645,43.882,16.309,1
C4528,CG2,24.081,-3.495,1.071,2021-05-01,27.096,20.903,32.668,16.309,1
C4531,CG2,24.095,-3.629,2.052,2021-07-24,29.601,13.452,26.522,16.309,1
C4532,CG2,24.113,-3.634,2.141,2021-06-30,36.949,15.0,32.549,16.309,1
C4533,CG2,24.116,-3.635,3.123,2021-06-06,43.304,17.4,34.704,16.309,1
C4535,CG2,24.122,-3.536,1.428,2021-05-25,24.183,18.581,30.874,16.309,1
C4538,CG2,24.133,-3.638,3.301,2021-09-10,16.48,9.333,24.828,16.309,1
C4539,CG2,24.141,-3.639,1.963,2021-09-10,16.36,9.333,21.972,16.309,1
C4540,CG2,24.147,-3.609,1.071,2021-10-28,4.194,5.29,17.956,16.309,1
C4541,CG2,24.148,-3.633,4.193,2021-07-12,31.094,14.226,26.293,16.309,1
C4543,CG2,24.151,-3.615,3.123,2022-06-13,0.0,0.0,24.537,16.309,1
C4546,CG2,24.153,-3.615,2.32,2022-04-02,0.0,0.0,25.396,16.309,1
C4547,CG2,24.157,-3.605,9.547,2021-06-06,19.64,17.4,25.899,16.309,1
C4548,CG2,24.156,-3.61,3.747,2021-08-17,12.395,11.355,28.407,16.309,1
C4549,CG2,24.157,-3.613,1.874,2021-10-04,6.666,7.613,21.588,16.309,1
C4550,CG2,24.156,-3.631,4.104,2021-08-17,24.098,11.355,24.119,16.309,1
C4551,CG2,24.157,-3.628,2.141,2021-11-09,6.1,4.4,21.931,16.309,1
C4552,CG2,24.158,-3.474,1.517,2021-05-25,21.012,18.581,39.722,16.309,1
C4553,CG2,24.162,-3.595,1.071,2021-02-18,26.357,26.714,31.061,16.309,1
C4554,CG2,24.162,-3.471,1.428,2021-05-25,22.832,18.581,36.407,16.309,1
C4555,CG2,24.163,-3.475,1.696,2021-05-13,23.068,19.742,33.92,16.309,1
C4556,CG2,24.164,-3.461,1.16,2021-06-18,16.832,16.2,34.715,16.309,1
C4557,CG2,24.164,-3.458,1.606,2021-03-14,25.239,24.645,43.472,16.309,1
C4558,CG2,24.172,-3.605,1.785,2021-10-04,6.712,7.613,24.942,16.309,1
C4559,CG2,24.175,-3.601,4.997,2021-09-10,8.667,9.333,29.655,16.309,1
C4560,CG2,24.175,-3.474,1.517,2021-03-26,25.364,23.484,41.497,16.309,1
C4561,CG2,24.176,-3.591,4.461,2021-10-04,5.799,7.613,26.001,16.309,1
C4562,CG2,24.179,-3.6,1.071,2021-11-09,4.4,4.4,24.871,16.309,1
C4563,CG2,24.18,-3.598,2.141,2021-10-16,5.484,6.452,27.769,16.309,1
C4564,CG2,24.183,-3.627,1.784,2021-05-25,41.374,18.581,34.684,16.309,1
C4565,CG2,24.185,-3.594,1.16,2021-08-05,12.355,12.516,32.674,16.309,1
C4566,CG2,24.186,-3.592,2.409,2021-08-05,12.892,12.516,26.183,16.309,1
C4567,CG2,24.188,-3.634,2.855,2021-04-19,45.432,21.733,24.456,16.309,1
C4568,CG2,24.189,-3.639,3.926,2021-06-18,34.886,16.2,26.702,16.309,1
C4569,CG2,24.193,-3.569,1.071,2021-06-06,21.408,17.4,23.068,16.309,1
C4570,CG2,24.194,-3.493,1.339,2021-05-13,21.264,19.742,31.235,16.309,1
C4571,CG2,24.196,-3.52,1.071,2021-01-13,28.037,29.742,42.016,16.309,1
C4572,CG2,24.198,-3.543,1.517,2021-05-13,23.279,19.742,39.225,16.309,1
C4573,CG2,24.2,-3.599,2.32,2021-07-12,16.114,14.226,30.359,16.309,1
C4574,CG2,23.302,-3.412,1.16,2021-05-30,19.422,17.065,36.769,16.309,1
C4575,CG2,23.304,-3.303,1.25,2021-05-06,23.505,18.613,25.036,16.309,1
C4576,CG2,23.307,-3.219,1.339,2021-04-12,24.665,20.2,31.015,16.309,1
C4577,CG2,23.315,-3.217,1.16,2021-04-24,22.66,19.4,25.176,16.309,1
C4578,CG2,23.315,-3.346,1.428,2021-09-15,6.0,8.5,24.655,16.309,1
C4579,CG2,23.318,-3.217,1.517,2021-05-30,18.491,17.065,33.384,16.309,1
C4580,CG2,23.316,-3.345,1.874,2021-06-23,14.808,15.467,25.892,16.309,1
C4581,CG2,23.318,-3.215,1.25,2021-06-11,17.075,16.267,29.656,16.309,1
C4582,CG2,23.322,-3.21,1.607,2021-06-23,16.977,15.467,36.697,16.309,1
C4583,CG2,23.322,-3.215,1.607,2021-05-06,21.959,18.613,31.432,16.309,1
C4584,CG2,23.322,-3.212,1.696,2021-05-06,22.625,18.613,38.932,16.309,1
C4585,CG2,23.33,-3.247,1.696,2021-06-11,18.942,16.267,25.851,16.309,1
C4586,CG2,23.334,-3.249,1.339,2021-05-06,22.177,18.613,36.586,16.309,1
C4587,CG2,23.342,-3.233,1.339,2021-03-31,22.184,21.0,30.406,16.309,1
C4588,CG2,23.346,-3.363,1.249,2021-05-30,19.631,17.065,36.836,16.309,1
C4589,CG2,23.353,-3.355,3.302,2021-04-12,22.495,20.2,41.101,16.309,1
C4590,CG2,23.356,-3.284,1.16,2021-05-30,18.981,17.065,30.151,16.309,1
C4591,CG2,23.358,-3.389,3.124,2021-06-11,18.875,16.267,26.376,16.309,1
C4592,CG2,23.358,-3.408,1.071,2021-05-06,24.393,18.613,35.351,16.309,1
C4593,CG2,23.359,-3.387,1.517,2021-09-15,7.5,8.5,23.317,16.309,1
C4594,CG2,23.366,-3.412,2.677,2021-05-30,21.409,17.065,25.73,16.309,1
C4595,CG2,23.367,-3.414,1.428,2021-05-06,22.399,18.613,28.626,16.309,1
C4597,CG2,23.372,-3.403,3.034,2021-09-27,6.783,7.3,25.578,16.309,1
C4599,CG2,23.374,-3.402,4.105,2021-05-30,21.74,17.065,26.326,16.309,1
C4600,CG2,23.374,-3.404,1.16,2021-08-22,10.829,10.581,24.407,16.309,1
C4601,CG2,23.378,-3.403,4.284,2021-07-29,12.572,12.194,31.022,16.309,1
C4602,CG2,23.38,-3.412,1.428,2021-07-05,16.218,14.516,28.224,16.309,1
C4603,CG2,23.382,-3.402,2.677,2022-01-01,0.0,0.0,22.342,16.309,1
C4604,CG2,23.382,-3.334,1.071,2021-05-06,22.151,18.613,32.908,16.309,1
C4605,CG2,23.383,-3.414,1.428,2021-04-12,26.361,20.2,34.073,16.309,1
C4606,CG2,23.383,-3.398,1.16,2021-06-11,18.116,16.267,29.416,16.309,1
C4607,CG2,23.385,-3.405,1.517,2021-05-30,19.326,17.065,30.574,16.309,1
C4608,CG2,23.385,-3.415,1.249,2021-05-30,21.906,17.065,33.298,16.309,1
C4609,CG2,23.387,-3.399,2.677,2021-09-15,6.005,8.5,25.719,16.309,1
C4610,CG2,23.387,-3.333,1.607,2021-04-24,22.614,19.4,33.113,16.309,1
C4611,CG2,23.388,-3.403,3.302,2021-05-30,20.176,17.065,24.285,16.309,1
C4612,CG2,23.388,-3.354,1.071,2021-05-06,21.184,18.613,35.846,16.309,1
C4613,CG2,23.39,-3.405,1.339,2021-09-15,6.09,8.5,18.565,16.309,1
C4614,CG2,23.39,-3.394,1.785,2021-04-12,24.426,20.2,30.771,16.309,1
C4615,CG2,23.391,-3.407,1.249,2021-05-06,21.947,18.613,23.559,16.309,1
C4616,CG2,23.392,-3.37,1.249,2021-04-24,21.407,19.4,32.744,16.309,1
C4617,CG2,23.391,-3.396,2.856,2021-09-03,8.786,9.7,25.853,16.309,1
C4618,CG2,23.4,-3.349,1.249,2021-03-31,22.868,21.0,33.974,16.309,1
C4619,CG2,23.401,-3.348,1.339,2021-03-31,22.995,21.0,34.772,16.309,1
C4620,CG2,23.408,-3.398,1.339,2021-04-12,25.194,20.2,30.586,16.309,1
C4621,CG2,23.41,-3.368,1.785,2021-05-30,20.409,17.065,34.162,16.309,1
C4623,CG2,23.412,-3.347,1.249,2022-03-26,0.0,0.0,15.903,16.309,0
C4624,CG2,23.413,-3.368,1.963,2021-03-19,23.034,22.161,40.473,16.309,1
C4625,CG2,23.412,-3.345,1.606,2021-03-31,23.465,21.0,28.168,16.309,1
C4626,CG2,23.414,-3.349,1.071,2021-05-30,19.01,17.065,31.035,16.309,1
C4627,CG2,23.414,-3.352,2.231,2021-04-24,21.226,19.4,33.713,16.309,1
C4628,CG2,23.419,-3.35,1.249,2021-09-27,4.977,7.3,20.196,16.309,1
C4629,CG2,23.421,-3.408,1.249,2021-07-05,14.705,14.516,28.89,16.309,1
C4630,CG2,23.428,-3.195,1.071,2021-05-30,19.734,17.065,38.238,16.309,1
C4631,CG2,23.432,-3.197,2.142,2021-04-12,21.506,20.2,34.955,16.309,1
C4632,CG2,23.433,-3.352,1.517,2021-05-06,21.419,18.613,31.285,16.309,1
C4633,CG2,23.438,-3.343,1.785,2021-03-31,23.849,21.0,39.443,16.309,1
C4634,CG2,23.448,-3.303,1.517,2021-06-11,19.873,16.267,28.698,16.309,1
C4635,CG2,23.453,-3.402,2.588,2022-01-25,0.0,0.0,25.627,16.309,1
C4636,CG2,23.453,-3.341,1.071,2021-06-23,14.265,15.467,21.761,16.309,1
C4637,CG2,23.457,-3.29,1.517,2021-08-10,12.973,11.355,22.879,16.309,1
C4638,CG2,23.458,-3.292,1.16,2021-09-03,10.217,9.7,25.034,16.309,1
C4639,CG2,23.459,-3.365,1.071,2021-06-11,19.12,16.267,32.358,16.309,1
C4640,CG2,23.47,-3.194,3.392,2021-05-06,21.723,18.613,39.294,16.309,1
C4641,CG2,23.47,-3.253,4.106,2021-04-12,23.497,20.2,33.324,16.309,1
C4642,CG2,23.472,-3.411,1.16,2021-04-12,23.064,20.2,24.079,16.309,1
C4643,CG2,23.476,-3.312,1.696,2022-04-19,0.0,0.0,14.845,16.309,0
C4644,CG2,23.476,-3.196,3.303,2021-04-12,21.855,20.2,33.754,16.309,1
C4645,CG2,23.48,-3.226,3.213,2022-02-18,0.0,0.0,20.36,16.309,1
C4646,CG2,23.48,-3.195,2.499,2021-05-06,21.909,18.613,37.899,16.309,1
C4647,CG2,23.486,-3.193,4.017,2021-05-30,18.596,17.065,33.062,16.309,1
C4648,CG2,23.488,-3.266,1.607,2021-05-30,19.2,17.065,28.863,16.309,1
C4649,CG2,23.497,-3.276,1.25,2021-05-06,21.88,18.613,29.297,16.309,1
C4650,CG2,23.498,-3.296,1.428,2021-04-12,27.189,20.2,27.418,16.309,1
C4651,CG2,23.498,-3.326,1.071,2021-05-30,23.088,17.065,26.368,16.309,1
C4652,CG2,23.5,-3.321,1.696,2021-04-24,25.635,19.4,26.113,16.309,1
C4653,CG2,23.5,-3.193,1.875,2021-05-30,19.768,17.065,37.036,16.309,1
C4654,CG2,23.502,-3.315,1.874,2021-05-30,20.269,17.065,25.892,16.309,1
C4655,CG2,23.502,-3.26,1.339,2021-06-23,13.465,15.467,26.808,16.309,1
C4656,CG2,23.503,-3.382,1.16,2021-06-23,14.913,15.467,24.38,16.309,1
C4657,CG2,23.506,-3.411,1.16,2022-09-10,0.0,0.0,18.8,16.309,1
C4658,CG2,23.507,-3.384,1.16,2021-03-31,20.655,21.0,34.286,16.309,1
C4659,CG2,23.507,-3.403,1.071,2021-11-14,3.0,3.6,20.476,16.309,1
C4660,CG2,23.507,-3.332,1.25,2021-07-05,13.105,14.516,24.806,16.309,1
C4662,CG2,23.512,-3.347,1.606,2021-07-29,10.943,12.194,24.005,16.309,1
C4663,CG2,23.511,-3.417,2.856,2021-02-23,24.973,24.357,33.435,16.309,1
C4664,CG2,23.511,-3.335,1.428,2021-05-30,20.058,17.065,33.051,16.309,1
C4665,CG2,23.512,-3.343,1.606,2021-05-06,19.394,18.613,29.24,16.309,1
C4666,CG2,23.513,-3.393,2.142,2021-04-12,20.367,20.2,28.502,16.309,1
C4667,CG2,23.514,-3.279,1.25,2022-03-26,0.0,0.0,19.46,16.309,1
C4668,CG2,23.515,-3.394,1.16,2021-05-30,17.612,17.065,31.402,16.309,1
C4669,CG2,23.516,-3.268,1.607,2021-05-30,20.561,17.065,26.669,16.309,1
C4670,CG2,23.517,-3.408,1.071,2021-06-11,15.87,16.267,25.66,16.309,1
C4671,CG2,23.52,-3.337,1.16,2021-07-05,13.424,14.516,30.477,16.309,1
C4672,CG2,23.521,-3.285,1.339,2021-05-30,21.78,17.065,23.015,16.309,1
C4673,CG2,23.521,-3.293,1.785,2021-02-23,26.584,24.357,30.753,16.309,1
C4674,CG2,23.524,-3.329,1.785,2021-05-30,21.341,17.065,31.745,16.309,1
C4675,CG2,23.525,-3.408,1.428,2021-07-29,10.687,12.194,22.816,16.309,1
C4676,CG2,23.527,-3.292,1.071,2021-06-23,15.827,15.467,31.049,16.309,1
C4677,CG2,23.527,-3.303,2.321,2021-01-30,25.547,26.097,32.782,16.309,1
C4678,CG2,23.527,-3.284,1.696,2021-05-30,20.046,17.065,28.591,16.309,1
C4679,CG2,23.529,-3.266,2.678,2021-05-30,18.807,17.065,24.327,16.309,1
C4680,CG2,23.53,-3.28,3.749,2021-04-12,22.456,20.2,27.602,16.309,1
C4681,CG2,23.532,-3.392,1.16,2021-06-11,15.337,16.267,16.729,16.309,1
C4682,CG2,23.533,-3.302,1.25,2021-07-05,13.12,14.516,22.28,16.309,1
C4683,CG2,23.534,-3.385,1.963,2021-05-06,17.971,18.613,24.9,16.309,1
C4684,CG2,23.535,-3.39,1.249,2021-06-11,15.018,16.267,25.201,16.309,1
C4685,CG2,23.535,-3.283,1.607,2021-04-12,21.913,20.2,27.192,16.309,1
C4686,CG2,23.536,-3.282,1.339,2021-04-24,21.391,19.4,33.027,16.309,1
C4687,CG2,23.537,-3.372,1.606,2021-07-05,11.952,14.516,17.617,16.309,1
C4688,CG2,23.537,-3.236,1.25,2021-05-06,22.219,18.613,31.331,16.309,1
C4689,CG2,23.538,-3.386,5.087,2021-07-29,10.82,12.194,20.567,16.309,1
C4690,CG2,23.539,-3.28,1.785,2021-01-06,24.403,28.419,21.337,16.309,1
C4691,CG2,23.541,-3.386,4.552,2021-05-06,19.918,18.613,22.568,16.309,1
C4692,CG2,23.541,-3.39,2.231,2021-05-06,17.907,18.613,20.756,16.309,1
C4693,CG2,23.543,-3.373,1.696,2021-07-17,10.75,13.355,20.687,16.309,1
C4694,CG2,23.544,-3.295,2.678,2021-05-06,21.889,18.613,28.794,16.309,1
C4696,CG2,23.545,-3.265,2.945,2021-05-06,20.212,18.613,25.984,16.309,1
C4698,CG2,23.547,-3.269,1.16,2021-06-11,19.002,16.267,23.331,16.309,1
C4699,CG2,23.547,-3.256,1.964,2021-05-30,19.485,17.065,30.372,16.309,1
C4700,CG2,23.546,-3.385,13.565,2021-06-11,16.386,16.267,22.589,16.309,1
C4701,CG2,23.548,-3.378,1.249,2021-07-17,10.999,13.355,22.001,16.309,1
C4702,CG2,23.548,-3.363,1.606,2021-08-10,11.052,11.355,23.257,16.309,1
C4703,CG2,23.55,-3.378,2.142,2021-02-11,23.184,25.214,24.991,16.309,1
C4704,CG2,23.551,-3.38,1.16,2021-05-30,17.065,17.065,29.123,16.309,1
C4705,CG2,23.551,-3.245,1.071,2021-06-11,18.031,16.267,27.207,16.309,1
C4706,CG2,23.552,-3.32,1.607,2021-05-06,21.078,18.613,31.528,16.309,1
C4707,CG2,23.552,-3.383,1.16,2021-09-03,5.649,9.7,21.292,16.309,1
C4708,CG2,23.552,-3.363,2.856,2021-05-06,20.199,18.613,35.668,16.309,1
C4709,CG2,23.555,-3.229,1.16,2021-05-30,19.922,17.065,26.91,16.309,1
C4710,CG2,23.556,-3.279,1.517,2021-05-30,20.167,17.065,27.451,16.309,1
C4711,CG2,23.556,-3.38,5.533,2021-05-30,17.044,17.065,23.625,16.309,1
C4712,CG2,23.558,-3.299,1.874,2021-05-30,19.719,17.065,31.378,16.309,1
C4713,CG2,23.559,-3.295,1.517,2021-02-23,26.43,24.357,31.876,16.309,1
C4714,CG2,23.559,-3.3,1.25,2021-07-17,11.999,13.355,22.083,16.309,1
C4715,CG2,23.56,-3.362,1.249,2021-08-10,11.036,11.355,22.094,16.309,1
C4716,CG2,23.565,-3.227,1.517,2021-04-24,20.113,19.4,30.37,16.309,1
C4717,CG2,23.57,-3.21,1.16,2021-05-30,15.218,17.065,23.25,16.309,1
C4718,CG2,23.57,-3.192,2.41,2021-04-24,19.694,19.4,29.214,16.309,1
C4719,CG2,23.575,-3.193,1.25,2021-05-06,18.372,18.613,22.037,16.309,1
C4720,CG2,23.577,-3.202,1.964,2021-06-11,15.558,16.267,22.794,16.309,1
C4721,CG2,23.578,-3.293,1.25,2021-05-30,16.927,17.065,34.995,16.309,1
C4722,CG2,23.578,-3.341,1.071,2022-07-12,0.0,0.0,22.416,16.309,1
C4723,CG2,23.579,-3.329,3.124,2021-05-06,19.461,38.403,30.291,16.309,1
C4724,CG2,23.581,-3.198,1.517,2021-06-11,14.059,16.267,29.548,16.309,1
C4725,CG2,23.583,-3.232,1.16,2021-06-23,13.029,15.467,20.526,16.309,1
C4726,CG2,23.583,-3.336,1.16,2021-09-03,7.64,19.5,22.13,16.309,1
C4727,CG2,23.584,-3.341,1.963,2021-09-03,8.661,19.5,22.975,16.309,1
C4728,CG2,23.584,-3.334,1.25,2022-02-06,0.0,0.0,18.557,16.309,1
C4729,CG2,23.585,-3.197,2.856,2021-05-30,17.34,17.065,29.009,16.309,1
C4730,CG2,23.587,-3.341,2.945,2021-06-11,18.436,33.167,26.478,16.309,1
C4731,CG2,23.592,-3.286,1.071,2021-06-11,15.182,33.167,23.424,16.309,1
C4732,CG2,23.593,-3.199,1.785,2021-07-05,11.178,14.516,15.931,16.309,0
C4733,CG2,23.595,-3.213,1.16,2021-05-30,15.833,17.065,25.65,16.309,1
C4734,CG2,23.595,-3.245,1.964,2021-05-30,19.54,17.065,33.127,16.309,1
C4735,CG2,23.599,-3.211,2.321,2021-06-23,12.4,15.467,26.471,16.309,1
C4736,CG2,23.601,-3.212,1.517,2021-06-23,12.238,15.467,24.116,16.309,1
C4737,CG2,23.601,-3.198,1.071,2021-06-11,14.322,16.267,21.07,16.309,1
C4738,CG2,23.601,-3.308,1.16,2021-04-12,18.769,42.4,32.667,16.309,1
C4739,CG2,23.603,-3.236,4.998,2021-03-31,20.763,44.0,34.527,16.309,1
C4740,CG2,23.606,-3.233,1.25,2021-04-12,19.759,42.4,29.822,16.309,1
C4741,CG2,23.609,-3.196,1.428,2021-05-06,19.196,39.032,27.377,16.309,1
C4742,CG2,23.61,-3.215,1.428,2021-09-03,6.742,19.5,20.79,16.309,1
C4743,CG2,23.61,-3.32,1.25,2021-05-06,18.231,39.032,31.457,16.309,1
C4744,CG2,23.611,-3.228,4.463,2021-04-24,19.076,40.8,29.157,16.309,1
C4745,CG2,23.611,-3.223,1.874,2021-06-11,15.71,33.167,25.185,16.309,1
C4746,CG2,23.612,-3.213,1.16,2021-09-03,6.62,19.5,19.013,16.309,1
C4747,CG2,23.613,-3.234,1.071,2021-07-29,10.544,25.323,21.286,16.309,1
C4748,CG2,23.612,-3.236,1.428,2021-04-12,20.461,42.4,30.91,16.309,1
C4749,CG2,23.613,-3.283,1.16,2021-06-11,16.629,33.167,26.186,16.309,1
C4751,CG2,23.614,-3.221,1.16,2021-01-06,25.091,58.839,41.747,16.309,1
C4752,CG2,23.614,-3.285,2.588,2021-06-11,17.727,33.167,25.033,16.309,1
C4753,CG2,23.615,-3.232,1.696,2021-05-30,19.11,35.161,25.632,16.309,1
C4754,CG2,23.616,-3.238,1.071,2021-06-11,17.187,33.167,22.139,16.309,1
C4755,CG2,23.617,-3.286,1.607,2021-05-30,18.107,35.161,31.27,16.309,1
C4756,CG2,23.618,-3.287,1.339,2021-05-06,20.907,39.032,30.88,16.309,1
C4757,CG2,23.619,-3.399,1.339,2021-07-29,11.738,25.323,27.969,16.309,1
C4758,CG2,23.62,-3.302,1.25,2021-05-30,18.14,35.161,30.733,16.309,1
C4759,CG2,23.627,-3.327,1.071,2021-06-11,13.771,33.167,32.934,16.309,1
C4760,CG2,23.629,-3.325,1.25,2021-08-22,5.894,21.452,23.231,16.309,1
C4761,CG2,23.632,-3.269,1.785,2021-05-30,19.06,35.161,31.499,16.309,1
C4762,CG2,23.636,-3.282,1.339,2021-05-30,18.246,35.161,34.679,16.309,1
C4763,CG2,23.637,-3.276,1.071,2021-04-12,21.911,42.4,35.988,16.309,1
C4764,CG2,23.638,-3.222,2.678,2021-06-23,15.132,31.167,24.372,16.309,1
C4765,CG2,23.641,-3.325,1.874,2021-05-30,15.855,35.161,30.486,16.309,1
C4766,CG2,23.641,-3.295,1.696,2021-05-06,19.832,39.032,37.203,16.309,1
C4767,CG2,23.644,-3.217,8.926,2021-05-30,17.898,35.161,34.241,16.309,1
C4768,CG2,23.656,-3.194,1.964,2021-04-24,20.711,40.8,36.58,16.309,1
C4769,CG2,23.656,-3.233,1.16,2021-06-11,16.107,33.167,22.266,16.309,1
C4770,CG2,23.657,-3.259,4.106,2021-01-18,27.106,56.516,31.333,16.309,1
C4771,CG2,23.657,-3.228,1.071,2021-04-12,19.823,42.4,32.895,16.309,1
C4772,CG2,23.661,-3.209,2.321,2021-06-23,18.654,31.167,27.021,16.309,1
C4773,CG2,23.668,-3.219,1.607,2021-06-11,20.188,33.167,24.877,16.309,1
C4774,CG2,23.669,-3.239,1.25,2021-06-11,16.334,33.167,23.263,16.309,1
C4775,CG2,23.67,-3.288,2.588,2021-03-31,22.649,44.0,25.046,16.309,1
C4776,CG2,23.669,-3.216,1.874,2021-06-11,17.918,33.167,30.263,16.309,1
C4777,CG2,23.671,-3.28,1.607,2021-05-13,22.153,37.903,25.023,16.309,1
C4778,CG2,23.672,-3.215,3.66,2021-05-30,20.462,35.161,29.548,16.309,1
C4780,CG2,23.672,-3.302,2.231,2021-09-03,6.098,19.5,20.451,16.309,1
C4781,CG2,23.674,-3.306,4.016,2021-08-17,8.245,22.258,24.203,16.309,1
C4782,CG2,23.674,-3.361,1.071,2021-06-11,14.564,33.167,26.822,16.309,1
C4783,CG2,23.674,-3.272,2.231,2021-05-25,22.046,35.968,25.117,16.309,1
C4784,CG2,23.675,-3.349,1.785,2021-05-13,18.161,37.903,34.183,16.309,1
C4785,CG2,23.675,-3.353,2.945,2021-02-11,24.528,52.429,28.267,16.309,1
C4786,CG2,23.676,-3.345,1.874,2021-06-06,17.846,34.0,19.826,16.309,1
C4787,CG2,23.676,-3.206,3.035,2021-01-30,27.977,54.194,29.378,16.309,1
C4788,CG2,23.678,-3.309,2.41,2021-07-05,12.677,29.194,26.595,16.309,1
C4789,CG2,23.677,-3.318,1.874,2021-06-23,13.628,31.167,24.672,16.309,1
C4790,CG2,23.678,-3.205,2.053,2021-03-19,24.553,46.323,34.476,16.309,1
C4791,CG2,23.68,-3.229,1.517,2021-06-06,17.628,34.0,28.521,16.309,1
C4792,CG2,23.68,-3.307,1.696,2021-05-06,20.405,39.032,25.418,16.309,1
C4793,CG2,23.683,-3.195,1.517,2021-06-30,16.196,30.0,24.049,16.309,1
C4794,CG2,23.683,-3.381,1.249,2021-06-11,17.6,33.167,34.466,16.309,1
C4795,CG2,23.684,-3.235,1.785,2021-06-30,16.835,30.0,25.808,16.309,1
C4796,CG2,23.685,-3.338,1.428,2021-09-03,7.208,19.5,22.329,16.309,1
C4797,CG2,23.686,-3.235,1.517,2021-05-13,21.862,37.903,31.004,16.309,1
C4798,CG2,23.687,-3.412,1.071,2021-05-01,20.935,39.839,36.359,16.309,1
C4799,CG2,23.689,-3.193,2.053,2021-07-05,16.448,29.194,23.522,16.309,1
C4800,CG2,23.69,-3.227,1.785,2021-04-12,21.225,42.4,28.381,16.309,1
C4801,CG2,23.69,-3.231,2.41,2021-06-18,16.021,32.0,24.325,16.309,1
C4802,CG2,23.691,-3.21,1.16,2022-06-06,0.0,0.0,14.629,16.309,0
C4803,CG2,23.693,-3.379,1.16,2021-07-05,13.424,29.194,21.091,16.309,1
C4804,CG2,23.694,-3.226,3.035,2021-05-13,20.213,37.903,23.485,16.309,1
C4805,CG2,23.693,-3.382,1.428,2021-06-23,14.093,31.167,25.186,16.309,1
C4806,CG2,23.696,-3.374,1.517,2021-06-06,17.808,34.0,32.76,16.309,1
C4807,CG2,23.698,-3.359,1.428,2021-07-17,11.593,27.258,26.952,16.309,1
C4808,CG2,23.698,-3.382,1.963,2021-03-14,21.097,47.29,38.996,16.309,1
C4809,CG2,23.699,-3.234,1.874,2021-02-23,31.913,50.714,28.959,16.309,1
C4810,CG2,23.699,-3.384,2.677,2021-05-06,21.85,39.032,33.597,16.309,1
C4811,CG2,23.7,-3.391,1.071,2021-03-14,43.697,47.29,28.765,16.309,1
C4812,CG2,23.701,-3.204,1.25,2021-03-02,44.847,49.613,37.651,16.309,1
C4813,CG2,23.701,-3.374,2.41,2021-03-14,41.45,47.29,41.048,16.309,1
C4814,CG2,23.701,-3.378,2.41,2021-05-25,37.033,35.968,30.412,16.309,1
C4815,CG2,23.703,-3.256,4.909,2021-06-11,37.57,33.167,27.685,16.309,1
C4816,CG2,23.703,-3.246,1.16,2022-06-01,0.0,0.0,16.926,16.309,1
C4817,CG2,23.703,-3.387,1.874,2021-07-29,25.56,25.323,32.861,16.309,1
C4818,CG2,23.704,-3.408,1.249,2021-06-11,32.655,33.167,22.646,16.309,1
C4819,CG2,23.705,-3.237,2.767,2021-05-01,38.794,39.839,33.071,16.309,1
C4820,CG2,23.704,-3.38,3.481,2021-04-07,41.073,43.067,35.869,16.309,1
C4821,CG2,23.706,-3.197,4.552,2021-07-12,27.834,28.065,21.758,16.309,1
C4822,CG2,23.707,-3.4,1.606,2021-05-25,37.537,35.968,30.835,16.309,1
C4823,CG2,23.708,-3.261,1.696,2021-09-10,13.129,18.333,16.423,16.309,1
C4824,CG2,23.707,-3.23,2.856,2021-05-30,36.559,35.161,32.352,16.309,1
C4825,CG2,23.708,-3.239,1.339,2021-06-06,33.709,34.0,31.682,16.309,1
C4826,CG2,23.707,-3.201,6.248,2021-04-24,41.313,40.8,30.842,16.309,1
C4827,CG2,23.709,-3.194,6.695,2021-04-12,43.547,42.4,28.313,16.309,1
C4828,CG2,23.714,-3.393,1.428,2021-05-25,39.391,35.968,31.541,16.309,1
C4830,CG2,23.715,-3.391,1.606,2021-06-11,34.915,33.167,25.708,16.309,1
C4831,CG2,23.72,-3.381,1.428,2021-04-12,39.676,42.4,27.032,16.309,1
C4832,CG2,23.72,-3.214,5.713,2021-06-11,32.831,33.167,25.114,16.309,1
C4833,CG2,23.721,-3.283,2.231,2021-05-25,42.586,35.968,28.126,16.309,1
C4834,CG2,23.723,-3.217,1.339,2021-05-25,35.803,35.968,21.463,16.309,1
C4835,CG2,23.728,-3.243,2.231,2021-04-12,45.128,42.4,42.06,16.309,1
C4836,CG2,23.729,-3.368,1.071,2021-06-06,35.829,34.0,30.002,16.309,1
C4837,CG2,23.73,-3.383,1.696,2021-05-13,38.133,37.903,36.129,16.309,1
C4838,CG2,23.73,-3.412,1.071,2021-06-06,34.917,34.0,28.44,16.309,1
C4839,CG2,23.733,-3.238,1.785,2021-08-29,10.981,20.323,22.624,16.309,1
C4840,CG2,23.734,-3.236,1.071,2021-06-11,28.822,33.167,23.469,16.309,1
C4841,CG2,23.734,-3.366,1.428,2021-05-25,41.134,35.968,31.636,16.309,1
C4842,CG2,23.736,-3.411,1.16,2021-07-24,19.648,26.129,21.36,16.309,1
C4843,CG2,23.737,-3.215,1.25,2021-05-13,40.482,37.903,27.152,16.309,1
C4845,CG2,23.739,-3.277,2.053,2021-06-06,37.701,34.0,27.587,16.309,1
C4846,CG2,23.74,-3.347,1.874,2021-06-06,37.995,34.0,30.294,16.309,1
C4847,CG2,23.742,-3.193,1.071,2021-06-23,34.646,31.167,29.5,16.309,1
C4848,CG2,23.742,-3.389,1.696,2021-07-05,29.625,29.194,32.646,16.309,1
C4849,CG2,23.742,-3.416,1.339,2021-06-11,31.008,33.167,27.867,16.309,1
C4850,CG2,23.742,-3.394,1.963,2021-06-06,30.436,34.0,31.706,16.309,1
C4851,CG2,23.745,-3.399,1.16,2021-06-06,32.164,34.0,35.45,16.309,1
C4852,CG2,23.744,-3.397,1.249,2021-02-23,41.86,50.714,28.786,16.309,1
C4853,CG2,23.744,-3.243,1.25,2021-06-06,35.233,34.0,30.018,16.309,1
C4854,CG2,23.745,-3.241,1.16,2021-04-24,41.762,40.8,32.834,16.309,1
C4855,CG2,23.746,-3.339,2.856,2021-08-29,14.187,20.323,26.991,16.309,1
C4856,CG2,23.746,-3.403,1.339,2021-06-11,28.893,33.167,28.332,16.309,1
C4857,CG2,23.748,-3.25,1.25,2021-12-27,0.681,0.645,18.234,16.309,1
C4858,CG2,23.748,-3.203,1.071,2021-08-05,25.052,24.194,23.632,16.309,1
C4859,CG2,23.748,-3.395,1.428,2021-06-11,31.373,33.167,25.558,16.309,1
C4861,CG2,23.75,-3.215,2.142,2022-05-01,0.0,0.0,16.721,16.309,1
C4862,CG2,23.75,-3.411,3.213,2021-06-18,29.433,32.0,25.454,16.309,1
C4863,CG2,23.752,-3.41,1.428,2021-07-29,18.665,25.323,21.961,16.309,1
C4864,CG2,23.754,-3.407,1.606,2021-05-30,34.959,35.161,23.626,16.309,1
C4865,CG2,23.755,-3.38,1.339,2021-05-01,44.813,39.839,33.084,16.309,1
C4866,CG2,23.756,-3.22,1.696,2021-07-29,23.33,25.323,16.613,16.309,1
C4867,CG2,23.756,-3.401,1.339,2021-03-31,36.475,44.0,23.999,16.309,1
C4868,CG2,23.762,-3.249,3.481,2021-07-29,23.001,25.323,26.421,16.309,1
C4869,CG2,23.763,-3.313,1.874,2021-05-06,46.224,39.032,23.891,16.309,1
C4870,CG2,23.765,-3.381,1.249,2021-03-31,44.079,44.0,31.588,16.309,1
C4871,CG2,23.766,-3.412,1.16,2021-05-25,34.667,35.968,34.639,16.309,1
C4872,CG2,23.766,-3.375,1.517,2021-07-17,26.791,27.258,20.934,16.309,1
C4873,CG2,23.768,-3.29,2.41,2022-06-06,0.0,0.0,22.351,16.309,1
C4874,CG2,23.769,-3.297,1.964,2021-04-19,48.247,41.467,29.067,16.309,1
C4875,CG2,23.77,-3.214,1.071,2021-05-25,40.384,35.968,30.427,16.309,1
C4876,CG2,23.772,-3.327,1.964,2021-03-31,47.394,44.0,37.724,16.309,1
C4877,CG2,23.772,-3.302,1.874,2021-05-30,36.946,35.161,30.37,16.309,1
C4878,CG2,23.772,-3.368,1.696,2021-05-25,37.164,35.968,36.884,16.309,1
C4879,CG2,23.773,-3.39,3.213,2021-06-06,35.977,34.0,31.38,16.309,1
C4880,CG2,23.774,-3.305,1.874,2021-06-11,33.829,33.167,31.63,16.309,1
C4881,CG2,23.774,-3.256,2.053,2021-05-25,37.382,35.968,33.071,16.309,1
C4882,CG2,23.775,-3.397,4.284,2021-05-06,40.597,39.032,25.516,16.309,1
C4883,CG2,23.775,-3.381,1.339,2021-06-06,39.252,34.0,29.407,16.309,1
C4884,CG2,23.776,-3.378,1.071,2021-05-06,45.437,39.032,24.407,16.309,1
C4885,CG2,23.777,-3.195,1.428,2021-05-25,40.115,35.968,36.807,16.309,1
C4886,CG2,23.777,-3.374,2.856,2021-05-25,41.364,35.968,34.317,16.309,1
C4887,CG2,23.777,-3.402,1.16,2021-04-07,41.284,43.067,23.348,16.309,1
C4888,CG2,23.777,-3.393,1.874,2021-06-11,36.867,33.167,24.299,16.309,1
C4889,CG2,23.78,-3.311,2.053,2021-05-25,39.546,35.968,28.983,16.309,1
C4890,CG2,23.78,-3.375,1.249,2021-06-11,36.178,33.167,30.088,16.309,1
C4891,CG2,23.78,-3.197,2.678,2021-07-05,27.336,29.194,23.663,16.309,1
C4892,CG2,23.78,-3.315,1.25,2021-05-30,37.116,35.161,32.773,16.309,1
C4893,CG2,23.78,-3.414,1.249,2021-07-05,23.834,29.194,22.965,16.309,1
C4894,CG2,23.781,-3.349,1.249,2021-06-06,34.219,34.0,24.685,16.309,1
C4895,CG2,23.782,-3.407,3.391,2021-03-26,40.486,44.968,32.499,16.309,1
C4896,CG2,23.782,-3.271,1.25,2021-07-29,21.374,25.323,27.492,16.309,1
C4897,CG2,23.783,-3.406,3.57,2021-05-30,34.781,35.161,29.661,16.309,1
C4898,CG2,23.784,-3.273,1.517,2021-05-06,50.091,39.032,31.342,16.309,1
C4899,CG2,23.785,-3.407,1.249,2021-05-25,36.269,35.968,22.816,16.309,1
C4900,CG2,23.787,-3.382,1.071,2021-06-18,33.155,32.0,33.09,16.309,1
C4901,CG2,23.79,-3.375,2.142,2021-05-06,21.126,39.032,36.324,16.309,1
C4902,CG2,23.792,-3.202,3.303,2021-03-07,26.219,48.645,33.6,16.309,1
C4903,CG2,23.795,-3.383,1.428,2021-02-23,23.884,50.714,31.072,16.309,1
C4904,CG2,23.796,-3.256,1.696,2021-05-13,19.567,37.903,35.757,16.309,1
C4905,CG2,23.795,-3.386,1.874,2021-03-02,24.801,49.613,32.378,16.309,1
C4906,CG2,23.797,-3.392,1.696,2021-05-13,19.604,37.903,30.896,16.309,1
C4907,CG2,23.798,-3.402,2.053,2021-04-19,20.647,41.467,33.604,16.309,1
C4908,CG2,23.799,-3.356,1.428,2021-06-18,16.925,32.0,25.85,16.309,1
C4909,CG2,23.799,-3.322,1.874,2021-07-17,13.119,27.258,28.856,16.309,1
C4910,CG2,23.801,-3.374,1.071,2021-04-19,21.71,41.467,23.262,16.309,1
C4911,CG2,23.802,-3.319,1.517,2021-05-25,18.234,35.968,37.496,16.309,1
C4912,CG2,23.81,-3.356,2.053,2021-06-06,18.52,34.0,37.719,16.309,1
C4913,CG2,23.81,-3.415,1.963,2021-05-13,16.991,37.903,25.753,16.309,1
C4914,CG2,23.812,-3.386,1.249,2021-05-25,18.265,35.968,32.55,16.309,1
C4915,CG2,23.812,-3.398,3.748,2021-04-19,21.865,41.467,32.85,16.309,1
C4916,CG2,23.814,-3.381,1.606,2021-03-02,26.143,49.613,28.146,16.309,1
C4917,CG2,23.814,-3.394,2.053,2021-05-01,19.891,39.839,25.486,16.309,1
C4918,CG2,23.814,-3.367,1.071,2021-05-01,24.318,39.839,21.646,16.309,1
C4919,CG2,23.817,-3.291,1.785,2021-05-01,19.921,39.839,35.614,16.309,1
C4920,CG2,23.819,-3.404,4.016,2021-05-25,19.792,19.018,23.654,16.309,1
C4921,CG2,23.823,-3.288,2.053,2021-05-13,19.173,37.903,40.974,16.309,1
C4922,CG2,23.827,-3.334,2.321,2021-05-25,21.772,35.968,30.212,16.309,1
C4923,CG2,23.831,-3.329,1.071,2021-05-13,23.949,37.903,34.396,16.309,1
C4924,CG2,23.832,-3.308,1.696,2021-06-06,20.973,34.0,29.803,16.309,1
C4925,CG2,23.836,-3.295,1.428,2021-05-13,20.96,37.903,28.991,16.309,1
C4926,CG2,23.837,-3.334,1.071,2021-05-13,23.178,19.742,32.973,16.309,1
C4927,CG2,23.841,-3.212,1.071,2021-08-29,7.292,20.323,25.446,16.309,1
C4928,CG2,23.847,-3.352,1.339,2021-06-06,20.15,17.4,29.819,16.309,1
C4929,CG2,23.847,-3.36,1.785,2021-03-14,23.172,24.645,32.246,16.309,1
C4930,CG2,23.847,-3.4,1.16,2021-05-13,22.925,19.742,22.494,16.309,1
C4931,CG2,23.848,-3.209,1.517,2021-05-13,21.426,37.903,36.784,16.309,1
C4932,CG2,23.849,-3.358,1.16,2021-04-19,21.81,21.733,36.621,16.309,1
C4933,CG2,23.85,-3.405,1.071,2021-05-25,20.411,18.581,24.859,16.309,1
C4934,CG2,23.851,-3.208,1.696,2021-07-12,14.094,28.065,24.508,16.309,1
C4935,CG2,23.854,-3.326,1.25,2021-05-25,19.276,18.581,34.17,16.309,1
C4936,CG2,23.856,-3.352,1.696,2021-04-07,23.545,22.533,34.969,16.309,1
C4937,CG2,23.857,-3.359,3.213,2021-03-26,22.726,23.484,33.6,16.309,1
C4939,CG2,23.86,-3.35,1.16,2021-05-01,21.198,20.903,28.806,16.309,1
C4940,CG2,23.86,-3.209,1.517,2021-04-19,23.405,41.304,30.403,16.309,1
C4941,CG2,23.862,-3.231,1.071,2021-05-01,22.027,20.903,37.576,16.309,1
C4942,CG2,23.862,-3.344,1.339,2021-09-10,8.667,9.333,31.159,16.309,1
C4943,CG2,23.866,-3.202,1.785,2021-09-10,7.773,9.333,23.313,16.309,1
C4944,CG2,23.867,-3.266,1.607,2021-04-07,24.266,22.533,35.208,16.309,1
C4947,CG2,23.872,-3.241,2.231,2021-06-30,14.535,15.0,29.462,16.309,1
C4948,CG2,23.872,-3.345,2.41,2021-04-07,22.488,22.533,32.038,16.309,1
C4949,CG2,23.872,-3.406,1.249,2021-06-18,19.016,16.2,29.585,16.309,1
C4950,CG2,23.873,-3.303,1.428,2021-06-06,17.948,17.4,33.25,16.309,1
C4951,CG2,23.874,-3.329,1.607,2021-03-14,21.887,24.645,40.529,16.309,1
C4952,CG2,23.878,-3.332,1.607,2021-05-25,18.508,18.581,28.332,16.309,1
C4953,CG2,23.879,-3.415,1.785,2021-04-19,23.272,21.733,38.123,16.309,1
C4954,CG2,23.881,-3.396,2.053,2021-03-14,25.87,24.645,36.925,16.309,1
C4955,CG2,23.882,-3.405,1.071,2021-05-25,22.272,18.581,30.765,16.309,1
C4956,CG2,23.884,-3.215,1.964,2021-05-13,22.535,19.742,29.757,16.309,1
C4957,CG2,23.884,-3.314,1.25,2021-08-17,11.214,11.355,21.329,16.309,1
C4958,CG2,23.886,-3.38,1.071,2021-05-25,22.827,18.581,32.562,16.309,1
C4959,CG2,23.886,-3.356,1.428,2021-05-01,20.456,20.903,33.717,16.309,1
C4960,CG2,23.886,-3.193,1.071,2021-05-25,22.399,18.581,30.411,16.309,1
C4961,CG2,23.887,-3.377,1.428,2021-05-13,21.186,19.742,32.338,16.309,1
C4962,CG2,23.887,-3.413,1.874,2021-03-26,25.641,23.484,29.789,16.309,1
C4963,CG2,23.889,-3.325,1.607,2021-05-13,19.515,19.742,28.266,16.309,1
C4964,CG2,23.891,-3.204,1.25,2021-06-18,15.84,16.2,28.816,16.309,1
C4965,CG2,23.892,-3.382,1.249,2021-05-13,23.135,19.742,26.786,16.309,1
C4966,CG2,23.892,-3.361,1.785,2021-04-07,22.965,22.533,34.978,16.309,1
C4968,CG2,23.893,-3.245,1.25,2021-04-19,22.755,21.733,29.641,16.309,1
C4969,CG2,23.895,-3.223,1.339,2021-04-19,23.052,21.733,37.645,16.309,1
C4970,CG2,23.897,-3.248,10.622,2021-03-14,24.419,24.645,37.939,16.309,1
C4972,CG2,23.895,-3.414,3.927,2021-04-19,23.285,21.733,34.728,16.309,1
C4973,CG2,23.897,-3.227,2.499,2022-05-20,0.0,0.0,27.214,16.309,1
C4974,CG2,23.897,-3.253,1.339,2021-06-06,17.795,17.4,33.824,16.309,1
C4975,CG2,23.899,-3.23,1.339,2021-10-04,4.871,7.613,26.828,16.309,1
C4976,CG2,23.899,-3.253,2.588,2021-02-18,23.874,26.714,39.203,16.309,1
C4977,CG2,23.899,-3.415,1.16,2021-05-01,23.378,20.903,28.463,16.309,1
C4978,CG2,23.899,-3.227,3.303,2021-05-25,19.466,18.581,30.363,16.309,1
C4979,CG2,23.9,-3.239,2.053,2021-06-18,16.592,16.2,37.372,16.309,1
C4980,CG2,23.899,-3.236,1.339,2021-08-17,8.474,11.355,25.384,16.309,1
C4981,CG2,23.902,-3.346,2.767,2021-03-02,25.332,25.806,34.171,16.309,1
C4982,CG2,23.901,-3.225,2.946,2021-06-06,17.703,17.4,25.424,16.309,1
C4983,CG2,23.905,-3.233,1.964,2022-05-20,0.0,0.0,29.038,16.309,1
C4984,CG2,23.904,-3.236,3.57,2021-06-06,19.358,17.4,29.934,16.309,1
C4985,CG2,23.903,-3.229,16.156,2021-05-25,20.849,18.581,25.731,16.309,1
C4986,CG2,23.906,-3.297,1.16,2021-06-06,19.835,17.4,34.9,16.309,1
C4987,CG2,23.906,-3.239,1.25,2021-06-06,17.448,17.4,26.855,16.309,1
C4988,CG2,23.907,-3.231,8.123,2021-03-14,24.703,24.645,25.495,16.309,1
C4989,CG2,23.907,-3.235,1.517,2021-05-25,17.703,18.581,26.798,16.309,1
C4990,CG2,23.909,-3.243,1.964,2022-07-07,0.0,0.0,28.877,16.309,1
C4991,CG2,23.908,-3.245,2.767,2021-02-06,25.452,27.571,25.699,16.309,1
C4992,CG2,23.91,-3.21,1.071,2021-03-02,26.351,25.806,44.538,16.309,1
C4993,CG2,23.91,-3.222,3.392,2021-10-04,4.736,7.613,23.309,16.309,1
C4994,CG2,23.912,-3.211,1.428,2022-02-13,0.0,0.0,19.608,16.309,1
C4995,CG2,23.912,-3.224,2.321,2021-03-02,27.737,25.806,26.694,16.309,1
C4996,CG2,23.912,-3.219,1.339,2022-05-20,0.0,0.0,18.232,16.309,1
C4997,CG2,23.913,-3.409,1.16,2021-04-07,25.435,22.533,38.169,16.309,1
C4998,CG2,23.915,-3.343,1.696,2021-05-25,21.963,18.581,29.817,16.309,1
C4999,CG2,23.916,-3.383,1.963,2021-05-13,20.287,19.742,39.25,16.309,1
C5000,CG2,23.915,-3.338,1.785,2021-05-13,21.614,19.742,36.688,16.309,1
C5001,CG2,23.916,-3.371,1.339,2021-05-13,21.542,19.742,36.594,16.309,1
C5002,CG2,23.917,-3.361,1.517,2021-05-13,22.417,19.742,37.314,16.309,1
C5003,CG2,23.918,-3.206,2.321,2022-06-01,0.0,0.0,21.485,16.309,1
C5004,CG2,23.918,-3.21,1.517,2021-06-30,15.01,15.0,23.301,16.309,1
C5005,CG2,23.918,-3.407,1.696,2021-03-26,22.41,23.484,34.336,16.309,1
C5006,CG2,23.918,-3.235,2.41,2021-03-14,23.95,24.645,28.457,16.309,1
C5007,CG2,23.919,-3.192,4.106,2021-05-25,22.597,18.581,28.014,16.309,1
C5008,CG2,23.919,-3.212,1.696,2021-06-30,14.762,15.0,20.814,16.309,1
C5009,CG2,23.92,-3.411,1.696,2021-03-14,24.023,24.645,42.544,16.309,1
C5010,CG2,23.921,-3.199,3.124,2021-10-28,4.359,5.29,25.354,16.309,1
C5011,CG2,23.921,-3.232,1.25,2021-04-07,22.937,22.533,31.567,16.309,1
C5012,CG2,23.922,-3.406,3.213,2021-04-07,22.885,22.533,37.024,16.309,1
C5013,CG2,23.923,-3.221,1.16,2021-10-28,4.097,5.29,22.756,16.309,1
C5014,CG2,23.922,-3.385,1.339,2021-05-01,23.793,20.903,31.382,16.309,1
C5015,CG2,23.923,-3.403,3.302,2021-04-19,22.31,21.733,27.879,16.309,1
C5016,CG2,23.923,-3.413,3.391,2021-03-26,22.798,23.484,38.956,16.309,1
C5017,CG2,23.924,-3.203,1.16,2021-06-18,17.974,16.2,32.642,16.309,1
C5018,CG2,23.925,-3.232,5.98,2021-04-07,23.247,22.533,34.501,16.309,1
C5019,CG2,23.926,-3.383,1.249,2021-06-06,21.375,17.4,27.796,16.309,1
C5020,CG2,23.926,-3.415,3.034,2021-04-07,22.936,22.533,38.295,16.309,1
C5021,CG2,23.927,-3.221,1.964,2022-06-01,0.0,0.0,27.355,16.309,1
C5022,CG2,23.927,-3.408,1.785,2021-04-07,20.611,22.533,34.25,16.309,1
C5023,CG2,23.928,-3.234,3.213,2021-04-19,21.772,21.733,25.772,16.309,1
C5024,CG2,23.929,-3.219,4.552,2021-10-28,4.095,5.29,27.269,16.309,1
C5025,CG2,23.931,-3.405,1.071,2021-06-06,17.173,17.4,29.61,16.309,1
C5026,CG2,23.933,-3.407,1.071,2021-06-18,14.876,16.2,33.392,16.309,1
C5027,CG2,23.934,-3.387,1.428,2021-05-25,22.838,18.581,35.625,16.309,1
C5028,CG2,23.943,-3.272,2.41,2021-06-06,17.986,17.4,38.435,16.309,1
C5029,CG2,23.944,-3.224,1.607,2021-05-13,20.047,19.742,32.345,16.309,1
C5030,CG2,23.946,-3.229,1.339,2021-06-30,14.824,15.0,31.424,16.309,1
C5031,CG2,23.95,-3.231,1.874,2021-05-13,20.396,19.742,31.441,16.309,1
C5032,CG2,23.951,-3.322,1.16,2021-05-25,19.39,18.581,36.366,16.309,1
C5033,CG2,23.959,-3.323,1.25,2021-05-13,20.384,19.742,29.698,16.309,1
C5034,CG2,23.967,-3.193,5.088,2021-03-14,24.134,24.645,20.805,16.309,1
C5035,CG2,23.967,-3.198,1.964,2021-04-19,22.013,21.733,28.856,16.309,1
C5036,CG2,23.97,-3.222,3.124,2021-05-25,18.957,18.581,21.621,16.309,1
C5037,CG2,23.97,-3.224,1.696,2021-10-28,3.334,5.29,24.842,16.309,1
C5038,CG2,23.972,-3.226,1.696,2021-05-25,20.345,18.581,30.439,16.309,1
C5040,CG2,23.974,-3.194,1.785,2021-05-13,19.839,19.742,35.869,16.309,1
C5041,CG2,23.975,-3.223,15.263,2021-11-21,3.072,3.6,25.779,16.309,1
C5042,CG2,23.977,-3.221,1.339,2021-05-25,19.36,18.581,24.356,16.309,1
C5043,CG2,23.977,-3.216,3.838,2022-09-17,0.0,0.0,23.116,16.309,1
C5044,CG2,23.978,-3.221,1.16,2021-12-15,1.032,1.548,26.593,16.309,1
C5045,CG2,23.978,-3.217,1.339,2022-02-25,0.0,0.0,20.64,16.309,1
C5046,CG2,23.979,-3.213,2.767,2021-06-18,17.736,16.2,23.694,16.309,1
C5047,CG2,23.979,-3.21,5.356,2021-04-07,23.677,22.533,30.845,16.309,1
C5048,CG2,23.979,-3.229,16.781,2021-11-09,3.784,4.4,28.345,16.309,1
C5049,CG2,23.979,-3.233,6.427,2021-04-07,23.488,22.533,26.615,16.309,1
C5050,CG2,23.981,-3.205,1.25,2022-05-08,0.0,0.0,18.235,16.309,1
C5051,CG2,23.981,-3.194,1.607,2022-02-25,0.0,0.0,20.603,16.309,1
C5052,CG2,23.982,-3.201,1.071,2022-09-17,0.0,0.0,21.684,16.309,1
C5053,CG2,23.983,-3.21,3.838,2021-05-13,20.586,19.742,18.52,16.309,1
C5054,CG2,23.985,-3.201,2.232,2021-03-14,25.654,24.645,29.134,16.309,1
C5055,CG2,23.985,-3.205,4.552,2021-03-26,23.602,23.484,26.728,16.309,1
C5056,CG2,23.986,-3.222,3.57,2021-05-25,19.118,18.581,19.0,16.309,1
C5057,CG2,23.986,-3.228,3.838,2021-12-03,2.048,2.71,24.376,16.309,1
C5058,CG2,23.987,-3.205,1.964,2021-05-13,20.702,19.742,29.309,16.309,1
C5061,CG2,23.989,-3.237,1.071,2021-04-07,22.979,22.533,22.099,16.309,1
C5062,CG2,23.99,-3.415,1.696,2021-05-25,21.842,18.581,32.32,16.309,1
C5063,CG2,23.992,-3.224,47.665,2021-01-01,26.327,30.903,25.207,16.309,1
C5064,CG2,23.992,-3.237,2.767,2021-05-13,19.717,19.742,26.729,16.309,1
C5066,CG2,23.996,-3.277,1.339,2021-05-13,21.705,19.742,27.536,16.309,1
C5067,CG2,23.996,-3.319,1.25,2021-06-06,20.457,17.4,38.764,16.309,1
C5068,CG2,23.997,-3.338,1.249,2021-05-25,23.453,18.581,38.815,16.309,1
C5069,CG2,23.998,-3.373,1.071,2021-06-30,19.034,15.0,27.933,16.309,1
C5070,CG2,23.999,-3.231,1.25,2021-06-18,15.549,16.2,21.649,16.309,1
C5071,CG2,23.998,-3.377,5.176,2021-04-07,24.978,22.533,26.481,16.309,1
C5072,CG2,24.0,-3.379,3.124,2021-07-24,13.907,13.452,28.384,16.309,1
C5073,CG2,24.001,-3.382,2.142,2021-08-05,12.967,12.516,29.944,16.309,1
C5074,CG2,24.001,-3.288,1.25,2021-08-17,11.69,11.355,25.42,16.309,1
C5075,CG2,24.002,-3.223,1.964,2021-04-07,22.309,22.533,31.518,16.309,1
C5076,CG2,24.004,-3.22,4.284,2021-06-06,17.413,17.4,21.319,16.309,1
C5077,CG2,24.003,-3.398,1.071,2021-06-06,20.952,17.4,27.387,16.309,1
C5078,CG2,24.004,-3.224,1.071,2021-02-18,25.104,26.714,16.784,16.309,1
C5079,CG2,24.006,-3.214,1.607,2021-05-25,19.047,18.581,27.886,16.309,1
C5080,CG2,24.008,-3.414,2.767,2021-03-14,26.605,24.645,32.297,16.309,1
C5081,CG2,24.008,-3.21,2.321,2021-05-01,21.945,20.903,29.972,16.309,1
C5082,CG2,24.009,-3.289,3.481,2021-03-02,25.647,25.806,27.263,16.309,1
C5084,CG2,24.011,-3.412,1.606,2021-10-28,5.001,5.29,20.318,16.309,1
C5085,CG2,24.012,-3.331,1.16,2021-04-07,26.97,22.533,37.003,16.309,1
C5086,CG2,24.012,-3.295,1.428,2021-05-13,23.249,19.742,33.851,16.309,1
C5087,CG2,24.012,-3.347,1.249,2021-05-25,22.402,18.581,26.045,16.309,1
C5088,CG2,24.012,-3.294,4.195,2021-03-14,25.935,24.645,23.902,16.309,1
C5089,CG2,24.013,-3.351,1.339,2021-04-19,24.063,21.733,33.45,16.309,1
C5090,CG2,24.013,-3.333,2.41,2021-06-06,21.437,17.4,26.818,16.309,1
C5091,CG2,24.014,-3.345,4.641,2021-05-13,25.238,19.742,27.9,16.309,1
C5092,CG2,24.014,-3.337,1.785,2021-06-18,20.802,16.2,31.216,16.309,1
C5093,CG2,24.014,-3.193,1.339,2021-06-18,20.1,16.2,25.423,16.309,1
C5095,CG2,24.016,-3.345,3.391,2021-05-13,24.899,19.742,24.999,16.309,1
C5096,CG2,24.019,-3.358,1.339,2021-06-18,19.772,16.2,28.874,16.309,1
C5097,CG2,24.02,-3.232,2.589,2021-07-24,11.692,13.452,30.296,16.309,1
C5098,CG2,24.02,-3.343,1.071,2021-05-01,25.657,20.903,27.322,16.309,1
C5099,CG2,24.022,-3.301,3.124,2021-07-24,12.976,13.452,26.351,16.309,1
C5100,CG2,24.023,-3.229,1.339,2021-04-07,22.928,22.533,28.798,16.309,1
C5101,CG2,24.023,-3.305,1.517,2021-04-07,24.243,22.533,23.575,16.309,1
C5102,CG2,24.025,-3.342,1.517,2021-06-18,20.806,16.2,30.283,16.309,1
C5103,CG2,24.027,-3.232,3.124,2021-03-14,22.202,24.645,39.348,16.309,1
C5104,CG2,24.029,-3.24,1.16,2021-05-25,20.463,18.581,30.382,16.309,1
C5106,CG2,24.033,-3.37,1.785,2021-01-01,29.124,30.903,30.126,16.309,1
C5107,CG2,24.032,-3.275,2.767,2021-02-18,27.366,26.714,27.276,16.309,1
C5108,CG2,24.032,-3.278,2.142,2021-01-01,31.867,30.903,30.092,16.309,1
C5110,CG2,24.034,-3.233,1.25,2021-07-24,11.073,13.452,26.04,16.309,1
C5111,CG2,24.035,-3.232,1.16,2021-03-02,24.393,25.806,27.961,16.309,1
C5112,CG2,24.035,-3.219,1.16,2021-06-06,18.832,17.4,26.403,16.309,1
C5113,CG2,24.036,-3.227,1.785,2022-03-21,0.0,0.0,21.399,16.309,1
C5114,CG2,24.038,-3.235,5.891,2022-01-20,0.0,0.0,23.305,16.309,1
C5115,CG2,24.038,-3.359,1.785,2021-04-19,22.509,21.733,29.195,16.309,1
C5116,CG2,24.038,-3.231,5.534,2021-08-05,9.757,12.516,25.049,16.309,1
C5117,CG2,24.038,-3.22,10.086,2021-03-14,22.918,24.645,27.386,16.309,1
C5118,CG2,24.039,-3.197,1.25,2022-09-05,0.0,0.0,16.167,16.309,0
C5119,CG2,24.041,-3.243,8.658,2021-05-25,18.312,18.581,28.374,16.309,1
C5120,CG2,24.041,-3.329,2.142,2021-07-24,13.5,13.452,24.813,16.309,1
C5121,CG2,24.041,-3.247,1.071,2021-08-29,7.454,10.194,20.409,16.309,1
C5122,CG2,24.042,-3.219,1.785,2021-08-17,9.375,11.355,22.041,16.309,1
C5123,CG2,24.042,-3.235,2.678,2021-04-19,22.241,21.733,28.529,16.309,1
C5125,CG2,24.043,-3.238,2.499,2021-08-29,7.481,10.194,24.118,16.309,1
C5126,CG2,24.043,-3.233,4.106,2021-07-24,13.166,13.452,25.673,16.309,1
C5127,CG2,24.044,-3.241,1.071,2021-06-06,17.656,17.4,30.069,16.309,1
C5128,CG2,24.046,-3.269,1.25,2021-06-06,20.941,17.4,23.317,16.309,1
C5129,CG2,24.047,-3.35,1.071,2021-05-25,19.947,18.581,31.375,16.309,1
C5130,CG2,24.048,-3.301,1.071,2021-05-25,23.26,18.581,25.741,16.309,1
C5131,CG2,24.052,-3.36,2.677,2021-04-19,22.616,21.733,31.883,16.309,1
C5132,CG2,24.051,-3.403,3.748,2021-05-01,23.317,20.903,28.193,16.309,1
C5133,CG2,24.054,-3.363,1.517,2021-04-19,21.975,21.733,28.178,16.309,1
C5134,CG2,24.054,-3.277,1.785,2021-07-12,14.957,14.226,30.397,16.309,1
C5135,CG2,24.054,-3.316,2.053,2021-08-17,12.806,11.355,21.328,16.309,1
C5136,CG2,24.056,-3.323,2.678,2021-05-13,24.076,19.742,32.269,16.309,1
C5137,CG2,24.056,-3.262,2.231,2021-04-19,25.19,21.733,32.003,16.309,1
C5138,CG2,24.059,-3.224,4.731,2021-05-01,21.977,20.903,32.872,16.309,1
C5139,CG2,24.059,-3.292,1.339,2021-05-13,22.591,19.742,42.28,16.309,1
C5140,CG2,24.06,-3.36,8.3,2021-03-14,26.049,24.645,36.608,16.309,1
C5141,CG2,24.059,-3.205,4.374,2021-05-25,21.165,18.581,23.069,16.309,1
C5142,CG2,24.06,-3.222,1.16,2021-12-03,2.71,2.71,22.299,16.309,1
C5143,CG2,24.06,-3.332,1.071,2021-06-18,18.769,16.2,28.068,16.309,1
C5144,CG2,24.061,-3.218,2.767,2021-08-05,11.848,12.516,23.623,16.309,1
C5145,CG2,24.063,-3.211,5.98,2022-05-08,0.0,0.0,30.747,16.309,1
C5146,CG2,24.063,-3.206,5.802,2021-04-07,20.091,22.533,32.954,16.309,1
C5148,CG2,24.064,-3.209,3.57,2021-04-19,24.825,21.733,37.404,16.309,1
C5149,CG2,24.066,-3.212,1.16,2022-06-13,0.0,0.0,28.151,16.309,1
C5150,CG2,24.068,-3.203,2.232,2021-04-07,25.253,22.533,42.034,16.309,1
C5151,CG2,24.068,-3.357,1.071,2021-04-19,25.898,21.733,23.72,16.309,1
C5152,CG2,24.069,-3.204,1.25,2021-03-26,26.277,23.484,41.255,16.309,1
C5153,CG2,24.07,-3.227,3.035,2021-05-01,23.614,20.903,39.352,16.309,1
C5154,CG2,24.07,-3.338,1.428,2021-05-13,24.814,19.742,29.491,16.309,1
C5155,CG2,24.071,-3.265,1.339,2021-07-24,13.798,13.452,21.701,16.309,1
C5156,CG2,24.071,-3.356,1.071,2021-10-04,5.972,7.613,21.679,16.309,1
C5157,CG2,24.071,-3.204,1.339,2021-03-26,27.141,23.484,38.933,16.309,1
C5158,CG2,24.074,-3.297,2.945,2021-05-13,23.59,19.742,32.395,16.309,1
C5159,CG2,24.073,-3.256,3.392,2021-05-01,23.828,20.903,40.644,16.309,1
C5160,CG2,24.074,-3.405,1.517,2021-05-13,20.704,19.742,30.3,16.309,1
C5161,CG2,24.075,-3.305,1.25,2021-05-25,22.387,18.581,36.313,16.309,1
C5162,CG2,24.075,-3.26,1.428,2021-05-25,20.331,18.581,29.132,16.309,1
C5163,CG2,24.074,-3.344,1.874,2021-05-25,21.703,18.581,23.58,16.309,1
C5164,CG2,24.075,-3.357,1.696,2021-05-25,22.155,18.581,23.11,16.309,1
C5165,CG2,24.077,-3.264,1.16,2021-02-06,29.5,27.571,26.688,16.309,1
C5166,CG2,24.076,-3.341,1.249,2021-05-25,21.788,18.581,22.662,16.309,1
C5167,CG2,24.077,-3.212,1.785,2021-03-26,27.068,23.484,39.69,16.309,1
C5168,CG2,24.079,-3.356,11.335,2021-01-25,31.457,28.581,35.339,16.309,1
C5169,CG2,24.079,-3.213,3.303,2021-05-13,24.77,19.742,34.742,16.309,1
C5170,CG2,24.079,-3.217,2.946,2021-05-25,23.779,18.581,29.364,16.309,1
C5171,CG2,24.081,-3.227,1.25,2021-05-13,21.727,19.742,37.666,16.309,1
C5172,CG2,24.081,-3.297,1.25,2021-06-06,22.185,17.4,31.692,16.309,1
C5173,CG2,24.081,-3.332,6.248,2021-02-18,29.929,26.714,43.495,16.309,1
C5174,CG2,24.08,-3.407,1.249,2021-05-13,23.307,19.742,29.34,16.309,1
C5175,CG2,24.083,-3.217,1.339,2021-06-06,20.659,17.4,27.955,16.309,1
C5176,CG2,24.086,-3.325,2.053,2021-06-18,20.163,16.2,34.036,16.309,1
C5178,CG2,24.09,-3.295,2.053,2021-05-13,22.858,19.742,33.946,16.309,1
C5179,CG2,24.091,-3.219,1.071,2022-05-08,0.0,0.0,22.555,16.309,1
C5180,CG2,24.092,-3.238,2.588,2021-06-18,18.732,16.2,28.867,16.309,1
C5181,CG2,24.095,-3.322,1.25,2021-05-25,18.796,18.581,31.538,16.309,1
C5182,CG2,24.098,-3.319,2.231,2021-07-12,15.567,14.226,22.525,16.309,1
C5183,CG2,24.099,-3.202,4.909,2021-07-12,12.338,14.226,29.825,16.309,1
C5184,CG2,24.1,-3.303,1.339,2021-04-07,23.664,22.533,33.708,16.309,1
C5185,CG2,24.1,-3.305,1.339,2021-03-14,25.426,24.645,41.102,16.309,1
C5186,CG2,24.103,-3.202,12.407,2021-06-30,13.381,15.0,26.98,16.309,1
C5187,CG2,24.102,-3.296,2.945,2021-04-19,21.793,21.733,35.758,16.309,1
C5188,CG2,24.103,-3.298,1.16,2021-05-25,20.662,18.581,29.361,16.309,1
C5189,CG2,24.104,-3.214,2.321,2021-10-16,4.707,6.452,23.957,16.309,1
C5190,CG2,24.108,-3.208,3.213,2021-12-15,1.324,1.548,27.797,16.309,1
C5191,CG2,24.108,-3.202,1.339,2022-05-20,0.0,0.0,22.266,16.309,1
C5192,CG2,24.11,-3.329,1.428,2021-10-04,6.799,7.613,22.945,16.309,1
C5193,CG2,24.114,-3.361,1.517,2021-05-01,24.566,20.903,23.823,16.309,1
C5194,CG2,24.124,-3.204,3.035,2021-05-25,20.318,18.581,28.68,16.309,1
C5195,CG2,24.124,-3.198,11.068,2021-03-14,24.114,24.645,34.607,16.309,1
C5196,CG2,24.126,-3.202,5.713,2021-03-26,22.919,23.484,41.645,16.309,1
C5197,CG2,24.126,-3.193,4.999,2021-08-05,11.099,12.516,29.152,16.309,1
C5198,CG2,24.127,-3.195,1.428,2021-07-12,12.451,14.226,31.597,16.309,1
C5199,CG2,24.127,-3.205,1.16,2021-04-07,22.947,22.533,43.857,16.309,1
C5200,CG2,24.129,-3.197,5.177,2021-09-10,6.597,9.333,30.928,16.309,1
C5201,CG2,24.132,-3.219,1.25,2021-06-06,18.592,17.4,31.337,16.309,1
C5202,CG2,24.132,-3.195,3.838,2021-06-30,13.961,15.0,33.355,16.309,1
C5203,CG2,24.132,-3.2,1.16,2021-05-13,21.904,19.742,35.835,16.309,1
C5204,CG2,24.135,-3.207,1.071,2021-05-25,20.255,18.581,32.523,16.309,1
C5205,CG2,24.144,-3.335,1.964,2021-06-18,16.93,16.2,31.747,16.309,1
C5206,CG2,24.148,-3.227,5.088,2021-03-26,23.73,23.484,34.76,16.309,1
C5207,CG2,24.152,-3.226,6.159,2021-12-03,1.566,2.71,25.634,16.309,1
C5208,CG2,24.154,-3.221,1.696,2021-12-15,1.302,1.548,27.381,16.309,1
C5209,CG2,24.155,-3.33,1.16,2021-03-14,21.752,24.645,35.84,16.309,1
C5210,CG2,24.157,-3.4,1.249,2021-06-30,17.146,15.0,33.232,16.309,1
C5212,CG2,24.16,-3.385,1.071,2021-06-18,17.569,16.2,32.137,16.309,1
C5213,CG2,24.161,-3.366,1.16,2021-05-13,22.402,19.742,28.162,16.309,1
C5214,CG2,24.165,-3.394,1.16,2021-05-25,20.131,18.581,35.121,16.309,1
C5215,CG2,24.168,-3.223,2.142,2021-08-29,8.818,10.194,23.076,16.309,1
C5216,CG2,24.168,-3.291,1.25,2021-05-25,21.387,18.581,32.204,16.309,1
C5217,CG2,24.17,-3.308,1.071,2021-05-25,20.127,18.581,27.138,16.309,1
C5218,CG2,24.171,-3.398,4.462,2021-07-12,13.873,14.226,26.95,16.309,1
C5219,CG2,24.173,-3.304,4.106,2021-05-01,23.064,20.903,33.877,16.309,1
C5220,CG2,24.179,-3.243,1.16,2021-04-19,18.647,21.733,32.931,16.309,1
C5221,CG2,24.18,-3.386,1.249,2021-04-19,23.461,21.733,32.564,16.309,1
C5222,CG2,24.181,-3.234,2.321,2021-12-15,1.548,1.548,23.253,16.309,1
C5223,CG2,24.181,-3.237,1.071,2021-06-30,13.252,15.0,22.414,16.309,1
C5224,CG2,24.181,-3.297,1.785,2021-05-13,21.443,19.742,35.508,16.309,1
C5225,CG2,24.182,-3.244,1.428,2021-04-07,18.766,22.533,32.742,16.309,1
C5226,CG2,24.183,-3.239,3.392,2021-04-19,20.395,21.733,37.81,16.309,1
C5227,CG2,24.183,-3.378,1.339,2021-05-01,24.403,20.903,34.457,16.309,1
C5228,CG2,24.184,-3.235,1.071,2021-08-05,12.64,12.516,25.768,16.309,1
C5229,CG2,24.185,-3.245,1.071,2021-04-19,17.346,21.733,26.642,16.309,1
C5230,CG2,24.186,-3.238,1.696,2021-09-10,8.362,9.333,24.797,16.309,1
C5231,CG2,24.186,-3.36,1.071,2021-06-18,19.301,16.2,30.393,16.309,1
C5232,CG2,24.186,-3.251,1.785,2021-04-19,18.914,21.733,26.659,16.309,1
C5233,CG2,24.187,-3.38,1.249,2021-05-25,22.363,18.581,34.122,16.309,1
C5234,CG2,24.188,-3.289,3.749,2021-04-07,22.016,22.533,37.159,16.309,1
C5235,CG2,24.188,-3.24,1.16,2021-08-17,10.9,11.355,30.562,16.309,1
C5236,CG2,24.188,-3.251,1.339,2021-05-01,20.618,20.903,41.885,16.309,1
C5237,CG2,24.189,-3.236,1.428,2021-06-30,14.775,15.0,28.974,16.309,1
C5238,CG2,24.189,-3.281,1.071,2021-04-19,20.591,21.733,29.938,16.309,1
C5239,CG2,24.191,-3.244,1.071,2021-07-12,13.679,14.226,24.53,16.309,1
C5240,CG2,24.193,-3.394,1.696,2021-05-13,22.201,19.742,32.437,16.309,1
C5241,CG2,24.194,-3.394,2.142,2021-07-24,13.947,13.452,30.065,16.309,1
C5242,CG2,24.197,-3.231,1.428,2021-11-21,3.836,3.6,27.59,16.309,1
